epoch,time,train/box_loss,train/cls_loss,train/dfl_loss,metrics/precision(B),metrics/recall(B),metrics/mAP50(B),metrics/mAP50-95(B),val/box_loss,val/cls_loss,val/dfl_loss,lr/pg0,lr/pg1,lr/pg2
1,19.6552,8.79927,9.4347,4.22055,1e-05,0.00213,1e-05,0,10.1573,11.7564,4.16867,0.00327778,0.00327778,0.00327778
2,36.1335,8.73051,7.46448,4.17902,1e-05,0.00213,1e-05,0,10.0937,8.66195,4.16233,0.00660566,0.00660566,0.00660566
3,52.9868,7.47711,5.65364,3.82048,0.00019,0.02553,0.0001,2e-05,6.21982,5.83342,3.01511,0.00992804,0.00992804,0.00992804
4,70.5254,5.14563,4.68175,3.08313,0.00019,0.02553,0.0001,2e-05,8.07011,5.36177,4.86558,0.00997525,0.00997525,0.00997525
5,81.807,4.30717,4.51597,2.71194,0.00019,0.02553,0.0001,2e-05,9.73775,5.66095,3.97698,0.009967,0.009967,0.009967
6,92.7205,4.26878,4.49257,2.56397,0.00058,0.08723,0.00034,6e-05,4.4885,4.83171,2.29701,0.00995875,0.00995875,0.00995875
7,103.262,4.13423,4.46449,2.55444,0.00045,0.06596,0.00028,6e-05,4.41608,4.7531,2.14323,0.0099505,0.0099505,0.0099505
8,118.314,4.13086,4.49465,2.515,0.00111,0.04681,0.00065,0.00014,4.26132,4.71199,2.21919,0.00994225,0.00994225,0.00994225
9,133.986,4.09936,4.45354,2.5065,0.00058,0.0234,0.0003,5e-05,4.58838,4.72273,2.28154,0.009934,0.009934,0.009934
10,143.825,4.00065,4.48064,2.56067,0.00058,0.0234,0.0003,5e-05,5.33589,5.98519,3.17252,0.00992575,0.00992575,0.00992575
11,153.949,3.94433,4.46211,2.57581,0.00152,0.05106,0.00085,0.00022,4.11669,4.63246,2.42294,0.0099175,0.0099175,0.0099175
12,164.299,3.88472,4.41169,2.55485,0.00139,0.01702,0.00074,0.00012,4.01553,4.61404,2.32515,0.00990925,0.00990925,0.00990925
13,178.069,3.85814,4.37986,2.5773,0.00139,0.01702,0.00074,0.00012,5.74342,6.14505,2.76001,0.009901,0.009901,0.009901
14,194.016,3.82284,4.36074,2.5236,0.00147,0.20851,0.00125,0.00032,3.74494,4.48856,2.30778,0.00989275,0.00989275,0.00989275
15,205.194,3.82619,4.38025,2.55743,0.00136,0.18511,0.00108,0.00023,3.90565,4.55318,2.48211,0.0098845,0.0098845,0.0098845
16,215.484,3.78369,4.42342,2.55299,0.00134,0.19362,0.00101,0.00024,3.83766,4.52382,2.31012,0.00987625,0.00987625,0.00987625
17,225.708,3.80787,4.39308,2.55875,0.00154,0.18723,0.00113,0.00024,3.96527,4.57655,2.37064,0.009868,0.009868,0.009868
18,239.166,3.80233,4.37125,2.53827,0.00192,0.19149,0.00137,0.00034,3.8309,4.42525,2.31287,0.00985975,0.00985975,0.00985975
19,254.018,3.82744,4.37159,2.53341,0.00173,0.17021,0.00129,0.00034,3.87062,4.45227,2.38757,0.0098515,0.0098515,0.0098515
20,264.068,3.79781,4.34191,2.54337,0.00158,0.11277,0.00136,0.00026,3.99938,4.58781,2.46936,0.00984325,0.00984325,0.00984325
21,274.095,3.78687,4.38725,2.54139,0.00246,0.18723,0.00224,0.00053,3.87148,4.46569,2.46193,0.009835,0.009835,0.009835
22,284.732,3.7777,4.40023,2.55348,0.00224,0.16596,0.00197,0.00041,3.91024,4.3997,2.45548,0.00982675,0.00982675,0.00982675
23,300.528,3.75504,4.32457,2.55634,0.00117,0.14468,0.00124,0.00031,3.90829,4.4856,2.43171,0.0098185,0.0098185,0.0098185
24,315.901,3.76795,4.33529,2.54772,0.00171,0.25106,0.00157,0.00043,3.68413,4.49333,2.4122,0.00981025,0.00981025,0.00981025
25,326.274,3.7001,4.33016,2.54238,0.00181,0.26383,0.00293,0.00063,3.74678,4.45681,2.42532,0.009802,0.009802,0.009802
26,336.945,3.72617,4.30851,2.56009,0.0015,0.22553,0.00225,0.00049,3.75005,4.54027,2.40643,0.00979375,0.00979375,0.00979375
27,347.162,3.68209,4.30628,2.54552,0.00169,0.25106,0.00148,0.00031,3.61,4.37329,2.418,0.0097855,0.0097855,0.0097855
28,362.309,3.68853,4.32179,2.54449,0.00226,0.17872,0.00262,0.00065,3.70939,4.20757,2.43444,0.00977725,0.00977725,0.00977725
29,378.427,3.75549,4.32139,2.51954,0.00208,0.30213,0.00178,0.00043,3.62202,4.20743,2.45734,0.009769,0.009769,0.009769
30,388.563,3.75593,4.28814,2.51087,0.00095,0.05532,0.00112,0.00017,4.73309,4.85885,3.08619,0.00976075,0.00976075,0.00976075
31,398.862,3.72318,4.30527,2.47775,0.00144,0.21915,0.00116,0.00027,3.80429,4.44846,2.40174,0.0097525,0.0097525,0.0097525
32,409.125,3.74042,4.27071,2.50678,0.0016,0.2383,0.00162,0.00041,3.86627,4.32055,2.37655,0.00974425,0.00974425,0.00974425
33,424.46,3.66993,4.28808,2.47742,0.0018,0.27447,0.00183,0.00044,3.77928,4.41024,2.37322,0.009736,0.009736,0.009736
34,440.522,3.62057,4.30468,2.46166,0.00178,0.25106,0.00202,0.00051,3.78467,4.31549,2.40651,0.00972775,0.00972775,0.00972775
35,450.77,3.58629,4.30014,2.44662,0.00179,0.26596,0.00205,0.00045,3.77371,4.33612,2.3951,0.0097195,0.0097195,0.0097195
36,460.978,3.62345,4.27564,2.46732,0.00145,0.21489,0.00141,0.00031,3.76944,4.43759,2.41399,0.00971125,0.00971125,0.00971125
37,471.138,3.6379,4.29463,2.43597,0.00169,0.24894,0.002,0.00047,3.83077,4.30374,2.40006,0.009703,0.009703,0.009703
38,487.192,3.62721,4.2604,2.40468,0.00183,0.26596,0.00196,0.00049,3.72353,4.22339,2.44715,0.00969475,0.00969475,0.00969475
39,501.783,3.62554,4.24629,2.4181,0.00239,0.20638,0.00221,0.00061,3.82788,4.42875,2.56923,0.0096865,0.0096865,0.0096865
40,512.038,3.65833,4.28476,2.44845,0.00106,0.1617,0.00065,0.00017,4.02066,4.78579,2.57273,0.00967825,0.00967825,0.00967825
41,522.218,3.66364,4.26805,2.44748,0.00156,0.23617,0.00158,0.00039,3.83742,4.35162,2.43693,0.00967,0.00967,0.00967
42,532.415,3.69018,4.27518,2.45163,0.0021,0.31915,0.00226,0.0006,3.77353,4.42253,2.43146,0.00966175,0.00966175,0.00966175
43,543.548,3.61668,4.23216,2.38618,0.00219,0.33191,0.00275,0.00063,3.71486,4.22742,2.35672,0.0096535,0.0096535,0.0096535
44,560.071,3.62399,4.21225,2.40512,0.00185,0.26596,0.00202,0.0005,3.80024,4.21311,2.34909,0.00964525,0.00964525,0.00964525
45,574.807,3.58611,4.22174,2.38704,0.00192,0.27447,0.00227,0.00057,3.74381,4.2759,2.37075,0.009637,0.009637,0.009637
46,585.128,3.59512,4.2223,2.41151,0.00205,0.30851,0.00214,0.00055,3.75474,4.30768,2.39612,0.00962875,0.00962875,0.00962875
47,595.341,3.56092,4.21163,2.38935,0.00174,0.2617,0.0021,0.00057,3.71584,4.28305,2.35547,0.0096205,0.0096205,0.0096205
48,605.918,3.62002,4.21894,2.3884,0.00213,0.29787,0.00313,0.00071,3.7792,4.16048,2.37806,0.00961225,0.00961225,0.00961225
49,623.162,3.60571,4.17871,2.40372,0.00194,0.28936,0.00266,0.00066,3.79335,4.19878,2.38024,0.009604,0.009604,0.009604
50,637.913,3.58237,4.21619,2.38564,0.00194,0.26383,0.00225,0.00058,3.72321,4.20323,2.38055,0.00959575,0.00959575,0.00959575
51,648.107,3.55441,4.18189,2.36872,0.00226,0.30851,0.00312,0.00071,3.6712,4.11387,2.32356,0.0095875,0.0095875,0.0095875
52,658.669,3.59373,4.20361,2.35202,0.00224,0.31064,0.00239,0.00059,3.68881,4.20116,2.32257,0.00957925,0.00957925,0.00957925
53,669.193,3.55232,4.23242,2.36938,0.00212,0.31915,0.0024,0.00065,3.68884,4.28736,2.32012,0.009571,0.009571,0.009571
54,685.402,3.58576,4.20579,2.36912,0.00189,0.28511,0.00205,0.0005,3.70977,4.2708,2.37576,0.00956275,0.00956275,0.00956275
55,700.537,3.53864,4.2182,2.36614,0.0024,0.31915,0.00346,0.00084,3.73857,4.1771,2.36016,0.0095545,0.0095545,0.0095545
56,711.067,3.57404,4.15249,2.33503,0.00191,0.27234,0.00225,0.00061,3.73161,4.19777,2.36052,0.00954625,0.00954625,0.00954625
57,721.242,3.50506,4.1835,2.34212,0.00203,0.28511,0.00276,0.00067,3.74059,4.28432,2.35063,0.009538,0.009538,0.009538
58,731.464,3.51571,4.22519,2.3501,0.00212,0.31277,0.00289,0.00069,3.71761,4.28352,2.3476,0.00952975,0.00952975,0.00952975
59,747.488,3.48849,4.19472,2.33498,0.00214,0.30426,0.00276,0.00077,3.6224,4.28025,2.34785,0.0095215,0.0095215,0.0095215
60,763.471,3.53964,4.19956,2.34404,0.00205,0.30851,0.00284,0.00075,3.65702,4.2591,2.30079,0.00951325,0.00951325,0.00951325
61,773.719,3.5489,4.19488,2.35158,0.002,0.30213,0.00233,0.00058,3.70178,4.3259,2.32725,0.009505,0.009505,0.009505
62,783.866,3.50417,4.20121,2.32807,0.00226,0.32553,0.00367,0.0008,3.68565,4.26408,2.33493,0.00949675,0.00949675,0.00949675
63,793.971,3.48369,4.19592,2.33483,0.00193,0.28936,0.00263,0.00069,3.64666,4.29069,2.30422,0.0094885,0.0094885,0.0094885
64,809.492,3.4629,4.19726,2.32928,0.00217,0.31064,0.00256,0.00071,3.71384,4.22089,2.31874,0.00948025,0.00948025,0.00948025
65,825.86,3.48041,4.21209,2.32394,0.00222,0.32553,0.00318,0.00087,3.61728,4.22818,2.30751,0.009472,0.009472,0.009472
66,836.685,3.45685,4.17822,2.28717,0.00231,0.31915,0.00332,0.00085,3.58367,4.21749,2.27902,0.00946375,0.00946375,0.00946375
67,846.855,3.44249,4.16426,2.30295,0.00209,0.30426,0.00242,0.00066,3.67874,4.16892,2.25809,0.0094555,0.0094555,0.0094555
68,857.001,3.45978,4.16125,2.2969,0.00235,0.35745,0.00306,0.00077,3.63883,4.17016,2.27964,0.00944725,0.00944725,0.00944725
69,872.04,3.47787,4.1754,2.32473,0.00212,0.30426,0.00345,0.00087,3.54449,4.27369,2.26744,0.009439,0.009439,0.009439
70,889.434,3.43374,4.17398,2.29225,0.0023,0.34468,0.00339,0.0008,3.60943,4.2445,2.27953,0.00943075,0.00943075,0.00943075
71,899.962,3.4032,4.1737,2.25889,0.00201,0.29787,0.00254,0.00066,3.6284,4.2498,2.28528,0.0094225,0.0094225,0.0094225
72,910.162,3.35825,4.14425,2.26697,0.00232,0.34894,0.00375,0.0008,3.59608,4.24908,2.25805,0.00941425,0.00941425,0.00941425
73,920.372,3.34532,4.1312,2.26238,0.00197,0.29787,0.00265,0.0006,3.62985,4.2779,2.26353,0.009406,0.009406,0.009406
74,935.225,3.37426,4.11188,2.23955,0.00207,0.3,0.00293,0.00081,3.5627,4.32567,2.25494,0.00939775,0.00939775,0.00939775
75,951.699,3.43518,4.12534,2.27841,0.0022,0.32553,0.00346,0.00081,3.5784,4.18896,2.23209,0.0093895,0.0093895,0.0093895
76,962.647,3.38644,4.12053,2.27029,0.00224,0.32128,0.00372,0.00083,3.59853,4.21307,2.27099,0.00938125,0.00938125,0.00938125
77,973.132,3.37761,4.09272,2.25928,0.00243,0.3617,0.00327,0.00075,3.59469,4.17264,2.26816,0.009373,0.009373,0.009373
78,983.405,3.38421,4.10276,2.26208,0.00247,0.37447,0.00389,0.001,3.52301,4.17615,2.22321,0.00936475,0.00936475,0.00936475
79,998.444,3.40406,4.09562,2.25774,0.00237,0.35532,0.0035,0.00082,3.5622,4.13318,2.21248,0.0093565,0.0093565,0.0093565
80,1014.73,3.37491,4.07294,2.27727,0.00223,0.33617,0.00298,0.00075,3.60664,4.22005,2.2839,0.00934825,0.00934825,0.00934825
81,1026.02,3.39449,4.11094,2.25199,0.00215,0.3234,0.00263,0.00072,3.57263,4.2704,2.25141,0.00934,0.00934,0.00934
82,1036.17,3.38995,4.08891,2.22322,0.00255,0.37447,0.00307,0.00075,3.5254,4.10645,2.20468,0.00933175,0.00933175,0.00933175
83,1046.42,3.36164,4.07528,2.24222,0.00242,0.36809,0.00295,0.00076,3.58081,4.11453,2.22071,0.0093235,0.0093235,0.0093235
84,1059.72,3.37281,4.07004,2.23169,0.00196,0.29787,0.0026,0.00069,3.59273,4.3096,2.20876,0.00931525,0.00931525,0.00931525
85,1076.08,3.33818,4.05523,2.23006,0.00245,0.37234,0.0042,0.00103,3.58009,4.12513,2.23591,0.009307,0.009307,0.009307
86,1089.38,3.34352,4.05429,2.23092,0.00243,0.36596,0.00436,0.00099,3.51093,4.16372,2.21526,0.00929875,0.00929875,0.00929875
87,1099.48,3.32764,4.05563,2.25848,0.00244,0.36596,0.00391,0.0009,3.50272,4.09218,2.22105,0.0092905,0.0092905,0.0092905
88,1109.66,3.34807,4.08002,2.24746,0.00274,0.41064,0.00579,0.00137,3.45983,4.06217,2.20642,0.00928225,0.00928225,0.00928225
89,1123.33,3.36326,4.03327,2.2073,0.0025,0.37447,0.00393,0.00104,3.51545,4.14564,2.20742,0.009274,0.009274,0.009274
90,1140.15,3.36675,4.08276,2.24308,0.00258,0.39362,0.00459,0.00103,3.50538,4.08562,2.26517,0.00926575,0.00926575,0.00926575
91,1152.66,3.34756,4.08709,2.23685,0.00254,0.38723,0.00442,0.00102,3.48291,4.07433,2.22559,0.0092575,0.0092575,0.0092575
92,1162.85,3.34728,4.05468,2.21645,0.00256,0.38511,0.0039,0.00101,3.534,4.12423,2.23678,0.00924925,0.00924925,0.00924925
93,1173.02,3.35898,4.01611,2.22323,0.00236,0.34681,0.00877,0.00142,3.48045,4.13854,2.19903,0.009241,0.009241,0.009241
94,1186.22,3.35636,4.01123,2.22458,0.00241,0.35745,0.00425,0.00107,3.45442,4.14891,2.17379,0.00923275,0.00923275,0.00923275
95,1202.65,3.32703,4.02643,2.23799,0.00264,0.4,0.00454,0.00113,3.49286,4.12228,2.23324,0.0092245,0.0092245,0.0092245
96,1215.4,3.29947,4.01875,2.21916,0.00248,0.37872,0.00579,0.00129,3.53168,4.15208,2.22658,0.00921625,0.00921625,0.00921625
97,1225.61,3.32342,4.02455,2.18926,0.00269,0.41064,0.00564,0.00131,3.44686,4.07968,2.21002,0.009208,0.009208,0.009208
98,1235.9,3.30664,3.99155,2.20671,0.00263,0.39362,0.00581,0.00129,3.43626,4.10895,2.21026,0.00919975,0.00919975,0.00919975
99,1248.64,3.29542,4.01413,2.20644,0.00258,0.39362,0.00502,0.00121,3.40477,4.0757,2.18894,0.0091915,0.0091915,0.0091915
100,1265.32,3.30073,4.01134,2.21681,0.0489,0.01915,0.00674,0.00175,3.38486,4.10362,2.1916,0.00918325,0.00918325,0.00918325
101,1278.93,3.29825,3.97455,2.18206,0.10875,0.01277,0.0105,0.00224,3.41179,4.07639,2.17129,0.009175,0.009175,0.009175
102,1289.5,3.30522,3.97124,2.18924,0.00611,0.22766,0.00576,0.00133,3.44128,4.02598,2.16845,0.00916675,0.00916675,0.00916675
103,1299.7,3.29574,3.95172,2.184,0.0066,0.27872,0.00694,0.00167,3.43022,4.07411,2.20187,0.0091585,0.0091585,0.0091585
104,1312.45,3.28617,3.93421,2.17878,0.00274,0.41702,0.00537,0.00131,3.37189,4.00686,2.18413,0.00915025,0.00915025,0.00915025
105,1328.69,3.31723,3.97732,2.22361,0.05038,0.00426,0.00703,0.00211,3.38762,4.02853,2.18555,0.009142,0.009142,0.009142
106,1342.04,3.27013,3.95617,2.20953,0.0026,0.39574,0.00571,0.00143,3.42619,4.03459,2.19011,0.00913375,0.00913375,0.00913375
107,1352.17,3.2506,3.94005,2.18116,0.00546,0.31277,0.00908,0.00231,3.41791,3.99735,2.1985,0.0091255,0.0091255,0.0091255
108,1362.4,3.27379,3.94181,2.18407,0.00269,0.40851,0.00662,0.00147,3.46178,3.98655,2.19504,0.00911725,0.00911725,0.00911725
109,1374.89,3.26463,3.89998,2.18545,0.00302,0.41702,0.0082,0.00187,3.45473,3.99782,2.20265,0.009109,0.009109,0.009109
110,1391.55,3.26708,3.91385,2.18683,0.12172,0.00638,0.01215,0.00255,3.42964,4.00986,2.19625,0.00910075,0.00910075,0.00910075
111,1405.01,3.29698,3.90541,2.1966,0.0067,0.28723,0.00672,0.00162,3.42209,3.98414,2.21224,0.0090925,0.0090925,0.0090925
112,1414.74,3.20201,3.91024,2.15758,0.02079,0.07021,0.00785,0.00211,3.38292,3.97215,2.19227,0.00908425,0.00908425,0.00908425
113,1424.91,3.23819,3.88043,2.17912,0.014,0.18511,0.00762,0.00167,3.42683,3.93454,2.20878,0.009076,0.009076,0.009076
114,1436.73,3.30954,3.88216,2.19552,0.01884,0.10638,0.00959,0.00206,3.42075,3.95333,2.2001,0.00906775,0.00906775,0.00906775
115,1453.02,3.22918,3.88183,2.15328,0.04634,0.03191,0.01111,0.00297,3.3071,3.96349,2.17386,0.0090595,0.0090595,0.0090595
116,1467.81,3.26178,3.8764,2.18445,0.03628,0.04255,0.00894,0.00241,3.39539,3.95274,2.19762,0.00905125,0.00905125,0.00905125
117,1478.11,3.22038,3.84277,2.19196,0.07482,0.02128,0.01586,0.00351,3.36208,3.94715,2.20147,0.009043,0.009043,0.009043
118,1488.74,3.24717,3.86954,2.20468,0.00288,0.42979,0.0112,0.00251,3.34067,3.93359,2.21596,0.00903475,0.00903475,0.00903475
119,1500.97,3.23795,3.87941,2.17891,0.00292,0.41277,0.00956,0.00218,3.36611,3.91746,2.16366,0.0090265,0.0090265,0.0090265
120,1517.32,3.2649,3.86681,2.2082,0.00294,0.4234,0.01039,0.00231,3.34661,3.88954,2.18578,0.00901825,0.00901825,0.00901825
121,1530.85,3.22248,3.82252,2.16856,0.06666,0.0617,0.01486,0.00331,3.3308,3.88035,2.18644,0.00901,0.00901,0.00901
122,1541.1,3.21225,3.80835,2.16907,0.00308,0.46809,0.00895,0.00203,3.3113,3.93255,2.16829,0.00900175,0.00900175,0.00900175
123,1551.23,3.23508,3.80607,2.1865,0.03789,0.02766,0.00827,0.00197,3.35892,3.96825,2.19122,0.0089935,0.0089935,0.0089935
124,1562.05,3.21894,3.80924,2.14657,0.05885,0.03404,0.01183,0.00262,3.28788,3.88801,2.16065,0.00898525,0.00898525,0.00898525
125,1578.6,3.24512,3.84095,2.17538,0.08682,0.01915,0.01384,0.00371,3.33738,3.9592,2.19119,0.008977,0.008977,0.008977
126,1593.14,3.1915,3.79846,2.16968,0.07622,0.04468,0.01566,0.00351,3.31861,3.89701,2.17375,0.00896875,0.00896875,0.00896875
127,1603.34,3.18989,3.80156,2.15724,0.07366,0.04255,0.01546,0.0033,3.34625,3.90658,2.17744,0.0089605,0.0089605,0.0089605
128,1613.49,3.19167,3.78306,2.16263,0.1541,0.02766,0.02199,0.0054,3.31831,3.87797,2.17466,0.00895225,0.00895225,0.00895225
129,1624.85,3.16541,3.80792,2.14366,0.11231,0.03617,0.01829,0.00469,3.24341,3.89538,2.17229,0.008944,0.008944,0.008944
130,1641.41,3.18079,3.78425,2.16137,0.07677,0.05745,0.02084,0.00736,3.26601,3.85455,2.16774,0.00893575,0.00893575,0.00893575
131,1656.8,3.1307,3.73054,2.14414,0.09546,0.04255,0.01838,0.00544,3.28806,3.90039,2.17229,0.0089275,0.0089275,0.0089275
132,1667,3.19881,3.7516,2.15466,0.02209,0.20638,0.01889,0.00614,3.33381,3.86206,2.19688,0.00891925,0.00891925,0.00891925
133,1677.15,3.16847,3.77373,2.16323,0.07087,0.02553,0.01796,0.00419,3.28687,3.82928,2.16352,0.008911,0.008911,0.008911
134,1688.06,3.14838,3.73441,2.15029,0.1105,0.02553,0.02133,0.00637,3.28976,3.84021,2.15235,0.00890275,0.00890275,0.00890275
135,1704.68,3.19587,3.73512,2.15374,0.08796,0.04255,0.01876,0.00422,3.32933,3.81061,2.16657,0.0088945,0.0088945,0.0088945
136,1719.82,3.15124,3.71059,2.13291,0.08491,0.07021,0.02235,0.00427,3.30115,3.82407,2.17227,0.00888625,0.00888625,0.00888625
137,1729.97,3.1426,3.70788,2.12712,0.0783,0.03404,0.0163,0.00422,3.29656,3.8051,2.15507,0.008878,0.008878,0.008878
138,1739.86,3.13167,3.7425,2.14699,0.0929,0.0617,0.02455,0.0057,3.24091,3.82475,2.16272,0.00886975,0.00886975,0.00886975
139,1750.05,3.14931,3.71447,2.15664,0.09806,0.05745,0.02527,0.00755,3.28854,3.81624,2.15479,0.0088615,0.0088615,0.0088615
140,1765.44,3.10538,3.72332,2.11566,0.09244,0.05319,0.0257,0.00665,3.25037,3.7874,2.1491,0.00885325,0.00885325,0.00885325
141,1782,3.12502,3.70265,2.12218,0.08592,0.07447,0.02277,0.00472,3.28226,3.79624,2.14326,0.008845,0.008845,0.008845
142,1792.56,3.13229,3.69652,2.14729,0.16705,0.02902,0.02615,0.00611,3.28327,3.80432,2.18021,0.00883675,0.00883675,0.00883675
143,1802.68,3.09562,3.7081,2.13742,0.08608,0.0383,0.02531,0.00767,3.183,3.79964,2.1847,0.0088285,0.0088285,0.0088285
144,1813.21,3.0828,3.66937,2.16334,0.08827,0.05532,0.02349,0.00624,3.17193,3.79539,2.25435,0.00882025,0.00882025,0.00882025
145,1826.32,3.09249,3.69984,2.17188,0.12299,0.0383,0.02845,0.00671,3.1709,3.7594,2.23551,0.008812,0.008812,0.008812
146,1840.81,3.11068,3.72546,2.21322,0.14992,0.05106,0.03194,0.00735,3.13008,3.76298,2.26801,0.00880375,0.00880375,0.00880375
147,1852.43,3.03645,3.65486,2.18661,0.11622,0.05532,0.03747,0.00889,3.15738,3.74072,2.26857,0.0087955,0.0087955,0.0087955
148,1862.96,3.02779,3.66479,2.18627,0.09157,0.04894,0.02323,0.00668,3.16748,3.82596,2.27389,0.00878725,0.00878725,0.00878725
149,1873.2,3.06898,3.70561,2.20183,0.11486,0.03617,0.02479,0.00754,3.15507,3.83292,2.2939,0.008779,0.008779,0.008779
150,1887.03,3.04215,3.70359,2.19685,0.12392,0.0617,0.03192,0.00949,3.13488,3.79661,2.28051,0.00877075,0.00877075,0.00877075
151,1903.02,3.03386,3.66403,2.21427,0.17097,0.04043,0.03188,0.00959,3.119,3.81451,2.26118,0.0087625,0.0087625,0.0087625
152,1913.63,2.98851,3.66407,2.14926,0.12994,0.04255,0.03548,0.00873,3.08791,3.76115,2.24264,0.00875425,0.00875425,0.00875425
153,1923.8,2.97078,3.61606,2.17244,0.12069,0.06596,0.03758,0.0084,3.13144,3.83334,2.26328,0.008746,0.008746,0.008746
154,1933.96,2.96561,3.65898,2.17066,0.17997,0.05106,0.03641,0.00964,3.1543,3.76657,2.26942,0.00873775,0.00873775,0.00873775
155,1951.16,2.99465,3.62429,2.18541,0.13404,0.0766,0.0413,0.01131,3.0831,3.75059,2.25102,0.0087295,0.0087295,0.0087295
156,1964.41,2.98538,3.62737,2.17764,0.15045,0.07159,0.04108,0.01124,3.06799,3.76457,2.25713,0.00872125,0.00872125,0.00872125
157,1974.58,2.99613,3.60824,2.18583,0.1717,0.0617,0.04181,0.01011,3.06281,3.77909,2.23355,0.008713,0.008713,0.008713
158,1984.71,2.96231,3.61443,2.16439,0.11614,0.08298,0.03656,0.00916,3.04,3.74637,2.22878,0.00870475,0.00870475,0.00870475
159,1996.85,2.97149,3.57675,2.16504,0.15551,0.0766,0.04026,0.01144,3.10274,3.75999,2.25081,0.0086965,0.0086965,0.0086965
160,2013.96,2.97472,3.62053,2.17906,0.18853,0.05957,0.04212,0.01148,3.04107,3.68938,2.25232,0.00868825,0.00868825,0.00868825
161,2025.33,2.95888,3.58886,2.16008,0.15489,0.08228,0.04559,0.01347,3.03283,3.67046,2.23718,0.00868,0.00868,0.00868
162,2035.97,2.96292,3.57755,2.17007,0.17417,0.08723,0.05353,0.01392,3.04344,3.62637,2.2599,0.00867175,0.00867175,0.00867175
163,2046.53,2.97149,3.58762,2.1812,0.12688,0.08511,0.03755,0.00916,3.037,3.65576,2.25122,0.0086635,0.0086635,0.0086635
164,2061.11,2.92137,3.54781,2.15662,0.19813,0.10426,0.05468,0.01298,3.0325,3.67274,2.25502,0.00865525,0.00865525,0.00865525
165,2075.44,2.96153,3.55121,2.17322,0.13275,0.09787,0.04387,0.0118,2.99761,3.70528,2.23599,0.008647,0.008647,0.008647
166,2085.07,2.92395,3.5435,2.16451,0.2199,0.06058,0.03754,0.01102,2.98251,3.68017,2.23083,0.00863875,0.00863875,0.00863875
167,2094.73,2.9569,3.57083,2.17407,0.19167,0.06383,0.04348,0.01133,3.05478,3.69131,2.25432,0.0086305,0.0086305,0.0086305
168,2104.99,2.89064,3.5396,2.14494,0.14973,0.06596,0.03676,0.0094,2.97964,3.6869,2.22741,0.00862225,0.00862225,0.00862225
169,2120.38,2.9015,3.55199,2.16988,0.1379,0.08723,0.04956,0.01451,2.96244,3.62892,2.21411,0.008614,0.008614,0.008614
170,2134.97,2.89285,3.50995,2.15216,0.16023,0.05532,0.03507,0.01055,3.13179,3.90883,2.24845,0.00860575,0.00860575,0.00860575
171,2145.26,2.898,3.48615,2.14976,0.11718,0.09574,0.04284,0.01093,3.00407,3.69493,2.23171,0.0085975,0.0085975,0.0085975
172,2155.44,2.89689,3.54018,2.15012,0.16577,0.06596,0.049,0.01277,2.97442,3.65142,2.21763,0.00858925,0.00858925,0.00858925
173,2166.84,2.85273,3.54435,2.13582,0.16602,0.08936,0.05094,0.0133,2.97127,3.66179,2.21073,0.008581,0.008581,0.008581
174,2182.85,2.89434,3.5291,2.14828,0.17329,0.08085,0.04958,0.01452,3.01367,3.67018,2.23418,0.00857275,0.00857275,0.00857275
175,2195.57,2.89499,3.49325,2.16039,0.22278,0.09149,0.05846,0.01568,2.96309,3.60691,2.23175,0.0085645,0.0085645,0.0085645
176,2206.02,2.87521,3.48411,2.14492,0.22235,0.08723,0.05153,0.01354,2.94611,3.60059,2.19364,0.00855625,0.00855625,0.00855625
177,2216.27,2.90608,3.48656,2.1473,0.16516,0.1,0.0588,0.01701,2.95858,3.60206,2.21359,0.008548,0.008548,0.008548
178,2230.07,2.83942,3.48953,2.12021,0.19501,0.08511,0.05401,0.0163,2.98142,3.63316,2.21689,0.00853975,0.00853975,0.00853975
179,2246.05,2.884,3.44387,2.12268,0.17825,0.05532,0.04658,0.0145,2.96396,3.59865,2.19975,0.0085315,0.0085315,0.0085315
180,2256.35,2.87942,3.43371,2.11799,0.20931,0.09787,0.06068,0.01745,2.932,3.57301,2.21721,0.00852325,0.00852325,0.00852325
181,2266.96,2.86228,3.41665,2.1311,0.16334,0.10851,0.05369,0.01513,2.94109,3.55347,2.20614,0.008515,0.008515,0.008515
182,2277.18,2.83225,3.41918,2.11133,0.20535,0.07021,0.05194,0.01475,2.92601,3.54903,2.20748,0.00850675,0.00850675,0.00850675
183,2292.74,2.83131,3.42614,2.12439,0.15486,0.08511,0.0631,0.01993,2.98624,3.5628,2.23253,0.0084985,0.0084985,0.0084985
184,2307.22,2.8343,3.41236,2.1131,0.21315,0.11489,0.06733,0.01765,2.97611,3.5962,2.20723,0.00849025,0.00849025,0.00849025
185,2317.51,2.82627,3.43823,2.1352,0.18845,0.10426,0.05834,0.01611,2.94819,3.52491,2.22408,0.008482,0.008482,0.008482
186,2327.82,2.85607,3.43289,2.13983,0.18408,0.09745,0.06096,0.01684,2.97007,3.53501,2.23153,0.00847375,0.00847375,0.00847375
187,2339.49,2.87473,3.45271,2.13088,0.20574,0.10851,0.06693,0.02172,2.92537,3.51654,2.20464,0.0084655,0.0084655,0.0084655
188,2356.83,2.81155,3.41045,2.10764,0.19343,0.10851,0.0602,0.01824,2.92864,3.5657,2.19333,0.00845725,0.00845725,0.00845725
189,2368.07,2.80445,3.39208,2.11496,0.1686,0.10213,0.05769,0.01809,2.9654,3.52544,2.20754,0.008449,0.008449,0.008449
190,2378.27,2.86152,3.43301,2.11561,0.22529,0.08723,0.05706,0.01654,2.93732,3.53046,2.19156,0.00844075,0.00844075,0.00844075
191,2388.47,2.81157,3.34933,2.11637,0.20468,0.11489,0.06784,0.02033,2.94098,3.53536,2.19878,0.0084325,0.0084325,0.0084325
192,2402.01,2.83338,3.39214,2.10251,0.17732,0.10426,0.0665,0.02169,2.97062,3.51252,2.19388,0.00842425,0.00842425,0.00842425
193,2417.87,2.81399,3.41982,2.10722,0.21373,0.11064,0.06891,0.01991,2.92119,3.50213,2.20276,0.008416,0.008416,0.008416
194,2428.09,2.81994,3.37493,2.09611,0.1581,0.11915,0.06234,0.02197,2.91072,3.48361,2.19604,0.00840775,0.00840775,0.00840775
195,2438.34,2.8298,3.41361,2.11725,0.19534,0.11489,0.08257,0.02221,2.94154,3.43413,2.20089,0.0083995,0.0083995,0.0083995
196,2448.92,2.80704,3.36632,2.09782,0.17784,0.12979,0.06898,0.0202,2.90369,3.44671,2.1979,0.00839125,0.00839125,0.00839125
197,2463.41,2.77885,3.34932,2.10082,0.1915,0.10851,0.06096,0.01561,2.90404,3.51622,2.18934,0.008383,0.008383,0.008383
198,2477.69,2.81418,3.34938,2.08109,0.17948,0.10851,0.07475,0.02453,2.92673,3.46356,2.18493,0.00837475,0.00837475,0.00837475
199,2488.28,2.81937,3.38625,2.10737,0.18155,0.10426,0.06077,0.0169,2.90943,3.49157,2.17763,0.0083665,0.0083665,0.0083665
200,2498.49,2.81267,3.35109,2.11158,0.19083,0.10213,0.06348,0.01813,2.92102,3.43677,2.17353,0.00835825,0.00835825,0.00835825
201,2509.42,2.81013,3.37005,2.10108,0.2431,0.11064,0.07523,0.0244,2.9219,3.46843,2.1846,0.00835,0.00835,0.00835
202,2525.84,2.77042,3.33991,2.09754,0.17991,0.11702,0.07272,0.02273,2.93554,3.44495,2.23153,0.00834175,0.00834175,0.00834175
203,2538.19,2.77921,3.35851,2.08557,0.16373,0.10851,0.07008,0.02248,2.91582,3.43105,2.20355,0.0083335,0.0083335,0.0083335
204,2548.39,2.77549,3.36685,2.10144,0.20876,0.10851,0.0674,0.02173,2.88286,3.50713,2.19294,0.00832525,0.00832525,0.00832525
205,2558.6,2.73612,3.33286,2.08562,0.18324,0.11915,0.07313,0.02425,2.90242,3.45921,2.2109,0.008317,0.008317,0.008317
206,2570.88,2.76988,3.32275,2.08086,0.2357,0.11277,0.08857,0.03007,2.92426,3.42722,2.21258,0.00830875,0.00830875,0.00830875
207,2587.56,2.77195,3.34065,2.09474,0.17836,0.10213,0.07453,0.02417,2.8982,3.45229,2.18458,0.0083005,0.0083005,0.0083005
208,2600.67,2.70657,3.29521,2.07182,0.20232,0.11064,0.0764,0.02434,2.91983,3.40584,2.19944,0.00829225,0.00829225,0.00829225
209,2610.91,2.7352,3.31046,2.08162,0.18481,0.11489,0.06505,0.01937,2.91211,3.45042,2.18747,0.008284,0.008284,0.008284
210,2621.18,2.74204,3.31424,2.07056,0.21728,0.1383,0.07869,0.02365,2.88167,3.42072,2.18617,0.00827575,0.00827575,0.00827575
211,2633.35,2.75077,3.29777,2.0772,0.16763,0.10638,0.07085,0.02226,2.97514,3.43752,2.2006,0.0082675,0.0082675,0.0082675
212,2650.24,2.74809,3.31935,2.07622,0.21221,0.11489,0.07446,0.02274,2.9005,3.4062,2.18521,0.00825925,0.00825925,0.00825925
213,2663.9,2.74973,3.31329,2.06651,0.2181,0.11915,0.07696,0.02543,2.90074,3.39478,2.18125,0.008251,0.008251,0.008251
214,2674.12,2.75527,3.26953,2.06876,0.22242,0.11702,0.08839,0.02682,2.87636,3.34166,2.18404,0.00824275,0.00824275,0.00824275
215,2684.38,2.70823,3.27013,2.06657,0.27759,0.11489,0.08954,0.02648,2.86382,3.39441,2.16273,0.0082345,0.0082345,0.0082345
216,2696.29,2.74796,3.31156,2.06374,0.18675,0.11489,0.06365,0.01894,2.86858,3.4382,2.18428,0.00822625,0.00822625,0.00822625
217,2712.68,2.71608,3.2894,2.08096,0.22388,0.10213,0.07471,0.02137,2.89069,3.39786,2.161,0.008218,0.008218,0.008218
218,2726.56,2.76556,3.3057,2.08084,0.20374,0.13404,0.09102,0.03029,2.87296,3.31853,2.16116,0.00820975,0.00820975,0.00820975
219,2737.18,2.70626,3.27486,2.06151,0.25221,0.11702,0.08445,0.02651,2.87086,3.33979,2.16317,0.0082015,0.0082015,0.0082015
220,2747.31,2.72312,3.29145,2.06315,0.23364,0.11702,0.07557,0.02497,2.85164,3.37612,2.14206,0.00819325,0.00819325,0.00819325
221,2758.9,2.70305,3.25704,2.08194,0.21475,0.14255,0.09188,0.02882,2.88142,3.31679,2.18441,0.008185,0.008185,0.008185
222,2775.17,2.73892,3.28248,2.05392,0.21517,0.12766,0.08706,0.02662,2.8285,3.32534,2.15136,0.00817675,0.00817675,0.00817675
223,2789.46,2.72645,3.24857,2.04403,0.24501,0.10851,0.08516,0.02634,2.84698,3.33759,2.15956,0.0081685,0.0081685,0.0081685
224,2799.65,2.73901,3.26505,2.07327,0.25758,0.1383,0.0919,0.02975,2.85621,3.33099,2.16572,0.00816025,0.00816025,0.00816025
225,2809.91,2.706,3.26875,2.06816,0.20771,0.12553,0.08654,0.02936,2.81534,3.37625,2.15454,0.008152,0.008152,0.008152
226,2821.04,2.70659,3.28153,2.05352,0.20399,0.14468,0.08592,0.02943,2.80313,3.32366,2.17098,0.00814375,0.00814375,0.00814375
227,2837.58,2.67408,3.21266,2.05305,0.21061,0.1383,0.08562,0.02333,2.85759,3.31172,2.1744,0.0081355,0.0081355,0.0081355
228,2852.11,2.6912,3.20419,2.04645,0.23829,0.13617,0.08687,0.02612,2.85712,3.29023,2.16443,0.00812725,0.00812725,0.00812725
229,2862.26,2.68253,3.26039,2.05189,0.23547,0.14548,0.08618,0.0252,2.82556,3.32839,2.16135,0.008119,0.008119,0.008119
230,2872.48,2.64543,3.21538,2.04253,0.24215,0.15745,0.09639,0.03195,2.77599,3.29554,2.14076,0.00811075,0.00811075,0.00811075
231,2883.59,2.695,3.2264,2.04882,0.27502,0.14468,0.096,0.02997,2.77744,3.27983,2.13255,0.0081025,0.0081025,0.0081025
232,2899.97,2.67327,3.21593,2.02899,0.22895,0.14043,0.09993,0.03059,2.7987,3.30393,2.14528,0.00809425,0.00809425,0.00809425
233,2914.79,2.69145,3.2396,2.04764,0.20055,0.1234,0.08031,0.02514,2.80788,3.35218,2.12969,0.008086,0.008086,0.008086
234,2924.98,2.68477,3.2247,2.05348,0.20735,0.14255,0.08815,0.0273,2.80425,3.31501,2.15756,0.00807775,0.00807775,0.00807775
235,2935.16,2.67007,3.20886,2.0443,0.21444,0.15319,0.09961,0.03185,2.81217,3.28573,2.1403,0.0080695,0.0080695,0.0080695
236,2945.79,2.66698,3.20379,2.02596,0.22119,0.14043,0.10214,0.03041,2.83191,3.34246,2.13235,0.00806125,0.00806125,0.00806125
237,2962.05,2.67666,3.22704,2.04075,0.24555,0.12979,0.10034,0.0335,2.77605,3.31262,2.1547,0.008053,0.008053,0.008053
238,2978.19,2.66189,3.19862,2.01481,0.2025,0.15319,0.10186,0.03305,2.77611,3.299,2.13876,0.00804475,0.00804475,0.00804475
239,2988.37,2.59356,3.2017,2.02257,0.25637,0.15319,0.11569,0.03777,2.77446,3.26487,2.1266,0.0080365,0.0080365,0.0080365
240,2998.42,2.64573,3.21683,2.03089,0.21129,0.14681,0.09984,0.03226,2.77434,3.27961,2.14917,0.00802825,0.00802825,0.00802825
241,3008.08,2.65006,3.21082,2.03934,0.23965,0.14894,0.10284,0.03471,2.77685,3.27441,2.1434,0.00802,0.00802,0.00802
242,3023.4,2.62191,3.19809,2.0202,0.22035,0.13191,0.10619,0.03258,2.79756,3.3237,2.13303,0.00801175,0.00801175,0.00801175
243,3040.06,2.68392,3.19101,2.05153,0.2229,0.14468,0.10691,0.03232,2.77982,3.28507,2.14338,0.0080035,0.0080035,0.0080035
244,3050.44,2.61686,3.15966,2.00729,0.22962,0.16425,0.10177,0.03542,2.77298,3.22867,2.1311,0.00799525,0.00799525,0.00799525
245,3060.78,2.64118,3.14165,2.01322,0.2431,0.15717,0.108,0.03483,2.75704,3.22003,2.13447,0.007987,0.007987,0.007987
246,3071.01,2.62896,3.16185,2.02673,0.26716,0.15106,0.11577,0.03574,2.74432,3.23631,2.11808,0.00797875,0.00797875,0.00797875
247,3086.11,2.61629,3.17337,2.02156,0.25708,0.17021,0.11718,0.03596,2.78067,3.18581,2.16521,0.0079705,0.0079705,0.0079705
248,3101.74,2.6214,3.16798,2.02331,0.24265,0.15532,0.09912,0.03251,2.76697,3.23651,2.13832,0.00796225,0.00796225,0.00796225
249,3112.09,2.60739,3.15886,2.0006,0.23833,0.15319,0.10811,0.03752,2.72527,3.22146,2.10762,0.007954,0.007954,0.007954
250,3122.43,2.60694,3.17758,1.99202,0.27961,0.15957,0.12287,0.03796,2.7312,3.22027,2.09801,0.00794575,0.00794575,0.00794575
251,3133.66,2.59893,3.13453,1.99941,0.22461,0.14681,0.11417,0.03964,2.73508,3.19599,2.11698,0.0079375,0.0079375,0.0079375
252,3151.18,2.61517,3.15124,2.02085,0.2481,0.17447,0.11159,0.03902,2.7308,3.18801,2.12532,0.00792925,0.00792925,0.00792925
253,3165.49,2.59203,3.14929,1.99874,0.2757,0.14255,0.10207,0.03629,2.73559,3.25963,2.13681,0.007921,0.007921,0.007921
254,3175.8,2.59888,3.13521,2.01469,0.23578,0.15532,0.10437,0.0345,2.77375,3.20777,2.14381,0.00791275,0.00791275,0.00791275
255,3186.06,2.5992,3.12897,2.01549,0.25327,0.15106,0.11278,0.03879,2.76287,3.18257,2.13799,0.0079045,0.0079045,0.0079045
256,3196.81,2.59142,3.11137,1.99904,0.24168,0.16809,0.10829,0.03826,2.74629,3.20556,2.12603,0.00789625,0.00789625,0.00789625
257,3213.47,2.6234,3.15832,2.01303,0.26533,0.16596,0.1118,0.03883,2.72259,3.20561,2.0988,0.007888,0.007888,0.007888
258,3228.64,2.58988,3.14983,2.00325,0.28224,0.17447,0.1156,0.03998,2.72842,3.21952,2.11446,0.00787975,0.00787975,0.00787975
259,3239.15,2.58517,3.15626,2.00188,0.28103,0.14043,0.11982,0.04148,2.73724,3.19335,2.09897,0.0078715,0.0078715,0.0078715
260,3249.68,2.62238,3.08581,2.00282,0.22458,0.15745,0.10453,0.03564,2.75806,3.19684,2.11525,0.00786325,0.00786325,0.00786325
261,3260.47,2.55862,3.05288,1.97588,0.26452,0.1766,0.12544,0.03895,2.76815,3.14433,2.12615,0.007855,0.007855,0.007855
262,3276.84,2.60816,3.11062,1.99065,0.25515,0.17447,0.11082,0.03822,2.74008,3.16185,2.11145,0.00784675,0.00784675,0.00784675
263,3291.98,2.5839,3.14143,1.99855,0.27183,0.17021,0.13084,0.04294,2.71592,3.15652,2.11425,0.0078385,0.0078385,0.0078385
264,3302.58,2.56389,3.07307,1.99186,0.29469,0.16383,0.13197,0.04219,2.68445,3.14736,2.08968,0.00783025,0.00783025,0.00783025
265,3312.9,2.57921,3.10563,1.99057,0.2396,0.17872,0.12337,0.03899,2.72342,3.12435,2.1174,0.007822,0.007822,0.007822
266,3323.54,2.5632,3.05827,1.97579,0.25616,0.15532,0.12123,0.04139,2.71781,3.16128,2.12297,0.00781375,0.00781375,0.00781375
267,3340.05,2.58315,3.07309,1.98144,0.21492,0.15532,0.12909,0.04078,2.7076,3.14785,2.0908,0.0078055,0.0078055,0.0078055
268,3355.36,2.56158,3.09353,1.97514,0.25835,0.15745,0.13124,0.04596,2.70191,3.21737,2.12346,0.00779725,0.00779725,0.00779725
269,3366.02,2.54681,3.09933,1.98397,0.28572,0.15319,0.13901,0.04746,2.70475,3.16884,2.11216,0.007789,0.007789,0.007789
270,3376.66,2.56382,3.12812,2.00049,0.28461,0.15532,0.12174,0.04125,2.69962,3.19151,2.09942,0.00778075,0.00778075,0.00778075
271,3386.82,2.539,3.05726,1.97187,0.29365,0.16809,0.13067,0.03976,2.70892,3.14028,2.10314,0.0077725,0.0077725,0.0077725
272,3403.21,2.54993,3.06765,1.97682,0.26409,0.18298,0.13215,0.04057,2.71193,3.12417,2.10335,0.00776425,0.00776425,0.00776425
273,3418.53,2.55647,3.10123,1.98758,0.25054,0.16146,0.12613,0.04429,2.70549,3.15236,2.10037,0.007756,0.007756,0.007756
274,3428.81,2.56784,3.05991,1.97473,0.28107,0.17234,0.13265,0.04584,2.72585,3.1337,2.10588,0.00774775,0.00774775,0.00774775
275,3439.02,2.53025,3.06953,1.97672,0.30134,0.18936,0.14237,0.05132,2.75689,3.11473,2.1293,0.0077395,0.0077395,0.0077395
276,3449.62,2.54595,3.05611,1.95411,0.33789,0.16383,0.13929,0.04646,2.71719,3.10195,2.10202,0.00773125,0.00773125,0.00773125
277,3466.18,2.53295,3.04824,1.9618,0.27756,0.17447,0.13385,0.04468,2.69048,3.10845,2.08363,0.007723,0.007723,0.007723
278,3482.04,2.55891,3.06508,1.9798,0.2481,0.17552,0.13801,0.04865,2.6999,3.07581,2.09661,0.00771475,0.00771475,0.00771475
279,3492.25,2.51597,3.07451,1.98005,0.27694,0.15957,0.13481,0.04794,2.68265,3.11757,2.09536,0.0077065,0.0077065,0.0077065
280,3502.59,2.52633,3.06107,1.95888,0.26944,0.15319,0.12123,0.0447,2.67791,3.08165,2.08889,0.00769825,0.00769825,0.00769825
281,3512.81,2.52315,3.04053,1.95336,0.24466,0.15745,0.12784,0.04496,2.65851,3.10609,2.06838,0.00769,0.00769,0.00769
282,3529,2.54298,3.05746,1.98339,0.29239,0.16809,0.13699,0.04698,2.66596,3.13108,2.087,0.00768175,0.00768175,0.00768175
283,3544.91,2.50162,3.01963,1.96134,0.28514,0.15319,0.14085,0.04736,2.64401,3.1157,2.09116,0.0076735,0.0076735,0.0076735
284,3555.19,2.52476,3.02147,1.95033,0.29358,0.17872,0.14518,0.05074,2.63828,3.06165,2.06869,0.00766525,0.00766525,0.00766525
285,3565.39,2.52285,3.00537,1.956,0.28962,0.17696,0.15128,0.05274,2.66668,3.06418,2.08327,0.007657,0.007657,0.007657
286,3575.9,2.49405,3.02317,1.95479,0.26871,0.1766,0.14479,0.0486,2.67756,3.06366,2.09409,0.00764875,0.00764875,0.00764875
287,3591.73,2.48166,3.02038,1.94738,0.27712,0.19362,0.15269,0.04973,2.67753,3.03513,2.07471,0.0076405,0.0076405,0.0076405
288,3608.15,2.49513,2.99967,1.95129,0.29342,0.18113,0.15654,0.05149,2.68072,3.06528,2.07761,0.00763225,0.00763225,0.00763225
289,3618.26,2.51393,3.01502,1.95772,0.30114,0.16383,0.15616,0.05356,2.677,3.06278,2.07338,0.007624,0.007624,0.007624
290,3628.81,2.49848,2.99785,1.93516,0.27317,0.18298,0.15426,0.05243,2.6417,3.06478,2.06458,0.00761575,0.00761575,0.00761575
291,3638.89,2.53323,3.05195,1.96566,0.2725,0.17021,0.14398,0.05522,2.65595,3.06407,2.09356,0.0076075,0.0076075,0.0076075
292,3654.54,2.47413,2.99823,1.93516,0.29482,0.16596,0.14288,0.05051,2.65838,3.06023,2.08057,0.00759925,0.00759925,0.00759925
293,3671.11,2.49979,3.01476,1.93686,0.28605,0.17447,0.14458,0.04624,2.6949,3.04781,2.0822,0.007591,0.007591,0.007591
294,3681.4,2.47763,2.97598,1.92335,0.22704,0.17234,0.14072,0.04833,2.66721,3.0572,2.07382,0.00758275,0.00758275,0.00758275
295,3691.73,2.47877,2.92533,1.92174,0.27387,0.18936,0.15195,0.05399,2.68519,3.04896,2.07772,0.0075745,0.0075745,0.0075745
296,3701.66,2.51288,3.00778,1.94605,0.26031,0.17872,0.13901,0.05029,2.64898,3.04053,2.07388,0.00756625,0.00756625,0.00756625
297,3716.82,2.48561,2.99194,1.92908,0.26798,0.20174,0.13465,0.04718,2.62879,3.02552,2.05972,0.007558,0.007558,0.007558
298,3733.23,2.46033,2.98065,1.93177,0.28087,0.18864,0.14601,0.05188,2.65532,3.01004,2.06939,0.00754975,0.00754975,0.00754975
299,3744.28,2.4669,2.9602,1.92537,0.27639,0.20213,0.15115,0.05356,2.64463,3.00577,2.06429,0.0075415,0.0075415,0.0075415
300,3754.55,2.4474,2.96941,1.93506,0.29208,0.2,0.15773,0.05483,2.63716,3.0143,2.05577,0.00753325,0.00753325,0.00753325
301,3765.11,2.45763,2.97584,1.92491,0.26971,0.20588,0.15253,0.05788,2.65706,2.97409,2.06379,0.007525,0.007525,0.007525
302,3780.19,2.45704,2.95016,1.92074,0.27523,0.1766,0.14564,0.05454,2.63477,2.9973,2.07166,0.00751675,0.00751675,0.00751675
303,3796.82,2.44674,2.90959,1.92212,0.27387,0.18858,0.15268,0.05355,2.65069,2.99178,2.08564,0.0075085,0.0075085,0.0075085
304,3807.83,2.48313,2.95208,1.91649,0.27305,0.2,0.15252,0.05504,2.62972,2.99934,2.06413,0.00750025,0.00750025,0.00750025
305,3818.01,2.46474,2.94561,1.91962,0.28098,0.19149,0.1506,0.05413,2.65008,3.00248,2.07699,0.007492,0.007492,0.007492
306,3828.23,2.43938,2.92116,1.89943,0.28801,0.18511,0.14417,0.05378,2.65083,3.01078,2.07481,0.00748375,0.00748375,0.00748375
307,3842.77,2.45714,2.94626,1.91304,0.30143,0.20014,0.16449,0.05883,2.6312,2.99767,2.05858,0.0074755,0.0074755,0.0074755
308,3860.44,2.45601,2.93236,1.89709,0.26676,0.21064,0.16322,0.05789,2.65109,2.9782,2.05862,0.00746725,0.00746725,0.00746725
309,3871.41,2.44494,2.91077,1.90505,0.24016,0.21064,0.15481,0.05543,2.62802,3.00268,2.05373,0.007459,0.007459,0.007459
310,3881.7,2.46161,2.92829,1.92626,0.29846,0.2,0.16102,0.05486,2.62896,2.99075,2.04621,0.00745075,0.00745075,0.00745075
311,3891.92,2.46249,2.90961,1.90513,0.3089,0.21064,0.16254,0.05576,2.60833,3.00577,2.04342,0.0074425,0.0074425,0.0074425
312,3906.49,2.44047,2.9417,1.91666,0.32708,0.20477,0.1679,0.05994,2.58273,3.01299,2.02662,0.00743425,0.00743425,0.00743425
313,3923.59,2.41276,2.87108,1.88574,0.30546,0.19574,0.1743,0.06289,2.60791,2.96802,2.04089,0.007426,0.007426,0.007426
314,3934.78,2.43366,2.88764,1.90203,0.32774,0.18511,0.17171,0.06287,2.63269,2.96667,2.05206,0.00741775,0.00741775,0.00741775
315,3945,2.4317,2.8606,1.90374,0.36237,0.18511,0.182,0.06567,2.63514,2.95787,2.05239,0.0074095,0.0074095,0.0074095
316,3955.61,2.44075,2.90795,1.89612,0.29996,0.18298,0.16349,0.06253,2.62137,2.94736,2.044,0.00740125,0.00740125,0.00740125
317,3970.46,2.45558,2.87739,1.91015,0.29933,0.20213,0.17125,0.06652,2.61087,2.93308,2.048,0.007393,0.007393,0.007393
318,3986.78,2.41055,2.89618,1.89984,0.30984,0.19574,0.17743,0.06797,2.60034,2.93622,2.04456,0.00738475,0.00738475,0.00738475
319,3998.19,2.39814,2.90012,1.88604,0.34012,0.19149,0.17611,0.06223,2.61805,2.94158,2.04334,0.0073765,0.0073765,0.0073765
320,4008.4,2.41783,2.88764,1.90552,0.34365,0.20426,0.18067,0.06445,2.6057,2.93831,2.03467,0.00736825,0.00736825,0.00736825
321,4018.62,2.38097,2.82176,1.88643,0.28343,0.19362,0.1743,0.06343,2.59172,2.91977,2.03261,0.00736,0.00736,0.00736
322,4032.64,2.398,2.86484,1.8862,0.32227,0.20213,0.18008,0.06869,2.58045,2.93049,2.0313,0.00735175,0.00735175,0.00735175
323,4050,2.42358,2.84735,1.89691,0.33296,0.20213,0.17927,0.06696,2.59628,2.92317,2.03283,0.0073435,0.0073435,0.0073435
324,4060.91,2.40546,2.86756,1.89117,0.32106,0.2,0.17442,0.06889,2.58107,2.93069,2.02815,0.00733525,0.00733525,0.00733525
325,4071.16,2.38178,2.87819,1.88294,0.30909,0.21489,0.17886,0.0669,2.57745,2.91921,2.02638,0.007327,0.007327,0.007327
326,4081.43,2.3745,2.82301,1.8818,0.27584,0.20638,0.17019,0.06817,2.5749,2.93479,2.03043,0.00731875,0.00731875,0.00731875
327,4095.7,2.39101,2.86077,1.86292,0.31289,0.20851,0.18046,0.06941,2.54766,2.91322,2.0118,0.0073105,0.0073105,0.0073105
328,4112.98,2.39377,2.83031,1.86974,0.33316,0.21064,0.18279,0.07188,2.54664,2.88959,2.02122,0.00730225,0.00730225,0.00730225
329,4124.67,2.38066,2.81616,1.86482,0.33801,0.21702,0.18001,0.0727,2.53975,2.85743,2.01634,0.007294,0.007294,0.007294
330,4135.11,2.35375,2.80733,1.87487,0.30292,0.21702,0.18983,0.07511,2.5695,2.8206,2.02016,0.00728575,0.00728575,0.00728575
331,4145.64,2.40821,2.88794,1.88182,0.36011,0.20851,0.19285,0.07267,2.53111,2.87035,2.01385,0.0072775,0.0072775,0.0072775
332,4160.4,2.36178,2.7962,1.84966,0.314,0.23404,0.19679,0.07598,2.5213,2.84934,1.99167,0.00726925,0.00726925,0.00726925
333,4177.45,2.37557,2.80531,1.86641,0.36669,0.19574,0.19769,0.07897,2.53732,2.86707,1.99993,0.007261,0.007261,0.007261
334,4188.31,2.37219,2.79976,1.86607,0.31714,0.19574,0.18207,0.0733,2.54077,2.8767,1.99549,0.00725275,0.00725275,0.00725275
335,4198.59,2.35643,2.78137,1.85509,0.30968,0.20213,0.18432,0.07493,2.54816,2.87601,2.00097,0.0072445,0.0072445,0.0072445
336,4208.88,2.3689,2.79229,1.87253,0.32889,0.20851,0.18737,0.07408,2.54428,2.85578,2.01843,0.00723625,0.00723625,0.00723625
337,4223.29,2.37693,2.82712,1.86312,0.33315,0.21915,0.18904,0.07293,2.54045,2.86459,2.02374,0.007228,0.007228,0.007228
338,4239.82,2.34914,2.73718,1.86647,0.32628,0.22553,0.18983,0.07498,2.55489,2.84666,2.01417,0.00721975,0.00721975,0.00721975
339,4250.9,2.38236,2.78899,1.86433,0.33422,0.20638,0.18829,0.07612,2.52936,2.82916,2.0032,0.0072115,0.0072115,0.0072115
340,4261.14,2.35636,2.80543,1.86369,0.38984,0.20663,0.20115,0.0806,2.51212,2.80939,1.99611,0.00720325,0.00720325,0.00720325
341,4271.7,2.35795,2.78946,1.85333,0.35198,0.22979,0.19662,0.07972,2.51752,2.83489,1.99674,0.007195,0.007195,0.007195
342,4285.56,2.35225,2.8069,1.84037,0.37505,0.21489,0.19952,0.08015,2.5042,2.86523,1.98753,0.00718675,0.00718675,0.00718675
343,4301.96,2.33531,2.78439,1.8393,0.31574,0.2,0.17984,0.07642,2.48866,2.87388,1.97568,0.0071785,0.0071785,0.0071785
344,4313.75,2.32067,2.71233,1.83202,0.35794,0.20426,0.18777,0.07567,2.47963,2.83832,1.95982,0.00717025,0.00717025,0.00717025
345,4323.99,2.35338,2.7209,1.85855,0.33921,0.21407,0.20331,0.08435,2.48387,2.79425,1.97675,0.007162,0.007162,0.007162
346,4334.64,2.32614,2.7264,1.84983,0.32151,0.22766,0.20233,0.0864,2.46175,2.76977,1.96609,0.00715375,0.00715375,0.00715375
347,4349.19,2.30024,2.72814,1.81917,0.34455,0.20244,0.21316,0.08825,2.46838,2.76129,1.95655,0.0071455,0.0071455,0.0071455
348,4366.74,2.33555,2.76209,1.84255,0.3705,0.21277,0.22048,0.09008,2.48073,2.77005,1.96111,0.00713725,0.00713725,0.00713725
349,4378.5,2.32484,2.76296,1.8276,0.37197,0.20638,0.21744,0.08699,2.4746,2.78991,1.96499,0.007129,0.007129,0.007129
350,4388.71,2.30547,2.66842,1.82082,0.33204,0.21489,0.21518,0.08933,2.47786,2.79354,1.96283,0.00712075,0.00712075,0.00712075
351,4398.95,2.32844,2.75195,1.83965,0.37056,0.2192,0.21816,0.08964,2.4509,2.78424,1.94803,0.0071125,0.0071125,0.0071125
352,4413.41,2.29673,2.71181,1.82455,0.36276,0.23404,0.21277,0.08541,2.45576,2.77492,1.95091,0.00710425,0.00710425,0.00710425
353,4429.84,2.30758,2.7149,1.84098,0.4137,0.2234,0.22414,0.08927,2.45994,2.72829,1.94613,0.007096,0.007096,0.007096
354,4441.4,2.26778,2.67464,1.815,0.37949,0.22766,0.21767,0.09084,2.45041,2.73832,1.93938,0.00708775,0.00708775,0.00708775
355,4451.93,2.28571,2.68987,1.81458,0.37247,0.21064,0.21235,0.09369,2.45597,2.7339,1.95266,0.0070795,0.0070795,0.0070795
356,4462.54,2.31066,2.71302,1.8268,0.34897,0.23191,0.21533,0.09482,2.43249,2.73089,1.95139,0.00707125,0.00707125,0.00707125
357,4477.56,2.26667,2.69062,1.80726,0.36918,0.23404,0.22079,0.09493,2.41221,2.7056,1.94926,0.007063,0.007063,0.007063
358,4495.2,2.29274,2.70155,1.81643,0.4748,0.2,0.22732,0.09706,2.39464,2.72532,1.93885,0.00705475,0.00705475,0.00705475
359,4505.67,2.27997,2.66365,1.80315,0.37983,0.21489,0.22362,0.10178,2.40276,2.74403,1.94274,0.0070465,0.0070465,0.0070465
360,4516.24,2.27816,2.68297,1.80997,0.37734,0.24043,0.22839,0.09677,2.41252,2.71253,1.9497,0.00703825,0.00703825,0.00703825
361,4526.56,2.28382,2.68309,1.82263,0.4234,0.22766,0.23378,0.09738,2.42484,2.67627,1.95185,0.00703,0.00703,0.00703
362,4541.55,2.23069,2.58076,1.79657,0.39548,0.22553,0.22997,0.10427,2.4161,2.68394,1.95291,0.00702175,0.00702175,0.00702175
363,4559.44,2.26672,2.63582,1.79735,0.41283,0.24681,0.24312,0.1056,2.41478,2.67268,1.93013,0.0070135,0.0070135,0.0070135
364,4570.08,2.2918,2.68321,1.82095,0.43016,0.21277,0.23898,0.1092,2.3953,2.70356,1.93596,0.00700525,0.00700525,0.00700525
365,4580.67,2.27298,2.61907,1.7991,0.432,0.22128,0.24578,0.10977,2.40138,2.71082,1.9298,0.006997,0.006997,0.006997
366,4591.23,2.2647,2.66025,1.80867,0.37346,0.23191,0.23912,0.10708,2.38843,2.69077,1.92426,0.00698875,0.00698875,0.00698875
367,4606.51,2.21936,2.56358,1.78573,0.42529,0.23617,0.2438,0.10739,2.37958,2.67142,1.9055,0.0069805,0.0069805,0.0069805
368,4623.36,2.26506,2.60348,1.8101,0.39558,0.2383,0.25173,0.1125,2.38147,2.64504,1.90853,0.00697225,0.00697225,0.00697225
369,4633.89,2.25392,2.57571,1.79568,0.39559,0.24681,0.26302,0.11409,2.38603,2.62498,1.91504,0.006964,0.006964,0.006964
370,4644.48,2.2388,2.59153,1.77292,0.41139,0.2617,0.25985,0.11561,2.35663,2.63783,1.91575,0.00695575,0.00695575,0.00695575
371,4655.06,2.22264,2.59254,1.76965,0.42946,0.25106,0.25629,0.11086,2.36083,2.61555,1.91927,0.0069475,0.0069475,0.0069475
372,4670.64,2.24204,2.57706,1.77884,0.38481,0.25553,0.25512,0.11038,2.36142,2.6082,1.91008,0.00693925,0.00693925,0.00693925
373,4686.97,2.25356,2.5794,1.78631,0.39785,0.2617,0.25951,0.11519,2.39587,2.61971,1.90873,0.006931,0.006931,0.006931
374,4697.23,2.21464,2.54827,1.76906,0.43753,0.25106,0.2645,0.11658,2.36676,2.59994,1.90594,0.00692275,0.00692275,0.00692275
375,4707.8,2.20357,2.54918,1.78041,0.3894,0.26383,0.26073,0.1164,2.35665,2.59326,1.91413,0.0069145,0.0069145,0.0069145
376,4718,2.21093,2.55224,1.77072,0.42946,0.24664,0.26903,0.1222,2.32047,2.58542,1.91328,0.00690625,0.00690625,0.00690625
377,4733.82,2.19939,2.54096,1.75848,0.42892,0.26809,0.27275,0.12168,2.31635,2.57766,1.89516,0.006898,0.006898,0.006898
378,4750.45,2.23982,2.59147,1.7911,0.44941,0.27266,0.28574,0.12509,2.33033,2.56398,1.90288,0.00688975,0.00688975,0.00688975
379,4761.05,2.15979,2.5033,1.74925,0.42089,0.24255,0.26518,0.12271,2.30645,2.58838,1.89466,0.0068815,0.0068815,0.0068815
380,4771.36,2.22213,2.52852,1.78505,0.45561,0.25319,0.26938,0.12679,2.31197,2.54649,1.89877,0.00687325,0.00687325,0.00687325
381,4781.77,2.16095,2.49133,1.75028,0.41401,0.27447,0.2796,0.12659,2.29814,2.53534,1.90441,0.006865,0.006865,0.006865
382,4797.79,2.18632,2.5269,1.76418,0.41268,0.29149,0.27359,0.12645,2.2945,2.5251,1.88862,0.00685675,0.00685675,0.00685675
383,4813.93,2.187,2.51562,1.75938,0.45173,0.27172,0.28058,0.13347,2.30621,2.52108,1.87601,0.0068485,0.0068485,0.0068485
384,4824.56,2.18236,2.50339,1.75999,0.39168,0.30213,0.28495,0.1354,2.30412,2.50236,1.87563,0.00684025,0.00684025,0.00684025
385,4835.17,2.21636,2.54382,1.76936,0.40273,0.30128,0.29267,0.13783,2.29213,2.49436,1.8801,0.006832,0.006832,0.006832
386,4845.77,2.15113,2.47839,1.73737,0.42608,0.28432,0.29239,0.13892,2.27654,2.49693,1.86556,0.00682375,0.00682375,0.00682375
387,4862.39,2.12781,2.45362,1.74864,0.42382,0.29574,0.29426,0.14168,2.26157,2.49487,1.8688,0.0068155,0.0068155,0.0068155
388,4878.66,2.16479,2.46231,1.74844,0.41649,0.28511,0.29692,0.14225,2.25932,2.4758,1.87136,0.00680725,0.00680725,0.00680725
389,4889.19,2.18954,2.49932,1.75901,0.45614,0.28511,0.29984,0.14144,2.27127,2.46698,1.86465,0.006799,0.006799,0.006799
390,4899.45,2.17194,2.45435,1.74983,0.4501,0.28212,0.30013,0.13975,2.28339,2.46846,1.86049,0.00679075,0.00679075,0.00679075
391,4909.14,2.14216,2.46848,1.73918,0.45158,0.28382,0.30779,0.15101,2.25582,2.45192,1.84697,0.0067825,0.0067825,0.0067825
392,4925.76,2.13978,2.45606,1.7109,0.44118,0.29787,0.31251,0.1535,2.26575,2.41014,1.85892,0.00677425,0.00677425,0.00677425
393,4941.97,2.17774,2.46591,1.74547,0.43168,0.31064,0.31165,0.15246,2.25328,2.43893,1.85343,0.006766,0.006766,0.006766
394,4952.18,2.15636,2.45866,1.72589,0.43763,0.3,0.32084,0.15187,2.23913,2.44953,1.8398,0.00675775,0.00675775,0.00675775
395,4962.24,2.15193,2.45242,1.72304,0.48216,0.28329,0.32044,0.15016,2.23677,2.42854,1.83046,0.0067495,0.0067495,0.0067495
396,4972.38,2.12352,2.3997,1.70979,0.42526,0.31328,0.32291,0.15131,2.24935,2.40795,1.8304,0.00674125,0.00674125,0.00674125
397,4987.95,2.12299,2.37575,1.71175,0.46841,0.30426,0.32331,0.15148,2.25547,2.39712,1.83994,0.006733,0.006733,0.006733
398,5004.14,2.10973,2.37774,1.71332,0.50574,0.30213,0.33109,0.16588,2.22992,2.35935,1.83416,0.00672475,0.00672475,0.00672475
399,5014.38,2.1147,2.39584,1.71753,0.47559,0.29574,0.32529,0.16275,2.23531,2.38415,1.82265,0.0067165,0.0067165,0.0067165
400,5024.48,2.10694,2.36978,1.70162,0.47566,0.30851,0.33093,0.16371,2.23555,2.38956,1.82437,0.00670825,0.00670825,0.00670825
401,5034.68,2.13381,2.44481,1.71216,0.44723,0.32553,0.34341,0.17139,2.20955,2.37163,1.82002,0.0067,0.0067,0.0067
402,5049.47,2.1344,2.42684,1.71787,0.45444,0.33404,0.33554,0.16789,2.20799,2.37563,1.8184,0.00669175,0.00669175,0.00669175
403,5066.11,2.08436,2.35132,1.68198,0.40615,0.33617,0.33137,0.16468,2.19516,2.37501,1.8129,0.0066835,0.0066835,0.0066835
404,5076.74,2.08264,2.34497,1.69231,0.42755,0.34043,0.34075,0.16789,2.17949,2.36384,1.80395,0.00667525,0.00667525,0.00667525
405,5086.96,2.10531,2.36366,1.71407,0.49327,0.32979,0.3523,0.17499,2.17441,2.34976,1.78973,0.006667,0.006667,0.006667
406,5097.55,2.11266,2.3761,1.69465,0.48055,0.33404,0.34884,0.17092,2.17146,2.34777,1.7946,0.00665875,0.00665875,0.00665875
407,5112.09,2.08432,2.383,1.69563,0.44971,0.35124,0.34778,0.17277,2.17245,2.33777,1.78633,0.0066505,0.0066505,0.0066505
408,5128.61,2.09721,2.33288,1.68618,0.42053,0.35532,0.34442,0.17441,2.17742,2.33508,1.78448,0.00664225,0.00664225,0.00664225
409,5139.69,2.10144,2.35391,1.70005,0.45231,0.35957,0.3485,0.17366,2.18248,2.31429,1.80421,0.006634,0.006634,0.006634
410,5149.9,2.08571,2.32967,1.69993,0.4707,0.35957,0.36156,0.17802,2.1975,2.29486,1.80323,0.00662575,0.00662575,0.00662575
411,5160.49,2.04877,2.31724,1.65786,0.44798,0.34016,0.35802,0.18212,2.18059,2.2986,1.78582,0.0066175,0.0066175,0.0066175
412,5175.15,2.07148,2.29979,1.67252,0.48635,0.33617,0.3633,0.18181,2.16696,2.33058,1.76927,0.00660925,0.00660925,0.00660925
413,5192.5,2.07777,2.32993,1.6862,0.47278,0.35488,0.35323,0.17146,2.16841,2.32231,1.78326,0.006601,0.006601,0.006601
414,5203.36,2.02343,2.2724,1.66696,0.47391,0.35745,0.35789,0.17895,2.17491,2.33255,1.78427,0.00659275,0.00659275,0.00659275
415,5213.57,2.06974,2.28246,1.66552,0.50618,0.37512,0.36763,0.18301,2.14564,2.2959,1.77635,0.0065845,0.0065845,0.0065845
416,5223.83,2.08845,2.32554,1.68918,0.50519,0.35957,0.37025,0.19044,2.13063,2.29422,1.76626,0.00657625,0.00657625,0.00657625
417,5238.52,2.05185,2.28308,1.66599,0.51726,0.34043,0.36971,0.18856,2.12865,2.29074,1.77116,0.006568,0.006568,0.006568
418,5254.87,2.06601,2.29574,1.66729,0.46514,0.36383,0.37721,0.18794,2.13112,2.28582,1.76449,0.00655975,0.00655975,0.00655975
419,5266.22,2.05502,2.29319,1.67656,0.44867,0.37447,0.37541,0.18938,2.13468,2.26751,1.75351,0.0065515,0.0065515,0.0065515
420,5276.52,2.03103,2.25741,1.65077,0.48478,0.36235,0.37745,0.19025,2.12308,2.25106,1.74805,0.00654325,0.00654325,0.00654325
421,5287.03,2.04824,2.31751,1.65758,0.49593,0.35796,0.38318,0.19313,2.09817,2.23995,1.74901,0.006535,0.006535,0.006535
422,5301.28,2.04632,2.3191,1.65757,0.49105,0.37234,0.38421,0.19273,2.087,2.23154,1.72634,0.00652675,0.00652675,0.00652675
423,5317.63,2.03366,2.26176,1.65213,0.52819,0.37234,0.3899,0.19641,2.09467,2.22616,1.73383,0.0065185,0.0065185,0.0065185
424,5329.76,2.02003,2.25078,1.65728,0.55993,0.37447,0.40966,0.20664,2.10193,2.20399,1.74342,0.00651025,0.00651025,0.00651025
425,5340.03,2.02301,2.23434,1.64485,0.54017,0.39574,0.41231,0.20633,2.11678,2.18602,1.74339,0.006502,0.006502,0.006502
426,5349.96,2.00046,2.22115,1.63947,0.57188,0.3766,0.41603,0.20746,2.10446,2.18003,1.74517,0.00649375,0.00649375,0.00649375
427,5363.27,2.03761,2.24402,1.64573,0.54342,0.38723,0.41372,0.20785,2.08534,2.16477,1.7349,0.0064855,0.0064855,0.0064855
428,5380.39,2.02147,2.22154,1.64994,0.57387,0.36677,0.40338,0.21157,2.08652,2.16449,1.72865,0.00647725,0.00647725,0.00647725
429,5392.66,1.99131,2.21143,1.63134,0.55749,0.36383,0.40755,0.2121,2.06712,2.16055,1.71541,0.006469,0.006469,0.006469
430,5403.23,2.04049,2.24252,1.64584,0.55159,0.37234,0.41244,0.21816,2.05727,2.14117,1.71312,0.00646075,0.00646075,0.00646075
431,5413.89,2.00002,2.2013,1.63562,0.56545,0.37652,0.41852,0.22051,2.0625,2.12936,1.71652,0.0064525,0.0064525,0.0064525
432,5428.44,1.99013,2.18068,1.62836,0.56507,0.38723,0.4219,0.22177,2.05944,2.11022,1.71125,0.00644425,0.00644425,0.00644425
433,5445.56,2.01041,2.24521,1.63748,0.55957,0.38511,0.41767,0.22159,2.06816,2.12969,1.70911,0.006436,0.006436,0.006436
434,5456.62,1.97092,2.16298,1.61154,0.53451,0.38723,0.4259,0.22767,2.05935,2.11523,1.70447,0.00642775,0.00642775,0.00642775
435,5467.08,2.01164,2.20668,1.64549,0.56459,0.37522,0.42751,0.22921,2.04634,2.11088,1.69307,0.0064195,0.0064195,0.0064195
436,5477.66,1.96126,2.1208,1.60336,0.52544,0.39812,0.43104,0.22718,2.03379,2.07794,1.68996,0.00641125,0.00641125,0.00641125
437,5491.63,1.99466,2.18945,1.61028,0.51248,0.42979,0.44226,0.22931,2.02399,2.06744,1.69234,0.006403,0.006403,0.006403
438,5509.07,1.96723,2.14156,1.61097,0.57207,0.39362,0.44501,0.23428,2.04,2.07545,1.70136,0.00639475,0.00639475,0.00639475
439,5520.82,1.97554,2.157,1.59941,0.59491,0.37021,0.43858,0.23236,2.02365,2.07214,1.69253,0.0063865,0.0063865,0.0063865
440,5531.04,1.98285,2.19691,1.6099,0.64064,0.37447,0.45615,0.24513,2.00013,2.04296,1.66748,0.00637825,0.00637825,0.00637825
441,5541.43,2.00721,2.18155,1.60651,0.61438,0.38723,0.45372,0.24513,2.01103,2.0483,1.6692,0.00637,0.00637,0.00637
442,5555.72,1.9533,2.10484,1.60766,0.57431,0.42128,0.4545,0.24447,2.01163,2.05165,1.67291,0.00636175,0.00636175,0.00636175
443,5572.28,1.9645,2.14996,1.6048,0.59292,0.42553,0.45976,0.24835,2.00862,2.04364,1.6815,0.0063535,0.0063535,0.0063535
444,5584.31,1.95509,2.10419,1.59883,0.57938,0.40851,0.464,0.24711,2.00992,2.02857,1.68223,0.00634525,0.00634525,0.00634525
445,5594.53,1.93765,2.07693,1.58404,0.63531,0.41064,0.46751,0.24827,2.00775,2.0143,1.67761,0.006337,0.006337,0.006337
446,5605.18,1.90655,2.04602,1.57444,0.59114,0.40606,0.46224,0.24757,1.99964,2.03356,1.67908,0.00632875,0.00632875,0.00632875
447,5619.69,1.93906,2.09109,1.58255,0.62829,0.39574,0.46621,0.25032,1.99844,2.04291,1.66755,0.0063205,0.0063205,0.0063205
448,5637.76,1.95743,2.14162,1.60079,0.59611,0.40638,0.46716,0.25461,1.96948,2.03498,1.64974,0.00631225,0.00631225,0.00631225
449,5648.46,1.91368,2.07157,1.5724,0.60351,0.41702,0.47666,0.25825,1.96319,2.02999,1.64786,0.006304,0.006304,0.006304
450,5659.04,1.95655,2.09639,1.59176,0.66786,0.4,0.48484,0.26126,1.96961,1.99834,1.64871,0.00629575,0.00629575,0.00629575
451,5669.62,1.9344,2.04375,1.58754,0.66235,0.40426,0.48611,0.2629,1.96043,1.9936,1.64653,0.0062875,0.0062875,0.0062875
452,5685.15,1.95119,2.08685,1.59453,0.65691,0.4,0.48761,0.26521,1.96698,1.98493,1.64802,0.00627925,0.00627925,0.00627925
453,5702.37,1.91288,2.05866,1.56967,0.58522,0.42979,0.47632,0.25611,1.98866,1.98652,1.65613,0.006271,0.006271,0.006271
454,5712.61,1.92148,2.04658,1.57727,0.57126,0.43941,0.4798,0.26284,1.96087,1.97198,1.65163,0.00626275,0.00626275,0.00626275
455,5722.65,1.91481,2.04515,1.57774,0.58616,0.4219,0.48387,0.27007,1.92502,1.95972,1.63647,0.0062545,0.0062545,0.0062545
456,5733.25,1.92618,2.07217,1.57657,0.62592,0.42766,0.49821,0.27392,1.92599,1.94752,1.62375,0.00624625,0.00624625,0.00624625
457,5748.68,1.94593,2.05437,1.60561,0.69849,0.39574,0.50258,0.2771,1.93655,1.95425,1.62849,0.006238,0.006238,0.006238
458,5765.76,1.92389,2.04432,1.57965,0.68837,0.41915,0.51289,0.28327,1.94004,1.93578,1.6201,0.00622975,0.00622975,0.00622975
459,5776.64,1.94259,2.09371,1.57474,0.72197,0.4,0.51141,0.28192,1.93934,1.9257,1.60905,0.0062215,0.0062215,0.0062215
460,5786.8,1.90928,2.06463,1.56591,0.70582,0.40851,0.50731,0.28051,1.91115,1.91133,1.60642,0.00621325,0.00621325,0.00621325
461,5797.07,1.88112,2.03252,1.56295,0.62269,0.4319,0.50715,0.2802,1.8926,1.9158,1.60471,0.006205,0.006205,0.006205
462,5812.18,1.89566,2.03231,1.56694,0.677,0.41277,0.50709,0.28695,1.89435,1.90663,1.60087,0.00619675,0.00619675,0.00619675
463,5829.34,1.90644,2.06791,1.5651,0.64185,0.43404,0.51415,0.28716,1.90426,1.8949,1.60251,0.0061885,0.0061885,0.0061885
464,5840.17,1.86429,1.98349,1.55233,0.68292,0.43404,0.52034,0.28705,1.90907,1.89776,1.60195,0.00618025,0.00618025,0.00618025
465,5850.69,1.89401,1.99219,1.54427,0.63789,0.43617,0.51739,0.28518,1.89775,1.90347,1.60237,0.006172,0.006172,0.006172
466,5860.83,1.88057,1.98753,1.55347,0.64661,0.43404,0.52424,0.29077,1.87925,1.89093,1.60177,0.00616375,0.00616375,0.00616375
467,5876.47,1.88315,2.01534,1.54762,0.65523,0.44468,0.52229,0.29082,1.86999,1.89037,1.59164,0.0061555,0.0061555,0.0061555
468,5892.76,1.85238,1.9547,1.53882,0.67906,0.44117,0.52733,0.29549,1.87025,1.88004,1.57948,0.00614725,0.00614725,0.00614725
469,5903.46,1.88088,1.98512,1.54803,0.67724,0.44198,0.53655,0.299,1.85439,1.86843,1.56616,0.006139,0.006139,0.006139
470,5914.06,1.85314,1.95583,1.53477,0.775,0.4234,0.54397,0.3025,1.84903,1.8487,1.56209,0.00613075,0.00613075,0.00613075
471,5924.71,1.87093,1.98352,1.55322,0.79841,0.41915,0.5452,0.30602,1.85586,1.86513,1.56944,0.0061225,0.0061225,0.0061225
472,5940.67,1.83907,1.91389,1.51627,0.62151,0.4766,0.54545,0.30579,1.86292,1.85411,1.57027,0.00611425,0.00611425,0.00611425
473,5956.65,1.86002,1.95973,1.5463,0.61099,0.50426,0.54458,0.30756,1.8451,1.83853,1.56492,0.006106,0.006106,0.006106
474,5967.21,1.84703,1.91999,1.52195,0.65828,0.46809,0.55173,0.31301,1.84824,1.8313,1.56441,0.00609775,0.00609775,0.00609775
475,5977.83,1.85971,1.94273,1.53477,0.74231,0.4383,0.55678,0.31754,1.83701,1.81271,1.55963,0.0060895,0.0060895,0.0060895
476,5988.52,1.84578,1.95079,1.53295,0.72951,0.44759,0.56201,0.3182,1.83356,1.82039,1.56706,0.00608125,0.00608125,0.00608125
477,6004.29,1.83775,1.9412,1.5234,0.71997,0.4617,0.56634,0.32103,1.82662,1.8152,1.57229,0.006073,0.006073,0.006073
478,6020.45,1.81612,1.93922,1.51805,0.6775,0.47827,0.56792,0.32381,1.83036,1.80286,1.56928,0.00606475,0.00606475,0.00606475
479,6030.89,1.84281,1.93409,1.51102,0.67773,0.49666,0.57974,0.32713,1.82404,1.79577,1.55806,0.0060565,0.0060565,0.0060565
480,6041.47,1.86761,1.94538,1.53759,0.73879,0.48143,0.5791,0.3299,1.82094,1.7933,1.54321,0.00604825,0.00604825,0.00604825
481,6052.1,1.83531,1.93211,1.52593,0.72265,0.47122,0.57413,0.32712,1.82484,1.78925,1.53185,0.00604,0.00604,0.00604
482,6067.69,1.84538,1.9634,1.51699,0.71282,0.4766,0.57173,0.32863,1.81299,1.78034,1.5239,0.00603175,0.00603175,0.00603175
483,6083.79,1.8451,1.93698,1.52884,0.69183,0.49675,0.57876,0.32694,1.82215,1.77937,1.52451,0.0060235,0.0060235,0.0060235
484,6094.05,1.82196,1.90706,1.51717,0.68288,0.49024,0.58167,0.33054,1.80933,1.77146,1.52269,0.00601525,0.00601525,0.00601525
485,6104.58,1.81322,1.89412,1.49892,0.70979,0.51277,0.59165,0.33613,1.79429,1.76455,1.5179,0.006007,0.006007,0.006007
486,6115.12,1.80697,1.89677,1.49805,0.7229,0.51064,0.58207,0.33204,1.78856,1.77504,1.52198,0.00599875,0.00599875,0.00599875
487,6130.65,1.8041,1.88283,1.50291,0.68365,0.51277,0.57166,0.3252,1.79092,1.76326,1.53052,0.0059905,0.0059905,0.0059905
488,6146.95,1.82273,1.89744,1.50379,0.70321,0.49574,0.5766,0.33352,1.78917,1.75912,1.52477,0.00598225,0.00598225,0.00598225
489,6157.27,1.79273,1.84841,1.49508,0.69668,0.50825,0.58339,0.33391,1.77938,1.74321,1.50833,0.005974,0.005974,0.005974
490,6167.58,1.82223,1.87786,1.51321,0.69723,0.52553,0.59437,0.33567,1.77591,1.74433,1.50123,0.00596575,0.00596575,0.00596575
491,6177.82,1.78404,1.87015,1.50089,0.70669,0.54255,0.59867,0.34706,1.76002,1.73046,1.49608,0.0059575,0.0059575,0.0059575
492,6193.22,1.82582,1.89331,1.51279,0.70671,0.52128,0.59941,0.34607,1.7469,1.71545,1.48982,0.00594925,0.00594925,0.00594925
493,6209.58,1.80817,1.84864,1.50181,0.73281,0.51277,0.59731,0.34744,1.73804,1.70736,1.48422,0.005941,0.005941,0.005941
494,6220.43,1.788,1.81948,1.49057,0.70003,0.52633,0.59937,0.35136,1.72749,1.69771,1.47632,0.00593275,0.00593275,0.00593275
495,6230.95,1.79685,1.84909,1.49296,0.69227,0.54566,0.60851,0.35687,1.72977,1.70017,1.47814,0.0059245,0.0059245,0.0059245
496,6241.52,1.79495,1.84288,1.49159,0.68982,0.54894,0.6071,0.35429,1.73664,1.70176,1.48345,0.00591625,0.00591625,0.00591625
497,6256.6,1.78395,1.82759,1.49713,0.73976,0.51064,0.6029,0.3526,1.73964,1.69879,1.48432,0.005908,0.005908,0.005908
498,6272.82,1.80697,1.84791,1.48498,0.73833,0.51915,0.61069,0.3514,1.75354,1.68651,1.491,0.00589975,0.00589975,0.00589975
499,6283.52,1.76492,1.8319,1.48332,0.7083,0.5234,0.60493,0.34793,1.74712,1.68532,1.49029,0.0058915,0.0058915,0.0058915
500,6293.8,1.77622,1.82451,1.48535,0.72557,0.52553,0.60737,0.35205,1.73335,1.67713,1.48542,0.00588325,0.00588325,0.00588325
501,6304.08,1.79246,1.83249,1.50213,0.71639,0.53206,0.60831,0.35441,1.73476,1.66735,1.48534,0.005875,0.005875,0.005875
502,6318.82,1.79214,1.85387,1.488,0.71776,0.53567,0.61158,0.35139,1.74382,1.66579,1.48556,0.00586675,0.00586675,0.00586675
503,6335.33,1.78708,1.82478,1.49013,0.7441,0.52979,0.61079,0.3517,1.75602,1.66885,1.48392,0.0058585,0.0058585,0.0058585
504,6346.38,1.8104,1.84102,1.49446,0.72616,0.54255,0.61261,0.35338,1.73856,1.65907,1.48011,0.00585025,0.00585025,0.00585025
505,6356.36,1.73195,1.7841,1.46269,0.71988,0.54468,0.61171,0.35941,1.72585,1.65043,1.46962,0.005842,0.005842,0.005842
506,6367.03,1.76325,1.80385,1.4725,0.71236,0.54894,0.60595,0.35136,1.73138,1.64437,1.46092,0.00583375,0.00583375,0.00583375
507,6381.52,1.725,1.76144,1.45461,0.7756,0.50851,0.61621,0.36094,1.72197,1.62986,1.45749,0.0058255,0.0058255,0.0058255
508,6399.12,1.76228,1.78594,1.46618,0.77586,0.50851,0.62012,0.36794,1.71765,1.62952,1.45391,0.00581725,0.00581725,0.00581725
509,6410.71,1.74493,1.76799,1.44817,0.79344,0.51277,0.62346,0.37175,1.70935,1.63078,1.45095,0.005809,0.005809,0.005809
510,6421.38,1.75913,1.80269,1.47247,0.75446,0.5234,0.62449,0.37638,1.70541,1.62819,1.45403,0.00580075,0.00580075,0.00580075
511,6432.08,1.76134,1.80899,1.4744,0.76164,0.5303,0.62466,0.37848,1.70271,1.63013,1.46075,0.0057925,0.0057925,0.0057925
512,6447.77,1.71828,1.74702,1.45083,0.77311,0.53648,0.62785,0.38099,1.6988,1.62299,1.45793,0.00578425,0.00578425,0.00578425
513,6464.75,1.74006,1.74711,1.45447,0.79299,0.52766,0.631,0.38569,1.68371,1.61498,1.45177,0.005776,0.005776,0.005776
514,6475.26,1.72319,1.73628,1.45254,0.7871,0.53404,0.62894,0.39236,1.67024,1.60817,1.44635,0.00576775,0.00576775,0.00576775
515,6485.85,1.68814,1.72319,1.44087,0.76683,0.52553,0.63234,0.38889,1.67514,1.60833,1.44862,0.0057595,0.0057595,0.0057595
516,6496.13,1.72592,1.76632,1.45309,0.74597,0.54358,0.63772,0.39066,1.67717,1.60648,1.44957,0.00575125,0.00575125,0.00575125
517,6512.31,1.70393,1.73827,1.44006,0.73528,0.54894,0.64369,0.38771,1.66945,1.59704,1.44055,0.005743,0.005743,0.005743
518,6528.42,1.73728,1.76282,1.4688,0.76149,0.5383,0.64333,0.38935,1.6696,1.59424,1.43125,0.00573475,0.00573475,0.00573475
519,6538.67,1.73511,1.74755,1.46244,0.78536,0.52158,0.64446,0.39267,1.66713,1.5907,1.4252,0.0057265,0.0057265,0.0057265
520,6549.32,1.71681,1.74781,1.43576,0.7946,0.52979,0.64379,0.39277,1.66665,1.58911,1.42687,0.00571825,0.00571825,0.00571825
521,6559.62,1.71271,1.72404,1.42226,0.71496,0.56037,0.64457,0.3907,1.65608,1.57234,1.42927,0.00571,0.00571,0.00571
522,6575.07,1.70507,1.74241,1.44205,0.78556,0.52222,0.64066,0.39125,1.65271,1.5736,1.42785,0.00570175,0.00570175,0.00570175
523,6591.41,1.68662,1.68437,1.42475,0.793,0.5135,0.63732,0.39383,1.65489,1.57408,1.42855,0.0056935,0.0056935,0.0056935
524,6601.91,1.72492,1.70682,1.44422,0.72428,0.55532,0.63903,0.39441,1.64894,1.5623,1.42346,0.00568525,0.00568525,0.00568525
525,6612.54,1.70753,1.72339,1.4436,0.73066,0.55957,0.64617,0.4003,1.63907,1.56022,1.41356,0.005677,0.005677,0.005677
526,6623.1,1.71797,1.71285,1.44209,0.75053,0.54468,0.64233,0.39412,1.63771,1.56118,1.40958,0.00566875,0.00566875,0.00566875
527,6638.48,1.71205,1.73956,1.44238,0.77089,0.52975,0.64399,0.39761,1.62829,1.55932,1.40821,0.0056605,0.0056605,0.0056605
528,6654.68,1.72603,1.70328,1.42921,0.7591,0.54976,0.65082,0.40039,1.61935,1.54921,1.40557,0.00565225,0.00565225,0.00565225
529,6665.31,1.68203,1.69466,1.41839,0.75379,0.55745,0.6515,0.40408,1.6238,1.55099,1.40588,0.005644,0.005644,0.005644
530,6675.99,1.68679,1.70083,1.43353,0.74801,0.55745,0.65824,0.40877,1.61224,1.53799,1.39985,0.00563575,0.00563575,0.00563575
531,6686.67,1.70793,1.6988,1.43681,0.75761,0.56525,0.66359,0.4107,1.60776,1.53272,1.40102,0.0056275,0.0056275,0.0056275
532,6702.88,1.67771,1.67067,1.41489,0.75204,0.57021,0.6645,0.41379,1.61048,1.53104,1.40331,0.00561925,0.00561925,0.00561925
533,6719.24,1.67385,1.65721,1.42351,0.78716,0.55745,0.66388,0.4137,1.61101,1.53659,1.40602,0.005611,0.005611,0.005611
534,6729.41,1.69838,1.6947,1.4308,0.80117,0.5487,0.66647,0.41211,1.61088,1.53499,1.40464,0.00560275,0.00560275,0.00560275
535,6739.67,1.6665,1.64486,1.41552,0.83614,0.53191,0.66547,0.41377,1.61435,1.52523,1.40379,0.0055945,0.0055945,0.0055945
536,6750.32,1.69953,1.67329,1.42063,0.78252,0.55106,0.66759,0.41433,1.62197,1.51307,1.40145,0.00558625,0.00558625,0.00558625
537,6767.34,1.66559,1.63519,1.4214,0.80318,0.55745,0.66842,0.4149,1.6209,1.50929,1.40076,0.005578,0.005578,0.005578
538,6783.2,1.64821,1.60199,1.39823,0.7961,0.56596,0.67136,0.41435,1.61204,1.50229,1.39724,0.00556975,0.00556975,0.00556975
539,6793.09,1.68709,1.68032,1.41418,0.77377,0.56809,0.67062,0.41768,1.6003,1.49743,1.39195,0.0055615,0.0055615,0.0055615
540,6803.7,1.67693,1.65584,1.40387,0.73212,0.58085,0.66909,0.41997,1.59459,1.49772,1.38577,0.00555325,0.00555325,0.00555325
541,6814.3,1.66611,1.67383,1.42786,0.74912,0.58723,0.67425,0.42186,1.59735,1.49231,1.38886,0.005545,0.005545,0.005545
542,6831.19,1.6574,1.62907,1.3934,0.78369,0.57043,0.67361,0.42154,1.59723,1.49411,1.38983,0.00553675,0.00553675,0.00553675
543,6846.56,1.65659,1.63947,1.40917,0.77922,0.58574,0.67575,0.42523,1.59209,1.48837,1.38738,0.0055285,0.0055285,0.0055285
544,6857.04,1.65079,1.62761,1.40262,0.80976,0.57872,0.67961,0.42588,1.59575,1.48786,1.38698,0.00552025,0.00552025,0.00552025
545,6867.58,1.68398,1.65253,1.41447,0.77594,0.58723,0.68161,0.42765,1.58995,1.47831,1.38244,0.005512,0.005512,0.005512
546,6878.41,1.66441,1.64654,1.40313,0.77257,0.6,0.68402,0.4327,1.58116,1.47657,1.38084,0.00550375,0.00550375,0.00550375
547,6895.35,1.643,1.60164,1.3795,0.78245,0.58936,0.68807,0.43332,1.57298,1.4751,1.37641,0.0054955,0.0054955,0.0054955
548,6910.58,1.65766,1.62284,1.38511,0.8015,0.5756,0.69633,0.43316,1.57037,1.47051,1.38027,0.00548725,0.00548725,0.00548725
549,6921.23,1.64977,1.60956,1.40254,0.8237,0.57656,0.69325,0.43018,1.57963,1.47245,1.38283,0.005479,0.005479,0.005479
550,6931.45,1.68034,1.65112,1.40291,0.84806,0.5766,0.69303,0.43535,1.57931,1.47766,1.3845,0.00547075,0.00547075,0.00547075
551,6942.44,1.64249,1.60754,1.38764,0.79059,0.58511,0.6905,0.43505,1.57762,1.47309,1.38131,0.0054625,0.0054625,0.0054625
552,6958.66,1.65369,1.63046,1.40433,0.83499,0.56383,0.68934,0.43387,1.57472,1.46256,1.38061,0.00545425,0.00545425,0.00545425
553,6973.99,1.64099,1.61821,1.39054,0.82568,0.56383,0.69224,0.4356,1.58005,1.46678,1.38043,0.005446,0.005446,0.005446
554,6984.61,1.65103,1.63734,1.40156,0.78046,0.58936,0.69784,0.43224,1.57831,1.46411,1.38205,0.00543775,0.00543775,0.00543775
555,6994.71,1.63274,1.58798,1.39119,0.79238,0.6,0.69789,0.43818,1.571,1.4579,1.3773,0.0054295,0.0054295,0.0054295
556,7005.42,1.61866,1.57968,1.38132,0.77423,0.61064,0.70253,0.43958,1.56843,1.45821,1.3721,0.00542125,0.00542125,0.00542125
557,7022.32,1.64022,1.61709,1.39381,0.77358,0.61489,0.70523,0.44067,1.56249,1.46148,1.36911,0.005413,0.005413,0.005413
558,7037.78,1.63388,1.58326,1.38739,0.78432,0.61125,0.70459,0.44226,1.54454,1.46078,1.36579,0.00540475,0.00540475,0.00540475
559,7048.32,1.66612,1.64863,1.41269,0.77564,0.61787,0.70775,0.44257,1.53141,1.44438,1.35878,0.0053965,0.0053965,0.0053965
560,7058.85,1.61573,1.58424,1.38091,0.79739,0.61127,0.7115,0.44416,1.52554,1.43748,1.35957,0.00538825,0.00538825,0.00538825
561,7070.17,1.59466,1.57162,1.37598,0.81186,0.6,0.71178,0.44816,1.52305,1.43101,1.35606,0.00538,0.00538,0.00538
562,7087.58,1.6111,1.57611,1.37785,0.79249,0.61489,0.70978,0.44935,1.52046,1.42955,1.35384,0.00537175,0.00537175,0.00537175
563,7102.07,1.62874,1.61481,1.37528,0.81057,0.60087,0.70875,0.44978,1.5165,1.42878,1.35155,0.0053635,0.0053635,0.0053635
564,7112.64,1.61892,1.56928,1.38251,0.81322,0.60851,0.71038,0.44987,1.52175,1.41959,1.353,0.00535525,0.00535525,0.00535525
565,7123.28,1.60199,1.56063,1.36211,0.83357,0.61064,0.71255,0.45252,1.52046,1.41333,1.35211,0.005347,0.005347,0.005347
566,7136.17,1.5969,1.55916,1.36307,0.8112,0.6234,0.71621,0.45795,1.51393,1.41047,1.34925,0.00533875,0.00533875,0.00533875
567,7153.88,1.60021,1.53781,1.36069,0.82643,0.60782,0.71357,0.46341,1.51586,1.41149,1.34918,0.0053305,0.0053305,0.0053305
568,7167.33,1.61331,1.56748,1.36684,0.85528,0.59099,0.71492,0.46093,1.51736,1.4107,1.35006,0.00532225,0.00532225,0.00532225
569,7177.51,1.60427,1.55872,1.37674,0.85494,0.58936,0.71694,0.46189,1.51319,1.40687,1.34856,0.005314,0.005314,0.005314
570,7187.8,1.58824,1.51643,1.35017,0.82354,0.60638,0.71653,0.46241,1.50963,1.39934,1.34584,0.00530575,0.00530575,0.00530575
571,7200.95,1.60062,1.56584,1.37494,0.81752,0.6234,0.72185,0.46151,1.5017,1.39398,1.34265,0.0052975,0.0052975,0.0052975
572,7217.41,1.60015,1.5481,1.37675,0.83121,0.61489,0.72136,0.46107,1.49927,1.39053,1.34017,0.00528925,0.00528925,0.00528925
573,7230.17,1.61134,1.55064,1.36406,0.82267,0.61199,0.718,0.46067,1.50398,1.38733,1.33887,0.005281,0.005281,0.005281
574,7240.31,1.60601,1.57759,1.38256,0.8175,0.61489,0.72162,0.46296,1.49837,1.38771,1.33807,0.00527275,0.00527275,0.00527275
575,7250.97,1.60978,1.54792,1.37,0.79361,0.6383,0.72363,0.46324,1.49192,1.37383,1.33361,0.0052645,0.0052645,0.0052645
576,7263.98,1.58777,1.54421,1.36892,0.81202,0.62128,0.7199,0.46229,1.48747,1.3699,1.33224,0.00525625,0.00525625,0.00525625
577,7280.64,1.59604,1.56171,1.36626,0.8376,0.61277,0.72123,0.46892,1.48397,1.36616,1.33178,0.005248,0.005248,0.005248
578,7293.92,1.55395,1.50815,1.34588,0.8623,0.60638,0.72618,0.46951,1.48074,1.35573,1.32849,0.00523975,0.00523975,0.00523975
579,7304.56,1.61156,1.5634,1.3648,0.87437,0.60713,0.72889,0.46953,1.47656,1.34574,1.32845,0.0052315,0.0052315,0.0052315
580,7315.15,1.6085,1.5606,1.36619,0.84053,0.61489,0.72681,0.46736,1.4781,1.33745,1.32727,0.00522325,0.00522325,0.00522325
581,7327.64,1.58996,1.52535,1.34391,0.84392,0.60973,0.72828,0.46987,1.47742,1.33308,1.32555,0.005215,0.005215,0.005215
582,7344.99,1.56656,1.52127,1.352,0.8425,0.60322,0.72894,0.47207,1.48157,1.3387,1.32593,0.00520675,0.00520675,0.00520675
583,7358.15,1.57696,1.54219,1.36555,0.85516,0.61489,0.73168,0.46895,1.47557,1.33892,1.32352,0.0051985,0.0051985,0.0051985
584,7368.35,1.58293,1.51035,1.35034,0.84628,0.62553,0.73801,0.47337,1.47049,1.33149,1.3244,0.00519025,0.00519025,0.00519025
585,7379.24,1.59564,1.54856,1.35349,0.8467,0.62284,0.74057,0.47314,1.46627,1.32653,1.32468,0.005182,0.005182,0.005182
586,7393.57,1.59164,1.51775,1.35692,0.85009,0.62553,0.74113,0.47265,1.46455,1.32501,1.32404,0.00517375,0.00517375,0.00517375
587,7410.31,1.56162,1.52261,1.34513,0.84459,0.62438,0.73857,0.47179,1.46227,1.32517,1.32591,0.0051655,0.0051655,0.0051655
588,7422.05,1.5704,1.49001,1.34336,0.81784,0.64043,0.73822,0.47203,1.46289,1.32701,1.32691,0.00515725,0.00515725,0.00515725
589,7432.31,1.55992,1.50297,1.34254,0.82896,0.62904,0.73991,0.47192,1.46079,1.32815,1.32566,0.005149,0.005149,0.005149
590,7442.59,1.54313,1.47328,1.33726,0.82583,0.6255,0.74265,0.4767,1.46143,1.32312,1.32518,0.00514075,0.00514075,0.00514075
591,7456.98,1.57284,1.49952,1.33558,0.83931,0.63347,0.74733,0.47688,1.46669,1.32321,1.32682,0.0051325,0.0051325,0.0051325
592,7473.95,1.56118,1.46636,1.34511,0.83347,0.64043,0.75069,0.48059,1.46647,1.32158,1.32398,0.00512425,0.00512425,0.00512425
593,7485.63,1.51374,1.4335,1.31909,0.80875,0.64783,0.74659,0.47973,1.46373,1.32764,1.32104,0.005116,0.005116,0.005116
594,7495.88,1.52781,1.45673,1.33189,0.83059,0.64677,0.74454,0.47761,1.46787,1.32872,1.31716,0.00510775,0.00510775,0.00510775
595,7506.15,1.53606,1.48609,1.33051,0.82951,0.64183,0.74803,0.47861,1.46518,1.3187,1.31353,0.0050995,0.0050995,0.0050995
596,7519.41,1.54281,1.45139,1.33185,0.82,0.64894,0.74916,0.47905,1.46022,1.31328,1.31281,0.00509125,0.00509125,0.00509125
597,7536.63,1.52023,1.46799,1.3283,0.79881,0.66596,0.75426,0.48294,1.45791,1.30397,1.31402,0.005083,0.005083,0.005083
598,7548.65,1.55203,1.49128,1.34109,0.78994,0.65957,0.75761,0.48563,1.4554,1.30305,1.3128,0.00507475,0.00507475,0.00507475
599,7558.84,1.53685,1.46986,1.33705,0.80287,0.65106,0.75853,0.48714,1.44963,1.29375,1.31025,0.0050665,0.0050665,0.0050665
600,7569.54,1.60349,1.52341,1.35704,0.78512,0.66077,0.75598,0.48769,1.44377,1.29119,1.30642,0.00505825,0.00505825,0.00505825
601,7584.53,1.53965,1.4648,1.31906,0.79368,0.66596,0.75524,0.48775,1.43952,1.28754,1.30572,0.00505,0.00505,0.00505
602,7601.12,1.54365,1.46845,1.33221,0.79012,0.6648,0.75976,0.49203,1.43637,1.2803,1.30069,0.00504175,0.00504175,0.00504175
603,7612.2,1.5714,1.49756,1.3352,0.80087,0.64468,0.76053,0.49043,1.43816,1.28105,1.30093,0.0050335,0.0050335,0.0050335
604,7622.51,1.52452,1.43358,1.32842,0.83737,0.64635,0.76007,0.49144,1.43799,1.27809,1.30094,0.00502525,0.00502525,0.00502525
605,7632.7,1.53314,1.47585,1.33026,0.84983,0.63815,0.76053,0.4901,1.43428,1.27974,1.30233,0.005017,0.005017,0.005017
606,7647.1,1.55448,1.44285,1.32274,0.87062,0.6383,0.76317,0.49294,1.43292,1.27494,1.30102,0.00500875,0.00500875,0.00500875
607,7664.1,1.54702,1.44169,1.31908,0.88705,0.61823,0.76396,0.49302,1.4315,1.27172,1.30008,0.0050005,0.0050005,0.0050005
608,7675.73,1.50199,1.39755,1.30775,0.87299,0.62886,0.76949,0.49802,1.42818,1.27006,1.29778,0.00499225,0.00499225,0.00499225
609,7686.44,1.52564,1.44631,1.32462,0.87949,0.63191,0.7713,0.50011,1.43295,1.27094,1.29562,0.004984,0.004984,0.004984
610,7697.07,1.54231,1.44629,1.33595,0.88001,0.64468,0.77215,0.50146,1.43699,1.26438,1.29416,0.00497575,0.00497575,0.00497575
611,7712.98,1.49092,1.41065,1.30074,0.87354,0.64894,0.77226,0.50167,1.43971,1.26361,1.29325,0.0049675,0.0049675,0.0049675
612,7730.11,1.51996,1.45322,1.3298,0.88152,0.64905,0.7753,0.50363,1.43778,1.2621,1.29178,0.00495925,0.00495925,0.00495925
613,7740.84,1.51625,1.42835,1.31661,0.88621,0.64043,0.77537,0.5064,1.43325,1.2616,1.29088,0.004951,0.004951,0.004951
614,7751.47,1.50717,1.40398,1.29738,0.89389,0.64527,0.77764,0.50785,1.43632,1.25946,1.29087,0.00494275,0.00494275,0.00494275
615,7762.09,1.52682,1.42125,1.32124,0.88301,0.64043,0.77477,0.50491,1.44094,1.26108,1.29176,0.0049345,0.0049345,0.0049345
616,7777.83,1.52872,1.44883,1.33316,0.87185,0.64681,0.77478,0.50601,1.43699,1.25864,1.28909,0.00492625,0.00492625,0.00492625
617,7793.93,1.48823,1.40546,1.29866,0.87906,0.64894,0.77307,0.50592,1.4323,1.25764,1.28822,0.004918,0.004918,0.004918
618,7804.13,1.50029,1.42296,1.30318,0.8738,0.65532,0.77284,0.50048,1.43399,1.2604,1.28763,0.00490975,0.00490975,0.00490975
619,7814.32,1.50326,1.42946,1.31324,0.86871,0.64681,0.76968,0.50194,1.43348,1.25467,1.28696,0.0049015,0.0049015,0.0049015
620,7824.6,1.47182,1.36585,1.28359,0.87347,0.64624,0.77288,0.50305,1.43027,1.25121,1.28462,0.00489325,0.00489325,0.00489325
621,7839.67,1.4903,1.38832,1.28969,0.84533,0.66809,0.77331,0.50462,1.43116,1.24936,1.28353,0.004885,0.004885,0.004885
622,7856.16,1.49873,1.41122,1.29492,0.84221,0.67005,0.77093,0.50748,1.42745,1.24808,1.28107,0.00487675,0.00487675,0.00487675
623,7866.65,1.49173,1.39504,1.2987,0.82241,0.67447,0.77177,0.50544,1.42753,1.24744,1.27964,0.0048685,0.0048685,0.0048685
624,7876.51,1.51819,1.42387,1.30915,0.77754,0.7,0.77334,0.50592,1.42699,1.24293,1.27596,0.00486025,0.00486025,0.00486025
625,7886.81,1.48784,1.40155,1.29763,0.82054,0.68097,0.77558,0.50668,1.42607,1.24232,1.27472,0.004852,0.004852,0.004852
626,7901.18,1.50825,1.40534,1.30529,0.78481,0.69061,0.77242,0.50529,1.42398,1.24566,1.2747,0.00484375,0.00484375,0.00484375
627,7917.84,1.50493,1.43369,1.3041,0.83097,0.65957,0.77237,0.50369,1.4191,1.23985,1.27042,0.0048355,0.0048355,0.0048355
628,7929.11,1.4723,1.36862,1.27526,0.83099,0.6617,0.77519,0.5014,1.41979,1.23801,1.26925,0.00482725,0.00482725,0.00482725
629,7939.19,1.48665,1.40362,1.30816,0.83346,0.66809,0.77731,0.50369,1.41671,1.23143,1.26903,0.004819,0.004819,0.004819
630,7949.39,1.4866,1.39503,1.2962,0.81766,0.67742,0.77919,0.50401,1.41644,1.2297,1.26812,0.00481075,0.00481075,0.00481075
631,7963.34,1.4999,1.38854,1.3126,0.83437,0.6766,0.78336,0.50824,1.41896,1.22748,1.26835,0.0048025,0.0048025,0.0048025
632,7980.82,1.47819,1.37442,1.28717,0.83748,0.68511,0.78401,0.51079,1.41845,1.22389,1.26817,0.00479425,0.00479425,0.00479425
633,7992.83,1.46497,1.33693,1.27444,0.83255,0.69362,0.7876,0.51065,1.4166,1.22106,1.26743,0.004786,0.004786,0.004786
634,8003.54,1.48455,1.37769,1.29543,0.82844,0.69574,0.78459,0.51595,1.41152,1.22008,1.26928,0.00477775,0.00477775,0.00477775
635,8014.02,1.49432,1.3637,1.30614,0.8434,0.69902,0.78704,0.51877,1.4048,1.22152,1.26784,0.0047695,0.0047695,0.0047695
636,8029.03,1.46869,1.37572,1.28175,0.84153,0.68511,0.78994,0.52095,1.40214,1.21765,1.26812,0.00476125,0.00476125,0.00476125
637,8046.17,1.45619,1.35398,1.29053,0.84097,0.68723,0.79018,0.52298,1.40134,1.21784,1.27053,0.004753,0.004753,0.004753
638,8057.51,1.46134,1.36821,1.2867,0.85109,0.68085,0.78918,0.5222,1.39904,1.21763,1.26846,0.00474475,0.00474475,0.00474475
639,8067.75,1.47796,1.3715,1.29274,0.86234,0.68298,0.79092,0.52675,1.39562,1.21186,1.26698,0.0047365,0.0047365,0.0047365
640,8078.3,1.4666,1.34626,1.27277,0.8652,0.68085,0.79198,0.52695,1.39231,1.20739,1.27009,0.00472825,0.00472825,0.00472825
641,8093.62,1.4613,1.35819,1.27982,0.87411,0.67959,0.7922,0.52557,1.38829,1.20214,1.26922,0.00472,0.00472,0.00472
642,8110.12,1.45777,1.35847,1.28725,0.88648,0.6812,0.79571,0.52899,1.38354,1.19962,1.26895,0.00471175,0.00471175,0.00471175
643,8121.01,1.47061,1.36578,1.29483,0.8806,0.68723,0.79834,0.52957,1.37903,1.196,1.27011,0.0047035,0.0047035,0.0047035
644,8131.69,1.46877,1.35785,1.29196,0.86742,0.69574,0.80208,0.52985,1.37762,1.19763,1.27241,0.00469525,0.00469525,0.00469525
645,8142.27,1.45283,1.33145,1.27703,0.88278,0.69574,0.80073,0.53152,1.37902,1.19913,1.2724,0.004687,0.004687,0.004687
646,8158.14,1.47233,1.37179,1.28504,0.88363,0.68511,0.79842,0.53215,1.3796,1.19743,1.27313,0.00467875,0.00467875,0.00467875
647,8174.85,1.45732,1.36284,1.28007,0.87537,0.68746,0.79799,0.5296,1.38209,1.19496,1.2719,0.0046705,0.0046705,0.0046705
648,8185.09,1.47513,1.38308,1.29536,0.87421,0.68018,0.79631,0.52525,1.38312,1.19521,1.27225,0.00466225,0.00466225,0.00466225
649,8195.39,1.43809,1.3228,1.2735,0.84367,0.69574,0.79866,0.5294,1.38014,1.19102,1.27213,0.004654,0.004654,0.004654
650,8205.68,1.45918,1.34551,1.2795,0.84835,0.69032,0.79882,0.53186,1.3738,1.18315,1.27044,0.00464575,0.00464575,0.00464575
651,8220.91,1.42572,1.32491,1.27398,0.84368,0.69787,0.79728,0.53166,1.37179,1.17668,1.26897,0.0046375,0.0046375,0.0046375
652,8237.21,1.44728,1.33708,1.27101,0.83349,0.7,0.79818,0.5352,1.36844,1.1736,1.26713,0.00462925,0.00462925,0.00462925
653,8247.94,1.44899,1.34729,1.28131,0.83112,0.7,0.79869,0.53367,1.37005,1.17001,1.26515,0.004621,0.004621,0.004621
654,8258.1,1.47918,1.35557,1.29492,0.84151,0.70043,0.79915,0.53502,1.36413,1.16375,1.26212,0.00461275,0.00461275,0.00461275
655,8268.2,1.46161,1.35249,1.28592,0.87039,0.69149,0.79998,0.53319,1.36517,1.16203,1.26066,0.0046045,0.0046045,0.0046045
656,8282.95,1.46511,1.34404,1.28911,0.83361,0.70426,0.80071,0.53506,1.36635,1.16362,1.26049,0.00459625,0.00459625,0.00459625
657,8300.51,1.44834,1.33981,1.2774,0.82708,0.70218,0.80085,0.53522,1.36676,1.16427,1.25948,0.004588,0.004588,0.004588
658,8311.43,1.42308,1.30705,1.2748,0.8207,0.71092,0.80269,0.53765,1.36409,1.16099,1.25672,0.00457975,0.00457975,0.00457975
659,8321.99,1.4425,1.32635,1.26316,0.82274,0.71489,0.80377,0.53946,1.36007,1.15809,1.25444,0.0045715,0.0045715,0.0045715
660,8332.28,1.4641,1.34115,1.27986,0.82353,0.72128,0.80404,0.53739,1.35579,1.15383,1.25332,0.00456325,0.00456325,0.00456325
661,8346.91,1.41537,1.31088,1.2596,0.8362,0.72128,0.80717,0.5389,1.35252,1.14802,1.251,0.004555,0.004555,0.004555
662,8363.62,1.41125,1.30892,1.25518,0.85549,0.71277,0.80872,0.54025,1.35211,1.14491,1.2498,0.00454675,0.00454675,0.00454675
663,8374.72,1.43893,1.30294,1.27017,0.85036,0.71339,0.80674,0.54136,1.34981,1.14374,1.25012,0.0045385,0.0045385,0.0045385
664,8385.27,1.4409,1.31135,1.25885,0.84303,0.72128,0.80321,0.5426,1.34977,1.14063,1.25095,0.00453025,0.00453025,0.00453025
665,8395.82,1.41298,1.29888,1.26096,0.84875,0.71634,0.80401,0.54374,1.34998,1.13497,1.24937,0.004522,0.004522,0.004522
666,8411.5,1.40551,1.29136,1.25428,0.84283,0.71489,0.80419,0.54522,1.34666,1.13202,1.24787,0.00451375,0.00451375,0.00451375
667,8428.45,1.40274,1.28784,1.25083,0.86159,0.71518,0.81023,0.54754,1.34176,1.12895,1.24532,0.0045055,0.0045055,0.0045055
668,8438.96,1.45475,1.32845,1.28463,0.86757,0.70851,0.81156,0.54969,1.33787,1.1261,1.2429,0.00449725,0.00449725,0.00449725
669,8449.57,1.42927,1.30494,1.26921,0.84715,0.71489,0.81541,0.54972,1.33551,1.12307,1.24103,0.004489,0.004489,0.004489
670,8460.16,1.42432,1.32306,1.26253,0.86346,0.71489,0.81251,0.55117,1.33246,1.11835,1.2386,0.00448075,0.00448075,0.00448075
671,8476.08,1.48345,1.38348,1.28261,0.85229,0.71915,0.81489,0.54982,1.33382,1.11847,1.23873,0.0044725,0.0044725,0.0044725
672,8492.4,1.4047,1.29588,1.24573,0.85678,0.71277,0.8153,0.55029,1.32996,1.1171,1.23649,0.00446425,0.00446425,0.00446425
673,8502.62,1.43227,1.3359,1.26075,0.85876,0.71489,0.81762,0.5517,1.32947,1.11436,1.23258,0.004456,0.004456,0.004456
674,8513.08,1.40434,1.28738,1.24188,0.8587,0.71489,0.81889,0.55028,1.32842,1.10817,1.22941,0.00444775,0.00444775,0.00444775
675,8523.23,1.40561,1.28326,1.25934,0.85828,0.70872,0.82029,0.55178,1.32644,1.107,1.22796,0.0044395,0.0044395,0.0044395
676,8539.53,1.43227,1.30391,1.25608,0.85185,0.71277,0.81923,0.55168,1.32371,1.10692,1.22626,0.00443125,0.00443125,0.00443125
677,8555.97,1.40566,1.26901,1.24784,0.86032,0.70638,0.81995,0.55217,1.32288,1.10553,1.22545,0.004423,0.004423,0.004423
678,8566.63,1.40784,1.29011,1.25276,0.86713,0.70851,0.81785,0.55206,1.32182,1.10101,1.22368,0.00441475,0.00441475,0.00441475
679,8576.93,1.39823,1.28319,1.24674,0.87773,0.70213,0.8181,0.55265,1.31599,1.10063,1.22028,0.0044065,0.0044065,0.0044065
680,8587.47,1.41045,1.29425,1.2516,0.88304,0.69787,0.81745,0.55418,1.31233,1.09742,1.21837,0.00439825,0.00439825,0.00439825
681,8603.68,1.41605,1.29744,1.26172,0.87469,0.70426,0.81712,0.55294,1.31215,1.09633,1.21867,0.00439,0.00439,0.00439
682,8619.52,1.41355,1.28369,1.26239,0.88562,0.69149,0.81784,0.55486,1.31307,1.09437,1.21844,0.00438175,0.00438175,0.00438175
683,8630.14,1.4277,1.31363,1.26059,0.87215,0.70851,0.81868,0.55568,1.3144,1.09504,1.21889,0.0043735,0.0043735,0.0043735
684,8640.76,1.41401,1.30535,1.25922,0.86056,0.71489,0.8199,0.55348,1.31366,1.09317,1.21955,0.00436525,0.00436525,0.00436525
685,8650.98,1.39823,1.2845,1.24472,0.8581,0.72055,0.82041,0.55543,1.31085,1.09252,1.21926,0.004357,0.004357,0.004357
686,8666.71,1.38521,1.2712,1.24474,0.85167,0.7234,0.81948,0.55767,1.30941,1.0923,1.21908,0.00434875,0.00434875,0.00434875
687,8683.03,1.39201,1.26314,1.23665,0.85489,0.72128,0.82111,0.55648,1.30796,1.09109,1.21827,0.0043405,0.0043405,0.0043405
688,8693.21,1.40308,1.26493,1.24776,0.86657,0.71489,0.82194,0.55659,1.30658,1.08781,1.21799,0.00433225,0.00433225,0.00433225
689,8703.45,1.37691,1.2429,1.24204,0.86491,0.71702,0.82339,0.55895,1.30518,1.08567,1.21773,0.004324,0.004324,0.004324
690,8714.03,1.38943,1.26892,1.24682,0.85574,0.73204,0.82574,0.55937,1.30671,1.08542,1.21771,0.00431575,0.00431575,0.00431575
691,8729.89,1.39155,1.26004,1.23608,0.86233,0.72979,0.82561,0.56052,1.30747,1.08442,1.21593,0.0043075,0.0043075,0.0043075
692,8746.61,1.38394,1.27052,1.24056,0.85832,0.73191,0.82711,0.56023,1.30904,1.08174,1.21569,0.00429925,0.00429925,0.00429925
693,8756.78,1.4043,1.27907,1.25762,0.85802,0.73404,0.82765,0.56055,1.31229,1.08029,1.21621,0.004291,0.004291,0.004291
694,8767.28,1.34186,1.21982,1.22369,0.86466,0.734,0.82914,0.55933,1.31565,1.07727,1.21719,0.00428275,0.00428275,0.00428275
695,8777.52,1.37939,1.24287,1.23949,0.85653,0.7383,0.8287,0.55961,1.31636,1.0775,1.21789,0.0042745,0.0042745,0.0042745
696,8792.76,1.3824,1.25892,1.24128,0.85908,0.73931,0.83089,0.5596,1.3158,1.07667,1.21909,0.00426625,0.00426625,0.00426625
697,8809.11,1.44358,1.30313,1.26097,0.85615,0.73445,0.83174,0.55913,1.31388,1.07737,1.21933,0.004258,0.004258,0.004258
698,8819.48,1.38289,1.24264,1.24438,0.85646,0.73191,0.83291,0.55991,1.31314,1.07743,1.21838,0.00424975,0.00424975,0.00424975
699,8829.7,1.37695,1.2268,1.2302,0.87691,0.71064,0.83519,0.56297,1.31278,1.07434,1.21834,0.0042415,0.0042415,0.0042415
700,8840.19,1.37041,1.21965,1.2276,0.88495,0.70638,0.83684,0.56337,1.31189,1.07503,1.21868,0.00423325,0.00423325,0.00423325
701,8855.67,1.37632,1.24254,1.23521,0.87647,0.72461,0.83813,0.56529,1.3093,1.07526,1.21731,0.004225,0.004225,0.004225
702,8872.66,1.35753,1.25376,1.23618,0.86599,0.72873,0.83772,0.56624,1.30802,1.07347,1.2166,0.00421675,0.00421675,0.00421675
703,8883.25,1.36073,1.2191,1.22421,0.86064,0.72553,0.83852,0.56681,1.30569,1.07175,1.21443,0.0042085,0.0042085,0.0042085
704,8893.86,1.37612,1.23307,1.22833,0.85761,0.72553,0.83915,0.56622,1.3033,1.06998,1.21065,0.00420025,0.00420025,0.00420025
705,8904.1,1.37118,1.22892,1.22607,0.86602,0.72766,0.83938,0.56654,1.30243,1.06442,1.20939,0.004192,0.004192,0.004192
706,8919.19,1.38555,1.23339,1.22657,0.88133,0.7234,0.83954,0.56519,1.29872,1.06184,1.20867,0.00418375,0.00418375,0.00418375
707,8935.3,1.37473,1.23681,1.23312,0.87943,0.71702,0.83663,0.56584,1.296,1.06132,1.20851,0.0041755,0.0041755,0.0041755
708,8946.41,1.40502,1.29768,1.2483,0.8887,0.72766,0.84006,0.56843,1.29111,1.05914,1.20746,0.00416725,0.00416725,0.00416725
709,8956.99,1.35147,1.23826,1.23763,0.89198,0.73793,0.84374,0.57126,1.28538,1.05294,1.20432,0.004159,0.004159,0.004159
710,8967.59,1.37848,1.27119,1.23822,0.89302,0.72766,0.84282,0.57407,1.27976,1.04949,1.20243,0.00415075,0.00415075,0.00415075
711,8982.16,1.34784,1.21714,1.2276,0.89076,0.72865,0.84321,0.57373,1.27559,1.04641,1.20181,0.0041425,0.0041425,0.0041425
712,8998.61,1.37833,1.22974,1.22895,0.89506,0.72588,0.84302,0.57645,1.27012,1.0448,1.20059,0.00413425,0.00413425,0.00413425
713,9010.46,1.38278,1.25234,1.23873,0.90219,0.72618,0.84364,0.57748,1.26517,1.04095,1.19889,0.004126,0.004126,0.004126
714,9021,1.34388,1.21223,1.22175,0.90731,0.7289,0.84837,0.57934,1.26038,1.03887,1.19646,0.00411775,0.00411775,0.00411775
715,9031.59,1.36424,1.23919,1.2304,0.90002,0.72979,0.84974,0.58013,1.25895,1.03786,1.19505,0.0041095,0.0041095,0.0041095
716,9046.37,1.36595,1.21656,1.226,0.90975,0.72979,0.85147,0.58186,1.25593,1.03623,1.19362,0.00410125,0.00410125,0.00410125
717,9063.75,1.33968,1.19846,1.22971,0.90005,0.73617,0.84911,0.58258,1.2522,1.03499,1.19266,0.004093,0.004093,0.004093
718,9075.16,1.33711,1.21312,1.21967,0.89659,0.74255,0.84849,0.58402,1.24781,1.03263,1.19178,0.00408475,0.00408475,0.00408475
719,9085.7,1.35187,1.19884,1.23038,0.90578,0.73633,0.84926,0.58476,1.24492,1.03056,1.1902,0.0040765,0.0040765,0.0040765
720,9096.19,1.37139,1.22477,1.23164,0.906,0.74043,0.85088,0.58652,1.24295,1.02749,1.18843,0.00406825,0.00406825,0.00406825
721,9111.71,1.35901,1.21584,1.22037,0.90978,0.74255,0.85145,0.58849,1.24122,1.02265,1.18816,0.00406,0.00406,0.00406
722,9128.72,1.32038,1.1892,1.21051,0.90464,0.74043,0.85085,0.58726,1.23997,1.02146,1.18738,0.00405175,0.00405175,0.00405175
723,9138.83,1.35285,1.19201,1.22395,0.90381,0.73971,0.84996,0.58741,1.23973,1.0208,1.18804,0.0040435,0.0040435,0.0040435
724,9149.1,1.33355,1.18717,1.21276,0.9088,0.74209,0.85039,0.5866,1.23878,1.02045,1.18682,0.00403525,0.00403525,0.00403525
725,9159.29,1.35125,1.20606,1.20792,0.90914,0.74894,0.84829,0.58615,1.23643,1.02044,1.18611,0.004027,0.004027,0.004027
726,9173.91,1.34016,1.20637,1.22445,0.92093,0.74338,0.84874,0.5878,1.23575,1.01785,1.18603,0.00401875,0.00401875,0.00401875
727,9190.31,1.3282,1.19289,1.20528,0.91537,0.74681,0.84982,0.59007,1.23668,1.01487,1.1859,0.0040105,0.0040105,0.0040105
728,9202.2,1.35054,1.21132,1.21396,0.91741,0.74681,0.85015,0.58959,1.23796,1.01559,1.18544,0.00400225,0.00400225,0.00400225
729,9212.41,1.35322,1.22522,1.22096,0.92771,0.75106,0.85221,0.58866,1.23845,1.01519,1.18507,0.003994,0.003994,0.003994
730,9222.62,1.34611,1.18407,1.21267,0.92332,0.75532,0.8537,0.59078,1.23716,1.01394,1.18409,0.00398575,0.00398575,0.00398575
731,9237.73,1.33998,1.20389,1.21601,0.91715,0.75745,0.8543,0.59069,1.2353,1.01234,1.18373,0.0039775,0.0039775,0.0039775
732,9253.81,1.33219,1.17312,1.21463,0.91202,0.75957,0.85381,0.59158,1.23448,1.01226,1.18262,0.00396925,0.00396925,0.00396925
733,9265.41,1.35504,1.20838,1.21951,0.91498,0.75566,0.85641,0.59459,1.23412,1.00862,1.18201,0.003961,0.003961,0.003961
734,9276,1.33139,1.16302,1.19987,0.92147,0.75745,0.8581,0.59406,1.23358,1.00608,1.18027,0.00395275,0.00395275,0.00395275
735,9286.07,1.32218,1.18051,1.2068,0.91535,0.75957,0.85789,0.59702,1.23199,1.00382,1.17916,0.0039445,0.0039445,0.0039445
736,9301.27,1.31594,1.16572,1.19758,0.91767,0.75893,0.85817,0.59505,1.23167,1.00098,1.17902,0.00393625,0.00393625,0.00393625
737,9317.58,1.32535,1.17255,1.20574,0.91393,0.75745,0.85609,0.59501,1.23063,1.00103,1.179,0.003928,0.003928,0.003928
738,9327.75,1.31313,1.15367,1.20096,0.9085,0.7617,0.85581,0.59543,1.22842,1.00069,1.17911,0.00391975,0.00391975,0.00391975
739,9337.95,1.31933,1.15186,1.20736,0.91538,0.75532,0.85633,0.59666,1.22703,0.99863,1.17773,0.0039115,0.0039115,0.0039115
740,9348.19,1.3332,1.18553,1.21341,0.91434,0.75745,0.85864,0.59663,1.22531,0.99779,1.17775,0.00390325,0.00390325,0.00390325
741,9363.12,1.32678,1.18343,1.21052,0.91325,0.76153,0.8593,0.5971,1.22555,0.99577,1.17852,0.003895,0.003895,0.003895
742,9380.47,1.30527,1.154,1.20269,0.90844,0.75997,0.85942,0.59696,1.22482,0.99376,1.17806,0.00388675,0.00388675,0.00388675
743,9390.71,1.31652,1.16704,1.20664,0.90182,0.76216,0.85818,0.5976,1.22348,0.99313,1.17718,0.0038785,0.0038785,0.0038785
744,9401.07,1.30869,1.1418,1.2017,0.90091,0.75745,0.85846,0.59855,1.22263,0.9927,1.17801,0.00387025,0.00387025,0.00387025
745,9411.54,1.31663,1.19007,1.19735,0.8991,0.75839,0.85792,0.5974,1.22348,0.99218,1.17816,0.003862,0.003862,0.003862
746,9426.34,1.33384,1.1882,1.21558,0.89864,0.75745,0.85813,0.59914,1.22308,0.99199,1.17783,0.00385375,0.00385375,0.00385375
747,9443.66,1.31367,1.17639,1.20455,0.89372,0.75149,0.8572,0.59913,1.22269,0.99104,1.17712,0.0038455,0.0038455,0.0038455
748,9453.98,1.30475,1.15047,1.19701,0.9003,0.75957,0.85768,0.59733,1.22147,0.99122,1.17665,0.00383725,0.00383725,0.00383725
749,9464.18,1.27747,1.13103,1.18832,0.90932,0.75957,0.85872,0.59636,1.22039,0.99122,1.17504,0.003829,0.003829,0.003829
750,9474.4,1.32036,1.16387,1.20328,0.90614,0.76383,0.85993,0.5953,1.22042,0.99107,1.17434,0.00382075,0.00382075,0.00382075
751,9489.03,1.30574,1.17058,1.20975,0.91017,0.76596,0.86146,0.59661,1.2197,0.99146,1.17411,0.0038125,0.0038125,0.0038125
752,9505.42,1.32199,1.1709,1.21032,0.91145,0.76809,0.86038,0.59783,1.21829,0.9929,1.17365,0.00380425,0.00380425,0.00380425
753,9516.37,1.31623,1.15464,1.19597,0.91411,0.76988,0.86088,0.59582,1.2172,0.9929,1.1727,0.003796,0.003796,0.003796
754,9526.74,1.29819,1.1511,1.19783,0.90447,0.77021,0.8617,0.59706,1.21668,0.99213,1.1719,0.00378775,0.00378775,0.00378775
755,9537,1.31005,1.14435,1.20312,0.90278,0.77021,0.86199,0.59895,1.21541,0.99082,1.17084,0.0037795,0.0037795,0.0037795
756,9551.97,1.29402,1.15382,1.19883,0.90254,0.77021,0.86144,0.59948,1.21298,0.98862,1.16923,0.00377125,0.00377125,0.00377125
757,9569.2,1.29085,1.14971,1.19514,0.90523,0.77231,0.86261,0.59863,1.21268,0.98709,1.16856,0.003763,0.003763,0.003763
758,9579.95,1.30463,1.16072,1.19131,0.89892,0.77234,0.86204,0.59881,1.21246,0.98406,1.16802,0.00375475,0.00375475,0.00375475
759,9590.04,1.28682,1.12844,1.18507,0.90127,0.77234,0.86181,0.59892,1.21108,0.98295,1.16673,0.0037465,0.0037465,0.0037465
760,9600.24,1.29021,1.14258,1.19724,0.90051,0.76809,0.86145,0.59818,1.20984,0.98105,1.16609,0.00373825,0.00373825,0.00373825
761,9613.91,1.27659,1.11833,1.18363,0.90324,0.77021,0.86221,0.59988,1.20903,0.97868,1.16502,0.00373,0.00373,0.00373
762,9631.49,1.2694,1.12861,1.19097,0.90631,0.77234,0.86294,0.59892,1.20994,0.97648,1.16537,0.00372175,0.00372175,0.00372175
763,9642.72,1.30075,1.1489,1.19248,0.90016,0.77234,0.86334,0.59876,1.20994,0.97333,1.16457,0.0037135,0.0037135,0.0037135
764,9652.91,1.31049,1.152,1.19998,0.89837,0.7711,0.86427,0.6013,1.20995,0.97397,1.16401,0.00370525,0.00370525,0.00370525
765,9663.5,1.26912,1.11437,1.17297,0.89816,0.76937,0.86426,0.60071,1.21058,0.97464,1.16383,0.003697,0.003697,0.003697
766,9677.16,1.28484,1.11771,1.18966,0.90086,0.76809,0.86455,0.6013,1.20905,0.97292,1.16292,0.00368875,0.00368875,0.00368875
767,9694.67,1.28862,1.14132,1.17535,0.90474,0.76383,0.86463,0.6035,1.20631,0.96934,1.16151,0.0036805,0.0036805,0.0036805
768,9706.7,1.28669,1.10752,1.18011,0.91101,0.7617,0.86549,0.60402,1.20517,0.96786,1.16058,0.00367225,0.00367225,0.00367225
769,9717.32,1.2873,1.13268,1.18614,0.91758,0.75794,0.86576,0.60296,1.20374,0.96771,1.15975,0.003664,0.003664,0.003664
770,9727.63,1.27643,1.11222,1.18314,0.92009,0.75941,0.86504,0.60435,1.20352,0.96755,1.15956,0.00365575,0.00365575,0.00365575
771,9742.21,1.29266,1.13814,1.19877,0.92018,0.76036,0.86518,0.60313,1.20321,0.96771,1.15911,0.0036475,0.0036475,0.0036475
772,9758.79,1.31674,1.16265,1.19421,0.91524,0.75815,0.86488,0.60408,1.20223,0.96751,1.15812,0.00363925,0.00363925,0.00363925
773,9770.01,1.28213,1.1335,1.18446,0.90733,0.7617,0.86638,0.60583,1.19955,0.96489,1.15738,0.003631,0.003631,0.003631
774,9780.57,1.30104,1.13348,1.18136,0.91675,0.75745,0.86591,0.60438,1.19826,0.96399,1.15684,0.00362275,0.00362275,0.00362275
775,9790.76,1.29273,1.14213,1.18656,0.92458,0.75641,0.86573,0.60468,1.19716,0.96371,1.1557,0.0036145,0.0036145,0.0036145
776,9804.58,1.283,1.14603,1.18789,0.91973,0.75532,0.86568,0.6074,1.19766,0.96261,1.1552,0.00360625,0.00360625,0.00360625
777,9822.22,1.27317,1.12865,1.18088,0.92519,0.75532,0.8652,0.60453,1.19867,0.96096,1.15388,0.003598,0.003598,0.003598
778,9833.26,1.31585,1.16508,1.19267,0.9152,0.75772,0.86613,0.60558,1.19671,0.96106,1.15225,0.00358975,0.00358975,0.00358975
779,9843.3,1.26956,1.11751,1.17602,0.92135,0.75532,0.86645,0.60818,1.1941,0.95994,1.15091,0.0035815,0.0035815,0.0035815
780,9853.9,1.29404,1.13005,1.19139,0.91982,0.75532,0.86691,0.6082,1.19334,0.95903,1.15049,0.00357325,0.00357325,0.00357325
781,9868.28,1.27514,1.1215,1.19617,0.92009,0.75945,0.8666,0.6093,1.1923,0.95742,1.1496,0.003565,0.003565,0.003565
782,9885.86,1.26653,1.1118,1.17754,0.92284,0.75957,0.86691,0.60879,1.19215,0.95393,1.14909,0.00355675,0.00355675,0.00355675
783,9896.98,1.26445,1.10355,1.17074,0.91974,0.76383,0.8676,0.60902,1.19147,0.95169,1.14883,0.0035485,0.0035485,0.0035485
784,9907.27,1.2845,1.1004,1.1807,0.92275,0.76245,0.86704,0.60884,1.19,0.95132,1.14711,0.00354025,0.00354025,0.00354025
785,9917.65,1.28533,1.13632,1.17666,0.91796,0.76178,0.86653,0.60923,1.18884,0.95154,1.14653,0.003532,0.003532,0.003532
786,9931.74,1.25978,1.10735,1.16595,0.92016,0.76017,0.86743,0.60898,1.18819,0.9522,1.14573,0.00352375,0.00352375,0.00352375
787,9948.3,1.26805,1.1102,1.17115,0.91783,0.76048,0.86758,0.61239,1.18737,0.95028,1.14509,0.0035155,0.0035155,0.0035155
788,9960.6,1.26839,1.1046,1.17247,0.91669,0.76383,0.8684,0.61213,1.18639,0.94897,1.14438,0.00350725,0.00350725,0.00350725
789,9970.77,1.25996,1.09801,1.16552,0.9117,0.76892,0.86879,0.61038,1.18546,0.94762,1.14311,0.003499,0.003499,0.003499
790,9981.01,1.31212,1.1457,1.19301,0.91172,0.76383,0.86901,0.60831,1.18358,0.94765,1.14259,0.00349075,0.00349075,0.00349075
791,9994.96,1.2528,1.08872,1.1684,0.91511,0.76596,0.86852,0.61057,1.18162,0.9457,1.14102,0.0034825,0.0034825,0.0034825
792,10011.2,1.25827,1.10513,1.16933,0.90304,0.76596,0.86861,0.6121,1.18132,0.94421,1.14129,0.00347425,0.00347425,0.00347425
793,10023,1.25349,1.09356,1.16587,0.90805,0.76596,0.86872,0.61459,1.18171,0.94254,1.14103,0.003466,0.003466,0.003466
794,10033.6,1.24573,1.08586,1.16506,0.90547,0.76596,0.86979,0.61551,1.18124,0.94029,1.14031,0.00345775,0.00345775,0.00345775
795,10044.2,1.27748,1.13046,1.17972,0.92459,0.7565,0.87036,0.61442,1.18054,0.93974,1.13916,0.0034495,0.0034495,0.0034495
796,10057.8,1.2545,1.1243,1.17504,0.92415,0.75745,0.87142,0.61488,1.17957,0.93899,1.13909,0.00344125,0.00344125,0.00344125
797,10074.3,1.25097,1.11237,1.17515,0.9229,0.75957,0.87147,0.61632,1.17975,0.93814,1.13869,0.003433,0.003433,0.003433
798,10086.9,1.26344,1.08639,1.16634,0.92194,0.7617,0.87411,0.61646,1.17959,0.93759,1.13841,0.00342475,0.00342475,0.00342475
799,10097.5,1.2623,1.10531,1.16861,0.92491,0.76,0.87422,0.61746,1.17973,0.93634,1.13769,0.0034165,0.0034165,0.0034165
800,10108,1.25441,1.09245,1.16989,0.92855,0.75957,0.87504,0.6188,1.17888,0.93654,1.13663,0.00340825,0.00340825,0.00340825
801,10122.6,1.28181,1.11932,1.18692,0.93313,0.75745,0.87535,0.61889,1.17723,0.93475,1.13557,0.0034,0.0034,0.0034
802,10140.2,1.23824,1.06205,1.15539,0.93846,0.75745,0.87602,0.61957,1.17533,0.9324,1.13489,0.00339175,0.00339175,0.00339175
803,10152.1,1.25962,1.08204,1.15947,0.93441,0.75775,0.87664,0.62151,1.17396,0.92964,1.13455,0.0033835,0.0033835,0.0033835
804,10162.6,1.26176,1.10008,1.17646,0.93046,0.75957,0.87653,0.62232,1.17271,0.92845,1.13364,0.00337525,0.00337525,0.00337525
805,10173.1,1.2399,1.07482,1.15597,0.93206,0.75892,0.87638,0.62132,1.17224,0.9253,1.1331,0.003367,0.003367,0.003367
806,10187.9,1.24149,1.07415,1.15429,0.93387,0.75745,0.87676,0.62429,1.17224,0.92309,1.13292,0.00335875,0.00335875,0.00335875
807,10204.6,1.24984,1.11058,1.16918,0.92665,0.75745,0.87749,0.62429,1.17099,0.92121,1.13229,0.0033505,0.0033505,0.0033505
808,10215.9,1.23185,1.06637,1.15329,0.93065,0.75532,0.87776,0.62443,1.16914,0.91945,1.13164,0.00334225,0.00334225,0.00334225
809,10226.5,1.24996,1.10424,1.17569,0.94144,0.75259,0.87856,0.62436,1.16945,0.91702,1.13128,0.003334,0.003334,0.003334
810,10237.1,1.2269,1.05372,1.15489,0.94142,0.7522,0.87798,0.62212,1.16922,0.91698,1.13107,0.00332575,0.00332575,0.00332575
811,10252.2,1.25704,1.08921,1.17272,0.93337,0.76383,0.87879,0.62375,1.16753,0.91508,1.13059,0.0033175,0.0033175,0.0033175
812,10268.9,1.22628,1.067,1.17075,0.91263,0.77787,0.87894,0.62414,1.16641,0.91363,1.13005,0.00330925,0.00330925,0.00330925
813,10279.3,1.24675,1.08736,1.1616,0.91063,0.77447,0.8788,0.62535,1.16593,0.91324,1.12995,0.003301,0.003301,0.003301
814,10289.7,1.22828,1.0574,1.15549,0.91711,0.77687,0.87895,0.62398,1.16592,0.913,1.12924,0.00329275,0.00329275,0.00329275
815,10299.9,1.23086,1.04948,1.14997,0.91701,0.7758,0.87943,0.62567,1.16572,0.91328,1.12962,0.0032845,0.0032845,0.0032845
816,10315.1,1.22345,1.07647,1.16093,0.91715,0.77723,0.88007,0.62601,1.16692,0.91279,1.12964,0.00327625,0.00327625,0.00327625
817,10332.7,1.21938,1.07083,1.14823,0.9161,0.7766,0.88028,0.62393,1.16781,0.91175,1.12918,0.003268,0.003268,0.003268
818,10343,1.25803,1.08835,1.16617,0.91533,0.78511,0.88016,0.62318,1.16825,0.91112,1.12896,0.00325975,0.00325975,0.00325975
819,10353.2,1.24931,1.0997,1.16741,0.90579,0.79782,0.8807,0.62328,1.16807,0.91124,1.12819,0.0032515,0.0032515,0.0032515
820,10363.5,1.24647,1.07371,1.1712,0.90303,0.79252,0.88008,0.62307,1.16787,0.91107,1.12789,0.00324325,0.00324325,0.00324325
821,10378.1,1.22323,1.04823,1.1484,0.89963,0.79149,0.88024,0.62339,1.16811,0.91012,1.12726,0.003235,0.003235,0.003235
822,10394.5,1.23382,1.05399,1.15047,0.89997,0.79149,0.87995,0.62225,1.16872,0.91029,1.127,0.00322675,0.00322675,0.00322675
823,10405.8,1.2413,1.07254,1.15614,0.90481,0.78877,0.88044,0.62318,1.16942,0.91021,1.12697,0.0032185,0.0032185,0.0032185
824,10416,1.2082,1.05486,1.14713,0.90774,0.79149,0.88109,0.62315,1.16977,0.90891,1.12755,0.00321025,0.00321025,0.00321025
825,10426.2,1.25565,1.10221,1.16601,0.91,0.79149,0.88152,0.62343,1.16874,0.90807,1.12685,0.003202,0.003202,0.003202
826,10440.7,1.23202,1.08308,1.16415,0.91337,0.7851,0.88133,0.62339,1.16844,0.90776,1.12628,0.00319375,0.00319375,0.00319375
827,10457.2,1.21283,1.04268,1.15373,0.90921,0.78298,0.88155,0.62322,1.16873,0.90803,1.12588,0.0031855,0.0031855,0.0031855
828,10468.6,1.24116,1.07667,1.1655,0.91041,0.78085,0.88171,0.62428,1.16897,0.90775,1.12507,0.00317725,0.00317725,0.00317725
829,10478.8,1.22841,1.05017,1.15325,0.9069,0.78085,0.88267,0.62481,1.1688,0.90679,1.12463,0.003169,0.003169,0.003169
830,10489,1.21578,1.05067,1.15371,0.91402,0.78085,0.88358,0.62538,1.16729,0.90721,1.1243,0.00316075,0.00316075,0.00316075
831,10502.7,1.22081,1.05995,1.14708,0.91659,0.77872,0.88197,0.62506,1.16666,0.9076,1.12399,0.0031525,0.0031525,0.0031525
832,10519.1,1.2113,1.05915,1.15106,0.91208,0.78085,0.88328,0.6256,1.16526,0.90659,1.12372,0.00314425,0.00314425,0.00314425
833,10530.7,1.2012,1.03685,1.15199,0.90925,0.78879,0.88397,0.62709,1.16412,0.90502,1.12404,0.003136,0.003136,0.003136
834,10541.4,1.20771,1.04508,1.14455,0.90921,0.78834,0.8839,0.6275,1.16227,0.90264,1.1239,0.00312775,0.00312775,0.00312775
835,10552,1.19945,1.04379,1.15107,0.90951,0.79129,0.88393,0.62821,1.16079,0.90149,1.12355,0.0031195,0.0031195,0.0031195
836,10566.4,1.19953,1.01757,1.13166,0.91209,0.79149,0.88423,0.62767,1.15982,0.9014,1.1231,0.00311125,0.00311125,0.00311125
837,10583.3,1.20246,1.0404,1.14037,0.9141,0.7924,0.88569,0.62862,1.15891,0.9015,1.12218,0.003103,0.003103,0.003103
838,10595.3,1.23189,1.05491,1.15662,0.9145,0.79653,0.88495,0.6298,1.15743,0.90113,1.12208,0.00309475,0.00309475,0.00309475
839,10605.9,1.19386,1.03362,1.14123,0.91538,0.8,0.88684,0.63067,1.15548,0.90042,1.12141,0.0030865,0.0030865,0.0030865
840,10616.6,1.1904,1.02659,1.14801,0.91375,0.8,0.88654,0.62978,1.15441,0.89839,1.12016,0.00307825,0.00307825,0.00307825
841,10629.7,1.20617,1.03857,1.14918,0.91042,0.80007,0.8867,0.63071,1.15308,0.89737,1.12017,0.00307,0.00307,0.00307
842,10647.2,1.22168,1.04656,1.16064,0.91647,0.8,0.8875,0.62989,1.15167,0.89571,1.12015,0.00306175,0.00306175,0.00306175
843,10659.6,1.22625,1.05087,1.15178,0.91365,0.80213,0.88788,0.63213,1.15059,0.89476,1.1199,0.0030535,0.0030535,0.0030535
844,10670.1,1.22501,1.04614,1.14858,0.91466,0.80213,0.88818,0.63357,1.15011,0.8936,1.11971,0.00304525,0.00304525,0.00304525
845,10680.7,1.19955,1.0202,1.13397,0.91352,0.80213,0.88879,0.63433,1.14857,0.89274,1.11907,0.003037,0.003037,0.003037
846,10694.9,1.18374,1.02456,1.13955,0.91211,0.80213,0.88843,0.63375,1.14747,0.89129,1.11832,0.00302875,0.00302875,0.00302875
847,10710.9,1.19655,1.02338,1.14327,0.91069,0.80213,0.88858,0.63341,1.14666,0.89132,1.11855,0.0030205,0.0030205,0.0030205
848,10723.7,1.17735,1.01533,1.13737,0.89027,0.81137,0.89014,0.6343,1.14585,0.89049,1.1187,0.00301225,0.00301225,0.00301225
849,10734.3,1.18723,1.0109,1.13291,0.91685,0.79766,0.89053,0.63319,1.14389,0.88906,1.11787,0.003004,0.003004,0.003004
850,10744.6,1.19556,1.00626,1.13572,0.91593,0.79787,0.89074,0.63565,1.14216,0.88762,1.11788,0.00299575,0.00299575,0.00299575
851,10757.6,1.19523,1.02581,1.13882,0.91704,0.79149,0.89073,0.63557,1.14041,0.88737,1.11742,0.0029875,0.0029875,0.0029875
852,10774,1.20874,1.01266,1.13146,0.92289,0.78943,0.89137,0.63736,1.1394,0.88656,1.11739,0.00297925,0.00297925,0.00297925
853,10787.8,1.19543,1.00875,1.14364,0.92299,0.79047,0.89134,0.63647,1.13816,0.88612,1.11641,0.002971,0.002971,0.002971
854,10798.1,1.17362,1.0005,1.12924,0.92294,0.79001,0.89167,0.63771,1.13755,0.88591,1.11577,0.00296275,0.00296275,0.00296275
855,10808.7,1.16537,1.00763,1.13391,0.92533,0.79149,0.89194,0.63846,1.13692,0.88502,1.11492,0.0029545,0.0029545,0.0029545
856,10822.2,1.1862,1.03045,1.13593,0.92968,0.78936,0.89259,0.63883,1.13631,0.8849,1.1146,0.00294625,0.00294625,0.00294625
857,10839.5,1.18572,1.02596,1.13261,0.92952,0.78575,0.89151,0.63931,1.1362,0.88454,1.11455,0.002938,0.002938,0.002938
858,10852.6,1.17661,0.99927,1.13815,0.93179,0.7847,0.89146,0.63844,1.13532,0.88308,1.1139,0.00292975,0.00292975,0.00292975
859,10862.9,1.17121,1.00965,1.13459,0.93873,0.78298,0.89229,0.63923,1.13498,0.88198,1.11397,0.0029215,0.0029215,0.0029215
860,10873.5,1.18,1.01973,1.13332,0.94083,0.78085,0.89253,0.63942,1.13456,0.88091,1.11372,0.00291325,0.00291325,0.00291325
861,10887.8,1.16048,0.99277,1.12305,0.93088,0.78298,0.89224,0.63896,1.1347,0.88038,1.11327,0.002905,0.002905,0.002905
862,10904.3,1.20201,1.02588,1.13273,0.92627,0.78511,0.89125,0.63949,1.13395,0.88015,1.11183,0.00289675,0.00289675,0.00289675
863,10916.6,1.1648,0.99216,1.1268,0.92715,0.78531,0.89235,0.63921,1.13289,0.87995,1.11079,0.0028885,0.0028885,0.0028885
864,10926.8,1.18739,1.01333,1.133,0.93457,0.78298,0.89259,0.63902,1.13226,0.87907,1.11024,0.00288025,0.00288025,0.00288025
865,10937.1,1.18136,1.00089,1.14134,0.93118,0.78298,0.89274,0.63912,1.13179,0.87807,1.10981,0.002872,0.002872,0.002872
866,10949.7,1.18509,1.01391,1.13185,0.93435,0.78085,0.89378,0.63954,1.13076,0.87773,1.10955,0.00286375,0.00286375,0.00286375
867,10966.9,1.18622,1.01229,1.13781,0.93654,0.78085,0.89432,0.64016,1.12983,0.87653,1.10882,0.0028555,0.0028555,0.0028555
868,10980.9,1.17913,1.00515,1.12592,0.94815,0.7782,0.89419,0.64007,1.12909,0.87607,1.10837,0.00284725,0.00284725,0.00284725
869,10991.1,1.16872,0.98386,1.12656,0.94813,0.7766,0.89423,0.63968,1.12792,0.87489,1.10811,0.002839,0.002839,0.002839
870,11001.5,1.18604,1.01095,1.13219,0.94478,0.7766,0.89387,0.64004,1.12678,0.8745,1.10756,0.00283075,0.00283075,0.00283075
871,11013.4,1.16659,0.99473,1.12422,0.94254,0.77872,0.89424,0.64036,1.12596,0.87367,1.10695,0.0028225,0.0028225,0.0028225
872,11030.9,1.18319,1.00981,1.13967,0.90682,0.80757,0.89441,0.6416,1.12451,0.87309,1.10658,0.00281425,0.00281425,0.00281425
873,11045.5,1.1883,1.01234,1.13704,0.90629,0.80851,0.89452,0.64289,1.12429,0.87254,1.10676,0.002806,0.002806,0.002806
874,11056.1,1.19758,1.02596,1.14855,0.90905,0.80808,0.89514,0.64367,1.12446,0.87252,1.1069,0.00279775,0.00279775,0.00279775
875,11066.7,1.16271,0.98655,1.13013,0.91636,0.80213,0.896,0.64423,1.12408,0.87162,1.10727,0.0027895,0.0027895,0.0027895
876,11079.1,1.1796,1.01579,1.1317,0.91706,0.80213,0.89548,0.64535,1.12366,0.87093,1.10703,0.00278125,0.00278125,0.00278125
877,11096.4,1.18231,1.01254,1.13097,0.91794,0.80213,0.89588,0.64598,1.1223,0.87041,1.10647,0.002773,0.002773,0.002773
878,11110.8,1.17248,1.0072,1.12593,0.9238,0.80213,0.89605,0.64575,1.12158,0.86962,1.10629,0.00276475,0.00276475,0.00276475
879,11121.1,1.19104,1.01245,1.13459,0.92054,0.80426,0.89691,0.64522,1.12038,0.86852,1.10548,0.0027565,0.0027565,0.0027565
880,11130.9,1.17545,0.99665,1.12787,0.91971,0.8043,0.8971,0.64524,1.11823,0.86755,1.10465,0.00274825,0.00274825,0.00274825
881,11142.2,1.17658,1.00786,1.13218,0.9247,0.80426,0.89734,0.64444,1.11689,0.866,1.10364,0.00274,0.00274,0.00274
882,11158.2,1.16945,1.00242,1.1357,0.92907,0.80426,0.89764,0.64505,1.11625,0.86486,1.10347,0.00273175,0.00273175,0.00273175
883,11173.1,1.16667,1.00826,1.12899,0.93293,0.80426,0.89778,0.64522,1.11534,0.86412,1.10283,0.0027235,0.0027235,0.0027235
884,11183.3,1.16944,0.98411,1.1254,0.93327,0.80349,0.89795,0.64656,1.11417,0.86398,1.10186,0.00271525,0.00271525,0.00271525
885,11193.9,1.17939,1.03181,1.13208,0.93111,0.80526,0.89763,0.64759,1.11314,0.86358,1.10113,0.002707,0.002707,0.002707
886,11204.5,1.16162,0.98036,1.12271,0.93117,0.80596,0.89835,0.64845,1.11155,0.86294,1.10072,0.00269875,0.00269875,0.00269875
887,11220.5,1.15418,0.98688,1.11641,0.92384,0.80426,0.89836,0.64783,1.11076,0.86226,1.10026,0.0026905,0.0026905,0.0026905
888,11236.9,1.16912,0.99404,1.12129,0.92202,0.80506,0.90029,0.64759,1.10982,0.86138,1.0999,0.00268225,0.00268225,0.00268225
889,11247.2,1.16221,0.9945,1.12134,0.92091,0.80638,0.90049,0.64812,1.10842,0.86082,1.09942,0.002674,0.002674,0.002674
890,11257.4,1.16009,0.98651,1.11556,0.92244,0.80638,0.89979,0.64858,1.10822,0.86047,1.09895,0.00266575,0.00266575,0.00266575
891,11268,1.1436,0.99138,1.11499,0.92699,0.80638,0.90041,0.65038,1.10766,0.85993,1.09883,0.0026575,0.0026575,0.0026575
892,11282.9,1.14592,0.9753,1.11904,0.93391,0.80638,0.90082,0.64994,1.10691,0.85959,1.09828,0.00264925,0.00264925,0.00264925
893,11297.6,1.14692,0.97354,1.11779,0.93613,0.80851,0.90338,0.6517,1.10626,0.85827,1.09777,0.002641,0.002641,0.002641
894,11308.2,1.14864,0.98445,1.12044,0.93557,0.80851,0.9036,0.65227,1.10563,0.85746,1.0969,0.00263275,0.00263275,0.00263275
895,11318.5,1.14726,0.96012,1.11399,0.93559,0.80638,0.90375,0.6531,1.10475,0.85642,1.09633,0.0026245,0.0026245,0.0026245
896,11329.3,1.14749,0.9738,1.11173,0.93649,0.80638,0.90409,0.65257,1.10426,0.85569,1.09577,0.00261625,0.00261625,0.00261625
897,11345.4,1.12722,0.947,1.11128,0.93746,0.79734,0.90381,0.65307,1.10363,0.8545,1.09527,0.002608,0.002608,0.002608
898,11358.2,1.14965,0.97136,1.10797,0.94141,0.79574,0.90368,0.65354,1.1032,0.85344,1.09514,0.00259975,0.00259975,0.00259975
899,11368.7,1.13201,0.96199,1.11786,0.94285,0.79787,0.90325,0.65485,1.10227,0.85265,1.09449,0.0025915,0.0025915,0.0025915
900,11379.2,1.13513,0.95976,1.10788,0.94507,0.79787,0.90314,0.65528,1.10095,0.85262,1.09434,0.00258325,0.00258325,0.00258325
901,11392.2,1.1346,0.96377,1.1149,0.94595,0.79787,0.90317,0.65549,1.09991,0.85275,1.09412,0.002575,0.002575,0.002575
902,11409.3,1.1504,0.98738,1.11929,0.94706,0.79787,0.90313,0.65746,1.09884,0.85223,1.09346,0.00256675,0.00256675,0.00256675
903,11419.7,1.1272,0.95766,1.10664,0.94947,0.79954,0.90317,0.65664,1.0984,0.851,1.09323,0.0025585,0.0025585,0.0025585
904,11429.7,1.16594,0.9941,1.11597,0.95201,0.80194,0.9041,0.65637,1.09669,0.85051,1.09229,0.00255025,0.00255025,0.00255025
905,11439.8,1.14496,0.96873,1.11859,0.95201,0.80196,0.90446,0.6566,1.0962,0.84867,1.09188,0.002542,0.002542,0.002542
906,11455,1.14787,0.99215,1.11964,0.9521,0.80361,0.90437,0.6572,1.09483,0.8476,1.09155,0.00253375,0.00253375,0.00253375
907,11469,1.16896,0.99972,1.13395,0.94968,0.80314,0.90438,0.65826,1.09411,0.84631,1.09099,0.0025255,0.0025255,0.0025255
908,11479.5,1.15576,0.98703,1.12103,0.94957,0.80426,0.90441,0.6588,1.09318,0.84567,1.09048,0.00251725,0.00251725,0.00251725
909,11490,1.14074,0.98023,1.11983,0.94765,0.80426,0.90491,0.65913,1.09321,0.84433,1.09022,0.002509,0.002509,0.002509
910,11501.7,1.14788,0.96549,1.11837,0.94344,0.80426,0.90486,0.65994,1.09213,0.84409,1.08939,0.00250075,0.00250075,0.00250075
911,11519,1.14186,0.95388,1.11552,0.94457,0.80638,0.90512,0.66019,1.09161,0.84375,1.08928,0.0024925,0.0024925,0.0024925
912,11530.4,1.1284,0.92718,1.10471,0.94408,0.80638,0.9053,0.66038,1.0913,0.84299,1.08905,0.00248425,0.00248425,0.00248425
913,11540.9,1.12614,0.95282,1.10192,0.94293,0.80852,0.90544,0.66024,1.09093,0.84165,1.08882,0.002476,0.002476,0.002476
914,11551,1.14053,0.95299,1.10908,0.94536,0.80988,0.90592,0.65985,1.09041,0.8407,1.08853,0.00246775,0.00246775,0.00246775
915,11563.7,1.12901,0.93997,1.09821,0.94536,0.80989,0.90665,0.66081,1.09031,0.83961,1.08825,0.0024595,0.0024595,0.0024595
916,11579.6,1.11212,0.94671,1.10968,0.94545,0.81127,0.90682,0.65999,1.0896,0.83886,1.08827,0.00245125,0.00245125,0.00245125
917,11589.7,1.14462,0.95366,1.11774,0.94549,0.81197,0.90677,0.66057,1.08884,0.83823,1.08755,0.002443,0.002443,0.002443
918,11599.8,1.13344,0.95454,1.11368,0.94547,0.81164,0.90683,0.6612,1.08826,0.838,1.08735,0.00243475,0.00243475,0.00243475
919,11610.3,1.15859,0.95612,1.11733,0.94538,0.81017,0.90703,0.66181,1.08787,0.83758,1.08695,0.0024265,0.0024265,0.0024265
920,11625.4,1.13539,0.94368,1.11354,0.94535,0.80964,0.90704,0.66144,1.08731,0.83668,1.08678,0.00241825,0.00241825,0.00241825
921,11639,1.15744,0.96838,1.11752,0.94419,0.80851,0.90737,0.66129,1.08692,0.83648,1.08649,0.00241,0.00241,0.00241
922,11649,1.13394,0.96061,1.11267,0.94435,0.80851,0.90774,0.66192,1.08656,0.836,1.08639,0.00240175,0.00240175,0.00240175
923,11659.5,1.10802,0.93514,1.10401,0.942,0.80851,0.90783,0.66206,1.08621,0.83527,1.0862,0.0023935,0.0023935,0.0023935
924,11671,1.14346,0.97531,1.1201,0.93607,0.81002,0.9082,0.6622,1.08605,0.83446,1.08627,0.00238525,0.00238525,0.00238525
925,11688.2,1.1106,0.94139,1.1044,0.93611,0.81047,0.90839,0.66286,1.08561,0.8341,1.0863,0.002377,0.002377,0.002377
926,11699.5,1.13638,0.96305,1.11669,0.93608,0.81064,0.90855,0.66334,1.08464,0.83384,1.08646,0.00236875,0.00236875,0.00236875
927,11710,1.13502,0.95822,1.10725,0.93617,0.81129,0.90856,0.66373,1.08421,0.83334,1.08581,0.0023605,0.0023605,0.0023605
928,11720.4,1.10053,0.93126,1.10222,0.93611,0.81053,0.90887,0.66434,1.08379,0.83279,1.08557,0.00235225,0.00235225,0.00235225
929,11735.5,1.12924,0.95703,1.10841,0.93566,0.81702,0.90908,0.66492,1.08368,0.83268,1.08567,0.002344,0.002344,0.002344
930,11749.7,1.13158,0.96312,1.11274,0.92907,0.81702,0.91054,0.66451,1.08355,0.83293,1.08593,0.00233575,0.00233575,0.00233575
931,11759.8,1.11636,0.94617,1.10984,0.92967,0.81565,0.91039,0.66393,1.08335,0.83171,1.0859,0.0023275,0.0023275,0.0023275
932,11769.8,1.12844,0.96184,1.10744,0.94306,0.81043,0.91051,0.66374,1.08321,0.83079,1.0859,0.00231925,0.00231925,0.00231925
933,11781.8,1.12562,0.96625,1.10212,0.94236,0.81277,0.91109,0.66345,1.08237,0.82998,1.08562,0.002311,0.002311,0.002311
934,11798.3,1.10428,0.93613,1.10167,0.9426,0.81277,0.91101,0.66347,1.08202,0.82901,1.08532,0.00230275,0.00230275,0.00230275
935,11808.4,1.12025,0.94288,1.10514,0.94329,0.81277,0.91016,0.66426,1.08115,0.8281,1.08491,0.0022945,0.0022945,0.0022945
936,11818.5,1.12152,0.9412,1.10178,0.94417,0.81277,0.91065,0.66548,1.08037,0.82752,1.08493,0.00228625,0.00228625,0.00228625
937,11828.9,1.1114,0.93901,1.10337,0.94441,0.81277,0.90992,0.66658,1.07969,0.82798,1.08462,0.002278,0.002278,0.002278
938,11843.5,1.11777,0.95033,1.10171,0.94228,0.81277,0.90972,0.66724,1.07889,0.82807,1.08406,0.00226975,0.00226975,0.00226975
939,11857.8,1.08355,0.90231,1.08914,0.94333,0.81452,0.90957,0.66666,1.07826,0.82779,1.08376,0.0022615,0.0022615,0.0022615
940,11867.9,1.10274,0.92524,1.10442,0.94468,0.81489,0.90957,0.66668,1.07814,0.82725,1.0835,0.00225325,0.00225325,0.00225325
941,11878,1.12556,0.94126,1.11214,0.94473,0.81489,0.90969,0.66723,1.07739,0.82677,1.08371,0.002245,0.002245,0.002245
942,11889.8,1.11608,0.92951,1.10518,0.94328,0.81489,0.91077,0.66675,1.07662,0.82675,1.0833,0.00223675,0.00223675,0.00223675
943,11906.2,1.10817,0.92727,1.10204,0.92633,0.82766,0.91094,0.66652,1.07589,0.82642,1.08309,0.0022285,0.0022285,0.0022285
944,11916.2,1.11162,0.93498,1.10716,0.92687,0.82766,0.90978,0.6674,1.07549,0.82591,1.08292,0.00222025,0.00222025,0.00222025
945,11926.6,1.118,0.93513,1.10083,0.92862,0.82766,0.9099,0.66791,1.07556,0.82582,1.083,0.002212,0.002212,0.002212
946,11937,1.11512,0.94473,1.10708,0.935,0.82631,0.91004,0.66697,1.07524,0.82577,1.08306,0.00220375,0.00220375,0.00220375
947,11952.1,1.09194,0.91501,1.09051,0.93066,0.82766,0.91121,0.66815,1.0749,0.82564,1.08279,0.0021955,0.0021955,0.0021955
948,11965.8,1.11058,0.93868,1.11009,0.9332,0.82766,0.91134,0.66825,1.07459,0.82519,1.08258,0.00218725,0.00218725,0.00218725
949,11976.3,1.12489,0.93118,1.10024,0.93251,0.82979,0.91157,0.66804,1.07404,0.82462,1.08231,0.002179,0.002179,0.002179
950,11986.4,1.09739,0.94226,1.09762,0.93924,0.8222,0.91178,0.66858,1.07386,0.82389,1.08254,0.00217075,0.00217075,0.00217075
951,11999.5,1.10833,0.93974,1.10535,0.9385,0.8234,0.91194,0.66968,1.07369,0.82332,1.08249,0.0021625,0.0021625,0.0021625
952,12015.5,1.09295,0.91487,1.09179,0.93825,0.8234,0.91199,0.66965,1.07322,0.82248,1.08239,0.00215425,0.00215425,0.00215425
953,12025.6,1.13297,0.96195,1.11768,0.93652,0.82979,0.91249,0.67,1.07236,0.8218,1.08179,0.002146,0.002146,0.002146
954,12036.1,1.11115,0.92982,1.09377,0.93531,0.83052,0.91267,0.67054,1.0715,0.82137,1.08108,0.00213775,0.00213775,0.00213775
955,12046.5,1.07224,0.91607,1.08741,0.93438,0.82979,0.91284,0.67087,1.07123,0.82051,1.08082,0.0021295,0.0021295,0.0021295
956,12063.1,1.10118,0.93479,1.0952,0.93446,0.82979,0.91171,0.67108,1.07038,0.82004,1.08019,0.00212125,0.00212125,0.00212125
957,12076,1.09286,0.93159,1.10081,0.93334,0.82979,0.91204,0.67125,1.06952,0.81993,1.07987,0.002113,0.002113,0.002113
958,12086.4,1.10028,0.93226,1.09804,0.93545,0.83191,0.91262,0.67109,1.06883,0.81954,1.07935,0.00210475,0.00210475,0.00210475
959,12096.6,1.09254,0.9149,1.0937,0.93548,0.83295,0.91264,0.67045,1.06848,0.81923,1.07914,0.0020965,0.0020965,0.0020965
960,12110.4,1.09034,0.92578,1.09323,0.92258,0.83667,0.91281,0.66951,1.06773,0.81904,1.0791,0.00208825,0.00208825,0.00208825
961,12125.1,1.09145,0.912,1.08848,0.93619,0.83404,0.91299,0.66934,1.06688,0.81834,1.07856,0.00208,0.00208,0.00208
962,12135.2,1.08689,0.91046,1.09264,0.94104,0.83404,0.91305,0.66967,1.06666,0.81707,1.07825,0.00207175,0.00207175,0.00207175
963,12145.2,1.0789,0.90996,1.08335,0.93996,0.83404,0.913,0.66943,1.0661,0.81698,1.07847,0.0020635,0.0020635,0.0020635
964,12155.3,1.0939,0.91828,1.09535,0.9367,0.83404,0.91316,0.66967,1.06545,0.81648,1.07843,0.00205525,0.00205525,0.00205525
965,12170.9,1.10134,0.93325,1.10218,0.93786,0.83488,0.91335,0.67056,1.06483,0.81601,1.07834,0.002047,0.002047,0.002047
966,12183.1,1.11359,0.93487,1.10432,0.94309,0.83404,0.91366,0.67014,1.06455,0.81576,1.0783,0.00203875,0.00203875,0.00203875
967,12193.2,1.07287,0.90048,1.09258,0.94002,0.83404,0.91488,0.67099,1.06424,0.81563,1.07832,0.0020305,0.0020305,0.0020305
968,12203.6,1.07443,0.90587,1.08314,0.94457,0.83398,0.91474,0.67194,1.06415,0.81581,1.0785,0.00202225,0.00202225,0.00202225
969,12217.3,1.10616,0.92892,1.10777,0.94445,0.83208,0.91378,0.67288,1.06359,0.81582,1.07831,0.002014,0.002014,0.002014
970,12232.8,1.09127,0.9193,1.09019,0.94548,0.83404,0.9138,0.67254,1.06335,0.81531,1.07832,0.00200575,0.00200575,0.00200575
971,12242.9,1.08476,0.90571,1.08908,0.94006,0.83415,0.91387,0.67303,1.06267,0.81512,1.07817,0.0019975,0.0019975,0.0019975
972,12253.3,1.09037,0.92462,1.09165,0.93276,0.8383,0.91379,0.67323,1.06237,0.81424,1.07816,0.00198925,0.00198925,0.00198925
973,12264.9,1.0822,0.93097,1.09569,0.93369,0.8383,0.91391,0.67281,1.06207,0.81462,1.0782,0.001981,0.001981,0.001981
974,12281.3,1.10358,0.90776,1.10409,0.93614,0.8383,0.91385,0.67273,1.06149,0.8144,1.07849,0.00197275,0.00197275,0.00197275
975,12292.1,1.08165,0.91417,1.09503,0.93405,0.8383,0.91493,0.67369,1.06102,0.81406,1.07854,0.0019645,0.0019645,0.0019645
976,12302.5,1.0838,0.9154,1.0804,0.93525,0.8383,0.91424,0.67446,1.06043,0.81338,1.07822,0.00195625,0.00195625,0.00195625
977,12313,1.06356,0.88084,1.08509,0.93072,0.84043,0.91391,0.67389,1.0598,0.81325,1.07758,0.001948,0.001948,0.001948
978,12327.5,1.07303,0.8926,1.08542,0.93173,0.84043,0.91428,0.67418,1.05964,0.81305,1.07774,0.00193975,0.00193975,0.00193975
979,12341.3,1.08319,0.90428,1.07906,0.93218,0.84043,0.91385,0.67411,1.05942,0.81281,1.07808,0.0019315,0.0019315,0.0019315
980,12351.4,1.07429,0.89984,1.08192,0.93176,0.84043,0.91354,0.67421,1.05893,0.81265,1.07752,0.00192325,0.00192325,0.00192325
981,12361.5,1.07371,0.90635,1.08675,0.92582,0.84043,0.91369,0.6742,1.05854,0.81227,1.07743,0.001915,0.001915,0.001915
982,12372.2,1.0715,0.89849,1.07695,0.92222,0.84043,0.91365,0.67393,1.05819,0.81221,1.0772,0.00190675,0.00190675,0.00190675
983,12388.7,1.06709,0.89441,1.08391,0.92511,0.84043,0.91375,0.67454,1.0582,0.81171,1.07721,0.0018985,0.0018985,0.0018985
984,12400.8,1.0947,0.91641,1.10035,0.92792,0.84043,0.9143,0.67514,1.05816,0.81138,1.0773,0.00189025,0.00189025,0.00189025
985,12411.3,1.06781,0.89999,1.08543,0.92765,0.84043,0.91504,0.67551,1.05733,0.81087,1.07703,0.001882,0.001882,0.001882
986,12421.7,1.07895,0.89329,1.0839,0.92442,0.84043,0.91449,0.67486,1.05677,0.81056,1.07674,0.00187375,0.00187375,0.00187375
987,12436.4,1.08341,0.90459,1.08424,0.92642,0.84043,0.91481,0.67574,1.05604,0.81065,1.07644,0.0018655,0.0018655,0.0018655
988,12450.6,1.07193,0.89248,1.08104,0.92646,0.84043,0.91499,0.67615,1.05616,0.81062,1.07669,0.00185725,0.00185725,0.00185725
989,12461.1,1.07626,0.899,1.08491,0.92676,0.84043,0.91484,0.67693,1.05588,0.81065,1.07639,0.001849,0.001849,0.001849
990,12471.6,1.05507,0.88956,1.08782,0.92593,0.84043,0.91503,0.67694,1.05635,0.8098,1.0757,0.00184075,0.00184075,0.00184075
991,12484.7,1.07033,0.89516,1.08664,0.92549,0.84255,0.91422,0.67647,1.0561,0.80941,1.07534,0.0018325,0.0018325,0.0018325
992,12499.4,1.07551,0.89879,1.08538,0.92724,0.84255,0.91457,0.67618,1.05576,0.80907,1.07471,0.00182425,0.00182425,0.00182425
993,12509.5,1.06532,0.88628,1.07358,0.92689,0.84255,0.91464,0.67644,1.05544,0.80909,1.07405,0.001816,0.001816,0.001816
994,12519.6,1.06144,0.88229,1.08536,0.92559,0.84255,0.91465,0.67642,1.05514,0.80897,1.07387,0.00180775,0.00180775,0.00180775
995,12529.7,1.08732,0.91195,1.09563,0.92589,0.84255,0.91472,0.67679,1.05495,0.80876,1.07351,0.0017995,0.0017995,0.0017995
996,12545.7,1.06601,0.89908,1.08118,0.92327,0.84486,0.91407,0.67679,1.05413,0.80902,1.07315,0.00179125,0.00179125,0.00179125
997,12559.9,1.04638,0.87093,1.06996,0.92344,0.84685,0.91416,0.67622,1.05378,0.80868,1.07286,0.001783,0.001783,0.001783
998,12570.1,1.05065,0.8831,1.08226,0.92581,0.84961,0.9143,0.6756,1.05317,0.80892,1.07215,0.00177475,0.00177475,0.00177475
999,12580.3,1.08168,0.89066,1.08398,0.92586,0.8503,0.91422,0.67569,1.05278,0.8088,1.07191,0.0017665,0.0017665,0.0017665
1000,12592.1,1.04583,0.87854,1.06589,0.92592,0.85097,0.91431,0.67707,1.0519,0.80863,1.07138,0.00175825,0.00175825,0.00175825
1001,12609.6,1.06436,0.88432,1.07299,0.92985,0.84609,0.91465,0.67675,1.05182,0.80861,1.07106,0.00175,0.00175,0.00175
1002,12620.3,1.08234,0.89719,1.08296,0.92929,0.84681,0.91418,0.67743,1.05157,0.808,1.07086,0.00174175,0.00174175,0.00174175
1003,12630.7,1.09267,0.91815,1.09381,0.92974,0.84681,0.91421,0.67791,1.0517,0.80782,1.07068,0.0017335,0.0017335,0.0017335
1004,12641.3,1.06337,0.8736,1.07977,0.92779,0.84747,0.91417,0.67887,1.05161,0.80769,1.07061,0.00172525,0.00172525,0.00172525
1005,12655.7,1.08455,0.90565,1.0907,0.92788,0.85106,0.91432,0.67845,1.05101,0.80699,1.07014,0.001717,0.001717,0.001717
1006,12669.6,1.07246,0.88531,1.07163,0.92756,0.85106,0.91447,0.67867,1.05076,0.80685,1.06983,0.00170875,0.00170875,0.00170875
1007,12680.1,1.04766,0.87271,1.06514,0.92789,0.85106,0.91467,0.67887,1.05067,0.80683,1.06972,0.0017005,0.0017005,0.0017005
1008,12690.5,1.06324,0.89249,1.08382,0.9276,0.84511,0.91481,0.67803,1.05022,0.80694,1.0694,0.00169225,0.00169225,0.00169225
1009,12700.6,1.07757,0.89389,1.07823,0.92758,0.84474,0.91493,0.67893,1.05015,0.80662,1.06927,0.001684,0.001684,0.001684
1010,12714.7,1.05676,0.8846,1.07316,0.9276,0.84505,0.91495,0.67885,1.0501,0.80622,1.06897,0.00167575,0.00167575,0.00167575
1011,12729.9,1.03797,0.8778,1.07073,0.92786,0.8484,0.91506,0.67855,1.04993,0.80608,1.06874,0.0016675,0.0016675,0.0016675
1012,12740.1,1.04135,0.86627,1.07792,0.93007,0.84894,0.91531,0.67904,1.05001,0.80578,1.0689,0.00165925,0.00165925,0.00165925
1013,12750.5,1.0447,0.87579,1.07919,0.93007,0.8489,0.91493,0.67897,1.04963,0.80579,1.06857,0.001651,0.001651,0.001651
1014,12760.6,1.03857,0.87731,1.07683,0.93009,0.84922,0.91484,0.67858,1.04961,0.80574,1.06834,0.00164275,0.00164275,0.00164275
1015,12775.9,1.06141,0.88305,1.08171,0.93019,0.85051,0.91497,0.67983,1.04942,0.80565,1.06844,0.0016345,0.0016345,0.0016345
1016,12790,1.07513,0.89087,1.07172,0.93017,0.85027,0.91498,0.67943,1.04932,0.80545,1.06839,0.00162625,0.00162625,0.00162625
1017,12800.2,1.04265,0.88798,1.0693,0.93009,0.84923,0.91499,0.67912,1.04914,0.80517,1.06826,0.001618,0.001618,0.001618
1018,12810.3,1.05118,0.88336,1.07871,0.93008,0.84905,0.91516,0.67886,1.04874,0.80481,1.06808,0.00160975,0.00160975,0.00160975
1019,12822.3,1.0638,0.89039,1.08766,0.93005,0.84862,0.91531,0.67874,1.04815,0.80433,1.06803,0.0016015,0.0016015,0.0016015
1020,12838.7,1.05976,0.88357,1.0744,0.93008,0.84908,0.91569,0.67862,1.04798,0.80433,1.06778,0.00159325,0.00159325,0.00159325
1021,12849.2,1.0285,0.8546,1.06505,0.93014,0.84991,0.91571,0.67905,1.04763,0.80399,1.06771,0.001585,0.001585,0.001585
1022,12859.3,1.06877,0.89481,1.07702,0.92968,0.84043,0.91574,0.68034,1.0471,0.80376,1.06759,0.00157675,0.00157675,0.00157675
1023,12869.8,1.04199,0.86823,1.07516,0.92965,0.84043,0.91565,0.6801,1.04687,0.80362,1.06733,0.0015685,0.0015685,0.0015685
1024,12884.4,1.04815,0.87088,1.07847,0.92945,0.84043,0.91569,0.68073,1.04653,0.80367,1.06709,0.00156025,0.00156025,0.00156025
1025,12899.4,1.04017,0.87409,1.07029,0.93005,0.84863,0.91577,0.68074,1.04596,0.80343,1.06679,0.001552,0.001552,0.001552
1026,12910,1.01882,0.85325,1.06215,0.93166,0.84043,0.91577,0.68102,1.04573,0.80306,1.06646,0.00154375,0.00154375,0.00154375
1027,12920.4,1.04615,0.86646,1.06843,0.932,0.84043,0.91577,0.68139,1.0451,0.80266,1.06602,0.0015355,0.0015355,0.0015355
1028,12932.9,1.02683,0.85657,1.07186,0.93011,0.84943,0.91567,0.68117,1.04506,0.80233,1.06584,0.00152725,0.00152725,0.00152725
1029,12949.3,1.03594,0.86724,1.0713,0.92959,0.84273,0.91566,0.68129,1.04448,0.8025,1.0659,0.001519,0.001519,0.001519
1030,12960.3,1.03293,0.86335,1.06731,0.92951,0.84169,0.91566,0.6811,1.04408,0.80225,1.06585,0.00151075,0.00151075,0.00151075
1031,12970.8,1.05559,0.85838,1.06224,0.92949,0.84144,0.91579,0.68126,1.04379,0.80197,1.06536,0.0015025,0.0015025,0.0015025
1032,12981.3,1.04521,0.86081,1.07927,0.92949,0.84146,0.91582,0.68129,1.04332,0.80188,1.06508,0.00149425,0.00149425,0.00149425
1033,12996.5,1.04782,0.88956,1.07152,0.92948,0.84134,0.91577,0.6817,1.04302,0.80204,1.06504,0.001486,0.001486,0.001486
1034,13013.7,1.05662,0.89851,1.08818,0.92763,0.84541,0.91372,0.68157,1.04301,0.8017,1.06474,0.00147775,0.00147775,0.00147775
1035,13023.9,1.03749,0.87011,1.07436,0.92762,0.84531,0.91362,0.68168,1.04277,0.80139,1.06461,0.0014695,0.0014695,0.0014695
1036,13034.1,1.04479,0.85507,1.06642,0.92994,0.8472,0.91572,0.68235,1.04238,0.80128,1.06425,0.00146125,0.00146125,0.00146125
1037,13044.6,1.04408,0.86936,1.07601,0.92985,0.8461,0.9138,0.68173,1.04224,0.80123,1.06411,0.001453,0.001453,0.001453
1038,13059.7,1.06137,0.88757,1.07644,0.92757,0.84466,0.91363,0.68125,1.04191,0.80099,1.06389,0.00144475,0.00144475,0.00144475
1039,13076.3,1.0266,0.85547,1.06991,0.92739,0.84245,0.9138,0.68156,1.04176,0.80083,1.0638,0.0014365,0.0014365,0.0014365
1040,13086.9,1.06789,0.88812,1.08373,0.9274,0.84255,0.91388,0.68106,1.04127,0.80103,1.06358,0.00142825,0.00142825,0.00142825
1041,13097.1,1.07239,0.88737,1.08084,0.92738,0.84231,0.91396,0.68123,1.04077,0.80126,1.06326,0.00142,0.00142,0.00142
1042,13107.3,1.03982,0.87358,1.07567,0.92737,0.84216,0.91427,0.68142,1.04039,0.80105,1.06309,0.00141175,0.00141175,0.00141175
1043,13121.8,1.05259,0.89339,1.07284,0.92735,0.84191,0.91426,0.68145,1.03997,0.8006,1.06276,0.0014035,0.0014035,0.0014035
1044,13138.3,1.03412,0.85953,1.06223,0.92731,0.84145,0.9143,0.68152,1.03947,0.80035,1.06247,0.00139525,0.00139525,0.00139525
1045,13149.7,1.01593,0.85877,1.06476,0.92747,0.84347,0.91448,0.68167,1.03899,0.79971,1.06201,0.001387,0.001387,0.001387
1046,13159.7,1.01392,0.83914,1.06602,0.92771,0.84642,0.91469,0.68257,1.03851,0.7994,1.06184,0.00137875,0.00137875,0.00137875
1047,13170.2,1.03451,0.86075,1.06147,0.9277,0.84633,0.91479,0.6827,1.0379,0.79905,1.06157,0.0013705,0.0013705,0.0013705
1048,13184.8,1.0305,0.83795,1.06461,0.93,0.84803,0.91681,0.68375,1.03784,0.79845,1.06163,0.00136225,0.00136225,0.00136225
1049,13202.4,1.02836,0.84526,1.06314,0.93,0.84798,0.91693,0.68371,1.03761,0.79833,1.06132,0.001354,0.001354,0.001354
1050,13213.5,1.01218,0.82913,1.06815,0.93218,0.84812,0.91701,0.68431,1.03734,0.79798,1.06113,0.00134575,0.00134575,0.00134575
1051,13224.1,1.01804,0.83945,1.0601,0.93,0.84808,0.91694,0.68385,1.03717,0.79804,1.06103,0.0013375,0.0013375,0.0013375
1052,13234.3,1.0318,0.84079,1.06739,0.93217,0.84797,0.91711,0.68508,1.03679,0.7977,1.06076,0.00132925,0.00132925,0.00132925
1053,13249.9,1.02515,0.84366,1.06097,0.93218,0.84815,0.9171,0.68507,1.03655,0.79751,1.06057,0.001321,0.001321,0.001321
1054,13266.7,1.03661,0.8678,1.06644,0.93218,0.84805,0.91723,0.68555,1.03616,0.79719,1.0603,0.00131275,0.00131275,0.00131275
1055,13278.3,1.04991,0.87418,1.07575,0.93218,0.84803,0.9173,0.68582,1.03571,0.79711,1.05994,0.0013045,0.0013045,0.0013045
1056,13289.3,1.02701,0.8447,1.07218,0.93221,0.84844,0.9174,0.68586,1.03551,0.79693,1.05969,0.00129625,0.00129625,0.00129625
1057,13300.1,0.99829,0.83972,1.06327,0.93227,0.84934,0.91748,0.68609,1.03522,0.79669,1.05959,0.001288,0.001288,0.001288
1058,13310.7,1.01349,0.854,1.06913,0.93228,0.84939,0.91748,0.68599,1.03497,0.7964,1.05935,0.00127975,0.00127975,0.00127975
1059,13320.9,0.98903,0.80752,1.03748,0.93229,0.84958,0.91747,0.68612,1.03481,0.79631,1.05928,0.0012715,0.0012715,0.0012715
1060,13331.5,1.02008,0.83137,1.05732,0.93247,0.85194,0.91759,0.68596,1.03439,0.79639,1.05935,0.00126325,0.00126325,0.00126325
1061,13341.7,1.0205,0.86302,1.06192,0.9324,0.85104,0.91756,0.68586,1.03418,0.79646,1.05925,0.001255,0.001255,0.001255
1062,13351.9,1.00045,0.82238,1.05394,0.93248,0.85215,0.91764,0.68648,1.03382,0.79628,1.05903,0.00124675,0.00124675,0.00124675
1063,13362.5,1.02411,0.84804,1.06637,0.93236,0.85045,0.91779,0.68638,1.03362,0.79611,1.05884,0.0012385,0.0012385,0.0012385
1064,13372.7,1.02353,0.8584,1.06239,0.93184,0.85319,0.91779,0.68675,1.03337,0.79577,1.05871,0.00123025,0.00123025,0.00123025
1065,13383.3,1.02529,0.86143,1.06286,0.93156,0.85319,0.91778,0.68658,1.03307,0.79516,1.05843,0.001222,0.001222,0.001222
1066,13393.2,1.02981,0.84681,1.06308,0.93138,0.85319,0.9178,0.68615,1.03325,0.79454,1.0588,0.00121375,0.00121375,0.00121375
1067,13403.4,1.00304,0.81946,1.04956,0.93078,0.85319,0.91791,0.68631,1.03281,0.79412,1.05861,0.0012055,0.0012055,0.0012055
1068,13413.5,1.02842,0.8571,1.0634,0.93028,0.85319,0.9179,0.68698,1.03235,0.79395,1.05832,0.00119725,0.00119725,0.00119725
1069,13424.1,1.02547,0.86333,1.05958,0.9301,0.85319,0.91798,0.68737,1.03216,0.79352,1.05813,0.001189,0.001189,0.001189
1070,13434.7,1.03508,0.85715,1.06433,0.93007,0.85319,0.918,0.68703,1.03201,0.79293,1.05795,0.00118075,0.00118075,0.00118075
1071,13444.9,1.01823,0.84605,1.06475,0.92968,0.85319,0.91799,0.68686,1.0313,0.79264,1.05766,0.0011725,0.0011725,0.0011725
1072,13455.1,1.04511,0.87293,1.07212,0.92828,0.85371,0.91795,0.68691,1.03085,0.79253,1.05742,0.00116425,0.00116425,0.00116425
1073,13465.3,1.00183,0.84187,1.05686,0.92964,0.85319,0.91794,0.68718,1.03068,0.79199,1.0573,0.001156,0.001156,0.001156
1074,13475.5,0.99492,0.83805,1.04742,0.92993,0.85319,0.91835,0.68739,1.03028,0.79163,1.05731,0.00114775,0.00114775,0.00114775
1075,13486.2,0.99844,0.82427,1.05264,0.93117,0.85319,0.9185,0.68771,1.02996,0.79118,1.05726,0.0011395,0.0011395,0.0011395
1076,13496.8,1.00306,0.83344,1.06133,0.93349,0.85319,0.91807,0.68745,1.02984,0.79108,1.05711,0.00113125,0.00113125,0.00113125
1077,13507.1,1.03622,0.8511,1.06398,0.93437,0.85319,0.91845,0.68787,1.02945,0.79041,1.05691,0.001123,0.001123,0.001123
1078,13517.7,1.01773,0.84134,1.05497,0.93507,0.85319,0.91816,0.6878,1.02928,0.79032,1.05693,0.00111475,0.00111475,0.00111475
1079,13527.9,1.00932,0.84233,1.05731,0.93736,0.85319,0.91851,0.68798,1.02912,0.78966,1.05667,0.0011065,0.0011065,0.0011065
1080,13538.5,1.009,0.86064,1.06758,0.93505,0.85319,0.91868,0.68796,1.02888,0.78931,1.05639,0.00109825,0.00109825,0.00109825
1081,13549,1.01506,0.84134,1.06013,0.93822,0.85319,0.91875,0.68828,1.02851,0.78888,1.05629,0.00109,0.00109,0.00109
1082,13559.6,1.01893,0.86231,1.07244,0.93839,0.85319,0.91884,0.68841,1.0284,0.78881,1.05617,0.00108175,0.00108175,0.00108175
1083,13570.1,1.00822,0.8313,1.05075,0.93679,0.85319,0.91887,0.68913,1.02844,0.78842,1.05617,0.0010735,0.0010735,0.0010735
1084,13580.8,0.98853,0.82474,1.05345,0.92869,0.85957,0.91907,0.68944,1.02804,0.78827,1.05602,0.00106525,0.00106525,0.00106525
1085,13591.4,0.9919,0.81763,1.0445,0.93087,0.85944,0.91908,0.68926,1.02784,0.78814,1.05597,0.001057,0.001057,0.001057
1086,13601.7,0.99738,0.83277,1.06025,0.92982,0.85957,0.91864,0.68843,1.02739,0.78797,1.05581,0.00104875,0.00104875,0.00104875
1087,13611.9,1.01518,0.85273,1.0572,0.92779,0.85957,0.91986,0.68954,1.02698,0.78756,1.05561,0.0010405,0.0010405,0.0010405
1088,13622.5,0.9984,0.82717,1.05154,0.92828,0.85957,0.91975,0.68916,1.02695,0.78712,1.05544,0.00103225,0.00103225,0.00103225
1089,13632.8,0.98921,0.83111,1.05388,0.92829,0.85957,0.91919,0.69016,1.02692,0.78703,1.05523,0.001024,0.001024,0.001024
1090,13643.4,0.99832,0.82078,1.04989,0.92826,0.85957,0.91935,0.6896,1.02682,0.78663,1.05504,0.00101575,0.00101575,0.00101575
1091,13653.5,1.0028,0.81931,1.06117,0.92805,0.85957,0.91928,0.68977,1.02652,0.78652,1.05493,0.0010075,0.0010075,0.0010075
1092,13663.7,0.97076,0.82523,1.03942,0.92926,0.85957,0.91935,0.68988,1.02619,0.78615,1.05484,0.00099925,0.00099925,0.00099925
1093,13673.9,0.99362,0.83664,1.05258,0.93964,0.85319,0.91939,0.6911,1.02603,0.78566,1.05469,0.000991,0.000991,0.000991
1094,13684.5,1.00888,0.82322,1.06326,0.93995,0.85319,0.91947,0.691,1.02599,0.78559,1.05447,0.00098275,0.00098275,0.00098275
1095,13694.8,1.00349,0.82865,1.04973,0.94021,0.85319,0.91957,0.69029,1.02582,0.78512,1.05438,0.0009745,0.0009745,0.0009745
1096,13705,0.99746,0.83444,1.0568,0.92803,0.85957,0.91978,0.69082,1.02583,0.78454,1.05416,0.00096625,0.00096625,0.00096625
1097,13715.2,1.01126,0.84128,1.05701,0.92755,0.85957,0.91977,0.69135,1.02542,0.78445,1.05399,0.000958,0.000958,0.000958
1098,13725.8,0.98981,0.82293,1.05107,0.92811,0.85957,0.91977,0.69077,1.02505,0.78437,1.0539,0.00094975,0.00094975,0.00094975
1099,13736,0.96546,0.80544,1.04556,0.92772,0.85957,0.9199,0.69095,1.02507,0.78416,1.05394,0.0009415,0.0009415,0.0009415
1100,13745.9,1.00418,0.84081,1.05674,0.92759,0.85957,0.91998,0.69221,1.02494,0.78397,1.05372,0.00093325,0.00093325,0.00093325
1101,13756.5,0.98753,0.8272,1.04329,0.92871,0.85931,0.92004,0.69155,1.02475,0.78387,1.05372,0.000925,0.000925,0.000925
1102,13766.8,0.99748,0.82278,1.05072,0.9405,0.85106,0.92017,0.69135,1.02454,0.78382,1.05354,0.00091675,0.00091675,0.00091675
1103,13777,0.99753,0.83861,1.05664,0.9413,0.85302,0.92026,0.69121,1.02438,0.78376,1.05343,0.0009085,0.0009085,0.0009085
1104,13787.2,0.98504,0.81182,1.04066,0.92829,0.85388,0.92026,0.69167,1.02391,0.78329,1.05319,0.00090025,0.00090025,0.00090025
1105,13797.5,1.00103,0.84416,1.04345,0.93966,0.85106,0.92034,0.69167,1.02387,0.78305,1.05306,0.000892,0.000892,0.000892
1106,13807.7,0.96879,0.79452,1.03955,0.93974,0.85106,0.92043,0.6917,1.02377,0.78282,1.05298,0.00088375,0.00088375,0.00088375
1107,13817.9,1.03354,0.84499,1.07,0.93256,0.85326,0.92048,0.69163,1.02349,0.78273,1.0529,0.0008755,0.0008755,0.0008755
1108,13828.1,0.97695,0.82054,1.05277,0.93251,0.85251,0.92057,0.69135,1.02322,0.78256,1.05269,0.00086725,0.00086725,0.00086725
1109,13838.2,0.98938,0.83687,1.04301,0.93801,0.85106,0.92056,0.69171,1.02303,0.78214,1.05247,0.000859,0.000859,0.000859
1110,13848.5,1.0067,0.83712,1.05903,0.93805,0.85106,0.92057,0.69155,1.02272,0.78198,1.05239,0.00085075,0.00085075,0.00085075
1111,13858.7,0.98396,0.8092,1.04403,0.93828,0.85106,0.92062,0.69177,1.0225,0.78181,1.05227,0.0008425,0.0008425,0.0008425
1112,13868.9,1.01446,0.8405,1.04926,0.93984,0.85106,0.92061,0.69207,1.02214,0.7817,1.05214,0.00083425,0.00083425,0.00083425
1113,13879.2,0.97333,0.81402,1.04177,0.94196,0.85106,0.92065,0.6922,1.02181,0.78149,1.05201,0.000826,0.000826,0.000826
1114,13889.8,0.98331,0.80272,1.04604,0.94265,0.85106,0.92069,0.69228,1.0215,0.78142,1.05208,0.00081775,0.00081775,0.00081775
1115,13900.3,0.97287,0.80941,1.04281,0.94286,0.85106,0.92074,0.69187,1.02135,0.78148,1.05205,0.0008095,0.0008095,0.0008095
1116,13910.4,0.98064,0.81361,1.04694,0.94324,0.85106,0.92075,0.69228,1.02133,0.78114,1.05197,0.00080125,0.00080125,0.00080125
1117,13921,0.9955,0.82954,1.05102,0.94326,0.85106,0.92081,0.69216,1.02094,0.78088,1.05183,0.000793,0.000793,0.000793
1118,13931.2,0.97141,0.80176,1.04097,0.94326,0.85106,0.92081,0.69224,1.02075,0.78062,1.05181,0.00078475,0.00078475,0.00078475
1119,13941.4,0.97882,0.81104,1.05492,0.94226,0.85106,0.92092,0.69209,1.02071,0.78062,1.05176,0.0007765,0.0007765,0.0007765
1120,13951.7,0.97637,0.81831,1.04317,0.94318,0.85106,0.92097,0.69218,1.02061,0.78035,1.05163,0.00076825,0.00076825,0.00076825
1121,13961.9,0.98873,0.80896,1.04755,0.94201,0.85106,0.92096,0.69208,1.02024,0.78063,1.05138,0.00076,0.00076,0.00076
1122,13972.1,0.9806,0.80427,1.04709,0.94161,0.85106,0.92103,0.69246,1.02011,0.78065,1.05145,0.00075175,0.00075175,0.00075175
1123,13982.7,0.98743,0.82031,1.05433,0.93961,0.85106,0.92112,0.69236,1.02008,0.78053,1.05149,0.0007435,0.0007435,0.0007435
1124,13992.9,0.96142,0.78173,1.04049,0.94348,0.85106,0.92105,0.69214,1.01992,0.78071,1.05122,0.00073525,0.00073525,0.00073525
1125,14003.1,0.97365,0.80877,1.04259,0.9437,0.85106,0.92115,0.6924,1.01997,0.7805,1.05133,0.000727,0.000727,0.000727
1126,14013.2,0.97647,0.80755,1.03968,0.94363,0.85106,0.92119,0.69332,1.01968,0.78056,1.05102,0.00071875,0.00071875,0.00071875
1127,14023.8,0.97867,0.82532,1.04224,0.94401,0.85106,0.92118,0.69368,1.01984,0.78054,1.05122,0.0007105,0.0007105,0.0007105
1128,14034.4,0.97631,0.81938,1.04761,0.94454,0.85106,0.92114,0.69387,1.01957,0.78054,1.05098,0.00070225,0.00070225,0.00070225
1129,14045,0.98192,0.80616,1.0412,0.94562,0.85093,0.92124,0.69366,1.01954,0.78025,1.051,0.000694,0.000694,0.000694
1130,14055.1,0.9948,0.82401,1.04893,0.94559,0.85043,0.92126,0.69316,1.01926,0.78051,1.05061,0.00068575,0.00068575,0.00068575
1131,14065.1,0.97683,0.80939,1.03509,0.9456,0.85059,0.92125,0.69413,1.01934,0.78026,1.05064,0.0006775,0.0006775,0.0006775
1132,14075.7,0.97579,0.82712,1.05072,0.9456,0.85067,0.92126,0.69354,1.01922,0.7802,1.0506,0.00066925,0.00066925,0.00066925
1133,14085.9,0.98516,0.81948,1.05725,0.94381,0.84894,0.92125,0.69402,1.01923,0.78029,1.05061,0.000661,0.000661,0.000661
1134,14096.1,0.98994,0.8102,1.04583,0.94515,0.84894,0.92146,0.69495,1.01903,0.78033,1.0506,0.00065275,0.00065275,0.00065275
1135,14106.6,0.95882,0.81276,1.04107,0.94531,0.84894,0.92142,0.69508,1.01909,0.78023,1.05072,0.0006445,0.0006445,0.0006445
1136,14117.2,0.98479,0.81411,1.04125,0.94522,0.84894,0.92142,0.6947,1.01892,0.78023,1.05068,0.00063625,0.00063625,0.00063625
1137,14127.4,0.95775,0.79835,1.03495,0.94331,0.84894,0.92146,0.69372,1.01891,0.7801,1.05064,0.000628,0.000628,0.000628
1138,14137.6,0.9595,0.81006,1.03955,0.94284,0.84894,0.92152,0.69462,1.01896,0.77991,1.05065,0.00061975,0.00061975,0.00061975
1139,14147.8,0.96065,0.81043,1.04042,0.94257,0.84894,0.92156,0.6952,1.01879,0.77991,1.05063,0.0006115,0.0006115,0.0006115
1140,14158.5,0.97178,0.81368,1.04906,0.94314,0.84894,0.92172,0.69489,1.01861,0.77987,1.05055,0.00060325,0.00060325,0.00060325
1141,14168.6,0.97695,0.81813,1.04435,0.94186,0.84894,0.92177,0.695,1.01845,0.77988,1.05053,0.000595,0.000595,0.000595
1142,14178.9,0.96994,0.82365,1.0392,0.94139,0.84894,0.92182,0.69528,1.0181,0.78019,1.05034,0.00058675,0.00058675,0.00058675
1143,14189.4,0.96893,0.81425,1.04219,0.94133,0.84894,0.92186,0.69515,1.01821,0.77988,1.0504,0.0005785,0.0005785,0.0005785
1144,14199.6,0.97732,0.81413,1.04377,0.94145,0.84894,0.92193,0.69558,1.01789,0.78002,1.05036,0.00057025,0.00057025,0.00057025
1145,14210.2,0.95744,0.79501,1.03741,0.94104,0.84901,0.92191,0.69545,1.01776,0.77991,1.05038,0.000562,0.000562,0.000562
1146,14220.4,0.94364,0.78244,1.02849,0.94086,0.84894,0.92203,0.69558,1.01755,0.77975,1.05025,0.00055375,0.00055375,0.00055375
1147,14230.9,0.95243,0.7888,1.04052,0.94372,0.84894,0.92206,0.69485,1.01753,0.77974,1.05029,0.0005455,0.0005455,0.0005455
1148,14240.9,0.97632,0.81294,1.04493,0.94361,0.84894,0.92217,0.69536,1.01732,0.77948,1.05032,0.00053725,0.00053725,0.00053725
1149,14251.2,0.94653,0.7753,1.0264,0.94408,0.84894,0.92215,0.69549,1.01714,0.77923,1.0502,0.000529,0.000529,0.000529
1150,14260.9,0.96804,0.80007,1.03779,0.94433,0.84894,0.92223,0.69523,1.01708,0.77927,1.05016,0.00052075,0.00052075,0.00052075
1151,14271.2,0.95326,0.79056,1.03923,0.94423,0.84894,0.92233,0.69508,1.01692,0.77913,1.05026,0.0005125,0.0005125,0.0005125
1152,14281.4,0.94314,0.77956,1.02254,0.94158,0.84681,0.91916,0.69476,1.01658,0.77908,1.05002,0.00050425,0.00050425,0.00050425
1153,14291.6,0.9511,0.79482,1.02761,0.94167,0.84681,0.91915,0.69455,1.01654,0.77873,1.05001,0.000496,0.000496,0.000496
1154,14301.8,0.96682,0.8094,1.03972,0.9418,0.84681,0.91915,0.69481,1.01641,0.77897,1.04986,0.00048775,0.00048775,0.00048775
1155,14312,0.94883,0.78747,1.03375,0.94168,0.84681,0.91916,0.69509,1.01617,0.7787,1.04971,0.0004795,0.0004795,0.0004795
1156,14322.2,0.95534,0.79472,1.03127,0.94176,0.84681,0.91917,0.69547,1.01623,0.77863,1.04978,0.00047125,0.00047125,0.00047125
1157,14332.4,0.96253,0.81272,1.03372,0.94207,0.84681,0.91915,0.69517,1.01606,0.77851,1.04981,0.000463,0.000463,0.000463
1158,14342.6,0.94684,0.79184,1.03282,0.94198,0.84681,0.91905,0.695,1.01604,0.77871,1.04958,0.00045475,0.00045475,0.00045475
1159,14352.9,0.96021,0.79927,1.04512,0.94228,0.84681,0.91904,0.69524,1.01579,0.77881,1.04958,0.0004465,0.0004465,0.0004465
1160,14363.1,0.93568,0.78791,1.03098,0.94245,0.84681,0.91907,0.69542,1.01568,0.77846,1.04931,0.00043825,0.00043825,0.00043825
1161,14373.3,0.96482,0.8055,1.03827,0.94257,0.84681,0.91914,0.69566,1.01546,0.77835,1.04927,0.00043,0.00043,0.00043
1162,14383.4,0.94,0.78799,1.02956,0.94255,0.84681,0.91914,0.69566,1.01538,0.77839,1.04916,0.00042175,0.00042175,0.00042175
1163,14393.6,0.96229,0.82109,1.04447,0.94278,0.84681,0.91914,0.69572,1.01522,0.77828,1.04909,0.0004135,0.0004135,0.0004135
1164,14403.8,0.94787,0.79376,1.03886,0.94291,0.84681,0.91918,0.69553,1.01518,0.77817,1.04921,0.00040525,0.00040525,0.00040525
1165,14414,0.95231,0.7938,1.03872,0.94285,0.84681,0.9192,0.69556,1.01503,0.77828,1.04919,0.000397,0.000397,0.000397
1166,14424.1,0.95215,0.80014,1.02979,0.94146,0.84681,0.91925,0.6956,1.01494,0.778,1.04905,0.00038875,0.00038875,0.00038875
1167,14434.3,0.96601,0.80962,1.03979,0.94166,0.84681,0.91922,0.6956,1.01486,0.77786,1.049,0.0003805,0.0003805,0.0003805
1168,14444.5,0.92734,0.76163,1.02644,0.94235,0.84681,0.91931,0.69564,1.01457,0.77762,1.04885,0.00037225,0.00037225,0.00037225
1169,14454.7,0.96364,0.8113,1.04077,0.94147,0.84681,0.91934,0.69566,1.01454,0.77731,1.04877,0.000364,0.000364,0.000364
1170,14464.8,0.92297,0.76146,1.02203,0.94246,0.84681,0.91935,0.69616,1.01431,0.77711,1.04867,0.00035575,0.00035575,0.00035575
1171,14475.3,0.93351,0.78619,1.03024,0.94292,0.84681,0.91936,0.6955,1.01425,0.77722,1.0486,0.0003475,0.0003475,0.0003475
1172,14485.6,0.95373,0.79527,1.03275,0.94133,0.84681,0.91937,0.69567,1.01402,0.7771,1.04855,0.00033925,0.00033925,0.00033925
1173,14495.6,0.93064,0.76708,1.02726,0.94309,0.84626,0.91938,0.69557,1.01416,0.77698,1.04838,0.000331,0.000331,0.000331
1174,14505.6,0.95785,0.79699,1.03633,0.94113,0.84681,0.91944,0.69552,1.01408,0.77681,1.04831,0.00032275,0.00032275,0.00032275
1175,14515.7,0.98241,0.82423,1.05143,0.94132,0.84681,0.91934,0.69543,1.01431,0.77656,1.04859,0.0003145,0.0003145,0.0003145
1176,14526,0.94749,0.7831,1.02855,0.94131,0.84681,0.91934,0.69528,1.01398,0.77648,1.04841,0.00030625,0.00030625,0.00030625
1177,14536.2,0.9478,0.80274,1.03484,0.94311,0.84646,0.91943,0.69547,1.01409,0.77617,1.04818,0.000298,0.000298,0.000298
1178,14546.3,0.94581,0.78897,1.03287,0.94308,0.84613,0.91937,0.6954,1.01379,0.77605,1.0479,0.00028975,0.00028975,0.00028975
1179,14556.6,0.93469,0.77555,1.02937,0.94135,0.84681,0.91946,0.69564,1.01358,0.77589,1.04794,0.0002815,0.0002815,0.0002815
1180,14566.8,0.92349,0.7792,1.02862,0.94308,0.84601,0.9194,0.69595,1.01356,0.7757,1.0479,0.00027325,0.00027325,0.00027325
1181,14577,0.95585,0.79781,1.03731,0.94124,0.84681,0.9195,0.69551,1.01352,0.77574,1.04782,0.000265,0.000265,0.000265
1182,14587.2,0.95863,0.7985,1.04057,0.94308,0.84608,0.91942,0.6961,1.01348,0.77532,1.04775,0.00025675,0.00025675,0.00025675
1183,14597.4,0.96911,0.80262,1.0412,0.9431,0.84633,0.91948,0.69617,1.01335,0.77548,1.04777,0.0002485,0.0002485,0.0002485
1184,14608,0.93447,0.77469,1.02588,0.94309,0.8462,0.91953,0.69576,1.01309,0.77545,1.04748,0.00024025,0.00024025,0.00024025
1185,14618.3,0.94417,0.8006,1.03463,0.94308,0.84603,0.91956,0.69585,1.013,0.77505,1.04754,0.000232,0.000232,0.000232
1186,14628.4,0.95611,0.79186,1.03289,0.94306,0.84574,0.91951,0.6963,1.01299,0.7752,1.04753,0.00022375,0.00022375,0.00022375
1187,14639,0.95322,0.79075,1.03844,0.94306,0.84578,0.91955,0.69639,1.01289,0.77493,1.04743,0.0002155,0.0002155,0.0002155
1188,14649.6,0.96174,0.79107,1.03101,0.94305,0.84565,0.91956,0.69673,1.01263,0.77509,1.04727,0.00020725,0.00020725,0.00020725
1189,14660.1,0.93821,0.78861,1.03047,0.94306,0.84569,0.91963,0.6964,1.01261,0.77468,1.0473,0.000199,0.000199,0.000199
1190,14670.3,0.92814,0.77555,1.02681,0.94306,0.84572,0.91961,0.69656,1.01253,0.77457,1.04723,0.00019075,0.00019075,0.00019075
1191,14682.2,0.94501,0.66419,1.01925,0.94306,0.84577,0.9197,0.69661,1.01251,0.77418,1.04715,0.0001825,0.0001825,0.0001825
1192,14692.5,0.89002,0.62552,0.98434,0.94178,0.84468,0.92119,0.6965,1.01242,0.77395,1.0471,0.00017425,0.00017425,0.00017425
1193,14702.6,0.8695,0.61853,0.97659,0.94307,0.84586,0.92123,0.69699,1.0122,0.77377,1.04692,0.000166,0.000166,0.000166
1194,14713.2,0.85972,0.61645,0.97272,0.93901,0.84894,0.92139,0.69653,1.01214,0.77316,1.0469,0.00015775,0.00015775,0.00015775
1195,14723.3,0.84547,0.60806,0.963,0.93678,0.85119,0.92142,0.69684,1.01165,0.77296,1.04679,0.0001495,0.0001495,0.0001495
1196,14733.6,0.84949,0.6112,0.97289,0.93678,0.85126,0.92149,0.69696,1.01147,0.77252,1.04648,0.00014125,0.00014125,0.00014125
1197,14744.2,0.83345,0.5968,0.9653,0.93677,0.85113,0.92155,0.69726,1.01103,0.77212,1.04621,0.000133,0.000133,0.000133
1198,14754.8,0.83871,0.60414,0.97562,0.93677,0.85108,0.92162,0.69701,1.01077,0.77208,1.04606,0.00012475,0.00012475,0.00012475
1199,14765.1,0.80383,0.58853,0.95641,0.93677,0.8511,0.92011,0.69689,1.01066,0.77153,1.04606,0.0001165,0.0001165,0.0001165
1200,14775.3,0.81101,0.57819,0.95873,0.93678,0.85117,0.92017,0.69697,1.0104,0.77117,1.04586,0.00010825,0.00010825,0.00010825
