epoch,time,train/box_loss,train/cls_loss,train/dfl_loss,metrics/precision(B),metrics/recall(B),metrics/mAP50(B),metrics/mAP50-95(B),val/box_loss,val/cls_loss,val/dfl_loss,lr/pg0,lr/pg1,lr/pg2
1,10.9313,4.57911,9.39335,4.22241,1e-05,0.00213,1e-05,0,4.97092,11.5426,4.16718,0.00327778,0.00327778,0.00327778
2,20.0968,4.73573,6.82088,4.12996,2e-05,0.00213,1e-05,0,4.98699,6.97603,4.09505,0.00660566,0.00660566,0.00660566
3,29.3652,4.14065,4.78038,3.38106,0.00042,0.05106,0.00023,7e-05,3.62707,4.96755,3.12213,0.00992804,0.00992804,0.00992804
4,38.4355,3.41974,4.32845,2.80415,0.0005,0.06596,0.00028,7e-05,3.00233,4.62069,2.65415,0.00997525,0.00997525,0.00997525
5,47.2211,3.23752,4.26819,2.59977,0.00103,0.00213,0.00054,5e-05,4.8645,6.29357,4.58147,0.009967,0.009967,0.009967
6,56.356,3.21117,4.26926,2.50631,0.00045,0.06809,0.00025,5e-05,2.94051,5.13615,2.40637,0.00995875,0.00995875,0.00995875
7,65.4118,3.15661,4.28341,2.49459,0.0003,0.04043,0.00017,4e-05,2.96538,4.90935,2.331,0.0099505,0.0099505,0.0099505
8,74.1118,3.1796,4.32903,2.44553,0.0003,0.04043,0.00017,4e-05,3.14981,4.69901,2.30894,0.00994225,0.00994225,0.00994225
9,82.845,3.13447,4.30243,2.44408,0.00032,0.04681,0.00019,4e-05,2.67682,4.51681,2.08852,0.009934,0.009934,0.009934
10,91.5455,3.03902,4.32137,2.45076,0.00099,0.14043,0.00061,0.00015,2.48187,4.3021,2.29462,0.00992575,0.00992575,0.00992575
11,100.569,3.07842,4.26839,2.5183,0.00165,0.23617,0.00257,0.00076,2.57392,4.24819,2.37246,0.0099175,0.0099175,0.0099175
12,109.907,3.06082,4.2138,2.49457,0.00134,0.19787,0.00087,0.00022,2.58951,4.62491,2.31355,0.00990925,0.00990925,0.00990925
13,118.858,3.07868,4.21829,2.507,0.00129,0.18723,0.00145,0.00029,2.723,4.25384,2.26097,0.009901,0.009901,0.009901
14,127.632,3.08424,4.19265,2.4948,0.00195,0.28723,0.00253,0.00094,2.66917,4.22209,2.33884,0.00989275,0.00989275,0.00989275
15,136.679,3.10191,4.17318,2.50456,0.00183,0.2766,0.00195,0.0004,2.72162,4.24074,2.36431,0.0098845,0.0098845,0.0098845
16,145.577,3.05414,4.1703,2.45356,0.00155,0.23617,0.0023,0.00056,2.73209,4.15988,2.36916,0.00987625,0.00987625,0.00987625
17,154.7,3.00265,4.14515,2.46745,0.00177,0.2617,0.0029,0.00059,2.70578,4.15497,2.31972,0.009868,0.009868,0.009868
18,163.483,3.01335,4.11781,2.47766,0.00182,0.2766,0.0023,0.00057,2.74015,4.33684,2.35232,0.00985975,0.00985975,0.00985975
19,172.345,2.97587,4.13734,2.47036,0.00169,0.1,0.00096,0.00026,2.84043,4.4762,2.3926,0.0098515,0.0098515,0.0098515
20,181.278,2.92423,4.12407,2.43819,0.00187,0.25745,0.00267,0.00059,2.74878,4.27712,2.36117,0.00984325,0.00984325,0.00984325
21,190.316,2.89432,4.13102,2.4146,0.00219,0.33191,0.00434,0.00084,2.73218,4.18001,2.33726,0.009835,0.009835,0.009835
22,199.748,2.92866,4.14489,2.42928,0.00207,0.31489,0.00388,0.00086,2.73384,4.20458,2.33033,0.00982675,0.00982675,0.00982675
23,208.737,2.86982,4.0825,2.40229,0.0021,0.31702,0.00763,0.0014,2.7559,4.16063,2.34222,0.0098185,0.0098185,0.0098185
24,217.893,2.9062,4.1437,2.41962,0.00222,0.3383,0.00881,0.00179,2.66589,4.18592,2.2473,0.00981025,0.00981025,0.00981025
25,226.877,2.82029,4.08713,2.38149,0.0021,0.31702,0.00643,0.00112,2.7475,4.05903,2.2921,0.009802,0.009802,0.009802
26,235.992,2.84734,4.08174,2.39678,0.002,0.30213,0.00511,0.00116,2.86483,4.16099,2.26583,0.00979375,0.00979375,0.00979375
27,244.805,2.83947,4.08427,2.36769,0.00212,0.31702,0.00572,0.00098,2.81275,4.10503,2.27634,0.0097855,0.0097855,0.0097855
28,253.494,2.8516,4.09842,2.40377,0.0027,0.30213,0.01014,0.00208,2.75518,4.10943,2.26596,0.00977725,0.00977725,0.00977725
29,262.381,2.8134,4.08955,2.37568,0.00227,0.34468,0.01215,0.0024,2.71508,4.13086,2.236,0.009769,0.009769,0.009769
30,271.5,2.82014,4.03683,2.39084,0.00121,0.18511,0.00121,0.00026,3.1369,4.41331,2.46993,0.00976075,0.00976075,0.00976075
31,280.45,2.8214,4.04908,2.35476,0.00248,0.37447,0.01217,0.00266,2.74446,4.03922,2.25845,0.0097525,0.0097525,0.0097525
32,289.638,2.78084,4.01543,2.35634,0.0022,0.32553,0.00813,0.00169,2.81099,4.05383,2.27948,0.00974425,0.00974425,0.00974425
33,298.435,2.75902,4.0177,2.31578,0.00235,0.35745,0.01039,0.00194,2.74326,4.12883,2.26195,0.009736,0.009736,0.009736
34,307.145,2.75188,4.00311,2.33073,0.01819,0.16383,0.01393,0.0025,2.74087,4.08762,2.25712,0.00972775,0.00972775,0.00972775
35,316.467,2.67858,3.97235,2.31047,0.06069,0.07872,0.01477,0.00281,2.79476,4.01423,2.25833,0.0097195,0.0097195,0.0097195
36,325.832,2.7292,3.99686,2.32462,0.00252,0.29362,0.00911,0.00217,2.93852,4.14635,2.33324,0.00971125,0.00971125,0.00971125
37,334.728,2.72961,4.00161,2.28391,0.004,0.3,0.0173,0.00365,2.78075,4.03816,2.23198,0.009703,0.009703,0.009703
38,343.845,2.69138,3.90535,2.26069,0.05375,0.08085,0.01814,0.00369,2.75714,3.9653,2.23662,0.00969475,0.00969475,0.00969475
39,353.152,2.68868,3.8904,2.29496,0.02493,0.14468,0.02181,0.00479,2.78502,4.12146,2.26703,0.0096865,0.0096865,0.0096865
40,362.535,2.68913,3.89571,2.28676,0.05929,0.1234,0.01912,0.00401,2.71271,3.93674,2.2048,0.00967825,0.00967825,0.00967825
41,371.622,2.6678,3.87033,2.26998,0.08309,0.05745,0.01893,0.00357,2.7777,4.29895,2.23366,0.00967,0.00967,0.00967
42,380.765,2.70946,3.89858,2.27551,0.06638,0.01702,0.00826,0.00173,2.96167,4.23866,2.31143,0.00966175,0.00966175,0.00966175
43,389.798,2.61472,3.82698,2.24096,0.1131,0.07021,0.02848,0.00631,2.69157,4.05594,2.22702,0.0096535,0.0096535,0.0096535
44,398.977,2.6371,3.82242,2.23639,0.10859,0.09149,0.03511,0.00711,2.7353,3.95903,2.23619,0.00964525,0.00964525,0.00964525
45,407.92,2.57566,3.80549,2.22961,0.01854,0.00638,0.00333,0.00111,2.81839,4.39064,2.23631,0.009637,0.009637,0.009637
46,417.01,2.56187,3.7852,2.22961,0.08564,0.05745,0.02065,0.00575,2.7369,4.04197,2.2666,0.00962875,0.00962875,0.00962875
47,426.109,2.5965,3.7562,2.23275,0.08136,0.09362,0.02849,0.00639,2.65758,3.86871,2.20321,0.0096205,0.0096205,0.0096205
48,435.285,2.59078,3.78703,2.19628,0.1057,0.0617,0.02508,0.00502,2.74242,4.06687,2.20699,0.00961225,0.00961225,0.00961225
49,444.275,2.59034,3.77392,2.24732,0.07071,0.06809,0.02147,0.00522,2.69962,4.04507,2.22644,0.009604,0.009604,0.009604
50,453.173,2.5441,3.73988,2.20933,0.12765,0.08511,0.04029,0.00932,2.70617,3.89966,2.18362,0.00959575,0.00959575,0.00959575
51,462.25,2.56924,3.6714,2.20279,0.09556,0.11915,0.0316,0.00634,2.68389,3.88737,2.20778,0.0095875,0.0095875,0.0095875
52,471.111,2.55188,3.71266,2.19077,0.12672,0.07447,0.02867,0.00788,2.70678,3.84569,2.18573,0.00957925,0.00957925,0.00957925
53,479.942,2.54529,3.73462,2.22118,0.13735,0.10213,0.03907,0.01048,2.64388,3.74642,2.27337,0.009571,0.009571,0.009571
54,489.002,2.5475,3.69062,2.22018,0.08499,0.06146,0.03225,0.00808,2.66475,3.86517,2.24502,0.00956275,0.00956275,0.00956275
55,497.891,2.5216,3.64159,2.20496,0.14729,0.08298,0.04298,0.01195,2.61922,3.7394,2.19236,0.0095545,0.0095545,0.0095545
56,506.907,2.47838,3.5871,2.17208,0.11648,0.10213,0.03363,0.00747,2.56692,3.7519,2.24082,0.00954625,0.00954625,0.00954625
57,515.759,2.43584,3.58492,2.19844,0.16129,0.09362,0.05767,0.01583,2.57482,3.72879,2.20027,0.009538,0.009538,0.009538
58,524.671,2.4945,3.63995,2.19317,0.18003,0.08085,0.05675,0.01321,2.61914,3.6705,2.18483,0.00952975,0.00952975,0.00952975
59,533.528,2.47616,3.58607,2.19905,0.16931,0.11489,0.07161,0.01966,2.56841,3.71466,2.26453,0.0095215,0.0095215,0.0095215
60,542.621,2.491,3.60627,2.21103,0.18387,0.08437,0.04846,0.01322,2.61617,3.76822,2.25741,0.00951325,0.00951325,0.00951325
61,551.451,2.48495,3.57049,2.21424,0.18062,0.12553,0.07402,0.02245,2.56634,3.68544,2.26978,0.009505,0.009505,0.009505
62,560.445,2.46067,3.56223,2.2213,0.17373,0.09149,0.05641,0.01716,2.66318,3.69454,2.30487,0.00949675,0.00949675,0.00949675
63,569.399,2.41832,3.55107,2.20457,0.18197,0.10851,0.06317,0.01777,2.52389,3.65309,2.24432,0.0094885,0.0094885,0.0094885
64,578.16,2.392,3.52679,2.20241,0.18457,0.05745,0.04631,0.01396,2.60502,3.74636,2.31135,0.00948025,0.00948025,0.00948025
65,587.153,2.42047,3.54152,2.21533,0.2107,0.11277,0.07351,0.01851,2.50735,3.65547,2.28441,0.009472,0.009472,0.009472
66,596.087,2.37484,3.51469,2.19631,0.17894,0.08936,0.04707,0.01578,2.65687,3.93008,2.29876,0.00946375,0.00946375,0.00946375
67,605.12,2.35922,3.51281,2.19867,0.20473,0.09574,0.06105,0.01676,2.51355,3.65146,2.27416,0.0094555,0.0094555,0.0094555
68,614.095,2.39316,3.45341,2.21527,0.16896,0.09149,0.05904,0.01748,2.54206,3.56942,2.25192,0.00944725,0.00944725,0.00944725
69,623.034,2.41784,3.53009,2.23032,0.25438,0.08723,0.07093,0.02036,2.58457,4.05131,2.26894,0.009439,0.009439,0.009439
70,631.836,2.36314,3.4613,2.19133,0.19539,0.1085,0.07182,0.02313,2.50661,3.6586,2.29357,0.00943075,0.00943075,0.00943075
71,640.97,2.35734,3.46458,2.18598,0.15744,0.10213,0.05603,0.01564,2.45884,3.63901,2.24949,0.0094225,0.0094225,0.0094225
72,649.934,2.35567,3.4857,2.19016,0.19607,0.09787,0.06333,0.01915,2.51116,3.6713,2.293,0.00941425,0.00941425,0.00941425
73,658.83,2.31194,3.39936,2.17404,0.18483,0.11064,0.07278,0.01895,2.47016,3.51201,2.28207,0.009406,0.009406,0.009406
74,667.777,2.32065,3.41778,2.16438,0.19501,0.09574,0.05964,0.01795,2.64741,3.64849,2.30727,0.00939775,0.00939775,0.00939775
75,676.595,2.38643,3.40228,2.18844,0.14734,0.09523,0.052,0.01665,2.3934,3.67782,2.26394,0.0093895,0.0093895,0.0093895
76,685.582,2.37213,3.48399,2.19365,0.21439,0.10213,0.069,0.02002,2.52576,3.48495,2.24926,0.00938125,0.00938125,0.00938125
77,694.489,2.36041,3.42949,2.18097,0.1855,0.13404,0.07574,0.02271,2.39275,3.53999,2.25246,0.009373,0.009373,0.009373
78,703.53,2.33154,3.41449,2.17728,0.18289,0.10638,0.07458,0.0241,2.43308,3.4379,2.21055,0.00936475,0.00936475,0.00936475
79,712.492,2.36248,3.44931,2.17307,0.20242,0.08936,0.06645,0.0211,2.45836,3.58697,2.21892,0.0093565,0.0093565,0.0093565
80,721.471,2.33205,3.38652,2.175,0.19647,0.11702,0.074,0.01991,2.48369,3.55628,2.25162,0.00934825,0.00934825,0.00934825
81,730.354,2.34189,3.41279,2.18383,0.18871,0.09574,0.067,0.01932,2.44277,3.49037,2.22094,0.00934,0.00934,0.00934
82,739.286,2.31541,3.39315,2.15268,0.17263,0.11489,0.05984,0.01683,2.46054,3.52133,2.22612,0.00933175,0.00933175,0.00933175
83,748.091,2.33068,3.36025,2.16889,0.14903,0.13617,0.05733,0.01596,2.48013,3.49463,2.24728,0.0093235,0.0093235,0.0093235
84,757.063,2.31672,3.36009,2.14325,0.23776,0.11915,0.08514,0.02619,2.42961,3.37827,2.21425,0.00931525,0.00931525,0.00931525
85,766.334,2.29702,3.34324,2.14383,0.23843,0.11702,0.08026,0.02503,2.48967,3.55883,2.22265,0.009307,0.009307,0.009307
86,775.275,2.30677,3.3446,2.13975,0.19956,0.1,0.0724,0.02099,2.39921,3.41255,2.2147,0.00929875,0.00929875,0.00929875
87,784.304,2.27041,3.32087,2.13656,0.19285,0.1234,0.08064,0.02535,2.44693,3.45289,2.21067,0.0092905,0.0092905,0.0092905
88,793.156,2.27606,3.35006,2.14545,0.16897,0.10638,0.06999,0.0208,2.46452,3.47069,2.23143,0.00928225,0.00928225,0.00928225
89,802.184,2.30208,3.34533,2.15555,0.19324,0.11518,0.06654,0.02076,2.53331,3.55006,2.21652,0.009274,0.009274,0.009274
90,811.38,2.30303,3.34155,2.13788,0.17367,0.10213,0.06833,0.01849,2.39141,3.53008,2.20218,0.00926575,0.00926575,0.00926575
91,820.492,2.27636,3.34289,2.14356,0.22947,0.12979,0.07904,0.02177,2.46713,3.61513,2.22531,0.0092575,0.0092575,0.0092575
92,829.41,2.29568,3.33081,2.12853,0.19853,0.10851,0.07673,0.02143,2.42389,3.52301,2.1816,0.00924925,0.00924925,0.00924925
93,838.261,2.30614,3.3135,2.13985,0.18974,0.11489,0.07974,0.02139,2.50455,3.46243,2.22822,0.009241,0.009241,0.009241
94,847.14,2.26533,3.28947,2.13001,0.20806,0.13617,0.08697,0.02468,2.48528,3.39505,2.19309,0.00923275,0.00923275,0.00923275
95,856.211,2.26173,3.33097,2.14468,0.23633,0.15745,0.10047,0.03104,2.35661,3.38572,2.2112,0.0092245,0.0092245,0.0092245
96,865.326,2.22991,3.27608,2.12047,0.2552,0.13191,0.08657,0.02658,2.44539,3.42668,2.22686,0.00921625,0.00921625,0.00921625
97,874.22,2.22177,3.26384,2.09852,0.24447,0.11915,0.08257,0.02656,2.36318,3.36339,2.20127,0.009208,0.009208,0.009208
98,883.044,2.25883,3.27569,2.12484,0.27614,0.1,0.09061,0.02839,2.43192,3.38274,2.23155,0.00919975,0.00919975,0.00919975
99,892.004,2.24436,3.31281,2.11126,0.26264,0.12277,0.08922,0.02861,2.37069,3.38955,2.1803,0.0091915,0.0091915,0.0091915
100,900.853,2.25915,3.2969,2.12682,0.18921,0.1,0.06414,0.01923,2.55315,3.53657,2.20785,0.00918325,0.00918325,0.00918325
101,909.706,2.25771,3.25839,2.1067,0.24973,0.11915,0.09504,0.03036,2.41025,3.37213,2.18004,0.009175,0.009175,0.009175
102,918.507,2.23478,3.28194,2.1018,0.24982,0.14043,0.09027,0.02818,2.38003,3.29292,2.1649,0.00916675,0.00916675,0.00916675
103,927.526,2.21353,3.24048,2.09997,0.2338,0.08723,0.07189,0.02069,2.43149,3.69966,2.19165,0.0091585,0.0091585,0.0091585
104,936.641,2.22648,3.22266,2.09763,0.2579,0.1234,0.09764,0.03003,2.33486,3.30199,2.1724,0.00915025,0.00915025,0.00915025
105,945.654,2.24735,3.28451,2.12608,0.29887,0.14043,0.10779,0.03268,2.33861,3.2869,2.16774,0.009142,0.009142,0.009142
106,954.766,2.23317,3.28696,2.12837,0.27224,0.11915,0.08851,0.02787,2.40647,3.38104,2.18503,0.00913375,0.00913375,0.00913375
107,963.628,2.15729,3.22802,2.08728,0.23872,0.14681,0.09368,0.03021,2.33918,3.31398,2.16802,0.0091255,0.0091255,0.0091255
108,972.456,2.22871,3.26513,2.11126,0.21976,0.12766,0.0819,0.02327,2.37784,3.40064,2.21122,0.00911725,0.00911725,0.00911725
109,981.483,2.20803,3.27085,2.10716,0.1725,0.11702,0.0772,0.02441,2.49471,3.37652,2.22514,0.009109,0.009109,0.009109
110,990.618,2.22001,3.23885,2.10711,0.20693,0.14255,0.08885,0.02635,2.38366,3.29408,2.19131,0.00910075,0.00910075,0.00910075
111,999.464,2.22664,3.2676,2.10315,0.24545,0.1234,0.08596,0.02889,2.33314,3.2702,2.19494,0.0090925,0.0090925,0.0090925
112,1008.31,2.17064,3.22075,2.08209,0.26805,0.12553,0.10336,0.03367,2.31815,3.27213,2.15211,0.00908425,0.00908425,0.00908425
113,1017.45,2.19373,3.21112,2.08868,0.2688,0.12553,0.09801,0.0301,2.33079,3.28742,2.1492,0.009076,0.009076,0.009076
114,1026.32,2.20295,3.18718,2.09229,0.26949,0.1383,0.10552,0.03597,2.34462,3.27204,2.1723,0.00906775,0.00906775,0.00906775
115,1035.36,2.17645,3.17977,2.07148,0.24319,0.14255,0.10728,0.0356,2.32557,3.25254,2.18165,0.0090595,0.0090595,0.0090595
116,1044.29,2.1982,3.23171,2.08882,0.30226,0.1383,0.11413,0.03649,2.33008,3.35184,2.18843,0.00905125,0.00905125,0.00905125
117,1053.52,2.1755,3.21413,2.09584,0.24565,0.1649,0.09631,0.02842,2.3462,3.30967,2.17802,0.009043,0.009043,0.009043
118,1062.67,2.18187,3.20341,2.08,0.21367,0.15957,0.10256,0.03173,2.31806,3.25711,2.15417,0.00903475,0.00903475,0.00903475
119,1071.55,2.16887,3.1995,2.06907,0.23614,0.1617,0.10317,0.02887,2.35454,3.28487,2.18259,0.0090265,0.0090265,0.0090265
120,1080.41,2.21438,3.20322,2.08235,0.22977,0.12979,0.10944,0.03472,2.32345,3.20061,2.15338,0.00901825,0.00901825,0.00901825
121,1089.26,2.15553,3.17698,2.07378,0.25024,0.12553,0.09966,0.03322,2.3205,3.27068,2.16528,0.00901,0.00901,0.00901
122,1098.17,2.13224,3.1421,2.0584,0.24885,0.14043,0.11141,0.03578,2.31774,3.24031,2.16061,0.00900175,0.00900175,0.00900175
123,1107.19,2.17642,3.17087,2.07831,0.28891,0.13191,0.10735,0.03742,2.30324,3.24572,2.17318,0.0089935,0.0089935,0.0089935
124,1116.31,2.18081,3.18542,2.06847,0.32497,0.13191,0.10885,0.03437,2.30286,3.28994,2.14854,0.00898525,0.00898525,0.00898525
125,1125.04,2.18431,3.22321,2.09648,0.30126,0.12979,0.10755,0.03511,2.30939,3.26416,2.15387,0.008977,0.008977,0.008977
126,1133.92,2.15013,3.15983,2.06675,0.28455,0.14894,0.10957,0.0367,2.26139,3.20703,2.15034,0.00896875,0.00896875,0.00896875
127,1142.88,2.1295,3.13726,2.05279,0.22042,0.15319,0.11698,0.03852,2.28718,3.21078,2.12832,0.0089605,0.0089605,0.0089605
128,1151.99,2.13104,3.16013,2.06709,0.26616,0.13191,0.10559,0.03171,2.31627,3.22713,2.1287,0.00895225,0.00895225,0.00895225
129,1160.75,2.14688,3.14965,2.04738,0.20026,0.13191,0.08576,0.02785,2.37497,3.26669,2.15778,0.008944,0.008944,0.008944
130,1169.47,2.14038,3.14009,2.05362,0.23817,0.16596,0.11941,0.03646,2.30316,3.27916,2.171,0.00893575,0.00893575,0.00893575
131,1178.26,2.10229,3.08465,2.04126,0.31553,0.12128,0.10595,0.03892,2.30305,3.24592,2.15639,0.0089275,0.0089275,0.0089275
132,1187.07,2.14253,3.1063,2.05737,0.25194,0.15319,0.11686,0.03852,2.322,3.18314,2.14471,0.00891925,0.00891925,0.00891925
133,1195.9,2.16131,3.16577,2.05714,0.23508,0.13191,0.1057,0.03105,2.32771,3.26577,2.13925,0.008911,0.008911,0.008911
134,1204.71,2.14396,3.13865,2.04558,0.28196,0.15106,0.12027,0.03768,2.28751,3.21041,2.14514,0.00890275,0.00890275,0.00890275
135,1213.53,2.12018,3.1364,2.04763,0.27605,0.15745,0.12319,0.03827,2.2991,3.20101,2.14458,0.0088945,0.0088945,0.0088945
136,1222.9,2.1343,3.1328,2.03301,0.29426,0.12979,0.12138,0.03908,2.23325,3.1596,2.13166,0.00888625,0.00888625,0.00888625
137,1231.93,2.09583,3.09801,2.02888,0.27479,0.1383,0.10272,0.03532,2.26371,3.21002,2.15549,0.008878,0.008878,0.008878
138,1240.88,2.11569,3.1521,2.04262,0.26752,0.14681,0.10492,0.0353,2.26242,3.19533,2.13465,0.00886975,0.00886975,0.00886975
139,1249.87,2.1246,3.07177,2.05378,0.3359,0.11915,0.12396,0.04441,2.28062,3.16187,2.14299,0.0088615,0.0088615,0.0088615
140,1258.99,2.08746,3.12259,2.0268,0.22162,0.13617,0.1109,0.04053,2.2254,3.16467,2.10869,0.00885325,0.00885325,0.00885325
141,1267.82,2.1019,3.09559,2.04025,0.30509,0.14468,0.12016,0.04243,2.25484,3.14484,2.12541,0.008845,0.008845,0.008845
142,1276.65,2.08735,3.09337,2.01766,0.2654,0.15319,0.13883,0.04386,2.22926,3.2113,2.11989,0.00883675,0.00883675,0.00883675
143,1285.67,2.08039,3.09358,2.0168,0.21653,0.17447,0.10843,0.0356,2.26852,3.2032,2.10684,0.0088285,0.0088285,0.0088285
144,1294.52,2.11944,3.06131,2.02692,0.28086,0.15957,0.12214,0.0409,2.21209,3.15119,2.12498,0.00882025,0.00882025,0.00882025
145,1303.34,2.10231,3.07793,2.02764,0.2978,0.14894,0.13466,0.04395,2.1855,3.10976,2.09624,0.008812,0.008812,0.008812
146,1312.17,2.11959,3.08768,2.04624,0.24631,0.16271,0.11491,0.03925,2.27744,3.15695,2.13354,0.00880375,0.00880375,0.00880375
147,1321.17,2.06687,3.0681,2.03025,0.23242,0.16383,0.12002,0.04262,2.26782,3.11836,2.12014,0.0087955,0.0087955,0.0087955
148,1330.13,2.07866,3.06073,2.02681,0.26556,0.14468,0.1218,0.04205,2.27522,3.19233,2.11519,0.00878725,0.00878725,0.00878725
149,1339.15,2.12013,3.11604,2.03924,0.26736,0.14894,0.12098,0.04185,2.25231,3.15931,2.10792,0.008779,0.008779,0.008779
150,1348.05,2.07351,3.05256,2.01594,0.22803,0.15712,0.11703,0.03937,2.29267,3.15468,2.10881,0.00877075,0.00877075,0.00877075
151,1356.89,2.05393,3.04838,2.02006,0.32146,0.14468,0.13309,0.04481,2.25012,3.10829,2.12024,0.0087625,0.0087625,0.0087625
152,1366.05,2.07364,3.04268,1.99667,0.27339,0.17447,0.13415,0.0445,2.22543,3.14754,2.11559,0.00875425,0.00875425,0.00875425
153,1374.87,2.04611,3.01186,2.00519,0.23187,0.1766,0.12444,0.04499,2.23345,3.10097,2.12616,0.008746,0.008746,0.008746
154,1383.7,2.09154,3.06146,2.00631,0.26258,0.15532,0.1314,0.04606,2.20916,3.10053,2.08101,0.00873775,0.00873775,0.00873775
155,1392.78,2.0582,3.04023,2.00013,0.25684,0.15745,0.13606,0.04633,2.17576,3.09474,2.10254,0.0087295,0.0087295,0.0087295
156,1401.96,2.03681,3.00671,2.00135,0.27018,0.15106,0.12618,0.04414,2.2099,3.14575,2.11981,0.00872125,0.00872125,0.00872125
157,1410.87,2.07514,3.02831,2.00704,0.26084,0.17447,0.14799,0.05149,2.18155,3.07694,2.11023,0.008713,0.008713,0.008713
158,1419.94,2.06022,3.01062,1.98399,0.27623,0.17234,0.1304,0.04536,2.24951,3.10347,2.11775,0.00870475,0.00870475,0.00870475
159,1428.76,2.08486,2.99702,2.00125,0.3222,0.18085,0.14487,0.05171,2.20658,3.12417,2.09375,0.0086965,0.0086965,0.0086965
160,1437.63,2.05932,3.03194,2.00029,0.27013,0.1617,0.13489,0.04695,2.23233,3.0866,2.12564,0.00868825,0.00868825,0.00868825
161,1446.48,2.08421,3.0648,1.99884,0.26395,0.17473,0.13117,0.04674,2.15617,3.0817,2.08131,0.00868,0.00868,0.00868
162,1455.33,2.06546,3.00938,2.00581,0.26155,0.16809,0.13529,0.04736,2.18774,3.03574,2.11068,0.00867175,0.00867175,0.00867175
163,1464.21,2.03837,2.99792,1.99549,0.23859,0.18723,0.14183,0.04932,2.20972,3.06511,2.10781,0.0086635,0.0086635,0.0086635
164,1473.08,2.0119,2.98635,1.97971,0.28764,0.17021,0.12301,0.04154,2.2124,3.06514,2.10966,0.00865525,0.00865525,0.00865525
165,1481.93,2.0474,3.00674,2.00338,0.25985,0.17234,0.13038,0.04314,2.17199,3.10144,2.10829,0.008647,0.008647,0.008647
166,1490.82,2.02772,2.99828,1.98739,0.28911,0.18723,0.14299,0.04826,2.17669,3.10151,2.11162,0.00863875,0.00863875,0.00863875
167,1499.68,2.06681,3.01463,1.99505,0.39838,0.15745,0.154,0.05389,2.25268,3.06661,2.08441,0.0086305,0.0086305,0.0086305
168,1508.85,2.01268,2.98636,1.97803,0.30943,0.17447,0.13905,0.04659,2.17337,3.0654,2.08872,0.00862225,0.00862225,0.00862225
169,1517.7,2.03086,2.96667,1.99205,0.24502,0.1617,0.13968,0.04993,2.20026,3.13513,2.10538,0.008614,0.008614,0.008614
170,1526.56,2.0046,2.96873,1.98199,0.2799,0.21489,0.153,0.0548,2.21228,3.01375,2.11564,0.00860575,0.00860575,0.00860575
171,1535.68,2.01237,2.9246,1.97144,0.24046,0.18085,0.14864,0.0514,2.2039,3.02194,2.09043,0.0085975,0.0085975,0.0085975
172,1544.57,2.05544,2.99897,1.97029,0.31734,0.16596,0.14819,0.05252,2.22209,3.08561,2.11514,0.00858925,0.00858925,0.00858925
173,1553.46,2.02533,2.96901,1.98529,0.33482,0.16386,0.15953,0.05553,2.18297,3.04772,2.12335,0.008581,0.008581,0.008581
174,1562.48,2.0063,2.9729,1.9861,0.301,0.15745,0.13935,0.05114,2.22799,3.06745,2.11198,0.00857275,0.00857275,0.00857275
175,1571.44,2.00442,2.93245,1.975,0.26726,0.19013,0.1456,0.05731,2.17758,3.0543,2.09702,0.0085645,0.0085645,0.0085645
176,1580.49,2.01904,2.95097,1.96256,0.24449,0.18511,0.13801,0.04987,2.1904,3.03984,2.08104,0.00855625,0.00855625,0.00855625
177,1589.3,2.03529,2.92918,1.96985,0.30434,0.17872,0.15719,0.05785,2.19971,3.02759,2.11737,0.008548,0.008548,0.008548
178,1598.32,1.97867,2.92898,1.95584,0.2873,0.18869,0.15196,0.0536,2.21242,2.99941,2.11278,0.00853975,0.00853975,0.00853975
179,1607.21,1.98251,2.89845,1.95158,0.28118,0.19787,0.16131,0.05947,2.13801,2.98434,2.08112,0.0085315,0.0085315,0.0085315
180,1616.28,2.00175,2.89971,1.94443,0.28842,0.17872,0.15553,0.05917,2.15688,2.9818,2.08458,0.00852325,0.00852325,0.00852325
181,1625.12,1.9944,2.88762,1.95004,0.27541,0.2,0.16192,0.05856,2.16078,3.00235,2.08357,0.008515,0.008515,0.008515
182,1633.99,1.97493,2.89553,1.93987,0.25304,0.19149,0.16055,0.05826,2.18177,3.00715,2.11497,0.00850675,0.00850675,0.00850675
183,1643.05,1.94191,2.84472,1.94758,0.27587,0.18723,0.16207,0.05803,2.18853,3.00521,2.08948,0.0084985,0.0084985,0.0084985
184,1651.92,1.99078,2.86288,1.93601,0.2991,0.22553,0.16751,0.05902,2.16411,2.98996,2.08194,0.00849025,0.00849025,0.00849025
185,1661.2,1.98335,2.88316,1.95074,0.30975,0.2282,0.17164,0.06388,2.15195,2.97488,2.10082,0.008482,0.008482,0.008482
186,1670.24,1.99277,2.88349,1.95485,0.28584,0.20851,0.15298,0.05852,2.17514,2.96187,2.09265,0.00847375,0.00847375,0.00847375
187,1679.16,1.99153,2.88425,1.95352,0.31508,0.23404,0.16928,0.06162,2.16149,2.92627,2.10846,0.0084655,0.0084655,0.0084655
188,1688.12,1.9928,2.87589,1.94747,0.30378,0.2,0.16865,0.06599,2.1446,2.96451,2.07841,0.00845725,0.00845725,0.00845725
189,1697.26,1.95732,2.86176,1.93486,0.27713,0.22513,0.16632,0.06416,2.12087,2.8789,2.06476,0.008449,0.008449,0.008449
190,1706.12,1.99901,2.8846,1.93608,0.31344,0.22128,0.16976,0.06616,2.10566,2.88547,2.08161,0.00844075,0.00844075,0.00844075
191,1715.24,1.94583,2.8356,1.93132,0.26004,0.19366,0.1507,0.05524,2.14648,3.01275,2.07932,0.0084325,0.0084325,0.0084325
192,1724.05,1.9895,2.85671,1.92104,0.26788,0.1954,0.17404,0.06545,2.16844,2.92743,2.09382,0.00842425,0.00842425,0.00842425
193,1733.12,1.95962,2.85513,1.93011,0.27898,0.19593,0.17271,0.06793,2.13744,2.89966,2.06862,0.008416,0.008416,0.008416
194,1742.17,1.95651,2.82704,1.92426,0.28307,0.23404,0.16675,0.06568,2.17178,2.94955,2.08195,0.00840775,0.00840775,0.00840775
195,1751.03,2.00273,2.85727,1.94891,0.31075,0.20912,0.17708,0.06557,2.21447,2.89485,2.09728,0.0083995,0.0083995,0.0083995
196,1759.84,1.94446,2.83082,1.91231,0.31447,0.20213,0.17315,0.06533,2.1246,2.96031,2.06689,0.00839125,0.00839125,0.00839125
197,1768.67,1.93892,2.8191,1.92763,0.32183,0.20638,0.18566,0.07378,2.14412,2.86752,2.07331,0.008383,0.008383,0.008383
198,1778,1.9577,2.7889,1.90236,0.29804,0.22979,0.18378,0.0734,2.12455,2.90112,2.03932,0.00837475,0.00837475,0.00837475
199,1787.02,1.94504,2.81927,1.92921,0.29114,0.21322,0.18231,0.06985,2.08399,2.889,2.04128,0.0083665,0.0083665,0.0083665
200,1795.94,1.94671,2.7949,1.92565,0.29334,0.21064,0.18227,0.07207,2.12398,2.88292,2.07721,0.00835825,0.00835825,0.00835825
201,1804.84,1.94126,2.798,1.91671,0.33755,0.21915,0.1956,0.07774,2.0994,2.86117,2.06813,0.00835,0.00835,0.00835
202,1813.93,1.9495,2.78294,1.91546,0.3505,0.21064,0.19738,0.0756,2.13391,2.86143,2.08543,0.00834175,0.00834175,0.00834175
203,1822.72,1.94817,2.79329,1.91146,0.33682,0.21489,0.18327,0.06837,2.13462,2.87968,2.08633,0.0083335,0.0083335,0.0083335
204,1831.55,1.9479,2.77182,1.91859,0.35113,0.21064,0.1918,0.07293,2.10669,2.86541,2.0862,0.00832525,0.00832525,0.00832525
205,1840.3,1.90843,2.73846,1.90643,0.2935,0.22766,0.187,0.07589,2.08633,2.84388,2.06055,0.008317,0.008317,0.008317
206,1849.22,1.91119,2.7365,1.88937,0.31172,0.23191,0.20161,0.0765,2.12694,2.80933,2.06397,0.00830875,0.00830875,0.00830875
207,1858.05,1.89921,2.73592,1.88102,0.34383,0.23617,0.20811,0.0771,2.05767,2.8398,2.04511,0.0083005,0.0083005,0.0083005
208,1867.06,1.88438,2.68706,1.88773,0.38262,0.22553,0.20292,0.07526,2.10768,2.82585,2.0644,0.00829225,0.00829225,0.00829225
209,1875.91,1.89506,2.71522,1.89935,0.26291,0.24894,0.17472,0.06544,2.14636,2.90455,2.05261,0.008284,0.008284,0.008284
210,1884.7,1.92178,2.71814,1.89777,0.34363,0.22766,0.20818,0.08219,2.08388,2.83812,2.05454,0.00827575,0.00827575,0.00827575
211,1893.73,1.91423,2.71445,1.88588,0.31502,0.24894,0.1999,0.07619,2.08836,2.80325,2.06214,0.0082675,0.0082675,0.0082675
212,1902.51,1.89838,2.73802,1.88308,0.34742,0.21064,0.18164,0.0716,2.09046,2.82537,2.04497,0.00825925,0.00825925,0.00825925
213,1911.35,1.88165,2.71517,1.86955,0.34503,0.22766,0.19193,0.08068,2.09131,2.84485,2.0493,0.008251,0.008251,0.008251
214,1920.09,1.9065,2.70539,1.87421,0.38825,0.25106,0.21142,0.08079,2.0708,2.80178,2.04005,0.00824275,0.00824275,0.00824275
215,1929.01,1.86308,2.67305,1.86369,0.42811,0.21489,0.19731,0.07976,2.04018,2.80819,2.02213,0.0082345,0.0082345,0.0082345
216,1937.9,1.90812,2.69452,1.87824,0.31498,0.24654,0.20335,0.08151,2.07137,2.83488,2.03361,0.00822625,0.00822625,0.00822625
217,1946.65,1.82718,2.63911,1.8635,0.35908,0.22979,0.21255,0.08215,2.10638,2.77836,2.05154,0.008218,0.008218,0.008218
218,1955.7,1.92871,2.69104,1.88662,0.39871,0.23191,0.22519,0.08509,2.06878,2.72835,2.05009,0.00820975,0.00820975,0.00820975
219,1964.9,1.88297,2.65232,1.86825,0.32641,0.25532,0.20507,0.08309,2.09643,2.73388,2.05858,0.0082015,0.0082015,0.0082015
220,1973.77,1.89828,2.70992,1.86972,0.34854,0.23191,0.21897,0.08811,2.01972,2.69386,2.01806,0.00819325,0.00819325,0.00819325
221,1982.81,1.85633,2.62877,1.85898,0.34101,0.23617,0.20926,0.08408,2.08272,2.73273,2.04224,0.008185,0.008185,0.008185
222,1991.69,1.87902,2.66313,1.86058,0.29387,0.26386,0.20812,0.08695,2.05647,2.70588,2.02957,0.00817675,0.00817675,0.00817675
223,2000.66,1.86412,2.61329,1.84517,0.35712,0.25106,0.22472,0.08785,2.04636,2.71701,2.03246,0.0081685,0.0081685,0.0081685
224,2009.85,1.88157,2.63936,1.86862,0.41348,0.23404,0.22159,0.08663,2.00132,2.71473,2.01481,0.00816025,0.00816025,0.00816025
225,2018.63,1.85409,2.62542,1.85535,0.33806,0.25532,0.21459,0.08538,1.97299,2.71957,1.98945,0.008152,0.008152,0.008152
226,2027.42,1.87743,2.66679,1.85359,0.33515,0.22766,0.20288,0.08175,1.99608,2.70555,2.00852,0.00814375,0.00814375,0.00814375
227,2036.28,1.8456,2.58071,1.84408,0.3479,0.24894,0.2195,0.09296,1.95387,2.70487,2.00007,0.0081355,0.0081355,0.0081355
228,2045.29,1.81799,2.57194,1.82601,0.32948,0.24255,0.2231,0.08758,2.00443,2.73672,2.00558,0.00812725,0.00812725,0.00812725
229,2054.13,1.84883,2.63902,1.84128,0.34732,0.2383,0.21874,0.08895,2.0512,2.75654,2.01904,0.008119,0.008119,0.008119
230,2063.2,1.82331,2.54827,1.83127,0.39857,0.24468,0.22959,0.09262,2.02179,2.63568,2.00731,0.00811075,0.00811075,0.00811075
231,2072.27,1.8472,2.58841,1.84225,0.36508,0.22128,0.21193,0.09281,1.99138,2.68573,1.99851,0.0081025,0.0081025,0.0081025
232,2081.11,1.80664,2.52977,1.81472,0.3771,0.24468,0.22535,0.09302,2.05868,2.66615,2.02129,0.00809425,0.00809425,0.00809425
233,2089.99,1.83358,2.57727,1.84542,0.47023,0.24681,0.2362,0.09769,2.02626,2.65402,1.99617,0.008086,0.008086,0.008086
234,2098.98,1.81137,2.54211,1.84036,0.35188,0.27234,0.25092,0.10128,1.99484,2.64948,1.98228,0.00807775,0.00807775,0.00807775
235,2108.1,1.81126,2.53666,1.83977,0.38209,0.25957,0.2545,0.10316,2.05752,2.65359,2.01773,0.0080695,0.0080695,0.0080695
236,2117.14,1.78926,2.51826,1.80456,0.39159,0.25319,0.2506,0.10533,2.01533,2.59795,1.98627,0.00806125,0.00806125,0.00806125
237,2126.1,1.8073,2.52628,1.80674,0.35618,0.26809,0.24488,0.10091,2.03949,2.70532,2.01965,0.008053,0.008053,0.008053
238,2134.93,1.82525,2.50338,1.80486,0.36066,0.25745,0.23141,0.09985,1.95884,2.63179,1.96574,0.00804475,0.00804475,0.00804475
239,2143.8,1.74318,2.49818,1.80235,0.39349,0.25319,0.23129,0.09788,1.9482,2.65839,1.97097,0.0080365,0.0080365,0.0080365
240,2152.64,1.80632,2.52656,1.80549,0.36019,0.27549,0.26326,0.10954,1.95684,2.6064,1.99268,0.00802825,0.00802825,0.00802825
241,2161.69,1.81106,2.51804,1.81949,0.35087,0.26912,0.24638,0.10385,2.00892,2.62177,1.99493,0.00802,0.00802,0.00802
242,2170.51,1.79253,2.49928,1.80111,0.38756,0.26383,0.25301,0.10145,1.99535,2.65029,1.96909,0.00801175,0.00801175,0.00801175
243,2179.29,1.79112,2.47077,1.8084,0.40047,0.27856,0.25966,0.11077,1.96171,2.57135,1.96429,0.0080035,0.0080035,0.0080035
244,2188.27,1.78284,2.4357,1.79151,0.41705,0.26596,0.27266,0.11495,1.97662,2.53171,1.98274,0.00799525,0.00799525,0.00799525
245,2197.37,1.80732,2.50836,1.79877,0.41961,0.27021,0.27549,0.11343,1.94412,2.54614,1.97957,0.007987,0.007987,0.007987
246,2206.17,1.78517,2.45077,1.80355,0.48473,0.27221,0.28567,0.12233,1.93144,2.53073,1.9385,0.00797875,0.00797875,0.00797875
247,2215.26,1.79019,2.46661,1.80114,0.48639,0.25791,0.27675,0.11802,1.94743,2.54159,1.96295,0.0079705,0.0079705,0.0079705
248,2224.03,1.76944,2.47357,1.79335,0.36383,0.29083,0.26192,0.11152,1.96193,2.58064,1.96008,0.00796225,0.00796225,0.00796225
249,2232.8,1.77512,2.42618,1.76642,0.47136,0.3,0.28678,0.12664,1.90993,2.52767,1.92936,0.007954,0.007954,0.007954
250,2241.87,1.76724,2.41467,1.76604,0.40767,0.29574,0.28304,0.11857,1.94903,2.50231,1.9556,0.00794575,0.00794575,0.00794575
251,2250.75,1.76538,2.40626,1.77497,0.38167,0.29812,0.26959,0.1177,1.92369,2.5131,1.94517,0.0079375,0.0079375,0.0079375
252,2259.63,1.75376,2.43387,1.77407,0.44592,0.26809,0.29116,0.12931,1.92651,2.49978,1.93133,0.00792925,0.00792925,0.00792925
253,2268.69,1.75655,2.40558,1.77048,0.39872,0.30758,0.29488,0.13237,1.9083,2.43637,1.92153,0.007921,0.007921,0.007921
254,2277.66,1.75779,2.44306,1.77967,0.40537,0.30638,0.29282,0.13292,1.89889,2.44357,1.92758,0.00791275,0.00791275,0.00791275
255,2286.72,1.77554,2.41131,1.77651,0.41637,0.30213,0.29738,0.12853,1.95213,2.50581,1.93794,0.0079045,0.0079045,0.0079045
256,2295.44,1.72475,2.34177,1.74811,0.42372,0.31277,0.30733,0.13805,1.92394,2.43001,1.9173,0.00789625,0.00789625,0.00789625
257,2304.38,1.7525,2.35584,1.76814,0.46115,0.29787,0.30254,0.12834,1.89022,2.46385,1.91895,0.007888,0.007888,0.007888
258,2313.14,1.74258,2.38708,1.75255,0.45519,0.32128,0.31078,0.1347,1.89429,2.46131,1.88662,0.00787975,0.00787975,0.00787975
259,2322.13,1.7188,2.3516,1.75487,0.4908,0.2766,0.30477,0.13231,1.91439,2.43433,1.90523,0.0078715,0.0078715,0.0078715
260,2331.15,1.72026,2.31526,1.7377,0.4583,0.29574,0.30693,0.13039,1.95021,2.43584,1.91864,0.00786325,0.00786325,0.00786325
261,2340.14,1.68724,2.27233,1.72249,0.41335,0.3313,0.30195,0.13371,1.91717,2.4551,1.92107,0.007855,0.007855,0.007855
262,2349.23,1.7135,2.35084,1.73799,0.39305,0.31489,0.30178,0.13823,1.88096,2.43176,1.90349,0.00784675,0.00784675,0.00784675
263,2358.21,1.71458,2.31753,1.73911,0.43387,0.30818,0.30924,0.13924,1.90239,2.43286,1.92781,0.0078385,0.0078385,0.0078385
264,2367.17,1.70055,2.25822,1.732,0.42518,0.29787,0.30351,0.13872,1.86586,2.44042,1.88039,0.00783025,0.00783025,0.00783025
265,2375.94,1.74083,2.33258,1.7437,0.45168,0.3,0.29973,0.13355,1.9071,2.42247,1.88185,0.007822,0.007822,0.007822
266,2384.75,1.69211,2.27481,1.72051,0.42789,0.30426,0.30912,0.14256,1.88132,2.43209,1.88736,0.00781375,0.00781375,0.00781375
267,2393.87,1.6877,2.25932,1.72075,0.39832,0.30213,0.28834,0.1293,1.95525,2.48097,1.93929,0.0078055,0.0078055,0.0078055
268,2402.79,1.69366,2.30339,1.71851,0.44496,0.31555,0.3105,0.13855,1.8856,2.43089,1.89805,0.00779725,0.00779725,0.00779725
269,2411.66,1.69583,2.27962,1.71796,0.43695,0.30712,0.32003,0.15229,1.85048,2.38169,1.89356,0.007789,0.007789,0.007789
270,2420.68,1.68494,2.25375,1.72394,0.42812,0.3383,0.34022,0.15924,1.844,2.33441,1.86884,0.00778075,0.00778075,0.00778075
271,2429.65,1.67802,2.23674,1.70887,0.48209,0.31277,0.32936,0.15334,1.87271,2.39426,1.87623,0.0077725,0.0077725,0.0077725
272,2438.43,1.70215,2.24997,1.72093,0.42262,0.33191,0.33083,0.14759,1.87494,2.40091,1.87191,0.00776425,0.00776425,0.00776425
273,2447.16,1.6972,2.24553,1.70794,0.48708,0.31064,0.35043,0.15983,1.8567,2.36529,1.8846,0.007756,0.007756,0.007756
274,2456.27,1.68734,2.22621,1.70383,0.41221,0.35106,0.33968,0.15844,1.84146,2.33118,1.85589,0.00774775,0.00774775,0.00774775
275,2465.34,1.68358,2.23365,1.70764,0.45896,0.32553,0.33328,0.1648,1.81189,2.32301,1.86488,0.0077395,0.0077395,0.0077395
276,2474.34,1.68951,2.22346,1.68712,0.43068,0.338,0.34138,0.16513,1.80173,2.35143,1.85257,0.00773125,0.00773125,0.00773125
277,2483.33,1.67063,2.19888,1.68721,0.43104,0.34468,0.35556,0.16189,1.84606,2.35749,1.86954,0.007723,0.007723,0.007723
278,2492.08,1.66114,2.21654,1.69149,0.48618,0.32766,0.33939,0.15862,1.84239,2.33741,1.85853,0.00771475,0.00771475,0.00771475
279,2500.88,1.65801,2.19877,1.69656,0.47827,0.31702,0.33212,0.15216,1.85729,2.38096,1.85,0.0077065,0.0077065,0.0077065
280,2509.68,1.67065,2.18885,1.68287,0.48085,0.35532,0.35792,0.17025,1.8133,2.30627,1.85097,0.00769825,0.00769825,0.00769825
281,2518.7,1.64955,2.15185,1.67866,0.47595,0.33617,0.35165,0.16887,1.82329,2.33812,1.84588,0.00769,0.00769,0.00769
282,2527.58,1.67342,2.191,1.69847,0.47483,0.3383,0.35577,0.17181,1.80872,2.28452,1.84079,0.00768175,0.00768175,0.00768175
283,2536.8,1.64675,2.19654,1.69241,0.51951,0.35532,0.37465,0.183,1.78724,2.2296,1.82729,0.0076735,0.0076735,0.0076735
284,2545.84,1.65093,2.19545,1.68534,0.51873,0.34043,0.37987,0.18548,1.75167,2.22612,1.81287,0.00766525,0.00766525,0.00766525
285,2555,1.66521,2.18217,1.68645,0.47818,0.36809,0.37685,0.17615,1.80173,2.25379,1.83092,0.007657,0.007657,0.007657
286,2563.81,1.61656,2.17543,1.67225,0.4903,0.35817,0.38655,0.1843,1.7901,2.25666,1.81676,0.00764875,0.00764875,0.00764875
287,2572.57,1.60517,2.14015,1.66435,0.4673,0.3766,0.374,0.18115,1.76518,2.24508,1.80573,0.0076405,0.0076405,0.0076405
288,2581.51,1.63249,2.13154,1.68043,0.50562,0.35532,0.37304,0.18058,1.77076,2.26213,1.81047,0.00763225,0.00763225,0.00763225
289,2590.38,1.61734,2.12069,1.65954,0.49842,0.3617,0.38469,0.18762,1.7708,2.2198,1.81387,0.007624,0.007624,0.007624
290,2599.46,1.61919,2.12363,1.65829,0.49812,0.39787,0.39212,0.1874,1.76489,2.23571,1.80658,0.00761575,0.00761575,0.00761575
291,2608.63,1.6821,2.15817,1.67637,0.51718,0.3617,0.3916,0.18716,1.77917,2.22158,1.82664,0.0076075,0.0076075,0.0076075
292,2617.47,1.57396,2.08991,1.63937,0.52278,0.4009,0.39176,0.18749,1.75476,2.22104,1.79402,0.00759925,0.00759925,0.00759925
293,2626.47,1.63345,2.13534,1.67282,0.53738,0.3383,0.3826,0.18549,1.79885,2.25569,1.79723,0.007591,0.007591,0.007591
294,2635.23,1.60466,2.06747,1.63611,0.5463,0.3766,0.40255,0.19866,1.78044,2.24862,1.81084,0.00758275,0.00758275,0.00758275
295,2644.17,1.59097,2.04138,1.63336,0.54305,0.35957,0.39111,0.18512,1.7485,2.21926,1.825,0.0075745,0.0075745,0.0075745
296,2652.95,1.63254,2.10683,1.65646,0.5361,0.37128,0.39653,0.19606,1.75291,2.20314,1.7895,0.00756625,0.00756625,0.00756625
297,2661.73,1.62086,2.12368,1.65742,0.46575,0.36809,0.38527,0.18497,1.74898,2.24704,1.78547,0.007558,0.007558,0.007558
298,2670.62,1.59438,2.06908,1.64193,0.56239,0.36809,0.40769,0.20609,1.72026,2.14971,1.79476,0.00754975,0.00754975,0.00754975
299,2679.61,1.60378,2.07292,1.64292,0.55211,0.39341,0.42293,0.21111,1.73211,2.1559,1.8048,0.0075415,0.0075415,0.0075415
300,2688.6,1.57313,2.06011,1.6387,0.50479,0.38936,0.39421,0.18749,1.81154,2.19497,1.79182,0.00753325,0.00753325,0.00753325
301,2697.48,1.60489,2.06753,1.6415,0.57924,0.35957,0.40537,0.20289,1.78366,2.16913,1.78767,0.007525,0.007525,0.007525
302,2706.47,1.57757,2.02059,1.6262,0.6389,0.34894,0.42982,0.21448,1.70362,2.12173,1.74143,0.00751675,0.00751675,0.00751675
303,2715.54,1.5939,2.05959,1.62404,0.52616,0.43191,0.44218,0.21716,1.69727,2.11483,1.75056,0.0075085,0.0075085,0.0075085
304,2724.5,1.6201,2.07216,1.63185,0.55907,0.43191,0.44488,0.22089,1.70717,2.07097,1.76551,0.00750025,0.00750025,0.00750025
305,2733.53,1.60627,2.04362,1.63004,0.53477,0.41489,0.43371,0.22547,1.69,2.05718,1.76473,0.007492,0.007492,0.007492
306,2742.71,1.5507,1.976,1.59967,0.53676,0.40924,0.41585,0.21275,1.72199,2.15078,1.75934,0.00748375,0.00748375,0.00748375
307,2751.5,1.59481,2.02735,1.62353,0.58103,0.41015,0.44161,0.22127,1.67877,2.10188,1.74555,0.0074755,0.0074755,0.0074755
308,2760.28,1.5735,2.00289,1.60501,0.65334,0.39699,0.44559,0.22796,1.7009,2.1113,1.74239,0.00746725,0.00746725,0.00746725
309,2769.28,1.57755,2.00909,1.61212,0.56343,0.41489,0.44064,0.22759,1.68759,2.11524,1.7424,0.007459,0.007459,0.007459
310,2778.04,1.53998,1.98075,1.60466,0.56316,0.41489,0.45353,0.2288,1.6981,2.06737,1.74536,0.00745075,0.00745075,0.00745075
311,2786.98,1.56977,1.9843,1.59671,0.55984,0.39574,0.42886,0.22178,1.72462,2.10675,1.73827,0.0074425,0.0074425,0.0074425
312,2795.68,1.5541,1.99394,1.62655,0.60546,0.41489,0.45708,0.23623,1.69263,2.04371,1.72824,0.00743425,0.00743425,0.00743425
313,2804.61,1.51677,1.96581,1.59112,0.60857,0.38936,0.44577,0.23391,1.69714,2.11213,1.73761,0.007426,0.007426,0.007426
314,2813.39,1.52923,1.98195,1.59501,0.6355,0.39693,0.46534,0.23924,1.63939,2.05553,1.72387,0.00741775,0.00741775,0.00741775
315,2822.42,1.56499,1.99064,1.61517,0.57555,0.4234,0.45568,0.2395,1.67108,2.06038,1.74621,0.0074095,0.0074095,0.0074095
316,2831.51,1.55754,1.97539,1.59806,0.59844,0.40426,0.43655,0.22426,1.68249,2.09497,1.74267,0.00740125,0.00740125,0.00740125
317,2840.3,1.56235,1.94975,1.59786,0.59243,0.40851,0.46318,0.24185,1.64333,2.06072,1.69778,0.007393,0.007393,0.007393
318,2849.31,1.51534,1.94653,1.58158,0.60311,0.40426,0.47258,0.24791,1.67927,2.02419,1.70722,0.00738475,0.00738475,0.00738475
319,2858.37,1.52309,1.96566,1.57828,0.62891,0.40426,0.47295,0.24316,1.67226,2.01834,1.70978,0.0073765,0.0073765,0.0073765
320,2867.19,1.50941,1.92016,1.5786,0.65426,0.40638,0.47531,0.24994,1.65723,2.01724,1.68472,0.00736825,0.00736825,0.00736825
321,2876.18,1.51032,1.88212,1.58167,0.57683,0.4383,0.48199,0.25399,1.64848,2.01339,1.68934,0.00736,0.00736,0.00736
322,2885.19,1.52583,1.91826,1.5697,0.63744,0.42553,0.48492,0.25419,1.67494,2.00702,1.70567,0.00735175,0.00735175,0.00735175
323,2894.16,1.52366,1.88109,1.57139,0.66803,0.41489,0.49344,0.26056,1.64365,1.992,1.70152,0.0073435,0.0073435,0.0073435
324,2903.17,1.52031,1.89702,1.56409,0.57785,0.4234,0.45132,0.2348,1.69993,2.05316,1.71203,0.00733525,0.00733525,0.00733525
325,2911.95,1.47884,1.90426,1.56279,0.62016,0.44681,0.47825,0.25202,1.6279,1.9709,1.66898,0.007327,0.007327,0.007327
326,2920.75,1.48566,1.8737,1.56762,0.58337,0.43496,0.47893,0.25213,1.65217,1.99684,1.67333,0.00731875,0.00731875,0.00731875
327,2929.56,1.491,1.89637,1.55605,0.64096,0.4234,0.48744,0.26143,1.6439,1.96558,1.67299,0.0073105,0.0073105,0.0073105
328,2938.52,1.53689,1.88208,1.56433,0.68615,0.40851,0.49028,0.25688,1.63334,1.96588,1.66198,0.00730225,0.00730225,0.00730225
329,2947.28,1.49611,1.87646,1.55157,0.64368,0.41277,0.47297,0.24974,1.65478,1.96061,1.68006,0.007294,0.007294,0.007294
330,2956.19,1.49884,1.85355,1.56485,0.67194,0.43404,0.50095,0.26447,1.62744,1.90343,1.6649,0.00728575,0.00728575,0.00728575
331,2965.25,1.55318,1.90319,1.57671,0.72255,0.41702,0.50305,0.26479,1.66223,1.94325,1.66763,0.0072775,0.0072775,0.0072775
332,2974.25,1.4858,1.84807,1.54309,0.64176,0.43071,0.50953,0.26992,1.63442,1.93724,1.65953,0.00726925,0.00726925,0.00726925
333,2983.22,1.49035,1.8628,1.55069,0.62843,0.46383,0.5083,0.25616,1.64261,1.94757,1.67281,0.007261,0.007261,0.007261
334,2992.11,1.47614,1.84512,1.54443,0.6269,0.44681,0.49833,0.25947,1.62433,1.93229,1.67095,0.00725275,0.00725275,0.00725275
335,3001.06,1.51057,1.8803,1.54948,0.69125,0.44255,0.51497,0.27957,1.64825,1.94504,1.67067,0.0072445,0.0072445,0.0072445
336,3010.02,1.49956,1.8694,1.5452,0.66721,0.45106,0.51505,0.27827,1.642,1.94752,1.65896,0.00723625,0.00723625,0.00723625
337,3018.94,1.50232,1.89525,1.55087,0.6063,0.47512,0.51301,0.28113,1.63672,1.9262,1.65619,0.007228,0.007228,0.007228
338,3028.22,1.47236,1.81396,1.5395,0.5943,0.46809,0.52089,0.28073,1.64,1.89175,1.65194,0.00721975,0.00721975,0.00721975
339,3037.18,1.48725,1.83507,1.53597,0.64162,0.45106,0.5253,0.28209,1.63302,1.88297,1.65649,0.0072115,0.0072115,0.0072115
340,3046.28,1.49455,1.84353,1.54573,0.69454,0.44991,0.52919,0.28934,1.60591,1.86841,1.63247,0.00720325,0.00720325,0.00720325
341,3055.3,1.46607,1.82965,1.53245,0.68288,0.48085,0.53566,0.28458,1.64414,1.88429,1.63374,0.007195,0.007195,0.007195
342,3064.09,1.48045,1.82002,1.52475,0.64111,0.46383,0.53403,0.28341,1.61593,1.86861,1.6426,0.00718675,0.00718675,0.00718675
343,3073.09,1.50193,1.85626,1.53666,0.64899,0.47872,0.53591,0.28811,1.59373,1.87039,1.6376,0.0071785,0.0071785,0.0071785
344,3081.85,1.44929,1.78348,1.51988,0.66823,0.44255,0.53143,0.29316,1.58637,1.90006,1.63064,0.00717025,0.00717025,0.00717025
345,3090.9,1.45668,1.79312,1.52943,0.68379,0.44255,0.53589,0.29486,1.58352,1.84458,1.62268,0.007162,0.007162,0.007162
346,3099.97,1.45031,1.75725,1.51969,0.71419,0.46596,0.55048,0.29534,1.5853,1.83558,1.6239,0.00715375,0.00715375,0.00715375
347,3109.16,1.42454,1.78008,1.50952,0.70135,0.45319,0.53706,0.2926,1.59435,1.83734,1.62092,0.0071455,0.0071455,0.0071455
348,3118.02,1.4561,1.7991,1.53055,0.70923,0.44043,0.53784,0.29058,1.60008,1.85523,1.61537,0.00713725,0.00713725,0.00713725
349,3126.82,1.49769,1.79804,1.52735,0.64993,0.48298,0.54074,0.30173,1.5289,1.8345,1.58124,0.007129,0.007129,0.007129
350,3135.79,1.43623,1.74936,1.50384,0.69359,0.47234,0.53861,0.2998,1.55117,1.84812,1.59066,0.00712075,0.00712075,0.00712075
351,3144.59,1.47196,1.78874,1.52428,0.66003,0.48298,0.55563,0.3053,1.55387,1.79786,1.59713,0.0071125,0.0071125,0.0071125
352,3153.55,1.43667,1.76287,1.49579,0.66983,0.48085,0.55282,0.3044,1.55525,1.77782,1.58777,0.00710425,0.00710425,0.00710425
353,3162.29,1.4512,1.79491,1.51806,0.67712,0.47742,0.54919,0.30816,1.54781,1.79494,1.58196,0.007096,0.007096,0.007096
354,3171.41,1.41592,1.72917,1.5002,0.69235,0.47447,0.53948,0.30055,1.55791,1.81861,1.59647,0.00708775,0.00708775,0.00708775
355,3180.43,1.41273,1.72759,1.48102,0.71137,0.48243,0.5516,0.30935,1.54564,1.80732,1.58559,0.0070795,0.0070795,0.0070795
356,3189.58,1.44514,1.73661,1.48915,0.6786,0.48511,0.54682,0.30948,1.53169,1.77246,1.5691,0.00707125,0.00707125,0.00707125
357,3198.34,1.40215,1.73093,1.48018,0.68181,0.47871,0.5451,0.30619,1.54483,1.81673,1.58808,0.007063,0.007063,0.007063
358,3207.23,1.42884,1.73128,1.49627,0.67138,0.48685,0.5478,0.30876,1.56273,1.79756,1.58837,0.00705475,0.00705475,0.00705475
359,3216.1,1.44316,1.75465,1.50116,0.58481,0.51489,0.546,0.31052,1.5415,1.77736,1.58301,0.0070465,0.0070465,0.0070465
360,3225.07,1.41843,1.721,1.48903,0.62399,0.48723,0.54216,0.29721,1.56393,1.80482,1.59445,0.00703825,0.00703825,0.00703825
361,3233.81,1.41189,1.73168,1.49346,0.66898,0.49018,0.55533,0.31479,1.54807,1.73885,1.58762,0.00703,0.00703,0.00703
362,3242.8,1.39981,1.66459,1.48393,0.65569,0.49787,0.56582,0.32395,1.53765,1.73038,1.5795,0.00702175,0.00702175,0.00702175
363,3251.77,1.42314,1.70639,1.47524,0.64683,0.52217,0.58655,0.32716,1.54312,1.72661,1.57238,0.0070135,0.0070135,0.0070135
364,3260.75,1.40772,1.71881,1.47959,0.69906,0.52883,0.58531,0.32847,1.51965,1.69622,1.56089,0.00700525,0.00700525,0.00700525
365,3269.86,1.42573,1.7335,1.48681,0.67826,0.51064,0.5794,0.33043,1.51188,1.71239,1.56017,0.006997,0.006997,0.006997
366,3279.04,1.41716,1.71099,1.4822,0.65107,0.54785,0.59115,0.33541,1.52127,1.71477,1.56428,0.00698875,0.00698875,0.00698875
367,3288.09,1.39023,1.69533,1.47264,0.67122,0.52979,0.5914,0.32735,1.50505,1.72345,1.56036,0.0069805,0.0069805,0.0069805
368,3297.15,1.38992,1.66793,1.48078,0.75146,0.49362,0.58298,0.32444,1.5184,1.72683,1.56077,0.00697225,0.00697225,0.00697225
369,3305.99,1.37986,1.64469,1.46642,0.72721,0.52748,0.59897,0.33287,1.49926,1.697,1.56406,0.006964,0.006964,0.006964
370,3314.75,1.38995,1.64865,1.45568,0.73692,0.53404,0.60983,0.34049,1.48959,1.67197,1.54091,0.00695575,0.00695575,0.00695575
371,3323.71,1.39558,1.66749,1.4656,0.70334,0.54255,0.60162,0.34221,1.47999,1.68566,1.53692,0.0069475,0.0069475,0.0069475
372,3332.66,1.40929,1.67444,1.4718,0.7107,0.52766,0.59442,0.33751,1.51757,1.70974,1.55042,0.00693925,0.00693925,0.00693925
373,3341.54,1.39587,1.68393,1.47566,0.68069,0.53191,0.59617,0.33655,1.5277,1.68551,1.5483,0.006931,0.006931,0.006931
374,3350.49,1.38792,1.65206,1.46618,0.70446,0.52236,0.60303,0.35122,1.47599,1.67936,1.53533,0.00692275,0.00692275,0.00692275
375,3359.44,1.36392,1.6453,1.46524,0.70017,0.5068,0.60297,0.34928,1.49638,1.67138,1.52838,0.0069145,0.0069145,0.0069145
376,3368.16,1.39773,1.67546,1.46401,0.74055,0.51064,0.60002,0.3391,1.50393,1.67282,1.53982,0.00690625,0.00690625,0.00690625
377,3376.98,1.34352,1.60944,1.43655,0.69786,0.53567,0.60715,0.34682,1.49015,1.62729,1.53308,0.006898,0.006898,0.006898
378,3385.75,1.41691,1.69824,1.49343,0.6625,0.57234,0.60921,0.34537,1.50343,1.63444,1.53931,0.00688975,0.00688975,0.00688975
379,3394.66,1.33124,1.6187,1.43386,0.7481,0.53079,0.61877,0.35975,1.47835,1.62448,1.52661,0.0068815,0.0068815,0.0068815
380,3404.01,1.3771,1.64871,1.45944,0.76021,0.5383,0.62898,0.369,1.43417,1.58218,1.52102,0.00687325,0.00687325,0.00687325
381,3413.07,1.36956,1.63171,1.44579,0.67945,0.56374,0.62564,0.3677,1.4488,1.59236,1.51075,0.006865,0.006865,0.006865
382,3422,1.3724,1.64203,1.46581,0.70838,0.54267,0.62447,0.36297,1.46209,1.59353,1.50356,0.00685675,0.00685675,0.00685675
383,3431.04,1.37217,1.61428,1.44606,0.68581,0.55745,0.6275,0.35966,1.48039,1.60748,1.5016,0.0068485,0.0068485,0.0068485
384,3439.78,1.36438,1.62873,1.45313,0.7406,0.54894,0.63882,0.37071,1.47321,1.57352,1.49036,0.00684025,0.00684025,0.00684025
385,3448.74,1.38485,1.6309,1.4569,0.73466,0.55532,0.63225,0.35599,1.49262,1.59358,1.49379,0.006832,0.006832,0.006832
386,3457.59,1.33849,1.58492,1.4191,0.7592,0.51702,0.63156,0.36546,1.48208,1.59587,1.49325,0.00682375,0.00682375,0.00682375
387,3466.58,1.33534,1.56718,1.44157,0.76838,0.51915,0.63878,0.37071,1.48688,1.56254,1.4981,0.0068155,0.0068155,0.0068155
388,3475.77,1.36191,1.57668,1.4383,0.7353,0.54043,0.63376,0.37696,1.45752,1.56301,1.49519,0.00680725,0.00680725,0.00680725
389,3484.74,1.36513,1.60929,1.44597,0.70838,0.54468,0.63323,0.37587,1.44569,1.56552,1.48987,0.006799,0.006799,0.006799
390,3493.5,1.36489,1.60455,1.44418,0.78963,0.52709,0.63137,0.36661,1.45992,1.5875,1.48872,0.00679075,0.00679075,0.00679075
391,3502.25,1.36926,1.63101,1.45002,0.74882,0.5234,0.63271,0.37719,1.44542,1.58937,1.47917,0.0067825,0.0067825,0.0067825
392,3511.31,1.33645,1.59321,1.41343,0.68212,0.57984,0.6385,0.37857,1.43412,1.55202,1.47264,0.00677425,0.00677425,0.00677425
393,3520.39,1.36728,1.60271,1.44048,0.71265,0.60638,0.65185,0.37945,1.43304,1.53506,1.47326,0.006766,0.006766,0.006766
394,3529.34,1.36963,1.59766,1.4275,0.74966,0.56809,0.64721,0.37472,1.45601,1.56974,1.48672,0.00675775,0.00675775,0.00675775
395,3538.13,1.35674,1.60586,1.43133,0.74449,0.56596,0.64198,0.38387,1.45759,1.57858,1.47783,0.0067495,0.0067495,0.0067495
396,3547.22,1.33316,1.5704,1.41653,0.75507,0.5617,0.65412,0.39654,1.39549,1.52459,1.45049,0.00674125,0.00674125,0.00674125
397,3556.54,1.33634,1.55151,1.40899,0.71321,0.58733,0.64485,0.38634,1.40431,1.54404,1.45275,0.006733,0.006733,0.006733
398,3565.33,1.29968,1.53936,1.40833,0.72711,0.59574,0.64377,0.38583,1.42938,1.53572,1.46298,0.00672475,0.00672475,0.00672475
399,3574.29,1.34439,1.56522,1.41705,0.71337,0.60366,0.65565,0.39217,1.42293,1.53073,1.4636,0.0067165,0.0067165,0.0067165
400,3583.06,1.33548,1.54234,1.40299,0.74563,0.5766,0.65108,0.39105,1.41835,1.5253,1.46047,0.00670825,0.00670825,0.00670825
401,3591.79,1.36906,1.59853,1.438,0.7335,0.58562,0.65353,0.39327,1.40428,1.54562,1.45347,0.0067,0.0067,0.0067
402,3600.87,1.34407,1.59615,1.42539,0.75203,0.57234,0.65782,0.39806,1.40418,1.53647,1.45821,0.00669175,0.00669175,0.00669175
403,3610.19,1.30765,1.51861,1.39027,0.74779,0.5766,0.66248,0.40251,1.4111,1.51153,1.45733,0.0066835,0.0066835,0.0066835
404,3619.32,1.31829,1.5447,1.41159,0.77765,0.55809,0.65468,0.40445,1.38263,1.51735,1.44812,0.00667525,0.00667525,0.00667525
405,3628.29,1.29719,1.51983,1.40086,0.74073,0.57747,0.65483,0.40602,1.37068,1.52376,1.44705,0.006667,0.006667,0.006667
406,3637.42,1.3151,1.54119,1.40324,0.72859,0.59362,0.65563,0.40293,1.38612,1.53493,1.45325,0.00665875,0.00665875,0.00665875
407,3646.43,1.33881,1.55393,1.4184,0.73012,0.59149,0.65568,0.40286,1.39511,1.49739,1.43838,0.0066505,0.0066505,0.0066505
408,3655.24,1.33615,1.55779,1.41439,0.74122,0.59362,0.66346,0.40549,1.39163,1.49623,1.43995,0.00664225,0.00664225,0.00664225
409,3664.24,1.31494,1.52666,1.38844,0.79274,0.5778,0.66812,0.40695,1.37894,1.48861,1.45084,0.006634,0.006634,0.006634
410,3673.22,1.30643,1.51238,1.39404,0.8231,0.56596,0.67026,0.40791,1.38255,1.48833,1.44038,0.00662575,0.00662575,0.00662575
411,3682.29,1.29426,1.5085,1.37777,0.74728,0.61028,0.6748,0.40604,1.38931,1.45126,1.43105,0.0066175,0.0066175,0.0066175
412,3691.02,1.29869,1.50735,1.38999,0.69051,0.63617,0.67508,0.41098,1.38316,1.46316,1.4163,0.00660925,0.00660925,0.00660925
413,3700.06,1.3088,1.50911,1.39819,0.76548,0.57642,0.67021,0.40906,1.39183,1.50014,1.42345,0.006601,0.006601,0.006601
414,3708.92,1.28812,1.50079,1.38995,0.80408,0.57872,0.68106,0.40608,1.3969,1.48016,1.42319,0.00659275,0.00659275,0.00659275
415,3717.64,1.31329,1.51151,1.39698,0.80183,0.59574,0.68572,0.41188,1.38989,1.48191,1.42016,0.0065845,0.0065845,0.0065845
416,3726.66,1.32174,1.52691,1.40517,0.7967,0.58511,0.67827,0.4161,1.39199,1.48559,1.43071,0.00657625,0.00657625,0.00657625
417,3735.65,1.28239,1.50828,1.38349,0.80712,0.5766,0.68336,0.4176,1.39351,1.48887,1.42028,0.006568,0.006568,0.006568
418,3744.75,1.29263,1.49078,1.37691,0.8069,0.59574,0.69407,0.42636,1.35924,1.45412,1.41162,0.00655975,0.00655975,0.00655975
419,3753.82,1.2855,1.4652,1.37383,0.80733,0.58511,0.69177,0.42598,1.3619,1.45091,1.42506,0.0065515,0.0065515,0.0065515
420,3762.67,1.26869,1.46986,1.36859,0.83697,0.58085,0.69401,0.42803,1.35899,1.43231,1.40599,0.00654325,0.00654325,0.00654325
421,3771.64,1.30842,1.50464,1.39281,0.78944,0.61702,0.69157,0.42816,1.34303,1.44945,1.39667,0.006535,0.006535,0.006535
422,3780.44,1.29028,1.50957,1.37886,0.80986,0.59787,0.69503,0.43175,1.34053,1.4335,1.39119,0.00652675,0.00652675,0.00652675
423,3789.68,1.2788,1.45551,1.36784,0.77781,0.59574,0.68955,0.42644,1.35224,1.44759,1.39707,0.0065185,0.0065185,0.0065185
424,3798.52,1.27554,1.4746,1.38058,0.79938,0.6019,0.69379,0.42558,1.35053,1.43197,1.3928,0.00651025,0.00651025,0.00651025
425,3807.31,1.30242,1.48568,1.38178,0.78899,0.58077,0.69062,0.43007,1.33749,1.43368,1.38929,0.006502,0.006502,0.006502
426,3816.28,1.25667,1.45659,1.35623,0.72915,0.61702,0.69715,0.43589,1.33925,1.4316,1.38869,0.00649375,0.00649375,0.00649375
427,3825.26,1.27372,1.46598,1.36241,0.7679,0.61243,0.69878,0.43624,1.32427,1.42917,1.37855,0.0064855,0.0064855,0.0064855
428,3834.23,1.26469,1.44499,1.36835,0.75414,0.60851,0.69954,0.4373,1.33361,1.43088,1.38103,0.00647725,0.00647725,0.00647725
429,3843.35,1.27812,1.47256,1.37753,0.78107,0.63191,0.70146,0.42861,1.34456,1.42384,1.38539,0.006469,0.006469,0.006469
430,3852.22,1.31801,1.49388,1.387,0.78789,0.61915,0.70395,0.43773,1.33024,1.41513,1.38537,0.00646075,0.00646075,0.00646075
431,3861.55,1.25967,1.45396,1.36195,0.78826,0.60638,0.70796,0.44128,1.32,1.41512,1.38438,0.0064525,0.0064525,0.0064525
432,3870.56,1.24685,1.40482,1.35622,0.79317,0.60378,0.70613,0.44597,1.31602,1.40519,1.36967,0.00644425,0.00644425,0.00644425
433,3879.53,1.27938,1.44043,1.36334,0.76816,0.64043,0.71452,0.44443,1.32073,1.41084,1.37054,0.006436,0.006436,0.006436
434,3888.41,1.27046,1.44021,1.35658,0.79682,0.63617,0.71794,0.44444,1.31848,1.37983,1.36944,0.00642775,0.00642775,0.00642775
435,3897.25,1.26654,1.454,1.38011,0.82942,0.61915,0.72827,0.45507,1.30463,1.36158,1.36941,0.0064195,0.0064195,0.0064195
436,3906.29,1.2248,1.38404,1.34395,0.81182,0.63617,0.72775,0.44936,1.29093,1.35105,1.36673,0.00641125,0.00641125,0.00641125
437,3915.28,1.27175,1.46043,1.36099,0.85795,0.6,0.72263,0.45027,1.3001,1.36033,1.37,0.006403,0.006403,0.006403
438,3924.35,1.25453,1.42615,1.35469,0.82127,0.62553,0.7281,0.45308,1.29471,1.35435,1.35709,0.00639475,0.00639475,0.00639475
439,3933.3,1.24946,1.41285,1.33572,0.79888,0.63385,0.72845,0.45629,1.28105,1.34851,1.35468,0.0063865,0.0063865,0.0063865
440,3942.27,1.27119,1.4495,1.36506,0.79011,0.61915,0.72468,0.45835,1.28687,1.35394,1.36457,0.00637825,0.00637825,0.00637825
441,3951.24,1.29614,1.44158,1.35486,0.82254,0.61064,0.72429,0.45545,1.31562,1.38269,1.37717,0.00637,0.00637,0.00637
442,3960.06,1.23962,1.39058,1.34374,0.81518,0.64255,0.72429,0.45486,1.32259,1.38473,1.37609,0.00636175,0.00636175,0.00636175
443,3968.8,1.27425,1.42535,1.35166,0.81966,0.62979,0.72441,0.45665,1.31468,1.3733,1.37441,0.0063535,0.0063535,0.0063535
444,3977.52,1.23413,1.39917,1.34094,0.80787,0.64468,0.72658,0.45541,1.31469,1.37477,1.3672,0.00634525,0.00634525,0.00634525
445,3986.31,1.2405,1.39672,1.33818,0.78346,0.63893,0.72606,0.45938,1.30595,1.3674,1.35934,0.006337,0.006337,0.006337
446,3995.27,1.23376,1.3851,1.34196,0.80292,0.64468,0.72502,0.45307,1.30706,1.37558,1.36195,0.00632875,0.00632875,0.00632875
447,4004.01,1.24985,1.38448,1.33417,0.82338,0.6234,0.73183,0.45923,1.28176,1.32798,1.35775,0.0063205,0.0063205,0.0063205
448,4012.92,1.26955,1.42099,1.36289,0.80096,0.64468,0.73311,0.46051,1.27898,1.34701,1.34806,0.00631225,0.00631225,0.00631225
449,4021.85,1.21803,1.36101,1.32992,0.82698,0.64043,0.72907,0.45781,1.2843,1.37047,1.35233,0.006304,0.006304,0.006304
450,4030.56,1.26567,1.41009,1.35479,0.82918,0.64043,0.73063,0.45671,1.27505,1.35653,1.34332,0.00629575,0.00629575,0.00629575
451,4039.31,1.2081,1.36366,1.33704,0.84146,0.65106,0.73425,0.46481,1.27097,1.3469,1.33915,0.0062875,0.0062875,0.0062875
452,4048.25,1.25069,1.39377,1.34918,0.83105,0.64043,0.73261,0.46106,1.27993,1.35157,1.3487,0.00627925,0.00627925,0.00627925
453,4057.09,1.22776,1.36498,1.32782,0.83925,0.63404,0.72675,0.45378,1.28972,1.34447,1.35065,0.006271,0.006271,0.006271
454,4065.83,1.23023,1.36269,1.33503,0.81645,0.63191,0.72884,0.45623,1.31118,1.35092,1.35196,0.00626275,0.00626275,0.00626275
455,4074.53,1.21479,1.38354,1.33389,0.79228,0.64894,0.72861,0.45611,1.3049,1.3666,1.34698,0.0062545,0.0062545,0.0062545
456,4083.25,1.24619,1.40495,1.35672,0.86654,0.62164,0.72324,0.45137,1.30314,1.38349,1.35043,0.00624625,0.00624625,0.00624625
457,4091.97,1.21498,1.3584,1.33767,0.85903,0.64468,0.7398,0.46276,1.28016,1.35236,1.34491,0.006238,0.006238,0.006238
458,4100.88,1.20755,1.32844,1.32551,0.84113,0.64894,0.74383,0.4696,1.2837,1.35087,1.34722,0.00622975,0.00622975,0.00622975
459,4109.87,1.24009,1.39723,1.34082,0.843,0.63977,0.74079,0.4701,1.28201,1.32691,1.33982,0.0062215,0.0062215,0.0062215
460,4118.83,1.22664,1.39449,1.32986,0.84496,0.64468,0.74855,0.47951,1.27109,1.32434,1.34178,0.00621325,0.00621325,0.00621325
461,4127.79,1.23553,1.3773,1.33012,0.86615,0.63191,0.74677,0.47825,1.27452,1.3298,1.33844,0.006205,0.006205,0.006205
462,4136.55,1.23155,1.38041,1.33821,0.84687,0.64717,0.75033,0.47542,1.26978,1.32966,1.33399,0.00619675,0.00619675,0.00619675
463,4145.42,1.25243,1.40251,1.33716,0.84655,0.65957,0.75121,0.47652,1.2578,1.30365,1.32813,0.0061885,0.0061885,0.0061885
464,4154.24,1.18948,1.32652,1.32532,0.85283,0.65348,0.75447,0.47373,1.25582,1.28634,1.33135,0.00618025,0.00618025,0.00618025
465,4163.01,1.22763,1.36165,1.32602,0.88041,0.64221,0.75996,0.48563,1.23662,1.27368,1.32607,0.006172,0.006172,0.006172
466,4171.94,1.20143,1.33413,1.3153,0.91126,0.64681,0.7658,0.49638,1.2173,1.28176,1.3214,0.00616375,0.00616375,0.00616375
467,4181.09,1.22548,1.34752,1.32866,0.88171,0.65024,0.75703,0.49122,1.21453,1.28508,1.3312,0.0061555,0.0061555,0.0061555
468,4189.88,1.20344,1.31714,1.304,0.88267,0.65532,0.76473,0.48788,1.22357,1.27204,1.33064,0.00614725,0.00614725,0.00614725
469,4198.93,1.23115,1.37703,1.31878,0.87243,0.66931,0.76761,0.49131,1.23289,1.28663,1.33194,0.006139,0.006139,0.006139
470,4207.84,1.21363,1.32742,1.31036,0.86435,0.64894,0.76323,0.48827,1.23666,1.26699,1.3236,0.00613075,0.00613075,0.00613075
471,4216.69,1.21751,1.35146,1.32104,0.88394,0.64816,0.76195,0.4972,1.21816,1.25441,1.31836,0.0061225,0.0061225,0.0061225
472,4225.66,1.17635,1.31855,1.30196,0.86862,0.65957,0.7557,0.49437,1.21359,1.26742,1.3117,0.00611425,0.00611425,0.00611425
473,4234.54,1.18701,1.31132,1.30192,0.88233,0.65414,0.75424,0.49847,1.19741,1.2858,1.30636,0.006106,0.006106,0.006106
474,4243.54,1.17619,1.27453,1.29045,0.88614,0.65319,0.75919,0.49839,1.19876,1.27736,1.29726,0.00609775,0.00609775,0.00609775
475,4252.54,1.19842,1.33192,1.30688,0.85239,0.67021,0.75444,0.49299,1.19668,1.27512,1.29854,0.0060895,0.0060895,0.0060895
476,4261.51,1.20395,1.3288,1.32069,0.86046,0.65532,0.74804,0.49101,1.20227,1.28445,1.30343,0.00608125,0.00608125,0.00608125
477,4270.42,1.16449,1.30021,1.29082,0.85839,0.67234,0.75999,0.49723,1.20437,1.27713,1.30796,0.006073,0.006073,0.006073
478,4279.47,1.17728,1.28771,1.29456,0.85141,0.66809,0.76442,0.49491,1.21157,1.2552,1.30599,0.00606475,0.00606475,0.00606475
479,4288.37,1.18095,1.31834,1.28728,0.86732,0.66383,0.76219,0.49246,1.21977,1.2478,1.3017,0.0060565,0.0060565,0.0060565
480,4297.14,1.20787,1.33537,1.31062,0.86802,0.64043,0.76557,0.49494,1.21238,1.25172,1.29763,0.00604825,0.00604825,0.00604825
481,4305.86,1.16629,1.3037,1.29987,0.84129,0.66544,0.76611,0.50211,1.21511,1.25824,1.29314,0.00604,0.00604,0.00604
482,4314.92,1.20153,1.33425,1.30464,0.85454,0.66596,0.76784,0.50262,1.21264,1.25424,1.29798,0.00603175,0.00603175,0.00603175
483,4324.18,1.18206,1.32359,1.29377,0.86569,0.64681,0.76585,0.50631,1.21211,1.24385,1.29857,0.0060235,0.0060235,0.0060235
484,4333.17,1.17053,1.29014,1.28619,0.85189,0.66085,0.76278,0.50148,1.20603,1.25006,1.29905,0.00601525,0.00601525,0.00601525
485,4341.92,1.17485,1.29379,1.28725,0.86101,0.64043,0.75633,0.49678,1.21104,1.25812,1.2977,0.006007,0.006007,0.006007
486,4350.82,1.16253,1.27957,1.28437,0.86236,0.64255,0.76131,0.4946,1.22878,1.25639,1.30304,0.00599875,0.00599875,0.00599875
487,4359.71,1.19085,1.30025,1.30043,0.85616,0.65957,0.76278,0.49602,1.23728,1.25863,1.30356,0.0059905,0.0059905,0.0059905
488,4368.41,1.1828,1.29972,1.28395,0.84753,0.65532,0.75711,0.49725,1.22466,1.26216,1.30239,0.00598225,0.00598225,0.00598225
489,4377.08,1.17708,1.2744,1.28676,0.83784,0.6617,0.76053,0.49583,1.21759,1.24999,1.29365,0.005974,0.005974,0.005974
490,4385.85,1.17011,1.28019,1.29241,0.85193,0.65957,0.76231,0.49639,1.22547,1.25884,1.29237,0.00596575,0.00596575,0.00596575
491,4394.59,1.15548,1.2762,1.28541,0.84512,0.66596,0.76308,0.49564,1.2201,1.25607,1.29037,0.0059575,0.0059575,0.0059575
492,4403.38,1.18898,1.31116,1.29871,0.85455,0.67021,0.77202,0.50162,1.22066,1.25228,1.2929,0.00594925,0.00594925,0.00594925
493,4412.31,1.15738,1.25523,1.28585,0.84779,0.69362,0.77233,0.50797,1.21601,1.24462,1.29215,0.005941,0.005941,0.005941
494,4421.26,1.16687,1.2666,1.28756,0.85513,0.67821,0.77831,0.50812,1.2003,1.24289,1.28898,0.00593275,0.00593275,0.00593275
495,4430.24,1.16464,1.27346,1.28824,0.85941,0.6633,0.77484,0.50477,1.21569,1.25111,1.29627,0.0059245,0.0059245,0.0059245
496,4438.98,1.16271,1.27909,1.28443,0.85364,0.65957,0.77099,0.50256,1.2093,1.23456,1.28614,0.00591625,0.00591625,0.00591625
497,4447.74,1.16611,1.26711,1.29328,0.85713,0.65745,0.76751,0.50372,1.19435,1.23016,1.27755,0.005908,0.005908,0.005908
498,4456.48,1.17487,1.27298,1.27583,0.90263,0.6509,0.77209,0.50609,1.18263,1.21764,1.2781,0.00589975,0.00589975,0.00589975
499,4465.29,1.15313,1.25107,1.2971,0.8886,0.65532,0.77713,0.51045,1.19051,1.20975,1.28556,0.0058915,0.0058915,0.0058915
500,4474.35,1.15096,1.24854,1.28127,0.85166,0.67183,0.77545,0.51205,1.19868,1.21577,1.29004,0.00588325,0.00588325,0.00588325
501,4483.47,1.17677,1.2865,1.29619,0.89218,0.65142,0.77654,0.50836,1.19493,1.21909,1.28803,0.005875,0.005875,0.005875
502,4492.27,1.17102,1.27715,1.28233,0.85688,0.68786,0.77903,0.51016,1.19796,1.22542,1.29306,0.00586675,0.00586675,0.00586675
503,4501.03,1.14527,1.23502,1.27249,0.83704,0.69574,0.77287,0.51181,1.18942,1.21765,1.29026,0.0058585,0.0058585,0.0058585
504,4509.81,1.1674,1.25405,1.27643,0.87906,0.665,0.77245,0.51276,1.188,1.20339,1.28219,0.00585025,0.00585025,0.00585025
505,4518.89,1.1352,1.24824,1.27381,0.85185,0.67289,0.76913,0.51603,1.17391,1.21013,1.27613,0.005842,0.005842,0.005842
506,4528.21,1.14342,1.25043,1.27397,0.8691,0.67234,0.77494,0.51714,1.15894,1.20576,1.27044,0.00583375,0.00583375,0.00583375
507,4537.27,1.12083,1.20965,1.2482,0.8845,0.66801,0.78068,0.52024,1.15728,1.21625,1.27158,0.0058255,0.0058255,0.0058255
508,4546.22,1.14415,1.24961,1.27565,0.8845,0.67021,0.77861,0.5196,1.15091,1.21069,1.27075,0.00581725,0.00581725,0.00581725
509,4555.2,1.14708,1.23302,1.2641,0.86179,0.67662,0.78002,0.52374,1.14377,1.19799,1.26938,0.005809,0.005809,0.005809
510,4564.36,1.13939,1.2563,1.26243,0.85232,0.68936,0.78275,0.51946,1.15343,1.20388,1.2729,0.00580075,0.00580075,0.00580075
511,4573.22,1.14745,1.24485,1.28324,0.83183,0.68298,0.77059,0.51286,1.16211,1.199,1.27145,0.0057925,0.0057925,0.0057925
512,4582.13,1.1312,1.22194,1.26806,0.87254,0.65542,0.77579,0.51391,1.17771,1.19348,1.27616,0.00578425,0.00578425,0.00578425
513,4590.99,1.13619,1.23177,1.2636,0.85736,0.67021,0.77319,0.51604,1.17002,1.18753,1.27183,0.005776,0.005776,0.005776
514,4599.91,1.12068,1.20045,1.26864,0.85685,0.68511,0.77721,0.51697,1.15705,1.17529,1.2619,0.00576775,0.00576775,0.00576775
515,4608.76,1.11905,1.19693,1.25174,0.84424,0.69194,0.78164,0.52134,1.15275,1.16461,1.25464,0.0057595,0.0057595,0.0057595
516,4617.54,1.15685,1.22971,1.26165,0.83128,0.68139,0.77943,0.52274,1.1496,1.17255,1.25396,0.00575125,0.00575125,0.00575125
517,4626.28,1.1276,1.23281,1.26058,0.82809,0.69693,0.77918,0.51827,1.15594,1.17201,1.25065,0.005743,0.005743,0.005743
518,4635,1.16384,1.23697,1.28299,0.84839,0.67864,0.78109,0.52543,1.1352,1.16267,1.24489,0.00573475,0.00573475,0.00573475
519,4643.96,1.13346,1.23499,1.27322,0.86085,0.67872,0.78044,0.52308,1.12874,1.16035,1.24971,0.0057265,0.0057265,0.0057265
520,4652.67,1.13707,1.21664,1.26051,0.85411,0.67264,0.78065,0.52061,1.13165,1.16252,1.25085,0.00571825,0.00571825,0.00571825
521,4661.36,1.12186,1.1976,1.24089,0.90801,0.65106,0.78097,0.52546,1.1416,1.17288,1.25337,0.00571,0.00571,0.00571
522,4670.31,1.13169,1.23236,1.25425,0.86223,0.67872,0.78177,0.52533,1.1461,1.16468,1.25394,0.00570175,0.00570175,0.00570175
523,4679.04,1.1157,1.18773,1.24731,0.88951,0.66801,0.78689,0.53022,1.14907,1.15757,1.25543,0.0056935,0.0056935,0.0056935
524,4688.01,1.1326,1.21327,1.25953,0.88991,0.66383,0.78905,0.53373,1.13996,1.14574,1.24786,0.00568525,0.00568525,0.00568525
525,4696.97,1.12422,1.20238,1.26069,0.85856,0.68298,0.78604,0.53356,1.13714,1.15499,1.24921,0.005677,0.005677,0.005677
526,4705.71,1.12912,1.21801,1.26046,0.86922,0.6766,0.78677,0.53921,1.14254,1.16321,1.251,0.00566875,0.00566875,0.00566875
527,4714.7,1.12158,1.19823,1.24595,0.84012,0.69787,0.78841,0.53974,1.14713,1.16544,1.25589,0.0056605,0.0056605,0.0056605
528,4723.63,1.13613,1.21186,1.26005,0.85704,0.68878,0.78453,0.53979,1.13065,1.16531,1.2489,0.00565225,0.00565225,0.00565225
529,4732.54,1.12476,1.19761,1.25296,0.86656,0.69084,0.7894,0.54103,1.11892,1.16686,1.2498,0.005644,0.005644,0.005644
530,4741.55,1.12219,1.20695,1.25876,0.86684,0.68085,0.78931,0.54009,1.13393,1.17079,1.25448,0.00563575,0.00563575,0.00563575
531,4750.32,1.13613,1.21283,1.25514,0.8632,0.69362,0.79049,0.54029,1.12432,1.16167,1.25255,0.0056275,0.0056275,0.0056275
532,4759.37,1.07935,1.16047,1.23185,0.86004,0.69294,0.79602,0.54481,1.12076,1.14294,1.24877,0.00561925,0.00561925,0.00561925
533,4768.41,1.12035,1.18612,1.25261,0.85655,0.69873,0.79855,0.54746,1.11656,1.1309,1.24896,0.005611,0.005611,0.005611
534,4777.46,1.10889,1.19437,1.25148,0.88028,0.68511,0.80169,0.55071,1.10795,1.12698,1.24582,0.00560275,0.00560275,0.00560275
535,4786.42,1.10986,1.17188,1.25032,0.84142,0.71489,0.79768,0.55211,1.10936,1.12609,1.24467,0.0055945,0.0055945,0.0055945
536,4795.4,1.11904,1.18198,1.23771,0.85999,0.70426,0.79764,0.5476,1.10638,1.12283,1.23647,0.00558625,0.00558625,0.00558625
537,4804.14,1.11406,1.17581,1.23333,0.85976,0.69362,0.79602,0.54626,1.1111,1.12598,1.24014,0.005578,0.005578,0.005578
538,4812.89,1.07453,1.13735,1.22773,0.86341,0.69574,0.7958,0.54729,1.11535,1.13303,1.24117,0.00556975,0.00556975,0.00556975
539,4821.63,1.10223,1.19568,1.23547,0.86222,0.69362,0.79545,0.55073,1.11079,1.12598,1.23979,0.0055615,0.0055615,0.0055615
540,4830.36,1.115,1.18873,1.23457,0.86871,0.6898,0.79678,0.55068,1.10009,1.12306,1.23719,0.00555325,0.00555325,0.00555325
541,4839.15,1.11878,1.21486,1.25293,0.87748,0.70099,0.79821,0.54987,1.11001,1.12074,1.2386,0.005545,0.005545,0.005545
542,4848.13,1.10764,1.19286,1.23969,0.87856,0.68723,0.79594,0.55136,1.11298,1.12422,1.23784,0.00553675,0.00553675,0.00553675
543,4856.88,1.0836,1.17177,1.24045,0.87119,0.68936,0.79626,0.55491,1.1155,1.11922,1.23776,0.0055285,0.0055285,0.0055285
544,4865.97,1.11245,1.17617,1.24169,0.87934,0.69362,0.79839,0.55483,1.11543,1.11378,1.23673,0.00552025,0.00552025,0.00552025
545,4874.95,1.10924,1.17732,1.24357,0.87192,0.70851,0.80506,0.55643,1.10636,1.10065,1.23529,0.005512,0.005512,0.005512
546,4884.03,1.10501,1.14674,1.23188,0.8775,0.71634,0.80598,0.55693,1.10021,1.09185,1.23096,0.00550375,0.00550375,0.00550375
547,4892.97,1.0875,1.1542,1.22317,0.8708,0.71698,0.81035,0.5562,1.11273,1.09944,1.23165,0.0054955,0.0054955,0.0054955
548,4901.71,1.09908,1.16479,1.22376,0.87674,0.71064,0.80907,0.55352,1.11332,1.10077,1.23144,0.00548725,0.00548725,0.00548725
549,4910.43,1.11101,1.15874,1.24423,0.86718,0.71277,0.80966,0.55392,1.12121,1.10204,1.23024,0.005479,0.005479,0.005479
550,4919.36,1.11152,1.18245,1.23605,0.86186,0.70851,0.80991,0.55016,1.11834,1.09637,1.22387,0.00547075,0.00547075,0.00547075
551,4928.32,1.09834,1.17419,1.22755,0.86898,0.72128,0.81189,0.55118,1.12023,1.09582,1.2281,0.0054625,0.0054625,0.0054625
552,4937.03,1.11488,1.18165,1.24043,0.89434,0.72036,0.8172,0.55153,1.129,1.09646,1.23304,0.00545425,0.00545425,0.00545425
553,4945.77,1.08729,1.16339,1.22843,0.8832,0.724,0.81652,0.55274,1.12685,1.08959,1.22925,0.005446,0.005446,0.005446
554,4954.62,1.10891,1.1865,1.23927,0.87035,0.71414,0.81268,0.54687,1.11835,1.07542,1.22459,0.00543775,0.00543775,0.00543775
555,4963.48,1.0759,1.14878,1.23319,0.87371,0.72124,0.81861,0.5506,1.10805,1.06657,1.22374,0.0054295,0.0054295,0.0054295
556,4972.34,1.07927,1.14492,1.22742,0.89929,0.70298,0.81851,0.55373,1.10137,1.06353,1.22164,0.00542125,0.00542125,0.00542125
557,4981.05,1.09993,1.16164,1.22516,0.89508,0.70793,0.8174,0.55976,1.09238,1.05975,1.2185,0.005413,0.005413,0.005413
558,4990.09,1.08218,1.13738,1.22659,0.88726,0.72,0.81854,0.55879,1.09057,1.06695,1.21891,0.00540475,0.00540475,0.00540475
559,4998.88,1.11895,1.17576,1.24805,0.88455,0.72128,0.81929,0.5559,1.0873,1.0733,1.21559,0.0053965,0.0053965,0.0053965
560,5007.64,1.07985,1.14733,1.22892,0.89546,0.71277,0.81443,0.55581,1.09161,1.07618,1.21638,0.00538825,0.00538825,0.00538825
561,5016.35,1.05351,1.13385,1.2195,0.88002,0.71788,0.81414,0.55444,1.09241,1.08311,1.21997,0.00538,0.00538,0.00538
562,5025.26,1.08135,1.12484,1.21946,0.87344,0.71951,0.81481,0.55607,1.08129,1.07898,1.21732,0.00537175,0.00537175,0.00537175
563,5034.14,1.1155,1.16789,1.21913,0.88468,0.72553,0.81579,0.56026,1.071,1.07536,1.20968,0.0053635,0.0053635,0.0053635
564,5043.21,1.09103,1.14787,1.21593,0.88915,0.72128,0.81494,0.56321,1.06407,1.07837,1.20586,0.00535525,0.00535525,0.00535525
565,5052.18,1.0504,1.12125,1.20764,0.89128,0.71277,0.81631,0.56578,1.05789,1.07672,1.2034,0.005347,0.005347,0.005347
566,5061.14,1.05442,1.13119,1.20695,0.89827,0.71394,0.81791,0.5664,1.06352,1.07607,1.20692,0.00533875,0.00533875,0.00533875
567,5070.09,1.07902,1.12369,1.21767,0.90159,0.72128,0.81993,0.56756,1.06767,1.07447,1.20795,0.0053305,0.0053305,0.0053305
568,5079.03,1.07847,1.14068,1.21862,0.90716,0.72766,0.82391,0.5649,1.06759,1.07241,1.20516,0.00532225,0.00532225,0.00532225
569,5087.76,1.08362,1.13788,1.21732,0.8929,0.72729,0.82134,0.56292,1.07121,1.0707,1.20385,0.005314,0.005314,0.005314
570,5096.47,1.06319,1.10704,1.21248,0.90059,0.71317,0.82285,0.55954,1.06925,1.07573,1.20483,0.00530575,0.00530575,0.00530575
571,5105.21,1.08696,1.14143,1.2227,0.89995,0.71277,0.8237,0.56222,1.07578,1.08338,1.20522,0.0052975,0.0052975,0.0052975
572,5114.05,1.06443,1.10914,1.21597,0.89541,0.71036,0.82073,0.5643,1.08167,1.086,1.20768,0.00528925,0.00528925,0.00528925
573,5122.86,1.08049,1.13799,1.21867,0.89926,0.7027,0.82287,0.56339,1.08407,1.08294,1.20811,0.005281,0.005281,0.005281
574,5131.8,1.07244,1.14224,1.22818,0.87791,0.72128,0.82646,0.56815,1.08729,1.07134,1.20665,0.00527275,0.00527275,0.00527275
575,5140.78,1.09435,1.15157,1.22805,0.88807,0.7234,0.82802,0.56999,1.09232,1.07286,1.20751,0.0052645,0.0052645,0.0052645
576,5149.75,1.05947,1.11976,1.21657,0.90127,0.71862,0.82835,0.56994,1.08955,1.07235,1.20648,0.00525625,0.00525625,0.00525625
577,5158.49,1.09711,1.14807,1.21313,0.90348,0.72128,0.82661,0.56777,1.0882,1.07611,1.21134,0.005248,0.005248,0.005248
578,5167.24,1.02746,1.09808,1.19997,0.89374,0.72553,0.83024,0.56445,1.09637,1.0722,1.21568,0.00523975,0.00523975,0.00523975
579,5176.14,1.08897,1.1329,1.21645,0.89712,0.72128,0.82865,0.56532,1.09812,1.07013,1.21889,0.0052315,0.0052315,0.0052315
580,5184.94,1.09555,1.15057,1.22767,0.89996,0.72737,0.82989,0.56924,1.09892,1.06548,1.21759,0.00522325,0.00522325,0.00522325
581,5193.72,1.07615,1.12091,1.20077,0.88228,0.73354,0.83487,0.5698,1.09642,1.05703,1.21773,0.005215,0.005215,0.005215
582,5202.67,1.03516,1.09184,1.20201,0.90505,0.71915,0.83613,0.56849,1.08985,1.05332,1.21563,0.00520675,0.00520675,0.00520675
583,5211.41,1.08145,1.12434,1.214,0.91317,0.71915,0.83799,0.57454,1.07992,1.05517,1.20959,0.0051985,0.0051985,0.0051985
584,5220.64,1.06047,1.11826,1.21092,0.89989,0.71277,0.83337,0.57301,1.08128,1.05767,1.20804,0.00519025,0.00519025,0.00519025
585,5229.56,1.05884,1.11319,1.2015,0.8903,0.72527,0.82777,0.57101,1.08563,1.06126,1.2035,0.005182,0.005182,0.005182
586,5238.26,1.05877,1.10913,1.20551,0.89989,0.72553,0.82923,0.57197,1.08484,1.0543,1.202,0.00517375,0.00517375,0.00517375
587,5247.18,1.03454,1.08147,1.19511,0.89092,0.72766,0.83057,0.57718,1.0876,1.04811,1.20415,0.0051655,0.0051655,0.0051655
588,5256.5,1.04575,1.08941,1.19747,0.88876,0.73097,0.83519,0.57763,1.08745,1.04016,1.20585,0.00515725,0.00515725,0.00515725
589,5265.53,1.05448,1.09387,1.19763,0.88808,0.74284,0.83906,0.57965,1.0835,1.03882,1.2035,0.005149,0.005149,0.005149
590,5274.49,1.02655,1.07,1.19192,0.9015,0.73996,0.84098,0.57753,1.09089,1.03973,1.20445,0.00514075,0.00514075,0.00514075
591,5283.26,1.03669,1.09037,1.183,0.92152,0.72448,0.841,0.57719,1.09064,1.03281,1.20571,0.0051325,0.0051325,0.0051325
592,5292.12,1.03238,1.06712,1.18945,0.91697,0.72553,0.83878,0.5783,1.09061,1.03612,1.20397,0.00512425,0.00512425,0.00512425
593,5300.9,1.02962,1.06467,1.18344,0.91978,0.73187,0.83835,0.57747,1.08527,1.03052,1.20183,0.005116,0.005116,0.005116
594,5309.63,1.03995,1.08037,1.19648,0.91658,0.72471,0.8374,0.57912,1.07996,1.02552,1.20082,0.00510775,0.00510775,0.00510775
595,5318.37,1.06021,1.11099,1.20805,0.91872,0.71915,0.84029,0.57941,1.08146,1.01883,1.19966,0.0050995,0.0050995,0.0050995
596,5327.16,1.03911,1.0668,1.19268,0.91647,0.72367,0.83935,0.57454,1.08126,1.02644,1.19946,0.00509125,0.00509125,0.00509125
597,5335.98,1.06457,1.09254,1.19737,0.92605,0.71935,0.83903,0.57554,1.08092,1.02748,1.20071,0.005083,0.005083,0.005083
598,5344.86,1.03452,1.07545,1.18822,0.91088,0.73404,0.84208,0.57858,1.0748,1.02287,1.19545,0.00507475,0.00507475,0.00507475
599,5353.61,1.01795,1.07058,1.17957,0.9084,0.73849,0.84067,0.57848,1.07136,1.02903,1.19242,0.0050665,0.0050665,0.0050665
600,5362.47,1.07976,1.09856,1.20752,0.90502,0.73404,0.84027,0.57604,1.07287,1.03163,1.19386,0.00505825,0.00505825,0.00505825
601,5371.28,1.0106,1.06788,1.17578,0.90859,0.73404,0.83606,0.57628,1.06988,1.03069,1.19609,0.00505,0.00505,0.00505
602,5379.98,1.07002,1.09658,1.20365,0.90657,0.74043,0.83691,0.57677,1.06536,1.024,1.19454,0.00504175,0.00504175,0.00504175
603,5388.74,1.05182,1.09804,1.19256,0.90663,0.74468,0.83675,0.5798,1.06144,1.03472,1.19368,0.0050335,0.0050335,0.0050335
604,5397.7,1.03637,1.06532,1.19333,0.91301,0.73689,0.83694,0.58039,1.06367,1.03494,1.19263,0.00502525,0.00502525,0.00502525
605,5406.78,1.06901,1.09607,1.20219,0.91313,0.73804,0.83553,0.58023,1.06273,1.03059,1.18907,0.005017,0.005017,0.005017
606,5415.54,1.01582,1.05346,1.17928,0.91949,0.72896,0.8363,0.58365,1.06203,1.02698,1.1902,0.00500875,0.00500875,0.00500875
607,5424.66,1.04889,1.07589,1.18994,0.92254,0.7234,0.83825,0.58766,1.05976,1.01472,1.18834,0.0050005,0.0050005,0.0050005
608,5433.73,1.01766,1.03909,1.17748,0.90985,0.72979,0.83843,0.58943,1.05563,1.00741,1.18566,0.00499225,0.00499225,0.00499225
609,5442.91,1.01714,1.07041,1.1839,0.91286,0.72553,0.83961,0.58396,1.0583,1.00692,1.18959,0.004984,0.004984,0.004984
610,5451.83,1.03514,1.0678,1.18632,0.91393,0.72979,0.83891,0.58488,1.05817,1.00832,1.18961,0.00497575,0.00497575,0.00497575
611,5460.65,1.03059,1.05656,1.1819,0.90987,0.73024,0.83977,0.58853,1.04785,1.00551,1.1847,0.0049675,0.0049675,0.0049675
612,5469.43,1.03865,1.09743,1.19575,0.90315,0.73414,0.84032,0.59165,1.04169,1.0085,1.18381,0.00495925,0.00495925,0.00495925
613,5478.55,1.02153,1.07484,1.17789,0.90757,0.73191,0.84295,0.59124,1.03638,1.00189,1.18025,0.004951,0.004951,0.004951
614,5487.3,1.02471,1.05241,1.17701,0.88346,0.75804,0.84448,0.59029,1.04151,0.99849,1.18117,0.00494275,0.00494275,0.00494275
615,5496.07,1.03933,1.06831,1.18988,0.87944,0.75957,0.84565,0.58925,1.04602,1.00599,1.18293,0.0049345,0.0049345,0.0049345
616,5504.82,1.01174,1.05622,1.18973,0.86623,0.75779,0.84296,0.5891,1.04713,1.01691,1.18449,0.00492625,0.00492625,0.00492625
617,5513.69,1.01243,1.05787,1.17324,0.89172,0.73593,0.84302,0.58854,1.04441,1.0137,1.18399,0.004918,0.004918,0.004918
618,5522.42,1.01575,1.04885,1.17543,0.88368,0.74894,0.84314,0.58915,1.0376,1.01226,1.18184,0.00490975,0.00490975,0.00490975
619,5531.24,1.0115,1.04069,1.17965,0.89136,0.75061,0.84413,0.59146,1.03447,1.00648,1.18162,0.0049015,0.0049015,0.0049015
620,5540.19,1.0046,1.03797,1.17209,0.89006,0.74065,0.84658,0.59485,1.02528,0.99815,1.18011,0.00489325,0.00489325,0.00489325
621,5549.13,1.04013,1.04504,1.18106,0.90827,0.72979,0.84481,0.59725,1.02091,0.99204,1.17538,0.004885,0.004885,0.004885
622,5558.09,1.00726,1.04578,1.1681,0.91125,0.7234,0.84612,0.59878,1.01422,0.99227,1.17622,0.00487675,0.00487675,0.00487675
623,5567.05,1.01953,1.05276,1.1716,0.90433,0.71702,0.84387,0.59703,1.01266,0.99998,1.17255,0.0048685,0.0048685,0.0048685
624,5575.8,1.03843,1.07849,1.18766,0.92034,0.71915,0.84672,0.59624,1.01365,0.99716,1.17279,0.00486025,0.00486025,0.00486025
625,5584.52,1.03393,1.06428,1.17897,0.8783,0.75319,0.84853,0.59786,1.00943,0.99105,1.17256,0.004852,0.004852,0.004852
626,5593.34,1.02388,1.04955,1.17416,0.88666,0.74681,0.84949,0.59674,1.00827,0.99161,1.17091,0.00484375,0.00484375,0.00484375
627,5602.23,1.03131,1.05524,1.17925,0.89285,0.75106,0.85218,0.59598,1.00477,0.98879,1.1703,0.0048355,0.0048355,0.0048355
628,5611.28,0.97537,0.99759,1.15006,0.88536,0.75586,0.85311,0.59765,1.00367,0.98393,1.17102,0.00482725,0.00482725,0.00482725
629,5620.04,1.01008,1.0481,1.17624,0.92806,0.72553,0.85483,0.60023,1.00627,0.98268,1.17256,0.004819,0.004819,0.004819
630,5629.01,1.02799,1.06521,1.17333,0.92479,0.73249,0.85365,0.60132,1.00573,0.98125,1.17616,0.00481075,0.00481075,0.00481075
631,5637.95,1.02451,1.03978,1.18267,0.9386,0.72766,0.85574,0.60067,1.00364,0.97536,1.17485,0.0048025,0.0048025,0.0048025
632,5646.7,1.00433,1.02831,1.16061,0.94328,0.72128,0.85669,0.60075,1.00204,0.97602,1.16874,0.00479425,0.00479425,0.00479425
633,5655.6,0.98619,1.00576,1.15196,0.94243,0.72128,0.85669,0.60301,0.99939,0.96688,1.16404,0.004786,0.004786,0.004786
634,5664.59,1.03772,1.05437,1.18273,0.94789,0.73535,0.85782,0.60312,1,0.95749,1.16321,0.00477775,0.00477775,0.00477775
635,5673.67,1.00854,1.02165,1.17035,0.94052,0.74255,0.85972,0.60227,1.00537,0.95903,1.16326,0.0047695,0.0047695,0.0047695
636,5682.45,0.99786,1.02261,1.15894,0.93816,0.74043,0.86183,0.60463,1.00993,0.95833,1.16251,0.00476125,0.00476125,0.00476125
637,5691.43,0.99347,1.01615,1.16321,0.93372,0.74936,0.86259,0.60563,1.01254,0.9564,1.16203,0.004753,0.004753,0.004753
638,5700.41,1.00033,1.02507,1.16451,0.93603,0.74718,0.86281,0.60393,1.01402,0.9503,1.16376,0.00474475,0.00474475,0.00474475
639,5709.12,1.00893,1.02949,1.16774,0.93522,0.74681,0.86085,0.60456,1.01241,0.94867,1.16263,0.0047365,0.0047365,0.0047365
640,5717.87,0.98488,1.00401,1.1571,0.93279,0.75106,0.86479,0.60315,1.00925,0.94548,1.1627,0.00472825,0.00472825,0.00472825
641,5726.61,0.99146,1.01958,1.15877,0.93324,0.75106,0.8631,0.60655,1.01129,0.94504,1.16345,0.00472,0.00472,0.00472
642,5735.57,0.99643,1.01672,1.16074,0.93386,0.75109,0.8639,0.6043,1.01471,0.94461,1.1644,0.00471175,0.00471175,0.00471175
643,5744.31,1.00539,1.02443,1.16999,0.94491,0.74255,0.86533,0.60581,1.01431,0.94656,1.16427,0.0047035,0.0047035,0.0047035
644,5753.06,1.01481,1.04852,1.18066,0.95361,0.74352,0.86807,0.60422,1.01775,0.94602,1.16331,0.00469525,0.00469525,0.00469525
645,5761.97,0.98776,0.9979,1.1653,0.95056,0.74468,0.86853,0.60383,1.02017,0.94479,1.16478,0.004687,0.004687,0.004687
646,5770.71,1.02244,1.03422,1.17739,0.94669,0.74681,0.86824,0.60399,1.02017,0.94413,1.16415,0.00467875,0.00467875,0.00467875
647,5779.66,1.00815,1.03626,1.17015,0.94172,0.75633,0.86883,0.60635,1.0196,0.94596,1.16328,0.0046705,0.0046705,0.0046705
648,5788.87,1.02557,1.03265,1.17453,0.93218,0.76032,0.86741,0.60705,1.01871,0.94484,1.16206,0.00466225,0.00466225,0.00466225
649,5798.12,0.95759,0.9944,1.15384,0.92854,0.7617,0.86765,0.60726,1.01672,0.9441,1.15794,0.004654,0.004654,0.004654
650,5807.09,0.97808,0.9971,1.14631,0.9482,0.75532,0.86917,0.60862,1.01112,0.94088,1.15494,0.00464575,0.00464575,0.00464575
651,5816.08,0.96098,0.98464,1.15469,0.94275,0.75532,0.86755,0.60901,1.00912,0.94417,1.15304,0.0046375,0.0046375,0.0046375
652,5825.08,0.98559,1.01789,1.15311,0.95699,0.75739,0.86984,0.61108,1.00716,0.94242,1.15236,0.00462925,0.00462925,0.00462925
653,5834.07,0.98624,1.01115,1.16134,0.9448,0.76481,0.86999,0.61047,1.00616,0.93949,1.14991,0.004621,0.004621,0.004621
654,5842.86,0.9975,1.03365,1.16918,0.94104,0.77021,0.86997,0.61042,1.01093,0.94433,1.15145,0.00461275,0.00461275,0.00461275
655,5851.69,0.99768,1.02921,1.16673,0.93529,0.76809,0.86996,0.61126,1.00709,0.9421,1.14883,0.0046045,0.0046045,0.0046045
656,5860.66,1.00191,1.0048,1.17088,0.93501,0.76523,0.86858,0.6149,1.00057,0.9422,1.14475,0.00459625,0.00459625,0.00459625
657,5869.65,1.00655,1.02677,1.15872,0.93294,0.76383,0.86757,0.61498,1.00143,0.9483,1.14362,0.004588,0.004588,0.004588
658,5878.41,0.96491,0.98402,1.15746,0.93184,0.76383,0.86556,0.61616,0.99898,0.94871,1.14337,0.00457975,0.00457975,0.00457975
659,5887.35,0.97482,0.9881,1.1487,0.93485,0.76325,0.86645,0.61564,1.00059,0.95073,1.14449,0.0045715,0.0045715,0.0045715
660,5896.22,1.01062,1.01,1.16449,0.93491,0.76395,0.86752,0.61701,0.99646,0.94984,1.14425,0.00456325,0.00456325,0.00456325
661,5905.33,0.97671,1.00035,1.15034,0.94234,0.765,0.8695,0.61953,0.99173,0.94547,1.14482,0.004555,0.004555,0.004555
662,5914.27,0.99207,1.00505,1.1636,0.94464,0.76248,0.87008,0.6212,0.98873,0.93714,1.14255,0.00454675,0.00454675,0.00454675
663,5923.11,0.97474,0.97916,1.15026,0.94601,0.76596,0.86694,0.61804,0.99088,0.94461,1.14371,0.0045385,0.0045385,0.0045385
664,5931.92,0.98159,0.99862,1.14855,0.94376,0.76596,0.86576,0.61688,0.99408,0.94958,1.14257,0.00453025,0.00453025,0.00453025
665,5940.71,0.94522,0.99499,1.14224,0.95048,0.76383,0.86749,0.61649,0.99525,0.95237,1.13852,0.004522,0.004522,0.004522
666,5949.72,0.9518,0.97479,1.14357,0.95511,0.76964,0.86941,0.61628,0.9924,0.94862,1.13674,0.00451375,0.00451375,0.00451375
667,5958.47,0.96827,0.97281,1.14144,0.95252,0.76829,0.87276,0.61651,0.98947,0.94669,1.13358,0.0045055,0.0045055,0.0045055
668,5967.35,0.99076,1.00647,1.16708,0.95015,0.77045,0.8714,0.61738,0.98654,0.93963,1.13193,0.00449725,0.00449725,0.00449725
669,5976.2,0.99114,0.98497,1.15254,0.94493,0.76672,0.8708,0.61885,0.98664,0.93955,1.13144,0.004489,0.004489,0.004489
670,5984.95,0.99417,1.01881,1.15447,0.94698,0.76596,0.86895,0.62142,0.98726,0.93753,1.13078,0.00448075,0.00448075,0.00448075
671,5994.06,1.01187,1.0405,1.15729,0.93584,0.7758,0.86713,0.61891,0.9906,0.94161,1.13135,0.0044725,0.0044725,0.0044725
672,6002.86,0.98153,0.99319,1.15222,0.92773,0.78511,0.86934,0.62024,0.9901,0.94455,1.13135,0.00446425,0.00446425,0.00446425
673,6011.63,0.97719,1.00867,1.15441,0.93889,0.78453,0.87125,0.62061,0.98992,0.93893,1.12944,0.004456,0.004456,0.004456
674,6020.48,0.96487,0.97834,1.14174,0.92389,0.78298,0.87196,0.61848,0.99208,0.93689,1.12902,0.00444775,0.00444775,0.00444775
675,6029.22,0.97481,0.9655,1.15262,0.92303,0.79095,0.87345,0.61896,0.99277,0.93597,1.1296,0.0044395,0.0044395,0.0044395
676,6038.11,0.98327,0.98909,1.14979,0.92032,0.78639,0.87126,0.62049,0.98958,0.93027,1.12897,0.00443125,0.00443125,0.00443125
677,6047.07,0.96634,0.97407,1.14414,0.90894,0.78085,0.87262,0.62185,0.98682,0.92389,1.12799,0.004423,0.004423,0.004423
678,6056.08,0.97223,0.98779,1.14586,0.90255,0.78819,0.87378,0.62311,0.98829,0.92075,1.12709,0.00441475,0.00441475,0.00441475
679,6065.1,0.96043,0.96793,1.14337,0.88328,0.79787,0.87161,0.62306,0.98874,0.91777,1.12579,0.0044065,0.0044065,0.0044065
680,6073.9,0.97207,0.99252,1.14668,0.89392,0.78888,0.87121,0.6238,0.9926,0.923,1.12803,0.00439825,0.00439825,0.00439825
681,6083.1,0.98146,1.00501,1.15212,0.89603,0.78851,0.86972,0.62242,0.99438,0.92687,1.12919,0.00439,0.00439,0.00439
682,6091.99,0.96756,0.97092,1.15147,0.92526,0.7639,0.87077,0.62337,0.99558,0.92808,1.13009,0.00438175,0.00438175,0.00438175
683,6100.95,1.00064,1.01791,1.16007,0.92931,0.7617,0.86965,0.61955,0.99447,0.92697,1.12976,0.0043735,0.0043735,0.0043735
684,6109.81,0.98009,1.00629,1.14995,0.93143,0.76383,0.86929,0.61554,0.99561,0.92521,1.13171,0.00436525,0.00436525,0.00436525
685,6118.63,0.95719,0.96355,1.14365,0.91262,0.77777,0.87166,0.61505,0.99609,0.92598,1.13119,0.004357,0.004357,0.004357
686,6127.41,0.96229,0.97406,1.14373,0.91694,0.77021,0.87149,0.6146,0.99368,0.92426,1.12932,0.00434875,0.00434875,0.00434875
687,6136.17,0.96112,0.96638,1.13551,0.9108,0.77872,0.86925,0.61454,0.98932,0.92333,1.12886,0.0043405,0.0043405,0.0043405
688,6144.93,0.95868,0.96004,1.12628,0.91517,0.78042,0.87053,0.61639,0.98494,0.91689,1.13065,0.00433225,0.00433225,0.00433225
689,6153.7,0.93566,0.94192,1.13284,0.8992,0.78723,0.87173,0.61854,0.98222,0.91467,1.13067,0.004324,0.004324,0.004324
690,6162.45,0.95502,0.98352,1.14158,0.89826,0.79787,0.87198,0.62297,0.97835,0.91605,1.12985,0.00431575,0.00431575,0.00431575
691,6171.35,0.9778,0.97056,1.1339,0.89173,0.79574,0.87339,0.62197,0.97713,0.91621,1.12967,0.0043075,0.0043075,0.0043075
692,6180.1,0.967,0.96555,1.13613,0.89185,0.79149,0.87227,0.61986,0.98077,0.9158,1.1322,0.00429925,0.00429925,0.00429925
693,6189.12,0.96151,0.96932,1.13282,0.89399,0.78947,0.8731,0.62077,0.982,0.91786,1.13452,0.004291,0.004291,0.004291
694,6197.94,0.91758,0.93052,1.12396,0.91026,0.78085,0.87472,0.62309,0.97924,0.92011,1.13367,0.00428275,0.00428275,0.00428275
695,6206.78,0.95457,0.95028,1.12744,0.90599,0.77917,0.8739,0.62428,0.97564,0.91917,1.13323,0.0042745,0.0042745,0.0042745
696,6215.85,0.94734,0.95686,1.13176,0.90335,0.78723,0.87465,0.62491,0.97493,0.92002,1.13372,0.00426625,0.00426625,0.00426625
697,6224.99,0.9972,1.00734,1.14878,0.9237,0.77277,0.87606,0.62629,0.97424,0.91796,1.13436,0.004258,0.004258,0.004258
698,6234.04,0.95075,0.962,1.13792,0.92395,0.77547,0.87554,0.62505,0.97433,0.9166,1.13278,0.00424975,0.00424975,0.00424975
699,6242.76,0.95799,0.96643,1.13367,0.92109,0.77447,0.87629,0.62664,0.97447,0.91542,1.13276,0.0042415,0.0042415,0.0042415
700,6251.73,0.94287,0.92662,1.12588,0.92891,0.77447,0.87643,0.62659,0.97386,0.91267,1.13244,0.00423325,0.00423325,0.00423325
701,6260.6,0.95296,0.97006,1.12763,0.92225,0.77234,0.87461,0.62749,0.97216,0.9113,1.13014,0.004225,0.004225,0.004225
702,6269.63,0.95854,0.98016,1.14587,0.93243,0.77021,0.87418,0.62599,0.96728,0.90553,1.12834,0.00421675,0.00421675,0.00421675
703,6278.58,0.94272,0.95432,1.1329,0.91999,0.78291,0.87544,0.62703,0.96375,0.90463,1.12525,0.0042085,0.0042085,0.0042085
704,6287.32,0.94163,0.95464,1.12412,0.91831,0.78933,0.87564,0.62704,0.96174,0.90485,1.12319,0.00420025,0.00420025,0.00420025
705,6296.19,0.93936,0.93998,1.12437,0.90932,0.79149,0.8769,0.62759,0.96048,0.9065,1.12255,0.004192,0.004192,0.004192
706,6305.3,0.94573,0.94968,1.12504,0.90701,0.78856,0.87643,0.62841,0.96086,0.90377,1.12141,0.00418375,0.00418375,0.00418375
707,6314.22,0.92651,0.92324,1.12003,0.90475,0.78823,0.87806,0.6278,0.9595,0.89998,1.12243,0.0041755,0.0041755,0.0041755
708,6322.97,0.96647,0.96551,1.1365,0.90715,0.78993,0.87815,0.62874,0.95744,0.89637,1.12137,0.00416725,0.00416725,0.00416725
709,6331.95,0.94096,0.95359,1.13508,0.9096,0.79574,0.87797,0.62873,0.95373,0.89414,1.12007,0.004159,0.004159,0.004159
710,6340.72,0.96904,0.96523,1.13815,0.9042,0.80851,0.87739,0.62838,0.95142,0.89257,1.1202,0.00415075,0.00415075,0.00415075
711,6349.53,0.9489,0.96014,1.13309,0.90153,0.80638,0.87793,0.63076,0.95247,0.8903,1.12189,0.0041425,0.0041425,0.0041425
712,6358.51,0.9425,0.92454,1.13099,0.90256,0.8,0.87796,0.62922,0.94972,0.88894,1.12163,0.00413425,0.00413425,0.00413425
713,6367.44,0.94338,0.94852,1.13698,0.9049,0.8,0.87878,0.63134,0.94814,0.88781,1.1208,0.004126,0.004126,0.004126
714,6376.46,0.93066,0.9245,1.12571,0.90817,0.79958,0.88219,0.63514,0.94828,0.88865,1.121,0.00411775,0.00411775,0.00411775
715,6385.4,0.93348,0.93769,1.12485,0.90419,0.80638,0.8826,0.63274,0.94839,0.89176,1.12152,0.0041095,0.0041095,0.0041095
716,6394.12,0.93511,0.9505,1.12694,0.91302,0.80406,0.88307,0.63153,0.94826,0.89439,1.12154,0.00410125,0.00410125,0.00410125
717,6402.95,0.92547,0.93231,1.12823,0.90072,0.81074,0.88266,0.63239,0.9474,0.89405,1.12257,0.004093,0.004093,0.004093
718,6411.76,0.9482,0.95518,1.12417,0.89609,0.80737,0.88333,0.63224,0.94564,0.89413,1.12112,0.00408475,0.00408475,0.00408475
719,6420.51,0.93182,0.93639,1.12416,0.92931,0.79149,0.88494,0.634,0.94204,0.8937,1.11947,0.0040765,0.0040765,0.0040765
720,6429.41,0.95282,0.95345,1.13901,0.91835,0.78723,0.88557,0.63478,0.94,0.89052,1.11678,0.00406825,0.00406825,0.00406825
721,6438.48,0.9337,0.94745,1.11924,0.91897,0.79632,0.88899,0.63592,0.94049,0.8866,1.11692,0.00406,0.00406,0.00406
722,6447.47,0.92384,0.9194,1.1106,0.92602,0.79787,0.88922,0.63807,0.94205,0.88542,1.11675,0.00405175,0.00405175,0.00405175
723,6456.38,0.91921,0.92352,1.12259,0.92465,0.8,0.88809,0.63797,0.9435,0.88624,1.1173,0.0040435,0.0040435,0.0040435
724,6465.13,0.92349,0.90288,1.11092,0.91917,0.79839,0.89014,0.63817,0.94515,0.88446,1.11751,0.00403525,0.00403525,0.00403525
725,6474.23,0.94021,0.94332,1.1164,0.91666,0.80426,0.89042,0.63659,0.94986,0.88807,1.11711,0.004027,0.004027,0.004027
726,6482.98,0.93089,0.92621,1.12852,0.91692,0.80426,0.89058,0.63677,0.95258,0.88794,1.11745,0.00401875,0.00401875,0.00401875
727,6491.94,0.91303,0.92243,1.10984,0.91911,0.79776,0.88882,0.63557,0.9544,0.88699,1.11892,0.0040105,0.0040105,0.0040105
728,6500.93,0.93519,0.92963,1.11858,0.90479,0.80879,0.88794,0.6349,0.953,0.88657,1.11851,0.00400225,0.00400225,0.00400225
729,6509.79,0.92665,0.94253,1.12669,0.89668,0.81277,0.888,0.63673,0.95258,0.88605,1.11978,0.003994,0.003994,0.003994
730,6518.6,0.92944,0.90537,1.1182,0.90059,0.80954,0.88869,0.63723,0.95073,0.88607,1.1196,0.00398575,0.00398575,0.00398575
731,6527.36,0.93342,0.92262,1.1186,0.90872,0.80638,0.89036,0.6374,0.95,0.88518,1.11923,0.0039775,0.0039775,0.0039775
732,6536.19,0.90887,0.90523,1.11828,0.91242,0.80638,0.88992,0.63572,0.94936,0.8869,1.11744,0.00396925,0.00396925,0.00396925
733,6544.95,0.92742,0.91813,1.11451,0.90974,0.80638,0.89044,0.63587,0.95091,0.88544,1.11769,0.003961,0.003961,0.003961
734,6553.72,0.91125,0.89961,1.10435,0.91806,0.81049,0.89359,0.63753,0.95312,0.88344,1.11669,0.00395275,0.00395275,0.00395275
735,6562.49,0.90646,0.92182,1.10986,0.91663,0.80638,0.89338,0.63706,0.95573,0.88164,1.11751,0.0039445,0.0039445,0.0039445
736,6571.32,0.91584,0.90786,1.10402,0.91175,0.81334,0.89409,0.63789,0.95662,0.88031,1.11793,0.00393625,0.00393625,0.00393625
737,6580.36,0.9186,0.90532,1.11952,0.91355,0.80944,0.89255,0.63746,0.95606,0.87904,1.11908,0.003928,0.003928,0.003928
738,6589.28,0.89467,0.90391,1.10617,0.91406,0.80851,0.89261,0.63882,0.95662,0.87704,1.11934,0.00391975,0.00391975,0.00391975
739,6598.46,0.90587,0.89641,1.10361,0.92316,0.80426,0.89262,0.63963,0.956,0.8749,1.11924,0.0039115,0.0039115,0.0039115
740,6607.51,0.91741,0.9226,1.11262,0.93308,0.80104,0.89052,0.64075,0.95566,0.87494,1.12057,0.00390325,0.00390325,0.00390325
741,6616.61,0.92988,0.91398,1.11178,0.93717,0.79342,0.88954,0.6397,0.95601,0.87474,1.12008,0.003895,0.003895,0.003895
742,6625.52,0.90207,0.88277,1.11149,0.93483,0.79352,0.88978,0.63982,0.95433,0.87451,1.12032,0.00388675,0.00388675,0.00388675
743,6634.35,0.91699,0.91876,1.11267,0.90965,0.81402,0.88979,0.64246,0.95351,0.87238,1.11943,0.0038785,0.0038785,0.0038785
744,6643.33,0.92256,0.90595,1.11365,0.91733,0.81277,0.88976,0.64013,0.95076,0.87186,1.1185,0.00387025,0.00387025,0.00387025
745,6652.31,0.921,0.90347,1.10597,0.91511,0.81277,0.8884,0.64094,0.94912,0.87019,1.11508,0.003862,0.003862,0.003862
746,6661.2,0.93795,0.91107,1.1118,0.91201,0.81489,0.88866,0.64212,0.94771,0.86974,1.11409,0.00385375,0.00385375,0.00385375
747,6669.94,0.90367,0.91113,1.10723,0.90576,0.81702,0.88962,0.6437,0.94685,0.87026,1.11396,0.0038455,0.0038455,0.0038455
748,6678.91,0.90193,0.90293,1.10129,0.90515,0.81489,0.89213,0.64548,0.94454,0.87116,1.11263,0.00383725,0.00383725,0.00383725
749,6687.97,0.89216,0.88182,1.1041,0.92452,0.80792,0.89346,0.64294,0.94183,0.86943,1.11111,0.003829,0.003829,0.003829
750,6696.79,0.92478,0.9103,1.11449,0.92399,0.80178,0.89434,0.64558,0.94015,0.86755,1.11008,0.00382075,0.00382075,0.00382075
751,6705.83,0.9213,0.92337,1.11645,0.92018,0.80944,0.89434,0.64391,0.93796,0.86643,1.10867,0.0038125,0.0038125,0.0038125
752,6714.65,0.92195,0.91454,1.11107,0.91641,0.81915,0.89412,0.6453,0.93745,0.86626,1.10891,0.00380425,0.00380425,0.00380425
753,6723.41,0.90434,0.89089,1.09391,0.91108,0.81702,0.89036,0.64508,0.93615,0.86474,1.10686,0.003796,0.003796,0.003796
754,6732.28,0.91411,0.90218,1.10552,0.91355,0.81915,0.89,0.64593,0.93586,0.86464,1.1067,0.00378775,0.00378775,0.00378775
755,6741.17,0.89951,0.89445,1.10735,0.91226,0.81915,0.89122,0.64658,0.93466,0.86316,1.10589,0.0037795,0.0037795,0.0037795
756,6750.38,0.92125,0.91186,1.11137,0.90769,0.81915,0.89115,0.64739,0.93307,0.86158,1.10538,0.00377125,0.00377125,0.00377125
757,6759.32,0.88577,0.89072,1.10041,0.94014,0.78723,0.89212,0.6468,0.93287,0.86113,1.10578,0.003763,0.003763,0.003763
758,6768.07,0.92496,0.90914,1.11117,0.93996,0.79362,0.892,0.64935,0.93065,0.86009,1.1053,0.00375475,0.00375475,0.00375475
759,6777.15,0.8948,0.88435,1.10415,0.94431,0.78936,0.89264,0.64919,0.92848,0.85997,1.10498,0.0037465,0.0037465,0.0037465
760,6786.14,0.91335,0.90065,1.11486,0.94199,0.79464,0.89229,0.65127,0.92795,0.85833,1.10563,0.00373825,0.00373825,0.00373825
761,6795.19,0.88125,0.87875,1.0894,0.94406,0.78993,0.89198,0.651,0.9248,0.85565,1.10478,0.00373,0.00373,0.00373
762,6804.08,0.90425,0.89563,1.10862,0.94183,0.79228,0.89035,0.65141,0.92435,0.85276,1.10429,0.00372175,0.00372175,0.00372175
763,6812.9,0.91882,0.90857,1.10775,0.93963,0.79484,0.89126,0.65217,0.92286,0.85192,1.10299,0.0037135,0.0037135,0.0037135
764,6821.84,0.90391,0.90311,1.10803,0.93993,0.78723,0.88871,0.65211,0.92236,0.85158,1.10056,0.00370525,0.00370525,0.00370525
765,6830.65,0.88924,0.87167,1.09559,0.93941,0.79172,0.88974,0.65281,0.92287,0.84891,1.09974,0.003697,0.003697,0.003697
766,6839.98,0.88545,0.88175,1.09981,0.94249,0.78511,0.88976,0.65198,0.92403,0.84893,1.09973,0.00368875,0.00368875,0.00368875
767,6848.75,0.88998,0.87964,1.08905,0.94384,0.78663,0.88963,0.65066,0.92467,0.85024,1.10031,0.0036805,0.0036805,0.0036805
768,6857.51,0.90681,0.88475,1.09207,0.94371,0.78723,0.89107,0.65085,0.92556,0.85027,1.10121,0.00367225,0.00367225,0.00367225
769,6866.29,0.88444,0.87969,1.09252,0.94195,0.78723,0.89126,0.65099,0.92393,0.85285,1.10143,0.003664,0.003664,0.003664
770,6875.07,0.89063,0.87332,1.10159,0.94249,0.78723,0.89207,0.653,0.92253,0.85469,1.10184,0.00365575,0.00365575,0.00365575
771,6884.01,0.88553,0.88533,1.09155,0.92629,0.80851,0.89271,0.65276,0.92088,0.85442,1.1017,0.0036475,0.0036475,0.0036475
772,6892.73,0.91215,0.91754,1.10838,0.93579,0.80638,0.89409,0.65478,0.91936,0.85488,1.10215,0.00363925,0.00363925,0.00363925
773,6901.65,0.88717,0.88309,1.09674,0.9253,0.81701,0.89433,0.6542,0.91773,0.85418,1.10143,0.003631,0.003631,0.003631
774,6910.36,0.87443,0.858,1.08731,0.91919,0.82128,0.89636,0.65522,0.91827,0.85483,1.10131,0.00362275,0.00362275,0.00362275
775,6919.35,0.90458,0.88306,1.09533,0.91906,0.82137,0.89548,0.65566,0.91779,0.85344,1.10122,0.0036145,0.0036145,0.0036145
776,6928.38,0.88707,0.88584,1.09324,0.91719,0.82128,0.89519,0.65505,0.91588,0.85401,1.10131,0.00360625,0.00360625,0.00360625
777,6937.15,0.86969,0.87052,1.08903,0.92344,0.8212,0.89518,0.65398,0.91554,0.85631,1.10035,0.003598,0.003598,0.003598
778,6945.91,0.91069,0.89432,1.0972,0.92343,0.82106,0.89506,0.65473,0.91512,0.85678,1.0997,0.00358975,0.00358975,0.00358975
779,6954.82,0.8761,0.872,1.08527,0.91393,0.81335,0.89363,0.65467,0.91521,0.8544,1.10008,0.0035815,0.0035815,0.0035815
780,6963.54,0.88458,0.87097,1.09719,0.91808,0.80851,0.89391,0.65497,0.91469,0.85845,1.10076,0.00357325,0.00357325,0.00357325
781,6972.26,0.88531,0.87955,1.10305,0.92465,0.80938,0.89425,0.65541,0.91382,0.85941,1.10115,0.003565,0.003565,0.003565
782,6981.05,0.86925,0.88562,1.09079,0.91872,0.81277,0.89371,0.656,0.91233,0.8591,1.10146,0.00355675,0.00355675,0.00355675
783,6989.99,0.89301,0.87112,1.08774,0.92886,0.81064,0.89283,0.65603,0.91127,0.85968,1.10078,0.0035485,0.0035485,0.0035485
784,6998.73,0.89039,0.85273,1.08836,0.92692,0.80638,0.89346,0.65564,0.90974,0.85524,1.09896,0.00354025,0.00354025,0.00354025
785,7007.51,0.89386,0.87869,1.08285,0.92196,0.80438,0.89353,0.65505,0.90767,0.85231,1.09695,0.003532,0.003532,0.003532
786,7016.49,0.88392,0.87504,1.0817,0.92771,0.80638,0.89164,0.65546,0.90712,0.8533,1.09645,0.00352375,0.00352375,0.00352375
787,7025.51,0.89211,0.87532,1.08528,0.9218,0.80261,0.8896,0.65576,0.90779,0.85284,1.09646,0.0035155,0.0035155,0.0035155
788,7034.25,0.88158,0.88076,1.08376,0.92199,0.80213,0.89091,0.65582,0.9082,0.85356,1.09675,0.00350725,0.00350725,0.00350725
789,7043.13,0.88384,0.87308,1.08417,0.91465,0.80851,0.89043,0.658,0.90605,0.8541,1.09529,0.003499,0.003499,0.003499
790,7052.24,0.90449,0.87761,1.09879,0.91097,0.81064,0.8899,0.66053,0.90366,0.85443,1.09364,0.00349075,0.00349075,0.00349075
791,7061.27,0.86463,0.84268,1.0844,0.91398,0.81277,0.89278,0.66211,0.90258,0.85256,1.09342,0.0034825,0.0034825,0.0034825
792,7070.29,0.88082,0.8677,1.08444,0.91702,0.81277,0.893,0.66517,0.90128,0.85092,1.09286,0.00347425,0.00347425,0.00347425
793,7079.56,0.86969,0.85736,1.08133,0.90981,0.81489,0.89515,0.66326,0.90011,0.85052,1.09269,0.003466,0.003466,0.003466
794,7088.42,0.86648,0.85616,1.08437,0.91173,0.81702,0.89535,0.66288,0.89877,0.84928,1.09258,0.00345775,0.00345775,0.00345775
795,7097.16,0.86771,0.85941,1.08651,0.91202,0.8161,0.89585,0.66365,0.89762,0.84858,1.09223,0.0034495,0.0034495,0.0034495
796,7105.93,0.89193,0.86592,1.09016,0.90568,0.81723,0.89564,0.66274,0.89733,0.84744,1.09102,0.00344125,0.00344125,0.00344125
797,7114.62,0.87081,0.86801,1.09387,0.90613,0.82158,0.89572,0.66271,0.89768,0.8462,1.0905,0.003433,0.003433,0.003433
798,7123.53,0.86353,0.84127,1.07852,0.91029,0.82045,0.89575,0.66158,0.89809,0.84611,1.09033,0.00342475,0.00342475,0.00342475
799,7132.28,0.88381,0.85638,1.09116,0.90832,0.82214,0.89656,0.6629,0.8981,0.8456,1.09011,0.0034165,0.0034165,0.0034165
800,7141.17,0.87422,0.87609,1.08768,0.90826,0.82153,0.89671,0.66334,0.8968,0.8438,1.09006,0.00340825,0.00340825,0.00340825
801,7149.97,0.91085,0.90554,1.10674,0.91017,0.81916,0.89632,0.66465,0.89563,0.8422,1.09002,0.0034,0.0034,0.0034
802,7158.83,0.84658,0.83685,1.07257,0.91821,0.81489,0.8971,0.66437,0.89653,0.8419,1.09058,0.00339175,0.00339175,0.00339175
803,7167.6,0.86947,0.8628,1.07815,0.91895,0.82023,0.8971,0.66502,0.89807,0.84249,1.0913,0.0033835,0.0033835,0.0033835
804,7176.63,0.88209,0.86764,1.09021,0.91978,0.8234,0.89715,0.66463,0.89872,0.83984,1.09129,0.00337525,0.00337525,0.00337525
805,7185.35,0.87569,0.86231,1.0812,0.9143,0.8234,0.89696,0.6652,0.89771,0.83628,1.09032,0.003367,0.003367,0.003367
806,7194.41,0.86873,0.85406,1.07836,0.91842,0.8234,0.89926,0.66477,0.89736,0.8352,1.08975,0.00335875,0.00335875,0.00335875
807,7203.47,0.86313,0.85536,1.08536,0.92049,0.82128,0.89949,0.66538,0.89636,0.83303,1.08917,0.0033505,0.0033505,0.0033505
808,7212.51,0.8597,0.86044,1.07806,0.93172,0.81702,0.89973,0.66511,0.8958,0.83256,1.08839,0.00334225,0.00334225,0.00334225
809,7221.53,0.89158,0.87343,1.0878,0.92699,0.81702,0.90007,0.66576,0.89538,0.83287,1.08813,0.003334,0.003334,0.003334
810,7230.56,0.84959,0.83341,1.07185,0.92704,0.81915,0.90104,0.66578,0.89563,0.83139,1.08792,0.00332575,0.00332575,0.00332575
811,7239.64,0.87274,0.85623,1.07839,0.9275,0.81657,0.89882,0.6675,0.89499,0.83133,1.08785,0.0033175,0.0033175,0.0033175
812,7248.62,0.86072,0.84011,1.08429,0.92241,0.81702,0.89859,0.66759,0.89447,0.83152,1.08805,0.00330925,0.00330925,0.00330925
813,7257.54,0.8706,0.85014,1.07721,0.92384,0.81915,0.89941,0.66622,0.89421,0.83164,1.0882,0.003301,0.003301,0.003301
814,7266.32,0.85737,0.85125,1.07945,0.92289,0.82128,0.89872,0.66455,0.89474,0.83062,1.08864,0.00329275,0.00329275,0.00329275
815,7275.04,0.86836,0.85485,1.0835,0.91797,0.8234,0.9023,0.66575,0.89464,0.8301,1.08832,0.0032845,0.0032845,0.0032845
816,7283.9,0.87051,0.85719,1.08192,0.91552,0.8234,0.90205,0.66667,0.89598,0.82948,1.08896,0.00327625,0.00327625,0.00327625
817,7292.88,0.87876,0.85928,1.08774,0.91931,0.82414,0.90144,0.66726,0.89695,0.82848,1.08991,0.003268,0.003268,0.003268
818,7301.65,0.88317,0.86858,1.08211,0.9214,0.82311,0.90215,0.6673,0.89753,0.82616,1.09078,0.00325975,0.00325975,0.00325975
819,7310.62,0.87466,0.87049,1.08897,0.92518,0.82128,0.90289,0.66747,0.89776,0.82591,1.09069,0.0032515,0.0032515,0.0032515
820,7319.64,0.84714,0.84,1.07657,0.92713,0.82128,0.90441,0.66615,0.89865,0.82464,1.0912,0.00324325,0.00324325,0.00324325
821,7328.37,0.8539,0.84263,1.07489,0.92127,0.82158,0.90269,0.66695,0.89909,0.82404,1.0914,0.003235,0.003235,0.003235
822,7337.13,0.85576,0.83681,1.07041,0.92319,0.82553,0.90394,0.6683,0.89808,0.82164,1.09087,0.00322675,0.00322675,0.00322675
823,7346.1,0.88199,0.854,1.08,0.92218,0.8234,0.90391,0.66848,0.89701,0.8197,1.09016,0.0032185,0.0032185,0.0032185
824,7355.1,0.84937,0.84149,1.07364,0.92415,0.8234,0.90382,0.66861,0.89527,0.81746,1.08865,0.00321025,0.00321025,0.00321025
825,7364.07,0.88138,0.86727,1.08692,0.92372,0.8234,0.90421,0.66807,0.89363,0.816,1.0876,0.003202,0.003202,0.003202
826,7372.85,0.86422,0.8492,1.07795,0.92348,0.8217,0.9047,0.66913,0.89183,0.8144,1.08724,0.00319375,0.00319375,0.00319375
827,7381.84,0.85029,0.83346,1.06701,0.92352,0.82212,0.90484,0.66938,0.89039,0.81278,1.08676,0.0031855,0.0031855,0.0031855
828,7390.98,0.86364,0.85612,1.0777,0.91584,0.83354,0.90537,0.6703,0.88927,0.81237,1.08602,0.00317725,0.00317725,0.00317725
829,7400.06,0.86547,0.8369,1.06876,0.92174,0.82693,0.90499,0.6695,0.88851,0.81072,1.08496,0.003169,0.003169,0.003169
830,7408.79,0.83337,0.82411,1.0689,0.92183,0.82798,0.90517,0.67014,0.88786,0.8093,1.08476,0.00316075,0.00316075,0.00316075
831,7417.56,0.84957,0.84135,1.06709,0.92341,0.83191,0.90549,0.67144,0.887,0.80967,1.08398,0.0031525,0.0031525,0.0031525
832,7426.55,0.85656,0.83502,1.07183,0.91796,0.83322,0.90523,0.67152,0.8865,0.80925,1.08314,0.00314425,0.00314425,0.00314425
833,7435.62,0.86329,0.84383,1.08522,0.91698,0.83191,0.90566,0.67187,0.88595,0.80685,1.08273,0.003136,0.003136,0.003136
834,7444.55,0.84936,0.82659,1.074,0.92419,0.83191,0.90731,0.67252,0.885,0.80549,1.08226,0.00312775,0.00312775,0.00312775
835,7453.46,0.84299,0.82248,1.0688,0.93021,0.82766,0.90472,0.66994,0.88499,0.80562,1.08128,0.0031195,0.0031195,0.0031195
836,7462.11,0.82596,0.80473,1.05957,0.93476,0.82307,0.90531,0.67042,0.88505,0.80354,1.08147,0.00311125,0.00311125,0.00311125
837,7470.83,0.83849,0.8167,1.05612,0.93751,0.82128,0.90679,0.67155,0.8843,0.80251,1.08146,0.003103,0.003103,0.003103
838,7479.54,0.85058,0.83153,1.07579,0.94272,0.81702,0.90687,0.67206,0.88418,0.80116,1.08118,0.00309475,0.00309475,0.00309475
839,7488.43,0.83301,0.82575,1.06411,0.94122,0.81764,0.90636,0.67185,0.88365,0.80014,1.08073,0.0030865,0.0030865,0.0030865
840,7497.25,0.83011,0.81291,1.06535,0.94595,0.81926,0.90643,0.67288,0.88205,0.80018,1.07949,0.00307825,0.00307825,0.00307825
841,7506.27,0.85162,0.82809,1.07415,0.94382,0.82215,0.90615,0.67379,0.87974,0.79841,1.07831,0.00307,0.00307,0.00307
842,7515.11,0.84595,0.84085,1.07698,0.94205,0.81915,0.90697,0.67458,0.87904,0.79555,1.07763,0.00306175,0.00306175,0.00306175
843,7523.93,0.84853,0.84297,1.06002,0.94291,0.81915,0.90731,0.67419,0.8777,0.79472,1.07693,0.0030535,0.0030535,0.0030535
844,7532.56,0.84301,0.8348,1.07221,0.94501,0.81915,0.90813,0.67481,0.87773,0.79372,1.07739,0.00304525,0.00304525,0.00304525
845,7541.46,0.84752,0.81784,1.06488,0.94351,0.8174,0.90843,0.67454,0.8774,0.79268,1.07697,0.003037,0.003037,0.003037
846,7550.16,0.83309,0.80815,1.06346,0.9459,0.81835,0.90834,0.67429,0.87687,0.79208,1.07674,0.00302875,0.00302875,0.00302875
847,7558.95,0.84229,0.81704,1.06163,0.94144,0.82088,0.90825,0.67465,0.87669,0.79165,1.07662,0.0030205,0.0030205,0.0030205
848,7567.94,0.82891,0.807,1.06428,0.93734,0.82766,0.90825,0.67465,0.8768,0.79176,1.07642,0.00301225,0.00301225,0.00301225
849,7576.85,0.83572,0.8124,1.054,0.93474,0.82128,0.90746,0.67555,0.8767,0.79239,1.07611,0.003004,0.003004,0.003004
850,7585.94,0.84132,0.80226,1.05954,0.93616,0.8234,0.90604,0.67568,0.87572,0.79144,1.07525,0.00299575,0.00299575,0.00299575
851,7594.75,0.84123,0.82294,1.07102,0.93774,0.82128,0.90685,0.67621,0.87562,0.79072,1.07516,0.0029875,0.0029875,0.0029875
852,7603.75,0.84015,0.81771,1.05685,0.93587,0.82553,0.90802,0.67641,0.8761,0.79075,1.07495,0.00297925,0.00297925,0.00297925
853,7612.69,0.83744,0.81504,1.07016,0.93466,0.82172,0.90708,0.67711,0.87586,0.79105,1.07461,0.002971,0.002971,0.002971
854,7621.64,0.82055,0.79254,1.06183,0.94058,0.8234,0.90795,0.67728,0.87499,0.79142,1.07443,0.00296275,0.00296275,0.00296275
855,7630.96,0.84016,0.79864,1.06709,0.93312,0.83113,0.90863,0.67783,0.87502,0.79158,1.07434,0.0029545,0.0029545,0.0029545
856,7640.31,0.85046,0.83843,1.06392,0.92958,0.82979,0.90855,0.67751,0.87527,0.79158,1.07455,0.00294625,0.00294625,0.00294625
857,7649.12,0.83406,0.81642,1.05745,0.92636,0.82966,0.90822,0.67787,0.87433,0.7911,1.07432,0.002938,0.002938,0.002938
858,7658.28,0.81903,0.80612,1.05999,0.92525,0.82979,0.90991,0.67852,0.87329,0.7902,1.07356,0.00292975,0.00292975,0.00292975
859,7667.35,0.8257,0.80011,1.05835,0.92327,0.8234,0.90973,0.67873,0.8724,0.78949,1.0732,0.0029215,0.0029215,0.0029215
860,7676.33,0.83411,0.8197,1.06489,0.94105,0.81512,0.90579,0.67947,0.87181,0.78939,1.07312,0.00291325,0.00291325,0.00291325
861,7685.41,0.8147,0.7976,1.05544,0.94104,0.81507,0.90941,0.67947,0.872,0.7894,1.07361,0.002905,0.002905,0.002905
862,7694.38,0.86575,0.83145,1.06379,0.92535,0.82553,0.91052,0.6795,0.87153,0.78999,1.07346,0.00289675,0.00289675,0.00289675
863,7703.46,0.84625,0.80444,1.06678,0.94147,0.81702,0.9079,0.67851,0.87028,0.78995,1.07277,0.0028885,0.0028885,0.0028885
864,7712.25,0.84071,0.82436,1.06555,0.94818,0.81489,0.90731,0.6775,0.86946,0.78956,1.07224,0.00288025,0.00288025,0.00288025
865,7721.02,0.81962,0.79641,1.06494,0.94863,0.81489,0.9075,0.67891,0.86872,0.78896,1.07174,0.002872,0.002872,0.002872
866,7729.74,0.83512,0.8047,1.0668,0.94853,0.81489,0.91002,0.67976,0.86905,0.78927,1.07167,0.00286375,0.00286375,0.00286375
867,7738.69,0.82399,0.80569,1.0607,0.93684,0.8206,0.90979,0.67972,0.86793,0.78971,1.07185,0.0028555,0.0028555,0.0028555
868,7747.43,0.83189,0.808,1.06472,0.93773,0.81915,0.90933,0.67951,0.86737,0.78915,1.07156,0.00284725,0.00284725,0.00284725
869,7756.17,0.81424,0.79887,1.05814,0.93705,0.8234,0.91172,0.67979,0.86736,0.78872,1.07193,0.002839,0.002839,0.002839
870,7765.1,0.83129,0.81126,1.06103,0.937,0.82271,0.91209,0.6801,0.86753,0.78896,1.07152,0.00283075,0.00283075,0.00283075
871,7774.05,0.82649,0.79952,1.0542,0.94737,0.81489,0.91113,0.67971,0.86704,0.78954,1.07155,0.0028225,0.0028225,0.0028225
872,7782.81,0.82221,0.80881,1.06027,0.94632,0.81489,0.91143,0.67932,0.86574,0.78987,1.07136,0.00281425,0.00281425,0.00281425
873,7791.55,0.80957,0.80099,1.05893,0.93674,0.8191,0.91125,0.67946,0.86579,0.78928,1.07135,0.002806,0.002806,0.002806
874,7800.27,0.83983,0.79969,1.06633,0.95262,0.81274,0.91109,0.68087,0.86489,0.78957,1.07159,0.00279775,0.00279775,0.00279775
875,7809.34,0.81108,0.784,1.05472,0.94723,0.81489,0.91207,0.68191,0.86514,0.79016,1.07183,0.0027895,0.0027895,0.0027895
876,7818.44,0.83803,0.81834,1.06288,0.94283,0.81277,0.91241,0.68438,0.86472,0.78949,1.07157,0.00278125,0.00278125,0.00278125
877,7827.41,0.84261,0.80974,1.06383,0.94315,0.81188,0.91268,0.68413,0.86424,0.7888,1.07136,0.002773,0.002773,0.002773
878,7836.14,0.82689,0.82502,1.05598,0.94545,0.81132,0.91183,0.68482,0.86494,0.788,1.07163,0.00276475,0.00276475,0.00276475
879,7845.38,0.83335,0.8069,1.06553,0.94496,0.81489,0.91034,0.68548,0.86402,0.7873,1.07181,0.0027565,0.0027565,0.0027565
880,7854.64,0.81029,0.79823,1.04671,0.92628,0.8288,0.91061,0.68574,0.86284,0.78484,1.07143,0.00274825,0.00274825,0.00274825
881,7863.65,0.8227,0.81077,1.05707,0.92519,0.82766,0.91055,0.68616,0.86247,0.78382,1.07147,0.00274,0.00274,0.00274
882,7872.64,0.82038,0.79966,1.05879,0.92187,0.8285,0.91072,0.68553,0.86117,0.78294,1.07106,0.00273175,0.00273175,0.00273175
883,7881.54,0.80072,0.80413,1.05999,0.9255,0.82766,0.91044,0.6844,0.86054,0.78166,1.07094,0.0027235,0.0027235,0.0027235
884,7890.3,0.83637,0.79349,1.05865,0.92596,0.82553,0.91118,0.68672,0.86065,0.78179,1.07073,0.00271525,0.00271525,0.00271525
885,7899.43,0.83667,0.80833,1.05913,0.93045,0.82541,0.91104,0.68575,0.86015,0.78126,1.07075,0.002707,0.002707,0.002707
886,7908.23,0.82368,0.79777,1.05444,0.928,0.82271,0.90912,0.68493,0.8597,0.78011,1.07038,0.00269875,0.00269875,0.00269875
887,7917,0.80604,0.79034,1.04697,0.92976,0.81676,0.90857,0.6848,0.85967,0.77865,1.0706,0.0026905,0.0026905,0.0026905
888,7925.81,0.83063,0.80001,1.04843,0.93027,0.81489,0.90915,0.68568,0.85934,0.77757,1.07015,0.00268225,0.00268225,0.00268225
889,7934.72,0.81089,0.79732,1.05625,0.92979,0.81707,0.90837,0.68596,0.85922,0.77706,1.0701,0.002674,0.002674,0.002674
890,7943.62,0.80164,0.79403,1.04253,0.93428,0.81664,0.9087,0.68506,0.85899,0.77595,1.07005,0.00266575,0.00266575,0.00266575
891,7952.59,0.80544,0.7973,1.04954,0.94055,0.81489,0.90944,0.68654,0.85837,0.77502,1.06919,0.0026575,0.0026575,0.0026575
892,7961.36,0.81808,0.80031,1.05229,0.94172,0.81489,0.90886,0.68624,0.85847,0.77463,1.06884,0.00264925,0.00264925,0.00264925
893,7970.08,0.81202,0.78067,1.04867,0.94344,0.81277,0.90855,0.6841,0.85877,0.77381,1.06889,0.002641,0.002641,0.002641
894,7978.79,0.80448,0.79502,1.05225,0.94,0.81915,0.90915,0.68472,0.85894,0.77374,1.06867,0.00263275,0.00263275,0.00263275
895,7987.5,0.80067,0.78301,1.03755,0.94191,0.81915,0.91011,0.68551,0.85866,0.77282,1.06859,0.0026245,0.0026245,0.0026245
896,7996.35,0.82376,0.79457,1.04832,0.93778,0.81915,0.91063,0.68522,0.85823,0.77224,1.0682,0.00261625,0.00261625,0.00261625
897,8005.19,0.7924,0.77741,1.04623,0.9398,0.81915,0.91102,0.68604,0.85783,0.77228,1.06769,0.002608,0.002608,0.002608
898,8014.21,0.79966,0.77052,1.0425,0.93924,0.81915,0.91407,0.68602,0.8571,0.77178,1.06725,0.00259975,0.00259975,0.00259975
899,8023.27,0.7783,0.76618,1.04528,0.93959,0.81915,0.91389,0.68678,0.85675,0.77154,1.06687,0.0025915,0.0025915,0.0025915
900,8032.37,0.78323,0.76264,1.03501,0.936,0.81915,0.91471,0.68796,0.85635,0.77101,1.06648,0.00258325,0.00258325,0.00258325
901,8041.37,0.7967,0.76095,1.04209,0.9364,0.81915,0.91455,0.68789,0.85643,0.76977,1.06622,0.002575,0.002575,0.002575
902,8050.12,0.8091,0.78367,1.04666,0.93451,0.81974,0.91451,0.6889,0.85628,0.76865,1.06588,0.00256675,0.00256675,0.00256675
903,8059.19,0.80062,0.78385,1.044,0.93786,0.81915,0.91465,0.6889,0.85598,0.76879,1.06522,0.0025585,0.0025585,0.0025585
904,8068.34,0.82105,0.79145,1.04902,0.93896,0.81824,0.91395,0.68897,0.85566,0.76813,1.0648,0.00255025,0.00255025,0.00255025
905,8077.19,0.79395,0.77999,1.04484,0.94134,0.81937,0.91595,0.68831,0.85514,0.76791,1.06401,0.002542,0.002542,0.002542
906,8085.93,0.81586,0.77676,1.04846,0.9369,0.81702,0.91426,0.68896,0.85478,0.76894,1.06364,0.00253375,0.00253375,0.00253375
907,8094.89,0.80048,0.78325,1.04871,0.93433,0.8173,0.91398,0.68977,0.8543,0.76846,1.06336,0.0025255,0.0025255,0.0025255
908,8103.9,0.8135,0.7889,1.04612,0.93431,0.81711,0.91344,0.68938,0.85363,0.76835,1.06321,0.00251725,0.00251725,0.00251725
909,8112.66,0.80655,0.78958,1.04961,0.93436,0.81769,0.91369,0.6885,0.85349,0.76819,1.06329,0.002509,0.002509,0.002509
910,8121.43,0.80882,0.78423,1.04447,0.93444,0.81702,0.9138,0.68879,0.85288,0.76726,1.06295,0.00250075,0.00250075,0.00250075
911,8130.19,0.7994,0.78296,1.04613,0.93692,0.8217,0.91538,0.6893,0.85216,0.76705,1.06266,0.0024925,0.0024925,0.0024925
912,8138.97,0.78092,0.75103,1.03697,0.93705,0.82341,0.915,0.68939,0.85155,0.76623,1.06264,0.00248425,0.00248425,0.00248425
913,8147.69,0.79839,0.7665,1.04093,0.93676,0.81936,0.91505,0.68981,0.85174,0.76614,1.06263,0.002476,0.002476,0.002476
914,8156.67,0.79967,0.77953,1.04623,0.93593,0.81915,0.91462,0.69031,0.85216,0.76577,1.06273,0.00246775,0.00246775,0.00246775
915,8165.64,0.79346,0.77266,1.03561,0.93458,0.82065,0.91482,0.69014,0.85251,0.76565,1.06249,0.0024595,0.0024595,0.0024595
916,8174.39,0.77756,0.76532,1.0399,0.93462,0.81915,0.91497,0.68997,0.85232,0.76595,1.06195,0.00245125,0.00245125,0.00245125
917,8183.05,0.7993,0.7657,1.04454,0.93449,0.81947,0.91454,0.69104,0.85209,0.76588,1.06157,0.002443,0.002443,0.002443
918,8191.94,0.78471,0.77361,1.04072,0.9299,0.81849,0.91281,0.69116,0.85115,0.76506,1.06148,0.00243475,0.00243475,0.00243475
919,8200.63,0.80508,0.76388,1.04577,0.93179,0.81702,0.91177,0.69133,0.8507,0.76403,1.06086,0.0024265,0.0024265,0.0024265
920,8209.39,0.79776,0.7649,1.04321,0.93452,0.81993,0.91345,0.69172,0.84994,0.76307,1.06033,0.00241825,0.00241825,0.00241825
921,8218.32,0.80063,0.76716,1.04072,0.93573,0.81702,0.91373,0.6921,0.84958,0.76257,1.0598,0.00241,0.00241,0.00241
922,8227.3,0.78439,0.76715,1.03695,0.93774,0.81702,0.91364,0.69218,0.84894,0.76209,1.05948,0.00240175,0.00240175,0.00240175
923,8236.36,0.78209,0.76184,1.03577,0.93543,0.81702,0.91389,0.69252,0.84901,0.76137,1.0594,0.0023935,0.0023935,0.0023935
924,8245.59,0.82234,0.78127,1.04506,0.93894,0.81797,0.91428,0.69298,0.84882,0.76095,1.05914,0.00238525,0.00238525,0.00238525
925,8254.69,0.78307,0.76887,1.04114,0.93896,0.81819,0.91434,0.69256,0.84845,0.76094,1.05895,0.002377,0.002377,0.002377
926,8263.5,0.79353,0.76056,1.04368,0.94362,0.81898,0.91471,0.6932,0.8482,0.76018,1.05885,0.00236875,0.00236875,0.00236875
927,8272.45,0.78217,0.7735,1.04063,0.94365,0.81949,0.91545,0.6935,0.84774,0.75919,1.05872,0.0023605,0.0023605,0.0023605
928,8281.63,0.77154,0.75126,1.0323,0.94075,0.81915,0.91542,0.69307,0.84731,0.75715,1.05864,0.00235225,0.00235225,0.00235225
929,8290.4,0.79515,0.77174,1.03679,0.94137,0.81984,0.91554,0.69227,0.84693,0.75628,1.05844,0.002344,0.002344,0.002344
930,8299.3,0.78858,0.77755,1.04381,0.93082,0.83023,0.91519,0.69295,0.84692,0.75573,1.05852,0.00233575,0.00233575,0.00233575
931,8308.06,0.79762,0.76762,1.04121,0.93086,0.83069,0.91525,0.6938,0.84695,0.75522,1.05832,0.0023275,0.0023275,0.0023275
932,8317.17,0.79838,0.75926,1.03234,0.93719,0.82128,0.91518,0.69382,0.84627,0.75465,1.05807,0.00231925,0.00231925,0.00231925
933,8326.33,0.78588,0.76603,1.0343,0.93703,0.82128,0.91519,0.69373,0.84602,0.75361,1.05793,0.002311,0.002311,0.002311
934,8335.17,0.77012,0.75088,1.03504,0.93337,0.82766,0.91512,0.69448,0.84611,0.75329,1.0579,0.00230275,0.00230275,0.00230275
935,8344.08,0.78851,0.76253,1.03559,0.92759,0.83191,0.91538,0.69519,0.84585,0.7526,1.05786,0.0022945,0.0022945,0.0022945
936,8353.3,0.7954,0.76454,1.03267,0.92863,0.83191,0.91519,0.69525,0.84618,0.75251,1.05794,0.00228625,0.00228625,0.00228625
937,8362.3,0.78904,0.7589,1.04351,0.93352,0.82766,0.91534,0.69557,0.84603,0.75259,1.0578,0.002278,0.002278,0.002278
938,8371.31,0.78464,0.76741,1.03311,0.93108,0.82766,0.91539,0.69583,0.84536,0.75271,1.05758,0.00226975,0.00226975,0.00226975
939,8380.52,0.76117,0.73624,1.02684,0.93151,0.82766,0.91533,0.69601,0.84493,0.75228,1.05748,0.0022615,0.0022615,0.0022615
940,8389.51,0.79397,0.7639,1.03965,0.93733,0.82741,0.91488,0.69569,0.84496,0.75208,1.05746,0.00225325,0.00225325,0.00225325
941,8398.35,0.79713,0.76974,1.03969,0.9341,0.82766,0.91514,0.69513,0.84464,0.75194,1.05742,0.002245,0.002245,0.002245
942,8407.06,0.79241,0.77356,1.04472,0.93774,0.82553,0.91512,0.69474,0.84478,0.75176,1.05745,0.00223675,0.00223675,0.00223675
943,8415.75,0.76806,0.74585,1.03354,0.93759,0.82553,0.9152,0.69531,0.84475,0.75214,1.05767,0.0022285,0.0022285,0.0022285
944,8424.58,0.77829,0.75377,1.03912,0.94611,0.82181,0.91514,0.69501,0.8448,0.75193,1.05773,0.00222025,0.00222025,0.00222025
945,8433.36,0.76481,0.75108,1.03175,0.94627,0.8244,0.91526,0.6953,0.84475,0.75197,1.05754,0.002212,0.002212,0.002212
946,8442.11,0.76384,0.74898,1.03332,0.94561,0.82766,0.91518,0.69409,0.84435,0.75196,1.05745,0.00220375,0.00220375,0.00220375
947,8451.05,0.783,0.74304,1.02797,0.94602,0.82766,0.91505,0.69419,0.84474,0.75263,1.05766,0.0021955,0.0021955,0.0021955
948,8459.96,0.78681,0.74855,1.04206,0.94827,0.81906,0.91492,0.69421,0.84466,0.75282,1.05761,0.00218725,0.00218725,0.00218725
949,8468.88,0.79553,0.75665,1.03554,0.94833,0.81998,0.91503,0.69504,0.84415,0.75226,1.0573,0.002179,0.002179,0.002179
950,8477.8,0.76626,0.74854,1.02942,0.94837,0.8208,0.91541,0.69463,0.84359,0.75268,1.05726,0.00217075,0.00217075,0.00217075
951,8486.67,0.7876,0.75377,1.03735,0.94822,0.81824,0.91567,0.69517,0.84347,0.7525,1.0573,0.0021625,0.0021625,0.0021625
952,8495.41,0.77362,0.74029,1.0341,0.9483,0.81955,0.9155,0.69492,0.84357,0.75336,1.05726,0.00215425,0.00215425,0.00215425
953,8504.08,0.80284,0.76474,1.04175,0.94811,0.81915,0.91488,0.69464,0.84346,0.75361,1.05737,0.002146,0.002146,0.002146
954,8512.9,0.78383,0.7589,1.02565,0.94825,0.81877,0.91491,0.69434,0.84297,0.75406,1.05731,0.00213775,0.00213775,0.00213775
955,8521.78,0.76416,0.74378,1.02612,0.94622,0.81915,0.91571,0.69476,0.84261,0.75424,1.0569,0.0021295,0.0021295,0.0021295
956,8530.58,0.77221,0.74561,1.02436,0.94695,0.81915,0.91518,0.69455,0.84214,0.75342,1.05668,0.00212125,0.00212125,0.00212125
957,8539.32,0.7704,0.75128,1.03442,0.94387,0.82295,0.91522,0.69387,0.84174,0.75253,1.05652,0.002113,0.002113,0.002113
958,8548.09,0.77935,0.75454,1.03482,0.94676,0.81915,0.91499,0.69444,0.84142,0.7528,1.05634,0.00210475,0.00210475,0.00210475
959,8556.8,0.7832,0.74407,1.02749,0.93518,0.82876,0.91511,0.69395,0.84123,0.75267,1.05615,0.0020965,0.0020965,0.0020965
960,8565.51,0.76959,0.74544,1.0363,0.9352,0.82909,0.91514,0.69336,0.84075,0.7524,1.05596,0.00208825,0.00208825,0.00208825
961,8574.44,0.76175,0.72578,1.0202,0.93525,0.82974,0.91537,0.69394,0.84027,0.7521,1.05572,0.00208,0.00208,0.00208
962,8583.36,0.74017,0.72489,1.02735,0.94398,0.81915,0.91538,0.69328,0.83957,0.75125,1.05551,0.00207175,0.00207175,0.00207175
963,8592.34,0.76809,0.73095,1.02158,0.94612,0.82199,0.91568,0.69334,0.83914,0.75085,1.05529,0.0020635,0.0020635,0.0020635
964,8601.42,0.76344,0.72803,1.02718,0.94612,0.82193,0.91584,0.69332,0.83859,0.75162,1.05498,0.00205525,0.00205525,0.00205525
965,8610.38,0.76788,0.75175,1.03508,0.94672,0.82128,0.916,0.69295,0.8384,0.75104,1.05487,0.002047,0.002047,0.002047
966,8619.19,0.78306,0.75454,1.03508,0.9468,0.82128,0.91605,0.69435,0.83791,0.75059,1.05484,0.00203875,0.00203875,0.00203875
967,8627.92,0.76661,0.74262,1.03255,0.94491,0.82128,0.91603,0.69413,0.83726,0.75035,1.05468,0.0020305,0.0020305,0.0020305
968,8636.63,0.76161,0.74054,1.01732,0.94412,0.82128,0.91596,0.69449,0.83703,0.75028,1.05462,0.00202225,0.00202225,0.00202225
969,8645.49,0.77471,0.74756,1.03371,0.94539,0.81915,0.91576,0.69357,0.83664,0.75021,1.05453,0.002014,0.002014,0.002014
970,8654.3,0.76257,0.73626,1.02267,0.94411,0.81702,0.91556,0.69375,0.83636,0.75016,1.05459,0.00200575,0.00200575,0.00200575
971,8663.11,0.76996,0.74421,1.02731,0.9439,0.81702,0.91551,0.69385,0.83596,0.74955,1.05456,0.0019975,0.0019975,0.0019975
972,8671.83,0.76903,0.74345,1.02405,0.94352,0.81742,0.91576,0.69405,0.83543,0.74899,1.05432,0.00198925,0.00198925,0.00198925
973,8680.58,0.75469,0.751,1.02283,0.94358,0.81841,0.91583,0.69365,0.8347,0.74839,1.05394,0.001981,0.001981,0.001981
974,8689.28,0.76435,0.73855,1.0292,0.94132,0.8192,0.9157,0.69443,0.83434,0.74784,1.05371,0.00197275,0.00197275,0.00197275
975,8698.03,0.75123,0.73104,1.02163,0.94133,0.81926,0.91569,0.69494,0.83425,0.74763,1.05353,0.0019645,0.0019645,0.0019645
976,8706.76,0.7729,0.73311,1.01817,0.94143,0.82071,0.91579,0.6948,0.8339,0.74754,1.05361,0.00195625,0.00195625,0.00195625
977,8715.59,0.74968,0.7316,1.01894,0.93917,0.82124,0.91585,0.6948,0.83372,0.74759,1.05357,0.001948,0.001948,0.001948
978,8724.41,0.73433,0.72665,1.01114,0.93926,0.8226,0.91535,0.69451,0.83388,0.74679,1.05385,0.00193975,0.00193975,0.00193975
979,8733.34,0.74955,0.73258,1.01697,0.93924,0.8222,0.91536,0.69484,0.83326,0.74633,1.05352,0.0019315,0.0019315,0.0019315
980,8742.16,0.76165,0.73572,1.02001,0.93915,0.82092,0.91419,0.69554,0.83299,0.74617,1.05326,0.00192325,0.00192325,0.00192325
981,8751.24,0.7616,0.73988,1.02343,0.93917,0.82127,0.91396,0.69565,0.83315,0.74614,1.05325,0.001915,0.001915,0.001915
982,8760.07,0.76221,0.72869,1.01564,0.93916,0.8211,0.91384,0.69556,0.8333,0.74639,1.05338,0.00190675,0.00190675,0.00190675
983,8769.04,0.76321,0.73038,1.02804,0.94152,0.82212,0.91401,0.69716,0.83334,0.74668,1.0538,0.0018985,0.0018985,0.0018985
984,8777.95,0.7679,0.74084,1.03261,0.94159,0.8231,0.91388,0.69695,0.83313,0.74629,1.05382,0.00189025,0.00189025,0.00189025
985,8786.72,0.75499,0.73702,1.02203,0.94146,0.8212,0.91379,0.69652,0.8328,0.74596,1.05378,0.001882,0.001882,0.001882
986,8795.69,0.75708,0.71854,1.02332,0.94134,0.8195,0.91287,0.69679,0.83291,0.74605,1.05368,0.00187375,0.00187375,0.00187375
987,8804.45,0.75931,0.73086,1.02097,0.94249,0.81915,0.91292,0.69612,0.83265,0.74594,1.05374,0.0018655,0.0018655,0.0018655
988,8813.22,0.75334,0.72557,1.01172,0.94313,0.81915,0.91317,0.69609,0.8326,0.7456,1.05373,0.00185725,0.00185725,0.00185725
989,8821.94,0.76575,0.72284,1.0257,0.94356,0.81702,0.9132,0.69658,0.83239,0.74562,1.05403,0.001849,0.001849,0.001849
990,8830.66,0.74947,0.71794,1.01928,0.94134,0.81946,0.91342,0.69589,0.83245,0.74564,1.05401,0.00184075,0.00184075,0.00184075
991,8839.45,0.76261,0.72529,1.01907,0.94115,0.81915,0.91349,0.69634,0.83238,0.745,1.05374,0.0018325,0.0018325,0.0018325
992,8848.13,0.7482,0.73676,1.01568,0.94087,0.81915,0.91382,0.69533,0.83222,0.74443,1.05352,0.00182425,0.00182425,0.00182425
993,8856.95,0.75423,0.71877,1.01322,0.93986,0.81915,0.91378,0.69567,0.83203,0.74401,1.05354,0.001816,0.001816,0.001816
994,8865.77,0.74481,0.73048,1.02356,0.9435,0.81915,0.91425,0.69571,0.8319,0.74345,1.05356,0.00180775,0.00180775,0.00180775
995,8874.67,0.76882,0.7468,1.02859,0.94024,0.82128,0.91439,0.6961,0.83168,0.74304,1.05342,0.0017995,0.0017995,0.0017995
996,8883.55,0.74616,0.72253,1.01633,0.93827,0.82128,0.91439,0.69587,0.83135,0.74245,1.05325,0.00179125,0.00179125,0.00179125
997,8892.35,0.72997,0.71015,1.01293,0.93811,0.82128,0.91435,0.69561,0.83111,0.74203,1.05296,0.001783,0.001783,0.001783
998,8901.08,0.72965,0.70503,1.01462,0.93463,0.8213,0.9144,0.69659,0.83072,0.74174,1.05258,0.00177475,0.00177475,0.00177475
999,8909.8,0.7804,0.75167,1.02942,0.93703,0.82314,0.91452,0.69589,0.83082,0.74114,1.05269,0.0017665,0.0017665,0.0017665
1000,8918.53,0.75087,0.73687,1.02198,0.93695,0.82208,0.91455,0.6958,0.83064,0.74044,1.05272,0.00175825,0.00175825,0.00175825
1001,8927.23,0.74223,0.7187,1.01012,0.93935,0.82387,0.91497,0.69556,0.83059,0.7402,1.05272,0.00175,0.00175,0.00175
1002,8936.2,0.75116,0.73064,1.02002,0.94078,0.8234,0.91576,0.6961,0.83042,0.73984,1.05273,0.00174175,0.00174175,0.00174175
1003,8945.27,0.77818,0.75224,1.03134,0.93935,0.82389,0.91585,0.69525,0.83015,0.73989,1.05254,0.0017335,0.0017335,0.0017335
1004,8954.06,0.73452,0.70991,1.01502,0.93937,0.82553,0.91593,0.69507,0.8299,0.73998,1.05245,0.00172525,0.00172525,0.00172525
1005,8962.85,0.77511,0.73032,1.02548,0.93995,0.8234,0.91585,0.69557,0.82959,0.73991,1.05231,0.001717,0.001717,0.001717
1006,8971.65,0.7654,0.72695,1.01566,0.94158,0.82307,0.91556,0.69647,0.82956,0.73963,1.05229,0.00170875,0.00170875,0.00170875
1007,8980.5,0.72537,0.70772,1.0008,0.94157,0.8228,0.91543,0.69625,0.82989,0.73964,1.05237,0.0017005,0.0017005,0.0017005
1008,8989.27,0.73644,0.71388,1.01385,0.94388,0.82309,0.91577,0.69589,0.8301,0.73973,1.05243,0.00169225,0.00169225,0.00169225
1009,8998.02,0.75155,0.72515,1.01421,0.94325,0.82128,0.91592,0.69674,0.83066,0.73944,1.0526,0.001684,0.001684,0.001684
1010,9006.87,0.7495,0.71111,1.01524,0.94355,0.82128,0.91615,0.69676,0.83053,0.73965,1.05255,0.00167575,0.00167575,0.00167575
1011,9015.75,0.73605,0.70737,1.01182,0.94352,0.82128,0.91608,0.69686,0.83055,0.73967,1.05263,0.0016675,0.0016675,0.0016675
1012,9024.58,0.71913,0.6912,1.00803,0.94372,0.82128,0.91618,0.69677,0.83026,0.73998,1.05243,0.00165925,0.00165925,0.00165925
1013,9033.33,0.73982,0.7224,1.01523,0.94606,0.82093,0.91616,0.6959,0.83027,0.74019,1.05249,0.001651,0.001651,0.001651
1014,9042.08,0.72155,0.70929,1.01113,0.94209,0.82128,0.91638,0.69553,0.83014,0.73991,1.05235,0.00164275,0.00164275,0.00164275
1015,9050.98,0.75983,0.72044,1.01965,0.94077,0.82128,0.91658,0.69614,0.83002,0.73966,1.05225,0.0016345,0.0016345,0.0016345
1016,9059.93,0.74252,0.71539,1.00851,0.93965,0.82128,0.91662,0.69656,0.82999,0.73963,1.05221,0.00162625,0.00162625,0.00162625
1017,9068.87,0.72354,0.70841,1.007,0.93883,0.82128,0.91666,0.6965,0.83033,0.73976,1.05228,0.001618,0.001618,0.001618
1018,9077.78,0.74147,0.7196,1.01814,0.94091,0.82128,0.91675,0.69627,0.83039,0.73977,1.0522,0.00160975,0.00160975,0.00160975
1019,9086.79,0.74221,0.73235,1.02159,0.94231,0.82128,0.91679,0.69607,0.83056,0.74013,1.05223,0.0016015,0.0016015,0.0016015
1020,9095.61,0.74679,0.71937,1.01321,0.94203,0.82128,0.91655,0.69622,0.83047,0.74047,1.05207,0.00159325,0.00159325,0.00159325
1021,9104.33,0.70418,0.68452,1.00213,0.94409,0.82128,0.9166,0.69619,0.83058,0.74102,1.05191,0.001585,0.001585,0.001585
1022,9113.16,0.75516,0.72739,1.01731,0.94422,0.82128,0.91661,0.69697,0.83061,0.74074,1.05168,0.00157675,0.00157675,0.00157675
1023,9122.28,0.73095,0.69057,1.01146,0.94466,0.82128,0.91682,0.69696,0.83075,0.74076,1.05195,0.0015685,0.0015685,0.0015685
1024,9131.34,0.73792,0.71685,1.01506,0.93684,0.82553,0.91692,0.6969,0.83068,0.74077,1.05189,0.00156025,0.00156025,0.00156025
1025,9140.08,0.7225,0.69601,1.00608,0.9384,0.82553,0.91697,0.69676,0.83056,0.74092,1.05198,0.001552,0.001552,0.001552
1026,9148.92,0.71791,0.6903,1.00345,0.93726,0.8264,0.91708,0.69734,0.8306,0.74202,1.0516,0.00154375,0.00154375,0.00154375
1027,9157.89,0.737,0.71007,1.00599,0.93564,0.82766,0.91733,0.69665,0.83047,0.74251,1.05137,0.0015355,0.0015355,0.0015355
1028,9166.75,0.74252,0.71354,1.01383,0.93745,0.82915,0.91745,0.69647,0.83072,0.74249,1.05147,0.00152725,0.00152725,0.00152725
1029,9175.61,0.74682,0.71457,1.01671,0.93748,0.82949,0.9175,0.69751,0.83051,0.74283,1.05142,0.001519,0.001519,0.001519
1030,9184.92,0.72198,0.70358,1.00469,0.93721,0.82979,0.91753,0.69743,0.83048,0.7429,1.05139,0.00151075,0.00151075,0.00151075
1031,9193.79,0.72073,0.6964,1.00062,0.93684,0.82979,0.91752,0.69738,0.83046,0.74276,1.05135,0.0015025,0.0015025,0.0015025
1032,9202.51,0.72236,0.70271,1.00619,0.93592,0.82979,0.91741,0.69699,0.83032,0.74325,1.05138,0.00149425,0.00149425,0.00149425
1033,9211.27,0.73963,0.71223,1.00399,0.93563,0.82979,0.91732,0.69675,0.83017,0.74308,1.05129,0.001486,0.001486,0.001486
1034,9220,0.71877,0.72705,1.01542,0.9353,0.83046,0.91719,0.69788,0.83023,0.74307,1.05128,0.00147775,0.00147775,0.00147775
1035,9228.96,0.72305,0.70066,1.01114,0.93657,0.83404,0.91729,0.69793,0.83049,0.74242,1.05192,0.0014695,0.0014695,0.0014695
1036,9238.11,0.7291,0.69918,1.00397,0.93554,0.83381,0.91721,0.69822,0.83047,0.74243,1.05191,0.00146125,0.00146125,0.00146125
1037,9247.24,0.73849,0.70786,1.01844,0.93777,0.83361,0.91743,0.69812,0.83044,0.74198,1.05204,0.001453,0.001453,0.001453
1038,9256.1,0.7353,0.7092,1.00948,0.93772,0.83288,0.91742,0.699,0.83047,0.74175,1.05197,0.00144475,0.00144475,0.00144475
1039,9265.06,0.74034,0.70652,1.01363,0.93617,0.83191,0.91742,0.69873,0.83063,0.74147,1.0522,0.0014365,0.0014365,0.0014365
1040,9273.9,0.73323,0.70852,1.01472,0.9357,0.83191,0.9175,0.69923,0.8304,0.74124,1.05222,0.00142825,0.00142825,0.00142825
1041,9282.91,0.74899,0.72104,1.01498,0.93545,0.83254,0.91798,0.69926,0.83037,0.74116,1.0522,0.00142,0.00142,0.00142
1042,9291.87,0.71378,0.70664,1.00253,0.93555,0.83389,0.91809,0.69937,0.83028,0.74104,1.05223,0.00141175,0.00141175,0.00141175
1043,9300.87,0.73503,0.72524,1.00972,0.93364,0.83404,0.91816,0.69949,0.8301,0.74099,1.05246,0.0014035,0.0014035,0.0014035
1044,9309.96,0.71794,0.69161,1.00296,0.93542,0.8321,0.91863,0.69963,0.83001,0.74086,1.05243,0.00139525,0.00139525,0.00139525
1045,9318.95,0.72265,0.70689,1.00178,0.93546,0.83404,0.91873,0.70008,0.82976,0.74094,1.05238,0.001387,0.001387,0.001387
1046,9327.93,0.726,0.69889,1.00578,0.93328,0.83334,0.91885,0.70057,0.82951,0.74116,1.05219,0.00137875,0.00137875,0.00137875
1047,9336.95,0.73095,0.69928,0.99649,0.93578,0.83404,0.91886,0.70049,0.8294,0.74098,1.05218,0.0013705,0.0013705,0.0013705
1048,9345.76,0.71278,0.69046,1.00407,0.93541,0.832,0.91879,0.70057,0.8291,0.74088,1.05203,0.00136225,0.00136225,0.00136225
1049,9354.49,0.72999,0.70138,1.00592,0.93341,0.83191,0.91954,0.70058,0.82897,0.74077,1.05207,0.001354,0.001354,0.001354
1050,9363.48,0.71456,0.68334,1.00646,0.93377,0.83191,0.91934,0.70101,0.82906,0.74071,1.05208,0.00134575,0.00134575,0.00134575
1051,9372.64,0.72105,0.69641,1.00699,0.93553,0.83365,0.91964,0.70103,0.82868,0.74085,1.05177,0.0013375,0.0013375,0.0013375
1052,9381.63,0.73668,0.69798,1.00773,0.93545,0.83257,0.92028,0.70089,0.82871,0.7408,1.05177,0.00132925,0.00132925,0.00132925
1053,9390.38,0.73454,0.69669,1.00485,0.93551,0.83404,0.91993,0.70064,0.82847,0.74099,1.05083,0.001321,0.001321,0.001321
1054,9399.1,0.72347,0.70015,1.00475,0.93442,0.83404,0.92008,0.70069,0.82847,0.74083,1.05086,0.00131275,0.00131275,0.00131275
1055,9407.86,0.73343,0.71131,1.01406,0.93324,0.83404,0.91995,0.70033,0.82854,0.74093,1.05076,0.0013045,0.0013045,0.0013045
1056,9416.62,0.72551,0.69263,1.01114,0.92854,0.83404,0.91985,0.70082,0.82844,0.74153,1.05111,0.00129625,0.00129625,0.00129625
1057,9425.51,0.68658,0.68321,0.99588,0.92674,0.83437,0.92001,0.70106,0.82829,0.74144,1.05086,0.001288,0.001288,0.001288
1058,9434.46,0.705,0.69581,1.00625,0.92674,0.83438,0.92003,0.7013,0.82823,0.74155,1.05089,0.00127975,0.00127975,0.00127975
1059,9443.56,0.69772,0.66693,0.98601,0.92673,0.83419,0.91985,0.70191,0.82838,0.74144,1.05094,0.0012715,0.0012715,0.0012715
1060,9452.67,0.71524,0.68783,0.99391,0.92674,0.83433,0.91987,0.70095,0.8281,0.74173,1.05019,0.00126325,0.00126325,0.00126325
1061,9461.47,0.72212,0.70475,0.99909,0.93004,0.83404,0.91969,0.70162,0.82825,0.74145,1.05042,0.001255,0.001255,0.001255
1062,9470.44,0.70208,0.68548,0.99437,0.93068,0.83404,0.91954,0.70142,0.82845,0.74125,1.05044,0.00124675,0.00124675,0.00124675
1063,9479.26,0.72045,0.69233,1.00492,0.92977,0.83404,0.9196,0.70159,0.82851,0.74111,1.05034,0.0012385,0.0012385,0.0012385
1064,9488.06,0.71507,0.6972,0.99835,0.92963,0.83404,0.91962,0.70164,0.82844,0.74117,1.05029,0.00123025,0.00123025,0.00123025
1065,9496.86,0.72684,0.71156,1.01086,0.92763,0.83404,0.92018,0.70183,0.8284,0.7411,1.05033,0.001222,0.001222,0.001222
1066,9505.66,0.69853,0.68461,0.99691,0.92848,0.83404,0.92004,0.70205,0.82838,0.74098,1.05019,0.00121375,0.00121375,0.00121375
1067,9514.69,0.69203,0.65736,0.98938,0.92911,0.83404,0.92033,0.70201,0.82818,0.74096,1.05023,0.0012055,0.0012055,0.0012055
1068,9523.6,0.72264,0.6942,1.00324,0.9297,0.83404,0.92011,0.70136,0.82806,0.74097,1.05015,0.00119725,0.00119725,0.00119725
1069,9532.54,0.70865,0.68363,0.99175,0.9291,0.83404,0.92027,0.70095,0.82797,0.74089,1.05035,0.001189,0.001189,0.001189
1070,9541.32,0.72279,0.69922,1.00151,0.92594,0.83404,0.92032,0.70113,0.82775,0.74067,1.04999,0.00118075,0.00118075,0.00118075
1071,9550.16,0.69803,0.67979,0.99925,0.93212,0.83404,0.92051,0.70131,0.82778,0.74066,1.04994,0.0011725,0.0011725,0.0011725
1072,9558.97,0.73492,0.70311,1.00678,0.9321,0.83404,0.92052,0.70072,0.82771,0.74066,1.04995,0.00116425,0.00116425,0.00116425
1073,9567.86,0.7168,0.7015,1.0053,0.92894,0.83443,0.92051,0.70086,0.82766,0.7404,1.0499,0.001156,0.001156,0.001156
1074,9576.7,0.68968,0.67309,0.99295,0.92899,0.83502,0.9205,0.70061,0.82752,0.74031,1.04982,0.00114775,0.00114775,0.00114775
1075,9585.63,0.69345,0.67284,0.99644,0.92851,0.83617,0.92064,0.70087,0.82738,0.74012,1.04978,0.0011395,0.0011395,0.0011395
1076,9594.5,0.68823,0.68349,1.00285,0.92849,0.83617,0.92062,0.70114,0.82723,0.74003,1.04968,0.00113125,0.00113125,0.00113125
1077,9603.41,0.72197,0.68929,1.00106,0.92898,0.83496,0.92078,0.70098,0.82726,0.74022,1.04966,0.001123,0.001123,0.001123
1078,9612.41,0.72811,0.69172,0.99591,0.92927,0.83404,0.92064,0.70096,0.82713,0.74005,1.04952,0.00111475,0.00111475,0.00111475
1079,9621.54,0.68872,0.67879,0.99608,0.93006,0.83404,0.92062,0.70109,0.82726,0.73981,1.04959,0.0011065,0.0011065,0.0011065
1080,9630.6,0.71358,0.68802,1.00559,0.92892,0.83415,0.92006,0.70089,0.82689,0.74,1.04946,0.00109825,0.00109825,0.00109825
1081,9639.55,0.72015,0.68917,1.00062,0.92899,0.83508,0.92016,0.70163,0.82693,0.73974,1.04958,0.00109,0.00109,0.00109
1082,9648.34,0.71283,0.68648,1.00805,0.93235,0.83617,0.9204,0.70188,0.82686,0.73838,1.04985,0.00108175,0.00108175,0.00108175
1083,9657.16,0.7061,0.68228,0.99424,0.93129,0.83637,0.92042,0.70193,0.82676,0.73798,1.04977,0.0010735,0.0010735,0.0010735
1084,9666.19,0.6913,0.66693,0.9913,0.93356,0.83705,0.92047,0.70187,0.82654,0.73948,1.04948,0.00106525,0.00106525,0.00106525
1085,9674.94,0.68718,0.65585,0.98948,0.93179,0.83617,0.92034,0.70198,0.82649,0.7395,1.04955,0.001057,0.001057,0.001057
1086,9683.71,0.69652,0.66557,0.99375,0.93281,0.83617,0.92038,0.70224,0.82647,0.73935,1.04937,0.00104875,0.00104875,0.00104875
1087,9692.89,0.70549,0.68802,0.9951,0.93244,0.83617,0.92039,0.70225,0.82662,0.73942,1.04939,0.0010405,0.0010405,0.0010405
1088,9702.09,0.70059,0.67078,0.99498,0.93309,0.83617,0.92046,0.70243,0.82648,0.73776,1.04966,0.00103225,0.00103225,0.00103225
1089,9711.12,0.69294,0.67123,0.98951,0.93336,0.83617,0.92054,0.70215,0.82641,0.73778,1.04959,0.001024,0.001024,0.001024
1090,9719.88,0.69729,0.66393,0.98415,0.93414,0.83617,0.92052,0.7027,0.82624,0.73732,1.04992,0.00101575,0.00101575,0.00101575
1091,9728.86,0.68269,0.65466,0.99456,0.93411,0.83617,0.92064,0.70262,0.82615,0.73731,1.04993,0.0010075,0.0010075,0.0010075
1092,9737.57,0.67814,0.67042,0.98702,0.933,0.8383,0.92066,0.70318,0.82591,0.73726,1.04987,0.00099925,0.00099925,0.00099925
1093,9746.87,0.71263,0.68987,0.99475,0.9331,0.8383,0.92068,0.70329,0.82577,0.73716,1.04984,0.000991,0.000991,0.000991
1094,9755.94,0.69244,0.66496,0.99293,0.93315,0.8383,0.9207,0.70321,0.82569,0.73722,1.04985,0.00098275,0.00098275,0.00098275
1095,9764.89,0.69942,0.67207,0.99038,0.93555,0.8383,0.92098,0.70357,0.82559,0.73707,1.04979,0.0009745,0.0009745,0.0009745
1096,9774.08,0.69563,0.67899,0.99323,0.93549,0.8383,0.921,0.70302,0.82559,0.73729,1.04977,0.00096625,0.00096625,0.00096625
1097,9782.9,0.70653,0.66717,0.98927,0.93489,0.8383,0.92109,0.70324,0.82571,0.73733,1.04973,0.000958,0.000958,0.000958
1098,9791.69,0.68766,0.66946,0.98599,0.93556,0.8383,0.92112,0.7034,0.82575,0.73735,1.04964,0.00094975,0.00094975,0.00094975
1099,9800.54,0.67659,0.66198,0.98201,0.93503,0.8383,0.92109,0.70335,0.82569,0.73722,1.0495,0.0009415,0.0009415,0.0009415
1100,9809.36,0.71598,0.67134,0.99673,0.93548,0.8383,0.92147,0.70318,0.82564,0.73706,1.04945,0.00093325,0.00093325,0.00093325
1101,9818.1,0.67971,0.66198,0.98696,0.93505,0.8383,0.92142,0.70318,0.82585,0.73697,1.04952,0.000925,0.000925,0.000925
1102,9826.84,0.68339,0.66308,0.98999,0.93635,0.8383,0.92148,0.70386,0.82568,0.73681,1.04938,0.00091675,0.00091675,0.00091675
1103,9835.85,0.68941,0.68096,0.99844,0.93775,0.8383,0.92157,0.70294,0.82553,0.73682,1.04933,0.0009085,0.0009085,0.0009085
1104,9844.6,0.70273,0.67631,0.99238,0.93992,0.83215,0.92141,0.70313,0.82533,0.73687,1.0493,0.00090025,0.00090025,0.00090025
1105,9853.51,0.69389,0.68611,0.98801,0.94044,0.83191,0.92142,0.70303,0.82528,0.73677,1.04917,0.000892,0.000892,0.000892
1106,9862.32,0.66454,0.65482,0.98069,0.94039,0.83191,0.92135,0.70293,0.82515,0.73696,1.04871,0.00088375,0.00088375,0.00088375
1107,9871.09,0.70029,0.67445,0.99767,0.94035,0.83191,0.92134,0.70282,0.82512,0.73664,1.04887,0.0008755,0.0008755,0.0008755
1108,9879.81,0.67869,0.6574,0.98733,0.94036,0.83191,0.92138,0.70253,0.82489,0.73693,1.04866,0.00086725,0.00086725,0.00086725
1109,9888.56,0.68803,0.66876,0.9846,0.94017,0.83191,0.92075,0.70227,0.8245,0.7366,1.0485,0.000859,0.000859,0.000859
1110,9897.28,0.69551,0.66946,0.99253,0.94023,0.83191,0.92079,0.70208,0.8243,0.73657,1.04838,0.00085075,0.00085075,0.00085075
1111,9906.09,0.69575,0.66783,0.98774,0.94026,0.83191,0.92084,0.70169,0.82426,0.73638,1.0483,0.0008425,0.0008425,0.0008425
1112,9915.05,0.7127,0.68298,0.9925,0.94019,0.83191,0.92096,0.70208,0.82408,0.7361,1.04798,0.00083425,0.00083425,0.00083425
1113,9924.04,0.68805,0.66742,0.98643,0.94046,0.83191,0.92099,0.7026,0.82404,0.73573,1.04787,0.000826,0.000826,0.000826
1114,9933.07,0.68518,0.66357,0.98878,0.94171,0.83191,0.92115,0.70218,0.82404,0.73563,1.04784,0.00081775,0.00081775,0.00081775
1115,9941.81,0.69461,0.66841,0.98855,0.94122,0.83191,0.92117,0.70279,0.82394,0.73519,1.04777,0.0008095,0.0008095,0.0008095
1116,9950.55,0.6742,0.66005,0.98999,0.94138,0.83191,0.92125,0.70273,0.82395,0.73522,1.04775,0.00080125,0.00080125,0.00080125
1117,9959.28,0.70032,0.6831,0.99342,0.93864,0.83404,0.92125,0.70223,0.82388,0.73485,1.04766,0.000793,0.000793,0.000793
1118,9968.03,0.67312,0.6534,0.98415,0.93835,0.83404,0.9213,0.70222,0.82353,0.73471,1.04746,0.00078475,0.00078475,0.00078475
1119,9976.93,0.69874,0.66702,0.99987,0.93781,0.83419,0.9213,0.70282,0.82343,0.73444,1.04735,0.0007765,0.0007765,0.0007765
1120,9985.89,0.67124,0.65712,0.98588,0.93781,0.83422,0.92135,0.70273,0.8233,0.73377,1.04717,0.00076825,0.00076825,0.00076825
1121,9994.89,0.69446,0.65757,0.98933,0.94206,0.83027,0.92134,0.70278,0.82329,0.73331,1.04709,0.00076,0.00076,0.00076
1122,10003.7,0.66751,0.65541,0.9802,0.94205,0.83009,0.92143,0.70312,0.82299,0.73319,1.047,0.00075175,0.00075175,0.00075175
1123,10012.4,0.68278,0.6639,0.98878,0.94199,0.82917,0.92123,0.70256,0.82301,0.733,1.047,0.0007435,0.0007435,0.0007435
1124,10021.3,0.67313,0.64537,0.98849,0.94203,0.82982,0.9213,0.70253,0.82294,0.73288,1.04697,0.00073525,0.00073525,0.00073525
1125,10030.2,0.68252,0.65701,0.9868,0.94209,0.83069,0.92135,0.70238,0.82289,0.73278,1.04689,0.000727,0.000727,0.000727
1126,10039.1,0.67404,0.64948,0.984,0.94215,0.83166,0.92137,0.70283,0.82275,0.73283,1.04686,0.00071875,0.00071875,0.00071875
1127,10047.9,0.68331,0.66249,0.98257,0.94431,0.82974,0.91964,0.70219,0.82268,0.73268,1.04679,0.0007105,0.0007105,0.0007105
1128,10056.7,0.69297,0.6691,0.99093,0.94418,0.8278,0.9197,0.70216,0.82262,0.73232,1.04667,0.00070225,0.00070225,0.00070225
1129,10065.5,0.68121,0.65538,0.9865,0.9415,0.83191,0.91973,0.70233,0.82255,0.73227,1.04665,0.000694,0.000694,0.000694
1130,10074.2,0.68702,0.68232,0.99107,0.94133,0.83191,0.91985,0.70234,0.82255,0.73203,1.04657,0.00068575,0.00068575,0.00068575
1131,10082.9,0.6734,0.65928,0.98097,0.94068,0.83191,0.91985,0.70226,0.8225,0.73211,1.04649,0.0006775,0.0006775,0.0006775
1132,10091.8,0.69421,0.67356,0.995,0.94094,0.83191,0.91993,0.70189,0.82239,0.73193,1.04646,0.00066925,0.00066925,0.00066925
1133,10100.6,0.6989,0.66937,0.99695,0.94078,0.83191,0.9192,0.70193,0.82217,0.73177,1.04649,0.000661,0.000661,0.000661
1134,10109.4,0.68099,0.65662,0.98576,0.94083,0.83191,0.92002,0.70186,0.8222,0.73179,1.04654,0.00065275,0.00065275,0.00065275
1135,10118.1,0.67928,0.66539,0.98763,0.94076,0.83191,0.91997,0.70203,0.82191,0.732,1.04628,0.0006445,0.0006445,0.0006445
1136,10126.8,0.68696,0.66353,0.98442,0.94086,0.83191,0.91923,0.7016,0.82186,0.73174,1.04617,0.00063625,0.00063625,0.00063625
1137,10135.6,0.68384,0.65908,0.98799,0.94227,0.83346,0.9194,0.70195,0.82175,0.73126,1.04616,0.000628,0.000628,0.000628
1138,10144.5,0.6801,0.6674,0.98703,0.94167,0.83404,0.91936,0.70221,0.82153,0.7312,1.04604,0.00061975,0.00061975,0.00061975
1139,10153.3,0.67863,0.66071,0.98221,0.94131,0.83404,0.91946,0.70194,0.82141,0.73096,1.04595,0.0006115,0.0006115,0.0006115
1140,10162,0.67579,0.65419,0.98502,0.94028,0.83404,0.91946,0.70167,0.82126,0.7311,1.04591,0.00060325,0.00060325,0.00060325
1141,10170.7,0.67988,0.6656,0.98082,0.94277,0.83404,0.91954,0.70181,0.8209,0.73131,1.04563,0.000595,0.000595,0.000595
1142,10179.5,0.68206,0.66669,0.98645,0.94135,0.83404,0.91964,0.70182,0.82109,0.731,1.04554,0.00058675,0.00058675,0.00058675
1143,10188.4,0.69141,0.6686,0.98819,0.94343,0.83404,0.9197,0.70193,0.82116,0.73007,1.04648,0.0005785,0.0005785,0.0005785
1144,10197.2,0.68079,0.65371,0.98598,0.94456,0.8338,0.91975,0.70178,0.82085,0.73034,1.04627,0.00057025,0.00057025,0.00057025
1145,10206.2,0.6511,0.63972,0.97986,0.94281,0.83191,0.91977,0.70194,0.82075,0.72982,1.04636,0.000562,0.000562,0.000562
1146,10215,0.65941,0.63563,0.97473,0.94707,0.83191,0.91985,0.70223,0.82067,0.72984,1.04616,0.00055375,0.00055375,0.00055375
1147,10223.7,0.65946,0.64414,0.98374,0.94703,0.83191,0.91995,0.70243,0.82071,0.72966,1.04631,0.0005455,0.0005455,0.0005455
1148,10232.5,0.67572,0.6579,0.98437,0.94644,0.83191,0.91993,0.70253,0.82058,0.72929,1.04611,0.00053725,0.00053725,0.00053725
1149,10241.5,0.64877,0.63131,0.96995,0.94577,0.83191,0.91971,0.70243,0.82058,0.72929,1.0461,0.000529,0.000529,0.000529
1150,10250.5,0.68259,0.6574,0.98323,0.94546,0.83191,0.91981,0.70223,0.82033,0.72937,1.04602,0.00052075,0.00052075,0.00052075
1151,10259.4,0.66245,0.64902,0.97861,0.94532,0.83191,0.92015,0.70309,0.82015,0.72934,1.04586,0.0005125,0.0005125,0.0005125
1152,10268.3,0.63951,0.61978,0.96639,0.94519,0.83191,0.91992,0.70324,0.81991,0.72926,1.04572,0.00050425,0.00050425,0.00050425
1153,10277.1,0.65282,0.63774,0.97725,0.9434,0.83191,0.92029,0.70287,0.81982,0.72904,1.04569,0.000496,0.000496,0.000496
1154,10286,0.69338,0.66469,0.98287,0.94449,0.83191,0.91984,0.70337,0.81979,0.7291,1.04576,0.00048775,0.00048775,0.00048775
1155,10294.9,0.65364,0.63751,0.97996,0.94449,0.83191,0.91995,0.70363,0.81976,0.72888,1.04578,0.0004795,0.0004795,0.0004795
1156,10303.7,0.68198,0.64796,0.9792,0.95085,0.82317,0.91979,0.7035,0.81964,0.72878,1.04567,0.00047125,0.00047125,0.00047125
1157,10312.5,0.66514,0.65561,0.97392,0.95096,0.82513,0.91993,0.7036,0.81953,0.72867,1.04571,0.000463,0.000463,0.000463
1158,10321.3,0.65079,0.64107,0.97727,0.95081,0.82251,0.91986,0.70365,0.8197,0.72854,1.04573,0.00045475,0.00045475,0.00045475
1159,10330.1,0.66444,0.64299,0.98179,0.95085,0.82322,0.91992,0.70367,0.81941,0.72829,1.04573,0.0004465,0.0004465,0.0004465
1160,10339,0.66489,0.64701,0.97977,0.95081,0.8226,0.91983,0.70352,0.81949,0.72808,1.0457,0.00043825,0.00043825,0.00043825
1161,10347.9,0.66278,0.65289,0.97844,0.95086,0.82334,0.91986,0.70343,0.81953,0.72801,1.04581,0.00043,0.00043,0.00043
1162,10356.6,0.64395,0.63995,0.96911,0.95101,0.82613,0.91992,0.70357,0.81962,0.72769,1.04572,0.00042175,0.00042175,0.00042175
1163,10365.4,0.66045,0.65586,0.97523,0.94606,0.83404,0.92014,0.70382,0.81953,0.72746,1.04567,0.0004135,0.0004135,0.0004135
1164,10374.1,0.6666,0.64555,0.98109,0.95332,0.82558,0.91996,0.7038,0.8196,0.72743,1.04572,0.00040525,0.00040525,0.00040525
1165,10382.8,0.66738,0.65461,0.98532,0.95335,0.82623,0.92063,0.70345,0.8197,0.72712,1.04588,0.000397,0.000397,0.000397
1166,10391.8,0.65124,0.63849,0.97335,0.95327,0.82458,0.92053,0.70404,0.81959,0.72699,1.04589,0.00038875,0.00038875,0.00038875
1167,10400.8,0.6615,0.65813,0.98195,0.94783,0.83191,0.92064,0.70363,0.81935,0.72683,1.04574,0.0003805,0.0003805,0.0003805
1168,10409.5,0.63259,0.62214,0.96736,0.95332,0.82558,0.9205,0.7039,0.81926,0.72712,1.04582,0.00037225,0.00037225,0.00037225
1169,10418.3,0.68228,0.65388,0.98631,0.9533,0.82516,0.92064,0.70364,0.81921,0.72705,1.04575,0.000364,0.000364,0.000364
1170,10427,0.64856,0.62615,0.96814,0.94745,0.83191,0.92072,0.70361,0.81923,0.72676,1.04568,0.00035575,0.00035575,0.00035575
1171,10435.7,0.65286,0.64471,0.97293,0.95328,0.82484,0.92069,0.70363,0.81909,0.72667,1.04565,0.0003475,0.0003475,0.0003475
1172,10444.4,0.65889,0.63868,0.97392,0.94729,0.83191,0.92073,0.70365,0.81888,0.72662,1.04564,0.00033925,0.00033925,0.00033925
1173,10453.3,0.65197,0.64123,0.9744,0.94742,0.83191,0.92065,0.70362,0.81879,0.72662,1.04567,0.000331,0.000331,0.000331
1174,10462.2,0.66933,0.63737,0.9715,0.94688,0.83442,0.92065,0.70354,0.81865,0.72641,1.04559,0.00032275,0.00032275,0.00032275
1175,10471,0.67701,0.67539,0.9827,0.94683,0.8335,0.9207,0.70352,0.81863,0.72631,1.0457,0.0003145,0.0003145,0.0003145
1176,10479.8,0.66207,0.64468,0.97395,0.94684,0.83373,0.92064,0.70352,0.8186,0.72625,1.0456,0.00030625,0.00030625,0.00030625
1177,10488.6,0.64879,0.63585,0.97617,0.94699,0.83191,0.9206,0.70357,0.81833,0.72644,1.04561,0.000298,0.000298,0.000298
1178,10497.3,0.65523,0.63718,0.97805,0.94688,0.83191,0.92066,0.70355,0.81851,0.72613,1.04573,0.00028975,0.00028975,0.00028975
1179,10506,0.63574,0.63188,0.97464,0.94682,0.83337,0.92067,0.70346,0.81847,0.72614,1.04574,0.0002815,0.0002815,0.0002815
1180,10514.7,0.6465,0.63363,0.96941,0.94677,0.83261,0.92052,0.70341,0.81826,0.72617,1.04568,0.00027325,0.00027325,0.00027325
1181,10523.4,0.6826,0.66118,0.98002,0.94676,0.83236,0.92057,0.7034,0.81813,0.72619,1.04557,0.000265,0.000265,0.000265
1182,10532.1,0.66471,0.65785,0.98409,0.94677,0.83251,0.92053,0.70361,0.81808,0.72604,1.04569,0.00025675,0.00025675,0.00025675
1183,10540.9,0.66961,0.64985,0.97892,0.94681,0.83316,0.92058,0.70343,0.81814,0.72573,1.04568,0.0002485,0.0002485,0.0002485
1184,10549.6,0.63643,0.63519,0.9711,0.94676,0.83245,0.92053,0.70336,0.81802,0.72561,1.04556,0.00024025,0.00024025,0.00024025
1185,10558.3,0.65493,0.64739,0.97424,0.94677,0.83259,0.92054,0.70355,0.81807,0.72553,1.04571,0.000232,0.000232,0.000232
1186,10567.1,0.65561,0.64084,0.97594,0.94676,0.83244,0.92055,0.7037,0.81775,0.72546,1.04564,0.00022375,0.00022375,0.00022375
1187,10576.1,0.65745,0.64257,0.97758,0.94675,0.83225,0.92055,0.70365,0.81772,0.72554,1.04545,0.0002155,0.0002155,0.0002155
1188,10584.9,0.68146,0.65833,0.98153,0.95351,0.82918,0.92048,0.70362,0.81773,0.72556,1.04555,0.00020725,0.00020725,0.00020725
1189,10593.8,0.65249,0.64017,0.97501,0.94779,0.83191,0.92051,0.704,0.81777,0.72546,1.04556,0.000199,0.000199,0.000199
1190,10602.6,0.64847,0.63728,0.9763,0.94791,0.83191,0.92052,0.70383,0.81755,0.72543,1.0455,0.00019075,0.00019075,0.00019075
1191,10612.5,0.71077,0.59706,0.9888,0.94771,0.83191,0.92054,0.70372,0.81726,0.72528,1.04561,0.0001825,0.0001825,0.0001825
1192,10621.4,0.65032,0.55382,0.95032,0.94801,0.83191,0.92068,0.70334,0.81719,0.72488,1.04555,0.00017425,0.00017425,0.00017425
1193,10630.3,0.63634,0.53876,0.94039,0.94772,0.83191,0.92018,0.7031,0.81691,0.72488,1.04553,0.000166,0.000166,0.000166
1194,10639.3,0.6342,0.54182,0.93294,0.94435,0.83617,0.92014,0.70346,0.81684,0.72446,1.04551,0.00015775,0.00015775,0.00015775
1195,10648.3,0.59796,0.51969,0.91958,0.94459,0.83617,0.92015,0.704,0.81655,0.72462,1.04541,0.0001495,0.0001495,0.0001495
1196,10657.1,0.60932,0.52582,0.92769,0.94447,0.83237,0.92007,0.70352,0.81636,0.72448,1.04537,0.00014125,0.00014125,0.00014125
1197,10665.9,0.61576,0.51925,0.92109,0.94454,0.83338,0.92013,0.70309,0.81627,0.72412,1.04537,0.000133,0.000133,0.000133
1198,10674.7,0.59923,0.51961,0.9256,0.94454,0.83346,0.92017,0.70343,0.81612,0.72406,1.04538,0.00012475,0.00012475,0.00012475
1199,10683.4,0.57986,0.50474,0.91823,0.94462,0.83472,0.92013,0.70335,0.8158,0.72377,1.0453,0.0001165,0.0001165,0.0001165
1200,10692.3,0.5827,0.51224,0.92166,0.94517,0.83191,0.91964,0.70289,0.81544,0.72393,1.04512,0.00010825,0.00010825,0.00010825
