epoch,time,train/box_loss,train/cls_loss,train/dfl_loss,metrics/precision(B),metrics/recall(B),metrics/mAP50(B),metrics/mAP50-95(B),val/box_loss,val/cls_loss,val/dfl_loss,lr/pg0,lr/pg1,lr/pg2
1,12.7713,5.83811,9.3899,4.19588,0,0,0,0,6.30358,11.4904,4.16076,0.00327778,0.00327778,0.00327778
2,23.2888,5.79756,6.89885,4.11979,1e-05,0.00213,1e-05,0,6.27731,7.19444,4.06925,0.00660566,0.00660566,0.00660566
3,33.7613,5.28858,4.9741,3.5845,1e-05,0.00213,1e-05,0,4.40962,4.98997,3.13538,0.00992804,0.00992804,0.00992804
4,44.0971,4.2283,4.44175,2.7967,1e-05,0.00213,1e-05,0,4.27893,4.918,2.6494,0.00997525,0.00997525,0.00997525
5,54.484,4.05243,4.4029,2.68654,1e-05,0.00213,1e-05,0,4.28988,4.92355,2.91711,0.009967,0.009967,0.009967
6,64.8948,3.95979,4.40896,2.54835,0.00064,0.01277,0.00034,0.00015,4.60373,5.14873,2.91695,0.00995875,0.00995875,0.00995875
7,75.2809,3.92268,4.42941,2.58783,0.00092,0.0234,0.00048,7e-05,4.02423,4.71449,2.33386,0.0099505,0.0099505,0.0099505
8,85.6791,3.72365,4.42489,2.58729,0.00106,0.15957,0.00063,0.00015,3.97983,5.31227,2.83714,0.00994225,0.00994225,0.00994225
9,96.1428,3.57632,4.33813,2.58294,0.00075,0.08936,0.00044,9e-05,3.71062,4.59377,2.29331,0.009934,0.009934,0.009934
10,106.547,3.5032,4.33626,2.55083,0.0009,0.13617,0.00051,0.00013,3.81419,6.97662,2.38647,0.00992575,0.00992575,0.00992575
11,116.698,3.44977,4.27726,2.5175,0.00186,0.11489,0.00124,0.00029,3.65446,4.40791,2.42409,0.0099175,0.0099175,0.0099175
12,127.199,3.42419,4.20857,2.51652,0.00141,0.21489,0.00099,0.00025,4.07737,8.2709,2.5699,0.00990925,0.00990925,0.00990925
13,137.252,3.40506,4.213,2.48935,0.00076,0.00213,0.00051,9e-05,4.27682,5.23524,2.52729,0.009901,0.009901,0.009901
14,147.619,3.38796,4.17735,2.48273,0.00045,0.03404,0.00027,5e-05,4.20328,5.28015,2.5762,0.00989275,0.00989275,0.00989275
15,157.936,3.39326,4.16104,2.44868,0.00137,0.20851,0.00116,0.00028,3.83583,6.26994,2.27531,0.0098845,0.0098845,0.0098845
16,168.22,3.34848,4.13847,2.42952,0.00025,0.00851,0.00013,3e-05,4.11674,4.9968,2.66516,0.00987625,0.00987625,0.00987625
17,178.493,3.35539,4.099,2.44015,0.00188,0.25745,0.00188,0.00042,3.4434,4.32879,2.19654,0.009868,0.009868,0.009868
18,189.082,3.29657,4.09485,2.43511,0.00195,0.27872,0.00175,0.00041,3.46765,4.37648,2.27934,0.00985975,0.00985975,0.00985975
19,199.528,3.2869,4.08142,2.41333,0.00245,0.37447,0.00463,0.00098,3.29825,4.18521,2.15728,0.0098515,0.0098515,0.0098515
20,210.005,3.29158,4.00586,2.45357,0.00183,0.20426,0.00203,0.00044,3.52679,4.35885,2.27522,0.00984325,0.00984325,0.00984325
21,220.4,3.25424,4.00172,2.40819,0.01281,0.0617,0.00464,0.00096,3.33714,4.26654,2.20549,0.009835,0.009835,0.009835
22,230.658,3.20876,3.99813,2.3853,0.0018,0.26596,0.00529,0.00096,3.40374,4.50479,2.27425,0.00982675,0.00982675,0.00982675
23,241.149,3.17664,3.89875,2.38957,0.0666,0.04255,0.01462,0.0033,3.17277,4.1897,2.1667,0.0098185,0.0098185,0.0098185
24,251.849,3.2027,3.86881,2.40222,0.05482,0.03404,0.01557,0.00303,3.22233,4.09145,2.23907,0.00981025,0.00981025,0.00981025
25,262.059,3.14279,3.82116,2.36553,0.07759,0.05532,0.01948,0.00395,3.14342,3.94574,2.14953,0.009802,0.009802,0.009802
26,272.605,3.16198,3.78661,2.3679,0.1271,0.02541,0.02185,0.00435,3.12505,3.92682,2.13916,0.00979375,0.00979375,0.00979375
27,283.399,3.08905,3.74107,2.35655,0.11873,0.03404,0.0185,0.00373,3.20565,4.13398,2.19814,0.0097855,0.0097855,0.0097855
28,293.611,3.09151,3.75321,2.36601,0.08892,0.04894,0.02031,0.00552,3.13259,4.11334,2.14649,0.00977725,0.00977725,0.00977725
29,304.127,3.06798,3.71402,2.35116,0.12778,0.04681,0.02653,0.00531,3.08253,3.72652,2.15106,0.009769,0.009769,0.009769
30,314.686,3.05364,3.69875,2.34545,0.106,0.06596,0.03236,0.00626,3.07247,3.72842,2.14774,0.00976075,0.00976075,0.00976075
31,325.099,3.08009,3.6809,2.34166,0.09517,0.08936,0.03327,0.00757,3.14967,3.85326,2.20222,0.0097525,0.0097525,0.0097525
32,335.532,3.03228,3.64348,2.33743,0.00835,0.3383,0.02296,0.00537,3.1737,4.02807,2.17014,0.00974425,0.00974425,0.00974425
33,346.066,3.03052,3.6625,2.32864,0.0502,0.03191,0.01111,0.00264,3.37799,4.88098,2.24841,0.009736,0.009736,0.009736
34,356.415,2.99615,3.652,2.32939,0.0926,0.08085,0.02394,0.00572,3.08899,3.75556,2.17666,0.00972775,0.00972775,0.00972775
35,366.663,2.9808,3.60781,2.30928,0.12662,0.07872,0.03501,0.0088,3.03252,3.66796,2.15531,0.0097195,0.0097195,0.0097195
36,377.173,2.96628,3.61109,2.30152,0.10526,0.03617,0.01945,0.00401,3.32393,4.12986,2.21381,0.00971125,0.00971125,0.00971125
37,387.405,2.97485,3.6274,2.31198,0.06727,0.08298,0.02208,0.00501,3.10757,3.80015,2.1704,0.009703,0.009703,0.009703
38,397.665,2.96438,3.55716,2.30126,0.08101,0.09149,0.0261,0.00625,3.12605,4.18588,2.21323,0.00969475,0.00969475,0.00969475
39,407.864,2.96814,3.55943,2.29974,0.12484,0.10213,0.04569,0.0108,3.01143,3.60732,2.15314,0.0096865,0.0096865,0.0096865
40,418.72,2.97557,3.52719,2.28545,0.08016,0.08723,0.02672,0.00561,3.00183,3.71376,2.12521,0.00967825,0.00967825,0.00967825
41,429.235,2.95202,3.56126,2.28298,0.12469,0.11915,0.04577,0.0096,2.99429,3.6026,2.15468,0.00967,0.00967,0.00967
42,439.437,2.96805,3.55479,2.28238,0.12576,0.09149,0.04066,0.00879,3.05729,3.64209,2.16926,0.00966175,0.00966175,0.00966175
43,449.709,2.92899,3.50413,2.28099,0.10075,0.09362,0.03537,0.00809,2.97088,3.60983,2.15086,0.0096535,0.0096535,0.0096535
44,460.127,2.93707,3.50301,2.26295,0.13956,0.03617,0.03469,0.00976,3.06491,3.75801,2.20524,0.00964525,0.00964525,0.00964525
45,470.497,2.90197,3.50229,2.25873,0.12072,0.10213,0.03876,0.00886,2.99969,3.60909,2.12932,0.009637,0.009637,0.009637
46,480.782,2.91339,3.47452,2.27881,0.10548,0.08505,0.03217,0.00687,2.99637,3.6469,2.14961,0.00962875,0.00962875,0.00962875
47,491.066,2.89266,3.44401,2.24164,0.11325,0.08723,0.0378,0.00744,2.97683,3.63846,2.15764,0.0096205,0.0096205,0.0096205
48,501.308,2.90703,3.48169,2.22503,0.12415,0.11642,0.04557,0.00929,2.94793,3.58334,2.15174,0.00961225,0.00961225,0.00961225
49,511.542,2.90749,3.46561,2.27125,0.11697,0.09047,0.03805,0.00853,2.99465,3.6487,2.17853,0.009604,0.009604,0.009604
50,521.827,2.85271,3.44911,2.23858,0.09,0.08085,0.02647,0.00579,3.02729,3.63159,2.19744,0.00959575,0.00959575,0.00959575
51,532.233,2.87569,3.43792,2.23856,0.12812,0.09161,0.03986,0.00907,3.03509,3.70657,2.21223,0.0095875,0.0095875,0.0095875
52,542.458,2.89768,3.41792,2.22884,0.16845,0.1234,0.05886,0.0124,2.99634,3.61115,2.17078,0.00957925,0.00957925,0.00957925
53,552.902,2.8961,3.4589,2.25553,0.13494,0.10638,0.0373,0.00802,2.98716,3.57392,2.16722,0.009571,0.009571,0.009571
54,563.151,2.91326,3.42679,2.25428,0.12785,0.1,0.03889,0.00851,3.01242,3.61383,2.13749,0.00956275,0.00956275,0.00956275
55,573.402,2.88113,3.41049,2.23113,0.11995,0.12296,0.04749,0.01052,2.94648,3.64035,2.11443,0.0095545,0.0095545,0.0095545
56,583.605,2.84669,3.32845,2.19023,0.11648,0.07234,0.02902,0.00633,3.00231,3.63381,2.16066,0.00954625,0.00954625,0.00954625
57,593.884,2.82966,3.37627,2.21684,0.14396,0.10851,0.04946,0.0111,2.97446,3.42624,2.10313,0.009538,0.009538,0.009538
58,604.128,2.84416,3.42734,2.2154,0.15922,0.11685,0.05618,0.0132,2.92971,3.48871,2.11244,0.00952975,0.00952975,0.00952975
59,614.605,2.79842,3.33626,2.18308,0.10722,0.08936,0.03969,0.0096,2.89622,3.62877,2.12011,0.0095215,0.0095215,0.0095215
60,624.803,2.83624,3.38496,2.19875,0.1597,0.13404,0.05558,0.01344,2.98086,3.5067,2.11732,0.00951325,0.00951325,0.00951325
61,635.254,2.83256,3.33492,2.20928,0.13575,0.07021,0.03264,0.00738,3.06255,3.79809,2.19156,0.009505,0.009505,0.009505
62,645.441,2.85675,3.33334,2.20495,0.14598,0.09362,0.05495,0.01322,2.94507,3.39249,2.10458,0.00949675,0.00949675,0.00949675
63,655.676,2.81419,3.34102,2.19365,0.14814,0.10213,0.0428,0.00998,2.98387,3.59044,2.12653,0.0094885,0.0094885,0.0094885
64,666.031,2.77596,3.33168,2.19208,0.15026,0.08511,0.04305,0.0098,2.95763,3.64406,2.12728,0.00948025,0.00948025,0.00948025
65,676.291,2.7962,3.29825,2.19412,0.19563,0.11489,0.0709,0.01717,2.90575,3.35099,2.10358,0.009472,0.009472,0.009472
66,686.768,2.77991,3.30678,2.19975,0.1728,0.12553,0.06385,0.01515,2.90345,3.62371,2.18057,0.00946375,0.00946375,0.00946375
67,696.973,2.77556,3.2852,2.1823,0.17424,0.14255,0.06806,0.01648,2.91405,3.37644,2.12718,0.0094555,0.0094555,0.0094555
68,707.289,2.79797,3.2829,2.19161,0.1399,0.1617,0.05788,0.01427,2.93863,3.38129,2.15213,0.00944725,0.00944725,0.00944725
69,717.557,2.79632,3.31676,2.17597,0.17384,0.15957,0.06893,0.01614,2.85634,3.32484,2.10402,0.009439,0.009439,0.009439
70,727.751,2.73023,3.24365,2.15679,0.16994,0.12128,0.06931,0.0177,2.87374,3.3702,2.12856,0.00943075,0.00943075,0.00943075
71,738.382,2.75978,3.2771,2.15045,0.126,0.13404,0.05771,0.01422,2.87631,3.35814,2.12067,0.0094225,0.0094225,0.0094225
72,748.768,2.75606,3.25847,2.17575,0.1621,0.13617,0.0667,0.0177,2.86076,3.33268,2.10004,0.00941425,0.00941425,0.00941425
73,759.08,2.70607,3.19961,2.14095,0.12877,0.15319,0.06257,0.0149,2.84964,3.41776,2.10638,0.009406,0.009406,0.009406
74,769.523,2.71198,3.24765,2.13108,0.17732,0.14681,0.08314,0.02032,2.83555,3.3114,2.06335,0.00939775,0.00939775,0.00939775
75,779.986,2.74791,3.21463,2.16278,0.19353,0.15319,0.08009,0.02114,2.85182,3.28854,2.08749,0.0093895,0.0093895,0.0093895
76,790.484,2.73068,3.27341,2.14917,0.15605,0.1234,0.05573,0.01452,3.01597,3.55012,2.14167,0.00938125,0.00938125,0.00938125
77,800.699,2.72774,3.24562,2.15217,0.18328,0.09787,0.06157,0.01586,2.90567,3.49701,2.1341,0.009373,0.009373,0.009373
78,811.1,2.74003,3.25205,2.13574,0.18392,0.14894,0.06674,0.01578,2.87449,3.34,2.07065,0.00936475,0.00936475,0.00936475
79,821.317,2.72502,3.25811,2.14757,0.13495,0.15957,0.06692,0.01603,2.89433,3.44207,2.10611,0.0093565,0.0093565,0.0093565
80,831.616,2.67732,3.2231,2.14169,0.1292,0.11277,0.04934,0.01358,2.92941,3.48799,2.13602,0.00934825,0.00934825,0.00934825
81,841.881,2.7009,3.20417,2.15831,0.15261,0.15319,0.07692,0.01734,2.83282,3.25074,2.07643,0.00934,0.00934,0.00934
82,852.121,2.66373,3.21344,2.12394,0.16004,0.1383,0.06018,0.01541,2.87739,3.32801,2.12978,0.00933175,0.00933175,0.00933175
83,862.39,2.69904,3.19263,2.13875,0.20915,0.15745,0.09632,0.0226,2.83505,3.23193,2.0553,0.0093235,0.0093235,0.0093235
84,873.037,2.70975,3.19528,2.12429,0.20103,0.13617,0.09915,0.02484,2.79537,3.31455,2.02984,0.00931525,0.00931525,0.00931525
85,883.532,2.66152,3.15784,2.12054,0.18368,0.14171,0.09044,0.02328,2.78554,3.20264,2.05958,0.009307,0.009307,0.009307
86,893.771,2.66862,3.17582,2.10965,0.15151,0.15577,0.06871,0.01751,2.86867,3.30179,2.11521,0.00929875,0.00929875,0.00929875
87,904.048,2.6587,3.16099,2.0985,0.16837,0.17447,0.07993,0.02048,2.76929,3.24622,2.03103,0.0092905,0.0092905,0.0092905
88,914.294,2.67777,3.1776,2.11325,0.19789,0.16596,0.0945,0.02404,2.82233,3.21842,2.05055,0.00928225,0.00928225,0.00928225
89,924.582,2.64273,3.1461,2.10817,0.17168,0.17447,0.07826,0.02062,2.8402,3.23278,2.07849,0.009274,0.009274,0.009274
90,934.81,2.66566,3.16605,2.12389,0.21361,0.14681,0.09597,0.0258,2.78531,3.22981,2.07741,0.00926575,0.00926575,0.00926575
91,945.332,2.6442,3.17856,2.11696,0.18799,0.14894,0.08874,0.02292,2.77828,3.24009,2.06905,0.0092575,0.0092575,0.0092575
92,955.82,2.66646,3.1679,2.08991,0.21585,0.14894,0.11092,0.02775,2.76507,3.18283,2.06818,0.00924925,0.00924925,0.00924925
93,966.302,2.63068,3.14937,2.09602,0.15937,0.15745,0.09217,0.02551,2.83294,3.24539,2.05986,0.009241,0.009241,0.009241
94,976.811,2.62181,3.1378,2.08785,0.20713,0.14255,0.09313,0.0245,2.82845,3.23174,2.05379,0.00923275,0.00923275,0.00923275
95,986.999,2.61962,3.17347,2.10768,0.17624,0.14468,0.08699,0.0222,2.79167,3.22081,2.05769,0.0092245,0.0092245,0.0092245
96,997.209,2.61617,3.13302,2.09705,0.15879,0.13191,0.06313,0.0179,2.80133,3.26747,2.05732,0.00921625,0.00921625,0.00921625
97,1007.42,2.60489,3.13353,2.05199,0.19856,0.21064,0.09174,0.02332,2.76368,3.17919,2.05826,0.009208,0.009208,0.009208
98,1017.64,2.62348,3.12788,2.08831,0.2297,0.17321,0.10571,0.02871,2.80456,3.13079,2.05686,0.00919975,0.00919975,0.00919975
99,1028.08,2.62703,3.15903,2.09151,0.18963,0.14255,0.08538,0.0236,2.83238,3.21687,2.07842,0.0091915,0.0091915,0.0091915
100,1038.4,2.61779,3.12863,2.09331,0.20777,0.16809,0.1085,0.03135,2.7478,3.14401,2.05995,0.00918325,0.00918325,0.00918325
101,1049.01,2.62278,3.10576,2.07571,0.17687,0.15532,0.08952,0.02413,2.79485,3.19496,2.03951,0.009175,0.009175,0.009175
102,1059.47,2.60623,3.12266,2.10228,0.18744,0.18936,0.10075,0.02636,2.7899,3.20959,2.04359,0.00916675,0.00916675,0.00916675
103,1069.7,2.58767,3.06249,2.07335,0.19599,0.1617,0.10536,0.03037,2.7574,3.17541,2.04508,0.0091585,0.0091585,0.0091585
104,1079.98,2.59698,3.05335,2.06686,0.1872,0.16383,0.10337,0.02597,2.76741,3.13079,2.01972,0.00915025,0.00915025,0.00915025
105,1090.21,2.61554,3.10256,2.08896,0.26654,0.15387,0.12568,0.03351,2.77307,3.13462,2.06795,0.009142,0.009142,0.009142
106,1100.73,2.58214,3.13857,2.08462,0.26231,0.16809,0.11074,0.02832,2.747,3.18772,2.01673,0.00913375,0.00913375,0.00913375
107,1111.01,2.5475,3.07923,2.05494,0.23319,0.14894,0.11132,0.03228,2.71124,3.18465,2.04534,0.0091255,0.0091255,0.0091255
108,1121.46,2.59838,3.15026,2.08312,0.20791,0.15957,0.10058,0.02988,2.7209,3.15246,2.02807,0.00911725,0.00911725,0.00911725
109,1131.69,2.56026,3.09992,2.03355,0.21328,0.16809,0.10944,0.02998,2.72124,3.12853,2.02735,0.009109,0.009109,0.009109
110,1142.05,2.57106,3.07731,2.0534,0.21776,0.15957,0.10704,0.02846,2.70409,3.11132,2.04433,0.00910075,0.00910075,0.00910075
111,1152.46,2.59806,3.07621,2.05941,0.24052,0.19149,0.11405,0.03064,2.71126,3.14089,2.03106,0.0090925,0.0090925,0.0090925
112,1162.67,2.51945,3.07279,2.03678,0.25028,0.15319,0.10816,0.03116,2.74076,3.243,2.04308,0.00908425,0.00908425,0.00908425
113,1172.92,2.56897,3.04953,2.06104,0.20045,0.13191,0.09495,0.02551,2.81923,3.24963,2.07848,0.009076,0.009076,0.009076
114,1183.18,2.56827,3.04432,2.04495,0.20982,0.16328,0.09969,0.02776,2.7674,3.14358,2.04822,0.00906775,0.00906775,0.00906775
115,1193.47,2.5307,3.0522,2.01467,0.24507,0.14894,0.12059,0.03387,2.68306,3.11522,2.011,0.0090595,0.0090595,0.0090595
116,1203.77,2.57083,3.07089,2.03812,0.25899,0.17447,0.1205,0.03472,2.72039,3.13784,2.01369,0.00905125,0.00905125,0.00905125
117,1214.31,2.52903,3.02557,2.0539,0.17449,0.1617,0.09212,0.0267,2.77619,3.26696,2.05659,0.009043,0.009043,0.009043
118,1224.63,2.54307,3.04406,2.04766,0.22263,0.1766,0.12135,0.03433,2.69607,3.04927,1.99934,0.00903475,0.00903475,0.00903475
119,1234.94,2.51691,3.01533,2.02304,0.19179,0.14681,0.10673,0.03189,2.69626,3.12613,2.01624,0.0090265,0.0090265,0.0090265
120,1245.27,2.53648,3.02976,2.0491,0.21436,0.15319,0.12121,0.03729,2.70849,3.15421,2.00583,0.00901825,0.00901825,0.00901825
121,1255.74,2.5447,3.03153,2.0537,0.23437,0.1617,0.11866,0.03534,2.70176,3.10599,2.01292,0.00901,0.00901,0.00901
122,1266.1,2.52929,2.9916,2.01853,0.26507,0.17021,0.12259,0.03119,2.72771,3.10127,2.01764,0.00900175,0.00900175,0.00900175
123,1276.52,2.51248,3.00209,2.02487,0.19489,0.15106,0.10308,0.03096,2.72096,3.17346,2.06156,0.0089935,0.0089935,0.0089935
124,1286.7,2.50959,3.01773,2.03226,0.24173,0.17021,0.126,0.03892,2.6723,3.07539,1.98864,0.00898525,0.00898525,0.00898525
125,1297.17,2.53093,3.04439,2.02552,0.27392,0.19574,0.14124,0.03971,2.68131,3.02115,1.9649,0.008977,0.008977,0.008977
126,1307.61,2.51732,2.98358,2.00895,0.27923,0.20936,0.13891,0.03956,2.66166,3.03069,1.98989,0.00896875,0.00896875,0.00896875
127,1318,2.49681,2.98334,2.00957,0.2679,0.18936,0.13161,0.03863,2.68193,3.07524,2.00078,0.0089605,0.0089605,0.0089605
128,1328.35,2.51003,3.00628,2.01267,0.26445,0.17288,0.12489,0.03466,2.66787,3.06515,1.99512,0.00895225,0.00895225,0.00895225
129,1338.59,2.49915,2.99129,2.00873,0.28097,0.17234,0.12941,0.03555,2.70305,3.07909,2.00332,0.008944,0.008944,0.008944
130,1348.81,2.46837,2.98373,1.99813,0.20719,0.19149,0.13809,0.04242,2.65355,3.04942,1.99217,0.00893575,0.00893575,0.00893575
131,1359.25,2.4562,2.89642,1.98801,0.24393,0.18936,0.12531,0.03971,2.70819,3.09625,2.02595,0.0089275,0.0089275,0.0089275
132,1369.63,2.49253,2.915,2.01975,0.26364,0.17872,0.13697,0.03933,2.65442,3.06339,1.96793,0.00891925,0.00891925,0.00891925
133,1379.82,2.46177,2.9979,2.01627,0.25865,0.19149,0.14346,0.0391,2.62185,2.97408,1.97514,0.008911,0.008911,0.008911
134,1390.19,2.47608,2.9675,1.99924,0.23505,0.19362,0.12335,0.03726,2.61393,3.0207,2.00183,0.00890275,0.00890275,0.00890275
135,1400.48,2.45919,2.93836,2.00814,0.31143,0.19787,0.1575,0.04335,2.66674,2.99631,2.0057,0.0088945,0.0088945,0.0088945
136,1411.14,2.487,2.96477,1.99431,0.23783,0.1766,0.13821,0.03801,2.63393,3.03981,1.98758,0.00888625,0.00888625,0.00888625
137,1421.46,2.43567,2.94076,1.96951,0.29053,0.18936,0.14293,0.04232,2.6259,2.97265,1.9669,0.008878,0.008878,0.008878
138,1431.78,2.45069,2.95874,1.98438,0.24533,0.2,0.14083,0.03916,2.65382,2.98705,1.99949,0.00886975,0.00886975,0.00886975
139,1442.07,2.45276,2.88471,1.9907,0.26769,0.21489,0.14383,0.04304,2.6876,3.04817,2.00256,0.0088615,0.0088615,0.0088615
140,1452.31,2.45237,2.95178,1.98979,0.32065,0.19787,0.16404,0.0454,2.59869,2.96966,1.95972,0.00885325,0.00885325,0.00885325
141,1462.83,2.43306,2.87717,1.97774,0.29364,0.19362,0.14802,0.04348,2.66621,2.95619,2.00705,0.008845,0.008845,0.008845
142,1473.12,2.43293,2.87402,1.97831,0.29562,0.19824,0.15871,0.04554,2.61892,2.93187,1.97247,0.00883675,0.00883675,0.00883675
143,1483.48,2.41365,2.90192,1.96007,0.2864,0.19149,0.15982,0.04766,2.63514,2.94512,1.99707,0.0088285,0.0088285,0.0088285
144,1494.04,2.4315,2.85366,1.97972,0.30843,0.2,0.17157,0.04977,2.62289,2.9416,1.98421,0.00882025,0.00882025,0.00882025
145,1504.47,2.4071,2.84631,1.97632,0.24558,0.20213,0.13995,0.04031,2.60531,2.94922,1.98294,0.008812,0.008812,0.008812
146,1514.7,2.45616,2.90815,1.99399,0.35392,0.20638,0.18614,0.05211,2.60196,2.88195,1.97791,0.00880375,0.00880375,0.00880375
147,1525.13,2.41116,2.88043,1.96916,0.36315,0.2014,0.16422,0.05015,2.63125,2.90431,1.97811,0.0087955,0.0087955,0.0087955
148,1535.35,2.39122,2.85658,1.97351,0.28822,0.2,0.16626,0.04954,2.59241,2.91352,1.97432,0.00878725,0.00878725,0.00878725
149,1545.54,2.43334,2.87639,1.95504,0.30628,0.20851,0.1718,0.05086,2.57774,2.90256,1.97711,0.008779,0.008779,0.008779
150,1555.74,2.423,2.83621,1.96408,0.34874,0.22128,0.18713,0.06129,2.60042,2.84748,1.94699,0.00877075,0.00877075,0.00877075
151,1566.17,2.41605,2.81673,1.97174,0.24259,0.21277,0.159,0.04843,2.58372,2.89929,1.97289,0.0087625,0.0087625,0.0087625
152,1576.38,2.40425,2.85694,1.93214,0.31947,0.21702,0.16822,0.0501,2.57907,2.92167,1.9497,0.00875425,0.00875425,0.00875425
153,1586.61,2.35286,2.79091,1.9365,0.27987,0.2234,0.17325,0.05122,2.55626,2.85313,1.95038,0.008746,0.008746,0.008746
154,1596.92,2.39088,2.84034,1.95603,0.2935,0.20851,0.1777,0.05444,2.6165,2.91181,1.96763,0.00873775,0.00873775,0.00873775
155,1607.17,2.39931,2.83385,1.94025,0.30472,0.19362,0.17433,0.05425,2.58952,2.92523,1.95962,0.0087295,0.0087295,0.0087295
156,1617.42,2.38397,2.79498,1.94664,0.37802,0.22766,0.20378,0.06632,2.57945,2.835,1.95867,0.00872125,0.00872125,0.00872125
157,1627.86,2.37973,2.77753,1.94353,0.33189,0.2383,0.19349,0.06108,2.54382,2.79977,1.94585,0.008713,0.008713,0.008713
158,1638.06,2.37937,2.78044,1.94282,0.3845,0.21702,0.19782,0.06229,2.56763,2.82888,1.96347,0.00870475,0.00870475,0.00870475
159,1648.32,2.38745,2.7648,1.9381,0.32148,0.21915,0.17774,0.05389,2.54338,2.8912,1.95523,0.0086965,0.0086965,0.0086965
160,1658.68,2.40121,2.81867,1.95908,0.29572,0.21915,0.1714,0.05662,2.57098,2.88341,1.96,0.00868825,0.00868825,0.00868825
161,1668.96,2.37341,2.81074,1.93276,0.32395,0.19574,0.17568,0.04926,2.57971,2.88591,1.95068,0.00868,0.00868,0.00868
162,1679.26,2.38257,2.75962,1.93318,0.31779,0.22766,0.18597,0.0616,2.57017,2.82515,1.95338,0.00867175,0.00867175,0.00867175
163,1689.57,2.36307,2.75056,1.9058,0.27377,0.25587,0.18449,0.06162,2.54696,2.79889,1.9447,0.0086635,0.0086635,0.0086635
164,1699.78,2.33284,2.71049,1.92544,0.27219,0.21915,0.18531,0.05753,2.55809,2.80522,1.95652,0.00865525,0.00865525,0.00865525
165,1709.98,2.35211,2.7514,1.95777,0.32767,0.22979,0.20439,0.06432,2.50309,2.81005,1.92835,0.008647,0.008647,0.008647
166,1720.13,2.35464,2.74572,1.91976,0.33808,0.20851,0.20019,0.06458,2.54274,2.8515,1.95122,0.00863875,0.00863875,0.00863875
167,1730.51,2.35982,2.73803,1.92061,0.32143,0.2383,0.20197,0.06913,2.5106,2.7862,1.91844,0.0086305,0.0086305,0.0086305
168,1740.93,2.31924,2.71597,1.92906,0.31025,0.24213,0.19071,0.06108,2.51723,2.80562,1.939,0.00862225,0.00862225,0.00862225
169,1751.11,2.36107,2.71174,1.92252,0.29121,0.24681,0.19569,0.06429,2.52961,2.75717,1.9218,0.008614,0.008614,0.008614
170,1761.28,2.34001,2.68458,1.91537,0.3294,0.24894,0.19548,0.06438,2.55738,2.75056,1.96882,0.00860575,0.00860575,0.00860575
171,1771.48,2.31277,2.651,1.91521,0.38742,0.25532,0.24439,0.08013,2.5358,2.72871,1.93496,0.0085975,0.0085975,0.0085975
172,1781.97,2.32796,2.72259,1.91051,0.34108,0.23404,0.20244,0.06934,2.50253,2.72821,1.93519,0.00858925,0.00858925,0.00858925
173,1792.18,2.30924,2.67845,1.87856,0.34094,0.24468,0.19824,0.0644,2.47835,2.69878,1.89645,0.008581,0.008581,0.008581
174,1802.37,2.29578,2.66245,1.87479,0.33303,0.25957,0.22962,0.08006,2.50187,2.68552,1.91424,0.00857275,0.00857275,0.00857275
175,1812.58,2.30392,2.65658,1.91537,0.34167,0.23617,0.20387,0.07358,2.46696,2.74963,1.90692,0.0085645,0.0085645,0.0085645
176,1822.82,2.28995,2.6448,1.89157,0.43615,0.24255,0.23024,0.07498,2.51312,2.75146,1.90901,0.00855625,0.00855625,0.00855625
177,1833.05,2.30096,2.65009,1.88465,0.38365,0.25532,0.24126,0.08181,2.49954,2.69399,1.91113,0.008548,0.008548,0.008548
178,1843.49,2.26158,2.64063,1.87691,0.3683,0.23617,0.20726,0.0688,2.50307,2.68887,1.9244,0.00853975,0.00853975,0.00853975
179,1853.69,2.27444,2.61085,1.87574,0.40755,0.24681,0.23092,0.0718,2.54623,2.74097,1.95486,0.0085315,0.0085315,0.0085315
180,1863.9,2.27691,2.63182,1.87032,0.36766,0.25608,0.23276,0.07943,2.44894,2.63348,1.90332,0.00852325,0.00852325,0.00852325
181,1874.1,2.28723,2.59253,1.88218,0.42109,0.24681,0.22645,0.07986,2.49516,2.6554,1.91881,0.008515,0.008515,0.008515
182,1884.56,2.25225,2.57332,1.8658,0.45257,0.27447,0.2726,0.09567,2.44358,2.60473,1.89568,0.00850675,0.00850675,0.00850675
183,1895.03,2.25236,2.53626,1.86396,0.40546,0.28085,0.26129,0.09136,2.44217,2.64874,1.89161,0.0084985,0.0084985,0.0084985
184,1905.25,2.23824,2.57096,1.83894,0.37298,0.25957,0.23504,0.08234,2.46331,2.66923,1.89458,0.00849025,0.00849025,0.00849025
185,1915.57,2.27179,2.55474,1.85148,0.38545,0.2766,0.25976,0.0917,2.45544,2.63372,1.91274,0.008482,0.008482,0.008482
186,1925.93,2.2458,2.56932,1.86024,0.37028,0.24468,0.2274,0.08003,2.48526,2.66034,1.90688,0.00847375,0.00847375,0.00847375
187,1936.12,2.25784,2.5803,1.85622,0.39011,0.2681,0.24938,0.0856,2.4377,2.61933,1.87967,0.0084655,0.0084655,0.0084655
188,1946.43,2.22275,2.51447,1.82365,0.36981,0.25532,0.2457,0.08054,2.50656,2.6389,1.92379,0.00845725,0.00845725,0.00845725
189,1956.66,2.23386,2.53195,1.85322,0.38047,0.26383,0.25202,0.08753,2.42843,2.58281,1.87722,0.008449,0.008449,0.008449
190,1966.93,2.2494,2.56521,1.85914,0.41667,0.2617,0.26438,0.097,2.39974,2.5295,1.85626,0.00844075,0.00844075,0.00844075
191,1977.6,2.21696,2.53715,1.83698,0.40525,0.2617,0.26022,0.09373,2.435,2.58458,1.85358,0.0084325,0.0084325,0.0084325
192,1987.83,2.2176,2.48937,1.82033,0.44925,0.24468,0.25735,0.09523,2.40857,2.61367,1.86073,0.00842425,0.00842425,0.00842425
193,1998.07,2.21428,2.47163,1.83003,0.43488,0.27506,0.27159,0.10138,2.39962,2.56814,1.85164,0.008416,0.008416,0.008416
194,2008.53,2.2082,2.49663,1.82009,0.36562,0.29787,0.26002,0.09536,2.37601,2.5656,1.85452,0.00840775,0.00840775,0.00840775
195,2018.73,2.25904,2.53079,1.83446,0.51932,0.27447,0.30211,0.10446,2.40539,2.5331,1.8616,0.0083995,0.0083995,0.0083995
196,2029.31,2.20593,2.50539,1.83184,0.36563,0.31148,0.28202,0.09889,2.41714,2.49048,1.86319,0.00839125,0.00839125,0.00839125
197,2039.52,2.19901,2.46557,1.82558,0.47716,0.29362,0.29529,0.10291,2.3787,2.52205,1.85703,0.008383,0.008383,0.008383
198,2049.75,2.19427,2.46041,1.81004,0.43579,0.29149,0.30153,0.10804,2.34448,2.46814,1.84027,0.00837475,0.00837475,0.00837475
199,2060.24,2.19802,2.45534,1.81902,0.42581,0.31915,0.29385,0.10836,2.37886,2.46815,1.82572,0.0083665,0.0083665,0.0083665
200,2070.42,2.1857,2.45531,1.8148,0.43819,0.29149,0.30534,0.11028,2.34413,2.49447,1.84581,0.00835825,0.00835825,0.00835825
201,2080.94,2.16785,2.41515,1.8115,0.49642,0.3,0.3078,0.11515,2.33545,2.47913,1.86524,0.00835,0.00835,0.00835
202,2091.5,2.15499,2.39984,1.81213,0.41782,0.30426,0.30524,0.11327,2.3611,2.45972,1.86004,0.00834175,0.00834175,0.00834175
203,2101.98,2.17089,2.4358,1.81264,0.43515,0.30426,0.29335,0.11121,2.32288,2.44751,1.83027,0.0083335,0.0083335,0.0083335
204,2112.18,2.18746,2.43191,1.80202,0.43126,0.30638,0.3131,0.11331,2.33801,2.39482,1.80938,0.00832525,0.00832525,0.00832525
205,2122.38,2.12696,2.35802,1.79551,0.43416,0.35745,0.32869,0.12155,2.32432,2.37773,1.81928,0.008317,0.008317,0.008317
206,2132.99,2.1414,2.37411,1.78648,0.50947,0.31702,0.33647,0.12516,2.37524,2.3564,1.82338,0.00830875,0.00830875,0.00830875
207,2143.68,2.12251,2.38126,1.78192,0.45505,0.33191,0.33241,0.12052,2.37999,2.42472,1.85621,0.0083005,0.0083005,0.0083005
208,2154.39,2.1019,2.30215,1.74603,0.52474,0.32418,0.33764,0.12184,2.34343,2.43839,1.83617,0.00829225,0.00829225,0.00829225
209,2164.8,2.10324,2.33803,1.78142,0.53402,0.31702,0.35737,0.13218,2.23804,2.3665,1.77007,0.008284,0.008284,0.008284
210,2175.61,2.15646,2.36892,1.78282,0.48673,0.32766,0.34226,0.12577,2.29569,2.38547,1.78791,0.00827575,0.00827575,0.00827575
211,2186.48,2.13057,2.35486,1.77503,0.57548,0.33457,0.36435,0.13183,2.32292,2.31414,1.79099,0.0082675,0.0082675,0.0082675
212,2196.94,2.12185,2.33298,1.77965,0.48188,0.32766,0.33212,0.12563,2.33458,2.38553,1.82472,0.00825925,0.00825925,0.00825925
213,2207.12,2.10153,2.31558,1.75119,0.5011,0.32128,0.35048,0.13288,2.30449,2.31102,1.79793,0.008251,0.008251,0.008251
214,2217.41,2.11296,2.3236,1.75942,0.48714,0.35745,0.35197,0.13503,2.293,2.3063,1.7958,0.00824275,0.00824275,0.00824275
215,2227.97,2.08666,2.2698,1.73535,0.53201,0.3362,0.35098,0.13457,2.34033,2.36548,1.82791,0.0082345,0.0082345,0.0082345
216,2238.19,2.10464,2.29323,1.76581,0.47639,0.35106,0.35912,0.13776,2.28936,2.29844,1.79588,0.00822625,0.00822625,0.00822625
217,2248.65,2.07554,2.25208,1.75923,0.47503,0.36383,0.36028,0.1425,2.29386,2.33661,1.80656,0.008218,0.008218,0.008218
218,2259.2,2.14191,2.31639,1.77517,0.53244,0.36101,0.36919,0.14185,2.27233,2.21483,1.75526,0.00820975,0.00820975,0.00820975
219,2269.81,2.05882,2.25713,1.73003,0.48606,0.35532,0.38215,0.14563,2.26597,2.23857,1.78976,0.0082015,0.0082015,0.0082015
220,2280.28,2.1099,2.32868,1.74971,0.49541,0.39149,0.37503,0.1471,2.26215,2.25642,1.77507,0.00819325,0.00819325,0.00819325
221,2291.09,2.06369,2.22415,1.74048,0.52364,0.35957,0.3762,0.14481,2.26054,2.24015,1.75968,0.008185,0.008185,0.008185
222,2301.29,2.09625,2.26564,1.74435,0.49739,0.36005,0.36855,0.1415,2.27287,2.24982,1.78758,0.00817675,0.00817675,0.00817675
223,2311.51,2.05169,2.18142,1.72422,0.56046,0.39149,0.39743,0.14967,2.26862,2.2086,1.77813,0.0081685,0.0081685,0.0081685
224,2322.23,2.08815,2.25227,1.74456,0.52357,0.39748,0.40181,0.1599,2.20093,2.18166,1.75712,0.00816025,0.00816025,0.00816025
225,2332.77,2.02686,2.21915,1.73557,0.5523,0.35745,0.3876,0.1557,2.21285,2.17482,1.73877,0.008152,0.008152,0.008152
226,2342.97,2.07748,2.26437,1.72885,0.56742,0.36383,0.40562,0.15909,2.21434,2.19893,1.74834,0.00814375,0.00814375,0.00814375
227,2353.19,2.03022,2.15395,1.7109,0.51022,0.36809,0.39355,0.15674,2.22773,2.20595,1.756,0.0081355,0.0081355,0.0081355
228,2363.66,2.03804,2.17661,1.6922,0.59438,0.35106,0.39664,0.16255,2.20721,2.20231,1.73957,0.00812725,0.00812725,0.00812725
229,2374.21,2.02313,2.22912,1.70549,0.51687,0.39607,0.4099,0.17279,2.20822,2.14541,1.72995,0.008119,0.008119,0.008119
230,2384.69,2.01621,2.15518,1.69972,0.51482,0.41702,0.4218,0.17724,2.17443,2.15002,1.72519,0.00811075,0.00811075,0.00811075
231,2395.24,2.06276,2.21899,1.7083,0.53394,0.41702,0.42372,0.17215,2.19358,2.14905,1.725,0.0081025,0.0081025,0.0081025
232,2405.59,2.03077,2.15026,1.68575,0.53752,0.3766,0.40434,0.16758,2.18887,2.18797,1.72418,0.00809425,0.00809425,0.00809425
233,2415.82,2.02689,2.15337,1.69222,0.55164,0.40851,0.43473,0.17592,2.16367,2.09374,1.70721,0.008086,0.008086,0.008086
234,2426.46,1.99644,2.11192,1.69074,0.59485,0.36809,0.42281,0.17515,2.17602,2.08838,1.71778,0.00807775,0.00807775,0.00807775
235,2436.91,2.01203,2.15068,1.68552,0.55674,0.38298,0.40709,0.16517,2.18767,2.13939,1.69176,0.0080695,0.0080695,0.0080695
236,2447.23,2.00628,2.11631,1.67526,0.57773,0.41702,0.44835,0.18132,2.15996,2.09312,1.67589,0.00806125,0.00806125,0.00806125
237,2457.75,2.01693,2.14463,1.68742,0.57049,0.41064,0.43483,0.17835,2.1683,2.1521,1.69564,0.008053,0.008053,0.008053
238,2468.26,2.01841,2.09651,1.67222,0.54783,0.41277,0.46826,0.19331,2.15439,2.08344,1.69247,0.00804475,0.00804475,0.00804475
239,2478.73,1.93439,2.05839,1.65537,0.62066,0.41077,0.46555,0.1946,2.14838,2.04174,1.71059,0.0080365,0.0080365,0.0080365
240,2489.26,1.96496,2.12186,1.66584,0.63149,0.40426,0.45602,0.19242,2.14004,2.0876,1.68464,0.00802825,0.00802825,0.00802825
241,2499.63,1.99429,2.10885,1.67144,0.61137,0.40213,0.47322,0.19813,2.11273,2.0397,1.64791,0.00802,0.00802,0.00802
242,2510.07,1.99054,2.09131,1.66969,0.66296,0.43617,0.48035,0.19531,2.11715,2.05106,1.65246,0.00801175,0.00801175,0.00801175
243,2520.29,1.99182,2.08196,1.69065,0.59262,0.44043,0.47955,0.20142,2.08758,2.02524,1.64651,0.0080035,0.0080035,0.0080035
244,2531.04,1.95287,2.04101,1.63974,0.65623,0.38723,0.45795,0.18116,2.12886,2.10186,1.67707,0.00799525,0.00799525,0.00799525
245,2541.39,1.99723,2.11424,1.67123,0.55188,0.43759,0.46267,0.19657,2.1173,2.08406,1.65614,0.007987,0.007987,0.007987
246,2551.63,1.95307,2.03459,1.65489,0.61084,0.4208,0.47538,0.20464,2.11313,2.08499,1.66578,0.00797875,0.00797875,0.00797875
247,2562.41,1.94631,2.02317,1.64904,0.61897,0.41475,0.47151,0.21046,2.07481,2.01109,1.65145,0.0079705,0.0079705,0.0079705
248,2572.91,1.96688,2.07897,1.6648,0.63729,0.42243,0.49027,0.21491,2.09618,2.01653,1.6693,0.00796225,0.00796225,0.00796225
249,2583.36,1.96318,2.01039,1.63973,0.59995,0.43191,0.47557,0.20948,2.09604,2.03888,1.65694,0.007954,0.007954,0.007954
250,2593.67,1.93882,2.00477,1.64398,0.64909,0.46047,0.49296,0.21251,2.09523,2.01667,1.63879,0.00794575,0.00794575,0.00794575
251,2603.88,1.93097,2.00931,1.6393,0.67454,0.44255,0.50751,0.22243,2.07144,1.94775,1.62587,0.0079375,0.0079375,0.0079375
252,2614.35,1.93345,2.01728,1.66416,0.60375,0.4617,0.49214,0.23162,2.0409,1.9608,1.62562,0.00792925,0.00792925,0.00792925
253,2625.15,1.9381,2.00514,1.62949,0.6424,0.4617,0.51458,0.22736,2.07523,1.92935,1.63565,0.007921,0.007921,0.007921
254,2635.36,1.9289,2.00392,1.64774,0.68566,0.46875,0.52888,0.24618,2.02263,1.91633,1.59928,0.00791275,0.00791275,0.00791275
255,2645.8,1.93359,1.97215,1.63305,0.70124,0.44255,0.52423,0.2448,2.03506,1.90327,1.59295,0.0079045,0.0079045,0.0079045
256,2656.27,1.90117,1.95835,1.62455,0.67878,0.47872,0.52849,0.23266,2.07229,1.90641,1.6242,0.00789625,0.00789625,0.00789625
257,2666.57,1.92285,1.98813,1.63158,0.63853,0.48511,0.5139,0.23941,2.02441,1.95818,1.59405,0.007888,0.007888,0.007888
258,2676.78,1.91053,1.95994,1.62563,0.63729,0.49362,0.53116,0.23808,2.01805,1.92033,1.60134,0.00787975,0.00787975,0.00787975
259,2687.12,1.92088,1.99895,1.63381,0.66886,0.46809,0.52111,0.22382,2.05605,1.93707,1.62158,0.0078715,0.0078715,0.0078715
260,2697.54,1.91588,1.94019,1.60633,0.67886,0.44043,0.5048,0.22002,2.0199,1.98018,1.60073,0.00786325,0.00786325,0.00786325
261,2707.74,1.85888,1.89343,1.58199,0.60867,0.44014,0.4956,0.22411,1.99219,1.94905,1.59333,0.007855,0.007855,0.007855
262,2717.97,1.92898,1.95804,1.6171,0.62953,0.4766,0.5267,0.22807,2.02808,1.8863,1.60008,0.00784675,0.00784675,0.00784675
263,2728.27,1.88815,1.94333,1.59111,0.69289,0.50426,0.56353,0.24876,2.01407,1.85487,1.59513,0.0078385,0.0078385,0.0078385
264,2738.75,1.87725,1.9013,1.57957,0.69426,0.49764,0.5653,0.25347,1.99913,1.85575,1.58233,0.00783025,0.00783025,0.00783025
265,2749.23,1.90283,1.95239,1.60888,0.72768,0.47188,0.56463,0.25419,2.0036,1.85782,1.6036,0.007822,0.007822,0.007822
266,2760,1.85344,1.87453,1.57712,0.67922,0.48723,0.54443,0.24223,2.03891,1.88229,1.61415,0.00781375,0.00781375,0.00781375
267,2770.62,1.88366,1.90546,1.60473,0.65256,0.48353,0.5442,0.23875,2.04832,1.85009,1.59658,0.0078055,0.0078055,0.0078055
268,2780.89,1.88766,1.92952,1.58288,0.64671,0.47517,0.5327,0.24407,2.02777,1.86337,1.58166,0.00779725,0.00779725,0.00779725
269,2791.12,1.87384,1.9232,1.60125,0.72764,0.47234,0.54288,0.24198,1.98325,1.84275,1.57954,0.007789,0.007789,0.007789
270,2801.41,1.83883,1.87706,1.5723,0.71758,0.45952,0.54527,0.25069,1.98024,1.85619,1.56823,0.00778075,0.00778075,0.00778075
271,2811.61,1.85643,1.86462,1.58084,0.65223,0.47447,0.53165,0.2478,2.01313,1.88945,1.57106,0.0077725,0.0077725,0.0077725
272,2821.79,1.84764,1.8483,1.58302,0.72684,0.4766,0.54922,0.25199,1.98533,1.83554,1.577,0.00776425,0.00776425,0.00776425
273,2832.14,1.85324,1.90169,1.59193,0.71238,0.50062,0.57024,0.26236,1.9445,1.78679,1.55194,0.007756,0.007756,0.007756
274,2842.71,1.83979,1.83518,1.55955,0.72422,0.46809,0.5669,0.26017,1.97151,1.82749,1.56368,0.00774775,0.00774775,0.00774775
275,2852.96,1.85378,1.87554,1.56352,0.72604,0.44894,0.55689,0.26325,1.94263,1.85214,1.55584,0.0077395,0.0077395,0.0077395
276,2863.21,1.84839,1.84482,1.56507,0.73276,0.49005,0.56722,0.26807,1.96662,1.81904,1.56615,0.00773125,0.00773125,0.00773125
277,2873.69,1.83153,1.81528,1.55144,0.70917,0.47212,0.55737,0.26433,1.98765,1.81762,1.57308,0.007723,0.007723,0.007723
278,2883.88,1.84228,1.85284,1.55646,0.71776,0.47447,0.56901,0.27168,1.9777,1.83765,1.55342,0.00771475,0.00771475,0.00771475
279,2894.33,1.86648,1.85415,1.56016,0.71746,0.48085,0.57895,0.2751,2.00075,1.79572,1.55328,0.0077065,0.0077065,0.0077065
280,2904.89,1.82823,1.80387,1.56535,0.7843,0.47872,0.5779,0.27036,1.97018,1.76075,1.56401,0.00769825,0.00769825,0.00769825
281,2915.13,1.82544,1.81634,1.55168,0.77383,0.50638,0.60114,0.28126,1.95724,1.77384,1.54652,0.00769,0.00769,0.00769
282,2925.77,1.83499,1.82374,1.57679,0.73423,0.49362,0.5713,0.27631,1.94711,1.84218,1.55172,0.00768175,0.00768175,0.00768175
283,2935.98,1.83886,1.82287,1.55562,0.70371,0.49574,0.57978,0.27125,1.93821,1.83084,1.55379,0.0076735,0.0076735,0.0076735
284,2946.35,1.82142,1.82369,1.54297,0.67145,0.52128,0.58604,0.28391,1.93821,1.74979,1.55125,0.00766525,0.00766525,0.00766525
285,2956.77,1.81967,1.82451,1.555,0.75968,0.49149,0.5941,0.29209,1.93581,1.74804,1.56901,0.007657,0.007657,0.007657
286,2967.2,1.80642,1.79509,1.55011,0.75495,0.54043,0.61148,0.29555,1.92947,1.71957,1.54268,0.00764875,0.00764875,0.00764875
287,2977.67,1.78942,1.77137,1.5325,0.71327,0.53191,0.59722,0.28445,1.96379,1.77992,1.55887,0.0076405,0.0076405,0.0076405
288,2987.87,1.84658,1.84321,1.56519,0.74479,0.5383,0.61958,0.29464,1.94025,1.68516,1.52153,0.00763225,0.00763225,0.00763225
289,2998.29,1.77285,1.75387,1.5419,0.77137,0.51684,0.60292,0.28687,1.93344,1.69186,1.53081,0.007624,0.007624,0.007624
290,3008.61,1.79882,1.77645,1.55325,0.74335,0.50851,0.5871,0.2708,1.99675,1.76992,1.56019,0.00761575,0.00761575,0.00761575
291,3018.92,1.80946,1.78905,1.53387,0.73007,0.49787,0.58629,0.27021,1.96907,1.78983,1.53987,0.0076075,0.0076075,0.0076075
292,3029.6,1.77242,1.75133,1.51695,0.64816,0.55745,0.6044,0.29017,1.9175,1.7111,1.51738,0.00759925,0.00759925,0.00759925
293,3039.78,1.80467,1.75702,1.52289,0.71209,0.51702,0.59226,0.28093,1.93018,1.71903,1.5288,0.007591,0.007591,0.007591
294,3050.12,1.76238,1.71879,1.51918,0.68909,0.51489,0.5892,0.28941,1.88392,1.71326,1.50896,0.00758275,0.00758275,0.00758275
295,3060.62,1.76598,1.67838,1.50735,0.73574,0.52979,0.5978,0.29172,1.90056,1.73659,1.50559,0.0075745,0.0075745,0.0075745
296,3070.84,1.79994,1.77475,1.54545,0.73752,0.54681,0.61122,0.30027,1.87852,1.6636,1.52311,0.00756625,0.00756625,0.00756625
297,3081.26,1.78667,1.78604,1.52861,0.66797,0.54468,0.59281,0.29542,1.8833,1.69184,1.51827,0.007558,0.007558,0.007558
298,3091.74,1.75735,1.71805,1.50976,0.70654,0.52128,0.60975,0.3002,1.88132,1.68709,1.50488,0.00754975,0.00754975,0.00754975
299,3102.12,1.77047,1.72809,1.51489,0.71276,0.55435,0.62107,0.30547,1.87104,1.67339,1.48878,0.0075415,0.0075415,0.0075415
300,3112.63,1.75903,1.72685,1.51795,0.69734,0.56375,0.62084,0.30997,1.86568,1.66024,1.49291,0.00753325,0.00753325,0.00753325
301,3123.49,1.77722,1.75047,1.5227,0.79234,0.51915,0.62666,0.31253,1.88485,1.67594,1.49248,0.007525,0.007525,0.007525
302,3134,1.76242,1.68551,1.49911,0.75843,0.54043,0.63207,0.3152,1.8766,1.66872,1.48916,0.00751675,0.00751675,0.00751675
303,3144.46,1.76175,1.69298,1.51705,0.76498,0.54468,0.64004,0.32377,1.85463,1.63944,1.49318,0.0075085,0.0075085,0.0075085
304,3154.89,1.76631,1.71029,1.50295,0.73008,0.55248,0.6341,0.32541,1.84431,1.64161,1.49567,0.00750025,0.00750025,0.00750025
305,3165.44,1.76362,1.7138,1.50352,0.72081,0.56031,0.63465,0.31623,1.8365,1.62183,1.4787,0.007492,0.007492,0.007492
306,3175.84,1.74597,1.67703,1.47858,0.79813,0.55319,0.64949,0.32912,1.83112,1.61105,1.46298,0.00748375,0.00748375,0.00748375
307,3186.21,1.76596,1.70492,1.50497,0.82954,0.52128,0.63944,0.32499,1.84665,1.60964,1.47812,0.0074755,0.0074755,0.0074755
308,3196.49,1.73373,1.64996,1.48351,0.75425,0.55505,0.63726,0.32423,1.84142,1.61696,1.46811,0.00746725,0.00746725,0.00746725
309,3206.65,1.7579,1.6904,1.50723,0.76274,0.55106,0.62814,0.31596,1.89609,1.64186,1.49767,0.007459,0.007459,0.007459
310,3216.84,1.75598,1.68509,1.49638,0.68173,0.58335,0.64348,0.32578,1.85962,1.57442,1.47178,0.00745075,0.00745075,0.00745075
311,3227.43,1.73527,1.65122,1.4864,0.73136,0.54448,0.63943,0.32543,1.80675,1.59684,1.47051,0.0074425,0.0074425,0.0074425
312,3237.7,1.73592,1.66935,1.50276,0.74509,0.54681,0.65358,0.32424,1.81428,1.5693,1.48906,0.00743425,0.00743425,0.00743425
313,3247.91,1.73137,1.66405,1.4911,0.7122,0.57234,0.64567,0.33542,1.77164,1.56225,1.45667,0.007426,0.007426,0.007426
314,3258.34,1.71008,1.63845,1.46412,0.80217,0.55745,0.66482,0.34029,1.82905,1.55228,1.45722,0.00741775,0.00741775,0.00741775
315,3268.93,1.72239,1.63177,1.4868,0.73303,0.55532,0.64018,0.33405,1.80157,1.5705,1.46318,0.0074095,0.0074095,0.0074095
316,3279.12,1.69075,1.61703,1.46947,0.70519,0.57001,0.65003,0.3363,1.80981,1.57635,1.44906,0.00740125,0.00740125,0.00740125
317,3289.33,1.73345,1.59858,1.47754,0.78419,0.55106,0.64678,0.32878,1.84203,1.59415,1.46273,0.007393,0.007393,0.007393
318,3299.67,1.70578,1.63567,1.4829,0.79383,0.58167,0.67652,0.34496,1.83863,1.54356,1.47053,0.00738475,0.00738475,0.00738475
319,3310.12,1.71242,1.62812,1.46861,0.80751,0.58723,0.67274,0.34537,1.82574,1.58455,1.46427,0.0073765,0.0073765,0.0073765
320,3320.65,1.72311,1.63619,1.47581,0.77236,0.56596,0.66508,0.33683,1.82585,1.5558,1.46899,0.00736825,0.00736825,0.00736825
321,3330.96,1.68951,1.58189,1.45606,0.78203,0.57252,0.66629,0.3427,1.81902,1.55758,1.45316,0.00736,0.00736,0.00736
322,3341.51,1.70003,1.61935,1.46021,0.78121,0.58298,0.67335,0.34114,1.82296,1.53078,1.45517,0.00735175,0.00735175,0.00735175
323,3351.82,1.71023,1.57851,1.46427,0.78137,0.57032,0.6671,0.34698,1.8062,1.53791,1.43181,0.0073435,0.0073435,0.0073435
324,3362.28,1.69244,1.60337,1.46107,0.76536,0.58298,0.67259,0.34943,1.79644,1.54581,1.4455,0.00733525,0.00733525,0.00733525
325,3372.98,1.69648,1.60329,1.47107,0.8112,0.5766,0.67149,0.34974,1.80818,1.56174,1.45792,0.007327,0.007327,0.007327
326,3383.37,1.68219,1.56878,1.45379,0.80639,0.57234,0.67823,0.35679,1.77828,1.55996,1.4435,0.00731875,0.00731875,0.00731875
327,3393.84,1.68161,1.59656,1.45538,0.78079,0.6,0.68555,0.35679,1.75703,1.53361,1.42481,0.0073105,0.0073105,0.0073105
328,3404.47,1.65913,1.56475,1.4362,0.76382,0.59574,0.68171,0.35566,1.78407,1.51617,1.43402,0.00730225,0.00730225,0.00730225
329,3414.78,1.6853,1.57163,1.43489,0.80096,0.60791,0.69376,0.36612,1.76992,1.49196,1.41547,0.007294,0.007294,0.007294
330,3425.22,1.66807,1.55876,1.44432,0.7576,0.59184,0.67761,0.35872,1.75893,1.51386,1.40708,0.00728575,0.00728575,0.00728575
331,3435.44,1.69575,1.60024,1.46074,0.76419,0.59787,0.68507,0.36199,1.78736,1.49602,1.41807,0.0072775,0.0072775,0.0072775
332,3446.35,1.65582,1.54066,1.43517,0.79497,0.60426,0.69413,0.36754,1.78184,1.47192,1.41182,0.00726925,0.00726925,0.00726925
333,3456.83,1.66239,1.57423,1.45259,0.82831,0.60213,0.70894,0.37348,1.75406,1.46855,1.39892,0.007261,0.007261,0.007261
334,3467.28,1.66475,1.57043,1.4416,0.8359,0.5961,0.70489,0.37364,1.75614,1.44477,1.39664,0.00725275,0.00725275,0.00725275
335,3477.8,1.69951,1.59187,1.4384,0.79179,0.59787,0.70013,0.37326,1.74406,1.42575,1.4152,0.0072445,0.0072445,0.0072445
336,3488.17,1.68175,1.58001,1.4394,0.82607,0.60638,0.70753,0.37225,1.76107,1.43232,1.41253,0.00723625,0.00723625,0.00723625
337,3498.58,1.66507,1.57617,1.44698,0.7815,0.61277,0.70716,0.37546,1.76964,1.43703,1.40041,0.007228,0.007228,0.007228
338,3509.23,1.66291,1.52692,1.43805,0.78174,0.62128,0.71115,0.3849,1.75177,1.41863,1.38788,0.00721975,0.00721975,0.00721975
339,3519.6,1.62753,1.49972,1.42082,0.81337,0.60213,0.71268,0.37896,1.75339,1.43036,1.38903,0.0072115,0.0072115,0.0072115
340,3529.8,1.66414,1.5389,1.44267,0.7899,0.60638,0.70373,0.37811,1.76248,1.43086,1.40853,0.00720325,0.00720325,0.00720325
341,3540.06,1.67015,1.53884,1.43637,0.79527,0.61489,0.70681,0.3827,1.74855,1.43122,1.39561,0.007195,0.007195,0.007195
342,3550.76,1.62418,1.53299,1.43093,0.84605,0.61489,0.71753,0.3856,1.73053,1.40081,1.38939,0.00718675,0.00718675,0.00718675
343,3561.18,1.65738,1.54713,1.43684,0.80861,0.61915,0.71973,0.38785,1.73772,1.40265,1.39238,0.0071785,0.0071785,0.0071785
344,3571.61,1.64001,1.49545,1.41603,0.77977,0.62529,0.70927,0.38648,1.72573,1.41958,1.38851,0.00717025,0.00717025,0.00717025
345,3582.16,1.65707,1.50746,1.42077,0.80445,0.61915,0.71337,0.37856,1.75441,1.41407,1.39282,0.007162,0.007162,0.007162
346,3592.45,1.63431,1.51909,1.41925,0.78469,0.62979,0.71488,0.37563,1.74748,1.40106,1.39783,0.00715375,0.00715375,0.00715375
347,3602.69,1.62617,1.51673,1.41751,0.78898,0.62049,0.70199,0.3708,1.76181,1.43187,1.3994,0.0071455,0.0071455,0.0071455
348,3613.13,1.64485,1.52047,1.42121,0.79969,0.61915,0.70897,0.38352,1.75863,1.40925,1.40923,0.00713725,0.00713725,0.00713725
349,3623.44,1.61836,1.48192,1.40907,0.77512,0.62553,0.71362,0.38513,1.7277,1.39914,1.38637,0.007129,0.007129,0.007129
350,3633.63,1.6439,1.50127,1.4041,0.80338,0.61277,0.71776,0.39287,1.6781,1.38162,1.37211,0.00712075,0.00712075,0.00712075
351,3644.27,1.64587,1.53269,1.42523,0.79088,0.62766,0.72444,0.38696,1.6911,1.38196,1.37497,0.0071125,0.0071125,0.0071125
352,3655.1,1.62689,1.48664,1.40787,0.8019,0.63735,0.72463,0.3883,1.69353,1.36623,1.37979,0.00710425,0.00710425,0.00710425
353,3665.33,1.65214,1.52426,1.40766,0.79799,0.63037,0.71794,0.37996,1.71963,1.39538,1.37402,0.007096,0.007096,0.007096
354,3675.61,1.58984,1.47261,1.39756,0.81609,0.61702,0.71665,0.38755,1.72073,1.38241,1.37885,0.00708775,0.00708775,0.00708775
355,3686.35,1.57563,1.42367,1.3873,0.79134,0.62979,0.71394,0.38764,1.70163,1.38322,1.38217,0.0070795,0.0070795,0.0070795
356,3697.82,1.60351,1.42995,1.38851,0.82465,0.61064,0.72044,0.40681,1.65829,1.36107,1.36072,0.00707125,0.00707125,0.00707125
357,3708.25,1.59927,1.4719,1.39634,0.84538,0.60851,0.72442,0.40681,1.63611,1.35437,1.36067,0.007063,0.007063,0.007063
358,3718.69,1.60081,1.47199,1.39293,0.82497,0.63178,0.728,0.40438,1.66339,1.3603,1.35218,0.00705475,0.00705475,0.00705475
359,3729.02,1.63308,1.48233,1.40426,0.77044,0.62979,0.72107,0.39093,1.71439,1.37646,1.36986,0.0070465,0.0070465,0.0070465
360,3740.1,1.60752,1.45031,1.39568,0.82205,0.62903,0.72727,0.39162,1.7075,1.36926,1.37259,0.00703825,0.00703825,0.00703825
361,3750.42,1.59712,1.45925,1.40377,0.86076,0.6182,0.72824,0.39619,1.6997,1.37262,1.36785,0.00703,0.00703,0.00703
362,3760.64,1.56343,1.40426,1.38345,0.81817,0.6383,0.73863,0.41843,1.66152,1.34301,1.35919,0.00702175,0.00702175,0.00702175
363,3772.33,1.60093,1.44202,1.38786,0.80433,0.6234,0.72974,0.40689,1.6456,1.33569,1.34898,0.0070135,0.0070135,0.0070135
364,3783.25,1.57901,1.43136,1.395,0.80579,0.62553,0.73555,0.42058,1.63046,1.31071,1.33622,0.00700525,0.00700525,0.00700525
365,3793.86,1.59536,1.45014,1.39618,0.78322,0.64572,0.72636,0.4121,1.63602,1.34952,1.34763,0.006997,0.006997,0.006997
366,3804.08,1.55895,1.4558,1.38715,0.79307,0.65532,0.73199,0.40538,1.63691,1.33658,1.34439,0.00698875,0.00698875,0.00698875
367,3814.31,1.60187,1.43184,1.3836,0.79714,0.66884,0.74393,0.41398,1.63794,1.31426,1.34539,0.0069805,0.0069805,0.0069805
368,3824.49,1.57002,1.41665,1.3882,0.81797,0.64681,0.74556,0.42502,1.62794,1.30157,1.34591,0.00697225,0.00697225,0.00697225
369,3834.95,1.57193,1.39382,1.36686,0.85743,0.62698,0.73834,0.41332,1.63598,1.33761,1.34165,0.006964,0.006964,0.006964
370,3845.1,1.55868,1.41074,1.36487,0.86649,0.63519,0.74784,0.41862,1.62946,1.29989,1.33271,0.00695575,0.00695575,0.00695575
371,3855.24,1.57847,1.42254,1.39036,0.82136,0.64255,0.73929,0.42584,1.62016,1.30563,1.32577,0.0069475,0.0069475,0.0069475
372,3865.76,1.5817,1.41449,1.36573,0.83092,0.63191,0.74467,0.42524,1.60598,1.29391,1.32139,0.00693925,0.00693925,0.00693925
373,3875.96,1.57367,1.40096,1.37557,0.84255,0.63758,0.7505,0.4316,1.60857,1.28566,1.31993,0.006931,0.006931,0.006931
374,3886.43,1.56854,1.41887,1.36464,0.82269,0.65155,0.74354,0.42138,1.62659,1.27737,1.30726,0.00692275,0.00692275,0.00692275
375,3896.64,1.5454,1.40341,1.36788,0.83518,0.65532,0.74585,0.41993,1.63568,1.30021,1.32185,0.0069145,0.0069145,0.0069145
376,3907.04,1.55346,1.40528,1.37129,0.83159,0.64089,0.74949,0.42551,1.64334,1.29206,1.31545,0.00690625,0.00690625,0.00690625
377,3917.23,1.5461,1.36619,1.35022,0.82725,0.6419,0.75119,0.42677,1.6308,1.27666,1.31646,0.006898,0.006898,0.006898
378,3927.52,1.58408,1.44234,1.39156,0.85326,0.61489,0.75007,0.42593,1.61579,1.29768,1.31388,0.00688975,0.00688975,0.00688975
379,3937.91,1.55164,1.38959,1.34855,0.85519,0.6534,0.75952,0.43504,1.57933,1.26643,1.30084,0.0068815,0.0068815,0.0068815
380,3948.57,1.54926,1.3638,1.36372,0.80222,0.67447,0.75293,0.43508,1.59469,1.27585,1.30479,0.00687325,0.00687325,0.00687325
381,3958.76,1.53427,1.3628,1.35229,0.80568,0.67046,0.75525,0.43385,1.60652,1.26859,1.30379,0.006865,0.006865,0.006865
382,3969.1,1.55976,1.3903,1.36554,0.80766,0.67234,0.75301,0.42709,1.623,1.26586,1.31657,0.00685675,0.00685675,0.00685675
383,3979.55,1.53157,1.37243,1.36179,0.79695,0.68298,0.75805,0.43305,1.61282,1.27668,1.31188,0.0068485,0.0068485,0.0068485
384,3989.77,1.53391,1.38488,1.35829,0.83963,0.64681,0.7583,0.4331,1.61064,1.28183,1.31837,0.00684025,0.00684025,0.00684025
385,4000.09,1.54474,1.38699,1.36388,0.85302,0.64468,0.75737,0.43084,1.58629,1.2831,1.30772,0.006832,0.006832,0.006832
386,4010.27,1.51459,1.35452,1.32733,0.78714,0.68723,0.76379,0.44094,1.5836,1.26769,1.29909,0.00682375,0.00682375,0.00682375
387,4020.74,1.52576,1.32967,1.32801,0.81732,0.67447,0.76492,0.43837,1.58924,1.27541,1.29198,0.0068155,0.0068155,0.0068155
388,4031.05,1.51225,1.32532,1.34399,0.8231,0.68309,0.76265,0.44357,1.58861,1.26587,1.30395,0.00680725,0.00680725,0.00680725
389,4041.6,1.52384,1.35802,1.33938,0.81487,0.68723,0.76269,0.44623,1.58069,1.23721,1.29305,0.006799,0.006799,0.006799
390,4052.01,1.51973,1.33942,1.35006,0.84964,0.6766,0.76477,0.44748,1.60027,1.22904,1.29128,0.00679075,0.00679075,0.00679075
391,4062.64,1.5206,1.34562,1.34575,0.85386,0.67128,0.76469,0.44905,1.57867,1.23032,1.28176,0.0067825,0.0067825,0.0067825
392,4073.19,1.51951,1.34771,1.33227,0.84599,0.67786,0.77158,0.45252,1.55868,1.218,1.27827,0.00677425,0.00677425,0.00677425
393,4083.68,1.52423,1.34152,1.34744,0.84106,0.68085,0.77007,0.44569,1.56923,1.20684,1.28509,0.006766,0.006766,0.006766
394,4093.87,1.52836,1.34329,1.35103,0.81369,0.67872,0.76309,0.44385,1.58252,1.23283,1.29041,0.00675775,0.00675775,0.00675775
395,4104.31,1.52556,1.34804,1.34227,0.83837,0.67318,0.76483,0.45231,1.5628,1.22655,1.28628,0.0067495,0.0067495,0.0067495
396,4114.49,1.50585,1.2931,1.31534,0.83426,0.65532,0.7651,0.44648,1.57061,1.22907,1.28661,0.00674125,0.00674125,0.00674125
397,4124.71,1.50795,1.30258,1.31779,0.86775,0.67008,0.76877,0.45435,1.53068,1.22092,1.28145,0.006733,0.006733,0.006733
398,4135.32,1.49645,1.30124,1.32368,0.87059,0.6617,0.77809,0.46256,1.54561,1.20896,1.28874,0.00672475,0.00672475,0.00672475
399,4145.71,1.48137,1.30905,1.32469,0.86955,0.66383,0.78137,0.46393,1.54976,1.20409,1.27813,0.0067165,0.0067165,0.0067165
400,4156.17,1.51399,1.31157,1.32486,0.83132,0.6921,0.77646,0.46196,1.52822,1.21019,1.26509,0.00670825,0.00670825,0.00670825
401,4166.53,1.52492,1.35088,1.33168,0.84987,0.68652,0.78056,0.46148,1.53772,1.19771,1.27054,0.0067,0.0067,0.0067
402,4176.71,1.53726,1.36524,1.35403,0.80792,0.707,0.78379,0.46687,1.5373,1.18235,1.28534,0.00669175,0.00669175,0.00669175
403,4187.15,1.47631,1.28542,1.324,0.85331,0.69362,0.78823,0.4664,1.54271,1.18628,1.29235,0.0066835,0.0066835,0.0066835
404,4197.57,1.48851,1.3035,1.33096,0.83624,0.69536,0.78318,0.46635,1.53873,1.1913,1.28562,0.00667525,0.00667525,0.00667525
405,4207.73,1.47988,1.2965,1.31082,0.87202,0.68298,0.78206,0.46449,1.52182,1.19596,1.28168,0.006667,0.006667,0.006667
406,4217.9,1.49165,1.3349,1.33108,0.86765,0.68345,0.78381,0.45731,1.53447,1.20945,1.28085,0.00665875,0.00665875,0.00665875
407,4228.05,1.5053,1.33113,1.33154,0.88542,0.68936,0.782,0.46247,1.52666,1.18831,1.27255,0.0066505,0.0066505,0.0066505
408,4238.24,1.48241,1.29584,1.31882,0.87203,0.68143,0.78149,0.46185,1.53399,1.19635,1.27657,0.00664225,0.00664225,0.00664225
409,4248.39,1.5016,1.30759,1.33084,0.87598,0.67447,0.78452,0.46497,1.53223,1.19247,1.27425,0.006634,0.006634,0.006634
410,4258.58,1.48219,1.30051,1.31106,0.8891,0.68234,0.78832,0.46748,1.52638,1.19609,1.27421,0.00662575,0.00662575,0.00662575
411,4269.15,1.46592,1.29263,1.31647,0.87284,0.70102,0.79017,0.46749,1.52476,1.19116,1.26978,0.0066175,0.0066175,0.0066175
412,4279.56,1.4751,1.30451,1.31343,0.8363,0.71739,0.78926,0.46351,1.54288,1.18566,1.28274,0.00660925,0.00660925,0.00660925
413,4290.18,1.48773,1.30371,1.32285,0.86714,0.70851,0.79516,0.47323,1.52605,1.16383,1.27876,0.006601,0.006601,0.006601
414,4301.31,1.46926,1.26295,1.29582,0.87351,0.70525,0.79887,0.47373,1.53334,1.15753,1.27994,0.00659275,0.00659275,0.00659275
415,4311.75,1.49504,1.29934,1.32032,0.85512,0.72839,0.7948,0.4704,1.52248,1.15013,1.26283,0.0065845,0.0065845,0.0065845
416,4321.94,1.50249,1.29193,1.33075,0.85778,0.71064,0.79378,0.47185,1.50764,1.14509,1.24963,0.00657625,0.00657625,0.00657625
417,4332.17,1.47123,1.27702,1.30526,0.87147,0.70638,0.79992,0.47527,1.51071,1.11478,1.25435,0.006568,0.006568,0.006568
418,4343.53,1.45413,1.27334,1.30979,0.85265,0.71408,0.80288,0.47675,1.50187,1.10993,1.25223,0.00655975,0.00655975,0.00655975
419,4354.11,1.45233,1.24458,1.3065,0.82727,0.71064,0.79714,0.47203,1.50892,1.13309,1.25604,0.0065515,0.0065515,0.0065515
420,4364.35,1.45906,1.2464,1.29874,0.88567,0.67872,0.79655,0.47394,1.50851,1.13885,1.25288,0.00654325,0.00654325,0.00654325
421,4374.93,1.47554,1.28748,1.31526,0.86897,0.69149,0.79951,0.48279,1.48642,1.11425,1.25234,0.006535,0.006535,0.006535
422,4386.7,1.4716,1.27959,1.30211,0.85938,0.70216,0.80292,0.48228,1.48579,1.12605,1.24799,0.00652675,0.00652675,0.00652675
423,4397.07,1.4459,1.24609,1.29672,0.82329,0.71702,0.79687,0.4843,1.47703,1.14549,1.24257,0.0065185,0.0065185,0.0065185
424,4407.69,1.4826,1.27033,1.31056,0.89068,0.67609,0.8014,0.49079,1.47864,1.12092,1.24386,0.00651025,0.00651025,0.00651025
425,4418.21,1.45056,1.26179,1.30898,0.85534,0.70452,0.79925,0.48794,1.47571,1.10385,1.24894,0.006502,0.006502,0.006502
426,4428.48,1.44334,1.24189,1.30081,0.8802,0.68784,0.80175,0.48655,1.48088,1.11329,1.24731,0.00649375,0.00649375,0.00649375
427,4438.8,1.44569,1.25162,1.30435,0.8748,0.71489,0.81036,0.48734,1.48412,1.09516,1.24384,0.0064855,0.0064855,0.0064855
428,4449.17,1.44481,1.215,1.2877,0.836,0.72128,0.80978,0.48761,1.48036,1.09125,1.24719,0.00647725,0.00647725,0.00647725
429,4459.4,1.46144,1.2458,1.29554,0.83588,0.71519,0.80431,0.48893,1.47823,1.10607,1.24807,0.006469,0.006469,0.006469
430,4469.57,1.46409,1.26809,1.28967,0.86941,0.72241,0.79865,0.4883,1.46947,1.12062,1.24192,0.00646075,0.00646075,0.00646075
431,4479.84,1.44905,1.24552,1.29675,0.85419,0.69798,0.7957,0.4861,1.47809,1.12753,1.235,0.0064525,0.0064525,0.0064525
432,4490.16,1.43337,1.23701,1.28458,0.83526,0.72274,0.80136,0.48587,1.47183,1.1224,1.23697,0.00644425,0.00644425,0.00644425
433,4500.31,1.43543,1.24097,1.30895,0.86909,0.72553,0.80982,0.48744,1.44846,1.12183,1.22974,0.006436,0.006436,0.006436
434,4510.48,1.43448,1.23208,1.29545,0.86273,0.72766,0.81403,0.4885,1.45433,1.10847,1.2276,0.00642775,0.00642775,0.00642775
435,4520.71,1.45168,1.2441,1.2923,0.8772,0.72956,0.81417,0.49097,1.46492,1.11571,1.22181,0.0064195,0.0064195,0.0064195
436,4531.23,1.38983,1.19776,1.27192,0.86839,0.71064,0.81383,0.49018,1.47527,1.10438,1.22905,0.00641125,0.00641125,0.00641125
437,4541.42,1.44747,1.23224,1.28757,0.8659,0.74187,0.81744,0.49519,1.4712,1.08794,1.22395,0.006403,0.006403,0.006403
438,4552.2,1.43991,1.22534,1.28728,0.87857,0.71489,0.82329,0.4973,1.47076,1.0871,1.22164,0.00639475,0.00639475,0.00639475
439,4562.63,1.43401,1.21771,1.27167,0.85967,0.74043,0.8235,0.49828,1.47402,1.07613,1.2286,0.0063865,0.0063865,0.0063865
440,4573.1,1.43729,1.23726,1.28351,0.88584,0.70851,0.8174,0.50057,1.47451,1.09091,1.2267,0.00637825,0.00637825,0.00637825
441,4583.52,1.44675,1.24618,1.2945,0.86876,0.73239,0.8181,0.49911,1.47733,1.09826,1.22798,0.00637,0.00637,0.00637
442,4593.72,1.40274,1.1806,1.27373,0.88684,0.73404,0.82229,0.50012,1.4741,1.08687,1.22863,0.00636175,0.00636175,0.00636175
443,4604.15,1.43653,1.212,1.28813,0.87442,0.74894,0.8229,0.50102,1.4645,1.0706,1.21645,0.0063535,0.0063535,0.0063535
444,4614.73,1.42273,1.18923,1.26979,0.88481,0.71915,0.82548,0.49703,1.46174,1.07236,1.21575,0.00634525,0.00634525,0.00634525
445,4625.98,1.40914,1.19888,1.26278,0.86257,0.7345,0.81973,0.49475,1.45076,1.08649,1.22089,0.006337,0.006337,0.006337
446,4636.26,1.41416,1.20541,1.27142,0.79487,0.76596,0.81453,0.4946,1.44846,1.09578,1.21628,0.00632875,0.00632875,0.00632875
447,4646.42,1.39905,1.19309,1.27493,0.8423,0.7387,0.81514,0.50137,1.44573,1.07344,1.21508,0.0063205,0.0063205,0.0063205
448,4656.56,1.44566,1.22504,1.29052,0.83755,0.7383,0.8163,0.50576,1.44079,1.07811,1.21459,0.00631225,0.00631225,0.00631225
449,4667.72,1.41313,1.17047,1.26683,0.83935,0.75532,0.8249,0.50819,1.42998,1.05459,1.19998,0.006304,0.006304,0.006304
450,4679.4,1.41053,1.20623,1.27598,0.83686,0.75307,0.82218,0.50837,1.42892,1.05107,1.20111,0.00629575,0.00629575,0.00629575
451,4689.84,1.41594,1.19875,1.26415,0.86723,0.7383,0.8226,0.51192,1.43256,1.04702,1.19491,0.0062875,0.0062875,0.0062875
452,4700.32,1.42083,1.2019,1.28077,0.86613,0.74681,0.82725,0.50953,1.44499,1.06038,1.19768,0.00627925,0.00627925,0.00627925
453,4711.44,1.3932,1.1786,1.27161,0.86997,0.7402,0.83215,0.51218,1.43976,1.04616,1.20307,0.006271,0.006271,0.006271
454,4721.86,1.41751,1.20545,1.27248,0.88733,0.74043,0.82997,0.5138,1.41702,1.05227,1.19599,0.00626275,0.00626275,0.00626275
455,4732.26,1.38823,1.18608,1.26571,0.90783,0.73347,0.83424,0.52047,1.40034,1.04583,1.19,0.0062545,0.0062545,0.0062545
456,4743.19,1.38761,1.18822,1.26677,0.89158,0.74043,0.83479,0.51957,1.40202,1.04251,1.19063,0.00624625,0.00624625,0.00624625
457,4754.52,1.38831,1.17808,1.27104,0.90603,0.71798,0.8366,0.5264,1.38844,1.02724,1.18233,0.006238,0.006238,0.006238
458,4764.94,1.40225,1.16506,1.26621,0.88989,0.7383,0.83778,0.52145,1.40219,1.01662,1.17652,0.00622975,0.00622975,0.00622975
459,4775.12,1.43359,1.18431,1.28023,0.87658,0.72979,0.83414,0.5202,1.40091,1.02489,1.17548,0.0062215,0.0062215,0.0062215
460,4785.3,1.42696,1.19882,1.28065,0.89388,0.73483,0.83454,0.51654,1.41954,1.04429,1.18057,0.00621325,0.00621325,0.00621325
461,4795.76,1.39282,1.17319,1.26101,0.90828,0.71277,0.82826,0.51332,1.43267,1.05631,1.18912,0.006205,0.006205,0.006205
462,4805.93,1.3908,1.15897,1.26036,0.91394,0.71277,0.83191,0.51384,1.42209,1.05144,1.18364,0.00619675,0.00619675,0.00619675
463,4816.13,1.41307,1.20064,1.27167,0.8515,0.74468,0.82695,0.5136,1.41343,1.05898,1.18057,0.0061885,0.0061885,0.0061885
464,4826.59,1.37558,1.15058,1.24159,0.87186,0.7383,0.82585,0.51246,1.41649,1.05463,1.17746,0.00618025,0.00618025,0.00618025
465,4837.1,1.35575,1.15127,1.25537,0.89675,0.73914,0.83235,0.51854,1.41444,1.04059,1.1792,0.006172,0.006172,0.006172
466,4847.28,1.3847,1.17317,1.25264,0.88103,0.74894,0.8418,0.52301,1.4077,1.03343,1.18123,0.00616375,0.00616375,0.00616375
467,4857.45,1.40411,1.17582,1.26854,0.86784,0.75449,0.83814,0.53042,1.38992,1.03309,1.1751,0.0061555,0.0061555,0.0061555
468,4867.89,1.37266,1.13083,1.24325,0.87474,0.75745,0.83622,0.53384,1.37565,1.02186,1.16439,0.00614725,0.00614725,0.00614725
469,4878.34,1.3949,1.18066,1.26205,0.87337,0.74894,0.83775,0.53177,1.37405,1.01104,1.16301,0.006139,0.006139,0.006139
470,4888.5,1.37641,1.15779,1.25475,0.86785,0.75454,0.84259,0.5335,1.35694,0.99338,1.16172,0.00613075,0.00613075,0.00613075
471,4899.07,1.38846,1.16957,1.25556,0.87729,0.75319,0.84238,0.53576,1.35948,1.00795,1.1639,0.0061225,0.0061225,0.0061225
472,4909.5,1.36204,1.14627,1.2351,0.87812,0.75319,0.84036,0.53068,1.36097,1.00418,1.16498,0.00611425,0.00611425,0.00611425
473,4919.8,1.36287,1.13027,1.25038,0.86238,0.7383,0.83517,0.53166,1.37391,1.00203,1.17209,0.006106,0.006106,0.006106
474,4929.98,1.33323,1.11474,1.23032,0.88857,0.72958,0.83923,0.53121,1.37372,0.99059,1.17237,0.00609775,0.00609775,0.00609775
475,4940.12,1.38997,1.15454,1.24365,0.88186,0.72553,0.83835,0.52784,1.37984,0.99316,1.16835,0.0060895,0.0060895,0.0060895
476,4950.3,1.37577,1.14839,1.24839,0.87785,0.72766,0.83862,0.52711,1.38189,0.99867,1.16097,0.00608125,0.00608125,0.00608125
477,4960.53,1.36146,1.1365,1.23872,0.88222,0.7331,0.84063,0.52393,1.39591,1.00834,1.1616,0.006073,0.006073,0.006073
478,4970.71,1.3484,1.13045,1.2329,0.88134,0.75319,0.84301,0.52768,1.39066,0.99805,1.16382,0.00606475,0.00606475,0.00606475
479,4980.87,1.35922,1.12765,1.23373,0.87951,0.75532,0.84445,0.52468,1.38429,0.99215,1.169,0.0060565,0.0060565,0.0060565
480,4991.14,1.37596,1.15692,1.2579,0.89928,0.7617,0.84721,0.52968,1.36711,0.99503,1.16451,0.00604825,0.00604825,0.00604825
481,5001.35,1.37817,1.12881,1.23186,0.91363,0.74043,0.85033,0.5358,1.36829,0.99326,1.16388,0.00604,0.00604,0.00604
482,5011.76,1.39022,1.16106,1.24401,0.88569,0.75532,0.84391,0.5306,1.37493,0.99994,1.16521,0.00603175,0.00603175,0.00603175
483,5021.94,1.375,1.14437,1.25742,0.88464,0.76383,0.84589,0.53576,1.38182,1.01139,1.17018,0.0060235,0.0060235,0.0060235
484,5032.1,1.34845,1.12753,1.24334,0.87896,0.74043,0.84361,0.53089,1.37991,1.01261,1.16667,0.00601525,0.00601525,0.00601525
485,5042.4,1.35541,1.1001,1.23794,0.88278,0.76809,0.85155,0.53388,1.38668,0.9937,1.17128,0.006007,0.006007,0.006007
486,5052.59,1.34678,1.12047,1.23174,0.91438,0.74988,0.8538,0.53211,1.40116,1.00384,1.17264,0.00599875,0.00599875,0.00599875
487,5062.84,1.35095,1.11717,1.23207,0.8956,0.75106,0.85311,0.53116,1.3987,1.00041,1.17233,0.0059905,0.0059905,0.0059905
488,5073.29,1.35954,1.1295,1.23753,0.90254,0.74894,0.85004,0.53186,1.39343,0.99907,1.16271,0.00598225,0.00598225,0.00598225
489,5083.45,1.34759,1.09283,1.2142,0.89711,0.74894,0.84754,0.53076,1.38119,0.99506,1.15587,0.005974,0.005974,0.005974
490,5093.62,1.3466,1.11836,1.22812,0.87842,0.7617,0.85276,0.53479,1.37395,0.9763,1.15214,0.00596575,0.00596575,0.00596575
491,5103.83,1.35735,1.11688,1.22963,0.88893,0.76809,0.85387,0.54041,1.36305,0.96788,1.15144,0.0059575,0.0059575,0.0059575
492,5114.26,1.36335,1.12856,1.23639,0.88266,0.77021,0.85692,0.54468,1.34619,0.9575,1.14967,0.00594925,0.00594925,0.00594925
493,5124.69,1.34666,1.09825,1.22859,0.87209,0.79362,0.85583,0.55427,1.33118,0.95748,1.14643,0.005941,0.005941,0.005941
494,5135.12,1.348,1.10112,1.23062,0.86804,0.79149,0.85544,0.5496,1.3429,0.95607,1.14624,0.00593275,0.00593275,0.00593275
495,5145.29,1.35471,1.1158,1.24191,0.89414,0.75478,0.85299,0.54761,1.35276,0.95897,1.14273,0.0059245,0.0059245,0.0059245
496,5155.43,1.34779,1.11294,1.22912,0.87374,0.78035,0.85606,0.54701,1.3527,0.96302,1.13818,0.00591625,0.00591625,0.00591625
497,5165.58,1.33224,1.08997,1.23237,0.87345,0.77833,0.85528,0.55327,1.3528,0.96116,1.13831,0.005908,0.005908,0.005908
498,5175.89,1.35597,1.11607,1.22298,0.85267,0.78085,0.85249,0.54749,1.35785,0.96505,1.14109,0.00589975,0.00589975,0.00589975
499,5186.08,1.34465,1.10293,1.21378,0.89917,0.74894,0.85277,0.54576,1.35723,0.9707,1.1476,0.0058915,0.0058915,0.0058915
500,5196.25,1.33132,1.07432,1.21739,0.92843,0.74527,0.85391,0.54481,1.35723,0.98117,1.15328,0.00588325,0.00588325,0.00588325
501,5206.42,1.3414,1.1151,1.22586,0.89636,0.76383,0.8534,0.54845,1.35047,0.98787,1.15116,0.005875,0.005875,0.005875
502,5216.73,1.34247,1.10236,1.21779,0.87671,0.77872,0.85106,0.54465,1.35322,0.9833,1.15302,0.00586675,0.00586675,0.00586675
503,5227.18,1.33311,1.08372,1.21804,0.8743,0.76956,0.8509,0.54436,1.34937,0.97851,1.15057,0.0058585,0.0058585,0.0058585
504,5237.34,1.34943,1.09538,1.22835,0.8748,0.77305,0.85243,0.54973,1.34919,0.97326,1.14987,0.00585025,0.00585025,0.00585025
505,5247.5,1.3099,1.07409,1.21149,0.88639,0.7617,0.85194,0.55865,1.34608,0.96892,1.14724,0.005842,0.005842,0.005842
506,5257.99,1.31765,1.07761,1.20695,0.88237,0.77872,0.85328,0.55758,1.33929,0.96571,1.14573,0.00583375,0.00583375,0.00583375
507,5268.25,1.28988,1.05073,1.20783,0.87795,0.78298,0.8514,0.54894,1.34173,0.96492,1.15175,0.0058255,0.0058255,0.0058255
508,5278.42,1.3184,1.08767,1.21487,0.88911,0.78085,0.84836,0.54946,1.34685,0.96986,1.15094,0.00581725,0.00581725,0.00581725
509,5288.7,1.3121,1.06073,1.20215,0.89435,0.75957,0.84608,0.54868,1.34597,0.97114,1.15106,0.005809,0.005809,0.005809
510,5299.04,1.33497,1.07483,1.21708,0.88321,0.77234,0.84532,0.54548,1.3442,0.97964,1.14942,0.00580075,0.00580075,0.00580075
511,5309.39,1.34552,1.07903,1.22136,0.88922,0.76383,0.84784,0.54191,1.35063,0.97573,1.15162,0.0057925,0.0057925,0.0057925
512,5319.67,1.30139,1.05311,1.1932,0.86389,0.78325,0.84756,0.54525,1.34869,0.9601,1.14828,0.00578425,0.00578425,0.00578425
513,5329.86,1.33966,1.08406,1.21679,0.86172,0.78511,0.85142,0.54585,1.34609,0.96392,1.14322,0.005776,0.005776,0.005776
514,5340.05,1.31905,1.06096,1.21036,0.89,0.75747,0.85229,0.54689,1.34682,0.96802,1.13973,0.00576775,0.00576775,0.00576775
515,5350.28,1.296,1.03566,1.19828,0.8778,0.76418,0.85285,0.54572,1.33802,0.96121,1.13952,0.0057595,0.0057595,0.0057595
516,5360.5,1.31149,1.07798,1.19889,0.8774,0.77234,0.86112,0.55146,1.32499,0.95117,1.13857,0.00575125,0.00575125,0.00575125
517,5370.68,1.32659,1.07834,1.2122,0.87145,0.77889,0.86337,0.54893,1.32265,0.95537,1.13699,0.005743,0.005743,0.005743
518,5380.85,1.3345,1.07038,1.21801,0.88344,0.75795,0.86376,0.55018,1.32532,0.95463,1.13599,0.00573475,0.00573475,0.00573475
519,5390.98,1.31564,1.07221,1.21391,0.86054,0.7746,0.86316,0.55411,1.32882,0.95038,1.13769,0.0057265,0.0057265,0.0057265
520,5401.23,1.29167,1.05471,1.1995,0.88249,0.751,0.86501,0.55106,1.33495,0.94769,1.1342,0.00571825,0.00571825,0.00571825
521,5411.49,1.29047,1.03266,1.17943,0.87922,0.75896,0.86763,0.55439,1.33234,0.93868,1.13226,0.00571,0.00571,0.00571
522,5421.77,1.31647,1.06045,1.20172,0.8821,0.76408,0.86755,0.55135,1.33675,0.93584,1.13075,0.00570175,0.00570175,0.00570175
523,5432,1.28609,1.01814,1.18871,0.90804,0.75319,0.8674,0.5533,1.33359,0.9286,1.1258,0.0056935,0.0056935,0.0056935
524,5442.23,1.31233,1.05194,1.1963,0.8757,0.77948,0.86751,0.55493,1.33867,0.93295,1.13092,0.00568525,0.00568525,0.00568525
525,5452.41,1.29236,1.05691,1.1973,0.911,0.76809,0.87166,0.55777,1.32927,0.93088,1.12853,0.005677,0.005677,0.005677
526,5462.82,1.2962,1.05702,1.20336,0.93176,0.75539,0.87407,0.55917,1.32561,0.92347,1.12525,0.00566875,0.00566875,0.00566875
527,5473.42,1.31062,1.05671,1.20267,0.91857,0.76383,0.86966,0.5627,1.32252,0.92395,1.12402,0.0056605,0.0056605,0.0056605
528,5484.04,1.30511,1.04205,1.19833,0.90436,0.78465,0.87193,0.56409,1.31438,0.92548,1.12303,0.00565225,0.00565225,0.00565225
529,5494.49,1.28432,1.04516,1.18795,0.91971,0.7799,0.87563,0.56942,1.30328,0.91525,1.11838,0.005644,0.005644,0.005644
530,5504.9,1.30182,1.05125,1.21205,0.93319,0.78085,0.87705,0.57382,1.30269,0.90375,1.11747,0.00563575,0.00563575,0.00563575
531,5515.41,1.29422,1.061,1.203,0.93595,0.77872,0.88164,0.57187,1.30415,0.90276,1.11736,0.0056275,0.0056275,0.0056275
532,5525.65,1.27448,1.044,1.2005,0.93395,0.78298,0.87924,0.57224,1.31004,0.91037,1.11924,0.00561925,0.00561925,0.00561925
533,5535.84,1.28769,1.03997,1.18982,0.92398,0.7766,0.87862,0.57312,1.30166,0.90665,1.11398,0.005611,0.005611,0.005611
534,5546.18,1.29498,1.0593,1.20264,0.90041,0.78869,0.87861,0.57465,1.28884,0.90633,1.11342,0.00560275,0.00560275,0.00560275
535,5556.67,1.293,1.03241,1.18831,0.90821,0.77893,0.87978,0.57554,1.28074,0.89807,1.11006,0.0055945,0.0055945,0.0055945
536,5567.12,1.29606,1.05402,1.19476,0.91284,0.77021,0.88073,0.57375,1.27915,0.90256,1.10769,0.00558625,0.00558625,0.00558625
537,5577.33,1.28441,1.01917,1.18985,0.91211,0.78936,0.88344,0.56959,1.28933,0.90783,1.11173,0.005578,0.005578,0.005578
538,5587.54,1.25089,0.9926,1.18133,0.91764,0.78226,0.87896,0.5644,1.29592,0.91257,1.11421,0.00556975,0.00556975,0.00556975
539,5597.74,1.26543,1.04647,1.17894,0.87835,0.78723,0.87667,0.56569,1.30048,0.91759,1.11332,0.0055615,0.0055615,0.0055615
540,5607.94,1.28629,1.02304,1.18108,0.89219,0.79574,0.87596,0.56838,1.30206,0.9176,1.10974,0.00555325,0.00555325,0.00555325
541,5618.24,1.29011,1.05135,1.20031,0.89704,0.77854,0.87957,0.57127,1.28974,0.8959,1.10419,0.005545,0.005545,0.005545
542,5628.43,1.29079,1.03692,1.18573,0.89324,0.77447,0.8778,0.57507,1.28425,0.90041,1.10066,0.00553675,0.00553675,0.00553675
543,5638.72,1.27116,1.0267,1.17799,0.89774,0.78452,0.87502,0.57205,1.28532,0.9069,1.10064,0.0055285,0.0055285,0.0055285
544,5648.94,1.29839,1.04364,1.18535,0.89537,0.79149,0.88034,0.57175,1.28595,0.90289,1.10261,0.00552025,0.00552025,0.00552025
545,5659.12,1.29312,1.03313,1.1897,0.90081,0.78298,0.87931,0.57584,1.27825,0.89447,1.10164,0.005512,0.005512,0.005512
546,5669.54,1.28073,1.02019,1.19115,0.92311,0.76631,0.88126,0.57989,1.27702,0.89625,1.1023,0.00550375,0.00550375,0.00550375
547,5679.95,1.26324,1.01808,1.18186,0.87497,0.81064,0.88727,0.58279,1.26952,0.88553,1.10288,0.0054955,0.0054955,0.0054955
548,5690.35,1.27178,1.02864,1.1767,0.89848,0.79089,0.88719,0.58027,1.27726,0.88355,1.10831,0.00548725,0.00548725,0.00548725
549,5700.51,1.25724,1.00172,1.17243,0.89587,0.79574,0.88699,0.57895,1.27417,0.87486,1.11023,0.005479,0.005479,0.005479
550,5710.67,1.27592,1.02063,1.19503,0.89839,0.79011,0.88635,0.57806,1.27395,0.86959,1.11527,0.00547075,0.00547075,0.00547075
551,5720.87,1.25239,1.00094,1.1751,0.93206,0.7766,0.88616,0.57892,1.27913,0.87201,1.11542,0.0054625,0.0054625,0.0054625
552,5731.4,1.27817,1.02737,1.19855,0.93145,0.7766,0.88777,0.57364,1.28598,0.8764,1.11729,0.00545425,0.00545425,0.00545425
553,5741.62,1.25793,0.99669,1.17758,0.912,0.80638,0.88911,0.57799,1.29054,0.8838,1.11808,0.005446,0.005446,0.005446
554,5751.81,1.26814,1.02177,1.18226,0.92507,0.78799,0.88985,0.5776,1.29039,0.88297,1.11663,0.00543775,0.00543775,0.00543775
555,5762.04,1.24259,0.98591,1.18095,0.9255,0.8,0.89258,0.57929,1.28158,0.88026,1.1093,0.0054295,0.0054295,0.0054295
556,5772.33,1.25322,1.01192,1.18613,0.88601,0.81915,0.89061,0.57786,1.28515,0.88271,1.10711,0.00542125,0.00542125,0.00542125
557,5782.54,1.27821,1.02743,1.18201,0.89016,0.81041,0.88666,0.57713,1.28249,0.87951,1.10202,0.005413,0.005413,0.005413
558,5792.86,1.25065,0.99634,1.17492,0.91758,0.78167,0.88564,0.57634,1.27741,0.87821,1.10052,0.00540475,0.00540475,0.00540475
559,5803.04,1.26725,1.01639,1.18155,0.89564,0.79787,0.88679,0.58029,1.28008,0.88139,1.10156,0.0053965,0.0053965,0.0053965
560,5813.24,1.24506,0.99978,1.17954,0.92225,0.78236,0.88696,0.57878,1.27887,0.88592,1.10204,0.00538825,0.00538825,0.00538825
561,5823.43,1.26796,1.0219,1.18077,0.92483,0.78529,0.88765,0.57969,1.27698,0.88895,1.10087,0.00538,0.00538,0.00538
562,5833.73,1.24895,0.97783,1.17113,0.91011,0.78723,0.89183,0.58162,1.2786,0.89499,1.10295,0.00537175,0.00537175,0.00537175
563,5843.9,1.28595,1.02266,1.18007,0.88898,0.81489,0.88947,0.58178,1.27898,0.89383,1.09983,0.0053635,0.0053635,0.0053635
564,5854.13,1.26222,1.00057,1.17844,0.88296,0.81064,0.88782,0.58323,1.27788,0.88772,1.09905,0.00535525,0.00535525,0.00535525
565,5864.66,1.24977,0.98359,1.16982,0.90615,0.79787,0.89061,0.58233,1.27214,0.88198,1.09704,0.005347,0.005347,0.005347
566,5875.12,1.22844,0.99124,1.16425,0.89586,0.80213,0.89126,0.58211,1.27596,0.88587,1.09828,0.00533875,0.00533875,0.00533875
567,5885.34,1.25799,0.9792,1.17262,0.90204,0.78511,0.89098,0.57803,1.2805,0.89412,1.10409,0.0053305,0.0053305,0.0053305
568,5895.54,1.2615,1.01392,1.17402,0.91873,0.78085,0.89044,0.5817,1.27839,0.88796,1.10042,0.00532225,0.00532225,0.00532225
569,5905.69,1.24969,1.00114,1.17442,0.90232,0.8,0.89292,0.58469,1.27524,0.8727,1.09735,0.005314,0.005314,0.005314
570,5916.14,1.24461,0.98296,1.16662,0.88866,0.80426,0.89019,0.58124,1.27546,0.87181,1.09538,0.00530575,0.00530575,0.00530575
571,5926.33,1.24044,0.98119,1.16553,0.89357,0.79787,0.89054,0.58329,1.27413,0.86539,1.09334,0.0052975,0.0052975,0.0052975
572,5936.57,1.23804,0.98375,1.16079,0.9141,0.78085,0.89124,0.58323,1.26792,0.85902,1.09169,0.00528925,0.00528925,0.00528925
573,5946.77,1.27072,1.0199,1.17463,0.89116,0.80138,0.89253,0.58177,1.27206,0.85768,1.09322,0.005281,0.005281,0.005281
574,5956.96,1.25346,1.01685,1.16315,0.90815,0.78936,0.89486,0.58535,1.27555,0.86314,1.09389,0.00527275,0.00527275,0.00527275
575,5967.38,1.2598,1.00108,1.17,0.9149,0.78298,0.89448,0.58397,1.27848,0.86233,1.09751,0.0052645,0.0052645,0.0052645
576,5977.69,1.23846,0.99048,1.17037,0.90639,0.80346,0.8973,0.58696,1.28213,0.86136,1.10146,0.00525625,0.00525625,0.00525625
577,5988.21,1.27957,0.99908,1.16075,0.88844,0.80638,0.89771,0.58516,1.28695,0.86365,1.104,0.005248,0.005248,0.005248
578,5998.68,1.22671,0.96866,1.15716,0.90113,0.79508,0.89503,0.58368,1.2823,0.86682,1.10123,0.00523975,0.00523975,0.00523975
579,6008.93,1.25937,1.00891,1.16511,0.89289,0.81586,0.89214,0.5816,1.28461,0.86813,1.1008,0.0052315,0.0052315,0.0052315
580,6019.16,1.26359,1.0107,1.16581,0.89098,0.8173,0.8938,0.58584,1.28521,0.86785,1.09792,0.00522325,0.00522325,0.00522325
581,6029.38,1.23635,0.97881,1.15792,0.91325,0.8064,0.89736,0.58643,1.27536,0.85939,1.09316,0.005215,0.005215,0.005215
582,6039.72,1.21834,0.95457,1.15619,0.94611,0.78298,0.89779,0.59219,1.27375,0.85856,1.09292,0.00520675,0.00520675,0.00520675
583,6050.17,1.21492,0.97956,1.15334,0.95577,0.78152,0.89634,0.58959,1.27638,0.86028,1.09299,0.0051985,0.0051985,0.0051985
584,6060.35,1.23465,0.96792,1.15303,0.93072,0.80032,0.89657,0.58843,1.27517,0.8602,1.09454,0.00519025,0.00519025,0.00519025
585,6070.52,1.23633,0.99387,1.16737,0.93739,0.79641,0.89751,0.59028,1.27331,0.8604,1.0921,0.005182,0.005182,0.005182
586,6080.72,1.24132,0.98658,1.15641,0.94163,0.78936,0.897,0.5905,1.27387,0.85842,1.09083,0.00517375,0.00517375,0.00517375
587,6090.91,1.20498,0.95827,1.1532,0.9244,0.80655,0.89568,0.59378,1.26485,0.85438,1.0857,0.0051655,0.0051655,0.0051655
588,6101.5,1.22319,0.96388,1.16532,0.92643,0.81064,0.89466,0.58965,1.26919,0.85284,1.089,0.00515725,0.00515725,0.00515725
589,6111.81,1.22337,0.96474,1.1478,0.9042,0.81489,0.89447,0.58852,1.26713,0.85044,1.08898,0.005149,0.005149,0.005149
590,6122.09,1.22982,0.96837,1.15906,0.92213,0.80628,0.898,0.59147,1.26465,0.84806,1.09123,0.00514075,0.00514075,0.00514075
591,6132.23,1.22297,0.97925,1.15389,0.92074,0.80426,0.90041,0.59181,1.26148,0.84812,1.09037,0.0051325,0.0051325,0.0051325
592,6142.58,1.22309,0.95368,1.15342,0.93463,0.79098,0.89843,0.59385,1.25762,0.85111,1.09142,0.00512425,0.00512425,0.00512425
593,6153.19,1.1981,0.93157,1.14879,0.94129,0.78462,0.89976,0.59561,1.25496,0.84789,1.09224,0.005116,0.005116,0.005116
594,6163.8,1.20192,0.94449,1.15512,0.94123,0.79574,0.90176,0.59842,1.24603,0.84115,1.08585,0.00510775,0.00510775,0.00510775
595,6174.34,1.21797,0.96916,1.16003,0.92905,0.80798,0.90113,0.59871,1.24484,0.83948,1.08182,0.0050995,0.0050995,0.0050995
596,6184.78,1.19843,0.92046,1.14398,0.93272,0.81064,0.90506,0.59697,1.24309,0.83429,1.08067,0.00509125,0.00509125,0.00509125
597,6194.99,1.20296,0.94532,1.14897,0.93208,0.81277,0.90702,0.59842,1.2439,0.84113,1.08025,0.005083,0.005083,0.005083
598,6205.5,1.2268,0.95533,1.14629,0.92719,0.81915,0.90706,0.59973,1.23582,0.83633,1.07939,0.00507475,0.00507475,0.00507475
599,6215.92,1.23183,0.963,1.15078,0.95082,0.80851,0.90397,0.59755,1.23785,0.82981,1.08037,0.0050665,0.0050665,0.0050665
600,6226.1,1.2233,0.97996,1.15196,0.94374,0.8,0.90338,0.59524,1.24277,0.82868,1.08261,0.00505825,0.00505825,0.00505825
601,6236.26,1.19296,0.93742,1.13027,0.94928,0.79637,0.90441,0.59516,1.25337,0.83604,1.08708,0.00505,0.00505,0.00505
602,6246.74,1.21551,0.94779,1.14396,0.94937,0.79794,0.90288,0.59478,1.25927,0.84072,1.09045,0.00504175,0.00504175,0.00504175
603,6257.31,1.22864,0.96044,1.1514,0.95065,0.79574,0.90097,0.59738,1.26084,0.84157,1.09025,0.0050335,0.0050335,0.0050335
604,6267.97,1.21856,0.95018,1.14942,0.94735,0.79362,0.90166,0.59787,1.26045,0.8427,1.08559,0.00502525,0.00502525,0.00502525
605,6278.82,1.22528,0.95671,1.1488,0.95693,0.78511,0.90035,0.59474,1.26158,0.83847,1.08395,0.005017,0.005017,0.005017
606,6289.43,1.21623,0.9463,1.15172,0.94718,0.78511,0.90201,0.59551,1.25965,0.83404,1.08383,0.00500875,0.00500875,0.00500875
607,6299.92,1.19281,0.94851,1.14659,0.94118,0.78298,0.89863,0.5973,1.26,0.82794,1.08215,0.0050005,0.0050005,0.0050005
608,6310.32,1.1956,0.93094,1.13404,0.9278,0.79291,0.89863,0.59506,1.2632,0.82911,1.08338,0.00499225,0.00499225,0.00499225
609,6320.76,1.21594,0.94069,1.12527,0.92357,0.797,0.89889,0.60093,1.25745,0.82164,1.07888,0.004984,0.004984,0.004984
610,6331.42,1.19642,0.95699,1.13298,0.94892,0.78511,0.90001,0.6004,1.25917,0.8205,1.07805,0.00497575,0.00497575,0.00497575
611,6341.8,1.19364,0.93672,1.13397,0.94164,0.79149,0.90121,0.60187,1.25579,0.81573,1.07809,0.0049675,0.0049675,0.0049675
612,6352.46,1.2054,0.94532,1.14622,0.94901,0.79196,0.90075,0.60111,1.25219,0.81823,1.07964,0.00495925,0.00495925,0.00495925
613,6362.88,1.21293,0.94054,1.1458,0.94854,0.7844,0.90107,0.59896,1.25131,0.81907,1.08151,0.004951,0.004951,0.004951
614,6373.29,1.19592,0.91762,1.13948,0.95101,0.78473,0.90499,0.60113,1.24642,0.81883,1.08034,0.00494275,0.00494275,0.00494275
615,6384.02,1.1984,0.91935,1.13433,0.9268,0.79787,0.90522,0.60482,1.23618,0.81643,1.07669,0.0049345,0.0049345,0.0049345
616,6394.73,1.19315,0.93569,1.14397,0.90963,0.8138,0.90631,0.60439,1.23687,0.81584,1.07622,0.00492625,0.00492625,0.00492625
617,6405.18,1.19608,0.92971,1.1357,0.92232,0.80836,0.9068,0.60595,1.2326,0.81543,1.07778,0.004918,0.004918,0.004918
618,6415.87,1.18033,0.91306,1.1319,0.94406,0.79149,0.90449,0.60779,1.23032,0.81154,1.07565,0.00490975,0.00490975,0.00490975
619,6426.57,1.18302,0.921,1.13985,0.93936,0.79104,0.90309,0.60705,1.22818,0.81166,1.07374,0.0049015,0.0049015,0.0049015
620,6436.96,1.16341,0.89212,1.12421,0.94419,0.79183,0.90054,0.60428,1.23049,0.81468,1.07384,0.00489325,0.00489325,0.00489325
621,6447.38,1.19269,0.91303,1.12779,0.94207,0.79584,0.8997,0.60272,1.23001,0.81808,1.07051,0.004885,0.004885,0.004885
622,6457.86,1.18917,0.93454,1.13663,0.95215,0.79362,0.90054,0.60368,1.22841,0.82061,1.06893,0.00487675,0.00487675,0.00487675
623,6468.42,1.18043,0.93424,1.12845,0.94934,0.79747,0.899,0.60412,1.2257,0.82127,1.06944,0.0048685,0.0048685,0.0048685
624,6478.93,1.19457,0.93889,1.14531,0.951,0.79574,0.90127,0.60588,1.22272,0.82057,1.06819,0.00486025,0.00486025,0.00486025
625,6489.34,1.19884,0.94281,1.13533,0.93115,0.80851,0.90102,0.60537,1.22287,0.82624,1.0691,0.004852,0.004852,0.004852
626,6499.7,1.197,0.92972,1.13148,0.90632,0.8234,0.90074,0.60269,1.22279,0.82736,1.06917,0.00484375,0.00484375,0.00484375
627,6510.15,1.1916,0.92786,1.13773,0.92872,0.80397,0.90079,0.60405,1.22227,0.82726,1.06929,0.0048355,0.0048355,0.0048355
628,6520.63,1.1769,0.88251,1.12662,0.96552,0.77456,0.8967,0.60192,1.2241,0.82542,1.07183,0.00482725,0.00482725,0.00482725
629,6531.04,1.18302,0.93505,1.12434,0.93572,0.80532,0.90262,0.60408,1.2269,0.82751,1.07317,0.004819,0.004819,0.004819
630,6541.54,1.16497,0.91192,1.12351,0.9473,0.80213,0.90516,0.6053,1.22032,0.81902,1.06789,0.00481075,0.00481075,0.00481075
631,6552.17,1.19534,0.926,1.13594,0.94052,0.80747,0.90575,0.605,1.21939,0.81346,1.06367,0.0048025,0.0048025,0.0048025
632,6562.74,1.15924,0.90804,1.1219,0.95399,0.80426,0.90491,0.60771,1.22082,0.81522,1.06364,0.00479425,0.00479425,0.00479425
633,6573.46,1.16807,0.88985,1.11012,0.95312,0.80851,0.90513,0.60861,1.21998,0.81301,1.06391,0.004786,0.004786,0.004786
634,6584.31,1.19134,0.94212,1.13984,0.93051,0.82128,0.90727,0.61092,1.21868,0.80756,1.06317,0.00477775,0.00477775,0.00477775
635,6595.04,1.18308,0.90497,1.12919,0.92354,0.82234,0.906,0.61213,1.22048,0.80865,1.06365,0.0047695,0.0047695,0.0047695
636,6605.82,1.15895,0.91183,1.11742,0.92988,0.81915,0.90928,0.61321,1.22258,0.81041,1.06219,0.00476125,0.00476125,0.00476125
637,6616.35,1.17279,0.9031,1.12515,0.9282,0.82512,0.91215,0.61239,1.21705,0.8072,1.05745,0.004753,0.004753,0.004753
638,6626.73,1.16591,0.91077,1.12971,0.93165,0.8234,0.91194,0.61059,1.21794,0.8061,1.05842,0.00474475,0.00474475,0.00474475
639,6637.19,1.17919,0.91221,1.12681,0.93722,0.81702,0.91271,0.60973,1.21486,0.80587,1.05765,0.0047365,0.0047365,0.0047365
640,6647.57,1.15065,0.89415,1.11846,0.93479,0.82357,0.91183,0.61102,1.21267,0.80328,1.05431,0.00472825,0.00472825,0.00472825
641,6658.06,1.18191,0.90724,1.11261,0.93427,0.81648,0.91143,0.6097,1.21359,0.80286,1.05701,0.00472,0.00472,0.00472
642,6668.52,1.16554,0.91047,1.11358,0.94119,0.81277,0.91026,0.61258,1.2123,0.80553,1.05692,0.00471175,0.00471175,0.00471175
643,6679.02,1.1844,0.91243,1.13495,0.93223,0.82128,0.90846,0.61428,1.21192,0.80663,1.05627,0.0047035,0.0047035,0.0047035
644,6689.79,1.18682,0.91973,1.12355,0.94729,0.81489,0.9084,0.61482,1.21084,0.80587,1.05723,0.00469525,0.00469525,0.00469525
645,6700.42,1.17242,0.8885,1.1136,0.93866,0.81489,0.91014,0.61402,1.21294,0.81208,1.05889,0.004687,0.004687,0.004687
646,6710.8,1.17225,0.90756,1.12214,0.92112,0.81988,0.91069,0.61548,1.20518,0.8122,1.0524,0.00467875,0.00467875,0.00467875
647,6721.59,1.17549,0.90044,1.12367,0.92328,0.82766,0.91095,0.61505,1.20065,0.81138,1.04828,0.0046705,0.0046705,0.0046705
648,6732.1,1.1727,0.9126,1.12289,0.92645,0.8308,0.91298,0.61562,1.19963,0.80692,1.046,0.00466225,0.00466225,0.00466225
649,6742.78,1.14542,0.87781,1.11005,0.925,0.82766,0.91385,0.61459,1.19905,0.81079,1.04565,0.004654,0.004654,0.004654
650,6753.22,1.17153,0.88829,1.10662,0.93916,0.82553,0.91428,0.61692,1.19603,0.81036,1.04409,0.00464575,0.00464575,0.00464575
651,6764.04,1.14204,0.87425,1.10211,0.9416,0.82331,0.91405,0.61604,1.19439,0.80981,1.04153,0.0046375,0.0046375,0.0046375
652,6774.75,1.17707,0.91217,1.1245,0.94598,0.81977,0.91367,0.61363,1.19173,0.80923,1.04067,0.00462925,0.00462925,0.00462925
653,6785.24,1.16837,0.90341,1.1239,0.94098,0.81414,0.91337,0.6199,1.18557,0.8085,1.03945,0.004621,0.004621,0.004621
654,6795.89,1.1578,0.90483,1.11943,0.94094,0.8135,0.91332,0.62327,1.18249,0.80711,1.0376,0.00461275,0.00461275,0.00461275
655,6806.54,1.17172,0.90669,1.12569,0.94527,0.81915,0.91236,0.62,1.18485,0.80804,1.0385,0.0046045,0.0046045,0.0046045
656,6817.07,1.16756,0.88202,1.10943,0.9354,0.82553,0.91234,0.61996,1.18594,0.80576,1.03929,0.00459625,0.00459625,0.00459625
657,6827.4,1.14539,0.88485,1.11165,0.96243,0.81758,0.91225,0.62131,1.18608,0.80293,1.0386,0.004588,0.004588,0.004588
658,6837.8,1.16161,0.87996,1.11224,0.95538,0.82005,0.91095,0.62026,1.18667,0.80469,1.03877,0.00457975,0.00457975,0.00457975
659,6848.2,1.15031,0.89008,1.10918,0.95748,0.81457,0.91174,0.61905,1.18837,0.80032,1.03964,0.0045715,0.0045715,0.0045715
660,6858.61,1.17768,0.89754,1.10891,0.96695,0.80919,0.911,0.61869,1.19033,0.79778,1.0398,0.00456325,0.00456325,0.00456325
661,6869.04,1.16713,0.88648,1.11544,0.97503,0.80426,0.91056,0.61523,1.18969,0.79589,1.04004,0.004555,0.004555,0.004555
662,6879.59,1.12917,0.87417,1.1092,0.97415,0.80169,0.91019,0.61694,1.19139,0.79706,1.04018,0.00454675,0.00454675,0.00454675
663,6889.96,1.14245,0.88071,1.11318,0.96114,0.80851,0.91027,0.61891,1.19247,0.79827,1.04079,0.0045385,0.0045385,0.0045385
664,6900.49,1.14291,0.88933,1.10311,0.97349,0.8,0.91236,0.61761,1.19266,0.79951,1.03927,0.00453025,0.00453025,0.00453025
665,6910.89,1.13148,0.87559,1.09694,0.97391,0.80213,0.91292,0.61865,1.19233,0.80038,1.03961,0.004522,0.004522,0.004522
666,6921.47,1.128,0.86405,1.09949,0.96249,0.81889,0.91407,0.61997,1.19069,0.80058,1.03853,0.00451375,0.00451375,0.00451375
667,6932.13,1.1206,0.85111,1.09505,0.96416,0.80851,0.91434,0.61953,1.18953,0.79854,1.03553,0.0045055,0.0045055,0.0045055
668,6942.79,1.16144,0.89037,1.12228,0.96691,0.80831,0.9172,0.61922,1.19375,0.79724,1.03548,0.00449725,0.00449725,0.00449725
669,6953.46,1.1527,0.87643,1.09841,0.95049,0.82128,0.91796,0.61771,1.19289,0.79248,1.03463,0.004489,0.004489,0.004489
670,6963.85,1.1359,0.87866,1.11096,0.97097,0.80426,0.91753,0.6182,1.19005,0.79119,1.03353,0.00448075,0.00448075,0.00448075
671,6974.25,1.17532,0.90546,1.11002,0.96392,0.80426,0.91767,0.61734,1.19101,0.79057,1.03478,0.0044725,0.0044725,0.0044725
672,6984.71,1.1423,0.87485,1.10073,0.96445,0.80818,0.91697,0.61818,1.18932,0.78998,1.03474,0.00446425,0.00446425,0.00446425
673,6995.1,1.14198,0.87723,1.1045,0.95905,0.81702,0.91692,0.61905,1.18689,0.78945,1.03378,0.004456,0.004456,0.004456
674,7005.5,1.13562,0.85461,1.10139,0.96805,0.80851,0.91585,0.61892,1.18096,0.78673,1.03242,0.00444775,0.00444775,0.00444775
675,7015.95,1.13235,0.86333,1.10511,0.96941,0.80915,0.91645,0.62191,1.17771,0.78398,1.03161,0.0044395,0.0044395,0.0044395
676,7026.5,1.17152,0.89307,1.11485,0.97183,0.80751,0.91719,0.62445,1.17897,0.77964,1.03105,0.00443125,0.00443125,0.00443125
677,7037.13,1.14156,0.85968,1.09819,0.9643,0.81489,0.91683,0.62358,1.18113,0.78179,1.03139,0.004423,0.004423,0.004423
678,7047.5,1.15739,0.88378,1.10844,0.95278,0.8156,0.91676,0.6227,1.18153,0.78124,1.03246,0.00441475,0.00441475,0.00441475
679,7057.88,1.13261,0.85819,1.1009,0.95277,0.81542,0.91743,0.62513,1.18184,0.77722,1.03244,0.0044065,0.0044065,0.0044065
680,7068.67,1.1321,0.8694,1.11022,0.94647,0.82128,0.91595,0.62566,1.18035,0.77603,1.03211,0.00439825,0.00439825,0.00439825
681,7079.18,1.13575,0.88804,1.10954,0.9483,0.81963,0.91618,0.62632,1.18085,0.77292,1.03199,0.00439,0.00439,0.00439
682,7089.95,1.14083,0.87254,1.10299,0.9462,0.82328,0.91691,0.62772,1.17669,0.77069,1.03051,0.00438175,0.00438175,0.00438175
683,7100.6,1.15217,0.88798,1.11685,0.94171,0.82766,0.91763,0.62728,1.17542,0.77454,1.0292,0.0043735,0.0043735,0.0043735
684,7111.14,1.1571,0.88902,1.10875,0.9424,0.82553,0.91867,0.62611,1.17818,0.77716,1.03025,0.00436525,0.00436525,0.00436525
685,7121.51,1.1463,0.86016,1.0975,0.94221,0.82128,0.91822,0.62528,1.17864,0.77473,1.0314,0.004357,0.004357,0.004357
686,7131.91,1.13831,0.86062,1.09925,0.94246,0.82128,0.91832,0.62556,1.17866,0.77071,1.03214,0.00434875,0.00434875,0.00434875
687,7142.32,1.11962,0.86271,1.09433,0.95476,0.80821,0.91839,0.62692,1.1791,0.7695,1.03403,0.0043405,0.0043405,0.0043405
688,7152.68,1.14531,0.86798,1.10291,0.96207,0.80942,0.91877,0.62829,1.18017,0.76821,1.03535,0.00433225,0.00433225,0.00433225
689,7163.32,1.1241,0.85395,1.09829,0.95484,0.81489,0.91753,0.62838,1.17663,0.76776,1.03135,0.004324,0.004324,0.004324
690,7173.76,1.13378,0.86949,1.10568,0.95913,0.81064,0.91802,0.62782,1.16918,0.76641,1.02676,0.00431575,0.00431575,0.00431575
691,7184.22,1.11793,0.86604,1.09483,0.96253,0.81981,0.91855,0.62915,1.16677,0.76412,1.02664,0.0043075,0.0043075,0.0043075
692,7194.9,1.13857,0.85973,1.09925,0.95843,0.81277,0.91855,0.63025,1.16556,0.76155,1.02616,0.00429925,0.00429925,0.00429925
693,7205.75,1.14475,0.86753,1.09452,0.95786,0.81277,0.9195,0.632,1.16499,0.75923,1.02524,0.004291,0.004291,0.004291
694,7216.58,1.0998,0.84691,1.08403,0.96183,0.81489,0.91867,0.63148,1.16592,0.75889,1.02431,0.00428275,0.00428275,0.00428275
695,7227.14,1.12304,0.83729,1.08794,0.96305,0.81489,0.91967,0.63197,1.16391,0.75738,1.0224,0.0042745,0.0042745,0.0042745
696,7237.55,1.12964,0.85929,1.08999,0.96477,0.81567,0.91823,0.63037,1.16394,0.75879,1.0225,0.00426625,0.00426625,0.00426625
697,7247.97,1.14185,0.8838,1.10606,0.96721,0.81575,0.91721,0.62955,1.16467,0.75963,1.02293,0.004258,0.004258,0.004258
698,7258.4,1.14381,0.8508,1.10383,0.96715,0.81446,0.91619,0.63154,1.16349,0.75708,1.02301,0.00424975,0.00424975,0.00424975
699,7268.78,1.09766,0.84368,1.0823,0.96717,0.81479,0.91795,0.63117,1.16262,0.75447,1.02364,0.0042415,0.0042415,0.0042415
700,7279.23,1.10153,0.82633,1.08748,0.9645,0.80928,0.91891,0.63188,1.16256,0.75756,1.0255,0.00423325,0.00423325,0.00423325
701,7289.7,1.1274,0.85722,1.09183,0.96455,0.81036,0.91811,0.63278,1.16257,0.75861,1.02586,0.004225,0.004225,0.004225
702,7300.39,1.11456,0.85089,1.09203,0.96461,0.81186,0.91703,0.63332,1.16364,0.75769,1.02708,0.00421675,0.00421675,0.00421675
703,7311.02,1.11129,0.84825,1.08622,0.96222,0.8129,0.9185,0.63336,1.16022,0.75622,1.02547,0.0042085,0.0042085,0.0042085
704,7321.88,1.13013,0.85073,1.09117,0.95801,0.81489,0.91826,0.63229,1.16069,0.75383,1.02668,0.00420025,0.00420025,0.00420025
705,7332.46,1.10459,0.83034,1.07919,0.95643,0.81489,0.91819,0.63019,1.16188,0.7533,1.02809,0.004192,0.004192,0.004192
706,7342.81,1.10951,0.82897,1.08734,0.95276,0.81529,0.92212,0.63335,1.16068,0.75289,1.0273,0.00418375,0.00418375,0.00418375
707,7353.5,1.09102,0.81837,1.08298,0.95747,0.81421,0.92211,0.63125,1.16169,0.75358,1.02732,0.0041755,0.0041755,0.0041755
708,7363.95,1.13469,0.87012,1.11114,0.96671,0.80326,0.92325,0.63208,1.16705,0.75384,1.03037,0.00416725,0.00416725,0.00416725
709,7374.43,1.12788,0.84003,1.09437,0.96932,0.80679,0.92508,0.63425,1.16938,0.7546,1.0325,0.004159,0.004159,0.004159
710,7385.14,1.12579,0.85246,1.0973,0.97183,0.80753,0.92414,0.63212,1.16837,0.75363,1.03194,0.00415075,0.00415075,0.00415075
711,7395.69,1.11203,0.84109,1.08361,0.95065,0.81965,0.92548,0.6347,1.16671,0.75247,1.02935,0.0041425,0.0041425,0.0041425
712,7406.42,1.11471,0.83425,1.09726,0.94844,0.82182,0.92447,0.63512,1.16731,0.75256,1.02995,0.00413425,0.00413425,0.00413425
713,7417.23,1.12711,0.84767,1.09906,0.93567,0.83557,0.9251,0.63532,1.16769,0.75278,1.0295,0.004126,0.004126,0.004126
714,7428.06,1.09992,0.84365,1.08162,0.93105,0.83323,0.92582,0.63504,1.16833,0.75221,1.02949,0.00411775,0.00411775,0.00411775
715,7438.47,1.1072,0.84639,1.09106,0.93323,0.83269,0.92489,0.6361,1.16656,0.7519,1.02918,0.0041095,0.0041095,0.0041095
716,7449.36,1.11376,0.86093,1.08653,0.93785,0.83617,0.9255,0.63841,1.16476,0.75117,1.02745,0.00410125,0.00410125,0.00410125
717,7460.32,1.09784,0.82134,1.09084,0.93697,0.8383,0.92578,0.63715,1.16536,0.74824,1.02945,0.004093,0.004093,0.004093
718,7470.94,1.12943,0.83976,1.08533,0.94265,0.8393,0.92735,0.63784,1.16527,0.74696,1.02927,0.00408475,0.00408475,0.00408475
719,7481.33,1.10226,0.8278,1.07698,0.94472,0.83628,0.92654,0.63717,1.16434,0.74516,1.02866,0.0040765,0.0040765,0.0040765
720,7491.72,1.12548,0.84259,1.0866,0.94243,0.83596,0.9257,0.63747,1.16179,0.74709,1.02712,0.00406825,0.00406825,0.00406825
721,7502.14,1.09509,0.83344,1.08352,0.9422,0.83191,0.92421,0.63719,1.16206,0.74768,1.02939,0.00406,0.00406,0.00406
722,7512.61,1.0868,0.82293,1.07595,0.95244,0.83191,0.92401,0.63501,1.16211,0.74811,1.0303,0.00405175,0.00405175,0.00405175
723,7523.2,1.09625,0.80905,1.07553,0.9456,0.83404,0.92619,0.63437,1.16072,0.74623,1.02941,0.0040435,0.0040435,0.0040435
724,7533.79,1.09805,0.82338,1.07834,0.95377,0.83404,0.92578,0.63571,1.15966,0.7433,1.02925,0.00403525,0.00403525,0.00403525
725,7544.37,1.12062,0.85252,1.08317,0.95395,0.83191,0.92559,0.63546,1.15837,0.74341,1.02796,0.004027,0.004027,0.004027
726,7554.78,1.10681,0.83626,1.08526,0.95199,0.83191,0.92557,0.63428,1.15805,0.74286,1.02665,0.00401875,0.00401875,0.00401875
727,7565.21,1.07417,0.83806,1.07631,0.95798,0.82465,0.92573,0.63376,1.15818,0.74359,1.02669,0.0040105,0.0040105,0.0040105
728,7575.62,1.10943,0.82382,1.08595,0.93806,0.8383,0.92616,0.63295,1.15857,0.74375,1.02779,0.00400225,0.00400225,0.00400225
729,7586.17,1.11663,0.84245,1.09055,0.941,0.83191,0.92519,0.63336,1.15899,0.74416,1.0291,0.003994,0.003994,0.003994
730,7596.59,1.08508,0.81198,1.07851,0.93739,0.8383,0.92648,0.63527,1.1585,0.74336,1.02976,0.00398575,0.00398575,0.00398575
731,7607.05,1.08949,0.83094,1.0809,0.94055,0.83404,0.92655,0.63422,1.15891,0.74323,1.02962,0.0039775,0.0039775,0.0039775
732,7617.64,1.08427,0.804,1.07265,0.97198,0.81201,0.92592,0.63398,1.15822,0.74285,1.02935,0.00396925,0.00396925,0.00396925
733,7628.15,1.10756,0.83289,1.08198,0.938,0.83692,0.92611,0.63446,1.15793,0.74323,1.02929,0.003961,0.003961,0.003961
734,7638.68,1.08515,0.8037,1.07644,0.94018,0.83599,0.92897,0.63467,1.15864,0.74529,1.03023,0.00395275,0.00395275,0.00395275
735,7649.26,1.08764,0.81292,1.07671,0.94432,0.82995,0.92798,0.63548,1.15857,0.74626,1.02933,0.0039445,0.0039445,0.0039445
736,7659.88,1.07611,0.80633,1.06469,0.94361,0.82553,0.92577,0.63307,1.15812,0.74726,1.02866,0.00393625,0.00393625,0.00393625
737,7670.4,1.09137,0.7997,1.07169,0.94692,0.82553,0.92544,0.63522,1.15711,0.74736,1.02752,0.003928,0.003928,0.003928
738,7681.04,1.07849,0.79332,1.07437,0.95302,0.8234,0.92627,0.63707,1.15606,0.74871,1.0275,0.00391975,0.00391975,0.00391975
739,7691.45,1.07228,0.80435,1.06807,0.95027,0.82553,0.92563,0.6378,1.15541,0.74771,1.02718,0.0039115,0.0039115,0.0039115
740,7701.72,1.07308,0.82062,1.07748,0.95374,0.82553,0.92583,0.63884,1.15391,0.74585,1.02614,0.00390325,0.00390325,0.00390325
741,7712.25,1.08562,0.82235,1.07454,0.95494,0.82128,0.92645,0.64003,1.15344,0.74592,1.0248,0.003895,0.003895,0.003895
742,7722.95,1.05279,0.78983,1.06644,0.94433,0.83008,0.92664,0.63806,1.1536,0.74573,1.02444,0.00388675,0.00388675,0.00388675
743,7733.37,1.08996,0.82294,1.07335,0.94008,0.83451,0.92925,0.63914,1.15601,0.74594,1.02493,0.0038785,0.0038785,0.0038785
744,7743.76,1.08163,0.80943,1.07083,0.95549,0.82216,0.92775,0.63885,1.15327,0.74484,1.02392,0.00387025,0.00387025,0.00387025
745,7754.2,1.07527,0.81413,1.06933,0.95803,0.82561,0.92717,0.6387,1.1528,0.74486,1.02353,0.003862,0.003862,0.003862
746,7764.74,1.0775,0.82522,1.07613,0.95632,0.8234,0.92757,0.63581,1.1528,0.74503,1.02377,0.00385375,0.00385375,0.00385375
747,7775.17,1.08362,0.81493,1.06719,0.95216,0.82553,0.928,0.63719,1.15076,0.74353,1.02301,0.0038455,0.0038455,0.0038455
748,7785.57,1.07338,0.80299,1.06415,0.9553,0.81857,0.93061,0.63862,1.1501,0.742,1.02126,0.00383725,0.00383725,0.00383725
749,7795.95,1.06536,0.78996,1.05803,0.93763,0.83191,0.93011,0.63863,1.14722,0.74051,1.01982,0.003829,0.003829,0.003829
750,7806.44,1.07699,0.81566,1.07332,0.93679,0.83617,0.92922,0.64073,1.14357,0.73898,1.01866,0.00382075,0.00382075,0.00382075
751,7817.11,1.10177,0.82512,1.07805,0.94198,0.82902,0.92929,0.64209,1.14014,0.73916,1.01812,0.0038125,0.0038125,0.0038125
752,7827.77,1.09968,0.80952,1.07882,0.94318,0.82979,0.92966,0.6433,1.13875,0.73829,1.01746,0.00380425,0.00380425,0.00380425
753,7838.42,1.08314,0.80916,1.07229,0.94012,0.83509,0.9307,0.64409,1.13845,0.73822,1.0167,0.003796,0.003796,0.003796
754,7849.03,1.07759,0.80617,1.06702,0.92514,0.84146,0.93111,0.64406,1.1378,0.73724,1.01605,0.00378775,0.00378775,0.00378775
755,7859.68,1.06791,0.80235,1.06791,0.92502,0.84043,0.93151,0.64345,1.1355,0.73768,1.01591,0.0037795,0.0037795,0.0037795
756,7870.07,1.06801,0.79565,1.06912,0.94879,0.82979,0.93144,0.64423,1.13355,0.73566,1.01488,0.00377125,0.00377125,0.00377125
757,7880.8,1.08225,0.80431,1.06593,0.95332,0.82554,0.9318,0.64598,1.13301,0.73278,1.01409,0.003763,0.003763,0.003763
758,7891.54,1.08502,0.80575,1.06737,0.95085,0.82979,0.93109,0.64434,1.13174,0.73218,1.01249,0.00375475,0.00375475,0.00375475
759,7902.07,1.071,0.79183,1.05709,0.94556,0.82766,0.93018,0.64338,1.1294,0.72996,1.00931,0.0037465,0.0037465,0.0037465
760,7912.56,1.05551,0.79123,1.0695,0.9442,0.82809,0.93036,0.64603,1.12775,0.72932,1.00883,0.00373825,0.00373825,0.00373825
761,7922.91,1.05349,0.78727,1.0654,0.9435,0.83617,0.93091,0.64541,1.12997,0.73105,1.01194,0.00373,0.00373,0.00373
762,7933.38,1.07243,0.79589,1.06721,0.94703,0.83688,0.93221,0.64428,1.13044,0.73004,1.01181,0.00372175,0.00372175,0.00372175
763,7943.76,1.07111,0.80963,1.07426,0.9468,0.83308,0.92966,0.64582,1.12837,0.73061,1.00897,0.0037135,0.0037135,0.0037135
764,7954.36,1.05993,0.8063,1.06925,0.94654,0.82874,0.92808,0.64546,1.12757,0.72955,1.00886,0.00370525,0.00370525,0.00370525
765,7964.93,1.05683,0.78593,1.06072,0.94695,0.8355,0.93104,0.64675,1.12617,0.72895,1.00741,0.003697,0.003697,0.003697
766,7975.85,1.05724,0.7856,1.0574,0.94685,0.83384,0.92965,0.64726,1.12533,0.73076,1.00849,0.00368875,0.00368875,0.00368875
767,7986.6,1.06781,0.8028,1.06383,0.95152,0.8352,0.92951,0.64452,1.1238,0.73213,1.00709,0.0036805,0.0036805,0.0036805
768,7997.01,1.05139,0.7915,1.05653,0.95603,0.83404,0.92925,0.64429,1.12397,0.73335,1.0074,0.00367225,0.00367225,0.00367225
769,8007.41,1.05189,0.77936,1.05671,0.95544,0.83191,0.92859,0.64475,1.12441,0.7331,1.00756,0.003664,0.003664,0.003664
770,8017.78,1.06878,0.77575,1.0673,0.95121,0.82553,0.92873,0.64592,1.12501,0.73364,1.00923,0.00365575,0.00365575,0.00365575
771,8028.2,1.06786,0.79769,1.06423,0.95577,0.82759,0.92973,0.64538,1.12586,0.73252,1.01102,0.0036475,0.0036475,0.0036475
772,8038.69,1.09295,0.80832,1.0662,0.95102,0.82623,0.93138,0.64739,1.12357,0.73071,1.01026,0.00363925,0.00363925,0.00363925
773,8049.31,1.05741,0.79838,1.06207,0.95338,0.82673,0.93185,0.64643,1.12054,0.73004,1.00929,0.003631,0.003631,0.003631
774,8059.87,1.05528,0.78501,1.05774,0.95336,0.82642,0.93054,0.64781,1.12005,0.72891,1.01062,0.00362275,0.00362275,0.00362275
775,8070.67,1.07089,0.81022,1.067,0.95098,0.8256,0.92953,0.6483,1.12059,0.72693,1.01194,0.0036145,0.0036145,0.0036145
776,8081.31,1.05696,0.79663,1.07051,0.95125,0.83042,0.92955,0.64718,1.11985,0.72649,1.01282,0.00360625,0.00360625,0.00360625
777,8091.68,1.0452,0.78484,1.06244,0.95569,0.82604,0.92925,0.64759,1.12073,0.72581,1.01461,0.003598,0.003598,0.003598
778,8102.06,1.0785,0.80032,1.06218,0.95332,0.82558,0.93005,0.64809,1.11914,0.72422,1.01384,0.00358975,0.00358975,0.00358975
779,8112.46,1.04661,0.79248,1.05534,0.94875,0.82713,0.93151,0.6486,1.11811,0.72457,1.01336,0.0035815,0.0035815,0.0035815
780,8123.18,1.0632,0.78007,1.05905,0.9468,0.833,0.9312,0.64904,1.1179,0.72489,1.0126,0.00357325,0.00357325,0.00357325
781,8134.04,1.06853,0.78664,1.06045,0.94484,0.83828,0.9313,0.64855,1.11879,0.72431,1.01262,0.003565,0.003565,0.003565
782,8144.71,1.0544,0.78581,1.06726,0.94322,0.8383,0.92988,0.649,1.12017,0.7228,1.01279,0.00355675,0.00355675,0.00355675
783,8155.27,1.04962,0.79085,1.0534,0.93645,0.84648,0.93133,0.64956,1.1204,0.72201,1.01239,0.0035485,0.0035485,0.0035485
784,8166.04,1.04897,0.76832,1.05428,0.93428,0.8469,0.93027,0.64999,1.11851,0.72188,1.0119,0.00354025,0.00354025,0.00354025
785,8176.72,1.05248,0.79688,1.0604,0.9275,0.84894,0.93059,0.65231,1.11776,0.72199,1.01186,0.003532,0.003532,0.003532
786,8187.39,1.02594,0.76804,1.05439,0.93555,0.84681,0.93129,0.65273,1.11763,0.72341,1.01198,0.00352375,0.00352375,0.00352375
787,8198.19,1.04957,0.78741,1.05067,0.94116,0.8383,0.93149,0.65259,1.11701,0.72245,1.01239,0.0035155,0.0035155,0.0035155
788,8208.78,1.03923,0.77266,1.04716,0.94073,0.8383,0.93294,0.6519,1.11577,0.72182,1.01243,0.00350725,0.00350725,0.00350725
789,8219.39,1.02403,0.78035,1.0511,0.94057,0.84178,0.93311,0.64994,1.11502,0.72223,1.01336,0.003499,0.003499,0.003499
790,8229.91,1.06211,0.79095,1.06287,0.94263,0.83895,0.93293,0.64986,1.11321,0.72192,1.01314,0.00349075,0.00349075,0.00349075
791,8240.25,1.04777,0.75259,1.04526,0.94442,0.8383,0.93092,0.65105,1.11383,0.72171,1.01297,0.0034825,0.0034825,0.0034825
792,8250.63,1.04597,0.77818,1.04533,0.94012,0.83507,0.93138,0.65144,1.11182,0.72276,1.01259,0.00347425,0.00347425,0.00347425
793,8261.01,1.0333,0.75315,1.05057,0.93627,0.83191,0.92931,0.65004,1.10983,0.72267,1.01237,0.003466,0.003466,0.003466
794,8271.4,1.04198,0.77636,1.0471,0.93796,0.83631,0.92912,0.65121,1.10941,0.72198,1.01308,0.00345775,0.00345775,0.00345775
795,8281.79,1.05547,0.79447,1.05259,0.93591,0.83893,0.92893,0.65108,1.11113,0.72314,1.01354,0.0034495,0.0034495,0.0034495
796,8292.17,1.0476,0.78083,1.05172,0.93608,0.84123,0.92868,0.65049,1.11116,0.72386,1.0145,0.00344125,0.00344125,0.00344125
797,8302.57,1.04511,0.7789,1.04195,0.94059,0.84217,0.93097,0.65196,1.11305,0.72208,1.01679,0.003433,0.003433,0.003433
798,8312.95,1.04299,0.76615,1.04524,0.93633,0.84043,0.93066,0.652,1.11275,0.7207,1.01788,0.00342475,0.00342475,0.00342475
799,8323.41,1.05527,0.78326,1.05844,0.93339,0.84043,0.93052,0.65152,1.1119,0.72091,1.01769,0.0034165,0.0034165,0.0034165
800,8334.07,1.03551,0.76538,1.04458,0.93514,0.8383,0.93061,0.65028,1.11178,0.72188,1.01742,0.00340825,0.00340825,0.00340825
801,8344.53,1.06082,0.7848,1.06225,0.93783,0.83451,0.93058,0.64988,1.11213,0.72191,1.01717,0.0034,0.0034,0.0034
802,8354.91,1.0348,0.74994,1.03246,0.93437,0.83404,0.9304,0.65105,1.11101,0.71986,1.01766,0.00339175,0.00339175,0.00339175
803,8365.33,1.03117,0.77757,1.05003,0.93568,0.83567,0.92985,0.65151,1.1105,0.71926,1.01797,0.0033835,0.0033835,0.0033835
804,8375.87,1.05354,0.79059,1.05307,0.93462,0.8383,0.93001,0.65117,1.11068,0.71933,1.0183,0.00337525,0.00337525,0.00337525
805,8386.23,1.02945,0.76606,1.04871,0.93381,0.84045,0.92951,0.65064,1.11122,0.71925,1.01824,0.003367,0.003367,0.003367
806,8396.62,1.04154,0.7754,1.04937,0.936,0.84255,0.92985,0.65125,1.11023,0.71922,1.01654,0.00335875,0.00335875,0.00335875
807,8407.01,1.0488,0.77441,1.04916,0.9382,0.83985,0.93082,0.65105,1.11023,0.71929,1.01618,0.0033505,0.0033505,0.0033505
808,8417.4,1.01073,0.75752,1.04461,0.92766,0.84576,0.93192,0.65193,1.10918,0.71838,1.01628,0.00334225,0.00334225,0.00334225
809,8427.77,1.04466,0.76101,1.05168,0.92365,0.84937,0.93256,0.65243,1.10837,0.71784,1.01572,0.003334,0.003334,0.003334
810,8438.28,1.02995,0.75444,1.03814,0.93158,0.84681,0.93279,0.65221,1.10826,0.71794,1.01605,0.00332575,0.00332575,0.00332575
811,8448.73,1.05683,0.778,1.05126,0.93417,0.84546,0.93284,0.65419,1.10771,0.7172,1.01583,0.0033175,0.0033175,0.0033175
812,8459.53,1.02901,0.76392,1.04727,0.93272,0.84468,0.93247,0.6543,1.10987,0.71636,1.01803,0.00330925,0.00330925,0.00330925
813,8470.28,1.03041,0.75414,1.03972,0.93595,0.84468,0.93261,0.65485,1.11,0.71725,1.01826,0.003301,0.003301,0.003301
814,8481.19,1.03605,0.76013,1.04382,0.93602,0.8405,0.9327,0.655,1.10971,0.71792,1.01845,0.00329275,0.00329275,0.00329275
815,8491.92,1.00701,0.75288,1.05169,0.94034,0.83846,0.93251,0.65394,1.10876,0.71845,1.01818,0.0032845,0.0032845,0.0032845
816,8502.29,1.03339,0.76922,1.0479,0.93994,0.83242,0.93253,0.65501,1.10823,0.71874,1.0177,0.00327625,0.00327625,0.00327625
817,8512.64,1.02219,0.76332,1.04461,0.94189,0.82761,0.93221,0.65611,1.10747,0.71867,1.01713,0.003268,0.003268,0.003268
818,8523.29,1.02409,0.76912,1.04763,0.94384,0.82766,0.93266,0.65832,1.1069,0.71847,1.01732,0.00325975,0.00325975,0.00325975
819,8533.98,1.04319,0.77227,1.0573,0.94586,0.82979,0.93306,0.65776,1.10596,0.71721,1.01715,0.0032515,0.0032515,0.0032515
820,8544.36,1.04653,0.77491,1.05263,0.94402,0.82979,0.93276,0.65735,1.10553,0.71629,1.01725,0.00324325,0.00324325,0.00324325
821,8554.83,1.02311,0.75485,1.04118,0.93867,0.82979,0.93343,0.65709,1.10412,0.71466,1.01658,0.003235,0.003235,0.003235
822,8565.22,1.0261,0.74965,1.03864,0.94533,0.82553,0.93345,0.65537,1.10497,0.71323,1.01694,0.00322675,0.00322675,0.00322675
823,8575.67,1.03388,0.77338,1.04489,0.95528,0.81812,0.9324,0.65563,1.10488,0.71319,1.01618,0.0032185,0.0032185,0.0032185
824,8586.07,1.00943,0.75491,1.03562,0.95766,0.81819,0.93267,0.6564,1.10492,0.71193,1.01527,0.00321025,0.00321025,0.00321025
825,8596.48,1.0367,0.77242,1.04548,0.96007,0.81845,0.93285,0.65768,1.10235,0.71002,1.01294,0.003202,0.003202,0.003202
826,8606.99,1.03441,0.75956,1.04503,0.96042,0.82596,0.93367,0.65841,1.10265,0.70904,1.01269,0.00319375,0.00319375,0.00319375
827,8617.63,1.0338,0.74687,1.03181,0.96089,0.8234,0.93429,0.65919,1.10351,0.7089,1.01316,0.0031855,0.0031855,0.0031855
828,8628.32,1.01628,0.77153,1.03939,0.96264,0.82234,0.9342,0.65886,1.10369,0.70762,1.01308,0.00317725,0.00317725,0.00317725
829,8638.84,1.0421,0.75419,1.03534,0.95857,0.8234,0.93432,0.65916,1.10283,0.70677,1.01259,0.003169,0.003169,0.003169
830,8649.2,1.00407,0.74314,1.03209,0.96031,0.82375,0.93463,0.6593,1.10247,0.70663,1.01201,0.00316075,0.00316075,0.00316075
831,8659.81,1.03533,0.75457,1.03233,0.96079,0.82553,0.9351,0.65986,1.10203,0.70579,1.01149,0.0031525,0.0031525,0.0031525
832,8670.54,1.01173,0.75324,1.04025,0.9608,0.82553,0.93439,0.65931,1.1014,0.70404,1.01097,0.00314425,0.00314425,0.00314425
833,8681.08,1.00753,0.74089,1.03687,0.95966,0.82553,0.93506,0.66078,1.10041,0.70196,1.01036,0.003136,0.003136,0.003136
834,8691.77,1.00567,0.73909,1.03881,0.96284,0.82766,0.93506,0.66059,1.09916,0.70124,1.00995,0.00312775,0.00312775,0.00312775
835,8702.18,1.00548,0.73843,1.02303,0.96286,0.82739,0.93484,0.66022,1.09905,0.70072,1.01018,0.0031195,0.0031195,0.0031195
836,8712.66,0.98856,0.71502,1.02432,0.96294,0.82919,0.93501,0.65963,1.09741,0.69945,1.00968,0.00311125,0.00311125,0.00311125
837,8723.02,0.99449,0.72743,1.02933,0.96513,0.8245,0.93475,0.65907,1.09613,0.69782,1.00902,0.003103,0.003103,0.003103
838,8733.52,1.00961,0.73515,1.03441,0.96271,0.82387,0.93516,0.65807,1.09429,0.6972,1.00779,0.00309475,0.00309475,0.00309475
839,8743.9,1.00261,0.73619,1.03485,0.963,0.83059,0.93608,0.6605,1.09249,0.69622,1.00662,0.0030865,0.0030865,0.0030865
840,8754.32,0.9925,0.73274,1.03615,0.96075,0.83325,0.936,0.66062,1.09252,0.69609,1.00656,0.00307825,0.00307825,0.00307825
841,8764.68,1.02517,0.73625,1.03199,0.95848,0.83495,0.93608,0.66138,1.09255,0.69602,1.00642,0.00307,0.00307,0.00307
842,8775.31,1.00135,0.74791,1.03451,0.95833,0.83187,0.93603,0.66204,1.09274,0.69494,1.00615,0.00306175,0.00306175,0.00306175
843,8785.91,1.01517,0.74102,1.03342,0.96061,0.82979,0.93646,0.66097,1.09176,0.69348,1.00528,0.0030535,0.0030535,0.0030535
844,8796.27,1.01565,0.74132,1.0314,0.95851,0.83572,0.93659,0.66209,1.09045,0.69233,1.00411,0.00304525,0.00304525,0.00304525
845,8806.9,1.00498,0.72903,1.0252,0.95792,0.83404,0.93688,0.66323,1.09011,0.69251,1.00356,0.003037,0.003037,0.003037
846,8817.58,1.01175,0.74117,1.02784,0.96077,0.83617,0.9378,0.66394,1.08863,0.69208,1.00261,0.00302875,0.00302875,0.00302875
847,8828.26,0.98112,0.72994,1.03029,0.96322,0.83581,0.9375,0.66364,1.08808,0.69143,1.00187,0.0030205,0.0030205,0.0030205
848,8838.62,0.99713,0.73693,1.03607,0.96223,0.83617,0.93749,0.66486,1.08721,0.69108,1.00076,0.00301225,0.00301225,0.00301225
849,8849.28,1.01171,0.72805,1.01781,0.9656,0.83614,0.93782,0.66511,1.0859,0.6899,0.99971,0.003004,0.003004,0.003004
850,8860,0.99775,0.72649,1.04146,0.96153,0.83617,0.93799,0.665,1.08425,0.6896,0.99839,0.00299575,0.00299575,0.00299575
851,8870.5,1.01312,0.73376,1.03356,0.96057,0.83617,0.93757,0.6652,1.08316,0.68912,0.99771,0.0029875,0.0029875,0.0029875
852,8881.14,1.01832,0.73677,1.03159,0.96557,0.83617,0.93718,0.66516,1.08269,0.6892,0.9974,0.00297925,0.00297925,0.00297925
853,8891.83,1.01119,0.72833,1.03455,0.96559,0.83593,0.93697,0.66613,1.08294,0.6904,0.99727,0.002971,0.002971,0.002971
854,8902.44,0.99249,0.71364,1.02513,0.96559,0.83597,0.93651,0.66648,1.08257,0.69068,0.99678,0.00296275,0.00296275,0.00296275
855,8913.08,0.99972,0.72482,1.0273,0.96304,0.83617,0.93645,0.66602,1.08266,0.69081,0.99682,0.0029545,0.0029545,0.0029545
856,8923.55,1.00809,0.74106,1.02767,0.9631,0.83309,0.93583,0.66586,1.08302,0.69155,0.99691,0.00294625,0.00294625,0.00294625
857,8934,0.98875,0.74517,1.02515,0.96303,0.83127,0.9359,0.66605,1.08376,0.6917,0.99755,0.002938,0.002938,0.002938
858,8944.66,0.98565,0.71972,1.02661,0.96302,0.83115,0.93618,0.66739,1.08409,0.69144,0.99773,0.00292975,0.00292975,0.00292975
859,8955.26,0.98466,0.70571,1.02937,0.96293,0.829,0.93606,0.66713,1.08399,0.69099,0.9979,0.0029215,0.0029215,0.0029215
860,8965.68,1.00681,0.73693,1.02688,0.94779,0.8383,0.9361,0.66657,1.08425,0.69072,0.99794,0.00291325,0.00291325,0.00291325
861,8976.27,0.98281,0.71083,1.02268,0.94837,0.8383,0.93612,0.66718,1.0839,0.691,0.99751,0.002905,0.002905,0.002905
862,8986.7,0.98757,0.72733,1.03622,0.94803,0.8383,0.93613,0.66722,1.08344,0.69008,0.99692,0.00289675,0.00289675,0.00289675
863,8997.05,0.99233,0.71451,1.02128,0.94797,0.8383,0.93628,0.66722,1.08345,0.68862,0.9974,0.0028885,0.0028885,0.0028885
864,9007.5,0.99064,0.73132,1.0334,0.95259,0.8383,0.9364,0.66701,1.08372,0.68887,0.9975,0.00288025,0.00288025,0.00288025
865,9018.1,0.98196,0.72675,1.03027,0.95393,0.83706,0.93643,0.66624,1.08359,0.68862,0.99782,0.002872,0.002872,0.002872
866,9028.61,0.99376,0.72832,1.01853,0.95401,0.83864,0.93643,0.66646,1.08402,0.68876,0.99795,0.00286375,0.00286375,0.00286375
867,9038.99,0.97407,0.71789,1.02823,0.95626,0.83728,0.93645,0.66659,1.08366,0.68808,0.99824,0.0028555,0.0028555,0.0028555
868,9049.47,0.97781,0.72198,1.02509,0.95816,0.8383,0.93771,0.66754,1.08332,0.68793,0.99793,0.00284725,0.00284725,0.00284725
869,9060.12,0.97837,0.70327,1.01851,0.95769,0.8383,0.93791,0.66784,1.08295,0.68736,0.99699,0.002839,0.002839,0.002839
870,9070.73,0.98705,0.72717,1.0316,0.96101,0.83917,0.93807,0.6675,1.08297,0.68682,0.99673,0.00283075,0.00283075,0.00283075
871,9081.11,0.99004,0.73464,1.02424,0.96186,0.84043,0.93779,0.66718,1.08332,0.68671,0.99676,0.0028225,0.0028225,0.0028225
872,9091.65,1.00669,0.73302,1.02346,0.962,0.84255,0.93779,0.66711,1.08297,0.68746,0.99639,0.00281425,0.00281425,0.00281425
873,9102.02,0.98311,0.72647,1.02439,0.95817,0.84468,0.9378,0.66678,1.08368,0.68815,0.99679,0.002806,0.002806,0.002806
874,9112.59,0.99493,0.72429,1.03527,0.95965,0.84468,0.93777,0.66708,1.08352,0.68817,0.99647,0.00279775,0.00279775,0.00279775
875,9122.98,0.99129,0.71571,1.01602,0.96,0.84468,0.93766,0.66733,1.08274,0.68816,0.99572,0.0027895,0.0027895,0.0027895
876,9133.34,0.98809,0.73333,1.02016,0.96502,0.84468,0.93752,0.66744,1.08261,0.6872,0.99566,0.00278125,0.00278125,0.00278125
877,9143.74,0.97391,0.70804,1.01931,0.96351,0.84271,0.93743,0.66714,1.08241,0.68683,0.99535,0.002773,0.002773,0.002773
878,9154.12,1.00706,0.73048,1.02596,0.96597,0.84255,0.93757,0.66772,1.0817,0.68662,0.99509,0.00276475,0.00276475,0.00276475
879,9164.51,1.00166,0.73147,1.02952,0.96588,0.8432,0.93724,0.66856,1.08083,0.6854,0.99487,0.0027565,0.0027565,0.0027565
880,9175.37,0.984,0.72569,1.02881,0.96499,0.84255,0.93739,0.66863,1.08003,0.68445,0.99463,0.00274825,0.00274825,0.00274825
881,9186.23,0.97432,0.72876,1.01836,0.96559,0.84255,0.9371,0.66931,1.07954,0.6845,0.99445,0.00274,0.00274,0.00274
882,9196.91,0.9848,0.72741,1.0183,0.96803,0.83751,0.93755,0.66929,1.0788,0.68387,0.99404,0.00273175,0.00273175,0.00273175
883,9207.68,0.98086,0.71673,1.01784,0.96803,0.83762,0.93764,0.6697,1.07863,0.68336,0.99343,0.0027235,0.0027235,0.0027235
884,9218.29,0.98772,0.71766,1.0229,0.96802,0.83736,0.93756,0.67013,1.07779,0.68264,0.99301,0.00271525,0.00271525,0.00271525
885,9229.01,0.9945,0.73326,1.02939,0.97283,0.83784,0.93895,0.6709,1.07757,0.6821,0.99287,0.002707,0.002707,0.002707
886,9239.79,0.9775,0.71087,1.02153,0.97039,0.83682,0.93905,0.67027,1.0771,0.68219,0.99264,0.00269875,0.00269875,0.00269875
887,9250.21,0.96846,0.70634,1.01396,0.96981,0.83617,0.93893,0.67129,1.0773,0.68236,0.99301,0.0026905,0.0026905,0.0026905
888,9260.88,0.96549,0.72126,1.02147,0.96991,0.83617,0.93868,0.67061,1.07709,0.68238,0.99321,0.00268225,0.00268225,0.00268225
889,9271.4,0.98625,0.72135,1.02307,0.96763,0.83617,0.93879,0.67078,1.07715,0.68272,0.99294,0.002674,0.002674,0.002674
890,9282.06,0.97511,0.71579,1.01923,0.9679,0.83617,0.93869,0.67091,1.07685,0.68296,0.99325,0.00266575,0.00266575,0.00266575
891,9292.54,0.97163,0.71589,1.01553,0.97018,0.83062,0.93846,0.67165,1.07605,0.68288,0.99269,0.0026575,0.0026575,0.0026575
892,9303.09,0.97207,0.71006,1.01976,0.96958,0.83617,0.93834,0.67205,1.07525,0.6829,0.99229,0.00264925,0.00264925,0.00264925
893,9313.68,0.94805,0.7024,1.01638,0.97025,0.83272,0.93839,0.67251,1.0745,0.68348,0.99197,0.002641,0.002641,0.002641
894,9324.48,0.98244,0.70451,1.02004,0.97026,0.8331,0.9385,0.67208,1.07375,0.68325,0.99174,0.00263275,0.00263275,0.00263275
895,9335.16,0.96293,0.70533,1.01667,0.97023,0.83207,0.9385,0.67223,1.07268,0.68346,0.99138,0.0026245,0.0026245,0.0026245
896,9345.7,0.96634,0.71562,1.01883,0.97497,0.82766,0.93881,0.67164,1.07189,0.68348,0.99114,0.00261625,0.00261625,0.00261625
897,9356.09,0.96633,0.70525,1.0136,0.97512,0.83404,0.93912,0.6714,1.07133,0.68281,0.99091,0.002608,0.002608,0.002608
898,9366.44,0.96789,0.70365,1.01423,0.97407,0.83404,0.93915,0.67277,1.07078,0.68238,0.99055,0.00259975,0.00259975,0.00259975
899,9377.1,0.97649,0.70774,1.00945,0.97554,0.83404,0.93919,0.6726,1.07016,0.68257,0.9901,0.0025915,0.0025915,0.0025915
900,9387.52,0.9619,0.69277,1.00241,0.97648,0.83404,0.93911,0.67223,1.06953,0.6825,0.99001,0.00258325,0.00258325,0.00258325
901,9398.22,0.95648,0.68796,1.00248,0.97715,0.83404,0.93914,0.67203,1.06919,0.6824,0.98974,0.002575,0.002575,0.002575
902,9408.75,0.97317,0.7027,1.00928,0.97289,0.83975,0.93934,0.67152,1.0684,0.6814,0.98899,0.00256675,0.00256675,0.00256675
903,9419.24,0.96872,0.70798,1.01116,0.97289,0.83996,0.93909,0.67158,1.06868,0.68166,0.98898,0.0025585,0.0025585,0.0025585
904,9429.73,0.97584,0.7059,1.01738,0.97289,0.83999,0.93943,0.67201,1.06857,0.68201,0.98878,0.00255025,0.00255025,0.00255025
905,9440.12,0.9622,0.70168,1.0171,0.97044,0.83821,0.93939,0.6727,1.06743,0.6811,0.98812,0.002542,0.002542,0.002542
906,9450.53,0.959,0.71022,1.01654,0.97049,0.83957,0.93964,0.67203,1.06688,0.68086,0.98759,0.00253375,0.00253375,0.00253375
907,9460.94,0.94641,0.6915,1.01981,0.96893,0.8383,0.93977,0.6719,1.06632,0.68069,0.98715,0.0025255,0.0025255,0.0025255
908,9471.35,0.96848,0.70682,1.01166,0.96661,0.8383,0.93997,0.67265,1.06568,0.6802,0.98678,0.00251725,0.00251725,0.00251725
909,9481.74,0.94863,0.68349,1.01479,0.96617,0.8383,0.94006,0.67307,1.06555,0.6804,0.98686,0.002509,0.002509,0.002509
910,9492.62,0.9623,0.69533,1.01522,0.96569,0.83839,0.94006,0.67267,1.06555,0.68034,0.98681,0.00250075,0.00250075,0.00250075
911,9503.04,0.96433,0.68758,1.01346,0.96573,0.83949,0.94,0.67425,1.06531,0.68018,0.98637,0.0024925,0.0024925,0.0024925
912,9513.67,0.9512,0.68777,1.00239,0.96573,0.83938,0.94025,0.67501,1.06513,0.68046,0.98577,0.00248425,0.00248425,0.00248425
913,9524.3,0.94595,0.69,1.00716,0.96574,0.83963,0.94033,0.67494,1.06507,0.67996,0.98556,0.002476,0.002476,0.002476
914,9534.72,0.96196,0.69263,1.00633,0.96577,0.8404,0.94043,0.67558,1.06479,0.67999,0.98531,0.00246775,0.00246775,0.00246775
915,9545.33,0.95632,0.6828,1.00673,0.9634,0.84005,0.94024,0.67558,1.06434,0.67956,0.98522,0.0024595,0.0024595,0.0024595
916,9555.81,0.95612,0.69343,1.00383,0.96335,0.83896,0.9402,0.67619,1.06476,0.6799,0.98539,0.00245125,0.00245125,0.00245125
917,9566.42,0.96772,0.69385,1.01269,0.96351,0.84274,0.94039,0.67718,1.06448,0.67939,0.98527,0.002443,0.002443,0.002443
918,9577.07,0.96469,0.6887,1.00964,0.96354,0.84681,0.94036,0.67726,1.06432,0.67935,0.98532,0.00243475,0.00243475,0.00243475
919,9587.7,0.97251,0.70406,1.00428,0.9636,0.84496,0.94057,0.67698,1.06428,0.67913,0.98559,0.0024265,0.0024265,0.0024265
920,9598.18,0.94815,0.68515,1.00276,0.96756,0.84043,0.94064,0.67702,1.06409,0.67877,0.98546,0.00241825,0.00241825,0.00241825
921,9608.63,0.97467,0.70088,1.01298,0.97051,0.84017,0.9407,0.67792,1.0642,0.6787,0.9858,0.00241,0.00241,0.00241
922,9619.33,0.94955,0.70299,1.01319,0.97049,0.83956,0.94081,0.67801,1.06417,0.67851,0.98598,0.00240175,0.00240175,0.00240175
923,9630.11,0.94701,0.6885,0.99885,0.97047,0.83906,0.9413,0.67814,1.0638,0.67774,0.98612,0.0023935,0.0023935,0.0023935
924,9640.75,0.95691,0.71142,1.00871,0.97042,0.83759,0.94126,0.67747,1.06336,0.67655,0.98601,0.00238525,0.00238525,0.00238525
925,9651.17,0.93747,0.6791,1.00286,0.96617,0.85061,0.94139,0.67628,1.06318,0.67635,0.98586,0.002377,0.002377,0.002377
926,9661.46,0.94885,0.68004,1.00075,0.96841,0.84793,0.94122,0.67704,1.06278,0.67574,0.98574,0.00236875,0.00236875,0.00236875
927,9671.79,0.92688,0.68933,1.0109,0.96846,0.84918,0.94122,0.67632,1.0625,0.67508,0.98565,0.0023605,0.0023605,0.0023605
928,9682.13,0.94893,0.68833,0.99602,0.96846,0.84929,0.94123,0.6777,1.06171,0.67447,0.98541,0.00235225,0.00235225,0.00235225
929,9692.58,0.9473,0.69125,1.01267,0.95473,0.85106,0.94137,0.67851,1.06146,0.67398,0.98535,0.002344,0.002344,0.002344
930,9703.26,0.94877,0.6912,1.00809,0.95297,0.85319,0.94174,0.67767,1.0613,0.67383,0.98538,0.00233575,0.00233575,0.00233575
931,9713.66,0.95041,0.68816,1.01206,0.95284,0.85319,0.94182,0.67692,1.06039,0.67309,0.98522,0.0023275,0.0023275,0.0023275
932,9724.04,0.95308,0.6923,1.00889,0.95199,0.85319,0.94199,0.67732,1.0596,0.67224,0.9849,0.00231925,0.00231925,0.00231925
933,9734.47,0.93901,0.68306,0.9993,0.95259,0.85498,0.94195,0.6773,1.05896,0.67187,0.98469,0.002311,0.002311,0.002311
934,9744.93,0.94383,0.6864,1.00077,0.95099,0.85532,0.94196,0.67767,1.05846,0.6709,0.98442,0.00230275,0.00230275,0.00230275
935,9755.36,0.93532,0.68673,1.00065,0.94978,0.85532,0.94177,0.67812,1.05813,0.67036,0.98433,0.0022945,0.0022945,0.0022945
936,9765.81,0.94088,0.68928,0.99856,0.94907,0.85532,0.94172,0.67853,1.05799,0.66985,0.98436,0.00228625,0.00228625,0.00228625
937,9776.5,0.93527,0.68156,1.00124,0.94259,0.85745,0.94183,0.67904,1.05776,0.669,0.98418,0.002278,0.002278,0.002278
938,9787.21,0.94968,0.70065,1.00672,0.94265,0.85745,0.94182,0.679,1.05768,0.6688,0.98427,0.00226975,0.00226975,0.00226975
939,9797.59,0.92599,0.66699,0.99757,0.95476,0.85319,0.94216,0.6788,1.05718,0.66841,0.98411,0.0022615,0.0022615,0.0022615
940,9808.06,0.93294,0.67506,0.99402,0.94504,0.85532,0.94203,0.67849,1.05683,0.66752,0.98383,0.00225325,0.00225325,0.00225325
941,9818.49,0.95907,0.68931,1.00697,0.94392,0.85532,0.94194,0.67933,1.05675,0.6675,0.98364,0.002245,0.002245,0.002245
942,9829.36,0.96,0.69651,1.0056,0.94222,0.85745,0.94193,0.67927,1.05683,0.66723,0.98342,0.00223675,0.00223675,0.00223675
943,9839.89,0.94262,0.68809,1.00463,0.94585,0.85745,0.94192,0.67939,1.05671,0.66677,0.98346,0.0022285,0.0022285,0.0022285
944,9850.95,0.93712,0.67384,1.00307,0.96733,0.84681,0.94227,0.68013,1.05665,0.66658,0.98326,0.00222025,0.00222025,0.00222025
945,9861.69,0.93025,0.68742,0.99861,0.96834,0.84596,0.94245,0.68029,1.056,0.66607,0.98302,0.002212,0.002212,0.002212
946,9872.42,0.94024,0.67934,1.00315,0.93952,0.85929,0.94235,0.67995,1.05575,0.66583,0.98257,0.00220375,0.00220375,0.00220375
947,9883.16,0.92019,0.67031,0.98919,0.93963,0.86105,0.94226,0.68065,1.05566,0.66511,0.98236,0.0021955,0.0021955,0.0021955
948,9893.88,0.94735,0.69378,1.00121,0.93965,0.86133,0.94216,0.68099,1.0555,0.66474,0.98224,0.00218725,0.00218725,0.00218725
949,9904.56,0.94725,0.68122,1.00024,0.9397,0.86208,0.94208,0.68064,1.05583,0.6644,0.98228,0.002179,0.002179,0.002179
950,9914.96,0.95521,0.68771,0.99248,0.94191,0.86251,0.94241,0.68029,1.05568,0.66389,0.98203,0.00217075,0.00217075,0.00217075
951,9925.38,0.92897,0.68121,1.00278,0.94181,0.86097,0.94255,0.68062,1.05574,0.66347,0.98198,0.0021625,0.0021625,0.0021625
952,9936.07,0.9389,0.67458,1.00138,0.94178,0.8605,0.94267,0.68091,1.05588,0.66328,0.98209,0.00215425,0.00215425,0.00215425
953,9946.63,0.94998,0.6909,1.00625,0.94179,0.86053,0.94262,0.68106,1.05567,0.66348,0.98222,0.002146,0.002146,0.002146
954,9957.41,0.942,0.66679,0.99177,0.94178,0.86048,0.94263,0.68117,1.05564,0.66376,0.98223,0.00213775,0.00213775,0.00213775
955,9968.01,0.92919,0.67402,0.99985,0.94178,0.8605,0.94268,0.68109,1.05535,0.6636,0.98218,0.0021295,0.0021295,0.0021295
956,9978.42,0.92928,0.66612,1.00268,0.93944,0.85817,0.94169,0.68082,1.05534,0.66329,0.98219,0.00212125,0.00212125,0.00212125
957,9988.99,0.93567,0.67662,0.99937,0.93929,0.85591,0.94169,0.68126,1.05516,0.66342,0.98207,0.002113,0.002113,0.002113
958,9999.51,0.92981,0.68485,0.99934,0.94152,0.85637,0.94191,0.68091,1.05474,0.66313,0.98192,0.00210475,0.00210475,0.00210475
959,10009.9,0.92556,0.65882,0.99928,0.96595,0.84501,0.94181,0.68027,1.05476,0.66288,0.98199,0.0020965,0.0020965,0.0020965
960,10020.3,0.92101,0.66479,0.99432,0.966,0.84627,0.94177,0.68092,1.05473,0.66221,0.98203,0.00208825,0.00208825,0.00208825
961,10030.7,0.91946,0.6594,0.99017,0.96596,0.84537,0.94181,0.68014,1.0551,0.66238,0.98228,0.00208,0.00208,0.00208
962,10041.4,0.91713,0.65895,0.99216,0.96671,0.84255,0.94155,0.68077,1.05494,0.66219,0.98269,0.00207175,0.00207175,0.00207175
963,10051.8,0.92284,0.66996,0.99511,0.96183,0.84681,0.94131,0.68142,1.05512,0.66248,0.98265,0.0020635,0.0020635,0.0020635
964,10062.5,0.94335,0.66325,0.9861,0.96229,0.84468,0.94118,0.6816,1.05351,0.66241,0.9798,0.00205525,0.00205525,0.00205525
965,10073.2,0.92381,0.67248,0.99432,0.96272,0.84468,0.94121,0.6821,1.05289,0.66224,0.97956,0.002047,0.002047,0.002047
966,10083.8,0.93742,0.67752,0.99994,0.96354,0.84354,0.94128,0.68199,1.05288,0.66212,0.97943,0.00203875,0.00203875,0.00203875
967,10094.2,0.92286,0.65621,0.98442,0.96352,0.84285,0.94182,0.68171,1.05312,0.66235,0.97958,0.0020305,0.0020305,0.0020305
968,10104.6,0.92302,0.67825,0.99997,0.95597,0.84894,0.94112,0.68187,1.05332,0.6622,0.97959,0.00202225,0.00202225,0.00202225
969,10115.1,0.94418,0.68078,1.00109,0.95612,0.84894,0.94171,0.68131,1.05306,0.66191,0.97955,0.002014,0.002014,0.002014
970,10125.5,0.91737,0.66977,0.99784,0.95651,0.84894,0.94174,0.68162,1.05327,0.66132,0.97947,0.00200575,0.00200575,0.00200575
971,10135.9,0.9356,0.66792,0.99774,0.95619,0.84894,0.943,0.68142,1.05294,0.66043,0.97922,0.0019975,0.0019975,0.0019975
972,10146.4,0.9234,0.66444,0.99376,0.95582,0.84894,0.94289,0.68105,1.05282,0.66012,0.97912,0.00198925,0.00198925,0.00198925
973,10156.9,0.93779,0.68913,0.99985,0.94978,0.84894,0.94314,0.68097,1.05266,0.65975,0.97895,0.001981,0.001981,0.001981
974,10167.4,0.93717,0.67323,1.00252,0.95286,0.84894,0.94306,0.68132,1.05264,0.65936,0.97906,0.00197275,0.00197275,0.00197275
975,10177.8,0.92493,0.66535,0.98984,0.95034,0.84894,0.94214,0.68215,1.05284,0.65949,0.97914,0.0019645,0.0019645,0.0019645
976,10188.5,0.91544,0.65878,0.99563,0.95287,0.84894,0.94223,0.68224,1.05279,0.65954,0.97944,0.00195625,0.00195625,0.00195625
977,10199.2,0.92106,0.66434,0.99684,0.95347,0.84894,0.94118,0.68193,1.05277,0.65948,0.9795,0.001948,0.001948,0.001948
978,10209.8,0.90475,0.65813,0.99173,0.95354,0.84894,0.9412,0.68252,1.05418,0.65946,0.98209,0.00193975,0.00193975,0.00193975
979,10220.5,0.91608,0.66382,0.98665,0.9546,0.84996,0.94119,0.6827,1.05414,0.65929,0.98202,0.0019315,0.0019315,0.0019315
980,10231.2,0.91352,0.67213,1.00035,0.9546,0.85008,0.94117,0.68227,1.05402,0.65888,0.98184,0.00192325,0.00192325,0.00192325
981,10241.5,0.91973,0.66659,0.99165,0.95459,0.84981,0.94093,0.68186,1.05371,0.65852,0.98176,0.001915,0.001915,0.001915
982,10251.9,0.91616,0.66359,0.99359,0.95375,0.84894,0.94204,0.68125,1.05373,0.65822,0.98158,0.00190675,0.00190675,0.00190675
983,10262.3,0.91314,0.6672,0.99393,0.95758,0.84894,0.94186,0.68121,1.05398,0.65814,0.98148,0.0018985,0.0018985,0.0018985
984,10272.6,0.91382,0.66633,0.99213,0.95995,0.84894,0.94284,0.68123,1.05377,0.65778,0.98148,0.00189025,0.00189025,0.00189025
985,10283,0.92421,0.66552,0.98971,0.95562,0.84894,0.94205,0.68125,1.05363,0.65763,0.98123,0.001882,0.001882,0.001882
986,10293.4,0.91095,0.65327,0.98751,0.96357,0.84894,0.9427,0.68164,1.05348,0.65741,0.98116,0.00187375,0.00187375,0.00187375
987,10303.8,0.89447,0.64813,0.99348,0.96375,0.84858,0.94273,0.68163,1.05376,0.65709,0.98117,0.0018655,0.0018655,0.0018655
988,10314.3,0.90757,0.65323,0.98276,0.96364,0.84577,0.94192,0.68214,1.05318,0.65689,0.98092,0.00185725,0.00185725,0.00185725
989,10324.7,0.91619,0.65278,0.99464,0.96368,0.84678,0.94219,0.68266,1.05294,0.65643,0.9808,0.001849,0.001849,0.001849
990,10335.6,0.90237,0.65775,0.98583,0.9636,0.84479,0.94051,0.683,1.05297,0.65623,0.98066,0.00184075,0.00184075,0.00184075
991,10346.5,0.91986,0.65128,0.98432,0.96163,0.84681,0.94194,0.68332,1.0525,0.65631,0.98024,0.0018325,0.0018325,0.0018325
992,10357.4,0.90264,0.65138,0.97719,0.96548,0.84043,0.94188,0.68418,1.05228,0.6559,0.98032,0.00182425,0.00182425,0.00182425
993,10368,0.91413,0.65361,0.98672,0.96573,0.83947,0.94077,0.68382,1.05204,0.65581,0.98012,0.001816,0.001816,0.001816
994,10378.4,0.90833,0.64964,0.98582,0.96582,0.8383,0.94074,0.68314,1.0516,0.65557,0.98,0.00180775,0.00180775,0.00180775
995,10388.8,0.90903,0.66012,0.99226,0.96333,0.83848,0.94089,0.6841,1.05153,0.65533,0.97986,0.0017995,0.0017995,0.0017995
996,10399.4,0.91441,0.65875,0.99293,0.96448,0.8383,0.94108,0.68463,1.05133,0.65503,0.97968,0.00179125,0.00179125,0.00179125
997,10410,0.89691,0.65001,0.97995,0.96381,0.8383,0.94109,0.68466,1.05088,0.65462,0.97956,0.001783,0.001783,0.001783
998,10420.6,0.90414,0.64003,0.97627,0.96577,0.8403,0.94102,0.68444,1.05087,0.6544,0.97957,0.00177475,0.00177475,0.00177475
999,10430.9,0.93683,0.6647,0.99562,0.96577,0.84039,0.94092,0.68574,1.05079,0.65423,0.97938,0.0017665,0.0017665,0.0017665
1000,10441.6,0.90657,0.66139,0.98254,0.96386,0.8383,0.94082,0.68594,1.05067,0.65424,0.97925,0.00175825,0.00175825,0.00175825
1001,10452.3,0.9219,0.66114,0.97716,0.96607,0.8383,0.94077,0.68487,1.05053,0.65433,0.97906,0.00175,0.00175,0.00175
1002,10462.9,0.91776,0.66163,0.98502,0.96613,0.8383,0.94081,0.68473,1.05031,0.65431,0.97895,0.00174175,0.00174175,0.00174175
1003,10473.4,0.92114,0.67249,0.99079,0.96598,0.8383,0.94073,0.684,1.05058,0.654,0.97896,0.0017335,0.0017335,0.0017335
1004,10484,0.88813,0.63943,0.9788,0.96611,0.8383,0.94071,0.68446,1.05078,0.65387,0.97904,0.00172525,0.00172525,0.00172525
1005,10494.5,0.91987,0.66238,0.99066,0.96606,0.8383,0.9407,0.68467,1.05072,0.65391,0.97889,0.001717,0.001717,0.001717
1006,10505,0.90689,0.65058,0.9809,0.95435,0.84894,0.94093,0.68463,1.05077,0.65385,0.97882,0.00170875,0.00170875,0.00170875
1007,10515.5,0.8725,0.63864,0.97926,0.9535,0.84894,0.94079,0.6851,1.05077,0.65402,0.97875,0.0017005,0.0017005,0.0017005
1008,10525.9,0.88751,0.64458,0.98432,0.95268,0.84681,0.941,0.68522,1.05073,0.65386,0.97868,0.00169225,0.00169225,0.00169225
1009,10536.3,0.90828,0.65277,0.98356,0.95248,0.84681,0.94105,0.68501,1.05063,0.65398,0.97855,0.001684,0.001684,0.001684
1010,10546.8,0.89837,0.65603,0.98885,0.9534,0.84681,0.94111,0.6853,1.05063,0.65365,0.9783,0.00167575,0.00167575,0.00167575
1011,10557.2,0.88438,0.64103,0.97621,0.95322,0.84681,0.94103,0.68565,1.05028,0.65344,0.97803,0.0016675,0.0016675,0.0016675
1012,10567.8,0.88867,0.63728,0.97692,0.95275,0.84681,0.94105,0.68571,1.04985,0.6534,0.97787,0.00165925,0.00165925,0.00165925
1013,10578.2,0.87592,0.64141,0.98321,0.95165,0.84681,0.94102,0.68573,1.04958,0.65304,0.97773,0.001651,0.001651,0.001651
1014,10588.8,0.8893,0.6397,0.98103,0.94573,0.85274,0.94102,0.6856,1.04943,0.65292,0.97766,0.00164275,0.00164275,0.00164275
1015,10599.5,0.88943,0.64891,0.98059,0.94572,0.85269,0.94104,0.68558,1.04933,0.65271,0.97752,0.0016345,0.0016345,0.0016345
1016,10610,0.91437,0.65247,0.98545,0.94578,0.85363,0.94104,0.68612,1.04929,0.65243,0.97753,0.00162625,0.00162625,0.00162625
1017,10620.8,0.87887,0.64339,0.979,0.9528,0.84681,0.94111,0.68588,1.04903,0.65221,0.9774,0.001618,0.001618,0.001618
1018,10631,0.89477,0.65272,0.98183,0.94581,0.85405,0.94117,0.68603,1.04857,0.65178,0.97713,0.00160975,0.00160975,0.00160975
1019,10641.2,0.92821,0.67084,0.98822,0.95216,0.8469,0.94115,0.68616,1.04856,0.65143,0.97699,0.0016015,0.0016015,0.0016015
1020,10651.7,0.89983,0.65498,0.98135,0.95222,0.84806,0.9412,0.68627,1.04881,0.65124,0.97696,0.00159325,0.00159325,0.00159325
1021,10662.2,0.88063,0.63393,0.97408,0.95458,0.84962,0.94147,0.68607,1.04878,0.65093,0.97689,0.001585,0.001585,0.001585
1022,10672.5,0.90021,0.65449,0.9814,0.95173,0.85319,0.94162,0.68629,1.04864,0.65084,0.97669,0.00157675,0.00157675,0.00157675
1023,10683.1,0.8779,0.63242,0.97701,0.94589,0.85319,0.94178,0.6863,1.04839,0.65072,0.97656,0.0015685,0.0015685,0.0015685
1024,10693.7,0.89028,0.64805,0.9907,0.94664,0.85319,0.94189,0.68643,1.04841,0.65047,0.97642,0.00156025,0.00156025,0.00156025
1025,10704.4,0.89441,0.63599,0.98352,0.94576,0.85319,0.94186,0.68617,1.04828,0.65008,0.97606,0.001552,0.001552,0.001552
1026,10714.7,0.86745,0.61619,0.96961,0.94802,0.85377,0.94193,0.68624,1.04813,0.64993,0.97592,0.00154375,0.00154375,0.00154375
1027,10725.2,0.8913,0.63684,0.97925,0.96564,0.83707,0.94194,0.68688,1.04797,0.6499,0.97579,0.0015355,0.0015355,0.0015355
1028,10736.2,0.88664,0.62959,0.98061,0.948,0.8533,0.94209,0.68605,1.04775,0.64976,0.97567,0.00152725,0.00152725,0.00152725
1029,10746.7,0.891,0.64166,0.97851,0.94799,0.8532,0.94208,0.68601,1.04749,0.6496,0.97532,0.001519,0.001519,0.001519
1030,10757,0.8697,0.6252,0.97684,0.96117,0.84263,0.93981,0.68602,1.04746,0.64972,0.97536,0.00151075,0.00151075,0.00151075
1031,10767.5,0.8768,0.62823,0.96982,0.96119,0.84306,0.9398,0.68595,1.04715,0.64941,0.97522,0.0015025,0.0015025,0.0015025
1032,10778.2,0.88755,0.62912,0.97802,0.9612,0.84335,0.93982,0.68596,1.04694,0.6493,0.97511,0.00149425,0.00149425,0.00149425
1033,10788.4,0.89011,0.64273,0.98418,0.96117,0.84272,0.93979,0.68612,1.04687,0.6492,0.97514,0.001486,0.001486,0.001486
1034,10798.8,0.90125,0.65365,0.98178,0.96119,0.84317,0.93981,0.68613,1.04661,0.64898,0.97508,0.00147775,0.00147775,0.00147775
1035,10809.2,0.89894,0.64431,0.98337,0.96117,0.84262,0.93982,0.68606,1.04624,0.64892,0.97497,0.0014695,0.0014695,0.0014695
1036,10819.6,0.8775,0.63614,0.97817,0.96118,0.8428,0.93982,0.68615,1.04605,0.64858,0.97485,0.00146125,0.00146125,0.00146125
1037,10830,0.89146,0.64257,0.97872,0.96118,0.84282,0.93997,0.68585,1.04573,0.64893,0.97476,0.001453,0.001453,0.001453
1038,10840.4,0.8995,0.65068,0.97987,0.96116,0.84244,0.94073,0.68581,1.04547,0.64858,0.97449,0.00144475,0.00144475,0.00144475
1039,10850.8,0.88464,0.63603,0.98073,0.96116,0.84251,0.94092,0.68607,1.04534,0.64847,0.97432,0.0014365,0.0014365,0.0014365
1040,10861.1,0.88728,0.63718,0.98894,0.96116,0.84238,0.94088,0.68567,1.04519,0.64827,0.97426,0.00142825,0.00142825,0.00142825
1041,10871.5,0.89615,0.64478,0.97822,0.96115,0.84211,0.94094,0.68611,1.04474,0.64818,0.97416,0.00142,0.00142,0.00142
1042,10881.9,0.87488,0.64316,0.98158,0.96115,0.84214,0.94088,0.68616,1.04442,0.64765,0.97387,0.00141175,0.00141175,0.00141175
1043,10892.5,0.89457,0.66203,0.98186,0.96116,0.84249,0.94094,0.68659,1.04419,0.64725,0.97389,0.0014035,0.0014035,0.0014035
1044,10903.5,0.86994,0.631,0.97507,0.96116,0.84251,0.9409,0.68665,1.04357,0.6475,0.9737,0.00139525,0.00139525,0.00139525
1045,10914.1,0.85849,0.62226,0.9788,0.96116,0.84235,0.94095,0.68673,1.04324,0.64756,0.9736,0.001387,0.001387,0.001387
1046,10924.5,0.8905,0.63749,0.9748,0.96116,0.84241,0.94102,0.68637,1.04317,0.64695,0.97343,0.00137875,0.00137875,0.00137875
1047,10935.3,0.87338,0.62856,0.97631,0.96116,0.84243,0.94114,0.68669,1.04272,0.64678,0.97314,0.0013705,0.0013705,0.0013705
1048,10945.7,0.88211,0.6278,0.97394,0.96116,0.84246,0.9411,0.6862,1.04274,0.64587,0.97291,0.00136225,0.00136225,0.00136225
1049,10956.3,0.88309,0.6346,0.97454,0.96116,0.84254,0.94117,0.68618,1.04241,0.64552,0.97263,0.001354,0.001354,0.001354
1050,10967.1,0.86846,0.62539,0.97644,0.96349,0.8423,0.94118,0.68717,1.04195,0.64558,0.97247,0.00134575,0.00134575,0.00134575
1051,10977.9,0.8665,0.62506,0.97656,0.96113,0.84188,0.9412,0.68708,1.04175,0.64528,0.97239,0.0013375,0.0013375,0.0013375
1052,10988.3,0.87108,0.62715,0.97571,0.96113,0.84179,0.94123,0.68761,1.04179,0.6449,0.97207,0.00132925,0.00132925,0.00132925
1053,10999.5,0.87014,0.62604,0.97371,0.96113,0.84182,0.94115,0.6874,1.04011,0.6449,0.96916,0.001321,0.001321,0.001321
1054,11010.2,0.88344,0.63614,0.98049,0.96119,0.84301,0.94116,0.6875,1.03957,0.64474,0.9689,0.00131275,0.00131275,0.00131275
1055,11020.6,0.88321,0.64016,0.97454,0.9612,0.84343,0.94113,0.68765,1.03953,0.6444,0.96888,0.0013045,0.0013045,0.0013045
1056,11031.4,0.87364,0.63088,0.97549,0.96117,0.84268,0.94108,0.68743,1.03896,0.64432,0.96868,0.00129625,0.00129625,0.00129625
1057,11042.3,0.84271,0.61138,0.96946,0.96117,0.8427,0.94114,0.68768,1.03869,0.64404,0.96841,0.001288,0.001288,0.001288
1058,11053.9,0.88169,0.6312,0.96343,0.96583,0.84187,0.94118,0.68694,1.03828,0.64359,0.96844,0.00127975,0.00127975,0.00127975
1059,11064.9,0.85592,0.60425,0.96328,0.96422,0.84255,0.94118,0.68684,1.03826,0.64356,0.96836,0.0012715,0.0012715,0.0012715
1060,11075.4,0.85437,0.61185,0.96513,0.96531,0.84255,0.94117,0.68724,1.03811,0.64338,0.96818,0.00126325,0.00126325,0.00126325
1061,11086,0.86201,0.6193,0.97405,0.96501,0.84255,0.94344,0.68728,1.0377,0.64311,0.96801,0.001255,0.001255,0.001255
1062,11096.9,0.84044,0.60778,0.96256,0.96538,0.84255,0.94354,0.68801,1.03776,0.64308,0.96799,0.00124675,0.00124675,0.00124675
1063,11107.6,0.86954,0.62606,0.97151,0.96412,0.84255,0.94356,0.68736,1.03742,0.64315,0.96763,0.0012385,0.0012385,0.0012385
1064,11118,0.86782,0.63047,0.9665,0.96435,0.84255,0.94352,0.68738,1.03743,0.64303,0.96772,0.00123025,0.00123025,0.00123025
1065,11129,0.86325,0.63556,0.9772,0.96449,0.84255,0.94365,0.6877,1.03717,0.64267,0.96757,0.001222,0.001222,0.001222
1066,11139.5,0.87404,0.63151,0.96823,0.96466,0.84255,0.94367,0.68742,1.03721,0.64277,0.96756,0.00121375,0.00121375,0.00121375
1067,11150,0.86424,0.60781,0.96214,0.96455,0.84255,0.94375,0.68782,1.03675,0.64234,0.9675,0.0012055,0.0012055,0.0012055
1068,11160.4,0.87238,0.62575,0.96846,0.96461,0.84255,0.94225,0.68755,1.03669,0.64231,0.96745,0.00119725,0.00119725,0.00119725
1069,11171.3,0.88233,0.62066,0.96125,0.96559,0.84255,0.94393,0.688,1.03645,0.64236,0.96744,0.001189,0.001189,0.001189
1070,11181.9,0.87658,0.63239,0.97082,0.96697,0.84255,0.94226,0.68781,1.03614,0.64226,0.96732,0.00118075,0.00118075,0.00118075
1071,11192.3,0.8708,0.62774,0.97364,0.96669,0.84255,0.94217,0.688,1.03606,0.64201,0.96733,0.0011725,0.0011725,0.0011725
1072,11203.2,0.89282,0.64108,0.96617,0.9655,0.84255,0.94223,0.6879,1.03599,0.64207,0.96729,0.00116425,0.00116425,0.00116425
1073,11213.7,0.8631,0.6217,0.97449,0.96663,0.84255,0.94218,0.68783,1.03599,0.64187,0.96729,0.001156,0.001156,0.001156
1074,11224.2,0.86393,0.62324,0.96674,0.96657,0.84255,0.94222,0.68775,1.03576,0.64166,0.96721,0.00114775,0.00114775,0.00114775
1075,11234.9,0.86433,0.6185,0.96143,0.96785,0.84255,0.94233,0.68836,1.03575,0.64155,0.96713,0.0011395,0.0011395,0.0011395
1076,11246.4,0.87431,0.62529,0.97531,0.96928,0.84468,0.94239,0.68814,1.03556,0.64157,0.96707,0.00113125,0.00113125,0.00113125
1077,11256.9,0.8688,0.62388,0.97311,0.96992,0.84468,0.94239,0.68816,1.03545,0.6415,0.96692,0.001123,0.001123,0.001123
1078,11267.3,0.86804,0.62307,0.96958,0.96013,0.84894,0.9425,0.68848,1.03543,0.64123,0.96686,0.00111475,0.00111475,0.00111475
1079,11279,0.84735,0.61496,0.97115,0.96011,0.84894,0.94259,0.68839,1.03544,0.64095,0.96671,0.0011065,0.0011065,0.0011065
1080,11289.4,0.883,0.63459,0.97756,0.96005,0.84894,0.94259,0.6886,1.03532,0.6407,0.96648,0.00109825,0.00109825,0.00109825
1081,11300.2,0.86556,0.62716,0.97146,0.96038,0.84894,0.94276,0.6886,1.03509,0.64044,0.96635,0.00109,0.00109,0.00109
1082,11311.5,0.88653,0.63078,0.96961,0.96029,0.84894,0.94279,0.68874,1.03506,0.64034,0.96627,0.00108175,0.00108175,0.00108175
1083,11322.2,0.87016,0.6141,0.96504,0.95994,0.84894,0.94289,0.68895,1.03462,0.64009,0.96611,0.0010735,0.0010735,0.0010735
1084,11332.8,0.852,0.60717,0.9638,0.95991,0.84894,0.94292,0.68969,1.03451,0.64019,0.96604,0.00106525,0.00106525,0.00106525
1085,11343.9,0.83254,0.60076,0.96532,0.95998,0.84894,0.94288,0.68969,1.03439,0.63996,0.96598,0.001057,0.001057,0.001057
1086,11355.7,0.85408,0.60601,0.96455,0.95908,0.84894,0.94288,0.68966,1.03424,0.63996,0.96593,0.00104875,0.00104875,0.00104875
1087,11366.2,0.85482,0.61958,0.96593,0.96224,0.84894,0.94297,0.68995,1.03403,0.63983,0.96593,0.0010405,0.0010405,0.0010405
1088,11377,0.85633,0.60991,0.96274,0.96235,0.84894,0.94296,0.69003,1.0338,0.63968,0.96584,0.00103225,0.00103225,0.00103225
1089,11388.6,0.86209,0.62045,0.9623,0.96086,0.84894,0.94437,0.69025,1.03378,0.63974,0.96577,0.001024,0.001024,0.001024
1090,11399.2,0.86097,0.61354,0.9648,0.95924,0.84894,0.94436,0.69014,1.0336,0.63974,0.9657,0.00101575,0.00101575,0.00101575
1091,11409.8,0.85904,0.60773,0.96819,0.96304,0.84894,0.94438,0.69017,1.03318,0.63958,0.9656,0.0010075,0.0010075,0.0010075
1092,11420.8,0.84402,0.61024,0.95987,0.96167,0.84894,0.94442,0.69022,1.03318,0.6395,0.96557,0.00099925,0.00099925,0.00099925
1093,11431.3,0.86348,0.62149,0.96015,0.9615,0.85008,0.9444,0.69028,1.03303,0.63939,0.96541,0.000991,0.000991,0.000991
1094,11442,0.84478,0.60513,0.96212,0.96153,0.8509,0.94447,0.69035,1.03278,0.63928,0.96521,0.00098275,0.00098275,0.00098275
1095,11453.3,0.84805,0.60358,0.96504,0.96825,0.84355,0.94452,0.6908,1.03257,0.63911,0.9651,0.0009745,0.0009745,0.0009745
1096,11464,0.84467,0.61868,0.96099,0.96825,0.84363,0.94484,0.69095,1.03231,0.63889,0.96496,0.00096625,0.00096625,0.00096625
1097,11474.8,0.84547,0.6238,0.96636,0.96825,0.84363,0.9447,0.69091,1.03221,0.63877,0.96485,0.000958,0.000958,0.000958
1098,11485.8,0.84424,0.60486,0.95521,0.96826,0.84369,0.94479,0.69089,1.03211,0.63876,0.9648,0.00094975,0.00094975,0.00094975
1099,11496.2,0.829,0.59633,0.95961,0.96826,0.84375,0.94492,0.69092,1.03192,0.63847,0.96468,0.0009415,0.0009415,0.0009415
1100,11506.6,0.85321,0.60418,0.95962,0.96826,0.8438,0.94519,0.69087,1.03177,0.63853,0.96465,0.00093325,0.00093325,0.00093325
1101,11517.1,0.8336,0.60155,0.95841,0.97072,0.84642,0.94618,0.69104,1.03179,0.63834,0.96457,0.000925,0.000925,0.000925
1102,11528.8,0.84379,0.60293,0.95884,0.97068,0.84539,0.94622,0.69079,1.03159,0.63824,0.96445,0.00091675,0.00091675,0.00091675
1103,11539.2,0.83482,0.60625,0.96736,0.97252,0.84681,0.94624,0.69104,1.03132,0.63815,0.96433,0.0009085,0.0009085,0.0009085
1104,11549.8,0.84194,0.60309,0.96237,0.97268,0.84681,0.94634,0.69121,1.03107,0.6381,0.9643,0.00090025,0.00090025,0.00090025
1105,11561,0.82872,0.61664,0.96324,0.97252,0.84681,0.94629,0.69135,1.03116,0.63793,0.96409,0.000892,0.000892,0.000892
1106,11571.8,0.82653,0.60037,0.95327,0.97225,0.84681,0.94642,0.69172,1.03099,0.63774,0.96419,0.00088375,0.00088375,0.00088375
1107,11582.5,0.85874,0.62697,0.96999,0.97095,0.84681,0.94639,0.69215,1.03077,0.63776,0.96394,0.0008755,0.0008755,0.0008755
1108,11593.6,0.82532,0.59873,0.96155,0.97119,0.84894,0.94638,0.69132,1.03083,0.63792,0.96399,0.00086725,0.00086725,0.00086725
1109,11604.1,0.86925,0.6208,0.96472,0.9732,0.85,0.9465,0.69164,1.03082,0.63782,0.96386,0.000859,0.000859,0.000859
1110,11614.5,0.8285,0.60367,0.96489,0.97114,0.84894,0.94634,0.69159,1.0306,0.63808,0.96383,0.00085075,0.00085075,0.00085075
1111,11625.4,0.83676,0.59014,0.9558,0.97115,0.84894,0.94636,0.69144,1.03063,0.63759,0.96365,0.0008425,0.0008425,0.0008425
1112,11635.8,0.85198,0.60711,0.96228,0.97081,0.84906,0.94633,0.69168,1.03065,0.63741,0.96361,0.00083425,0.00083425,0.00083425
1113,11646.2,0.82588,0.59464,0.96072,0.97082,0.84958,0.94635,0.69146,1.03053,0.63741,0.96359,0.000826,0.000826,0.000826
1114,11656.9,0.82268,0.59458,0.9588,0.97082,0.84956,0.94636,0.69163,1.0306,0.63727,0.96352,0.00081775,0.00081775,0.00081775
1115,11668.1,0.85039,0.60939,0.9543,0.97082,0.84949,0.94638,0.69175,1.0307,0.63671,0.96351,0.0008095,0.0008095,0.0008095
1116,11678.6,0.82867,0.59807,0.94648,0.9716,0.84894,0.94636,0.69182,1.03067,0.63675,0.9635,0.00080125,0.00080125,0.00080125
1117,11689,0.857,0.62366,0.96236,0.97123,0.84894,0.94637,0.69156,1.03068,0.63668,0.96349,0.000793,0.000793,0.000793
1118,11699.8,0.82857,0.58903,0.96018,0.97322,0.85045,0.94633,0.69185,1.03071,0.63663,0.96337,0.00078475,0.00078475,0.00078475
1119,11710.2,0.8347,0.59498,0.96053,0.97321,0.8501,0.94637,0.69194,1.03059,0.63667,0.96335,0.0007765,0.0007765,0.0007765
1120,11720.7,0.82124,0.59535,0.95292,0.97321,0.85009,0.94644,0.6922,1.03054,0.63647,0.96332,0.00076825,0.00076825,0.00076825
1121,11731.6,0.84414,0.59555,0.96034,0.97322,0.85047,0.94647,0.69247,1.03041,0.63657,0.96333,0.00076,0.00076,0.00076
1122,11742.3,0.83819,0.59721,0.95149,0.97321,0.85005,0.9464,0.69228,1.03051,0.63653,0.96334,0.00075175,0.00075175,0.00075175
1123,11752.6,0.85573,0.60561,0.96561,0.9732,0.84994,0.94645,0.69214,1.03039,0.63649,0.96318,0.0007435,0.0007435,0.0007435
1124,11763,0.82835,0.59159,0.96237,0.97319,0.84967,0.94647,0.69217,1.03025,0.63649,0.96315,0.00073525,0.00073525,0.00073525
1125,11773.3,0.82902,0.59241,0.9548,0.9732,0.84997,0.94647,0.69193,1.03016,0.63657,0.96306,0.000727,0.000727,0.000727
1126,11783.6,0.81164,0.58564,0.95684,0.97321,0.85019,0.94649,0.69234,1.03009,0.63661,0.96304,0.00071875,0.00071875,0.00071875
1127,11794,0.81959,0.59779,0.95751,0.97321,0.85017,0.94653,0.69202,1.03009,0.63647,0.96306,0.0007105,0.0007105,0.0007105
1128,11804.4,0.83902,0.61212,0.96194,0.97319,0.84968,0.9465,0.69266,1.0299,0.63635,0.96291,0.00070225,0.00070225,0.00070225
1129,11815.1,0.83464,0.59311,0.95695,0.97321,0.85013,0.94652,0.69287,1.02963,0.63639,0.96285,0.000694,0.000694,0.000694
1130,11825.8,0.85829,0.61405,0.96302,0.97177,0.84894,0.94651,0.69271,1.02952,0.63628,0.9628,0.00068575,0.00068575,0.00068575
1131,11836.2,0.83274,0.6055,0.95769,0.97321,0.85026,0.94659,0.6936,1.02935,0.63617,0.96276,0.0006775,0.0006775,0.0006775
1132,11846.7,0.83925,0.61346,0.95817,0.97122,0.84894,0.94656,0.69303,1.0292,0.63589,0.96269,0.00066925,0.00066925,0.00066925
1133,11857.1,0.84449,0.6082,0.96223,0.97218,0.84894,0.94654,0.69333,1.02894,0.63582,0.96247,0.000661,0.000661,0.000661
1134,11867.4,0.82167,0.6011,0.95811,0.97559,0.85031,0.94652,0.69314,1.02901,0.63572,0.96251,0.00065275,0.00065275,0.00065275
1135,11877.9,0.82885,0.59651,0.95844,0.97559,0.85047,0.94656,0.69347,1.02899,0.63561,0.96247,0.0006445,0.0006445,0.0006445
1136,11888.3,0.82666,0.59083,0.96315,0.97561,0.85102,0.94653,0.69399,1.0289,0.63551,0.96243,0.00063625,0.00063625,0.00063625
1137,11898.9,0.82406,0.59576,0.95228,0.97321,0.8503,0.94652,0.69416,1.02896,0.63555,0.96243,0.000628,0.000628,0.000628
1138,11909.6,0.8334,0.60367,0.95674,0.97321,0.85023,0.94663,0.69369,1.02877,0.63539,0.96238,0.00061975,0.00061975,0.00061975
1139,11920,0.8147,0.59589,0.95578,0.97323,0.85101,0.9465,0.69421,1.02871,0.6353,0.96235,0.0006115,0.0006115,0.0006115
1140,11930.6,0.83006,0.59746,0.95618,0.97521,0.84894,0.9466,0.69367,1.02867,0.63516,0.96229,0.00060325,0.00060325,0.00060325
1141,11941.2,0.83847,0.59572,0.95152,0.97682,0.84894,0.94664,0.69404,1.02878,0.63516,0.96239,0.000595,0.000595,0.000595
1142,11951.6,0.84148,0.60675,0.95529,0.97193,0.85106,0.94659,0.69461,1.02881,0.63474,0.96229,0.00058675,0.00058675,0.00058675
1143,11962.2,0.82889,0.59651,0.952,0.9762,0.84894,0.9466,0.69439,1.02879,0.6348,0.96223,0.0005785,0.0005785,0.0005785
1144,11972.9,0.81973,0.59476,0.9597,0.97524,0.85106,0.94656,0.69426,1.02875,0.6347,0.96225,0.00057025,0.00057025,0.00057025
1145,11983.4,0.80026,0.57896,0.95528,0.97102,0.85106,0.94661,0.6945,1.02858,0.63455,0.96224,0.000562,0.000562,0.000562
1146,11993.8,0.80966,0.59038,0.95388,0.97081,0.85106,0.94669,0.69469,1.02853,0.63446,0.96207,0.00055375,0.00055375,0.00055375
1147,12004.4,0.82594,0.5907,0.95186,0.9711,0.85106,0.94667,0.69494,1.02849,0.63441,0.96203,0.0005455,0.0005455,0.0005455
1148,12015.2,0.8434,0.59345,0.95558,0.96619,0.85116,0.94672,0.69475,1.02844,0.63439,0.96206,0.00053725,0.00053725,0.00053725
1149,12025.6,0.80915,0.58118,0.94861,0.96622,0.8521,0.94674,0.69495,1.0284,0.63432,0.96195,0.000529,0.000529,0.000529
1150,12036.2,0.81704,0.59248,0.95496,0.96623,0.85106,0.9466,0.69454,1.02821,0.63411,0.96183,0.00052075,0.00052075,0.00052075
1151,12046.7,0.81151,0.58606,0.95083,0.96858,0.85254,0.94662,0.6946,1.02817,0.63413,0.96178,0.0005125,0.0005125,0.0005125
1152,12057.2,0.7972,0.5667,0.9374,0.96858,0.85253,0.94677,0.69513,1.02807,0.63428,0.96177,0.00050425,0.00050425,0.00050425
1153,12067.8,0.82606,0.59385,0.9484,0.96858,0.85276,0.94673,0.69483,1.02819,0.63429,0.96173,0.000496,0.000496,0.000496
1154,12078.1,0.82286,0.5898,0.95681,0.96858,0.85275,0.94662,0.69477,1.02788,0.63416,0.96168,0.00048775,0.00048775,0.00048775
1155,12088.6,0.83179,0.58789,0.94552,0.96893,0.85106,0.94674,0.69481,1.02779,0.63406,0.96159,0.0004795,0.0004795,0.0004795
1156,12099,0.82137,0.58945,0.95072,0.96945,0.85106,0.94664,0.69489,1.02779,0.63398,0.96155,0.00047125,0.00047125,0.00047125
1157,12109.4,0.83237,0.59742,0.94781,0.96854,0.85147,0.94664,0.69491,1.02781,0.63389,0.96149,0.000463,0.000463,0.000463
1158,12119.8,0.80525,0.5868,0.95551,0.96853,0.85118,0.94667,0.69481,1.02771,0.63377,0.96138,0.00045475,0.00045475,0.00045475
1159,12130.2,0.81373,0.58814,0.95705,0.96853,0.85116,0.94676,0.69493,1.02762,0.63367,0.96133,0.0004465,0.0004465,0.0004465
1160,12140.7,0.80683,0.57841,0.94207,0.97353,0.85106,0.94696,0.69466,1.02753,0.63358,0.96124,0.00043825,0.00043825,0.00043825
1161,12151.2,0.81521,0.5943,0.95192,0.97163,0.85106,0.94679,0.69477,1.02752,0.63343,0.96117,0.00043,0.00043,0.00043
1162,12161.7,0.80617,0.57594,0.94755,0.97154,0.85106,0.94681,0.6948,1.02733,0.63317,0.96108,0.00042175,0.00042175,0.00042175
1163,12172.3,0.82844,0.59591,0.9516,0.97512,0.85106,0.94702,0.69468,1.0274,0.63313,0.96105,0.0004135,0.0004135,0.0004135
1164,12182.8,0.82021,0.58409,0.94904,0.97174,0.85106,0.94706,0.695,1.02739,0.63285,0.96099,0.00040525,0.00040525,0.00040525
1165,12193.2,0.81745,0.59864,0.9552,0.97489,0.85106,0.9468,0.69463,1.02732,0.63276,0.96093,0.000397,0.000397,0.000397
1166,12203.6,0.79196,0.57455,0.95048,0.97327,0.85201,0.94693,0.695,1.02717,0.63256,0.9608,0.00038875,0.00038875,0.00038875
1167,12214.2,0.82342,0.59286,0.94982,0.97326,0.85196,0.94698,0.69528,1.02712,0.63262,0.96073,0.0003805,0.0003805,0.0003805
1168,12224.8,0.8044,0.57734,0.93898,0.97326,0.85174,0.94682,0.6952,1.02726,0.63238,0.96074,0.00037225,0.00037225,0.00037225
1169,12235.2,0.80994,0.58349,0.95439,0.97325,0.85145,0.9468,0.69487,1.02716,0.63231,0.96073,0.000364,0.000364,0.000364
1170,12245.6,0.80057,0.56642,0.93749,0.97325,0.85144,0.9467,0.69486,1.02711,0.63226,0.96059,0.00035575,0.00035575,0.00035575
1171,12256,0.81352,0.58359,0.94691,0.97328,0.85319,0.94683,0.69476,1.02703,0.63219,0.96051,0.0003475,0.0003475,0.0003475
1172,12266.4,0.81436,0.59177,0.94939,0.97275,0.85319,0.9468,0.69477,1.02692,0.63212,0.96044,0.00033925,0.00033925,0.00033925
1173,12276.7,0.80915,0.57389,0.948,0.97467,0.85106,0.94686,0.69464,1.02698,0.63184,0.96039,0.000331,0.000331,0.000331
1174,12287.2,0.81135,0.58437,0.95363,0.97491,0.85106,0.94678,0.69475,1.02815,0.63535,0.96122,0.00032275,0.00032275,0.00032275
1175,12297.8,0.83198,0.60703,0.95348,0.9753,0.85106,0.94678,0.69525,1.02791,0.63527,0.96112,0.0003145,0.0003145,0.0003145
1176,12308.2,0.8164,0.58713,0.94391,0.97562,0.85138,0.94677,0.69533,1.02814,0.63492,0.96109,0.00030625,0.00030625,0.00030625
1177,12318.9,0.78947,0.56991,0.94098,0.97562,0.85161,0.94673,0.69544,1.02796,0.63501,0.96107,0.000298,0.000298,0.000298
1178,12329.7,0.80987,0.58356,0.95273,0.97562,0.85145,0.94663,0.69566,1.02787,0.63507,0.96098,0.00028975,0.00028975,0.00028975
1179,12340.4,0.80169,0.57755,0.95131,0.97562,0.85159,0.94663,0.69592,1.02765,0.63499,0.96093,0.0002815,0.0002815,0.0002815
1180,12351.1,0.79822,0.58076,0.95197,0.97562,0.85154,0.94667,0.69611,1.02759,0.63482,0.96092,0.00027325,0.00027325,0.00027325
1181,12361.7,0.83007,0.59396,0.9518,0.97563,0.85162,0.94667,0.69533,1.02749,0.63454,0.96072,0.000265,0.000265,0.000265
1182,12372.1,0.80563,0.58609,0.94733,0.97564,0.85202,0.9467,0.69615,1.02759,0.63433,0.96075,0.00025675,0.00025675,0.00025675
1183,12382.8,0.82185,0.58789,0.95488,0.97563,0.85195,0.94676,0.69602,1.02749,0.6344,0.96075,0.0002485,0.0002485,0.0002485
1184,12393.1,0.78923,0.57454,0.94783,0.97563,0.8519,0.94653,0.69588,1.02756,0.63429,0.9607,0.00024025,0.00024025,0.00024025
1185,12403.5,0.79647,0.57464,0.95158,0.97562,0.85146,0.94654,0.69591,1.02736,0.63416,0.96069,0.000232,0.000232,0.000232
1186,12413.9,0.81335,0.57751,0.94811,0.97562,0.85144,0.94667,0.69616,1.02731,0.63416,0.9606,0.00022375,0.00022375,0.00022375
1187,12424.5,0.81482,0.59293,0.94467,0.97562,0.8514,0.94674,0.69687,1.02725,0.63402,0.96054,0.0002155,0.0002155,0.0002155
1188,12435.2,0.8195,0.57947,0.95579,0.97563,0.85178,0.94649,0.69651,1.02716,0.63416,0.96049,0.00020725,0.00020725,0.00020725
1189,12445.5,0.81054,0.57816,0.94512,0.97563,0.85174,0.94647,0.69651,1.02718,0.63392,0.96043,0.000199,0.000199,0.000199
1190,12455.9,0.80181,0.57588,0.93798,0.97563,0.85169,0.94662,0.69643,1.02731,0.63383,0.96044,0.00019075,0.00019075,0.00019075
1191,12467.8,0.95125,0.55746,0.91874,0.97563,0.85182,0.94666,0.69541,1.02717,0.63367,0.96044,0.0001825,0.0001825,0.0001825
1192,12478.2,0.88615,0.51452,0.88323,0.97564,0.85226,0.94566,0.69638,1.02724,0.63377,0.96047,0.00017425,0.00017425,0.00017425
1193,12488.6,0.87707,0.51715,0.87796,0.97561,0.85113,0.94563,0.69682,1.02703,0.63361,0.96026,0.000166,0.000166,0.000166
1194,12499,0.85511,0.50658,0.8783,0.97814,0.85106,0.94605,0.69676,1.02694,0.63398,0.96029,0.00015775,0.00015775,0.00015775
1195,12509.4,0.83894,0.49688,0.86881,0.978,0.85114,0.94613,0.6972,1.0269,0.63366,0.96019,0.0001495,0.0001495,0.0001495
1196,12520,0.85925,0.49043,0.86544,0.97808,0.85453,0.94613,0.69717,1.02677,0.63329,0.96003,0.00014125,0.00014125,0.00014125
1197,12530.5,0.8354,0.49165,0.863,0.97805,0.85307,0.946,0.69712,1.02659,0.63304,0.95993,0.000133,0.000133,0.000133
1198,12541,0.82383,0.49739,0.86776,0.97806,0.85379,0.94622,0.69728,1.02627,0.63293,0.95993,0.00012475,0.00012475,0.00012475
1199,12551.8,0.81064,0.48607,0.85691,0.97806,0.85368,0.94613,0.69727,1.02622,0.63279,0.95987,0.0001165,0.0001165,0.0001165
1200,12562.2,0.82672,0.48775,0.8677,0.97806,0.85369,0.94612,0.69743,1.02606,0.63259,0.95978,0.00010825,0.00010825,0.00010825
