epoch,time,train/box_loss,train/cls_loss,train/dfl_loss,metrics/precision(B),metrics/recall(B),metrics/mAP50(B),metrics/mAP50-95(B),val/box_loss,val/cls_loss,val/dfl_loss,lr/pg0,lr/pg1,lr/pg2
1,51.94,5.84449,9.88955,4.19745,1e-05,0.00213,1e-05,0,6.3018,11.8767,4.15515,0.00327778,0.00327778,0.00327778
2,63.3439,5.84095,7.20645,4.13526,1e-05,0.00213,1e-05,0,6.26764,7.08799,4.04819,0.00660566,0.00660566,0.00660566
3,74.5142,5.16941,4.85989,3.37177,0.00078,0.10851,0.00045,0.00011,4.18879,5.02012,3.73663,0.00992804,0.00992804,0.00992804
4,85.7454,4.23586,4.33218,2.69833,0.00046,0.06596,0.00027,5e-05,4.50104,4.8075,3.0467,0.00997525,0.00997525,0.00997525
5,96.536,4.16656,4.27404,2.64565,0.0005,0.07021,0.0003,6e-05,4.45068,4.54221,2.37339,0.009967,0.009967,0.009967
6,107.38,4.08881,4.24267,2.55987,0.00065,0.05745,0.00037,0.0001,4.31332,4.80868,2.4238,0.00995875,0.00995875,0.00995875
7,118.267,3.95113,4.24732,2.62023,0.00044,0.06596,0.00024,8e-05,4.01778,4.52329,2.21613,0.0099505,0.0099505,0.0099505
8,129.153,3.81503,4.29198,2.64149,0.00184,0.23191,0.00141,0.0003,3.64036,4.25058,2.37429,0.00994225,0.00994225,0.00994225
9,140.371,3.64175,4.2422,2.57624,0.00188,0.28298,0.00155,0.00037,3.43035,4.16754,2.26184,0.009934,0.009934,0.009934
10,151.596,3.49235,4.23303,2.54376,0.00158,0.2383,0.00108,0.00026,3.58476,4.97625,2.26708,0.00992575,0.00992575,0.00992575
11,162.434,3.44637,4.19454,2.52542,0.00089,0.13617,0.00054,0.00012,3.79225,4.58847,2.24073,0.0099175,0.0099175,0.0099175
12,173.189,3.40971,4.16455,2.51594,0.00157,0.2383,0.00105,0.00024,3.50119,4.30362,2.45891,0.00990925,0.00990925,0.00990925
13,184.034,3.41641,4.1404,2.54113,0.00211,0.32128,0.00239,0.00054,3.28027,4.25744,2.2654,0.009901,0.009901,0.009901
14,195.197,3.34742,4.09862,2.54616,0.00216,0.32766,0.00156,0.00035,3.27894,4.24462,2.34995,0.00989275,0.00989275,0.00989275
15,206.024,3.34294,4.09511,2.49123,0.00231,0.34894,0.00319,0.00066,3.28153,4.08518,2.37183,0.0098845,0.0098845,0.0098845
16,217.152,3.31796,4.07341,2.503,0.00237,0.35957,0.00351,0.00077,3.31388,4.13372,2.36536,0.00987625,0.00987625,0.00987625
17,228.245,3.29992,4.08213,2.49582,0.0017,0.25532,0.00144,0.00036,3.49673,4.88474,2.33093,0.009868,0.009868,0.009868
18,239.076,3.2726,4.06375,2.4924,0.00241,0.36383,0.00349,0.00072,3.28124,4.24813,2.3717,0.00985975,0.00985975,0.00985975
19,249.899,3.2508,4.05952,2.45041,0.00131,0.2,0.00104,0.00024,3.47962,4.61199,2.27704,0.0098515,0.0098515,0.0098515
20,260.735,3.25861,4.03694,2.47993,0.00159,0.24255,0.00137,0.00035,3.52593,4.91921,2.32886,0.00984325,0.00984325,0.00984325
21,271.579,3.23197,4.04655,2.45219,0.00138,0.20426,0.00137,0.00032,3.64914,4.58043,2.49215,0.009835,0.009835,0.009835
22,282.394,3.22107,4.04119,2.44028,0.00156,0.19574,0.00126,0.00033,3.71858,5.30103,2.5389,0.00982675,0.00982675,0.00982675
23,293.297,3.16316,3.95804,2.42032,0.00393,0.44681,0.00867,0.00203,3.1166,3.97967,2.27296,0.0098185,0.0098185,0.0098185
24,304.393,3.15906,3.94612,2.41689,0.00299,0.44681,0.00736,0.0016,3.2022,4.18765,2.30321,0.00981025,0.00981025,0.00981025
25,315.224,3.12759,3.93305,2.39794,0.00217,0.28936,0.00409,0.00087,3.51271,4.33851,2.44692,0.009802,0.009802,0.009802
26,326.087,3.10863,3.89332,2.4011,0.0032,0.44468,0.00834,0.00176,3.18421,4.0642,2.34713,0.00979375,0.00979375,0.00979375
27,336.984,3.08639,3.83745,2.39966,0.03924,0.15319,0.02706,0.0059,3.12138,3.93039,2.29342,0.0097855,0.0097855,0.0097855
28,348.086,3.07726,3.82432,2.40137,0.12391,0.02128,0.02288,0.00526,3.05664,3.88555,2.21423,0.00977725,0.00977725,0.00977725
29,358.905,3.05628,3.79751,2.3794,0.04341,0.12979,0.02405,0.00587,3.10684,3.92197,2.30714,0.009769,0.009769,0.009769
30,369.685,3.05827,3.75125,2.39439,0.00355,0.25745,0.00867,0.00203,3.54841,4.71312,2.49892,0.00976075,0.00976075,0.00976075
31,380.489,3.05408,3.73089,2.35831,0.01625,0.14681,0.00687,0.0019,3.38214,4.99637,2.35419,0.0097525,0.0097525,0.0097525
32,391.27,3.00266,3.68326,2.35622,0.14508,0.0617,0.02669,0.00586,3.1108,3.84264,2.29865,0.00974425,0.00974425,0.00974425
33,402.1,3.00981,3.66563,2.35233,0.06015,0.08936,0.02698,0.00689,3.07699,3.82556,2.28636,0.009736,0.009736,0.009736
34,413.271,3.01812,3.68054,2.36364,0.09974,0.0383,0.01418,0.00372,3.32451,4.08358,2.3175,0.00972775,0.00972775,0.00972775
35,424.081,2.96952,3.62057,2.33439,0.09812,0.12766,0.03327,0.00815,2.92039,3.70607,2.20221,0.0097195,0.0097195,0.0097195
36,435.144,2.93314,3.62675,2.32188,0.09525,0.08298,0.03061,0.00732,3.07959,3.74041,2.29164,0.00971125,0.00971125,0.00971125
37,445.97,2.96158,3.61247,2.33874,0.07176,0.16596,0.0329,0.00758,3.02663,3.65646,2.31534,0.009703,0.009703,0.009703
38,456.775,2.95951,3.51319,2.32711,0.11443,0.1075,0.03878,0.0097,2.91409,3.58957,2.20563,0.00969475,0.00969475,0.00969475
39,467.84,2.95216,3.52014,2.31496,0.10639,0.15319,0.03798,0.01018,2.86043,3.55901,2.19631,0.0096865,0.0096865,0.0096865
40,478.927,2.93103,3.54195,2.32516,0.07736,0.15319,0.03406,0.00894,2.97894,3.83348,2.28048,0.00967825,0.00967825,0.00967825
41,489.758,2.9264,3.51967,2.30277,0.07644,0.11277,0.03619,0.00909,3.02694,3.67908,2.24025,0.00967,0.00967,0.00967
42,500.666,2.95024,3.51956,2.3133,0.13369,0.11952,0.04832,0.01273,2.91807,3.54122,2.1866,0.00966175,0.00966175,0.00966175
43,511.703,2.90442,3.47572,2.29837,0.09448,0.14681,0.04747,0.01044,2.95295,3.55972,2.25515,0.0096535,0.0096535,0.0096535
44,522.475,2.86773,3.45886,2.28534,0.13823,0.10638,0.05241,0.01235,2.97814,3.6649,2.28077,0.00964525,0.00964525,0.00964525
45,533.559,2.86234,3.43436,2.29308,0.16505,0.11277,0.06155,0.01574,2.92093,3.60243,2.21906,0.009637,0.009637,0.009637
46,544.602,2.85891,3.43368,2.28331,0.15371,0.13404,0.05882,0.0153,2.88133,3.4786,2.18892,0.00962875,0.00962875,0.00962875
47,555.544,2.82435,3.38597,2.26256,0.11124,0.11702,0.04153,0.01094,2.90932,3.50505,2.19971,0.0096205,0.0096205,0.0096205
48,566.513,2.84399,3.45039,2.25932,0.10759,0.0766,0.02953,0.00845,3.15625,4.07808,2.28171,0.00961225,0.00961225,0.00961225
49,577.435,2.83588,3.45232,2.28652,0.09847,0.132,0.04709,0.01134,2.87814,3.63096,2.22337,0.009604,0.009604,0.009604
50,588.218,2.78502,3.36803,2.25001,0.12865,0.11702,0.0435,0.01093,2.9826,3.66723,2.25505,0.00959575,0.00959575,0.00959575
51,599.025,2.81668,3.34785,2.24851,0.15978,0.10213,0.06157,0.01888,2.86087,3.48823,2.17883,0.0095875,0.0095875,0.0095875
52,610.089,2.82936,3.37714,2.23077,0.17731,0.09787,0.0556,0.01685,2.93441,3.54029,2.18248,0.00957925,0.00957925,0.00957925
53,620.896,2.78692,3.36886,2.22276,0.133,0.14894,0.05856,0.01393,2.85223,3.6646,2.2305,0.009571,0.009571,0.009571
54,631.698,2.80861,3.36095,2.24766,0.13259,0.14043,0.04615,0.01206,2.901,3.5978,2.21377,0.00956275,0.00956275,0.00956275
55,642.597,2.78053,3.35173,2.22686,0.11824,0.13617,0.04906,0.01313,2.89568,3.43821,2.22046,0.0095545,0.0095545,0.0095545
56,653.664,2.73394,3.28793,2.19194,0.11313,0.12553,0.05242,0.0123,2.90698,3.49486,2.23082,0.00954625,0.00954625,0.00954625
57,664.685,2.72809,3.31708,2.18797,0.04985,0.11277,0.02004,0.00489,2.95996,3.81357,2.20087,0.009538,0.009538,0.009538
58,675.542,2.77515,3.35136,2.20505,0.11362,0.02553,0.02103,0.00738,3.25561,4.08604,2.31689,0.00952975,0.00952975,0.00952975
59,686.422,2.72711,3.27612,2.18955,0.13141,0.16383,0.06942,0.01837,2.78625,3.44206,2.18547,0.0095215,0.0095215,0.0095215
60,697.496,2.76067,3.33046,2.20035,0.16982,0.11277,0.06488,0.0186,2.85382,3.33723,2.18694,0.00951325,0.00951325,0.00951325
61,708.496,2.764,3.2757,2.19648,0.19284,0.14043,0.0693,0.02062,2.82825,3.29351,2.16122,0.009505,0.009505,0.009505
62,719.718,2.73755,3.29685,2.19346,0.11414,0.17021,0.06104,0.01647,2.80988,3.53306,2.18223,0.00949675,0.00949675,0.00949675
63,730.725,2.73065,3.30282,2.19316,0.22161,0.10843,0.08209,0.02446,2.7877,3.34857,2.17567,0.0094885,0.0094885,0.0094885
64,741.749,2.67125,3.27855,2.17727,0.2126,0.1,0.07808,0.02604,2.8146,3.37451,2.18043,0.00948025,0.00948025,0.00948025
65,752.948,2.70568,3.29486,2.17754,0.17141,0.11488,0.05325,0.01289,2.84594,3.46274,2.17842,0.009472,0.009472,0.009472
66,763.719,2.68602,3.2631,2.16756,0.17285,0.08137,0.04687,0.01531,3.02356,3.92348,2.17824,0.00946375,0.00946375,0.00946375
67,774.505,2.66801,3.26195,2.15629,0.1452,0.12128,0.06606,0.01824,2.95067,3.58175,2.27072,0.0094555,0.0094555,0.0094555
68,785.326,2.66461,3.25718,2.16073,0.18885,0.1234,0.08099,0.0222,2.72331,3.43202,2.12678,0.00944725,0.00944725,0.00944725
69,796.151,2.69474,3.29946,2.17619,0.16552,0.14043,0.09102,0.02446,2.71781,3.36279,2.11927,0.009439,0.009439,0.009439
70,806.966,2.63201,3.21821,2.14365,0.15876,0.19574,0.07838,0.02012,2.73116,3.37063,2.1944,0.00943075,0.00943075,0.00943075
71,817.867,2.65973,3.23761,2.15639,0.15511,0.14894,0.06861,0.02029,2.82803,3.42367,2.23656,0.0094225,0.0094225,0.0094225
72,828.785,2.67659,3.23151,2.17159,0.17654,0.15957,0.08725,0.02512,2.74037,3.31492,2.18879,0.00941425,0.00941425,0.00941425
73,840.108,2.63388,3.17141,2.13404,0.16919,0.1766,0.07727,0.02335,2.72883,3.30008,2.15061,0.009406,0.009406,0.009406
74,851.027,2.59727,3.19196,2.11503,0.17029,0.11747,0.05871,0.01796,2.83469,3.51366,2.2236,0.00939775,0.00939775,0.00939775
75,861.856,2.66156,3.21891,2.15716,0.17329,0.14681,0.07408,0.02004,2.75607,3.37761,2.14631,0.0093895,0.0093895,0.0093895
76,872.65,2.65506,3.23526,2.15499,0.22039,0.14616,0.08901,0.02604,2.72708,3.22951,2.19453,0.00938125,0.00938125,0.00938125
77,883.746,2.63561,3.19533,2.14092,0.17823,0.15745,0.08035,0.02375,2.79323,3.38279,2.16773,0.009373,0.009373,0.009373
78,894.574,2.63574,3.2153,2.15113,0.19224,0.14468,0.08552,0.02513,2.74086,3.30213,2.14903,0.00936475,0.00936475,0.00936475
79,905.503,2.66491,3.24032,2.13126,0.18846,0.1512,0.08563,0.02441,2.77172,3.2527,2.17522,0.0093565,0.0093565,0.0093565
80,916.283,2.59974,3.18654,2.12161,0.23301,0.12979,0.0983,0.0344,2.69361,3.26018,2.13561,0.00934825,0.00934825,0.00934825
81,927.347,2.60503,3.17794,2.12842,0.1594,0.14681,0.0711,0.01991,2.74556,3.34608,2.11209,0.00934,0.00934,0.00934
82,938.126,2.5744,3.17975,2.1044,0.19836,0.15532,0.09502,0.02913,2.65025,3.25805,2.10401,0.00933175,0.00933175,0.00933175
83,948.975,2.61009,3.14916,2.12574,0.18225,0.16383,0.09459,0.03434,2.67216,3.21629,2.13608,0.0093235,0.0093235,0.0093235
84,960.004,2.60619,3.18194,2.12041,0.18743,0.18511,0.10133,0.03119,2.67357,3.35241,2.15831,0.00931525,0.00931525,0.00931525
85,970.8,2.58647,3.14088,2.12426,0.23272,0.15957,0.1128,0.03577,2.61132,3.14283,2.11311,0.009307,0.009307,0.009307
86,982.069,2.57823,3.16218,2.09907,0.19093,0.14468,0.10176,0.03117,2.67215,3.17321,2.11103,0.00929875,0.00929875,0.00929875
87,992.837,2.56079,3.11877,2.08224,0.19831,0.14043,0.10758,0.03639,2.62602,3.17014,2.12276,0.0092905,0.0092905,0.0092905
88,1004.15,2.55339,3.14316,2.09042,0.18939,0.17234,0.1047,0.03318,2.64044,3.17957,2.11192,0.00928225,0.00928225,0.00928225
89,1015.13,2.56411,3.14016,2.10091,0.19565,0.18936,0.09252,0.02703,2.60033,3.25052,2.1253,0.009274,0.009274,0.009274
90,1026.22,2.58155,3.1355,2.08892,0.23106,0.15745,0.10895,0.03565,2.68205,3.20973,2.12211,0.00926575,0.00926575,0.00926575
91,1037.67,2.55945,3.15421,2.09011,0.1722,0.17872,0.08008,0.02383,2.60921,3.30571,2.08839,0.0092575,0.0092575,0.0092575
92,1049.04,2.55366,3.14938,2.06731,0.21207,0.15319,0.11355,0.03777,2.58899,3.15718,2.08977,0.00924925,0.00924925,0.00924925
93,1060.07,2.56182,3.11466,2.08539,0.21168,0.14468,0.09217,0.02863,2.63833,3.21178,2.12851,0.009241,0.009241,0.009241
94,1070.83,2.53841,3.10436,2.07936,0.18142,0.19149,0.09404,0.02833,2.64548,3.17936,2.12596,0.00923275,0.00923275,0.00923275
95,1081.78,2.54598,3.14085,2.09028,0.15748,0.17234,0.07754,0.02426,2.67063,3.36846,2.13189,0.0092245,0.0092245,0.0092245
96,1092.75,2.51544,3.09077,2.06716,0.16544,0.18085,0.0825,0.0251,2.63118,3.18305,2.09415,0.00921625,0.00921625,0.00921625
97,1103.55,2.49438,3.09489,2.05118,0.18021,0.1617,0.08971,0.0295,2.61873,3.17058,2.11719,0.009208,0.009208,0.009208
98,1114.67,2.49829,3.07625,2.06937,0.17834,0.13617,0.07301,0.02041,2.71642,3.31008,2.15217,0.00919975,0.00919975,0.00919975
99,1125.73,2.53626,3.12545,2.07012,0.23202,0.15042,0.11675,0.03787,2.6266,3.14678,2.10897,0.0091915,0.0091915,0.0091915
100,1136.77,2.48652,3.07722,2.05633,0.22094,0.1766,0.11391,0.03593,2.57987,3.21462,2.0844,0.00918325,0.00918325,0.00918325
101,1147.75,2.52221,3.09027,2.04899,0.24866,0.15957,0.10773,0.03378,2.63595,3.16712,2.10009,0.009175,0.009175,0.009175
102,1158.84,2.49815,3.12804,2.06059,0.26008,0.1617,0.11536,0.03861,2.60672,3.16656,2.07979,0.00916675,0.00916675,0.00916675
103,1170.05,2.48821,3.055,2.05299,0.24747,0.17283,0.12368,0.0408,2.57912,3.12877,2.07332,0.0091585,0.0091585,0.0091585
104,1181.67,2.44913,3.04026,2.03097,0.21851,0.17447,0.10798,0.03506,2.53986,3.08874,2.06207,0.00915025,0.00915025,0.00915025
105,1192.57,2.49167,3.07718,2.05765,0.17573,0.1766,0.08108,0.02631,2.65872,3.13755,2.12072,0.009142,0.009142,0.009142
106,1203.48,2.48918,3.092,2.07026,0.23071,0.17021,0.09973,0.03017,2.58306,3.17849,2.09886,0.00913375,0.00913375,0.00913375
107,1214.34,2.44171,3.06772,2.04586,0.19836,0.15319,0.09117,0.03152,2.59342,3.21629,2.11406,0.0091255,0.0091255,0.0091255
108,1225.28,2.48876,3.09007,2.05189,0.21153,0.17447,0.09745,0.03268,2.58728,3.20625,2.07518,0.00911725,0.00911725,0.00911725
109,1236.04,2.46247,3.06167,2.04164,0.25883,0.15106,0.10725,0.03293,2.59036,3.20087,2.09946,0.009109,0.009109,0.009109
110,1246.83,2.47285,3.05516,2.03924,0.22607,0.19787,0.12464,0.03764,2.56457,3.08997,2.06608,0.00910075,0.00910075,0.00910075
111,1258,2.49337,3.06414,2.03687,0.22194,0.18511,0.11124,0.03596,2.59373,3.11531,2.11677,0.0090925,0.0090925,0.0090925
112,1268.87,2.42754,3.03416,2.0255,0.23613,0.16809,0.10703,0.03551,2.56218,3.08604,2.08957,0.00908425,0.00908425,0.00908425
113,1279.66,2.45325,3.00919,2.02784,0.22124,0.18298,0.12659,0.04156,2.5666,3.11084,2.09629,0.009076,0.009076,0.009076
114,1290.95,2.45975,3.03039,2.03031,0.30031,0.15957,0.11392,0.03665,2.58111,3.15247,2.10921,0.00906775,0.00906775,0.00906775
115,1301.71,2.43233,3.00882,2.00951,0.26724,0.19574,0.13362,0.0428,2.56991,3.07667,2.10367,0.0090595,0.0090595,0.0090595
116,1312.81,2.45625,3.04342,2.02017,0.23946,0.17015,0.12201,0.04374,2.56299,3.08905,2.07955,0.00905125,0.00905125,0.00905125
117,1323.63,2.43553,3.03007,2.02808,0.21416,0.18496,0.1229,0.03883,2.57117,3.11822,2.08529,0.009043,0.009043,0.009043
118,1335.12,2.43767,3.03333,2.01644,0.22853,0.22249,0.1284,0.042,2.55818,3.05743,2.0653,0.00903475,0.00903475,0.00903475
119,1346.04,2.44699,2.99267,2.01823,0.27575,0.20426,0.13557,0.04239,2.54735,3.10753,2.06435,0.0090265,0.0090265,0.0090265
120,1356.9,2.458,3.03523,2.03093,0.27583,0.14468,0.11147,0.03905,2.56303,3.28002,2.08525,0.00901825,0.00901825,0.00901825
121,1368.08,2.45161,3.0088,2.02938,0.23531,0.2,0.13514,0.04009,2.55966,3.11363,2.07374,0.00901,0.00901,0.00901
122,1378.84,2.40598,2.95791,1.99607,0.26954,0.17447,0.15138,0.04779,2.53683,2.96879,2.07166,0.00900175,0.00900175,0.00900175
123,1389.89,2.43869,2.98775,2.0196,0.22461,0.17021,0.11917,0.04232,2.52979,3.0367,2.0893,0.0089935,0.0089935,0.0089935
124,1400.94,2.41592,2.98552,2.00028,0.23822,0.21277,0.11092,0.03474,2.61042,3.08317,2.09191,0.00898525,0.00898525,0.00898525
125,1411.82,2.46197,3.03735,2.02981,0.29228,0.15532,0.13494,0.04504,2.52014,3.01976,2.02292,0.008977,0.008977,0.008977
126,1422.81,2.41992,2.97104,1.99819,0.25592,0.19149,0.1294,0.04156,2.53968,3.07393,2.05566,0.00896875,0.00896875,0.00896875
127,1433.85,2.4095,2.94771,1.98553,0.25119,0.18936,0.13481,0.04677,2.52339,3.12267,2.03034,0.0089605,0.0089605,0.0089605
128,1444.82,2.39717,2.99104,2.00012,0.23955,0.19787,0.12353,0.04153,2.55565,2.98812,2.08246,0.00895225,0.00895225,0.00895225
129,1455.84,2.42547,2.97122,2.00056,0.23478,0.18936,0.10513,0.03577,2.6316,3.03741,2.0926,0.008944,0.008944,0.008944
130,1466.85,2.40358,2.96615,1.98525,0.28386,0.1766,0.13008,0.04573,2.51209,3.02101,2.04742,0.00893575,0.00893575,0.00893575
131,1477.61,2.36496,2.89133,1.97305,0.22961,0.16809,0.10874,0.03736,2.57488,3.16782,2.08663,0.0089275,0.0089275,0.0089275
132,1488.39,2.38542,2.91272,1.9916,0.23748,0.20426,0.13164,0.04564,2.50973,2.958,2.05183,0.00891925,0.00891925,0.00891925
133,1499.59,2.3985,2.9946,2.00346,0.32481,0.17872,0.13786,0.05071,2.51722,2.98235,2.03565,0.008911,0.008911,0.008911
134,1510.81,2.37248,2.92511,1.98157,0.24076,0.19787,0.14345,0.05242,2.50118,2.93996,2.05052,0.00890275,0.00890275,0.00890275
135,1521.82,2.3441,2.89075,1.96465,0.26548,0.21994,0.15044,0.05487,2.52328,2.93862,2.06298,0.0088945,0.0088945,0.0088945
136,1533.3,2.40661,2.92688,1.98242,0.2639,0.18511,0.1341,0.04074,2.57479,3.03603,2.05806,0.00888625,0.00888625,0.00888625
137,1544.51,2.35876,2.90521,1.953,0.25129,0.20213,0.13037,0.04446,2.52771,2.99193,2.03745,0.008878,0.008878,0.008878
138,1555.33,2.36951,2.9286,1.97361,0.25316,0.20638,0.14968,0.05535,2.46674,2.90819,2.01957,0.00886975,0.00886975,0.00886975
139,1566.49,2.33895,2.86181,1.96606,0.2602,0.21702,0.15975,0.05687,2.45361,2.86826,2.00065,0.0088615,0.0088615,0.0088615
140,1577.78,2.35153,2.91116,1.95672,0.34582,0.21277,0.16562,0.06063,2.48868,2.86773,2.01612,0.00885325,0.00885325,0.00885325
141,1588.75,2.33273,2.86729,1.96015,0.31301,0.21702,0.16597,0.05509,2.45708,2.89009,2.02507,0.008845,0.008845,0.008845
142,1599.51,2.33033,2.86875,1.94493,0.32432,0.19302,0.15182,0.05176,2.50087,2.95228,2.04622,0.00883675,0.00883675,0.00883675
143,1610.46,2.33538,2.85049,1.94202,0.29478,0.18511,0.13893,0.04795,2.50914,2.98797,2.03909,0.0088285,0.0088285,0.0088285
144,1621.22,2.33445,2.84017,1.9458,0.33922,0.19787,0.16458,0.05942,2.47474,2.88183,2.0545,0.00882025,0.00882025,0.00882025
145,1632,2.32986,2.84059,1.94092,0.33781,0.2,0.17229,0.05812,2.47706,2.92412,2.02689,0.008812,0.008812,0.008812
146,1642.97,2.34309,2.88468,1.9556,0.27339,0.2234,0.14391,0.05225,2.47152,2.92945,2.05374,0.00880375,0.00880375,0.00880375
147,1653.76,2.32467,2.84482,1.95565,0.27044,0.22128,0.14063,0.05463,2.47993,2.93705,2.02042,0.0087955,0.0087955,0.0087955
148,1664.53,2.31851,2.83046,1.95263,0.27417,0.18723,0.13661,0.04828,2.51668,2.93557,2.02313,0.00878725,0.00878725,0.00878725
149,1676.01,2.34211,2.86559,1.94369,0.33667,0.2234,0.18022,0.06769,2.43155,2.87035,2.00988,0.008779,0.008779,0.008779
150,1687.37,2.33137,2.82963,1.93999,0.3268,0.22128,0.16232,0.06222,2.49351,2.90852,2.03049,0.00877075,0.00877075,0.00877075
151,1698.12,2.33988,2.83408,1.95613,0.29981,0.21915,0.17056,0.06217,2.46647,2.8914,1.99592,0.0087625,0.0087625,0.0087625
152,1708.97,2.31325,2.84592,1.90783,0.32105,0.20423,0.16019,0.05745,2.50579,2.84502,2.02493,0.00875425,0.00875425,0.00875425
153,1720.47,2.28231,2.74622,1.91826,0.30186,0.19687,0.14782,0.05283,2.46708,2.908,2.01952,0.008746,0.008746,0.008746
154,1732.04,2.29519,2.82098,1.92704,0.28449,0.19574,0.15983,0.06052,2.44869,2.85857,2.0145,0.00873775,0.00873775,0.00873775
155,1742.78,2.29816,2.81812,1.91475,0.3069,0.21702,0.17154,0.06464,2.43157,2.87701,2.00412,0.0087295,0.0087295,0.0087295
156,1753.62,2.27345,2.76372,1.91733,0.30989,0.23191,0.18597,0.06751,2.42403,2.86581,2.02683,0.00872125,0.00872125,0.00872125
157,1765.73,2.29526,2.79905,1.91526,0.27883,0.21277,0.15313,0.05991,2.46368,2.8891,2.01526,0.008713,0.008713,0.008713
158,1776.61,2.28028,2.78022,1.90933,0.27961,0.22132,0.16883,0.06252,2.40163,2.78668,1.99853,0.00870475,0.00870475,0.00870475
159,1787.48,2.26689,2.7271,1.90188,0.3035,0.22128,0.17373,0.057,2.41793,2.86691,2.025,0.0086965,0.0086965,0.0086965
160,1798.71,2.28844,2.78658,1.9096,0.29406,0.23617,0.19354,0.07006,2.4321,2.80573,2.00852,0.00868825,0.00868825,0.00868825
161,1810.69,2.28498,2.79139,1.89601,0.31266,0.18723,0.16655,0.0663,2.43293,2.81919,2.01458,0.00868,0.00868,0.00868
162,1821.42,2.28119,2.73951,1.90064,0.32268,0.19787,0.17955,0.0649,2.42297,2.83708,2.00342,0.00867175,0.00867175,0.00867175
163,1832.3,2.25627,2.76253,1.89303,0.27817,0.24681,0.18897,0.07063,2.38532,2.75587,1.97562,0.0086635,0.0086635,0.0086635
164,1843.95,2.23659,2.7284,1.88475,0.32907,0.21706,0.17467,0.06848,2.42572,2.79851,1.99021,0.00865525,0.00865525,0.00865525
165,1854.83,2.27196,2.72195,1.91103,0.2505,0.22766,0.16619,0.05834,2.39766,2.81877,2.00085,0.008647,0.008647,0.008647
166,1865.65,2.26973,2.75094,1.89525,0.33423,0.24043,0.18801,0.06657,2.4345,2.80764,2.00571,0.00863875,0.00863875,0.00863875
167,1877.08,2.27237,2.73975,1.90298,0.30119,0.22766,0.18123,0.07261,2.42907,2.78483,1.98247,0.0086305,0.0086305,0.0086305
168,1889.2,2.22975,2.70254,1.88003,0.35048,0.24043,0.20624,0.07561,2.40219,2.71689,1.97836,0.00862225,0.00862225,0.00862225
169,1900.22,2.25026,2.71607,1.8915,0.33914,0.2,0.1867,0.07108,2.4316,2.74818,1.98,0.008614,0.008614,0.008614
170,1910.99,2.228,2.66971,1.88502,0.27077,0.24965,0.17206,0.06258,2.47143,2.8288,2.00342,0.00860575,0.00860575,0.00860575
171,1922.58,2.21568,2.64396,1.88082,0.29881,0.22305,0.19718,0.07676,2.40491,2.72091,2.00531,0.0085975,0.0085975,0.0085975
172,1933.79,2.21495,2.69282,1.86636,0.33625,0.22979,0.20208,0.07552,2.38205,2.76878,1.99834,0.00858925,0.00858925,0.00858925
173,1944.59,2.22279,2.69445,1.85999,0.35974,0.21064,0.20807,0.07633,2.39264,2.78389,1.96143,0.008581,0.008581,0.008581
174,1956.25,2.18781,2.65078,1.8537,0.32351,0.25745,0.22501,0.08763,2.40013,2.72623,1.98365,0.00857275,0.00857275,0.00857275
175,1968.12,2.20065,2.64304,1.86129,0.33233,0.23191,0.21536,0.08498,2.35328,2.73104,1.95718,0.0085645,0.0085645,0.0085645
176,1978.94,2.20176,2.62542,1.84563,0.32332,0.24681,0.21972,0.08444,2.39809,2.66779,1.95428,0.00855625,0.00855625,0.00855625
177,1989.78,2.19127,2.60917,1.84594,0.36941,0.25532,0.22315,0.08497,2.38649,2.65447,1.9529,0.008548,0.008548,0.008548
178,2001.39,2.20776,2.62321,1.86162,0.3558,0.22979,0.22714,0.08987,2.37955,2.69132,1.97201,0.00853975,0.00853975,0.00853975
179,2012.56,2.2009,2.63417,1.8521,0.35251,0.24468,0.22304,0.09252,2.39809,2.70095,1.96087,0.0085315,0.0085315,0.0085315
180,2023.66,2.19184,2.57757,1.82957,0.30758,0.25319,0.22062,0.08572,2.37298,2.64615,1.95864,0.00852325,0.00852325,0.00852325
181,2035.62,2.16898,2.5734,1.82913,0.32782,0.22766,0.21669,0.08905,2.37446,2.67736,1.96625,0.008515,0.008515,0.008515
182,2046.93,2.17839,2.57793,1.83076,0.36679,0.24894,0.24025,0.09949,2.36863,2.64574,1.97352,0.00850675,0.00850675,0.00850675
183,2058.02,2.12095,2.53051,1.81606,0.39931,0.24468,0.24866,0.09847,2.33936,2.6169,1.95989,0.0084985,0.0084985,0.0084985
184,2068.87,2.15088,2.52661,1.80832,0.41959,0.24681,0.25421,0.09375,2.32566,2.63364,1.9323,0.00849025,0.00849025,0.00849025
185,2081.11,2.13426,2.51018,1.80659,0.36799,0.27998,0.24062,0.09816,2.30715,2.62039,1.94095,0.008482,0.008482,0.008482
186,2091.99,2.15797,2.53742,1.82558,0.36038,0.27234,0.24436,0.09767,2.32535,2.57351,1.89871,0.00847375,0.00847375,0.00847375
187,2102.84,2.15192,2.55889,1.82358,0.33369,0.29149,0.24553,0.09951,2.35482,2.57358,1.94268,0.0084655,0.0084655,0.0084655
188,2114.91,2.14019,2.47545,1.80726,0.34228,0.26809,0.22695,0.09132,2.3569,2.60338,1.92992,0.00845725,0.00845725,0.00845725
189,2127.12,2.12041,2.48529,1.80499,0.37189,0.26596,0.25893,0.10731,2.30662,2.5738,1.92821,0.008449,0.008449,0.008449
190,2138.32,2.15144,2.51773,1.80528,0.37199,0.26383,0.24196,0.10092,2.33302,2.5967,1.91371,0.00844075,0.00844075,0.00844075
191,2149.07,2.1305,2.49277,1.80447,0.39888,0.26383,0.264,0.11266,2.27983,2.53675,1.91986,0.0084325,0.0084325,0.0084325
192,2160.73,2.12162,2.46604,1.77619,0.35582,0.27021,0.25842,0.10928,2.29603,2.52861,1.90397,0.00842425,0.00842425,0.00842425
193,2172.61,2.12382,2.50519,1.78218,0.38164,0.25957,0.25344,0.10546,2.30707,2.52489,1.90758,0.008416,0.008416,0.008416
194,2183.35,2.08487,2.43774,1.77739,0.39264,0.26809,0.27438,0.12287,2.23256,2.49175,1.88229,0.00840775,0.00840775,0.00840775
195,2194.34,2.15552,2.47762,1.80793,0.43241,0.27069,0.27848,0.11903,2.26993,2.46587,1.89895,0.0083995,0.0083995,0.0083995
196,2206.26,2.11947,2.45669,1.78266,0.46337,0.2617,0.28548,0.13151,2.25279,2.50843,1.89599,0.00839125,0.00839125,0.00839125
197,2218.7,2.10952,2.43254,1.79797,0.36771,0.30213,0.2618,0.10216,2.26317,2.54513,1.88704,0.008383,0.008383,0.008383
198,2229.44,2.13299,2.44313,1.76441,0.38445,0.2766,0.26185,0.11156,2.29332,2.54569,1.87691,0.00837475,0.00837475,0.00837475
199,2240.18,2.09698,2.41857,1.7702,0.44014,0.24894,0.27939,0.11546,2.24054,2.51664,1.86025,0.0083665,0.0083665,0.0083665
200,2251.83,2.06613,2.3811,1.75386,0.38198,0.3,0.28402,0.12502,2.20719,2.48131,1.86637,0.00835825,0.00835825,0.00835825
201,2262.57,2.0825,2.35779,1.76057,0.47729,0.27447,0.30221,0.12212,2.28718,2.47539,1.90198,0.00835,0.00835,0.00835
202,2273.33,2.0699,2.3668,1.7739,0.44423,0.27021,0.27052,0.11492,2.24702,2.46673,1.89985,0.00834175,0.00834175,0.00834175
203,2284.05,2.0783,2.35689,1.75167,0.45217,0.29362,0.30546,0.1272,2.23834,2.44047,1.88776,0.0083335,0.0083335,0.0083335
204,2295.5,2.07694,2.38014,1.766,0.49276,0.32553,0.32971,0.13871,2.23332,2.42997,1.84774,0.00832525,0.00832525,0.00832525
205,2306.67,2.0524,2.34766,1.75054,0.40309,0.31489,0.31541,0.1342,2.17669,2.37377,1.82913,0.008317,0.008317,0.008317
206,2317.46,2.05326,2.33411,1.72999,0.42234,0.33191,0.32969,0.14551,2.18273,2.3579,1.83579,0.00830875,0.00830875,0.00830875
207,2329.09,2.03817,2.33208,1.7358,0.43601,0.29787,0.30944,0.13352,2.21281,2.33875,1.8572,0.0083005,0.0083005,0.0083005
208,2340.68,2.00323,2.28481,1.72075,0.44342,0.31359,0.328,0.15033,2.13607,2.34609,1.80807,0.00829225,0.00829225,0.00829225
209,2351.95,2.02126,2.30768,1.73246,0.4598,0.32553,0.33372,0.1541,2.17488,2.33542,1.83004,0.008284,0.008284,0.008284
210,2363.05,2.03459,2.31621,1.73443,0.48755,0.31277,0.3332,0.14836,2.18051,2.3668,1.85022,0.00827575,0.00827575,0.00827575
211,2374.59,2.04633,2.29733,1.73359,0.47873,0.33404,0.35228,0.15882,2.11418,2.27988,1.78829,0.0082675,0.0082675,0.0082675
212,2385.86,2.01029,2.3001,1.71453,0.43339,0.31489,0.31599,0.14169,2.13419,2.32687,1.82055,0.00825925,0.00825925,0.00825925
213,2396.61,2.01767,2.29033,1.71111,0.40261,0.31915,0.31695,0.14684,2.15167,2.35069,1.82154,0.008251,0.008251,0.008251
214,2408.35,2.01108,2.252,1.70117,0.4558,0.33404,0.3403,0.15386,2.14514,2.29931,1.80855,0.00824275,0.00824275,0.00824275
215,2419.69,1.97466,2.2188,1.68431,0.49132,0.3383,0.34802,0.16365,2.15758,2.33675,1.81467,0.0082345,0.0082345,0.0082345
216,2430.71,2.00304,2.23446,1.71449,0.43128,0.37021,0.35074,0.16486,2.14634,2.2834,1.81934,0.00822625,0.00822625,0.00822625
217,2441.74,1.97231,2.20084,1.69901,0.49817,0.32979,0.35065,0.16925,2.12441,2.26132,1.79729,0.008218,0.008218,0.008218
218,2453.96,2.02122,2.25603,1.71211,0.44061,0.33404,0.33416,0.15843,2.14159,2.29285,1.82507,0.00820975,0.00820975,0.00820975
219,2464.71,1.97999,2.20857,1.68583,0.43457,0.37121,0.3605,0.16515,2.13195,2.26285,1.81181,0.0082015,0.0082015,0.0082015
220,2475.32,2.01875,2.28018,1.71232,0.42423,0.34468,0.34941,0.16076,2.12121,2.27449,1.78199,0.00819325,0.00819325,0.00819325
221,2486.92,1.94776,2.16742,1.67623,0.53646,0.34468,0.38357,0.18246,2.08624,2.19956,1.75345,0.008185,0.008185,0.008185
222,2498.06,1.97346,2.2036,1.67192,0.48854,0.37447,0.37134,0.17471,2.12285,2.20405,1.78848,0.00817675,0.00817675,0.00817675
223,2508.81,1.94956,2.14845,1.65118,0.48249,0.33404,0.35657,0.16984,2.09007,2.18549,1.77831,0.0081685,0.0081685,0.0081685
224,2519.55,1.98997,2.2067,1.69146,0.49787,0.35653,0.37615,0.17634,2.08918,2.19314,1.75785,0.00816025,0.00816025,0.00816025
225,2531.69,1.94534,2.15985,1.67391,0.46673,0.37234,0.38231,0.17605,2.07924,2.20187,1.77328,0.008152,0.008152,0.008152
226,2542.45,1.97924,2.19858,1.67411,0.5085,0.32766,0.36436,0.169,2.11354,2.22,1.76388,0.00814375,0.00814375,0.00814375
227,2553.16,1.91805,2.112,1.64362,0.47605,0.34255,0.3676,0.16573,2.15376,2.26339,1.80283,0.0081355,0.0081355,0.0081355
228,2564.8,1.94166,2.12527,1.64788,0.52139,0.35745,0.39046,0.18869,2.05007,2.16234,1.74575,0.00812725,0.00812725,0.00812725
229,2576.05,1.94286,2.16974,1.65334,0.50704,0.35957,0.36591,0.17375,2.06162,2.20444,1.76922,0.008119,0.008119,0.008119
230,2586.94,1.91023,2.08297,1.63677,0.45412,0.39648,0.40287,0.19593,2.08049,2.11071,1.73869,0.00811075,0.00811075,0.00811075
231,2598.2,1.93497,2.11422,1.64777,0.52526,0.35311,0.39849,0.18368,2.07912,2.12562,1.77228,0.0081025,0.0081025,0.0081025
232,2610.04,1.90913,2.07046,1.62149,0.5042,0.38511,0.40557,0.19445,2.0635,2.10431,1.75724,0.00809425,0.00809425,0.00809425
233,2620.8,1.92826,2.11876,1.63985,0.56623,0.37447,0.40711,0.19914,2.04938,2.15567,1.74685,0.008086,0.008086,0.008086
234,2631.88,1.89652,2.09905,1.63407,0.61143,0.35745,0.42838,0.21158,1.99562,2.07752,1.69789,0.00807775,0.00807775,0.00807775
235,2643.87,1.90418,2.08118,1.63075,0.54636,0.38298,0.42768,0.20819,1.99121,2.05959,1.71313,0.0080695,0.0080695,0.0080695
236,2654.84,1.87713,2.04101,1.61843,0.54636,0.40213,0.41935,0.20381,2.02031,2.11145,1.71269,0.00806125,0.00806125,0.00806125
237,2665.56,1.89885,2.06795,1.62296,0.5846,0.3766,0.43518,0.21517,1.98619,2.09136,1.69528,0.008053,0.008053,0.008053
238,2676.99,1.89312,2.02209,1.60813,0.55085,0.39149,0.44503,0.22111,2.00856,2.07598,1.73117,0.00804475,0.00804475,0.00804475
239,2690.37,1.84091,2.0534,1.60636,0.56923,0.37872,0.431,0.20141,2.01068,2.07737,1.72032,0.0080365,0.0080365,0.0080365
240,2701.19,1.88566,2.0691,1.60957,0.56416,0.39362,0.44086,0.2174,1.9831,2.01969,1.69889,0.00802825,0.00802825,0.00802825
241,2712.01,1.86677,2.04543,1.59901,0.60305,0.39436,0.45343,0.22235,1.96713,1.98293,1.676,0.00802,0.00802,0.00802
242,2723.56,1.85646,2.02022,1.61188,0.62216,0.39149,0.44554,0.21703,1.96426,2.00487,1.66786,0.00801175,0.00801175,0.00801175
243,2735.7,1.86565,2.02745,1.61419,0.53681,0.40213,0.42109,0.20217,1.97523,2.0451,1.6711,0.0080035,0.0080035,0.0080035
244,2746.46,1.83738,1.97144,1.58148,0.57151,0.40638,0.44915,0.21509,1.97785,2.00591,1.68433,0.00799525,0.00799525,0.00799525
245,2757.2,1.89273,2.04733,1.61674,0.53584,0.43404,0.43907,0.2126,1.98231,2.01295,1.68052,0.007987,0.007987,0.007987
246,2768.78,1.84933,1.98784,1.5869,0.6083,0.41064,0.47143,0.23928,1.93624,1.95642,1.65108,0.00797875,0.00797875,0.00797875
247,2780.35,1.80609,1.94803,1.56711,0.64293,0.42525,0.50808,0.25409,1.92674,1.8936,1.65414,0.0079705,0.0079705,0.0079705
248,2791.35,1.85183,2.00856,1.59729,0.58169,0.41489,0.44712,0.22368,1.94915,1.99611,1.66721,0.00796225,0.00796225,0.00796225
249,2802.08,1.82353,1.92562,1.56983,0.61187,0.39787,0.47688,0.23999,1.93697,1.9729,1.65119,0.007954,0.007954,0.007954
250,2814.02,1.82895,1.96608,1.56707,0.59593,0.41702,0.47531,0.24093,1.94828,1.92338,1.66039,0.00794575,0.00794575,0.00794575
251,2824.93,1.81205,1.94586,1.56489,0.60316,0.43981,0.48435,0.25214,1.8954,1.88865,1.62787,0.0079375,0.0079375,0.0079375
252,2835.7,1.8225,1.9587,1.58539,0.60844,0.44632,0.48868,0.25229,1.91013,1.94631,1.62971,0.00792925,0.00792925,0.00792925
253,2847.23,1.80753,1.93928,1.56349,0.63843,0.42128,0.48597,0.25368,1.90001,1.93309,1.61875,0.007921,0.007921,0.007921
254,2858.28,1.81894,1.96394,1.57758,0.63396,0.43114,0.48303,0.24373,1.91787,1.96591,1.63826,0.00791275,0.00791275,0.00791275
255,2869.2,1.82917,1.92713,1.57471,0.62121,0.4383,0.49922,0.25652,1.87866,1.87845,1.60826,0.0079045,0.0079045,0.0079045
256,2880.34,1.76747,1.88294,1.5493,0.6128,0.41418,0.48204,0.24689,1.96144,1.93557,1.66556,0.00789625,0.00789625,0.00789625
257,2892.14,1.80227,1.91387,1.55829,0.64055,0.39787,0.46819,0.24087,1.93093,1.95784,1.64311,0.007888,0.007888,0.007888
258,2902.9,1.81651,1.91632,1.55623,0.62271,0.44247,0.50804,0.26694,1.87963,1.85311,1.60817,0.00787975,0.00787975,0.00787975
259,2913.96,1.79012,1.89226,1.54724,0.65472,0.44782,0.50636,0.27586,1.85041,1.84074,1.58499,0.0078715,0.0078715,0.0078715
260,2926.19,1.77988,1.86022,1.52482,0.65299,0.4234,0.49532,0.26985,1.8615,1.86802,1.59735,0.00786325,0.00786325,0.00786325
261,2936.95,1.7326,1.82804,1.49836,0.63058,0.47939,0.53344,0.27875,1.83779,1.85523,1.58678,0.007855,0.007855,0.007855
262,2947.96,1.79076,1.91592,1.53861,0.64862,0.45319,0.51835,0.27894,1.83164,1.83398,1.573,0.00784675,0.00784675,0.00784675
263,2958.84,1.77942,1.88415,1.53564,0.67203,0.44468,0.51763,0.27417,1.87246,1.86916,1.58546,0.0078385,0.0078385,0.0078385
264,2970.38,1.72189,1.80316,1.50109,0.67431,0.44255,0.51701,0.28834,1.81841,1.86936,1.56661,0.00783025,0.00783025,0.00783025
265,2981.45,1.78043,1.86172,1.53674,0.66516,0.47021,0.52065,0.28024,1.83228,1.87025,1.59158,0.007822,0.007822,0.007822
266,2992.21,1.73051,1.7965,1.5049,0.63508,0.48511,0.53307,0.29073,1.80906,1.82349,1.57516,0.00781375,0.00781375,0.00781375
267,3004.07,1.74584,1.81445,1.50674,0.67228,0.44681,0.53208,0.28196,1.82646,1.83786,1.59,0.0078055,0.0078055,0.0078055
268,3015.37,1.73397,1.84215,1.50293,0.70595,0.46383,0.53505,0.28865,1.81481,1.83316,1.57144,0.00779725,0.00779725,0.00779725
269,3026.15,1.75757,1.84215,1.51492,0.72266,0.45957,0.54522,0.29689,1.82617,1.83757,1.56405,0.007789,0.007789,0.007789
270,3037.21,1.72868,1.78714,1.50167,0.71245,0.49027,0.56675,0.30511,1.76557,1.76066,1.54524,0.00778075,0.00778075,0.00778075
271,3050.31,1.72134,1.79052,1.48602,0.65819,0.49574,0.55307,0.30621,1.77966,1.7322,1.55082,0.0077725,0.0077725,0.0077725
272,3061.79,1.71246,1.77522,1.50175,0.69826,0.46809,0.54657,0.30502,1.825,1.78447,1.56358,0.00776425,0.00776425,0.00776425
273,3072.68,1.72808,1.8016,1.5059,0.70537,0.46354,0.54772,0.2917,1.86194,1.79592,1.5835,0.007756,0.007756,0.007756
274,3083.41,1.70656,1.74241,1.47945,0.68412,0.46809,0.54871,0.30025,1.83249,1.75902,1.57429,0.00774775,0.00774775,0.00774775
275,3095,1.72962,1.78186,1.50214,0.67735,0.48085,0.56206,0.32044,1.79488,1.72325,1.55191,0.0077395,0.0077395,0.0077395
276,3106.2,1.71948,1.75942,1.4811,0.74061,0.48085,0.57223,0.32837,1.76303,1.72474,1.50827,0.00773125,0.00773125,0.00773125
277,3117.26,1.69814,1.73292,1.47047,0.66846,0.49149,0.57556,0.33524,1.75178,1.70165,1.52614,0.007723,0.007723,0.007723
278,3128.95,1.71166,1.76472,1.48755,0.73144,0.48298,0.58373,0.32024,1.78348,1.68614,1.53044,0.00771475,0.00771475,0.00771475
279,3140.37,1.71368,1.76984,1.4857,0.73773,0.50273,0.5943,0.33183,1.74152,1.68582,1.51379,0.0077065,0.0077065,0.0077065
280,3151.27,1.67731,1.70921,1.46981,0.76583,0.50851,0.60122,0.32606,1.72611,1.6499,1.50094,0.00769825,0.00769825,0.00769825
281,3161.98,1.66801,1.6773,1.45246,0.73026,0.50213,0.58108,0.32469,1.74504,1.70657,1.50498,0.00769,0.00769,0.00769
282,3173.58,1.69115,1.73619,1.4854,0.62901,0.51702,0.58441,0.32843,1.73608,1.65278,1.49675,0.00768175,0.00768175,0.00768175
283,3184.4,1.6802,1.71138,1.46051,0.68432,0.5234,0.59049,0.33435,1.72379,1.65796,1.48702,0.0076735,0.0076735,0.0076735
284,3195.44,1.68066,1.70584,1.45213,0.76975,0.46596,0.58517,0.33941,1.73146,1.70186,1.4792,0.00766525,0.00766525,0.00766525
285,3207.25,1.70553,1.71674,1.4755,0.75001,0.50429,0.59259,0.34294,1.73236,1.67827,1.49141,0.007657,0.007657,0.007657
286,3220.18,1.65704,1.72262,1.45823,0.74533,0.51061,0.6086,0.35103,1.6904,1.62545,1.49041,0.00764875,0.00764875,0.00764875
287,3231.16,1.63789,1.68499,1.44738,0.81375,0.46596,0.59686,0.34091,1.7265,1.66768,1.48797,0.0076405,0.0076405,0.0076405
288,3242.08,1.69674,1.71699,1.46676,0.74084,0.52979,0.60975,0.35002,1.67525,1.65371,1.44678,0.00763225,0.00763225,0.00763225
289,3253.55,1.66293,1.68445,1.45211,0.72925,0.5234,0.60047,0.3474,1.68151,1.66048,1.45006,0.007624,0.007624,0.007624
290,3265.25,1.65192,1.68432,1.45064,0.73833,0.51915,0.61098,0.35441,1.70334,1.64771,1.46122,0.00761575,0.00761575,0.00761575
291,3276.28,1.67243,1.70689,1.45763,0.71242,0.54043,0.6096,0.34735,1.7191,1.62425,1.46179,0.0076075,0.0076075,0.0076075
292,3287.16,1.62337,1.62864,1.42393,0.81016,0.49574,0.62071,0.36637,1.68785,1.57748,1.45417,0.00759925,0.00759925,0.00759925
293,3298.96,1.65367,1.66031,1.44049,0.70511,0.55961,0.61903,0.3619,1.68944,1.60924,1.45669,0.007591,0.007591,0.007591
294,3309.73,1.63574,1.63915,1.42586,0.78072,0.53617,0.60788,0.36193,1.65892,1.59685,1.46086,0.00758275,0.00758275,0.00758275
295,3320.58,1.64172,1.62966,1.43678,0.73965,0.55319,0.62594,0.37752,1.62402,1.58516,1.44711,0.0075745,0.0075745,0.0075745
296,3331.91,1.65239,1.658,1.43497,0.80616,0.51323,0.62453,0.37433,1.64256,1.55782,1.42958,0.00756625,0.00756625,0.00756625
297,3343.56,1.64087,1.6762,1.43355,0.69944,0.54465,0.62292,0.37543,1.66522,1.58703,1.44798,0.007558,0.007558,0.007558
298,3354.41,1.60804,1.62147,1.41183,0.75733,0.55106,0.643,0.38319,1.64218,1.55552,1.43047,0.00754975,0.00754975,0.00754975
299,3365.41,1.62686,1.63081,1.42225,0.84548,0.51064,0.64672,0.38402,1.63356,1.54816,1.41901,0.0075415,0.0075415,0.0075415
300,3377.14,1.6172,1.62366,1.42808,0.78872,0.54803,0.655,0.38338,1.63979,1.52495,1.42543,0.00753325,0.00753325,0.00753325
301,3388.78,1.61469,1.62886,1.42319,0.72534,0.55106,0.64414,0.39254,1.61368,1.52617,1.39117,0.007525,0.007525,0.007525
302,3399.85,1.60095,1.59873,1.40382,0.77611,0.54681,0.65472,0.3956,1.61733,1.5183,1.40952,0.00751675,0.00751675,0.00751675
303,3411.32,1.61816,1.60528,1.42108,0.8067,0.55106,0.64352,0.39054,1.61246,1.54067,1.41145,0.0075085,0.0075085,0.0075085
304,3423.1,1.63408,1.61159,1.42133,0.78169,0.54255,0.64655,0.39058,1.60782,1.52702,1.41369,0.00750025,0.00750025,0.00750025
305,3433.91,1.59912,1.60243,1.39381,0.84266,0.52128,0.64154,0.37747,1.63569,1.55194,1.41692,0.007492,0.007492,0.007492
306,3444.64,1.60056,1.571,1.39091,0.76453,0.55957,0.65313,0.38788,1.61243,1.53187,1.40074,0.00748375,0.00748375,0.00748375
307,3456.62,1.60729,1.59093,1.40854,0.74879,0.57872,0.65175,0.39341,1.59278,1.50812,1.40424,0.0074755,0.0074755,0.0074755
308,3467.43,1.57294,1.54508,1.37862,0.78149,0.57447,0.6574,0.39611,1.60002,1.53389,1.41218,0.00746725,0.00746725,0.00746725
309,3478.4,1.59953,1.60944,1.39847,0.7581,0.59346,0.65878,0.39145,1.61133,1.50242,1.39194,0.007459,0.007459,0.007459
310,3489.33,1.57654,1.55494,1.38733,0.79208,0.53494,0.66062,0.38838,1.63254,1.49532,1.41517,0.00745075,0.00745075,0.00745075
311,3500.94,1.58421,1.55459,1.37975,0.71571,0.59993,0.66355,0.39708,1.59792,1.46966,1.40611,0.0074425,0.0074425,0.0074425
312,3512.07,1.58221,1.57342,1.39176,0.70916,0.59787,0.65552,0.39437,1.59981,1.49755,1.41771,0.00743425,0.00743425,0.00743425
313,3522.82,1.57067,1.55057,1.38584,0.76232,0.57447,0.67386,0.40737,1.58157,1.47177,1.40382,0.007426,0.007426,0.007426
314,3534.7,1.53582,1.53117,1.36855,0.76605,0.59787,0.67224,0.40915,1.54543,1.48141,1.38649,0.00741775,0.00741775,0.00741775
315,3546.74,1.57738,1.56433,1.38518,0.78718,0.59809,0.68526,0.42049,1.55099,1.43976,1.37743,0.0074095,0.0074095,0.0074095
316,3557.75,1.55631,1.54143,1.37387,0.77398,0.6,0.68426,0.40984,1.61021,1.47303,1.39344,0.00740125,0.00740125,0.00740125
317,3568.66,1.56446,1.53792,1.37271,0.75896,0.61702,0.69345,0.42732,1.55734,1.45631,1.37809,0.007393,0.007393,0.007393
318,3581.12,1.56502,1.54882,1.38699,0.82291,0.60213,0.69903,0.42656,1.59118,1.45615,1.38619,0.00738475,0.00738475,0.00738475
319,3592.66,1.56363,1.52734,1.36858,0.79837,0.58511,0.67942,0.41791,1.56489,1.45256,1.36843,0.0073765,0.0073765,0.0073765
320,3603.47,1.55151,1.51952,1.3783,0.84362,0.58511,0.6953,0.42313,1.5481,1.40364,1.35905,0.00736825,0.00736825,0.00736825
321,3614.04,1.51715,1.47123,1.35441,0.76025,0.62072,0.68668,0.42547,1.56562,1.41188,1.3553,0.00736,0.00736,0.00736
322,3625.56,1.55972,1.53078,1.37297,0.7777,0.59787,0.6894,0.43597,1.51826,1.38715,1.34227,0.00735175,0.00735175,0.00735175
323,3636.94,1.53577,1.47984,1.36597,0.76271,0.60181,0.68253,0.42931,1.51554,1.40986,1.35779,0.0073435,0.0073435,0.0073435
324,3647.72,1.53702,1.49369,1.35539,0.79875,0.6,0.69353,0.43117,1.51617,1.39685,1.35393,0.00733525,0.00733525,0.00733525
325,3658.91,1.52733,1.49644,1.35673,0.79043,0.62128,0.71088,0.43725,1.508,1.37184,1.35246,0.007327,0.007327,0.007327
326,3670.87,1.51685,1.46047,1.35428,0.82432,0.60638,0.71647,0.44115,1.52429,1.36756,1.34309,0.00731875,0.00731875,0.00731875
327,3681.97,1.54698,1.48951,1.35452,0.81086,0.61702,0.71888,0.4406,1.53593,1.37789,1.35463,0.0073105,0.0073105,0.0073105
328,3693,1.52892,1.46494,1.334,0.82904,0.60873,0.71845,0.44716,1.51354,1.36317,1.34562,0.00730225,0.00730225,0.00730225
329,3705.05,1.52758,1.45782,1.34067,0.80797,0.62766,0.7095,0.42867,1.53034,1.39241,1.35073,0.007294,0.007294,0.007294
330,3715.76,1.51202,1.44382,1.35296,0.80314,0.62497,0.6986,0.44149,1.49012,1.36767,1.33258,0.00728575,0.00728575,0.00728575
331,3726.49,1.56186,1.49933,1.36628,0.79285,0.61891,0.69999,0.44019,1.50193,1.38102,1.3372,0.0072775,0.0072775,0.0072775
332,3737.71,1.51116,1.45826,1.33854,0.79053,0.63404,0.70795,0.44623,1.48023,1.36055,1.33115,0.00726925,0.00726925,0.00726925
333,3749.39,1.50989,1.46155,1.34467,0.83871,0.61064,0.71323,0.44854,1.4904,1.36723,1.33681,0.007261,0.007261,0.007261
334,3760.46,1.49541,1.45062,1.33553,0.81634,0.63617,0.71167,0.45023,1.49941,1.34439,1.32795,0.00725275,0.00725275,0.00725275
335,3771.44,1.5278,1.48315,1.34466,0.80804,0.64487,0.71355,0.4478,1.52741,1.36618,1.34077,0.0072445,0.0072445,0.0072445
336,3783.06,1.52645,1.46091,1.33649,0.82526,0.63404,0.71726,0.44576,1.51102,1.34594,1.34364,0.00723625,0.00723625,0.00723625
337,3793.87,1.52071,1.48133,1.33765,0.83274,0.61277,0.71649,0.45894,1.47939,1.32128,1.31852,0.007228,0.007228,0.007228
338,3805.06,1.48858,1.43016,1.32647,0.81309,0.63404,0.71841,0.44946,1.4701,1.32684,1.31002,0.00721975,0.00721975,0.00721975
339,3816.47,1.50914,1.43481,1.33672,0.84172,0.64492,0.7381,0.46055,1.46086,1.30933,1.30668,0.0072115,0.0072115,0.0072115
340,3828.58,1.49691,1.41601,1.32896,0.80527,0.64043,0.73739,0.46748,1.46577,1.29955,1.32186,0.00720325,0.00720325,0.00720325
341,3839.67,1.50922,1.44717,1.34424,0.85128,0.62979,0.74536,0.46893,1.48944,1.29597,1.33367,0.007195,0.007195,0.007195
342,3850.8,1.49229,1.41384,1.31542,0.82631,0.65532,0.74225,0.46128,1.47795,1.28811,1.32577,0.00718675,0.00718675,0.00718675
343,3862.26,1.49678,1.44791,1.32943,0.85693,0.64255,0.74036,0.4646,1.47369,1.27975,1.31945,0.0071785,0.0071785,0.0071785
344,3872.98,1.47624,1.38006,1.3056,0.83578,0.64894,0.73818,0.46605,1.46468,1.2721,1.29759,0.00717025,0.00717025,0.00717025
345,3883.68,1.47927,1.405,1.32226,0.83146,0.64681,0.74256,0.46995,1.45253,1.27698,1.29103,0.007162,0.007162,0.007162
346,3895.55,1.47648,1.3934,1.31516,0.83566,0.64681,0.73964,0.46792,1.45312,1.30122,1.30431,0.00715375,0.00715375,0.00715375
347,3907,1.48653,1.41902,1.32163,0.84828,0.61861,0.73279,0.47445,1.44149,1.30731,1.29814,0.0071455,0.0071455,0.0071455
348,3918.24,1.47878,1.43048,1.31744,0.82381,0.62674,0.73107,0.46369,1.45177,1.30877,1.29023,0.00713725,0.00713725,0.00713725
349,3929.25,1.47743,1.38339,1.30724,0.82284,0.66596,0.76048,0.48607,1.44152,1.24517,1.28268,0.007129,0.007129,0.007129
350,3940.5,1.4609,1.37216,1.30072,0.90117,0.64021,0.76499,0.4868,1.44651,1.26301,1.29815,0.00712075,0.00712075,0.00712075
351,3951.4,1.50977,1.4228,1.32933,0.84747,0.65016,0.75833,0.48751,1.44266,1.229,1.2872,0.0071125,0.0071125,0.0071125
352,3961.99,1.46423,1.39218,1.30444,0.87788,0.6271,0.74503,0.47688,1.46649,1.25469,1.28774,0.00710425,0.00710425,0.00710425
353,3972.84,1.46798,1.39025,1.30718,0.83419,0.66383,0.75453,0.48669,1.44786,1.24392,1.29207,0.007096,0.007096,0.007096
354,3984.06,1.44379,1.34103,1.29243,0.87956,0.65106,0.76104,0.48114,1.4436,1.24955,1.29451,0.00708775,0.00708775,0.00708775
355,3994.71,1.42701,1.31608,1.28152,0.8591,0.62979,0.74645,0.48037,1.42846,1.24675,1.29823,0.0070795,0.0070795,0.0070795
356,4005.39,1.45422,1.34323,1.29442,0.82096,0.6766,0.74825,0.48988,1.42309,1.22544,1.27835,0.00707125,0.00707125,0.00707125
357,4016.62,1.43401,1.37774,1.29867,0.85704,0.6766,0.76238,0.49215,1.42831,1.23943,1.28508,0.007063,0.007063,0.007063
358,4027.64,1.42363,1.33583,1.28954,0.86685,0.67871,0.77738,0.50502,1.43415,1.22493,1.29593,0.00705475,0.00705475,0.00705475
359,4038.48,1.47322,1.3595,1.30987,0.84687,0.67021,0.76809,0.49927,1.44361,1.23674,1.29377,0.0070465,0.0070465,0.0070465
360,4049.22,1.43854,1.33548,1.28366,0.85969,0.67234,0.77342,0.50064,1.4305,1.22769,1.27641,0.00703825,0.00703825,0.00703825
361,4060.31,1.42684,1.33211,1.29274,0.79073,0.69137,0.76417,0.49582,1.4358,1.22076,1.27866,0.00703,0.00703,0.00703
362,4070.94,1.40942,1.30351,1.28294,0.87084,0.64468,0.77507,0.49501,1.43172,1.22312,1.27968,0.00702175,0.00702175,0.00702175
363,4081.54,1.42982,1.34362,1.27958,0.86635,0.63404,0.76692,0.50085,1.40612,1.24968,1.27435,0.0070135,0.0070135,0.0070135
364,4092.46,1.42378,1.32412,1.28948,0.79039,0.68195,0.77342,0.49862,1.41196,1.2045,1.27655,0.00700525,0.00700525,0.00700525
365,4103.02,1.43331,1.3504,1.28184,0.83161,0.6383,0.76701,0.49458,1.42141,1.20568,1.26697,0.006997,0.006997,0.006997
366,4113.76,1.40434,1.32965,1.2712,0.79815,0.67305,0.76615,0.49959,1.39765,1.19629,1.24713,0.00698875,0.00698875,0.00698875
367,4124.38,1.4115,1.31402,1.2835,0.86353,0.65971,0.77326,0.50477,1.39189,1.17689,1.25481,0.0069805,0.0069805,0.0069805
368,4135.18,1.4138,1.31509,1.28502,0.84084,0.68511,0.77773,0.51801,1.3654,1.15045,1.2523,0.00697225,0.00697225,0.00697225
369,4146.01,1.40142,1.31585,1.26848,0.9049,0.63191,0.77463,0.51226,1.37669,1.17142,1.24812,0.006964,0.006964,0.006964
370,4156.67,1.40483,1.28731,1.25785,0.86027,0.67872,0.78357,0.5245,1.37807,1.16403,1.24101,0.00695575,0.00695575,0.00695575
371,4167.88,1.39228,1.29351,1.26039,0.84114,0.69845,0.7873,0.51522,1.40429,1.19062,1.25636,0.0069475,0.0069475,0.0069475
372,4178.46,1.41164,1.29003,1.25832,0.87591,0.6766,0.78968,0.52896,1.36609,1.15849,1.23402,0.00693925,0.00693925,0.00693925
373,4189.4,1.41404,1.32408,1.28047,0.84203,0.71064,0.79423,0.52082,1.37379,1.15293,1.23646,0.006931,0.006931,0.006931
374,4199.98,1.40289,1.28716,1.2701,0.85055,0.69019,0.79484,0.51531,1.3654,1.14171,1.24399,0.00692275,0.00692275,0.00692275
375,4210.94,1.36566,1.25831,1.25217,0.84706,0.69528,0.79293,0.52799,1.35293,1.14154,1.23485,0.0069145,0.0069145,0.0069145
376,4221.46,1.40191,1.29643,1.26774,0.8527,0.68972,0.78893,0.52466,1.36202,1.16071,1.22891,0.00690625,0.00690625,0.00690625
377,4232.12,1.38183,1.25048,1.2494,0.86196,0.69084,0.78797,0.52278,1.36242,1.17886,1.2281,0.006898,0.006898,0.006898
378,4242.88,1.43188,1.31067,1.27258,0.86631,0.6766,0.7881,0.51776,1.39098,1.17896,1.24518,0.00688975,0.00688975,0.00688975
379,4253.46,1.3835,1.26053,1.24955,0.84705,0.68343,0.78429,0.51883,1.37554,1.16601,1.24581,0.0068815,0.0068815,0.0068815
380,4264.24,1.38978,1.26993,1.25696,0.84423,0.68085,0.78474,0.52542,1.35632,1.14979,1.22398,0.00687325,0.00687325,0.00687325
381,4275.06,1.34988,1.25911,1.24261,0.84429,0.70213,0.78327,0.52762,1.32342,1.14675,1.22257,0.006865,0.006865,0.006865
382,4286.23,1.36666,1.25406,1.24702,0.85515,0.70213,0.79071,0.54019,1.30425,1.13797,1.21556,0.00685675,0.00685675,0.00685675
383,4297.16,1.379,1.27055,1.24825,0.88628,0.69644,0.79563,0.53767,1.30046,1.13695,1.21812,0.0068485,0.0068485,0.0068485
384,4307.88,1.38623,1.26557,1.24766,0.87655,0.69574,0.78691,0.53204,1.32031,1.17148,1.21782,0.00684025,0.00684025,0.00684025
385,4318.81,1.38716,1.27462,1.26544,0.8463,0.69118,0.78316,0.52666,1.31461,1.14663,1.21832,0.006832,0.006832,0.006832
386,4329.37,1.35304,1.23993,1.22679,0.84416,0.6915,0.78404,0.52501,1.30848,1.14505,1.21816,0.00682375,0.00682375,0.00682375
387,4339.91,1.35124,1.22182,1.23657,0.86505,0.68936,0.79444,0.5358,1.29409,1.11948,1.2068,0.0068155,0.0068155,0.0068155
388,4350.47,1.3595,1.22265,1.24348,0.856,0.68298,0.78641,0.52742,1.31204,1.14226,1.20614,0.00680725,0.00680725,0.00680725
389,4361.57,1.37286,1.27025,1.24821,0.86167,0.71277,0.7957,0.54283,1.29779,1.1281,1.1986,0.006799,0.006799,0.006799
390,4372.64,1.3621,1.24509,1.24913,0.87392,0.69787,0.79884,0.54208,1.30551,1.10695,1.19589,0.00679075,0.00679075,0.00679075
391,4383.5,1.36539,1.2298,1.24537,0.88695,0.68442,0.80194,0.54012,1.30804,1.09257,1.19773,0.0067825,0.0067825,0.0067825
392,4394.53,1.35688,1.24348,1.23538,0.87421,0.72553,0.80995,0.54579,1.29709,1.08379,1.18456,0.00677425,0.00677425,0.00677425
393,4405.44,1.38379,1.23778,1.23848,0.84986,0.74043,0.81211,0.54486,1.3152,1.092,1.19098,0.006766,0.006766,0.006766
394,4416.07,1.36566,1.26364,1.24045,0.8734,0.71915,0.81131,0.54274,1.29031,1.08784,1.1925,0.00675775,0.00675775,0.00675775
395,4426.81,1.36912,1.24955,1.24019,0.86407,0.70331,0.81036,0.54132,1.30398,1.09891,1.20338,0.0067495,0.0067495,0.0067495
396,4437.77,1.36151,1.22435,1.22848,0.84196,0.72766,0.80714,0.54478,1.28586,1.08457,1.20174,0.00674125,0.00674125,0.00674125
397,4448.37,1.35718,1.21594,1.22811,0.82818,0.7383,0.80896,0.54651,1.27142,1.08572,1.19097,0.006733,0.006733,0.006733
398,4459.25,1.31023,1.18332,1.21883,0.86901,0.71702,0.81028,0.54594,1.27183,1.09415,1.18801,0.00672475,0.00672475,0.00672475
399,4470.14,1.34562,1.21919,1.23504,0.87088,0.72553,0.8169,0.54463,1.28537,1.09075,1.18467,0.0067165,0.0067165,0.0067165
400,4480.82,1.33862,1.22184,1.22777,0.86335,0.74468,0.82004,0.54417,1.28796,1.08206,1.18469,0.00670825,0.00670825,0.00670825
401,4491.54,1.36879,1.23944,1.24625,0.88555,0.72436,0.82335,0.54377,1.29296,1.0736,1.18605,0.0067,0.0067,0.0067
402,4502.54,1.35439,1.24431,1.23959,0.85739,0.74191,0.83015,0.55123,1.29284,1.06686,1.18458,0.00669175,0.00669175,0.00669175
403,4513.7,1.31281,1.19507,1.20874,0.89955,0.72402,0.82872,0.55944,1.26159,1.0544,1.18079,0.0066835,0.0066835,0.0066835
404,4524.71,1.32322,1.19725,1.22785,0.88541,0.72333,0.81287,0.5527,1.27618,1.08043,1.19369,0.00667525,0.00667525,0.00667525
405,4535.43,1.30885,1.17917,1.21174,0.90338,0.72128,0.82015,0.55649,1.26128,1.07156,1.18827,0.006667,0.006667,0.006667
406,4546.37,1.33588,1.21877,1.22071,0.86324,0.7521,0.83161,0.55967,1.23407,1.0496,1.17363,0.00665875,0.00665875,0.00665875
407,4557.21,1.33288,1.22106,1.23147,0.87574,0.7234,0.81974,0.5586,1.25472,1.06514,1.18201,0.0066505,0.0066505,0.0066505
408,4567.78,1.33139,1.19919,1.22519,0.87903,0.72662,0.8179,0.56152,1.24346,1.06357,1.18331,0.00664225,0.00664225,0.00664225
409,4578.99,1.34,1.19741,1.21648,0.89041,0.72609,0.82302,0.57081,1.24218,1.05864,1.17431,0.006634,0.006634,0.006634
410,4590.43,1.30051,1.16526,1.20094,0.87414,0.74255,0.82521,0.56381,1.26113,1.05619,1.18,0.00662575,0.00662575,0.00662575
411,4600.96,1.29579,1.164,1.19797,0.88799,0.7234,0.82657,0.56965,1.24499,1.04305,1.17365,0.0066175,0.0066175,0.0066175
412,4611.53,1.30902,1.18332,1.20836,0.87652,0.74003,0.82354,0.56954,1.23994,1.02339,1.17023,0.00660925,0.00660925,0.00660925
413,4622.68,1.31952,1.18073,1.2092,0.89144,0.73404,0.82779,0.56321,1.26027,1.03771,1.18243,0.006601,0.006601,0.006601
414,4633.82,1.28517,1.15834,1.1948,0.90572,0.69497,0.82661,0.55975,1.25427,1.03972,1.18185,0.00659275,0.00659275,0.00659275
415,4644.33,1.31184,1.162,1.20633,0.87373,0.7383,0.82804,0.56233,1.25011,1.04372,1.17455,0.0065845,0.0065845,0.0065845
416,4654.87,1.32238,1.19095,1.21098,0.85095,0.74681,0.82575,0.56397,1.2498,1.03704,1.17969,0.00657625,0.00657625,0.00657625
417,4665.87,1.30282,1.17366,1.20968,0.86515,0.75075,0.83557,0.56722,1.24915,1.03273,1.1858,0.006568,0.006568,0.006568
418,4676.41,1.2951,1.15526,1.20434,0.88051,0.73692,0.82651,0.57173,1.23133,1.02743,1.17839,0.00655975,0.00655975,0.00655975
419,4687.3,1.29808,1.15939,1.19965,0.8872,0.7383,0.82925,0.5726,1.229,1.00755,1.15701,0.0065515,0.0065515,0.0065515
420,4698.23,1.28744,1.14025,1.18895,0.90793,0.73404,0.83804,0.57591,1.24217,1.00628,1.15563,0.00654325,0.00654325,0.00654325
421,4709.9,1.31174,1.166,1.20165,0.86821,0.75532,0.83545,0.576,1.2382,1.00035,1.15941,0.006535,0.006535,0.006535
422,4720.33,1.30405,1.16046,1.1904,0.87095,0.75319,0.83385,0.57432,1.23147,1.00049,1.15852,0.00652675,0.00652675,0.00652675
423,4730.78,1.28398,1.12416,1.18625,0.878,0.74681,0.83243,0.57614,1.22727,0.98794,1.16204,0.0065185,0.0065185,0.0065185
424,4741.98,1.29789,1.14797,1.20471,0.87657,0.75548,0.83024,0.5744,1.24201,1.00864,1.16831,0.00651025,0.00651025,0.00651025
425,4752.93,1.30593,1.15642,1.20615,0.90631,0.75106,0.84395,0.58037,1.23119,0.9956,1.16504,0.006502,0.006502,0.006502
426,4763.76,1.30056,1.14056,1.19037,0.89351,0.75745,0.84783,0.58124,1.2391,0.98728,1.17083,0.00649375,0.00649375,0.00649375
427,4774.62,1.30199,1.14194,1.19928,0.91283,0.75755,0.84031,0.57799,1.23356,0.99279,1.1699,0.0064855,0.0064855,0.0064855
428,4785.74,1.26637,1.10273,1.18076,0.91854,0.75532,0.84256,0.58511,1.22038,0.99606,1.1529,0.00647725,0.00647725,0.00647725
429,4796.58,1.27743,1.12499,1.19673,0.89764,0.76383,0.84503,0.58603,1.19844,0.98471,1.13584,0.006469,0.006469,0.006469
430,4807.37,1.30165,1.13039,1.19772,0.90886,0.75745,0.848,0.58732,1.19139,0.96337,1.12738,0.00646075,0.00646075,0.00646075
431,4818.55,1.27817,1.11617,1.18476,0.90404,0.76171,0.84647,0.59061,1.1858,0.97667,1.13164,0.0064525,0.0064525,0.0064525
432,4829.98,1.26577,1.08994,1.17762,0.91235,0.77234,0.84226,0.58821,1.18026,0.9782,1.13686,0.00644425,0.00644425,0.00644425
433,4840.53,1.27978,1.13067,1.18875,0.9206,0.76472,0.85315,0.59384,1.1861,0.96095,1.13902,0.006436,0.006436,0.006436
434,4851.43,1.2784,1.10799,1.17767,0.9165,0.7617,0.8511,0.58862,1.2056,0.98355,1.14907,0.00642775,0.00642775,0.00642775
435,4862.46,1.29678,1.12809,1.19753,0.91906,0.77306,0.85776,0.59144,1.18239,0.96473,1.13782,0.0064195,0.0064195,0.0064195
436,4873,1.23751,1.08306,1.16139,0.92739,0.7766,0.85779,0.59266,1.18657,0.95765,1.13227,0.00641125,0.00641125,0.00641125
437,4883.57,1.26995,1.11124,1.17898,0.88901,0.78398,0.85523,0.59071,1.16922,0.94926,1.12754,0.006403,0.006403,0.006403
438,4894.38,1.27872,1.11652,1.18788,0.88953,0.77234,0.85257,0.59982,1.16406,0.95156,1.1303,0.00639475,0.00639475,0.00639475
439,4906.04,1.26065,1.09594,1.16519,0.8916,0.76998,0.8479,0.59326,1.16468,0.95579,1.12586,0.0063865,0.0063865,0.0063865
440,4916.74,1.27602,1.13729,1.18546,0.89802,0.75106,0.84933,0.58727,1.17701,0.94429,1.13792,0.00637825,0.00637825,0.00637825
441,4927.36,1.29648,1.13314,1.17405,0.90324,0.74468,0.84786,0.58895,1.17588,0.95191,1.13507,0.00637,0.00637,0.00637
442,4938.44,1.2526,1.08512,1.17651,0.90998,0.7528,0.85238,0.59437,1.18738,0.96596,1.13449,0.00636175,0.00636175,0.00636175
443,4948.98,1.28413,1.11406,1.18357,0.87594,0.7617,0.85045,0.59494,1.18406,0.95908,1.12702,0.0063535,0.0063535,0.0063535
444,4959.53,1.26187,1.07805,1.16544,0.8744,0.7554,0.84913,0.59109,1.17556,0.95424,1.12255,0.00634525,0.00634525,0.00634525
445,4970.14,1.2579,1.07734,1.17472,0.8976,0.75745,0.85095,0.5984,1.16668,0.95654,1.1261,0.006337,0.006337,0.006337
446,4980.99,1.2348,1.06436,1.15966,0.86191,0.78354,0.85198,0.59779,1.17902,0.94739,1.12824,0.00632875,0.00632875,0.00632875
447,4991.53,1.23986,1.05999,1.16307,0.87745,0.77696,0.85252,0.59808,1.18316,0.95239,1.1295,0.0063205,0.0063205,0.0063205
448,5002.12,1.2777,1.12924,1.18502,0.86907,0.77678,0.85289,0.59653,1.19186,0.95778,1.13567,0.00631225,0.00631225,0.00631225
449,5013.07,1.22949,1.06069,1.15812,0.85587,0.78298,0.85229,0.59195,1.19071,0.95592,1.12399,0.006304,0.006304,0.006304
450,5024.3,1.25602,1.08691,1.1706,0.86274,0.78936,0.85677,0.59736,1.18512,0.95949,1.11603,0.00629575,0.00629575,0.00629575
451,5034.98,1.23759,1.07806,1.16961,0.90152,0.77909,0.86452,0.60581,1.17662,0.9444,1.11481,0.0062875,0.0062875,0.0062875
452,5046.01,1.26186,1.09803,1.16921,0.90927,0.78896,0.86748,0.60093,1.1807,0.94245,1.12042,0.00627925,0.00627925,0.00627925
453,5057.36,1.24355,1.07861,1.17268,0.92483,0.75745,0.86544,0.60326,1.1773,0.9365,1.11192,0.006271,0.006271,0.006271
454,5067.94,1.23469,1.06964,1.1649,0.90574,0.77688,0.85934,0.6031,1.16168,0.93715,1.11147,0.00626275,0.00626275,0.00626275
455,5078.51,1.23436,1.07782,1.16203,0.89807,0.76809,0.8544,0.59915,1.16402,0.94326,1.11567,0.0062545,0.0062545,0.0062545
456,5089.73,1.22826,1.05923,1.16256,0.89113,0.76383,0.84932,0.59789,1.16654,0.9402,1.11716,0.00624625,0.00624625,0.00624625
457,5100.61,1.24298,1.06373,1.16641,0.89761,0.77021,0.8532,0.60169,1.16278,0.94459,1.11316,0.006238,0.006238,0.006238
458,5111.16,1.24712,1.06691,1.16432,0.91505,0.76809,0.8591,0.60307,1.1826,0.9349,1.11871,0.00622975,0.00622975,0.00622975
459,5121.75,1.23933,1.06697,1.16497,0.92475,0.75824,0.86206,0.60252,1.19502,0.93882,1.12297,0.0062215,0.0062215,0.0062215
460,5133.03,1.26023,1.08371,1.16325,0.90949,0.77447,0.8665,0.60651,1.17439,0.93105,1.11491,0.00621325,0.00621325,0.00621325
461,5143.96,1.22159,1.0366,1.15274,0.90684,0.78298,0.87068,0.60859,1.16077,0.91719,1.10479,0.006205,0.006205,0.006205
462,5154.8,1.22699,1.05569,1.16753,0.90665,0.77234,0.86869,0.61268,1.14795,0.91837,1.09955,0.00619675,0.00619675,0.00619675
463,5166.38,1.26366,1.08318,1.16465,0.90408,0.78211,0.87242,0.61579,1.14632,0.92425,1.10253,0.0061885,0.0061885,0.0061885
464,5177.22,1.20563,1.03762,1.15114,0.90528,0.7931,0.8695,0.61638,1.14698,0.92087,1.10609,0.00618025,0.00618025,0.00618025
465,5188.14,1.24394,1.06571,1.15619,0.92466,0.78298,0.87019,0.61141,1.15875,0.92207,1.10946,0.006172,0.006172,0.006172
466,5198.71,1.21057,1.03772,1.15521,0.90559,0.78085,0.86342,0.60784,1.15407,0.9182,1.1142,0.00616375,0.00616375,0.00616375
467,5210.09,1.21021,1.04544,1.14347,0.92494,0.78936,0.87044,0.61096,1.15388,0.91191,1.11469,0.0061555,0.0061555,0.0061555
468,5220.62,1.21156,1.0318,1.14044,0.94333,0.77916,0.87401,0.62105,1.13156,0.90033,1.10609,0.00614725,0.00614725,0.00614725
469,5231.5,1.22952,1.05063,1.15427,0.93603,0.77831,0.87461,0.62356,1.1268,0.89575,1.10546,0.006139,0.006139,0.006139
470,5242.65,1.21619,1.05119,1.14775,0.91327,0.78936,0.87127,0.6207,1.14036,0.89887,1.11051,0.00613075,0.00613075,0.00613075
471,5253.29,1.233,1.0536,1.16445,0.91787,0.78085,0.86952,0.62264,1.14064,0.90695,1.10998,0.0061225,0.0061225,0.0061225
472,5264.16,1.2041,1.02619,1.13786,0.91747,0.77021,0.87479,0.62249,1.13411,0.89999,1.10648,0.00611425,0.00611425,0.00611425
473,5275.25,1.22249,1.04115,1.15069,0.91018,0.7762,0.87672,0.62764,1.13695,0.90259,1.10196,0.006106,0.006106,0.006106
474,5286.88,1.19261,1.00519,1.12957,0.89707,0.81277,0.8823,0.62842,1.13297,0.88592,1.1036,0.00609775,0.00609775,0.00609775
475,5297.75,1.19328,1.02048,1.13492,0.93095,0.78085,0.88386,0.62801,1.11936,0.88464,1.09842,0.0060895,0.0060895,0.0060895
476,5308.31,1.2013,1.04123,1.14394,0.92205,0.79362,0.87933,0.63025,1.1142,0.88907,1.09725,0.00608125,0.00608125,0.00608125
477,5319.44,1.19835,1.02698,1.12985,0.91743,0.79787,0.87205,0.62328,1.12466,0.90279,1.09929,0.006073,0.006073,0.006073
478,5329.58,1.18601,1.01061,1.12725,0.92396,0.79149,0.8684,0.61982,1.11913,0.90069,1.09993,0.00606475,0.00606475,0.00606475
479,5340.16,1.18727,0.99943,1.12335,0.90187,0.79787,0.87488,0.62484,1.11613,0.89353,1.10095,0.0060565,0.0060565,0.0060565
480,5351.08,1.2118,1.0246,1.13689,0.90449,0.78584,0.87298,0.62556,1.11384,0.89434,1.1052,0.00604825,0.00604825,0.00604825
481,5361.66,1.19548,1.01584,1.13905,0.91735,0.78298,0.87562,0.6251,1.11644,0.89378,1.10417,0.00604,0.00604,0.00604
482,5372.26,1.21315,1.03926,1.14298,0.92634,0.78511,0.87153,0.62312,1.12188,0.89334,1.10153,0.00603175,0.00603175,0.00603175
483,5382.9,1.19835,1.00782,1.14129,0.9245,0.79149,0.87569,0.6285,1.11274,0.89297,1.09794,0.0060235,0.0060235,0.0060235
484,5393.86,1.18814,1.01764,1.13355,0.92293,0.78985,0.87624,0.62864,1.12122,0.89659,1.09992,0.00601525,0.00601525,0.00601525
485,5404.37,1.18644,1.00429,1.13317,0.91475,0.78511,0.87243,0.63014,1.11642,0.89105,1.0998,0.006007,0.006007,0.006007
486,5414.99,1.16881,1.00215,1.11907,0.90851,0.78723,0.87596,0.63421,1.10854,0.89499,1.09424,0.00599875,0.00599875,0.00599875
487,5426.25,1.17731,0.99626,1.13343,0.93482,0.7766,0.87369,0.63696,1.09676,0.88011,1.08714,0.0059905,0.0059905,0.0059905
488,5437.12,1.20131,1.00089,1.12791,0.91952,0.80219,0.87916,0.63939,1.10082,0.87818,1.09083,0.00598225,0.00598225,0.00598225
489,5448.03,1.17276,0.97737,1.12196,0.91991,0.81064,0.88039,0.6403,1.09491,0.87895,1.08506,0.005974,0.005974,0.005974
490,5459.23,1.21311,1.01573,1.1341,0.91394,0.81702,0.88196,0.63406,1.10298,0.88604,1.08641,0.00596575,0.00596575,0.00596575
491,5470.26,1.16324,0.99241,1.12228,0.92268,0.81248,0.88227,0.63565,1.08771,0.87124,1.08048,0.0059575,0.0059575,0.0059575
492,5480.76,1.19298,1.0169,1.13454,0.90987,0.81619,0.88249,0.64244,1.07492,0.85805,1.07764,0.00594925,0.00594925,0.00594925
493,5491.55,1.18633,0.99489,1.12513,0.90909,0.80853,0.88212,0.63942,1.07884,0.86798,1.08381,0.005941,0.005941,0.005941
494,5502.54,1.16335,0.98301,1.11813,0.92559,0.79403,0.87766,0.64222,1.07662,0.86727,1.07482,0.00593275,0.00593275,0.00593275
495,5513.23,1.18698,0.98729,1.12669,0.92066,0.79574,0.87101,0.64078,1.07594,0.86127,1.06584,0.0059245,0.0059245,0.0059245
496,5523.85,1.17843,0.99974,1.13097,0.92112,0.79506,0.87435,0.64097,1.07384,0.85504,1.0613,0.00591625,0.00591625,0.00591625
497,5534.71,1.1732,0.97543,1.12586,0.92053,0.78871,0.87676,0.64025,1.07113,0.8566,1.0598,0.005908,0.005908,0.005908
498,5545.21,1.18306,0.98651,1.11988,0.91218,0.79564,0.87813,0.64266,1.06513,0.85758,1.06549,0.00589975,0.00589975,0.00589975
499,5555.82,1.15829,0.95752,1.11538,0.92013,0.80887,0.8826,0.64013,1.06432,0.85472,1.0639,0.0058915,0.0058915,0.0058915
500,5566.43,1.16843,0.98062,1.1283,0.91189,0.8,0.88201,0.64269,1.06563,0.85262,1.06601,0.00588325,0.00588325,0.00588325
501,5578.5,1.18916,0.98969,1.14217,0.91913,0.79787,0.87943,0.64214,1.06581,0.85406,1.06869,0.005875,0.005875,0.005875
502,5589.22,1.17303,0.99335,1.11954,0.92269,0.79362,0.87887,0.6419,1.07415,0.84938,1.06935,0.00586675,0.00586675,0.00586675
503,5599.92,1.17816,0.98039,1.1232,0.92581,0.79649,0.88049,0.64412,1.07506,0.83637,1.06639,0.0058585,0.0058585,0.0058585
504,5611,1.17748,0.96693,1.11655,0.91021,0.79804,0.87999,0.64037,1.07853,0.83751,1.06907,0.00585025,0.00585025,0.00585025
505,5621.6,1.14235,0.95637,1.10679,0.90774,0.79545,0.87887,0.64101,1.08007,0.84539,1.06724,0.005842,0.005842,0.005842
506,5632.28,1.17407,0.95941,1.11891,0.92549,0.79287,0.87792,0.63924,1.0858,0.84306,1.06957,0.00583375,0.00583375,0.00583375
507,5643.16,1.14726,0.96181,1.10736,0.89795,0.81277,0.87762,0.64502,1.08132,0.82774,1.06642,0.0058255,0.0058255,0.0058255
508,5654.59,1.14685,0.96909,1.11542,0.90357,0.79787,0.87846,0.65004,1.07569,0.83114,1.06685,0.00581725,0.00581725,0.00581725
509,5665.45,1.14453,0.94015,1.09809,0.91765,0.78936,0.87899,0.64887,1.06557,0.8185,1.06239,0.005809,0.005809,0.005809
510,5675.99,1.16297,0.96581,1.11243,0.90805,0.81702,0.88537,0.65346,1.06014,0.81389,1.05731,0.00580075,0.00580075,0.00580075
511,5687.26,1.16759,0.9694,1.11767,0.92056,0.81368,0.88669,0.64993,1.06809,0.8188,1.05618,0.0057925,0.0057925,0.0057925
512,5698.17,1.12365,0.94648,1.102,0.91875,0.81801,0.88392,0.65139,1.0742,0.8207,1.05758,0.00578425,0.00578425,0.00578425
513,5709.05,1.15004,0.95278,1.11072,0.91035,0.82099,0.88508,0.64996,1.07152,0.82583,1.05849,0.005776,0.005776,0.005776
514,5720.18,1.12432,0.94109,1.1069,0.92833,0.81277,0.88654,0.65354,1.06094,0.8134,1.05403,0.00576775,0.00576775,0.00576775
515,5731.37,1.12445,0.94341,1.10062,0.93164,0.81185,0.88982,0.65003,1.06329,0.81794,1.05642,0.0057595,0.0057595,0.0057595
516,5742.15,1.15428,0.96102,1.10542,0.94102,0.81915,0.89196,0.65101,1.06605,0.81479,1.05546,0.00575125,0.00575125,0.00575125
517,5753.12,1.13876,0.95088,1.10643,0.93609,0.81702,0.89242,0.6509,1.07389,0.80925,1.05674,0.005743,0.005743,0.005743
518,5763.85,1.1584,0.97399,1.12305,0.92427,0.80426,0.88988,0.64804,1.07449,0.81509,1.05794,0.00573475,0.00573475,0.00573475
519,5774.66,1.1554,0.9686,1.11419,0.92376,0.79915,0.89125,0.65064,1.06144,0.81473,1.05439,0.0057265,0.0057265,0.0057265
520,5785.45,1.12262,0.9309,1.09596,0.91155,0.81128,0.89295,0.64782,1.04931,0.80543,1.04811,0.00571825,0.00571825,0.00571825
521,5796.11,1.12588,0.92818,1.09178,0.91024,0.81489,0.89356,0.64918,1.05432,0.8073,1.0492,0.00571,0.00571,0.00571
522,5806.73,1.13694,0.94346,1.10127,0.91405,0.80638,0.8934,0.65056,1.06454,0.81654,1.05572,0.00570175,0.00570175,0.00570175
523,5817.5,1.10953,0.91557,1.08557,0.93141,0.81064,0.89471,0.65448,1.06086,0.81252,1.05159,0.0056935,0.0056935,0.0056935
524,5828.29,1.13291,0.93072,1.09835,0.93329,0.81064,0.89627,0.64995,1.07409,0.80821,1.05828,0.00568525,0.00568525,0.00568525
525,5839,1.11638,0.92755,1.08626,0.94396,0.80851,0.9027,0.6589,1.06001,0.79851,1.0579,0.005677,0.005677,0.005677
526,5849.98,1.12791,0.9331,1.10159,0.95074,0.80426,0.90287,0.65486,1.04993,0.79002,1.05341,0.00566875,0.00566875,0.00566875
527,5860.6,1.13421,0.94689,1.09894,0.9502,0.81187,0.90287,0.65771,1.05361,0.79001,1.04992,0.0056605,0.0056605,0.0056605
528,5871.36,1.14235,0.9194,1.10171,0.94053,0.82128,0.90433,0.66301,1.04584,0.78512,1.04634,0.00565225,0.00565225,0.00565225
529,5882.39,1.11255,0.9264,1.08985,0.92195,0.82934,0.9005,0.66072,1.05585,0.79348,1.05207,0.005644,0.005644,0.005644
530,5893.11,1.13119,0.93355,1.10198,0.93021,0.82236,0.89976,0.65731,1.06214,0.79602,1.05414,0.00563575,0.00563575,0.00563575
531,5903.67,1.14266,0.93964,1.09873,0.94078,0.81118,0.90261,0.65961,1.0531,0.78772,1.04824,0.0056275,0.0056275,0.0056275
532,5914.65,1.11792,0.91738,1.09326,0.91788,0.83236,0.90389,0.66346,1.04705,0.79347,1.04653,0.00561925,0.00561925,0.00561925
533,5925.51,1.11904,0.94702,1.10271,0.92966,0.82128,0.90172,0.66004,1.05812,0.80032,1.04927,0.005611,0.005611,0.005611
534,5936.2,1.13403,0.93591,1.10058,0.92208,0.83084,0.9044,0.66244,1.05957,0.79683,1.04527,0.00560275,0.00560275,0.00560275
535,5946.96,1.11813,0.92786,1.09731,0.93481,0.82379,0.90446,0.66264,1.05886,0.79609,1.04673,0.0055945,0.0055945,0.0055945
536,5957.63,1.13506,0.9206,1.09846,0.93339,0.82128,0.90629,0.67093,1.05313,0.79868,1.04038,0.00558625,0.00558625,0.00558625
537,5968.66,1.12588,0.89972,1.09035,0.92853,0.81702,0.90373,0.66848,1.03738,0.7948,1.03493,0.005578,0.005578,0.005578
538,5979.79,1.09207,0.89094,1.07868,0.94108,0.81559,0.90331,0.67111,1.03677,0.79292,1.03003,0.00556975,0.00556975,0.00556975
539,5990.69,1.12256,0.94107,1.08849,0.94351,0.8173,0.90575,0.67459,1.02818,0.79164,1.02734,0.0055615,0.0055615,0.0055615
540,6001.48,1.13024,0.92667,1.09295,0.91352,0.83154,0.90599,0.67704,1.02104,0.7868,1.02645,0.00555325,0.00555325,0.00555325
541,6012.66,1.12823,0.93882,1.09664,0.91783,0.83184,0.90647,0.67613,1.0236,0.79047,1.02931,0.005545,0.005545,0.005545
542,6023.74,1.09501,0.90714,1.08118,0.91059,0.82979,0.90604,0.67588,1.02003,0.79136,1.0281,0.00553675,0.00553675,0.00553675
543,6034.47,1.11565,0.90932,1.09021,0.91428,0.83967,0.9061,0.67557,1.02654,0.78522,1.0291,0.0055285,0.0055285,0.0055285
544,6045.15,1.12748,0.92917,1.09665,0.9258,0.83617,0.90774,0.67518,1.02348,0.77869,1.02756,0.00552025,0.00552025,0.00552025
545,6055.79,1.11734,0.91748,1.09135,0.93432,0.82766,0.90638,0.67331,1.02774,0.78379,1.03125,0.005512,0.005512,0.005512
546,6066.44,1.12127,0.90239,1.08794,0.92621,0.83404,0.90869,0.67358,1.02318,0.77742,1.02859,0.00550375,0.00550375,0.00550375
547,6077,1.10932,0.90558,1.07843,0.94109,0.82766,0.90503,0.67148,1.02658,0.77937,1.02992,0.0054955,0.0054955,0.0054955
548,6087.66,1.08713,0.90529,1.0803,0.95029,0.8234,0.90079,0.66902,1.02791,0.78347,1.0326,0.00548725,0.00548725,0.00548725
549,6098.18,1.11735,0.91862,1.08939,0.94314,0.81171,0.9005,0.6747,1.01722,0.78435,1.03047,0.005479,0.005479,0.005479
550,6108.7,1.11662,0.91483,1.08494,0.93994,0.8234,0.90059,0.67215,1.01665,0.7846,1.02971,0.00547075,0.00547075,0.00547075
551,6120.39,1.09267,0.89535,1.0778,0.93845,0.83191,0.90324,0.67586,1.00722,0.77896,1.02364,0.0054625,0.0054625,0.0054625
552,6131.47,1.10812,0.91102,1.08679,0.94002,0.83369,0.90338,0.67843,1.0105,0.77681,1.02587,0.00545425,0.00545425,0.00545425
553,6142.51,1.10612,0.91253,1.08966,0.94625,0.824,0.90675,0.6807,1.01054,0.76734,1.0242,0.005446,0.005446,0.005446
554,6153.56,1.11807,0.91118,1.09074,0.94363,0.83191,0.90717,0.68134,1.00912,0.75986,1.01975,0.00543775,0.00543775,0.00543775
555,6164.64,1.09239,0.88701,1.07437,0.93997,0.83191,0.90875,0.68333,1.0037,0.76049,1.0168,0.0054295,0.0054295,0.0054295
556,6175.48,1.08477,0.8839,1.07435,0.95351,0.82914,0.9135,0.68428,1.00509,0.76257,1.01586,0.00542125,0.00542125,0.00542125
557,6186.49,1.09077,0.90417,1.07971,0.96543,0.81702,0.91116,0.68206,1.00532,0.769,1.01549,0.005413,0.005413,0.005413
558,6197.39,1.09893,0.90613,1.08986,0.95505,0.81373,0.90844,0.68092,1.00537,0.76196,1.01514,0.00540475,0.00540475,0.00540475
559,6208.31,1.10775,0.9159,1.0927,0.93819,0.83965,0.91372,0.68208,1.00441,0.75989,1.01437,0.0053965,0.0053965,0.0053965
560,6218.99,1.06824,0.89068,1.07504,0.956,0.81915,0.90988,0.6801,1.01139,0.76616,1.0156,0.00538825,0.00538825,0.00538825
561,6229.71,1.08215,0.89474,1.07472,0.94814,0.81688,0.90602,0.68255,1.01153,0.7642,1.01624,0.00538,0.00538,0.00538
562,6240.15,1.07833,0.88239,1.06615,0.94393,0.8239,0.90886,0.68047,1.01528,0.76604,1.01767,0.00537175,0.00537175,0.00537175
563,6250.65,1.10559,0.90762,1.0733,0.94865,0.82551,0.90928,0.67986,1.01946,0.76653,1.01858,0.0053635,0.0053635,0.0053635
564,6261.51,1.07456,0.87337,1.07312,0.95009,0.81702,0.91093,0.6805,1.01452,0.7635,1.01716,0.00535525,0.00535525,0.00535525
565,6272.22,1.07316,0.86489,1.0638,0.91688,0.84495,0.91291,0.68455,1.01489,0.75996,1.01762,0.005347,0.005347,0.005347
566,6283.13,1.07191,0.86972,1.06655,0.93321,0.83191,0.91492,0.68573,1.01334,0.76553,1.01769,0.00533875,0.00533875,0.00533875
567,6293.96,1.07916,0.86962,1.0716,0.93612,0.84185,0.9133,0.68214,1.01516,0.76142,1.01842,0.0053305,0.0053305,0.0053305
568,6304.7,1.10587,0.88534,1.07449,0.93623,0.84255,0.91563,0.68117,1.01577,0.76263,1.01636,0.00532225,0.00532225,0.00532225
569,6315.24,1.07963,0.88456,1.0727,0.9425,0.837,0.91408,0.67636,1.01766,0.76244,1.01985,0.005314,0.005314,0.005314
570,6325.8,1.10427,0.87506,1.06978,0.94659,0.84043,0.91516,0.67942,1.01082,0.75956,1.01791,0.00530575,0.00530575,0.00530575
571,6336.48,1.06359,0.87068,1.06706,0.9455,0.84255,0.91632,0.6792,1.00572,0.75509,1.01635,0.0052975,0.0052975,0.0052975
572,6347.13,1.06697,0.86602,1.07869,0.94929,0.83648,0.9147,0.68093,1.00603,0.75606,1.01886,0.00528925,0.00528925,0.00528925
573,6357.71,1.0971,0.89927,1.07659,0.93995,0.83267,0.91246,0.67794,1.00964,0.75401,1.02044,0.005281,0.005281,0.005281
574,6368.45,1.07028,0.88767,1.0761,0.94725,0.84468,0.91777,0.68107,1.0088,0.7491,1.01995,0.00527275,0.00527275,0.00527275
575,6379.21,1.0794,0.89066,1.07012,0.94608,0.84255,0.92203,0.68408,1.00685,0.74388,1.01836,0.0052645,0.0052645,0.0052645
576,6389.77,1.07151,0.86553,1.06956,0.93878,0.84255,0.92345,0.68664,1.00422,0.74004,1.01624,0.00525625,0.00525625,0.00525625
577,6400.72,1.08508,0.88349,1.07329,0.94825,0.82553,0.92138,0.68707,1.0071,0.74129,1.01621,0.005248,0.005248,0.005248
578,6412.16,1.05391,0.868,1.06495,0.95111,0.82792,0.91958,0.6848,1.01033,0.7409,1.0161,0.00523975,0.00523975,0.00523975
579,6422.83,1.08774,0.88202,1.07026,0.93867,0.83404,0.91923,0.68781,1.02275,0.74032,1.01993,0.0052315,0.0052315,0.0052315
580,6433.88,1.08914,0.89075,1.07889,0.95353,0.8295,0.91882,0.68787,1.02337,0.7386,1.01858,0.00522325,0.00522325,0.00522325
581,6444.89,1.06171,0.85232,1.05562,0.94002,0.83357,0.91759,0.68582,1.01973,0.73678,1.01752,0.005215,0.005215,0.005215
582,6455.42,1.05135,0.8642,1.06042,0.95043,0.83404,0.91822,0.68422,1.01707,0.73725,1.01812,0.00520675,0.00520675,0.00520675
583,6465.95,1.07277,0.87937,1.07258,0.95152,0.83617,0.91978,0.691,1.00958,0.73662,1.01485,0.0051985,0.0051985,0.0051985
584,6476.97,1.06479,0.88589,1.06829,0.94026,0.8383,0.91535,0.68706,1.01106,0.74361,1.01592,0.00519025,0.00519025,0.00519025
585,6487.53,1.07244,0.88232,1.07043,0.93216,0.84043,0.91374,0.68903,1.00926,0.74238,1.01444,0.005182,0.005182,0.005182
586,6497.88,1.07923,0.87002,1.06842,0.93741,0.84043,0.91233,0.68915,1.00576,0.74658,1.01263,0.00517375,0.00517375,0.00517375
587,6508.68,1.06384,0.86393,1.06005,0.95416,0.8414,0.91342,0.69116,1.00377,0.74514,1.01456,0.0051655,0.0051655,0.0051655
588,6519.28,1.04937,0.85105,1.06024,0.94512,0.8427,0.91429,0.6913,0.99839,0.73678,1.01708,0.00515725,0.00515725,0.00515725
589,6529.9,1.05684,0.85086,1.05689,0.94944,0.83912,0.91537,0.69204,0.99805,0.73912,1.01583,0.005149,0.005149,0.005149
590,6541,1.04009,0.85533,1.0553,0.96153,0.82979,0.9167,0.69124,0.99831,0.74061,1.01493,0.00514075,0.00514075,0.00514075
591,6551.89,1.07745,0.8662,1.06484,0.94947,0.83956,0.91999,0.69241,0.99764,0.73858,1.01379,0.0051325,0.0051325,0.0051325
592,6562.65,1.04618,0.83833,1.05399,0.95562,0.84468,0.91921,0.69397,0.99578,0.73734,1.01258,0.00512425,0.00512425,0.00512425
593,6573.43,1.03002,0.83738,1.0419,0.94213,0.84255,0.91724,0.69537,0.98997,0.73501,1.01015,0.005116,0.005116,0.005116
594,6584.53,1.02206,0.8262,1.05197,0.9495,0.84015,0.91754,0.6962,0.98598,0.7364,1.00635,0.00510775,0.00510775,0.00510775
595,6595.38,1.05269,0.85132,1.05981,0.95642,0.8405,0.92,0.69851,0.98824,0.73355,1.00465,0.0050995,0.0050995,0.0050995
596,6606.38,1.03802,0.83187,1.05041,0.95605,0.83319,0.91781,0.69925,0.98322,0.73232,1.00168,0.00509125,0.00509125,0.00509125
597,6617.43,1.05107,0.84138,1.06137,0.95746,0.83191,0.9185,0.70305,0.98091,0.73212,1.00237,0.005083,0.005083,0.005083
598,6628.31,1.05603,0.83324,1.05829,0.95337,0.84255,0.91775,0.70098,0.98307,0.73153,1.00239,0.00507475,0.00507475,0.00507475
599,6639.02,1.05809,0.84266,1.05804,0.96096,0.83785,0.9212,0.69974,0.98293,0.72408,1.00348,0.0050665,0.0050665,0.0050665
600,6650.12,1.07151,0.87253,1.06671,0.95298,0.83617,0.92154,0.69592,0.9842,0.72173,1.00402,0.00505825,0.00505825,0.00505825
601,6661.25,1.03707,0.82645,1.05215,0.94517,0.84359,0.92075,0.69546,0.98563,0.7204,1.00333,0.00505,0.00505,0.00505
602,6671.9,1.07718,0.86606,1.07515,0.9426,0.83857,0.91862,0.69607,0.98607,0.72136,1.00302,0.00504175,0.00504175,0.00504175
603,6682.46,1.04471,0.84818,1.05147,0.94726,0.83404,0.9189,0.69285,0.98942,0.7225,1.00433,0.0050335,0.0050335,0.0050335
604,6693.34,1.04399,0.83537,1.0568,0.94943,0.82553,0.9196,0.69591,0.99131,0.72419,1.00541,0.00502525,0.00502525,0.00502525
605,6704.28,1.07071,0.85445,1.06563,0.96054,0.82859,0.91983,0.69223,0.99869,0.72765,1.00707,0.005017,0.005017,0.005017
606,6714.82,1.05247,0.84023,1.05154,0.95582,0.82865,0.91719,0.69282,0.99815,0.72991,1.00555,0.00500875,0.00500875,0.00500875
607,6725.4,1.04511,0.83434,1.05197,0.94643,0.83404,0.91779,0.69016,0.9953,0.73465,1.00335,0.0050005,0.0050005,0.0050005
608,6736.85,1.0293,0.81642,1.04475,0.95354,0.83617,0.92002,0.69367,0.99157,0.7362,1.00269,0.00499225,0.00499225,0.00499225
609,6747.42,1.02902,0.84166,1.05124,0.94999,0.84043,0.92007,0.69483,0.98617,0.7327,1.00241,0.004984,0.004984,0.004984
610,6758,1.04313,0.84347,1.0501,0.954,0.83845,0.92157,0.69297,0.97996,0.72749,1.00194,0.00497575,0.00497575,0.00497575
611,6768.56,1.04011,0.8228,1.04892,0.96541,0.83617,0.92333,0.69711,0.97271,0.72588,1.0029,0.0049675,0.0049675,0.0049675
612,6779.49,1.05135,0.85419,1.06134,0.96113,0.84183,0.92474,0.6981,0.97641,0.72704,1.00358,0.00495925,0.00495925,0.00495925
613,6790.23,1.04154,0.83201,1.04746,0.95641,0.84027,0.922,0.69553,0.98267,0.7289,1.00277,0.004951,0.004951,0.004951
614,6800.95,1.02359,0.8202,1.03802,0.95392,0.8383,0.92103,0.69503,0.98636,0.73069,1.0034,0.00494275,0.00494275,0.00494275
615,6811.85,1.03961,0.83267,1.04646,0.95823,0.83404,0.92063,0.69646,0.9858,0.72928,1.0037,0.0049345,0.0049345,0.0049345
616,6822.99,1.03406,0.81943,1.05984,0.95052,0.84043,0.9218,0.69535,0.98561,0.72708,1.00236,0.00492625,0.00492625,0.00492625
617,6833.66,0.99955,0.811,1.03696,0.96527,0.82782,0.92393,0.69657,0.97758,0.71661,0.99978,0.004918,0.004918,0.004918
618,6844.24,1.03149,0.81856,1.04755,0.94331,0.84975,0.92418,0.69635,0.97602,0.71348,0.99919,0.00490975,0.00490975,0.00490975
619,6855.44,1.02858,0.81331,1.05223,0.94561,0.85075,0.92453,0.70151,0.97171,0.71492,0.99796,0.0049015,0.0049015,0.0049015
620,6866.62,1.0126,0.79982,1.03746,0.95632,0.85319,0.92599,0.70305,0.9674,0.71801,0.99826,0.00489325,0.00489325,0.00489325
621,6877.52,1.02567,0.82225,1.0374,0.94757,0.84596,0.92526,0.70725,0.96157,0.71694,0.99664,0.004885,0.004885,0.004885
622,6888.4,1.02241,0.80929,1.03972,0.97021,0.8234,0.92639,0.70483,0.95882,0.71356,0.99587,0.00487675,0.00487675,0.00487675
623,6899.59,1.03851,0.82519,1.0511,0.96577,0.82766,0.92774,0.70545,0.95864,0.71501,0.9945,0.0048685,0.0048685,0.0048685
624,6910.14,1.04133,0.83545,1.05408,0.95664,0.83404,0.92747,0.70577,0.95946,0.71542,0.9944,0.00486025,0.00486025,0.00486025
625,6920.78,1.02496,0.82215,1.04683,0.94822,0.84468,0.92668,0.7056,0.96102,0.71613,0.99305,0.004852,0.004852,0.004852
626,6931.67,1.04059,0.826,1.04792,0.9586,0.83744,0.92672,0.70451,0.96391,0.72249,0.99419,0.00484375,0.00484375,0.00484375
627,6942.7,1.03851,0.82716,1.04899,0.94046,0.84023,0.92588,0.70106,0.96599,0.72396,0.99429,0.0048355,0.0048355,0.0048355
628,6953.29,0.99685,0.79264,1.02926,0.93876,0.84801,0.9262,0.69938,0.96875,0.73076,0.995,0.00482725,0.00482725,0.00482725
629,6963.86,1.01756,0.82048,1.04949,0.93703,0.85486,0.92599,0.70103,0.96788,0.73461,0.99563,0.004819,0.004819,0.004819
630,6974.9,1.02056,0.82457,1.04384,0.94334,0.85012,0.92501,0.70413,0.96393,0.72986,0.99518,0.00481075,0.00481075,0.00481075
631,6985.44,1.03475,0.81744,1.05833,0.95325,0.84255,0.92524,0.70604,0.96323,0.72845,0.9954,0.0048025,0.0048025,0.0048025
632,6996.03,1.00841,0.78551,1.03168,0.95026,0.84468,0.92545,0.70448,0.96314,0.72539,0.99648,0.00479425,0.00479425,0.00479425
633,7006.64,0.99946,0.78607,1.02765,0.94989,0.84701,0.92625,0.70216,0.96811,0.72441,0.99905,0.004786,0.004786,0.004786
634,7018.24,1.01451,0.80524,1.03682,0.95256,0.85442,0.92639,0.7041,0.96683,0.71812,0.99964,0.00477775,0.00477775,0.00477775
635,7028.95,1.01613,0.79697,1.04414,0.94677,0.85532,0.92857,0.70397,0.96644,0.7115,0.99998,0.0047695,0.0047695,0.0047695
636,7039.61,1.00043,0.79655,1.02981,0.95191,0.85106,0.93085,0.70686,0.96089,0.70766,0.99696,0.00476125,0.00476125,0.00476125
637,7050.95,1.01625,0.80746,1.035,0.95494,0.85106,0.93096,0.70944,0.95521,0.7002,0.99515,0.004753,0.004753,0.004753
638,7062.58,1.01138,0.7959,1.03723,0.95281,0.85532,0.92973,0.70687,0.95836,0.70216,0.99648,0.00474475,0.00474475,0.00474475
639,7073.14,1.01769,0.79934,1.03553,0.95923,0.84681,0.93098,0.70696,0.96134,0.70226,0.99759,0.0047365,0.0047365,0.0047365
640,7083.79,0.98361,0.77271,1.01784,0.95487,0.85533,0.93088,0.70783,0.95659,0.70144,0.9942,0.00472825,0.00472825,0.00472825
641,7095.21,1.0078,0.78629,1.02826,0.96105,0.83997,0.93264,0.70906,0.95472,0.70229,0.99142,0.00472,0.00472,0.00472
642,7105.73,0.99572,0.78238,1.03094,0.96132,0.846,0.93239,0.70746,0.95509,0.7037,0.99157,0.00471175,0.00471175,0.00471175
643,7116.25,1.01021,0.80986,1.03914,0.95756,0.85106,0.93133,0.70952,0.95509,0.70074,0.99087,0.0047035,0.0047035,0.0047035
644,7127.03,1.01415,0.79928,1.04261,0.94567,0.85172,0.92915,0.70833,0.95287,0.70063,0.99055,0.00469525,0.00469525,0.00469525
645,7138.25,0.98881,0.77994,1.02696,0.94779,0.84973,0.92955,0.70639,0.95668,0.70106,0.9912,0.004687,0.004687,0.004687
646,7148.84,1.01373,0.80977,1.0387,0.94791,0.85175,0.92905,0.7053,0.9555,0.70291,0.99178,0.00467875,0.00467875,0.00467875
647,7159.44,1.00509,0.8032,1.03268,0.94791,0.85173,0.92887,0.70743,0.95038,0.69883,0.99139,0.0046705,0.0046705,0.0046705
648,7170.41,1.01338,0.81452,1.04875,0.94993,0.84777,0.92994,0.70778,0.94832,0.69409,0.99086,0.00466225,0.00466225,0.00466225
649,7181.42,0.97422,0.77218,1.03129,0.95653,0.84279,0.92945,0.70617,0.95089,0.697,0.99283,0.004654,0.004654,0.004654
650,7192.02,1.00433,0.77302,1.03306,0.9608,0.83449,0.9293,0.70574,0.95059,0.69462,0.99259,0.00464575,0.00464575,0.00464575
651,7202.53,0.97404,0.76952,1.02605,0.96004,0.84043,0.9288,0.70854,0.94264,0.68775,0.99078,0.0046375,0.0046375,0.0046375
652,7213.84,1.00258,0.79089,1.03865,0.9588,0.84185,0.92904,0.70991,0.94073,0.68717,0.99195,0.00462925,0.00462925,0.00462925
653,7224.77,0.99341,0.78031,1.03549,0.96126,0.84468,0.92996,0.71272,0.93894,0.68333,0.99077,0.004621,0.004621,0.004621
654,7235.59,1.01333,0.80635,1.04211,0.96141,0.84802,0.93258,0.71352,0.93653,0.67944,0.98867,0.00461275,0.00461275,0.00461275
655,7246.92,1.00954,0.7878,1.03837,0.95831,0.84894,0.93354,0.71323,0.93171,0.67903,0.98704,0.0046045,0.0046045,0.0046045
656,7258.01,1.00438,0.79442,1.03504,0.96067,0.84894,0.93156,0.7128,0.93162,0.67778,0.98645,0.00459625,0.00459625,0.00459625
657,7268.62,0.99742,0.79302,1.03158,0.9591,0.84812,0.93167,0.71471,0.93082,0.67531,0.98568,0.004588,0.004588,0.004588
658,7279.44,0.97956,0.76201,1.02854,0.96581,0.84894,0.9304,0.71694,0.93324,0.67463,0.98669,0.00457975,0.00457975,0.00457975
659,7291.03,1.00672,0.77475,1.02218,0.96606,0.84782,0.93055,0.71526,0.93301,0.67639,0.98731,0.0045715,0.0045715,0.0045715
660,7302.21,1.0012,0.78595,1.02745,0.96078,0.84894,0.92966,0.71622,0.9316,0.67746,0.98526,0.00456325,0.00456325,0.00456325
661,7313.01,0.98207,0.77897,1.02191,0.96375,0.84843,0.92964,0.71558,0.93217,0.68382,0.9845,0.004555,0.004555,0.004555
662,7323.57,0.99083,0.76683,1.02083,0.96611,0.84914,0.93112,0.71791,0.93225,0.68616,0.98624,0.00454675,0.00454675,0.00454675
663,7335.14,0.99341,0.78986,1.03482,0.97078,0.84833,0.93147,0.71854,0.93173,0.68485,0.98644,0.0045385,0.0045385,0.0045385
664,7346.45,0.995,0.78221,1.02486,0.97017,0.84468,0.93058,0.71807,0.93508,0.68473,0.9865,0.00453025,0.00453025,0.00453025
665,7356.96,0.96845,0.77439,1.02105,0.97149,0.84681,0.9293,0.71912,0.93341,0.68271,0.98423,0.004522,0.004522,0.004522
666,7367.87,0.9723,0.77293,1.02342,0.95316,0.86383,0.93013,0.72003,0.93035,0.68003,0.98239,0.00451375,0.00451375,0.00451375
667,7379.14,0.96368,0.75513,1.01853,0.94419,0.86385,0.93196,0.72049,0.92646,0.67939,0.98199,0.0045055,0.0045055,0.0045055
668,7390.07,0.99725,0.78658,1.02875,0.95104,0.85532,0.92988,0.71929,0.92673,0.67936,0.97931,0.00449725,0.00449725,0.00449725
669,7400.73,0.97718,0.77082,1.01698,0.96392,0.85276,0.93025,0.72005,0.92825,0.67824,0.98034,0.004489,0.004489,0.004489
670,7411.66,0.97962,0.77087,1.02241,0.95127,0.85745,0.93235,0.71812,0.92867,0.67896,0.97793,0.00448075,0.00448075,0.00448075
671,7422.72,1.01168,0.80148,1.03157,0.94737,0.8617,0.93191,0.71941,0.93203,0.68098,0.97865,0.0044725,0.0044725,0.0044725
672,7433.2,0.96721,0.75959,1.0121,0.94331,0.86383,0.93219,0.7184,0.92749,0.67938,0.97655,0.00446425,0.00446425,0.00446425
673,7443.8,0.98358,0.78487,1.01844,0.95504,0.8617,0.93143,0.71851,0.92639,0.67564,0.97463,0.004456,0.004456,0.004456
674,7454.82,0.98737,0.77433,1.02036,0.94739,0.86383,0.93296,0.71989,0.92388,0.67513,0.97243,0.00444775,0.00444775,0.00444775
675,7465.31,0.97157,0.74888,1.02088,0.94004,0.86726,0.93288,0.71793,0.92774,0.67788,0.97231,0.0044395,0.0044395,0.0044395
676,7475.82,0.97963,0.76681,1.01565,0.95274,0.85794,0.93244,0.7194,0.93098,0.67816,0.97243,0.00443125,0.00443125,0.00443125
677,7486.36,0.98623,0.76658,1.02198,0.95666,0.85745,0.93196,0.72033,0.93251,0.67804,0.97219,0.004423,0.004423,0.004423
678,7497.4,0.97254,0.76296,1.01521,0.94371,0.85606,0.93098,0.71906,0.93418,0.68048,0.97284,0.00441475,0.00441475,0.00441475
679,7507.91,0.97984,0.76055,1.02037,0.93712,0.8617,0.93033,0.71915,0.93589,0.68244,0.9729,0.0044065,0.0044065,0.0044065
680,7518.66,0.98629,0.77891,1.02445,0.94453,0.86383,0.93127,0.71843,0.9345,0.681,0.97187,0.00439825,0.00439825,0.00439825
681,7529.38,1.00371,0.77122,1.03178,0.93989,0.86498,0.93427,0.7201,0.93216,0.68038,0.96966,0.00439,0.00439,0.00439
682,7540.61,0.97511,0.76658,1.01936,0.95406,0.85106,0.93161,0.72077,0.9298,0.68112,0.96834,0.00438175,0.00438175,0.00438175
683,7551.54,0.99719,0.77976,1.02472,0.95333,0.85106,0.92895,0.71924,0.93285,0.68261,0.96895,0.0043735,0.0043735,0.0043735
684,7562.14,0.99551,0.77625,1.02765,0.94467,0.85106,0.92778,0.71654,0.93566,0.68525,0.97049,0.00436525,0.00436525,0.00436525
685,7573.15,0.96517,0.75465,1.00787,0.95611,0.84255,0.92879,0.71673,0.93538,0.68417,0.97026,0.004357,0.004357,0.004357
686,7584.07,0.95376,0.75556,1.00998,0.96101,0.83909,0.92977,0.71801,0.93337,0.68516,0.97064,0.00434875,0.00434875,0.00434875
687,7594.79,0.96053,0.75823,1.00948,0.96226,0.8383,0.93144,0.71774,0.93162,0.68431,0.97129,0.0043405,0.0043405,0.0043405
688,7605.41,0.9804,0.75912,1.01554,0.9625,0.8383,0.9317,0.72003,0.92956,0.68593,0.97082,0.00433225,0.00433225,0.00433225
689,7616.44,0.94501,0.73575,1.00934,0.96342,0.84059,0.9319,0.72052,0.92933,0.68597,0.97027,0.004324,0.004324,0.004324
690,7627.13,0.95686,0.75105,1.01522,0.96273,0.84255,0.93375,0.72158,0.92661,0.68114,0.96837,0.00431575,0.00431575,0.00431575
691,7638.11,0.97804,0.76154,1.00936,0.96123,0.84396,0.93405,0.72178,0.92538,0.67944,0.96792,0.0043075,0.0043075,0.0043075
692,7649.43,0.98238,0.76241,1.02007,0.96355,0.84373,0.93308,0.72247,0.92531,0.68213,0.96809,0.00429925,0.00429925,0.00429925
693,7660.84,0.96763,0.74816,1.01187,0.96201,0.8383,0.93148,0.72373,0.92702,0.68389,0.9681,0.004291,0.004291,0.004291
694,7671.79,0.92633,0.73055,1.00475,0.9605,0.8383,0.93105,0.7213,0.9256,0.68192,0.96673,0.00428275,0.00428275,0.00428275
695,7682.37,0.95904,0.73828,1.01124,0.92718,0.87021,0.93078,0.72038,0.92337,0.67874,0.96552,0.0042745,0.0042745,0.0042745
696,7693.58,0.94579,0.73636,1.00556,0.92882,0.87021,0.93074,0.72166,0.92304,0.67829,0.96593,0.00426625,0.00426625,0.00426625
697,7704.27,0.997,0.78025,1.0216,0.95015,0.85163,0.93076,0.72227,0.92687,0.67858,0.96799,0.004258,0.004258,0.004258
698,7715.03,0.95581,0.74737,1.01354,0.94995,0.85106,0.9307,0.72061,0.92621,0.67591,0.96759,0.00424975,0.00424975,0.00424975
699,7725.71,0.95933,0.75271,1.01117,0.94773,0.84865,0.93048,0.72321,0.92363,0.67561,0.96725,0.0042415,0.0042415,0.0042415
700,7736.85,0.93973,0.73315,1.00432,0.94995,0.84802,0.92983,0.72284,0.9243,0.67754,0.96879,0.00423325,0.00423325,0.00423325
701,7747.41,0.96133,0.74536,1.00668,0.9489,0.85745,0.92957,0.7194,0.92423,0.67937,0.96917,0.004225,0.004225,0.004225
702,7757.95,0.95951,0.73574,1.01659,0.95469,0.85169,0.92992,0.71949,0.92533,0.68169,0.9686,0.00421675,0.00421675,0.00421675
703,7768.99,0.93413,0.72994,1.00253,0.95421,0.85319,0.93014,0.72115,0.92539,0.68046,0.96785,0.0042085,0.0042085,0.0042085
704,7780.33,0.95874,0.74581,1.01072,0.9503,0.85434,0.92985,0.72367,0.92417,0.6809,0.96749,0.00420025,0.00420025,0.00420025
705,7790.91,0.94442,0.74517,1.00382,0.95477,0.85342,0.93092,0.72463,0.92474,0.67875,0.96655,0.004192,0.004192,0.004192
706,7801.75,0.9571,0.73597,1.00383,0.9452,0.86596,0.9315,0.72414,0.92066,0.67736,0.96566,0.00418375,0.00418375,0.00418375
707,7812.62,0.94591,0.7288,1.00889,0.96161,0.85279,0.93072,0.72438,0.92111,0.67534,0.96603,0.0041755,0.0041755,0.0041755
708,7823.18,0.96052,0.75931,1.01493,0.95301,0.85957,0.92809,0.72377,0.92478,0.67565,0.96629,0.00416725,0.00416725,0.00416725
709,7833.7,0.93685,0.73354,1.01118,0.95774,0.86796,0.93167,0.72366,0.9238,0.67457,0.96574,0.004159,0.004159,0.004159
710,7844.51,0.96038,0.75337,1.01502,0.95314,0.86559,0.93147,0.72358,0.92359,0.67483,0.96726,0.00415075,0.00415075,0.00415075
711,7855.96,0.94002,0.74482,1.00303,0.95118,0.86383,0.93151,0.72245,0.92168,0.67585,0.96699,0.0041425,0.0041425,0.0041425
712,7866.56,0.9565,0.7312,1.00428,0.9506,0.85986,0.93225,0.72165,0.91945,0.67478,0.96713,0.00413425,0.00413425,0.00413425
713,7877.14,0.96157,0.75377,1.01448,0.95272,0.85751,0.93175,0.7248,0.91533,0.67238,0.96597,0.004126,0.004126,0.004126
714,7888.5,0.94084,0.70907,0.9991,0.94834,0.85925,0.93147,0.72311,0.91239,0.67054,0.96482,0.00411775,0.00411775,0.00411775
715,7899.48,0.94318,0.73971,1.00819,0.96244,0.85106,0.93319,0.72282,0.91089,0.6697,0.96397,0.0041095,0.0041095,0.0041095
716,7910.19,0.94991,0.74111,1.01418,0.95937,0.85404,0.93398,0.72431,0.91107,0.66873,0.96323,0.00410125,0.00410125,0.00410125
717,7920.75,0.92574,0.71511,0.9998,0.96616,0.85035,0.93413,0.72512,0.91037,0.66666,0.96221,0.004093,0.004093,0.004093
718,7932.2,0.94228,0.73755,1.00407,0.96581,0.84894,0.93408,0.72661,0.90833,0.66461,0.96129,0.00408475,0.00408475,0.00408475
719,7943.07,0.95063,0.71941,1.00261,0.96433,0.84681,0.93579,0.72884,0.9043,0.6623,0.96035,0.0040765,0.0040765,0.0040765
720,7953.89,0.95524,0.7334,1.01539,0.96321,0.84894,0.93663,0.73022,0.90324,0.6606,0.96056,0.00406825,0.00406825,0.00406825
721,7965.13,0.9559,0.73066,1.00287,0.96604,0.84726,0.93621,0.73047,0.90113,0.65911,0.95995,0.00406,0.00406,0.00406
722,7976.52,0.94451,0.72052,0.99625,0.96462,0.84894,0.93409,0.73187,0.89803,0.65873,0.9591,0.00405175,0.00405175,0.00405175
723,7987.36,0.93816,0.71254,1.00382,0.9484,0.8603,0.93586,0.73206,0.89602,0.65999,0.95932,0.0040435,0.0040435,0.0040435
724,7998.19,0.93452,0.7205,0.99961,0.95478,0.85352,0.93657,0.7319,0.893,0.66208,0.95864,0.00403525,0.00403525,0.00403525
725,8009.22,0.93316,0.72247,0.99808,0.93566,0.87021,0.9368,0.73451,0.88936,0.66142,0.95628,0.004027,0.004027,0.004027
726,8020.14,0.92988,0.72864,1.00248,0.93634,0.87624,0.93644,0.73222,0.88728,0.65894,0.95533,0.00401875,0.00401875,0.00401875
727,8030.68,0.93183,0.72898,0.99939,0.93507,0.87234,0.93753,0.73259,0.88816,0.65932,0.95593,0.0040105,0.0040105,0.0040105
728,8041.56,0.95019,0.73437,0.99762,0.93846,0.87597,0.93751,0.73379,0.88848,0.65859,0.95669,0.00400225,0.00400225,0.00400225
729,8052.91,0.93355,0.73182,1.0035,0.93843,0.87561,0.93727,0.73527,0.88943,0.65739,0.95775,0.003994,0.003994,0.003994
730,8063.96,0.93134,0.72439,0.99724,0.93412,0.87447,0.93451,0.73582,0.88987,0.658,0.95855,0.00398575,0.00398575,0.00398575
731,8074.71,0.93243,0.72274,1.00349,0.93153,0.87447,0.9342,0.7345,0.89137,0.65801,0.95925,0.0039775,0.0039775,0.0039775
732,8085.66,0.91726,0.70167,0.99604,0.94672,0.86962,0.9383,0.73533,0.89109,0.65741,0.95984,0.00396925,0.00396925,0.00396925
733,8096.39,0.93877,0.72272,0.99595,0.94457,0.8702,0.93878,0.73439,0.88851,0.65608,0.95986,0.003961,0.003961,0.003961
734,8106.81,0.91961,0.69517,0.99036,0.94428,0.87234,0.939,0.73436,0.88553,0.65417,0.95961,0.00395275,0.00395275,0.00395275
735,8117.47,0.92575,0.70808,0.99854,0.94689,0.8725,0.93841,0.73562,0.88501,0.65108,0.95861,0.0039445,0.0039445,0.0039445
736,8128.75,0.93252,0.70953,0.99544,0.94904,0.87182,0.93889,0.73506,0.88609,0.65058,0.95846,0.00393625,0.00393625,0.00393625
737,8139.29,0.9168,0.70828,0.99307,0.94588,0.87234,0.93798,0.73439,0.88494,0.6481,0.95832,0.003928,0.003928,0.003928
738,8149.84,0.89802,0.69836,0.99218,0.95125,0.87447,0.93965,0.73536,0.88524,0.645,0.95855,0.00391975,0.00391975,0.00391975
739,8160.74,0.92561,0.70944,0.99092,0.95519,0.87447,0.93978,0.73566,0.88441,0.64273,0.95764,0.0039115,0.0039115,0.0039115
740,8172.41,0.93399,0.73275,0.99517,0.95354,0.87343,0.94062,0.73513,0.88515,0.6437,0.95763,0.00390325,0.00390325,0.00390325
741,8183.03,0.9236,0.70844,0.99585,0.94545,0.87872,0.93792,0.73295,0.88525,0.64432,0.957,0.003895,0.003895,0.003895
742,8193.62,0.9077,0.69053,0.99248,0.94172,0.88085,0.93546,0.73245,0.88637,0.6449,0.95685,0.00388675,0.00388675,0.00388675
743,8204.77,0.92968,0.71149,0.99912,0.94285,0.88085,0.93596,0.73352,0.88641,0.64635,0.95642,0.0038785,0.0038785,0.0038785
744,8215.37,0.91242,0.69577,0.98494,0.9495,0.88012,0.93807,0.73542,0.88404,0.64372,0.95442,0.00387025,0.00387025,0.00387025
745,8225.93,0.93556,0.71171,0.99254,0.95017,0.87872,0.93637,0.73587,0.88262,0.64138,0.95171,0.003862,0.003862,0.003862
746,8236.67,0.94254,0.71909,0.99685,0.94667,0.87872,0.93634,0.73619,0.88316,0.64068,0.95135,0.00385375,0.00385375,0.00385375
747,8248.6,0.92478,0.71509,0.99328,0.94914,0.87872,0.93876,0.7368,0.88272,0.64075,0.95127,0.0038455,0.0038455,0.0038455
748,8259.44,0.9192,0.69632,0.9914,0.94724,0.87867,0.93829,0.73614,0.88251,0.63985,0.95137,0.00383725,0.00383725,0.00383725
749,8269.97,0.88955,0.69708,0.9897,0.94515,0.8766,0.93759,0.7356,0.88102,0.63973,0.95027,0.003829,0.003829,0.003829
750,8280.52,0.93704,0.7211,0.99612,0.94715,0.877,0.93814,0.73647,0.88114,0.63846,0.94903,0.00382075,0.00382075,0.00382075
751,8291.21,0.91901,0.71263,0.99632,0.95158,0.87447,0.93828,0.73711,0.881,0.63922,0.94906,0.0038125,0.0038125,0.0038125
752,8302.1,0.91622,0.70609,0.99384,0.94988,0.8766,0.93782,0.73691,0.88003,0.6374,0.94844,0.00380425,0.00380425,0.00380425
753,8312.66,0.92159,0.7013,0.9868,0.95139,0.87444,0.93826,0.73694,0.88005,0.63731,0.94777,0.003796,0.003796,0.003796
754,8323.19,0.90534,0.70229,0.99028,0.95164,0.87234,0.93953,0.73738,0.87909,0.63609,0.94602,0.00378775,0.00378775,0.00378775
755,8334.02,0.90407,0.70092,0.99511,0.9561,0.87234,0.94004,0.73675,0.87801,0.63486,0.94466,0.0037795,0.0037795,0.0037795
756,8344.58,0.90493,0.70528,0.98879,0.9523,0.8766,0.93944,0.73786,0.87786,0.63475,0.94394,0.00377125,0.00377125,0.00377125
757,8355.51,0.89234,0.69403,0.98778,0.95228,0.87447,0.93959,0.73867,0.87619,0.63393,0.94375,0.003763,0.003763,0.003763
758,8366.48,0.90898,0.70584,0.98994,0.95668,0.87447,0.94037,0.74049,0.87351,0.63442,0.94353,0.00375475,0.00375475,0.00375475
759,8377.37,0.89686,0.68594,0.98284,0.95205,0.87447,0.94001,0.74314,0.87216,0.63437,0.94362,0.0037465,0.0037465,0.0037465
760,8388.24,0.91313,0.70034,0.99091,0.94897,0.8766,0.93942,0.74138,0.87262,0.63427,0.94367,0.00373825,0.00373825,0.00373825
761,8398.79,0.89599,0.69172,0.97967,0.9511,0.8766,0.93924,0.74177,0.87232,0.63381,0.9435,0.00373,0.00373,0.00373
762,8409.3,0.91107,0.69714,0.9942,0.94805,0.8766,0.93971,0.74399,0.86976,0.63236,0.94289,0.00372175,0.00372175,0.00372175
763,8420.12,0.92199,0.71761,0.99404,0.94452,0.87447,0.93892,0.7433,0.86779,0.63189,0.94198,0.0037135,0.0037135,0.0037135
764,8430.67,0.89647,0.70174,0.99496,0.94836,0.87447,0.93845,0.74343,0.86699,0.63012,0.94207,0.00370525,0.00370525,0.00370525
765,8441.32,0.89433,0.68559,0.97956,0.94892,0.8696,0.93839,0.74468,0.86695,0.62833,0.94161,0.003697,0.003697,0.003697
766,8452.18,0.89694,0.69871,0.98788,0.94693,0.86809,0.93812,0.74535,0.86591,0.62659,0.94105,0.00368875,0.00368875,0.00368875
767,8463.1,0.89053,0.68849,0.98194,0.94744,0.86809,0.93856,0.7464,0.86498,0.62529,0.94037,0.0036805,0.0036805,0.0036805
768,8474.08,0.90634,0.69179,0.98104,0.94897,0.86809,0.93817,0.74703,0.8646,0.6252,0.93978,0.00367225,0.00367225,0.00367225
769,8485.11,0.87865,0.67658,0.97494,0.94818,0.86809,0.93817,0.74718,0.86464,0.62484,0.93958,0.003664,0.003664,0.003664
770,8496.1,0.90201,0.69096,0.98517,0.94911,0.86809,0.93826,0.74788,0.86302,0.62455,0.93907,0.00365575,0.00365575,0.00365575
771,8507,0.90797,0.69478,0.98273,0.95088,0.86809,0.93834,0.747,0.86253,0.62308,0.93845,0.0036475,0.0036475,0.0036475
772,8517.77,0.9213,0.70862,0.99207,0.95039,0.86809,0.93882,0.74874,0.85935,0.62166,0.93674,0.00363925,0.00363925,0.00363925
773,8528.97,0.88919,0.68354,0.97739,0.95339,0.86809,0.93911,0.7502,0.85844,0.62138,0.93614,0.003631,0.003631,0.003631
774,8539.82,0.88797,0.68385,0.97338,0.95174,0.86809,0.93924,0.74954,0.85793,0.62164,0.93562,0.00362275,0.00362275,0.00362275
775,8550.47,0.91082,0.70189,0.99184,0.95386,0.86809,0.93921,0.75099,0.85729,0.62202,0.93529,0.0036145,0.0036145,0.0036145
776,8561.49,0.89774,0.69395,0.9935,0.95181,0.86809,0.93921,0.75169,0.85747,0.62151,0.93526,0.00360625,0.00360625,0.00360625
777,8572.65,0.89066,0.6835,0.98295,0.9555,0.86796,0.93884,0.75184,0.85734,0.623,0.93555,0.003598,0.003598,0.003598
778,8583.49,0.9132,0.69994,0.99171,0.9532,0.86674,0.93682,0.74941,0.85689,0.62376,0.93534,0.00358975,0.00358975,0.00358975
779,8594.02,0.88036,0.67823,0.97902,0.95326,0.86792,0.9374,0.75073,0.85606,0.62332,0.93517,0.0035815,0.0035815,0.0035815
780,8604.58,0.87983,0.68555,0.98881,0.95284,0.86809,0.93792,0.74966,0.8563,0.62391,0.9353,0.00357325,0.00357325,0.00357325
781,8615.1,0.88745,0.68495,0.98571,0.95287,0.86809,0.93652,0.75017,0.85539,0.62362,0.9352,0.003565,0.003565,0.003565
782,8625.62,0.87665,0.68346,0.97439,0.95098,0.86683,0.93662,0.75049,0.85577,0.62385,0.93537,0.00355675,0.00355675,0.00355675
783,8636.13,0.87524,0.67593,0.97361,0.95098,0.86681,0.93667,0.7512,0.85719,0.62536,0.93531,0.0035485,0.0035485,0.0035485
784,8646.7,0.88567,0.67159,0.97486,0.95092,0.87021,0.93592,0.75004,0.85742,0.62715,0.93492,0.00354025,0.00354025,0.00354025
785,8657.39,0.90114,0.69254,0.98343,0.95337,0.86383,0.93722,0.75071,0.85612,0.62753,0.93469,0.003532,0.003532,0.003532
786,8667.92,0.88649,0.68291,0.98343,0.95207,0.87021,0.93589,0.75149,0.85662,0.6273,0.93439,0.00352375,0.00352375,0.00352375
787,8678.65,0.8846,0.68264,0.97427,0.95241,0.87021,0.93567,0.75027,0.85622,0.6272,0.93422,0.0035155,0.0035155,0.0035155
788,8689.3,0.88909,0.6706,0.97002,0.95177,0.86809,0.9353,0.75136,0.85712,0.62742,0.93447,0.00350725,0.00350725,0.00350725
789,8699.89,0.88761,0.68438,0.97552,0.95159,0.86596,0.93651,0.75082,0.85671,0.62729,0.93401,0.003499,0.003499,0.003499
790,8710.42,0.90618,0.68786,0.98836,0.95446,0.86596,0.93674,0.75127,0.8566,0.62649,0.93337,0.00349075,0.00349075,0.00349075
791,8720.96,0.88032,0.65768,0.97757,0.95697,0.86383,0.93681,0.74946,0.85655,0.62573,0.93329,0.0034825,0.0034825,0.0034825
792,8731.47,0.89772,0.69308,0.98208,0.95748,0.86248,0.93738,0.74961,0.85599,0.62483,0.93351,0.00347425,0.00347425,0.00347425
793,8742.17,0.88668,0.66868,0.97589,0.95882,0.8617,0.93779,0.75,0.85622,0.62451,0.93395,0.003466,0.003466,0.003466
794,8752.87,0.87981,0.66495,0.97361,0.9574,0.86383,0.93812,0.74944,0.85785,0.62479,0.9343,0.00345775,0.00345775,0.00345775
795,8763.39,0.88099,0.67671,0.97775,0.95966,0.86036,0.93729,0.74857,0.85896,0.62433,0.93483,0.0034495,0.0034495,0.0034495
796,8774.03,0.89525,0.69341,0.98083,0.95963,0.8597,0.93588,0.74791,0.85918,0.62436,0.93469,0.00344125,0.00344125,0.00344125
797,8784.56,0.87656,0.67327,0.97974,0.95962,0.85951,0.93606,0.7485,0.85848,0.62372,0.9349,0.003433,0.003433,0.003433
798,8795.11,0.8757,0.66871,0.97095,0.95743,0.86143,0.93645,0.74973,0.85799,0.6233,0.93498,0.00342475,0.00342475,0.00342475
799,8805.74,0.89199,0.68012,0.98174,0.95744,0.86166,0.93648,0.74904,0.85638,0.62168,0.93477,0.0034165,0.0034165,0.0034165
800,8816.3,0.87528,0.665,0.97792,0.9597,0.86145,0.93624,0.74999,0.85514,0.62027,0.93439,0.00340825,0.00340825,0.00340825
801,8826.87,0.89525,0.69426,0.98596,0.95856,0.86596,0.93701,0.75045,0.85555,0.6203,0.93461,0.0034,0.0034,0.0034
802,8837.59,0.8734,0.65765,0.969,0.95895,0.86809,0.93833,0.75147,0.85541,0.61967,0.93463,0.00339175,0.00339175,0.00339175
803,8848.34,0.88299,0.67108,0.97238,0.95554,0.86884,0.93963,0.75152,0.85414,0.62035,0.93435,0.0033835,0.0033835,0.0033835
804,8858.88,0.87809,0.68889,0.97751,0.95566,0.86596,0.94005,0.75379,0.8537,0.62107,0.93417,0.00337525,0.00337525,0.00337525
805,8869.69,0.86411,0.65634,0.96907,0.95548,0.86761,0.94003,0.75283,0.85288,0.61994,0.93432,0.003367,0.003367,0.003367
806,8880.37,0.87721,0.65853,0.9742,0.95774,0.86798,0.93989,0.75248,0.85171,0.61884,0.93417,0.00335875,0.00335875,0.00335875
807,8891.02,0.88684,0.67925,0.97228,0.95783,0.86999,0.93993,0.75263,0.85187,0.61706,0.93445,0.0033505,0.0033505,0.0033505
808,8901.6,0.85555,0.65847,0.96755,0.95339,0.87045,0.94054,0.75318,0.85155,0.61465,0.93413,0.00334225,0.00334225,0.00334225
809,8912.17,0.89021,0.67261,0.98434,0.9556,0.87013,0.94018,0.75299,0.85179,0.61533,0.93373,0.003334,0.003334,0.003334
810,8922.72,0.84735,0.65366,0.97076,0.95639,0.86809,0.9417,0.7549,0.85188,0.61383,0.93363,0.00332575,0.00332575,0.00332575
811,8933.57,0.88528,0.67262,0.97748,0.95489,0.86809,0.94041,0.75453,0.85139,0.61084,0.93277,0.0033175,0.0033175,0.0033175
812,8944.13,0.85819,0.67262,0.97661,0.95614,0.86809,0.94185,0.75475,0.85069,0.60852,0.93237,0.00330925,0.00330925,0.00330925
813,8954.79,0.88225,0.66622,0.97217,0.95432,0.87021,0.94354,0.7555,0.85145,0.60795,0.93287,0.003301,0.003301,0.003301
814,8965.67,0.86585,0.66423,0.97072,0.9459,0.88085,0.94342,0.75572,0.85201,0.6075,0.93306,0.00329275,0.00329275,0.00329275
815,8976.49,0.86792,0.65791,0.97345,0.95142,0.87021,0.94321,0.75452,0.85181,0.60653,0.93311,0.0032845,0.0032845,0.0032845
816,8987.13,0.87347,0.67556,0.97619,0.95731,0.86809,0.94235,0.75561,0.85225,0.6051,0.93332,0.00327625,0.00327625,0.00327625
817,8997.85,0.86406,0.66671,0.96749,0.95782,0.86809,0.94272,0.75651,0.85257,0.60479,0.93296,0.003268,0.003268,0.003268
818,9008.71,0.88418,0.6691,0.97462,0.95709,0.86809,0.94284,0.75727,0.85249,0.60512,0.93266,0.00325975,0.00325975,0.00325975
819,9019.58,0.87052,0.67622,0.97268,0.95731,0.86809,0.94256,0.75688,0.85181,0.60597,0.93264,0.0032515,0.0032515,0.0032515
820,9030.39,0.87878,0.66704,0.97453,0.94066,0.87872,0.94318,0.75522,0.8515,0.60495,0.93227,0.00324325,0.00324325,0.00324325
821,9041.02,0.85959,0.66695,0.96662,0.95774,0.86804,0.94365,0.75662,0.85098,0.60438,0.93175,0.003235,0.003235,0.003235
822,9051.65,0.85511,0.64945,0.96236,0.95516,0.86383,0.94189,0.7562,0.85122,0.60428,0.93176,0.00322675,0.00322675,0.00322675
823,9062.4,0.88287,0.67192,0.97607,0.9566,0.86383,0.94204,0.75518,0.85138,0.60354,0.93208,0.0032185,0.0032185,0.0032185
824,9072.94,0.84651,0.64932,0.96802,0.95086,0.86596,0.93886,0.75424,0.85048,0.60318,0.93182,0.00321025,0.00321025,0.00321025
825,9083.65,0.85959,0.66676,0.97236,0.95441,0.86596,0.93887,0.75413,0.85077,0.60428,0.93223,0.003202,0.003202,0.003202
826,9094.49,0.8589,0.64774,0.9636,0.95582,0.86596,0.93927,0.75226,0.85224,0.60307,0.93195,0.00319375,0.00319375,0.00319375
827,9105.08,0.85472,0.65519,0.96084,0.95424,0.86809,0.94193,0.75286,0.85225,0.60221,0.93153,0.0031855,0.0031855,0.0031855
828,9115.67,0.8653,0.66416,0.97274,0.9538,0.86809,0.94092,0.75127,0.85267,0.6014,0.93164,0.00317725,0.00317725,0.00317725
829,9126.42,0.86366,0.6475,0.96178,0.95344,0.86596,0.94197,0.75204,0.85275,0.60067,0.9316,0.003169,0.003169,0.003169
830,9136.96,0.84368,0.64242,0.96109,0.95484,0.86596,0.94209,0.75134,0.85303,0.60101,0.93168,0.00316075,0.00316075,0.00316075
831,9147.51,0.85932,0.64987,0.96154,0.96651,0.8596,0.94265,0.75172,0.85264,0.60085,0.93189,0.0031525,0.0031525,0.0031525
832,9158.01,0.84934,0.64494,0.96206,0.97063,0.85957,0.9427,0.7531,0.85248,0.60013,0.93172,0.00314425,0.00314425,0.00314425
833,9169.06,0.8489,0.64434,0.96894,0.97021,0.85957,0.94271,0.75393,0.852,0.59971,0.93148,0.003136,0.003136,0.003136
834,9180.13,0.85781,0.64519,0.96541,0.96661,0.86383,0.94117,0.7544,0.85224,0.59979,0.93129,0.00312775,0.00312775,0.00312775
835,9190.68,0.8487,0.64236,0.96333,0.96664,0.86302,0.94267,0.75451,0.8519,0.59957,0.93127,0.0031195,0.0031195,0.0031195
836,9201.4,0.82671,0.6178,0.95622,0.96679,0.86715,0.9442,0.75509,0.85185,0.59945,0.93114,0.00311125,0.00311125,0.00311125
837,9213.52,0.8404,0.63448,0.95657,0.96967,0.86383,0.94425,0.75431,0.85163,0.59845,0.93087,0.003103,0.003103,0.003103
838,9224.47,0.84716,0.64307,0.9614,0.97124,0.86217,0.94459,0.75425,0.85149,0.59733,0.9305,0.00309475,0.00309475,0.00309475
839,9235.21,0.83342,0.63255,0.95921,0.97121,0.86137,0.94465,0.75439,0.8519,0.59633,0.93034,0.0030865,0.0030865,0.0030865
840,9245.91,0.83288,0.63237,0.96186,0.9689,0.86169,0.9453,0.75372,0.85208,0.59588,0.93076,0.00307825,0.00307825,0.00307825
841,9256.88,0.85029,0.64546,0.96965,0.95618,0.8766,0.94567,0.7544,0.85155,0.59533,0.93063,0.00307,0.00307,0.00307
842,9267.45,0.85408,0.64694,0.96973,0.95769,0.86686,0.94617,0.75432,0.8508,0.59538,0.93017,0.00306175,0.00306175,0.00306175
843,9278.13,0.85499,0.65122,0.9614,0.95787,0.87077,0.94548,0.75475,0.84978,0.59434,0.92974,0.0030535,0.0030535,0.0030535
844,9289.12,0.86271,0.66106,0.96623,0.95778,0.86875,0.94556,0.75443,0.84865,0.59409,0.9294,0.00304525,0.00304525,0.00304525
845,9300.12,0.84701,0.6384,0.96102,0.95784,0.87017,0.94464,0.75345,0.84761,0.59388,0.92911,0.003037,0.003037,0.003037
846,9310.68,0.83156,0.62828,0.964,0.97113,0.85894,0.94461,0.75471,0.84673,0.59419,0.92908,0.00302875,0.00302875,0.00302875
847,9321.36,0.83344,0.63553,0.95944,0.94943,0.87884,0.945,0.75479,0.84571,0.59407,0.92877,0.0030205,0.0030205,0.0030205
848,9332.4,0.82894,0.63655,0.9668,0.95158,0.87805,0.94537,0.75477,0.84405,0.59431,0.92859,0.00301225,0.00301225,0.00301225
849,9342.96,0.83238,0.62946,0.9527,0.95379,0.88511,0.94565,0.755,0.84337,0.59342,0.92832,0.003004,0.003004,0.003004
850,9353.55,0.8389,0.61487,0.95423,0.94948,0.88723,0.94591,0.75494,0.84311,0.59319,0.92817,0.00299575,0.00299575,0.00299575
851,9364.2,0.84487,0.63386,0.96086,0.94901,0.88723,0.94585,0.75533,0.8423,0.59294,0.92778,0.0029875,0.0029875,0.0029875
852,9375.63,0.85566,0.62895,0.9524,0.94988,0.88708,0.94571,0.75525,0.84089,0.59265,0.92764,0.00297925,0.00297925,0.00297925
853,9386.16,0.83787,0.61498,0.96266,0.95793,0.87203,0.94528,0.75548,0.8406,0.5926,0.92774,0.002971,0.002971,0.002971
854,9396.78,0.82053,0.61118,0.95883,0.96015,0.87149,0.94511,0.75551,0.83999,0.59258,0.92742,0.00296275,0.00296275,0.00296275
855,9407.79,0.82841,0.62909,0.96403,0.96016,0.87169,0.94544,0.75562,0.83968,0.59153,0.92766,0.0029545,0.0029545,0.0029545
856,9418.65,0.83599,0.63831,0.95692,0.95935,0.87234,0.94555,0.75585,0.83898,0.59148,0.92788,0.00294625,0.00294625,0.00294625
857,9429.63,0.8427,0.64229,0.95687,0.96152,0.87447,0.94603,0.75626,0.83858,0.59113,0.92792,0.002938,0.002938,0.002938
858,9440.28,0.84558,0.63284,0.96137,0.96195,0.87447,0.94617,0.7564,0.83832,0.58983,0.92801,0.00292975,0.00292975,0.00292975
859,9451.62,0.8335,0.62331,0.95962,0.9602,0.8727,0.9463,0.75668,0.83713,0.58884,0.92785,0.0029215,0.0029215,0.0029215
860,9462.16,0.82702,0.63372,0.96078,0.962,0.87234,0.94619,0.7571,0.83653,0.58792,0.92788,0.00291325,0.00291325,0.00291325
861,9473,0.81167,0.61481,0.95359,0.96698,0.8723,0.94672,0.75797,0.83621,0.5878,0.92743,0.002905,0.002905,0.002905
862,9484.7,0.85209,0.63702,0.95696,0.96181,0.87234,0.94693,0.75772,0.83583,0.58784,0.92753,0.00289675,0.00289675,0.00289675
863,9495.53,0.83731,0.62181,0.95622,0.96468,0.87165,0.94694,0.75723,0.83598,0.58769,0.92756,0.0028885,0.0028885,0.0028885
864,9506,0.85135,0.64074,0.96515,0.96359,0.87021,0.94715,0.75709,0.83579,0.58767,0.92754,0.00288025,0.00288025,0.00288025
865,9516.51,0.83973,0.62932,0.966,0.96468,0.87159,0.94704,0.75856,0.83523,0.58668,0.92719,0.002872,0.002872,0.002872
866,9527.9,0.8487,0.641,0.95997,0.9617,0.87021,0.94526,0.75857,0.83469,0.58568,0.92679,0.00286375,0.00286375,0.00286375
867,9538.52,0.82668,0.6143,0.95781,0.9595,0.87021,0.9452,0.75891,0.83397,0.58504,0.92677,0.0028555,0.0028555,0.0028555
868,9549.38,0.82971,0.621,0.95306,0.96247,0.87308,0.9469,0.75898,0.83283,0.58495,0.9267,0.00284725,0.00284725,0.00284725
869,9560.52,0.81426,0.61744,0.9487,0.96853,0.87234,0.9471,0.76018,0.83219,0.58519,0.92697,0.002839,0.002839,0.002839
870,9572.07,0.8464,0.64846,0.96566,0.97152,0.87106,0.94708,0.75974,0.83239,0.58597,0.92734,0.00283075,0.00283075,0.00283075
871,9582.81,0.82898,0.63237,0.95503,0.9692,0.87021,0.94715,0.75874,0.83233,0.58607,0.92722,0.0028225,0.0028225,0.0028225
872,9593.44,0.83412,0.63281,0.95799,0.96899,0.87021,0.94696,0.75885,0.83208,0.58584,0.9269,0.00281425,0.00281425,0.00281425
873,9604.54,0.81798,0.63032,0.95916,0.96918,0.87021,0.947,0.75967,0.83212,0.58634,0.92672,0.002806,0.002806,0.002806
874,9615.1,0.84547,0.63797,0.96544,0.97175,0.86809,0.94518,0.75919,0.83264,0.58738,0.92676,0.00279775,0.00279775,0.00279775
875,9625.52,0.83089,0.61897,0.9528,0.96689,0.86809,0.94454,0.75898,0.83234,0.58772,0.92653,0.0027895,0.0027895,0.0027895
876,9636.01,0.82907,0.6381,0.95202,0.96893,0.87021,0.94648,0.75886,0.83195,0.58805,0.92607,0.00278125,0.00278125,0.00278125
877,9647.18,0.82421,0.61719,0.95427,0.9685,0.87021,0.9467,0.75919,0.83246,0.5874,0.92586,0.002773,0.002773,0.002773
878,9657.81,0.83425,0.62856,0.94953,0.96922,0.87087,0.94689,0.7583,0.83292,0.58682,0.92577,0.00276475,0.00276475,0.00276475
879,9668.38,0.83668,0.6284,0.95893,0.97165,0.87021,0.94685,0.75872,0.83313,0.58645,0.92585,0.0027565,0.0027565,0.0027565
880,9679.47,0.8419,0.63115,0.95886,0.97302,0.87021,0.94696,0.75861,0.83333,0.58695,0.92563,0.00274825,0.00274825,0.00274825
881,9690.4,0.83196,0.62508,0.95462,0.97276,0.87021,0.947,0.75879,0.83279,0.58697,0.92549,0.00274,0.00274,0.00274
882,9700.97,0.80838,0.6175,0.95221,0.97273,0.87021,0.94646,0.75834,0.83355,0.58743,0.92552,0.00273175,0.00273175,0.00273175
883,9711.58,0.80703,0.61056,0.95177,0.97168,0.87021,0.94628,0.75847,0.83398,0.58792,0.92541,0.0027235,0.0027235,0.0027235
884,9722.55,0.82305,0.61212,0.95592,0.97157,0.87021,0.94651,0.75871,0.83382,0.58816,0.92533,0.00271525,0.00271525,0.00271525
885,9733.17,0.81807,0.62717,0.95241,0.97161,0.87021,0.94679,0.75923,0.83364,0.58834,0.92516,0.002707,0.002707,0.002707
886,9743.83,0.82012,0.62579,0.95028,0.96913,0.86827,0.94519,0.75807,0.83301,0.5882,0.92507,0.00269875,0.00269875,0.00269875
887,9754.81,0.82811,0.61917,0.94797,0.9686,0.87021,0.94516,0.75904,0.8323,0.58795,0.92455,0.0026905,0.0026905,0.0026905
888,9765.93,0.83088,0.6257,0.94942,0.97149,0.87005,0.94517,0.75909,0.83286,0.58778,0.92428,0.00268225,0.00268225,0.00268225
889,9776.53,0.82445,0.63063,0.95196,0.97133,0.87021,0.94499,0.75907,0.83225,0.58726,0.92417,0.002674,0.002674,0.002674
890,9787.09,0.8254,0.63018,0.9482,0.97086,0.87021,0.94484,0.75976,0.83136,0.58687,0.92386,0.00266575,0.00266575,0.00266575
891,9798.31,0.81972,0.61765,0.95458,0.9705,0.87021,0.94481,0.75893,0.83055,0.58717,0.92362,0.0026575,0.0026575,0.0026575
892,9808.9,0.82144,0.61867,0.95232,0.96826,0.87021,0.94479,0.75837,0.8298,0.58768,0.9235,0.00264925,0.00264925,0.00264925
893,9819.55,0.8125,0.60887,0.9471,0.96545,0.87021,0.94469,0.7583,0.82957,0.58766,0.9235,0.002641,0.002641,0.002641
894,9830.16,0.79597,0.60359,0.94749,0.96465,0.87021,0.94478,0.75938,0.8295,0.58753,0.92342,0.00263275,0.00263275,0.00263275
895,9841.28,0.8278,0.61511,0.94672,0.96402,0.87021,0.94508,0.75961,0.83,0.58691,0.92351,0.0026245,0.0026245,0.0026245
896,9851.77,0.82008,0.6216,0.95559,0.9637,0.87021,0.94512,0.76006,0.82987,0.58662,0.92372,0.00261625,0.00261625,0.00261625
897,9862.28,0.79864,0.60477,0.94957,0.96562,0.87021,0.94533,0.75988,0.82991,0.58661,0.92382,0.002608,0.002608,0.002608
898,9873.4,0.81195,0.61084,0.94904,0.9668,0.87234,0.94545,0.7605,0.82993,0.58662,0.92386,0.00259975,0.00259975,0.00259975
899,9885.07,0.7957,0.60083,0.95198,0.96704,0.87388,0.94576,0.76055,0.82956,0.58631,0.92372,0.0025915,0.0025915,0.0025915
900,9896.03,0.78945,0.59029,0.93857,0.96659,0.8766,0.94588,0.76144,0.82899,0.58606,0.92341,0.00258325,0.00258325,0.00258325
901,9906.96,0.80118,0.59347,0.94518,0.96479,0.87449,0.94585,0.76188,0.82855,0.58593,0.92317,0.002575,0.002575,0.002575
902,9918.27,0.80957,0.60911,0.94445,0.96479,0.87443,0.94583,0.76172,0.82811,0.5858,0.92309,0.00256675,0.00256675,0.00256675
903,9928.82,0.79987,0.60424,0.94625,0.96485,0.87598,0.94629,0.76206,0.82807,0.58544,0.92288,0.0025585,0.0025585,0.0025585
904,9939.76,0.81726,0.61215,0.95033,0.96489,0.87713,0.94646,0.76223,0.82772,0.58526,0.92271,0.00255025,0.00255025,0.00255025
905,9950.99,0.79599,0.6025,0.94765,0.96479,0.87439,0.9464,0.76199,0.82686,0.58526,0.92239,0.002542,0.002542,0.002542
906,9961.97,0.81076,0.61659,0.94827,0.96467,0.8715,0.94664,0.76101,0.82629,0.58527,0.92229,0.00253375,0.00253375,0.00253375
907,9972.64,0.80845,0.60477,0.95207,0.96514,0.87021,0.94693,0.76269,0.82619,0.58484,0.92235,0.0025255,0.0025255,0.0025255
908,9983.47,0.81067,0.6102,0.9453,0.96697,0.87203,0.94703,0.76292,0.82642,0.58518,0.92251,0.00251725,0.00251725,0.00251725
909,9994.77,0.78663,0.59491,0.9428,0.96704,0.87389,0.94731,0.76368,0.82602,0.5852,0.92228,0.002509,0.002509,0.002509
910,10005.6,0.80934,0.59621,0.94452,0.96705,0.8743,0.9475,0.76469,0.82508,0.5848,0.92174,0.00250075,0.00250075,0.00250075
911,10016.4,0.81238,0.60453,0.94791,0.96704,0.87394,0.9476,0.76509,0.82453,0.58452,0.92149,0.0024925,0.0024925,0.0024925
912,10027.6,0.79164,0.59287,0.9426,0.96702,0.87331,0.94762,0.76496,0.8246,0.58437,0.92133,0.00248425,0.00248425,0.00248425
913,10038.8,0.80176,0.59377,0.94716,0.967,0.8729,0.94754,0.7661,0.82407,0.58398,0.92112,0.002476,0.002476,0.002476
914,10049.6,0.80671,0.6012,0.94335,0.9669,0.87021,0.94749,0.76596,0.82353,0.58346,0.92075,0.00246775,0.00246775,0.00246775
915,10060.2,0.79511,0.5968,0.93852,0.96699,0.87261,0.94781,0.76552,0.82263,0.58307,0.92061,0.0024595,0.0024595,0.0024595
916,10071.3,0.78913,0.58754,0.95207,0.96666,0.87234,0.94772,0.76559,0.82222,0.58332,0.92054,0.00245125,0.00245125,0.00245125
917,10082,0.79715,0.59455,0.94519,0.96692,0.87075,0.9479,0.76577,0.82169,0.58304,0.9204,0.002443,0.002443,0.002443
918,10092.7,0.79579,0.60004,0.94426,0.96694,0.8713,0.94786,0.76566,0.82108,0.58268,0.92003,0.00243475,0.00243475,0.00243475
919,10103.3,0.80228,0.59792,0.94231,0.96696,0.87178,0.94781,0.76658,0.82028,0.5826,0.91969,0.0024265,0.0024265,0.0024265
920,10115,0.79474,0.59293,0.94488,0.96705,0.87411,0.94782,0.7663,0.82053,0.58193,0.9196,0.00241825,0.00241825,0.00241825
921,10125.5,0.81363,0.60257,0.94626,0.96628,0.8766,0.94812,0.76648,0.82064,0.58168,0.91959,0.00241,0.00241,0.00241
922,10136,0.79421,0.59733,0.9443,0.96616,0.8766,0.94817,0.7663,0.82073,0.58099,0.91961,0.00240175,0.00240175,0.00240175
923,10147.1,0.78409,0.59583,0.93996,0.96564,0.8766,0.94825,0.7678,0.82049,0.58063,0.91966,0.0023935,0.0023935,0.0023935
924,10158.1,0.8001,0.60609,0.94445,0.96387,0.8766,0.94827,0.76861,0.82056,0.58137,0.91903,0.00238525,0.00238525,0.00238525
925,10168.9,0.78826,0.58847,0.94434,0.96653,0.8766,0.9483,0.76872,0.8204,0.58124,0.91884,0.002377,0.002377,0.002377
926,10179.8,0.80333,0.59336,0.9475,0.96726,0.87447,0.94843,0.76861,0.82054,0.58086,0.91875,0.00236875,0.00236875,0.00236875
927,10190.8,0.8011,0.602,0.94364,0.96894,0.87447,0.94873,0.76894,0.82045,0.58097,0.91878,0.0023605,0.0023605,0.0023605
928,10202,0.76617,0.5784,0.93258,0.96865,0.87447,0.94881,0.7687,0.82037,0.58128,0.91874,0.00235225,0.00235225,0.00235225
929,10212.9,0.7966,0.60477,0.93966,0.96932,0.87397,0.94887,0.7684,0.82047,0.58167,0.91886,0.002344,0.002344,0.002344
930,10223.9,0.78816,0.60047,0.93995,0.97038,0.87234,0.94896,0.76847,0.82065,0.58237,0.91881,0.00233575,0.00233575,0.00233575
931,10235.4,0.7839,0.59129,0.94511,0.97069,0.87234,0.94906,0.76816,0.82079,0.5828,0.91897,0.0023275,0.0023275,0.0023275
932,10246.6,0.79018,0.59319,0.94247,0.97055,0.87234,0.94909,0.76866,0.82074,0.58308,0.91921,0.00231925,0.00231925,0.00231925
933,10257.3,0.78147,0.58384,0.9345,0.96997,0.87234,0.94951,0.76809,0.82091,0.5835,0.91937,0.002311,0.002311,0.002311
934,10267.9,0.78204,0.59359,0.93665,0.96944,0.87234,0.9495,0.76801,0.82092,0.58342,0.91935,0.00230275,0.00230275,0.00230275
935,10278.9,0.78872,0.59705,0.94141,0.96657,0.87447,0.94957,0.76744,0.82083,0.58319,0.91918,0.0022945,0.0022945,0.0022945
936,10290,0.7969,0.59665,0.93468,0.96503,0.87447,0.94966,0.76751,0.82071,0.58287,0.91919,0.00228625,0.00228625,0.00228625
937,10300.6,0.79623,0.60284,0.9453,0.96408,0.87447,0.9498,0.76732,0.82048,0.5835,0.91884,0.002278,0.002278,0.002278
938,10311.2,0.79161,0.59449,0.93884,0.96364,0.87447,0.94986,0.76689,0.82052,0.58329,0.91907,0.00226975,0.00226975,0.00226975
939,10322.3,0.76974,0.58056,0.93698,0.96281,0.87447,0.95006,0.76648,0.82081,0.58293,0.91921,0.0022615,0.0022615,0.0022615
940,10333.4,0.77776,0.59105,0.94383,0.96264,0.8772,0.9502,0.76725,0.82075,0.58345,0.91926,0.00225325,0.00225325,0.00225325
941,10344,0.80779,0.60363,0.9435,0.96266,0.87768,0.95036,0.76748,0.82017,0.5832,0.91929,0.002245,0.002245,0.002245
942,10354.5,0.79349,0.59467,0.94421,0.96268,0.87823,0.95072,0.76712,0.82001,0.58353,0.91945,0.00223675,0.00223675,0.00223675
943,10365.8,0.79018,0.59697,0.94141,0.9604,0.87872,0.95082,0.76718,0.82008,0.58383,0.9195,0.0022285,0.0022285,0.0022285
944,10376.4,0.78421,0.58813,0.9432,0.96029,0.87872,0.95086,0.76743,0.81988,0.58394,0.91958,0.00222025,0.00222025,0.00222025
945,10386.9,0.7759,0.58644,0.9374,0.96033,0.87872,0.95103,0.76819,0.8197,0.58384,0.91948,0.002212,0.002212,0.002212
946,10397.5,0.78603,0.58441,0.94426,0.9645,0.87872,0.95124,0.76814,0.81956,0.58347,0.91938,0.00220375,0.00220375,0.00220375
947,10409.1,0.77063,0.57865,0.93052,0.96032,0.87872,0.95118,0.76924,0.81962,0.58232,0.91901,0.0021955,0.0021955,0.0021955
948,10419.9,0.78833,0.59765,0.94567,0.95971,0.87872,0.95135,0.76955,0.81898,0.58235,0.91888,0.00218725,0.00218725,0.00218725
949,10430.7,0.80076,0.59822,0.94074,0.96231,0.87872,0.9515,0.77039,0.81874,0.58193,0.91888,0.002179,0.002179,0.002179
950,10441.8,0.77049,0.58584,0.93422,0.96275,0.87975,0.95135,0.77045,0.8182,0.58066,0.91844,0.00217075,0.00217075,0.00217075
951,10453.8,0.78244,0.58775,0.94367,0.96177,0.88085,0.95151,0.77107,0.818,0.58026,0.91848,0.0021625,0.0021625,0.0021625
952,10464.7,0.78153,0.5832,0.94167,0.95938,0.88085,0.95156,0.77088,0.81787,0.58058,0.91843,0.00215425,0.00215425,0.00215425
953,10475.2,0.78273,0.5909,0.94298,0.95949,0.88085,0.95168,0.771,0.81793,0.58059,0.91845,0.002146,0.002146,0.002146
954,10486.5,0.77207,0.57149,0.92898,0.95962,0.88085,0.95173,0.77153,0.8175,0.5812,0.91833,0.00213775,0.00213775,0.00213775
955,10497.7,0.77265,0.58026,0.93818,0.96059,0.88168,0.95187,0.77113,0.81727,0.58148,0.91844,0.0021295,0.0021295,0.0021295
956,10508.2,0.77243,0.58493,0.93324,0.96058,0.8813,0.95179,0.77072,0.81694,0.5816,0.91846,0.00212125,0.00212125,0.00212125
957,10518.7,0.77329,0.57846,0.93967,0.9645,0.88085,0.95169,0.77015,0.81634,0.58088,0.91854,0.002113,0.002113,0.002113
958,10530,0.77299,0.58717,0.93947,0.96407,0.87872,0.95159,0.77142,0.81573,0.581,0.91814,0.00210475,0.00210475,0.00210475
959,10540.6,0.77806,0.5728,0.93199,0.96396,0.87872,0.95152,0.77195,0.81549,0.58061,0.91849,0.0020965,0.0020965,0.0020965
960,10551.7,0.76408,0.58362,0.94041,0.96324,0.87872,0.95151,0.77255,0.81543,0.58015,0.91833,0.00208825,0.00208825,0.00208825
961,10562.8,0.7727,0.57354,0.93325,0.96315,0.88085,0.95155,0.77263,0.81517,0.57985,0.91835,0.00208,0.00208,0.00208
962,10574.7,0.767,0.57263,0.93305,0.96418,0.88085,0.95146,0.77322,0.81462,0.57962,0.91827,0.00207175,0.00207175,0.00207175
963,10585.5,0.77403,0.57331,0.93341,0.96346,0.88085,0.95152,0.77284,0.81426,0.57897,0.91815,0.0020635,0.0020635,0.0020635
964,10596.1,0.75588,0.56956,0.9325,0.96254,0.88085,0.95156,0.77226,0.81413,0.57855,0.91807,0.00205525,0.00205525,0.00205525
965,10607.4,0.77639,0.57797,0.94213,0.96174,0.88085,0.95193,0.77304,0.81332,0.57822,0.91778,0.002047,0.002047,0.002047
966,10619.1,0.78343,0.59611,0.94201,0.96282,0.88146,0.95193,0.77364,0.81278,0.57748,0.91771,0.00203875,0.00203875,0.00203875
967,10630,0.76312,0.57881,0.93838,0.9596,0.88298,0.95194,0.77476,0.81238,0.57673,0.91754,0.0020305,0.0020305,0.0020305
968,10640.9,0.76914,0.58561,0.93283,0.95967,0.88298,0.95214,0.77435,0.81171,0.57705,0.9174,0.00202225,0.00202225,0.00202225
969,10651.5,0.78282,0.58687,0.94178,0.96308,0.88298,0.9522,0.77429,0.81124,0.57674,0.9174,0.002014,0.002014,0.002014
970,10662.6,0.76256,0.57835,0.93776,0.9626,0.88298,0.95206,0.77514,0.81078,0.57646,0.91722,0.00200575,0.00200575,0.00200575
971,10673.4,0.76847,0.58366,0.93679,0.96183,0.88298,0.95197,0.77529,0.81063,0.5759,0.9172,0.0019975,0.0019975,0.0019975
972,10684.3,0.77151,0.57871,0.93395,0.96191,0.88298,0.95181,0.77465,0.81031,0.57578,0.91713,0.00198925,0.00198925,0.00198925
973,10695.1,0.77059,0.58638,0.9401,0.96126,0.88298,0.95199,0.77476,0.8099,0.57534,0.91699,0.001981,0.001981,0.001981
974,10706.3,0.77149,0.57909,0.93713,0.9612,0.88298,0.95387,0.77568,0.80941,0.57466,0.91684,0.00197275,0.00197275,0.00197275
975,10717.2,0.76862,0.57289,0.93653,0.96267,0.88298,0.95399,0.77607,0.80932,0.57438,0.91668,0.0019645,0.0019645,0.0019645
976,10728.1,0.75832,0.56657,0.93058,0.96246,0.88298,0.95384,0.77584,0.80864,0.57423,0.9164,0.00195625,0.00195625,0.00195625
977,10739.2,0.74932,0.56203,0.93012,0.96113,0.88298,0.9539,0.77635,0.80829,0.57357,0.91625,0.001948,0.001948,0.001948
978,10750.3,0.75463,0.56271,0.92735,0.96249,0.88298,0.95386,0.77574,0.80763,0.57348,0.91614,0.00193975,0.00193975,0.00193975
979,10760.9,0.74976,0.5674,0.92394,0.96202,0.88298,0.95393,0.77674,0.80727,0.57301,0.91605,0.0019315,0.0019315,0.0019315
980,10771.6,0.77352,0.58402,0.93325,0.96203,0.88298,0.95405,0.77641,0.80722,0.57291,0.91594,0.00192325,0.00192325,0.00192325
981,10782.4,0.75171,0.57578,0.93146,0.9621,0.88298,0.9541,0.77639,0.80728,0.57279,0.91582,0.001915,0.001915,0.001915
982,10793,0.75437,0.57682,0.93153,0.96203,0.88298,0.954,0.77634,0.80717,0.57305,0.91578,0.00190675,0.00190675,0.00190675
983,10803.7,0.75736,0.56878,0.93378,0.96229,0.88298,0.95394,0.77684,0.80703,0.57284,0.91578,0.0018985,0.0018985,0.0018985
984,10815,0.77656,0.58817,0.94262,0.96236,0.88298,0.95393,0.776,0.80669,0.57314,0.91585,0.00189025,0.00189025,0.00189025
985,10826.3,0.75677,0.57269,0.92941,0.96239,0.88298,0.95391,0.77694,0.80624,0.57294,0.91586,0.001882,0.001882,0.001882
986,10837.1,0.75648,0.56318,0.92846,0.96233,0.88298,0.95387,0.77695,0.80593,0.57294,0.91577,0.00187375,0.00187375,0.00187375
987,10848,0.75946,0.56331,0.9303,0.9622,0.88298,0.95419,0.77711,0.80532,0.57293,0.91556,0.0018655,0.0018655,0.0018655
988,10859.3,0.74796,0.57,0.92526,0.9621,0.88298,0.95419,0.77656,0.80481,0.57261,0.91538,0.00185725,0.00185725,0.00185725
989,10870.4,0.75356,0.55959,0.92781,0.96178,0.88298,0.95317,0.77671,0.80475,0.57205,0.91542,0.001849,0.001849,0.001849
990,10881.2,0.75247,0.55915,0.92902,0.96147,0.88298,0.95317,0.7772,0.80431,0.57211,0.9153,0.00184075,0.00184075,0.00184075
991,10891.7,0.76007,0.56439,0.93359,0.9616,0.88298,0.95323,0.77673,0.80414,0.57187,0.9153,0.0018325,0.0018325,0.0018325
992,10903,0.76132,0.56687,0.93144,0.96174,0.88298,0.95322,0.77678,0.80408,0.57163,0.91526,0.00182425,0.00182425,0.00182425
993,10913.6,0.76008,0.55829,0.92587,0.96145,0.88298,0.95308,0.7766,0.804,0.57132,0.91532,0.001816,0.001816,0.001816
994,10924.1,0.75439,0.56559,0.93403,0.96286,0.88298,0.95307,0.7763,0.80374,0.57098,0.91519,0.00180775,0.00180775,0.00180775
995,10934.7,0.77152,0.57035,0.93656,0.96154,0.88085,0.95307,0.77612,0.80335,0.5706,0.91501,0.0017995,0.0017995,0.0017995
996,10945.7,0.76773,0.569,0.9295,0.96061,0.88218,0.95304,0.77649,0.80294,0.57042,0.91494,0.00179125,0.00179125,0.00179125
997,10956.2,0.74878,0.5592,0.92171,0.96061,0.8822,0.95309,0.77694,0.80278,0.57037,0.91501,0.001783,0.001783,0.001783
998,10966.9,0.73783,0.54521,0.92846,0.96059,0.88161,0.95311,0.77757,0.80274,0.57014,0.91498,0.00177475,0.00177475,0.00177475
999,10977.9,0.77883,0.56905,0.93682,0.96057,0.88123,0.95314,0.77755,0.80262,0.56989,0.91502,0.0017665,0.0017665,0.0017665
1000,10988.4,0.74723,0.56522,0.9257,0.96058,0.88136,0.95314,0.77726,0.80229,0.56962,0.91507,0.00175825,0.00175825,0.00175825
1001,10999.1,0.75052,0.55959,0.91885,0.96058,0.88134,0.9532,0.77735,0.80188,0.56941,0.91508,0.00175,0.00175,0.00175
1002,11009.9,0.75797,0.56495,0.92978,0.96289,0.88334,0.95502,0.77809,0.8015,0.56921,0.91512,0.00174175,0.00174175,0.00174175
1003,11020.7,0.76966,0.58366,0.93697,0.96289,0.88323,0.95506,0.77764,0.80137,0.56933,0.91517,0.0017335,0.0017335,0.0017335
1004,11031.2,0.73259,0.55436,0.92516,0.96288,0.88311,0.95502,0.77727,0.80126,0.56941,0.91505,0.00172525,0.00172525,0.00172525
1005,11041.8,0.78154,0.57865,0.93346,0.9652,0.88511,0.95662,0.77731,0.8009,0.56901,0.91491,0.001717,0.001717,0.001717
1006,11052.4,0.75747,0.56222,0.91973,0.9652,0.88511,0.95668,0.77745,0.80074,0.56878,0.91502,0.00170875,0.00170875,0.00170875
1007,11062.9,0.74121,0.55543,0.91967,0.9652,0.88516,0.95669,0.77764,0.80054,0.56859,0.91495,0.0017005,0.0017005,0.0017005
1008,11073.5,0.73967,0.56448,0.92851,0.9654,0.88511,0.95662,0.77854,0.80055,0.568,0.91495,0.00169225,0.00169225,0.00169225
1009,11084.4,0.7617,0.56253,0.92773,0.96752,0.88511,0.95675,0.77871,0.80018,0.56698,0.91487,0.001684,0.001684,0.001684
1010,11095.4,0.75173,0.55624,0.92907,0.96752,0.88511,0.95672,0.77844,0.79976,0.56641,0.91469,0.00167575,0.00167575,0.00167575
1011,11105.9,0.75119,0.56321,0.9238,0.96588,0.88511,0.95678,0.77906,0.79948,0.56606,0.91455,0.0016675,0.0016675,0.0016675
1012,11116.8,0.73282,0.54723,0.92731,0.96756,0.88511,0.9566,0.77912,0.79931,0.56604,0.91447,0.00165925,0.00165925,0.00165925
1013,11127.6,0.74738,0.5638,0.9296,0.96755,0.88511,0.95668,0.7791,0.79911,0.56577,0.91457,0.001651,0.001651,0.001651
1014,11138.5,0.73416,0.55377,0.92582,0.96672,0.88511,0.95672,0.77944,0.79905,0.56559,0.91456,0.00164275,0.00164275,0.00164275
1015,11149.4,0.74289,0.56468,0.93001,0.96748,0.88621,0.95678,0.77973,0.79883,0.56555,0.91444,0.0016345,0.0016345,0.0016345
1016,11160.2,0.7468,0.56315,0.92045,0.96748,0.88609,0.95682,0.78001,0.79863,0.56541,0.9144,0.00162625,0.00162625,0.00162625
1017,11171,0.74517,0.55929,0.92054,0.96745,0.8852,0.95678,0.78026,0.79849,0.56477,0.91443,0.001618,0.001618,0.001618
1018,11181.8,0.74724,0.55527,0.92773,0.96745,0.88523,0.95674,0.77835,0.79807,0.56488,0.91434,0.00160975,0.00160975,0.00160975
1019,11192.5,0.74796,0.56723,0.92816,0.96747,0.88582,0.95677,0.77934,0.79762,0.56465,0.91437,0.0016015,0.0016015,0.0016015
1020,11203,0.7519,0.56283,0.92946,0.96746,0.88567,0.95674,0.78016,0.79729,0.56441,0.9142,0.00159325,0.00159325,0.00159325
1021,11213.6,0.72209,0.54295,0.91717,0.96744,0.88514,0.95667,0.77872,0.79719,0.56417,0.91425,0.001585,0.001585,0.001585
1022,11224.1,0.75065,0.55656,0.92684,0.96814,0.88511,0.95681,0.77924,0.79713,0.56409,0.91423,0.00157675,0.00157675,0.00157675
1023,11234.8,0.72038,0.54385,0.91999,0.96789,0.88511,0.95678,0.77972,0.79691,0.56357,0.91417,0.0015685,0.0015685,0.0015685
1024,11245.6,0.74719,0.55355,0.92853,0.96957,0.88511,0.95688,0.77968,0.79675,0.56324,0.91422,0.00156025,0.00156025,0.00156025
1025,11256.2,0.73834,0.54629,0.92292,0.96855,0.88511,0.95695,0.77924,0.79654,0.56306,0.91412,0.001552,0.001552,0.001552
1026,11266.7,0.72238,0.5387,0.92025,0.96824,0.88511,0.95701,0.77938,0.79622,0.5626,0.91416,0.00154375,0.00154375,0.00154375
1027,11277.4,0.74045,0.55363,0.92494,0.96865,0.88511,0.95688,0.77827,0.79611,0.56253,0.91423,0.0015355,0.0015355,0.0015355
1028,11288.2,0.73316,0.54028,0.92426,0.96968,0.8846,0.95697,0.77808,0.79587,0.56234,0.91413,0.00152725,0.00152725,0.00152725
1029,11298.8,0.73974,0.55319,0.92655,0.96799,0.88298,0.95703,0.77765,0.79565,0.56228,0.91415,0.001519,0.001519,0.001519
1030,11309.4,0.73362,0.54509,0.92175,0.96743,0.88085,0.95709,0.77758,0.79572,0.5624,0.91424,0.00151075,0.00151075,0.00151075
1031,11320,0.72969,0.53652,0.91493,0.96775,0.88085,0.95706,0.77784,0.79538,0.56239,0.91423,0.0015025,0.0015025,0.0015025
1032,11330.6,0.73543,0.53818,0.9244,0.96986,0.88085,0.95724,0.77844,0.79516,0.56233,0.9142,0.00149425,0.00149425,0.00149425
1033,11341.2,0.73518,0.55058,0.91966,0.96774,0.88085,0.9572,0.77862,0.79487,0.56236,0.91422,0.001486,0.001486,0.001486
1034,11351.8,0.72244,0.56515,0.9271,0.96768,0.88085,0.95718,0.77855,0.79461,0.56217,0.91417,0.00147775,0.00147775,0.00147775
1035,11362.5,0.72771,0.54544,0.92326,0.9678,0.88085,0.95724,0.77846,0.79427,0.56177,0.91404,0.0014695,0.0014695,0.0014695
1036,11373.1,0.73282,0.543,0.9241,0.96539,0.87872,0.95541,0.77923,0.79372,0.56173,0.91389,0.00146125,0.00146125,0.00146125
1037,11383.9,0.73333,0.55165,0.92253,0.96561,0.87872,0.95559,0.77952,0.79342,0.56142,0.91386,0.001453,0.001453,0.001453
1038,11394.8,0.7425,0.55216,0.9226,0.96547,0.87872,0.95553,0.77931,0.79319,0.56112,0.91382,0.00144475,0.00144475,0.00144475
1039,11405.4,0.7294,0.53963,0.92356,0.96573,0.87872,0.95553,0.77988,0.7927,0.56105,0.91366,0.0014365,0.0014365,0.0014365
1040,11416,0.75359,0.55919,0.92875,0.96591,0.87872,0.95575,0.7804,0.79237,0.56106,0.91343,0.00142825,0.00142825,0.00142825
1041,11426.9,0.73722,0.55395,0.9159,0.95231,0.89231,0.95579,0.78144,0.79212,0.561,0.91339,0.00142,0.00142,0.00142
1042,11437.8,0.72404,0.55323,0.92356,0.95376,0.89362,0.95607,0.78133,0.79196,0.56103,0.91346,0.00141175,0.00141175,0.00141175
1043,11448.4,0.74113,0.56498,0.92502,0.96831,0.88085,0.95606,0.78208,0.79171,0.56077,0.91337,0.0014035,0.0014035,0.0014035
1044,11459.2,0.7171,0.53855,0.91757,0.9536,0.89362,0.95612,0.78186,0.79144,0.56089,0.91331,0.00139525,0.00139525,0.00139525
1045,11469.8,0.72995,0.54342,0.9238,0.95535,0.89362,0.95626,0.78209,0.7913,0.56095,0.9133,0.001387,0.001387,0.001387
1046,11480.7,0.7259,0.54591,0.92094,0.95452,0.89299,0.95636,0.78267,0.79083,0.5607,0.91314,0.00137875,0.00137875,0.00137875
1047,11491.5,0.73425,0.5547,0.92043,0.9652,0.88516,0.95635,0.78288,0.79053,0.56035,0.91311,0.0013705,0.0013705,0.0013705
1048,11502.5,0.73713,0.54701,0.92266,0.96523,0.88607,0.95642,0.78277,0.79019,0.56018,0.91303,0.00136225,0.00136225,0.00136225
1049,11513,0.72883,0.54538,0.91848,0.96526,0.88677,0.95638,0.78289,0.78992,0.56022,0.91296,0.001354,0.001354,0.001354
1050,11523.9,0.70963,0.53913,0.91893,0.96528,0.88723,0.95644,0.78299,0.78977,0.56029,0.91303,0.00134575,0.00134575,0.00134575
1051,11534.9,0.7278,0.53919,0.91941,0.95498,0.89574,0.95653,0.78298,0.78939,0.56008,0.91294,0.0013375,0.0013375,0.0013375
1052,11545.6,0.72299,0.54301,0.91899,0.95574,0.89574,0.95624,0.78312,0.78888,0.55961,0.91277,0.00132925,0.00132925,0.00132925
1053,11556.4,0.7217,0.54082,0.91219,0.95621,0.89574,0.95626,0.78286,0.78862,0.55954,0.91267,0.001321,0.001321,0.001321
1054,11566.8,0.72353,0.5461,0.9194,0.95612,0.89574,0.95634,0.78304,0.78856,0.55942,0.91264,0.00131275,0.00131275,0.00131275
1055,11577.5,0.72359,0.55096,0.92482,0.95567,0.89574,0.95633,0.78322,0.78829,0.55932,0.9126,0.0013045,0.0013045,0.0013045
1056,11588.4,0.72147,0.54336,0.92629,0.95892,0.89387,0.95661,0.78324,0.78801,0.55918,0.91251,0.00129625,0.00129625,0.00129625
1057,11599.3,0.69305,0.5244,0.91554,0.95894,0.89442,0.95624,0.78331,0.78776,0.55895,0.91242,0.001288,0.001288,0.001288
1058,11610.2,0.71863,0.54121,0.92221,0.95893,0.89416,0.95625,0.78348,0.78737,0.55923,0.91233,0.00127975,0.00127975,0.00127975
1059,11621.1,0.69372,0.51432,0.90689,0.95892,0.89396,0.95619,0.78311,0.78716,0.55915,0.91227,0.0012715,0.0012715,0.0012715
1060,11631.9,0.71561,0.52885,0.91062,0.95895,0.89472,0.95621,0.78312,0.78675,0.55908,0.91211,0.00126325,0.00126325,0.00126325
1061,11642.7,0.7133,0.52808,0.9145,0.95879,0.89574,0.95624,0.78296,0.78659,0.55904,0.91208,0.001255,0.001255,0.001255
1062,11653.4,0.69871,0.52673,0.90865,0.95863,0.89574,0.95634,0.7833,0.78623,0.55881,0.91199,0.00124675,0.00124675,0.00124675
1063,11664.3,0.71603,0.53574,0.91856,0.95829,0.89574,0.95635,0.78398,0.7859,0.55857,0.91182,0.0012385,0.0012385,0.0012385
1064,11675.2,0.71183,0.54126,0.91531,0.95856,0.89574,0.95629,0.78445,0.78568,0.55844,0.91171,0.00123025,0.00123025,0.00123025
1065,11686.1,0.72358,0.54751,0.92204,0.95869,0.89574,0.95629,0.78478,0.78509,0.55822,0.91156,0.001222,0.001222,0.001222
1066,11697,0.72159,0.53781,0.91774,0.95823,0.89574,0.95624,0.78416,0.78497,0.5581,0.91154,0.00121375,0.00121375,0.00121375
1067,11707.6,0.70182,0.51975,0.91044,0.95859,0.89574,0.95629,0.78448,0.78479,0.55787,0.91149,0.0012055,0.0012055,0.0012055
1068,11718.2,0.72601,0.54344,0.91446,0.95842,0.89574,0.95629,0.7846,0.78453,0.55775,0.91137,0.00119725,0.00119725,0.00119725
1069,11728.8,0.71307,0.52926,0.91311,0.95831,0.89574,0.95634,0.7845,0.78426,0.5577,0.91133,0.001189,0.001189,0.001189
1070,11739.4,0.7217,0.5405,0.91903,0.95767,0.89574,0.95692,0.78511,0.78395,0.5577,0.91124,0.00118075,0.00118075,0.00118075
1071,11750.2,0.72457,0.54175,0.9214,0.95759,0.89574,0.95699,0.78468,0.78377,0.55771,0.9112,0.0011725,0.0011725,0.0011725
1072,11760.8,0.72432,0.54377,0.91997,0.95907,0.89736,0.95649,0.78555,0.7836,0.55757,0.91114,0.00116425,0.00116425,0.00116425
1073,11771.7,0.70817,0.5308,0.91952,0.95775,0.89574,0.9565,0.78548,0.78344,0.55739,0.9111,0.001156,0.001156,0.001156
1074,11782.2,0.69446,0.52031,0.9064,0.959,0.89573,0.95656,0.78549,0.78314,0.55722,0.91103,0.00114775,0.00114775,0.00114775
1075,11792.7,0.70392,0.53395,0.91291,0.958,0.89787,0.95659,0.78567,0.78302,0.55715,0.91103,0.0011395,0.0011395,0.0011395
1076,11803.5,0.70693,0.52916,0.91979,0.95683,0.89605,0.95666,0.78579,0.78281,0.55679,0.91111,0.00113125,0.00113125,0.00113125
1077,11814.2,0.71988,0.5331,0.91554,0.95647,0.89787,0.9567,0.78617,0.78252,0.55663,0.91098,0.001123,0.001123,0.001123
1078,11825,0.71585,0.53732,0.91549,0.95628,0.89787,0.95679,0.78636,0.78217,0.55634,0.91098,0.00111475,0.00111475,0.00111475
1079,11836,0.69233,0.52783,0.91259,0.95623,0.89787,0.95681,0.7865,0.78195,0.55631,0.91088,0.0011065,0.0011065,0.0011065
1080,11846.8,0.70909,0.53516,0.92156,0.95683,0.896,0.95676,0.78682,0.78191,0.55598,0.91088,0.00109825,0.00109825,0.00109825
1081,11857.7,0.71755,0.53656,0.9153,0.95645,0.89574,0.95684,0.78659,0.78174,0.5559,0.9109,0.00109,0.00109,0.00109
1082,11868.2,0.71563,0.53756,0.92227,0.95465,0.89584,0.95679,0.78647,0.78169,0.55574,0.91089,0.00108175,0.00108175,0.00108175
1083,11878.8,0.71233,0.53239,0.9125,0.95516,0.89574,0.95686,0.78731,0.78148,0.55555,0.91089,0.0010735,0.0010735,0.0010735
1084,11889.7,0.68986,0.51813,0.91152,0.95527,0.89574,0.95686,0.7867,0.78156,0.55492,0.91088,0.00106525,0.00106525,0.00106525
1085,11900.8,0.68261,0.51757,0.90672,0.95607,0.89362,0.95688,0.78607,0.7813,0.55459,0.91082,0.001057,0.001057,0.001057
1086,11911.7,0.69685,0.53401,0.91692,0.95464,0.89149,0.95689,0.78664,0.78111,0.55451,0.91078,0.00104875,0.00104875,0.00104875
1087,11922.4,0.71233,0.53767,0.91432,0.95542,0.89362,0.95689,0.78652,0.78089,0.55417,0.91075,0.0010405,0.0010405,0.0010405
1088,11933.3,0.70725,0.53479,0.91036,0.95639,0.89362,0.9569,0.7865,0.78059,0.55404,0.91075,0.00103225,0.00103225,0.00103225
1089,11944.4,0.6997,0.51786,0.91642,0.95599,0.89362,0.95689,0.78609,0.78064,0.55358,0.91082,0.001024,0.001024,0.001024
1090,11955,0.7019,0.52066,0.90917,0.95671,0.89351,0.95692,0.78624,0.78049,0.55367,0.91068,0.00101575,0.00101575,0.00101575
1091,11965.6,0.70271,0.52373,0.92231,0.95445,0.89163,0.95696,0.78608,0.78036,0.55321,0.91061,0.0010075,0.0010075,0.0010075
1092,11976.3,0.69192,0.52475,0.90753,0.95452,0.89318,0.95697,0.78643,0.78034,0.55318,0.91067,0.00099925,0.00099925,0.00099925
1093,11987.4,0.71339,0.53741,0.91191,0.95447,0.89209,0.95698,0.78692,0.78022,0.55305,0.91067,0.000991,0.000991,0.000991
1094,11998.1,0.7058,0.52249,0.91303,0.95455,0.8937,0.95704,0.78696,0.77997,0.55269,0.91061,0.00098275,0.00098275,0.00098275
1095,12008.8,0.70212,0.51818,0.90476,0.95455,0.89364,0.95711,0.78691,0.77984,0.55258,0.91058,0.0009745,0.0009745,0.0009745
1096,12019.6,0.7026,0.5295,0.91179,0.95452,0.89362,0.95735,0.78736,0.77972,0.55246,0.91056,0.00096625,0.00096625,0.00096625
1097,12031.4,0.71089,0.52776,0.91074,0.9544,0.89362,0.95734,0.78746,0.77974,0.55229,0.91057,0.000958,0.000958,0.000958
1098,12042.2,0.69154,0.51896,0.90829,0.95393,0.89362,0.95734,0.78707,0.77956,0.5523,0.91053,0.00094975,0.00094975,0.00094975
1099,12052.9,0.68535,0.51428,0.9076,0.95404,0.89362,0.95738,0.78711,0.77941,0.55222,0.91054,0.0009415,0.0009415,0.0009415
1100,12064,0.70666,0.52447,0.91446,0.95389,0.89362,0.95742,0.78726,0.77931,0.55239,0.91047,0.00093325,0.00093325,0.00093325
1101,12074.5,0.6872,0.5133,0.90872,0.95366,0.89362,0.95745,0.78792,0.77924,0.55233,0.9105,0.000925,0.000925,0.000925
1102,12085.3,0.69205,0.52115,0.9079,0.95344,0.89362,0.95738,0.78784,0.77918,0.55225,0.91056,0.00091675,0.00091675,0.00091675
1103,12095.8,0.69499,0.5267,0.9171,0.9532,0.89362,0.95742,0.78706,0.77905,0.55202,0.91046,0.0009085,0.0009085,0.0009085
1104,12106.9,0.69003,0.52456,0.91198,0.95349,0.89362,0.95738,0.7871,0.7791,0.55206,0.91046,0.00090025,0.00090025,0.00090025
1105,12117.4,0.70544,0.53407,0.9097,0.95346,0.89362,0.95745,0.78699,0.77919,0.55156,0.91057,0.000892,0.000892,0.000892
1106,12127.9,0.68029,0.51122,0.90351,0.95338,0.89362,0.95744,0.78685,0.77919,0.55124,0.91054,0.00088375,0.00088375,0.00088375
1107,12138.5,0.71119,0.53616,0.91707,0.95034,0.89578,0.95749,0.7869,0.77905,0.55128,0.91047,0.0008755,0.0008755,0.0008755
1108,12149.9,0.68596,0.51738,0.90945,0.95389,0.89362,0.95748,0.7871,0.77887,0.55101,0.91034,0.00086725,0.00086725,0.00086725
1109,12160.5,0.68956,0.52267,0.90794,0.95087,0.89574,0.95748,0.78679,0.77878,0.55121,0.91038,0.000859,0.000859,0.000859
1110,12171,0.69935,0.52661,0.91698,0.95196,0.89574,0.95748,0.78721,0.77884,0.5508,0.91035,0.00085075,0.00085075,0.00085075
1111,12182,0.68279,0.5151,0.90643,0.95187,0.89574,0.95745,0.78702,0.77872,0.55081,0.91022,0.0008425,0.0008425,0.0008425
1112,12193,0.70663,0.52431,0.9094,0.95365,0.89362,0.95739,0.78736,0.7786,0.55064,0.91018,0.00083425,0.00083425,0.00083425
1113,12203.5,0.6786,0.51127,0.91017,0.95384,0.89362,0.95736,0.78791,0.77839,0.55061,0.91016,0.000826,0.000826,0.000826
1114,12214.1,0.68545,0.51306,0.91172,0.95301,0.89362,0.95715,0.78758,0.77826,0.55033,0.91013,0.00081775,0.00081775,0.00081775
1115,12225.5,0.68318,0.51453,0.90715,0.95274,0.89362,0.95716,0.7876,0.77811,0.55013,0.91004,0.0008095,0.0008095,0.0008095
1116,12236.1,0.69056,0.50961,0.90586,0.95277,0.89362,0.95715,0.78743,0.77798,0.55007,0.91004,0.00080125,0.00080125,0.00080125
1117,12246.6,0.69144,0.52154,0.90813,0.95264,0.89362,0.9571,0.78759,0.77802,0.55006,0.91007,0.000793,0.000793,0.000793
1118,12257.2,0.67576,0.50104,0.90515,0.95871,0.88917,0.95714,0.78774,0.7782,0.54961,0.91014,0.00078475,0.00078475,0.00078475
1119,12268.3,0.68278,0.51501,0.91361,0.95871,0.88925,0.95716,0.78816,0.77818,0.54949,0.91013,0.0007765,0.0007765,0.0007765
1120,12279.3,0.68693,0.51411,0.90403,0.95871,0.88915,0.95711,0.7886,0.77784,0.54951,0.91006,0.00076825,0.00076825,0.00076825
1121,12290.2,0.68707,0.51041,0.90693,0.9587,0.88909,0.95708,0.78821,0.77768,0.54937,0.91005,0.00076,0.00076,0.00076
1122,12300.7,0.68913,0.51929,0.90584,0.95211,0.89574,0.95714,0.789,0.77761,0.54915,0.90996,0.00075175,0.00075175,0.00075175
1123,12312.7,0.6889,0.51364,0.91132,0.9587,0.88891,0.95707,0.78873,0.77756,0.54904,0.90995,0.0007435,0.0007435,0.0007435
1124,12323.3,0.67471,0.49891,0.9069,0.95194,0.89574,0.95704,0.78881,0.77737,0.54897,0.90995,0.00073525,0.00073525,0.00073525
1125,12334,0.67678,0.50495,0.90686,0.95165,0.89574,0.95698,0.78852,0.7773,0.54883,0.9099,0.000727,0.000727,0.000727
1126,12344.8,0.66051,0.49915,0.90523,0.95172,0.89574,0.95696,0.78873,0.77723,0.5486,0.90978,0.00071875,0.00071875,0.00071875
1127,12355.5,0.69563,0.52258,0.90833,0.95177,0.89574,0.95695,0.78869,0.77699,0.54862,0.90977,0.0007105,0.0007105,0.0007105
1128,12366,0.68783,0.51632,0.9077,0.95162,0.89574,0.95699,0.78867,0.77703,0.54851,0.90979,0.00070225,0.00070225,0.00070225
1129,12376.6,0.67774,0.50572,0.90226,0.95144,0.89574,0.95693,0.78833,0.77699,0.54851,0.90978,0.000694,0.000694,0.000694
1130,12387.2,0.69233,0.52554,0.91314,0.95254,0.89673,0.95688,0.78845,0.7769,0.54834,0.90974,0.00068575,0.00068575,0.00068575
1131,12397.7,0.68134,0.51856,0.90032,0.95167,0.89574,0.95673,0.78821,0.77688,0.54857,0.90975,0.0006775,0.0006775,0.0006775
1132,12408.3,0.69294,0.52871,0.91144,0.95165,0.89574,0.95671,0.7883,0.77681,0.54843,0.90963,0.00066925,0.00066925,0.00066925
1133,12419.1,0.69647,0.52846,0.91552,0.95168,0.89574,0.95664,0.78821,0.77692,0.54841,0.90958,0.000661,0.000661,0.000661
1134,12429.7,0.69662,0.51716,0.9109,0.95171,0.89574,0.9567,0.78852,0.77667,0.54822,0.90956,0.00065275,0.00065275,0.00065275
1135,12440.3,0.67055,0.51084,0.90846,0.95171,0.89574,0.95662,0.78849,0.7766,0.54819,0.90956,0.0006445,0.0006445,0.0006445
1136,12450.8,0.69153,0.51701,0.90527,0.95171,0.89574,0.95667,0.78869,0.77654,0.5483,0.9096,0.00063625,0.00063625,0.00063625
1137,12461.4,0.67725,0.50239,0.90332,0.95657,0.89032,0.95662,0.78875,0.77638,0.5479,0.9095,0.000628,0.000628,0.000628
1138,12472,0.68306,0.51557,0.90792,0.95186,0.89574,0.95658,0.78852,0.77649,0.54793,0.90951,0.00061975,0.00061975,0.00061975
1139,12482.6,0.67592,0.50294,0.9063,0.95277,0.89574,0.95656,0.78872,0.7764,0.54782,0.90948,0.0006115,0.0006115,0.0006115
1140,12493.4,0.68245,0.50793,0.90683,0.95423,0.89574,0.95651,0.78853,0.77631,0.54783,0.90945,0.00060325,0.00060325,0.00060325
1141,12503.9,0.68137,0.51203,0.90509,0.95283,0.89574,0.95646,0.78827,0.77628,0.54782,0.90943,0.000595,0.000595,0.000595
1142,12514.5,0.67348,0.51132,0.90294,0.95463,0.8953,0.95649,0.78861,0.77625,0.54798,0.90949,0.00058675,0.00058675,0.00058675
1143,12525.3,0.67324,0.5088,0.90231,0.95428,0.89574,0.95638,0.7886,0.77606,0.54782,0.90944,0.0005785,0.0005785,0.0005785
1144,12535.9,0.68358,0.51755,0.90523,0.9546,0.89479,0.95632,0.78863,0.77589,0.54772,0.9094,0.00057025,0.00057025,0.00057025
1145,12546.6,0.66673,0.50019,0.90477,0.95492,0.89574,0.95653,0.78897,0.77589,0.54762,0.90936,0.000562,0.000562,0.000562
1146,12557.2,0.66461,0.49723,0.90089,0.95484,0.89574,0.9565,0.78864,0.77585,0.54781,0.90939,0.00055375,0.00055375,0.00055375
1147,12567.9,0.65558,0.501,0.90323,0.95676,0.89457,0.95651,0.78866,0.77586,0.54762,0.90939,0.0005455,0.0005455,0.0005455
1148,12578.5,0.67792,0.50494,0.90299,0.95385,0.89574,0.95649,0.78886,0.77579,0.54753,0.90937,0.00053725,0.00053725,0.00053725
1149,12589.1,0.66026,0.48931,0.898,0.9548,0.89574,0.9565,0.78913,0.7757,0.54772,0.90942,0.000529,0.000529,0.000529
1150,12600,0.67477,0.50363,0.9044,0.95458,0.89362,0.95653,0.78872,0.77561,0.54793,0.90941,0.00052075,0.00052075,0.00052075
1151,12610.6,0.66062,0.49877,0.90187,0.95375,0.89574,0.95653,0.78914,0.77563,0.54775,0.90937,0.0005125,0.0005125,0.0005125
1152,12621.5,0.65969,0.4925,0.89446,0.96066,0.88336,0.95642,0.78911,0.77552,0.54782,0.90924,0.00050425,0.00050425,0.00050425
1153,12632.1,0.65988,0.49335,0.8999,0.96073,0.88298,0.95644,0.78961,0.77536,0.54783,0.90929,0.000496,0.000496,0.000496
1154,12642.9,0.68178,0.51094,0.90624,0.95245,0.89502,0.9565,0.78972,0.77541,0.54799,0.90927,0.00048775,0.00048775,0.00048775
1155,12653.8,0.65798,0.49041,0.90107,0.95305,0.89362,0.95658,0.78972,0.7755,0.54801,0.90931,0.0004795,0.0004795,0.0004795
1156,12664.7,0.6788,0.51232,0.90193,0.95099,0.89362,0.95665,0.78994,0.77538,0.54785,0.90922,0.00047125,0.00047125,0.00047125
1157,12675.5,0.6749,0.50933,0.90206,0.96291,0.88298,0.95647,0.78982,0.77543,0.54792,0.90923,0.000463,0.000463,0.000463
1158,12686.1,0.66071,0.49409,0.90269,0.96155,0.88298,0.95648,0.78995,0.77577,0.54743,0.90918,0.00045475,0.00045475,0.00045475
1159,12696.9,0.67299,0.5032,0.90812,0.96249,0.88298,0.95651,0.78911,0.77557,0.54772,0.90918,0.0004465,0.0004465,0.0004465
1160,12707.5,0.66267,0.48903,0.89535,0.96243,0.88298,0.95648,0.78928,0.77554,0.5475,0.9092,0.00043825,0.00043825,0.00043825
1161,12718,0.67638,0.50998,0.90591,0.96259,0.88298,0.95652,0.78909,0.77566,0.54748,0.90918,0.00043,0.00043,0.00043
1162,12728.5,0.6535,0.4923,0.89959,0.96251,0.88298,0.95644,0.78906,0.77551,0.54756,0.90911,0.00042175,0.00042175,0.00042175
1163,12739.2,0.65858,0.50247,0.90206,0.96289,0.88334,0.95661,0.78976,0.77548,0.5474,0.90904,0.0004135,0.0004135,0.0004135
1164,12749.9,0.67082,0.50594,0.90253,0.96288,0.88309,0.95647,0.78946,0.77547,0.54742,0.90908,0.00040525,0.00040525,0.00040525
1165,12760.4,0.66563,0.50106,0.90418,0.96288,0.88306,0.95646,0.78897,0.77546,0.54713,0.90894,0.000397,0.000397,0.000397
1166,12771,0.6564,0.48816,0.89749,0.96288,0.88315,0.95646,0.78966,0.77535,0.54727,0.90892,0.00038875,0.00038875,0.00038875
1167,12781.8,0.6698,0.50553,0.90332,0.96288,0.88313,0.95649,0.78901,0.77544,0.54721,0.90894,0.0003805,0.0003805,0.0003805
1168,12792.4,0.65262,0.48908,0.89662,0.9628,0.88298,0.95648,0.78912,0.77542,0.54734,0.90894,0.00037225,0.00037225,0.00037225
1169,12803,0.67215,0.50629,0.9067,0.96288,0.8831,0.9565,0.78892,0.7754,0.5473,0.90894,0.000364,0.000364,0.000364
1170,12813.7,0.6478,0.48808,0.89629,0.96289,0.88319,0.95656,0.78899,0.77538,0.54725,0.90894,0.00035575,0.00035575,0.00035575
1171,12824.5,0.65258,0.497,0.89769,0.96288,0.8831,0.95657,0.78882,0.77522,0.54737,0.90892,0.0003475,0.0003475,0.0003475
1172,12835,0.66117,0.50306,0.89946,0.96289,0.88321,0.95658,0.78859,0.77512,0.54736,0.90894,0.00033925,0.00033925,0.00033925
1173,12845.7,0.65795,0.49163,0.90206,0.96288,0.88311,0.95662,0.78845,0.77513,0.54736,0.90894,0.000331,0.000331,0.000331
1174,12856.3,0.66973,0.50014,0.8979,0.96288,0.88311,0.95668,0.78882,0.77516,0.54741,0.90892,0.00032275,0.00032275,0.00032275
1175,12867,0.68294,0.51666,0.91199,0.96291,0.88298,0.95671,0.78875,0.7752,0.54723,0.90888,0.0003145,0.0003145,0.0003145
1176,12877.6,0.65488,0.49987,0.8949,0.96294,0.88298,0.95678,0.78927,0.77519,0.54721,0.90876,0.00030625,0.00030625,0.00030625
1177,12888.2,0.6613,0.49227,0.89751,0.96303,0.88298,0.95686,0.78879,0.7751,0.54733,0.90875,0.000298,0.000298,0.000298
1178,12898.8,0.6604,0.5003,0.89936,0.96303,0.88298,0.95686,0.78875,0.77499,0.54734,0.90872,0.00028975,0.00028975,0.00028975
1179,12909.4,0.65945,0.49859,0.90263,0.96304,0.88298,0.95686,0.78877,0.77502,0.54713,0.90867,0.0002815,0.0002815,0.0002815
1180,12920,0.65224,0.49093,0.90049,0.9631,0.88298,0.95658,0.78906,0.77495,0.54687,0.90862,0.00027325,0.00027325,0.00027325
1181,12930.5,0.67305,0.50801,0.89821,0.96331,0.88298,0.95686,0.78874,0.77509,0.54712,0.90866,0.000265,0.000265,0.000265
1182,12941.2,0.65238,0.49519,0.90415,0.96319,0.88298,0.95667,0.78933,0.77518,0.54725,0.90869,0.00025675,0.00025675,0.00025675
1183,12951.8,0.67614,0.50366,0.9029,0.96306,0.88298,0.95663,0.78896,0.77504,0.54711,0.90863,0.0002485,0.0002485,0.0002485
1184,12962.5,0.64971,0.49011,0.89471,0.96349,0.88298,0.95661,0.78935,0.77504,0.54732,0.90871,0.00024025,0.00024025,0.00024025
1185,12973.2,0.65214,0.49591,0.90009,0.96351,0.88298,0.95661,0.78905,0.77505,0.54715,0.90863,0.000232,0.000232,0.000232
1186,12983.8,0.65272,0.48929,0.89854,0.96376,0.88298,0.95657,0.789,0.77501,0.54723,0.90866,0.00022375,0.00022375,0.00022375
1187,12994.5,0.65091,0.49131,0.8979,0.9639,0.88298,0.95656,0.78905,0.77498,0.54725,0.90867,0.0002155,0.0002155,0.0002155
1188,13005.1,0.68127,0.50461,0.90208,0.96393,0.88298,0.95655,0.78903,0.77508,0.54711,0.90865,0.00020725,0.00020725,0.00020725
1189,13015.6,0.66661,0.4976,0.90054,0.96391,0.88298,0.95656,0.78957,0.77501,0.54732,0.90863,0.000199,0.000199,0.000199
1190,13026.1,0.6481,0.48703,0.89763,0.96417,0.88298,0.95658,0.78952,0.77491,0.54748,0.90861,0.00019075,0.00019075,0.00019075
1191,13038.3,0.69994,0.47636,0.87422,0.96393,0.88298,0.95657,0.78885,0.77505,0.54753,0.90865,0.0001825,0.0001825,0.0001825
1192,13049,0.66408,0.44813,0.86479,0.96416,0.88298,0.95663,0.78941,0.77492,0.54752,0.90851,0.00017425,0.00017425,0.00017425
1193,13059.8,0.65296,0.44065,0.86381,0.96348,0.88298,0.95652,0.78866,0.77514,0.54703,0.9085,0.000166,0.000166,0.000166
1194,13070.4,0.64196,0.43839,0.8521,0.96288,0.88301,0.9565,0.78914,0.77495,0.54687,0.90843,0.00015775,0.00015775,0.00015775
1195,13081.1,0.6165,0.41891,0.84452,0.96289,0.8832,0.95656,0.78928,0.7749,0.5467,0.9084,0.0001495,0.0001495,0.0001495
1196,13091.7,0.61581,0.4183,0.84864,0.96289,0.88337,0.95668,0.7893,0.77475,0.54664,0.90839,0.00014125,0.00014125,0.00014125
1197,13102.3,0.62107,0.42499,0.85225,0.9629,0.8835,0.9567,0.78923,0.77473,0.5466,0.90843,0.000133,0.000133,0.000133
1198,13112.9,0.61692,0.42591,0.8492,0.9629,0.88362,0.95673,0.7889,0.77467,0.54666,0.90837,0.00012475,0.00012475,0.00012475
1199,13124.1,0.59353,0.41637,0.83892,0.95879,0.89099,0.9568,0.78943,0.77459,0.54641,0.90826,0.0001165,0.0001165,0.0001165
1200,13134.6,0.59569,0.40971,0.85031,0.95879,0.89115,0.95673,0.78887,0.77448,0.54632,0.90826,0.00010825,0.00010825,0.00010825
