epoch,time,train/box_loss,train/cls_loss,train/dfl_loss,metrics/precision(B),metrics/recall(B),metrics/mAP50(B),metrics/mAP50-95(B),val/box_loss,val/cls_loss,val/dfl_loss,lr/pg0,lr/pg1,lr/pg2
1,11.6653,5.83433,8.51169,4.23315,1e-05,0.00213,1e-05,0,6.3006,10.1735,4.15305,0.00327778,0.00327778,0.00327778
2,61.5754,5.59367,5.75327,3.9838,1e-05,0.00213,1e-05,0,6.14451,6.29188,3.74907,0.00660566,0.00660566,0.00660566
3,70.9986,4.69215,4.5796,3.04129,0.00067,0.04468,0.00036,8e-05,4.52731,4.599,2.66903,0.00992804,0.00992804,0.00992804
4,80.0614,4.18065,4.34892,2.64891,0.00043,0.02766,0.00023,6e-05,4.45592,4.67422,3.25629,0.00997525,0.00997525,0.00997525
5,89.0075,4.01602,4.35239,2.60119,0.00042,0.02553,0.00022,5e-05,4.19842,4.52632,2.39236,0.009967,0.009967,0.009967
6,97.8449,3.92681,4.34515,2.50893,0.00065,0.07447,0.00038,9e-05,4.07013,4.53916,2.20545,0.00995875,0.00995875,0.00995875
7,106.907,3.74971,4.31184,2.55928,0.00192,0.15957,0.00174,0.00042,3.75987,4.41886,2.39332,0.0099505,0.0099505,0.0099505
8,115.966,3.71501,4.37541,2.54329,0.00117,0.16596,0.00082,0.00022,3.79997,4.4417,2.48572,0.00994225,0.00994225,0.00994225
9,124.948,3.72048,4.3249,2.52889,0.00088,0.10213,0.00093,0.00017,3.96844,4.53284,2.3998,0.009934,0.009934,0.009934
10,133.86,3.61599,4.34096,2.50294,0.00134,0.2,0.00104,0.00025,3.71028,4.48007,2.33532,0.00992575,0.00992575,0.00992575
11,142.798,3.59829,4.32113,2.50633,0.00126,0.14468,0.00079,0.00018,3.74005,4.5741,2.289,0.0099175,0.0099175,0.0099175
12,151.916,3.56998,4.3241,2.47884,0.00124,0.18936,0.00191,0.00038,3.74631,4.97006,2.34376,0.00990925,0.00990925,0.00990925
13,160.882,3.61496,4.29884,2.49788,0.00143,0.19574,0.00188,0.00042,3.6641,4.33067,2.36968,0.009901,0.009901,0.009901
14,170.062,3.58412,4.29119,2.48471,0.00127,0.15957,0.00126,0.00026,3.705,4.39996,2.30852,0.00989275,0.00989275,0.00989275
15,179.047,3.60558,4.29403,2.4653,0.00143,0.21277,0.00106,0.00023,3.69472,4.49828,2.34363,0.0098845,0.0098845,0.0098845
16,187.963,3.57228,4.29414,2.45159,0.00145,0.21702,0.00216,0.00045,3.66527,4.46189,2.33992,0.00987625,0.00987625,0.00987625
17,197.132,3.56003,4.28511,2.46995,0.00156,0.22128,0.00191,0.00041,3.65102,4.34882,2.30369,0.009868,0.009868,0.009868
18,206.083,3.54294,4.26919,2.44488,0.00162,0.20851,0.00194,0.00045,3.5917,4.33915,2.30778,0.00985975,0.00985975,0.00985975
19,215.049,3.53058,4.28684,2.43868,0.00174,0.2617,0.00239,0.0005,3.63704,4.32449,2.34862,0.0098515,0.0098515,0.0098515
20,224.147,3.53028,4.26948,2.44076,0.0018,0.25745,0.00188,0.00043,3.63537,4.40338,2.3404,0.00984325,0.00984325,0.00984325
21,233.096,3.49451,4.25825,2.42734,0.00177,0.25532,0.00228,0.00057,3.62168,4.30682,2.31343,0.009835,0.009835,0.009835
22,242.14,3.49833,4.25321,2.43371,0.00161,0.24255,0.00316,0.00058,3.58966,4.4297,2.34358,0.00982675,0.00982675,0.00982675
23,251.225,3.41325,4.23723,2.39148,0.00174,0.26383,0.00344,0.00082,3.50412,4.36968,2.30252,0.0098185,0.0098185,0.0098185
24,260.265,3.46647,4.2396,2.45455,0.00181,0.24255,0.00177,0.00043,3.62719,4.47653,2.39053,0.00981025,0.00981025,0.00981025
25,269.212,3.39856,4.23662,2.41791,0.0017,0.19787,0.00168,0.00041,3.58051,4.4664,2.37016,0.009802,0.009802,0.009802
26,278.339,3.42094,4.15474,2.41687,0.00206,0.31064,0.00234,0.00063,3.48721,4.24493,2.27972,0.00979375,0.00979375,0.00979375
27,287.452,3.41535,4.16592,2.40396,0.00241,0.21277,0.00221,0.00055,3.57694,4.41437,2.34197,0.0097855,0.0097855,0.0097855
28,296.458,3.36906,4.16654,2.39623,0.00116,0.1766,0.00114,0.00027,3.76146,4.48003,2.43561,0.00977725,0.00977725,0.00977725
29,305.489,3.37791,4.18914,2.39157,0.00196,0.29574,0.00229,0.00053,3.40527,4.45014,2.27559,0.009769,0.009769,0.009769
30,314.595,3.36523,4.15149,2.38396,0.00183,0.2766,0.00199,0.00047,3.50818,4.42928,2.28315,0.00976075,0.00976075,0.00976075
31,323.503,3.31962,4.14972,2.3556,0.00223,0.28723,0.00179,0.00045,3.48625,4.34602,2.34429,0.0097525,0.0097525,0.0097525
32,332.516,3.34706,4.10438,2.38174,0.00252,0.12766,0.00166,0.00039,3.96297,4.35398,2.6184,0.00974425,0.00974425,0.00974425
33,341.489,3.34729,4.09184,2.35439,0.00212,0.31064,0.00225,0.00053,3.38631,4.30688,2.27192,0.009736,0.009736,0.009736
34,350.399,3.2838,4.11578,2.35124,0.00157,0.17021,0.00129,0.00033,3.61735,4.58544,2.31324,0.00972775,0.00972775,0.00972775
35,359.352,3.25119,4.07928,2.3429,0.00191,0.25106,0.00345,0.00077,3.53975,4.36643,2.29676,0.0097195,0.0097195,0.0097195
36,368.199,3.27571,4.06303,2.368,0.00188,0.13404,0.00119,0.00034,3.70021,4.62407,2.56444,0.00971125,0.00971125,0.00971125
37,377.171,3.28518,4.0579,2.32719,0.0021,0.26809,0.00204,0.00046,3.52359,4.34641,2.40219,0.009703,0.009703,0.009703
38,386.071,3.26174,4.00443,2.34942,0.00161,0.18723,0.0014,0.00041,3.71541,4.58301,2.40168,0.00969475,0.00969475,0.00969475
39,394.923,3.24994,4.00613,2.33983,0.0015,0.16809,0.00232,0.00054,3.646,4.75705,2.49972,0.0096865,0.0096865,0.0096865
40,403.932,3.26547,3.97868,2.34465,0.00255,0.31277,0.00394,0.00089,3.4514,4.09556,2.23193,0.00967825,0.00967825,0.00967825
41,413.2,3.25216,3.98183,2.33818,0.00276,0.38085,0.00648,0.00147,3.31285,4.0419,2.21486,0.00967,0.00967,0.00967
42,422.357,3.2573,3.99243,2.34626,0.00169,0.25745,0.00201,0.00049,3.43497,4.63927,2.26479,0.00966175,0.00966175,0.00966175
43,431.152,3.20531,3.95244,2.30836,0.00376,0.02766,0.00219,0.00068,4.1048,5.30817,2.63248,0.0096535,0.0096535,0.0096535
44,440.104,3.22741,3.91627,2.31757,0.00247,0.2617,0.00205,0.00057,3.50495,4.51184,2.26044,0.00964525,0.00964525,0.00964525
45,449.09,3.19947,3.92585,2.30385,0.00279,0.37234,0.00845,0.00148,3.27487,4.11629,2.23908,0.009637,0.009637,0.009637
46,458.338,3.19763,3.91258,2.30673,0.00311,0.44894,0.01088,0.00237,3.24445,3.9311,2.2076,0.00962875,0.00962875,0.00962875
47,467.589,3.17247,3.90172,2.30083,0.00165,0.22128,0.00122,0.00032,3.67702,5.19212,2.53416,0.0096205,0.0096205,0.0096205
48,476.498,3.17933,3.88957,2.28077,0.00364,0.15319,0.00288,0.00081,3.51197,4.55858,2.42453,0.00961225,0.00961225,0.00961225
49,485.463,3.20043,3.87449,2.32241,0.00228,0.32128,0.00232,0.00055,3.37175,4.34485,2.31147,0.009604,0.009604,0.009604
50,494.506,3.15777,3.84471,2.2953,0.02683,0.01915,0.00476,0.00108,3.27195,4.13538,2.2267,0.00959575,0.00959575,0.00959575
51,503.522,3.14045,3.78611,2.3203,0.00277,0.41277,0.00917,0.00205,3.23683,4.09731,2.2412,0.0095875,0.0095875,0.0095875
52,512.455,3.10298,3.79983,2.3234,0.00342,0.35106,0.00964,0.0031,3.3294,4.6187,2.46307,0.00957925,0.00957925,0.00957925
53,521.604,3.0655,3.78906,2.31862,0.03242,0.11277,0.01176,0.00284,3.1506,3.91177,2.30992,0.009571,0.009571,0.009571
54,530.502,3.0667,3.75558,2.31898,0.00797,0.22553,0.02013,0.00589,3.38523,4.6321,2.50008,0.00956275,0.00956275,0.00956275
55,539.571,3.05336,3.7617,2.29079,0.02095,0.24043,0.01917,0.00484,3.0685,3.95023,2.2951,0.0095545,0.0095545,0.0095545
56,548.648,3.00196,3.67907,2.26935,0.04595,0.00851,0.01215,0.00274,3.10755,4.02793,2.29208,0.00954625,0.00954625,0.00954625
57,557.696,2.97458,3.72369,2.27654,0.10187,0.04468,0.01995,0.00429,3.06253,3.86828,2.23502,0.009538,0.009538,0.009538
58,566.821,2.97601,3.68106,2.26793,0.06388,0.10426,0.02214,0.00608,3.13504,4.00656,2.26201,0.00952975,0.00952975,0.00952975
59,576.124,2.94588,3.62458,2.24893,0.10448,0.08723,0.024,0.00531,3.00302,3.85168,2.27156,0.0095215,0.0095215,0.0095215
60,585.114,2.95014,3.67394,2.24352,0.09262,0.04468,0.02851,0.00612,3.0206,3.81009,2.2483,0.00951325,0.00951325,0.00951325
61,594.27,2.93306,3.64925,2.22634,0.08586,0.07021,0.02494,0.00529,3.00342,3.88605,2.26595,0.009505,0.009505,0.009505
62,603.187,2.94035,3.63488,2.2458,0.09351,0.15745,0.03039,0.00733,2.98154,3.71638,2.25358,0.00949675,0.00949675,0.00949675
63,612.21,2.93261,3.64405,2.23199,0.07959,0.06809,0.01976,0.00453,3.14627,3.94439,2.29279,0.0094885,0.0094885,0.0094885
64,621.21,2.88843,3.61159,2.22328,0.08873,0.06809,0.02137,0.00471,3.0273,3.84186,2.22865,0.00948025,0.00948025,0.00948025
65,630.045,2.93732,3.6258,2.26114,0.00253,0.17021,0.00274,0.0006,3.48144,4.86184,2.45212,0.009472,0.009472,0.009472
66,638.888,2.91006,3.62012,2.24623,0.06385,0.03191,0.01988,0.00494,3.21068,4.22016,2.28931,0.00946375,0.00946375,0.00946375
67,647.883,2.86935,3.57244,2.20961,0.13618,0.07447,0.03978,0.01133,2.99304,3.76464,2.22902,0.0094555,0.0094555,0.0094555
68,656.972,2.87898,3.53483,2.22053,0.13635,0.07447,0.04046,0.01151,2.93518,3.65556,2.22813,0.00944725,0.00944725,0.00944725
69,666.157,2.88945,3.55915,2.24038,0.16421,0.0617,0.02948,0.00839,3.08215,3.79892,2.2347,0.009439,0.009439,0.009439
70,675.162,2.86225,3.49379,2.21068,0.09903,0.07872,0.02406,0.00604,2.936,3.7772,2.22193,0.00943075,0.00943075,0.00943075
71,684.083,2.86234,3.52928,2.19597,0.02682,0.1383,0.01352,0.00325,3.14796,3.97308,2.2309,0.0094225,0.0094225,0.0094225
72,693.019,2.85297,3.50382,2.21236,0.09894,0.11489,0.02803,0.00676,2.91346,4.18772,2.21129,0.00941425,0.00941425,0.00941425
73,701.97,2.82368,3.46252,2.18393,0.10158,0.08085,0.02835,0.00828,2.98411,3.89761,2.25821,0.009406,0.009406,0.009406
74,710.803,2.80336,3.44094,2.16574,0.14763,0.0785,0.05182,0.01306,2.8757,3.60268,2.18408,0.00939775,0.00939775,0.00939775
75,719.883,2.85091,3.45619,2.19287,0.15317,0.1234,0.05487,0.01531,2.84954,3.5928,2.19431,0.0093895,0.0093895,0.0093895
76,729.018,2.81459,3.4841,2.18715,0.15024,0.09555,0.04782,0.01084,2.89533,3.54898,2.19396,0.00938125,0.00938125,0.00938125
77,737.864,2.81794,3.43797,2.18537,0.09768,0.09362,0.03848,0.0104,2.8789,3.60353,2.18823,0.009373,0.009373,0.009373
78,746.871,2.81278,3.45687,2.20488,0.15429,0.07234,0.05416,0.0156,2.90679,3.57588,2.18302,0.00936475,0.00936475,0.00936475
79,755.961,2.81211,3.46255,2.17195,0.18955,0.10426,0.05756,0.01429,2.86071,3.50234,2.1855,0.0093565,0.0093565,0.0093565
80,764.749,2.78922,3.40194,2.17591,0.18423,0.07447,0.06133,0.01936,2.89869,3.56412,2.21409,0.00934825,0.00934825,0.00934825
81,774.065,2.78986,3.39122,2.17977,0.15447,0.09149,0.05115,0.01204,2.92337,3.55775,2.17269,0.00934,0.00934,0.00934
82,783.21,2.78456,3.38653,2.15627,0.14148,0.1234,0.05995,0.01816,2.84603,3.49228,2.18488,0.00933175,0.00933175,0.00933175
83,792.215,2.79362,3.37987,2.17261,0.1547,0.11702,0.06974,0.02382,2.81002,3.47671,2.18922,0.0093235,0.0093235,0.0093235
84,801.443,2.77812,3.39881,2.16406,0.14982,0.1234,0.07387,0.02128,2.81288,3.48449,2.17213,0.00931525,0.00931525,0.00931525
85,810.451,2.76179,3.35486,2.16132,0.14301,0.06809,0.04895,0.0141,2.91233,3.5992,2.20643,0.009307,0.009307,0.009307
86,819.214,2.76459,3.37006,2.15063,0.17663,0.09362,0.06573,0.02202,2.80543,3.4711,2.17364,0.00929875,0.00929875,0.00929875
87,827.61,2.72703,3.32683,2.13341,0.2032,0.10851,0.07906,0.02415,2.79763,3.48055,2.15964,0.0092905,0.0092905,0.0092905
88,836.234,2.74692,3.37228,2.15333,0.15451,0.13617,0.07401,0.02601,2.79661,3.43559,2.17228,0.00928225,0.00928225,0.00928225
89,845.514,2.74549,3.34411,2.1444,0.13384,0.09149,0.04311,0.01228,3.04077,3.67849,2.2017,0.009274,0.009274,0.009274
90,854.572,2.7473,3.3518,2.13323,0.15684,0.12553,0.07116,0.02331,2.86877,3.43928,2.21098,0.00926575,0.00926575,0.00926575
91,863.618,2.74103,3.34695,2.15292,0.14856,0.11702,0.07315,0.02383,2.82472,3.40509,2.19598,0.0092575,0.0092575,0.0092575
92,872.647,2.73674,3.32915,2.12592,0.1211,0.10638,0.06008,0.01741,2.82007,3.38528,2.19219,0.00924925,0.00924925,0.00924925
93,881.7,2.7424,3.30704,2.13586,0.24106,0.09149,0.07882,0.0226,2.849,3.43062,2.20592,0.009241,0.009241,0.009241
94,890.57,2.70728,3.29835,2.12906,0.19117,0.09574,0.08391,0.02476,2.84852,3.42721,2.19266,0.00923275,0.00923275,0.00923275
95,899.458,2.71458,3.3285,2.1375,0.17845,0.15106,0.08676,0.02609,2.7961,3.32832,2.15545,0.0092245,0.0092245,0.0092245
96,908.599,2.66556,3.2563,2.11399,0.22134,0.09362,0.07669,0.02387,2.7772,3.46019,2.16293,0.00921625,0.00921625,0.00921625
97,917.609,2.65015,3.26981,2.09545,0.23096,0.13191,0.0963,0.02656,2.77712,3.31552,2.17057,0.009208,0.009208,0.009208
98,926.7,2.66011,3.25243,2.10321,0.20302,0.13191,0.0885,0.03014,2.74176,3.37334,2.14617,0.00919975,0.00919975,0.00919975
99,935.899,2.66959,3.30199,2.11288,0.18878,0.09754,0.06349,0.01984,2.81477,3.48584,2.15427,0.0091915,0.0091915,0.0091915
100,944.944,2.68912,3.28172,2.12061,0.16098,0.1383,0.07902,0.02337,2.76303,3.4401,2.17634,0.00918325,0.00918325,0.00918325
101,953.763,2.66956,3.24692,2.09432,0.24599,0.10851,0.08344,0.02383,2.76815,3.37318,2.18932,0.009175,0.009175,0.009175
102,962.677,2.66963,3.27117,2.1107,0.21826,0.12979,0.08679,0.02556,2.78566,3.28519,2.16199,0.00916675,0.00916675,0.00916675
103,971.608,2.64025,3.21483,2.09054,0.16159,0.14681,0.07552,0.02386,2.70406,3.36087,2.1496,0.0091585,0.0091585,0.0091585
104,980.545,2.6373,3.22615,2.09419,0.18442,0.14255,0.08459,0.02922,2.66588,3.31462,2.13997,0.00915025,0.00915025,0.00915025
105,989.289,2.65793,3.27323,2.12409,0.16518,0.13404,0.07915,0.02554,2.76398,3.3329,2.16368,0.009142,0.009142,0.009142
106,998.223,2.64815,3.23665,2.11113,0.1535,0.13191,0.08438,0.02765,2.73787,3.32472,2.14694,0.00913375,0.00913375,0.00913375
107,1007.3,2.60586,3.21108,2.0794,0.17067,0.12979,0.08655,0.02989,2.75369,3.3491,2.1555,0.0091255,0.0091255,0.0091255
108,1016.25,2.63698,3.25234,2.10733,0.1847,0.13617,0.08167,0.02742,2.72265,3.30695,2.12383,0.00911725,0.00911725,0.00911725
109,1025.07,2.61662,3.23903,2.09541,0.17351,0.13757,0.06996,0.01943,2.7221,3.41682,2.13718,0.009109,0.009109,0.009109
110,1033.98,2.60449,3.23289,2.07806,0.20512,0.15957,0.09784,0.02955,2.73518,3.30549,2.14627,0.00910075,0.00910075,0.00910075
111,1042.83,2.63354,3.22586,2.08269,0.16173,0.15319,0.08825,0.02811,2.73349,3.29122,2.14481,0.0090925,0.0090925,0.0090925
112,1051.75,2.57127,3.22099,2.06049,0.22762,0.12553,0.09665,0.03152,2.71604,3.35204,2.12277,0.00908425,0.00908425,0.00908425
113,1060.87,2.59866,3.18263,2.0734,0.1657,0.15745,0.08292,0.02676,2.67811,3.23353,2.14306,0.009076,0.009076,0.009076
114,1069.83,2.60679,3.18843,2.07889,0.22197,0.15106,0.10202,0.03217,2.67043,3.21737,2.13328,0.00906775,0.00906775,0.00906775
115,1079.11,2.57037,3.18374,2.0592,0.20115,0.13617,0.10135,0.03262,2.74429,3.25915,2.14903,0.0090595,0.0090595,0.0090595
116,1088.33,2.59801,3.1964,2.07245,0.19602,0.15532,0.10377,0.03296,2.67145,3.2603,2.1087,0.00905125,0.00905125,0.00905125
117,1097.6,2.58178,3.17895,2.08435,0.23573,0.15319,0.12553,0.04049,2.69297,3.20165,2.12397,0.009043,0.009043,0.009043
118,1106.91,2.56924,3.15674,2.06102,0.19477,0.14468,0.1009,0.03294,2.69173,3.23024,2.10075,0.00903475,0.00903475,0.00903475
119,1115.99,2.56625,3.13987,2.06068,0.23002,0.17021,0.11518,0.03929,2.61558,3.18108,2.13388,0.0090265,0.0090265,0.0090265
120,1125.1,2.59463,3.15548,2.07497,0.22282,0.14681,0.10362,0.03654,2.65538,3.25389,2.09931,0.00901825,0.00901825,0.00901825
121,1134.15,2.56169,3.14552,2.06336,0.2134,0.15585,0.11674,0.03859,2.69911,3.21088,2.11807,0.00901,0.00901,0.00901
122,1143.25,2.53016,3.11952,2.03026,0.18727,0.17447,0.10991,0.03626,2.63645,3.23565,2.10993,0.00900175,0.00900175,0.00900175
123,1152.14,2.59396,3.12711,2.07766,0.27615,0.10851,0.09687,0.03055,2.73981,3.37408,2.14281,0.0089935,0.0089935,0.0089935
124,1161.12,2.53593,3.13845,2.05726,0.215,0.18511,0.11125,0.03653,2.63859,3.16099,2.11546,0.00898525,0.00898525,0.00898525
125,1170.05,2.57226,3.15709,2.06094,0.16848,0.15106,0.09288,0.02938,2.65518,3.20558,2.10199,0.008977,0.008977,0.008977
126,1178.99,2.55597,3.13106,2.05551,0.19747,0.17021,0.10714,0.03806,2.68577,3.22581,2.12332,0.00896875,0.00896875,0.00896875
127,1187.93,2.53713,3.07024,2.04472,0.24198,0.15745,0.11517,0.04001,2.68244,3.19798,2.10915,0.0089605,0.0089605,0.0089605
128,1196.81,2.53823,3.13468,2.06631,0.22058,0.14468,0.11223,0.03423,2.68641,3.21404,2.14235,0.00895225,0.00895225,0.00895225
129,1205.94,2.54252,3.11419,2.03527,0.2402,0.13654,0.11125,0.03706,2.66974,3.19327,2.12549,0.008944,0.008944,0.008944
130,1215.02,2.54004,3.12191,2.04025,0.22963,0.16809,0.10935,0.03311,2.62735,3.15333,2.11473,0.00893575,0.00893575,0.00893575
131,1223.87,2.49288,3.05089,2.03198,0.20798,0.15532,0.11882,0.03789,2.63193,3.16974,2.12075,0.0089275,0.0089275,0.0089275
132,1232.81,2.51758,3.05176,2.03348,0.25743,0.16383,0.1136,0.03566,2.6778,3.21105,2.12678,0.00891925,0.00891925,0.00891925
133,1241.81,2.52637,3.11762,2.03344,0.20304,0.16809,0.10165,0.03346,2.65245,3.1407,2.09332,0.008911,0.008911,0.008911
134,1250.87,2.51068,3.08313,2.02187,0.20946,0.15957,0.10741,0.03735,2.69078,3.22343,2.13142,0.00890275,0.00890275,0.00890275
135,1259.82,2.47666,3.06452,2.01202,0.24015,0.17234,0.11676,0.03824,2.62474,3.12596,2.09879,0.0088945,0.0088945,0.0088945
136,1268.83,2.50504,3.07385,2.01294,0.23767,0.17234,0.12908,0.03963,2.61168,3.14606,2.10139,0.00888625,0.00888625,0.00888625
137,1277.9,2.47801,3.07104,2.00394,0.22359,0.18298,0.12147,0.04048,2.61657,3.10752,2.0988,0.008878,0.008878,0.008878
138,1287.01,2.48208,3.07953,2.02613,0.21589,0.19362,0.1281,0.04408,2.57323,3.10367,2.09151,0.00886975,0.00886975,0.00886975
139,1296.31,2.47802,3.01164,2.03279,0.19563,0.15319,0.10987,0.04112,2.59975,3.1319,2.06179,0.0088615,0.0088615,0.0088615
140,1305.35,2.47146,3.06027,2.00406,0.23517,0.18085,0.12715,0.04152,2.60197,3.15275,2.07224,0.00885325,0.00885325,0.00885325
141,1314.32,2.4463,3.0007,2.00229,0.21697,0.19574,0.12004,0.04441,2.58628,3.1151,2.11614,0.008845,0.008845,0.008845
142,1323.31,2.48058,2.98492,2.00995,0.21003,0.21915,0.1199,0.04056,2.602,3.10157,2.07674,0.00883675,0.00883675,0.00883675
143,1332.33,2.45136,3.0181,1.98655,0.19375,0.15319,0.11292,0.03925,2.61853,3.11692,2.05016,0.0088285,0.0088285,0.0088285
144,1341.39,2.44312,2.97142,1.98597,0.23295,0.17188,0.1226,0.04699,2.58828,3.08884,2.08042,0.00882025,0.00882025,0.00882025
145,1350.68,2.44779,2.99963,1.99541,0.19951,0.18723,0.11181,0.03951,2.56366,3.09959,2.0723,0.008812,0.008812,0.008812
146,1359.74,2.47892,2.999,2.01291,0.21709,0.20213,0.13183,0.04766,2.5297,3.06197,2.06189,0.00880375,0.00880375,0.00880375
147,1369.02,2.43484,2.97677,1.99408,0.22272,0.21489,0.12757,0.04627,2.56129,3.05882,2.06573,0.0087955,0.0087955,0.0087955
148,1377.91,2.44084,2.9853,2.00221,0.29742,0.16383,0.13945,0.04782,2.59379,3.06106,2.08587,0.00878725,0.00878725,0.00878725
149,1386.99,2.44995,2.98937,1.9868,0.20731,0.1766,0.12482,0.04225,2.5935,3.09534,2.10696,0.008779,0.008779,0.008779
150,1395.92,2.45708,2.96743,2.00156,0.20813,0.1766,0.12066,0.04225,2.56973,3.06076,2.08232,0.00877075,0.00877075,0.00877075
151,1404.75,2.44699,2.95969,2.00856,0.24069,0.14043,0.10781,0.03625,2.66067,3.181,2.11896,0.0087625,0.0087625,0.0087625
152,1413.74,2.43067,2.96628,1.95634,0.26868,0.19574,0.1481,0.04623,2.58954,2.99784,2.07415,0.00875425,0.00875425,0.00875425
153,1422.34,2.38362,2.91684,1.9609,0.24249,0.16596,0.13789,0.04938,2.53566,3.04582,2.06289,0.008746,0.008746,0.008746
154,1431.4,2.38894,2.95743,1.96725,0.22172,0.20426,0.13191,0.04714,2.52664,3.04732,2.05176,0.00873775,0.00873775,0.00873775
155,1440.34,2.39762,2.92811,1.95489,0.26449,0.1766,0.13523,0.04593,2.52922,3.0107,2.0758,0.0087295,0.0087295,0.0087295
156,1449.32,2.41331,2.92642,1.97552,0.24551,0.18511,0.13936,0.04575,2.5365,3.04397,2.04518,0.00872125,0.00872125,0.00872125
157,1458.31,2.41173,2.89979,1.96161,0.23713,0.18298,0.13545,0.04537,2.54585,3.0467,2.05768,0.008713,0.008713,0.008713
158,1467.21,2.41225,2.91439,1.9661,0.24868,0.18936,0.14182,0.05368,2.51696,3.02743,2.05195,0.00870475,0.00870475,0.00870475
159,1476.22,2.39348,2.90197,1.95035,0.24172,0.20638,0.14058,0.05276,2.54656,3.01501,2.06841,0.0086965,0.0086965,0.0086965
160,1485.15,2.42428,2.95632,1.96764,0.24269,0.18085,0.13151,0.04658,2.58044,3.0925,2.09547,0.00868825,0.00868825,0.00868825
161,1493.95,2.36378,2.91123,1.9367,0.22052,0.21277,0.14067,0.05185,2.50415,2.98675,2.05588,0.00868,0.00868,0.00868
162,1502.9,2.3943,2.87262,1.95713,0.23208,0.18511,0.12238,0.04225,2.55275,3.08259,2.07477,0.00867175,0.00867175,0.00867175
163,1511.88,2.39232,2.89112,1.96943,0.22048,0.18723,0.12579,0.0433,2.54986,3.05542,2.04202,0.0086635,0.0086635,0.0086635
164,1520.87,2.34773,2.85032,1.92492,0.2484,0.16809,0.14022,0.05114,2.58016,3.0283,2.09239,0.00865525,0.00865525,0.00865525
165,1529.87,2.39761,2.87936,1.97442,0.20878,0.21702,0.12652,0.04707,2.51293,3.02785,2.04425,0.008647,0.008647,0.008647
166,1538.81,2.37469,2.86709,1.95146,0.24756,0.19574,0.14646,0.05402,2.47802,3.00741,2.04129,0.00863875,0.00863875,0.00863875
167,1547.88,2.39427,2.86406,1.95644,0.22654,0.18936,0.13707,0.04655,2.50524,2.94773,2.06752,0.0086305,0.0086305,0.0086305
168,1556.76,2.33314,2.83141,1.9294,0.28144,0.19501,0.14954,0.05329,2.56628,2.92619,2.04988,0.00862225,0.00862225,0.00862225
169,1565.64,2.3713,2.84286,1.94328,0.2953,0.21915,0.17359,0.06464,2.54018,2.9146,2.05335,0.008614,0.008614,0.008614
170,1574.66,2.35716,2.83539,1.95107,0.25254,0.2,0.14748,0.0523,2.52414,2.98763,2.05509,0.00860575,0.00860575,0.00860575
171,1583.53,2.34598,2.8094,1.94481,0.24441,0.21064,0.14396,0.04972,2.49024,2.98726,2.06088,0.0085975,0.0085975,0.0085975
172,1592.44,2.33575,2.85625,1.93039,0.25355,0.21064,0.1619,0.05772,2.53331,2.9034,2.02782,0.00858925,0.00858925,0.00858925
173,1601.23,2.33876,2.84132,1.92541,0.25139,0.18936,0.15616,0.06043,2.48548,2.94604,2.02978,0.008581,0.008581,0.008581
174,1609.95,2.32923,2.78916,1.9229,0.25983,0.2383,0.16716,0.0608,2.50473,2.86633,2.03749,0.00857275,0.00857275,0.00857275
175,1618.87,2.3051,2.77534,1.9228,0.27472,0.23371,0.17254,0.06505,2.44494,2.90802,2.01271,0.0085645,0.0085645,0.0085645
176,1627.89,2.32178,2.78106,1.91491,0.30555,0.21915,0.17291,0.06443,2.513,2.95629,2.04523,0.00855625,0.00855625,0.00855625
177,1636.79,2.32559,2.78426,1.92108,0.27302,0.19787,0.15809,0.05397,2.5312,2.96973,2.08525,0.008548,0.008548,0.008548
178,1645.74,2.29211,2.7565,1.89443,0.29888,0.22128,0.16563,0.0616,2.50304,2.85716,2.05297,0.00853975,0.00853975,0.00853975
179,1654.63,2.27521,2.73739,1.89149,0.30692,0.23191,0.17067,0.06229,2.48473,2.85268,2.03067,0.0085315,0.0085315,0.0085315
180,1663.6,2.2898,2.7236,1.88141,0.32368,0.2234,0.18711,0.06769,2.47444,2.84727,2.02181,0.00852325,0.00852325,0.00852325
181,1672.67,2.28571,2.74005,1.90069,0.3136,0.22128,0.17263,0.06506,2.46086,2.8292,2.0272,0.008515,0.008515,0.008515
182,1681.5,2.27295,2.74732,1.88041,0.30597,0.23191,0.19724,0.07448,2.44206,2.82454,2.03121,0.00850675,0.00850675,0.00850675
183,1690.65,2.2641,2.65462,1.89312,0.2522,0.21702,0.14471,0.0531,2.49111,2.98253,2.06053,0.0084985,0.0084985,0.0084985
184,1699.65,2.27088,2.70084,1.87814,0.3095,0.21915,0.18499,0.06852,2.45222,2.85652,2.02182,0.00849025,0.00849025,0.00849025
185,1708.54,2.26406,2.69221,1.8775,0.31977,0.21277,0.18003,0.07157,2.48033,2.86312,2.0406,0.008482,0.008482,0.008482
186,1717.39,2.2741,2.70138,1.8884,0.27525,0.25106,0.16942,0.07012,2.44287,2.8403,2.01742,0.00847375,0.00847375,0.00847375
187,1726.22,2.28325,2.71241,1.88633,0.27979,0.21702,0.19762,0.08057,2.43307,2.81155,2.00514,0.0084655,0.0084655,0.0084655
188,1735.3,2.23672,2.66197,1.86167,0.29367,0.21489,0.17938,0.06475,2.50134,2.85079,2.05076,0.00845725,0.00845725,0.00845725
189,1743.9,2.25696,2.66727,1.87787,0.36115,0.21064,0.21128,0.0788,2.42673,2.80596,2.00205,0.008449,0.008449,0.008449
190,1752.85,2.26676,2.69308,1.86986,0.33702,0.24255,0.20159,0.08259,2.42059,2.8155,1.99652,0.00844075,0.00844075,0.00844075
191,1762,2.24518,2.65994,1.87262,0.3066,0.24468,0.18623,0.07613,2.40854,2.78785,1.98967,0.0084325,0.0084325,0.0084325
192,1771.11,2.24519,2.64732,1.84664,0.35776,0.21064,0.19555,0.07357,2.42489,2.78754,1.99476,0.00842425,0.00842425,0.00842425
193,1779.99,2.2341,2.64665,1.86907,0.38699,0.2234,0.22104,0.08589,2.4075,2.79039,1.97991,0.008416,0.008416,0.008416
194,1789.06,2.24032,2.6059,1.84941,0.3337,0.25745,0.21632,0.08571,2.36522,2.7314,1.99319,0.00840775,0.00840775,0.00840775
195,1797.87,2.29038,2.68075,1.88706,0.30087,0.2617,0.206,0.08289,2.40288,2.74516,2.0019,0.0083995,0.0083995,0.0083995
196,1806.65,2.24588,2.61562,1.8566,0.33212,0.24043,0.21173,0.07761,2.41651,2.79776,1.99426,0.00839125,0.00839125,0.00839125
197,1815.55,2.24171,2.61228,1.8579,0.32922,0.26809,0.22504,0.0827,2.39369,2.7283,1.97577,0.008383,0.008383,0.008383
198,1824.45,2.24326,2.61876,1.83138,0.31563,0.2617,0.20985,0.08133,2.40052,2.71005,1.98298,0.00837475,0.00837475,0.00837475
199,1832.96,2.2461,2.62807,1.85412,0.33928,0.25319,0.21859,0.09159,2.39817,2.71989,1.94976,0.0083665,0.0083665,0.0083665
200,1842.11,2.2035,2.57393,1.84792,0.30063,0.24043,0.19859,0.08363,2.38354,2.817,1.99488,0.00835825,0.00835825,0.00835825
201,1851.14,2.22243,2.57477,1.84239,0.302,0.25408,0.20715,0.0827,2.37622,2.70818,1.96891,0.00835,0.00835,0.00835
202,1860.06,2.20295,2.54413,1.83874,0.36187,0.26596,0.2476,0.10204,2.35563,2.6433,1.96561,0.00834175,0.00834175,0.00834175
203,1869.09,2.2033,2.56885,1.82775,0.37572,0.24043,0.22939,0.09334,2.38237,2.68783,1.9805,0.0083335,0.0083335,0.0083335
204,1877.9,2.17365,2.544,1.82544,0.35852,0.24681,0.22612,0.08836,2.39521,2.72845,1.98443,0.00832525,0.00832525,0.00832525
205,1886.83,2.17559,2.52269,1.82295,0.34383,0.24255,0.215,0.08406,2.41007,2.78665,2.00705,0.008317,0.008317,0.008317
206,1895.71,2.1767,2.5167,1.81197,0.37574,0.2766,0.24861,0.10256,2.35469,2.63059,1.9641,0.00830875,0.00830875,0.00830875
207,1904.86,2.15752,2.54094,1.80412,0.34656,0.2617,0.22843,0.09441,2.33498,2.65909,1.95146,0.0083005,0.0083005,0.0083005
208,1913.75,2.13497,2.48374,1.79946,0.36641,0.26331,0.24777,0.09721,2.35682,2.70331,1.96942,0.00829225,0.00829225,0.00829225
209,1922.68,2.11942,2.45247,1.8053,0.41548,0.26596,0.24534,0.09703,2.38577,2.66287,1.99061,0.008284,0.008284,0.008284
210,1931.64,2.16711,2.48659,1.81092,0.35345,0.28614,0.24592,0.11069,2.3347,2.62783,1.9457,0.00827575,0.00827575,0.00827575
211,1940.83,2.15396,2.47015,1.80295,0.36659,0.28511,0.25875,0.11214,2.30278,2.59015,1.93142,0.0082675,0.0082675,0.0082675
212,1949.84,2.13711,2.49518,1.80901,0.37599,0.28298,0.26858,0.11092,2.29488,2.60833,1.92758,0.00825925,0.00825925,0.00825925
213,1958.66,2.1397,2.472,1.78294,0.34448,0.28298,0.24491,0.09972,2.35107,2.6291,1.94443,0.008251,0.008251,0.008251
214,1967.54,2.1324,2.40476,1.76786,0.39191,0.29787,0.27366,0.11034,2.30364,2.60006,1.9116,0.00824275,0.00824275,0.00824275
215,1976.47,2.10416,2.41792,1.76726,0.4033,0.27447,0.28098,0.1187,2.30523,2.59849,1.94324,0.0082345,0.0082345,0.0082345
216,1985.49,2.13142,2.42723,1.78087,0.44154,0.26747,0.26459,0.10797,2.3266,2.54859,1.9405,0.00822625,0.00822625,0.00822625
217,1994.19,2.06683,2.39659,1.76724,0.40331,0.2617,0.26516,0.11387,2.32477,2.57181,1.93857,0.008218,0.008218,0.008218
218,2002.88,2.13687,2.4441,1.77956,0.36105,0.28723,0.26974,0.11703,2.31823,2.53689,1.91458,0.00820975,0.00820975,0.00820975
219,2011.81,2.09661,2.40485,1.76562,0.42429,0.29362,0.27713,0.11969,2.26895,2.55077,1.91516,0.0082015,0.0082015,0.0082015
220,2020.87,2.12909,2.4673,1.78664,0.3878,0.28511,0.2715,0.11703,2.26283,2.50663,1.89215,0.00819325,0.00819325,0.00819325
221,2029.7,2.09148,2.3751,1.76933,0.42067,0.29149,0.284,0.12492,2.31641,2.53605,1.91194,0.008185,0.008185,0.008185
222,2038.7,2.09827,2.40733,1.76538,0.37457,0.24894,0.26187,0.12168,2.27093,2.57197,1.92604,0.00817675,0.00817675,0.00817675
223,2047.42,2.10329,2.36118,1.75347,0.4046,0.29787,0.28479,0.12947,2.26142,2.44754,1.89535,0.0081685,0.0081685,0.0081685
224,2056.47,2.1032,2.35837,1.75983,0.34388,0.31702,0.29,0.12816,2.2594,2.47159,1.88387,0.00816025,0.00816025,0.00816025
225,2065.18,2.08123,2.34708,1.74732,0.38346,0.31489,0.28831,0.12525,2.23851,2.49259,1.87901,0.008152,0.008152,0.008152
226,2074.14,2.10312,2.38434,1.75839,0.38485,0.30749,0.28618,0.12945,2.24216,2.49366,1.88781,0.00814375,0.00814375,0.00814375
227,2083.26,2.05261,2.28899,1.73336,0.38474,0.31489,0.28992,0.12734,2.26513,2.52679,1.91348,0.0081355,0.0081355,0.0081355
228,2092.22,2.03572,2.29226,1.72389,0.38382,0.29787,0.27454,0.11607,2.30338,2.5359,1.9231,0.00812725,0.00812725,0.00812725
229,2101.12,2.06557,2.35862,1.72975,0.3905,0.28511,0.28551,0.12744,2.26818,2.47675,1.88794,0.008119,0.008119,0.008119
230,2109.92,2.0528,2.29619,1.71898,0.50365,0.24255,0.2807,0.12284,2.25958,2.49836,1.8797,0.00811075,0.00811075,0.00811075
231,2118.78,2.06066,2.31301,1.72466,0.42204,0.30851,0.28579,0.12671,2.24901,2.51339,1.8951,0.0081025,0.0081025,0.0081025
232,2127.76,2.03588,2.27937,1.71863,0.42839,0.32553,0.31379,0.14203,2.2277,2.44132,1.87425,0.00809425,0.00809425,0.00809425
233,2136.92,2.06121,2.32741,1.72571,0.4284,0.31064,0.30626,0.1357,2.21746,2.44254,1.85596,0.008086,0.008086,0.008086
234,2145.84,2.01682,2.26604,1.72314,0.44254,0.31702,0.32204,0.14608,2.208,2.40601,1.83933,0.00807775,0.00807775,0.00807775
235,2154.9,2.0172,2.25209,1.71892,0.48775,0.31277,0.33003,0.14736,2.21424,2.42157,1.86026,0.0080695,0.0080695,0.0080695
236,2164.04,2.02268,2.23746,1.7003,0.43726,0.33404,0.33844,0.15445,2.21735,2.38211,1.86227,0.00806125,0.00806125,0.00806125
237,2173.02,2.05458,2.31273,1.72091,0.44438,0.30638,0.32786,0.15341,2.19176,2.34736,1.84394,0.008053,0.008053,0.008053
238,2181.98,2.00128,2.21139,1.67781,0.43784,0.30638,0.30962,0.14833,2.16562,2.38241,1.84227,0.00804475,0.00804475,0.00804475
239,2190.92,1.97031,2.23922,1.68949,0.39154,0.3383,0.31288,0.1442,2.19769,2.37804,1.85472,0.0080365,0.0080365,0.0080365
240,2199.76,1.99666,2.25127,1.68897,0.41797,0.34468,0.31605,0.1469,2.19585,2.42357,1.85554,0.00802825,0.00802825,0.00802825
241,2208.66,2.00285,2.23719,1.6955,0.46029,0.32128,0.33672,0.15398,2.20213,2.37811,1.8358,0.00802,0.00802,0.00802
242,2217.51,1.97701,2.21214,1.69144,0.47614,0.34255,0.34355,0.16511,2.18293,2.33952,1.84547,0.00801175,0.00801175,0.00801175
243,2226.53,2.02395,2.21153,1.71478,0.45509,0.32979,0.32802,0.15753,2.20635,2.38769,1.86046,0.0080035,0.0080035,0.0080035
244,2235.35,1.97386,2.16905,1.67868,0.41516,0.37021,0.3481,0.16149,2.16581,2.29059,1.81461,0.00799525,0.00799525,0.00799525
245,2244.22,2.02261,2.24208,1.70571,0.56396,0.28619,0.34414,0.17019,2.10679,2.33212,1.79552,0.007987,0.007987,0.007987
246,2253.29,1.97958,2.18136,1.67794,0.47694,0.35745,0.37019,0.18453,2.1103,2.23542,1.7826,0.00797875,0.00797875,0.00797875
247,2262.39,1.96807,2.14259,1.67676,0.48843,0.36383,0.38036,0.19061,2.10218,2.24336,1.78577,0.0079705,0.0079705,0.0079705
248,2271.45,1.957,2.17148,1.68458,0.47973,0.34921,0.3725,0.18272,2.11307,2.24387,1.77674,0.00796225,0.00796225,0.00796225
249,2280.28,1.95904,2.13049,1.66428,0.53719,0.34255,0.37926,0.17844,2.13089,2.28519,1.80347,0.007954,0.007954,0.007954
250,2289.12,1.96936,2.12386,1.67195,0.54846,0.34889,0.38957,0.19019,2.09019,2.25186,1.78608,0.00794575,0.00794575,0.00794575
251,2298.26,1.94304,2.1228,1.65843,0.51406,0.34212,0.37029,0.18382,2.11048,2.23249,1.80004,0.0079375,0.0079375,0.0079375
252,2307.17,1.94937,2.13415,1.67378,0.47481,0.37447,0.35933,0.17285,2.15974,2.35017,1.80828,0.00792925,0.00792925,0.00792925
253,2316.07,1.94714,2.12363,1.66994,0.52294,0.37872,0.40053,0.20163,2.0941,2.23441,1.77375,0.007921,0.007921,0.007921
254,2325.26,1.97869,2.16221,1.68358,0.49247,0.35957,0.38606,0.18851,2.12775,2.27589,1.78262,0.00791275,0.00791275,0.00791275
255,2334.19,1.94806,2.10479,1.66027,0.59807,0.32927,0.40134,0.19387,2.12527,2.21852,1.78426,0.0079045,0.0079045,0.0079045
256,2343.05,1.91663,2.07028,1.6492,0.52977,0.35957,0.39279,0.19071,2.11329,2.24537,1.78769,0.00789625,0.00789625,0.00789625
257,2351.82,1.93998,2.13264,1.65312,0.49269,0.38085,0.37956,0.18821,2.08049,2.24599,1.76396,0.007888,0.007888,0.007888
258,2360.51,1.92188,2.08904,1.64041,0.55771,0.36383,0.39166,0.19805,2.10355,2.26679,1.78757,0.00787975,0.00787975,0.00787975
259,2369.38,1.90554,2.07372,1.6568,0.5301,0.37447,0.40483,0.19747,2.12034,2.18032,1.79497,0.0078715,0.0078715,0.0078715
260,2378.22,1.91204,2.04962,1.62912,0.48203,0.36383,0.37861,0.18401,2.11412,2.26384,1.79602,0.00786325,0.00786325,0.00786325
261,2387.13,1.88443,2.01005,1.60715,0.46766,0.43178,0.41795,0.21258,2.02431,2.14862,1.73695,0.007855,0.007855,0.007855
262,2396.22,1.91786,2.06099,1.62578,0.60754,0.35745,0.41589,0.20116,2.10236,2.17414,1.77926,0.00784675,0.00784675,0.00784675
263,2405.14,1.89938,2.06353,1.62867,0.53501,0.38298,0.42003,0.20491,2.08225,2.11976,1.77406,0.0078385,0.0078385,0.0078385
264,2414.05,1.87753,1.98265,1.61193,0.52789,0.3766,0.41251,0.20975,2.01918,2.07127,1.75632,0.00783025,0.00783025,0.00783025
265,2422.98,1.91497,2.0718,1.6403,0.58171,0.37021,0.40964,0.20515,2.06381,2.15222,1.76187,0.007822,0.007822,0.007822
266,2431.78,1.87944,1.97594,1.61749,0.67265,0.35106,0.42361,0.2192,2.02498,2.20628,1.74788,0.00781375,0.00781375,0.00781375
267,2440.91,1.88599,2.00831,1.62607,0.528,0.3766,0.40447,0.20199,2.07124,2.18703,1.76925,0.0078055,0.0078055,0.0078055
268,2449.8,1.88961,2.04947,1.6191,0.52656,0.37234,0.41871,0.2117,1.98244,2.10607,1.7401,0.00779725,0.00779725,0.00779725
269,2458.6,1.88454,2.01522,1.62083,0.51016,0.41064,0.43957,0.22313,1.99589,2.07425,1.7372,0.007789,0.007789,0.007789
270,2467.6,1.84749,1.9616,1.60135,0.52241,0.40213,0.43268,0.22799,1.98287,2.1016,1.71701,0.00778075,0.00778075,0.00778075
271,2476.58,1.86208,1.96904,1.60701,0.63436,0.35319,0.4213,0.21093,2.03407,2.12141,1.76622,0.0077725,0.0077725,0.0077725
272,2485.45,1.86035,1.97106,1.61043,0.56342,0.39787,0.43578,0.22394,2.02607,2.12446,1.75501,0.00776425,0.00776425,0.00776425
273,2494.32,1.87537,1.97767,1.61514,0.62379,0.39511,0.45527,0.22469,2.00761,2.06267,1.73827,0.007756,0.007756,0.007756
274,2503.28,1.83339,1.91692,1.57766,0.56639,0.39787,0.4406,0.22816,1.98002,2.08139,1.74297,0.00774775,0.00774775,0.00774775
275,2512.24,1.86444,1.96743,1.60625,0.61819,0.4,0.45993,0.23917,1.98047,2.04134,1.71907,0.0077395,0.0077395,0.0077395
276,2521.18,1.88073,1.92992,1.59157,0.58786,0.4,0.44114,0.22393,2.06417,2.11442,1.7706,0.00773125,0.00773125,0.00773125
277,2530.02,1.83331,1.91508,1.57718,0.60092,0.42766,0.45635,0.23501,1.9809,2.05958,1.71306,0.007723,0.007723,0.007723
278,2538.91,1.83445,1.96658,1.5868,0.74437,0.38412,0.48773,0.25481,1.98418,2.00278,1.73016,0.00771475,0.00771475,0.00771475
279,2547.99,1.83025,1.94247,1.58793,0.64117,0.422,0.48029,0.25491,1.9752,2.01808,1.74754,0.0077065,0.0077065,0.0077065
280,2556.94,1.81764,1.92004,1.56796,0.63063,0.44681,0.49265,0.26033,1.94303,2.00446,1.6824,0.00769825,0.00769825,0.00769825
281,2565.87,1.8147,1.8877,1.56522,0.62645,0.40213,0.46301,0.23825,1.99568,2.09006,1.71831,0.00769,0.00769,0.00769
282,2574.74,1.84692,1.94286,1.6033,0.56081,0.44043,0.46608,0.25515,1.93423,1.99595,1.70645,0.00768175,0.00768175,0.00768175
283,2583.67,1.81041,1.89516,1.5626,0.61098,0.41277,0.47331,0.25679,1.95763,1.96985,1.71322,0.0076735,0.0076735,0.0076735
284,2592.46,1.80656,1.87766,1.55331,0.57043,0.45319,0.48915,0.25977,1.97867,1.96278,1.71395,0.00766525,0.00766525,0.00766525
285,2601.21,1.8254,1.89592,1.57056,0.60529,0.42128,0.48425,0.25391,1.97395,1.99024,1.70608,0.007657,0.007657,0.007657
286,2610.06,1.79728,1.90043,1.56563,0.58137,0.46981,0.51415,0.27811,1.93448,1.94169,1.70449,0.00764875,0.00764875,0.00764875
287,2619.09,1.7896,1.87674,1.54944,0.66612,0.42874,0.50565,0.26499,1.97809,1.9344,1.72925,0.0076405,0.0076405,0.0076405
288,2627.75,1.82371,1.90504,1.57385,0.58793,0.46809,0.50113,0.26911,1.96102,1.94745,1.69726,0.00763225,0.00763225,0.00763225
289,2636.61,1.80109,1.86282,1.55757,0.62217,0.42744,0.50561,0.26734,1.93952,1.92418,1.67549,0.007624,0.007624,0.007624
290,2645.55,1.817,1.87609,1.56781,0.56312,0.45319,0.48985,0.26254,1.95671,1.95248,1.6992,0.00761575,0.00761575,0.00761575
291,2654.32,1.82327,1.89832,1.56511,0.55076,0.44255,0.47837,0.25981,1.95666,1.9254,1.70433,0.0076075,0.0076075,0.0076075
292,2662.98,1.74956,1.81972,1.52705,0.68114,0.41489,0.50949,0.2793,1.92853,1.91141,1.68094,0.00759925,0.00759925,0.00759925
293,2671.98,1.79633,1.85762,1.54996,0.64977,0.44606,0.50696,0.28332,1.90714,1.90733,1.66637,0.007591,0.007591,0.007591
294,2681.01,1.75954,1.81103,1.52096,0.67433,0.46809,0.53673,0.29104,1.89991,1.8757,1.68519,0.00758275,0.00758275,0.00758275
295,2690.2,1.74303,1.78552,1.51936,0.63732,0.46383,0.51656,0.2783,1.92963,1.85944,1.68358,0.0075745,0.0075745,0.0075745
296,2699.02,1.79303,1.85478,1.54494,0.59189,0.44681,0.47384,0.25548,1.95073,2.00969,1.68843,0.00756625,0.00756625,0.00756625
297,2707.94,1.79226,1.85614,1.55321,0.76565,0.39362,0.50658,0.28163,1.88878,1.89153,1.68454,0.007558,0.007558,0.007558
298,2716.77,1.73971,1.79885,1.51238,0.63437,0.46383,0.53009,0.28146,1.93571,1.8397,1.68325,0.00754975,0.00754975,0.00754975
299,2725.79,1.76635,1.83668,1.52971,0.58708,0.42979,0.5084,0.27376,1.94416,1.9074,1.68908,0.0075415,0.0075415,0.0075415
300,2734.69,1.75336,1.79822,1.54009,0.71835,0.42871,0.54091,0.29275,1.91086,1.82496,1.66112,0.00753325,0.00753325,0.00753325
301,2743.76,1.7597,1.81503,1.53953,0.66445,0.47188,0.5372,0.28605,1.94722,1.88603,1.69076,0.007525,0.007525,0.007525
302,2752.58,1.73878,1.78177,1.52517,0.70614,0.46596,0.5533,0.30383,1.85725,1.80657,1.65327,0.00751675,0.00751675,0.00751675
303,2761.6,1.7438,1.78656,1.52355,0.73127,0.4617,0.55959,0.30126,1.87226,1.80427,1.63708,0.0075085,0.0075085,0.0075085
304,2770.56,1.74866,1.7856,1.51775,0.65114,0.51064,0.56426,0.30714,1.88285,1.7799,1.62191,0.00750025,0.00750025,0.00750025
305,2779.66,1.7416,1.75812,1.50893,0.67309,0.44894,0.53009,0.28807,1.91031,1.89688,1.64594,0.007492,0.007492,0.007492
306,2788.6,1.71774,1.72636,1.49652,0.72652,0.47021,0.56621,0.31146,1.87943,1.77625,1.6326,0.00748375,0.00748375,0.00748375
307,2797.68,1.76129,1.76003,1.52689,0.70475,0.50213,0.56921,0.30365,1.91205,1.79876,1.64879,0.0074755,0.0074755,0.0074755
308,2806.6,1.70893,1.71447,1.4945,0.71278,0.4766,0.55522,0.3035,1.85266,1.80621,1.62629,0.00746725,0.00746725,0.00746725
309,2815.47,1.7416,1.76941,1.52175,0.65368,0.47789,0.56001,0.30832,1.85754,1.78407,1.62539,0.007459,0.007459,0.007459
310,2824.34,1.71521,1.76685,1.50828,0.65114,0.51626,0.57768,0.31833,1.85569,1.7774,1.6208,0.00745075,0.00745075,0.00745075
311,2833.3,1.73662,1.72541,1.49245,0.73597,0.45319,0.55054,0.31223,1.87206,1.80783,1.64241,0.0074425,0.0074425,0.0074425
312,2842.13,1.7153,1.72975,1.51189,0.71746,0.48085,0.58269,0.32209,1.85363,1.77552,1.61493,0.00743425,0.00743425,0.00743425
313,2851.3,1.72164,1.72791,1.49797,0.6732,0.49787,0.57465,0.32808,1.81859,1.74361,1.60315,0.007426,0.007426,0.007426
314,2860.37,1.6891,1.71991,1.4953,0.66702,0.51572,0.5824,0.33722,1.79964,1.71863,1.5919,0.00741775,0.00741775,0.00741775
315,2869.42,1.70772,1.71882,1.49026,0.60737,0.49042,0.55555,0.32064,1.84278,1.79579,1.60228,0.0074095,0.0074095,0.0074095
316,2878.19,1.70388,1.71825,1.49576,0.62904,0.52128,0.58294,0.33997,1.79762,1.70763,1.58448,0.00740125,0.00740125,0.00740125
317,2887.21,1.69616,1.7031,1.4907,0.70444,0.50638,0.57539,0.33003,1.81988,1.79645,1.60429,0.007393,0.007393,0.007393
318,2896.09,1.70946,1.71339,1.49743,0.71079,0.4766,0.57953,0.33013,1.80708,1.75051,1.58717,0.00738475,0.00738475,0.00738475
319,2904.84,1.69589,1.70902,1.48286,0.64128,0.52766,0.5804,0.33442,1.78748,1.73227,1.58088,0.0073765,0.0073765,0.0073765
320,2913.35,1.72407,1.72077,1.5052,0.65624,0.50772,0.57644,0.33344,1.78038,1.75447,1.58056,0.00736825,0.00736825,0.00736825
321,2922.02,1.6696,1.63766,1.47692,0.71297,0.5285,0.59687,0.33958,1.79201,1.72356,1.58966,0.00736,0.00736,0.00736
322,2931.2,1.69283,1.66602,1.47899,0.72729,0.51702,0.58981,0.34145,1.76342,1.76368,1.58186,0.00735175,0.00735175,0.00735175
323,2940.28,1.67797,1.63523,1.48717,0.75355,0.51393,0.60738,0.35029,1.77933,1.72204,1.59537,0.0073435,0.0073435,0.0073435
324,2949.38,1.67544,1.66621,1.47683,0.72129,0.51064,0.60915,0.35227,1.78204,1.67822,1.5901,0.00733525,0.00733525,0.00733525
325,2958.53,1.67344,1.66238,1.48182,0.74595,0.48105,0.60351,0.33896,1.79561,1.68536,1.60051,0.007327,0.007327,0.007327
326,2967.43,1.65794,1.64904,1.47327,0.75521,0.51277,0.62048,0.35833,1.75318,1.65692,1.57693,0.00731875,0.00731875,0.00731875
327,2976.42,1.66949,1.64882,1.46928,0.74725,0.51702,0.61327,0.35239,1.7836,1.66671,1.59411,0.0073105,0.0073105,0.0073105
328,2985.23,1.66897,1.64697,1.46769,0.69175,0.54468,0.62258,0.35434,1.79672,1.66334,1.59691,0.00730225,0.00730225,0.00730225
329,2994.06,1.66372,1.65819,1.46679,0.75345,0.51702,0.61976,0.35265,1.77557,1.64254,1.59802,0.007294,0.007294,0.007294
330,3002.92,1.66873,1.64805,1.48327,0.74555,0.52766,0.61883,0.35128,1.77157,1.63402,1.59359,0.00728575,0.00728575,0.00728575
331,3011.84,1.7187,1.67165,1.48887,0.70647,0.55957,0.62983,0.3675,1.72968,1.63329,1.56728,0.0072775,0.0072775,0.0072775
332,3020.74,1.66378,1.63066,1.46441,0.75113,0.54894,0.63111,0.37869,1.70772,1.62316,1.5569,0.00726925,0.00726925,0.00726925
333,3029.86,1.67694,1.63606,1.46333,0.67974,0.56383,0.61993,0.37284,1.71131,1.62362,1.54703,0.007261,0.007261,0.007261
334,3038.84,1.66592,1.61288,1.4633,0.70668,0.56387,0.63283,0.37278,1.73033,1.61037,1.54836,0.00725275,0.00725275,0.00725275
335,3047.71,1.69214,1.6529,1.4794,0.71481,0.55996,0.63009,0.36936,1.74313,1.65831,1.55933,0.0072445,0.0072445,0.0072445
336,3056.55,1.66963,1.63624,1.46319,0.70644,0.53404,0.59804,0.34386,1.81952,1.75039,1.60202,0.00723625,0.00723625,0.00723625
337,3065.48,1.6684,1.6407,1.46511,0.74605,0.55957,0.63909,0.37042,1.75629,1.62045,1.55873,0.007228,0.007228,0.007228
338,3074.23,1.64486,1.58433,1.44538,0.78671,0.5258,0.63741,0.3607,1.7695,1.62192,1.56908,0.00721975,0.00721975,0.00721975
339,3083.11,1.62629,1.59148,1.43452,0.80693,0.51702,0.6317,0.36133,1.75423,1.62224,1.56378,0.0072115,0.0072115,0.0072115
340,3092,1.62968,1.59466,1.4422,0.78654,0.5331,0.64013,0.37343,1.71417,1.59927,1.53616,0.00720325,0.00720325,0.00720325
341,3100.9,1.64539,1.62775,1.44349,0.80515,0.52979,0.63177,0.36803,1.7269,1.60514,1.54785,0.007195,0.007195,0.007195
342,3109.77,1.64913,1.61682,1.45552,0.7499,0.55745,0.63536,0.37782,1.7216,1.64357,1.54505,0.00718675,0.00718675,0.00718675
343,3118.63,1.64597,1.63524,1.45511,0.75189,0.5617,0.64614,0.38806,1.6894,1.60462,1.54066,0.0071785,0.0071785,0.0071785
344,3127.73,1.62515,1.56917,1.44263,0.8046,0.53191,0.6474,0.39041,1.72633,1.61184,1.55489,0.00717025,0.00717025,0.00717025
345,3136.7,1.6251,1.55784,1.44637,0.77341,0.57021,0.66008,0.39316,1.70524,1.57009,1.54357,0.007162,0.007162,0.007162
346,3145.69,1.60672,1.55832,1.4396,0.79106,0.54468,0.65846,0.39148,1.68265,1.5782,1.5239,0.00715375,0.00715375,0.00715375
347,3154.49,1.59542,1.56287,1.4254,0.77681,0.548,0.64965,0.39138,1.70156,1.56671,1.52841,0.0071455,0.0071455,0.0071455
348,3163.39,1.62432,1.59919,1.44394,0.78799,0.55357,0.65782,0.39366,1.69491,1.54183,1.5367,0.00713725,0.00713725,0.00713725
349,3172.22,1.61157,1.53083,1.426,0.78552,0.58298,0.67657,0.4039,1.67288,1.52606,1.53013,0.007129,0.007129,0.007129
350,3181.3,1.60978,1.54876,1.42581,0.80227,0.53191,0.662,0.39534,1.69016,1.58481,1.52786,0.00712075,0.00712075,0.00712075
351,3190.16,1.64281,1.56661,1.4429,0.78896,0.54883,0.65141,0.38523,1.70568,1.57636,1.52456,0.0071125,0.0071125,0.0071125
352,3199.09,1.6063,1.55863,1.42037,0.76777,0.55957,0.65164,0.38055,1.7005,1.56913,1.52988,0.00710425,0.00710425,0.00710425
353,3207.89,1.59154,1.55598,1.43169,0.74551,0.57342,0.65853,0.39031,1.67904,1.54671,1.51399,0.007096,0.007096,0.007096
354,3216.63,1.58139,1.5259,1.42288,0.77974,0.54681,0.65826,0.39688,1.68632,1.55099,1.51955,0.00708775,0.00708775,0.00708775
355,3225.48,1.58657,1.49321,1.40935,0.78435,0.54894,0.6624,0.3939,1.68068,1.51329,1.52697,0.0070795,0.0070795,0.0070795
356,3234.26,1.59954,1.53641,1.42351,0.74974,0.5418,0.65085,0.38119,1.68926,1.54154,1.52937,0.00707125,0.00707125,0.00707125
357,3243.14,1.587,1.52917,1.40737,0.76688,0.51702,0.63353,0.37261,1.70415,1.57531,1.54088,0.007063,0.007063,0.007063
358,3251.93,1.58381,1.5083,1.41324,0.75039,0.57234,0.66064,0.39913,1.66916,1.52988,1.51397,0.00705475,0.00705475,0.00705475
359,3260.79,1.60685,1.55717,1.43053,0.77115,0.56383,0.66412,0.40418,1.68161,1.56349,1.50601,0.0070465,0.0070465,0.0070465
360,3269.67,1.57871,1.51446,1.41563,0.70737,0.6,0.66275,0.39813,1.68364,1.54562,1.52838,0.00703825,0.00703825,0.00703825
361,3278.58,1.56925,1.49614,1.4066,0.78305,0.55957,0.6614,0.39949,1.6838,1.53894,1.52669,0.00703,0.00703,0.00703
362,3287.46,1.5492,1.49579,1.40731,0.79747,0.5697,0.66335,0.39699,1.68155,1.51969,1.52445,0.00702175,0.00702175,0.00702175
363,3296.34,1.57743,1.51955,1.40266,0.74899,0.57447,0.66731,0.40084,1.6856,1.52456,1.52576,0.0070135,0.0070135,0.0070135
364,3305.27,1.58471,1.51074,1.41309,0.74956,0.57872,0.67183,0.40897,1.67222,1.52769,1.52732,0.00700525,0.00700525,0.00700525
365,3314.23,1.599,1.53323,1.40131,0.77477,0.5766,0.67097,0.40722,1.6593,1.51731,1.5131,0.006997,0.006997,0.006997
366,3322.98,1.56682,1.51639,1.40776,0.75061,0.58936,0.67359,0.41042,1.6459,1.53269,1.49287,0.00698875,0.00698875,0.00698875
367,3331.9,1.56857,1.48931,1.41077,0.85013,0.55517,0.67559,0.41121,1.64488,1.49747,1.49202,0.0069805,0.0069805,0.0069805
368,3340.78,1.54855,1.47008,1.40562,0.85474,0.53617,0.67535,0.4125,1.64434,1.4914,1.49184,0.00697225,0.00697225,0.00697225
369,3349.68,1.5386,1.46269,1.38626,0.82243,0.55957,0.67623,0.40528,1.66154,1.49692,1.49995,0.006964,0.006964,0.006964
370,3358.55,1.5583,1.46578,1.3977,0.78783,0.57673,0.67632,0.40778,1.64723,1.46083,1.50179,0.00695575,0.00695575,0.00695575
371,3367.44,1.55286,1.49268,1.38779,0.80608,0.57021,0.67887,0.41738,1.63675,1.45869,1.50279,0.0069475,0.0069475,0.0069475
372,3376.67,1.56217,1.47401,1.39136,0.80336,0.56809,0.67191,0.40603,1.6438,1.49357,1.50474,0.00693925,0.00693925,0.00693925
373,3385.55,1.55199,1.45684,1.40248,0.8097,0.58085,0.67543,0.41158,1.6321,1.49762,1.49288,0.006931,0.006931,0.006931
374,3394.37,1.54709,1.45942,1.39128,0.80502,0.57234,0.6774,0.41941,1.60479,1.48712,1.49243,0.00692275,0.00692275,0.00692275
375,3403.35,1.51825,1.4229,1.38543,0.83588,0.58298,0.69476,0.4241,1.59836,1.4488,1.47701,0.0069145,0.0069145,0.0069145
376,3412.48,1.57372,1.47513,1.39896,0.79144,0.59746,0.70123,0.43492,1.59825,1.44935,1.468,0.00690625,0.00690625,0.00690625
377,3421.54,1.50906,1.42899,1.37414,0.78264,0.57447,0.68938,0.42383,1.59704,1.47584,1.47753,0.006898,0.006898,0.006898
378,3430.46,1.55039,1.48029,1.39679,0.81409,0.58298,0.70278,0.4322,1.59555,1.44892,1.47408,0.00688975,0.00688975,0.00688975
379,3439.37,1.50231,1.422,1.37824,0.82748,0.57447,0.69692,0.42724,1.58031,1.41213,1.46352,0.0068815,0.0068815,0.0068815
380,3448.38,1.54718,1.43209,1.39846,0.84047,0.57872,0.7119,0.43205,1.56219,1.44035,1.44955,0.00687325,0.00687325,0.00687325
381,3457.27,1.50925,1.4239,1.37576,0.81801,0.60638,0.70742,0.44008,1.55413,1.4276,1.44424,0.006865,0.006865,0.006865
382,3466.32,1.52301,1.4312,1.38413,0.80116,0.58294,0.69193,0.43032,1.5989,1.46952,1.44809,0.00685675,0.00685675,0.00685675
383,3475.02,1.53002,1.43242,1.38238,0.81358,0.60355,0.69835,0.4294,1.60609,1.44974,1.46375,0.0068485,0.0068485,0.0068485
384,3483.73,1.51355,1.42445,1.37209,0.78751,0.60719,0.7056,0.43338,1.5883,1.42231,1.46535,0.00684025,0.00684025,0.00684025
385,3492.43,1.5431,1.45259,1.39735,0.79538,0.61202,0.69986,0.43549,1.58171,1.43417,1.46028,0.006832,0.006832,0.006832
386,3501.29,1.49906,1.39681,1.35116,0.79625,0.60698,0.702,0.43492,1.58639,1.43871,1.46436,0.00682375,0.00682375,0.00682375
387,3510.22,1.49285,1.38364,1.37233,0.82333,0.60483,0.7045,0.43659,1.58098,1.44333,1.46283,0.0068155,0.0068155,0.0068155
388,3519.19,1.49435,1.40236,1.36795,0.82971,0.5766,0.70212,0.42611,1.60312,1.47526,1.47397,0.00680725,0.00680725,0.00680725
389,3527.94,1.50018,1.39406,1.37905,0.75794,0.63292,0.70551,0.43541,1.57663,1.44137,1.45276,0.006799,0.006799,0.006799
390,3536.86,1.4972,1.39195,1.36768,0.82373,0.6234,0.70824,0.44305,1.56769,1.41084,1.43831,0.00679075,0.00679075,0.00679075
391,3545.95,1.47117,1.37526,1.35903,0.81729,0.63767,0.72288,0.44721,1.57262,1.3884,1.44396,0.0067825,0.0067825,0.0067825
392,3554.84,1.50302,1.42417,1.35182,0.79643,0.63262,0.71381,0.44895,1.55381,1.38804,1.45313,0.00677425,0.00677425,0.00677425
393,3563.87,1.51651,1.38704,1.36868,0.84324,0.59787,0.71819,0.4545,1.53799,1.37427,1.44472,0.006766,0.006766,0.006766
394,3573.02,1.531,1.42208,1.36268,0.81748,0.61702,0.71849,0.46057,1.52742,1.36649,1.43611,0.00675775,0.00675775,0.00675775
395,3582.12,1.50787,1.39842,1.37076,0.89268,0.60173,0.72557,0.46246,1.53507,1.36947,1.43833,0.0067495,0.0067495,0.0067495
396,3591.25,1.48911,1.36214,1.34109,0.81707,0.62724,0.722,0.46014,1.5304,1.38419,1.44127,0.00674125,0.00674125,0.00674125
397,3600.15,1.49754,1.37568,1.35426,0.83924,0.64421,0.72319,0.45877,1.53007,1.36566,1.43104,0.006733,0.006733,0.006733
398,3609.03,1.47442,1.3731,1.3498,0.81344,0.63617,0.71783,0.44974,1.55926,1.38128,1.4339,0.00672475,0.00672475,0.00672475
399,3617.96,1.46599,1.35886,1.34494,0.82156,0.61716,0.71123,0.44377,1.55224,1.38512,1.43406,0.0067165,0.0067165,0.0067165
400,3626.91,1.49435,1.36709,1.35219,0.79804,0.63056,0.71521,0.44315,1.5355,1.39725,1.41899,0.00670825,0.00670825,0.00670825
401,3635.76,1.51415,1.39894,1.36952,0.78439,0.6502,0.72255,0.45429,1.52732,1.36927,1.41571,0.0067,0.0067,0.0067
402,3644.61,1.51729,1.4184,1.36441,0.82793,0.62766,0.7264,0.45349,1.53666,1.37559,1.42913,0.00669175,0.00669175,0.00669175
403,3653.06,1.47615,1.37131,1.34799,0.83753,0.62766,0.72669,0.46079,1.52405,1.36122,1.43766,0.0066835,0.0066835,0.0066835
404,3661.5,1.49094,1.38786,1.36307,0.85379,0.62553,0.73238,0.46095,1.51731,1.3445,1.43119,0.00667525,0.00667525,0.00667525
405,3670.39,1.48329,1.34996,1.34932,0.87608,0.6167,0.73066,0.45983,1.52794,1.35589,1.44584,0.006667,0.006667,0.006667
406,3679.35,1.46305,1.36921,1.34844,0.86344,0.61885,0.73573,0.46318,1.51575,1.34499,1.4324,0.00665875,0.00665875,0.00665875
407,3688.5,1.4815,1.38503,1.3466,0.84402,0.65623,0.74491,0.46484,1.51489,1.3533,1.42309,0.0066505,0.0066505,0.0066505
408,3697.79,1.45206,1.33823,1.34042,0.82165,0.66809,0.74396,0.46551,1.50851,1.34305,1.404,0.00664225,0.00664225,0.00664225
409,3706.68,1.48087,1.35505,1.33478,0.81278,0.66505,0.7415,0.46499,1.50592,1.34382,1.39566,0.006634,0.006634,0.006634
410,3715.4,1.4473,1.34417,1.33446,0.81621,0.66596,0.74637,0.46337,1.52008,1.33406,1.41405,0.00662575,0.00662575,0.00662575
411,3724.03,1.45491,1.34748,1.32995,0.79873,0.66809,0.74878,0.4717,1.49749,1.33069,1.41073,0.0066175,0.0066175,0.0066175
412,3733.16,1.45549,1.33229,1.33787,0.77594,0.66809,0.73732,0.46763,1.5028,1.35999,1.40937,0.00660925,0.00660925,0.00660925
413,3742.11,1.4505,1.32993,1.33081,0.7964,0.65319,0.73509,0.46369,1.50841,1.34177,1.40635,0.006601,0.006601,0.006601
414,3750.96,1.43464,1.33015,1.32416,0.83339,0.62128,0.73318,0.45848,1.53434,1.326,1.40334,0.00659275,0.00659275,0.00659275
415,3759.5,1.45155,1.32179,1.32314,0.81488,0.6383,0.73606,0.46476,1.51461,1.31925,1.40208,0.0065845,0.0065845,0.0065845
416,3768.4,1.48885,1.3458,1.34702,0.79352,0.6617,0.73729,0.46545,1.51184,1.32961,1.40401,0.00657625,0.00657625,0.00657625
417,3777.22,1.45055,1.34454,1.33158,0.84716,0.63684,0.74605,0.46969,1.51251,1.33205,1.40751,0.006568,0.006568,0.006568
418,3786.18,1.44177,1.30766,1.32511,0.8614,0.62979,0.74328,0.46707,1.52006,1.35098,1.40813,0.00655975,0.00655975,0.00655975
419,3795.12,1.44094,1.31129,1.32778,0.84809,0.65329,0.75057,0.47247,1.50554,1.31424,1.40264,0.0065515,0.0065515,0.0065515
420,3803.98,1.4307,1.30237,1.30887,0.83502,0.66596,0.75023,0.4819,1.49201,1.28717,1.39413,0.00654325,0.00654325,0.00654325
421,3813.08,1.44807,1.3304,1.33037,0.81857,0.65745,0.75129,0.48279,1.48427,1.29615,1.38997,0.006535,0.006535,0.006535
422,3822.19,1.46492,1.34509,1.32547,0.8593,0.62553,0.74447,0.47415,1.49334,1.29816,1.39959,0.00652675,0.00652675,0.00652675
423,3830.95,1.42596,1.29814,1.30781,0.85217,0.65106,0.74382,0.4725,1.49012,1.29273,1.39573,0.0065185,0.0065185,0.0065185
424,3839.65,1.45686,1.30855,1.33442,0.87864,0.63191,0.74624,0.47661,1.47673,1.30379,1.38724,0.00651025,0.00651025,0.00651025
425,3848.58,1.45552,1.34839,1.33166,0.83239,0.64454,0.73537,0.47448,1.45761,1.2977,1.37759,0.006502,0.006502,0.006502
426,3857.49,1.426,1.30249,1.30645,0.88234,0.60634,0.73007,0.47455,1.46375,1.29963,1.38455,0.00649375,0.00649375,0.00649375
427,3866.42,1.44635,1.29626,1.32815,0.79428,0.64894,0.74114,0.47377,1.44446,1.28276,1.3727,0.0064855,0.0064855,0.0064855
428,3875.22,1.42427,1.31014,1.316,0.86791,0.62128,0.7445,0.47969,1.45893,1.30737,1.38311,0.00647725,0.00647725,0.00647725
429,3884.04,1.44457,1.31302,1.32298,0.85617,0.62128,0.74404,0.47525,1.47891,1.31219,1.39086,0.006469,0.006469,0.006469
430,3892.95,1.46434,1.32906,1.33172,0.78684,0.67872,0.74391,0.4796,1.45219,1.31491,1.36791,0.00646075,0.00646075,0.00646075
431,3901.85,1.42326,1.2961,1.31765,0.85798,0.64271,0.74604,0.48736,1.44846,1.30416,1.37315,0.0064525,0.0064525,0.0064525
432,3911.01,1.40236,1.2737,1.30078,0.88829,0.63617,0.75423,0.49093,1.45994,1.28587,1.38133,0.00644425,0.00644425,0.00644425
433,3919.93,1.44016,1.29597,1.31746,0.85669,0.65106,0.75881,0.49114,1.46651,1.28426,1.38261,0.006436,0.006436,0.006436
434,3928.92,1.41353,1.25809,1.29774,0.83984,0.64468,0.75012,0.48547,1.4902,1.28502,1.38639,0.00642775,0.00642775,0.00642775
435,3937.75,1.43677,1.2952,1.32344,0.85887,0.62766,0.75242,0.48761,1.47604,1.26847,1.38324,0.0064195,0.0064195,0.0064195
436,3946.62,1.39369,1.25566,1.30152,0.84565,0.67021,0.75826,0.48858,1.46845,1.26168,1.39121,0.00641125,0.00641125,0.00641125
437,3955.42,1.4237,1.29442,1.31763,0.83715,0.67447,0.76152,0.4916,1.45858,1.24288,1.38878,0.006403,0.006403,0.006403
438,3964.47,1.42194,1.29007,1.31249,0.82493,0.65532,0.75347,0.48787,1.44539,1.24446,1.38576,0.00639475,0.00639475,0.00639475
439,3973.39,1.41663,1.27105,1.30095,0.84081,0.66303,0.75603,0.48813,1.43623,1.25332,1.37546,0.0063865,0.0063865,0.0063865
440,3982.08,1.41522,1.29604,1.30519,0.86055,0.68085,0.75984,0.49227,1.44736,1.28059,1.37373,0.00637825,0.00637825,0.00637825
441,3991.25,1.45503,1.29381,1.30886,0.84802,0.68857,0.76309,0.49311,1.44224,1.26933,1.36993,0.00637,0.00637,0.00637
442,4000.24,1.39614,1.26514,1.29722,0.80927,0.68511,0.76294,0.49308,1.44447,1.24823,1.37475,0.00636175,0.00636175,0.00636175
443,4009,1.41321,1.26958,1.2984,0.83598,0.68298,0.7655,0.49756,1.42242,1.24159,1.36013,0.0063535,0.0063535,0.0063535
444,4017.76,1.39924,1.24568,1.29381,0.84596,0.68938,0.77376,0.49725,1.42212,1.22482,1.35219,0.00634525,0.00634525,0.00634525
445,4026.85,1.41426,1.24394,1.30123,0.81924,0.69149,0.77202,0.4926,1.42947,1.21434,1.35194,0.006337,0.006337,0.006337
446,4035.74,1.39389,1.25137,1.2882,0.83359,0.68936,0.7751,0.49818,1.42864,1.20988,1.35143,0.00632875,0.00632875,0.00632875
447,4044.71,1.39031,1.22495,1.29033,0.81719,0.69362,0.7734,0.50567,1.41462,1.21559,1.34717,0.0063205,0.0063205,0.0063205
448,4053.75,1.42841,1.28974,1.32525,0.83781,0.70342,0.77491,0.50787,1.41835,1.22632,1.35237,0.00631225,0.00631225,0.00631225
449,4062.7,1.38322,1.23286,1.28437,0.86127,0.67447,0.76702,0.50314,1.43545,1.23191,1.35449,0.006304,0.006304,0.006304
450,4071.6,1.39643,1.26087,1.29148,0.81048,0.69362,0.76599,0.49729,1.44032,1.24608,1.35205,0.00629575,0.00629575,0.00629575
451,4080.38,1.37659,1.23927,1.29202,0.81561,0.69149,0.76757,0.49706,1.42545,1.24061,1.34578,0.0062875,0.0062875,0.0062875
452,4089.08,1.38707,1.24855,1.29733,0.84696,0.68085,0.77116,0.50043,1.42966,1.23178,1.34431,0.00627925,0.00627925,0.00627925
453,4097.96,1.38434,1.24997,1.29002,0.85935,0.676,0.77408,0.50559,1.41779,1.23849,1.34339,0.006271,0.006271,0.006271
454,4106.84,1.37681,1.24264,1.28928,0.88785,0.67021,0.77606,0.51365,1.39799,1.22253,1.33672,0.00626275,0.00626275,0.00626275
455,4115.93,1.38179,1.23568,1.28072,0.8853,0.67021,0.77838,0.51394,1.38747,1.22155,1.32971,0.0062545,0.0062545,0.0062545
456,4125.02,1.38955,1.23993,1.29174,0.85523,0.67447,0.77499,0.51474,1.37905,1.23018,1.32186,0.00624625,0.00624625,0.00624625
457,4134.21,1.38734,1.23108,1.29685,0.8741,0.66471,0.77188,0.51702,1.39217,1.22113,1.31497,0.006238,0.006238,0.006238
458,4143.02,1.37892,1.20662,1.27872,0.83522,0.68511,0.77546,0.51587,1.40371,1.22687,1.32269,0.00622975,0.00622975,0.00622975
459,4151.97,1.39359,1.2575,1.29451,0.90452,0.64043,0.77543,0.51899,1.40361,1.20946,1.32117,0.0062215,0.0062215,0.0062215
460,4161.04,1.39461,1.23085,1.27836,0.83334,0.69153,0.77939,0.52222,1.39634,1.19804,1.3203,0.00621325,0.00621325,0.00621325
461,4170.15,1.37781,1.20877,1.28796,0.85232,0.67539,0.78369,0.52419,1.38718,1.20251,1.31781,0.006205,0.006205,0.006205
462,4179.17,1.37876,1.21987,1.28536,0.83925,0.67872,0.78423,0.52037,1.37856,1.20328,1.3222,0.00619675,0.00619675,0.00619675
463,4187.94,1.39401,1.25217,1.28808,0.86175,0.68936,0.78654,0.52432,1.37839,1.20122,1.31695,0.0061885,0.0061885,0.0061885
464,4196.91,1.35355,1.18775,1.26905,0.83894,0.7,0.78576,0.5261,1.37534,1.19881,1.32174,0.00618025,0.00618025,0.00618025
465,4205.99,1.37897,1.21693,1.27934,0.85901,0.68704,0.78437,0.51927,1.39428,1.21058,1.33319,0.006172,0.006172,0.006172
466,4214.85,1.37227,1.22723,1.28048,0.85439,0.70426,0.78663,0.52086,1.4031,1.20565,1.3324,0.00616375,0.00616375,0.00616375
467,4223.59,1.36803,1.24317,1.28441,0.80515,0.71215,0.78848,0.52611,1.38405,1.18467,1.32285,0.0061555,0.0061555,0.0061555
468,4232.46,1.34134,1.18079,1.25629,0.84486,0.69519,0.79146,0.52743,1.37257,1.18294,1.31159,0.00614725,0.00614725,0.00614725
469,4241.47,1.37611,1.19549,1.2731,0.8409,0.70851,0.79207,0.52949,1.36112,1.18423,1.30557,0.006139,0.006139,0.006139
470,4250.6,1.34649,1.19358,1.25618,0.85802,0.7,0.79034,0.52987,1.36807,1.2017,1.31331,0.00613075,0.00613075,0.00613075
471,4259.7,1.39582,1.24843,1.29254,0.84682,0.69362,0.78407,0.52626,1.37205,1.19835,1.31451,0.0061225,0.0061225,0.0061225
472,4268.47,1.34346,1.20052,1.26112,0.83604,0.71277,0.78468,0.52556,1.36992,1.1845,1.31645,0.00611425,0.00611425,0.00611425
473,4277.26,1.35475,1.198,1.27445,0.897,0.6766,0.78463,0.52499,1.36998,1.18741,1.32085,0.006106,0.006106,0.006106
474,4286.18,1.34829,1.16992,1.26358,0.88502,0.68085,0.7833,0.52281,1.35276,1.17861,1.30725,0.00609775,0.00609775,0.00609775
475,4294.92,1.34223,1.18514,1.26423,0.88734,0.67029,0.78318,0.52023,1.35429,1.16946,1.30799,0.0060895,0.0060895,0.0060895
476,4303.5,1.36002,1.2144,1.2804,0.86836,0.69787,0.78645,0.52119,1.35745,1.16055,1.30743,0.00608125,0.00608125,0.00608125
477,4312.27,1.34579,1.19408,1.26159,0.86066,0.69654,0.78651,0.5227,1.35575,1.16647,1.30248,0.006073,0.006073,0.006073
478,4321.07,1.33684,1.19081,1.25543,0.88339,0.68511,0.78648,0.52973,1.34325,1.15905,1.29862,0.00606475,0.00606475,0.00606475
479,4329.87,1.34757,1.19886,1.25552,0.84778,0.69916,0.78425,0.52915,1.34247,1.17122,1.29955,0.0060565,0.0060565,0.0060565
480,4338.74,1.37506,1.20881,1.27459,0.85993,0.69232,0.78515,0.53265,1.33556,1.16461,1.30122,0.00604825,0.00604825,0.00604825
481,4347.8,1.35576,1.1906,1.26291,0.87883,0.67896,0.78308,0.52749,1.34989,1.17719,1.31576,0.00604,0.00604,0.00604
482,4356.62,1.35427,1.21671,1.2694,0.86965,0.68085,0.78481,0.52433,1.3511,1.17508,1.31019,0.00603175,0.00603175,0.00603175
483,4365.51,1.34828,1.2089,1.26276,0.85408,0.67872,0.787,0.52446,1.33782,1.17217,1.3104,0.0060235,0.0060235,0.0060235
484,4374.42,1.35385,1.18727,1.25539,0.88858,0.67234,0.79142,0.52748,1.34199,1.16139,1.3077,0.00601525,0.00601525,0.00601525
485,4383.11,1.34165,1.17375,1.25968,0.87951,0.68338,0.79077,0.52473,1.34245,1.16437,1.30869,0.006007,0.006007,0.006007
486,4392.01,1.34556,1.17635,1.25291,0.86038,0.70803,0.79337,0.52707,1.35208,1.17588,1.3068,0.00599875,0.00599875,0.00599875
487,4400.76,1.32001,1.15473,1.24863,0.83055,0.71702,0.78926,0.52757,1.35099,1.18697,1.30727,0.0059905,0.0059905,0.0059905
488,4409.51,1.32734,1.18182,1.24904,0.85957,0.70324,0.79034,0.53295,1.337,1.17103,1.30093,0.00598225,0.00598225,0.00598225
489,4418.55,1.31501,1.14839,1.24597,0.88746,0.68936,0.78909,0.53572,1.32599,1.15872,1.2957,0.005974,0.005974,0.005974
490,4427.6,1.32982,1.1644,1.25251,0.90151,0.68723,0.79379,0.53645,1.32142,1.16179,1.29661,0.00596575,0.00596575,0.00596575
491,4436.62,1.32756,1.16678,1.25633,0.89424,0.68361,0.79496,0.54127,1.32402,1.16165,1.29416,0.0059575,0.0059575,0.0059575
492,4445.71,1.35013,1.2083,1.26566,0.88342,0.71064,0.79856,0.54267,1.31795,1.14359,1.28796,0.00594925,0.00594925,0.00594925
493,4454.78,1.3312,1.16489,1.23368,0.90932,0.70411,0.80101,0.55033,1.3123,1.14489,1.28907,0.005941,0.005941,0.005941
494,4463.82,1.32265,1.16852,1.24955,0.90955,0.69362,0.80076,0.54588,1.32054,1.14723,1.30136,0.00593275,0.00593275,0.00593275
495,4472.58,1.3246,1.16998,1.24824,0.90409,0.702,0.7991,0.54188,1.3255,1.16108,1.3004,0.0059245,0.0059245,0.0059245
496,4481.5,1.31365,1.16801,1.24544,0.87213,0.70638,0.79634,0.5378,1.32605,1.16424,1.30317,0.00591625,0.00591625,0.00591625
497,4490.32,1.3117,1.13266,1.24882,0.86961,0.69574,0.79657,0.54484,1.32927,1.15186,1.31248,0.005908,0.005908,0.005908
498,4499.11,1.33086,1.17275,1.24511,0.85216,0.72357,0.80398,0.54891,1.32392,1.14701,1.31499,0.00589975,0.00589975,0.00589975
499,4508.02,1.32209,1.16526,1.25559,0.88676,0.69978,0.80448,0.55223,1.31789,1.14116,1.30793,0.0058915,0.0058915,0.0058915
500,4517.04,1.30747,1.13434,1.24509,0.8842,0.71064,0.80509,0.55263,1.31359,1.13007,1.30002,0.00588325,0.00588325,0.00588325
501,4526.11,1.31863,1.15764,1.25865,0.87868,0.71277,0.80469,0.54988,1.32417,1.13533,1.30427,0.005875,0.005875,0.005875
502,4534.94,1.32618,1.16211,1.24592,0.91614,0.69736,0.80757,0.54806,1.32996,1.13184,1.31164,0.00586675,0.00586675,0.00586675
503,4543.76,1.32051,1.1296,1.25092,0.91393,0.70038,0.80576,0.54728,1.33055,1.1246,1.30873,0.0058585,0.0058585,0.0058585
504,4552.54,1.33077,1.14539,1.23898,0.9157,0.6933,0.80748,0.54427,1.3289,1.1155,1.30477,0.00585025,0.00585025,0.00585025
505,4561.35,1.29288,1.15636,1.22907,0.90553,0.69787,0.80784,0.54847,1.32146,1.11549,1.29595,0.005842,0.005842,0.005842
506,4570.22,1.29526,1.13985,1.23111,0.86811,0.71421,0.80431,0.55259,1.32411,1.12,1.29182,0.00583375,0.00583375,0.00583375
507,4579,1.28485,1.1533,1.22835,0.91864,0.68723,0.80714,0.55053,1.31829,1.11515,1.29249,0.0058255,0.0058255,0.0058255
508,4587.87,1.31617,1.15773,1.25021,0.91481,0.68936,0.80988,0.55372,1.31671,1.10828,1.29524,0.00581725,0.00581725,0.00581725
509,4596.9,1.29116,1.12963,1.22982,0.89282,0.70898,0.81041,0.55853,1.31266,1.09515,1.29604,0.005809,0.005809,0.005809
510,4606,1.31453,1.14231,1.23838,0.85037,0.73758,0.81313,0.55372,1.31773,1.11342,1.29732,0.00580075,0.00580075,0.00580075
511,4614.86,1.32374,1.13504,1.24681,0.91616,0.69149,0.81328,0.55316,1.32646,1.10974,1.3021,0.0057925,0.0057925,0.0057925
512,4623.75,1.28951,1.11105,1.2312,0.87418,0.72436,0.81318,0.55321,1.32244,1.09144,1.29952,0.00578425,0.00578425,0.00578425
513,4632.64,1.29273,1.12381,1.23529,0.91762,0.68732,0.81341,0.5562,1.316,1.0956,1.28875,0.005776,0.005776,0.005776
514,4641.52,1.28801,1.10958,1.22765,0.91167,0.70272,0.81458,0.55651,1.31923,1.09517,1.28961,0.00576775,0.00576775,0.00576775
515,4650.45,1.27693,1.11452,1.22277,0.91086,0.7,0.81491,0.55556,1.32786,1.09147,1.29045,0.0057595,0.0057595,0.0057595
516,4659.37,1.29293,1.12146,1.22138,0.94504,0.69362,0.8177,0.55544,1.32744,1.08605,1.29262,0.00575125,0.00575125,0.00575125
517,4668.19,1.29963,1.14803,1.2307,0.91897,0.70851,0.81708,0.55858,1.3262,1.09749,1.29025,0.005743,0.005743,0.005743
518,4677.19,1.31586,1.13493,1.24124,0.9411,0.68298,0.81622,0.56103,1.31579,1.10307,1.27836,0.00573475,0.00573475,0.00573475
519,4686.27,1.29741,1.1359,1.24076,0.89489,0.71277,0.81752,0.56066,1.30719,1.10287,1.27756,0.0057265,0.0057265,0.0057265
520,4695.15,1.27977,1.11702,1.2152,0.91488,0.69787,0.8149,0.56099,1.3176,1.10729,1.28423,0.00571825,0.00571825,0.00571825
521,4704.09,1.295,1.10335,1.2099,0.87776,0.72766,0.81716,0.55973,1.31634,1.1018,1.28362,0.00571,0.00571,0.00571
522,4712.85,1.29504,1.13277,1.23427,0.87873,0.72461,0.81353,0.56166,1.31051,1.10071,1.28573,0.00570175,0.00570175,0.00570175
523,4721.81,1.27042,1.10619,1.222,0.89325,0.71489,0.81324,0.55701,1.3124,1.1068,1.28817,0.0056935,0.0056935,0.0056935
524,4730.84,1.28392,1.11409,1.22295,0.92253,0.70638,0.81384,0.55761,1.31441,1.10934,1.28531,0.00568525,0.00568525,0.00568525
525,4739.75,1.26025,1.09023,1.22308,0.92301,0.71427,0.81542,0.55853,1.32335,1.12338,1.29017,0.005677,0.005677,0.005677
526,4748.67,1.27327,1.11759,1.22781,0.93021,0.70901,0.82132,0.56362,1.3142,1.10895,1.28937,0.00566875,0.00566875,0.00566875
527,4757.67,1.27165,1.11626,1.22085,0.90408,0.72196,0.81935,0.56395,1.30559,1.10988,1.28978,0.0056605,0.0056605,0.0056605
528,4766.76,1.27724,1.09636,1.22037,0.90519,0.72128,0.81962,0.56628,1.29962,1.10303,1.28142,0.00565225,0.00565225,0.00565225
529,4776,1.25942,1.0903,1.21057,0.89223,0.72979,0.82169,0.56618,1.29932,1.08158,1.27778,0.005644,0.005644,0.005644
530,4785.11,1.27489,1.10045,1.22293,0.88209,0.73218,0.82021,0.56385,1.29456,1.08202,1.27718,0.00563575,0.00563575,0.00563575
531,4794.01,1.29185,1.13576,1.2317,0.90204,0.72487,0.82229,0.56369,1.29496,1.07947,1.27735,0.0056275,0.0056275,0.0056275
532,4802.9,1.25474,1.07149,1.20191,0.89283,0.72677,0.82365,0.56617,1.31116,1.08746,1.28419,0.00561925,0.00561925,0.00561925
533,4811.95,1.26636,1.09303,1.22543,0.89241,0.73617,0.82616,0.56884,1.29597,1.06912,1.28074,0.005611,0.005611,0.005611
534,4820.95,1.27233,1.10254,1.22107,0.90064,0.72128,0.82728,0.56828,1.29981,1.06655,1.27975,0.00560275,0.00560275,0.00560275
535,4829.78,1.26411,1.0989,1.21958,0.90632,0.72766,0.82953,0.56701,1.29365,1.05256,1.26897,0.0055945,0.0055945,0.0055945
536,4838.56,1.27498,1.09301,1.21329,0.87536,0.75106,0.82756,0.56281,1.29052,1.05395,1.26338,0.00558625,0.00558625,0.00558625
537,4847.49,1.25105,1.07031,1.20236,0.90627,0.74064,0.82893,0.55848,1.28525,1.04494,1.25967,0.005578,0.005578,0.005578
538,4856.27,1.22393,1.05177,1.19613,0.91766,0.74043,0.82754,0.56473,1.27429,1.0486,1.25186,0.00556975,0.00556975,0.00556975
539,4865.1,1.26231,1.0951,1.20442,0.8825,0.75106,0.82878,0.5643,1.27138,1.05441,1.25061,0.0055615,0.0055615,0.0055615
540,4873.94,1.26488,1.09673,1.21148,0.90303,0.7529,0.83057,0.56886,1.26266,1.03794,1.24485,0.00555325,0.00555325,0.00555325
541,4883.05,1.26488,1.11099,1.22135,0.88494,0.77021,0.82994,0.56731,1.26754,1.04528,1.24341,0.005545,0.005545,0.005545
542,4891.9,1.26973,1.07963,1.2074,0.88816,0.74344,0.82939,0.56753,1.2774,1.04995,1.24553,0.00553675,0.00553675,0.00553675
543,4900.78,1.22204,1.04511,1.20642,0.89602,0.73404,0.82638,0.56555,1.28257,1.07725,1.25445,0.0055285,0.0055285,0.0055285
544,4909.61,1.26744,1.07834,1.21704,0.89537,0.72826,0.82687,0.56895,1.27221,1.06886,1.2512,0.00552025,0.00552025,0.00552025
545,4918.43,1.26378,1.06975,1.21,0.91336,0.7178,0.82587,0.56941,1.27099,1.06576,1.2498,0.005512,0.005512,0.005512
546,4927.52,1.26899,1.08486,1.20646,0.88734,0.73736,0.82569,0.56653,1.27011,1.06165,1.24878,0.00550375,0.00550375,0.00550375
547,4936.34,1.2463,1.05846,1.197,0.89088,0.73617,0.82595,0.56463,1.26726,1.05242,1.25077,0.0054955,0.0054955,0.0054955
548,4945.15,1.25274,1.07106,1.19948,0.89138,0.73337,0.82424,0.56274,1.2673,1.06158,1.25481,0.00548725,0.00548725,0.00548725
549,4954.11,1.24607,1.05554,1.19735,0.8778,0.74255,0.82463,0.56312,1.27519,1.0617,1.25824,0.005479,0.005479,0.005479
550,4963.01,1.24759,1.07927,1.2001,0.89864,0.73566,0.82615,0.56724,1.27642,1.05139,1.26106,0.00547075,0.00547075,0.00547075
551,4971.97,1.25487,1.0553,1.19774,0.88124,0.73191,0.82739,0.56547,1.27063,1.05506,1.25621,0.0054625,0.0054625,0.0054625
552,4980.98,1.26832,1.08568,1.21245,0.90368,0.72128,0.82796,0.56821,1.27003,1.04638,1.25785,0.00545425,0.00545425,0.00545425
553,4989.82,1.25877,1.10712,1.20283,0.87844,0.73804,0.82887,0.57244,1.27157,1.04143,1.2571,0.005446,0.005446,0.005446
554,4998.87,1.25255,1.08313,1.21263,0.88697,0.73617,0.82865,0.57549,1.27189,1.04907,1.25795,0.00543775,0.00543775,0.00543775
555,5007.92,1.22928,1.04531,1.19585,0.89455,0.73999,0.82811,0.57387,1.2698,1.05937,1.26098,0.0054295,0.0054295,0.0054295
556,5016.78,1.22145,1.05814,1.19764,0.90167,0.74142,0.83232,0.57498,1.26485,1.04836,1.25666,0.00542125,0.00542125,0.00542125
557,5025.66,1.24205,1.06205,1.20016,0.89373,0.75153,0.83347,0.57662,1.26954,1.04636,1.25845,0.005413,0.005413,0.005413
558,5034.83,1.24638,1.0521,1.20061,0.89024,0.75106,0.83173,0.58014,1.26407,1.04694,1.25679,0.00540475,0.00540475,0.00540475
559,5043.91,1.25919,1.07278,1.21045,0.8888,0.74824,0.83049,0.58118,1.2575,1.04488,1.2525,0.0053965,0.0053965,0.0053965
560,5053.02,1.21368,1.02841,1.19527,0.87835,0.74894,0.83192,0.57418,1.26142,1.0537,1.25464,0.00538825,0.00538825,0.00538825
561,5061.96,1.22004,1.0569,1.19835,0.91313,0.73806,0.82355,0.57301,1.25926,1.05955,1.25272,0.00538,0.00538,0.00538
562,5070.85,1.23044,1.03753,1.19184,0.89661,0.74681,0.82563,0.57335,1.25577,1.05204,1.25165,0.00537175,0.00537175,0.00537175
563,5079.67,1.24349,1.0669,1.18867,0.88051,0.75256,0.82669,0.57758,1.25171,1.05221,1.25024,0.0053635,0.0053635,0.0053635
564,5088.55,1.24814,1.05294,1.19695,0.88335,0.7617,0.82699,0.57725,1.2432,1.05504,1.24468,0.00535525,0.00535525,0.00535525
565,5097.32,1.208,1.02292,1.17367,0.88741,0.75532,0.82818,0.58279,1.24214,1.05863,1.24225,0.005347,0.005347,0.005347
566,5106.36,1.219,1.04019,1.1878,0.89604,0.74468,0.83147,0.58033,1.2462,1.06017,1.24109,0.00533875,0.00533875,0.00533875
567,5115.26,1.22956,1.03497,1.18266,0.90697,0.72979,0.82881,0.58097,1.23847,1.05448,1.23487,0.0053305,0.0053305,0.0053305
568,5124.02,1.25784,1.08162,1.19635,0.91012,0.72128,0.82613,0.58114,1.23642,1.05711,1.23341,0.00532225,0.00532225,0.00532225
569,5132.93,1.23441,1.05566,1.19894,0.89026,0.7383,0.83175,0.58244,1.23432,1.05374,1.22936,0.005314,0.005314,0.005314
570,5142.06,1.23439,1.03698,1.19495,0.90073,0.73361,0.83393,0.58529,1.23252,1.04084,1.2288,0.00530575,0.00530575,0.00530575
571,5151.05,1.22317,1.05072,1.18871,0.90434,0.7383,0.83171,0.58367,1.22723,1.04523,1.22697,0.0052975,0.0052975,0.0052975
572,5159.86,1.22817,1.03214,1.19622,0.89113,0.7489,0.82971,0.58339,1.22658,1.0432,1.22758,0.00528925,0.00528925,0.00528925
573,5168.78,1.23018,1.0353,1.18694,0.87593,0.75745,0.83221,0.58462,1.22704,1.03926,1.22669,0.005281,0.005281,0.005281
574,5177.65,1.22247,1.03978,1.19568,0.89945,0.7383,0.8343,0.5924,1.23025,1.03453,1.22911,0.00527275,0.00527275,0.00527275
575,5186.78,1.24095,1.0531,1.20081,0.87432,0.75486,0.83673,0.58974,1.23299,1.0386,1.23124,0.0052645,0.0052645,0.0052645
576,5195.66,1.22813,1.03147,1.19445,0.87922,0.74342,0.83697,0.58786,1.23295,1.03807,1.23267,0.00525625,0.00525625,0.00525625
577,5204.53,1.23273,1.06155,1.19054,0.88022,0.75957,0.8315,0.58678,1.2265,1.04368,1.2317,0.005248,0.005248,0.005248
578,5213.5,1.19695,1.02712,1.17459,0.89163,0.74894,0.82927,0.58811,1.22529,1.05145,1.23256,0.00523975,0.00523975,0.00523975
579,5222.38,1.24567,1.05536,1.19057,0.87449,0.75957,0.8299,0.58827,1.21681,1.03906,1.2287,0.0052315,0.0052315,0.0052315
580,5231.2,1.23478,1.06019,1.2037,0.88802,0.75532,0.83584,0.59099,1.21512,1.03043,1.22656,0.00522325,0.00522325,0.00522325
581,5239.81,1.23974,1.03072,1.18508,0.89346,0.75532,0.83667,0.59197,1.21435,1.0214,1.22683,0.005215,0.005215,0.005215
582,5248.7,1.1885,1.00961,1.17733,0.90146,0.74894,0.83786,0.59039,1.22399,1.02286,1.22957,0.00520675,0.00520675,0.00520675
583,5257.57,1.20424,1.03626,1.17969,0.87628,0.76858,0.83672,0.589,1.23438,1.02989,1.23083,0.0051985,0.0051985,0.0051985
584,5266.23,1.21206,1.02737,1.17394,0.87208,0.75532,0.83555,0.58707,1.22905,1.02389,1.22818,0.00519025,0.00519025,0.00519025
585,5274.88,1.21663,1.03849,1.1801,0.9033,0.75521,0.84003,0.59124,1.22036,1.01415,1.22589,0.005182,0.005182,0.005182
586,5283.75,1.23736,1.03632,1.19454,0.86899,0.76596,0.84111,0.5939,1.22096,1.00961,1.22814,0.00517375,0.00517375,0.00517375
587,5292.88,1.18507,1.00266,1.17055,0.90337,0.74255,0.84038,0.5925,1.21695,1.00495,1.22518,0.0051655,0.0051655,0.0051655
588,5301.8,1.18941,0.99752,1.17504,0.8959,0.75745,0.84109,0.59278,1.21415,0.99998,1.22543,0.00515725,0.00515725,0.00515725
589,5310.11,1.18947,1.00957,1.16754,0.91188,0.74863,0.84259,0.5974,1.21661,0.9959,1.22684,0.005149,0.005149,0.005149
590,5318.98,1.2032,0.99163,1.17439,0.90955,0.7488,0.84361,0.59598,1.21542,0.99964,1.22774,0.00514075,0.00514075,0.00514075
591,5327.86,1.19815,1.01411,1.16503,0.91408,0.74694,0.84205,0.5956,1.21568,0.99717,1.22853,0.0051325,0.0051325,0.0051325
592,5336.75,1.19463,0.99991,1.17966,0.91866,0.74491,0.84297,0.5963,1.21941,0.99679,1.22863,0.00512425,0.00512425,0.00512425
593,5345.6,1.16966,0.98729,1.15335,0.90913,0.75106,0.84338,0.59909,1.21595,0.99042,1.22809,0.005116,0.005116,0.005116
594,5354.62,1.18255,0.98876,1.16618,0.91941,0.75245,0.84081,0.59396,1.22332,1.00147,1.22835,0.00510775,0.00510775,0.00510775
595,5363.51,1.21713,1.02433,1.17905,0.91676,0.74989,0.8387,0.58905,1.22872,1.00882,1.23054,0.0050995,0.0050995,0.0050995
596,5372.43,1.19099,0.99946,1.17258,0.91708,0.75297,0.83841,0.58933,1.22678,1.017,1.2318,0.00509125,0.00509125,0.00509125
597,5381.15,1.17635,0.99236,1.16459,0.9136,0.76494,0.84017,0.59425,1.22052,1.02028,1.22925,0.005083,0.005083,0.005083
598,5389.74,1.20042,0.99577,1.17686,0.91713,0.75745,0.84056,0.59816,1.21308,1.0222,1.22579,0.00507475,0.00507475,0.00507475
599,5398.6,1.19714,1.00077,1.17257,0.91981,0.75653,0.83933,0.5969,1.21179,1.02269,1.22518,0.0050665,0.0050665,0.0050665
600,5407.19,1.22966,1.01874,1.19234,0.90986,0.75319,0.83892,0.59928,1.20657,1.01229,1.22442,0.00505825,0.00505825,0.00505825
601,5416.04,1.17809,0.98816,1.16076,0.90338,0.75106,0.8389,0.59793,1.20443,1.01212,1.22229,0.00505,0.00505,0.00505
602,5424.83,1.2042,1.01164,1.17588,0.89864,0.75453,0.84007,0.59599,1.20089,1.00714,1.21984,0.00504175,0.00504175,0.00504175
603,5433.72,1.20261,1.01781,1.17431,0.91464,0.75532,0.84283,0.5954,1.20512,1.00923,1.22277,0.0050335,0.0050335,0.0050335
604,5442.67,1.18962,1.00706,1.17219,0.92483,0.75532,0.84165,0.59651,1.21223,1.00104,1.22971,0.00502525,0.00502525,0.00502525
605,5451.6,1.21316,1.02063,1.17708,0.9142,0.75532,0.84251,0.60133,1.214,0.99727,1.22942,0.005017,0.005017,0.005017
606,5460.74,1.1835,0.9832,1.16386,0.91237,0.75319,0.84435,0.59812,1.21117,0.99982,1.22918,0.00500875,0.00500875,0.00500875
607,5469.52,1.20439,1.00829,1.16849,0.92359,0.74043,0.84407,0.59937,1.20965,0.99872,1.23302,0.0050005,0.0050005,0.0050005
608,5478.18,1.18837,0.97071,1.16074,0.88509,0.77022,0.84415,0.59762,1.20744,1.00171,1.23271,0.00499225,0.00499225,0.00499225
609,5486.94,1.17958,0.98604,1.16474,0.8807,0.76596,0.84025,0.59607,1.20722,1.00986,1.22896,0.004984,0.004984,0.004984
610,5495.83,1.19827,0.99338,1.16527,0.89916,0.75891,0.84054,0.59577,1.19932,0.99816,1.22351,0.00497575,0.00497575,0.00497575
611,5504.67,1.16723,0.99093,1.1542,0.89332,0.7617,0.8425,0.59892,1.19441,0.98713,1.22413,0.0049675,0.0049675,0.0049675
612,5513.45,1.1757,1.00013,1.16362,0.90302,0.75286,0.8436,0.60223,1.18848,0.98001,1.22086,0.00495925,0.00495925,0.00495925
613,5522.41,1.19236,1.00195,1.16769,0.90974,0.75058,0.84404,0.59987,1.1907,0.98031,1.21689,0.004951,0.004951,0.004951
614,5531.27,1.17244,0.97943,1.15757,0.92345,0.74431,0.84547,0.60268,1.19265,0.97823,1.21902,0.00494275,0.00494275,0.00494275
615,5540.08,1.17575,0.99759,1.1658,0.91502,0.75532,0.84405,0.60347,1.19706,0.98497,1.22222,0.0049345,0.0049345,0.0049345
616,5549.01,1.17901,0.97629,1.16368,0.89964,0.75319,0.84059,0.60081,1.20231,0.99552,1.21979,0.00492625,0.00492625,0.00492625
617,5557.76,1.15773,0.98268,1.15057,0.91103,0.7617,0.84399,0.60446,1.20544,0.9956,1.21894,0.004918,0.004918,0.004918
618,5566.66,1.17107,0.98563,1.1562,0.92084,0.75319,0.84582,0.60208,1.20518,0.99653,1.21913,0.00490975,0.00490975,0.00490975
619,5575.5,1.17366,0.97463,1.16317,0.91694,0.75164,0.8437,0.60173,1.19931,0.99292,1.21611,0.0049015,0.0049015,0.0049015
620,5584.41,1.15946,0.9657,1.14958,0.9264,0.74991,0.84738,0.60234,1.19581,0.98483,1.21215,0.00489325,0.00489325,0.00489325
621,5593.17,1.16727,0.97558,1.14949,0.90018,0.76749,0.84798,0.6009,1.19389,0.97968,1.20912,0.004885,0.004885,0.004885
622,5602.08,1.17231,0.98551,1.15818,0.8949,0.76088,0.84544,0.60194,1.18965,0.97587,1.20607,0.00487675,0.00487675,0.00487675
623,5610.9,1.17066,0.9819,1.15789,0.91106,0.75957,0.84557,0.6043,1.18718,0.97762,1.20363,0.0048685,0.0048685,0.0048685
624,5619.39,1.19331,1.00413,1.17328,0.90365,0.76383,0.84498,0.60649,1.18979,0.97762,1.20414,0.00486025,0.00486025,0.00486025
625,5628.4,1.17514,0.98128,1.15441,0.9008,0.76383,0.84974,0.60862,1.18852,0.9698,1.20638,0.004852,0.004852,0.004852
626,5637.45,1.18635,0.98476,1.1592,0.89478,0.7617,0.84992,0.60859,1.18407,0.9619,1.20933,0.00484375,0.00484375,0.00484375
627,5646.55,1.17552,0.99602,1.1606,0.90425,0.76351,0.84985,0.60849,1.18216,0.95909,1.20737,0.0048355,0.0048355,0.0048355
628,5655.4,1.14669,0.93873,1.14127,0.91097,0.762,0.85008,0.60652,1.1879,0.96466,1.20993,0.00482725,0.00482725,0.00482725
629,5663.98,1.16064,0.98795,1.16353,0.90746,0.75957,0.84805,0.60667,1.18913,0.96714,1.21044,0.004819,0.004819,0.004819
630,5672.76,1.1678,0.98963,1.15891,0.91407,0.74686,0.84646,0.60482,1.18542,0.96637,1.20706,0.00481075,0.00481075,0.00481075
631,5681.69,1.16843,0.98568,1.15971,0.92954,0.74255,0.84851,0.60782,1.18098,0.9633,1.20547,0.0048025,0.0048025,0.0048025
632,5690.58,1.13969,0.94643,1.13323,0.92839,0.74483,0.84856,0.60912,1.17844,0.9637,1.20361,0.00479425,0.00479425,0.00479425
633,5699.7,1.14525,0.95052,1.13899,0.92011,0.74468,0.84796,0.6082,1.17986,0.96517,1.20322,0.004786,0.004786,0.004786
634,5708.47,1.1864,0.97937,1.16263,0.91823,0.74681,0.85173,0.61112,1.17987,0.96606,1.20403,0.00477775,0.00477775,0.00477775
635,5717.46,1.14965,0.93588,1.14857,0.91583,0.75106,0.84978,0.60966,1.1773,0.96496,1.2004,0.0047695,0.0047695,0.0047695
636,5726.39,1.14277,0.96579,1.13723,0.91692,0.75145,0.84813,0.60818,1.17336,0.9622,1.19982,0.00476125,0.00476125,0.00476125
637,5735.09,1.15385,0.9593,1.15393,0.90612,0.75986,0.848,0.60644,1.17434,0.96334,1.19825,0.004753,0.004753,0.004753
638,5743.85,1.15674,0.96376,1.14703,0.90784,0.75454,0.84923,0.60495,1.17792,0.9632,1.1999,0.00474475,0.00474475,0.00474475
639,5752.6,1.16379,0.97836,1.15749,0.91514,0.75319,0.85019,0.60884,1.17788,0.96441,1.2004,0.0047365,0.0047365,0.0047365
640,5761.53,1.13769,0.94796,1.13081,0.91721,0.75532,0.85107,0.60974,1.1754,0.96688,1.19751,0.00472825,0.00472825,0.00472825
641,5770.47,1.15733,0.96832,1.14685,0.91993,0.75532,0.85137,0.61123,1.17485,0.96786,1.19647,0.00472,0.00472,0.00472
642,5779.66,1.1461,0.94666,1.14526,0.92448,0.75533,0.85256,0.6114,1.17408,0.96179,1.19605,0.00471175,0.00471175,0.00471175
643,5788.65,1.16526,0.96943,1.1613,0.91691,0.75745,0.85286,0.61346,1.16919,0.95897,1.1945,0.0047035,0.0047035,0.0047035
644,5797.71,1.16461,0.97694,1.16209,0.92715,0.75825,0.8546,0.61251,1.17024,0.95706,1.19489,0.00469525,0.00469525,0.00469525
645,5806.54,1.1226,0.9314,1.13571,0.92631,0.75319,0.85503,0.61224,1.17192,0.95887,1.19624,0.004687,0.004687,0.004687
646,5815.44,1.15713,0.97934,1.15628,0.93679,0.75679,0.8527,0.60857,1.17608,0.96695,1.19816,0.00467875,0.00467875,0.00467875
647,5824.4,1.15433,0.9583,1.14945,0.92331,0.75745,0.85288,0.61034,1.17344,0.96821,1.1985,0.0046705,0.0046705,0.0046705
648,5833.25,1.1679,0.98177,1.15622,0.92413,0.7617,0.85381,0.61378,1.17156,0.96642,1.19657,0.00466225,0.00466225,0.00466225
649,5842.31,1.11195,0.92269,1.13889,0.91671,0.77021,0.85451,0.61338,1.16824,0.95966,1.19507,0.004654,0.004654,0.004654
650,5851.18,1.15438,0.95531,1.14043,0.91214,0.77314,0.85377,0.61354,1.16767,0.96033,1.19529,0.00464575,0.00464575,0.00464575
651,5859.98,1.12809,0.92483,1.14158,0.90987,0.77323,0.85291,0.6141,1.1684,0.96347,1.19725,0.0046375,0.0046375,0.0046375
652,5868.98,1.13862,0.96961,1.14707,0.91659,0.77234,0.85536,0.61513,1.16546,0.96029,1.19659,0.00462925,0.00462925,0.00462925
653,5877.97,1.13248,0.946,1.14663,0.91809,0.76311,0.85602,0.616,1.16296,0.96041,1.19646,0.004621,0.004621,0.004621
654,5886.85,1.16205,0.96679,1.16243,0.92134,0.76809,0.85428,0.61702,1.16281,0.96388,1.19705,0.00461275,0.00461275,0.00461275
655,5895.83,1.16613,0.97456,1.16055,0.91303,0.77021,0.85551,0.61843,1.16142,0.95864,1.19501,0.0046045,0.0046045,0.0046045
656,5904.92,1.15357,0.95763,1.14812,0.91751,0.76596,0.85685,0.62283,1.16058,0.94531,1.19338,0.00459625,0.00459625,0.00459625
657,5913.8,1.146,0.94951,1.14399,0.93081,0.75319,0.85723,0.62434,1.16213,0.94407,1.19387,0.004588,0.004588,0.004588
658,5922.94,1.12754,0.91498,1.14146,0.93657,0.75532,0.85745,0.6236,1.16181,0.94365,1.19312,0.00457975,0.00457975,0.00457975
659,5931.82,1.12937,0.93949,1.13481,0.93103,0.75106,0.85675,0.62091,1.16393,0.94504,1.19341,0.0045715,0.0045715,0.0045715
660,5940.68,1.15626,0.94672,1.14001,0.92701,0.75957,0.85747,0.61989,1.16323,0.94178,1.19352,0.00456325,0.00456325,0.00456325
661,5949.46,1.12749,0.9347,1.1389,0.9465,0.74468,0.85714,0.61827,1.16172,0.94056,1.19293,0.004555,0.004555,0.004555
662,5958.29,1.13197,0.93566,1.13625,0.93195,0.75766,0.85735,0.6173,1.16332,0.94462,1.19223,0.00454675,0.00454675,0.00454675
663,5967.19,1.13543,0.93887,1.13658,0.92345,0.76596,0.8569,0.61801,1.16596,0.9474,1.19449,0.0045385,0.0045385,0.0045385
664,5975.95,1.13676,0.92444,1.13186,0.93156,0.75299,0.85537,0.62014,1.16704,0.94624,1.19617,0.00453025,0.00453025,0.00453025
665,5984.65,1.11111,0.92984,1.13863,0.94096,0.74604,0.85588,0.61823,1.16626,0.94244,1.19457,0.004522,0.004522,0.004522
666,5993.53,1.121,0.9164,1.1325,0.93402,0.75299,0.85829,0.61749,1.16626,0.94148,1.19345,0.00451375,0.00451375,0.00451375
667,6002.41,1.11044,0.91366,1.12109,0.91872,0.76962,0.85725,0.62075,1.16605,0.94464,1.19343,0.0045055,0.0045055,0.0045055
668,6011.37,1.15319,0.94193,1.15521,0.9352,0.75745,0.85949,0.62243,1.16127,0.94433,1.19199,0.00449725,0.00449725,0.00449725
669,6020.17,1.12619,0.93116,1.13131,0.95082,0.75532,0.85831,0.6221,1.16199,0.94648,1.19228,0.004489,0.004489,0.004489
670,6028.91,1.13241,0.95128,1.14267,0.94277,0.75532,0.85866,0.62361,1.1626,0.94674,1.19082,0.00448075,0.00448075,0.00448075
671,6037.67,1.16258,0.9609,1.14206,0.93012,0.7617,0.85934,0.62237,1.16317,0.94607,1.19281,0.0044725,0.0044725,0.0044725
672,6046.46,1.12277,0.93208,1.13096,0.91863,0.76869,0.85918,0.62534,1.16455,0.94549,1.1931,0.00446425,0.00446425,0.00446425
673,6055.43,1.12862,0.93872,1.13222,0.92539,0.76527,0.8574,0.6248,1.16569,0.94596,1.19371,0.004456,0.004456,0.004456
674,6064.36,1.12682,0.9309,1.12451,0.9184,0.77021,0.86099,0.62355,1.16705,0.94619,1.19366,0.00444775,0.00444775,0.00444775
675,6073.25,1.10805,0.91074,1.12755,0.91376,0.76646,0.86105,0.62651,1.16916,0.94784,1.19485,0.0044395,0.0044395,0.0044395
676,6082.36,1.13224,0.9381,1.13255,0.93454,0.75937,0.8615,0.62692,1.16975,0.9487,1.19478,0.00443125,0.00443125,0.00443125
677,6091.37,1.13543,0.91513,1.12654,0.93698,0.75925,0.8611,0.62585,1.16911,0.95076,1.19287,0.004423,0.004423,0.004423
678,6100.22,1.11642,0.91666,1.12631,0.93224,0.76103,0.86277,0.62599,1.16546,0.94772,1.19061,0.00441475,0.00441475,0.00441475
679,6108.99,1.11981,0.91907,1.12608,0.95161,0.75315,0.8628,0.62634,1.16726,0.93938,1.18967,0.0044065,0.0044065,0.0044065
680,6117.92,1.14427,0.95141,1.1473,0.94676,0.75676,0.86321,0.62747,1.16666,0.93867,1.18816,0.00439825,0.00439825,0.00439825
681,6127.09,1.15293,0.92855,1.14293,0.93999,0.75745,0.86388,0.62754,1.16451,0.93383,1.18581,0.00439,0.00439,0.00439
682,6136.22,1.12718,0.90859,1.13097,0.93721,0.7617,0.86477,0.62955,1.16127,0.93143,1.18368,0.00438175,0.00438175,0.00438175
683,6145.29,1.13655,0.93972,1.13656,0.93651,0.76383,0.86447,0.6267,1.1617,0.93362,1.18257,0.0043735,0.0043735,0.0043735
684,6154.11,1.14532,0.95079,1.1365,0.93503,0.76546,0.86395,0.62862,1.16194,0.93517,1.18279,0.00436525,0.00436525,0.00436525
685,6163,1.10651,0.91103,1.1255,0.94236,0.76529,0.86435,0.62602,1.16258,0.93132,1.18373,0.004357,0.004357,0.004357
686,6171.85,1.1038,0.90708,1.12003,0.955,0.75745,0.86468,0.62489,1.15992,0.92905,1.18247,0.00434875,0.00434875,0.00434875
687,6180.48,1.11441,0.90951,1.11731,0.95445,0.75796,0.86431,0.62607,1.15813,0.92809,1.18334,0.0043405,0.0043405,0.0043405
688,6189.29,1.11955,0.9205,1.12608,0.95193,0.75842,0.86404,0.62649,1.15526,0.92578,1.18341,0.00433225,0.00433225,0.00433225
689,6198.16,1.09109,0.89943,1.12274,0.95164,0.7617,0.86461,0.62621,1.15113,0.92288,1.18209,0.004324,0.004324,0.004324
690,6207.04,1.119,0.92869,1.12973,0.95194,0.75852,0.86524,0.62873,1.14788,0.92354,1.18039,0.00431575,0.00431575,0.00431575
691,6215.96,1.11763,0.92393,1.12809,0.94702,0.76064,0.86333,0.6294,1.14452,0.9232,1.17863,0.0043075,0.0043075,0.0043075
692,6224.88,1.12423,0.90656,1.13144,0.94475,0.76405,0.86571,0.62996,1.14348,0.92672,1.17954,0.00429925,0.00429925,0.00429925
693,6234,1.10141,0.90935,1.12862,0.94534,0.76809,0.86558,0.63167,1.14378,0.92858,1.17952,0.004291,0.004291,0.004291
694,6243.1,1.09192,0.91125,1.12287,0.94748,0.76772,0.8662,0.63159,1.14175,0.92685,1.1792,0.00428275,0.00428275,0.00428275
695,6252.05,1.10712,0.90209,1.11892,0.94722,0.76596,0.86634,0.63464,1.13589,0.92298,1.17531,0.0042745,0.0042745,0.0042745
696,6261.1,1.12516,0.924,1.12558,0.94361,0.76383,0.86333,0.63213,1.13348,0.92153,1.17226,0.00426625,0.00426625,0.00426625
697,6269.91,1.15698,0.95249,1.14011,0.94237,0.76809,0.86749,0.63436,1.13383,0.921,1.17213,0.004258,0.004258,0.004258
698,6278.84,1.10077,0.90416,1.12233,0.94464,0.7624,0.86739,0.63613,1.13227,0.91931,1.17014,0.00424975,0.00424975,0.00424975
699,6287.97,1.08242,0.90148,1.11337,0.93777,0.76955,0.86797,0.63436,1.13188,0.92248,1.16994,0.0042415,0.0042415,0.0042415
700,6296.87,1.09055,0.8887,1.11149,0.93603,0.77234,0.86787,0.6356,1.13068,0.92716,1.1694,0.00423325,0.00423325,0.00423325
701,6305.84,1.10949,0.91703,1.12947,0.93347,0.77616,0.86635,0.63715,1.12879,0.92742,1.16819,0.004225,0.004225,0.004225
702,6315,1.08899,0.90219,1.11661,0.94059,0.76596,0.86859,0.63784,1.12846,0.93218,1.16814,0.00421675,0.00421675,0.00421675
703,6324.18,1.09821,0.89582,1.11456,0.94703,0.76596,0.8678,0.63713,1.1286,0.93079,1.16524,0.0042085,0.0042085,0.0042085
704,6333.15,1.1002,0.9062,1.11979,0.93758,0.76694,0.86747,0.63664,1.12788,0.92612,1.16641,0.00420025,0.00420025,0.00420025
705,6342.01,1.0811,0.88981,1.10637,0.94609,0.76596,0.8685,0.63658,1.12811,0.92285,1.16671,0.004192,0.004192,0.004192
706,6350.84,1.10118,0.91473,1.11017,0.9473,0.76487,0.86827,0.63672,1.12607,0.92118,1.16509,0.00418375,0.00418375,0.00418375
707,6359.68,1.08259,0.87706,1.10891,0.94954,0.76072,0.8677,0.63637,1.12626,0.9242,1.16442,0.0041755,0.0041755,0.0041755
708,6368.51,1.10995,0.92395,1.12923,0.94714,0.76244,0.86751,0.63714,1.12372,0.9231,1.16089,0.00416725,0.00416725,0.00416725
709,6377.42,1.09849,0.90016,1.11743,0.94949,0.75993,0.86693,0.6367,1.12141,0.92002,1.15897,0.004159,0.004159,0.004159
710,6386.24,1.10156,0.90788,1.11766,0.94717,0.75957,0.86698,0.63785,1.11864,0.92005,1.15766,0.00415075,0.00415075,0.00415075
711,6394.97,1.08189,0.89282,1.11521,0.94374,0.7617,0.86813,0.63931,1.11462,0.91419,1.15636,0.0041425,0.0041425,0.0041425
712,6403.99,1.09579,0.881,1.10801,0.94365,0.76809,0.86936,0.64062,1.11369,0.91509,1.15579,0.00413425,0.00413425,0.00413425
713,6413.08,1.09564,0.89808,1.11822,0.95463,0.75745,0.86967,0.64206,1.11442,0.91606,1.1553,0.004126,0.004126,0.004126
714,6422.18,1.09798,0.89596,1.11233,0.93716,0.77234,0.86801,0.64395,1.11215,0.91893,1.15548,0.00411775,0.00411775,0.00411775
715,6431.17,1.0902,0.89016,1.11778,0.94743,0.77234,0.86924,0.64403,1.11046,0.91464,1.15508,0.0041095,0.0041095,0.0041095
716,6440.24,1.10184,0.8979,1.12099,0.95513,0.76987,0.86999,0.64408,1.10963,0.91312,1.15471,0.00410125,0.00410125,0.00410125
717,6449.23,1.07009,0.87648,1.11237,0.94994,0.76714,0.86864,0.64293,1.10858,0.91267,1.15327,0.004093,0.004093,0.004093
718,6458,1.10336,0.91164,1.11875,0.94102,0.77021,0.86761,0.64594,1.10328,0.91015,1.14978,0.00408475,0.00408475,0.00408475
719,6466.79,1.09338,0.87413,1.11345,0.9451,0.77021,0.86879,0.64612,1.10348,0.90809,1.14867,0.0040765,0.0040765,0.0040765
720,6475.93,1.08541,0.88557,1.1151,0.94797,0.76809,0.86885,0.64599,1.10341,0.90673,1.14794,0.00406825,0.00406825,0.00406825
721,6484.64,1.09697,0.89353,1.10446,0.94774,0.77172,0.86937,0.64358,1.10377,0.9008,1.14848,0.00406,0.00406,0.00406
722,6493.38,1.06977,0.87067,1.09977,0.95753,0.7676,0.86844,0.64429,1.10425,0.8962,1.14824,0.00405175,0.00405175,0.00405175
723,6502.27,1.06969,0.86111,1.10275,0.95547,0.77234,0.87208,0.64293,1.10518,0.89325,1.14651,0.0040435,0.0040435,0.0040435
724,6511.09,1.06745,0.866,1.10177,0.95102,0.77234,0.87255,0.64434,1.10695,0.8946,1.14548,0.00403525,0.00403525,0.00403525
725,6519.98,1.08999,0.88957,1.10917,0.9464,0.77447,0.87113,0.64482,1.10723,0.89176,1.14475,0.004027,0.004027,0.004027
726,6528.82,1.06691,0.87782,1.11131,0.9483,0.78049,0.87405,0.64353,1.1057,0.88839,1.14364,0.00401875,0.00401875,0.00401875
727,6537.64,1.06843,0.87837,1.10166,0.94374,0.78511,0.87176,0.64315,1.10689,0.89128,1.14348,0.0040105,0.0040105,0.0040105
728,6546.31,1.09292,0.89201,1.10938,0.94806,0.77671,0.87182,0.64337,1.1076,0.89407,1.14385,0.00400225,0.00400225,0.00400225
729,6555.18,1.08624,0.9001,1.11612,0.94812,0.77762,0.87173,0.64349,1.10651,0.89243,1.14403,0.003994,0.003994,0.003994
730,6563.97,1.06957,0.87305,1.09881,0.94409,0.77872,0.87151,0.64599,1.10714,0.88632,1.1435,0.00398575,0.00398575,0.00398575
731,6572.89,1.08457,0.89038,1.11428,0.94723,0.7766,0.87353,0.64602,1.10578,0.8847,1.1438,0.0039775,0.0039775,0.0039775
732,6581.95,1.05979,0.85957,1.1067,0.95045,0.77547,0.87407,0.64606,1.10218,0.88621,1.14229,0.00396925,0.00396925,0.00396925
733,6590.96,1.09326,0.88607,1.11279,0.94999,0.77234,0.87243,0.64602,1.10124,0.88532,1.14102,0.003961,0.003961,0.003961
734,6599.86,1.07307,0.8722,1.09431,0.95162,0.77234,0.87264,0.64592,1.10016,0.88462,1.14034,0.00395275,0.00395275,0.00395275
735,6608.77,1.06732,0.86876,1.10013,0.953,0.77659,0.87389,0.64514,1.10072,0.88509,1.14097,0.0039445,0.0039445,0.0039445
736,6617.48,1.07265,0.86469,1.10128,0.95601,0.77872,0.87631,0.64568,1.10078,0.88371,1.14162,0.00393625,0.00393625,0.00393625
737,6626.29,1.06398,0.85806,1.10319,0.94849,0.7836,0.87749,0.64775,1.10054,0.88036,1.1422,0.003928,0.003928,0.003928
738,6635.4,1.04905,0.8506,1.09775,0.95487,0.78085,0.87811,0.64798,1.09975,0.88043,1.1416,0.00391975,0.00391975,0.00391975
739,6644.37,1.05625,0.84964,1.09425,0.9554,0.77482,0.87785,0.64888,1.09846,0.87752,1.14125,0.0039115,0.0039115,0.0039115
740,6653.41,1.07834,0.88164,1.11028,0.95811,0.76809,0.87859,0.65038,1.09586,0.87399,1.14046,0.00390325,0.00390325,0.00390325
741,6662.25,1.06404,0.86881,1.10008,0.9576,0.76883,0.87926,0.64851,1.09385,0.87176,1.1393,0.003895,0.003895,0.003895
742,6671.1,1.04703,0.84826,1.09809,0.96292,0.77021,0.87984,0.64839,1.09291,0.86815,1.13918,0.00388675,0.00388675,0.00388675
743,6679.99,1.06507,0.88991,1.10138,0.95882,0.77872,0.87974,0.64798,1.09263,0.86478,1.13923,0.0038785,0.0038785,0.0038785
744,6688.82,1.06661,0.8629,1.10419,0.95174,0.77447,0.87715,0.64735,1.09127,0.8626,1.13894,0.00387025,0.00387025,0.00387025
745,6697.72,1.06886,0.87808,1.09918,0.94707,0.7766,0.87872,0.6482,1.08927,0.86091,1.13758,0.003862,0.003862,0.003862
746,6706.6,1.08717,0.88541,1.10914,0.95049,0.77614,0.87861,0.64893,1.08908,0.86159,1.13734,0.00385375,0.00385375,0.00385375
747,6715.39,1.05959,0.86664,1.10256,0.94312,0.77872,0.87939,0.64879,1.08839,0.86288,1.13774,0.0038455,0.0038455,0.0038455
748,6724.3,1.05787,0.85292,1.09322,0.91939,0.80081,0.87883,0.64923,1.08636,0.86074,1.13721,0.00383725,0.00383725,0.00383725
749,6733.03,1.03202,0.83723,1.08744,0.94346,0.78113,0.87663,0.6512,1.08584,0.86203,1.13712,0.003829,0.003829,0.003829
750,6741.56,1.07357,0.87132,1.10287,0.94058,0.77872,0.87593,0.65113,1.08503,0.86355,1.13686,0.00382075,0.00382075,0.00382075
751,6750.44,1.07239,0.881,1.10697,0.94306,0.77522,0.87661,0.65068,1.08441,0.86395,1.1361,0.0038125,0.0038125,0.0038125
752,6759.28,1.05368,0.86338,1.09543,0.9385,0.77927,0.87611,0.65181,1.08515,0.86289,1.1364,0.00380425,0.00380425,0.00380425
753,6768.48,1.05488,0.8512,1.08688,0.93865,0.78123,0.87841,0.65143,1.08532,0.86261,1.13638,0.003796,0.003796,0.003796
754,6777.33,1.04771,0.85781,1.08832,0.94104,0.781,0.87906,0.65353,1.08528,0.86254,1.1355,0.00378775,0.00378775,0.00378775
755,6786.44,1.05136,0.86148,1.10028,0.94498,0.78298,0.88114,0.65154,1.08491,0.86248,1.13552,0.0037795,0.0037795,0.0037795
756,6795.32,1.05709,0.85911,1.09868,0.94236,0.78298,0.88427,0.65167,1.08458,0.86143,1.13552,0.00377125,0.00377125,0.00377125
757,6804.15,1.03455,0.83826,1.09474,0.94117,0.78292,0.88183,0.65103,1.08491,0.86136,1.13617,0.003763,0.003763,0.003763
758,6812.95,1.06152,0.85885,1.09832,0.9428,0.78298,0.88162,0.65133,1.0858,0.86111,1.13684,0.00375475,0.00375475,0.00375475
759,6821.75,1.03573,0.84066,1.08578,0.93573,0.78511,0.88178,0.65091,1.08604,0.85966,1.13796,0.0037465,0.0037465,0.0037465
760,6830.53,1.04713,0.84462,1.09111,0.93475,0.78511,0.88188,0.65223,1.08565,0.85927,1.1379,0.00373825,0.00373825,0.00373825
761,6839.17,1.03579,0.83462,1.08194,0.93809,0.78511,0.88369,0.65414,1.08524,0.85958,1.1387,0.00373,0.00373,0.00373
762,6848.01,1.0605,0.86101,1.10212,0.94127,0.78424,0.88324,0.6534,1.08342,0.86066,1.13796,0.00372175,0.00372175,0.00372175
763,6856.86,1.05652,0.85977,1.09659,0.94569,0.78085,0.88293,0.65303,1.08216,0.86082,1.13805,0.0037135,0.0037135,0.0037135
764,6865.56,1.05421,0.86138,1.09666,0.94572,0.78085,0.88409,0.6533,1.08173,0.85931,1.13733,0.00370525,0.00370525,0.00370525
765,6873.93,1.06069,0.85994,1.0944,0.94585,0.78045,0.88257,0.65326,1.08224,0.85896,1.13686,0.003697,0.003697,0.003697
766,6882.76,1.03833,0.84525,1.0883,0.9396,0.78085,0.88223,0.65554,1.08273,0.85763,1.13589,0.00368875,0.00368875,0.00368875
767,6891.89,1.03344,0.84362,1.08499,0.93366,0.78085,0.88092,0.65421,1.08361,0.85888,1.13553,0.0036805,0.0036805,0.0036805
768,6900.74,1.04428,0.84415,1.08719,0.93628,0.7816,0.88124,0.65504,1.08444,0.86026,1.13504,0.00367225,0.00367225,0.00367225
769,6909.53,1.03013,0.82919,1.07173,0.93934,0.78085,0.88191,0.65573,1.0834,0.8591,1.13473,0.003664,0.003664,0.003664
770,6918.71,1.04605,0.83427,1.09126,0.95663,0.77234,0.88256,0.65646,1.08333,0.85648,1.13485,0.00365575,0.00365575,0.00365575
771,6927.88,1.05979,0.8601,1.09583,0.95043,0.77511,0.88251,0.65766,1.08326,0.85415,1.13518,0.0036475,0.0036475,0.0036475
772,6936.88,1.07216,0.87555,1.10147,0.95228,0.77447,0.88263,0.6579,1.08184,0.85142,1.1358,0.00363925,0.00363925,0.00363925
773,6946.04,1.03178,0.83779,1.08628,0.95773,0.77127,0.88258,0.65501,1.08103,0.85296,1.13556,0.003631,0.003631,0.003631
774,6954.72,1.05135,0.85106,1.08577,0.96019,0.76985,0.8825,0.655,1.07844,0.85291,1.13447,0.00362275,0.00362275,0.00362275
775,6963.59,1.02473,0.85528,1.08132,0.95725,0.77021,0.88221,0.65545,1.07833,0.85389,1.13481,0.0036145,0.0036145,0.0036145
776,6972.35,1.03436,0.85506,1.08943,0.95687,0.77234,0.88227,0.65503,1.07712,0.85261,1.13398,0.00360625,0.00360625,0.00360625
777,6981.12,1.03387,0.84858,1.08538,0.93921,0.78298,0.88095,0.65535,1.07514,0.8524,1.13253,0.003598,0.003598,0.003598
778,6989.99,1.05731,0.8544,1.09371,0.93324,0.78511,0.8809,0.65645,1.07363,0.84977,1.1326,0.00358975,0.00358975,0.00358975
779,6998.87,1.01214,0.83616,1.07775,0.94004,0.78298,0.88229,0.65577,1.07273,0.84623,1.13251,0.0035815,0.0035815,0.0035815
780,7007.61,1.03033,0.83363,1.08633,0.94366,0.78085,0.88217,0.6555,1.07215,0.84405,1.1328,0.00357325,0.00357325,0.00357325
781,7016.19,1.03849,0.83471,1.09308,0.94539,0.78085,0.88291,0.65676,1.07081,0.84525,1.13287,0.003565,0.003565,0.003565
782,7024.99,1.04335,0.84341,1.08858,0.9411,0.7766,0.88221,0.65701,1.07145,0.8484,1.13282,0.00355675,0.00355675,0.00355675
783,7033.79,1.02574,0.84012,1.08381,0.94818,0.77854,0.8818,0.65602,1.07232,0.85023,1.13135,0.0035485,0.0035485,0.0035485
784,7042.2,1.03332,0.81856,1.07805,0.93907,0.78511,0.88177,0.65594,1.07086,0.85092,1.13139,0.00354025,0.00354025,0.00354025
785,7050.69,1.04631,0.84787,1.08283,0.94796,0.77508,0.88158,0.65612,1.07114,0.85108,1.13284,0.003532,0.003532,0.003532
786,7059.58,1.02443,0.83434,1.0763,0.94297,0.78298,0.88146,0.65654,1.07106,0.85233,1.13245,0.00352375,0.00352375,0.00352375
787,7068.42,1.0428,0.8564,1.08074,0.93673,0.78753,0.88148,0.65723,1.0705,0.85163,1.13113,0.0035155,0.0035155,0.0035155
788,7077.33,1.0155,0.82621,1.0753,0.93678,0.78824,0.8814,0.66006,1.07001,0.84937,1.1311,0.00350725,0.00350725,0.00350725
789,7086.11,1.04286,0.83648,1.08169,0.93426,0.78936,0.88132,0.65884,1.06917,0.85022,1.13078,0.003499,0.003499,0.003499
790,7094.93,1.05422,0.85121,1.08902,0.94142,0.78638,0.88116,0.65903,1.06845,0.85063,1.12974,0.00349075,0.00349075,0.00349075
791,7103.86,1.02433,0.80945,1.07554,0.94393,0.78805,0.88083,0.66072,1.06791,0.8508,1.12838,0.0034825,0.0034825,0.0034825
792,7113.01,1.02909,0.83042,1.07886,0.93924,0.78936,0.87994,0.65933,1.06734,0.85174,1.12806,0.00347425,0.00347425,0.00347425
793,7121.74,1.02504,0.81949,1.07688,0.93963,0.78723,0.87939,0.65962,1.06677,0.8517,1.12792,0.003466,0.003466,0.003466
794,7130.59,1.0169,0.82097,1.07953,0.94376,0.78298,0.88135,0.66046,1.06679,0.85077,1.12778,0.00345775,0.00345775,0.00345775
795,7139.28,1.02718,0.84238,1.08834,0.94632,0.78774,0.88154,0.65994,1.06634,0.84963,1.12774,0.0034495,0.0034495,0.0034495
796,7148.1,1.02739,0.84266,1.07788,0.94626,0.78679,0.88163,0.65964,1.06493,0.85015,1.12715,0.00344125,0.00344125,0.00344125
797,7156.96,1.02033,0.83944,1.09018,0.94626,0.78679,0.88183,0.65871,1.06369,0.85045,1.12658,0.003433,0.003433,0.003433
798,7165.83,1.02312,0.82656,1.07398,0.94644,0.78958,0.88181,0.65889,1.06387,0.84949,1.12656,0.00342475,0.00342475,0.00342475
799,7174.64,1.02298,0.82732,1.08461,0.95081,0.78723,0.88202,0.66069,1.06341,0.85071,1.12629,0.0034165,0.0034165,0.0034165
800,7183.73,1.03027,0.84781,1.08464,0.95012,0.78723,0.88214,0.66061,1.06389,0.8512,1.12666,0.00340825,0.00340825,0.00340825
801,7192.6,1.02892,0.83215,1.09018,0.94884,0.78924,0.88224,0.66025,1.06366,0.85049,1.12706,0.0034,0.0034,0.0034
802,7201.51,1.02785,0.82591,1.07551,0.94289,0.79362,0.88266,0.66062,1.06321,0.84948,1.12712,0.00339175,0.00339175,0.00339175
803,7210.64,1.01692,0.83747,1.07452,0.94197,0.79362,0.88296,0.66099,1.0637,0.85011,1.12685,0.0033835,0.0033835,0.0033835
804,7219.76,1.04307,0.84952,1.08421,0.94897,0.79139,0.88306,0.66127,1.06316,0.85176,1.12716,0.00337525,0.00337525,0.00337525
805,7228.86,1.01454,0.82796,1.0726,0.94586,0.78936,0.88248,0.66086,1.06363,0.85125,1.12764,0.003367,0.003367,0.003367
806,7237.74,1.02399,0.82509,1.07524,0.94644,0.78952,0.88257,0.66099,1.06177,0.84967,1.1279,0.00335875,0.00335875,0.00335875
807,7246.57,1.01412,0.82414,1.08007,0.94875,0.78936,0.88293,0.66238,1.06017,0.84827,1.12788,0.0033505,0.0033505,0.0033505
808,7255.81,1.01068,0.82037,1.06961,0.94728,0.78723,0.88316,0.66404,1.05907,0.84745,1.12764,0.00334225,0.00334225,0.00334225
809,7264.79,1.01965,0.82018,1.07708,0.9477,0.78723,0.88377,0.66434,1.05856,0.84668,1.12662,0.003334,0.003334,0.003334
810,7273.93,1.0073,0.80248,1.0753,0.94821,0.78723,0.88396,0.66427,1.05787,0.84698,1.12549,0.00332575,0.00332575,0.00332575
811,7282.8,1.01789,0.81833,1.07351,0.95348,0.78487,0.88403,0.66553,1.05873,0.84896,1.12548,0.0033175,0.0033175,0.0033175
812,7291.92,0.99962,0.8143,1.07901,0.95333,0.78236,0.88217,0.66417,1.05894,0.85026,1.125,0.00330925,0.00330925,0.00330925
813,7300.75,1.02042,0.82188,1.07221,0.95093,0.78333,0.88181,0.66533,1.05785,0.8518,1.1241,0.003301,0.003301,0.003301
814,7309.6,1.01792,0.81625,1.0756,0.94878,0.78298,0.88223,0.66554,1.05716,0.85221,1.12318,0.00329275,0.00329275,0.00329275
815,7318.55,1.00262,0.79592,1.0688,0.95229,0.78298,0.88467,0.66485,1.05689,0.85264,1.12278,0.0032845,0.0032845,0.0032845
816,7327.43,1.02817,0.8153,1.08187,0.95114,0.78697,0.88475,0.66392,1.05769,0.8531,1.12365,0.00327625,0.00327625,0.00327625
817,7335.85,0.99724,0.80236,1.06876,0.94639,0.78511,0.88388,0.66436,1.05731,0.85251,1.12341,0.003268,0.003268,0.003268
818,7344.45,1.02184,0.8154,1.07449,0.9484,0.78511,0.88411,0.66536,1.05623,0.85227,1.12191,0.00325975,0.00325975,0.00325975
819,7353.27,1.02773,0.83286,1.07885,0.9461,0.78511,0.88425,0.66529,1.0555,0.85312,1.12104,0.0032515,0.0032515,0.0032515
820,7361.95,1.02375,0.82292,1.07505,0.95276,0.78723,0.88614,0.66601,1.05572,0.85467,1.12089,0.00324325,0.00324325,0.00324325
821,7371.04,1.01325,0.81137,1.06952,0.96344,0.78489,0.88488,0.66792,1.05615,0.85553,1.12039,0.003235,0.003235,0.003235
822,7380.05,1.00449,0.79563,1.06299,0.95589,0.78375,0.88295,0.66752,1.05624,0.85577,1.12093,0.00322675,0.00322675,0.00322675
823,7388.79,1.01674,0.82449,1.06965,0.96282,0.78511,0.88623,0.66854,1.05511,0.85608,1.12049,0.0032185,0.0032185,0.0032185
824,7397.88,0.98354,0.81587,1.06971,0.95385,0.78511,0.88601,0.66813,1.05443,0.85483,1.11982,0.00321025,0.00321025,0.00321025
825,7406.74,1.02177,0.83001,1.07861,0.94805,0.78511,0.88622,0.66829,1.0536,0.85273,1.11867,0.003202,0.003202,0.003202
826,7415.59,1.01282,0.82562,1.07614,0.95949,0.78511,0.88657,0.66845,1.05461,0.85127,1.11919,0.00319375,0.00319375,0.00319375
827,7424.48,0.99454,0.80685,1.06501,0.96004,0.78298,0.88704,0.66931,1.05535,0.85235,1.11946,0.0031855,0.0031855,0.0031855
828,7433.55,1.01768,0.82106,1.07514,0.95464,0.78936,0.88625,0.66881,1.05485,0.85175,1.11863,0.00317725,0.00317725,0.00317725
829,7442.43,1.00635,0.80284,1.06181,0.95529,0.78298,0.88428,0.66841,1.05462,0.85189,1.11838,0.003169,0.003169,0.003169
830,7451.12,0.98676,0.78834,1.0677,0.95339,0.78334,0.88434,0.66682,1.05453,0.85069,1.11856,0.00316075,0.00316075,0.00316075
831,7459.93,0.99425,0.80212,1.06244,0.95337,0.78308,0.88478,0.66768,1.05452,0.84935,1.11923,0.0031525,0.0031525,0.0031525
832,7468.69,1.0001,0.80548,1.06482,0.95528,0.78298,0.88571,0.66835,1.05412,0.84683,1.11979,0.00314425,0.00314425,0.00314425
833,7477.52,0.9891,0.79984,1.06903,0.95575,0.78117,0.88613,0.66787,1.05423,0.84587,1.11982,0.003136,0.003136,0.003136
834,7486.37,0.99497,0.80234,1.06546,0.9631,0.77748,0.88601,0.66802,1.05354,0.84677,1.11927,0.00312775,0.00312775,0.00312775
835,7495.24,0.97535,0.78813,1.06171,0.96303,0.77596,0.88645,0.66819,1.05294,0.84616,1.11936,0.0031195,0.0031195,0.0031195
836,7504.07,0.96963,0.76904,1.05408,0.9616,0.78723,0.8876,0.66858,1.05225,0.84546,1.11963,0.00311125,0.00311125,0.00311125
837,7512.8,0.97478,0.77778,1.05262,0.96338,0.78352,0.88784,0.6685,1.05171,0.84407,1.11912,0.003103,0.003103,0.003103
838,7521.65,0.99959,0.79732,1.06359,0.97078,0.77748,0.88577,0.66818,1.0515,0.843,1.11888,0.00309475,0.00309475,0.00309475
839,7530.47,0.99472,0.80218,1.0624,0.97072,0.77592,0.88608,0.66818,1.05086,0.84146,1.11864,0.0030865,0.0030865,0.0030865
840,7538.72,0.98372,0.78657,1.06298,0.96343,0.78479,0.88759,0.66854,1.05024,0.83999,1.11814,0.00307825,0.00307825,0.00307825
841,7547.58,0.99999,0.7954,1.07713,0.96594,0.78449,0.88744,0.66942,1.04954,0.84093,1.11811,0.00307,0.00307,0.00307
842,7556.61,0.99444,0.80434,1.06951,0.96611,0.78298,0.88761,0.66873,1.04958,0.84029,1.11828,0.00306175,0.00306175,0.00306175
843,7565.37,1.00005,0.7982,1.06131,0.96574,0.78298,0.88766,0.66877,1.0495,0.84094,1.1182,0.0030535,0.0030535,0.0030535
844,7574.29,1.00982,0.82433,1.06859,0.97598,0.77797,0.88813,0.66854,1.04948,0.83995,1.11795,0.00304525,0.00304525,0.00304525
845,7583.06,0.99222,0.79274,1.05883,0.97606,0.78073,0.88819,0.6692,1.04957,0.83875,1.11803,0.003037,0.003037,0.003037
846,7591.91,0.98413,0.78133,1.06352,0.97608,0.78143,0.88844,0.66976,1.04861,0.83865,1.11721,0.00302875,0.00302875,0.00302875
847,7601.05,0.98698,0.79407,1.06004,0.97606,0.78072,0.88875,0.67037,1.04814,0.83801,1.11652,0.0030205,0.0030205,0.0030205
848,7610.15,0.96379,0.76982,1.05526,0.97344,0.77968,0.88705,0.66994,1.04811,0.83712,1.11599,0.00301225,0.00301225,0.00301225
849,7618.94,0.98266,0.78709,1.04954,0.97344,0.77982,0.8872,0.66932,1.04807,0.83761,1.11628,0.003004,0.003004,0.003004
850,7627.77,0.98889,0.78517,1.0586,0.97341,0.77898,0.88737,0.67014,1.04829,0.83719,1.11636,0.00299575,0.00299575,0.00299575
851,7636.67,0.97974,0.7741,1.06094,0.97339,0.77841,0.8876,0.66983,1.0484,0.83696,1.11676,0.0029875,0.0029875,0.0029875
852,7645.53,0.99202,0.7931,1.05651,0.97324,0.77872,0.88779,0.67014,1.0475,0.83666,1.1166,0.00297925,0.00297925,0.00297925
853,7654.29,0.9891,0.78899,1.06578,0.97148,0.77872,0.88804,0.67004,1.04817,0.83646,1.11678,0.002971,0.002971,0.002971
854,7663.19,0.96216,0.77833,1.05485,0.97086,0.77982,0.88784,0.67072,1.04892,0.83665,1.11712,0.00296275,0.00296275,0.00296275
855,7672.21,0.96034,0.76242,1.05337,0.97089,0.78068,0.88814,0.67071,1.04899,0.83681,1.11723,0.0029545,0.0029545,0.0029545
856,7681.35,0.99106,0.79909,1.05612,0.97085,0.77959,0.88807,0.6716,1.04793,0.83541,1.11734,0.00294625,0.00294625,0.00294625
857,7690.51,0.99248,0.79145,1.05673,0.97083,0.77893,0.88795,0.67173,1.04715,0.83596,1.11694,0.002938,0.002938,0.002938
858,7699.53,0.96296,0.77587,1.05426,0.97079,0.77872,0.88804,0.6698,1.04652,0.83683,1.11717,0.00292975,0.00292975,0.00292975
859,7708.38,0.96547,0.76423,1.05382,0.97008,0.77872,0.88783,0.67083,1.04669,0.83715,1.11701,0.0029215,0.0029215,0.0029215
860,7717.24,0.96969,0.78445,1.05167,0.96669,0.78085,0.88786,0.67112,1.04639,0.83789,1.1168,0.00291325,0.00291325,0.00291325
861,7726.22,0.97543,0.7689,1.05074,0.96602,0.78085,0.88787,0.67103,1.04596,0.8394,1.11642,0.002905,0.002905,0.002905
862,7735.13,0.99126,0.79103,1.05506,0.96554,0.78085,0.88804,0.67137,1.04587,0.83979,1.1163,0.00289675,0.00289675,0.00289675
863,7744.07,0.96103,0.76653,1.04652,0.96341,0.78437,0.88809,0.67116,1.04567,0.8381,1.11596,0.0028885,0.0028885,0.0028885
864,7753.04,0.98778,0.79533,1.06107,0.96099,0.78626,0.88802,0.67145,1.04535,0.83692,1.11546,0.00288025,0.00288025,0.00288025
865,7762.02,0.96686,0.78199,1.05776,0.96235,0.78723,0.88513,0.67106,1.04451,0.83538,1.11501,0.002872,0.002872,0.002872
866,7771,0.97587,0.77249,1.05186,0.96989,0.78298,0.88521,0.66978,1.04372,0.8349,1.11422,0.00286375,0.00286375,0.00286375
867,7779.87,0.97458,0.7748,1.05426,0.96907,0.78298,0.88547,0.67082,1.04288,0.83436,1.11383,0.0028555,0.0028555,0.0028555
868,7788.88,0.95901,0.77686,1.05346,0.96989,0.78298,0.8858,0.67215,1.04285,0.83462,1.11388,0.00284725,0.00284725,0.00284725
869,7797.92,0.95903,0.77132,1.04826,0.96982,0.78085,0.88601,0.67144,1.04259,0.83423,1.11371,0.002839,0.002839,0.002839
870,7806.73,0.96575,0.78148,1.05372,0.9666,0.78085,0.88622,0.67262,1.04251,0.83357,1.11316,0.00283075,0.00283075,0.00283075
871,7815.69,0.96167,0.76138,1.04888,0.96582,0.78161,0.88624,0.67242,1.0419,0.83308,1.11275,0.0028225,0.0028225,0.0028225
872,7824.67,0.9761,0.78022,1.05785,0.96584,0.7821,0.88623,0.67311,1.04162,0.83207,1.11246,0.00281425,0.00281425,0.00281425
873,7833.82,0.98514,0.7923,1.06523,0.96819,0.7772,0.88616,0.67388,1.04154,0.83206,1.11215,0.002806,0.002806,0.002806
874,7843.01,0.99217,0.787,1.06489,0.96816,0.77639,0.88638,0.67419,1.04102,0.83102,1.11185,0.00279775,0.00279775,0.00279775
875,7852.03,0.96039,0.76396,1.05337,0.96814,0.77576,0.88469,0.67386,1.04079,0.83055,1.11152,0.0027895,0.0027895,0.0027895
876,7861.04,0.96564,0.78985,1.05354,0.9681,0.77493,0.88625,0.67336,1.04007,0.83053,1.11156,0.00278125,0.00278125,0.00278125
877,7870.1,0.97328,0.7768,1.05165,0.96809,0.7747,0.8865,0.67323,1.03963,0.83093,1.11151,0.002773,0.002773,0.002773
878,7879,0.97673,0.77941,1.05191,0.96244,0.78085,0.88776,0.67368,1.03881,0.8304,1.11145,0.00276475,0.00276475,0.00276475
879,7887.76,0.97615,0.7767,1.05846,0.96222,0.78085,0.88734,0.67374,1.03855,0.83093,1.11104,0.0027565,0.0027565,0.0027565
880,7896.62,0.97155,0.77944,1.05004,0.96669,0.78085,0.88741,0.67388,1.03799,0.82811,1.11103,0.00274825,0.00274825,0.00274825
881,7905.58,0.95504,0.77486,1.04861,0.9671,0.78085,0.88753,0.67453,1.03768,0.82659,1.11106,0.00274,0.00274,0.00274
882,7914.75,0.96909,0.77247,1.05778,0.96753,0.78085,0.88812,0.67518,1.03737,0.82662,1.11053,0.00273175,0.00273175,0.00273175
883,7923.95,0.95446,0.76711,1.04677,0.96464,0.78298,0.88797,0.67488,1.03715,0.82663,1.10963,0.0027235,0.0027235,0.0027235
884,7932.87,0.97369,0.76921,1.04963,0.96972,0.78298,0.88739,0.67381,1.03711,0.82659,1.10957,0.00271525,0.00271525,0.00271525
885,7941.81,0.96864,0.78445,1.05386,0.96845,0.78376,0.88731,0.67405,1.03712,0.82575,1.10876,0.002707,0.002707,0.002707
886,7950.71,0.95642,0.76426,1.05162,0.93123,0.80677,0.88764,0.67508,1.03643,0.82571,1.10817,0.00269875,0.00269875,0.00269875
887,7959.67,0.96024,0.75871,1.04603,0.92482,0.80638,0.88773,0.67569,1.03577,0.82553,1.10808,0.0026905,0.0026905,0.0026905
888,7968.82,0.96524,0.7754,1.04742,0.96847,0.78425,0.88805,0.67522,1.03591,0.82512,1.10806,0.00268225,0.00268225,0.00268225
889,7977.81,0.95857,0.77033,1.04767,0.96801,0.78298,0.8879,0.67437,1.03592,0.82478,1.10787,0.002674,0.002674,0.002674
890,7986.74,0.9652,0.7595,1.04438,0.9685,0.78502,0.88787,0.6746,1.03525,0.82582,1.10709,0.00266575,0.00266575,0.00266575
891,7995.71,0.95624,0.76734,1.045,0.96683,0.78511,0.88794,0.67468,1.0353,0.82584,1.10691,0.0026575,0.0026575,0.0026575
892,8004.77,0.9447,0.75844,1.04343,0.96642,0.78511,0.88767,0.67496,1.03515,0.82632,1.10664,0.00264925,0.00264925,0.00264925
893,8013.69,0.95383,0.74896,1.04138,0.9685,0.7849,0.8878,0.67486,1.03532,0.82652,1.10652,0.002641,0.002641,0.002641
894,8022.74,0.95327,0.77027,1.05059,0.96443,0.78511,0.88777,0.67427,1.03559,0.8255,1.10678,0.00263275,0.00263275,0.00263275
895,8031.72,0.95695,0.75906,1.04182,0.96642,0.78298,0.88801,0.67501,1.03541,0.8261,1.10601,0.0026245,0.0026245,0.0026245
896,8040.63,0.95187,0.77624,1.04428,0.96848,0.78511,0.88821,0.6743,1.03567,0.82567,1.10598,0.00261625,0.00261625,0.00261625
897,8049.59,0.9436,0.75748,1.04412,0.93148,0.80982,0.88854,0.67505,1.0355,0.82453,1.10595,0.002608,0.002608,0.002608
898,8058.68,0.9582,0.76351,1.05098,0.9734,0.78085,0.88851,0.6757,1.03479,0.82357,1.1052,0.00259975,0.00259975,0.00259975
899,8067.94,0.92795,0.73835,1.04312,0.97347,0.78069,0.88865,0.67594,1.03405,0.82344,1.10428,0.0025915,0.0025915,0.0025915
900,8077.24,0.93435,0.75112,1.03382,0.97346,0.78038,0.88881,0.67645,1.03413,0.82275,1.10455,0.00258325,0.00258325,0.00258325
901,8086.45,0.93476,0.73099,1.03548,0.97168,0.77872,0.88889,0.67646,1.03377,0.82345,1.10456,0.002575,0.002575,0.002575
902,8095.25,0.94439,0.74638,1.03958,0.97249,0.77872,0.88866,0.6771,1.03351,0.82419,1.10467,0.00256675,0.00256675,0.00256675
903,8104.33,0.94424,0.75342,1.03829,0.97341,0.77893,0.88857,0.67786,1.03392,0.82465,1.1046,0.0025585,0.0025585,0.0025585
904,8113.58,0.95356,0.75242,1.04345,0.97347,0.78074,0.88861,0.67734,1.03341,0.82486,1.10384,0.00255025,0.00255025,0.00255025
905,8122.49,0.94913,0.7624,1.04555,0.97122,0.78085,0.88877,0.67769,1.03379,0.82491,1.10356,0.002542,0.002542,0.002542
906,8131.5,0.9495,0.75664,1.04301,0.97321,0.78085,0.8889,0.67846,1.03399,0.82549,1.10343,0.00253375,0.00253375,0.00253375
907,8140.64,0.93856,0.74808,1.04331,0.9735,0.7815,0.88895,0.67809,1.03329,0.82481,1.10345,0.0025255,0.0025255,0.0025255
908,8149.6,0.95078,0.75662,1.03975,0.97605,0.78043,0.88907,0.67888,1.03295,0.8249,1.10331,0.00251725,0.00251725,0.00251725
909,8158.74,0.94607,0.76205,1.04376,0.97381,0.77872,0.88932,0.68053,1.03227,0.82412,1.10247,0.002509,0.002509,0.002509
910,8167.81,0.94689,0.75397,1.03832,0.9725,0.78298,0.88951,0.67902,1.03193,0.82424,1.10235,0.00250075,0.00250075,0.00250075
911,8176.67,0.94896,0.74706,1.04844,0.971,0.78085,0.8896,0.6795,1.03139,0.82382,1.10211,0.0024925,0.0024925,0.0024925
912,8185.68,0.93085,0.73552,1.03492,0.96853,0.78569,0.88985,0.6793,1.03132,0.82407,1.10186,0.00248425,0.00248425,0.00248425
913,8194.65,0.92657,0.74805,1.03602,0.9666,0.78511,0.88981,0.67884,1.03103,0.82373,1.10177,0.002476,0.002476,0.002476
914,8203.37,0.94602,0.75305,1.04074,0.96567,0.78511,0.88988,0.67946,1.03089,0.82297,1.10156,0.00246775,0.00246775,0.00246775
915,8212.34,0.941,0.739,1.0353,0.96661,0.78511,0.89053,0.68042,1.03031,0.82288,1.10111,0.0024595,0.0024595,0.0024595
916,8221.3,0.93022,0.74647,1.0436,0.96715,0.78511,0.89051,0.67962,1.02965,0.82183,1.10069,0.00245125,0.00245125,0.00245125
917,8230.29,0.9256,0.73606,1.03774,0.96742,0.78511,0.89012,0.67998,1.02881,0.82071,1.10015,0.002443,0.002443,0.002443
918,8239.22,0.92544,0.7415,1.0352,0.97485,0.78511,0.89007,0.67964,1.02831,0.82021,1.09942,0.00243475,0.00243475,0.00243475
919,8248.12,0.94021,0.74384,1.0352,0.97286,0.78511,0.88997,0.6796,1.02799,0.81924,1.09899,0.0024265,0.0024265,0.0024265
920,8256.83,0.9401,0.73964,1.04228,0.97153,0.78511,0.89006,0.67911,1.02716,0.81885,1.09823,0.00241825,0.00241825,0.00241825
921,8265.8,0.95568,0.76656,1.04922,0.97295,0.78085,0.8887,0.67814,1.02617,0.81986,1.09743,0.00241,0.00241,0.00241
922,8274.74,0.93625,0.73994,1.03508,0.97353,0.78265,0.88862,0.6788,1.02555,0.81841,1.09693,0.00240175,0.00240175,0.00240175
923,8283.66,0.92124,0.72863,1.03522,0.9735,0.78153,0.88873,0.67922,1.02486,0.81735,1.09659,0.0023935,0.0023935,0.0023935
924,8292.65,0.95027,0.76639,1.04027,0.97004,0.78298,0.88895,0.67854,1.02418,0.81752,1.09664,0.00238525,0.00238525,0.00238525
925,8301.61,0.91924,0.72805,1.03412,0.97328,0.78723,0.89075,0.67935,1.02393,0.81687,1.0969,0.002377,0.002377,0.002377
926,8310.5,0.92661,0.7302,1.03618,0.97285,0.78723,0.89096,0.67859,1.02352,0.81687,1.09696,0.00236875,0.00236875,0.00236875
927,8319.23,0.94451,0.74559,1.04083,0.97376,0.78723,0.89099,0.67905,1.02283,0.81682,1.0963,0.0023605,0.0023605,0.0023605
928,8328.22,0.92487,0.72771,1.03362,0.97462,0.78723,0.89089,0.68042,1.02279,0.81696,1.09653,0.00235225,0.00235225,0.00235225
929,8337.21,0.9384,0.73928,1.03686,0.97177,0.78723,0.8912,0.6798,1.02273,0.81636,1.0966,0.002344,0.002344,0.002344
930,8346.3,0.94406,0.74707,1.04456,0.9707,0.78723,0.89133,0.67981,1.02284,0.81629,1.09611,0.00233575,0.00233575,0.00233575
931,8355.26,0.93178,0.74637,1.03758,0.97115,0.78794,0.8914,0.6795,1.02264,0.81627,1.09577,0.0023275,0.0023275,0.0023275
932,8364.21,0.93024,0.74654,1.03355,0.96861,0.78796,0.89409,0.67987,1.02257,0.81551,1.09548,0.00231925,0.00231925,0.00231925
933,8373.1,0.93268,0.74412,1.02723,0.9686,0.7876,0.89399,0.67986,1.02229,0.81525,1.09537,0.002311,0.002311,0.002311
934,8382.04,0.90964,0.72989,1.02897,0.96861,0.78775,0.89384,0.67952,1.02176,0.81475,1.09488,0.00230275,0.00230275,0.00230275
935,8391.12,0.92487,0.73852,1.02891,0.9686,0.78752,0.89387,0.67908,1.02172,0.81463,1.09462,0.0022945,0.0022945,0.0022945
936,8400.01,0.92539,0.73503,1.02977,0.96855,0.7863,0.89382,0.67895,1.02096,0.81467,1.09433,0.00228625,0.00228625,0.00228625
937,8409.17,0.93117,0.73621,1.03598,0.9685,0.78507,0.89376,0.67935,1.0206,0.81452,1.0941,0.002278,0.002278,0.002278
938,8418.24,0.93218,0.74392,1.03073,0.97106,0.7854,0.89373,0.67943,1.0203,0.81401,1.09384,0.00226975,0.00226975,0.00226975
939,8427.5,0.90061,0.72806,1.02414,0.92937,0.81186,0.89359,0.67946,1.01973,0.81353,1.09321,0.0022615,0.0022615,0.0022615
940,8436.71,0.92286,0.73375,1.04008,0.97108,0.786,0.89351,0.68046,1.01944,0.81372,1.09301,0.00225325,0.00225325,0.00225325
941,8446.22,0.93537,0.73718,1.03692,0.94512,0.80611,0.89373,0.68131,1.01903,0.81341,1.0926,0.002245,0.002245,0.002245
942,8455.57,0.92587,0.73954,1.03666,0.92934,0.81149,0.8939,0.68214,1.0186,0.81249,1.09208,0.00223675,0.00223675,0.00223675
943,8464.83,0.91813,0.73349,1.03233,0.93277,0.81064,0.89413,0.68219,1.01831,0.81121,1.09188,0.0022285,0.0022285,0.0022285
944,8474.08,0.91172,0.72532,1.03088,0.94374,0.80426,0.89439,0.68223,1.01818,0.81052,1.09187,0.00222025,0.00222025,0.00222025
945,8483.32,0.91968,0.72605,1.03143,0.94363,0.80426,0.89426,0.68226,1.0175,0.81045,1.09152,0.002212,0.002212,0.002212
946,8492.52,0.92231,0.73276,1.03679,0.94322,0.80426,0.89413,0.68205,1.01711,0.81029,1.09126,0.00220375,0.00220375,0.00220375
947,8501.53,0.90699,0.72544,1.019,0.94317,0.80426,0.89408,0.68234,1.01705,0.81066,1.09108,0.0021955,0.0021955,0.0021955
948,8510.69,0.93351,0.74113,1.04202,0.94286,0.80743,0.89423,0.68319,1.01686,0.81067,1.09108,0.00218725,0.00218725,0.00218725
949,8519.88,0.92988,0.73714,1.03365,0.94182,0.80851,0.89421,0.68361,1.0163,0.81061,1.0911,0.002179,0.002179,0.002179
950,8529.04,0.9024,0.72741,1.02345,0.94338,0.80851,0.89429,0.68369,1.01583,0.81052,1.09071,0.00217075,0.00217075,0.00217075
951,8538.23,0.90378,0.72452,1.02918,0.94159,0.80851,0.89428,0.68419,1.01531,0.81002,1.09049,0.0021625,0.0021625,0.0021625
952,8547.35,0.92194,0.72521,1.03578,0.94308,0.80851,0.89435,0.68458,1.01522,0.81024,1.09044,0.00215425,0.00215425,0.00215425
953,8556.54,0.9301,0.7331,1.03559,0.94381,0.80851,0.89464,0.68417,1.0152,0.80899,1.09064,0.002146,0.002146,0.002146
954,8565.54,0.91065,0.73091,1.02166,0.94224,0.80851,0.89472,0.68508,1.0147,0.80901,1.0903,0.00213775,0.00213775,0.00213775
955,8574.73,0.91445,0.72632,1.02925,0.94307,0.80851,0.89476,0.68489,1.01426,0.80902,1.08993,0.0021295,0.0021295,0.0021295
956,8583.62,0.91182,0.72316,1.03068,0.94336,0.80851,0.89478,0.68528,1.0136,0.80888,1.08952,0.00212125,0.00212125,0.00212125
957,8592.81,0.90528,0.71947,1.02958,0.94328,0.80851,0.89276,0.68545,1.01294,0.80863,1.08905,0.002113,0.002113,0.002113
958,8601.8,0.89991,0.72423,1.02678,0.94322,0.80851,0.89282,0.68537,1.01229,0.80797,1.0887,0.00210475,0.00210475,0.00210475
959,8610.71,0.91328,0.71644,1.02604,0.94336,0.80851,0.89279,0.68552,1.01198,0.80702,1.08864,0.0020965,0.0020965,0.0020965
960,8619.9,0.88784,0.71479,1.02542,0.94382,0.80851,0.8929,0.68551,1.01169,0.8062,1.08822,0.00208825,0.00208825,0.00208825
961,8629.23,0.90911,0.71287,1.01965,0.94379,0.80851,0.89275,0.68481,1.01116,0.80603,1.08793,0.00208,0.00208,0.00208
962,8638.1,0.8968,0.71566,1.0223,0.94415,0.80851,0.89436,0.68553,1.01114,0.80586,1.08778,0.00207175,0.00207175,0.00207175
963,8647.28,0.90571,0.71611,1.02234,0.94412,0.80851,0.89438,0.68538,1.01055,0.80572,1.08705,0.0020635,0.0020635,0.0020635
964,8656.27,0.91478,0.72234,1.03213,0.94433,0.80851,0.89449,0.6856,1.01054,0.8053,1.08685,0.00205525,0.00205525,0.00205525
965,8665.44,0.91561,0.74026,1.0354,0.94426,0.80851,0.89436,0.68564,1.01008,0.80499,1.08661,0.002047,0.002047,0.002047
966,8674.64,0.91512,0.7296,1.02617,0.9443,0.80851,0.8942,0.68673,1.00965,0.80482,1.08639,0.00203875,0.00203875,0.00203875
967,8683.81,0.89778,0.71701,1.03084,0.94427,0.80851,0.89401,0.6864,1.00937,0.80546,1.08619,0.0020305,0.0020305,0.0020305
968,8692.76,0.9009,0.72508,1.01458,0.9442,0.80851,0.89397,0.6865,1.00879,0.8057,1.08592,0.00202225,0.00202225,0.00202225
969,8701.78,0.91463,0.73082,1.03154,0.94436,0.80851,0.89404,0.68692,1.00822,0.80517,1.08546,0.002014,0.002014,0.002014
970,8710.86,0.90175,0.71955,1.01805,0.94527,0.80844,0.89428,0.68717,1.00787,0.80466,1.08537,0.00200575,0.00200575,0.00200575
971,8720.05,0.89102,0.71711,1.02464,0.94445,0.80851,0.89428,0.68709,1.00756,0.80464,1.08492,0.0019975,0.0019975,0.0019975
972,8729.04,0.89452,0.71224,1.01705,0.94446,0.80851,0.89439,0.68701,1.00774,0.80428,1.08518,0.00198925,0.00198925,0.00198925
973,8738.11,0.903,0.73227,1.02449,0.94508,0.80851,0.89447,0.68762,1.00783,0.80416,1.08497,0.001981,0.001981,0.001981
974,8747.44,0.91714,0.71992,1.03174,0.94526,0.80836,0.89451,0.68749,1.0079,0.80439,1.08492,0.00197275,0.00197275,0.00197275
975,8756.39,0.91643,0.72783,1.02651,0.94525,0.80822,0.89447,0.68778,1.00716,0.80452,1.08417,0.0019645,0.0019645,0.0019645
976,8765.67,0.90522,0.71046,1.02147,0.94522,0.80769,0.89442,0.68669,1.0068,0.80401,1.08382,0.00195625,0.00195625,0.00195625
977,8774.74,0.89543,0.70627,1.0196,0.94522,0.80761,0.89439,0.6868,1.00616,0.80329,1.08372,0.001948,0.001948,0.001948
978,8783.85,0.89493,0.7123,1.01471,0.94517,0.80688,0.89442,0.68705,1.00555,0.80367,1.08302,0.00193975,0.00193975,0.00193975
979,8792.92,0.88791,0.706,1.00852,0.94517,0.80689,0.89432,0.68718,1.00515,0.80316,1.08307,0.0019315,0.0019315,0.0019315
980,8802.04,0.88826,0.71626,1.01437,0.94521,0.80745,0.89438,0.68728,1.00446,0.80266,1.08242,0.00192325,0.00192325,0.00192325
981,8811.06,0.89908,0.72193,1.02827,0.94522,0.80766,0.89441,0.68778,1.00393,0.80232,1.08227,0.001915,0.001915,0.001915
982,8820.14,0.88216,0.7095,1.01647,0.94518,0.80705,0.89434,0.68788,1.00334,0.80154,1.08217,0.00190675,0.00190675,0.00190675
983,8829.48,0.87363,0.70637,1.01764,0.94522,0.80763,0.8943,0.68821,1.00282,0.80101,1.08178,0.0018985,0.0018985,0.0018985
984,8838.81,0.91272,0.71193,1.02805,0.94527,0.80846,0.89438,0.68917,1.00238,0.80052,1.08132,0.00189025,0.00189025,0.00189025
985,8847.99,0.88624,0.70942,1.01732,0.94525,0.80815,0.89434,0.68924,1.00207,0.80012,1.08099,0.001882,0.001882,0.001882
986,8857.43,0.8913,0.69496,1.01598,0.94522,0.80768,0.89441,0.68874,1.00196,0.80021,1.08082,0.00187375,0.00187375,0.00187375
987,8866.44,0.9028,0.71255,1.01999,0.94347,0.80851,0.89444,0.6891,1.00204,0.80058,1.08065,0.0018655,0.0018655,0.0018655
988,8875.74,0.88817,0.6947,1.00991,0.9422,0.80851,0.89427,0.68852,1.00202,0.79984,1.08079,0.00185725,0.00185725,0.00185725
989,8884.95,0.90573,0.7062,1.02153,0.94199,0.80851,0.89426,0.68802,1.00156,0.79992,1.08023,0.001849,0.001849,0.001849
990,8894.08,0.87854,0.70174,1.01391,0.94181,0.80851,0.89432,0.68898,1.0015,0.79929,1.08034,0.00184075,0.00184075,0.00184075
991,8903.02,0.897,0.71666,1.02214,0.94078,0.80851,0.8944,0.68941,1.00139,0.79902,1.08026,0.0018325,0.0018325,0.0018325
992,8912.03,0.89663,0.70312,1.01988,0.94061,0.80875,0.89437,0.68978,1.00079,0.79831,1.07985,0.00182425,0.00182425,0.00182425
993,8921.26,0.89314,0.69265,1.01449,0.94072,0.81028,0.89433,0.68974,1.0003,0.79799,1.07964,0.001816,0.001816,0.001816
994,8930.32,0.88766,0.70398,1.01936,0.94075,0.81071,0.8944,0.69019,1.00002,0.7976,1.07932,0.00180775,0.00180775,0.00180775
995,8939.64,0.8994,0.72204,1.02289,0.93951,0.81277,0.89428,0.69003,0.99964,0.79707,1.07932,0.0017995,0.0017995,0.0017995
996,8948.52,0.88868,0.70905,1.0145,0.93737,0.81277,0.89439,0.69008,0.99889,0.79691,1.07898,0.00179125,0.00179125,0.00179125
997,8957.44,0.86605,0.6964,1.00545,0.9387,0.81449,0.8942,0.68995,0.99854,0.79746,1.07854,0.001783,0.001783,0.001783
998,8966.18,0.86674,0.69531,1.01705,0.9387,0.8146,0.89432,0.69054,0.9983,0.79709,1.07866,0.00177475,0.00177475,0.00177475
999,8975.31,0.90688,0.71759,1.02913,0.93823,0.81489,0.89432,0.6911,0.99792,0.79676,1.07837,0.0017665,0.0017665,0.0017665
1000,8984.5,0.88033,0.69953,1.0089,0.93592,0.81489,0.89436,0.68997,0.99717,0.79666,1.07813,0.00175825,0.00175825,0.00175825
1001,8993.41,0.87799,0.70187,1.01239,0.9357,0.81489,0.89433,0.69027,0.99679,0.79634,1.07794,0.00175,0.00175,0.00175
1002,9002.39,0.90162,0.70929,1.01538,0.93531,0.81489,0.89429,0.69019,0.99654,0.79579,1.07796,0.00174175,0.00174175,0.00174175
1003,9011.35,0.90664,0.72427,1.02623,0.935,0.81489,0.89435,0.68992,0.9963,0.79578,1.07785,0.0017335,0.0017335,0.0017335
1004,9020.31,0.87765,0.69254,1.01581,0.93693,0.81489,0.89458,0.68919,0.99584,0.79544,1.07747,0.00172525,0.00172525,0.00172525
1005,9029.18,0.90821,0.71306,1.02159,0.93632,0.81489,0.89449,0.68916,0.99554,0.79493,1.07743,0.001717,0.001717,0.001717
1006,9038.05,0.88053,0.69561,1.00456,0.93614,0.81489,0.89439,0.68996,0.99537,0.79465,1.0772,0.00170875,0.00170875,0.00170875
1007,9046.97,0.87568,0.70066,1.00396,0.93544,0.81489,0.89444,0.68979,0.99536,0.79486,1.07699,0.0017005,0.0017005,0.0017005
1008,9055.92,0.8775,0.69279,1.01501,0.93485,0.81489,0.89444,0.68938,0.99528,0.79464,1.07695,0.00169225,0.00169225,0.00169225
1009,9064.84,0.88878,0.70439,1.01435,0.93586,0.81489,0.89442,0.6897,0.99516,0.79439,1.07679,0.001684,0.001684,0.001684
1010,9073.72,0.88204,0.70095,1.01193,0.93438,0.81489,0.89429,0.68896,0.99487,0.79431,1.07667,0.00167575,0.00167575,0.00167575
1011,9082.68,0.86975,0.69657,1.00279,0.93187,0.81491,0.89412,0.68902,0.9945,0.79362,1.07649,0.0016675,0.0016675,0.0016675
1012,9091.6,0.85614,0.67822,1.00512,0.93476,0.81489,0.89446,0.68997,0.99396,0.79327,1.07621,0.00165925,0.00165925,0.00165925
1013,9100.6,0.87554,0.70618,1.01463,0.93587,0.81489,0.89437,0.69059,0.99362,0.79274,1.07594,0.001651,0.001651,0.001651
1014,9109.49,0.88153,0.705,1.01273,0.93595,0.81489,0.89435,0.69078,0.99329,0.79205,1.0758,0.00164275,0.00164275,0.00164275
1015,9118.41,0.89496,0.69778,1.01859,0.93643,0.81489,0.89402,0.69004,0.99319,0.79221,1.07565,0.0016345,0.0016345,0.0016345
1016,9127.23,0.89849,0.70015,1.01763,0.93643,0.81489,0.8939,0.69045,0.99295,0.79181,1.07536,0.00162625,0.00162625,0.00162625
1017,9136.2,0.86,0.69313,1.00181,0.94982,0.80541,0.89406,0.6906,0.99258,0.79128,1.07525,0.001618,0.001618,0.001618
1018,9145.15,0.87878,0.70518,1.01371,0.94942,0.80638,0.89397,0.6903,0.99217,0.79127,1.07488,0.00160975,0.00160975,0.00160975
1019,9154.04,0.8933,0.70679,1.02043,0.94771,0.80985,0.89409,0.69067,0.992,0.79102,1.07465,0.0016015,0.0016015,0.0016015
1020,9163.08,0.88442,0.70403,1.00974,0.95237,0.80851,0.89444,0.68976,0.99177,0.79069,1.07448,0.00159325,0.00159325,0.00159325
1021,9172.03,0.83629,0.67202,1.00184,0.952,0.80851,0.89447,0.68941,0.99146,0.79049,1.0743,0.001585,0.001585,0.001585
1022,9181.19,0.89162,0.70987,1.0163,0.95185,0.80851,0.89443,0.68974,0.99126,0.79012,1.07415,0.00157675,0.00157675,0.00157675
1023,9190.09,0.86563,0.67924,1.007,0.95243,0.80931,0.89457,0.68981,0.99117,0.7905,1.07391,0.0015685,0.0015685,0.0015685
1024,9198.85,0.88092,0.69665,1.0115,0.9524,0.80885,0.89457,0.69018,0.99084,0.79031,1.07384,0.00156025,0.00156025,0.00156025
1025,9207.81,0.86659,0.68008,1.00809,0.95063,0.81064,0.89454,0.69084,0.99044,0.79011,1.07346,0.001552,0.001552,0.001552
1026,9216.59,0.8487,0.66896,1.00256,0.9525,0.81062,0.89459,0.69042,0.99027,0.79018,1.07325,0.00154375,0.00154375,0.00154375
1027,9225.49,0.86584,0.69102,1.00242,0.95107,0.80851,0.89458,0.69121,0.98984,0.79039,1.07302,0.0015355,0.0015355,0.0015355
1028,9234.68,0.86122,0.68512,1.01022,0.95051,0.80851,0.89465,0.69094,0.98963,0.79022,1.07308,0.00152725,0.00152725,0.00152725
1029,9243.52,0.86459,0.68326,1.00626,0.95025,0.80851,0.89474,0.69056,0.98945,0.78982,1.07302,0.001519,0.001519,0.001519
1030,9252.49,0.85572,0.69191,1.00388,0.95006,0.8095,0.89475,0.69118,0.98899,0.78938,1.07287,0.00151075,0.00151075,0.00151075
1031,9261.39,0.85133,0.66852,0.99243,0.94995,0.81064,0.89475,0.69137,0.98896,0.78897,1.07267,0.0015025,0.0015025,0.0015025
1032,9270.39,0.86322,0.67869,1.00321,0.94944,0.81064,0.89465,0.69095,0.98856,0.78882,1.07261,0.00149425,0.00149425,0.00149425
1033,9279.4,0.87518,0.69507,1.00788,0.95001,0.80865,0.89458,0.69112,0.9883,0.78883,1.07233,0.001486,0.001486,0.001486
1034,9288.31,0.86984,0.7063,1.01917,0.95002,0.8088,0.89471,0.69153,0.98826,0.78844,1.07232,0.00147775,0.00147775,0.00147775
1035,9297.46,0.86711,0.68255,1.00663,0.95001,0.80874,0.89476,0.69206,0.98799,0.78873,1.07209,0.0014695,0.0014695,0.0014695
1036,9306.64,0.86907,0.67871,1.00873,0.95002,0.80883,0.89478,0.69225,0.98763,0.78769,1.07194,0.00146125,0.00146125,0.00146125
1037,9315.83,0.87997,0.70333,1.01278,0.948,0.81454,0.8948,0.69224,0.98741,0.78726,1.07183,0.001453,0.001453,0.001453
1038,9325.09,0.87242,0.6905,1.0082,0.95154,0.80851,0.89498,0.69215,0.987,0.78654,1.07126,0.00144475,0.00144475,0.00144475
1039,9334.06,0.85834,0.68089,1.00886,0.95194,0.80851,0.89498,0.69285,0.98678,0.78645,1.07108,0.0014365,0.0014365,0.0014365
1040,9343.27,0.88245,0.6905,1.01272,0.95208,0.80851,0.89498,0.69317,0.98644,0.7862,1.07078,0.00142825,0.00142825,0.00142825
1041,9352.45,0.87206,0.69217,1.00304,0.95263,0.80851,0.89496,0.69298,0.9864,0.7864,1.07061,0.00142,0.00142,0.00142
1042,9361.32,0.85767,0.68593,1.00526,0.9488,0.81489,0.89515,0.69267,0.98616,0.78643,1.07058,0.00141175,0.00141175,0.00141175
1043,9370.22,0.8864,0.70636,1.01667,0.94857,0.81489,0.89523,0.69212,0.98594,0.78638,1.07052,0.0014035,0.0014035,0.0014035
1044,9379.05,0.84754,0.6683,0.99766,0.94881,0.81489,0.89539,0.69239,0.98576,0.78591,1.07038,0.00139525,0.00139525,0.00139525
1045,9387.93,0.84262,0.67457,0.99808,0.94894,0.81489,0.89542,0.69179,0.98537,0.78555,1.0702,0.001387,0.001387,0.001387
1046,9396.82,0.86522,0.67755,1.00535,0.94895,0.81489,0.89562,0.6921,0.98524,0.78538,1.07003,0.00137875,0.00137875,0.00137875
1047,9405.78,0.86212,0.69059,1.00066,0.94887,0.81489,0.89576,0.69201,0.9847,0.78507,1.06987,0.0013705,0.0013705,0.0013705
1048,9414.73,0.85587,0.67249,1.00837,0.94947,0.81489,0.89568,0.69147,0.98471,0.78533,1.0697,0.00136225,0.00136225,0.00136225
1049,9423.6,0.86737,0.67884,1.00614,0.94872,0.81489,0.89583,0.69085,0.98458,0.78507,1.06963,0.001354,0.001354,0.001354
1050,9432.59,0.85173,0.68124,1.00308,0.94847,0.81489,0.89566,0.69102,0.98437,0.78491,1.06942,0.00134575,0.00134575,0.00134575
1051,9441.39,0.85222,0.66555,0.99899,0.94781,0.81489,0.89555,0.69087,0.98422,0.78515,1.06934,0.0013375,0.0013375,0.0013375
1052,9450.14,0.85137,0.67618,1.00051,0.94916,0.81489,0.89542,0.69189,0.98383,0.78511,1.0692,0.00132925,0.00132925,0.00132925
1053,9459.07,0.85157,0.68115,0.99792,0.9485,0.81489,0.89538,0.69209,0.98366,0.7848,1.06909,0.001321,0.001321,0.001321
1054,9467.95,0.85743,0.69043,1.00312,0.94818,0.81489,0.89545,0.69195,0.98339,0.78423,1.06896,0.00131275,0.00131275,0.00131275
1055,9476.86,0.85941,0.6876,1.00882,0.94535,0.81489,0.89554,0.69204,0.98382,0.7833,1.06894,0.0013045,0.0013045,0.0013045
1056,9485.9,0.86018,0.68051,1.00997,0.94862,0.81489,0.89547,0.69171,0.98368,0.78341,1.06896,0.00129625,0.00129625,0.00129625
1057,9494.88,0.83508,0.66534,1.00234,0.9483,0.81489,0.89542,0.69155,0.98361,0.78286,1.06877,0.001288,0.001288,0.001288
1058,9503.88,0.84903,0.67347,1.00945,0.94852,0.81489,0.89539,0.6907,0.98348,0.78259,1.06857,0.00127975,0.00127975,0.00127975
1059,9512.82,0.82697,0.64321,0.98669,0.93514,0.82553,0.89544,0.6911,0.98332,0.78241,1.06839,0.0012715,0.0012715,0.0012715
1060,9521.6,0.85337,0.66891,0.99955,0.93517,0.82553,0.89546,0.69111,0.98311,0.78261,1.06825,0.00126325,0.00126325,0.00126325
1061,9530.47,0.85883,0.69082,0.99964,0.94578,0.81654,0.89539,0.69145,0.98301,0.78234,1.06812,0.001255,0.001255,0.001255
1062,9539.37,0.82136,0.6536,0.99099,0.93443,0.82553,0.89541,0.69164,0.98293,0.78231,1.06797,0.00124675,0.00124675,0.00124675
1063,9548.31,0.85624,0.66837,1.00353,0.93449,0.82553,0.89537,0.69091,0.98267,0.78251,1.0678,0.0012385,0.0012385,0.0012385
1064,9557.25,0.83544,0.66727,0.9918,0.94122,0.81763,0.89543,0.69125,0.98275,0.78232,1.06772,0.00123025,0.00123025,0.00123025
1065,9566.13,0.86401,0.68897,1.00538,0.93405,0.82553,0.89542,0.69123,0.98251,0.78197,1.06755,0.001222,0.001222,0.001222
1066,9575.1,0.84168,0.66405,0.99745,0.94125,0.81817,0.89536,0.69127,0.98223,0.78232,1.06743,0.00121375,0.00121375,0.00121375
1067,9584.08,0.82981,0.64923,0.99034,0.93897,0.81844,0.89522,0.69158,0.98227,0.78223,1.06737,0.0012055,0.0012055,0.0012055
1068,9593.07,0.85415,0.66914,1.00119,0.93902,0.81906,0.89528,0.69202,0.98186,0.7814,1.06724,0.00119725,0.00119725,0.00119725
1069,9601.95,0.84935,0.67177,0.99872,0.93901,0.81898,0.89526,0.69207,0.98161,0.78143,1.06709,0.001189,0.001189,0.001189
1070,9610.86,0.8564,0.6779,1.00221,0.93864,0.81915,0.89535,0.69172,0.98153,0.7814,1.06699,0.00118075,0.00118075,0.00118075
1071,9619.83,0.85022,0.66427,1.0025,0.93034,0.82401,0.89537,0.69179,0.98142,0.78147,1.06706,0.0011725,0.0011725,0.0011725
1072,9628.69,0.86465,0.68294,1.00519,0.93033,0.82396,0.89538,0.69203,0.98112,0.78161,1.06701,0.00116425,0.00116425,0.00116425
1073,9637.55,0.83695,0.6767,1.00019,0.93032,0.82383,0.89544,0.69196,0.98085,0.78096,1.06672,0.001156,0.001156,0.001156
1074,9646.5,0.83876,0.66786,0.99558,0.93033,0.82396,0.89537,0.69217,0.98057,0.78081,1.06664,0.00114775,0.00114775,0.00114775
1075,9655.46,0.82633,0.66084,0.99148,0.93032,0.82377,0.89543,0.69227,0.9801,0.78064,1.06645,0.0011395,0.0011395,0.0011395
1076,9664.42,0.83617,0.66331,1.00141,0.93036,0.82434,0.89531,0.69192,0.97998,0.78057,1.06638,0.00113125,0.00113125,0.00113125
1077,9673.39,0.85135,0.66605,0.99311,0.93043,0.82527,0.8953,0.69204,0.97966,0.78034,1.06627,0.001123,0.001123,0.001123
1078,9682.26,0.83154,0.66268,0.99155,0.93052,0.82631,0.89527,0.69164,0.97936,0.78032,1.06597,0.00111475,0.00111475,0.00111475
1079,9691.17,0.83395,0.66151,0.99707,0.93053,0.82643,0.8954,0.69136,0.97906,0.77986,1.06579,0.0011065,0.0011065,0.0011065
1080,9700.09,0.85207,0.67698,1.00845,0.93055,0.82674,0.89535,0.69117,0.979,0.77951,1.06582,0.00109825,0.00109825,0.00109825
1081,9708.87,0.84093,0.66911,0.99878,0.93055,0.82676,0.89542,0.69169,0.97878,0.77932,1.06569,0.00109,0.00109,0.00109
1082,9717.89,0.83387,0.67371,1.00432,0.93056,0.82686,0.89533,0.69174,0.97853,0.77901,1.06553,0.00108175,0.00108175,0.00108175
1083,9726.7,0.84313,0.66769,0.9924,0.93058,0.8271,0.89531,0.69176,0.9785,0.77918,1.0655,0.0010735,0.0010735,0.0010735
1084,9735.69,0.82618,0.6536,0.98876,0.93057,0.82705,0.89526,0.69187,0.97827,0.77922,1.06522,0.00106525,0.00106525,0.00106525
1085,9744.6,0.82223,0.64714,0.98697,0.93052,0.82631,0.89526,0.69145,0.97804,0.77907,1.06515,0.001057,0.001057,0.001057
1086,9753.59,0.82629,0.65387,0.99551,0.93053,0.82652,0.89522,0.69241,0.97799,0.77896,1.06533,0.00104875,0.00104875,0.00104875
1087,9762.53,0.84844,0.66809,0.99963,0.93046,0.82552,0.89532,0.69198,0.97774,0.77866,1.06526,0.0010405,0.0010405,0.0010405
1088,9771.42,0.82769,0.65316,0.99111,0.93035,0.8234,0.89531,0.69213,0.97764,0.77843,1.0652,0.00103225,0.00103225,0.00103225
1089,9780.23,0.83296,0.66211,0.99071,0.9307,0.8234,0.89527,0.69215,0.97744,0.77823,1.0651,0.001024,0.001024,0.001024
1090,9789.22,0.84694,0.66643,0.98923,0.93033,0.82398,0.89533,0.69227,0.97731,0.77875,1.06504,0.00101575,0.00101575,0.00101575
1091,9798.09,0.82302,0.65447,0.9968,0.93238,0.8234,0.89537,0.69232,0.97727,0.77857,1.06502,0.0010075,0.0010075,0.0010075
1092,9806.99,0.82335,0.66035,0.98737,0.93075,0.8234,0.89529,0.69261,0.97712,0.7783,1.06497,0.00099925,0.00099925,0.00099925
1093,9816.04,0.83889,0.66937,0.99744,0.93191,0.8234,0.89534,0.69273,0.97681,0.77828,1.06476,0.000991,0.000991,0.000991
1094,9824.8,0.82835,0.65426,0.99537,0.93239,0.82128,0.89532,0.69264,0.97668,0.77788,1.06467,0.00098275,0.00098275,0.00098275
1095,9833.79,0.82728,0.65482,0.98525,0.93247,0.8234,0.89535,0.69285,0.97643,0.77717,1.06447,0.0009745,0.0009745,0.0009745
1096,9842.63,0.82927,0.66531,0.98932,0.93267,0.82553,0.89546,0.69307,0.97634,0.7768,1.06457,0.00096625,0.00096625,0.00096625
1097,9851.33,0.83023,0.6615,0.98784,0.9329,0.8234,0.89536,0.69322,0.97609,0.77681,1.06436,0.000958,0.000958,0.000958
1098,9860.51,0.82593,0.65817,0.98959,0.92771,0.82766,0.89547,0.69265,0.9759,0.77668,1.0644,0.00094975,0.00094975,0.00094975
1099,9869.34,0.82043,0.65392,0.98888,0.9278,0.82766,0.89545,0.69323,0.97568,0.77639,1.06425,0.0009415,0.0009415,0.0009415
1100,9878.48,0.84142,0.65785,0.99349,0.92783,0.82766,0.89544,0.6932,0.9755,0.77598,1.06414,0.00093325,0.00093325,0.00093325
1101,9887.43,0.82614,0.6561,0.99457,0.92824,0.82568,0.8955,0.69325,0.97536,0.77601,1.06415,0.000925,0.000925,0.000925
1102,9896.63,0.82991,0.66215,0.99522,0.92826,0.82589,0.89554,0.69351,0.97528,0.77571,1.06389,0.00091675,0.00091675,0.00091675
1103,9905.82,0.83207,0.66897,1.00008,0.92828,0.82618,0.89577,0.69334,0.97513,0.77544,1.06406,0.0009085,0.0009085,0.0009085
1104,9914.8,0.82507,0.64901,0.98572,0.92827,0.82604,0.89587,0.69373,0.97515,0.7751,1.06403,0.00090025,0.00090025,0.00090025
1105,9923.93,0.82407,0.66193,0.98463,0.92828,0.82615,0.89591,0.69324,0.97507,0.77493,1.06393,0.000892,0.000892,0.000892
1106,9932.82,0.8155,0.64463,0.9861,0.92835,0.82706,0.89601,0.69328,0.97513,0.77462,1.06394,0.00088375,0.00088375,0.00088375
1107,9941.53,0.8388,0.66229,1.00251,0.92834,0.82689,0.89595,0.6937,0.97487,0.77435,1.06385,0.0008755,0.0008755,0.0008755
1108,9950.29,0.81974,0.64956,0.98783,0.93055,0.82677,0.8962,0.69409,0.97473,0.77402,1.06371,0.00086725,0.00086725,0.00086725
1109,9959.32,0.82425,0.65452,0.9847,0.93076,0.82553,0.89627,0.69394,0.97434,0.77362,1.0636,0.000859,0.000859,0.000859
1110,9968.16,0.83295,0.65692,0.99357,0.93175,0.82553,0.89633,0.69451,0.97413,0.77337,1.06353,0.00085075,0.00085075,0.00085075
1111,9977.33,0.80896,0.64127,0.97935,0.93374,0.82553,0.89634,0.69475,0.97384,0.77312,1.0634,0.0008425,0.0008425,0.0008425
1112,9986.5,0.84988,0.6757,0.99524,0.9338,0.82553,0.89646,0.69437,0.9736,0.77276,1.06329,0.00083425,0.00083425,0.00083425
1113,9995.67,0.81551,0.6542,0.9884,0.93974,0.8234,0.89648,0.69414,0.97353,0.77282,1.06328,0.000826,0.000826,0.000826
1114,10004.6,0.80801,0.64016,0.98115,0.93964,0.8234,0.89639,0.69458,0.97339,0.77262,1.06318,0.00081775,0.00081775,0.00081775
1115,10013.6,0.81223,0.65191,0.98426,0.93986,0.8234,0.89642,0.6943,0.97323,0.7726,1.06311,0.0008095,0.0008095,0.0008095
1116,10022.5,0.80149,0.64494,0.98345,0.93966,0.8234,0.89647,0.69478,0.97289,0.77239,1.06304,0.00080125,0.00080125,0.00080125
1117,10031.7,0.82711,0.6596,0.99782,0.93999,0.8234,0.89642,0.69477,0.97268,0.7718,1.06295,0.000793,0.000793,0.000793
1118,10040.6,0.81625,0.65002,0.98813,0.94006,0.8234,0.89642,0.69472,0.97245,0.77173,1.06288,0.00078475,0.00078475,0.00078475
1119,10049.3,0.81418,0.65074,0.9918,0.93993,0.8234,0.89639,0.69424,0.97213,0.77169,1.06279,0.0007765,0.0007765,0.0007765
1120,10058.2,0.81365,0.64939,0.98442,0.93973,0.8234,0.89638,0.69412,0.97179,0.77134,1.06252,0.00076825,0.00076825,0.00076825
1121,10067.2,0.81594,0.64553,0.98653,0.93976,0.8234,0.89639,0.69437,0.97171,0.77118,1.06258,0.00076,0.00076,0.00076
1122,10076.2,0.81298,0.64771,0.98486,0.94571,0.8234,0.89661,0.69371,0.97161,0.77063,1.0625,0.00075175,0.00075175,0.00075175
1123,10085.1,0.82949,0.65552,0.99425,0.94775,0.8234,0.89656,0.69411,0.97147,0.77014,1.06243,0.0007435,0.0007435,0.0007435
1124,10094,0.79593,0.63289,0.98311,0.9417,0.82479,0.8964,0.69436,0.97111,0.77012,1.0623,0.00073525,0.00073525,0.00073525
1125,10103,0.80622,0.64301,0.98766,0.94797,0.82128,0.89655,0.69445,0.97104,0.76977,1.06222,0.000727,0.000727,0.000727
1126,10112,0.79163,0.63346,0.98186,0.9481,0.82128,0.89659,0.69465,0.97096,0.76983,1.06215,0.00071875,0.00071875,0.00071875
1127,10121,0.82209,0.66048,0.98502,0.94776,0.82128,0.89666,0.69433,0.97098,0.76951,1.06214,0.0007105,0.0007105,0.0007105
1128,10130,0.8152,0.653,0.98973,0.94765,0.82128,0.89668,0.69418,0.97063,0.76935,1.062,0.00070225,0.00070225,0.00070225
1129,10138.8,0.81222,0.63883,0.9802,0.94763,0.82128,0.89672,0.69441,0.97058,0.76893,1.062,0.000694,0.000694,0.000694
1130,10147.7,0.81221,0.65969,0.99258,0.94762,0.82128,0.89669,0.69457,0.97052,0.76864,1.06196,0.00068575,0.00068575,0.00068575
1131,10156.7,0.80632,0.63557,0.97853,0.94765,0.82128,0.89676,0.69422,0.97039,0.76844,1.0619,0.0006775,0.0006775,0.0006775
1132,10165.5,0.81961,0.66527,0.99148,0.94737,0.82128,0.8968,0.69462,0.97009,0.76827,1.06176,0.00066925,0.00066925,0.00066925
1133,10174.3,0.8274,0.64925,0.99084,0.94738,0.82128,0.89649,0.69476,0.9701,0.76813,1.06181,0.000661,0.000661,0.000661
1134,10183.1,0.81067,0.63575,0.98397,0.9473,0.82128,0.89668,0.69472,0.96989,0.76773,1.06166,0.00065275,0.00065275,0.00065275
1135,10192.1,0.81603,0.65244,0.98906,0.94729,0.82128,0.89668,0.69439,0.96952,0.76766,1.06161,0.0006445,0.0006445,0.0006445
1136,10201.1,0.82477,0.64775,0.9857,0.94723,0.82128,0.89662,0.69433,0.96948,0.76729,1.06159,0.00063625,0.00063625,0.00063625
1137,10210,0.79654,0.63752,0.98286,0.94719,0.82128,0.89672,0.69414,0.9692,0.76727,1.06148,0.000628,0.000628,0.000628
1138,10218.9,0.80704,0.64081,0.98002,0.94712,0.82128,0.89676,0.69422,0.96905,0.76708,1.06127,0.00061975,0.00061975,0.00061975
1139,10227.8,0.80985,0.64187,0.98086,0.94717,0.82128,0.89677,0.69456,0.96892,0.76676,1.06132,0.0006115,0.0006115,0.0006115
1140,10236.8,0.81914,0.6383,0.98868,0.94712,0.82128,0.89692,0.69437,0.96874,0.76635,1.06116,0.00060325,0.00060325,0.00060325
1141,10245.8,0.81293,0.65065,0.98493,0.94715,0.82128,0.89679,0.69412,0.96881,0.76634,1.06112,0.000595,0.000595,0.000595
1142,10254.8,0.82099,0.66173,0.98444,0.94701,0.82128,0.8968,0.69421,0.96861,0.76637,1.06102,0.00058675,0.00058675,0.00058675
1143,10263.8,0.80803,0.65572,0.98487,0.94712,0.82128,0.89682,0.69393,0.96848,0.76621,1.06098,0.0005785,0.0005785,0.0005785
1144,10272.5,0.82129,0.64973,0.98513,0.94721,0.82128,0.89687,0.69448,0.96821,0.76612,1.06086,0.00057025,0.00057025,0.00057025
1145,10281.5,0.7964,0.6275,0.97804,0.94722,0.82128,0.89688,0.69413,0.96808,0.76591,1.06078,0.000562,0.000562,0.000562
1146,10290.3,0.78842,0.62202,0.97476,0.94727,0.82128,0.89691,0.69416,0.96795,0.76589,1.06079,0.00055375,0.00055375,0.00055375
1147,10299.4,0.79857,0.63419,0.98918,0.94729,0.82128,0.89701,0.69417,0.96769,0.76562,1.06063,0.0005455,0.0005455,0.0005455
1148,10308.3,0.81316,0.65662,0.98858,0.94738,0.82128,0.89706,0.69441,0.96747,0.76553,1.06052,0.00053725,0.00053725,0.00053725
1149,10317.3,0.78563,0.61806,0.9746,0.94743,0.82128,0.89716,0.69495,0.96737,0.76529,1.0605,0.000529,0.000529,0.000529
1150,10326.5,0.80095,0.64321,0.98446,0.94739,0.82128,0.89713,0.69508,0.96718,0.76488,1.06043,0.00052075,0.00052075,0.00052075
1151,10335.7,0.78642,0.6377,0.97735,0.94739,0.82128,0.89714,0.69502,0.96706,0.76506,1.06043,0.0005125,0.0005125,0.0005125
1152,10344.5,0.77392,0.60947,0.96646,0.94729,0.82128,0.89721,0.69503,0.96693,0.76473,1.06035,0.00050425,0.00050425,0.00050425
1153,10353.4,0.7873,0.62833,0.97523,0.9472,0.82128,0.89722,0.69502,0.96685,0.76457,1.06029,0.000496,0.000496,0.000496
1154,10362.2,0.80463,0.6403,0.98352,0.94729,0.82128,0.89731,0.69489,0.9666,0.76432,1.06016,0.00048775,0.00048775,0.00048775
1155,10371.2,0.79554,0.6286,0.98212,0.94716,0.82128,0.89727,0.69492,0.96652,0.76424,1.0602,0.0004795,0.0004795,0.0004795
1156,10380.1,0.80945,0.63526,0.98155,0.9472,0.82128,0.89732,0.69505,0.96638,0.76422,1.06015,0.00047125,0.00047125,0.00047125
1157,10388.9,0.80039,0.64452,0.98454,0.947,0.82128,0.89732,0.69496,0.96655,0.76363,1.06025,0.000463,0.000463,0.000463
1158,10397.9,0.7867,0.63558,0.98072,0.94691,0.82128,0.8973,0.69499,0.96648,0.76344,1.06027,0.00045475,0.00045475,0.00045475
1159,10406.9,0.79931,0.63609,0.9877,0.94713,0.82128,0.89727,0.69497,0.96652,0.76349,1.06024,0.0004465,0.0004465,0.0004465
1160,10415.8,0.78014,0.62447,0.97295,0.94703,0.82128,0.89731,0.69501,0.96599,0.76341,1.06015,0.00043825,0.00043825,0.00043825
1161,10424.7,0.79136,0.6439,0.97896,0.94698,0.82128,0.89711,0.69561,0.966,0.76334,1.06022,0.00043,0.00043,0.00043
1162,10433.8,0.77285,0.61874,0.97494,0.94698,0.82128,0.8971,0.69536,0.96589,0.76304,1.06019,0.00042175,0.00042175,0.00042175
1163,10442.8,0.79705,0.64292,0.98504,0.94714,0.82128,0.89718,0.69507,0.96595,0.76258,1.06015,0.0004135,0.0004135,0.0004135
1164,10451.8,0.79083,0.63152,0.98206,0.94709,0.82128,0.89716,0.69502,0.9656,0.76279,1.06009,0.00040525,0.00040525,0.00040525
1165,10460.8,0.78938,0.63328,0.97986,0.9471,0.82128,0.89716,0.69502,0.96572,0.76254,1.06002,0.000397,0.000397,0.000397
1166,10469.6,0.77692,0.62408,0.97034,0.94709,0.82128,0.89718,0.69496,0.96574,0.76239,1.05997,0.00038875,0.00038875,0.00038875
1167,10478.6,0.79444,0.64835,0.98325,0.94713,0.82128,0.89715,0.69457,0.96552,0.7624,1.0599,0.0003805,0.0003805,0.0003805
1168,10487.7,0.76545,0.60588,0.96571,0.94724,0.82128,0.89716,0.69485,0.96544,0.76256,1.05998,0.00037225,0.00037225,0.00037225
1169,10496.5,0.79942,0.64186,0.98331,0.94696,0.82128,0.89725,0.69477,0.96518,0.76219,1.05984,0.000364,0.000364,0.000364
1170,10505.5,0.77311,0.61523,0.96886,0.94704,0.82128,0.89727,0.69488,0.96515,0.76226,1.05983,0.00035575,0.00035575,0.00035575
1171,10514.4,0.77883,0.6291,0.97896,0.94716,0.82128,0.89728,0.69484,0.96551,0.76179,1.06017,0.0003475,0.0003475,0.0003475
1172,10523.2,0.78195,0.62939,0.9707,0.9468,0.82128,0.89715,0.6949,0.96546,0.76218,1.05988,0.00033925,0.00033925,0.00033925
1173,10532.1,0.78152,0.61967,0.97594,0.94747,0.82128,0.89717,0.69473,0.96568,0.76194,1.06015,0.000331,0.000331,0.000331
1174,10541,0.79548,0.63666,0.97287,0.94752,0.82128,0.89712,0.69488,0.96556,0.76201,1.06007,0.00032275,0.00032275,0.00032275
1175,10549.9,0.80909,0.65438,0.98921,0.94752,0.82128,0.89714,0.69457,0.96555,0.76194,1.06013,0.0003145,0.0003145,0.0003145
1176,10558.9,0.79515,0.62601,0.97622,0.94745,0.82128,0.89716,0.6952,0.96551,0.76184,1.0602,0.00030625,0.00030625,0.00030625
1177,10567.8,0.78367,0.62487,0.97656,0.94749,0.82128,0.89725,0.6951,0.96539,0.76177,1.06022,0.000298,0.000298,0.000298
1178,10576.7,0.78997,0.63172,0.97923,0.94776,0.82128,0.89727,0.69506,0.96525,0.76155,1.06023,0.00028975,0.00028975,0.00028975
1179,10585.6,0.78472,0.6278,0.97879,0.94819,0.82128,0.89725,0.69466,0.96514,0.76164,1.06006,0.0002815,0.0002815,0.0002815
1180,10594.5,0.78074,0.62552,0.97343,0.94861,0.82128,0.89723,0.69477,0.96497,0.76132,1.05998,0.00027325,0.00027325,0.00027325
1181,10603.4,0.80664,0.64905,0.98135,0.94863,0.82128,0.89728,0.69469,0.9649,0.76111,1.05996,0.000265,0.000265,0.000265
1182,10612.4,0.78854,0.64011,0.98452,0.94883,0.82128,0.89722,0.69496,0.96495,0.76128,1.06003,0.00025675,0.00025675,0.00025675
1183,10621.3,0.80174,0.63613,0.98128,0.94859,0.82128,0.89719,0.69481,0.96478,0.76122,1.05993,0.0002485,0.0002485,0.0002485
1184,10630.3,0.77185,0.62262,0.96767,0.95097,0.82128,0.89742,0.69456,0.96474,0.7611,1.05994,0.00024025,0.00024025,0.00024025
1185,10639.3,0.78273,0.63401,0.97782,0.95123,0.82128,0.89743,0.69485,0.96471,0.76116,1.05996,0.000232,0.000232,0.000232
1186,10648,0.77888,0.62809,0.97385,0.9514,0.82128,0.89739,0.69478,0.9646,0.76073,1.05986,0.00022375,0.00022375,0.00022375
1187,10657,0.78017,0.63029,0.97797,0.95142,0.82128,0.89735,0.6948,0.96434,0.76078,1.05979,0.0002155,0.0002155,0.0002155
1188,10665.9,0.80053,0.63261,0.97262,0.9513,0.82128,0.89736,0.69454,0.96423,0.76054,1.05967,0.00020725,0.00020725,0.00020725
1189,10674.7,0.77658,0.61524,0.97668,0.95119,0.82128,0.8974,0.69447,0.96412,0.7605,1.0596,0.000199,0.000199,0.000199
1190,10683.5,0.77552,0.62081,0.97101,0.95102,0.82128,0.89742,0.695,0.96422,0.76058,1.05966,0.00019075,0.00019075,0.00019075
1191,10694,0.82333,0.56473,0.97642,0.95131,0.82128,0.89736,0.69518,0.96403,0.76024,1.05956,0.0001825,0.0001825,0.0001825
1192,10702.9,0.77135,0.52696,0.94578,0.95134,0.82128,0.89734,0.69521,0.96394,0.76005,1.05941,0.00017425,0.00017425,0.00017425
1193,10712,0.74338,0.51584,0.9372,0.95138,0.82128,0.89736,0.69492,0.96406,0.75937,1.05932,0.000166,0.000166,0.000166
1194,10720.9,0.73881,0.51371,0.93097,0.95173,0.82128,0.89734,0.69505,0.96395,0.7591,1.05938,0.00015775,0.00015775,0.00015775
1195,10729.8,0.72563,0.49573,0.91739,0.95176,0.82128,0.89735,0.69515,0.96387,0.75854,1.05937,0.0001495,0.0001495,0.0001495
1196,10738.8,0.71359,0.49612,0.91881,0.95198,0.82128,0.89729,0.69487,0.96371,0.7582,1.05914,0.00014125,0.00014125,0.00014125
1197,10747.9,0.72151,0.49517,0.91657,0.95229,0.82128,0.89729,0.69499,0.96352,0.75802,1.05906,0.000133,0.000133,0.000133
1198,10757,0.71041,0.49424,0.92148,0.95258,0.82128,0.89732,0.69496,0.96334,0.75783,1.05904,0.00012475,0.00012475,0.00012475
1199,10766,0.69606,0.4852,0.91402,0.95277,0.82128,0.89738,0.69468,0.96335,0.75755,1.05893,0.0001165,0.0001165,0.0001165
1200,10775.1,0.70115,0.48094,0.92157,0.95308,0.82125,0.89748,0.69463,0.96312,0.75738,1.05886,0.00010825,0.00010825,0.00010825
