epoch,time,train/box_loss,train/cls_loss,train/dfl_loss,metrics/precision(B),metrics/recall(B),metrics/mAP50(B),metrics/mAP50-95(B),val/box_loss,val/cls_loss,val/dfl_loss,lr/pg0,lr/pg1,lr/pg2
1,10.981,6.00693,9.41352,4.21877,1e-05,0.00213,1e-05,0,6.47827,11.5446,4.16665,0.00327778,0.00327778,0.00327778
2,20.5901,5.99814,6.88203,4.13933,1e-05,0.00213,1e-05,0,6.3979,6.73951,4.03301,0.00660566,0.00660566,0.00660566
3,29.7268,5.70729,4.98462,3.66509,1e-05,0.00213,1e-05,0,6.28337,5.57665,4.52827,0.00992804,0.00992804,0.00992804
4,38.9293,4.7487,4.4077,2.85569,0.00028,0.03617,0.00015,3e-05,4.65723,4.73229,2.58433,0.00997525,0.00997525,0.00997525
5,48.6061,4.49549,4.31175,2.60951,0.0006,0.0766,0.00034,8e-05,4.71432,4.52608,2.474,0.009967,0.009967,0.009967
6,58.0823,4.32573,4.30945,2.44736,0.00042,0.02979,0.00032,8e-05,4.51016,4.54258,2.27927,0.00995875,0.00995875,0.00995875
7,67.4703,4.23334,4.30507,2.45176,0.00049,0.07234,0.00038,9e-05,4.59134,4.70951,2.38599,0.0099505,0.0099505,0.0099505
8,76.7999,4.18762,4.32914,2.3558,0.00055,0.07234,0.00041,0.00011,4.29433,4.45099,2.03465,0.00994225,0.00994225,0.00994225
9,86.2791,4.18683,4.29131,2.36036,0.00083,0.11915,0.0005,0.00011,4.409,4.45947,2.10329,0.009934,0.009934,0.009934
10,95.669,4.09572,4.34781,2.35315,0.00046,0.06809,0.00028,7e-05,4.35303,4.5981,2.01507,0.00992575,0.00992575,0.00992575
11,104.794,4.09527,4.28534,2.3516,0.00086,0.11064,0.00054,0.00012,4.4251,4.44884,2.08542,0.0099175,0.0099175,0.0099175
12,114.325,4.05642,4.27712,2.29637,0.00081,0.11915,0.00053,0.00011,4.35995,4.55001,2.07379,0.00990925,0.00990925,0.00990925
13,123.48,4.06233,4.30744,2.33731,0.00086,0.12979,0.00077,0.00019,4.27046,4.45603,2.038,0.009901,0.009901,0.009901
14,132.767,4.02242,4.29682,2.40255,0.00086,0.12979,0.00077,0.00019,4.74982,4.97639,4.29387,0.00989275,0.00989275,0.00989275
15,142.148,4.05502,4.28173,2.42249,0.0018,0.07021,0.00139,0.00033,4.39707,4.58553,2.73528,0.0098845,0.0098845,0.0098845
16,151.365,4.01707,4.2665,2.37553,0.0018,0.07021,0.00139,0.00033,4.22544,4.6311,2.35363,0.00987625,0.00987625,0.00987625
17,160.823,3.98273,4.23008,2.40402,0.0017,0.24894,0.00174,0.00041,4.05636,4.28852,2.28692,0.009868,0.009868,0.009868
18,170.194,3.97096,4.20257,2.3723,0.00127,0.12766,0.00096,0.00018,4.19717,4.45118,2.28696,0.00985975,0.00985975,0.00985975
19,179.44,4.01247,4.19987,2.39709,0.002,0.2766,0.00197,0.0004,4.10164,4.21346,2.31268,0.0098515,0.0098515,0.0098515
20,188.813,3.95624,4.18536,2.36193,0.00207,0.30426,0.00357,0.00077,4.00034,4.22393,2.30299,0.00984325,0.00984325,0.00984325
21,198.108,3.94896,4.17984,2.37026,0.00192,0.28298,0.0026,0.00061,4.00937,4.25305,2.28354,0.009835,0.009835,0.009835
22,207.212,3.92972,4.19248,2.36096,0.00167,0.23191,0.00197,0.00051,3.99968,4.24904,2.32543,0.00982675,0.00982675,0.00982675
23,216.351,3.90358,4.15137,2.36295,0.00197,0.28936,0.0022,0.0005,3.98918,4.23543,2.26903,0.0098185,0.0098185,0.0098185
24,225.492,3.92005,4.18377,2.40108,0.00182,0.27447,0.00234,0.00056,4.04369,4.22028,2.26541,0.00981025,0.00981025,0.00981025
25,234.755,3.83503,4.1391,2.34811,0.00205,0.31064,0.00243,0.00055,3.96251,4.2988,2.23189,0.009802,0.009802,0.009802
26,246.183,3.8479,4.1034,2.32696,0.00198,0.30213,0.00208,0.00042,4.00719,4.22491,2.32074,0.00979375,0.00979375,0.00979375
27,256.278,3.82227,4.12652,2.33158,0.00191,0.28936,0.00219,0.00047,3.99879,4.21047,2.28999,0.0097855,0.0097855,0.0097855
28,265.44,3.84337,4.14005,2.36342,0.00186,0.28298,0.00213,0.00044,3.9904,4.23266,2.19742,0.00977725,0.00977725,0.00977725
29,274.673,3.86016,4.12934,2.34781,0.00207,0.3,0.00254,0.00064,3.9302,4.26217,2.20249,0.009769,0.009769,0.009769
30,283.843,3.82186,4.09574,2.32558,0.00212,0.31489,0.00272,0.00066,3.91189,4.16711,2.2277,0.00976075,0.00976075,0.00976075
31,296.685,3.82269,4.08198,2.32259,0.00233,0.35532,0.00417,0.00102,3.88149,4.07749,2.24555,0.0097525,0.0097525,0.0097525
32,306.095,3.76384,4.0525,2.32464,0.00211,0.32128,0.00318,0.00085,3.88144,4.21553,2.19223,0.00974425,0.00974425,0.00974425
33,315.232,3.7641,4.04708,2.30228,0.0024,0.36596,0.00348,0.00067,3.84281,4.17183,2.19017,0.009736,0.009736,0.009736
34,324.354,3.72882,4.06946,2.30936,0.00234,0.35745,0.00254,0.0006,3.85699,4.20006,2.228,0.00972775,0.00972775,0.00972775
35,334.747,3.72572,4.03634,2.32283,0.00245,0.35745,0.0068,0.00139,3.81992,4.06807,2.25136,0.0097195,0.0097195,0.0097195
36,345.907,3.7545,4.03652,2.34816,0.00211,0.31064,0.00264,0.00055,3.91147,4.19276,2.23499,0.00971125,0.00971125,0.00971125
37,355.169,3.78202,4.00889,2.30624,0.00255,0.38511,0.00881,0.00164,3.88003,3.99313,2.20528,0.009703,0.009703,0.009703
38,364.528,3.71334,3.94622,2.2905,0.01421,0.13404,0.00907,0.00196,3.84325,4.03141,2.22039,0.00969475,0.00969475,0.00969475
39,373.907,3.72045,3.94993,2.30324,0.00266,0.38298,0.01607,0.00321,3.83387,3.91619,2.24243,0.0096865,0.0096865,0.0096865
40,386.434,3.74673,3.9176,2.31489,0.01765,0.17447,0.01501,0.00485,3.81508,3.95797,2.21069,0.00967825,0.00967825,0.00967825
41,395.791,3.73195,3.9049,2.31179,0.06716,0.00426,0.01505,0.00235,3.81178,3.93137,2.21439,0.00967,0.00967,0.00967
42,404.919,3.72695,3.91821,2.30608,0.00225,0.33617,0.00852,0.00196,3.80283,4.11216,2.14528,0.00966175,0.00966175,0.00966175
43,414.134,3.65845,3.87521,2.26678,0.0181,0.12766,0.00894,0.00161,3.73158,3.95293,2.17918,0.0096535,0.0096535,0.0096535
44,424.967,3.703,3.82915,2.28365,0.02416,0.13191,0.01386,0.00276,3.77312,3.94783,2.21028,0.00964525,0.00964525,0.00964525
45,435.951,3.61241,3.82368,2.25956,0.03967,0.10213,0.01558,0.0033,3.6791,4.00583,2.1684,0.009637,0.009637,0.009637
46,445.073,3.62917,3.79957,2.27114,0.05392,0.09787,0.02404,0.00495,3.68686,3.88064,2.1794,0.00962875,0.00962875,0.00962875
47,454.406,3.63168,3.81052,2.2553,0.02089,0.16596,0.01512,0.00367,3.74527,3.94686,2.17301,0.0096205,0.0096205,0.0096205
48,463.672,3.62298,3.77082,2.23531,0.10544,0.01702,0.00866,0.00166,3.84527,4.61875,2.27587,0.00961225,0.00961225,0.00961225
49,475.91,3.62612,3.77156,2.29944,0.00403,0.27447,0.00639,0.00149,3.76288,4.27817,2.20557,0.009604,0.009604,0.009604
50,485.28,3.59948,3.74723,2.25,0.00544,0.09362,0.00341,0.00078,3.92862,4.36924,2.29191,0.00959575,0.00959575,0.00959575
51,494.499,3.59331,3.67393,2.25428,0.05536,0.1,0.01448,0.00336,3.75978,4.90083,2.21014,0.0095875,0.0095875,0.0095875
52,503.837,3.56225,3.7032,2.216,0.14466,0.05532,0.03391,0.00803,3.59846,3.71967,2.11282,0.00957925,0.00957925,0.00957925
53,515.234,3.5811,3.68129,2.26761,0.13697,0.04894,0.02671,0.00591,3.6096,3.83843,2.13232,0.009571,0.009571,0.009571
54,526.351,3.57346,3.65146,2.2272,0.10602,0.07872,0.0306,0.00621,3.59149,3.68839,2.12507,0.00956275,0.00956275,0.00956275
55,535.628,3.53416,3.63797,2.21602,0.07377,0.08511,0.01506,0.00355,3.73328,4.03836,2.20211,0.0095545,0.0095545,0.0095545
56,544.786,3.53332,3.58824,2.18985,0.11825,0.06809,0.02481,0.00538,3.63992,3.82344,2.18899,0.00954625,0.00954625,0.00954625
57,553.869,3.47793,3.60537,2.2128,0.15463,0.06809,0.03509,0.00876,3.61335,3.73694,2.14114,0.009538,0.009538,0.009538
58,566,3.50492,3.60317,2.21348,0.17592,0.08723,0.04931,0.01176,3.60652,3.71051,2.14696,0.00952975,0.00952975,0.00952975
59,575.486,3.47612,3.55321,2.19972,0.10851,0.06383,0.017,0.00386,3.65817,3.99297,2.19175,0.0095215,0.0095215,0.0095215
60,584.687,3.50972,3.59286,2.1903,0.12168,0.05745,0.02457,0.00639,3.6945,3.97801,2.18953,0.00951325,0.00951325,0.00951325
61,593.846,3.49618,3.54388,2.18873,0.11531,0.06684,0.02624,0.00689,3.56931,3.68362,2.11932,0.009505,0.009505,0.009505
62,604.166,3.47446,3.54751,2.19612,0.12826,0.09149,0.04156,0.00892,3.56513,3.65109,2.11824,0.00949675,0.00949675,0.00949675
63,615.362,3.4565,3.54687,2.18166,0.11659,0.03191,0.01757,0.00465,3.7542,4.22305,2.23057,0.0094885,0.0094885,0.0094885
64,624.456,3.4271,3.51243,2.18481,0.14816,0.08723,0.04207,0.01109,3.5975,3.64792,2.15908,0.00948025,0.00948025,0.00948025
65,633.631,3.46951,3.51111,2.19264,0.14865,0.10213,0.04267,0.00942,3.53395,3.5902,2.15348,0.009472,0.009472,0.009472
66,642.927,3.43714,3.50211,2.1607,0.14702,0.08085,0.03774,0.00856,3.59978,3.69047,2.13246,0.00946375,0.00946375,0.00946375
67,652.274,3.41346,3.48163,2.1578,0.12474,0.10213,0.04973,0.01253,3.53884,3.58839,2.12232,0.0094555,0.0094555,0.0094555
68,662.004,3.41936,3.48143,2.15265,0.15624,0.09574,0.03869,0.00954,3.59828,3.65722,2.13541,0.00944725,0.00944725,0.00944725
69,671.164,3.4357,3.51593,2.18951,0.13115,0.11702,0.04209,0.01011,3.52177,3.59593,2.09959,0.009439,0.009439,0.009439
70,680.304,3.40633,3.44458,2.14834,0.14627,0.12128,0.05285,0.01156,3.50853,3.5602,2.12237,0.00943075,0.00943075,0.00943075
71,689.426,3.43144,3.49542,2.14907,0.15624,0.09574,0.04762,0.01009,3.51508,3.60239,2.09497,0.0094225,0.0094225,0.0094225
72,698.583,3.39512,3.47199,2.17979,0.13435,0.11702,0.04506,0.01118,3.48407,3.55702,2.11276,0.00941425,0.00941425,0.00941425
73,707.925,3.38058,3.39824,2.13225,0.17224,0.12128,0.04995,0.01189,3.49872,3.5949,2.1213,0.009406,0.009406,0.009406
74,717.064,3.33101,3.3972,2.09826,0.09709,0.09787,0.02539,0.00618,3.52604,3.70629,2.11372,0.00939775,0.00939775,0.00939775
75,726.25,3.38171,3.39334,2.15127,0.15959,0.09574,0.04859,0.01315,3.48934,3.58948,2.1105,0.0093895,0.0093895,0.0093895
76,735.558,3.37775,3.44364,2.16459,0.15614,0.10213,0.04851,0.01274,3.52141,3.57077,2.11449,0.00938125,0.00938125,0.00938125
77,744.886,3.37885,3.41714,2.1452,0.16987,0.1383,0.0687,0.0174,3.42391,3.52521,2.08096,0.009373,0.009373,0.009373
78,754.265,3.34925,3.40518,2.14306,0.09756,0.0766,0.03062,0.00806,3.41371,3.62561,2.07621,0.00936475,0.00936475,0.00936475
79,763.396,3.34872,3.41928,2.1256,0.15129,0.11915,0.05457,0.01583,3.3954,3.52206,2.0934,0.0093565,0.0093565,0.0093565
80,772.472,3.34627,3.37452,2.1538,0.15186,0.10426,0.04769,0.01155,3.46495,3.48448,2.09173,0.00934825,0.00934825,0.00934825
81,781.577,3.35486,3.41508,2.14137,0.18789,0.0955,0.04915,0.01197,3.45327,3.53511,2.04875,0.00934,0.00934,0.00934
82,790.692,3.33063,3.38488,2.11377,0.12287,0.11702,0.0367,0.00877,3.46718,3.58855,2.08154,0.00933175,0.00933175,0.00933175
83,800.091,3.35153,3.3746,2.11852,0.1428,0.15319,0.05976,0.01421,3.4327,3.50908,2.05514,0.0093235,0.0093235,0.0093235
84,809.249,3.34441,3.38564,2.11054,0.19212,0.13191,0.06753,0.01569,3.45156,3.57823,2.11781,0.00931525,0.00931525,0.00931525
85,818.399,3.29517,3.35742,2.10708,0.15175,0.08085,0.03539,0.00899,3.45078,3.57776,2.04862,0.009307,0.009307,0.009307
86,827.783,3.34596,3.36206,2.1159,0.20289,0.10939,0.06336,0.01784,3.42147,3.52718,2.1176,0.00929875,0.00929875,0.00929875
87,836.902,3.31661,3.35172,2.1401,0.1955,0.11702,0.06877,0.01782,3.45803,3.49689,2.13861,0.0092905,0.0092905,0.0092905
88,846.404,3.3248,3.38027,2.11581,0.16789,0.10213,0.05061,0.01373,3.42867,3.50073,2.08137,0.00928225,0.00928225,0.00928225
89,855.681,3.30366,3.32499,2.08675,0.1856,0.12766,0.05531,0.01464,3.41853,3.52136,2.0714,0.009274,0.009274,0.009274
90,864.883,3.30221,3.33883,2.12914,0.13985,0.01702,0.0113,0.003,4.07333,4.92908,2.31975,0.00926575,0.00926575,0.00926575
91,874.24,3.31257,3.37265,2.11557,0.17271,0.09574,0.04756,0.012,3.41901,3.60452,2.08917,0.0092575,0.0092575,0.0092575
92,883.658,3.31592,3.35762,2.07775,0.17022,0.13617,0.06276,0.0187,3.41114,3.40765,2.08302,0.00924925,0.00924925,0.00924925
93,893.031,3.29366,3.35155,2.10909,0.22309,0.12128,0.06709,0.01879,3.39255,3.44447,2.09454,0.009241,0.009241,0.009241
94,902.571,3.26177,3.32208,2.11105,0.21585,0.07872,0.05098,0.01362,3.55583,3.72451,2.14702,0.00923275,0.00923275,0.00923275
95,911.692,3.29618,3.35616,2.11337,0.19245,0.11702,0.07375,0.02012,3.34227,3.46825,2.06669,0.0092245,0.0092245,0.0092245
96,921.096,3.24253,3.30531,2.10451,0.19646,0.13617,0.07421,0.02127,3.37914,3.37941,2.10228,0.00921625,0.00921625,0.00921625
97,930.496,3.25154,3.29533,2.07052,0.20704,0.11489,0.05968,0.01558,3.38123,3.42629,2.05163,0.009208,0.009208,0.009208
98,939.891,3.23076,3.28331,2.07914,0.20838,0.12979,0.07874,0.02102,3.35902,3.37229,2.06339,0.00919975,0.00919975,0.00919975
99,949.223,3.25902,3.32996,2.09195,0.18525,0.1234,0.05789,0.01516,3.37851,3.3953,2.11577,0.0091915,0.0091915,0.0091915
100,958.36,3.26677,3.28788,2.07704,0.20556,0.12553,0.07446,0.02232,3.38071,3.39601,2.08386,0.00918325,0.00918325,0.00918325
101,967.692,3.2596,3.28422,2.04874,0.23908,0.13404,0.0801,0.02283,3.36456,3.34803,2.06739,0.009175,0.009175,0.009175
102,977.016,3.23059,3.31137,2.05529,0.20087,0.11915,0.06687,0.01922,3.34351,3.35927,2.02749,0.00916675,0.00916675,0.00916675
103,986.117,3.22544,3.24265,2.05209,0.18595,0.12128,0.07803,0.02069,3.38933,3.36556,2.08073,0.0091585,0.0091585,0.0091585
104,995.512,3.20364,3.22521,2.04105,0.21253,0.1383,0.08633,0.02507,3.30613,3.37401,2.03818,0.00915025,0.00915025,0.00915025
105,1004.95,3.22925,3.26999,2.08961,0.19833,0.14468,0.07923,0.0231,3.32479,3.30375,2.07986,0.009142,0.009142,0.009142
106,1014.14,3.22127,3.28272,2.06933,0.23462,0.13404,0.07571,0.02115,3.31626,3.30645,2.05164,0.00913375,0.00913375,0.00913375
107,1023.38,3.17559,3.24042,2.05707,0.18999,0.11489,0.07852,0.02308,3.34144,3.34329,2.05743,0.0091255,0.0091255,0.0091255
108,1032.61,3.21076,3.26871,2.05227,0.20778,0.10938,0.06858,0.02171,3.35078,3.46479,2.05727,0.00911725,0.00911725,0.00911725
109,1041.74,3.20938,3.25933,2.06916,0.21923,0.12766,0.07776,0.02204,3.31997,3.29105,2.06582,0.009109,0.009109,0.009109
110,1050.83,3.20608,3.25488,2.05459,0.19631,0.16596,0.08345,0.02369,3.33893,3.30332,2.09488,0.00910075,0.00910075,0.00910075
111,1059.94,3.19367,3.2308,2.05721,0.22384,0.15532,0.10045,0.02879,3.30175,3.2985,2.06078,0.0090925,0.0090925,0.0090925
112,1069.26,3.16357,3.2097,2.03535,0.22568,0.11489,0.08244,0.02534,3.32661,3.3688,2.07342,0.00908425,0.00908425,0.00908425
113,1078.41,3.16956,3.20581,2.02964,0.22731,0.14043,0.09413,0.02785,3.27696,3.28177,2.03609,0.009076,0.009076,0.009076
114,1087.5,3.16345,3.2197,2.04987,0.27411,0.13191,0.08749,0.02513,3.31254,3.25365,2.06895,0.00906775,0.00906775,0.00906775
115,1096.64,3.18581,3.18802,2.02236,0.21481,0.14043,0.09821,0.02645,3.25867,3.26093,2.03816,0.0090595,0.0090595,0.0090595
116,1105.8,3.20432,3.23282,2.03937,0.20464,0.1383,0.07957,0.02267,3.34302,3.30527,2.06495,0.00905125,0.00905125,0.00905125
117,1114.99,3.16802,3.17941,2.06487,0.25614,0.1617,0.10899,0.02713,3.31258,3.24668,2.03367,0.009043,0.009043,0.009043
118,1124.09,3.14919,3.20898,2.05402,0.2264,0.11915,0.08665,0.02196,3.34118,3.2934,2.07385,0.00903475,0.00903475,0.00903475
119,1133.22,3.14062,3.19914,2.03347,0.231,0.14255,0.08413,0.02359,3.33875,3.26141,2.02879,0.0090265,0.0090265,0.0090265
120,1142.48,3.14642,3.1811,2.04405,0.23711,0.15106,0.0939,0.02465,3.27394,3.21679,2.03142,0.00901825,0.00901825,0.00901825
121,1151.69,3.15155,3.20272,2.03351,0.30894,0.12553,0.11645,0.03278,3.27108,3.21971,2.04783,0.00901,0.00901,0.00901
122,1161.05,3.14338,3.13952,2.0224,0.24884,0.14043,0.09695,0.02488,3.33689,3.30316,2.03799,0.00900175,0.00900175,0.00900175
123,1170.31,3.17476,3.1683,2.04409,0.19763,0.14043,0.09733,0.02512,3.35382,3.3074,2.07008,0.0089935,0.0089935,0.0089935
124,1179.46,3.13911,3.175,2.00906,0.22694,0.14043,0.10692,0.02966,3.30169,3.21574,2.0531,0.00898525,0.00898525,0.00898525
125,1188.6,3.1654,3.20482,2.03693,0.25679,0.14681,0.10465,0.03242,3.33072,3.20058,2.05639,0.008977,0.008977,0.008977
126,1197.7,3.15271,3.18316,2.03062,0.26869,0.12553,0.09669,0.02886,3.29962,3.26034,2.04793,0.00896875,0.00896875,0.00896875
127,1206.8,3.10743,3.14465,2.00795,0.28693,0.14811,0.11862,0.03456,3.27141,3.21223,2.04883,0.0089605,0.0089605,0.0089605
128,1216.15,3.11964,3.18737,2.02577,0.23193,0.15106,0.09416,0.03071,3.24543,3.2421,2.04394,0.00895225,0.00895225,0.00895225
129,1225.34,3.09932,3.18101,2.00961,0.22074,0.14468,0.10558,0.03175,3.25117,3.22635,2.02459,0.008944,0.008944,0.008944
130,1234.57,3.11242,3.15985,2.02335,0.22457,0.14681,0.10448,0.03326,3.23906,3.1824,2.03667,0.00893575,0.00893575,0.00893575
131,1243.87,3.07482,3.09243,2.00671,0.22755,0.14255,0.09345,0.02898,3.25904,3.21407,2.06858,0.0089275,0.0089275,0.0089275
132,1252.97,3.12516,3.10314,2.02478,0.24828,0.14547,0.10127,0.03076,3.24002,3.26926,2.03185,0.00891925,0.00891925,0.00891925
133,1262.12,3.10708,3.17342,2.0195,0.19464,0.14894,0.08138,0.02511,3.305,3.3385,2.06476,0.008911,0.008911,0.008911
134,1271.22,3.11108,3.14556,2.01308,0.22516,0.13191,0.08899,0.02711,3.28223,3.24193,2.0497,0.00890275,0.00890275,0.00890275
135,1280.35,3.10565,3.13106,2.01562,0.20906,0.1766,0.09988,0.02905,3.23334,3.25455,2.04004,0.0088945,0.0088945,0.0088945
136,1289.48,3.12277,3.11093,2.00966,0.22363,0.14043,0.09042,0.02744,3.26119,3.25626,2.03255,0.00888625,0.00888625,0.00888625
137,1298.59,3.10938,3.11488,1.99045,0.21971,0.16596,0.09611,0.0285,3.25406,3.23453,2.03862,0.008878,0.008878,0.008878
138,1307.71,3.09734,3.11898,2.00051,0.24066,0.1617,0.10008,0.0283,3.31764,3.17666,2.06409,0.00886975,0.00886975,0.00886975
139,1316.84,3.09491,3.0573,2.00925,0.28582,0.14681,0.12092,0.03284,3.28372,3.1604,2.02957,0.0088615,0.0088615,0.0088615
140,1326.15,3.09333,3.12498,2.00182,0.25016,0.15957,0.10723,0.03357,3.25966,3.21322,2.01749,0.00885325,0.00885325,0.00885325
141,1335.23,3.08969,3.0797,1.9846,0.27018,0.1617,0.11334,0.0303,3.32241,3.26071,2.05337,0.008845,0.008845,0.008845
142,1344.31,3.06581,3.07261,1.981,0.25715,0.1617,0.13725,0.03797,3.25033,3.17386,2.00281,0.00883675,0.00883675,0.00883675
143,1353.58,3.04315,3.07429,1.9772,0.28116,0.15895,0.11156,0.03648,3.25283,3.11988,2.0016,0.0088285,0.0088285,0.0088285
144,1362.75,3.0412,3.07451,1.96908,0.26439,0.1617,0.12162,0.03615,3.22045,3.1515,2.01785,0.00882025,0.00882025,0.00882025
145,1372.09,3.06799,3.11281,1.98536,0.26439,0.15106,0.11859,0.03465,3.29683,3.20402,2.05152,0.008812,0.008812,0.008812
146,1381.27,3.08442,3.10121,1.98502,0.22892,0.16809,0.10801,0.0324,3.24888,3.14371,2.03512,0.00880375,0.00880375,0.00880375
147,1390.41,3.06773,3.10272,2.00512,0.25284,0.15319,0.12217,0.03692,3.27074,3.11157,2.03751,0.0087955,0.0087955,0.0087955
148,1399.54,3.06038,3.05939,1.99105,0.25116,0.15106,0.11311,0.03408,3.30027,3.22473,2.04958,0.00878725,0.00878725,0.00878725
149,1408.67,3.06808,3.0973,1.98844,0.30341,0.16383,0.11983,0.03965,3.25651,3.19741,2.02364,0.008779,0.008779,0.008779
150,1417.74,3.02842,3.06469,1.98169,0.2719,0.16809,0.12033,0.0395,3.25325,3.16867,2.02947,0.00877075,0.00877075,0.00877075
151,1426.91,3.05498,3.0641,1.99899,0.25731,0.1231,0.09954,0.03311,3.2644,3.28308,2.03817,0.0087625,0.0087625,0.0087625
152,1436.1,3.04104,3.07254,1.966,0.22948,0.1617,0.11806,0.03662,3.23081,3.15517,2.00081,0.00875425,0.00875425,0.00875425
153,1445.28,3.02097,3.02006,1.9679,0.24626,0.14894,0.10602,0.03446,3.19624,3.13116,2.00079,0.008746,0.008746,0.008746
154,1458.05,3.04367,3.07679,1.95581,0.24443,0.15106,0.10928,0.03681,3.22079,3.15963,1.98888,0.00873775,0.00873775,0.00873775
155,1467.19,3.05184,3.05514,1.97525,0.23742,0.18298,0.10416,0.03425,3.20719,3.19976,1.98945,0.0087295,0.0087295,0.0087295
156,1476.39,3.02284,3.05213,1.96291,0.24093,0.17234,0.10317,0.03236,3.24332,3.23163,2.00557,0.00872125,0.00872125,0.00872125
157,1485.54,3.02944,3.06251,1.96159,0.25825,0.17234,0.11902,0.03584,3.20983,3.13085,2.01439,0.008713,0.008713,0.008713
158,1496.14,3.02236,3.04892,1.96282,0.25258,0.17234,0.11631,0.03765,3.2018,3.11554,2.01635,0.00870475,0.00870475,0.00870475
159,1507.35,3.01791,3.03382,1.96507,0.30911,0.15532,0.13118,0.03849,3.24517,3.14744,2.03357,0.0086965,0.0086965,0.0086965
160,1516.49,3.04188,3.06286,1.95826,0.25452,0.17071,0.10851,0.03304,3.22883,3.19304,2.01232,0.00868825,0.00868825,0.00868825
161,1525.62,3.01993,3.04619,1.96472,0.23582,0.18712,0.12334,0.03833,3.19178,3.15307,2.01072,0.00868,0.00868,0.00868
162,1534.74,3.03191,3.00968,1.97726,0.24704,0.16809,0.12465,0.0398,3.21854,3.10926,2.01941,0.00867175,0.00867175,0.00867175
163,1546.66,3.01971,3.05508,1.97043,0.25198,0.15745,0.12525,0.04154,3.16992,3.1084,1.99692,0.0086635,0.0086635,0.0086635
164,1556.37,2.9873,2.99807,1.95299,0.23741,0.1617,0.11369,0.03762,3.15092,3.09867,2.01654,0.00865525,0.00865525,0.00865525
165,1565.46,3.02272,2.99133,1.9729,0.25793,0.18044,0.13226,0.04137,3.09719,3.05136,1.98122,0.008647,0.008647,0.008647
166,1574.92,3.0177,2.99228,1.9555,0.23812,0.18936,0.12032,0.03731,3.16923,3.10329,2.00889,0.00863875,0.00863875,0.00863875
167,1585.89,3.02469,3.01829,1.97714,0.26285,0.16809,0.11674,0.03715,3.15368,3.13215,1.99846,0.0086305,0.0086305,0.0086305
168,1596.89,2.97812,2.9719,1.95144,0.27586,0.18511,0.13662,0.04126,3.18807,3.044,2.02147,0.00862225,0.00862225,0.00862225
169,1606.18,2.98623,2.99905,1.97361,0.31127,0.15319,0.12668,0.04205,3.17465,3.0833,1.98995,0.008614,0.008614,0.008614
170,1615.29,2.97399,2.99137,1.94927,0.27579,0.17872,0.15034,0.04546,3.16188,3.03948,2.00754,0.00860575,0.00860575,0.00860575
171,1624.8,3.005,2.93489,1.94201,0.28216,0.18298,0.13986,0.04877,3.12069,3.03773,1.98069,0.0085975,0.0085975,0.0085975
172,1637.36,3.02685,3.03321,1.97845,0.24645,0.15957,0.11758,0.03703,3.19326,3.17743,1.97677,0.00858925,0.00858925,0.00858925
173,1646.59,2.97104,3.02499,1.95499,0.29545,0.17021,0.13001,0.04521,3.1171,3.09943,1.98178,0.008581,0.008581,0.008581
174,1655.77,2.96524,2.9781,1.95662,0.26729,0.14681,0.1181,0.03948,3.19083,3.18119,2.01629,0.00857275,0.00857275,0.00857275
175,1664.95,2.98027,2.97422,1.96465,0.28762,0.18723,0.12284,0.03921,3.17899,3.08745,2.02018,0.0085645,0.0085645,0.0085645
176,1675.73,2.98528,2.98887,1.9432,0.26163,0.18298,0.12362,0.03776,3.24215,3.14603,2.0124,0.00855625,0.00855625,0.00855625
177,1687.22,2.97905,2.98038,1.95147,0.2354,0.19149,0.13014,0.04116,3.18306,3.05191,1.99469,0.008548,0.008548,0.008548
178,1696.52,2.92777,2.96212,1.92563,0.3184,0.1766,0.14802,0.04385,3.16511,3.04355,1.99552,0.00853975,0.00853975,0.00853975
179,1705.77,2.94689,2.93458,1.92012,0.27515,0.17021,0.12914,0.04412,3.11669,3.14413,2.00805,0.0085315,0.0085315,0.0085315
180,1714.9,2.95818,2.94993,1.9292,0.29244,0.15319,0.13466,0.04699,3.1393,3.07185,1.99509,0.00852325,0.00852325,0.00852325
181,1727.65,2.96144,2.96132,1.93432,0.26607,0.18723,0.12415,0.04283,3.12874,3.02805,1.99457,0.008515,0.008515,0.008515
182,1736.77,2.96197,2.94503,1.91761,0.3011,0.19616,0.14026,0.04805,3.11893,3.08084,2.01808,0.00850675,0.00850675,0.00850675
183,1746.04,2.90437,2.89773,1.92421,0.26784,0.17234,0.14308,0.04701,3.13523,3.1136,2.00053,0.0084985,0.0084985,0.0084985
184,1755.14,2.93138,2.89578,1.92244,0.27118,0.15675,0.12838,0.04594,3.16728,3.0743,1.98764,0.00849025,0.00849025,0.00849025
185,1765.46,2.94892,2.90599,1.92505,0.29009,0.19301,0.14371,0.05108,3.10979,2.97949,1.96699,0.008482,0.008482,0.008482
186,1776.84,2.95522,2.9371,1.92777,0.32317,0.19149,0.16119,0.05523,3.08232,2.96614,1.97957,0.00847375,0.00847375,0.00847375
187,1786.12,2.95145,2.93502,1.91874,0.2075,0.14468,0.10584,0.03462,3.22336,3.20433,2.02297,0.0084655,0.0084655,0.0084655
188,1795.26,2.94188,2.89656,1.93842,0.27593,0.19362,0.1405,0.05105,3.12642,3.00531,1.97798,0.00845725,0.00845725,0.00845725
189,1804.38,2.90255,2.91137,1.93079,0.22977,0.18723,0.11563,0.04038,3.13035,3.11304,2.00135,0.008449,0.008449,0.008449
190,1816.77,2.96327,2.94232,1.92575,0.32927,0.20638,0.14229,0.04695,3.1352,3.05412,2.00194,0.00844075,0.00844075,0.00844075
191,1826.69,2.91771,2.90148,1.93141,0.2631,0.19787,0.14548,0.05186,3.15237,2.98878,1.97046,0.0084325,0.0084325,0.0084325
192,1835.95,2.94217,2.89411,1.91484,0.2504,0.19616,0.15027,0.05243,3.10379,2.97688,1.94327,0.00842425,0.00842425,0.00842425
193,1845.11,2.93363,2.92325,1.9084,0.26074,0.19149,0.15111,0.05339,3.1001,2.96112,1.9594,0.008416,0.008416,0.008416
194,1855.56,2.91001,2.88011,1.91449,0.26099,0.16907,0.13389,0.04812,3.19143,3.12941,2.02499,0.00840775,0.00840775,0.00840775
195,1867.09,2.94789,2.8998,1.93395,0.28598,0.18298,0.13497,0.04694,3.1655,3.00471,1.99872,0.0083995,0.0083995,0.0083995
196,1876.32,2.92047,2.88128,1.90425,0.24773,0.15532,0.11133,0.04026,3.17125,3.12892,1.9828,0.00839125,0.00839125,0.00839125
197,1885.58,2.91766,2.87361,1.89293,0.35052,0.20784,0.16952,0.0598,3.13728,2.99659,1.97335,0.008383,0.008383,0.008383
198,1894.92,2.91684,2.87037,1.89338,0.30563,0.18723,0.15578,0.05378,3.10001,2.95386,1.94949,0.00837475,0.00837475,0.00837475
199,1906.93,2.95727,2.89493,1.92802,0.30735,0.19574,0.16031,0.06056,3.08376,2.92968,1.96885,0.0083665,0.0083665,0.0083665
200,1916.6,2.88631,2.84154,1.93692,0.23842,0.1617,0.12022,0.04565,3.17497,3.10987,2.00417,0.00835825,0.00835825,0.00835825
201,1925.58,2.91154,2.87735,1.91582,0.26402,0.17234,0.13137,0.04565,3.11433,3.11859,1.95363,0.00835,0.00835,0.00835
202,1934.64,2.90581,2.84314,1.91557,0.26443,0.13404,0.10963,0.03568,3.27405,3.27175,2.09979,0.00834175,0.00834175,0.00834175
203,1944.64,2.8994,2.86075,1.90131,0.28545,0.17021,0.13731,0.04941,3.11019,3.05378,1.96163,0.0083335,0.0083335,0.0083335
204,1956.44,2.89102,2.8472,1.91419,0.31245,0.16383,0.15014,0.05105,3.07483,3.00767,1.97162,0.00832525,0.00832525,0.00832525
205,1965.59,2.8676,2.81697,1.90268,0.27203,0.17234,0.1423,0.05227,3.07798,2.97467,1.94895,0.008317,0.008317,0.008317
206,1974.87,2.87116,2.80915,1.89993,0.26772,0.15106,0.12308,0.04089,3.2017,3.17788,2.03592,0.00830875,0.00830875,0.00830875
207,1983.97,2.87821,2.8514,1.87596,0.27695,0.17234,0.13912,0.04405,3.16389,3.0367,2.02827,0.0083005,0.0083005,0.0083005
208,1995.17,2.8429,2.79522,1.8812,0.32614,0.14255,0.1358,0.04456,3.132,3.17588,1.99886,0.00829225,0.00829225,0.00829225
209,2005.17,2.8385,2.80943,1.89928,0.28374,0.21064,0.17339,0.06155,3.06217,2.89855,1.97536,0.008284,0.008284,0.008284
210,2014.47,2.88289,2.83494,1.90329,0.2814,0.19787,0.17423,0.06388,3.03141,2.86249,1.94052,0.00827575,0.00827575,0.00827575
211,2023.77,2.84637,2.80302,1.88889,0.30453,0.2,0.1702,0.06392,3.05996,2.90545,1.94649,0.0082675,0.0082675,0.0082675
212,2033.62,2.86073,2.83199,1.90119,0.34344,0.18936,0.16692,0.05772,3.05194,2.95874,1.92915,0.00825925,0.00825925,0.00825925
213,2045.06,2.87675,2.81982,1.88505,0.27408,0.2,0.15343,0.05595,3.05078,2.92518,1.95565,0.008251,0.008251,0.008251
214,2054.21,2.85763,2.79301,1.87553,0.31757,0.20198,0.16363,0.05747,3.03664,2.94005,1.93509,0.00824275,0.00824275,0.00824275
215,2063.27,2.83971,2.7819,1.87061,0.30762,0.18723,0.15663,0.05713,3.01923,2.94643,1.91926,0.0082345,0.0082345,0.0082345
216,2072.45,2.89114,2.81935,1.88205,0.29301,0.19362,0.15274,0.05296,3.07214,2.89369,1.95112,0.00822625,0.00822625,0.00822625
217,2083.95,2.82982,2.76571,1.8545,0.30607,0.20851,0.16452,0.05268,3.07652,2.92268,1.95638,0.008218,0.008218,0.008218
218,2094.38,2.8837,2.84557,1.88999,0.30459,0.20638,0.15048,0.05181,3.05425,2.91936,1.95081,0.00820975,0.00820975,0.00820975
219,2103.51,2.82545,2.77051,1.86149,0.2933,0.19149,0.16935,0.06239,3.06395,2.90856,1.93734,0.0082015,0.0082015,0.0082015
220,2112.77,2.85237,2.8081,1.87855,0.34938,0.20213,0.17768,0.06227,3.01702,2.86367,1.95019,0.00819325,0.00819325,0.00819325
221,2122.48,2.80911,2.73037,1.86544,0.26237,0.21915,0.16675,0.06063,3.00548,2.83264,1.94514,0.008185,0.008185,0.008185
222,2134.66,2.83774,2.76147,1.88128,0.32661,0.19574,0.16845,0.05672,3.05329,2.87421,1.95561,0.00817675,0.00817675,0.00817675
223,2143.77,2.84445,2.7331,1.85797,0.3232,0.19787,0.19094,0.07014,2.9872,2.86572,1.93325,0.0081685,0.0081685,0.0081685
224,2153.12,2.84542,2.7772,1.87673,0.28874,0.21064,0.18166,0.06803,2.99699,2.81007,1.94587,0.00816025,0.00816025,0.00816025
225,2162.38,2.84123,2.75491,1.85836,0.26925,0.20851,0.16997,0.05748,3.02919,2.85642,1.93851,0.008152,0.008152,0.008152
226,2174.02,2.79573,2.75545,1.863,0.28518,0.22553,0.18168,0.06389,2.9951,2.80676,1.9341,0.00814375,0.00814375,0.00814375
227,2184.76,2.77991,2.67359,1.83927,0.29602,0.20638,0.18046,0.06578,3.01316,2.86583,1.93899,0.0081355,0.0081355,0.0081355
228,2194.17,2.76964,2.68103,1.84121,0.39116,0.19149,0.18206,0.06681,2.99085,2.9157,1.92376,0.00812725,0.00812725,0.00812725
229,2203.28,2.82033,2.71465,1.85905,0.29076,0.2,0.17782,0.0639,3.00556,2.89351,1.93598,0.008119,0.008119,0.008119
230,2213.02,2.76699,2.67279,1.83784,0.37775,0.19574,0.17965,0.06608,2.99637,2.86211,1.92606,0.00811075,0.00811075,0.00811075
231,2224.88,2.82043,2.6944,1.84895,0.26857,0.1766,0.15527,0.05391,3.04484,3.05993,1.9403,0.0081025,0.0081025,0.0081025
232,2234.2,2.74064,2.65158,1.82062,0.40564,0.20213,0.19233,0.06942,2.9632,2.83236,1.9213,0.00809425,0.00809425,0.00809425
233,2243.31,2.78347,2.69546,1.84759,0.38843,0.16809,0.1729,0.06538,3.02318,2.88196,1.92443,0.008086,0.008086,0.008086
234,2252.61,2.7514,2.65277,1.83072,0.31649,0.23191,0.18724,0.0706,2.97464,2.8078,1.93387,0.00807775,0.00807775,0.00807775
235,2263.71,2.75814,2.66383,1.82888,0.37478,0.19641,0.19287,0.06951,2.9899,2.81716,1.93759,0.0080695,0.0080695,0.0080695
236,2274.16,2.74328,2.65732,1.82035,0.33978,0.2234,0.196,0.07052,3.00455,2.8018,1.91802,0.00806125,0.00806125,0.00806125
237,2283.47,2.776,2.67628,1.83042,0.36677,0.2383,0.20351,0.07797,2.95722,2.77174,1.90912,0.008053,0.008053,0.008053
238,2292.82,2.78118,2.64602,1.81485,0.38523,0.23617,0.20651,0.08157,2.97672,2.74305,1.91569,0.00804475,0.00804475,0.00804475
239,2302.91,2.73787,2.62941,1.81258,0.36063,0.19787,0.19135,0.07468,2.99822,2.88068,1.93165,0.0080365,0.0080365,0.0080365
240,2314.92,2.74814,2.67376,1.81706,0.4083,0.22553,0.21008,0.0815,2.97076,2.78277,1.93125,0.00802825,0.00802825,0.00802825
241,2324.26,2.75928,2.66425,1.8317,0.3725,0.17021,0.17785,0.06487,3.04632,2.88961,1.98589,0.00802,0.00802,0.00802
242,2333.37,2.74126,2.63734,1.82364,0.36887,0.20851,0.19355,0.07658,2.97183,2.83506,1.90951,0.00801175,0.00801175,0.00801175
243,2342.49,2.76699,2.6343,1.85321,0.36676,0.26001,0.22313,0.08573,2.94518,2.74591,1.91762,0.0080035,0.0080035,0.0080035
244,2353.58,2.7426,2.61322,1.82204,0.3782,0.20059,0.18632,0.07305,3.00028,2.87989,1.9364,0.00799525,0.00799525,0.00799525
245,2364.24,2.79096,2.65419,1.83866,0.39685,0.24468,0.22721,0.08598,2.92207,2.72812,1.90387,0.007987,0.007987,0.007987
246,2373.65,2.73538,2.59073,1.81413,0.40302,0.2011,0.20261,0.07824,2.96278,2.81887,1.91912,0.00797875,0.00797875,0.00797875
247,2382.81,2.73635,2.60593,1.82221,0.38407,0.23404,0.22708,0.0867,2.89986,2.70112,1.88856,0.0079705,0.0079705,0.0079705
248,2392.45,2.72192,2.62225,1.83495,0.40206,0.20213,0.2038,0.07766,2.95726,2.82079,1.88565,0.00796225,0.00796225,0.00796225
249,2404.31,2.70026,2.59193,1.80197,0.45524,0.20851,0.22407,0.08613,2.92553,2.78127,1.89748,0.007954,0.007954,0.007954
250,2413.49,2.73484,2.6066,1.80711,0.31801,0.25745,0.22336,0.08756,2.90671,2.70729,1.88998,0.00794575,0.00794575,0.00794575
251,2422.89,2.69497,2.56826,1.79314,0.38426,0.25745,0.22855,0.08943,2.87888,2.6899,1.87624,0.0079375,0.0079375,0.0079375
252,2432.3,2.68001,2.58182,1.82642,0.38833,0.25745,0.23319,0.09039,2.86153,2.67635,1.86496,0.00792925,0.00792925,0.00792925
253,2443.43,2.71579,2.56295,1.81512,0.3989,0.24255,0.23262,0.09322,2.85994,2.69179,1.87159,0.007921,0.007921,0.007921
254,2454.71,2.70031,2.5946,1.82114,0.37998,0.2234,0.21868,0.07947,2.97136,2.78378,1.90513,0.00791275,0.00791275,0.00791275
255,2463.95,2.73438,2.59678,1.80042,0.3771,0.22979,0.2359,0.09313,2.93042,2.6869,1.90267,0.0079045,0.0079045,0.0079045
256,2473.4,2.67449,2.53198,1.78816,0.46684,0.22356,0.22771,0.09399,2.9009,2.69392,1.89044,0.00789625,0.00789625,0.00789625
257,2482.95,2.71139,2.57137,1.79316,0.38604,0.24894,0.23713,0.096,2.87076,2.68783,1.85577,0.007888,0.007888,0.007888
258,2494.81,2.69417,2.55188,1.80819,0.36449,0.25319,0.23734,0.09466,2.87326,2.68576,1.85479,0.00787975,0.00787975,0.00787975
259,2503.9,2.6964,2.55834,1.80368,0.39575,0.2564,0.22223,0.09399,2.84894,2.65513,1.86961,0.0078715,0.0078715,0.0078715
260,2512.97,2.66488,2.50818,1.77503,0.37046,0.22553,0.22847,0.09646,2.86107,2.66448,1.85162,0.00786325,0.00786325,0.00786325
261,2522.05,2.64638,2.47202,1.76925,0.42866,0.23191,0.24101,0.10004,2.84417,2.69795,1.85749,0.007855,0.007855,0.007855
262,2533.3,2.6863,2.54469,1.78739,0.38336,0.23404,0.22465,0.09328,2.87089,2.70944,1.88221,0.00784675,0.00784675,0.00784675
263,2544.12,2.64465,2.49966,1.78626,0.35231,0.24043,0.23591,0.09835,2.84787,2.70062,1.85452,0.0078385,0.0078385,0.0078385
264,2553.26,2.6544,2.4668,1.76209,0.43251,0.22553,0.22919,0.09418,2.85461,2.64458,1.86219,0.00783025,0.00783025,0.00783025
265,2562.53,2.66607,2.5262,1.77332,0.51528,0.23404,0.2546,0.09976,2.90393,2.62271,1.86729,0.007822,0.007822,0.007822
266,2572.59,2.64174,2.46359,1.77051,0.32722,0.2234,0.2078,0.0791,2.98417,2.8917,1.90186,0.00781375,0.00781375,0.00781375
267,2584.73,2.64256,2.47377,1.77885,0.38341,0.21489,0.20709,0.08279,2.94983,2.80887,1.93117,0.0078055,0.0078055,0.0078055
268,2594.09,2.66862,2.50772,1.77535,0.45595,0.2383,0.24871,0.09967,2.87568,2.67663,1.84851,0.00779725,0.00779725,0.00779725
269,2603.22,2.65736,2.48823,1.76873,0.40185,0.24043,0.22677,0.0978,2.90944,2.70697,1.89041,0.007789,0.007789,0.007789
270,2612.34,2.62856,2.47144,1.76806,0.41935,0.26383,0.26332,0.10786,2.85525,2.60339,1.83706,0.00778075,0.00778075,0.00778075
271,2623.82,2.61306,2.45299,1.78045,0.36698,0.2383,0.23454,0.09872,2.88093,2.62854,1.86878,0.0077725,0.0077725,0.0077725
272,2634.45,2.62828,2.46115,1.77881,0.35168,0.28936,0.24741,0.09817,2.87692,2.62542,1.87268,0.00776425,0.00776425,0.00776425
273,2643.53,2.61916,2.45325,1.76165,0.40767,0.26809,0.26039,0.11869,2.83917,2.58079,1.84797,0.007756,0.007756,0.007756
274,2652.86,2.60936,2.40902,1.75415,0.44638,0.25532,0.2642,0.11625,2.83165,2.58105,1.8341,0.00774775,0.00774775,0.00774775
275,2662.11,2.60876,2.46299,1.75643,0.39702,0.24894,0.25611,0.11069,2.81981,2.61578,1.82352,0.0077395,0.0077395,0.0077395
276,2674.4,2.62591,2.43166,1.74647,0.39607,0.26809,0.26874,0.11145,2.77771,2.55928,1.80337,0.00773125,0.00773125,0.00773125
277,2683.7,2.61663,2.4226,1.75946,0.43985,0.26383,0.27697,0.11762,2.78594,2.57378,1.81622,0.007723,0.007723,0.007723
278,2693.15,2.60381,2.42242,1.75337,0.35993,0.25745,0.23737,0.10161,2.86176,2.65476,1.87814,0.00771475,0.00771475,0.00771475
279,2702.3,2.60213,2.41064,1.74609,0.38022,0.24468,0.23481,0.0946,2.85847,2.71102,1.84384,0.0077065,0.0077065,0.0077065
280,2712.98,2.57881,2.39781,1.74052,0.42776,0.26561,0.264,0.11437,2.78367,2.5093,1.80534,0.00769825,0.00769825,0.00769825
281,2724.09,2.61627,2.40245,1.74066,0.43452,0.2234,0.24828,0.10842,2.7771,2.52584,1.82539,0.00769,0.00769,0.00769
282,2733.25,2.61864,2.43049,1.76697,0.36781,0.27234,0.2578,0.11105,2.76396,2.55334,1.82297,0.00768175,0.00768175,0.00768175
283,2742.4,2.55796,2.37809,1.72825,0.41953,0.28298,0.26872,0.11217,2.79412,2.53143,1.83385,0.0076735,0.0076735,0.0076735
284,2751.5,2.57526,2.36276,1.71136,0.42468,0.30213,0.2864,0.12589,2.75454,2.50081,1.80452,0.00766525,0.00766525,0.00766525
285,2763.99,2.59551,2.40176,1.71901,0.39559,0.27991,0.27728,0.118,2.77875,2.49021,1.81121,0.007657,0.007657,0.007657
286,2773.09,2.56247,2.37999,1.72411,0.42609,0.25275,0.26124,0.11411,2.83885,2.58121,1.84212,0.00764875,0.00764875,0.00764875
287,2782.12,2.56436,2.36674,1.71993,0.41458,0.2234,0.22359,0.09713,2.89564,2.78331,1.85993,0.0076405,0.0076405,0.0076405
288,2791.31,2.57553,2.36637,1.7386,0.42237,0.29362,0.28991,0.12581,2.7682,2.53525,1.82417,0.00763225,0.00763225,0.00763225
289,2802.58,2.55872,2.37012,1.72376,0.47325,0.25957,0.28219,0.12891,2.71831,2.49592,1.80911,0.007624,0.007624,0.007624
290,2814.37,2.55858,2.36065,1.71029,0.40276,0.25957,0.26979,0.11692,2.81651,2.5473,1.83429,0.00761575,0.00761575,0.00761575
291,2823.61,2.59752,2.40344,1.73529,0.47888,0.27021,0.28943,0.12946,2.74408,2.43936,1.79961,0.0076075,0.0076075,0.0076075
292,2833.28,2.54164,2.33166,1.70489,0.43881,0.27234,0.28929,0.12833,2.75721,2.49659,1.77402,0.00759925,0.00759925,0.00759925
293,2842.68,2.56231,2.32632,1.72475,0.47519,0.25745,0.28349,0.12683,2.77096,2.4757,1.82603,0.007591,0.007591,0.007591
294,2854.89,2.57151,2.33037,1.70759,0.52707,0.24255,0.28387,0.12359,2.76694,2.50796,1.79673,0.00758275,0.00758275,0.00758275
295,2863.97,2.53921,2.27826,1.69421,0.46285,0.28511,0.29884,0.13491,2.75565,2.47185,1.79754,0.0075745,0.0075745,0.0075745
296,2873.28,2.51433,2.32825,1.70201,0.45422,0.26206,0.27846,0.12457,2.76494,2.50602,1.80877,0.00756625,0.00756625,0.00756625
297,2882.39,2.53634,2.34108,1.71838,0.47009,0.28085,0.2914,0.12838,2.73869,2.55495,1.80241,0.007558,0.007558,0.007558
298,2893.7,2.50389,2.26974,1.70297,0.42204,0.26809,0.2582,0.11509,2.81731,2.61006,1.87136,0.00754975,0.00754975,0.00754975
299,2904.77,2.53484,2.30625,1.70005,0.45497,0.24894,0.27595,0.12484,2.72213,2.42888,1.80423,0.0075415,0.0075415,0.0075415
300,2913.88,2.52402,2.29995,1.70817,0.50797,0.26383,0.28711,0.12633,2.74268,2.50348,1.79543,0.00753325,0.00753325,0.00753325
301,2922.96,2.53155,2.29953,1.71297,0.49012,0.29574,0.31304,0.13918,2.67816,2.43887,1.77344,0.007525,0.007525,0.007525
302,2932.38,2.49813,2.26073,1.70073,0.472,0.2766,0.29791,0.1291,2.778,2.51376,1.79913,0.00751675,0.00751675,0.00751675
303,2944.54,2.45249,2.252,1.65778,0.46939,0.31244,0.33439,0.14333,2.70071,2.3484,1.78192,0.0075085,0.0075085,0.0075085
304,2953.84,2.54514,2.30249,1.6947,0.45175,0.29149,0.30429,0.13273,2.7494,2.38861,1.8121,0.00750025,0.00750025,0.00750025
305,2962.97,2.50667,2.25768,1.68127,0.5053,0.28936,0.31682,0.14288,2.73936,2.34323,1.78269,0.007492,0.007492,0.007492
306,2972.08,2.47834,2.20707,1.66214,0.46877,0.3234,0.32626,0.14474,2.71067,2.35675,1.79068,0.00748375,0.00748375,0.00748375
307,2982.95,2.49747,2.27035,1.68127,0.52433,0.29574,0.32764,0.14719,2.70861,2.36432,1.78639,0.0074755,0.0074755,0.0074755
308,2994.03,2.47069,2.20948,1.65181,0.5143,0.25745,0.29287,0.13705,2.70829,2.45795,1.79267,0.00746725,0.00746725,0.00746725
309,3003.09,2.45269,2.22468,1.67736,0.50014,0.27447,0.30286,0.14257,2.64485,2.43418,1.78613,0.007459,0.007459,0.007459
310,3012.16,2.48861,2.23315,1.68196,0.44875,0.30484,0.31242,0.13805,2.68297,2.40706,1.79352,0.00745075,0.00745075,0.00745075
311,3021.29,2.46677,2.19274,1.64855,0.52856,0.2958,0.32434,0.14802,2.67291,2.35937,1.77583,0.0074425,0.0074425,0.0074425
312,3034.18,2.49147,2.25304,1.69303,0.45848,0.35319,0.34027,0.15588,2.67595,2.32882,1.7806,0.00743425,0.00743425,0.00743425
313,3043.54,2.45558,2.21555,1.66309,0.46517,0.33404,0.32569,0.14317,2.69478,2.41005,1.77856,0.007426,0.007426,0.007426
314,3052.67,2.45162,2.20928,1.66861,0.48448,0.33617,0.34661,0.15909,2.6486,2.3403,1.76434,0.00741775,0.00741775,0.00741775
315,3062.23,2.48457,2.18968,1.68038,0.41014,0.33434,0.33758,0.15768,2.63546,2.30721,1.75706,0.0074095,0.0074095,0.0074095
316,3072.68,2.45944,2.19952,1.649,0.49197,0.30638,0.33087,0.15225,2.63336,2.34098,1.76115,0.00740125,0.00740125,0.00740125
317,3083.44,2.44331,2.16245,1.66894,0.44279,0.32979,0.34538,0.1598,2.62171,2.26587,1.74911,0.007393,0.007393,0.007393
318,3092.93,2.43749,2.16724,1.66047,0.51018,0.33404,0.3681,0.16586,2.61882,2.24282,1.73333,0.00738475,0.00738475,0.00738475
319,3102.32,2.43774,2.16962,1.65563,0.47687,0.33404,0.35191,0.16375,2.60922,2.24686,1.73777,0.0073765,0.0073765,0.0073765
320,3111.6,2.43265,2.17761,1.66508,0.53907,0.33344,0.36201,0.16926,2.61025,2.22874,1.73396,0.00736825,0.00736825,0.00736825
321,3124.25,2.39255,2.09481,1.63427,0.46715,0.3234,0.34627,0.15846,2.63308,2.27018,1.73828,0.00736,0.00736,0.00736
322,3133.49,2.44484,2.16786,1.64945,0.45676,0.31702,0.32848,0.15427,2.63613,2.28306,1.73599,0.00735175,0.00735175,0.00735175
323,3142.51,2.44583,2.11303,1.66013,0.48144,0.33582,0.35416,0.16496,2.60683,2.25381,1.73177,0.0073435,0.0073435,0.0073435
324,3151.67,2.41272,2.11782,1.63877,0.46809,0.36698,0.36293,0.16974,2.59791,2.22881,1.74285,0.00733525,0.00733525,0.00733525
325,3162.45,2.40697,2.13662,1.64309,0.50276,0.31839,0.35079,0.16363,2.59837,2.25688,1.75357,0.007327,0.007327,0.007327
326,3173.48,2.37819,2.10285,1.63405,0.44796,0.35106,0.35813,0.17389,2.5808,2.22079,1.73421,0.00731875,0.00731875,0.00731875
327,3182.94,2.39982,2.11598,1.63629,0.49151,0.34468,0.36074,0.17542,2.5991,2.23761,1.72334,0.0073105,0.0073105,0.0073105
328,3192.25,2.39971,2.11382,1.6092,0.49817,0.36809,0.36963,0.1762,2.60202,2.23635,1.71608,0.00730225,0.00730225,0.00730225
329,3201.58,2.41903,2.12185,1.62104,0.4706,0.34043,0.35145,0.16629,2.60245,2.238,1.73695,0.007294,0.007294,0.007294
330,3212.98,2.40005,2.07921,1.61886,0.56154,0.30213,0.34478,0.16434,2.63717,2.29726,1.744,0.00728575,0.00728575,0.00728575
331,3222.73,2.41814,2.15195,1.64095,0.45976,0.36938,0.36429,0.17666,2.60368,2.21009,1.72334,0.0072775,0.0072775,0.0072775
332,3231.83,2.37136,2.11141,1.62163,0.45427,0.37872,0.37137,0.18206,2.58605,2.17817,1.71819,0.00726925,0.00726925,0.00726925
333,3241.26,2.38126,2.10687,1.62186,0.37771,0.35106,0.33963,0.16136,2.61503,2.26951,1.74529,0.007261,0.007261,0.007261
334,3251.56,2.38961,2.06999,1.61791,0.51426,0.35141,0.37815,0.18771,2.58532,2.22712,1.72423,0.00725275,0.00725275,0.00725275
335,3263.6,2.40978,2.12656,1.63954,0.50653,0.36809,0.37659,0.18359,2.57786,2.232,1.72685,0.0072445,0.0072445,0.0072445
336,3272.68,2.3878,2.09459,1.61147,0.41573,0.38298,0.36299,0.17475,2.6241,2.22961,1.74812,0.00723625,0.00723625,0.00723625
337,3281.77,2.40949,2.09826,1.61734,0.55922,0.32128,0.3768,0.18946,2.5569,2.21749,1.7027,0.007228,0.007228,0.007228
338,3291.04,2.35053,2.03604,1.60174,0.47006,0.34468,0.35695,0.17655,2.5606,2.24812,1.73037,0.00721975,0.00721975,0.00721975
339,3302.43,2.38326,2.04461,1.61447,0.52349,0.34894,0.3809,0.18826,2.5621,2.17806,1.71601,0.0072115,0.0072115,0.0072115
340,3312.39,2.35789,2.08176,1.61473,0.54236,0.33404,0.38471,0.18918,2.56468,2.15879,1.71754,0.00720325,0.00720325,0.00720325
341,3321.71,2.37591,2.05479,1.61577,0.58829,0.34255,0.40043,0.19544,2.58622,2.17823,1.71958,0.007195,0.007195,0.007195
342,3331.07,2.42276,2.10243,1.60404,0.56044,0.37021,0.4058,0.19771,2.56407,2.12029,1.70197,0.00718675,0.00718675,0.00718675
343,3341.51,2.35633,2.07281,1.61183,0.6066,0.34255,0.40182,0.1983,2.53237,2.10144,1.68669,0.0071785,0.0071785,0.0071785
344,3353.07,2.34205,2.00823,1.58931,0.54758,0.35106,0.40334,0.20064,2.53199,2.14048,1.68939,0.00717025,0.00717025,0.00717025
345,3362.5,2.35069,2.02905,1.60001,0.47764,0.40467,0.41441,0.19863,2.54923,2.11702,1.68564,0.007162,0.007162,0.007162
346,3371.68,2.32045,2.01551,1.59167,0.48133,0.39787,0.41874,0.20491,2.54419,2.12667,1.683,0.00715375,0.00715375,0.00715375
347,3381.2,2.29022,2.00247,1.5697,0.57595,0.36123,0.41075,0.20333,2.51566,2.14539,1.66991,0.0071455,0.0071455,0.0071455
348,3392.94,2.34785,2.05438,1.61238,0.53026,0.39149,0.40172,0.19249,2.52867,2.1491,1.67545,0.00713725,0.00713725,0.00713725
349,3402.97,2.33938,2.0242,1.59265,0.59174,0.36809,0.41418,0.20599,2.48101,2.10111,1.65316,0.007129,0.007129,0.007129
350,3412.31,2.31365,2.00162,1.58242,0.60056,0.38298,0.42067,0.20555,2.50797,2.09153,1.65585,0.00712075,0.00712075,0.00712075
351,3421.59,2.3599,2.05343,1.61758,0.55177,0.38298,0.42727,0.20905,2.49168,2.09612,1.67165,0.0071125,0.0071125,0.0071125
352,3432.01,2.33247,2.04024,1.5942,0.62744,0.35319,0.41655,0.21057,2.50045,2.09641,1.67422,0.00710425,0.00710425,0.00710425
353,3443.64,2.33042,2.02522,1.60094,0.49865,0.37021,0.39858,0.20122,2.52048,2.11393,1.66377,0.007096,0.007096,0.007096
354,3452.76,2.29637,1.96051,1.57629,0.53975,0.38298,0.42564,0.20023,2.518,2.13246,1.66785,0.00708775,0.00708775,0.00708775
355,3461.88,2.29505,1.9388,1.57435,0.5387,0.37234,0.40537,0.20224,2.50958,2.09037,1.69077,0.0070795,0.0070795,0.0070795
356,3471,2.31369,1.97986,1.57274,0.56939,0.37872,0.43145,0.21134,2.48249,2.0935,1.66505,0.00707125,0.00707125,0.00707125
357,3482.79,2.26587,1.96585,1.55846,0.52267,0.41277,0.42413,0.21514,2.4609,2.10115,1.65154,0.007063,0.007063,0.007063
358,3493.24,2.2949,1.94929,1.56598,0.51153,0.40775,0.42031,0.215,2.46762,2.11726,1.65616,0.00705475,0.00705475,0.00705475
359,3502.35,2.33602,1.97305,1.58911,0.55418,0.39149,0.4163,0.21238,2.48225,2.10975,1.64632,0.0070465,0.0070465,0.0070465
360,3511.63,2.305,1.95077,1.56055,0.5332,0.401,0.41796,0.21559,2.46721,2.05085,1.63878,0.00703825,0.00703825,0.00703825
361,3522.17,2.25949,1.94167,1.55682,0.54481,0.39362,0.4378,0.21866,2.46206,2.06343,1.65506,0.00703,0.00703,0.00703
362,3534.03,2.21664,1.88479,1.53531,0.63541,0.37447,0.43757,0.2242,2.45086,2.03103,1.66043,0.00702175,0.00702175,0.00702175
363,3543.34,2.30049,1.93571,1.55166,0.56931,0.3766,0.43387,0.22336,2.47189,2.01474,1.67267,0.0070135,0.0070135,0.0070135
364,3552.65,2.30472,1.95422,1.57593,0.58752,0.39574,0.43724,0.22859,2.4776,1.99393,1.6638,0.00700525,0.00700525,0.00700525
365,3562.2,2.27933,1.9317,1.55791,0.53729,0.40851,0.43677,0.21774,2.4619,1.99131,1.65298,0.006997,0.006997,0.006997
366,3573.91,2.26696,1.94655,1.56207,0.5196,0.43191,0.44407,0.22497,2.47297,2.01245,1.66038,0.00698875,0.00698875,0.00698875
367,3583.44,2.2687,1.88789,1.55487,0.56633,0.40426,0.46015,0.22838,2.44859,1.98593,1.63109,0.0069805,0.0069805,0.0069805
368,3593.15,2.26697,1.91402,1.55737,0.49734,0.39362,0.41151,0.20775,2.50263,2.07273,1.67407,0.00697225,0.00697225,0.00697225
369,3602.28,2.21569,1.88617,1.53935,0.61572,0.40851,0.46035,0.23758,2.42696,1.98572,1.63294,0.006964,0.006964,0.006964
370,3612.9,2.25774,1.88695,1.52275,0.57153,0.42288,0.45065,0.22714,2.46236,2.01325,1.63819,0.00695575,0.00695575,0.00695575
371,3623.85,2.26247,1.90792,1.54065,0.65857,0.40213,0.47926,0.23873,2.43095,1.92031,1.6114,0.0069475,0.0069475,0.0069475
372,3633.3,2.2656,1.92478,1.55817,0.6166,0.40638,0.47168,0.23497,2.44654,1.97901,1.62046,0.00693925,0.00693925,0.00693925
373,3642.4,2.26415,1.89212,1.55707,0.57221,0.40426,0.45127,0.22571,2.48653,2.02963,1.65465,0.006931,0.006931,0.006931
374,3651.62,2.23538,1.87561,1.53605,0.57925,0.43191,0.47456,0.2436,2.40017,1.93361,1.60308,0.00692275,0.00692275,0.00692275
375,3664.38,2.21747,1.86308,1.53924,0.66197,0.42128,0.48335,0.24549,2.40312,1.92146,1.6043,0.0069145,0.0069145,0.0069145
376,3674.25,2.23573,1.87921,1.5361,0.61444,0.37637,0.44098,0.22306,2.47582,2.05591,1.6525,0.00690625,0.00690625,0.00690625
377,3683.35,2.21351,1.86232,1.51609,0.64258,0.44255,0.48577,0.24604,2.37057,1.93088,1.60297,0.006898,0.006898,0.006898
378,3692.64,2.25331,1.89706,1.55654,0.62355,0.44468,0.49292,0.25034,2.36526,1.91755,1.59257,0.00688975,0.00688975,0.00688975
379,3703.45,2.19289,1.82754,1.51769,0.59038,0.44681,0.49816,0.2533,2.38974,1.92835,1.60865,0.0068815,0.0068815,0.0068815
380,3714.84,2.2542,1.86969,1.53,0.63781,0.42979,0.49405,0.2576,2.37671,1.90485,1.58759,0.00687325,0.00687325,0.00687325
381,3724.26,2.19403,1.83769,1.52218,0.64124,0.42212,0.49779,0.255,2.34763,1.90728,1.58613,0.006865,0.006865,0.006865
382,3733.43,2.20858,1.85316,1.54453,0.59186,0.44255,0.48615,0.24436,2.37894,1.94405,1.60394,0.00685675,0.00685675,0.00685675
383,3742.79,2.20921,1.84335,1.52566,0.64182,0.45319,0.50694,0.26201,2.34609,1.8671,1.5919,0.0068485,0.0068485,0.0068485
384,3755.2,2.19172,1.83727,1.52636,0.68437,0.45211,0.51663,0.26719,2.35617,1.84418,1.58704,0.00684025,0.00684025,0.00684025
385,3764.61,2.2124,1.84325,1.52932,0.62304,0.45106,0.50631,0.26681,2.3339,1.84246,1.5627,0.006832,0.006832,0.006832
386,3773.8,2.17564,1.80791,1.49492,0.63299,0.42128,0.48184,0.24589,2.3864,1.95279,1.62295,0.00682375,0.00682375,0.00682375
387,3782.9,2.16809,1.76939,1.51392,0.62719,0.44043,0.50737,0.26029,2.36156,1.85647,1.58556,0.0068155,0.0068155,0.0068155
388,3793.99,2.18087,1.78176,1.4982,0.61399,0.46027,0.50841,0.26723,2.3343,1.83885,1.57473,0.00680725,0.00680725,0.00680725
389,3804.92,2.21498,1.84914,1.52576,0.62029,0.48511,0.51764,0.27138,2.31484,1.8264,1.56315,0.006799,0.006799,0.006799
390,3814.31,2.1906,1.80173,1.51032,0.63185,0.46809,0.51713,0.27822,2.33412,1.83012,1.56311,0.00679075,0.00679075,0.00679075
391,3823.89,2.20175,1.82747,1.52807,0.55614,0.49149,0.50884,0.26895,2.34507,1.88359,1.57547,0.0067825,0.0067825,0.0067825
392,3832.99,2.17686,1.82098,1.47973,0.62506,0.45106,0.51922,0.27504,2.36421,1.86556,1.59147,0.00677425,0.00677425,0.00677425
393,3846.06,2.1932,1.79875,1.50987,0.61005,0.47872,0.51815,0.27021,2.38882,1.84034,1.60527,0.006766,0.006766,0.006766
394,3855.21,2.1833,1.81483,1.50136,0.61521,0.45957,0.52262,0.27533,2.37302,1.81505,1.59564,0.00675775,0.00675775,0.00675775
395,3864.28,2.19873,1.82791,1.5068,0.66798,0.4617,0.52242,0.26546,2.38545,1.86099,1.59336,0.0067495,0.0067495,0.0067495
396,3873.38,2.18386,1.78399,1.49446,0.62553,0.47872,0.53223,0.27239,2.36175,1.80599,1.5801,0.00674125,0.00674125,0.00674125
397,3884.02,2.1922,1.80049,1.49475,0.69937,0.47021,0.53663,0.27653,2.33924,1.78932,1.57051,0.006733,0.006733,0.006733
398,3895.46,2.11108,1.72933,1.50563,0.6124,0.46809,0.53037,0.26952,2.34921,1.86933,1.58002,0.00672475,0.00672475,0.00672475
399,3904.71,2.17069,1.7555,1.49275,0.68331,0.44894,0.52595,0.26664,2.35822,1.88946,1.58427,0.0067165,0.0067165,0.0067165
400,3913.69,2.15868,1.78929,1.48191,0.65909,0.48723,0.5476,0.28879,2.29906,1.80085,1.54446,0.00670825,0.00670825,0.00670825
401,3923.08,2.1915,1.85995,1.51478,0.67735,0.50213,0.55574,0.29196,2.31331,1.77743,1.53836,0.0067,0.0067,0.0067
402,3935.3,2.20109,1.83025,1.51508,0.70771,0.47447,0.54782,0.28652,2.33117,1.7841,1.54695,0.00669175,0.00669175,0.00669175
403,3944.42,2.15112,1.75871,1.46597,0.65381,0.51835,0.56026,0.29383,2.31947,1.74654,1.548,0.0066835,0.0066835,0.0066835
404,3954.1,2.1386,1.75761,1.49502,0.66096,0.49787,0.55515,0.28564,2.3434,1.76777,1.56711,0.00667525,0.00667525,0.00667525
405,3963.39,2.11132,1.6997,1.47313,0.66623,0.5,0.54638,0.28259,2.31916,1.73757,1.55391,0.006667,0.006667,0.006667
406,3974.41,2.13715,1.76092,1.48083,0.65098,0.51064,0.55063,0.28109,2.31743,1.76036,1.54827,0.00665875,0.00665875,0.00665875
407,3985.63,2.16483,1.78343,1.49411,0.64332,0.49787,0.55016,0.2844,2.30232,1.75389,1.56034,0.0066505,0.0066505,0.0066505
408,3994.76,2.13347,1.74362,1.48066,0.70241,0.47447,0.55799,0.29202,2.31531,1.75086,1.55845,0.00664225,0.00664225,0.00664225
409,4003.82,2.14875,1.74083,1.46546,0.63822,0.49149,0.5545,0.29034,2.30036,1.76791,1.55225,0.006634,0.006634,0.006634
410,4012.96,2.1022,1.71164,1.47846,0.68119,0.4637,0.55301,0.28894,2.28126,1.7579,1.54945,0.00662575,0.00662575,0.00662575
411,4025.4,2.12788,1.73334,1.4717,0.71218,0.47909,0.5595,0.29297,2.28009,1.72373,1.54676,0.0066175,0.0066175,0.0066175
412,4034.87,2.13125,1.73724,1.4817,0.76762,0.47021,0.57492,0.30012,2.26996,1.72131,1.53736,0.00660925,0.00660925,0.00660925
413,4044.24,2.14368,1.73637,1.48663,0.72485,0.47644,0.5651,0.29745,2.29532,1.72015,1.55213,0.006601,0.006601,0.006601
414,4053.32,2.10886,1.70623,1.46663,0.73587,0.48085,0.57445,0.30784,2.26117,1.70805,1.54586,0.00659275,0.00659275,0.00659275
415,4064.69,2.15356,1.73871,1.46476,0.73588,0.4766,0.57351,0.31129,2.2552,1.71708,1.52498,0.0065845,0.0065845,0.0065845
416,4076.07,2.1398,1.73713,1.48362,0.66713,0.52553,0.57685,0.3036,2.2402,1.70062,1.51773,0.00657625,0.00657625,0.00657625
417,4085.23,2.08664,1.70061,1.47671,0.69623,0.51277,0.56703,0.30333,2.25589,1.72154,1.52193,0.006568,0.006568,0.006568
418,4094.42,2.09375,1.69839,1.4522,0.66276,0.50213,0.5696,0.31025,2.24032,1.70827,1.50029,0.00655975,0.00655975,0.00655975
419,4103.79,2.10014,1.65535,1.45516,0.64656,0.51376,0.57391,0.3118,2.26723,1.70102,1.51446,0.0065515,0.0065515,0.0065515
420,4116.69,2.10541,1.69569,1.45661,0.71243,0.50213,0.59551,0.32467,2.21672,1.64183,1.49963,0.00654325,0.00654325,0.00654325
421,4126.04,2.12302,1.71448,1.47349,0.72281,0.50489,0.59208,0.3213,2.22903,1.64756,1.52492,0.006535,0.006535,0.006535
422,4135.14,2.11965,1.71988,1.44495,0.71248,0.52195,0.59749,0.32731,2.21029,1.64722,1.50882,0.00652675,0.00652675,0.00652675
423,4144.47,2.10203,1.68976,1.45929,0.70109,0.54468,0.59387,0.32365,2.21292,1.65743,1.50543,0.0065185,0.0065185,0.0065185
424,4155.27,2.08051,1.69203,1.45803,0.75888,0.48883,0.58061,0.31979,2.23876,1.68653,1.51804,0.00651025,0.00651025,0.00651025
425,4166.01,2.1012,1.68216,1.4619,0.73114,0.48602,0.57923,0.32202,2.24346,1.69368,1.51059,0.006502,0.006502,0.006502
426,4175.42,2.0864,1.64735,1.45563,0.69069,0.52553,0.58629,0.32385,2.22731,1.63802,1.50179,0.00649375,0.00649375,0.00649375
427,4184.55,2.08603,1.6519,1.4494,0.74932,0.47872,0.57832,0.32022,2.2151,1.67375,1.5073,0.0064855,0.0064855,0.0064855
428,4193.68,2.06039,1.67013,1.44697,0.74863,0.47872,0.56742,0.31367,2.23221,1.69112,1.50793,0.00647725,0.00647725,0.00647725
429,4206.35,2.07356,1.64104,1.4647,0.67246,0.51982,0.57657,0.31658,2.23426,1.67657,1.5035,0.006469,0.006469,0.006469
430,4215.45,2.08391,1.69199,1.4539,0.64251,0.54255,0.58382,0.32176,2.2107,1.6414,1.49412,0.00646075,0.00646075,0.00646075
431,4224.53,2.05962,1.6218,1.44237,0.71944,0.52923,0.59123,0.32031,2.1955,1.66608,1.49096,0.0064525,0.0064525,0.0064525
432,4233.74,2.05045,1.61289,1.43183,0.69936,0.51915,0.59759,0.31863,2.21177,1.66802,1.51325,0.00644425,0.00644425,0.00644425
433,4245.07,2.09392,1.66852,1.46111,0.73479,0.5383,0.61355,0.33537,2.17381,1.62634,1.49456,0.006436,0.006436,0.006436
434,4256.57,2.08845,1.65466,1.43436,0.75293,0.51871,0.61672,0.34033,2.18106,1.60491,1.48816,0.00642775,0.00642775,0.00642775
435,4266.04,2.07587,1.65683,1.46397,0.74201,0.52128,0.60256,0.33186,2.19464,1.59931,1.49935,0.0064195,0.0064195,0.0064195
436,4275.2,2.03233,1.58621,1.43022,0.74194,0.49549,0.59437,0.32489,2.19229,1.59752,1.49182,0.00641125,0.00641125,0.00641125
437,4284.62,2.06496,1.64979,1.44324,0.77639,0.51915,0.60575,0.33178,2.17159,1.58266,1.47884,0.006403,0.006403,0.006403
438,4296.75,2.05422,1.63684,1.44114,0.76127,0.54277,0.62169,0.33246,2.16508,1.57744,1.47795,0.00639475,0.00639475,0.00639475
439,4305.9,2.04368,1.59871,1.41859,0.74423,0.52979,0.61144,0.33385,2.17392,1.57355,1.49923,0.0063865,0.0063865,0.0063865
440,4315.04,2.03573,1.63933,1.42578,0.73294,0.53721,0.6145,0.33906,2.16931,1.57147,1.49445,0.00637825,0.00637825,0.00637825
441,4324.29,2.08743,1.65723,1.43783,0.68979,0.55828,0.61488,0.33812,2.16628,1.58221,1.48907,0.00637,0.00637,0.00637
442,4334.85,2.01969,1.56509,1.42919,0.74976,0.53549,0.62348,0.33584,2.17601,1.58913,1.49389,0.00636175,0.00636175,0.00636175
443,4345.63,2.04387,1.62233,1.43365,0.76693,0.53908,0.62394,0.34127,2.18349,1.59432,1.48914,0.0063535,0.0063535,0.0063535
444,4354.91,2.04238,1.5903,1.41412,0.73162,0.5617,0.62965,0.33984,2.17182,1.5834,1.47761,0.00634525,0.00634525,0.00634525
445,4363.96,1.99954,1.55844,1.39997,0.72123,0.56383,0.61515,0.33982,2.16135,1.55674,1.47461,0.006337,0.006337,0.006337
446,4373.03,1.96594,1.5509,1.38986,0.7294,0.55056,0.62035,0.34352,2.16797,1.55804,1.48095,0.00632875,0.00632875,0.00632875
447,4384.98,2.0105,1.56204,1.40847,0.74293,0.55319,0.62422,0.34164,2.17714,1.54416,1.48272,0.0063205,0.0063205,0.0063205
448,4394.63,2.07641,1.64633,1.44477,0.75233,0.51064,0.61163,0.3384,2.15857,1.55138,1.47787,0.00631225,0.00631225,0.00631225
449,4403.72,2.01424,1.59187,1.39888,0.7479,0.51064,0.60615,0.33373,2.16125,1.57447,1.4761,0.006304,0.006304,0.006304
450,4412.83,2.04314,1.60468,1.4195,0.69574,0.55463,0.61398,0.33676,2.17238,1.5476,1.47357,0.00629575,0.00629575,0.00629575
451,4423.4,2.01747,1.58355,1.43254,0.74434,0.54681,0.6138,0.33953,2.17203,1.55426,1.48416,0.0062875,0.0062875,0.0062875
452,4434.61,2.03089,1.6026,1.42675,0.72529,0.55106,0.62769,0.34587,2.14256,1.53261,1.45837,0.00627925,0.00627925,0.00627925
453,4444.01,2.03294,1.58697,1.41927,0.80281,0.52841,0.62901,0.348,2.11394,1.55005,1.44638,0.006271,0.006271,0.006271
454,4453.51,2.00844,1.57882,1.4173,0.79804,0.53404,0.62489,0.35205,2.09654,1.53127,1.44358,0.00626275,0.00626275,0.00626275
455,4462.9,1.99434,1.5617,1.41144,0.782,0.53191,0.62937,0.35716,2.1072,1.51505,1.44012,0.0062545,0.0062545,0.0062545
456,4475.32,2.02038,1.57163,1.42229,0.7786,0.53873,0.62688,0.35511,2.12139,1.52466,1.45726,0.00624625,0.00624625,0.00624625
457,4485.06,2.02808,1.58172,1.42807,0.72399,0.55532,0.62665,0.36085,2.09532,1.49364,1.45482,0.006238,0.006238,0.006238
458,4494.4,2.02759,1.56644,1.42223,0.75276,0.5234,0.62334,0.35396,2.0921,1.49926,1.44718,0.00622975,0.00622975,0.00622975
459,4503.63,2.03057,1.59117,1.41981,0.80319,0.521,0.63636,0.35935,2.10104,1.52603,1.45178,0.0062215,0.0062215,0.0062215
460,4514,2.02748,1.59469,1.42654,0.84945,0.52766,0.64546,0.36486,2.09924,1.53585,1.45653,0.00621325,0.00621325,0.00621325
461,4525.23,1.99849,1.56306,1.40483,0.73061,0.58085,0.64302,0.36599,2.09647,1.51655,1.45262,0.006205,0.006205,0.006205
462,4534.54,2.02017,1.55703,1.42329,0.73705,0.5766,0.65255,0.36867,2.1142,1.47448,1.45906,0.00619675,0.00619675,0.00619675
463,4543.98,2.00941,1.5643,1.4109,0.81004,0.53531,0.65314,0.36846,2.09915,1.47075,1.44996,0.0061885,0.0061885,0.0061885
464,4553.15,1.9532,1.5073,1.39501,0.79111,0.55599,0.65381,0.37334,2.07548,1.46006,1.43509,0.00618025,0.00618025,0.00618025
465,4565.46,1.9843,1.53905,1.39178,0.82893,0.57736,0.67082,0.37871,2.08187,1.43041,1.432,0.006172,0.006172,0.006172
466,4575.26,1.98508,1.53382,1.40553,0.8247,0.55532,0.66268,0.38204,2.07886,1.45045,1.43379,0.00616375,0.00616375,0.00616375
467,4584.48,2.00403,1.57191,1.40995,0.81508,0.55319,0.66057,0.38032,2.0588,1.4434,1.42681,0.0061555,0.0061555,0.0061555
468,4593.64,1.98275,1.50595,1.37612,0.78604,0.56596,0.65782,0.38179,2.06561,1.44856,1.43476,0.00614725,0.00614725,0.00614725
469,4604.82,1.98964,1.53467,1.39776,0.81359,0.54468,0.64709,0.37411,2.0899,1.49163,1.44414,0.006139,0.006139,0.006139
470,4615.87,1.96069,1.51248,1.38543,0.78562,0.55957,0.65687,0.37822,2.06747,1.46292,1.42139,0.00613075,0.00613075,0.00613075
471,4625.05,2.00626,1.56,1.40458,0.77483,0.57839,0.6624,0.38007,2.05901,1.4438,1.42097,0.0061225,0.0061225,0.0061225
472,4634.2,1.94538,1.50215,1.37542,0.77902,0.55106,0.66134,0.3809,2.06216,1.43389,1.42895,0.00611425,0.00611425,0.00611425
473,4643.29,1.95696,1.5103,1.39112,0.76082,0.57872,0.65919,0.38377,2.02795,1.42402,1.42152,0.006106,0.006106,0.006106
474,4655.24,1.92251,1.48494,1.36297,0.79715,0.57021,0.66466,0.38172,2.0363,1.43635,1.41184,0.00609775,0.00609775,0.00609775
475,4664.91,1.9618,1.52911,1.38051,0.80094,0.55957,0.65897,0.38635,2.03448,1.43467,1.40745,0.0060895,0.0060895,0.0060895
476,4674.53,1.96675,1.52661,1.38971,0.76623,0.57234,0.65895,0.38311,2.04057,1.46926,1.40539,0.00608125,0.00608125,0.00608125
477,4683.83,1.96599,1.5026,1.37876,0.7736,0.57021,0.66553,0.37898,2.03902,1.46487,1.41344,0.006073,0.006073,0.006073
478,4694.92,1.95183,1.49193,1.37994,0.82982,0.55532,0.67382,0.38475,2.02534,1.45959,1.40496,0.00606475,0.00606475,0.00606475
479,4706.38,1.98238,1.51901,1.38412,0.79073,0.57234,0.67038,0.38333,2.04245,1.46072,1.40865,0.0060565,0.0060565,0.0060565
480,4715.75,1.96165,1.52028,1.38852,0.74533,0.58533,0.67405,0.38644,2.02876,1.44237,1.40077,0.00604825,0.00604825,0.00604825
481,4725.04,1.93341,1.49258,1.38262,0.77821,0.57021,0.66986,0.38571,2.01246,1.43126,1.39079,0.00604,0.00604,0.00604
482,4734.14,1.94933,1.51577,1.3778,0.77195,0.56896,0.67228,0.39344,2.01017,1.43678,1.39455,0.00603175,0.00603175,0.00603175
483,4747.07,1.95725,1.51326,1.38863,0.85,0.55463,0.67614,0.3921,2.01221,1.43695,1.4009,0.0060235,0.0060235,0.0060235
484,4756.33,1.9447,1.4832,1.37773,0.82883,0.55106,0.67625,0.39409,2.00616,1.42791,1.3936,0.00601525,0.00601525,0.00601525
485,4765.87,1.93416,1.49222,1.37782,0.80931,0.55987,0.67345,0.39283,2.02729,1.41827,1.40172,0.006007,0.006007,0.006007
486,4775.05,1.90778,1.46594,1.35605,0.76867,0.57973,0.66899,0.38919,2.054,1.42497,1.41446,0.00599875,0.00599875,0.00599875
487,4785.82,1.92729,1.47584,1.35852,0.82774,0.55208,0.67419,0.39541,2.0298,1.41874,1.40677,0.0059905,0.0059905,0.0059905
488,4797.03,1.92608,1.46032,1.36179,0.78652,0.58007,0.68021,0.39693,2.01711,1.41207,1.39879,0.00598225,0.00598225,0.00598225
489,4806.52,1.92809,1.43326,1.36795,0.78165,0.58298,0.67551,0.39316,2.01829,1.41704,1.39688,0.005974,0.005974,0.005974
490,4815.6,1.9441,1.46443,1.37339,0.81339,0.57234,0.67811,0.39415,2.03395,1.41949,1.40024,0.00596575,0.00596575,0.00596575
491,4824.83,1.91776,1.47257,1.36812,0.77779,0.58089,0.67401,0.3968,2.02753,1.41693,1.39664,0.0059575,0.0059575,0.0059575
492,4837.26,1.95712,1.50738,1.38707,0.79971,0.57769,0.67855,0.39716,2.00801,1.4076,1.39917,0.00594925,0.00594925,0.00594925
493,4846.65,1.96883,1.48813,1.37924,0.81334,0.57234,0.68188,0.39642,2.00781,1.42424,1.39221,0.005941,0.005941,0.005941
494,4855.79,1.89227,1.4375,1.37415,0.75213,0.58105,0.66988,0.39545,2.01078,1.4325,1.39794,0.00593275,0.00593275,0.00593275
495,4864.83,1.90871,1.45316,1.36284,0.77728,0.59404,0.68104,0.3986,2.00343,1.41939,1.39464,0.0059245,0.0059245,0.0059245
496,4876.03,1.90532,1.45837,1.36652,0.76669,0.58723,0.67834,0.39781,2.00652,1.4007,1.39733,0.00591625,0.00591625,0.00591625
497,4886.78,1.92744,1.45101,1.37359,0.78952,0.6,0.68876,0.40195,1.99377,1.37819,1.39799,0.005908,0.005908,0.005908
498,4896.14,1.91736,1.48315,1.35864,0.74589,0.62766,0.69488,0.40392,1.98968,1.37781,1.39769,0.00589975,0.00589975,0.00589975
499,4905.57,1.91141,1.45588,1.36932,0.75224,0.60213,0.69664,0.40501,1.97865,1.38258,1.39057,0.0058915,0.0058915,0.0058915
500,4915.14,1.90797,1.42613,1.35609,0.74154,0.62766,0.69381,0.40326,1.99244,1.39087,1.39467,0.00588325,0.00588325,0.00588325
501,4927.16,1.89063,1.43741,1.35599,0.74103,0.62099,0.69159,0.40395,1.99939,1.39629,1.407,0.005875,0.005875,0.005875
502,4936.21,1.90788,1.46253,1.36242,0.73872,0.61358,0.68697,0.40592,2.01177,1.40169,1.41816,0.00586675,0.00586675,0.00586675
503,4945.31,1.89857,1.42188,1.3554,0.74465,0.62766,0.6877,0.40721,2.00773,1.38857,1.41787,0.0058585,0.0058585,0.0058585
504,4954.77,1.92964,1.46036,1.36813,0.7574,0.6234,0.69797,0.41248,1.98461,1.37404,1.39697,0.00585025,0.00585025,0.00585025
505,4966.06,1.87184,1.43617,1.35225,0.7608,0.62766,0.6955,0.41277,1.98783,1.38041,1.40225,0.005842,0.005842,0.005842
506,4977.74,1.90436,1.42852,1.36056,0.77338,0.63404,0.69892,0.41462,1.9917,1.37374,1.4054,0.00583375,0.00583375,0.00583375
507,4987.19,1.84303,1.3961,1.31961,0.77074,0.64377,0.70502,0.42198,1.96803,1.36364,1.39612,0.0058255,0.0058255,0.0058255
508,4996.58,1.88019,1.4035,1.34431,0.78187,0.62536,0.70127,0.42645,1.95703,1.37344,1.38989,0.00581725,0.00581725,0.00581725
509,5006.48,1.8827,1.4211,1.33402,0.78333,0.64612,0.70763,0.42952,1.94518,1.36764,1.38229,0.005809,0.005809,0.005809
510,5018.65,1.91165,1.43462,1.34486,0.78509,0.63735,0.70269,0.43021,1.94893,1.37311,1.38081,0.00580075,0.00580075,0.00580075
511,5028.08,1.93087,1.44931,1.35813,0.82115,0.6234,0.69962,0.42351,1.96746,1.37887,1.3844,0.0057925,0.0057925,0.0057925
512,5037.24,1.84683,1.38577,1.32972,0.82176,0.61702,0.69543,0.42205,1.9604,1.37596,1.37784,0.00578425,0.00578425,0.00578425
513,5046.6,1.90149,1.3943,1.34869,0.79862,0.60851,0.69273,0.42303,1.93789,1.35915,1.37071,0.005776,0.005776,0.005776
514,5057.47,1.84615,1.39,1.34444,0.8001,0.60851,0.69364,0.42145,1.93429,1.35136,1.36852,0.00576775,0.00576775,0.00576775
515,5068.06,1.86232,1.3895,1.3298,0.79823,0.61702,0.69696,0.42317,1.93861,1.35635,1.36936,0.0057595,0.0057595,0.0057595
516,5077.24,1.87463,1.42104,1.33157,0.80174,0.61277,0.69945,0.425,1.92154,1.35015,1.36169,0.00575125,0.00575125,0.00575125
517,5086.31,1.87049,1.4091,1.34858,0.82269,0.6022,0.70118,0.42762,1.91586,1.34422,1.35353,0.005743,0.005743,0.005743
518,5095.82,1.90857,1.43772,1.36141,0.80418,0.61064,0.70618,0.42166,1.92963,1.33343,1.35106,0.00573475,0.00573475,0.00573475
519,5107.61,1.88571,1.40654,1.34854,0.83982,0.60213,0.71135,0.41865,1.93793,1.3322,1.35617,0.0057265,0.0057265,0.0057265
520,5116.71,1.859,1.38688,1.33203,0.83369,0.61702,0.70971,0.41504,1.94173,1.32715,1.35679,0.00571825,0.00571825,0.00571825
521,5125.89,1.85515,1.37057,1.31295,0.81067,0.61951,0.71356,0.42447,1.92567,1.31515,1.35547,0.00571,0.00571,0.00571
522,5134.99,1.86021,1.40113,1.32836,0.80814,0.61702,0.70756,0.4233,1.93893,1.32337,1.35726,0.00570175,0.00570175,0.00570175
523,5145.43,1.84722,1.36798,1.32207,0.79405,0.6234,0.69973,0.42382,1.94291,1.33171,1.36574,0.0056935,0.0056935,0.0056935
524,5156.14,1.8624,1.40401,1.34798,0.82359,0.61584,0.7037,0.42546,1.9454,1.32296,1.36343,0.00568525,0.00568525,0.00568525
525,5165.3,1.8476,1.37429,1.31385,0.84267,0.60396,0.70599,0.42919,1.92648,1.32119,1.35455,0.005677,0.005677,0.005677
526,5174.42,1.8573,1.38128,1.33605,0.81687,0.61915,0.7045,0.43238,1.92446,1.3241,1.34838,0.00566875,0.00566875,0.00566875
527,5183.73,1.84239,1.3889,1.32969,0.81544,0.61103,0.71034,0.43551,1.92514,1.32674,1.34652,0.0056605,0.0056605,0.0056605
528,5195.88,1.85655,1.36965,1.32664,0.83209,0.61277,0.71471,0.43908,1.9151,1.31835,1.34219,0.00565225,0.00565225,0.00565225
529,5205.79,1.81682,1.35384,1.32399,0.87896,0.59574,0.7118,0.43606,1.90861,1.32022,1.34166,0.005644,0.005644,0.005644
530,5215.05,1.86096,1.38947,1.33909,0.87668,0.59149,0.70941,0.4368,1.91148,1.3087,1.33719,0.00563575,0.00563575,0.00563575
531,5224.12,1.84642,1.37641,1.32308,0.89031,0.59149,0.71575,0.43714,1.91919,1.31075,1.33781,0.0056275,0.0056275,0.0056275
532,5234.44,1.80895,1.32569,1.31499,0.82995,0.62979,0.72485,0.44165,1.9176,1.31992,1.33916,0.00561925,0.00561925,0.00561925
533,5246.25,1.83004,1.36707,1.32575,0.82879,0.63859,0.72373,0.44406,1.92123,1.31783,1.33991,0.005611,0.005611,0.005611
534,5255.65,1.85389,1.37971,1.33713,0.8616,0.61277,0.7084,0.44219,1.92161,1.31961,1.34379,0.00560275,0.00560275,0.00560275
535,5264.84,1.83095,1.36311,1.3201,0.79883,0.64212,0.71738,0.4434,1.90148,1.29839,1.33644,0.0055945,0.0055945,0.0055945
536,5274,1.84723,1.38651,1.32699,0.84248,0.60311,0.71295,0.44236,1.89474,1.30341,1.34682,0.00558625,0.00558625,0.00558625
537,5286.33,1.81556,1.33879,1.30062,0.86012,0.61492,0.71842,0.44589,1.88743,1.29485,1.35775,0.005578,0.005578,0.005578
538,5296.23,1.78952,1.3014,1.29847,0.85149,0.62216,0.72005,0.44756,1.88244,1.29526,1.35516,0.00556975,0.00556975,0.00556975
539,5305.58,1.81934,1.36328,1.30241,0.84401,0.62553,0.72621,0.44503,1.88947,1.29494,1.35439,0.0055615,0.0055615,0.0055615
540,5314.94,1.85952,1.37653,1.32254,0.84187,0.63617,0.72291,0.44565,1.89582,1.29238,1.3485,0.00555325,0.00555325,0.00555325
541,5325.58,1.82097,1.36298,1.31515,0.83271,0.62488,0.72214,0.44529,1.88875,1.28963,1.35072,0.005545,0.005545,0.005545
542,5337.11,1.82791,1.33995,1.31533,0.81558,0.64468,0.72609,0.44691,1.8941,1.27415,1.34633,0.00553675,0.00553675,0.00553675
543,5346.58,1.81361,1.34219,1.32462,0.82508,0.65233,0.73142,0.44492,1.89397,1.27371,1.34936,0.0055285,0.0055285,0.0055285
544,5355.75,1.80971,1.3372,1.3254,0.82592,0.65532,0.7361,0.44754,1.89629,1.27404,1.35427,0.00552025,0.00552025,0.00552025
545,5365.26,1.81904,1.34054,1.31668,0.84022,0.66596,0.73653,0.45173,1.89873,1.26368,1.35565,0.005512,0.005512,0.005512
546,5378.05,1.83933,1.35401,1.30583,0.83362,0.65532,0.73863,0.44885,1.90432,1.26561,1.35137,0.00550375,0.00550375,0.00550375
547,5387.18,1.797,1.31137,1.30628,0.84186,0.6456,0.74245,0.44855,1.89696,1.253,1.34172,0.0054955,0.0054955,0.0054955
548,5396.47,1.81539,1.3414,1.29883,0.84712,0.64468,0.73675,0.45081,1.90517,1.25951,1.34657,0.00548725,0.00548725,0.00548725
549,5405.71,1.82362,1.32936,1.31043,0.85389,0.64894,0.7398,0.44851,1.90328,1.27021,1.34641,0.005479,0.005479,0.005479
550,5416.45,1.82936,1.34552,1.31701,0.8368,0.64468,0.7359,0.44665,1.90004,1.271,1.33966,0.00547075,0.00547075,0.00547075
551,5427.13,1.80365,1.3319,1.2993,0.83347,0.64955,0.73198,0.44713,1.90519,1.27571,1.33273,0.0054625,0.0054625,0.0054625
552,5436.24,1.82331,1.34639,1.31593,0.87754,0.64468,0.73284,0.45093,1.89151,1.27277,1.33586,0.00545425,0.00545425,0.00545425
553,5445.37,1.81825,1.35053,1.30203,0.86605,0.63617,0.7375,0.45439,1.87756,1.26501,1.33524,0.005446,0.005446,0.005446
554,5454.68,1.82207,1.34205,1.30692,0.86954,0.62766,0.73818,0.45151,1.87835,1.26716,1.33612,0.00543775,0.00543775,0.00543775
555,5466.85,1.79137,1.30148,1.30594,0.83014,0.65509,0.74031,0.45871,1.88015,1.25404,1.33515,0.0054295,0.0054295,0.0054295
556,5476.61,1.76446,1.30613,1.29436,0.83683,0.64894,0.74065,0.45464,1.88561,1.24248,1.33478,0.00542125,0.00542125,0.00542125
557,5485.69,1.79381,1.31439,1.29705,0.8068,0.65751,0.73784,0.45541,1.88385,1.24197,1.33997,0.005413,0.005413,0.005413
558,5494.76,1.7762,1.2963,1.30804,0.81685,0.66427,0.73746,0.45584,1.88021,1.24673,1.34227,0.00540475,0.00540475,0.00540475
559,5505.51,1.80508,1.31938,1.30583,0.86773,0.6383,0.73796,0.45931,1.87432,1.25327,1.34617,0.0053965,0.0053965,0.0053965
560,5517.08,1.75102,1.27322,1.28564,0.85443,0.64043,0.7359,0.45708,1.87465,1.25775,1.34538,0.00538825,0.00538825,0.00538825
561,5526.22,1.77215,1.29325,1.29494,0.85489,0.63929,0.73315,0.45867,1.87998,1.26231,1.34416,0.00538,0.00538,0.00538
562,5535.32,1.7969,1.29428,1.29612,0.85088,0.64043,0.73176,0.45946,1.88092,1.25789,1.34257,0.00537175,0.00537175,0.00537175
563,5544.46,1.80551,1.32692,1.29796,0.86462,0.64468,0.74104,0.46255,1.86944,1.25259,1.33355,0.0053635,0.0053635,0.0053635
564,5556.59,1.7942,1.31128,1.29671,0.88129,0.64681,0.74435,0.46415,1.85769,1.24513,1.32478,0.00535525,0.00535525,0.00535525
565,5566.76,1.74575,1.28193,1.27174,0.87525,0.64191,0.74549,0.47021,1.85454,1.23905,1.32291,0.005347,0.005347,0.005347
566,5576.04,1.75126,1.29012,1.286,0.85479,0.64468,0.74101,0.47377,1.84542,1.22131,1.32106,0.00533875,0.00533875,0.00533875
567,5585.33,1.78576,1.27829,1.27875,0.87375,0.63617,0.73919,0.47426,1.84518,1.22303,1.32622,0.0053305,0.0053305,0.0053305
568,5596.21,1.79137,1.32364,1.30121,0.82788,0.64474,0.7384,0.47473,1.85054,1.2169,1.32706,0.00532225,0.00532225,0.00532225
569,5607.74,1.77357,1.29756,1.29256,0.84246,0.6383,0.74423,0.47447,1.8496,1.21341,1.32705,0.005314,0.005314,0.005314
570,5617.04,1.78008,1.27155,1.28997,0.84043,0.6383,0.73782,0.47163,1.83523,1.22186,1.32598,0.00530575,0.00530575,0.00530575
571,5626.12,1.76085,1.29263,1.28904,0.84293,0.64043,0.73899,0.47253,1.83761,1.22683,1.321,0.0052975,0.0052975,0.0052975
572,5635.22,1.74113,1.28168,1.29784,0.84288,0.64681,0.74352,0.4751,1.82823,1.22367,1.31535,0.00528925,0.00528925,0.00528925
573,5647.72,1.79483,1.29326,1.28859,0.82105,0.66596,0.7471,0.47583,1.82338,1.23024,1.31521,0.005281,0.005281,0.005281
574,5657.43,1.75924,1.29055,1.29402,0.83508,0.66794,0.74805,0.47838,1.83249,1.22944,1.32091,0.00527275,0.00527275,0.00527275
575,5666.74,1.78525,1.28501,1.30546,0.83814,0.65957,0.74232,0.47615,1.83435,1.22836,1.31768,0.0052645,0.0052645,0.0052645
576,5675.84,1.76466,1.29869,1.29026,0.84073,0.65957,0.74287,0.47644,1.82644,1.22159,1.31527,0.00525625,0.00525625,0.00525625
577,5686.64,1.7752,1.30224,1.29666,0.84025,0.66028,0.73974,0.47415,1.83136,1.22123,1.31629,0.005248,0.005248,0.005248
578,5697.47,1.74655,1.26722,1.2717,0.82361,0.66809,0.74321,0.47356,1.82884,1.23301,1.31671,0.00523975,0.00523975,0.00523975
579,5706.56,1.7885,1.29353,1.28105,0.82507,0.66233,0.74417,0.47398,1.83203,1.23787,1.3169,0.0052315,0.0052315,0.0052315
580,5715.74,1.78574,1.31215,1.30174,0.8403,0.64934,0.74321,0.47467,1.83167,1.23808,1.313,0.00522325,0.00522325,0.00522325
581,5724.94,1.78813,1.29241,1.28995,0.82755,0.66383,0.74653,0.47362,1.82907,1.23245,1.30936,0.005215,0.005215,0.005215
582,5736.65,1.73962,1.26763,1.28181,0.84272,0.6617,0.74588,0.47555,1.82027,1.23154,1.30487,0.00520675,0.00520675,0.00520675
583,5746.53,1.74168,1.26538,1.28512,0.8235,0.65519,0.7421,0.4755,1.81621,1.2324,1.30256,0.0051985,0.0051985,0.0051985
584,5755.75,1.74507,1.26524,1.28163,0.85032,0.64063,0.74524,0.47835,1.80521,1.22726,1.2973,0.00519025,0.00519025,0.00519025
585,5764.87,1.74894,1.26675,1.28819,0.86769,0.64183,0.75176,0.47904,1.78443,1.21386,1.28677,0.005182,0.005182,0.005182
586,5775.53,1.76526,1.26625,1.27207,0.87126,0.63191,0.75306,0.48023,1.77268,1.20935,1.28168,0.00517375,0.00517375,0.00517375
587,5787.25,1.72386,1.25754,1.26651,0.82589,0.65745,0.75459,0.48277,1.76817,1.21091,1.27616,0.0051655,0.0051655,0.0051655
588,5796.58,1.7278,1.23158,1.26882,0.83542,0.648,0.75516,0.48465,1.76227,1.21255,1.27223,0.00515725,0.00515725,0.00515725
589,5805.86,1.74401,1.23405,1.2747,0.84722,0.66075,0.75946,0.4851,1.75866,1.21153,1.2701,0.005149,0.005149,0.005149
590,5815.29,1.75317,1.24199,1.28357,0.84113,0.67447,0.76243,0.48512,1.75783,1.20923,1.2703,0.00514075,0.00514075,0.00514075
591,5827.93,1.73881,1.25261,1.25861,0.82742,0.67234,0.76123,0.4886,1.75809,1.21551,1.27272,0.0051325,0.0051325,0.0051325
592,5837.32,1.6969,1.22983,1.26939,0.84283,0.67447,0.76278,0.48818,1.7637,1.21734,1.27832,0.00512425,0.00512425,0.00512425
593,5846.32,1.71767,1.22319,1.26017,0.8576,0.67021,0.76202,0.48584,1.75539,1.19796,1.27767,0.005116,0.005116,0.005116
594,5855.4,1.698,1.21831,1.26015,0.83503,0.6785,0.76161,0.48582,1.75585,1.1964,1.27802,0.00510775,0.00510775,0.00510775
595,5865.9,1.73957,1.2575,1.2713,0.8729,0.67216,0.76144,0.48714,1.75759,1.19638,1.27696,0.0050995,0.0050995,0.0050995
596,5876.93,1.69953,1.21799,1.25809,0.82888,0.68511,0.76351,0.48688,1.75244,1.19211,1.2765,0.00509125,0.00509125,0.00509125
597,5886.2,1.71758,1.24269,1.27749,0.83984,0.69362,0.76841,0.48753,1.75241,1.19302,1.27652,0.005083,0.005083,0.005083
598,5895.28,1.70999,1.22837,1.26172,0.83916,0.68298,0.76968,0.48663,1.75066,1.18728,1.27553,0.00507475,0.00507475,0.00507475
599,5904.56,1.73276,1.25029,1.26311,0.83554,0.68936,0.77009,0.48846,1.75517,1.18804,1.27852,0.0050665,0.0050665,0.0050665
600,5916.32,1.75011,1.25034,1.28293,0.85628,0.68454,0.77349,0.49064,1.75886,1.19116,1.27799,0.00505825,0.00505825,0.00505825
601,5926.83,1.70677,1.2072,1.25147,0.84794,0.68723,0.7719,0.49185,1.75534,1.19715,1.2795,0.00505,0.00505,0.00505
602,5936.16,1.74377,1.23224,1.27232,0.86201,0.68936,0.77221,0.49372,1.75435,1.19425,1.28124,0.00504175,0.00504175,0.00504175
603,5945.46,1.74062,1.24861,1.27087,0.85797,0.69402,0.77206,0.49621,1.75761,1.19552,1.28127,0.0050335,0.0050335,0.0050335
604,5956.05,1.72918,1.23,1.26454,0.85497,0.69574,0.76938,0.49559,1.75264,1.1945,1.28271,0.00502525,0.00502525,0.00502525
605,5967.1,1.76362,1.25546,1.27599,0.8491,0.69437,0.77058,0.49556,1.75267,1.18962,1.28813,0.005017,0.005017,0.005017
606,5976.32,1.70381,1.20071,1.25962,0.86362,0.68936,0.77409,0.49964,1.74572,1.18493,1.28565,0.00500875,0.00500875,0.00500875
607,5985.75,1.71733,1.21994,1.26481,0.87269,0.68546,0.77505,0.50041,1.74611,1.1843,1.2869,0.0050005,0.0050005,0.0050005
608,5995.04,1.70819,1.19626,1.23905,0.86341,0.69939,0.7766,0.50113,1.74742,1.18416,1.28516,0.00499225,0.00499225,0.00499225
609,6007.05,1.66246,1.20148,1.2439,0.87005,0.68085,0.77798,0.50118,1.74866,1.18255,1.28129,0.004984,0.004984,0.004984
610,6016.93,1.73453,1.22575,1.25369,0.87798,0.6766,0.77189,0.49858,1.74742,1.18473,1.27776,0.00497575,0.00497575,0.00497575
611,6025.99,1.681,1.19533,1.24318,0.84497,0.69581,0.7714,0.49912,1.74464,1.18414,1.27752,0.0049675,0.0049675,0.0049675
612,6035.05,1.72296,1.2086,1.26049,0.84115,0.7,0.77492,0.50307,1.738,1.17568,1.27591,0.00495925,0.00495925,0.00495925
613,6045.68,1.7039,1.193,1.26186,0.84675,0.69787,0.77444,0.50423,1.73248,1.17365,1.27561,0.004951,0.004951,0.004951
614,6057.63,1.66325,1.20175,1.24828,0.84961,0.69715,0.77598,0.50568,1.73156,1.18243,1.26985,0.00494275,0.00494275,0.00494275
615,6066.97,1.70288,1.2029,1.25542,0.84662,0.70465,0.77623,0.50386,1.73036,1.17713,1.26718,0.0049345,0.0049345,0.0049345
616,6076.09,1.68683,1.2011,1.27612,0.8555,0.69284,0.77819,0.50164,1.73502,1.17465,1.26684,0.00492625,0.00492625,0.00492625
617,6085.14,1.67964,1.2157,1.24303,0.86102,0.68936,0.77851,0.50248,1.73476,1.17065,1.26823,0.004918,0.004918,0.004918
618,6097,1.70542,1.21341,1.25549,0.86068,0.70638,0.78033,0.5031,1.73367,1.17183,1.26825,0.00490975,0.00490975,0.00490975
619,6106.49,1.68179,1.20826,1.25111,0.86106,0.71206,0.77997,0.5039,1.73251,1.17502,1.26888,0.0049015,0.0049015,0.0049015
620,6115.62,1.67436,1.17549,1.23866,0.84957,0.70894,0.77494,0.50352,1.73716,1.17381,1.26903,0.00489325,0.00489325,0.00489325
621,6124.67,1.69274,1.187,1.24283,0.83421,0.71277,0.77463,0.502,1.74163,1.17377,1.27201,0.004885,0.004885,0.004885
622,6134.84,1.68869,1.20652,1.24215,0.84195,0.70274,0.77826,0.50578,1.73606,1.17602,1.26715,0.00487675,0.00487675,0.00487675
623,6146.86,1.68348,1.19486,1.25315,0.84998,0.68711,0.77535,0.50341,1.72826,1.17681,1.26718,0.0048685,0.0048685,0.0048685
624,6155.95,1.67742,1.22387,1.2474,0.87494,0.6766,0.77387,0.50501,1.72428,1.16843,1.26206,0.00486025,0.00486025,0.00486025
625,6165.03,1.68905,1.20172,1.24095,0.8845,0.6766,0.77773,0.50868,1.71811,1.15789,1.25866,0.004852,0.004852,0.004852
626,6174.58,1.67994,1.19668,1.24636,0.87203,0.68144,0.77801,0.50351,1.71946,1.16212,1.25996,0.00484375,0.00484375,0.00484375
627,6186,1.68491,1.20219,1.24746,0.86972,0.68176,0.77517,0.50633,1.71443,1.1603,1.25744,0.0048355,0.0048355,0.0048355
628,6195.93,1.64921,1.16347,1.22065,0.86728,0.68125,0.77568,0.50862,1.71991,1.16138,1.2611,0.00482725,0.00482725,0.00482725
629,6205.06,1.70068,1.20827,1.25402,0.85395,0.69787,0.77847,0.5115,1.72188,1.15949,1.26088,0.004819,0.004819,0.004819
630,6214.36,1.68168,1.20537,1.23493,0.88346,0.67744,0.77827,0.51132,1.71874,1.15703,1.25939,0.00481075,0.00481075,0.00481075
631,6224.26,1.68985,1.21369,1.25458,0.88971,0.6766,0.77981,0.51351,1.71373,1.15818,1.26024,0.0048025,0.0048025,0.0048025
632,6236.18,1.66111,1.15869,1.2269,0.88791,0.67418,0.78082,0.51597,1.70708,1.15783,1.2574,0.00479425,0.00479425,0.00479425
633,6245.69,1.65244,1.15,1.22992,0.88063,0.67496,0.781,0.51343,1.70569,1.15773,1.25921,0.004786,0.004786,0.004786
634,6254.78,1.66714,1.19174,1.24957,0.90117,0.65966,0.78099,0.5156,1.69831,1.14998,1.25409,0.00477775,0.00477775,0.00477775
635,6263.86,1.66822,1.17306,1.24932,0.90074,0.6758,0.78523,0.51791,1.69186,1.14129,1.24999,0.0047695,0.0047695,0.0047695
636,6275.48,1.67955,1.19514,1.24226,0.90118,0.6766,0.7859,0.51682,1.68903,1.13925,1.24907,0.00476125,0.00476125,0.00476125
637,6285.54,1.65542,1.15355,1.2357,0.90435,0.68393,0.78578,0.51856,1.68632,1.12932,1.24762,0.004753,0.004753,0.004753
638,6295,1.66582,1.16017,1.23458,0.89933,0.68936,0.78657,0.52044,1.69113,1.13517,1.24815,0.00474475,0.00474475,0.00474475
639,6304.29,1.66827,1.16357,1.2333,0.8774,0.69574,0.78754,0.52027,1.69212,1.13662,1.24925,0.0047365,0.0047365,0.0047365
640,6314.25,1.64181,1.15165,1.21725,0.8771,0.69574,0.78742,0.52077,1.68293,1.1333,1.24361,0.00472825,0.00472825,0.00472825
641,6326.53,1.66605,1.16617,1.2448,0.87579,0.70506,0.79053,0.52147,1.68212,1.12973,1.24037,0.00472,0.00472,0.00472
642,6335.85,1.65076,1.17216,1.24525,0.85852,0.71915,0.7918,0.52229,1.68007,1.12055,1.2398,0.00471175,0.00471175,0.00471175
643,6345.17,1.64753,1.16498,1.24467,0.85729,0.71577,0.79068,0.52125,1.68038,1.12366,1.24134,0.0047035,0.0047035,0.0047035
644,6354.25,1.64217,1.18383,1.24193,0.85565,0.7234,0.79161,0.52178,1.67044,1.1179,1.23923,0.00469525,0.00469525,0.00469525
645,6365.77,1.6433,1.15539,1.23037,0.85181,0.70851,0.78922,0.52168,1.6712,1.12211,1.23998,0.004687,0.004687,0.004687
646,6375.87,1.67814,1.17934,1.23975,0.85867,0.70638,0.78757,0.52352,1.66813,1.11925,1.23877,0.00467875,0.00467875,0.00467875
647,6385.14,1.64813,1.18292,1.23157,0.85554,0.71824,0.79067,0.5246,1.66324,1.11673,1.23805,0.0046705,0.0046705,0.0046705
648,6394.38,1.64775,1.17407,1.2427,0.86331,0.70638,0.78799,0.52215,1.66215,1.11048,1.23747,0.00466225,0.00466225,0.00466225
649,6404.49,1.62938,1.13919,1.21358,0.85852,0.70426,0.78627,0.52303,1.66604,1.11388,1.23801,0.004654,0.004654,0.004654
650,6415.88,1.6468,1.14899,1.22608,0.87787,0.68936,0.78904,0.52097,1.6677,1.11232,1.23693,0.00464575,0.00464575,0.00464575
651,6425.17,1.61923,1.12624,1.21764,0.8903,0.68085,0.78695,0.52316,1.66516,1.10393,1.23643,0.0046375,0.0046375,0.0046375
652,6434.28,1.65126,1.14457,1.22782,0.89224,0.68085,0.78561,0.52478,1.66032,1.10121,1.23571,0.00462925,0.00462925,0.00462925
653,6443.34,1.62668,1.15252,1.22863,0.87976,0.69574,0.78577,0.5235,1.6574,1.09796,1.23597,0.004621,0.004621,0.004621
654,6454.37,1.68745,1.1925,1.24592,0.84579,0.71702,0.78709,0.52701,1.65273,1.09547,1.23376,0.00461275,0.00461275,0.00461275
655,6465.75,1.6666,1.18046,1.23288,0.85327,0.70851,0.78734,0.52674,1.65201,1.09915,1.23226,0.0046045,0.0046045,0.0046045
656,6475.14,1.64646,1.15735,1.2365,0.85139,0.71917,0.78887,0.52792,1.65495,1.09982,1.23077,0.00459625,0.00459625,0.00459625
657,6484.48,1.61434,1.15058,1.21462,0.8593,0.7147,0.79055,0.52564,1.6583,1.10304,1.23077,0.004588,0.004588,0.004588
658,6494.41,1.61279,1.11572,1.22002,0.86562,0.71271,0.79069,0.5235,1.65396,1.09907,1.23219,0.00457975,0.00457975,0.00457975
659,6505.96,1.60691,1.12901,1.20966,0.86953,0.70899,0.7903,0.5236,1.65277,1.10505,1.23142,0.0045715,0.0045715,0.0045715
660,6515.02,1.66123,1.13439,1.23061,0.87515,0.70638,0.78794,0.52594,1.65167,1.1086,1.23212,0.00456325,0.00456325,0.00456325
661,6524.17,1.61677,1.1374,1.21201,0.87825,0.70638,0.78854,0.52744,1.64691,1.105,1.23007,0.004555,0.004555,0.004555
662,6533.37,1.61361,1.11755,1.21501,0.86592,0.71915,0.79002,0.52815,1.64646,1.09742,1.22977,0.00454675,0.00454675,0.00454675
663,6544.5,1.62974,1.12321,1.22122,0.87234,0.7124,0.79098,0.52681,1.6486,1.09315,1.23001,0.0045385,0.0045385,0.0045385
664,6554.92,1.62382,1.12253,1.2127,0.87132,0.70595,0.78925,0.52841,1.64813,1.09409,1.23144,0.00453025,0.00453025,0.00453025
665,6564.21,1.59902,1.1384,1.21938,0.87829,0.70625,0.79004,0.52715,1.64446,1.0978,1.22975,0.004522,0.004522,0.004522
666,6573.47,1.6054,1.12079,1.21057,0.87886,0.70638,0.79047,0.52837,1.64277,1.09799,1.22878,0.00451375,0.00451375,0.00451375
667,6583.38,1.57849,1.11087,1.19835,0.8901,0.70213,0.79249,0.52685,1.64302,1.09293,1.22854,0.0045055,0.0045055,0.0045055
668,6595.57,1.6387,1.1407,1.22879,0.89141,0.69862,0.78969,0.52885,1.64331,1.08871,1.22797,0.00449725,0.00449725,0.00449725
669,6604.89,1.62701,1.13575,1.20877,0.87043,0.71915,0.79074,0.53009,1.64641,1.08618,1.22926,0.004489,0.004489,0.004489
670,6614.19,1.63433,1.15578,1.21988,0.87659,0.71064,0.78989,0.53157,1.6494,1.09072,1.23005,0.00448075,0.00448075,0.00448075
671,6623.48,1.67028,1.16007,1.23114,0.87281,0.71915,0.79142,0.53585,1.65318,1.09631,1.23151,0.0044725,0.0044725,0.0044725
672,6634.83,1.62383,1.12786,1.21328,0.87684,0.71277,0.79106,0.53321,1.6554,1.09535,1.22851,0.00446425,0.00446425,0.00446425
673,6645.27,1.63912,1.13226,1.21354,0.88202,0.71581,0.79052,0.53433,1.65695,1.09207,1.22648,0.004456,0.004456,0.004456
674,6654.46,1.60659,1.10918,1.21355,0.88216,0.71277,0.79056,0.53248,1.65581,1.09149,1.22516,0.00444775,0.00444775,0.00444775
675,6663.58,1.59387,1.12184,1.21372,0.87736,0.71489,0.78992,0.53378,1.65567,1.08742,1.22649,0.0044395,0.0044395,0.0044395
676,6673.33,1.64196,1.12306,1.21675,0.86002,0.7234,0.79253,0.5347,1.65456,1.08435,1.22725,0.00443125,0.00443125,0.00443125
677,6685.33,1.58919,1.10951,1.20864,0.87693,0.70426,0.79123,0.53689,1.65431,1.08363,1.22905,0.004423,0.004423,0.004423
678,6694.67,1.59347,1.1112,1.20637,0.92145,0.68298,0.79317,0.53644,1.64904,1.08075,1.22679,0.00441475,0.00441475,0.00441475
679,6703.77,1.61495,1.11121,1.19729,0.8902,0.69787,0.79527,0.53617,1.64497,1.07622,1.22511,0.0044065,0.0044065,0.0044065
680,6712.88,1.63049,1.1291,1.21007,0.88536,0.70426,0.79515,0.53629,1.64361,1.07228,1.22356,0.00439825,0.00439825,0.00439825
681,6724.49,1.63964,1.14825,1.22502,0.88345,0.70638,0.79387,0.53444,1.64435,1.07498,1.2229,0.00439,0.00439,0.00439
682,6735.16,1.6122,1.12058,1.21533,0.87837,0.70678,0.79519,0.53372,1.64162,1.07457,1.22132,0.00438175,0.00438175,0.00438175
683,6744.37,1.62133,1.14267,1.2083,0.92254,0.68421,0.79538,0.53398,1.64188,1.07367,1.22093,0.0043735,0.0043735,0.0043735
684,6753.6,1.60715,1.12429,1.20905,0.94362,0.67659,0.79541,0.53494,1.63935,1.07501,1.2212,0.00436525,0.00436525,0.00436525
685,6763.14,1.58218,1.10365,1.2003,0.86688,0.72048,0.79488,0.53606,1.63554,1.07358,1.22137,0.004357,0.004357,0.004357
686,6775.2,1.56765,1.08229,1.1809,0.87526,0.71662,0.79743,0.53587,1.63425,1.07123,1.21948,0.00434875,0.00434875,0.00434875
687,6784.27,1.61428,1.10411,1.20613,0.87874,0.70923,0.79793,0.53922,1.63186,1.06985,1.22005,0.0043405,0.0043405,0.0043405
688,6793.57,1.60853,1.11755,1.20063,0.8812,0.7102,0.79673,0.5397,1.6324,1.07122,1.21843,0.00433225,0.00433225,0.00433225
689,6802.85,1.58193,1.07926,1.1955,0.87697,0.71283,0.79631,0.53848,1.6336,1.07058,1.21768,0.004324,0.004324,0.004324
690,6813.61,1.5924,1.11881,1.20132,0.90455,0.7,0.79781,0.53881,1.63426,1.0729,1.21825,0.00431575,0.00431575,0.00431575
691,6824.47,1.59351,1.10855,1.20792,0.90149,0.70851,0.79832,0.53888,1.63173,1.0736,1.21777,0.0043075,0.0043075,0.0043075
692,6833.73,1.60765,1.09635,1.19822,0.89933,0.70638,0.7961,0.54004,1.62928,1.06767,1.21691,0.00429925,0.00429925,0.00429925
693,6843.35,1.56954,1.09715,1.20072,0.89464,0.70463,0.7976,0.5404,1.63132,1.06785,1.21832,0.004291,0.004291,0.004291
694,6853.35,1.54066,1.08242,1.18394,0.88719,0.70851,0.79739,0.53866,1.62756,1.06717,1.21623,0.00428275,0.00428275,0.00428275
695,6865.27,1.54331,1.06691,1.18382,0.89696,0.70426,0.79659,0.53996,1.62417,1.06433,1.21335,0.0042745,0.0042745,0.0042745
696,6874.36,1.58407,1.09203,1.19175,0.88349,0.70851,0.79596,0.53868,1.62074,1.05915,1.21002,0.00426625,0.00426625,0.00426625
697,6883.47,1.61721,1.14637,1.22237,0.89023,0.70746,0.79536,0.53934,1.61739,1.05722,1.20933,0.004258,0.004258,0.004258
698,6892.85,1.58346,1.08089,1.19902,0.89201,0.70302,0.79615,0.54028,1.61849,1.06163,1.21076,0.00424975,0.00424975,0.00424975
699,6904.31,1.52999,1.06593,1.1864,0.9082,0.68298,0.79793,0.53952,1.61975,1.06505,1.21199,0.0042415,0.0042415,0.0042415
700,6914.79,1.54748,1.04974,1.18264,0.91075,0.68723,0.79944,0.54015,1.61672,1.06609,1.2114,0.00423325,0.00423325,0.00423325
701,6923.89,1.57186,1.08369,1.19062,0.91612,0.68511,0.79833,0.54247,1.6151,1.06372,1.21312,0.004225,0.004225,0.004225
702,6933.32,1.56784,1.07414,1.19245,0.92454,0.68723,0.80001,0.54309,1.61246,1.06694,1.21275,0.00421675,0.00421675,0.00421675
703,6943.32,1.5713,1.0826,1.18828,0.9254,0.68624,0.80025,0.54334,1.61143,1.06735,1.21302,0.0042085,0.0042085,0.0042085
704,6955.95,1.56918,1.08663,1.18879,0.91553,0.68936,0.80132,0.54332,1.60877,1.06546,1.21257,0.00420025,0.00420025,0.00420025
705,6965.31,1.55421,1.08002,1.1842,0.90537,0.69149,0.80128,0.54261,1.60725,1.06624,1.21196,0.004192,0.004192,0.004192
706,6974.44,1.54698,1.07645,1.18527,0.90792,0.69228,0.80225,0.54228,1.60626,1.0665,1.21028,0.00418375,0.00418375,0.00418375
707,6983.54,1.56368,1.0744,1.17985,0.90466,0.68645,0.80058,0.5414,1.60454,1.06446,1.21025,0.0041755,0.0041755,0.0041755
708,6994.59,1.59961,1.09912,1.20402,0.88874,0.7,0.80167,0.54281,1.60538,1.06567,1.21093,0.00416725,0.00416725,0.00416725
709,7005.23,1.54976,1.07138,1.18719,0.88958,0.7,0.80033,0.54491,1.60326,1.06212,1.21118,0.004159,0.004159,0.004159
710,7014.7,1.55684,1.09448,1.19957,0.89207,0.70426,0.80082,0.54518,1.5996,1.05665,1.20892,0.00415075,0.00415075,0.00415075
711,7024.03,1.54369,1.07507,1.18722,0.89687,0.70312,0.80198,0.54674,1.59858,1.05492,1.20811,0.0041425,0.0041425,0.0041425
712,7033.86,1.56227,1.05753,1.18674,0.88184,0.71459,0.80305,0.54813,1.59813,1.05446,1.20805,0.00413425,0.00413425,0.00413425
713,7046.17,1.55158,1.07765,1.19606,0.88709,0.7188,0.80383,0.54978,1.59353,1.05335,1.2078,0.004126,0.004126,0.004126
714,7055.48,1.52342,1.05681,1.18449,0.88122,0.71915,0.80492,0.55068,1.59167,1.05111,1.20639,0.00411775,0.00411775,0.00411775
715,7064.96,1.55561,1.07721,1.1918,0.87526,0.72553,0.80659,0.55235,1.59347,1.04712,1.20396,0.0041095,0.0041095,0.0041095
716,7074.51,1.56998,1.06828,1.18455,0.8834,0.72543,0.80712,0.55308,1.59152,1.04409,1.20033,0.00410125,0.00410125,0.00410125
717,7086.81,1.53495,1.05431,1.17906,0.88575,0.72766,0.80677,0.55267,1.58993,1.04015,1.19795,0.004093,0.004093,0.004093
718,7096.78,1.55856,1.08287,1.17955,0.87214,0.72564,0.80479,0.55227,1.58869,1.039,1.19524,0.00408475,0.00408475,0.00408475
719,7106.08,1.53465,1.04069,1.17283,0.86783,0.72979,0.80576,0.55498,1.59139,1.04138,1.19546,0.0040765,0.0040765,0.0040765
720,7115.53,1.5482,1.06683,1.19217,0.85908,0.72637,0.8061,0.55539,1.59212,1.03988,1.19525,0.00406825,0.00406825,0.00406825
721,7126.27,1.56957,1.08899,1.18622,0.86136,0.71702,0.80404,0.55443,1.59509,1.04125,1.19556,0.00406,0.00406,0.00406
722,7137.68,1.52217,1.04389,1.17272,0.8706,0.71577,0.80375,0.55381,1.59247,1.03841,1.19584,0.00405175,0.00405175,0.00405175
723,7146.76,1.52084,1.03186,1.17434,0.8835,0.70999,0.80475,0.55309,1.5919,1.03822,1.19553,0.0040435,0.0040435,0.0040435
724,7155.88,1.5104,1.0217,1.18315,0.87994,0.71735,0.80485,0.55299,1.5923,1.04012,1.19545,0.00403525,0.00403525,0.00403525
725,7164.93,1.54279,1.07454,1.17627,0.87623,0.72766,0.80581,0.55248,1.5933,1.04192,1.19365,0.004027,0.004027,0.004027
726,7176.23,1.5571,1.0567,1.19489,0.87446,0.72979,0.8056,0.55182,1.59357,1.04443,1.19165,0.00401875,0.00401875,0.00401875
727,7186.62,1.53278,1.06159,1.17417,0.87042,0.72553,0.80544,0.55222,1.59492,1.04504,1.19168,0.0040105,0.0040105,0.0040105
728,7195.77,1.53233,1.04844,1.17561,0.88194,0.71489,0.80608,0.55381,1.59278,1.04615,1.19068,0.00400225,0.00400225,0.00400225
729,7204.92,1.52605,1.05413,1.18692,0.87506,0.73191,0.80493,0.55102,1.59094,1.04233,1.18941,0.003994,0.003994,0.003994
730,7214.76,1.52943,1.03959,1.17127,0.8751,0.73048,0.80484,0.54942,1.58882,1.03798,1.18884,0.00398575,0.00398575,0.00398575
731,7226.36,1.54898,1.05413,1.18556,0.88322,0.71915,0.80601,0.54908,1.58526,1.03244,1.18866,0.0039775,0.0039775,0.0039775
732,7235.42,1.52881,1.02128,1.17563,0.89661,0.70115,0.80613,0.55072,1.5844,1.0309,1.18881,0.00396925,0.00396925,0.00396925
733,7244.49,1.52496,1.03468,1.17655,0.89926,0.7027,0.80532,0.5523,1.58655,1.03199,1.1889,0.003961,0.003961,0.003961
734,7253.55,1.52318,1.03271,1.15657,0.90253,0.7,0.80436,0.55229,1.58595,1.0314,1.18877,0.00395275,0.00395275,0.00395275
735,7264.8,1.51326,1.04361,1.17468,0.92175,0.69787,0.80466,0.5525,1.58527,1.02928,1.1885,0.0039445,0.0039445,0.0039445
736,7275.45,1.51652,1.02867,1.16527,0.93332,0.68499,0.80494,0.55259,1.58362,1.02939,1.18843,0.00393625,0.00393625,0.00393625
737,7284.82,1.54601,1.03382,1.1773,0.93045,0.6831,0.80507,0.55413,1.58054,1.0292,1.18902,0.003928,0.003928,0.003928
738,7293.97,1.51883,1.01721,1.17453,0.92344,0.69295,0.8052,0.55389,1.57946,1.02746,1.18825,0.00391975,0.00391975,0.00391975
739,7303.33,1.52132,1.01168,1.16648,0.90161,0.70189,0.80601,0.55508,1.57765,1.02651,1.18774,0.0039115,0.0039115,0.0039115
740,7315.59,1.52581,1.04088,1.17412,0.89948,0.70213,0.80646,0.5548,1.57693,1.02495,1.1866,0.00390325,0.00390325,0.00390325
741,7324.77,1.52334,1.04563,1.17386,0.90904,0.70638,0.8075,0.55657,1.57422,1.02316,1.18525,0.003895,0.003895,0.003895
742,7334.08,1.48606,1.005,1.16911,0.91054,0.70851,0.80756,0.55706,1.57138,1.02178,1.1843,0.00388675,0.00388675,0.00388675
743,7343.43,1.52612,1.03838,1.17431,0.90262,0.70996,0.80937,0.55809,1.56936,1.0175,1.1827,0.0038785,0.0038785,0.0038785
744,7354.43,1.52549,1.02497,1.1808,0.90082,0.70851,0.80965,0.55704,1.56525,1.0183,1.18165,0.00387025,0.00387025,0.00387025
745,7365.42,1.49446,1.01347,1.16571,0.90276,0.72128,0.81018,0.55634,1.561,1.01882,1.18003,0.003862,0.003862,0.003862
746,7374.79,1.51794,1.05026,1.16824,0.90232,0.7234,0.81043,0.55808,1.55995,1.02002,1.17961,0.00385375,0.00385375,0.00385375
747,7384.11,1.51609,1.03234,1.17044,0.89967,0.7234,0.81011,0.55977,1.56122,1.02006,1.18054,0.0038455,0.0038455,0.0038455
748,7393.92,1.51938,1.03145,1.15517,0.89968,0.72506,0.80913,0.55909,1.55887,1.01848,1.17996,0.00383725,0.00383725,0.00383725
749,7405.77,1.47064,0.98827,1.15639,0.89578,0.72553,0.80964,0.55899,1.5568,1.01866,1.17924,0.003829,0.003829,0.003829
750,7414.87,1.52718,1.03642,1.17437,0.89392,0.72553,0.81069,0.55966,1.55602,1.01837,1.17902,0.00382075,0.00382075,0.00382075
751,7423.98,1.49716,1.03273,1.17552,0.89493,0.7234,0.81073,0.5604,1.55527,1.017,1.17947,0.0038125,0.0038125,0.0038125
752,7433.35,1.48864,1.00856,1.16217,0.91394,0.7005,0.80994,0.56013,1.55433,1.01477,1.17878,0.00380425,0.00380425,0.00380425
753,7444.05,1.49098,1.01692,1.16173,0.92876,0.69787,0.8109,0.56262,1.55066,1.01452,1.17752,0.003796,0.003796,0.003796
754,7455.15,1.50239,1.02418,1.15623,0.92842,0.7,0.8114,0.5653,1.5488,1.01409,1.17693,0.00378775,0.00378775,0.00378775
755,7464.46,1.49807,1.00687,1.16421,0.9137,0.72128,0.81226,0.56473,1.55078,1.01225,1.17754,0.0037795,0.0037795,0.0037795
756,7473.55,1.5069,1.01244,1.17181,0.92072,0.71655,0.81287,0.5653,1.5505,1.01271,1.17842,0.00377125,0.00377125,0.00377125
757,7482.94,1.47758,1.00501,1.16174,0.90006,0.72553,0.81211,0.56462,1.54881,1.01458,1.17825,0.003763,0.003763,0.003763
758,7495.61,1.50698,1.01476,1.16319,0.92312,0.71528,0.81186,0.56544,1.54845,1.01557,1.17741,0.00375475,0.00375475,0.00375475
759,7504.94,1.48405,1.01244,1.16247,0.92531,0.71277,0.8138,0.56422,1.54783,1.01463,1.17733,0.0037465,0.0037465,0.0037465
760,7514.06,1.48791,1.01867,1.16526,0.92524,0.70638,0.8138,0.56412,1.54684,1.01078,1.17713,0.00373825,0.00373825,0.00373825
761,7523.12,1.46311,0.98594,1.1457,0.92023,0.71184,0.81308,0.5652,1.54541,1.01033,1.17731,0.00373,0.00373,0.00373
762,7534.04,1.50837,1.02937,1.16406,0.91508,0.71071,0.81302,0.56619,1.54549,1.01135,1.17693,0.00372175,0.00372175,0.00372175
763,7545.28,1.49594,1.00945,1.15736,0.9177,0.71176,0.8125,0.56718,1.54574,1.01235,1.17668,0.0037135,0.0037135,0.0037135
764,7554.78,1.49686,1.01009,1.15919,0.9181,0.72128,0.8127,0.56615,1.54658,1.01218,1.17647,0.00370525,0.00370525,0.00370525
765,7564.02,1.48409,0.99269,1.14529,0.91387,0.72128,0.81128,0.56566,1.54642,1.0122,1.17716,0.003697,0.003697,0.003697
766,7573.3,1.48353,1.01257,1.15383,0.91366,0.72045,0.81222,0.56468,1.5463,1.01472,1.17867,0.00368875,0.00368875,0.00368875
767,7585.52,1.47463,0.995,1.14696,0.91553,0.72128,0.81114,0.5651,1.54658,1.01535,1.1786,0.0036805,0.0036805,0.0036805
768,7594.59,1.48111,0.98433,1.15578,0.91822,0.71915,0.81243,0.56523,1.5452,1.01437,1.17768,0.00367225,0.00367225,0.00367225
769,7603.7,1.4801,1.00663,1.15607,0.91104,0.71908,0.8132,0.56547,1.54339,1.01509,1.17742,0.003664,0.003664,0.003664
770,7612.8,1.48066,0.99596,1.15713,0.90834,0.71684,0.81224,0.56511,1.54123,1.01364,1.17582,0.00365575,0.00365575,0.00365575
771,7623.32,1.48061,1.00937,1.16308,0.91342,0.71833,0.81271,0.56661,1.5379,1.0118,1.17446,0.0036475,0.0036475,0.0036475
772,7634.3,1.5217,1.02916,1.17774,0.90535,0.72553,0.81352,0.56754,1.53641,1.00938,1.17352,0.00363925,0.00363925,0.00363925
773,7643.81,1.46422,0.99756,1.15011,0.90367,0.71854,0.81471,0.56813,1.53618,1.00813,1.17197,0.003631,0.003631,0.003631
774,7653.21,1.48065,0.98448,1.14156,0.90138,0.71951,0.81529,0.56896,1.53334,1.0072,1.17072,0.00362275,0.00362275,0.00362275
775,7662.58,1.46292,0.99061,1.1497,0.90109,0.71717,0.81529,0.57087,1.53168,1.00671,1.16945,0.0036145,0.0036145,0.0036145
776,7675.18,1.48056,1.02079,1.15773,0.90578,0.71587,0.81495,0.57193,1.53089,1.00654,1.1689,0.00360625,0.00360625,0.00360625
777,7684.64,1.46187,0.99932,1.15294,0.90319,0.71915,0.81452,0.57207,1.53071,1.00507,1.16892,0.003598,0.003598,0.003598
778,7693.99,1.49382,1.01204,1.15162,0.90038,0.71915,0.81488,0.57099,1.53128,1.00448,1.16806,0.00358975,0.00358975,0.00358975
779,7703.1,1.45785,0.97864,1.14899,0.90065,0.71702,0.81547,0.57024,1.53165,1.00293,1.16674,0.0035815,0.0035815,0.0035815
780,7714.16,1.44199,0.97794,1.1519,0.9088,0.72084,0.81685,0.57052,1.53179,1.00244,1.16633,0.00357325,0.00357325,0.00357325
781,7724.96,1.48701,1.00493,1.1643,0.91594,0.71872,0.81756,0.57113,1.53021,1.00069,1.16572,0.003565,0.003565,0.003565
782,7734.01,1.48506,1.00511,1.15461,0.90874,0.72035,0.81861,0.57273,1.52895,0.99979,1.1648,0.00355675,0.00355675,0.00355675
783,7743.3,1.45843,0.9836,1.1458,0.90782,0.71915,0.81889,0.573,1.53031,1.00037,1.16482,0.0035485,0.0035485,0.0035485
784,7752.61,1.446,0.95797,1.13818,0.90108,0.7234,0.81913,0.57317,1.53112,1.00246,1.16553,0.00354025,0.00354025,0.00354025
785,7764.79,1.47515,1.00747,1.14609,0.89438,0.7234,0.81893,0.57185,1.53166,1.00285,1.1662,0.003532,0.003532,0.003532
786,7773.87,1.46169,0.97997,1.13597,0.89353,0.7234,0.8197,0.57102,1.53225,1.00237,1.16639,0.00352375,0.00352375,0.00352375
787,7782.96,1.46971,0.99704,1.1343,0.89233,0.72299,0.81926,0.57062,1.53357,1.00129,1.16555,0.0035155,0.0035155,0.0035155
788,7792.04,1.4674,0.97576,1.14295,0.86348,0.74255,0.81967,0.57065,1.53391,1.0011,1.16522,0.00350725,0.00350725,0.00350725
789,7802.7,1.4916,0.98478,1.14715,0.86361,0.74468,0.81958,0.57003,1.53228,0.99979,1.16491,0.003499,0.003499,0.003499
790,7814.03,1.46496,0.99432,1.15776,0.88081,0.73617,0.82029,0.57059,1.53002,0.99764,1.16493,0.00349075,0.00349075,0.00349075
791,7823.16,1.47651,0.96497,1.14121,0.88309,0.73404,0.82224,0.57049,1.52859,0.99631,1.16443,0.0034825,0.0034825,0.0034825
792,7832.3,1.47371,0.99116,1.1469,0.90415,0.72254,0.81944,0.57113,1.52857,0.99705,1.16422,0.00347425,0.00347425,0.00347425
793,7841.43,1.45034,0.9789,1.14107,0.90394,0.72075,0.82093,0.57218,1.5283,0.99611,1.16358,0.003466,0.003466,0.003466
794,7852.74,1.45806,0.97494,1.14124,0.90923,0.7234,0.82124,0.57102,1.53052,0.99567,1.16404,0.00345775,0.00345775,0.00345775
795,7862.87,1.45451,0.97091,1.15223,0.90621,0.71952,0.82213,0.57112,1.52973,0.99504,1.16323,0.0034495,0.0034495,0.0034495
796,7871.98,1.46111,0.9741,1.14198,0.90454,0.71915,0.82131,0.57112,1.5285,0.9937,1.16206,0.00344125,0.00344125,0.00344125
797,7881.02,1.44038,0.97642,1.15112,0.91348,0.71885,0.82076,0.57029,1.52681,0.99131,1.16171,0.003433,0.003433,0.003433
798,7890.89,1.45345,0.97809,1.13564,0.90811,0.71915,0.82227,0.57135,1.52532,0.98995,1.16115,0.00342475,0.00342475,0.00342475
799,7902.73,1.45745,0.97682,1.14765,0.90862,0.7234,0.82207,0.57141,1.52553,0.98881,1.16207,0.0034165,0.0034165,0.0034165
800,7912.04,1.47223,0.97879,1.14201,0.90975,0.7234,0.82112,0.57203,1.52659,0.9878,1.16192,0.00340825,0.00340825,0.00340825
801,7921.17,1.47861,1.00942,1.1514,0.91148,0.723,0.82145,0.57217,1.52636,0.98734,1.16131,0.0034,0.0034,0.0034
802,7930.46,1.41975,0.93256,1.13313,0.90424,0.72325,0.8205,0.57557,1.5245,0.98664,1.16131,0.00339175,0.00339175,0.00339175
803,7942.32,1.45316,0.97765,1.1387,0.90003,0.7279,0.82278,0.57515,1.52432,0.98479,1.16057,0.0033835,0.0033835,0.0033835
804,7952.36,1.44976,0.9838,1.14812,0.90091,0.72553,0.8214,0.57549,1.52431,0.9852,1.16063,0.00337525,0.00337525,0.00337525
805,7961.77,1.44137,0.97633,1.13403,0.90428,0.72362,0.82143,0.57485,1.52423,0.9861,1.16034,0.003367,0.003367,0.003367
806,7970.84,1.4658,0.97553,1.14522,0.90363,0.7234,0.82221,0.57479,1.52242,0.98552,1.15985,0.00335875,0.00335875,0.00335875
807,7980.66,1.45043,0.96571,1.14281,0.90928,0.72504,0.82249,0.57521,1.52263,0.98612,1.16032,0.0033505,0.0033505,0.0033505
808,7992.31,1.43196,0.96612,1.1324,0.91123,0.7234,0.82294,0.57436,1.52034,0.98758,1.15992,0.00334225,0.00334225,0.00334225
809,8001.54,1.45173,0.96609,1.14456,0.90886,0.72553,0.82328,0.57558,1.51968,0.98819,1.15983,0.003334,0.003334,0.003334
810,8010.84,1.40642,0.92626,1.13056,0.90952,0.72714,0.8232,0.57543,1.5191,0.98922,1.15945,0.00332575,0.00332575,0.00332575
811,8019.89,1.44842,0.98308,1.14521,0.90904,0.72766,0.82429,0.57412,1.51867,0.98851,1.15911,0.0033175,0.0033175,0.0033175
812,8031.05,1.41887,0.95227,1.14114,0.91233,0.72766,0.82427,0.57483,1.51648,0.98851,1.15865,0.00330925,0.00330925,0.00330925
813,8041.42,1.43742,0.94956,1.12585,0.90808,0.72766,0.82446,0.57619,1.51446,0.98876,1.15796,0.003301,0.003301,0.003301
814,8050.96,1.43315,0.94811,1.12913,0.90354,0.72553,0.82456,0.5774,1.51416,0.98801,1.15742,0.00329275,0.00329275,0.00329275
815,8060.34,1.45946,0.97039,1.13986,0.90326,0.72979,0.82474,0.57829,1.51314,0.98735,1.15647,0.0032845,0.0032845,0.0032845
816,8070.4,1.43011,0.96658,1.13149,0.90513,0.73081,0.82488,0.5787,1.51017,0.98591,1.15613,0.00327625,0.00327625,0.00327625
817,8082.82,1.43177,0.96053,1.13825,0.90281,0.73191,0.82512,0.57788,1.50804,0.9847,1.15594,0.003268,0.003268,0.003268
818,8091.88,1.45417,0.96542,1.1359,0.90967,0.72848,0.82548,0.57884,1.50693,0.98473,1.15528,0.00325975,0.00325975,0.00325975
819,8101.17,1.46985,0.97954,1.13921,0.908,0.72979,0.82505,0.58058,1.50733,0.98608,1.1557,0.0032515,0.0032515,0.0032515
820,8110.58,1.43622,0.95865,1.1376,0.90805,0.72979,0.8254,0.58129,1.50807,0.98821,1.15614,0.00324325,0.00324325,0.00324325
821,8121.94,1.43503,0.94514,1.13484,0.90996,0.7311,0.82554,0.58055,1.50866,0.98901,1.15564,0.003235,0.003235,0.003235
822,8132.2,1.41376,0.93257,1.13063,0.91017,0.73293,0.8252,0.57982,1.50925,0.99004,1.15493,0.00322675,0.00322675,0.00322675
823,8141.27,1.42175,0.94718,1.12393,0.91237,0.73191,0.82411,0.57831,1.50944,0.99111,1.15461,0.0032185,0.0032185,0.0032185
824,8150.34,1.41352,0.9486,1.13,0.91209,0.72845,0.82424,0.57842,1.50817,0.99169,1.1543,0.00321025,0.00321025,0.00321025
825,8160.18,1.45588,0.97306,1.1335,0.91437,0.72766,0.82461,0.57942,1.50728,0.99094,1.15392,0.003202,0.003202,0.003202
826,8172,1.44257,0.95799,1.13439,0.91037,0.72979,0.82444,0.57893,1.50578,0.9888,1.15242,0.00319375,0.00319375,0.00319375
827,8181.09,1.42036,0.95559,1.12045,0.91765,0.72979,0.82462,0.58055,1.50462,0.98695,1.15156,0.0031855,0.0031855,0.0031855
828,8190.16,1.43273,0.96068,1.13113,0.90384,0.73191,0.82586,0.58041,1.5031,0.98498,1.15102,0.00317725,0.00317725,0.00317725
829,8199.24,1.44723,0.95119,1.12396,0.90005,0.73617,0.82462,0.5807,1.50089,0.9826,1.15036,0.003169,0.003169,0.003169
830,8210.07,1.39705,0.95453,1.12337,0.90394,0.73191,0.82632,0.581,1.49908,0.97982,1.14926,0.00316075,0.00316075,0.00316075
831,8220.87,1.41171,0.942,1.12629,0.90785,0.73368,0.82529,0.58058,1.49715,0.97887,1.14916,0.0031525,0.0031525,0.0031525
832,8230,1.41315,0.94911,1.12275,0.90773,0.73258,0.82466,0.5808,1.49639,0.97781,1.14857,0.00314425,0.00314425,0.00314425
833,8239.08,1.42583,0.94335,1.13072,0.89619,0.73617,0.82449,0.58156,1.4939,0.97615,1.14859,0.003136,0.003136,0.003136
834,8248.42,1.42481,0.93916,1.12805,0.89717,0.73617,0.82565,0.58304,1.49295,0.9749,1.1483,0.00312775,0.00312775,0.00312775
835,8261.07,1.40226,0.94385,1.12516,0.89421,0.73617,0.82606,0.5826,1.49202,0.97359,1.14794,0.0031195,0.0031195,0.0031195
836,8270.28,1.39108,0.91061,1.10775,0.89185,0.7383,0.82934,0.58374,1.4914,0.97102,1.1478,0.00311125,0.00311125,0.00311125
837,8279.6,1.40447,0.92183,1.1093,0.89204,0.7383,0.82921,0.58343,1.49042,0.97079,1.14745,0.003103,0.003103,0.003103
838,8288.87,1.39129,0.92635,1.12414,0.90894,0.73191,0.82985,0.58343,1.49035,0.97173,1.14778,0.00309475,0.00309475,0.00309475
839,8299.73,1.38055,0.91916,1.1218,0.91046,0.73191,0.82916,0.58442,1.48988,0.97257,1.14749,0.0030865,0.0030865,0.0030865
840,8311.04,1.39868,0.90991,1.12153,0.91268,0.73388,0.82885,0.58374,1.48939,0.97227,1.14679,0.00307825,0.00307825,0.00307825
841,8320.12,1.39807,0.92945,1.13,0.9127,0.73408,0.82916,0.58322,1.48855,0.97003,1.14639,0.00307,0.00307,0.00307
842,8329.48,1.40639,0.92433,1.12979,0.91171,0.73404,0.82878,0.58408,1.48807,0.97026,1.14595,0.00306175,0.00306175,0.00306175
843,8338.88,1.41575,0.93683,1.11984,0.90537,0.73281,0.8292,0.58399,1.48605,0.96899,1.14489,0.0030535,0.0030535,0.0030535
844,8351.35,1.40308,0.92462,1.1237,0.90885,0.73404,0.8302,0.58369,1.48332,0.96731,1.14421,0.00304525,0.00304525,0.00304525
845,8360.47,1.40713,0.92024,1.1161,0.92929,0.72698,0.82937,0.58528,1.48076,0.96585,1.14381,0.003037,0.003037,0.003037
846,8369.81,1.36365,0.90576,1.11173,0.93428,0.7234,0.83006,0.58718,1.4788,0.96365,1.14305,0.00302875,0.00302875,0.00302875
847,8379.11,1.3942,0.9277,1.11406,0.9307,0.7234,0.83053,0.58915,1.47748,0.96274,1.14249,0.0030205,0.0030205,0.0030205
848,8390.14,1.3703,0.89573,1.11777,0.92969,0.7234,0.83164,0.5882,1.47674,0.96135,1.14172,0.00301225,0.00301225,0.00301225
849,8400.96,1.39101,0.92376,1.11502,0.92926,0.72128,0.83135,0.59008,1.4732,0.95851,1.14073,0.003004,0.003004,0.003004
850,8410.3,1.40518,0.92387,1.11688,0.86476,0.7617,0.8314,0.59028,1.47174,0.95601,1.13979,0.00299575,0.00299575,0.00299575
851,8419.6,1.38529,0.91104,1.11619,0.86467,0.7617,0.83106,0.58986,1.46999,0.95441,1.13896,0.0029875,0.0029875,0.0029875
852,8428.69,1.42109,0.92452,1.11499,0.86249,0.7617,0.83199,0.59092,1.46903,0.95354,1.1381,0.00297925,0.00297925,0.00297925
853,8441.16,1.39861,0.92852,1.11474,0.86995,0.7617,0.83137,0.5895,1.46849,0.95324,1.13777,0.002971,0.002971,0.002971
854,8450.25,1.37369,0.90768,1.11628,0.87485,0.75856,0.83099,0.59006,1.46779,0.95252,1.13732,0.00296275,0.00296275,0.00296275
855,8459.32,1.36677,0.90384,1.11676,0.88082,0.75532,0.83243,0.59125,1.46672,0.95115,1.13675,0.0029545,0.0029545,0.0029545
856,8468.65,1.40375,0.91594,1.12525,0.8808,0.75468,0.83245,0.59184,1.46534,0.95073,1.13624,0.00294625,0.00294625,0.00294625
857,8479.35,1.39567,0.9143,1.10795,0.88068,0.75378,0.83291,0.59245,1.46435,0.94955,1.13535,0.002938,0.002938,0.002938
858,8490.71,1.37719,0.91223,1.10501,0.88466,0.75067,0.83287,0.5925,1.46427,0.94849,1.13541,0.00292975,0.00292975,0.00292975
859,8500.07,1.35904,0.89127,1.1143,0.88614,0.74894,0.83347,0.59317,1.46378,0.94784,1.13524,0.0029215,0.0029215,0.0029215
860,8509.56,1.38393,0.92339,1.11411,0.88424,0.74894,0.83401,0.59397,1.46271,0.94752,1.13503,0.00291325,0.00291325,0.00291325
861,8518.84,1.36514,0.90451,1.11417,0.89191,0.74681,0.83373,0.59362,1.46188,0.9471,1.13493,0.002905,0.002905,0.002905
862,8531.08,1.39805,0.91943,1.12711,0.89365,0.74468,0.83336,0.59396,1.46129,0.94779,1.13475,0.00289675,0.00289675,0.00289675
863,8540.3,1.36905,0.8907,1.11107,0.89273,0.74894,0.83397,0.59295,1.46029,0.94721,1.13416,0.0028885,0.0028885,0.0028885
864,8549.38,1.37948,0.91277,1.1171,0.89781,0.74773,0.83373,0.59262,1.4599,0.946,1.13394,0.00288025,0.00288025,0.00288025
865,8558.61,1.38788,0.90125,1.12329,0.9007,0.74255,0.83488,0.59293,1.46049,0.94598,1.13384,0.002872,0.002872,0.002872
866,8569.06,1.39455,0.91007,1.11603,0.90182,0.74268,0.8356,0.59348,1.46009,0.94559,1.13383,0.00286375,0.00286375,0.00286375
867,8580.58,1.38396,0.90403,1.11348,0.9042,0.74304,0.83571,0.59335,1.46032,0.94549,1.13392,0.0028555,0.0028555,0.0028555
868,8589.71,1.36194,0.90143,1.10793,0.90718,0.7383,0.83621,0.59414,1.45942,0.94527,1.13385,0.00284725,0.00284725,0.00284725
869,8599,1.36749,0.8984,1.11091,0.91349,0.73617,0.83609,0.59469,1.45835,0.94379,1.13339,0.002839,0.002839,0.002839
870,8608.31,1.36441,0.89725,1.1052,0.9045,0.74255,0.83626,0.59505,1.45612,0.94194,1.133,0.00283075,0.00283075,0.00283075
871,8620.57,1.37428,0.88975,1.09725,0.90604,0.74043,0.83618,0.59504,1.45539,0.94083,1.1323,0.0028225,0.0028225,0.0028225
872,8630.22,1.36775,0.8835,1.10638,0.9022,0.74894,0.83691,0.59557,1.45511,0.93977,1.13208,0.00281425,0.00281425,0.00281425
873,8639.64,1.35711,0.88327,1.10803,0.9046,0.74681,0.8369,0.596,1.45444,0.93838,1.13182,0.002806,0.002806,0.002806
874,8649,1.38799,0.91067,1.1122,0.9069,0.74617,0.83693,0.59739,1.45361,0.93731,1.13133,0.00279775,0.00279775,0.00279775
875,8659.79,1.34945,0.88363,1.10982,0.90913,0.745,0.83708,0.59772,1.45284,0.93762,1.13069,0.0027895,0.0027895,0.0027895
876,8671.22,1.37565,0.90883,1.10876,0.8998,0.74894,0.8368,0.59806,1.45283,0.93788,1.13048,0.00278125,0.00278125,0.00278125
877,8680.85,1.38568,0.8798,1.11065,0.89928,0.74894,0.83662,0.598,1.45381,0.93828,1.13072,0.002773,0.002773,0.002773
878,8689.99,1.37284,0.91154,1.10303,0.9044,0.74894,0.837,0.59836,1.45327,0.93933,1.13074,0.00276475,0.00276475,0.00276475
879,8699.56,1.38299,0.89224,1.11716,0.90044,0.75106,0.83686,0.59786,1.45268,0.93952,1.1304,0.0027565,0.0027565,0.0027565
880,8712.01,1.36971,0.89309,1.10088,0.9018,0.74894,0.83736,0.59828,1.45297,0.94029,1.13046,0.00274825,0.00274825,0.00274825
881,8721.25,1.36816,0.91682,1.10067,0.90199,0.74894,0.83751,0.59982,1.45388,0.94186,1.13025,0.00274,0.00274,0.00274
882,8730.71,1.34401,0.90071,1.11334,0.89568,0.75106,0.83713,0.59916,1.45327,0.94158,1.12996,0.00273175,0.00273175,0.00273175
883,8739.82,1.3521,0.8889,1.10046,0.90731,0.74978,0.83726,0.59919,1.45213,0.94063,1.12962,0.0027235,0.0027235,0.0027235
884,8750.44,1.35231,0.8913,1.10122,0.90763,0.75264,0.83708,0.59933,1.45154,0.94113,1.12965,0.00271525,0.00271525,0.00271525
885,8761.32,1.38276,0.91749,1.11914,0.90927,0.74468,0.83709,0.59988,1.45086,0.94147,1.12919,0.002707,0.002707,0.002707
886,8770.73,1.35462,0.88404,1.10752,0.91054,0.74681,0.83697,0.60027,1.45081,0.94264,1.12908,0.00269875,0.00269875,0.00269875
887,8780.11,1.37329,0.88124,1.09904,0.91673,0.74255,0.83649,0.60054,1.45035,0.94189,1.1289,0.0026905,0.0026905,0.0026905
888,8789.42,1.35587,0.89097,1.09225,0.91788,0.74255,0.83628,0.59984,1.45042,0.94154,1.12877,0.00268225,0.00268225,0.00268225
889,8801.62,1.36888,0.91319,1.10105,0.91891,0.74744,0.83538,0.59977,1.45093,0.94167,1.12857,0.002674,0.002674,0.002674
890,8810.91,1.35702,0.88668,1.09911,0.91817,0.74004,0.83439,0.59924,1.45072,0.94132,1.12843,0.00266575,0.00266575,0.00266575
891,8820.14,1.35759,0.89485,1.09697,0.91866,0.74491,0.83452,0.59904,1.45031,0.94084,1.12808,0.0026575,0.0026575,0.0026575
892,8829.27,1.36598,0.88771,1.09716,0.91855,0.74385,0.83434,0.5977,1.44993,0.94005,1.1277,0.00264925,0.00264925,0.00264925
893,8840.04,1.3587,0.87255,1.08951,0.91853,0.74364,0.83436,0.59733,1.4492,0.93978,1.1277,0.002641,0.002641,0.002641
894,8851.03,1.3411,0.88991,1.09528,0.90438,0.75106,0.83388,0.59723,1.44876,0.94015,1.12757,0.00263275,0.00263275,0.00263275
895,8860.16,1.34714,0.87746,1.0926,0.91139,0.74681,0.83372,0.59741,1.44807,0.93973,1.12726,0.0026245,0.0026245,0.0026245
896,8869.26,1.35018,0.89695,1.10489,0.9073,0.74967,0.83379,0.59658,1.44722,0.9387,1.12737,0.00261625,0.00261625,0.00261625
897,8878.35,1.32937,0.88383,1.09857,0.90566,0.75106,0.83428,0.59715,1.44619,0.93782,1.12723,0.002608,0.002608,0.002608
898,8887.42,1.33401,0.87132,1.09337,0.90739,0.75051,0.83442,0.59771,1.44517,0.93705,1.1266,0.00259975,0.00259975,0.00259975
899,8896.62,1.30657,0.86067,1.10084,0.9077,0.74894,0.83469,0.59775,1.44388,0.93622,1.1261,0.0025915,0.0025915,0.0025915
900,8905.89,1.34059,0.87541,1.08949,0.91234,0.74681,0.8349,0.59792,1.44196,0.93557,1.12539,0.00258325,0.00258325,0.00258325
901,8915.27,1.32302,0.85166,1.09015,0.91195,0.74926,0.83488,0.5982,1.44176,0.93519,1.1255,0.002575,0.002575,0.002575
902,8924.71,1.35661,0.89646,1.09533,0.912,0.74974,0.83499,0.59766,1.44222,0.93668,1.12582,0.00256675,0.00256675,0.00256675
903,8935.27,1.32006,0.8607,1.09232,0.91151,0.75319,0.83531,0.59799,1.44196,0.93844,1.12586,0.0025585,0.0025585,0.0025585
904,8946.48,1.37217,0.8856,1.10374,0.91235,0.75299,0.83537,0.59823,1.44189,0.93818,1.12575,0.00255025,0.00255025,0.00255025
905,8955.57,1.34835,0.88049,1.09695,0.91031,0.75106,0.83551,0.59857,1.44175,0.93763,1.12614,0.002542,0.002542,0.002542
906,8964.69,1.34018,0.88925,1.10178,0.90983,0.75141,0.83544,0.59864,1.4416,0.937,1.1263,0.00253375,0.00253375,0.00253375
907,8973.8,1.36067,0.89097,1.10223,0.90793,0.75534,0.83552,0.59912,1.44064,0.93513,1.12626,0.0025255,0.0025255,0.0025255
908,8982.92,1.34235,0.88908,1.10264,0.9079,0.75503,0.83571,0.59921,1.44002,0.93436,1.12587,0.00251725,0.00251725,0.00251725
909,8992.05,1.31203,0.87114,1.0934,0.90789,0.75499,0.8359,0.59971,1.43866,0.93284,1.12559,0.002509,0.002509,0.002509
910,9001.4,1.34432,0.86483,1.09079,0.9055,0.75319,0.83587,0.59987,1.4371,0.93164,1.12498,0.00250075,0.00250075,0.00250075
911,9010.69,1.3315,0.87262,1.09262,0.91285,0.74894,0.83595,0.59998,1.43642,0.93139,1.1248,0.0024925,0.0024925,0.0024925
912,9019.75,1.30663,0.84657,1.08807,0.90961,0.74937,0.83615,0.60033,1.43546,0.93044,1.12495,0.00248425,0.00248425,0.00248425
913,9028.67,1.30845,0.8611,1.08792,0.90981,0.75122,0.83611,0.59964,1.43483,0.92997,1.12484,0.002476,0.002476,0.002476
914,9037.62,1.32163,0.85729,1.08926,0.91236,0.75305,0.83606,0.59938,1.43468,0.9308,1.12476,0.00246775,0.00246775,0.00246775
915,9046.56,1.32317,0.85627,1.08252,0.91068,0.75928,0.83599,0.60001,1.43441,0.93121,1.12501,0.0024595,0.0024595,0.0024595
916,9055.52,1.2994,0.8493,1.08673,0.913,0.75915,0.83621,0.60111,1.43455,0.93125,1.12481,0.00245125,0.00245125,0.00245125
917,9064.85,1.32724,0.86322,1.09611,0.91056,0.75811,0.8365,0.60124,1.43454,0.93164,1.12494,0.002443,0.002443,0.002443
918,9074.33,1.30971,0.87246,1.09265,0.90592,0.75801,0.83677,0.60126,1.43438,0.93153,1.12453,0.00243475,0.00243475,0.00243475
919,9083.75,1.33241,0.86476,1.08803,0.90803,0.75957,0.83696,0.60066,1.43457,0.93211,1.12469,0.0024265,0.0024265,0.0024265
920,9092.86,1.32547,0.85027,1.09153,0.90921,0.75745,0.8369,0.60089,1.43398,0.93135,1.12434,0.00241825,0.00241825,0.00241825
921,9101.93,1.33653,0.87832,1.09004,0.90979,0.75745,0.83692,0.60133,1.43329,0.93221,1.12408,0.00241,0.00241,0.00241
922,9111.41,1.32329,0.85555,1.08738,0.91063,0.7588,0.83666,0.60153,1.43292,0.93174,1.12431,0.00240175,0.00240175,0.00240175
923,9120.9,1.28709,0.83268,1.08648,0.91301,0.75957,0.83685,0.602,1.43219,0.93138,1.12434,0.0023935,0.0023935,0.0023935
924,9130.39,1.33412,0.88638,1.09565,0.91533,0.75902,0.83691,0.60176,1.43201,0.93135,1.1245,0.00238525,0.00238525,0.00238525
925,9139.57,1.31576,0.85497,1.09533,0.91551,0.76078,0.83815,0.60225,1.43158,0.93131,1.12441,0.002377,0.002377,0.002377
926,9149.12,1.32574,0.84477,1.08962,0.91236,0.75957,0.83801,0.60265,1.43121,0.93004,1.12439,0.00236875,0.00236875,0.00236875
927,9158.62,1.33895,0.88238,1.1094,0.91763,0.7585,0.83796,0.60238,1.43074,0.92925,1.12429,0.0023605,0.0023605,0.0023605
928,9167.69,1.30123,0.83803,1.08131,0.91756,0.75532,0.8379,0.6028,1.42958,0.92804,1.12371,0.00235225,0.00235225,0.00235225
929,9177,1.32562,0.86203,1.08358,0.91305,0.75745,0.83811,0.60283,1.42826,0.92665,1.12246,0.002344,0.002344,0.002344
930,9186.42,1.31815,0.86641,1.0908,0.91431,0.75957,0.83816,0.60377,1.42673,0.92551,1.12179,0.00233575,0.00233575,0.00233575
931,9195.89,1.30433,0.846,1.08803,0.9108,0.76039,0.83822,0.6043,1.42599,0.92479,1.12147,0.0023275,0.0023275,0.0023275
932,9205.59,1.31062,0.85934,1.08395,0.91313,0.76042,0.83847,0.60416,1.42571,0.92445,1.12132,0.00231925,0.00231925,0.00231925
933,9214.75,1.31674,0.85542,1.08166,0.91309,0.76006,0.83831,0.60418,1.42466,0.92347,1.1209,0.002311,0.002311,0.002311
934,9223.91,1.28171,0.83945,1.0796,0.9131,0.76014,0.83779,0.60436,1.42446,0.92226,1.12098,0.00230275,0.00230275,0.00230275
935,9233.24,1.29594,0.85817,1.07846,0.91314,0.76053,0.83815,0.60485,1.42384,0.92159,1.12082,0.0022945,0.0022945,0.0022945
936,9242.55,1.30663,0.85059,1.08181,0.91254,0.75957,0.8382,0.6053,1.42324,0.92269,1.1206,0.00228625,0.00228625,0.00228625
937,9251.88,1.29661,0.84049,1.08221,0.90848,0.76037,0.83834,0.60562,1.42294,0.92276,1.12046,0.002278,0.002278,0.002278
938,9261.28,1.32216,0.85729,1.07842,0.90847,0.76027,0.83834,0.60535,1.42258,0.92214,1.12029,0.00226975,0.00226975,0.00226975
939,9270.52,1.2856,0.82947,1.0737,0.90851,0.76062,0.8384,0.60526,1.42231,0.92242,1.1201,0.0022615,0.0022615,0.0022615
940,9279.67,1.30139,0.85005,1.0811,0.90612,0.75983,0.83787,0.60428,1.42154,0.92131,1.11992,0.00225325,0.00225325,0.00225325
941,9288.81,1.31071,0.84528,1.08323,0.90654,0.75957,0.83777,0.60463,1.42105,0.91933,1.11969,0.002245,0.002245,0.002245
942,9298.06,1.29772,0.84373,1.08286,0.90411,0.76227,0.83978,0.60524,1.42016,0.91871,1.11919,0.00223675,0.00223675,0.00223675
943,9307.3,1.30493,0.84772,1.08577,0.90779,0.75404,0.83987,0.6058,1.4198,0.9183,1.11905,0.0022285,0.0022285,0.0022285
944,9316.81,1.29098,0.83656,1.08639,0.90758,0.75745,0.8399,0.60591,1.41836,0.91815,1.11892,0.00222025,0.00222025,0.00222025
945,9326.39,1.28774,0.83125,1.07845,0.90625,0.75745,0.83994,0.60679,1.41829,0.91672,1.11884,0.002212,0.002212,0.002212
946,9335.81,1.30924,0.84958,1.08722,0.90604,0.75913,0.84001,0.60673,1.41762,0.91662,1.11862,0.00220375,0.00220375,0.00220375
947,9345.01,1.30513,0.85461,1.07596,0.90589,0.75776,0.84012,0.60635,1.4169,0.91697,1.1182,0.0021955,0.0021955,0.0021955
948,9354.27,1.3168,0.85451,1.09417,0.91043,0.75693,0.84046,0.60667,1.4166,0.91663,1.11815,0.00218725,0.00218725,0.00218725
949,9363.58,1.31815,0.8453,1.07943,0.90771,0.75745,0.84057,0.60685,1.41665,0.91659,1.11821,0.002179,0.002179,0.002179
950,9373.05,1.27394,0.84678,1.07943,0.9059,0.7579,0.84037,0.60619,1.41536,0.91606,1.11779,0.00217075,0.00217075,0.00217075
951,9382.33,1.32219,0.85133,1.08991,0.90719,0.75745,0.84046,0.60628,1.41484,0.91581,1.11746,0.0021625,0.0021625,0.0021625
952,9391.48,1.30744,0.84322,1.08013,0.90798,0.7558,0.84096,0.60699,1.41477,0.91621,1.11765,0.00215425,0.00215425,0.00215425
953,9400.85,1.30837,0.84841,1.08899,0.91024,0.75745,0.84111,0.60727,1.41496,0.9162,1.11774,0.002146,0.002146,0.002146
954,9410.32,1.2956,0.83414,1.07246,0.90982,0.75745,0.84104,0.60734,1.41434,0.91645,1.11759,0.00213775,0.00213775,0.00213775
955,9419.74,1.26978,0.82509,1.07153,0.91373,0.75957,0.84199,0.60746,1.41346,0.91681,1.11716,0.0021295,0.0021295,0.0021295
956,9429.23,1.28046,0.83757,1.06951,0.91461,0.75957,0.84228,0.60816,1.41321,0.91623,1.11722,0.00212125,0.00212125,0.00212125
957,9438.6,1.29413,0.84581,1.086,0.91426,0.75957,0.84239,0.60825,1.41269,0.91651,1.1169,0.002113,0.002113,0.002113
958,9448.04,1.29586,0.85458,1.08266,0.91525,0.75745,0.84166,0.60862,1.41205,0.91666,1.11653,0.00210475,0.00210475,0.00210475
959,9457.54,1.28218,0.81182,1.06126,0.91548,0.76052,0.84174,0.60946,1.41235,0.91662,1.11652,0.0020965,0.0020965,0.0020965
960,9466.9,1.27047,0.82648,1.07824,0.91537,0.75943,0.84151,0.60914,1.41206,0.91641,1.11635,0.00208825,0.00208825,0.00208825
961,9476.07,1.27122,0.82119,1.06537,0.91539,0.75745,0.8415,0.60919,1.41175,0.91629,1.11627,0.00208,0.00208,0.00208
962,9485.3,1.27108,0.82314,1.07692,0.91536,0.75936,0.84158,0.60931,1.4112,0.91621,1.11588,0.00207175,0.00207175,0.00207175
963,9494.7,1.26651,0.82433,1.07118,0.91559,0.7617,0.84162,0.60978,1.41074,0.91562,1.11583,0.0020635,0.0020635,0.0020635
964,9504.35,1.29825,0.84273,1.08245,0.91551,0.76083,0.84156,0.60983,1.41,0.91378,1.11542,0.00205525,0.00205525,0.00205525
965,9513.86,1.27977,0.83268,1.07695,0.91762,0.75844,0.84158,0.60981,1.4095,0.91395,1.1156,0.002047,0.002047,0.002047
966,9523.19,1.29215,0.84053,1.08165,0.91883,0.75745,0.8419,0.61069,1.40871,0.91362,1.11535,0.00203875,0.00203875,0.00203875
967,9532.68,1.27437,0.82357,1.07152,0.91718,0.75402,0.84058,0.61075,1.40825,0.91332,1.11532,0.0020305,0.0020305,0.0020305
968,9541.82,1.27689,0.82442,1.06341,0.91563,0.75532,0.84095,0.61106,1.40744,0.91305,1.11512,0.00202225,0.00202225,0.00202225
969,9551.39,1.26679,0.82957,1.08345,0.91833,0.75319,0.84108,0.61096,1.40721,0.91297,1.11507,0.002014,0.002014,0.002014
970,9560.54,1.28264,0.82771,1.07249,0.92156,0.74996,0.84118,0.61127,1.40713,0.91225,1.11513,0.00200575,0.00200575,0.00200575
971,9569.91,1.27633,0.82559,1.07397,0.92176,0.752,0.84129,0.61134,1.40699,0.91218,1.11505,0.0019975,0.0019975,0.0019975
972,9579.41,1.26549,0.82733,1.06775,0.91996,0.75106,0.84235,0.61151,1.40654,0.91256,1.11482,0.00198925,0.00198925,0.00198925
973,9588.96,1.27884,0.83475,1.07699,0.9217,0.75133,0.84246,0.61158,1.40623,0.91216,1.11442,0.001981,0.001981,0.001981
974,9598.33,1.2776,0.81572,1.07482,0.91949,0.75333,0.84239,0.61162,1.4059,0.91194,1.11415,0.00197275,0.00197275,0.00197275
975,9607.65,1.27896,0.83765,1.07794,0.9196,0.7544,0.84257,0.61174,1.40534,0.91202,1.11389,0.0019645,0.0019645,0.0019645
976,9616.98,1.2773,0.8247,1.06472,0.91962,0.75464,0.84111,0.61195,1.40508,0.9114,1.11364,0.00195625,0.00195625,0.00195625
977,9626.33,1.24001,0.79734,1.06748,0.91966,0.75504,0.841,0.61196,1.40485,0.9107,1.11358,0.001948,0.001948,0.001948
978,9635.67,1.24241,0.804,1.05922,0.91983,0.75745,0.84106,0.61224,1.40447,0.91066,1.11332,0.00193975,0.00193975,0.00193975
979,9645.02,1.26037,0.80862,1.06109,0.91916,0.75745,0.8412,0.61258,1.40388,0.91005,1.11368,0.0019315,0.0019315,0.0019315
980,9654.37,1.26405,0.82491,1.07098,0.91824,0.75745,0.84128,0.6127,1.40318,0.9089,1.11359,0.00192325,0.00192325,0.00192325
981,9663.89,1.24529,0.82093,1.07127,0.91789,0.75745,0.84139,0.61237,1.40283,0.90938,1.11351,0.001915,0.001915,0.001915
982,9673.05,1.22885,0.8051,1.05805,0.91825,0.75745,0.84135,0.6124,1.40231,0.90903,1.11341,0.00190675,0.00190675,0.00190675
983,9682.15,1.25033,0.80581,1.07102,0.91842,0.75745,0.84129,0.612,1.40151,0.90869,1.11311,0.0018985,0.0018985,0.0018985
984,9691.25,1.26962,0.82053,1.0738,0.91987,0.75532,0.84177,0.61229,1.4011,0.90795,1.11314,0.00189025,0.00189025,0.00189025
985,9700.56,1.28368,0.82799,1.07201,0.9198,0.75645,0.84154,0.61246,1.4007,0.90755,1.113,0.001882,0.001882,0.001882
986,9709.72,1.24628,0.80515,1.06154,0.91773,0.75949,0.84134,0.6123,1.4,0.90708,1.1127,0.00187375,0.00187375,0.00187375
987,9718.83,1.27979,0.8203,1.07686,0.9177,0.75923,0.8413,0.61239,1.39986,0.90741,1.11254,0.0018655,0.0018655,0.0018655
988,9728.16,1.26003,0.80586,1.05326,0.91772,0.75939,0.84155,0.61212,1.39945,0.90733,1.11235,0.00185725,0.00185725,0.00185725
989,9737.56,1.26942,0.8118,1.06233,0.91773,0.75953,0.84154,0.61298,1.39903,0.90683,1.11204,0.001849,0.001849,0.001849
990,9747.28,1.27574,0.82215,1.07242,0.91761,0.75957,0.84164,0.61278,1.39842,0.90629,1.11166,0.00184075,0.00184075,0.00184075
991,9756.43,1.27229,0.82186,1.0672,0.91894,0.75957,0.84089,0.61273,1.39794,0.90626,1.11158,0.0018325,0.0018325,0.0018325
992,9765.71,1.27216,0.82158,1.06455,0.91866,0.75957,0.84089,0.61241,1.39774,0.90536,1.1116,0.00182425,0.00182425,0.00182425
993,9774.84,1.26151,0.81227,1.06135,0.91896,0.75957,0.84138,0.61362,1.39709,0.90545,1.11123,0.001816,0.001816,0.001816
994,9784.29,1.25061,0.8165,1.06246,0.91876,0.75957,0.8414,0.61398,1.39633,0.90518,1.11111,0.00180775,0.00180775,0.00180775
995,9793.95,1.26333,0.82485,1.07894,0.91815,0.75957,0.8414,0.61385,1.39607,0.90467,1.11097,0.0017995,0.0017995,0.0017995
996,9803.27,1.26962,0.81806,1.0628,0.91812,0.75957,0.84145,0.61414,1.39554,0.90418,1.11064,0.00179125,0.00179125,0.00179125
997,9812.81,1.23935,0.79842,1.05624,0.91788,0.75957,0.84137,0.61352,1.39522,0.90362,1.1103,0.001783,0.001783,0.001783
998,9822.02,1.21982,0.79314,1.05594,0.918,0.75957,0.83991,0.61401,1.39484,0.90334,1.10995,0.00177475,0.00177475,0.00177475
999,9831.16,1.29779,0.83065,1.07448,0.92014,0.75957,0.84009,0.61468,1.39446,0.90264,1.10967,0.0017665,0.0017665,0.0017665
1000,9840.55,1.26298,0.81459,1.05759,0.91951,0.75957,0.84016,0.61503,1.394,0.90249,1.10944,0.00175825,0.00175825,0.00175825
1001,9850.21,1.23457,0.80213,1.0581,0.9195,0.75957,0.84035,0.61491,1.39377,0.90231,1.1093,0.00175,0.00175,0.00175
1002,9859.62,1.26125,0.82286,1.06611,0.91949,0.75957,0.84042,0.61489,1.39397,0.90193,1.10909,0.00174175,0.00174175,0.00174175
1003,9869,1.26568,0.81827,1.07121,0.92012,0.75957,0.84042,0.61522,1.39376,0.90127,1.10889,0.0017335,0.0017335,0.0017335
1004,9878.97,1.2366,0.78743,1.06144,0.92015,0.75957,0.84037,0.61498,1.3935,0.90058,1.10875,0.00172525,0.00172525,0.00172525
1005,9889.43,1.28422,0.8341,1.07095,0.91685,0.75957,0.84047,0.61473,1.39324,0.90011,1.10864,0.001717,0.001717,0.001717
1006,9899.53,1.27438,0.81628,1.06159,0.91511,0.75957,0.84053,0.61494,1.39315,0.89976,1.10867,0.00170875,0.00170875,0.00170875
1007,9908.63,1.24188,0.80497,1.06017,0.91526,0.75957,0.84056,0.61472,1.39324,0.89933,1.1085,0.0017005,0.0017005,0.0017005
1008,9917.97,1.24953,0.81764,1.06108,0.91579,0.75957,0.84069,0.61514,1.39279,0.89904,1.1083,0.00169225,0.00169225,0.00169225
1009,9927.14,1.24795,0.81951,1.06424,0.9196,0.75957,0.84075,0.61537,1.39281,0.89866,1.10823,0.001684,0.001684,0.001684
1010,9937.34,1.24686,0.81682,1.05976,0.92064,0.75957,0.84018,0.61518,1.3926,0.89845,1.10812,0.00167575,0.00167575,0.00167575
1011,9946.67,1.21361,0.79917,1.04925,0.92027,0.75957,0.84018,0.61461,1.39236,0.89828,1.10817,0.0016675,0.0016675,0.0016675
1012,9955.84,1.22025,0.79025,1.05387,0.92054,0.75957,0.84017,0.61468,1.39215,0.89833,1.1084,0.00165925,0.00165925,0.00165925
1013,9964.98,1.24094,0.80891,1.05369,0.91805,0.75957,0.84,0.61508,1.39218,0.89824,1.10853,0.001651,0.001651,0.001651
1014,9974.74,1.2286,0.80179,1.06091,0.91765,0.75957,0.84008,0.61485,1.39219,0.8982,1.10859,0.00164275,0.00164275,0.00164275
1015,9983.87,1.24869,0.80616,1.06169,0.91645,0.75957,0.84172,0.61547,1.3919,0.89826,1.10852,0.0016345,0.0016345,0.0016345
1016,9994.14,1.25802,0.80425,1.06025,0.91732,0.75957,0.84172,0.61491,1.39165,0.89801,1.1083,0.00162625,0.00162625,0.00162625
1017,10003.3,1.23672,0.80182,1.05999,0.9176,0.75745,0.84197,0.61571,1.39133,0.89802,1.10819,0.001618,0.001618,0.001618
1018,10012.7,1.24486,0.8162,1.06471,0.91756,0.75783,0.84229,0.61574,1.3908,0.89801,1.10805,0.00160975,0.00160975,0.00160975
1019,10023.4,1.24815,0.82085,1.069,0.91832,0.75745,0.84223,0.61586,1.39045,0.89766,1.10794,0.0016015,0.0016015,0.0016015
1020,10034,1.24121,0.80172,1.05831,0.91994,0.75793,0.84229,0.61628,1.39034,0.89744,1.10785,0.00159325,0.00159325,0.00159325
1021,10044.8,1.19768,0.77486,1.0508,0.92044,0.75745,0.8423,0.61604,1.38997,0.89721,1.10773,0.001585,0.001585,0.001585
1022,10054.1,1.23725,0.81047,1.06305,0.92413,0.75745,0.8423,0.61678,1.38951,0.89712,1.10756,0.00157675,0.00157675,0.00157675
1023,10063.7,1.2035,0.77077,1.03903,0.92335,0.75745,0.84196,0.61653,1.38964,0.89749,1.10821,0.0015685,0.0015685,0.0015685
1024,10072.9,1.23126,0.7901,1.05211,0.91842,0.75745,0.84183,0.61649,1.38925,0.89791,1.10817,0.00156025,0.00156025,0.00156025
1025,10083.3,1.22183,0.78176,1.05409,0.92119,0.75745,0.842,0.61634,1.38889,0.89803,1.10805,0.001552,0.001552,0.001552
1026,10092.9,1.17395,0.76853,1.04317,0.92564,0.75745,0.84212,0.61655,1.38873,0.89775,1.10801,0.00154375,0.00154375,0.00154375
1027,10102.2,1.23956,0.79302,1.04941,0.92611,0.75745,0.84205,0.61605,1.3887,0.89791,1.10812,0.0015355,0.0015355,0.0015355
1028,10111.3,1.23158,0.79251,1.04912,0.92574,0.75745,0.84064,0.61599,1.38847,0.89787,1.10811,0.00152725,0.00152725,0.00152725
1029,10121.2,1.24543,0.7905,1.05347,0.92584,0.75745,0.84094,0.61591,1.3883,0.89815,1.10771,0.001519,0.001519,0.001519
1030,10131.1,1.21251,0.77882,1.04778,0.92707,0.75735,0.84097,0.61601,1.38825,0.89799,1.10777,0.00151075,0.00151075,0.00151075
1031,10140.5,1.19705,0.77682,1.04249,0.92704,0.75694,0.84103,0.61633,1.38758,0.89819,1.10756,0.0015025,0.0015025,0.0015025
1032,10149.7,1.23069,0.7846,1.04613,0.927,0.7565,0.84102,0.61646,1.38715,0.89782,1.10728,0.00149425,0.00149425,0.00149425
1033,10159.3,1.23203,0.80097,1.04693,0.92529,0.75532,0.84114,0.61643,1.38664,0.89765,1.10714,0.001486,0.001486,0.001486
1034,10169,1.22114,0.80943,1.06475,0.92527,0.75532,0.84122,0.61644,1.38617,0.89818,1.10705,0.00147775,0.00147775,0.00147775
1035,10178.1,1.21823,0.78703,1.04724,0.92297,0.75532,0.84091,0.61651,1.3857,0.89864,1.10692,0.0014695,0.0014695,0.0014695
1036,10187.6,1.22806,0.78416,1.04806,0.92342,0.75532,0.84263,0.61656,1.38567,0.89839,1.10705,0.00146125,0.00146125,0.00146125
1037,10197.3,1.22686,0.79515,1.05018,0.92318,0.75532,0.84276,0.61687,1.38529,0.89829,1.10689,0.001453,0.001453,0.001453
1038,10207.3,1.20692,0.79361,1.05094,0.9231,0.75532,0.84278,0.61705,1.38479,0.89785,1.1065,0.00144475,0.00144475,0.00144475
1039,10217.2,1.20852,0.79154,1.0449,0.92407,0.75532,0.84369,0.61679,1.38422,0.89768,1.1064,0.0014365,0.0014365,0.0014365
1040,10226.3,1.25565,0.81051,1.05927,0.92447,0.75519,0.84362,0.61683,1.38384,0.89757,1.10626,0.00142825,0.00142825,0.00142825
1041,10235.7,1.24702,0.80677,1.05307,0.92451,0.75562,0.84365,0.61708,1.38356,0.89695,1.10618,0.00142,0.00142,0.00142
1042,10245.8,1.21938,0.79339,1.05168,0.92436,0.75402,0.8438,0.6171,1.3832,0.89689,1.10617,0.00141175,0.00141175,0.00141175
1043,10257,1.25825,0.82097,1.06552,0.92446,0.75509,0.84392,0.61681,1.38293,0.8971,1.10561,0.0014035,0.0014035,0.0014035
1044,10266.4,1.19363,0.77128,1.04174,0.9245,0.75549,0.8439,0.61714,1.38271,0.89659,1.10606,0.00139525,0.00139525,0.00139525
1045,10275.9,1.19833,0.77969,1.0467,0.92445,0.75496,0.84401,0.61739,1.38243,0.89608,1.10602,0.001387,0.001387,0.001387
1046,10285.5,1.21287,0.78657,1.05201,0.92449,0.75545,0.84415,0.61761,1.382,0.89586,1.10598,0.00137875,0.00137875,0.00137875
1047,10295.9,1.21098,0.78935,1.04317,0.92444,0.75487,0.84426,0.61743,1.38164,0.89567,1.10558,0.0013705,0.0013705,0.0013705
1048,10305.5,1.20591,0.78657,1.05093,0.92447,0.75518,0.84427,0.61771,1.38153,0.89594,1.10552,0.00136225,0.00136225,0.00136225
1049,10315.2,1.21876,0.78866,1.04405,0.92446,0.75516,0.84439,0.61777,1.3811,0.8959,1.10525,0.001354,0.001354,0.001354
1050,10324.9,1.20233,0.77476,1.04573,0.92432,0.75745,0.8445,0.61734,1.38088,0.89645,1.10528,0.00134575,0.00134575,0.00134575
1051,10335,1.19823,0.7677,1.0459,0.92262,0.75745,0.84466,0.61752,1.38045,0.89647,1.10505,0.0013375,0.0013375,0.0013375
1052,10345.7,1.20073,0.77618,1.04516,0.92234,0.75745,0.84467,0.6176,1.38026,0.89734,1.10491,0.00132925,0.00132925,0.00132925
1053,10356.6,1.20845,0.76883,1.04667,0.92052,0.75745,0.84477,0.61804,1.3801,0.898,1.10496,0.001321,0.001321,0.001321
1054,10366.8,1.22464,0.78597,1.0466,0.91967,0.75745,0.84476,0.61798,1.38009,0.89765,1.10486,0.00131275,0.00131275,0.00131275
1055,10376.1,1.21168,0.7818,1.05875,0.91978,0.75745,0.84476,0.61813,1.37932,0.89776,1.10478,0.0013045,0.0013045,0.0013045
1056,10385.6,1.20993,0.78256,1.05168,0.91928,0.75745,0.84475,0.6185,1.3793,0.89836,1.10486,0.00129625,0.00129625,0.00129625
1057,10395.6,1.17692,0.76774,1.04224,0.91854,0.75745,0.84476,0.61859,1.37942,0.89873,1.10485,0.001288,0.001288,0.001288
1058,10406,1.17365,0.76804,1.04163,0.9185,0.75745,0.84484,0.61903,1.37926,0.89891,1.10487,0.00127975,0.00127975,0.00127975
1059,10415.4,1.15076,0.73531,1.02465,0.91715,0.75745,0.84477,0.61917,1.37901,0.89889,1.10474,0.0012715,0.0012715,0.0012715
1060,10425.3,1.21213,0.77092,1.04138,0.9195,0.75745,0.84503,0.61968,1.37869,0.89906,1.10467,0.00126325,0.00126325,0.00126325
1061,10435.4,1.19354,0.78003,1.04052,0.91925,0.75745,0.84498,0.61973,1.37827,0.89891,1.10453,0.001255,0.001255,0.001255
1062,10445,1.14931,0.74456,1.03599,0.91916,0.75745,0.84525,0.61982,1.37786,0.89826,1.10422,0.00124675,0.00124675,0.00124675
1063,10454.7,1.19694,0.76569,1.04925,0.91904,0.75745,0.84554,0.61981,1.37774,0.89763,1.10396,0.0012385,0.0012385,0.0012385
1064,10464.7,1.17981,0.76556,1.03997,0.9192,0.75745,0.84539,0.61991,1.37737,0.89737,1.10381,0.00123025,0.00123025,0.00123025
1065,10474.8,1.20159,0.79143,1.04492,0.91935,0.75745,0.84552,0.61984,1.37704,0.89703,1.10371,0.001222,0.001222,0.001222
1066,10483.9,1.20078,0.76869,1.03665,0.91954,0.75745,0.84583,0.61971,1.37647,0.89648,1.10346,0.00121375,0.00121375,0.00121375
1067,10493.9,1.17769,0.73819,1.03711,0.91988,0.75745,0.84577,0.61965,1.37629,0.89594,1.10346,0.0012055,0.0012055,0.0012055
1068,10503.5,1.2056,0.77755,1.04456,0.9204,0.75745,0.84575,0.61964,1.37583,0.89591,1.10321,0.00119725,0.00119725,0.00119725
1069,10512.7,1.2054,0.78299,1.03658,0.92277,0.75745,0.84563,0.61971,1.37555,0.89529,1.1032,0.001189,0.001189,0.001189
1070,10521.9,1.23382,0.79072,1.05132,0.92673,0.75319,0.84563,0.61974,1.37497,0.89513,1.10273,0.00118075,0.00118075,0.00118075
1071,10531.7,1.19291,0.75746,1.04079,0.9257,0.75319,0.8452,0.61949,1.37485,0.89474,1.10277,0.0011725,0.0011725,0.0011725
1072,10541.5,1.20369,0.78188,1.03894,0.92941,0.75319,0.84721,0.61958,1.37469,0.89421,1.10263,0.00116425,0.00116425,0.00116425
1073,10550.7,1.1771,0.76727,1.04092,0.93093,0.75532,0.84561,0.62017,1.37441,0.89365,1.10243,0.001156,0.001156,0.001156
1074,10560.1,1.19103,0.76829,1.04332,0.93175,0.75518,0.84709,0.62025,1.37383,0.89384,1.10218,0.00114775,0.00114775,0.00114775
1075,10570,1.18271,0.75912,1.03137,0.92993,0.75532,0.8472,0.62021,1.37388,0.89323,1.10209,0.0011395,0.0011395,0.0011395
1076,10580.2,1.19062,0.7779,1.04385,0.92933,0.75548,0.84738,0.6201,1.37373,0.89296,1.10196,0.00113125,0.00113125,0.00113125
1077,10589.6,1.20622,0.77837,1.03496,0.92935,0.75564,0.84735,0.62006,1.37344,0.89283,1.10173,0.001123,0.001123,0.001123
1078,10598.8,1.17336,0.75605,1.03889,0.92937,0.75585,0.84742,0.62031,1.37354,0.89228,1.10137,0.00111475,0.00111475,0.00111475
1079,10608.3,1.18653,0.76338,1.03431,0.92941,0.75641,0.84747,0.62052,1.37343,0.89174,1.10135,0.0011065,0.0011065,0.0011065
1080,10619.2,1.197,0.78095,1.04495,0.92943,0.75655,0.84777,0.62104,1.37332,0.89153,1.10128,0.00109825,0.00109825,0.00109825
1081,10629.9,1.17908,0.76558,1.03678,0.92945,0.75683,0.8478,0.62128,1.37282,0.89133,1.10107,0.00109,0.00109,0.00109
1082,10639.5,1.18943,0.77478,1.05321,0.92945,0.75682,0.84781,0.62128,1.37272,0.89105,1.101,0.00108175,0.00108175,0.00108175
1083,10648.8,1.17906,0.76496,1.03431,0.92944,0.75668,0.84792,0.62106,1.3725,0.89079,1.10107,0.0010735,0.0010735,0.0010735
1084,10658,1.18261,0.76058,1.02989,0.92592,0.75532,0.84763,0.6209,1.37216,0.89033,1.10085,0.00106525,0.00106525,0.00106525
1085,10668.4,1.16344,0.74225,1.02666,0.92575,0.75532,0.84745,0.62114,1.37187,0.89006,1.1007,0.001057,0.001057,0.001057
1086,10678.2,1.17133,0.76602,1.03912,0.92619,0.75532,0.8476,0.62134,1.37177,0.88999,1.10059,0.00104875,0.00104875,0.00104875
1087,10687.8,1.18306,0.77726,1.03614,0.92594,0.75532,0.84773,0.62173,1.37116,0.88954,1.10034,0.0010405,0.0010405,0.0010405
1088,10697.3,1.15253,0.75046,1.03644,0.92579,0.75532,0.8477,0.62122,1.37083,0.88922,1.10016,0.00103225,0.00103225,0.00103225
1089,10706.9,1.16938,0.7549,1.02704,0.92604,0.75532,0.84783,0.62171,1.37033,0.88906,1.09996,0.001024,0.001024,0.001024
1090,10717.5,1.18361,0.75892,1.0275,0.92578,0.75532,0.84783,0.62201,1.3699,0.88894,1.09984,0.00101575,0.00101575,0.00101575
1091,10726.9,1.16718,0.74996,1.03491,0.92599,0.75532,0.84784,0.62213,1.36941,0.8888,1.09961,0.0010075,0.0010075,0.0010075
1092,10736.5,1.16325,0.76139,1.03238,0.92575,0.75532,0.84813,0.62211,1.36898,0.88838,1.09936,0.00099925,0.00099925,0.00099925
1093,10746.1,1.18653,0.76867,1.04559,0.92537,0.75532,0.84823,0.62233,1.36865,0.88796,1.09927,0.000991,0.000991,0.000991
1094,10756.8,1.16664,0.74814,1.03301,0.92547,0.75532,0.84822,0.62263,1.36821,0.88769,1.09923,0.00098275,0.00098275,0.00098275
1095,10766.2,1.17219,0.75742,1.02822,0.92605,0.75532,0.84822,0.62262,1.36799,0.8874,1.09913,0.0009745,0.0009745,0.0009745
1096,10775.3,1.18031,0.75958,1.03555,0.92538,0.75532,0.84833,0.62276,1.36763,0.88706,1.09898,0.00096625,0.00096625,0.00096625
1097,10784.7,1.16588,0.74478,1.02971,0.92683,0.75463,0.84841,0.62332,1.36732,0.88714,1.09873,0.000958,0.000958,0.000958
1098,10795.1,1.17612,0.76021,1.03447,0.92572,0.75319,0.84838,0.62315,1.36682,0.88712,1.09846,0.00094975,0.00094975,0.00094975
1099,10804.5,1.14889,0.74961,1.027,0.92509,0.75319,0.84848,0.6232,1.36646,0.88678,1.09817,0.0009415,0.0009415,0.0009415
1100,10813.6,1.16569,0.75236,1.03293,0.9244,0.75319,0.84868,0.62308,1.3662,0.88616,1.09792,0.00093325,0.00093325,0.00093325
1101,10822.7,1.16956,0.75968,1.02789,0.92672,0.75344,0.84872,0.62317,1.36576,0.88585,1.09774,0.000925,0.000925,0.000925
1102,10832.5,1.18001,0.75275,1.03611,0.92678,0.75406,0.84885,0.62331,1.36569,0.88586,1.09762,0.00091675,0.00091675,0.00091675
1103,10842.4,1.16123,0.7461,1.0388,0.92677,0.75401,0.84884,0.62266,1.3653,0.88533,1.09746,0.0009085,0.0009085,0.0009085
1104,10851.5,1.14976,0.74245,1.02736,0.92677,0.75397,0.8491,0.62281,1.36511,0.88557,1.09734,0.00090025,0.00090025,0.00090025
1105,10860.8,1.17348,0.7678,1.02436,0.9268,0.75429,0.84917,0.62269,1.36467,0.8856,1.09725,0.000892,0.000892,0.000892
1106,10870.9,1.1469,0.73504,1.02526,0.92681,0.75434,0.84912,0.6228,1.36453,0.88556,1.09717,0.00088375,0.00088375,0.00088375
1107,10880.8,1.17312,0.7608,1.0519,0.92678,0.75408,0.84914,0.62275,1.36415,0.88537,1.09689,0.0008755,0.0008755,0.0008755
1108,10889.9,1.1615,0.75268,1.03747,0.92677,0.754,0.84922,0.6225,1.36394,0.88523,1.09679,0.00086725,0.00086725,0.00086725
1109,10899.3,1.16695,0.75389,1.03062,0.92673,0.75355,0.84929,0.62288,1.36383,0.88511,1.09678,0.000859,0.000859,0.000859
1110,10908.7,1.15043,0.74114,1.0287,0.92677,0.75391,0.8493,0.62268,1.36388,0.88498,1.09656,0.00085075,0.00085075,0.00085075
1111,10918.9,1.14109,0.74068,1.01975,0.92687,0.75506,0.84938,0.62319,1.36366,0.88504,1.09658,0.0008425,0.0008425,0.0008425
1112,10928.1,1.18777,0.75918,1.03474,0.9265,0.75532,0.84946,0.62339,1.36345,0.88528,1.09631,0.00083425,0.00083425,0.00083425
1113,10938,1.162,0.7487,1.03233,0.92689,0.75527,0.84943,0.62295,1.36312,0.88516,1.09619,0.000826,0.000826,0.000826
1114,10948.3,1.15971,0.7388,1.0246,0.92674,0.75367,0.84945,0.62296,1.36303,0.88525,1.09608,0.00081775,0.00081775,0.00081775
1115,10957.6,1.14051,0.73984,1.02919,0.92677,0.75399,0.84947,0.62326,1.36255,0.88511,1.09577,0.0008095,0.0008095,0.0008095
1116,10967,1.15304,0.74484,1.02459,0.92678,0.75401,0.84957,0.62315,1.36214,0.88492,1.09564,0.00080125,0.00080125,0.00080125
1117,10976.2,1.16376,0.76212,1.03726,0.92682,0.75452,0.84962,0.62306,1.36198,0.88474,1.09552,0.000793,0.000793,0.000793
1118,10985.7,1.16559,0.74362,1.03253,0.92683,0.75532,0.84971,0.6234,1.36184,0.88449,1.09532,0.00078475,0.00078475,0.00078475
1119,10995.3,1.17176,0.75627,1.03855,0.92682,0.7545,0.84962,0.62322,1.36167,0.88437,1.09511,0.0007765,0.0007765,0.0007765
1120,11004.9,1.14596,0.73056,1.02485,0.9268,0.75427,0.84977,0.6229,1.36127,0.88436,1.09482,0.00076825,0.00076825,0.00076825
1121,11014.4,1.15601,0.74161,1.02562,0.92679,0.75417,0.84993,0.62331,1.36106,0.88431,1.09464,0.00076,0.00076,0.00076
1122,11024.3,1.14144,0.73666,1.01917,0.92747,0.75319,0.84992,0.62361,1.36068,0.8842,1.09437,0.00075175,0.00075175,0.00075175
1123,11033.9,1.16996,0.75159,1.03657,0.92586,0.75532,0.84968,0.62338,1.36048,0.8841,1.09419,0.0007435,0.0007435,0.0007435
1124,11043,1.14358,0.7278,1.03052,0.92594,0.75532,0.84976,0.62367,1.36019,0.88407,1.09401,0.00073525,0.00073525,0.00073525
1125,11052.5,1.14863,0.7362,1.02246,0.92769,0.75319,0.84977,0.62371,1.36018,0.88396,1.09413,0.000727,0.000727,0.000727
1126,11062.9,1.12752,0.72625,1.01997,0.92552,0.75532,0.84983,0.6237,1.35986,0.88383,1.09379,0.00071875,0.00071875,0.00071875
1127,11072.6,1.14245,0.75048,1.0296,0.92686,0.75494,0.84968,0.62385,1.35954,0.88348,1.09372,0.0007105,0.0007105,0.0007105
1128,11082.1,1.16052,0.74982,1.02963,0.92684,0.75469,0.84963,0.62362,1.35949,0.88348,1.09369,0.00070225,0.00070225,0.00070225
1129,11091.6,1.14289,0.73725,1.01901,0.9263,0.75532,0.84977,0.62344,1.35924,0.88345,1.09345,0.000694,0.000694,0.000694
1130,11101.7,1.16635,0.75853,1.03457,0.92636,0.75532,0.8498,0.62358,1.35889,0.88312,1.09336,0.00068575,0.00068575,0.00068575
1131,11111.4,1.1426,0.74505,1.01696,0.92681,0.75443,0.84993,0.62389,1.35861,0.8829,1.09324,0.0006775,0.0006775,0.0006775
1132,11120.9,1.15341,0.7589,1.03738,0.92686,0.75492,0.84982,0.62468,1.35833,0.8829,1.09304,0.00066925,0.00066925,0.00066925
1133,11130.3,1.17289,0.75146,1.0384,0.92678,0.75405,0.84994,0.62412,1.3582,0.88287,1.09296,0.000661,0.000661,0.000661
1134,11139.6,1.15821,0.74539,1.03133,0.92686,0.75497,0.84992,0.62399,1.35774,0.88257,1.09278,0.00065275,0.00065275,0.00065275
1135,11148.9,1.16447,0.74809,1.02761,0.92678,0.75411,0.84991,0.62384,1.35753,0.88257,1.09268,0.0006445,0.0006445,0.0006445
1136,11158.1,1.13965,0.73387,1.01796,0.92667,0.75281,0.85003,0.62378,1.35734,0.88251,1.09252,0.00063625,0.00063625,0.00063625
1137,11167.4,1.13279,0.72538,1.0221,0.92655,0.75152,0.84992,0.62375,1.35728,0.88218,1.09252,0.000628,0.000628,0.000628
1138,11177.2,1.13862,0.74224,1.02144,0.92652,0.75106,0.85,0.62401,1.35707,0.88202,1.09239,0.00061975,0.00061975,0.00061975
1139,11187.1,1.14572,0.73572,1.02066,0.92665,0.75258,0.84994,0.62401,1.35701,0.88215,1.09236,0.0006115,0.0006115,0.0006115
1140,11196.2,1.16161,0.74662,1.03447,0.92849,0.75319,0.85001,0.62381,1.35682,0.88206,1.09224,0.00060325,0.00060325,0.00060325
1141,11205.4,1.16435,0.74388,1.02384,0.92629,0.75319,0.85002,0.62372,1.3564,0.88189,1.09216,0.000595,0.000595,0.000595
1142,11214.5,1.14933,0.74967,1.02645,0.91769,0.75913,0.85007,0.62386,1.35633,0.88199,1.09212,0.00058675,0.00058675,0.00058675
1143,11224.6,1.12848,0.74089,1.02325,0.9243,0.75336,0.85002,0.62367,1.35614,0.88196,1.09199,0.0005785,0.0005785,0.0005785
1144,11234.5,1.14925,0.73378,1.02406,0.91757,0.75785,0.85008,0.62399,1.35589,0.88163,1.09203,0.00057025,0.00057025,0.00057025
1145,11243.8,1.12728,0.72387,1.01295,0.91703,0.75745,0.85002,0.62427,1.35573,0.88167,1.09199,0.000562,0.000562,0.000562
1146,11253.1,1.11229,0.71474,1.01126,0.91687,0.75745,0.85005,0.6244,1.35561,0.88152,1.09187,0.00055375,0.00055375,0.00055375
1147,11262.8,1.12131,0.7288,1.02392,0.91658,0.75745,0.84998,0.62437,1.3554,0.88136,1.09175,0.0005455,0.0005455,0.0005455
1148,11273.2,1.13579,0.7388,1.02546,0.91567,0.75745,0.84998,0.62444,1.35529,0.88111,1.09171,0.00053725,0.00053725,0.00053725
1149,11282.6,1.10685,0.70763,1.01119,0.9156,0.75745,0.84996,0.62449,1.3554,0.88088,1.09175,0.000529,0.000529,0.000529
1150,11291.8,1.10603,0.71688,1.02432,0.91548,0.75745,0.84995,0.6247,1.35518,0.8808,1.09156,0.00052075,0.00052075,0.00052075
1151,11301.4,1.13524,0.72348,1.02301,0.91541,0.75745,0.84994,0.62496,1.35487,0.88084,1.09149,0.0005125,0.0005125,0.0005125
1152,11311.2,1.09301,0.69729,1.00724,0.9155,0.75745,0.84999,0.625,1.35461,0.88068,1.09118,0.00050425,0.00050425,0.00050425
1153,11320.6,1.11473,0.72013,1.01637,0.91557,0.75745,0.84991,0.62521,1.35449,0.88053,1.09123,0.000496,0.000496,0.000496
1154,11330.3,1.14288,0.74064,1.01977,0.91534,0.75745,0.84998,0.62525,1.35425,0.88047,1.09111,0.00048775,0.00048775,0.00048775
1155,11340,1.11421,0.7281,1.01406,0.91544,0.75745,0.85012,0.62547,1.35411,0.88028,1.09106,0.0004795,0.0004795,0.0004795
1156,11350.2,1.14181,0.72713,1.01434,0.9152,0.75745,0.85001,0.62549,1.35405,0.8803,1.09091,0.00047125,0.00047125,0.00047125
1157,11360.6,1.12748,0.73213,1.02034,0.91518,0.75759,0.84986,0.62543,1.35384,0.88011,1.09074,0.000463,0.000463,0.000463
1158,11370.9,1.11914,0.72318,1.01273,0.91471,0.75745,0.84988,0.62629,1.35362,0.87984,1.09077,0.00045475,0.00045475,0.00045475
1159,11381.2,1.12006,0.71818,1.02392,0.91459,0.75745,0.84985,0.62627,1.35338,0.87969,1.09073,0.0004465,0.0004465,0.0004465
1160,11391.5,1.10869,0.71788,1.01492,0.91522,0.75794,0.84991,0.62608,1.35323,0.87981,1.09063,0.00043825,0.00043825,0.00043825
1161,11402.8,1.12853,0.7347,1.01705,0.91459,0.75745,0.84984,0.62679,1.35312,0.87952,1.09068,0.00043,0.00043,0.00043
1162,11414.2,1.12191,0.72761,1.01882,0.91428,0.75745,0.84983,0.62638,1.35286,0.87946,1.09049,0.00042175,0.00042175,0.00042175
1163,11425,1.12982,0.74865,1.01763,0.91424,0.75745,0.84998,0.62671,1.3527,0.87961,1.09038,0.0004135,0.0004135,0.0004135
1164,11434.9,1.12836,0.72922,1.02097,0.91531,0.75886,0.84982,0.62667,1.35265,0.87936,1.09037,0.00040525,0.00040525,0.00040525
1165,11444.1,1.12923,0.7311,1.02224,0.91428,0.75745,0.84992,0.6266,1.35234,0.87916,1.09023,0.000397,0.000397,0.000397
1166,11453.6,1.11815,0.71853,1.00828,0.91584,0.75745,0.84993,0.62707,1.35223,0.87918,1.09025,0.00038875,0.00038875,0.00038875
1167,11463.1,1.10736,0.74145,1.02616,0.91448,0.75745,0.84999,0.62708,1.35196,0.87916,1.0901,0.0003805,0.0003805,0.0003805
1168,11474.4,1.09076,0.7012,1.00317,0.91488,0.75745,0.84979,0.62712,1.35196,0.87897,1.09007,0.00037225,0.00037225,0.00037225
1169,11484.5,1.13688,0.72052,1.02122,0.91265,0.75957,0.84985,0.62714,1.3518,0.87917,1.09002,0.000364,0.000364,0.000364
1170,11494.1,1.08398,0.69339,1.00306,0.91261,0.75957,0.84988,0.62723,1.35162,0.87909,1.08995,0.00035575,0.00035575,0.00035575
1171,11503.7,1.10279,0.70501,1.0124,0.91281,0.75957,0.8499,0.62733,1.35141,0.87898,1.08986,0.0003475,0.0003475,0.0003475
1172,11513.2,1.11482,0.72029,1.0099,0.91228,0.75957,0.84996,0.62697,1.35099,0.87908,1.08972,0.00033925,0.00033925,0.00033925
1173,11524.1,1.11312,0.73142,1.01896,0.91258,0.75957,0.84999,0.62693,1.3511,0.87862,1.08986,0.000331,0.000331,0.000331
1174,11534,1.12906,0.7302,1.01338,0.91242,0.75957,0.85007,0.62744,1.35087,0.87857,1.08962,0.00032275,0.00032275,0.00032275
1175,11543.4,1.14285,0.75213,1.02637,0.91233,0.75957,0.85033,0.62702,1.35066,0.87854,1.0896,0.0003145,0.0003145,0.0003145
1176,11552.7,1.11635,0.71264,1.00845,0.9119,0.75957,0.8501,0.62715,1.35065,0.87862,1.08957,0.00030625,0.00030625,0.00030625
1177,11562.6,1.10548,0.71977,1.01472,0.9121,0.75957,0.84944,0.62717,1.3504,0.87876,1.08947,0.000298,0.000298,0.000298
1178,11572.9,1.11038,0.71302,1.01349,0.91192,0.75957,0.8494,0.6271,1.35036,0.87866,1.08936,0.00028975,0.00028975,0.00028975
1179,11583.3,1.09747,0.70428,1.01466,0.91177,0.75957,0.84942,0.62697,1.35007,0.8787,1.0893,0.0002815,0.0002815,0.0002815
1180,11594.3,1.09226,0.72485,1.0067,0.90978,0.75957,0.84938,0.62713,1.34998,0.87837,1.08939,0.00027325,0.00027325,0.00027325
1181,11604.4,1.15582,0.75177,1.01472,0.91188,0.75957,0.84937,0.6271,1.34985,0.87822,1.08933,0.000265,0.000265,0.000265
1182,11613.6,1.10887,0.72554,1.0209,0.91121,0.75957,0.84939,0.62754,1.34944,0.87821,1.08933,0.00025675,0.00025675,0.00025675
1183,11623.1,1.12739,0.72507,1.01957,0.91191,0.75957,0.8493,0.6274,1.34937,0.87794,1.08932,0.0002485,0.0002485,0.0002485
1184,11632.7,1.10139,0.71807,1.01265,0.9113,0.75957,0.84924,0.62762,1.34919,0.87805,1.08924,0.00024025,0.00024025,0.00024025
1185,11644.8,1.09411,0.71477,1.01755,0.90614,0.76002,0.84925,0.62779,1.34887,0.87782,1.08916,0.000232,0.000232,0.000232
1186,11655.1,1.0977,0.70653,1.01603,0.91168,0.75957,0.84927,0.62784,1.34899,0.87774,1.08918,0.00022375,0.00022375,0.00022375
1187,11664.6,1.11333,0.71086,1.01243,0.91158,0.75957,0.84922,0.62792,1.3488,0.87767,1.08905,0.0002155,0.0002155,0.0002155
1188,11674.2,1.12217,0.7196,1.01074,0.9062,0.75957,0.8495,0.62785,1.34886,0.87761,1.08901,0.00020725,0.00020725,0.00020725
1189,11684,1.09377,0.71313,1.00812,0.91169,0.75957,0.84937,0.62748,1.34854,0.87726,1.08896,0.000199,0.000199,0.000199
1190,11695,1.08866,0.70728,1.00987,0.91173,0.75957,0.84944,0.62792,1.34857,0.87724,1.08903,0.00019075,0.00019075,0.00019075
1191,11706.8,1.11838,0.62586,0.99796,0.91187,0.75957,0.84938,0.62787,1.34818,0.87715,1.0889,0.0001825,0.0001825,0.0001825
1192,11716,1.08311,0.59726,0.97587,0.91158,0.75957,0.84946,0.62832,1.34811,0.87702,1.08893,0.00017425,0.00017425,0.00017425
1193,11725.3,1.03849,0.58302,0.9663,0.91165,0.75957,0.84948,0.62834,1.34788,0.87685,1.0889,0.000166,0.000166,0.000166
1194,11735.5,1.04268,0.5797,0.95076,0.91231,0.75957,0.84952,0.62822,1.34755,0.87665,1.08886,0.00015775,0.00015775,0.00015775
1195,11746.2,0.99751,0.56931,0.94223,0.91264,0.75957,0.8493,0.62874,1.34737,0.87665,1.08883,0.0001495,0.0001495,0.0001495
1196,11756.3,1.01872,0.57206,0.95329,0.91087,0.75745,0.84938,0.62808,1.34692,0.8763,1.08873,0.00014125,0.00014125,0.00014125
1197,11765.5,1.033,0.57138,0.94504,0.91055,0.75745,0.8494,0.62836,1.34665,0.87626,1.08851,0.000133,0.000133,0.000133
1198,11774.7,1.00906,0.57182,0.94414,0.91041,0.75745,0.84939,0.62843,1.34619,0.87587,1.08839,0.00012475,0.00012475,0.00012475
1199,11784.5,0.98891,0.54964,0.94105,0.90862,0.75745,0.84942,0.6283,1.34612,0.87587,1.08832,0.0001165,0.0001165,0.0001165
1200,11795,0.99615,0.55331,0.93931,0.90375,0.7592,0.84946,0.62874,1.34576,0.8757,1.08826,0.00010825,0.00010825,0.00010825
