epoch,time,train/box_loss,train/cls_loss,train/dfl_loss,metrics/precision(B),metrics/recall(B),metrics/mAP50(B),metrics/mAP50-95(B),val/box_loss,val/cls_loss,val/dfl_loss,lr/pg0,lr/pg1,lr/pg2
1,52.8723,5.85754,10.39,4.21776,1e-05,0.00213,1e-05,0,6.30451,12.3913,4.16113,0.00327778,0.00327778,0.00327778
2,65.2387,5.86093,8.55371,4.20012,1e-05,0.00213,1e-05,0,6.3002,9.97937,4.15181,0.00660566,0.00660566,0.00660566
3,77.0361,5.80053,5.83603,3.99059,1e-05,0.00213,1e-05,0,5.67384,5.03489,3.34031,0.00992804,0.00992804,0.00992804
4,91.4607,4.55208,4.48972,3.00101,0.00112,0.02128,0.0007,0.00014,4.13289,4.85127,3.43368,0.00997525,0.00997525,0.00997525
5,107.37,4.02714,4.29413,2.65509,0.00067,0.1,0.00038,8e-05,4.00675,4.93412,2.56879,0.009967,0.009967,0.009967
6,118.989,3.8509,4.29988,2.52256,0.00067,0.1,0.00038,8e-05,3.77789,7.35318,2.81224,0.00995875,0.00995875,0.00995875
7,130.216,3.65611,4.25268,2.57484,0.00287,0.04681,0.00158,0.00045,4.12114,4.97227,2.75156,0.0099505,0.0099505,0.0099505
8,142.352,3.55655,4.245,2.51886,0.00174,0.06596,0.00095,0.0002,3.94783,4.4024,2.36237,0.00994225,0.00994225,0.00994225
9,156.253,3.58259,4.18847,2.51494,0.00096,0.14468,0.00085,0.00019,3.81711,4.2408,2.36146,0.009934,0.009934,0.009934
10,171.171,3.55256,4.20831,2.51351,0.00175,0.22979,0.00147,0.00032,3.58507,4.41916,2.28258,0.00992575,0.00992575,0.00992575
11,183.821,3.48485,4.20521,2.51087,0.00132,0.20213,0.00081,0.00021,3.72912,4.91552,2.32812,0.0099175,0.0099175,0.0099175
12,195.056,3.43652,4.13608,2.48987,0.00114,0.14894,0.00082,0.00017,3.76498,4.49696,2.44165,0.00990925,0.00990925,0.00990925
13,206.248,3.4407,4.12845,2.50605,0.00168,0.24468,0.00117,0.00027,3.54292,4.25074,2.21495,0.009901,0.009901,0.009901
14,222.428,3.4097,4.09998,2.49321,0.00179,0.26809,0.00145,0.00035,3.48505,4.43822,2.32028,0.00989275,0.00989275,0.00989275
15,236.05,3.40228,4.10888,2.45325,0.00191,0.29149,0.00159,0.00035,3.45576,4.31196,2.31779,0.0098845,0.0098845,0.0098845
16,248.757,3.36173,4.10094,2.44493,0.00144,0.06383,0.00094,0.00027,4.05433,4.84452,2.5148,0.00987625,0.00987625,0.00987625
17,260.038,3.33296,4.06267,2.42878,0.00261,0.28723,0.00284,0.00069,3.3575,4.16256,2.20528,0.009868,0.009868,0.009868
18,272.486,3.30392,4.0356,2.45319,0.00206,0.1,0.00141,0.0003,3.67097,4.72053,2.24141,0.00985975,0.00985975,0.00985975
19,289.714,3.33766,4.065,2.43995,0.00174,0.26596,0.00254,0.00053,3.56423,4.32413,2.33141,0.0098515,0.0098515,0.0098515
20,302.126,3.27195,4.04053,2.44942,0.00066,0.06596,0.00041,0.0001,3.75919,4.98549,2.39328,0.00984325,0.00984325,0.00984325
21,313.335,3.26294,4.03331,2.39902,0.00163,0.24894,0.00292,0.00067,3.55904,4.71333,2.28316,0.009835,0.009835,0.009835
22,326.072,3.25121,4.03549,2.4051,0.01526,0.09787,0.0047,0.00102,3.42838,4.21219,2.29468,0.00982675,0.00982675,0.00982675
23,340.237,3.21534,3.95779,2.37532,0.05144,0.03404,0.01133,0.00221,3.19112,4.13616,2.20474,0.0098185,0.0098185,0.0098185
24,354.926,3.20508,3.94736,2.39166,0.00088,0.12553,0.00109,0.00037,3.53597,4.96873,2.36985,0.00981025,0.00981025,0.00981025
25,368.05,3.16947,3.91074,2.37082,0.11705,0.02979,0.01692,0.0033,3.19345,4.05573,2.20451,0.009802,0.009802,0.009802
26,379.512,3.17925,3.85872,2.38919,0.08393,0.01702,0.01764,0.00378,3.10986,3.86216,2.20723,0.00979375,0.00979375,0.00979375
27,391.718,3.1268,3.86192,2.36128,0.06841,0.04043,0.01401,0.00326,3.15861,3.98422,2.19229,0.0097855,0.0097855,0.0097855
28,408.746,3.12171,3.84583,2.37599,0.10161,0.05532,0.02814,0.00656,3.11008,3.97501,2.20887,0.00977725,0.00977725,0.00977725
29,422.156,3.10443,3.81152,2.36568,0.06457,0.02766,0.01442,0.00359,3.13887,3.93104,2.17918,0.009769,0.009769,0.009769
30,433.341,3.1117,3.76608,2.35983,0.07703,0.04255,0.01541,0.00378,3.15055,4.04334,2.25256,0.00976075,0.00976075,0.00976075
31,446.028,3.09928,3.74624,2.34503,0.07388,0.09997,0.01867,0.0041,3.0775,4.22554,2.21051,0.0097525,0.0097525,0.0097525
32,459.213,3.07859,3.70889,2.33722,0.07387,0.05319,0.0215,0.00543,3.07381,3.80902,2.22579,0.00974425,0.00974425,0.00974425
33,473.191,3.03403,3.68918,2.30633,0.07991,0.07447,0.02084,0.00498,3.12341,3.74916,2.21556,0.009736,0.009736,0.009736
34,487.188,3.02303,3.65925,2.3421,0.10209,0.03404,0.01648,0.00372,3.28046,4.03271,2.23692,0.00972775,0.00972775,0.00972775
35,498.369,3.02376,3.6207,2.29863,0.09752,0.09633,0.03287,0.00731,3.03448,3.61583,2.14994,0.0097195,0.0097195,0.0097195
36,509.935,3.00183,3.66688,2.30061,0.10311,0.06596,0.02715,0.00689,3.08414,3.8245,2.15625,0.00971125,0.00971125,0.00971125
37,525.688,2.98409,3.62726,2.32212,0.08379,0.12766,0.02796,0.00574,3.08216,3.72295,2.22411,0.009703,0.009703,0.009703
38,539.835,2.97664,3.56899,2.30053,0.09571,0.10851,0.02916,0.00682,2.9947,3.65603,2.20338,0.00969475,0.00969475,0.00969475
39,551.002,2.9662,3.57005,2.30568,0.08758,0.10426,0.02842,0.00705,2.97015,3.61041,2.22601,0.0096865,0.0096865,0.0096865
40,563.536,2.98328,3.59015,2.30297,0.09458,0.08085,0.02645,0.00571,3.03977,3.69477,2.21072,0.00967825,0.00967825,0.00967825
41,575.374,2.95795,3.566,2.29443,0.12129,0.1,0.041,0.00998,2.98205,3.80675,2.17126,0.00967,0.00967,0.00967
42,590.254,2.98503,3.56831,2.2958,0.13369,0.15319,0.05518,0.01327,2.98399,3.52112,2.12103,0.00966175,0.00966175,0.00966175
43,605.702,2.93022,3.52683,2.29738,0.11885,0.11064,0.04036,0.00887,3.05131,3.6509,2.18449,0.0096535,0.0096535,0.0096535
44,616.694,2.96817,3.50741,2.28809,0.11022,0.09787,0.03314,0.00697,2.98882,3.56491,2.14928,0.00964525,0.00964525,0.00964525
45,627.93,2.92481,3.49978,2.27909,0.11547,0.12979,0.04316,0.0106,2.89156,3.57604,2.11139,0.009637,0.009637,0.009637
46,643.263,2.89767,3.48512,2.27599,0.18427,0.09362,0.05291,0.01214,2.92901,3.54663,2.14588,0.00962875,0.00962875,0.00962875
47,657.354,2.89163,3.43959,2.24893,0.136,0.09574,0.05109,0.0121,2.96019,3.50552,2.14375,0.0096205,0.0096205,0.0096205
48,668.555,2.90077,3.48153,2.2279,0.12276,0.1,0.04346,0.00899,3.01512,3.74478,2.16079,0.00961225,0.00961225,0.00961225
49,681.249,2.90095,3.47007,2.27658,0.13375,0.1,0.04685,0.01187,2.9258,3.53046,2.11687,0.009604,0.009604,0.009604
50,693.201,2.86957,3.40248,2.24688,0.11439,0.05957,0.02173,0.00519,3.20824,3.89047,2.2266,0.00959575,0.00959575,0.00959575
51,707.707,2.87783,3.40297,2.24082,0.12014,0.1,0.04839,0.01179,3.01955,3.56368,2.11965,0.0095875,0.0095875,0.0095875
52,721.971,2.89406,3.40567,2.22647,0.14934,0.11729,0.06568,0.01712,2.93201,3.49183,2.07349,0.00957925,0.00957925,0.00957925
53,733.39,2.84264,3.42718,2.23422,0.13658,0.14472,0.06073,0.0153,2.89998,4.03668,2.17723,0.009571,0.009571,0.009571
54,744.47,2.86199,3.39591,2.23806,0.14095,0.11702,0.05712,0.01431,2.89236,3.47526,2.1111,0.00956275,0.00956275,0.00956275
55,761.091,2.85176,3.37332,2.22511,0.06223,0.10213,0.03117,0.00774,2.89475,3.64031,2.15021,0.0095545,0.0095545,0.0095545
56,773.895,2.8271,3.30579,2.18807,0.14311,0.10851,0.05716,0.01386,2.97005,3.58966,2.17243,0.00954625,0.00954625,0.00954625
57,789.016,2.77698,3.34922,2.17399,0.12486,0.12979,0.06048,0.01476,2.90333,3.43298,2.07964,0.009538,0.009538,0.009538
58,803.139,2.80411,3.37391,2.19514,0.17738,0.12128,0.08015,0.01951,2.87252,3.34049,2.11016,0.00952975,0.00952975,0.00952975
59,814.97,2.75347,3.29981,2.16122,0.20178,0.1234,0.08388,0.02138,2.83029,3.35155,2.10481,0.0095215,0.0095215,0.0095215
60,827.705,2.80742,3.36084,2.19511,0.14476,0.14468,0.06503,0.01613,2.896,3.37343,2.08498,0.00951325,0.00951325,0.00951325
61,839.405,2.81781,3.30532,2.19978,0.14651,0.1,0.05966,0.01648,2.89039,3.54517,2.09789,0.009505,0.009505,0.009505
62,853.583,2.77192,3.32552,2.18034,0.12704,0.10851,0.05584,0.01538,2.90531,3.40449,2.09671,0.00949675,0.00949675,0.00949675
63,867.054,2.75747,3.31669,2.17746,0.18488,0.12766,0.07784,0.01863,2.88629,3.31245,2.07997,0.0094885,0.0094885,0.0094885
64,878.189,2.72794,3.30991,2.16245,0.17688,0.08936,0.07256,0.01921,2.86725,3.36186,2.06833,0.00948025,0.00948025,0.00948025
65,889.434,2.76559,3.29138,2.17207,0.16423,0.12979,0.07467,0.02032,2.81599,3.40966,2.0907,0.009472,0.009472,0.009472
66,906.217,2.75179,3.29375,2.18434,0.16133,0.12766,0.05794,0.01546,2.89966,3.34968,2.11739,0.00946375,0.00946375,0.00946375
67,918.223,2.76059,3.28791,2.16591,0.15597,0.14255,0.07354,0.01982,2.9082,3.33779,2.0878,0.0094555,0.0094555,0.0094555
68,929.411,2.72513,3.24624,2.15978,0.15345,0.15745,0.07904,0.02181,2.84661,3.34257,2.10274,0.00944725,0.00944725,0.00944725
69,942.251,2.74893,3.30947,2.14724,0.1942,0.13404,0.0822,0.02387,2.82915,3.35318,2.06068,0.009439,0.009439,0.009439
70,956.294,2.70213,3.23924,2.13194,0.16489,0.12519,0.07507,0.02097,2.85357,3.44021,2.05558,0.00943075,0.00943075,0.00943075
71,968.94,2.72076,3.25944,2.12476,0.18852,0.10213,0.07187,0.02038,2.84028,3.39909,2.06933,0.0094225,0.0094225,0.0094225
72,981.574,2.71156,3.24176,2.15903,0.18297,0.1617,0.09139,0.02224,2.82811,3.55475,2.06794,0.00941425,0.00941425,0.00941425
73,992.831,2.66902,3.19608,2.11821,0.13325,0.15319,0.07621,0.02154,2.79602,3.38298,2.06451,0.009406,0.009406,0.009406
74,1006.02,2.66419,3.21799,2.10479,0.20562,0.12979,0.09089,0.02222,2.79231,3.31547,2.04031,0.00939775,0.00939775,0.00939775
75,1021.26,2.72879,3.20368,2.14473,0.18811,0.14894,0.09028,0.02298,2.83049,3.32913,2.05349,0.0093895,0.0093895,0.0093895
76,1032.65,2.70823,3.28924,2.12622,0.21006,0.12787,0.08851,0.02532,2.82947,3.28463,2.08028,0.00938125,0.00938125,0.00938125
77,1044.2,2.71298,3.21903,2.14125,0.16119,0.14043,0.09652,0.02729,2.8277,3.28874,2.07649,0.009373,0.009373,0.009373
78,1059.73,2.70318,3.25488,2.11857,0.1837,0.14043,0.08276,0.02186,2.85868,3.29552,2.09296,0.00936475,0.00936475,0.00936475
79,1073.02,2.69544,3.23897,2.12518,0.2064,0.14255,0.09378,0.02376,2.7687,3.41765,2.05883,0.0093565,0.0093565,0.0093565
80,1084.19,2.65442,3.21194,2.1275,0.19907,0.15319,0.08934,0.0245,2.78681,3.25494,2.06017,0.00934825,0.00934825,0.00934825
81,1096.58,2.67471,3.198,2.13843,0.15714,0.15532,0.06731,0.01672,2.81584,3.3323,2.03687,0.00934,0.00934,0.00934
82,1108.91,2.63394,3.21648,2.09881,0.22749,0.14468,0.10588,0.02916,2.77766,3.21034,2.03123,0.00933175,0.00933175,0.00933175
83,1123.39,2.66948,3.17365,2.12658,0.20162,0.1766,0.09346,0.02534,2.78846,3.16495,2.06636,0.0093235,0.0093235,0.0093235
84,1136.01,2.67698,3.18489,2.09244,0.21945,0.1617,0.10609,0.02679,2.80748,3.22375,2.04378,0.00931525,0.00931525,0.00931525
85,1147.19,2.65523,3.1778,2.10625,0.19739,0.16809,0.09389,0.02522,2.7285,3.16396,2.02371,0.009307,0.009307,0.009307
86,1159.23,2.64806,3.18222,2.10035,0.20543,0.17234,0.10333,0.03082,2.76086,3.16781,2.0364,0.00929875,0.00929875,0.00929875
87,1176.43,2.62767,3.15454,2.07618,0.22445,0.15319,0.1046,0.02793,2.76213,3.18174,1.99219,0.0092905,0.0092905,0.0092905
88,1187.79,2.64325,3.17949,2.0903,0.23053,0.18936,0.09752,0.03107,2.6718,3.20259,2.02936,0.00928225,0.00928225,0.00928225
89,1198.89,2.62136,3.1513,2.09904,0.20655,0.17447,0.09254,0.02651,2.74611,3.21733,2.04019,0.009274,0.009274,0.009274
90,1212.47,2.63345,3.13361,2.1028,0.21081,0.15319,0.09962,0.02741,2.78061,3.22908,2.03662,0.00926575,0.00926575,0.00926575
91,1226.26,2.63008,3.16695,2.10162,0.22041,0.16596,0.11416,0.03282,2.72938,3.16351,2.02538,0.0092575,0.0092575,0.0092575
92,1238.19,2.62545,3.16352,2.06815,0.24887,0.17447,0.12925,0.03472,2.71348,3.21509,2.02416,0.00924925,0.00924925,0.00924925
93,1251.1,2.62718,3.14603,2.08365,0.18582,0.16809,0.09577,0.02476,2.74913,3.35214,2.02751,0.009241,0.009241,0.009241
94,1263.23,2.59618,3.11332,2.08302,0.2329,0.15697,0.1158,0.03426,2.71291,3.23224,2.00464,0.00923275,0.00923275,0.00923275
95,1277.53,2.61949,3.15936,2.10976,0.2296,0.1766,0.11048,0.03122,2.73084,3.27326,2.02813,0.0092245,0.0092245,0.0092245
96,1290.43,2.61884,3.11532,2.08103,0.21131,0.18812,0.10679,0.03128,2.68853,3.23612,2.01824,0.00921625,0.00921625,0.00921625
97,1301.46,2.58422,3.10215,2.03654,0.20842,0.17234,0.08815,0.0238,2.72896,3.19276,2.00968,0.009208,0.009208,0.009208
98,1312.8,2.56961,3.09612,2.06975,0.24963,0.18723,0.12127,0.03246,2.75318,3.12059,2.03287,0.00919975,0.00919975,0.00919975
99,1330.01,2.57521,3.13401,2.06418,0.2209,0.16596,0.11432,0.03107,2.73835,3.13972,2.01745,0.0091915,0.0091915,0.0091915
100,1341.22,2.583,3.10042,2.07274,0.2229,0.16809,0.10489,0.03345,2.70028,3.17457,2.02881,0.00918325,0.00918325,0.00918325
101,1352.41,2.60471,3.12592,2.06941,0.23043,0.17872,0.11536,0.03361,2.65967,3.13587,2.02075,0.009175,0.009175,0.009175
102,1366.14,2.55963,3.11617,2.055,0.20714,0.17872,0.10034,0.0289,2.7479,3.13618,2.01065,0.00916675,0.00916675,0.00916675
103,1380.21,2.54664,3.07644,2.0303,0.24845,0.16596,0.11399,0.03424,2.66493,3.13804,2.00571,0.0091585,0.0091585,0.0091585
104,1391.56,2.54161,3.05691,2.03898,0.21997,0.1968,0.10134,0.02874,2.6989,3.14283,2.01525,0.00915025,0.00915025,0.00915025
105,1404.05,2.56835,3.0996,2.06008,0.2427,0.17872,0.11972,0.03649,2.65627,3.1328,2.00448,0.009142,0.009142,0.009142
106,1416.3,2.57975,3.11464,2.08864,0.22874,0.17021,0.11026,0.03153,2.67996,3.12567,2.00454,0.00913375,0.00913375,0.00913375
107,1430.74,2.54238,3.09,2.03311,0.20078,0.17234,0.11165,0.03331,2.6932,3.05536,2.02381,0.0091255,0.0091255,0.0091255
108,1443.51,2.57162,3.11367,2.06873,0.21663,0.18511,0.11063,0.0333,2.7399,3.09469,2.04498,0.00911725,0.00911725,0.00911725
109,1454.72,2.55114,3.08197,2.03906,0.23798,0.19149,0.13127,0.03952,2.6273,3.08804,2.00683,0.009109,0.009109,0.009109
110,1466.89,2.54791,3.07159,2.03773,0.20626,0.17021,0.10617,0.02923,2.74079,3.13098,2.00976,0.00910075,0.00910075,0.00910075
111,1483.52,2.55947,3.06645,2.04077,0.21682,0.16383,0.11472,0.03462,2.63881,3.14944,2.01192,0.0090925,0.0090925,0.0090925
112,1494.69,2.51486,3.05478,2.02785,0.25969,0.15532,0.11554,0.03353,2.66635,3.10535,2.00692,0.00908425,0.00908425,0.00908425
113,1505.87,2.51894,3.05827,2.04004,0.23733,0.18085,0.12671,0.03405,2.68537,3.09425,2.0106,0.009076,0.009076,0.009076
114,1519.83,2.52629,3.02853,2.03478,0.24611,0.18723,0.11404,0.03212,2.67509,3.12555,2.02031,0.00906775,0.00906775,0.00906775
115,1534.23,2.51012,3.03495,2.01131,0.25948,0.19574,0.12697,0.0376,2.63554,3.06027,1.9838,0.0090595,0.0090595,0.0090595
116,1545.41,2.54704,3.06531,2.0327,0.27628,0.19787,0.14103,0.03962,2.69153,3.05239,2.01595,0.00905125,0.00905125,0.00905125
117,1558.02,2.51395,3.01219,2.05371,0.26762,0.20681,0.135,0.04203,2.66936,3.04676,2.02698,0.009043,0.009043,0.009043
118,1570.35,2.4957,3.03765,2.02162,0.26904,0.18723,0.14057,0.04176,2.61613,3.06941,1.98186,0.00903475,0.00903475,0.00903475
119,1585.24,2.50815,2.99734,2.03236,0.24433,0.18085,0.1342,0.03925,2.66931,3.0577,2.02965,0.0090265,0.0090265,0.0090265
120,1597.91,2.52126,3.02355,2.03631,0.25888,0.20426,0.13499,0.03891,2.68706,3.07978,2.02099,0.00901825,0.00901825,0.00901825
121,1608.98,2.50404,3.00906,2.0425,0.24766,0.21277,0.11765,0.03468,2.64174,3.08516,1.97808,0.00901,0.00901,0.00901
122,1620.77,2.49594,3.00229,2.00147,0.25309,0.18511,0.14101,0.04059,2.65372,3.05087,2.00438,0.00900175,0.00900175,0.00900175
123,1637.14,2.50328,3.00562,2.0093,0.25332,0.22128,0.14706,0.04294,2.64558,3.0101,2.03456,0.0089935,0.0089935,0.0089935
124,1648.7,2.4783,3.00608,2.01294,0.25999,0.19574,0.135,0.04147,2.63051,3.06671,2.00138,0.00898525,0.00898525,0.00898525
125,1659.83,2.50816,3.04835,2.02674,0.28108,0.20426,0.14811,0.04324,2.63525,3.01948,1.98463,0.008977,0.008977,0.008977
126,1674.46,2.49201,3.00085,2.00013,0.2613,0.20426,0.13665,0.04174,2.65407,3.05215,2.01441,0.00896875,0.00896875,0.00896875
127,1688.2,2.45783,2.97012,1.99593,0.29719,0.20426,0.14995,0.04513,2.65814,3.02749,2.01365,0.0089605,0.0089605,0.0089605
128,1701.08,2.46814,3.00971,1.99726,0.29221,0.19362,0.15525,0.045,2.64189,2.9976,2.02998,0.00895225,0.00895225,0.00895225
129,1714.12,2.45179,2.98634,1.9849,0.23613,0.21702,0.13906,0.0391,2.68679,3.05114,2.0185,0.008944,0.008944,0.008944
130,1725.12,2.45249,2.99135,1.9899,0.28719,0.20638,0.14523,0.04454,2.60284,2.99735,2.00957,0.00893575,0.00893575,0.00893575
131,1738.53,2.42988,2.91209,1.97563,0.28365,0.21064,0.14693,0.04072,2.65462,3.04331,2.04928,0.0089275,0.0089275,0.0089275
132,1753.34,2.4524,2.93145,2.00367,0.25418,0.20213,0.12275,0.03573,2.64415,3.04674,1.9983,0.00891925,0.00891925,0.00891925
133,1764.54,2.45944,3.00723,2.00869,0.28587,0.20356,0.15517,0.04557,2.62854,2.99802,1.99052,0.008911,0.008911,0.008911
134,1775.97,2.43987,2.94455,1.98456,0.22636,0.20213,0.12258,0.03316,2.64364,3.09344,1.99914,0.00890275,0.00890275,0.00890275
135,1791.74,2.43313,2.95791,1.99229,0.27827,0.1977,0.14529,0.03848,2.69821,3.05596,1.98484,0.0088945,0.0088945,0.0088945
136,1804.22,2.44792,2.93301,1.98208,0.28469,0.22553,0.16746,0.04761,2.62422,2.94574,2.0046,0.00888625,0.00888625,0.00888625
137,1815.56,2.4401,2.96542,1.96766,0.31035,0.22766,0.15885,0.04787,2.56738,2.96894,1.98298,0.008878,0.008878,0.008878
138,1828.05,2.447,2.97147,1.9877,0.27885,0.19087,0.1524,0.04679,2.53369,2.97848,1.96414,0.00886975,0.00886975,0.00886975
139,1841.61,2.43153,2.89129,1.97802,0.2965,0.21489,0.15172,0.04831,2.55226,2.94456,1.97873,0.0088615,0.0088615,0.0088615
140,1854.33,2.41955,2.93211,1.97408,0.251,0.20321,0.12905,0.0404,2.58348,3.0577,1.96685,0.00885325,0.00885325,0.00885325
141,1866.77,2.4198,2.91072,1.96188,0.33353,0.22467,0.17143,0.05245,2.55402,2.94794,1.99223,0.008845,0.008845,0.008845
142,1878.27,2.40843,2.88907,1.9715,0.25149,0.23519,0.13317,0.04161,2.55364,3.02252,1.9812,0.00883675,0.00883675,0.00883675
143,1891.59,2.3959,2.92339,1.94872,0.326,0.18298,0.14589,0.04154,2.5968,3.0332,1.99361,0.0088285,0.0088285,0.0088285
144,1906.5,2.39239,2.87438,1.96344,0.2956,0.18723,0.14549,0.04533,2.58129,2.93651,1.9992,0.00882025,0.00882025,0.00882025
145,1917.75,2.40629,2.88092,1.96763,0.2471,0.1766,0.13131,0.04215,2.65451,3.02831,2.01122,0.008812,0.008812,0.008812
146,1928.91,2.42453,2.92627,1.97595,0.23176,0.21489,0.13619,0.04289,2.62755,3.02525,2.00217,0.00880375,0.00880375,0.00880375
147,1944.61,2.40194,2.89766,1.96404,0.26706,0.20312,0.15057,0.04395,2.58231,2.94015,2.00367,0.0087955,0.0087955,0.0087955
148,1957.35,2.38479,2.89011,1.96435,0.26699,0.2077,0.13611,0.03988,2.54804,2.94858,1.97913,0.00878725,0.00878725,0.00878725
149,1968.44,2.4243,2.91602,1.95316,0.32397,0.18723,0.1647,0.04967,2.57001,2.88911,1.96789,0.008779,0.008779,0.008779
150,1980.68,2.39855,2.86655,1.9452,0.27217,0.21702,0.16089,0.04681,2.56495,2.99462,1.95969,0.00877075,0.00877075,0.00877075
151,1994.11,2.39784,2.85802,1.97579,0.32846,0.21064,0.17065,0.04924,2.61121,2.90436,1.99496,0.0087625,0.0087625,0.0087625
152,2008.11,2.38351,2.8742,1.92458,0.29077,0.21915,0.15103,0.04538,2.55555,2.94193,1.9651,0.00875425,0.00875425,0.00875425
153,2024.06,2.35879,2.80173,1.93589,0.29434,0.24681,0.15942,0.04717,2.60892,2.90126,1.99901,0.008746,0.008746,0.008746
154,2035.25,2.38328,2.87284,1.95784,0.30985,0.22766,0.15841,0.04723,2.56056,2.8899,1.97468,0.00873775,0.00873775,0.00873775
155,2046.3,2.4151,2.8704,1.94785,0.31332,0.21066,0.17387,0.0515,2.54574,2.91317,1.96715,0.0087295,0.0087295,0.0087295
156,2060.76,2.37119,2.82895,1.9475,0.27739,0.20851,0.15227,0.05038,2.59104,2.89503,1.96218,0.00872125,0.00872125,0.00872125
157,2074.56,2.38453,2.8374,1.93902,0.29237,0.21064,0.1766,0.05376,2.54834,2.88391,1.9474,0.008713,0.008713,0.008713
158,2085.99,2.37713,2.84195,1.93161,0.28144,0.21489,0.16995,0.05267,2.53523,2.89782,1.96953,0.00870475,0.00870475,0.00870475
159,2098.47,2.35334,2.81024,1.92018,0.31333,0.2398,0.18076,0.0566,2.54947,2.91756,1.94815,0.0086965,0.0086965,0.0086965
160,2111.29,2.39702,2.8692,1.94976,0.29412,0.20213,0.16875,0.05468,2.60279,2.88989,1.97326,0.00868825,0.00868825,0.00868825
161,2125.53,2.37461,2.85934,1.94039,0.30851,0.22766,0.17897,0.0527,2.5393,2.94775,1.97306,0.00868,0.00868,0.00868
162,2139.71,2.3669,2.80017,1.92827,0.3393,0.22979,0.17834,0.05166,2.5313,2.83993,1.97084,0.00867175,0.00867175,0.00867175
163,2150.96,2.3748,2.82379,1.92955,0.3015,0.24043,0.16921,0.05312,2.59091,2.93616,1.98382,0.0086635,0.0086635,0.0086635
164,2164.75,2.33595,2.77655,1.91987,0.35329,0.21702,0.17607,0.04791,2.62127,2.90749,2.00715,0.00865525,0.00865525,0.00865525
165,2180.97,2.34199,2.80425,1.94761,0.30781,0.22519,0.18466,0.05732,2.50088,2.84335,1.94283,0.008647,0.008647,0.008647
166,2194.71,2.35958,2.7916,1.93136,0.3048,0.23191,0.18431,0.05528,2.52898,2.85593,1.95259,0.00863875,0.00863875,0.00863875
167,2206.54,2.35074,2.80626,1.9236,0.3264,0.19787,0.1639,0.04747,2.52898,2.8975,1.94319,0.0086305,0.0086305,0.0086305
168,2218.66,2.32137,2.75239,1.91576,0.36631,0.19362,0.18988,0.05763,2.50966,2.81878,1.93902,0.00862225,0.00862225,0.00862225
169,2231.92,2.35228,2.78844,1.91343,0.28316,0.21702,0.17282,0.05451,2.52626,2.86805,1.94735,0.008614,0.008614,0.008614
170,2248.39,2.34278,2.7437,1.90778,0.36816,0.24468,0.19982,0.05963,2.48715,2.8007,1.94881,0.00860575,0.00860575,0.00860575
171,2262.23,2.31263,2.70881,1.91915,0.3404,0.23617,0.18408,0.0564,2.52844,2.81643,1.94609,0.0085975,0.0085975,0.0085975
172,2273.35,2.33894,2.77204,1.91563,0.33197,0.23617,0.19484,0.0621,2.50145,2.79087,1.93318,0.00858925,0.00858925,0.00858925
173,2286.02,2.33956,2.77284,1.90731,0.33908,0.23032,0.20495,0.06467,2.48657,2.7708,1.92949,0.008581,0.008581,0.008581
174,2298.65,2.29451,2.71185,1.88921,0.32866,0.24043,0.19364,0.05676,2.54801,2.85296,1.96634,0.00857275,0.00857275,0.00857275
175,2312.77,2.27678,2.73364,1.90015,0.35079,0.21702,0.18618,0.05757,2.4986,2.84867,1.9275,0.0085645,0.0085645,0.0085645
176,2325.45,2.30358,2.71307,1.89609,0.35747,0.21489,0.20946,0.06588,2.46693,2.80093,1.9273,0.00855625,0.00855625,0.00855625
177,2336.92,2.30784,2.70101,1.89687,0.39121,0.2234,0.21485,0.06995,2.46961,2.766,1.9563,0.008548,0.008548,0.008548
178,2349.11,2.27657,2.70207,1.89177,0.36304,0.22766,0.21013,0.06808,2.48871,2.80107,1.94618,0.00853975,0.00853975,0.00853975
179,2365.67,2.30223,2.71024,1.88889,0.37492,0.24503,0.21186,0.06534,2.50203,2.78169,1.96079,0.0085315,0.0085315,0.0085315
180,2376.71,2.29149,2.71265,1.88166,0.36712,0.24255,0.20969,0.06971,2.47667,2.80233,1.90144,0.00852325,0.00852325,0.00852325
181,2387.92,2.27941,2.68031,1.87638,0.34854,0.24894,0.20057,0.06544,2.44468,2.74376,1.93711,0.008515,0.008515,0.008515
182,2402.49,2.27956,2.69707,1.89228,0.35725,0.22824,0.20658,0.06991,2.41076,2.74264,1.89683,0.00850675,0.00850675,0.00850675
183,2416.04,2.25105,2.63572,1.85758,0.346,0.24043,0.22118,0.07369,2.47607,2.72813,1.9754,0.0084985,0.0084985,0.0084985
184,2427.55,2.27486,2.65389,1.86564,0.41198,0.25532,0.21932,0.07097,2.48499,2.75519,1.97121,0.00849025,0.00849025,0.00849025
185,2440.18,2.26506,2.65418,1.85565,0.38252,0.28085,0.21857,0.07087,2.43389,2.77534,1.91097,0.008482,0.008482,0.008482
186,2452.61,2.25182,2.67252,1.86869,0.34773,0.25634,0.20584,0.06677,2.46469,2.72194,1.93661,0.00847375,0.00847375,0.00847375
187,2466.46,2.25723,2.67664,1.87505,0.3382,0.25008,0.1999,0.06474,2.48659,2.73767,1.93544,0.0084655,0.0084655,0.0084655
188,2479.01,2.25125,2.63779,1.85737,0.35893,0.25745,0.20808,0.06953,2.50352,2.78162,1.95938,0.00845725,0.00845725,0.00845725
189,2490.21,2.23034,2.62717,1.86304,0.34651,0.24468,0.21383,0.07267,2.47909,2.72539,1.92574,0.008449,0.008449,0.008449
190,2502.22,2.26096,2.66653,1.87411,0.3192,0.24468,0.2078,0.07245,2.47809,2.76511,1.94941,0.00844075,0.00844075,0.00844075
191,2518.8,2.24287,2.62835,1.86013,0.38419,0.24681,0.23489,0.08135,2.42838,2.68231,1.90189,0.0084325,0.0084325,0.0084325
192,2530.26,2.2596,2.61295,1.85281,0.38273,0.25989,0.22064,0.07075,2.47827,2.72098,1.93984,0.00842425,0.00842425,0.00842425
193,2541.28,2.24745,2.62113,1.85939,0.3594,0.25106,0.22612,0.07538,2.44471,2.70866,1.91836,0.008416,0.008416,0.008416
194,2556.3,2.24457,2.5874,1.84871,0.3581,0.25957,0.21901,0.07387,2.4295,2.74038,1.90917,0.00840775,0.00840775,0.00840775
195,2569.54,2.28534,2.62795,1.8656,0.36078,0.26596,0.22635,0.08187,2.42693,2.73908,1.92144,0.0083995,0.0083995,0.0083995
196,2580.71,2.22733,2.61423,1.85061,0.32799,0.28723,0.21814,0.08049,2.39666,2.67489,1.8941,0.00839125,0.00839125,0.00839125
197,2593.45,2.26352,2.59978,1.86267,0.38469,0.24468,0.237,0.08276,2.42178,2.7089,1.9035,0.008383,0.008383,0.008383
198,2606.34,2.22154,2.56824,1.82434,0.37062,0.26813,0.23635,0.07916,2.42217,2.67713,1.87754,0.00837475,0.00837475,0.00837475
199,2620.3,2.23231,2.58557,1.84394,0.4082,0.25319,0.24304,0.08206,2.38912,2.62907,1.88855,0.0083665,0.0083665,0.0083665
200,2632.88,2.22279,2.57019,1.84406,0.37127,0.28897,0.23988,0.08038,2.40697,2.622,1.90517,0.00835825,0.00835825,0.00835825
201,2644.03,2.18026,2.53204,1.82936,0.4114,0.26596,0.25067,0.08517,2.41361,2.64854,1.92788,0.00835,0.00835,0.00835
202,2656.48,2.19178,2.49347,1.83551,0.362,0.30426,0.24245,0.07873,2.44573,2.66026,1.92646,0.00834175,0.00834175,0.00834175
203,2672.58,2.20655,2.54286,1.83778,0.3696,0.29787,0.24507,0.08586,2.38309,2.626,1.87177,0.0083335,0.0083335,0.0083335
204,2684.13,2.21411,2.53479,1.83042,0.35725,0.25957,0.22898,0.08081,2.44447,2.67049,1.90211,0.00832525,0.00832525,0.00832525
205,2695.23,2.16264,2.52623,1.82554,0.39232,0.30638,0.25506,0.0922,2.36699,2.6031,1.86706,0.008317,0.008317,0.008317
206,2710.44,2.18832,2.51944,1.82299,0.40742,0.29787,0.26473,0.09327,2.31732,2.54658,1.83865,0.00830875,0.00830875,0.00830875
207,2724.46,2.15544,2.5222,1.79691,0.45261,0.29149,0.27365,0.09402,2.3661,2.56361,1.85769,0.0083005,0.0083005,0.0083005
208,2735.93,2.16185,2.46129,1.78856,0.44446,0.29959,0.28408,0.0964,2.39496,2.5842,1.89141,0.00829225,0.00829225,0.00829225
209,2748.87,2.14254,2.45629,1.81115,0.3908,0.29755,0.27112,0.0968,2.38698,2.54301,1.8866,0.008284,0.008284,0.008284
210,2761.75,2.16287,2.46385,1.79276,0.38276,0.25861,0.25631,0.09861,2.38247,2.58278,1.87103,0.00827575,0.00827575,0.00827575
211,2775.01,2.14542,2.45328,1.79566,0.37093,0.29787,0.26837,0.09577,2.34705,2.52891,1.87871,0.0082675,0.0082675,0.0082675
212,2787.64,2.13918,2.47519,1.79683,0.34899,0.29574,0.2833,0.10394,2.32587,2.48889,1.85133,0.00825925,0.00825925,0.00825925
213,2799.11,2.13671,2.44195,1.78728,0.40829,0.29787,0.28527,0.09922,2.33409,2.53458,1.858,0.008251,0.008251,0.008251
214,2811.54,2.14258,2.42671,1.773,0.40442,0.31702,0.28338,0.1005,2.27222,2.50106,1.82238,0.00824275,0.00824275,0.00824275
215,2827.41,2.10965,2.39902,1.75729,0.38406,0.30638,0.26484,0.09355,2.3094,2.53669,1.83016,0.0082345,0.0082345,0.0082345
216,2838.7,2.16001,2.45289,1.80496,0.3915,0.28298,0.27458,0.10236,2.33893,2.49888,1.83755,0.00822625,0.00822625,0.00822625
217,2849.82,2.09514,2.39112,1.7661,0.41829,0.27845,0.27119,0.08997,2.35455,2.54204,1.85771,0.008218,0.008218,0.008218
218,2864.71,2.15819,2.45386,1.78673,0.39829,0.31702,0.29348,0.10409,2.30992,2.46204,1.83406,0.00820975,0.00820975,0.00820975
219,2878.01,2.11313,2.37584,1.75968,0.45749,0.31064,0.30492,0.1104,2.32004,2.44567,1.82664,0.0082015,0.0082015,0.0082015
220,2889.58,2.13985,2.47746,1.77842,0.45997,0.33404,0.31799,0.10775,2.32743,2.4342,1.83014,0.00819325,0.00819325,0.00819325
221,2902.01,2.1007,2.35797,1.77283,0.42344,0.32033,0.30552,0.11457,2.29004,2.41299,1.81124,0.008185,0.008185,0.008185
222,2914.85,2.11883,2.3745,1.75829,0.46067,0.3234,0.3219,0.11698,2.27628,2.37529,1.80115,0.00817675,0.00817675,0.00817675
223,2928.78,2.11237,2.32201,1.76039,0.4766,0.34043,0.32617,0.11824,2.28969,2.41801,1.8167,0.0081685,0.0081685,0.0081685
224,2941.61,2.1226,2.39178,1.7753,0.46221,0.32553,0.32234,0.11867,2.32173,2.38564,1.83323,0.00816025,0.00816025,0.00816025
225,2953.02,2.09441,2.33429,1.77223,0.40394,0.31277,0.29853,0.11121,2.2788,2.39501,1.83944,0.008152,0.008152,0.008152
226,2965.57,2.11386,2.40237,1.75954,0.46382,0.3,0.30211,0.11631,2.25554,2.40902,1.79046,0.00814375,0.00814375,0.00814375
227,2982.18,2.07019,2.27577,1.74245,0.44657,0.32766,0.3305,0.12257,2.23524,2.4038,1.79386,0.0081355,0.0081355,0.0081355
228,2994.9,2.05881,2.31456,1.71725,0.42666,0.30084,0.30274,0.11901,2.27792,2.41401,1.78731,0.00812725,0.00812725,0.00812725
229,3006.11,2.06671,2.32618,1.73721,0.37575,0.35106,0.30263,0.11481,2.29255,2.41685,1.83223,0.008119,0.008119,0.008119
230,3018.06,2.06603,2.27378,1.73812,0.4712,0.3234,0.33321,0.12829,2.27664,2.34824,1.81917,0.00811075,0.00811075,0.00811075
231,3031.53,2.09492,2.30459,1.73827,0.45913,0.38511,0.34913,0.13389,2.26799,2.27973,1.81816,0.0081025,0.0081025,0.0081025
232,3044.72,2.08051,2.24439,1.71816,0.49335,0.33978,0.34721,0.13234,2.27259,2.29083,1.819,0.00809425,0.00809425,0.00809425
233,3057.19,2.08656,2.2821,1.72866,0.47295,0.32648,0.34528,0.135,2.26171,2.29944,1.80898,0.008086,0.008086,0.008086
234,3068.54,2.05226,2.26821,1.7236,0.43799,0.34489,0.33243,0.12797,2.26299,2.29487,1.78304,0.00807775,0.00807775,0.00807775
235,3082.06,2.08117,2.26534,1.73214,0.43768,0.35109,0.33912,0.1333,2.23206,2.34594,1.77102,0.0080695,0.0080695,0.0080695
236,3096.88,2.02131,2.23814,1.70859,0.50525,0.35532,0.34995,0.13722,2.23937,2.31681,1.77947,0.00806125,0.00806125,0.00806125
237,3108.32,2.03787,2.27077,1.71052,0.48599,0.36596,0.36292,0.14227,2.2413,2.28303,1.77492,0.008053,0.008053,0.008053
238,3119.82,2.0395,2.19617,1.69191,0.52007,0.3766,0.37381,0.14147,2.24001,2.25901,1.78824,0.00804475,0.00804475,0.00804475
239,3135.76,2.00537,2.23481,1.69775,0.51877,0.37157,0.37737,0.14808,2.20431,2.26611,1.77148,0.0080365,0.0080365,0.0080365
240,3150.24,2.03277,2.26513,1.70579,0.44638,0.38936,0.37312,0.15093,2.20618,2.20142,1.78327,0.00802825,0.00802825,0.00802825
241,3167.08,2.0448,2.2441,1.72261,0.53787,0.38085,0.3811,0.15148,2.18566,2.22824,1.76353,0.00802,0.00802,0.00802
242,3180.18,2.02368,2.19835,1.70292,0.5447,0.35106,0.36927,0.14741,2.20683,2.24108,1.74364,0.00801175,0.00801175,0.00801175
243,3191.27,2.02915,2.21092,1.71583,0.55099,0.35508,0.39032,0.14707,2.20188,2.23405,1.75885,0.0080035,0.0080035,0.0080035
244,3205.51,2.00611,2.17052,1.68042,0.55449,0.37074,0.39879,0.15518,2.20297,2.23335,1.74766,0.00799525,0.00799525,0.00799525
245,3218.34,2.02166,2.23101,1.70781,0.5681,0.38511,0.41985,0.18017,2.14773,2.1733,1.71255,0.007987,0.007987,0.007987
246,3229.81,2.01459,2.18063,1.68422,0.54215,0.37872,0.38985,0.16492,2.15888,2.1887,1.73482,0.00797875,0.00797875,0.00797875
247,3240.9,1.97883,2.16356,1.67606,0.58058,0.37234,0.41594,0.17824,2.13058,2.15718,1.722,0.0079705,0.0079705,0.0079705
248,3253.2,2.00196,2.17926,1.68261,0.56779,0.37021,0.41295,0.17578,2.13985,2.18275,1.72251,0.00796225,0.00796225,0.00796225
249,3267.82,1.97137,2.13558,1.66164,0.60168,0.39574,0.42058,0.18197,2.14594,2.14642,1.72237,0.007954,0.007954,0.007954
250,3283.03,1.98679,2.11527,1.6698,0.6167,0.37872,0.41303,0.1789,2.18247,2.20351,1.73621,0.00794575,0.00794575,0.00794575
251,3296.22,1.96143,2.13106,1.66594,0.55525,0.37447,0.40279,0.16882,2.15534,2.1653,1.72485,0.0079375,0.0079375,0.0079375
252,3308.82,1.94347,2.12153,1.67465,0.58965,0.40426,0.42772,0.1854,2.13275,2.10993,1.71753,0.00792925,0.00792925,0.00792925
253,3320.27,1.98297,2.12086,1.66722,0.50347,0.43148,0.42091,0.18259,2.11439,2.10954,1.71652,0.007921,0.007921,0.007921
254,3332.71,1.96622,2.15845,1.67166,0.55006,0.41277,0.4379,0.18372,2.1409,2.10248,1.75432,0.00791275,0.00791275,0.00791275
255,3349.72,1.9705,2.1189,1.66719,0.51742,0.42128,0.43509,0.1878,2.11849,2.09717,1.72383,0.0079045,0.0079045,0.0079045
256,3361.98,1.94122,2.07728,1.65787,0.51728,0.44043,0.45064,0.19421,2.12341,2.06539,1.73283,0.00789625,0.00789625,0.00789625
257,3373.55,1.95875,2.09783,1.64982,0.59823,0.38936,0.4399,0.18608,2.138,2.10348,1.70462,0.007888,0.007888,0.007888
258,3386.12,1.94809,2.07435,1.65251,0.59874,0.41277,0.45336,0.19981,2.08913,2.07587,1.69119,0.00787975,0.00787975,0.00787975
259,3400.51,1.96441,2.09965,1.65577,0.55197,0.40426,0.43211,0.19131,2.11375,2.08524,1.69461,0.0078715,0.0078715,0.0078715
260,3414.33,1.95311,2.05686,1.64504,0.5603,0.44894,0.47166,0.20307,2.10268,2.03158,1.7096,0.00786325,0.00786325,0.00786325
261,3427.17,1.90843,2.00737,1.6101,0.58852,0.4382,0.46583,0.19764,2.08104,2.02397,1.68892,0.007855,0.007855,0.007855
262,3438.39,1.95016,2.0971,1.63076,0.60355,0.41138,0.46509,0.19678,2.09402,2.05482,1.68488,0.00784675,0.00784675,0.00784675
263,3450.48,1.91834,2.06006,1.62548,0.59395,0.45106,0.46174,0.19954,2.11594,2.01466,1.71684,0.0078385,0.0078385,0.0078385
264,3467.46,1.9103,2.01438,1.60713,0.56818,0.41915,0.46779,0.19933,2.07003,2.04279,1.68816,0.00783025,0.00783025,0.00783025
265,3479.77,1.94316,2.05354,1.6413,0.58443,0.45106,0.47461,0.21005,2.03413,2.02505,1.65514,0.007822,0.007822,0.007822
266,3491.17,1.89922,1.99095,1.60645,0.57433,0.43061,0.47065,0.21073,2.05081,2.04309,1.66485,0.00781375,0.00781375,0.00781375
267,3504.08,1.92296,2.02698,1.62803,0.65948,0.42442,0.48302,0.20832,2.05063,1.98046,1.66806,0.0078055,0.0078055,0.0078055
268,3517.68,1.91506,2.02915,1.61613,0.56851,0.44468,0.46913,0.20622,2.03137,1.95813,1.65757,0.00779725,0.00779725,0.00779725
269,3531.4,1.88919,1.99199,1.60958,0.55196,0.42201,0.44826,0.20001,2.04216,2.04778,1.66169,0.007789,0.007789,0.007789
270,3544.12,1.87546,1.97778,1.60207,0.62594,0.40426,0.45881,0.1959,2.0667,2.00637,1.65833,0.00778075,0.00778075,0.00778075
271,3554.9,1.87049,1.97275,1.59183,0.57898,0.44255,0.4704,0.20314,2.04556,1.98755,1.66465,0.0077725,0.0077725,0.0077725
272,3566.4,1.86849,1.98747,1.59185,0.65329,0.41064,0.48073,0.21004,2.0464,1.9678,1.67255,0.00776425,0.00776425,0.00776425
273,3582.02,1.88086,1.99958,1.61108,0.67671,0.43617,0.50786,0.22132,2.07179,1.9377,1.67125,0.007756,0.007756,0.007756
274,3594.38,1.89865,1.93649,1.58603,0.59481,0.43414,0.48498,0.21369,2.0503,1.93951,1.65402,0.00774775,0.00774775,0.00774775
275,3605.58,1.88008,1.94662,1.58559,0.61814,0.45809,0.50212,0.22962,1.98749,1.8791,1.63501,0.0077395,0.0077395,0.0077395
276,3618.41,1.86383,1.95242,1.58795,0.64573,0.45374,0.50929,0.23202,1.98975,1.90332,1.62104,0.00773125,0.00773125,0.00773125
277,3635.78,1.86466,1.91477,1.57505,0.57521,0.4725,0.51015,0.23012,2.01986,1.89849,1.64606,0.007723,0.007723,0.007723
278,3648.17,1.86683,1.94247,1.57743,0.68251,0.45745,0.53006,0.23458,2.00011,1.90755,1.64656,0.00771475,0.00771475,0.00771475
279,3659.63,1.86282,1.94185,1.57113,0.63588,0.47872,0.51785,0.23085,2.01627,1.92888,1.63352,0.0077065,0.0077065,0.0077065
280,3672.7,1.83317,1.91384,1.57109,0.68692,0.50638,0.54505,0.24775,1.98814,1.86496,1.6169,0.00769825,0.00769825,0.00769825
281,3687,1.83709,1.87703,1.56468,0.6978,0.47656,0.5399,0.2513,1.97776,1.83172,1.62699,0.00769,0.00769,0.00769
282,3700.67,1.84255,1.91066,1.5971,0.6554,0.45319,0.52859,0.24059,1.98099,1.86178,1.62825,0.00768175,0.00768175,0.00768175
283,3711.87,1.83576,1.92075,1.56164,0.67965,0.46946,0.53624,0.24452,2.00555,1.85328,1.63707,0.0076735,0.0076735,0.0076735
284,3723.15,1.83343,1.90476,1.55121,0.68767,0.48251,0.53915,0.24609,1.962,1.83972,1.57559,0.00766525,0.00766525,0.00766525
285,3735.43,1.85513,1.89501,1.57186,0.70463,0.4416,0.53109,0.24329,1.98916,1.84683,1.57892,0.007657,0.007657,0.007657
286,3749.11,1.83389,1.86725,1.56538,0.72184,0.48298,0.56631,0.2602,1.95544,1.81087,1.59084,0.00764875,0.00764875,0.00764875
287,3760.62,1.80199,1.84365,1.54004,0.73298,0.47309,0.56485,0.26597,1.96604,1.7783,1.58277,0.0076405,0.0076405,0.0076405
288,3771.99,1.82517,1.87829,1.55298,0.74935,0.46436,0.56391,0.26829,1.96387,1.82605,1.58774,0.00763225,0.00763225,0.00763225
289,3783.74,1.79198,1.83481,1.54417,0.74489,0.46383,0.55457,0.26727,1.96912,1.84746,1.58191,0.007624,0.007624,0.007624
290,3797.87,1.81628,1.86759,1.55385,0.6824,0.48915,0.55521,0.2617,1.96973,1.81465,1.5805,0.00761575,0.00761575,0.00761575
291,3809.56,1.84748,1.8839,1.54958,0.69487,0.50638,0.56725,0.26599,1.98744,1.82773,1.58528,0.0076075,0.0076075,0.0076075
292,3820.75,1.77577,1.83281,1.52225,0.68567,0.47341,0.54719,0.25318,1.97861,1.8025,1.59369,0.00759925,0.00759925,0.00759925
293,3831.78,1.80461,1.8294,1.52618,0.64973,0.47447,0.5491,0.25983,1.95364,1.762,1.58254,0.007591,0.007591,0.007591
294,3845.04,1.79055,1.81316,1.53447,0.62219,0.5234,0.55026,0.25898,1.98715,1.80406,1.59534,0.00758275,0.00758275,0.00758275
295,3857.16,1.78662,1.77607,1.52404,0.61227,0.51064,0.5535,0.26923,1.92863,1.78558,1.56208,0.0075745,0.0075745,0.0075745
296,3868.38,1.80221,1.837,1.53576,0.70159,0.51524,0.5738,0.27175,1.93656,1.7805,1.56935,0.00756625,0.00756625,0.00756625
297,3879.85,1.78416,1.82649,1.53164,0.71203,0.51489,0.58038,0.28007,1.93687,1.7757,1.58335,0.007558,0.007558,0.007558
298,3893.53,1.75558,1.77634,1.50349,0.7212,0.50084,0.58721,0.28777,1.90135,1.71642,1.53561,0.00754975,0.00754975,0.00754975
299,3905.99,1.78675,1.78396,1.52189,0.70735,0.46809,0.55296,0.26904,1.9115,1.78859,1.55516,0.0075415,0.0075415,0.0075415
300,3916.96,1.77445,1.78051,1.53179,0.67307,0.52553,0.59017,0.29278,1.89178,1.74489,1.54866,0.00753325,0.00753325,0.00753325
301,3928.49,1.77659,1.80762,1.5275,0.70112,0.51908,0.59576,0.29742,1.90351,1.74821,1.53683,0.007525,0.007525,0.007525
302,3941.01,1.77757,1.77369,1.50111,0.68856,0.51489,0.58982,0.28815,1.88473,1.73113,1.52811,0.00751675,0.00751675,0.00751675
303,3954.12,1.74664,1.76338,1.49654,0.69505,0.55106,0.60568,0.29575,1.88282,1.70636,1.51542,0.0075085,0.0075085,0.0075085
304,3967.26,1.79061,1.78875,1.51357,0.6786,0.53011,0.59799,0.29023,1.91952,1.71108,1.55245,0.00750025,0.00750025,0.00750025
305,3979.1,1.7655,1.7757,1.51536,0.75295,0.48511,0.5896,0.29017,1.88958,1.71463,1.54503,0.007492,0.007492,0.007492
306,3991.75,1.74488,1.72994,1.47669,0.73822,0.52766,0.60383,0.29424,1.8932,1.69911,1.53755,0.00748375,0.00748375,0.00748375
307,4003.03,1.78578,1.77429,1.51656,0.74727,0.53191,0.60731,0.29012,1.90509,1.69385,1.5417,0.0074755,0.0074755,0.0074755
308,4014.21,1.73314,1.71543,1.47652,0.6656,0.5617,0.6216,0.3042,1.88009,1.67533,1.52191,0.00746725,0.00746725,0.00746725
309,4025.67,1.75246,1.76423,1.49367,0.6863,0.53531,0.6163,0.29083,1.90073,1.69166,1.54193,0.007459,0.007459,0.007459
310,4039,1.75589,1.74856,1.4997,0.74505,0.5285,0.62323,0.31084,1.85021,1.64812,1.48997,0.00745075,0.00745075,0.00745075
311,4051.29,1.72722,1.71109,1.47083,0.71571,0.54255,0.63163,0.31679,1.87141,1.63575,1.50827,0.0074425,0.0074425,0.0074425
312,4064.19,1.76443,1.7501,1.51177,0.79935,0.54894,0.6476,0.31826,1.85793,1.6053,1.51688,0.00743425,0.00743425,0.00743425
313,4075.67,1.72263,1.71325,1.47866,0.69845,0.53224,0.60506,0.29532,1.89457,1.70943,1.52046,0.007426,0.007426,0.007426
314,4086.72,1.73588,1.73098,1.47222,0.72331,0.53191,0.62552,0.31032,1.85883,1.66862,1.49733,0.00741775,0.00741775,0.00741775
315,4099.69,1.69023,1.69724,1.46123,0.7495,0.54748,0.63176,0.32066,1.84186,1.628,1.47938,0.0074095,0.0074095,0.0074095
316,4112.53,1.70825,1.70333,1.46373,0.70483,0.56394,0.62824,0.31526,1.86083,1.59283,1.50365,0.00740125,0.00740125,0.00740125
317,4125.11,1.70693,1.66988,1.45112,0.75018,0.52979,0.63133,0.31944,1.82482,1.59877,1.48299,0.007393,0.007393,0.007393
318,4135.82,1.71341,1.70947,1.47596,0.7783,0.52766,0.62911,0.32483,1.81985,1.62556,1.47009,0.00738475,0.00738475,0.00738475
319,4147.39,1.71152,1.69457,1.46236,0.75851,0.5617,0.66408,0.33614,1.80406,1.56808,1.46719,0.0073765,0.0073765,0.0073765
320,4159.19,1.7205,1.70031,1.47052,0.7284,0.58511,0.65395,0.3257,1.8274,1.54925,1.48386,0.00736825,0.00736825,0.00736825
321,4173.49,1.6918,1.63061,1.44786,0.72966,0.54555,0.6315,0.32003,1.8303,1.63244,1.49461,0.00736,0.00736,0.00736
322,4187.17,1.70197,1.67134,1.45276,0.70729,0.56553,0.63513,0.32671,1.79074,1.58123,1.48932,0.00735175,0.00735175,0.00735175
323,4199.04,1.69859,1.63931,1.44763,0.756,0.53191,0.62783,0.33297,1.77248,1.59446,1.46112,0.0073435,0.0073435,0.0073435
324,4211.53,1.67592,1.64984,1.45419,0.76162,0.55742,0.65396,0.3464,1.77507,1.54772,1.45608,0.00733525,0.00733525,0.00733525
325,4222.93,1.70117,1.67431,1.46472,0.74397,0.58511,0.65356,0.34385,1.75898,1.57475,1.46063,0.007327,0.007327,0.007327
326,4234.08,1.66597,1.63603,1.44745,0.78931,0.5739,0.66574,0.35451,1.76787,1.58833,1.45842,0.00731875,0.00731875,0.00731875
327,4246.85,1.6886,1.64451,1.45066,0.78093,0.57021,0.65999,0.34985,1.76239,1.58793,1.45874,0.0073105,0.0073105,0.0073105
328,4259.51,1.6955,1.64323,1.44856,0.75624,0.57872,0.66467,0.34714,1.78426,1.55726,1.45031,0.00730225,0.00730225,0.00730225
329,4271.46,1.69398,1.61924,1.43917,0.80421,0.56807,0.66967,0.34731,1.79373,1.54884,1.45565,0.007294,0.007294,0.007294
330,4282.81,1.66913,1.60827,1.4263,0.82009,0.55281,0.66342,0.34819,1.78969,1.54651,1.44524,0.00728575,0.00728575,0.00728575
331,4293.94,1.70881,1.65876,1.45337,0.80063,0.56596,0.66196,0.34321,1.76673,1.54506,1.44388,0.0072775,0.0072775,0.0072775
332,4305.22,1.68585,1.63069,1.43575,0.78183,0.57021,0.67215,0.35027,1.74827,1.52991,1.43335,0.00726925,0.00726925,0.00726925
333,4318.75,1.65439,1.63151,1.44474,0.76354,0.59085,0.68333,0.35445,1.74456,1.5126,1.43467,0.007261,0.007261,0.007261
334,4331.31,1.66428,1.62587,1.4297,0.74893,0.5839,0.66625,0.34737,1.76725,1.5154,1.43728,0.00725275,0.00725275,0.00725275
335,4343.09,1.68393,1.63396,1.43221,0.76219,0.58298,0.67898,0.35167,1.73714,1.51778,1.42927,0.0072445,0.0072445,0.0072445
336,4354.31,1.67662,1.62733,1.42864,0.82263,0.53286,0.64661,0.33631,1.7732,1.58709,1.44165,0.00723625,0.00723625,0.00723625
337,4365.47,1.68925,1.6381,1.44438,0.77701,0.58085,0.67164,0.34899,1.76414,1.54187,1.44734,0.007228,0.007228,0.007228
338,4378.57,1.64547,1.57175,1.40172,0.75914,0.62979,0.68842,0.35863,1.76392,1.49246,1.43772,0.00721975,0.00721975,0.00721975
339,4390.73,1.65671,1.58078,1.41855,0.75824,0.61702,0.69045,0.36027,1.76865,1.48287,1.45218,0.0072115,0.0072115,0.0072115
340,4404.67,1.64226,1.59214,1.42158,0.81547,0.59787,0.69175,0.35388,1.76458,1.4651,1.45493,0.00720325,0.00720325,0.00720325
341,4417.11,1.66015,1.59792,1.43053,0.81649,0.59639,0.69573,0.36599,1.72064,1.44995,1.42175,0.007195,0.007195,0.007195
342,4429.35,1.63699,1.59323,1.42003,0.80107,0.58298,0.68425,0.36791,1.73547,1.46321,1.42876,0.00718675,0.00718675,0.00718675
343,4440.76,1.63233,1.58545,1.41544,0.81564,0.61064,0.70067,0.37063,1.72055,1.4378,1.42075,0.0071785,0.0071785,0.0071785
344,4452.22,1.61854,1.55161,1.3952,0.75927,0.61489,0.69439,0.36867,1.73585,1.47274,1.43411,0.00717025,0.00717025,0.00717025
345,4464.3,1.64381,1.52923,1.40325,0.70521,0.64681,0.69079,0.37503,1.71911,1.46017,1.42451,0.007162,0.007162,0.007162
346,4477.61,1.61738,1.52013,1.39281,0.80413,0.59398,0.69611,0.37216,1.73993,1.46029,1.42835,0.00715375,0.00715375,0.00715375
347,4489.92,1.63028,1.54091,1.40099,0.76306,0.61064,0.69117,0.36898,1.73795,1.45499,1.41964,0.0071455,0.0071455,0.0071455
348,4501.15,1.64554,1.59016,1.40836,0.79964,0.59787,0.70531,0.37449,1.71297,1.42664,1.39714,0.00713725,0.00713725,0.00713725
349,4512.55,1.61788,1.51997,1.39462,0.74814,0.65106,0.72152,0.38159,1.72294,1.4094,1.40401,0.007129,0.007129,0.007129
350,4524.62,1.62864,1.53804,1.39141,0.81035,0.61064,0.71316,0.3813,1.69539,1.43303,1.40811,0.00712075,0.00712075,0.00712075
351,4537.88,1.64514,1.57746,1.41972,0.77764,0.62979,0.71479,0.38448,1.69424,1.4281,1.39738,0.0071125,0.0071125,0.0071125
352,4550.01,1.6071,1.53731,1.38207,0.80795,0.61277,0.70824,0.38738,1.68442,1.43648,1.39622,0.00710425,0.00710425,0.00710425
353,4561.5,1.62634,1.55061,1.4016,0.82317,0.624,0.72064,0.39932,1.66097,1.40182,1.39359,0.007096,0.007096,0.007096
354,4572.8,1.58114,1.49018,1.38103,0.80543,0.63415,0.72199,0.39524,1.67474,1.40157,1.40257,0.00708775,0.00708775,0.00708775
355,4584.28,1.58308,1.49247,1.38463,0.85667,0.61277,0.72118,0.3864,1.70585,1.40265,1.40435,0.0070795,0.0070795,0.0070795
356,4597.86,1.60745,1.49374,1.38153,0.85651,0.62128,0.72666,0.39386,1.69443,1.37048,1.39448,0.00707125,0.00707125,0.00707125
357,4609.76,1.59785,1.50068,1.36803,0.85113,0.61702,0.73291,0.40263,1.67942,1.37297,1.38672,0.007063,0.007063,0.007063
358,4621.1,1.59171,1.48056,1.37844,0.81387,0.63617,0.72792,0.40681,1.66233,1.37754,1.38405,0.00705475,0.00705475,0.00705475
359,4632.59,1.61418,1.52131,1.38903,0.80582,0.61915,0.72227,0.40492,1.66033,1.36754,1.37071,0.0070465,0.0070465,0.0070465
360,4644.09,1.57933,1.47937,1.3647,0.78441,0.64255,0.71833,0.40444,1.65207,1.36435,1.36827,0.00703825,0.00703825,0.00703825
361,4657.43,1.57294,1.48613,1.37487,0.75428,0.62553,0.69992,0.39693,1.69354,1.39069,1.37702,0.00703,0.00703,0.00703
362,4669.01,1.55931,1.46659,1.36711,0.81395,0.6234,0.72271,0.40965,1.67165,1.35116,1.38613,0.00702175,0.00702175,0.00702175
363,4680.5,1.57639,1.46717,1.37556,0.81715,0.61064,0.72016,0.40771,1.65525,1.35101,1.37447,0.0070135,0.0070135,0.0070135
364,4691.95,1.57078,1.47084,1.37838,0.84914,0.60638,0.72707,0.41271,1.64239,1.35114,1.35704,0.00700525,0.00700525,0.00700525
365,4704.91,1.59901,1.49913,1.37413,0.77235,0.66411,0.7309,0.40719,1.65376,1.35501,1.36194,0.006997,0.006997,0.006997
366,4719.33,1.56481,1.49761,1.37333,0.76455,0.65636,0.73054,0.40905,1.64528,1.33386,1.36982,0.00698875,0.00698875,0.00698875
367,4732.77,1.58595,1.46408,1.3659,0.75236,0.65933,0.73374,0.41349,1.64483,1.32939,1.3675,0.0069805,0.0069805,0.0069805
368,4744.59,1.54869,1.44453,1.36653,0.79461,0.6383,0.73494,0.42043,1.62727,1.34458,1.36606,0.00697225,0.00697225,0.00697225
369,4756.06,1.57072,1.43867,1.35543,0.81696,0.62128,0.73053,0.42125,1.61124,1.31159,1.35579,0.006964,0.006964,0.006964
370,4767.52,1.56406,1.43104,1.35962,0.81516,0.64043,0.73798,0.42328,1.59773,1.29257,1.34595,0.00695575,0.00695575,0.00695575
371,4781.18,1.54627,1.44036,1.3524,0.89498,0.58936,0.74799,0.42567,1.61396,1.27682,1.35206,0.0069475,0.0069475,0.0069475
372,4792.99,1.55622,1.45371,1.34134,0.82525,0.62553,0.74653,0.42267,1.6233,1.27987,1.34617,0.00693925,0.00693925,0.00693925
373,4804.21,1.56841,1.45239,1.35205,0.80643,0.64708,0.74731,0.42674,1.61887,1.2832,1.34359,0.006931,0.006931,0.006931
374,4815.78,1.55297,1.4292,1.34353,0.8937,0.62607,0.74991,0.43484,1.60327,1.30456,1.33215,0.00692275,0.00692275,0.00692275
375,4829.48,1.52094,1.41791,1.33914,0.83367,0.65106,0.74421,0.42931,1.59563,1.27218,1.32283,0.0069145,0.0069145,0.0069145
376,4842.38,1.5437,1.42718,1.35429,0.82567,0.65319,0.75146,0.43877,1.5954,1.29182,1.32218,0.00690625,0.00690625,0.00690625
377,4853.94,1.54614,1.39811,1.33092,0.83224,0.65106,0.74892,0.43294,1.60936,1.29787,1.32777,0.006898,0.006898,0.006898
378,4865.1,1.54655,1.44023,1.36081,0.81967,0.67699,0.75899,0.43711,1.59216,1.27997,1.33321,0.00688975,0.00688975,0.00688975
379,4876.92,1.51976,1.39622,1.31321,0.84175,0.65532,0.76248,0.43953,1.57963,1.25472,1.33029,0.0068815,0.0068815,0.0068815
380,4890.34,1.54111,1.40637,1.33918,0.83719,0.67021,0.76817,0.43823,1.5949,1.25141,1.3368,0.00687325,0.00687325,0.00687325
381,4901.52,1.51194,1.39473,1.3183,0.84207,0.68066,0.77214,0.44116,1.60756,1.25289,1.32506,0.006865,0.006865,0.006865
382,4912.99,1.52824,1.41885,1.32278,0.85173,0.65957,0.75907,0.43872,1.60986,1.27305,1.31699,0.00685675,0.00685675,0.00685675
383,4925.14,1.5266,1.40567,1.339,0.85452,0.64043,0.75213,0.43852,1.60559,1.26741,1.32035,0.0068485,0.0068485,0.0068485
384,4937.92,1.52345,1.41874,1.33994,0.82501,0.66809,0.75438,0.44078,1.59353,1.25088,1.31613,0.00684025,0.00684025,0.00684025
385,4949.07,1.54061,1.4136,1.3356,0.81913,0.68298,0.76247,0.44282,1.57532,1.24127,1.3018,0.006832,0.006832,0.006832
386,4960.56,1.50286,1.3801,1.30642,0.84032,0.66063,0.7646,0.44708,1.57365,1.24493,1.3029,0.00682375,0.00682375,0.00682375
387,4973.24,1.48914,1.33936,1.29754,0.84906,0.65532,0.7688,0.45049,1.56904,1.22623,1.28664,0.0068155,0.0068155,0.0068155
388,4986.02,1.50381,1.34767,1.32291,0.86027,0.65106,0.76608,0.44405,1.56964,1.22857,1.29795,0.00680725,0.00680725,0.00680725
389,4996.64,1.52459,1.37158,1.33228,0.81166,0.67853,0.76544,0.44616,1.57939,1.22995,1.30151,0.006799,0.006799,0.006799
390,5007.89,1.50213,1.38835,1.32814,0.8318,0.68085,0.76736,0.44427,1.57132,1.22878,1.29855,0.00679075,0.00679075,0.00679075
391,5020.51,1.49379,1.36308,1.31868,0.82183,0.65754,0.75921,0.43969,1.60013,1.27101,1.31039,0.0067825,0.0067825,0.0067825
392,5032.23,1.52063,1.4032,1.32326,0.84866,0.66383,0.76271,0.44484,1.56669,1.24394,1.29057,0.00677425,0.00677425,0.00677425
393,5043.39,1.51477,1.38834,1.32223,0.83873,0.69362,0.76345,0.45325,1.53585,1.23368,1.28345,0.006766,0.006766,0.006766
394,5054.94,1.50716,1.36523,1.31504,0.86688,0.6766,0.77409,0.45733,1.53624,1.22233,1.28543,0.00675775,0.00675775,0.00675775
395,5068.3,1.50867,1.3753,1.32293,0.84253,0.66809,0.77518,0.45313,1.5536,1.21818,1.29637,0.0067495,0.0067495,0.0067495
396,5079.53,1.48478,1.33422,1.28563,0.83222,0.69652,0.78812,0.46341,1.54021,1.17731,1.28624,0.00674125,0.00674125,0.00674125
397,5090.94,1.5085,1.34181,1.3024,0.84401,0.69072,0.78562,0.463,1.55798,1.18205,1.28317,0.006733,0.006733,0.006733
398,5102.9,1.45543,1.30853,1.28202,0.87016,0.68723,0.77943,0.45494,1.57269,1.20535,1.286,0.00672475,0.00672475,0.00672475
399,5115.51,1.4744,1.33824,1.29721,0.83033,0.69761,0.7771,0.45478,1.5644,1.21288,1.29143,0.0067165,0.0067165,0.0067165
400,5126.69,1.49568,1.34071,1.29989,0.82146,0.68936,0.77225,0.45538,1.54901,1.20788,1.28757,0.00670825,0.00670825,0.00670825
401,5137.86,1.50639,1.38778,1.31258,0.8768,0.64894,0.77162,0.45508,1.53575,1.19271,1.27576,0.0067,0.0067,0.0067
402,5150.82,1.49893,1.37921,1.30758,0.87752,0.66596,0.77704,0.46219,1.54467,1.17532,1.27775,0.00669175,0.00669175,0.00669175
403,5163.99,1.46448,1.30773,1.29972,0.82356,0.71064,0.78206,0.46274,1.53507,1.17349,1.28049,0.0066835,0.0066835,0.0066835
404,5175.17,1.47789,1.33117,1.30102,0.83718,0.69149,0.78122,0.46159,1.54613,1.17581,1.27848,0.00667525,0.00667525,0.00667525
405,5186.38,1.46876,1.30779,1.2952,0.89385,0.67021,0.79098,0.47065,1.51848,1.15039,1.2559,0.006667,0.006667,0.006667
406,5198.78,1.47012,1.33939,1.29903,0.87489,0.68441,0.79402,0.47451,1.52092,1.15243,1.25773,0.00665875,0.00665875,0.00665875
407,5211.42,1.48145,1.34876,1.30506,0.88179,0.67021,0.78376,0.46735,1.52796,1.17402,1.26901,0.0066505,0.0066505,0.0066505
408,5222.62,1.45214,1.31074,1.28624,0.87216,0.6766,0.78313,0.4636,1.52481,1.18078,1.26893,0.00664225,0.00664225,0.00664225
409,5233.82,1.47613,1.32633,1.30148,0.88799,0.68298,0.79487,0.47026,1.51913,1.16267,1.25739,0.006634,0.006634,0.006634
410,5246.85,1.46158,1.2908,1.27748,0.87491,0.66967,0.78707,0.47262,1.51881,1.18175,1.25278,0.00662575,0.00662575,0.00662575
411,5257.98,1.45754,1.30552,1.28412,0.90525,0.67086,0.78606,0.4714,1.51117,1.16579,1.24939,0.0066175,0.0066175,0.0066175
412,5269.04,1.45903,1.31605,1.2833,0.89308,0.6766,0.79043,0.47831,1.50722,1.15064,1.25713,0.00660925,0.00660925,0.00660925
413,5280.69,1.46212,1.28572,1.2753,0.87549,0.69362,0.79494,0.47689,1.5194,1.16252,1.26167,0.006601,0.006601,0.006601
414,5293.12,1.45452,1.28966,1.25356,0.86427,0.70851,0.79727,0.4792,1.51168,1.14923,1.25371,0.00659275,0.00659275,0.00659275
415,5304.54,1.47773,1.31357,1.27911,0.86879,0.71846,0.80664,0.48369,1.49897,1.14309,1.25208,0.0065845,0.0065845,0.0065845
416,5315.99,1.48702,1.29903,1.29022,0.86053,0.70426,0.80059,0.48143,1.50265,1.14901,1.26057,0.00657625,0.00657625,0.00657625
417,5328.75,1.45683,1.29673,1.27179,0.88146,0.6803,0.79499,0.4819,1.48652,1.15451,1.2519,0.006568,0.006568,0.006568
418,5339.94,1.43667,1.27408,1.27013,0.85496,0.70426,0.79385,0.49024,1.45435,1.13644,1.24482,0.00655975,0.00655975,0.00655975
419,5351.4,1.42355,1.2506,1.26511,0.84025,0.71489,0.79923,0.49484,1.45303,1.11986,1.2424,0.0065515,0.0065515,0.0065515
420,5363.84,1.45326,1.27106,1.26526,0.84363,0.71169,0.7971,0.49687,1.46348,1.12014,1.24602,0.00654325,0.00654325,0.00654325
421,5376.5,1.4488,1.30571,1.2726,0.86678,0.70602,0.79353,0.49141,1.47034,1.13501,1.25626,0.006535,0.006535,0.006535
422,5387.78,1.4518,1.28785,1.26731,0.88483,0.67872,0.79362,0.49262,1.48103,1.13611,1.2605,0.00652675,0.00652675,0.00652675
423,5398.96,1.41691,1.25814,1.25842,0.83536,0.71489,0.79396,0.48848,1.50466,1.13836,1.259,0.0065185,0.0065185,0.0065185
424,5411.82,1.4389,1.27239,1.27135,0.85857,0.71039,0.7949,0.49158,1.48652,1.12047,1.25469,0.00651025,0.00651025,0.00651025
425,5422.99,1.4315,1.27346,1.26722,0.86918,0.69149,0.79079,0.49299,1.48966,1.12858,1.25781,0.006502,0.006502,0.006502
426,5434.05,1.42204,1.2668,1.26619,0.89741,0.6766,0.79189,0.49462,1.47455,1.12645,1.24928,0.00649375,0.00649375,0.00649375
427,5446.15,1.44108,1.26461,1.2778,0.88614,0.6955,0.79376,0.49672,1.46629,1.13123,1.24369,0.0064855,0.0064855,0.0064855
428,5458.06,1.42404,1.25206,1.25582,0.87173,0.70638,0.80329,0.50012,1.46826,1.11527,1.23482,0.00647725,0.00647725,0.00647725
429,5469.53,1.40824,1.24826,1.25983,0.89911,0.72054,0.81411,0.50168,1.46617,1.1022,1.2266,0.006469,0.006469,0.006469
430,5481.06,1.43866,1.27467,1.2557,0.89867,0.70426,0.8134,0.50177,1.46318,1.09144,1.22541,0.00646075,0.00646075,0.00646075
431,5494.2,1.42144,1.2349,1.25052,0.88199,0.71555,0.80962,0.49917,1.48049,1.09532,1.23361,0.0064525,0.0064525,0.0064525
432,5505.33,1.40225,1.22091,1.24084,0.88876,0.69694,0.80906,0.50531,1.457,1.08881,1.23082,0.00644425,0.00644425,0.00644425
433,5516.58,1.40688,1.25657,1.25972,0.916,0.67289,0.80624,0.50313,1.45818,1.09644,1.23944,0.006436,0.006436,0.006436
434,5528.77,1.40962,1.22624,1.24232,0.90779,0.68936,0.81507,0.50826,1.45782,1.09369,1.24824,0.00642775,0.00642775,0.00642775
435,5540.98,1.43454,1.26535,1.27102,0.89352,0.69787,0.81022,0.50997,1.45856,1.10423,1.24498,0.0064195,0.0064195,0.0064195
436,5552.54,1.37607,1.19488,1.23631,0.86254,0.73429,0.81677,0.51291,1.44665,1.07026,1.23303,0.00641125,0.00641125,0.00641125
437,5564.05,1.43115,1.26217,1.26097,0.89235,0.72128,0.81695,0.51303,1.44409,1.06794,1.22282,0.006403,0.006403,0.006403
438,5577.38,1.40822,1.21695,1.25452,0.86298,0.71702,0.81523,0.50595,1.4584,1.06154,1.23013,0.00639475,0.00639475,0.00639475
439,5588.52,1.40033,1.19113,1.23635,0.84386,0.74043,0.8138,0.50743,1.46936,1.0822,1.2276,0.0063865,0.0063865,0.0063865
440,5599.54,1.43138,1.24733,1.25728,0.85953,0.74208,0.8155,0.50919,1.45357,1.08226,1.22653,0.00637825,0.00637825,0.00637825
441,5611.99,1.41209,1.23426,1.2505,0.86469,0.73191,0.81675,0.51022,1.44362,1.08479,1.21903,0.00637,0.00637,0.00637
442,5623.16,1.39531,1.19547,1.24875,0.854,0.75532,0.81521,0.50972,1.436,1.0741,1.21739,0.00636175,0.00636175,0.00636175
443,5634.33,1.40728,1.21644,1.24869,0.85583,0.74468,0.81105,0.51278,1.42755,1.06505,1.21611,0.0063535,0.0063535,0.0063535
444,5645.91,1.40444,1.17067,1.22067,0.87392,0.75532,0.81634,0.51828,1.42827,1.06633,1.2101,0.00634525,0.00634525,0.00634525
445,5658.46,1.40797,1.19434,1.23151,0.87266,0.73404,0.80974,0.51244,1.43935,1.07915,1.21648,0.006337,0.006337,0.006337
446,5669.35,1.37973,1.18046,1.2271,0.86208,0.75106,0.81215,0.5061,1.45322,1.08211,1.21893,0.00632875,0.00632875,0.00632875
447,5680.59,1.38203,1.17635,1.2278,0.88133,0.7234,0.80653,0.50581,1.44103,1.07801,1.21092,0.0063205,0.0063205,0.0063205
448,5693.01,1.41096,1.22273,1.24596,0.88078,0.72979,0.80962,0.50717,1.4486,1.09708,1.2106,0.00631225,0.00631225,0.00631225
449,5704.03,1.38075,1.17853,1.22435,0.88632,0.72766,0.81383,0.51253,1.44932,1.10516,1.20382,0.006304,0.006304,0.006304
450,5715.25,1.39708,1.2141,1.24238,0.88694,0.73439,0.816,0.51005,1.43594,1.10092,1.20362,0.00629575,0.00629575,0.00629575
451,5727.79,1.38806,1.18003,1.22354,0.87448,0.73404,0.81603,0.5135,1.42158,1.10172,1.19737,0.0062875,0.0062875,0.0062875
452,5738.97,1.38807,1.19667,1.24663,0.88049,0.72109,0.81166,0.51127,1.42641,1.09113,1.19537,0.00627925,0.00627925,0.00627925
453,5750.1,1.38306,1.16751,1.23574,0.83986,0.75106,0.81185,0.51355,1.42115,1.07485,1.19415,0.006271,0.006271,0.006271
454,5761.34,1.3823,1.17901,1.22635,0.8989,0.71702,0.82156,0.52306,1.41007,1.04407,1.18962,0.00626275,0.00626275,0.00626275
455,5773.59,1.36218,1.17239,1.22475,0.86964,0.74255,0.82357,0.52319,1.39695,1.03883,1.18685,0.0062545,0.0062545,0.0062545
456,5784.94,1.38351,1.18102,1.23216,0.88574,0.72571,0.82272,0.52526,1.39811,1.03342,1.17531,0.00624625,0.00624625,0.00624625
457,5796.43,1.3691,1.18313,1.23655,0.88201,0.74043,0.8294,0.52814,1.39793,1.0295,1.17993,0.006238,0.006238,0.006238
458,5808.87,1.37497,1.17013,1.22161,0.87146,0.75319,0.83536,0.53021,1.37954,1.03059,1.18006,0.00622975,0.00622975,0.00622975
459,5820.37,1.36146,1.16497,1.21903,0.88631,0.74641,0.83496,0.53012,1.37753,1.03181,1.1782,0.0062215,0.0062215,0.0062215
460,5831.58,1.3679,1.18001,1.23291,0.87646,0.75957,0.83893,0.53,1.38517,1.03472,1.18103,0.00621325,0.00621325,0.00621325
461,5843.55,1.35439,1.16321,1.21805,0.8738,0.76604,0.83964,0.53453,1.37939,1.0234,1.18719,0.006205,0.006205,0.006205
462,5854.82,1.36911,1.16642,1.2282,0.9033,0.75106,0.84057,0.53331,1.37885,1.01685,1.18453,0.00619675,0.00619675,0.00619675
463,5866,1.38774,1.20995,1.23407,0.91442,0.74255,0.84187,0.53522,1.39245,1.00227,1.18517,0.0061885,0.0061885,0.0061885
464,5878.43,1.33129,1.1361,1.19786,0.91559,0.74043,0.84749,0.53662,1.37773,0.98949,1.1774,0.00618025,0.00618025,0.00618025
465,5889.88,1.35455,1.16284,1.21699,0.88216,0.77021,0.84772,0.53499,1.38017,1.00581,1.17401,0.006172,0.006172,0.006172
466,5901.13,1.34397,1.14212,1.21321,0.87531,0.76809,0.84245,0.53833,1.37116,1.01054,1.17209,0.00616375,0.00616375,0.00616375
467,5913.56,1.36747,1.16675,1.21974,0.8817,0.76383,0.84108,0.53899,1.37929,1.00077,1.17579,0.0061555,0.0061555,0.0061555
468,5925.05,1.36053,1.15389,1.21672,0.87431,0.7617,0.83781,0.5343,1.38187,1.00241,1.17622,0.00614725,0.00614725,0.00614725
469,5936.01,1.35878,1.14429,1.21592,0.87693,0.7617,0.83773,0.53719,1.37819,1.01963,1.17484,0.006139,0.006139,0.006139
470,5947.4,1.34672,1.14011,1.2102,0.87458,0.75667,0.83967,0.53441,1.36597,1.00417,1.16207,0.00613075,0.00613075,0.00613075
471,5958.91,1.38241,1.16255,1.22405,0.85855,0.75532,0.8314,0.5289,1.36806,1.003,1.15879,0.0061225,0.0061225,0.0061225
472,5970.12,1.36005,1.14909,1.19783,0.87252,0.75723,0.83702,0.53142,1.374,1.00209,1.15971,0.00611425,0.00611425,0.00611425
473,5981.23,1.33388,1.14151,1.20388,0.85615,0.78514,0.83693,0.53849,1.37321,1.0047,1.16004,0.006106,0.006106,0.006106
474,5993.22,1.30896,1.10463,1.1938,0.89129,0.76752,0.83662,0.53594,1.37297,1.00383,1.16291,0.00609775,0.00609775,0.00609775
475,6004.33,1.34393,1.13264,1.1969,0.8748,0.77304,0.83929,0.53514,1.38036,1.00944,1.16849,0.0060895,0.0060895,0.0060895
476,6015.49,1.34703,1.14349,1.2023,0.88682,0.76686,0.83639,0.52834,1.38139,1.00469,1.16716,0.00608125,0.00608125,0.00608125
477,6027.56,1.32724,1.12341,1.19795,0.91074,0.75983,0.83585,0.5287,1.38756,1.00301,1.17119,0.006073,0.006073,0.006073
478,6038.83,1.33094,1.12262,1.19229,0.906,0.74681,0.84044,0.53343,1.38249,1.00623,1.17314,0.00606475,0.00606475,0.00606475
479,6050.07,1.33457,1.12014,1.18678,0.91862,0.74043,0.84041,0.53508,1.38523,1.00095,1.17155,0.0060565,0.0060565,0.0060565
480,6062.1,1.35247,1.12074,1.2066,0.8942,0.73732,0.83969,0.53908,1.37884,0.99757,1.16959,0.00604825,0.00604825,0.00604825
481,6073.38,1.33661,1.10318,1.18325,0.86992,0.75745,0.83904,0.54155,1.37357,0.99889,1.17221,0.00604,0.00604,0.00604
482,6084.92,1.36544,1.16812,1.20048,0.87591,0.75957,0.84197,0.54099,1.359,0.9851,1.171,0.00603175,0.00603175,0.00603175
483,6096.98,1.32788,1.10036,1.19389,0.87497,0.77428,0.84733,0.54975,1.34355,0.97423,1.16843,0.0060235,0.0060235,0.0060235
484,6108.27,1.32358,1.10955,1.19357,0.87838,0.76596,0.84974,0.55135,1.3475,0.98328,1.16851,0.00601525,0.00601525,0.00601525
485,6119.44,1.33566,1.11707,1.1942,0.90096,0.76596,0.85339,0.55113,1.35084,0.9783,1.16445,0.006007,0.006007,0.006007
486,6131.46,1.30612,1.09446,1.18594,0.90588,0.75772,0.84804,0.54924,1.34891,0.97762,1.16528,0.00599875,0.00599875,0.00599875
487,6143.31,1.3228,1.11958,1.18966,0.89426,0.75578,0.84647,0.54918,1.35016,0.98522,1.16468,0.0059905,0.0059905,0.0059905
488,6154.49,1.31429,1.12512,1.19722,0.9052,0.75169,0.84814,0.54713,1.34903,0.99697,1.16828,0.00598225,0.00598225,0.00598225
489,6165.76,1.32767,1.10222,1.17221,0.91773,0.7383,0.84336,0.54825,1.3544,1.00194,1.16915,0.005974,0.005974,0.005974
490,6177.6,1.31462,1.09045,1.18163,0.91547,0.73735,0.84694,0.54704,1.34391,0.98878,1.1591,0.00596575,0.00596575,0.00596575
491,6188.8,1.30164,1.08679,1.18176,0.92488,0.73617,0.84697,0.55391,1.34388,0.97661,1.15805,0.0059575,0.0059575,0.0059575
492,6200.35,1.32485,1.11487,1.19088,0.92122,0.7383,0.85036,0.55422,1.33143,0.95879,1.15526,0.00594925,0.00594925,0.00594925
493,6212.44,1.32154,1.08317,1.17852,0.89622,0.75957,0.85062,0.55471,1.34258,0.95827,1.15839,0.005941,0.005941,0.005941
494,6224.07,1.30756,1.08928,1.18141,0.93336,0.74043,0.85053,0.55402,1.34865,0.9611,1.15965,0.00593275,0.00593275,0.00593275
495,6235.28,1.2952,1.08801,1.18795,0.92609,0.74651,0.85149,0.55616,1.34345,0.96761,1.16255,0.0059245,0.0059245,0.0059245
496,6247.62,1.30161,1.09716,1.17949,0.93336,0.72766,0.85023,0.55492,1.3409,0.96437,1.16767,0.00591625,0.00591625,0.00591625
497,6258.74,1.28771,1.07811,1.17723,0.89794,0.75532,0.85409,0.55967,1.34363,0.96421,1.16685,0.005908,0.005908,0.005908
498,6270.07,1.3207,1.09854,1.1836,0.89629,0.77226,0.86002,0.55609,1.34968,0.96237,1.16266,0.00589975,0.00589975,0.00589975
499,6282.16,1.29863,1.06145,1.16467,0.88189,0.77234,0.856,0.55783,1.34404,0.96199,1.16129,0.0058915,0.0058915,0.0058915
500,6293.41,1.30578,1.07824,1.17734,0.90617,0.76596,0.85613,0.55916,1.3333,0.95134,1.15206,0.00588325,0.00588325,0.00588325
501,6304.46,1.30905,1.08717,1.18647,0.90581,0.75711,0.85724,0.56162,1.3243,0.94936,1.14385,0.005875,0.005875,0.005875
502,6316.51,1.31717,1.09889,1.18541,0.8887,0.77872,0.85683,0.5608,1.3264,0.95419,1.14157,0.00586675,0.00586675,0.00586675
503,6328.28,1.30104,1.08676,1.1831,0.91947,0.75309,0.85074,0.55628,1.32943,0.96787,1.1395,0.0058585,0.0058585,0.0058585
504,6339.04,1.31869,1.07459,1.17597,0.89999,0.76591,0.85724,0.56173,1.31874,0.96101,1.13064,0.00585025,0.00585025,0.00585025
505,6350.26,1.26861,1.06744,1.16309,0.91313,0.76045,0.85831,0.56122,1.31815,0.96221,1.12952,0.005842,0.005842,0.005842
506,6362.24,1.30104,1.06968,1.16666,0.90859,0.76809,0.85976,0.56565,1.30758,0.95187,1.12445,0.00583375,0.00583375,0.00583375
507,6373.78,1.25928,1.02674,1.15643,0.89881,0.75745,0.85619,0.56692,1.30467,0.95038,1.12344,0.0058255,0.0058255,0.0058255
508,6385.23,1.28171,1.06816,1.16185,0.90358,0.75768,0.85708,0.56655,1.31221,0.95408,1.12377,0.00581725,0.00581725,0.00581725
509,6397.23,1.29129,1.03262,1.15486,0.91954,0.7617,0.86159,0.57079,1.30935,0.96032,1.1256,0.005809,0.005809,0.005809
510,6408.73,1.28897,1.06518,1.16437,0.87024,0.78723,0.8586,0.57268,1.30431,0.9525,1.1254,0.00580075,0.00580075,0.00580075
511,6420.25,1.30924,1.08146,1.17832,0.9132,0.75319,0.86014,0.57138,1.31223,0.95461,1.12869,0.0057925,0.0057925,0.0057925
512,6432.34,1.28743,1.04484,1.15586,0.90594,0.75826,0.86335,0.57125,1.3096,0.94991,1.12646,0.00578425,0.00578425,0.00578425
513,6443.45,1.26489,1.03895,1.15686,0.93017,0.75532,0.86316,0.57153,1.30365,0.94765,1.12732,0.005776,0.005776,0.005776
514,6454.64,1.28255,1.04691,1.16521,0.94031,0.75106,0.86271,0.56821,1.29822,0.94,1.1258,0.00576775,0.00576775,0.00576775
515,6466.72,1.26918,1.04258,1.15356,0.89641,0.78511,0.86605,0.57047,1.29953,0.94019,1.13128,0.0057595,0.0057595,0.0057595
516,6477.78,1.28318,1.05877,1.16021,0.91155,0.78085,0.86391,0.57026,1.29696,0.93881,1.13153,0.00575125,0.00575125,0.00575125
517,6488.88,1.26103,1.06331,1.15161,0.91296,0.77872,0.86395,0.56818,1.29053,0.92427,1.12899,0.005743,0.005743,0.005743
518,6500.59,1.28544,1.05709,1.16033,0.90309,0.78298,0.8645,0.57084,1.28175,0.92992,1.12675,0.00573475,0.00573475,0.00573475
519,6512.31,1.30094,1.07156,1.17724,0.89924,0.77857,0.85743,0.56615,1.29566,0.93356,1.13153,0.0057265,0.0057265,0.0057265
520,6523.45,1.25625,1.04414,1.16097,0.89031,0.7766,0.85822,0.56039,1.30031,0.93259,1.13496,0.00571825,0.00571825,0.00571825
521,6534.61,1.25673,1.02412,1.13896,0.89532,0.76809,0.85755,0.56443,1.28988,0.92712,1.13073,0.00571,0.00571,0.00571
522,6546.35,1.26516,1.04868,1.15907,0.90353,0.75532,0.85992,0.56955,1.29014,0.93096,1.13287,0.00570175,0.00570175,0.00570175
523,6557.3,1.25302,1.0215,1.14337,0.91459,0.7519,0.85944,0.57063,1.2831,0.92872,1.13,0.0056935,0.0056935,0.0056935
524,6568.51,1.25834,1.0274,1.14968,0.89661,0.75649,0.85991,0.57098,1.28863,0.92788,1.12461,0.00568525,0.00568525,0.00568525
525,6580.66,1.24719,1.02782,1.13572,0.91948,0.7532,0.85899,0.57223,1.28343,0.93337,1.12228,0.005677,0.005677,0.005677
526,6591.81,1.25535,1.03844,1.15296,0.89483,0.78085,0.86022,0.5759,1.27644,0.92417,1.11955,0.00566875,0.00566875,0.00566875
527,6603.28,1.26122,1.03859,1.14622,0.89559,0.78477,0.85974,0.57661,1.27848,0.91601,1.11782,0.0056605,0.0056605,0.0056605
528,6615.55,1.25547,1.0149,1.15082,0.89648,0.79228,0.86395,0.57609,1.28167,0.91281,1.11618,0.00565225,0.00565225,0.00565225
529,6626.81,1.23894,1.01079,1.14107,0.90216,0.78298,0.8625,0.579,1.28493,0.92973,1.12002,0.005644,0.005644,0.005644
530,6638.37,1.2508,1.02259,1.1538,0.90914,0.78298,0.86472,0.57594,1.29072,0.92967,1.12052,0.00563575,0.00563575,0.00563575
531,6649.87,1.26175,1.03694,1.15237,0.89671,0.78511,0.86507,0.57348,1.29031,0.92989,1.11929,0.0056275,0.0056275,0.0056275
532,6661.07,1.22672,1.00975,1.14822,0.9122,0.77364,0.8653,0.57356,1.28219,0.92451,1.11646,0.00561925,0.00561925,0.00561925
533,6672.13,1.24872,1.01476,1.14709,0.89192,0.78723,0.86837,0.58064,1.2694,0.92385,1.11346,0.005611,0.005611,0.005611
534,6683.93,1.26406,1.03561,1.15107,0.92554,0.76697,0.86765,0.5827,1.26463,0.91983,1.11301,0.00560275,0.00560275,0.00560275
535,6696.18,1.25164,1.01172,1.14526,0.90386,0.7801,0.86355,0.58192,1.26631,0.92299,1.11643,0.0055945,0.0055945,0.0055945
536,6707.21,1.24626,1.01926,1.13729,0.93497,0.7766,0.86869,0.58068,1.26544,0.92366,1.11517,0.00558625,0.00558625,0.00558625
537,6718.25,1.22897,0.99696,1.13866,0.9345,0.77872,0.86946,0.58315,1.2605,0.91799,1.11332,0.005578,0.005578,0.005578
538,6730.45,1.21641,0.98199,1.13401,0.91095,0.78357,0.86603,0.57662,1.26007,0.90363,1.11054,0.00556975,0.00556975,0.00556975
539,6741.65,1.23313,1.03368,1.13592,0.92499,0.7766,0.86967,0.57646,1.2608,0.90403,1.10892,0.0055615,0.0055615,0.0055615
540,6752.8,1.24827,1.03651,1.14272,0.89899,0.78936,0.86488,0.57373,1.26279,0.90356,1.11031,0.00555325,0.00555325,0.00555325
541,6764.83,1.2422,1.03025,1.15579,0.88797,0.79261,0.86463,0.57453,1.26686,0.91413,1.11789,0.005545,0.005545,0.005545
542,6776.03,1.23165,0.99419,1.12734,0.9091,0.78736,0.86726,0.57979,1.25923,0.90672,1.11994,0.00553675,0.00553675,0.00553675
543,6787.28,1.22802,0.99782,1.12911,0.90576,0.78936,0.86563,0.57956,1.26431,0.90836,1.12119,0.0055285,0.0055285,0.0055285
544,6799.21,1.25134,1.0145,1.13488,0.90062,0.79053,0.86598,0.57794,1.27434,0.91613,1.12029,0.00552025,0.00552025,0.00552025
545,6810.33,1.24734,1.0035,1.13731,0.89958,0.79787,0.86937,0.57856,1.28315,0.91836,1.12044,0.005512,0.005512,0.005512
546,6821.54,1.23656,1.00357,1.13943,0.90498,0.79149,0.86566,0.57602,1.28698,0.91711,1.12151,0.00550375,0.00550375,0.00550375
547,6833.48,1.23121,0.98665,1.12638,0.91326,0.78406,0.87066,0.57866,1.2813,0.91759,1.11346,0.0054955,0.0054955,0.0054955
548,6844.64,1.2183,0.99696,1.12745,0.91578,0.78085,0.86966,0.5806,1.27594,0.9134,1.11128,0.00548725,0.00548725,0.00548725
549,6855.78,1.22327,0.98024,1.12659,0.9199,0.77234,0.86757,0.58297,1.26945,0.90158,1.10544,0.005479,0.005479,0.005479
550,6867.09,1.23009,0.98988,1.14411,0.92186,0.77816,0.87031,0.58122,1.26908,0.89532,1.10152,0.00547075,0.00547075,0.00547075
551,6879.15,1.20857,0.96482,1.12199,0.91391,0.79058,0.87669,0.58404,1.26665,0.89048,1.1018,0.0054625,0.0054625,0.0054625
552,6890.69,1.22659,0.98715,1.13915,0.91501,0.80174,0.87768,0.587,1.26067,0.88544,1.10095,0.00545425,0.00545425,0.00545425
553,6902.17,1.20937,0.97909,1.12436,0.91792,0.78511,0.87329,0.58679,1.26294,0.89219,1.1018,0.005446,0.005446,0.005446
554,6914.81,1.23952,0.99683,1.14162,0.90568,0.79676,0.87659,0.58926,1.25797,0.89236,1.09983,0.00543775,0.00543775,0.00543775
555,6926.04,1.21601,0.96711,1.13443,0.92653,0.7766,0.87321,0.5892,1.25827,0.89316,1.09841,0.0054295,0.0054295,0.0054295
556,6937.08,1.21315,0.97436,1.12937,0.9172,0.77772,0.87322,0.58842,1.25327,0.89008,1.0987,0.00542125,0.00542125,0.00542125
557,6949.18,1.22502,0.98099,1.12624,0.90611,0.7766,0.87043,0.58966,1.25584,0.88196,1.09996,0.005413,0.005413,0.005413
558,6960.84,1.21435,0.97225,1.12225,0.91967,0.77234,0.8685,0.58838,1.25615,0.88455,1.10336,0.00540475,0.00540475,0.00540475
559,6972,1.23484,0.99693,1.13746,0.90245,0.78936,0.86805,0.58814,1.25258,0.88375,1.1014,0.0053965,0.0053965,0.0053965
560,6983.23,1.18889,0.97191,1.12639,0.91699,0.78723,0.87057,0.5889,1.24945,0.8863,1.10071,0.00538825,0.00538825,0.00538825
561,6995.82,1.21523,0.97659,1.12129,0.9113,0.78698,0.87647,0.59121,1.2473,0.88185,1.09709,0.00538,0.00538,0.00538
562,7007.29,1.20494,0.9459,1.11848,0.90053,0.79362,0.87253,0.59192,1.24171,0.87744,1.09827,0.00537175,0.00537175,0.00537175
563,7018.67,1.21951,0.98496,1.11766,0.90481,0.8,0.87725,0.59472,1.23438,0.87282,1.09884,0.0053635,0.0053635,0.0053635
564,7031.45,1.20765,0.96848,1.1241,0.91233,0.79707,0.87663,0.5918,1.2477,0.87661,1.10041,0.00535525,0.00535525,0.00535525
565,7042.61,1.20161,0.95518,1.11127,0.92073,0.79082,0.88286,0.59476,1.2402,0.87054,1.09578,0.005347,0.005347,0.005347
566,7054.02,1.19543,0.9704,1.11492,0.95026,0.76596,0.88091,0.59345,1.24712,0.87784,1.0969,0.00533875,0.00533875,0.00533875
567,7065.76,1.20633,0.95064,1.11379,0.92393,0.78723,0.88525,0.5921,1.24825,0.88516,1.09501,0.0053305,0.0053305,0.0053305
568,7077.71,1.2253,0.97384,1.12663,0.92218,0.7816,0.88508,0.59045,1.25153,0.88464,1.09791,0.00532225,0.00532225,0.00532225
569,7088.88,1.2118,0.97633,1.12612,0.93745,0.77234,0.88533,0.59594,1.24457,0.88727,1.09809,0.005314,0.005314,0.005314
570,7100.41,1.18626,0.94841,1.11609,0.93991,0.76542,0.88302,0.59748,1.23676,0.88146,1.09533,0.00530575,0.00530575,0.00530575
571,7113.05,1.20194,0.95616,1.11851,0.90588,0.80851,0.88276,0.60089,1.22848,0.87082,1.09236,0.0052975,0.0052975,0.0052975
572,7124.58,1.19503,0.95758,1.11474,0.90478,0.80868,0.88369,0.60048,1.221,0.86289,1.09043,0.00528925,0.00528925,0.00528925
573,7135.76,1.22082,0.97781,1.12253,0.92334,0.79448,0.8869,0.59951,1.21993,0.8666,1.09025,0.005281,0.005281,0.005281
574,7148.03,1.20973,0.97511,1.11675,0.94806,0.7766,0.88322,0.5991,1.22628,0.86642,1.09152,0.00527275,0.00527275,0.00527275
575,7159.12,1.20348,0.96532,1.12176,0.94203,0.77447,0.87913,0.59587,1.22299,0.86661,1.09029,0.0052645,0.0052645,0.0052645
576,7170.15,1.17906,0.9513,1.11281,0.94856,0.7766,0.88267,0.59742,1.22231,0.86403,1.09283,0.00525625,0.00525625,0.00525625
577,7181.72,1.23736,0.98953,1.11533,0.95552,0.777,0.88596,0.59698,1.22661,0.865,1.09412,0.005248,0.005248,0.005248
578,7193.96,1.17737,0.94366,1.10466,0.95561,0.77872,0.88496,0.59648,1.23196,0.87301,1.09757,0.00523975,0.00523975,0.00523975
579,7205.11,1.22449,0.97086,1.12073,0.90273,0.80962,0.88309,0.59957,1.2229,0.86874,1.09122,0.0052315,0.0052315,0.0052315
580,7216.15,1.21091,0.97548,1.12121,0.90746,0.80851,0.88356,0.60468,1.21642,0.8585,1.09007,0.00522325,0.00522325,0.00522325
581,7228.71,1.1997,0.95636,1.10826,0.89996,0.823,0.88567,0.60403,1.21768,0.85556,1.08665,0.005215,0.005215,0.005215
582,7239.89,1.17384,0.95091,1.11129,0.88887,0.81688,0.88835,0.60515,1.21507,0.85665,1.08449,0.00520675,0.00520675,0.00520675
583,7251.32,1.18924,0.95007,1.10795,0.89698,0.81512,0.88934,0.60623,1.21534,0.85562,1.08301,0.0051985,0.0051985,0.0051985
584,7263.99,1.19235,0.94297,1.11144,0.89987,0.80851,0.88743,0.60496,1.21397,0.85606,1.0838,0.00519025,0.00519025,0.00519025
585,7275.14,1.18719,0.9395,1.11287,0.90667,0.80612,0.8866,0.60462,1.21635,0.85496,1.0832,0.005182,0.005182,0.005182
586,7286.17,1.20276,0.94554,1.10741,0.91534,0.80213,0.88623,0.60374,1.21765,0.86264,1.08267,0.00517375,0.00517375,0.00517375
587,7298.22,1.1565,0.91033,1.10255,0.92351,0.79639,0.88919,0.60485,1.2152,0.85958,1.08159,0.0051655,0.0051655,0.0051655
588,7310.1,1.18074,0.93886,1.11422,0.91533,0.80505,0.88583,0.60318,1.2149,0.86339,1.08206,0.00515725,0.00515725,0.00515725
589,7321.94,1.18019,0.92912,1.10497,0.92372,0.8,0.88616,0.60508,1.21076,0.86509,1.07918,0.005149,0.005149,0.005149
590,7333.08,1.16808,0.90759,1.09677,0.92046,0.80213,0.88637,0.60705,1.20682,0.85921,1.0757,0.00514075,0.00514075,0.00514075
591,7345.27,1.18234,0.93388,1.10154,0.91998,0.80719,0.88745,0.60975,1.20206,0.85779,1.07631,0.0051325,0.0051325,0.0051325
592,7356.74,1.16988,0.92519,1.10688,0.92605,0.79928,0.88491,0.60886,1.20283,0.86815,1.08021,0.00512425,0.00512425,0.00512425
593,7367.9,1.1509,0.90449,1.0869,0.92561,0.79362,0.88417,0.61322,1.20249,0.86944,1.08133,0.005116,0.005116,0.005116
594,7380.16,1.13345,0.90916,1.10001,0.92839,0.8,0.88744,0.61282,1.20292,0.86777,1.07983,0.00510775,0.00510775,0.00510775
595,7391.27,1.17063,0.92142,1.10236,0.92402,0.79574,0.88704,0.61455,1.20643,0.86941,1.07925,0.0050995,0.0050995,0.0050995
596,7402.66,1.14676,0.90598,1.08917,0.9214,0.79815,0.88077,0.61512,1.20745,0.86763,1.08081,0.00509125,0.00509125,0.00509125
597,7414.54,1.15926,0.92442,1.10052,0.92334,0.79448,0.88213,0.61449,1.21144,0.86778,1.08047,0.005083,0.005083,0.005083
598,7425.65,1.16199,0.91688,1.09095,0.90013,0.79574,0.88446,0.61218,1.21748,0.87346,1.08331,0.00507475,0.00507475,0.00507475
599,7436.82,1.17898,0.92549,1.09221,0.90962,0.8,0.8884,0.61368,1.21803,0.86755,1.08252,0.0050665,0.0050665,0.0050665
600,7448.8,1.1902,0.95212,1.10714,0.92252,0.79362,0.88996,0.614,1.21565,0.86407,1.08015,0.00505825,0.00505825,0.00505825
601,7459.89,1.16781,0.91834,1.08693,0.92974,0.77872,0.89053,0.61426,1.21713,0.86265,1.08141,0.00505,0.00505,0.00505
602,7471.39,1.17606,0.92804,1.09362,0.8986,0.80851,0.89381,0.61388,1.21056,0.85251,1.07593,0.00504175,0.00504175,0.00504175
603,7482.8,1.172,0.92542,1.09465,0.93044,0.79362,0.8962,0.61709,1.20665,0.85347,1.07384,0.0050335,0.0050335,0.0050335
604,7494.95,1.15698,0.91503,1.09065,0.93289,0.80638,0.89914,0.61342,1.19987,0.85109,1.06842,0.00502525,0.00502525,0.00502525
605,7506.04,1.19007,0.94005,1.09611,0.9245,0.81064,0.89756,0.61204,1.20167,0.84923,1.06469,0.005017,0.005017,0.005017
606,7517.1,1.15503,0.89521,1.08774,0.93111,0.80213,0.89659,0.61162,1.20555,0.85083,1.06737,0.00500875,0.00500875,0.00500875
607,7529.02,1.15996,0.91271,1.09396,0.90981,0.81064,0.89269,0.61282,1.20624,0.84668,1.06814,0.0050005,0.0050005,0.0050005
608,7540.15,1.14817,0.89318,1.07835,0.90504,0.81116,0.8915,0.61217,1.20433,0.84453,1.06675,0.00499225,0.00499225,0.00499225
609,7551.23,1.17407,0.91972,1.08473,0.91336,0.80745,0.89289,0.61248,1.19861,0.84625,1.0681,0.004984,0.004984,0.004984
610,7562.95,1.17196,0.91739,1.08414,0.92756,0.80638,0.89364,0.61385,1.19473,0.84269,1.0676,0.00497575,0.00497575,0.00497575
611,7574.09,1.1502,0.90288,1.08261,0.92647,0.80431,0.89497,0.61923,1.19204,0.83983,1.0664,0.0049675,0.0049675,0.0049675
612,7585.56,1.17296,0.93147,1.1035,0.91416,0.81567,0.89451,0.61761,1.18947,0.83511,1.06454,0.00495925,0.00495925,0.00495925
613,7597.34,1.15274,0.89851,1.09399,0.91604,0.81064,0.89352,0.61528,1.19102,0.83715,1.06809,0.004951,0.004951,0.004951
614,7608.52,1.1274,0.8833,1.0816,0.90831,0.822,0.89831,0.61628,1.19322,0.83516,1.06994,0.00494275,0.00494275,0.00494275
615,7619.58,1.15312,0.90397,1.08364,0.89847,0.81915,0.89477,0.61427,1.19763,0.83411,1.07154,0.0049345,0.0049345,0.0049345
616,7631.54,1.15192,0.90271,1.09646,0.90906,0.81702,0.89583,0.61264,1.19343,0.83263,1.07138,0.00492625,0.00492625,0.00492625
617,7642.47,1.13622,0.89339,1.08429,0.91652,0.8176,0.89684,0.61804,1.18942,0.82861,1.06853,0.004918,0.004918,0.004918
618,7653.62,1.14072,0.89553,1.08963,0.9124,0.81489,0.8966,0.62003,1.19094,0.83457,1.06785,0.00490975,0.00490975,0.00490975
619,7665.65,1.14765,0.89147,1.09226,0.91682,0.81277,0.89725,0.62054,1.1863,0.8313,1.06463,0.0049015,0.0049015,0.0049015
620,7677.85,1.10527,0.86504,1.07577,0.91495,0.82128,0.89676,0.62276,1.18337,0.8316,1.06167,0.00489325,0.00489325,0.00489325
621,7689.23,1.14312,0.89432,1.0703,0.92708,0.8115,0.8956,0.62094,1.1858,0.82982,1.06058,0.004885,0.004885,0.004885
622,7700.48,1.14765,0.89646,1.08359,0.92628,0.81489,0.89828,0.61929,1.17956,0.82505,1.0562,0.00487675,0.00487675,0.00487675
623,7712.6,1.14201,0.89007,1.07738,0.93793,0.80851,0.89732,0.62027,1.1798,0.8259,1.0577,0.0048685,0.0048685,0.0048685
624,7723.78,1.13663,0.90869,1.08285,0.9429,0.80814,0.89772,0.62068,1.1743,0.82559,1.056,0.00486025,0.00486025,0.00486025
625,7734.86,1.1401,0.89454,1.08313,0.94534,0.80947,0.89812,0.62288,1.17052,0.82269,1.05233,0.004852,0.004852,0.004852
626,7747.07,1.1499,0.90215,1.08526,0.92411,0.81489,0.89209,0.62173,1.16951,0.82341,1.05276,0.00484375,0.00484375,0.00484375
627,7758.15,1.14244,0.88974,1.07786,0.91019,0.81915,0.89168,0.62013,1.17053,0.82753,1.05521,0.0048355,0.0048355,0.0048355
628,7768.93,1.11345,0.86839,1.06648,0.91558,0.81915,0.89219,0.61934,1.17391,0.82617,1.05527,0.00482725,0.00482725,0.00482725
629,7780.79,1.14989,0.90533,1.08549,0.92738,0.80426,0.8933,0.61596,1.17586,0.82427,1.05329,0.004819,0.004819,0.004819
630,7791.81,1.13205,0.8914,1.07807,0.91739,0.82128,0.89614,0.61944,1.17224,0.8187,1.05173,0.00481075,0.00481075,0.00481075
631,7803.03,1.15623,0.8973,1.09077,0.92161,0.8255,0.90033,0.61963,1.17164,0.81814,1.05134,0.0048025,0.0048025,0.0048025
632,7815.04,1.10485,0.86727,1.06499,0.94032,0.81702,0.90121,0.62194,1.16878,0.81155,1.04917,0.00479425,0.00479425,0.00479425
633,7826.42,1.11923,0.86004,1.05835,0.93302,0.82766,0.90473,0.62486,1.16412,0.81023,1.04661,0.004786,0.004786,0.004786
634,7837.63,1.15149,0.88504,1.08262,0.92857,0.82553,0.90494,0.62332,1.16615,0.81496,1.04606,0.00477775,0.00477775,0.00477775
635,7849.28,1.12439,0.8727,1.07691,0.90783,0.82766,0.90345,0.62633,1.16671,0.81355,1.04654,0.0047695,0.0047695,0.0047695
636,7861.69,1.11802,0.86563,1.07061,0.91689,0.83404,0.90341,0.62489,1.17091,0.81699,1.04764,0.00476125,0.00476125,0.00476125
637,7872.93,1.11937,0.87313,1.07317,0.91971,0.82861,0.90304,0.62522,1.17004,0.8183,1.0488,0.004753,0.004753,0.004753
638,7884.12,1.10748,0.86802,1.07562,0.90667,0.82679,0.90114,0.62548,1.17259,0.81944,1.05131,0.00474475,0.00474475,0.00474475
639,7896.11,1.13587,0.87075,1.07015,0.90966,0.82979,0.9026,0.62391,1.17205,0.81491,1.05143,0.0047365,0.0047365,0.0047365
640,7907.25,1.08769,0.84319,1.06388,0.91481,0.82979,0.90383,0.62612,1.17503,0.81435,1.05344,0.00472825,0.00472825,0.00472825
641,7918.37,1.13166,0.86535,1.06273,0.92206,0.83191,0.90528,0.62334,1.17796,0.8154,1.05576,0.00472,0.00472,0.00472
642,7930.48,1.11208,0.86391,1.06305,0.90747,0.83617,0.90498,0.62356,1.1764,0.816,1.0548,0.00471175,0.00471175,0.00471175
643,7941.53,1.13032,0.87907,1.08181,0.93247,0.81489,0.90448,0.62723,1.16749,0.81349,1.05165,0.0047035,0.0047035,0.0047035
644,7953.03,1.1628,0.89398,1.08182,0.93633,0.81351,0.90298,0.62876,1.15781,0.80784,1.04749,0.00469525,0.00469525,0.00469525
645,7964.98,1.11676,0.85487,1.05642,0.92902,0.82766,0.90801,0.63171,1.1576,0.80738,1.04646,0.004687,0.004687,0.004687
646,7977.33,1.13445,0.88105,1.06991,0.91296,0.83191,0.90648,0.63083,1.16108,0.80933,1.04668,0.00467875,0.00467875,0.00467875
647,7988.47,1.12978,0.87704,1.07482,0.90908,0.82971,0.90505,0.63181,1.16287,0.8114,1.04829,0.0046705,0.0046705,0.0046705
648,7999.76,1.13344,0.8805,1.08224,0.91579,0.82766,0.90244,0.62945,1.16052,0.81394,1.04856,0.00466225,0.00466225,0.00466225
649,8012.06,1.09238,0.84726,1.06051,0.92288,0.82553,0.90493,0.62898,1.16137,0.81267,1.04879,0.004654,0.004654,0.004654
650,8023.18,1.13761,0.87025,1.06209,0.92393,0.82696,0.90542,0.63016,1.16156,0.80846,1.04577,0.00464575,0.00464575,0.00464575
651,8034.29,1.09419,0.8425,1.04612,0.93027,0.82323,0.90465,0.62845,1.15997,0.80496,1.04368,0.0046375,0.0046375,0.0046375
652,8046.44,1.12135,0.86873,1.06798,0.9176,0.82929,0.90322,0.62719,1.15906,0.81079,1.04214,0.00462925,0.00462925,0.00462925
653,8057.46,1.11704,0.86586,1.06173,0.91176,0.83617,0.90437,0.6277,1.15721,0.81129,1.03868,0.004621,0.004621,0.004621
654,8068.61,1.12287,0.87399,1.07837,0.916,0.8353,0.90409,0.62735,1.15728,0.81158,1.0382,0.00461275,0.00461275,0.00461275
655,8080.14,1.12024,0.8664,1.07187,0.91591,0.84043,0.9044,0.62786,1.15678,0.8095,1.03865,0.0046045,0.0046045,0.0046045
656,8091.81,1.11964,0.84629,1.06064,0.91632,0.83876,0.9047,0.63031,1.15673,0.80954,1.03788,0.00459625,0.00459625,0.00459625
657,8102.95,1.09249,0.84329,1.06067,0.93168,0.83404,0.90663,0.63196,1.15753,0.80914,1.0373,0.004588,0.004588,0.004588
658,8114.67,1.10386,0.81787,1.05747,0.93465,0.82166,0.90647,0.63348,1.15734,0.80658,1.03632,0.00457975,0.00457975,0.00457975
659,8127.38,1.1042,0.85737,1.05587,0.9302,0.81915,0.90492,0.63543,1.15494,0.804,1.03561,0.0045715,0.0045715,0.0045715
660,8138.56,1.1348,0.86844,1.06428,0.92396,0.81702,0.905,0.63362,1.15613,0.80515,1.03516,0.00456325,0.00456325,0.00456325
661,8149.54,1.10457,0.85615,1.06205,0.92966,0.81915,0.9061,0.63544,1.15302,0.80714,1.03429,0.004555,0.004555,0.004555
662,8161.91,1.10314,0.84098,1.06272,0.94505,0.82128,0.90754,0.63714,1.15348,0.80701,1.03368,0.00454675,0.00454675,0.00454675
663,8173.27,1.09718,0.8489,1.06145,0.9407,0.81702,0.90554,0.63719,1.15403,0.80594,1.03252,0.0045385,0.0045385,0.0045385
664,8184.26,1.08897,0.83397,1.05619,0.94116,0.81064,0.90517,0.63774,1.15394,0.8057,1.03115,0.00453025,0.00453025,0.00453025
665,8196.86,1.11206,0.84428,1.05502,0.93517,0.81915,0.90784,0.63934,1.15071,0.80388,1.02945,0.004522,0.004522,0.004522
666,8208.51,1.0969,0.84477,1.05872,0.93691,0.82157,0.90866,0.64133,1.1533,0.80087,1.02964,0.00451375,0.00451375,0.00451375
667,8219.98,1.08619,0.8401,1.04296,0.9538,0.81702,0.91037,0.63827,1.15724,0.80634,1.03141,0.0045055,0.0045055,0.0045055
668,8231.27,1.10908,0.85165,1.06533,0.95306,0.81489,0.91005,0.63745,1.15682,0.80683,1.03279,0.00449725,0.00449725,0.00449725
669,8243.65,1.10382,0.84599,1.0533,0.94567,0.81489,0.90811,0.63949,1.14992,0.80177,1.03147,0.004489,0.004489,0.004489
670,8254.69,1.08629,0.83998,1.05845,0.93715,0.82485,0.90806,0.6385,1.15003,0.80107,1.03301,0.00448075,0.00448075,0.00448075
671,8265.79,1.13065,0.8879,1.06521,0.93477,0.83404,0.91063,0.63907,1.15063,0.80161,1.03351,0.0044725,0.0044725,0.0044725
672,8277.92,1.10595,0.85636,1.05569,0.92749,0.84365,0.91062,0.63863,1.14931,0.795,1.03149,0.00446425,0.00446425,0.00446425
673,8289.11,1.08592,0.84247,1.05387,0.93117,0.83474,0.909,0.63783,1.14997,0.79326,1.03206,0.004456,0.004456,0.004456
674,8300.19,1.08513,0.8295,1.04816,0.93365,0.83834,0.91021,0.63794,1.14738,0.7892,1.02939,0.00444775,0.00444775,0.00444775
675,8311.88,1.07863,0.83193,1.05313,0.93366,0.8383,0.91249,0.64092,1.14317,0.78202,1.02747,0.0044395,0.0044395,0.0044395
676,8324.13,1.09526,0.83194,1.0492,0.93347,0.83593,0.91372,0.64316,1.14021,0.77928,1.02629,0.00443125,0.00443125,0.00443125
677,8336.35,1.09143,0.82593,1.04865,0.93112,0.83409,0.9141,0.6423,1.13968,0.77621,1.02621,0.004423,0.004423,0.004423
678,8348.27,1.09548,0.83762,1.05418,0.92068,0.83972,0.91473,0.64179,1.13988,0.77769,1.02712,0.00441475,0.00441475,0.00441475
679,8359.39,1.08401,0.82842,1.05107,0.92926,0.82766,0.91265,0.64269,1.13623,0.7784,1.02575,0.0044065,0.0044065,0.0044065
680,8370.52,1.08026,0.83837,1.06775,0.93136,0.8372,0.91361,0.64439,1.13375,0.78192,1.02535,0.00439825,0.00439825,0.00439825
681,8383.05,1.09209,0.85291,1.06544,0.9292,0.8383,0.91528,0.64409,1.13467,0.78397,1.02545,0.00439,0.00439,0.00439
682,8394.19,1.08652,0.82339,1.05748,0.92862,0.8383,0.91555,0.64342,1.13355,0.78417,1.02488,0.00438175,0.00438175,0.00438175
683,8405.24,1.10918,0.85221,1.06276,0.93216,0.83617,0.91472,0.64548,1.1313,0.78345,1.02359,0.0043735,0.0043735,0.0043735
684,8417.95,1.1116,0.85259,1.05572,0.93786,0.83497,0.91352,0.64253,1.1318,0.78287,1.02357,0.00436525,0.00436525,0.00436525
685,8429.04,1.08434,0.81917,1.0408,0.93924,0.83404,0.91316,0.64518,1.12921,0.78229,1.0221,0.004357,0.004357,0.004357
686,8440.08,1.07028,0.82053,1.04365,0.9468,0.83312,0.91461,0.64426,1.12815,0.78373,1.02285,0.00434875,0.00434875,0.00434875
687,8451.96,1.06587,0.81235,1.03907,0.95205,0.83404,0.91635,0.6451,1.12647,0.78494,1.02202,0.0043405,0.0043405,0.0043405
688,8464.21,1.07401,0.82005,1.03891,0.95607,0.83354,0.91722,0.64727,1.1249,0.78245,1.02098,0.00433225,0.00433225,0.00433225
689,8475.7,1.0643,0.80326,1.04434,0.95477,0.83404,0.91779,0.64864,1.12468,0.78046,1.02127,0.004324,0.004324,0.004324
690,8487.25,1.0772,0.81819,1.04346,0.94948,0.83969,0.91886,0.64873,1.12216,0.77665,1.02035,0.00431575,0.00431575,0.00431575
691,8500.12,1.07503,0.82727,1.04507,0.95624,0.83617,0.91927,0.64713,1.12171,0.77319,1.02048,0.0043075,0.0043075,0.0043075
692,8511.45,1.09356,0.81913,1.05105,0.95622,0.8383,0.91865,0.64799,1.12314,0.77298,1.02121,0.00429925,0.00429925,0.00429925
693,8522.62,1.08049,0.81649,1.03913,0.94869,0.84043,0.91946,0.6471,1.12669,0.77099,1.02159,0.004291,0.004291,0.004291
694,8535.08,1.06444,0.81711,1.03216,0.95219,0.84043,0.92033,0.65065,1.12567,0.76943,1.02232,0.00428275,0.00428275,0.00428275
695,8546.6,1.06744,0.81103,1.03695,0.95231,0.84043,0.92083,0.64874,1.12959,0.77054,1.02343,0.0042745,0.0042745,0.0042745
696,8557.76,1.06732,0.79508,1.03918,0.94398,0.84681,0.91986,0.64739,1.13116,0.76941,1.02438,0.00426625,0.00426625,0.00426625
697,8569.68,1.10134,0.85387,1.05519,0.94535,0.84656,0.92022,0.6485,1.12952,0.76692,1.02517,0.004258,0.004258,0.004258
698,8581.6,1.07483,0.80437,1.04143,0.93577,0.84681,0.92053,0.64702,1.12755,0.76592,1.02569,0.00424975,0.00424975,0.00424975
699,8592.77,1.06225,0.8117,1.03732,0.9292,0.85106,0.91642,0.64783,1.12728,0.76325,1.02583,0.0042415,0.0042415,0.0042415
700,8603.93,1.05347,0.79231,1.036,0.93406,0.84394,0.91809,0.6477,1.12919,0.76251,1.02692,0.00423325,0.00423325,0.00423325
701,8616.5,1.08982,0.81815,1.04268,0.93436,0.84798,0.917,0.64789,1.12956,0.76327,1.0277,0.004225,0.004225,0.004225
702,8627.65,1.0629,0.8092,1.04781,0.92653,0.84681,0.91782,0.64985,1.12998,0.76839,1.03028,0.00421675,0.00421675,0.00421675
703,8638.72,1.04407,0.79911,1.0307,0.95598,0.83167,0.91874,0.64953,1.12988,0.76741,1.03052,0.0042085,0.0042085,0.0042085
704,8651.27,1.09145,0.82593,1.0439,0.94728,0.84468,0.92102,0.64998,1.12958,0.76286,1.02937,0.00420025,0.00420025,0.00420025
705,8662.14,1.06874,0.80212,1.03405,0.93415,0.84518,0.92303,0.65243,1.12525,0.76087,1.02733,0.004192,0.004192,0.004192
706,8673.59,1.05924,0.80606,1.03842,0.92441,0.85861,0.9223,0.65194,1.12047,0.75857,1.02462,0.00418375,0.00418375,0.00418375
707,8685.18,1.03528,0.78543,1.03316,0.92286,0.86541,0.92339,0.65138,1.11992,0.75978,1.02349,0.0041755,0.0041755,0.0041755
708,8697.32,1.071,0.81952,1.04993,0.91543,0.86809,0.92437,0.6522,1.11945,0.75993,1.02472,0.00416725,0.00416725,0.00416725
709,8708.39,1.061,0.80074,1.03105,0.91804,0.86809,0.92436,0.65312,1.11743,0.75815,1.02327,0.004159,0.004159,0.004159
710,8719.9,1.0816,0.82447,1.0463,0.9187,0.86559,0.92338,0.65245,1.11855,0.75803,1.02301,0.00415075,0.00415075,0.00415075
711,8732.2,1.05904,0.81367,1.02941,0.92233,0.87021,0.92368,0.65141,1.11707,0.7562,1.0221,0.0041425,0.0041425,0.0041425
712,8743.21,1.04032,0.78742,1.03647,0.93009,0.85745,0.92368,0.65017,1.11651,0.75652,1.02239,0.00413425,0.00413425,0.00413425
713,8754.25,1.06258,0.81059,1.04107,0.93633,0.84484,0.92207,0.65024,1.11759,0.75778,1.02231,0.004126,0.004126,0.004126
714,8766.7,1.05147,0.79202,1.03502,0.94103,0.84884,0.92335,0.6521,1.11596,0.75587,1.02121,0.00411775,0.00411775,0.00411775
715,8778.14,1.06878,0.81107,1.0356,0.93655,0.84791,0.92283,0.65259,1.11793,0.75532,1.02206,0.0041095,0.0041095,0.0041095
716,8789.23,1.06986,0.80385,1.04074,0.94128,0.85269,0.92515,0.65162,1.11716,0.75411,1.02114,0.00410125,0.00410125,0.00410125
717,8800.49,1.03903,0.77796,1.03232,0.93912,0.84894,0.92705,0.65313,1.11824,0.7548,1.02038,0.004093,0.004093,0.004093
718,8813.61,1.07261,0.8089,1.03619,0.93672,0.85106,0.9268,0.65421,1.11629,0.75383,1.01813,0.00408475,0.00408475,0.00408475
719,8825.08,1.04991,0.79175,1.03392,0.94247,0.84681,0.92746,0.65735,1.11619,0.75107,1.01815,0.0040765,0.0040765,0.0040765
720,8836.55,1.0582,0.7964,1.0346,0.96583,0.83191,0.92547,0.65564,1.11759,0.75072,1.01744,0.00406825,0.00406825,0.00406825
721,8849.35,1.03001,0.79478,1.03195,0.9226,0.86809,0.92366,0.65381,1.12022,0.75072,1.01796,0.00406,0.00406,0.00406
722,8860.53,1.03703,0.7882,1.02235,0.92892,0.8617,0.92531,0.65502,1.11957,0.74986,1.01818,0.00405175,0.00405175,0.00405175
723,8871.74,1.06197,0.78517,1.03269,0.93486,0.85499,0.92532,0.6556,1.11853,0.75073,1.01815,0.0040435,0.0040435,0.0040435
724,8883.54,1.02787,0.77794,1.02765,0.95456,0.84919,0.93023,0.65621,1.11614,0.74528,1.01722,0.00403525,0.00403525,0.00403525
725,8895.34,1.05371,0.79596,1.03289,0.95332,0.85532,0.93094,0.65673,1.11684,0.74095,1.01752,0.004027,0.004027,0.004027
726,8906.47,1.04388,0.78835,1.03033,0.95326,0.85106,0.93103,0.65765,1.11577,0.73856,1.01624,0.00401875,0.00401875,0.00401875
727,8917.87,1.03041,0.79545,1.02904,0.94427,0.85319,0.93134,0.65854,1.11603,0.73755,1.0151,0.0040105,0.0040105,0.0040105
728,8930.83,1.05477,0.7897,1.02976,0.9273,0.86839,0.93183,0.65775,1.11686,0.73805,1.01582,0.00400225,0.00400225,0.00400225
729,8942.05,1.04794,0.80749,1.03069,0.93215,0.87021,0.93255,0.65741,1.11704,0.73997,1.01633,0.003994,0.003994,0.003994
730,8952.94,1.03857,0.78255,1.03053,0.93235,0.87021,0.93254,0.65768,1.11681,0.73838,1.01504,0.00398575,0.00398575,0.00398575
731,8964.73,1.04132,0.78907,1.03754,0.93573,0.86734,0.93235,0.65869,1.11595,0.73647,1.01498,0.0039775,0.0039775,0.0039775
732,8977.36,1.02657,0.76712,1.02071,0.92956,0.87021,0.93189,0.65807,1.11696,0.73413,1.01456,0.00396925,0.00396925,0.00396925
733,8988.5,1.06081,0.79893,1.02464,0.92661,0.87021,0.93158,0.65793,1.11482,0.73208,1.01271,0.003961,0.003961,0.003961
734,8999.66,1.02403,0.75628,1.01546,0.92567,0.86596,0.93269,0.65875,1.11149,0.72641,1.01018,0.00395275,0.00395275,0.00395275
735,9012.67,1.03795,0.78065,1.02415,0.93401,0.8617,0.93185,0.65924,1.1096,0.72199,1.01062,0.0039445,0.0039445,0.0039445
736,9024.19,1.0262,0.7746,1.01839,0.93295,0.85848,0.93135,0.65918,1.10988,0.72066,1.01054,0.00393625,0.00393625,0.00393625
737,9035.32,1.02564,0.76497,1.01807,0.927,0.85957,0.93089,0.658,1.10997,0.71944,1.00996,0.003928,0.003928,0.003928
738,9047.92,1.00262,0.75523,1.01619,0.93502,0.8572,0.93254,0.6585,1.10978,0.71781,1.00872,0.00391975,0.00391975,0.00391975
739,9059.1,1.00581,0.74969,1.01862,0.93303,0.85957,0.93418,0.65971,1.10904,0.7175,1.00766,0.0039115,0.0039115,0.0039115
740,9070.35,1.03759,0.79311,1.02404,0.93409,0.8617,0.9331,0.66054,1.10671,0.71456,1.0066,0.00390325,0.00390325,0.00390325
741,9081.9,1.02373,0.77373,1.02211,0.93335,0.86406,0.93369,0.66158,1.10399,0.71459,1.00649,0.003895,0.003895,0.003895
742,9094.95,1.00749,0.75753,1.02471,0.94015,0.85745,0.93408,0.66013,1.10358,0.71298,1.00543,0.00388675,0.00388675,0.00388675
743,9105.98,1.03838,0.79047,1.02284,0.94821,0.85708,0.93646,0.6611,1.10242,0.7124,1.00387,0.0038785,0.0038785,0.0038785
744,9117.09,1.01909,0.76342,1.01533,0.95257,0.85471,0.93685,0.66178,1.09911,0.7121,1.00316,0.00387025,0.00387025,0.00387025
745,9130.22,1.03053,0.77792,1.02304,0.95248,0.85287,0.93671,0.66102,1.09735,0.7136,1.00258,0.003862,0.003862,0.003862
746,9141.74,1.04087,0.78815,1.02637,0.94829,0.8617,0.9351,0.66132,1.09694,0.7161,1.00245,0.00385375,0.00385375,0.00385375
747,9152.87,1.02627,0.77581,1.01666,0.95243,0.8617,0.93554,0.66036,1.0976,0.71611,1.00173,0.0038455,0.0038455,0.0038455
748,9164.06,1.03282,0.765,1.0184,0.94657,0.86693,0.93588,0.66197,1.09909,0.71479,1.00089,0.00383725,0.00383725,0.00383725
749,9177.14,1.00654,0.75554,1.00812,0.94648,0.86596,0.936,0.66243,1.09939,0.71688,1.0007,0.003829,0.003829,0.003829
750,9188.55,1.03536,0.78679,1.02092,0.95133,0.86383,0.93619,0.66313,1.09751,0.71696,0.99943,0.00382075,0.00382075,0.00382075
751,9199.98,1.02866,0.77739,1.02827,0.95075,0.86253,0.93449,0.66371,1.09588,0.71857,0.99905,0.0038125,0.0038125,0.0038125
752,9213.15,1.02608,0.77566,1.01902,0.95192,0.85745,0.93462,0.66322,1.09568,0.71843,0.99901,0.00380425,0.00380425,0.00380425
753,9224.31,1.00447,0.75367,1.01074,0.95012,0.8617,0.93438,0.66209,1.09539,0.71901,0.99864,0.003796,0.003796,0.003796
754,9235.49,1.02286,0.76588,1.0137,0.95232,0.8617,0.93452,0.66389,1.09435,0.71734,0.99823,0.00378775,0.00378775,0.00378775
755,9247.16,1.02361,0.76452,1.02261,0.95286,0.86013,0.93534,0.66475,1.09405,0.71511,0.99856,0.0037795,0.0037795,0.0037795
756,9260.36,1.01877,0.77094,1.01527,0.9529,0.86097,0.93523,0.66396,1.09384,0.71641,0.99919,0.00377125,0.00377125,0.00377125
757,9271.55,1.00722,0.75452,1.01178,0.94522,0.8617,0.93458,0.66353,1.09297,0.71695,0.99769,0.003763,0.003763,0.003763
758,9282.56,1.03277,0.78087,1.01658,0.9509,0.86809,0.93668,0.66505,1.09178,0.71914,0.99711,0.00375475,0.00375475,0.00375475
759,9295.42,1.02133,0.76632,1.01196,0.94885,0.86383,0.93685,0.66456,1.09184,0.71994,0.99705,0.0037465,0.0037465,0.0037465
760,9306.4,1.00721,0.75168,1.01993,0.95096,0.86383,0.93685,0.66454,1.08973,0.71679,0.99542,0.00373825,0.00373825,0.00373825
761,9317.53,0.99319,0.74955,1.00461,0.95368,0.86596,0.93733,0.66486,1.08942,0.71504,0.99471,0.00373,0.00373,0.00373
762,9328.75,1.01065,0.75101,1.01136,0.95151,0.86596,0.93761,0.66462,1.08981,0.71409,0.99386,0.00372175,0.00372175,0.00372175
763,9341.54,1.02193,0.76092,1.02152,0.95336,0.86975,0.93744,0.66464,1.08882,0.71549,0.99285,0.0037135,0.0037135,0.0037135
764,9352.69,1.01285,0.76053,1.0228,0.95124,0.86809,0.9352,0.66327,1.08875,0.71722,0.99348,0.00370525,0.00370525,0.00370525
765,9363.83,1.01859,0.75074,1.01183,0.94901,0.86809,0.9352,0.66283,1.08923,0.71961,0.99385,0.003697,0.003697,0.003697
766,9376.68,1.00193,0.74948,1.0132,0.9473,0.86809,0.93521,0.66319,1.09034,0.72071,0.99424,0.00368875,0.00368875,0.00368875
767,9387.94,0.98918,0.74109,1.00736,0.94906,0.87209,0.93487,0.66386,1.09084,0.72157,0.99475,0.0036805,0.0036805,0.0036805
768,9399.05,1.0066,0.74801,1.00705,0.9468,0.87097,0.93157,0.66344,1.09095,0.72034,0.99498,0.00367225,0.00367225,0.00367225
769,9410.12,0.9907,0.74318,0.99965,0.94561,0.87021,0.93289,0.66596,1.08972,0.71915,0.9941,0.003664,0.003664,0.003664
770,9423.4,0.98576,0.74296,1.00938,0.94734,0.86809,0.9332,0.66689,1.09,0.7206,0.99321,0.00365575,0.00365575,0.00365575
771,9434.94,1.00082,0.76235,1.01323,0.95032,0.87021,0.93611,0.66715,1.09169,0.72272,0.9946,0.0036475,0.0036475,0.0036475
772,9446.34,1.02589,0.77817,1.01601,0.93673,0.88209,0.93605,0.66697,1.09289,0.72319,0.99587,0.00363925,0.00363925,0.00363925
773,9459.36,1.01512,0.76582,1.00768,0.95317,0.86604,0.93824,0.66803,1.09146,0.72165,0.99531,0.003631,0.003631,0.003631
774,9470.79,0.99474,0.74347,1.00293,0.9517,0.86596,0.93832,0.66947,1.08975,0.72111,0.99501,0.00362275,0.00362275,0.00362275
775,9482.25,1.01356,0.76797,1.01445,0.94543,0.86809,0.93793,0.66933,1.08876,0.72085,0.99474,0.0036145,0.0036145,0.0036145
776,9493.89,1.00219,0.76267,1.01891,0.93776,0.88298,0.93812,0.67085,1.08942,0.72206,0.99511,0.00360625,0.00360625,0.00360625
777,9507,0.98972,0.74123,1.01309,0.94273,0.8756,0.93662,0.66963,1.08836,0.72067,0.99431,0.003598,0.003598,0.003598
778,9518.16,1.02064,0.76466,1.0098,0.93845,0.87586,0.93656,0.66951,1.08726,0.71923,0.99339,0.00358975,0.00358975,0.00358975
779,9529.33,1.00037,0.74557,1.00038,0.94116,0.87234,0.93467,0.66867,1.08749,0.71843,0.99217,0.0035815,0.0035815,0.0035815
780,9541.75,0.99769,0.74449,1.00966,0.94473,0.87021,0.93709,0.66967,1.08607,0.71617,0.99118,0.00357325,0.00357325,0.00357325
781,9552.86,1.01467,0.75809,1.01481,0.94247,0.87136,0.93849,0.6705,1.08504,0.71536,0.99097,0.003565,0.003565,0.003565
782,9563.96,0.98935,0.74556,1.01199,0.94544,0.87021,0.93884,0.67058,1.08421,0.71647,0.99202,0.00355675,0.00355675,0.00355675
783,9575.45,1.0014,0.77329,1.00491,0.94311,0.86809,0.9375,0.67012,1.0844,0.71578,0.99167,0.0035485,0.0035485,0.0035485
784,9588.1,1.00948,0.75373,1.0091,0.93913,0.86596,0.93747,0.67021,1.08317,0.7179,0.99168,0.00354025,0.00354025,0.00354025
785,9599.22,0.99816,0.75278,1.00515,0.94627,0.87021,0.93751,0.67123,1.08237,0.71832,0.99089,0.003532,0.003532,0.003532
786,9610.68,0.97627,0.73568,1.00136,0.94657,0.86691,0.93728,0.67108,1.08144,0.71841,0.99019,0.00352375,0.00352375,0.00352375
787,9623.53,0.99085,0.74801,1.00181,0.94686,0.87195,0.93739,0.67312,1.08103,0.7173,0.98969,0.0035155,0.0035155,0.0035155
788,9634.67,1.00064,0.73539,0.98853,0.94681,0.87108,0.93744,0.67266,1.08207,0.7173,0.99075,0.00350725,0.00350725,0.00350725
789,9645.31,0.99598,0.74912,1.00954,0.95148,0.87615,0.93954,0.67131,1.08156,0.71574,0.99013,0.003499,0.003499,0.003499
790,9656.54,1.00634,0.74996,1.01025,0.95356,0.87447,0.93953,0.67107,1.08045,0.7162,0.9895,0.00349075,0.00349075,0.00349075
791,9669.25,0.98564,0.7256,0.99459,0.95163,0.87447,0.93941,0.67014,1.07762,0.71468,0.98778,0.0034825,0.0034825,0.0034825
792,9680.4,0.98795,0.75661,1.00271,0.9527,0.8766,0.93976,0.6694,1.07462,0.71262,0.98656,0.00347425,0.00347425,0.00347425
793,9691.48,0.98807,0.73587,1.00304,0.96071,0.87872,0.94012,0.6697,1.07515,0.71177,0.98604,0.003466,0.003466,0.003466
794,9704.34,0.98434,0.73462,1.00116,0.95949,0.8766,0.94018,0.66967,1.07683,0.71138,0.98622,0.00345775,0.00345775,0.00345775
795,9715.58,0.9933,0.73873,0.99387,0.95638,0.87447,0.94061,0.67022,1.07738,0.7118,0.98629,0.0034495,0.0034495,0.0034495
796,9726.73,0.98846,0.74213,1.00222,0.95158,0.87234,0.94075,0.67044,1.07658,0.71158,0.98668,0.00344125,0.00344125,0.00344125
797,9737.89,1.00679,0.74354,0.99796,0.95146,0.87234,0.94139,0.67103,1.07551,0.71124,0.98676,0.003433,0.003433,0.003433
798,9750.78,0.99014,0.72817,0.99746,0.9545,0.87234,0.94121,0.67053,1.07465,0.71136,0.98706,0.00342475,0.00342475,0.00342475
799,9761.98,1.01014,0.74728,1.00992,0.95562,0.87234,0.94131,0.67039,1.07323,0.71154,0.98631,0.0034165,0.0034165,0.0034165
800,9773.1,0.98572,0.74333,0.99547,0.94868,0.87872,0.94019,0.67136,1.07133,0.71194,0.98544,0.00340825,0.00340825,0.00340825
801,9785.82,0.98355,0.75039,1.00477,0.94558,0.8766,0.94054,0.67106,1.07061,0.71263,0.98454,0.0034,0.0034,0.0034
802,9797.36,0.97394,0.71688,0.98736,0.93971,0.88085,0.94081,0.67215,1.06895,0.71258,0.98378,0.00339175,0.00339175,0.00339175
803,9808.52,0.97127,0.73012,0.99245,0.94487,0.87517,0.94054,0.67192,1.06784,0.71268,0.98297,0.0033835,0.0033835,0.0033835
804,9819.69,0.9907,0.74936,1.00001,0.94297,0.87947,0.94051,0.67384,1.06784,0.71386,0.98258,0.00337525,0.00337525,0.00337525
805,9833,0.98239,0.71545,0.9932,0.94297,0.87945,0.94037,0.67295,1.06894,0.71563,0.98255,0.003367,0.003367,0.003367
806,9844.12,0.98658,0.72276,0.9988,0.94574,0.87872,0.94064,0.67302,1.06738,0.7141,0.98116,0.00335875,0.00335875,0.00335875
807,9855.32,0.98799,0.73011,0.99698,0.94064,0.87662,0.94077,0.67321,1.06729,0.7143,0.98026,0.0033505,0.0033505,0.0033505
808,9868.2,0.95776,0.7132,0.99799,0.94878,0.86712,0.9408,0.67322,1.06556,0.71337,0.97986,0.00334225,0.00334225,0.00334225
809,9879.52,0.9921,0.73562,1.00144,0.94608,0.85859,0.94042,0.67285,1.06501,0.71166,0.97949,0.003334,0.003334,0.003334
810,9890.63,0.98375,0.7215,0.98929,0.95028,0.85394,0.94033,0.67363,1.06359,0.70862,0.97759,0.00332575,0.00332575,0.00332575
811,9901.87,0.98494,0.72802,0.99224,0.94721,0.85319,0.94009,0.67275,1.06167,0.70611,0.97672,0.0033175,0.0033175,0.0033175
812,9914.8,0.98668,0.73674,0.99854,0.94812,0.85551,0.94033,0.67422,1.06164,0.70524,0.97655,0.00330925,0.00330925,0.00330925
813,9926.3,0.96373,0.71794,0.99056,0.94904,0.85532,0.94068,0.67387,1.0619,0.70485,0.97646,0.003301,0.003301,0.003301
814,9937.6,0.98904,0.72706,0.99863,0.94911,0.85957,0.94089,0.67442,1.06176,0.70329,0.97594,0.00329275,0.00329275,0.00329275
815,9950.51,0.95911,0.71545,1.00226,0.9487,0.86566,0.94127,0.6738,1.06146,0.70303,0.97567,0.0032845,0.0032845,0.0032845
816,9961.79,0.97814,0.7257,0.9985,0.95101,0.86737,0.94241,0.67431,1.06175,0.70378,0.97613,0.00327625,0.00327625,0.00327625
817,9973.32,0.97555,0.72604,0.99124,0.95624,0.85957,0.94281,0.67501,1.06213,0.70349,0.97588,0.003268,0.003268,0.003268
818,9985.26,0.97338,0.72696,0.99312,0.95616,0.8617,0.94241,0.67608,1.06241,0.70453,0.97602,0.00325975,0.00325975,0.00325975
819,9998.46,0.9809,0.73419,1.00216,0.95685,0.86596,0.94288,0.67711,1.06388,0.7072,0.97695,0.0032515,0.0032515,0.0032515
820,10010,0.97252,0.73078,0.99676,0.94325,0.87234,0.94288,0.67701,1.06371,0.70782,0.97715,0.00324325,0.00324325,0.00324325
821,10021.1,0.97898,0.73277,0.98704,0.94233,0.87234,0.94293,0.67653,1.06222,0.70899,0.97658,0.003235,0.003235,0.003235
822,10033.9,0.96364,0.70596,0.98267,0.94263,0.87395,0.94272,0.67655,1.06192,0.70809,0.976,0.00322675,0.00322675,0.00322675
823,10045.1,0.98187,0.7235,0.99569,0.94239,0.87006,0.94271,0.67633,1.06035,0.70674,0.97546,0.0032185,0.0032185,0.0032185
824,10056.2,0.95958,0.7158,0.98743,0.94479,0.87383,0.943,0.67615,1.05986,0.70454,0.97551,0.00321025,0.00321025,0.00321025
825,10067.8,0.98664,0.72888,1.00285,0.94471,0.87254,0.94309,0.67664,1.05996,0.704,0.97644,0.003202,0.003202,0.003202
826,10080.6,0.97328,0.72254,0.98889,0.94699,0.87422,0.94318,0.67728,1.05905,0.70297,0.9765,0.00319375,0.00319375,0.00319375
827,10092.2,0.97905,0.71188,0.98028,0.94281,0.87685,0.94332,0.67657,1.05788,0.70107,0.97625,0.0031855,0.0031855,0.0031855
828,10103.5,0.97598,0.72143,0.98915,0.94502,0.87776,0.94363,0.67603,1.05829,0.70016,0.97619,0.00317725,0.00317725,0.00317725
829,10116.2,0.99243,0.71476,0.98595,0.94301,0.88011,0.94337,0.67624,1.05884,0.70023,0.97625,0.003169,0.003169,0.003169
830,10127.5,0.96276,0.71215,0.98518,0.94497,0.87693,0.94391,0.67843,1.05859,0.69997,0.97613,0.00316075,0.00316075,0.00316075
831,10139.8,0.97402,0.7128,0.98063,0.94283,0.87719,0.94367,0.6779,1.05843,0.69911,0.97633,0.0031525,0.0031525,0.0031525
832,10151,0.94426,0.70671,0.98075,0.94507,0.8785,0.9439,0.67771,1.05874,0.69831,0.9765,0.00314425,0.00314425,0.00314425
833,10162,0.95723,0.70986,0.98944,0.9452,0.88081,0.94339,0.67705,1.0581,0.69607,0.97642,0.003136,0.003136,0.003136
834,10175,0.9569,0.70348,0.98976,0.9452,0.88072,0.94367,0.67722,1.05767,0.69611,0.97571,0.00312775,0.00312775,0.00312775
835,10186.2,0.96238,0.6987,0.98395,0.94521,0.8809,0.94387,0.67689,1.05787,0.69562,0.97551,0.0031195,0.0031195,0.0031195
836,10197.3,0.93474,0.67755,0.98184,0.94128,0.88676,0.94362,0.67755,1.05787,0.69418,0.9747,0.00311125,0.00311125,0.00311125
837,10209.4,0.94429,0.68281,0.97764,0.93892,0.88309,0.94398,0.67699,1.05697,0.69319,0.97408,0.003103,0.003103,0.003103
838,10221.5,0.95804,0.70381,0.99337,0.93895,0.88353,0.94411,0.67739,1.05537,0.69168,0.97317,0.00309475,0.00309475,0.00309475
839,10233.2,0.94472,0.70404,0.98189,0.93755,0.88511,0.94465,0.6792,1.0538,0.69069,0.97206,0.0030865,0.0030865,0.0030865
840,10244.8,0.93631,0.67762,0.98775,0.93635,0.88511,0.94241,0.67739,1.05301,0.69124,0.97181,0.00307825,0.00307825,0.00307825
841,10256,0.96881,0.68692,0.99021,0.9395,0.88298,0.94116,0.67805,1.05297,0.69165,0.972,0.00307,0.00307,0.00307
842,10268.8,0.94721,0.70412,0.98991,0.93621,0.88511,0.9417,0.6785,1.0526,0.69318,0.97224,0.00306175,0.00306175,0.00306175
843,10279.9,0.95888,0.71141,0.99018,0.93863,0.88511,0.94172,0.67873,1.05211,0.69306,0.97244,0.0030535,0.0030535,0.0030535
844,10291.1,0.97092,0.71997,0.98783,0.94224,0.87447,0.94076,0.67962,1.05191,0.69233,0.97284,0.00304525,0.00304525,0.00304525
845,10303.3,0.96127,0.70094,0.97897,0.93968,0.87447,0.94043,0.67903,1.05148,0.69118,0.97278,0.003037,0.003037,0.003037
846,10316,0.94898,0.69629,0.98038,0.93662,0.88035,0.94152,0.67897,1.05058,0.68929,0.97188,0.00302875,0.00302875,0.00302875
847,10327.9,0.93374,0.69399,0.98484,0.93222,0.87872,0.94004,0.68036,1.04947,0.68853,0.97167,0.0030205,0.0030205,0.0030205
848,10340.8,0.93744,0.69422,0.98519,0.93409,0.87872,0.93989,0.68141,1.04892,0.68877,0.97154,0.00301225,0.00301225,0.00301225
849,10352.5,0.96279,0.69291,0.97319,0.93556,0.87447,0.93976,0.68155,1.04809,0.6883,0.971,0.003004,0.003004,0.003004
850,10364.1,0.94556,0.6881,0.9842,0.9448,0.87234,0.9399,0.68118,1.04691,0.68715,0.96991,0.00299575,0.00299575,0.00299575
851,10377,0.94733,0.68395,0.9805,0.94461,0.87086,0.93956,0.68125,1.04452,0.68776,0.96831,0.0029875,0.0029875,0.0029875
852,10388.3,0.95302,0.68203,0.97604,0.94474,0.87021,0.93946,0.68262,1.04264,0.6873,0.96778,0.00297925,0.00297925,0.00297925
853,10400,0.94787,0.68956,0.9775,0.95111,0.86809,0.93944,0.68245,1.04213,0.68772,0.96764,0.002971,0.002971,0.002971
854,10411.8,0.93115,0.68104,0.9731,0.95329,0.86809,0.93948,0.68208,1.04153,0.68704,0.96737,0.00296275,0.00296275,0.00296275
855,10424.4,0.95516,0.69265,0.97935,0.95447,0.86809,0.93979,0.68276,1.04121,0.68663,0.96691,0.0029545,0.0029545,0.0029545
856,10435.9,0.95526,0.70354,0.98451,0.95125,0.8719,0.93996,0.6828,1.0404,0.68624,0.96666,0.00294625,0.00294625,0.00294625
857,10447.6,0.92796,0.69008,0.97762,0.95502,0.86809,0.94028,0.68352,1.0391,0.68563,0.96625,0.002938,0.002938,0.002938
858,10460.9,0.95249,0.69057,0.98163,0.94893,0.86982,0.9402,0.68235,1.03844,0.68605,0.96595,0.00292975,0.00292975,0.00292975
859,10472.3,0.91813,0.68391,0.97846,0.94666,0.87021,0.9404,0.68176,1.03771,0.68579,0.96584,0.0029215,0.0029215,0.0029215
860,10483.6,0.95461,0.70081,0.98396,0.94661,0.87021,0.94011,0.68281,1.0379,0.68559,0.96604,0.00291325,0.00291325,0.00291325
861,10495.8,0.92142,0.67626,0.97369,0.93663,0.87234,0.94084,0.68313,1.03712,0.6857,0.96565,0.002905,0.002905,0.002905
862,10507.9,0.94362,0.70002,0.9882,0.94646,0.86596,0.94011,0.68419,1.0364,0.68617,0.96535,0.00289675,0.00289675,0.00289675
863,10519.4,0.94458,0.685,0.97603,0.94452,0.86936,0.94005,0.68422,1.03673,0.68708,0.96535,0.0028885,0.0028885,0.0028885
864,10531.1,0.9413,0.69804,0.98432,0.93751,0.87234,0.94316,0.68467,1.03736,0.68675,0.96557,0.00288025,0.00288025,0.00288025
865,10544.3,0.93604,0.68141,0.98006,0.94192,0.87234,0.94384,0.68434,1.03779,0.68643,0.9653,0.002872,0.002872,0.002872
866,10555.6,0.94213,0.69321,0.97339,0.95131,0.8617,0.94073,0.68326,1.03867,0.68605,0.96505,0.00286375,0.00286375,0.00286375
867,10566.9,0.93664,0.68756,0.98073,0.94666,0.86809,0.94386,0.6838,1.03797,0.68578,0.9647,0.0028555,0.0028555,0.0028555
868,10579.5,0.92156,0.68122,0.97248,0.95714,0.85535,0.94334,0.68462,1.03689,0.68492,0.96367,0.00284725,0.00284725,0.00284725
869,10591.1,0.93295,0.67926,0.97014,0.95921,0.85745,0.94401,0.68484,1.03675,0.68547,0.96377,0.002839,0.002839,0.002839
870,10602.3,0.93117,0.68728,0.98455,0.95856,0.85745,0.94408,0.68416,1.03559,0.68469,0.96308,0.00283075,0.00283075,0.00283075
871,10613.5,0.92278,0.67802,0.96511,0.95506,0.8591,0.94491,0.68543,1.03436,0.68388,0.96257,0.0028225,0.0028225,0.0028225
872,10625.8,0.94514,0.68799,0.98074,0.95508,0.85955,0.94484,0.68574,1.03343,0.68265,0.96256,0.00281425,0.00281425,0.00281425
873,10637.3,0.93784,0.68142,0.98062,0.95295,0.86178,0.94479,0.68616,1.03223,0.68176,0.96203,0.002806,0.002806,0.002806
874,10648.9,0.93781,0.68458,0.98074,0.95293,0.86156,0.94284,0.68539,1.0316,0.68063,0.96185,0.00279775,0.00279775,0.00279775
875,10661.8,0.93465,0.66756,0.96485,0.95432,0.85957,0.94293,0.68563,1.03141,0.67953,0.96127,0.0027895,0.0027895,0.0027895
876,10672.9,0.95064,0.70311,0.9797,0.95693,0.85957,0.94339,0.68499,1.0311,0.6785,0.96087,0.00278125,0.00278125,0.00278125
877,10684.3,0.92959,0.68383,0.9719,0.95601,0.85957,0.94334,0.68455,1.03066,0.67749,0.96054,0.002773,0.002773,0.002773
878,10696.6,0.94276,0.69028,0.97262,0.95437,0.86383,0.94412,0.68462,1.0305,0.67703,0.96033,0.00276475,0.00276475,0.00276475
879,10708.4,0.92944,0.68906,0.97891,0.95164,0.86809,0.94424,0.68498,1.03006,0.67693,0.95986,0.0027565,0.0027565,0.0027565
880,10719.7,0.93319,0.69135,0.97834,0.95003,0.87021,0.94386,0.68438,1.02962,0.67564,0.95924,0.00274825,0.00274825,0.00274825
881,10730.8,0.90668,0.67945,0.96756,0.949,0.87092,0.94324,0.68325,1.02896,0.67597,0.95876,0.00274,0.00274,0.00274
882,10743.8,0.93105,0.69033,0.9716,0.9482,0.87021,0.94569,0.68279,1.02829,0.67622,0.95866,0.00273175,0.00273175,0.00273175
883,10754.9,0.93341,0.68003,0.96522,0.94759,0.87021,0.94559,0.68332,1.02753,0.67611,0.9582,0.0027235,0.0027235,0.0027235
884,10766.1,0.92279,0.67583,0.97064,0.95892,0.8617,0.94285,0.68203,1.02715,0.67583,0.95817,0.00271525,0.00271525,0.00271525
885,10778.3,0.92361,0.68086,0.97249,0.95526,0.8617,0.94505,0.68292,1.02723,0.67639,0.95812,0.002707,0.002707,0.002707
886,10790.7,0.92588,0.68056,0.97131,0.95773,0.8617,0.94256,0.68202,1.02726,0.67634,0.95816,0.00269875,0.00269875,0.00269875
887,10802,0.94189,0.68132,0.97114,0.95405,0.86383,0.94509,0.68292,1.02675,0.67715,0.95816,0.0026905,0.0026905,0.0026905
888,10813.3,0.92839,0.68362,0.97467,0.95523,0.86252,0.94505,0.68254,1.02626,0.67735,0.95797,0.00268225,0.00268225,0.00268225
889,10826,0.9362,0.68294,0.97299,0.95615,0.8617,0.94277,0.68362,1.02528,0.67704,0.95792,0.002674,0.002674,0.002674
890,10837.2,0.92081,0.67444,0.96812,0.95744,0.86164,0.94276,0.68443,1.02418,0.67654,0.95768,0.00266575,0.00266575,0.00266575
891,10848.4,0.9208,0.67537,0.96432,0.95708,0.86383,0.94502,0.68563,1.02329,0.676,0.95761,0.0026575,0.0026575,0.0026575
892,10860.6,0.90065,0.67426,0.96007,0.95284,0.86383,0.94508,0.68492,1.02272,0.67619,0.95766,0.00264925,0.00264925,0.00264925
893,10873,0.89974,0.66196,0.96757,0.95348,0.86383,0.94502,0.68458,1.02153,0.67666,0.95746,0.002641,0.002641,0.002641
894,10884.3,0.92844,0.66995,0.96714,0.95085,0.86383,0.94519,0.68547,1.0205,0.67652,0.9573,0.00263275,0.00263275,0.00263275
895,10896.6,0.92797,0.673,0.97134,0.95061,0.86383,0.94474,0.6862,1.01981,0.67621,0.95697,0.0026245,0.0026245,0.0026245
896,10910,0.92757,0.68074,0.97321,0.9544,0.86383,0.94524,0.68646,1.01877,0.67675,0.95665,0.00261625,0.00261625,0.00261625
897,10921.3,0.9186,0.67373,0.96682,0.95593,0.86383,0.94448,0.68714,1.01769,0.67658,0.95649,0.002608,0.002608,0.002608
898,10932.9,0.91565,0.66431,0.96009,0.94875,0.86648,0.94446,0.68691,1.01705,0.67576,0.95632,0.00259975,0.00259975,0.00259975
899,10945.9,0.90274,0.66105,0.95447,0.95091,0.86383,0.94583,0.68663,1.01637,0.67562,0.95604,0.0025915,0.0025915,0.0025915
900,10957.3,0.89567,0.65268,0.95035,0.95297,0.86383,0.9459,0.68566,1.01568,0.67535,0.95551,0.00258325,0.00258325,0.00258325
901,10968.6,0.89914,0.65201,0.95294,0.95086,0.86454,0.94429,0.68639,1.01531,0.67462,0.95542,0.002575,0.002575,0.002575
902,10980.2,0.91205,0.66556,0.9594,0.94895,0.87005,0.94454,0.6874,1.01463,0.67453,0.95522,0.00256675,0.00256675,0.00256675
903,10993.3,0.91565,0.66218,0.96395,0.94253,0.87236,0.94454,0.68695,1.01407,0.67349,0.95491,0.0025585,0.0025585,0.0025585
904,11004.6,0.90448,0.66279,0.97081,0.94261,0.87366,0.94526,0.68774,1.01351,0.67282,0.95459,0.00255025,0.00255025,0.00255025
905,11016.2,0.8994,0.65803,0.96532,0.94491,0.87582,0.94814,0.68702,1.01282,0.67222,0.95422,0.002542,0.002542,0.002542
906,11029.2,0.91061,0.67257,0.97087,0.94492,0.876,0.94813,0.6887,1.01226,0.67124,0.9538,0.00253375,0.00253375,0.00253375
907,11040.8,0.90544,0.67217,0.97533,0.9449,0.87573,0.94817,0.68913,1.01203,0.67152,0.9538,0.0025255,0.0025255,0.0025255
908,11052.4,0.90571,0.66172,0.95981,0.9426,0.87349,0.9451,0.68826,1.01177,0.67136,0.95375,0.00251725,0.00251725,0.00251725
909,11064.6,0.89831,0.66145,0.96659,0.94488,0.87534,0.94827,0.68979,1.01137,0.67078,0.95355,0.002509,0.002509,0.002509
910,11077.4,0.89012,0.65017,0.96187,0.94253,0.87243,0.94498,0.68968,1.0119,0.67094,0.95408,0.00250075,0.00250075,0.00250075
911,11088.7,0.90899,0.65177,0.97045,0.94792,0.87021,0.94508,0.68962,1.01202,0.67071,0.95459,0.0024925,0.0024925,0.0024925
912,11100,0.89305,0.64352,0.95366,0.9489,0.8692,0.94514,0.69048,1.01153,0.67011,0.95433,0.00248425,0.00248425,0.00248425
913,11113.1,0.90034,0.64894,0.95877,0.94885,0.86823,0.9453,0.69128,1.0108,0.6688,0.95407,0.002476,0.002476,0.002476
914,11124.7,0.88789,0.6547,0.94994,0.94655,0.87021,0.94504,0.69183,1.01025,0.66828,0.95388,0.00246775,0.00246775,0.00246775
915,11136.6,0.89604,0.65725,0.95573,0.94635,0.87447,0.94643,0.69261,1.00986,0.66767,0.95375,0.0024595,0.0024595,0.0024595
916,11149.7,0.90583,0.64872,0.95976,0.94091,0.87872,0.94616,0.69327,1.00927,0.66787,0.95339,0.00245125,0.00245125,0.00245125
917,11161.9,0.91131,0.65217,0.96445,0.94286,0.88085,0.94629,0.69345,1.00875,0.66775,0.95326,0.002443,0.002443,0.002443
918,11173.3,0.89491,0.64263,0.95649,0.93836,0.88298,0.94651,0.69337,1.00838,0.66738,0.95297,0.00243475,0.00243475,0.00243475
919,11184.6,0.9265,0.66045,0.95745,0.93821,0.88298,0.94657,0.69388,1.00814,0.6671,0.95269,0.0024265,0.0024265,0.0024265
920,11198,0.90141,0.64855,0.95682,0.94049,0.88298,0.94675,0.69359,1.00803,0.66604,0.95247,0.00241825,0.00241825,0.00241825
921,11209.2,0.89802,0.65875,0.96012,0.94052,0.88298,0.94682,0.69321,1.008,0.66587,0.95234,0.00241,0.00241,0.00241
922,11220.4,0.8928,0.65776,0.96452,0.94033,0.88298,0.94698,0.69432,1.0077,0.66484,0.95192,0.00240175,0.00240175,0.00240175
923,11233.4,0.91676,0.65445,0.95509,0.94048,0.88298,0.94679,0.69502,1.00744,0.664,0.95161,0.0023935,0.0023935,0.0023935
924,11245,0.90319,0.66864,0.96227,0.94093,0.88298,0.94693,0.69563,1.00772,0.66329,0.95161,0.00238525,0.00238525,0.00238525
925,11256.7,0.89175,0.6497,0.9589,0.94261,0.88298,0.94698,0.69597,1.00763,0.66268,0.9513,0.002377,0.002377,0.002377
926,11268.9,0.88912,0.64025,0.95778,0.94313,0.88206,0.94739,0.69591,1.00647,0.66211,0.95074,0.00236875,0.00236875,0.00236875
927,11281.4,0.88422,0.65993,0.9652,0.94206,0.8766,0.945,0.69627,1.00599,0.66174,0.95056,0.0023605,0.0023605,0.0023605
928,11293,0.89159,0.63624,0.94543,0.94203,0.8766,0.9451,0.69634,1.0057,0.6614,0.95051,0.00235225,0.00235225,0.00235225
929,11304.5,0.89724,0.66197,0.96228,0.94594,0.8766,0.94518,0.6962,1.00575,0.66114,0.95067,0.002344,0.002344,0.002344
930,11317.5,0.88998,0.65445,0.95963,0.94606,0.8766,0.94548,0.69631,1.0055,0.66026,0.95058,0.00233575,0.00233575,0.00233575
931,11329.2,0.87669,0.64223,0.95966,0.94707,0.87555,0.94565,0.69677,1.00496,0.65952,0.95017,0.0023275,0.0023275,0.0023275
932,11340.7,0.90588,0.65713,0.95816,0.94825,0.87234,0.94571,0.69721,1.00434,0.65828,0.94961,0.00231925,0.00231925,0.00231925
933,11353.6,0.87905,0.64761,0.94991,0.94472,0.8726,0.94557,0.69733,1.00402,0.65789,0.9493,0.002311,0.002311,0.002311
934,11366,0.9029,0.64688,0.95711,0.94369,0.87234,0.94492,0.69716,1.00412,0.65729,0.94889,0.00230275,0.00230275,0.00230275
935,11377.2,0.87153,0.63792,0.9482,0.94532,0.87234,0.94482,0.69712,1.00378,0.65706,0.94847,0.0022945,0.0022945,0.0022945
936,11388.3,0.88643,0.65586,0.95821,0.94468,0.87234,0.94488,0.69759,1.00355,0.65691,0.94813,0.00228625,0.00228625,0.00228625
937,11401.5,0.90351,0.65214,0.95884,0.94799,0.87447,0.94778,0.69754,1.00375,0.65638,0.94795,0.002278,0.002278,0.002278
938,11413.1,0.89073,0.65252,0.94953,0.95688,0.86809,0.94785,0.69763,1.00373,0.6566,0.9482,0.00226975,0.00226975,0.00226975
939,11424.8,0.86498,0.6288,0.94649,0.95682,0.86809,0.94786,0.69847,1.00347,0.65641,0.948,0.0022615,0.0022615,0.0022615
940,11438.3,0.89659,0.63828,0.9554,0.95766,0.8617,0.94778,0.69822,1.00358,0.65553,0.94796,0.00225325,0.00225325,0.00225325
941,11449.6,0.90775,0.64819,0.96501,0.95979,0.8617,0.94775,0.69823,1.00362,0.65481,0.94803,0.002245,0.002245,0.002245
942,11460.8,0.89626,0.65421,0.95304,0.9605,0.8617,0.94789,0.69758,1.00389,0.6545,0.94801,0.00223675,0.00223675,0.00223675
943,11472.3,0.89312,0.65397,0.95531,0.96108,0.8617,0.94788,0.69719,1.00291,0.65418,0.94766,0.0022285,0.0022285,0.0022285
944,11484.6,0.86146,0.63287,0.95438,0.96445,0.86584,0.94824,0.69808,1.00124,0.65435,0.94746,0.00222025,0.00222025,0.00222025
945,11495.7,0.88828,0.6493,0.95656,0.9643,0.86202,0.94818,0.69748,1.00131,0.65458,0.94742,0.002212,0.002212,0.002212
946,11507.1,0.88991,0.64449,0.95582,0.96666,0.86361,0.94913,0.69795,1.00175,0.65415,0.94745,0.00220375,0.00220375,0.00220375
947,11519.7,0.87222,0.63729,0.94651,0.96604,0.86383,0.94911,0.69796,1.00154,0.65364,0.94723,0.0021955,0.0021955,0.0021955
948,11531,0.88864,0.64407,0.95243,0.96801,0.86383,0.94932,0.69794,1.00134,0.65323,0.94709,0.00218725,0.00218725,0.00218725
949,11542.2,0.88763,0.64499,0.94972,0.96746,0.86383,0.94831,0.69787,1.00111,0.65307,0.94679,0.002179,0.002179,0.002179
950,11553.8,0.89161,0.65095,0.94567,0.96657,0.86383,0.94832,0.69808,1.00122,0.65307,0.94691,0.00217075,0.00217075,0.00217075
951,11566.6,0.87806,0.6508,0.95618,0.96478,0.86383,0.94795,0.69905,1.00085,0.65301,0.94674,0.0021625,0.0021625,0.0021625
952,11578.2,0.89127,0.64774,0.95485,0.96675,0.86602,0.94815,0.69971,1.00076,0.65298,0.94676,0.00215425,0.00215425,0.00215425
953,11589.8,0.87734,0.63912,0.95503,0.96672,0.8654,0.94816,0.69895,1.00061,0.65244,0.94655,0.002146,0.002146,0.002146
954,11602.8,0.86656,0.62903,0.94322,0.96756,0.86383,0.94834,0.69968,1.00044,0.6525,0.94622,0.00213775,0.00213775,0.00213775
955,11614.3,0.86673,0.62871,0.95291,0.96882,0.86383,0.94957,0.69955,1.0002,0.65249,0.94611,0.0021295,0.0021295,0.0021295
956,11625.8,0.87679,0.63957,0.95792,0.96909,0.86383,0.94963,0.69896,1.00025,0.6524,0.94623,0.00212125,0.00212125,0.00212125
957,11637.7,0.87688,0.6389,0.95166,0.96907,0.86383,0.94974,0.69895,0.99934,0.65198,0.94585,0.002113,0.002113,0.002113
958,11650.2,0.86316,0.64261,0.95076,0.97335,0.86596,0.95008,0.69918,0.99863,0.6513,0.94542,0.00210475,0.00210475,0.00210475
959,11661.5,0.85569,0.61714,0.94919,0.97256,0.86596,0.95023,0.69993,0.99829,0.65092,0.94523,0.0020965,0.0020965,0.0020965
960,11673.1,0.8674,0.62791,0.94776,0.95965,0.87021,0.94803,0.70011,0.99709,0.65071,0.94474,0.00208825,0.00208825,0.00208825
961,11685.9,0.86878,0.62092,0.94194,0.95915,0.87021,0.9498,0.70118,0.99659,0.65048,0.94437,0.00208,0.00208,0.00208
962,11697.6,0.87183,0.62729,0.94166,0.96682,0.86795,0.95022,0.70059,0.99581,0.64979,0.94385,0.00207175,0.00207175,0.00207175
963,11708.9,0.86226,0.61479,0.94125,0.95535,0.87021,0.9504,0.70036,0.99504,0.64948,0.94343,0.0020635,0.0020635,0.0020635
964,11721.5,0.88869,0.63301,0.93759,0.96449,0.86679,0.95014,0.70049,0.99446,0.64922,0.94315,0.00205525,0.00205525,0.00205525
965,11733.5,0.86466,0.63349,0.94354,0.96449,0.86686,0.95144,0.70108,0.99393,0.64893,0.94291,0.002047,0.002047,0.002047
966,11745.1,0.87908,0.64027,0.95515,0.95785,0.87021,0.9508,0.70187,0.9932,0.64848,0.94246,0.00203875,0.00203875,0.00203875
967,11756.6,0.87507,0.62812,0.94622,0.9651,0.86596,0.95191,0.70187,0.993,0.64821,0.9424,0.0020305,0.0020305,0.0020305
968,11769.8,0.85165,0.63364,0.94448,0.96681,0.86767,0.95084,0.70167,0.99205,0.64704,0.9416,0.00202225,0.00202225,0.00202225
969,11780.9,0.87784,0.63803,0.95306,0.96689,0.86596,0.95077,0.70135,0.99151,0.64689,0.94131,0.002014,0.002014,0.002014
970,11792.2,0.85784,0.63759,0.94832,0.96724,0.86596,0.9509,0.70247,0.99122,0.64669,0.94139,0.00200575,0.00200575,0.00200575
971,11805.3,0.85177,0.62007,0.94554,0.95559,0.87021,0.95098,0.70164,0.99085,0.6463,0.94136,0.0019975,0.0019975,0.0019975
972,11817,0.87086,0.62746,0.94701,0.95576,0.87332,0.95121,0.70198,0.99057,0.64601,0.94127,0.00198925,0.00198925,0.00198925
973,11828.1,0.86499,0.63617,0.94979,0.95599,0.87234,0.95117,0.70194,0.98986,0.6456,0.94116,0.001981,0.001981,0.001981
974,11839.4,0.87908,0.63262,0.95693,0.96104,0.86809,0.95198,0.70235,0.98929,0.64513,0.94076,0.00197275,0.00197275,0.00197275
975,11852.8,0.86402,0.63128,0.9448,0.95574,0.87288,0.95222,0.70304,0.9891,0.64452,0.94055,0.0019645,0.0019645,0.0019645
976,11864.3,0.85168,0.62234,0.94772,0.95655,0.87234,0.95235,0.70292,0.98929,0.64403,0.94053,0.00195625,0.00195625,0.00195625
977,11875.6,0.8525,0.61799,0.94191,0.96035,0.87021,0.9526,0.70247,0.98916,0.6429,0.94008,0.001948,0.001948,0.001948
978,11888.4,0.85338,0.62434,0.94551,0.96042,0.87021,0.95268,0.70331,0.9886,0.6427,0.93972,0.00193975,0.00193975,0.00193975
979,11900,0.8623,0.6202,0.93448,0.96009,0.87023,0.9527,0.70306,0.98845,0.64224,0.93942,0.0019315,0.0019315,0.0019315
980,11911.1,0.8527,0.63024,0.94363,0.96012,0.87081,0.95284,0.70346,0.98862,0.64223,0.93935,0.00192325,0.00192325,0.00192325
981,11923,0.85526,0.62802,0.94137,0.96009,0.87023,0.95291,0.70251,0.98845,0.64211,0.93923,0.001915,0.001915,0.001915
982,11936,0.86007,0.62605,0.94632,0.96189,0.87021,0.95293,0.70279,0.98829,0.64227,0.93911,0.00190675,0.00190675,0.00190675
983,11947.2,0.86074,0.61981,0.94529,0.96478,0.87021,0.9528,0.70215,0.98827,0.64227,0.93917,0.0018985,0.0018985,0.0018985
984,11958.5,0.85857,0.62494,0.9504,0.95814,0.87657,0.95286,0.70249,0.98825,0.64346,0.93964,0.00189025,0.00189025,0.00189025
985,11971.5,0.85841,0.6288,0.94145,0.95815,0.87685,0.9529,0.70278,0.98773,0.6434,0.93948,0.001882,0.001882,0.001882
986,11982.8,0.85346,0.61622,0.93702,0.96502,0.87021,0.95277,0.70351,0.98772,0.64342,0.93947,0.00187375,0.00187375,0.00187375
987,11994.4,0.84121,0.61404,0.94827,0.96525,0.87021,0.95284,0.70305,0.98765,0.64347,0.93933,0.0018655,0.0018655,0.0018655
988,12006.3,0.85742,0.61927,0.93434,0.96239,0.87109,0.95282,0.70325,0.98745,0.64343,0.93913,0.00185725,0.00185725,0.00185725
989,12019,0.84124,0.60453,0.93659,0.96219,0.87234,0.95272,0.70274,0.98714,0.64361,0.93908,0.001849,0.001849,0.001849
990,12030.2,0.8461,0.60957,0.94142,0.96423,0.87234,0.9531,0.70266,0.98716,0.64379,0.93909,0.00184075,0.00184075,0.00184075
991,12041.5,0.85479,0.61852,0.93683,0.96314,0.87234,0.95278,0.70298,0.98692,0.64394,0.93916,0.0018325,0.0018325,0.0018325
992,12054.3,0.85957,0.61855,0.94051,0.95802,0.87872,0.95279,0.70345,0.98619,0.64415,0.93893,0.00182425,0.00182425,0.00182425
993,12065.6,0.8551,0.60996,0.94072,0.95994,0.87872,0.95305,0.70361,0.98606,0.64452,0.93899,0.001816,0.001816,0.001816
994,12077.2,0.85326,0.62078,0.94344,0.95723,0.87872,0.95274,0.70435,0.98582,0.64456,0.93894,0.00180775,0.00180775,0.00180775
995,12089.8,0.85502,0.62822,0.94771,0.95672,0.87872,0.95272,0.70406,0.98561,0.64469,0.93882,0.0017995,0.0017995,0.0017995
996,12102,0.83836,0.61246,0.94161,0.95845,0.87872,0.95311,0.70444,0.98532,0.64496,0.93887,0.00179125,0.00179125,0.00179125
997,12113.7,0.8415,0.60557,0.93519,0.95818,0.87872,0.9532,0.70444,0.9852,0.64515,0.93889,0.001783,0.001783,0.001783
998,12125.3,0.85961,0.60341,0.93767,0.95804,0.87872,0.9532,0.70499,0.98522,0.64525,0.9388,0.00177475,0.00177475,0.00177475
999,12138.5,0.87489,0.62371,0.94788,0.9582,0.87872,0.95303,0.70513,0.98524,0.64495,0.93875,0.0017665,0.0017665,0.0017665
1000,12150,0.85105,0.6196,0.93816,0.95822,0.87847,0.95295,0.70546,0.98521,0.64511,0.93876,0.00175825,0.00175825,0.00175825
1001,12161.7,0.86615,0.61709,0.9297,0.95798,0.87872,0.953,0.70595,0.98484,0.64517,0.93889,0.00175,0.00175,0.00175
1002,12175.1,0.85829,0.61706,0.93324,0.95784,0.87872,0.95214,0.70614,0.98448,0.64505,0.93866,0.00174175,0.00174175,0.00174175
1003,12186.6,0.86378,0.63356,0.94471,0.95777,0.87872,0.9521,0.70634,0.98467,0.6446,0.93826,0.0017335,0.0017335,0.0017335
1004,12198.3,0.83548,0.60637,0.9334,0.95787,0.87872,0.95211,0.70624,0.98415,0.64306,0.93736,0.00172525,0.00172525,0.00172525
1005,12210.1,0.85906,0.62494,0.94453,0.95794,0.87872,0.95216,0.70625,0.98408,0.64337,0.93732,0.001717,0.001717,0.001717
1006,12223,0.83996,0.60172,0.933,0.95593,0.87684,0.9521,0.70647,0.98366,0.64359,0.93736,0.00170875,0.00170875,0.00170875
1007,12234.6,0.822,0.60316,0.93509,0.95594,0.87872,0.95203,0.70674,0.98367,0.64344,0.93764,0.0017005,0.0017005,0.0017005
1008,12246.2,0.82755,0.61016,0.93673,0.95597,0.87777,0.95213,0.70747,0.9834,0.64405,0.93747,0.00169225,0.00169225,0.00169225
1009,12259.5,0.84572,0.61833,0.9375,0.95602,0.87873,0.95227,0.70812,0.98341,0.64396,0.93752,0.001684,0.001684,0.001684
1010,12271.2,0.84926,0.61288,0.93784,0.95821,0.87806,0.95244,0.70835,0.98346,0.64418,0.9374,0.00167575,0.00167575,0.00167575
1011,12282.8,0.83442,0.61071,0.93107,0.95835,0.87872,0.95238,0.7089,0.98332,0.64408,0.93733,0.0016675,0.0016675,0.0016675
1012,12295.6,0.81363,0.59167,0.92936,0.96045,0.87845,0.95238,0.70916,0.98311,0.64413,0.93725,0.00165925,0.00165925,0.00165925
1013,12307.9,0.83087,0.61537,0.94235,0.96044,0.87811,0.95218,0.70944,0.98283,0.64408,0.93689,0.001651,0.001651,0.001651
1014,12319.5,0.82276,0.60514,0.93677,0.96053,0.8766,0.95222,0.70921,0.98283,0.64348,0.93683,0.00164275,0.00164275,0.00164275
1015,12330.7,0.83783,0.60537,0.93837,0.96249,0.87356,0.95222,0.7093,0.98309,0.64325,0.93676,0.0016345,0.0016345,0.0016345
1016,12343.5,0.84439,0.61316,0.93525,0.96249,0.87234,0.95207,0.70942,0.9831,0.64305,0.93675,0.00162625,0.00162625,0.00162625
1017,12354.7,0.84084,0.61632,0.93818,0.96248,0.87331,0.95228,0.70916,0.98306,0.64287,0.93673,0.001618,0.001618,0.001618
1018,12366.1,0.84657,0.61133,0.93793,0.96245,0.87259,0.95229,0.70916,0.98261,0.64256,0.9366,0.00160975,0.00160975,0.00160975
1019,12378.8,0.85416,0.61916,0.93342,0.96251,0.8739,0.95236,0.70914,0.98244,0.64225,0.93649,0.0016015,0.0016015,0.0016015
1020,12390.4,0.84714,0.61567,0.93896,0.96513,0.87234,0.95235,0.70923,0.98239,0.6422,0.93662,0.00159325,0.00159325,0.00159325
1021,12401.5,0.83528,0.59372,0.93325,0.96446,0.87234,0.95308,0.70959,0.98231,0.64206,0.93661,0.001585,0.001585,0.001585
1022,12413.2,0.84695,0.61592,0.939,0.96375,0.87234,0.95304,0.70926,0.98217,0.64227,0.93666,0.00157675,0.00157675,0.00157675
1023,12426,0.82482,0.59361,0.93462,0.96504,0.87234,0.95229,0.70861,0.98201,0.64241,0.93587,0.0015685,0.0015685,0.0015685
1024,12437.2,0.82362,0.60109,0.93939,0.96431,0.87234,0.95236,0.70816,0.98203,0.64249,0.93599,0.00156025,0.00156025,0.00156025
1025,12448.3,0.8199,0.59029,0.93099,0.96361,0.87234,0.95236,0.70836,0.98198,0.64238,0.93598,0.001552,0.001552,0.001552
1026,12461.5,0.80243,0.5842,0.92268,0.96392,0.87234,0.95247,0.70834,0.98182,0.64219,0.93594,0.00154375,0.00154375,0.00154375
1027,12472.7,0.84582,0.60507,0.93901,0.96345,0.87234,0.95233,0.70812,0.98235,0.64164,0.93595,0.0015355,0.0015355,0.0015355
1028,12483.9,0.8373,0.60014,0.93704,0.96461,0.87234,0.95236,0.70839,0.98197,0.64168,0.93583,0.00152725,0.00152725,0.00152725
1029,12495.1,0.82906,0.5952,0.93017,0.96254,0.87234,0.95235,0.70806,0.98174,0.64154,0.93564,0.001519,0.001519,0.001519
1030,12508,0.8252,0.59864,0.93459,0.96434,0.87234,0.9523,0.70804,0.9815,0.6416,0.93551,0.00151075,0.00151075,0.00151075
1031,12519.2,0.82231,0.59192,0.93489,0.96557,0.87234,0.95246,0.70804,0.9814,0.64155,0.93545,0.0015025,0.0015025,0.0015025
1032,12530.4,0.81634,0.58705,0.92836,0.95974,0.87234,0.95244,0.70831,0.98115,0.64145,0.9353,0.00149425,0.00149425,0.00149425
1033,12542.6,0.82961,0.60301,0.93364,0.95931,0.87234,0.95245,0.70837,0.98111,0.64148,0.93528,0.001486,0.001486,0.001486
1034,12554.1,0.82773,0.60836,0.93223,0.96022,0.87305,0.95247,0.70849,0.98115,0.64162,0.93516,0.00147775,0.00147775,0.00147775
1035,12565.4,0.83837,0.60339,0.93714,0.96021,0.87282,0.95248,0.70885,0.98123,0.64167,0.93518,0.0014695,0.0014695,0.0014695
1036,12576.6,0.81778,0.59366,0.93515,0.96019,0.87244,0.95252,0.70898,0.98101,0.64123,0.93498,0.00146125,0.00146125,0.00146125
1037,12589.4,0.83764,0.60379,0.93523,0.96022,0.87305,0.95258,0.70859,0.9809,0.64105,0.93477,0.001453,0.001453,0.001453
1038,12600.6,0.83447,0.60946,0.93598,0.96023,0.8733,0.95252,0.70857,0.98095,0.64101,0.93465,0.00144475,0.00144475,0.00144475
1039,12611.9,0.82513,0.59236,0.92899,0.9594,0.8766,0.9526,0.70919,0.98047,0.64072,0.93452,0.0014365,0.0014365,0.0014365
1040,12624.2,0.83707,0.59713,0.94308,0.96256,0.87514,0.95279,0.7097,0.98032,0.64057,0.93431,0.00142825,0.00142825,0.00142825
1041,12635.8,0.84264,0.60764,0.932,0.96032,0.8766,0.95292,0.70938,0.97992,0.6404,0.93404,0.00142,0.00142,0.00142
1042,12647,0.80737,0.59483,0.93579,0.96064,0.8766,0.95296,0.70932,0.98013,0.64017,0.93413,0.00141175,0.00141175,0.00141175
1043,12658.9,0.84373,0.61642,0.93713,0.96701,0.873,0.95298,0.70881,0.97982,0.64003,0.93396,0.0014035,0.0014035,0.0014035
1044,12671.2,0.80504,0.5816,0.92732,0.9335,0.89787,0.95296,0.70859,0.97958,0.63992,0.93381,0.00139525,0.00139525,0.00139525
1045,12682.5,0.80051,0.58388,0.93251,0.93234,0.89787,0.95293,0.70873,0.9793,0.63979,0.93368,0.001387,0.001387,0.001387
1046,12693.6,0.83485,0.5983,0.92798,0.9616,0.8766,0.95287,0.70897,0.979,0.63985,0.93358,0.00137875,0.00137875,0.00137875
1047,12706.6,0.83145,0.59792,0.93485,0.93159,0.89816,0.95295,0.70897,0.9786,0.63955,0.93344,0.0013705,0.0013705,0.0013705
1048,12717.9,0.83712,0.59808,0.92558,0.93394,0.89787,0.95316,0.70956,0.97826,0.63957,0.93338,0.00136225,0.00136225,0.00136225
1049,12729,0.82828,0.59738,0.92782,0.95319,0.88085,0.95312,0.70945,0.9782,0.63962,0.93329,0.001354,0.001354,0.001354
1050,12740.8,0.81976,0.59095,0.9285,0.95292,0.88085,0.95311,0.70953,0.97806,0.63941,0.93309,0.00134575,0.00134575,0.00134575
1051,12753.5,0.81109,0.58026,0.92531,0.93759,0.89787,0.95315,0.70961,0.97815,0.63935,0.93313,0.0013375,0.0013375,0.0013375
1052,12764.9,0.81067,0.58727,0.93233,0.93407,0.89787,0.9532,0.70953,0.97791,0.63914,0.93308,0.00132925,0.00132925,0.00132925
1053,12776,0.8035,0.58721,0.92218,0.93313,0.89787,0.9532,0.70909,0.97784,0.63906,0.93297,0.001321,0.001321,0.001321
1054,12789.2,0.81692,0.59987,0.9308,0.93273,0.9,0.95323,0.70879,0.97765,0.63905,0.93291,0.00131275,0.00131275,0.00131275
1055,12800.5,0.8323,0.6054,0.93218,0.93173,0.90011,0.95323,0.70901,0.97746,0.63872,0.93284,0.0013045,0.0013045,0.0013045
1056,12811.7,0.82256,0.60531,0.937,0.93184,0.9,0.95316,0.70887,0.97731,0.63888,0.9329,0.00129625,0.00129625,0.00129625
1057,12823.8,0.80023,0.57944,0.9293,0.93579,0.89927,0.95315,0.70852,0.97721,0.63865,0.93282,0.001288,0.001288,0.001288
1058,12836.1,0.84037,0.60117,0.9257,0.93578,0.8991,0.95128,0.70866,0.97722,0.63877,0.93285,0.00127975,0.00127975,0.00127975
1059,12847.3,0.7988,0.56468,0.91868,0.93577,0.89899,0.95129,0.70864,0.97714,0.63836,0.93259,0.0012715,0.0012715,0.0012715
1060,12858.6,0.7985,0.57727,0.92055,0.93376,0.8998,0.95123,0.70883,0.97709,0.63834,0.9327,0.00126325,0.00126325,0.00126325
1061,12871.6,0.7995,0.58119,0.92702,0.93321,0.9,0.95129,0.70921,0.97689,0.63831,0.9327,0.001255,0.001255,0.001255
1062,12882.8,0.78282,0.57494,0.91997,0.9335,0.9,0.95126,0.70933,0.97655,0.63792,0.93245,0.00124675,0.00124675,0.00124675
1063,12894.1,0.81771,0.58966,0.92678,0.93474,0.9,0.95131,0.70942,0.97648,0.63779,0.93241,0.0012385,0.0012385,0.0012385
1064,12906.1,0.81087,0.59107,0.9225,0.93476,0.9,0.95134,0.70914,0.97653,0.63768,0.9325,0.00123025,0.00123025,0.00123025
1065,12917.7,0.81862,0.60286,0.93613,0.93578,0.9,0.95131,0.70926,0.9765,0.63756,0.9324,0.001222,0.001222,0.001222
1066,12929,0.81756,0.58428,0.92826,0.93666,0.89787,0.95091,0.70969,0.9761,0.63728,0.93226,0.00121375,0.00121375,0.00121375
1067,12940.3,0.79196,0.56587,0.91499,0.93682,0.89787,0.95086,0.70986,0.9763,0.63729,0.93226,0.0012055,0.0012055,0.0012055
1068,12953.4,0.81818,0.59482,0.92573,0.93682,0.89787,0.95086,0.70966,0.97604,0.63733,0.93219,0.00119725,0.00119725,0.00119725
1069,12964.7,0.81403,0.58722,0.91402,0.93787,0.89922,0.95086,0.71033,0.97603,0.63701,0.93222,0.001189,0.001189,0.001189
1070,12976.2,0.82362,0.59504,0.93069,0.93788,0.89939,0.95082,0.71068,0.97577,0.63691,0.93218,0.00118075,0.00118075,0.00118075
1071,12989.6,0.80266,0.58024,0.92752,0.93788,0.89948,0.95082,0.71055,0.97549,0.637,0.932,0.0011725,0.0011725,0.0011725
1072,13000.8,0.85534,0.6026,0.92808,0.93791,0.89988,0.95083,0.71084,0.97527,0.63665,0.93184,0.00116425,0.00116425,0.00116425
1073,13012.3,0.80012,0.58887,0.92371,0.94189,0.89662,0.9508,0.71048,0.97508,0.63647,0.9317,0.001156,0.001156,0.001156
1074,13023.6,0.79431,0.57591,0.92351,0.93942,0.9,0.95076,0.71087,0.9751,0.63632,0.93168,0.00114775,0.00114775,0.00114775
1075,13036.8,0.80465,0.58471,0.91497,0.93929,0.9,0.95079,0.71119,0.97489,0.6361,0.93168,0.0011395,0.0011395,0.0011395
1076,13048.5,0.80721,0.58343,0.92612,0.93922,0.9,0.95089,0.71074,0.97481,0.63602,0.93161,0.00113125,0.00113125,0.00113125
1077,13059.7,0.79995,0.57452,0.92208,0.93902,0.9,0.9509,0.71108,0.97483,0.63614,0.93152,0.001123,0.001123,0.001123
1078,13072.9,0.80193,0.57459,0.91905,0.93927,0.9,0.95084,0.71055,0.97481,0.63619,0.93137,0.00111475,0.00111475,0.00111475
1079,13084.4,0.78096,0.57437,0.9216,0.93891,0.9,0.95089,0.71094,0.97478,0.63588,0.93124,0.0011065,0.0011065,0.0011065
1080,13095.6,0.83044,0.59054,0.93464,0.93912,0.9,0.9509,0.71087,0.97486,0.63574,0.93121,0.00109825,0.00109825,0.00109825
1081,13106.8,0.80039,0.58047,0.92607,0.93895,0.9,0.9509,0.71063,0.9749,0.63571,0.93124,0.00109,0.00109,0.00109
1082,13119.4,0.82589,0.5876,0.92746,0.93901,0.9,0.9509,0.7108,0.97491,0.63586,0.93116,0.00108175,0.00108175,0.00108175
1083,13130.6,0.79768,0.57303,0.92179,0.93898,0.9,0.95093,0.71127,0.97456,0.6357,0.93098,0.0010735,0.0010735,0.0010735
1084,13142.1,0.77541,0.56799,0.91604,0.93881,0.9,0.95098,0.71097,0.97464,0.63575,0.93101,0.00106525,0.00106525,0.00106525
1085,13154.9,0.766,0.55372,0.91563,0.93891,0.9,0.95098,0.71119,0.97457,0.63555,0.93083,0.001057,0.001057,0.001057
1086,13166.6,0.80656,0.57335,0.92078,0.93908,0.9,0.95099,0.7112,0.97432,0.63557,0.93076,0.00104875,0.00104875,0.00104875
1087,13177.8,0.7976,0.59001,0.92236,0.93935,0.9,0.95102,0.7117,0.97441,0.63535,0.93064,0.0010405,0.0010405,0.0010405
1088,13189.6,0.80197,0.57593,0.91663,0.93947,0.9,0.95105,0.71173,0.97446,0.63567,0.93068,0.00103225,0.00103225,0.00103225
1089,13203.4,0.80177,0.56923,0.92021,0.93974,0.9,0.95108,0.71179,0.97437,0.63548,0.93052,0.001024,0.001024,0.001024
1090,13215,0.79473,0.57709,0.92043,0.93943,0.9,0.95116,0.71211,0.97433,0.63551,0.93055,0.00101575,0.00101575,0.00101575
1091,13226.5,0.79544,0.57159,0.92591,0.94005,0.9008,0.95113,0.71245,0.97398,0.63526,0.93045,0.0010075,0.0010075,0.0010075
1092,13239.3,0.78946,0.57441,0.91536,0.94005,0.90081,0.95116,0.71299,0.97395,0.63534,0.93046,0.00099925,0.00099925,0.00099925
1093,13250.8,0.81129,0.57925,0.92014,0.94007,0.90105,0.95118,0.71224,0.97398,0.63533,0.93044,0.000991,0.000991,0.000991
1094,13262.2,0.7909,0.57176,0.92307,0.94008,0.90128,0.95124,0.71214,0.97364,0.63518,0.93029,0.00098275,0.00098275,0.00098275
1095,13273.6,0.79332,0.56914,0.92286,0.94009,0.9014,0.95121,0.71222,0.97377,0.63519,0.93034,0.0009745,0.0009745,0.0009745
1096,13286,0.793,0.58084,0.91904,0.94012,0.90197,0.95125,0.7123,0.97367,0.63524,0.93028,0.00096625,0.00096625,0.00096625
1097,13297.1,0.78928,0.5739,0.92446,0.94008,0.90136,0.95124,0.71202,0.97349,0.63504,0.93024,0.000958,0.000958,0.000958
1098,13308.3,0.77685,0.56492,0.90852,0.94005,0.90088,0.95129,0.71193,0.97347,0.63499,0.93025,0.00094975,0.00094975,0.00094975
1099,13321.1,0.78012,0.56886,0.91574,0.94001,0.90018,0.95133,0.71216,0.97335,0.6348,0.93014,0.0009415,0.0009415,0.0009415
1100,13332.4,0.80416,0.56982,0.91774,0.93993,0.90213,0.9513,0.71215,0.97321,0.63468,0.93011,0.00093325,0.00093325,0.00093325
1101,13343.6,0.7807,0.56278,0.9209,0.93997,0.90213,0.95138,0.71264,0.97327,0.63427,0.93008,0.000925,0.000925,0.000925
1102,13355.3,0.80315,0.57477,0.92231,0.94055,0.90213,0.9514,0.71247,0.97303,0.6344,0.93005,0.00091675,0.00091675,0.00091675
1103,13367.8,0.77173,0.56784,0.9222,0.94259,0.90213,0.95147,0.71275,0.97275,0.63415,0.9299,0.0009085,0.0009085,0.0009085
1104,13379.1,0.80114,0.57632,0.92158,0.94264,0.90213,0.95145,0.71244,0.97262,0.63408,0.92994,0.00090025,0.00090025,0.00090025
1105,13390.5,0.78661,0.57891,0.92496,0.94299,0.90213,0.9515,0.71284,0.9728,0.63376,0.92996,0.000892,0.000892,0.000892
1106,13403.4,0.77289,0.55808,0.91152,0.94089,0.9,0.94891,0.71229,0.97252,0.63372,0.92988,0.00088375,0.00088375,0.00088375
1107,13414.5,0.81278,0.59035,0.92667,0.94075,0.9,0.94886,0.71208,0.97247,0.63373,0.92986,0.0008755,0.0008755,0.0008755
1108,13425.8,0.76589,0.56264,0.91914,0.94602,0.89493,0.95141,0.71231,0.97231,0.63365,0.9298,0.00086725,0.00086725,0.00086725
1109,13437,0.78605,0.56656,0.90967,0.94591,0.89302,0.95141,0.71237,0.9719,0.63361,0.92966,0.000859,0.000859,0.000859
1110,13450.2,0.77384,0.56999,0.92055,0.94585,0.89202,0.95144,0.71221,0.97181,0.63356,0.92949,0.00085075,0.00085075,0.00085075
1111,13461.3,0.77431,0.56058,0.91464,0.94799,0.89202,0.95168,0.71225,0.97169,0.6336,0.92955,0.0008425,0.0008425,0.0008425
1112,13472.6,0.79828,0.5716,0.91548,0.94797,0.89162,0.95169,0.71224,0.97147,0.63349,0.9295,0.00083425,0.00083425,0.00083425
1113,13485.4,0.77702,0.56581,0.91601,0.95225,0.89112,0.95171,0.71226,0.97159,0.63355,0.92948,0.000826,0.000826,0.000826
1114,13497.1,0.7772,0.56487,0.91672,0.95226,0.89121,0.95173,0.71244,0.97144,0.63336,0.92942,0.00081775,0.00081775,0.00081775
1115,13508.4,0.78382,0.56572,0.91008,0.94997,0.88888,0.95145,0.71211,0.97134,0.63324,0.9292,0.0008095,0.0008095,0.0008095
1116,13519.9,0.77336,0.55978,0.90974,0.95223,0.89068,0.95177,0.71184,0.97115,0.63324,0.92914,0.00080125,0.00080125,0.00080125
1117,13533.1,0.80114,0.57895,0.91813,0.94575,0.89149,0.95137,0.71181,0.97114,0.63313,0.92912,0.000793,0.000793,0.000793
1118,13544.4,0.77227,0.5567,0.9157,0.94592,0.89149,0.95148,0.71196,0.97096,0.63297,0.92909,0.00078475,0.00078475,0.00078475
1119,13555.6,0.78873,0.55974,0.9177,0.94668,0.89149,0.95146,0.71201,0.9709,0.63299,0.92905,0.0007765,0.0007765,0.0007765
1120,13568.7,0.77298,0.56491,0.91498,0.94625,0.89149,0.95148,0.71247,0.97087,0.6329,0.92898,0.00076825,0.00076825,0.00076825
1121,13580.1,0.80036,0.56691,0.91737,0.94688,0.89149,0.95149,0.71256,0.97071,0.63294,0.9289,0.00076,0.00076,0.00076
1122,13591.5,0.79466,0.56383,0.9157,0.94724,0.89362,0.9516,0.71253,0.97067,0.63324,0.92906,0.00075175,0.00075175,0.00075175
1123,13602.7,0.7843,0.5601,0.91995,0.94821,0.89362,0.95184,0.71317,0.97059,0.63302,0.92898,0.0007435,0.0007435,0.0007435
1124,13616,0.77362,0.5525,0.92043,0.9522,0.89005,0.95181,0.71274,0.97041,0.63285,0.92895,0.00073525,0.00073525,0.00073525
1125,13627.3,0.77575,0.56402,0.9126,0.95219,0.88988,0.95188,0.71265,0.97045,0.63272,0.92892,0.000727,0.000727,0.000727
1126,13638.4,0.75568,0.5474,0.9096,0.9522,0.89014,0.95272,0.71312,0.97039,0.63288,0.92896,0.00071875,0.00071875,0.00071875
1127,13652,0.76167,0.56348,0.91857,0.95218,0.88971,0.95271,0.7131,0.97021,0.6326,0.92885,0.0007105,0.0007105,0.0007105
1128,13663.5,0.7698,0.56315,0.91544,0.95219,0.88991,0.95268,0.71293,0.96995,0.63195,0.92867,0.00070225,0.00070225,0.00070225
1129,13674.7,0.77913,0.55595,0.91551,0.95219,0.88987,0.95305,0.71296,0.96989,0.63183,0.92873,0.000694,0.000694,0.000694
1130,13686.6,0.7833,0.57149,0.91943,0.95219,0.88996,0.953,0.71337,0.96992,0.63176,0.92873,0.00068575,0.00068575,0.00068575
1131,13699.9,0.77911,0.56572,0.91732,0.95219,0.8898,0.95275,0.7137,0.96992,0.63187,0.92866,0.0006775,0.0006775,0.0006775
1132,13711.4,0.77841,0.56977,0.91692,0.95218,0.88961,0.95274,0.71318,0.96984,0.63165,0.9286,0.00066925,0.00066925,0.00066925
1133,13722.5,0.79551,0.57205,0.91959,0.95215,0.88907,0.95312,0.71356,0.96972,0.63131,0.92855,0.000661,0.000661,0.000661
1134,13735.2,0.76541,0.5531,0.9174,0.95217,0.88941,0.95316,0.71346,0.96985,0.63146,0.92854,0.00065275,0.00065275,0.00065275
1135,13746.3,0.75584,0.54851,0.91764,0.95445,0.89161,0.95366,0.7135,0.96983,0.63117,0.92857,0.0006445,0.0006445,0.0006445
1136,13757.6,0.76671,0.56311,0.92291,0.95442,0.89111,0.95368,0.71373,0.96975,0.63116,0.92852,0.00063625,0.00063625,0.00063625
1137,13770,0.76675,0.55158,0.91023,0.95441,0.89092,0.95368,0.71411,0.9698,0.63114,0.92856,0.000628,0.000628,0.000628
1138,13782.8,0.7914,0.56895,0.91937,0.95442,0.8911,0.95371,0.71418,0.96969,0.63106,0.92853,0.00061975,0.00061975,0.00061975
1139,13794.4,0.7573,0.55346,0.91077,0.95455,0.89364,0.95368,0.71442,0.96976,0.63121,0.92854,0.0006115,0.0006115,0.0006115
1140,13805.9,0.78839,0.56731,0.91929,0.9545,0.89271,0.95368,0.71429,0.96969,0.63099,0.92858,0.00060325,0.00060325,0.00060325
1141,13818,0.77893,0.55463,0.90687,0.95451,0.89289,0.95371,0.71405,0.96958,0.63061,0.92858,0.000595,0.000595,0.000595
1142,13829,0.77327,0.56411,0.90991,0.95451,0.89281,0.9537,0.71406,0.96966,0.63083,0.9286,0.00058675,0.00058675,0.00058675
1143,13840.2,0.77066,0.55266,0.90854,0.95453,0.89332,0.95365,0.71402,0.96972,0.63103,0.92866,0.0005785,0.0005785,0.0005785
1144,13853.1,0.7509,0.55107,0.91185,0.95454,0.89359,0.95365,0.71442,0.96947,0.63073,0.92857,0.00057025,0.00057025,0.00057025
1145,13865.3,0.74342,0.54039,0.91264,0.95454,0.89345,0.95373,0.71443,0.96934,0.63066,0.92855,0.000562,0.000562,0.000562
1146,13877,0.74017,0.53928,0.90677,0.95454,0.89356,0.95366,0.71392,0.96938,0.63074,0.92847,0.00055375,0.00055375,0.00055375
1147,13888.6,0.76231,0.54403,0.91003,0.95453,0.89325,0.95328,0.71429,0.96926,0.63055,0.92836,0.0005455,0.0005455,0.0005455
1148,13901.6,0.77901,0.55892,0.91348,0.95231,0.89228,0.95218,0.71386,0.96919,0.63066,0.92832,0.00053725,0.00053725,0.00053725
1149,13912.8,0.73962,0.5378,0.90391,0.95246,0.89527,0.95218,0.71387,0.96926,0.63061,0.92833,0.000529,0.000529,0.000529
1150,13924,0.75651,0.55156,0.91036,0.95472,0.89714,0.9534,0.71408,0.9693,0.63059,0.92835,0.00052075,0.00052075,0.00052075
1151,13937,0.75839,0.54379,0.91086,0.9521,0.89787,0.95382,0.71431,0.96946,0.63049,0.9284,0.0005125,0.0005125,0.0005125
1152,13948.3,0.74516,0.53064,0.89616,0.9525,0.89594,0.95379,0.71438,0.96926,0.63054,0.9284,0.00050425,0.00050425,0.00050425
1153,13959.5,0.74873,0.54649,0.89856,0.95033,0.89574,0.9526,0.71452,0.96931,0.63038,0.92844,0.000496,0.000496,0.000496
1154,13970.7,0.77194,0.55698,0.91302,0.95456,0.89398,0.95379,0.7146,0.96856,0.63052,0.92816,0.00048775,0.00048775,0.00048775
1155,13983.9,0.76459,0.54415,0.90375,0.95524,0.89362,0.95381,0.71438,0.96848,0.63052,0.92816,0.0004795,0.0004795,0.0004795
1156,13995.2,0.76012,0.55846,0.90802,0.95565,0.89574,0.95378,0.71443,0.96841,0.63056,0.92806,0.00047125,0.00047125,0.00047125
1157,14006.4,0.77299,0.56737,0.90944,0.95468,0.89643,0.95374,0.71447,0.9685,0.63046,0.92817,0.000463,0.000463,0.000463
1158,14019.2,0.73519,0.53585,0.91114,0.95649,0.88861,0.95373,0.71448,0.9685,0.63039,0.92805,0.00045475,0.00045475,0.00045475
1159,14030.9,0.75306,0.55374,0.91612,0.94613,0.89688,0.95245,0.71426,0.96843,0.63044,0.92798,0.0004465,0.0004465,0.0004465
1160,14042.1,0.75953,0.54869,0.90429,0.95647,0.88826,0.95157,0.7139,0.96837,0.63032,0.92784,0.00043825,0.00043825,0.00043825
1161,14053.4,0.76795,0.55878,0.91553,0.95647,0.88936,0.95157,0.71422,0.96828,0.63043,0.92796,0.00043,0.00043,0.00043
1162,14066.7,0.74752,0.53907,0.90513,0.95484,0.88936,0.95157,0.71427,0.96846,0.63055,0.92804,0.00042175,0.00042175,0.00042175
1163,14077.9,0.75627,0.55255,0.90741,0.9565,0.88936,0.95155,0.71437,0.96842,0.63039,0.92801,0.0004135,0.0004135,0.0004135
1164,14089.2,0.7652,0.55259,0.90671,0.95586,0.88936,0.95159,0.71442,0.96845,0.63067,0.9282,0.00040525,0.00040525,0.00040525
1165,14101.7,0.75857,0.55111,0.91706,0.95588,0.88936,0.95167,0.71467,0.96865,0.63062,0.92822,0.000397,0.000397,0.000397
1166,14113.1,0.72646,0.53185,0.9094,0.95555,0.88936,0.95164,0.71462,0.96849,0.63071,0.92815,0.00038875,0.00038875,0.00038875
1167,14124.2,0.76158,0.55561,0.90996,0.9563,0.88936,0.95167,0.714,0.9685,0.63058,0.9281,0.0003805,0.0003805,0.0003805
1168,14135.6,0.74559,0.53142,0.89527,0.95652,0.8893,0.95167,0.71432,0.96852,0.63063,0.92815,0.00037225,0.00037225,0.00037225
1169,14148.6,0.75664,0.55103,0.91476,0.95612,0.88936,0.95166,0.7143,0.96846,0.63046,0.92811,0.000364,0.000364,0.000364
1170,14159.8,0.75278,0.53424,0.90528,0.95428,0.88723,0.95168,0.71444,0.96829,0.63033,0.92794,0.00035575,0.00035575,0.00035575
1171,14171.1,0.75196,0.54436,0.90486,0.95432,0.88723,0.95166,0.71463,0.96833,0.63037,0.928,0.0003475,0.0003475,0.0003475
1172,14183.3,0.75936,0.55578,0.91312,0.94893,0.89149,0.95162,0.71448,0.96818,0.63032,0.92787,0.00033925,0.00033925,0.00033925
1173,14194.9,0.75314,0.53369,0.90429,0.94797,0.89151,0.95164,0.71484,0.96822,0.63095,0.92795,0.000331,0.000331,0.000331
1174,14206.4,0.75849,0.55198,0.91113,0.94926,0.89149,0.95165,0.71455,0.96817,0.63062,0.92792,0.00032275,0.00032275,0.00032275
1175,14217.8,0.78648,0.57551,0.91569,0.94841,0.89149,0.95162,0.71455,0.96814,0.6308,0.92787,0.0003145,0.0003145,0.0003145
1176,14230.4,0.77007,0.5462,0.90731,0.94988,0.89149,0.95171,0.71492,0.96809,0.6309,0.92777,0.00030625,0.00030625,0.00030625
1177,14242,0.73336,0.52941,0.89996,0.95066,0.89149,0.95168,0.71468,0.9679,0.63065,0.92772,0.000298,0.000298,0.000298
1178,14253.3,0.74222,0.54591,0.90684,0.95108,0.89149,0.95168,0.71507,0.96802,0.63084,0.92781,0.00028975,0.00028975,0.00028975
1179,14266.6,0.74472,0.54198,0.90654,0.94803,0.89264,0.95165,0.71489,0.96807,0.63087,0.92787,0.0002815,0.0002815,0.0002815
1180,14277.6,0.73621,0.54561,0.90911,0.94963,0.89149,0.9517,0.71533,0.9682,0.63088,0.92783,0.00027325,0.00027325,0.00027325
1181,14289.3,0.75162,0.54838,0.90163,0.95061,0.89149,0.95168,0.71502,0.96827,0.63076,0.92785,0.000265,0.000265,0.000265
1182,14300.9,0.75872,0.55444,0.90764,0.95116,0.89149,0.95171,0.71525,0.96837,0.63087,0.92798,0.00025675,0.00025675,0.00025675
1183,14313.6,0.7654,0.54931,0.91119,0.9539,0.89149,0.95226,0.71486,0.96835,0.63087,0.92801,0.0002485,0.0002485,0.0002485
1184,14324.9,0.72587,0.5334,0.90298,0.95362,0.89149,0.95198,0.71508,0.96827,0.63123,0.92797,0.00024025,0.00024025,0.00024025
1185,14336.1,0.73568,0.54314,0.90737,0.95255,0.89149,0.95198,0.71558,0.9682,0.63124,0.92791,0.000232,0.000232,0.000232
1186,14349.5,0.7504,0.53639,0.90529,0.95303,0.89149,0.95202,0.71553,0.96823,0.63145,0.92798,0.00022375,0.00022375,0.00022375
1187,14360.7,0.75695,0.55044,0.90256,0.95656,0.89029,0.9523,0.71531,0.96817,0.63115,0.9279,0.0002155,0.0002155,0.0002155
1188,14372.1,0.74532,0.54125,0.90657,0.95506,0.89149,0.95228,0.71563,0.96825,0.63123,0.92798,0.00020725,0.00020725,0.00020725
1189,14384.6,0.76102,0.54397,0.90005,0.95477,0.89149,0.95225,0.71564,0.96813,0.6313,0.92804,0.000199,0.000199,0.000199
1190,14397.6,0.74223,0.54062,0.89708,0.95659,0.89074,0.95227,0.71585,0.96817,0.63115,0.92795,0.00019075,0.00019075,0.00019075
1191,14410.6,0.8735,0.51552,0.871,0.95444,0.89149,0.95221,0.71607,0.96802,0.63091,0.92799,0.0001825,0.0001825,0.0001825
1192,14422.3,0.83646,0.49349,0.85292,0.95377,0.89149,0.95221,0.71651,0.96813,0.63099,0.92815,0.00017425,0.00017425,0.00017425
1193,14436,0.83181,0.49229,0.84483,0.95261,0.89149,0.95217,0.71581,0.96818,0.6311,0.92811,0.000166,0.000166,0.000166
1194,14447.2,0.83115,0.49087,0.84951,0.95146,0.89149,0.95211,0.71649,0.96822,0.63084,0.92805,0.00015775,0.00015775,0.00015775
1195,14458.4,0.80702,0.47469,0.84199,0.95132,0.89149,0.95189,0.71638,0.96808,0.6308,0.92798,0.0001495,0.0001495,0.0001495
1196,14471.3,0.81405,0.46821,0.82895,0.9509,0.89149,0.9519,0.71634,0.96799,0.63079,0.9279,0.00014125,0.00014125,0.00014125
1197,14483.4,0.79931,0.46787,0.83419,0.948,0.89206,0.95193,0.71676,0.96784,0.63066,0.92781,0.000133,0.000133,0.000133
1198,14495,0.7813,0.4713,0.83552,0.94796,0.8915,0.95197,0.71734,0.96766,0.63057,0.9277,0.00012475,0.00012475,0.00012475
1199,14506.5,0.76705,0.46335,0.82805,0.94994,0.89149,0.95196,0.71734,0.96772,0.63086,0.92775,0.0001165,0.0001165,0.0001165
1200,14519.6,0.78372,0.46428,0.83388,0.951,0.88936,0.95201,0.71714,0.96764,0.63098,0.92768,0.00010825,0.00010825,0.00010825
