epoch,time,train/box_loss,train/cls_loss,train/dfl_loss,metrics/precision(B),metrics/recall(B),metrics/mAP50(B),metrics/mAP50-95(B),val/box_loss,val/cls_loss,val/dfl_loss,lr/pg0,lr/pg1,lr/pg2
1,12.1526,5.84424,9.46401,4.20517,1e-05,0.00213,1e-05,0,6.29929,10.9015,4.17205,0.00327778,0.00327778,0.00327778
2,63.8639,5.76463,6.36427,4.07868,1e-05,0.00213,1e-05,0,6.21836,7.05271,3.97132,0.00660566,0.00660566,0.00660566
3,74.9241,5.36171,5.17459,3.68772,1e-05,0.00213,1e-05,0,6.24668,5.82984,4.16499,0.00992804,0.00992804,0.00992804
4,86.0329,4.67758,4.67245,3.17606,6e-05,0.00213,3e-05,1e-05,5.93042,5.33857,3.64634,0.00997525,0.00997525,0.00997525
5,97.318,4.35936,4.46572,2.85759,0.00038,0.00851,0.00021,7e-05,5.35141,5.21169,3.77625,0.009967,0.009967,0.009967
6,108.629,4.03652,4.4244,2.59211,0.00022,0.03404,0.00012,3e-05,4.19304,4.94414,2.36378,0.00995875,0.00995875,0.00995875
7,119.769,3.92829,4.40288,2.56941,0.00061,0.06596,0.00035,9e-05,4.39235,4.79352,2.25766,0.0099505,0.0099505,0.0099505
8,131.22,3.91513,4.45213,2.48415,0.0004,0.05957,0.00022,6e-05,3.96152,4.63768,2.13589,0.00994225,0.00994225,0.00994225
9,142.355,3.87846,4.39105,2.45704,0.0004,0.03191,0.00024,6e-05,4.46853,4.98166,2.66875,0.009934,0.009934,0.009934
10,153.391,3.77106,4.43043,2.42035,0.00015,0.0234,8e-05,1e-05,3.9618,4.75229,2.21564,0.00992575,0.00992575,0.00992575
11,164.367,3.78004,4.39211,2.48202,0.00052,0.05106,0.00028,7e-05,4.23597,4.80849,2.26202,0.0099175,0.0099175,0.0099175
12,175.359,3.76081,4.39911,2.41263,0.00049,0.07021,0.00028,6e-05,3.93638,4.6848,2.13605,0.00990925,0.00990925,0.00990925
13,186.417,3.76665,4.38706,2.44547,0.00063,0.08298,0.00044,9e-05,4.0242,4.51659,2.17787,0.009901,0.009901,0.009901
14,197.643,3.78578,4.36407,2.4593,0.00067,0.1,0.00038,8e-05,3.95388,4.46661,2.08101,0.00989275,0.00989275,0.00989275
15,208.73,3.79741,4.38042,2.46093,0.00057,0.08085,0.00032,7e-05,4.04448,4.45134,2.27633,0.0098845,0.0098845,0.0098845
16,219.739,3.79269,4.38347,2.51798,0.00075,0.10851,0.00042,9e-05,4.25909,4.35505,2.70056,0.00987625,0.00987625,0.00987625
17,230.781,3.81009,4.35355,2.66551,0.00088,0.12766,0.00054,0.00012,4.14691,4.25363,2.5255,0.009868,0.009868,0.009868
18,242.129,3.76487,4.27844,2.62257,0.00145,0.20426,0.00115,0.00025,3.84885,4.25223,2.32527,0.00985975,0.00985975,0.00985975
19,253.41,3.80989,4.34611,2.58055,0.00105,0.15532,0.00067,0.00015,3.86421,4.40526,2.19313,0.0098515,0.0098515,0.0098515
20,264.345,3.65869,4.34307,2.54261,0.00132,0.2,0.00118,0.00027,3.9084,4.23963,2.49277,0.00984325,0.00984325,0.00984325
21,275.555,3.72068,4.31977,2.5617,0.00103,0.08085,0.00066,0.00018,3.93091,4.47374,2.23024,0.009835,0.009835,0.009835
22,286.592,3.68497,4.39779,2.53692,0.00146,0.21915,0.00128,0.00027,3.61294,4.50518,2.28073,0.00982675,0.00982675,0.00982675
23,297.987,3.61603,4.2887,2.5633,0.0014,0.21064,0.0013,0.00032,3.7367,4.31907,2.34647,0.0098185,0.0098185,0.0098185
24,309.292,3.63334,4.31599,2.5722,0.0021,0.24468,0.0019,0.00041,3.77309,4.2775,2.37793,0.00981025,0.00981025,0.00981025
25,320.672,3.56336,4.30678,2.47333,0.00183,0.27447,0.00202,0.00046,3.63365,4.34448,2.22938,0.009802,0.009802,0.009802
26,332.073,3.51936,4.29874,2.52678,0.00139,0.20213,0.00097,0.00025,3.59644,4.41516,2.32201,0.00979375,0.00979375,0.00979375
27,343.147,3.48851,4.2805,2.50644,0.001,0.12766,0.0006,0.00015,3.77003,4.6227,2.4082,0.0097855,0.0097855,0.0097855
28,354.245,3.46635,4.28802,2.52146,0.00154,0.23191,0.00123,0.00027,3.57289,4.41611,2.26527,0.00977725,0.00977725,0.00977725
29,365.161,3.49392,4.30587,2.54531,0.00167,0.25532,0.00154,0.00047,3.44676,4.34817,2.22985,0.009769,0.009769,0.009769
30,375.531,3.46299,4.25569,2.47952,0.00176,0.26809,0.00254,0.00064,3.50683,4.2754,2.36918,0.00976075,0.00976075,0.00976075
31,386.465,3.43969,4.2686,2.46087,0.00187,0.28511,0.00152,0.00035,3.43258,4.32102,2.27019,0.0097525,0.0097525,0.0097525
32,397.374,3.4245,4.23736,2.48804,0.00173,0.26383,0.00135,0.00034,3.48695,4.30047,2.30254,0.00974425,0.00974425,0.00974425
33,408.492,3.3884,4.24946,2.46136,0.0019,0.28936,0.00198,0.00046,3.47449,4.25345,2.30085,0.009736,0.009736,0.009736
34,419.478,3.36168,4.27833,2.46264,0.00174,0.2617,0.00121,0.00032,3.44687,4.32477,2.30444,0.00972775,0.00972775,0.00972775
35,430.539,3.3468,4.266,2.45718,0.00207,0.31489,0.00447,0.00096,3.38893,4.24732,2.21526,0.0097195,0.0097195,0.0097195
36,441.925,3.35598,4.24506,2.44764,0.00173,0.26383,0.00252,0.00052,3.42545,4.26954,2.258,0.00971125,0.00971125,0.00971125
37,452.935,3.35777,4.2458,2.44347,0.00179,0.27021,0.00181,0.00047,3.44142,4.3361,2.3225,0.009703,0.009703,0.009703
38,464.002,3.33914,4.22636,2.45512,0.00123,0.18723,0.00096,0.00023,3.6296,4.56934,2.43233,0.00969475,0.00969475,0.00969475
39,475.197,3.31317,4.19936,2.44507,0.00191,0.29149,0.00284,0.0006,3.42583,4.2941,2.27772,0.0096865,0.0096865,0.0096865
40,486.316,3.31329,4.20867,2.41917,0.00211,0.32128,0.00306,0.00065,3.41621,4.23165,2.29055,0.00967825,0.00967825,0.00967825
41,497.46,3.32853,4.23458,2.4366,0.00176,0.26809,0.00356,0.00104,3.41938,4.29499,2.25274,0.00967,0.00967,0.00967
42,508.45,3.36445,4.21629,2.42634,0.0018,0.27447,0.00356,0.00074,3.47063,4.27351,2.2926,0.00966175,0.00966175,0.00966175
43,519.313,3.30678,4.1849,2.43286,0.00225,0.34255,0.00236,0.00053,3.40425,4.23787,2.26423,0.0096535,0.0096535,0.0096535
44,530.539,3.32137,4.18366,2.41781,0.00204,0.31064,0.00247,0.00059,3.42549,4.25125,2.26297,0.00964525,0.00964525,0.00964525
45,541.647,3.29337,4.15876,2.4295,0.00225,0.34255,0.00511,0.00116,3.3429,4.21372,2.30031,0.009637,0.009637,0.009637
46,552.988,3.296,4.17638,2.43098,0.00222,0.3383,0.0044,0.00075,3.39995,4.30035,2.31976,0.00962875,0.00962875,0.00962875
47,564.055,3.2642,4.18248,2.42209,0.00188,0.28723,0.00188,0.00047,3.43117,4.31549,2.34286,0.0096205,0.0096205,0.0096205
48,575.046,3.28149,4.1808,2.41993,0.00205,0.31277,0.00186,0.00046,3.42161,4.4619,2.28445,0.00961225,0.00961225,0.00961225
49,586.091,3.29785,4.19741,2.43428,0.00211,0.32128,0.00269,0.0006,3.39278,4.26543,2.28149,0.009604,0.009604,0.009604
50,597.135,3.28278,4.16956,2.41279,0.00209,0.31915,0.00339,0.0007,3.31995,4.30412,2.27877,0.00959575,0.00959575,0.00959575
51,608.176,3.24709,4.13255,2.42068,0.00216,0.32979,0.00316,0.0007,3.34203,4.19359,2.30117,0.0095875,0.0095875,0.0095875
52,619.1,3.27689,4.16214,2.41434,0.00214,0.32553,0.00251,0.00057,3.36851,4.27705,2.30795,0.00957925,0.00957925,0.00957925
53,629.96,3.23282,4.1793,2.41405,0.00224,0.34043,0.00273,0.00059,3.33456,4.22997,2.24001,0.009571,0.009571,0.009571
54,641.002,3.28004,4.15263,2.42319,0.00226,0.34255,0.00331,0.00074,3.37457,4.28522,2.3567,0.00956275,0.00956275,0.00956275
55,652.171,3.2267,4.15928,2.41288,0.00211,0.32128,0.00299,0.00069,3.31089,4.28819,2.2433,0.0095545,0.0095545,0.0095545
56,663.345,3.20945,4.12616,2.38376,0.00226,0.34468,0.00392,0.00083,3.27896,4.24171,2.32394,0.00954625,0.00954625,0.00954625
57,674.482,3.19095,4.13858,2.39525,0.00204,0.31064,0.00378,0.00069,3.35948,4.28524,2.26283,0.009538,0.009538,0.009538
58,685.482,3.26504,4.1577,2.40668,0.00257,0.26809,0.0044,0.00091,3.38657,4.28849,2.36754,0.00952975,0.00952975,0.00952975
59,696.497,3.20316,4.10606,2.40725,0.00233,0.35532,0.00289,0.00064,3.30918,4.24857,2.35552,0.0095215,0.0095215,0.0095215
60,707.51,3.23895,4.12669,2.40034,0.00225,0.3383,0.00351,0.00077,3.26167,4.25242,2.29156,0.00951325,0.00951325,0.00951325
61,718.694,3.26078,4.12819,2.41053,0.00249,0.37872,0.00411,0.00093,3.22245,4.17317,2.29388,0.009505,0.009505,0.009505
62,729.747,3.22093,4.11792,2.4167,0.00253,0.38511,0.00468,0.00093,3.30814,4.18544,2.33752,0.00949675,0.00949675,0.00949675
63,740.833,3.20229,4.11816,2.40474,0.00246,0.37447,0.00427,0.00096,3.29641,4.16271,2.31031,0.0094885,0.0094885,0.0094885
64,751.834,3.15649,4.08974,2.38683,0.00235,0.34468,0.00346,0.0008,3.29403,4.1757,2.31622,0.00948025,0.00948025,0.00948025
65,762.832,3.17771,4.11501,2.38642,0.00205,0.22979,0.00153,0.00037,3.37229,4.40122,2.38682,0.009472,0.009472,0.009472
66,773.874,3.18155,4.08646,2.39522,0.00257,0.38723,0.00575,0.00125,3.23626,4.09743,2.33112,0.00946375,0.00946375,0.00946375
67,784.89,3.20621,4.09663,2.40058,0.00212,0.32128,0.00386,0.00083,3.30834,4.18943,2.28494,0.0094555,0.0094555,0.0094555
68,795.663,3.16715,4.08581,2.37814,0.0027,0.41064,0.00473,0.00102,3.22191,4.15918,2.29088,0.00944725,0.00944725,0.00944725
69,806.496,3.20395,4.11762,2.40217,0.00265,0.40426,0.00423,0.00093,3.34411,4.13522,2.43023,0.009439,0.009439,0.009439
70,817.426,3.1883,4.05107,2.4068,0.00253,0.38085,0.00436,0.00104,3.28242,4.11076,2.35158,0.00943075,0.00943075,0.00943075
71,828.558,3.17368,4.10241,2.37842,0.00239,0.36383,0.00357,0.00083,3.25113,4.1884,2.31849,0.0094225,0.0094225,0.0094225
72,839.691,3.1367,4.0353,2.38587,0.00259,0.39574,0.00463,0.00106,3.24596,4.19246,2.32343,0.00941425,0.00941425,0.00941425
73,850.711,3.15826,4.02878,2.36605,0.00262,0.39149,0.00608,0.00143,3.14385,4.14428,2.25281,0.009406,0.009406,0.009406
74,861.886,3.12562,4.03133,2.35741,0.00266,0.40426,0.00594,0.00142,3.19535,4.1252,2.31733,0.00939775,0.00939775,0.00939775
75,873.077,3.15169,4.02297,2.36462,0.00288,0.4383,0.006,0.00137,3.10496,4.08498,2.27025,0.0093895,0.0093895,0.0093895
76,884.025,3.1464,4.04911,2.3806,0.00233,0.3,0.00215,0.00057,3.30159,4.231,2.33381,0.00938125,0.00938125,0.00938125
77,894.569,3.11377,4.02003,2.3557,0.00109,0.1,0.00064,0.00015,3.60161,4.72882,2.41288,0.009373,0.009373,0.009373
78,905.593,3.11575,4.02387,2.34517,0.00271,0.40638,0.00403,0.001,3.12213,4.18112,2.27696,0.00936475,0.00936475,0.00936475
79,916.567,3.10299,4.04844,2.34976,0.003,0.42979,0.0061,0.00147,3.07575,4.14093,2.28224,0.0093565,0.0093565,0.0093565
80,927.716,3.08358,4.02821,2.3761,0.00279,0.4234,0.00536,0.00127,3.12307,4.07593,2.2851,0.00934825,0.00934825,0.00934825
81,938.75,3.08543,4.00032,2.3667,0.00283,0.39787,0.00585,0.00142,3.15015,4.13292,2.32089,0.00934,0.00934,0.00934
82,949.78,3.06705,4.01412,2.3307,0.00289,0.44043,0.00509,0.0012,3.0762,4.10129,2.24394,0.00933175,0.00933175,0.00933175
83,960.901,3.07317,3.99778,2.3451,0.0029,0.44255,0.01052,0.00209,3.05731,4.01398,2.29522,0.0093235,0.0093235,0.0093235
84,972.202,3.10333,3.99221,2.3547,0.00384,0.3617,0.00916,0.00215,3.09092,4.05264,2.28153,0.00931525,0.00931525,0.00931525
85,983.398,3.05043,4.00135,2.3313,0.00285,0.43404,0.00741,0.00183,3.0318,4.10084,2.21405,0.009307,0.009307,0.009307
86,994.526,3.05361,3.98459,2.31888,0.02003,0.11702,0.00726,0.00173,3.0584,4.06143,2.27283,0.00929875,0.00929875,0.00929875
87,1005.54,3.04223,3.95,2.33574,0.02189,0.04894,0.00655,0.00161,3.14868,4.06629,2.29452,0.0092905,0.0092905,0.0092905
88,1016.67,3.06597,3.97066,2.31614,0.0114,0.18511,0.0122,0.00303,3.04418,4.00272,2.2784,0.00928225,0.00928225,0.00928225
89,1027.91,3.05982,3.94032,2.3301,0.00306,0.45745,0.01201,0.00286,2.97052,4.01237,2.23726,0.009274,0.009274,0.009274
90,1038.94,3.04633,3.94229,2.33637,0.0036,0.45106,0.00993,0.00223,3.01582,4.04568,2.27998,0.00926575,0.00926575,0.00926575
91,1050.02,3.04235,3.94513,2.32464,0.00437,0.38085,0.00952,0.00222,3.08914,4.03773,2.25913,0.0092575,0.0092575,0.0092575
92,1061.14,3.04264,3.93918,2.32833,0.09588,0.04043,0.01418,0.00337,3.01498,4.01657,2.28285,0.00924925,0.00924925,0.00924925
93,1072.46,3.03132,3.91635,2.33506,0.07356,0.03617,0.01441,0.00349,2.99628,3.99325,2.26158,0.009241,0.009241,0.009241
94,1083.74,3.03466,3.93371,2.35164,0.07363,0.04468,0.01657,0.00425,2.98994,3.97877,2.26793,0.00923275,0.00923275,0.00923275
95,1095.08,3.0497,3.90918,2.34748,0.04987,0.01064,0.01019,0.00258,2.98734,4.06898,2.23867,0.0092245,0.0092245,0.0092245
96,1106.13,3.02371,3.90191,2.33133,0.06039,0.02128,0.01349,0.00332,3.00765,3.99319,2.26931,0.00921625,0.00921625,0.00921625
97,1117.14,3.00923,3.87892,2.29272,0.05734,0.05745,0.01762,0.00455,3.04669,4.01794,2.25964,0.009208,0.009208,0.009208
98,1128.41,2.9909,3.87509,2.30992,0.09808,0.05106,0.02247,0.00481,2.98837,3.99254,2.29845,0.00919975,0.00919975,0.00919975
99,1139.76,3.0016,3.90041,2.29496,0.09723,0.07021,0.01891,0.00409,3.00833,3.96771,2.22784,0.0091915,0.0091915,0.0091915
100,1150.9,2.99084,3.90533,2.31495,0.08182,0.0234,0.01559,0.004,3.0294,4.01508,2.27257,0.00918325,0.00918325,0.00918325
101,1162.04,3.01239,3.88189,2.30994,0.11626,0.04681,0.02062,0.00488,3.00936,3.93245,2.29561,0.009175,0.009175,0.009175
102,1173.16,3.00622,3.8763,2.31779,0.11854,0.02128,0.01752,0.0044,2.92027,3.96893,2.23525,0.00916675,0.00916675,0.00916675
103,1184.35,2.97735,3.83553,2.28677,0.08198,0.07021,0.0175,0.00417,2.94816,3.99162,2.26209,0.0091585,0.0091585,0.0091585
104,1195.47,2.95388,3.82153,2.2831,0.06834,0.08723,0.01617,0.00373,2.96321,3.96827,2.27662,0.00915025,0.00915025,0.00915025
105,1206.56,2.96521,3.85011,2.29778,0.0939,0.05957,0.02506,0.00609,2.9567,3.91686,2.25098,0.009142,0.009142,0.009142
106,1217.92,2.96148,3.82652,2.31234,0.14793,0.04894,0.01798,0.00496,2.99221,4.02625,2.27882,0.00913375,0.00913375,0.00913375
107,1229,2.93692,3.79112,2.27593,0.12651,0.04255,0.02793,0.00723,2.921,3.88616,2.24365,0.0091255,0.0091255,0.0091255
108,1240.31,2.92483,3.81311,2.28269,0.09545,0.04681,0.02267,0.00553,2.94122,3.96348,2.25994,0.00911725,0.00911725,0.00911725
109,1251.41,2.9466,3.81065,2.28661,0.11357,0.04255,0.02082,0.00591,2.91343,3.97712,2.24431,0.009109,0.009109,0.009109
110,1262.53,2.94303,3.78142,2.28722,0.15203,0.0454,0.02377,0.00489,3.04481,3.95298,2.31206,0.00910075,0.00910075,0.00910075
111,1273.6,2.95526,3.78197,2.27788,0.10201,0.08511,0.02789,0.00718,2.94106,3.91132,2.29666,0.0090925,0.0090925,0.0090925
112,1284.62,2.90089,3.74102,2.26161,0.11624,0.08511,0.02541,0.00688,2.95744,3.87046,2.28821,0.00908425,0.00908425,0.00908425
113,1295.81,2.93964,3.73443,2.28008,0.1133,0.04894,0.0316,0.00833,2.88807,3.85931,2.26298,0.009076,0.009076,0.009076
114,1307.08,2.92649,3.74663,2.27373,0.10679,0.05532,0.02495,0.00686,2.93591,3.91834,2.28447,0.00906775,0.00906775,0.00906775
115,1318.17,2.90213,3.72078,2.25133,0.10251,0.05319,0.02488,0.00568,2.95576,3.9784,2.29921,0.0090595,0.0090595,0.0090595
116,1329.27,2.92469,3.7106,2.28617,0.06098,0.06809,0.01885,0.00561,2.95376,4.02368,2.30784,0.00905125,0.00905125,0.00905125
117,1340.37,2.89743,3.7096,2.27648,0.13595,0.07021,0.03275,0.00879,2.93349,3.79578,2.27787,0.009043,0.009043,0.009043
118,1351.77,2.90292,3.739,2.27527,0.14055,0.06383,0.0313,0.00755,2.89881,3.83833,2.24738,0.00903475,0.00903475,0.00903475
119,1362.87,2.89338,3.7078,2.24758,0.16221,0.08511,0.03616,0.00937,2.88264,3.74344,2.2763,0.0090265,0.0090265,0.0090265
120,1374.24,2.91516,3.71161,2.26884,0.13329,0.09362,0.03685,0.0103,2.89811,3.82707,2.30326,0.00901825,0.00901825,0.00901825
121,1385.45,2.90456,3.68563,2.25893,0.10978,0.07021,0.02704,0.00822,2.91057,3.83072,2.27863,0.00901,0.00901,0.00901
122,1396.47,2.87443,3.67094,2.23663,0.13315,0.09362,0.03477,0.00957,2.89564,3.80761,2.26153,0.00900175,0.00900175,0.00900175
123,1407.57,2.89844,3.63984,2.25389,0.13658,0.08085,0.0385,0.01116,2.89699,3.80279,2.22038,0.0089935,0.0089935,0.0089935
124,1418.88,2.8411,3.68658,2.23773,0.15231,0.08511,0.03736,0.00966,2.86742,3.82086,2.26759,0.00898525,0.00898525,0.00898525
125,1429.95,2.89176,3.68113,2.26603,0.14852,0.1,0.04479,0.01157,2.83507,3.73345,2.26082,0.008977,0.008977,0.008977
126,1441.29,2.85897,3.62364,2.22706,0.13046,0.06809,0.02565,0.00718,2.8724,3.87358,2.25206,0.00896875,0.00896875,0.00896875
127,1452.17,2.83527,3.59656,2.22743,0.12958,0.10642,0.03758,0.00976,2.90437,3.68633,2.26824,0.0089605,0.0089605,0.0089605
128,1463.24,2.83054,3.62469,2.22974,0.18296,0.08723,0.04373,0.01192,2.83289,3.70698,2.27783,0.00895225,0.00895225,0.00895225
129,1474.53,2.84661,3.64092,2.23297,0.13395,0.10426,0.04367,0.01036,2.88593,3.67822,2.29093,0.008944,0.008944,0.008944
130,1485.55,2.82828,3.63629,2.21423,0.14704,0.12766,0.04816,0.01313,2.828,3.68467,2.25755,0.00893575,0.00893575,0.00893575
131,1496.83,2.81371,3.56637,2.2072,0.15061,0.09362,0.051,0.01371,2.84036,3.70765,2.26296,0.0089275,0.0089275,0.0089275
132,1508.11,2.83097,3.6,2.22949,0.17859,0.1,0.04064,0.01134,2.82577,3.82069,2.25815,0.00891925,0.00891925,0.00891925
133,1519.28,2.80067,3.63239,2.22549,0.1357,0.09574,0.05043,0.01257,2.83485,3.69377,2.22561,0.008911,0.008911,0.008911
134,1530.39,2.81133,3.59487,2.20807,0.15417,0.08723,0.0475,0.01212,2.89111,3.74986,2.28137,0.00890275,0.00890275,0.00890275
135,1541.41,2.81994,3.5922,2.22275,0.15508,0.10426,0.05663,0.01388,2.86118,3.65557,2.28198,0.0088945,0.0088945,0.0088945
136,1552.64,2.7917,3.59544,2.18617,0.17387,0.0766,0.04939,0.01251,2.89243,3.73838,2.28721,0.00888625,0.00888625,0.00888625
137,1563.71,2.79508,3.57413,2.20681,0.14771,0.11064,0.04687,0.01271,2.8529,3.67284,2.28464,0.008878,0.008878,0.008878
138,1574.85,2.81999,3.61049,2.21614,0.16597,0.10213,0.04905,0.01383,2.84219,3.69391,2.24205,0.00886975,0.00886975,0.00886975
139,1585.88,2.8035,3.54466,2.21146,0.18104,0.08085,0.05157,0.01369,2.88585,3.73349,2.23467,0.0088615,0.0088615,0.0088615
140,1597.04,2.7957,3.56846,2.20019,0.14859,0.05957,0.02507,0.00811,2.89428,3.93992,2.25321,0.00885325,0.00885325,0.00885325
141,1608.16,2.7801,3.53219,2.2043,0.17669,0.1,0.05352,0.01263,2.87274,3.72496,2.27144,0.008845,0.008845,0.008845
142,1619.12,2.74663,3.52512,2.18391,0.17197,0.12766,0.06193,0.01609,2.79923,3.61265,2.23861,0.00883675,0.00883675,0.00883675
143,1630.43,2.78426,3.5623,2.19616,0.14439,0.09574,0.04165,0.01144,2.84736,3.7079,2.24536,0.0088285,0.0088285,0.0088285
144,1641.53,2.78697,3.54731,2.18162,0.17405,0.07872,0.05157,0.01467,2.86316,3.69182,2.24536,0.00882025,0.00882025,0.00882025
145,1652.54,2.78777,3.52446,2.19772,0.15212,0.10638,0.06111,0.01494,2.82947,3.64656,2.22236,0.008812,0.008812,0.008812
146,1663.52,2.7928,3.56776,2.20132,0.19301,0.10426,0.05868,0.01669,2.80237,3.64808,2.27027,0.00880375,0.00880375,0.00880375
147,1674.41,2.73718,3.54043,2.18802,0.15912,0.09574,0.0487,0.01362,2.86233,3.74676,2.26434,0.0087955,0.0087955,0.0087955
148,1685.36,2.75932,3.49719,2.1964,0.18229,0.09574,0.06107,0.01907,2.85819,3.63492,2.27767,0.00878725,0.00878725,0.00878725
149,1696.68,2.79347,3.55052,2.18371,0.17588,0.10851,0.05516,0.01596,2.81834,3.6357,2.22455,0.008779,0.008779,0.008779
150,1707.85,2.75552,3.51459,2.17204,0.19553,0.09362,0.06525,0.02142,2.81813,3.57846,2.2507,0.00877075,0.00877075,0.00877075
151,1719.21,2.74762,3.49722,2.18623,0.13783,0.11064,0.04118,0.0106,2.84145,3.62798,2.23857,0.0087625,0.0087625,0.0087625
152,1730.3,2.73214,3.51956,2.14689,0.25532,0.10213,0.07723,0.0201,2.77524,3.56091,2.21813,0.00875425,0.00875425,0.00875425
153,1741.67,2.70309,3.46888,2.16513,0.17451,0.11064,0.06641,0.01994,2.79956,3.60242,2.23867,0.008746,0.008746,0.008746
154,1752.68,2.72075,3.50806,2.16787,0.15142,0.10175,0.05404,0.01465,2.85192,3.67882,2.25073,0.00873775,0.00873775,0.00873775
155,1763.64,2.74491,3.51295,2.1772,0.17701,0.09564,0.06708,0.01935,2.79916,3.68259,2.25166,0.0087295,0.0087295,0.0087295
156,1774.62,2.72051,3.4898,2.16115,0.18789,0.10638,0.06235,0.01866,2.81185,3.59761,2.2576,0.00872125,0.00872125,0.00872125
157,1785.67,2.73589,3.48849,2.1632,0.18819,0.08511,0.05777,0.01508,2.8231,3.62826,2.2423,0.008713,0.008713,0.008713
158,1796.75,2.72201,3.48614,2.16928,0.1726,0.08298,0.05129,0.01624,2.81069,3.70667,2.22402,0.00870475,0.00870475,0.00870475
159,1807.86,2.72343,3.48121,2.16009,0.16988,0.08085,0.06658,0.02011,2.80821,3.64903,2.21538,0.0086965,0.0086965,0.0086965
160,1818.95,2.72911,3.49949,2.16534,0.17454,0.09574,0.06367,0.01949,2.77103,3.58504,2.22913,0.00868825,0.00868825,0.00868825
161,1829.99,2.72275,3.50153,2.17025,0.20349,0.1,0.05624,0.01715,2.80125,3.67635,2.23809,0.00868,0.00868,0.00868
162,1840.97,2.7129,3.46389,2.16025,0.26028,0.09362,0.07031,0.02263,2.79684,3.58953,2.24486,0.00867175,0.00867175,0.00867175
163,1852.08,2.69746,3.45978,2.14855,0.16906,0.11064,0.0749,0.0245,2.74629,3.54276,2.20256,0.0086635,0.0086635,0.0086635
164,1863.38,2.67262,3.43683,2.1237,0.17421,0.11277,0.07188,0.02113,2.77695,3.55606,2.22858,0.00865525,0.00865525,0.00865525
165,1874.53,2.714,3.44123,2.16051,0.19147,0.09787,0.08163,0.0295,2.72881,3.54142,2.24232,0.008647,0.008647,0.008647
166,1885.97,2.71115,3.43372,2.15305,0.20912,0.1,0.0665,0.02275,2.77945,3.63037,2.26445,0.00863875,0.00863875,0.00863875
167,1897.08,2.71017,3.44738,2.16489,0.16012,0.08936,0.06803,0.02223,2.77653,3.66314,2.24337,0.0086305,0.0086305,0.0086305
168,1908.15,2.66286,3.42557,2.13177,0.21254,0.09787,0.07251,0.0226,2.7507,3.57285,2.22817,0.00862225,0.00862225,0.00862225
169,1919.1,2.69956,3.43137,2.15273,0.22417,0.09574,0.07399,0.02267,2.79562,3.53992,2.23124,0.008614,0.008614,0.008614
170,1930.15,2.67185,3.37866,2.12955,0.29741,0.10213,0.0935,0.03013,2.73501,3.47382,2.21012,0.00860575,0.00860575,0.00860575
171,1941.08,2.6515,3.36342,2.13815,0.22715,0.12553,0.08642,0.02997,2.7382,3.4347,2.22283,0.0085975,0.0085975,0.0085975
172,1951.95,2.67029,3.41635,2.13501,0.16797,0.11064,0.06755,0.0213,2.77446,3.57092,2.2224,0.00858925,0.00858925,0.00858925
173,1962.92,2.66559,3.42353,2.13267,0.1764,0.11915,0.07436,0.02363,2.73925,3.54891,2.22679,0.008581,0.008581,0.008581
174,1973.89,2.65468,3.41628,2.1279,0.24402,0.11489,0.09549,0.02776,2.72683,3.45381,2.21962,0.00857275,0.00857275,0.00857275
175,1984.86,2.65313,3.36449,2.13339,0.22332,0.10426,0.089,0.02854,2.72685,3.49645,2.22016,0.0085645,0.0085645,0.0085645
176,1995.89,2.65381,3.39716,2.1204,0.30146,0.10468,0.08534,0.02699,2.7499,3.47017,2.21911,0.00855625,0.00855625,0.00855625
177,2006.94,2.65678,3.39295,2.10972,0.22212,0.11277,0.09569,0.03489,2.71891,3.48515,2.22171,0.008548,0.008548,0.008548
178,2018.25,2.64683,3.36597,2.11734,0.1774,0.11702,0.08707,0.03195,2.73918,3.44958,2.23007,0.00853975,0.00853975,0.00853975
179,2029.23,2.6406,3.34438,2.11075,0.22802,0.10638,0.09141,0.03141,2.74377,3.45916,2.24173,0.0085315,0.0085315,0.0085315
180,2040.17,2.62963,3.34693,2.11056,0.2194,0.11702,0.09888,0.03177,2.71144,3.44369,2.22712,0.00852325,0.00852325,0.00852325
181,2051.32,2.64243,3.34533,2.10838,0.16348,0.10851,0.08195,0.02657,2.72181,3.45754,2.20323,0.008515,0.008515,0.008515
182,2062.44,2.62001,3.33464,2.10612,0.19288,0.11702,0.08589,0.02709,2.70328,3.45076,2.20491,0.00850675,0.00850675,0.00850675
183,2073.46,2.64883,3.31433,2.10709,0.20283,0.11489,0.08962,0.02934,2.75332,3.47425,2.20762,0.0084985,0.0084985,0.0084985
184,2084.44,2.65222,3.31535,2.10865,0.23631,0.10851,0.09957,0.03388,2.72922,3.45708,2.21548,0.00849025,0.00849025,0.00849025
185,2097.17,2.63752,3.34674,2.10455,0.18814,0.12766,0.08763,0.02738,2.74521,3.4766,2.23134,0.008482,0.008482,0.008482
186,2108.12,2.65042,3.36377,2.12178,0.21445,0.12979,0.09922,0.0304,2.72328,3.44028,2.23009,0.00847375,0.00847375,0.00847375
187,2119.15,2.64703,3.36723,2.11325,0.1912,0.12474,0.09093,0.03031,2.7011,3.38504,2.19655,0.0084655,0.0084655,0.0084655
188,2130.2,2.63954,3.31184,2.10618,0.18012,0.10426,0.09215,0.02873,2.72947,3.44092,2.2229,0.00845725,0.00845725,0.00845725
189,2140.94,2.61972,3.32173,2.10596,0.19552,0.10638,0.0818,0.02631,2.72285,3.42996,2.22333,0.008449,0.008449,0.008449
190,2151.86,2.65152,3.3515,2.10628,0.21367,0.11737,0.09483,0.0302,2.71675,3.43568,2.20708,0.00844075,0.00844075,0.00844075
191,2162.8,2.5912,3.27108,2.09257,0.19106,0.11277,0.08759,0.02983,2.74711,3.40929,2.22044,0.0084325,0.0084325,0.0084325
192,2173.77,2.6456,3.31226,2.09463,0.23979,0.12128,0.09809,0.03356,2.72708,3.41199,2.20638,0.00842425,0.00842425,0.00842425
193,2184.78,2.61731,3.33676,2.08784,0.31325,0.11702,0.10191,0.03715,2.69121,3.41163,2.18652,0.008416,0.008416,0.008416
194,2196.05,2.60948,3.32388,2.08736,0.15514,0.13404,0.07671,0.02471,2.67603,3.4132,2.20111,0.00840775,0.00840775,0.00840775
195,2207.04,2.64841,3.3411,2.11021,0.23009,0.10428,0.0912,0.02844,2.71587,3.41603,2.21525,0.0083995,0.0083995,0.0083995
196,2218.07,2.61171,3.29884,2.09279,0.2147,0.14255,0.09724,0.03443,2.66176,3.37429,2.18558,0.00839125,0.00839125,0.00839125
197,2229.2,2.61278,3.2661,2.1013,0.22571,0.10638,0.09215,0.03014,2.66271,3.37549,2.20115,0.008383,0.008383,0.008383
198,2240.24,2.58763,3.26771,2.07681,0.20942,0.13526,0.10014,0.03239,2.69386,3.38234,2.21344,0.00837475,0.00837475,0.00837475
199,2251.36,2.63136,3.29441,2.10612,0.24179,0.11064,0.10112,0.03174,2.67275,3.40788,2.18943,0.0083665,0.0083665,0.0083665
200,2262.46,2.62795,3.28383,2.10191,0.23616,0.12766,0.11029,0.03515,2.70004,3.36617,2.19495,0.00835825,0.00835825,0.00835825
201,2273.46,2.59224,3.2914,2.08528,0.24717,0.12766,0.10655,0.0345,2.67841,3.39908,2.19145,0.00835,0.00835,0.00835
202,2284.54,2.60867,3.27583,2.09811,0.22228,0.13617,0.10553,0.03315,2.65358,3.36428,2.19577,0.00834175,0.00834175,0.00834175
203,2295.54,2.60337,3.26991,2.07379,0.23685,0.12979,0.10363,0.03469,2.68589,3.40492,2.20346,0.0083335,0.0083335,0.0083335
204,2306.54,2.59013,3.26624,2.07884,0.23732,0.12766,0.09419,0.02956,2.70546,3.38159,2.19777,0.00832525,0.00832525,0.00832525
205,2317.49,2.57666,3.26013,2.08085,0.18999,0.1383,0.09381,0.03115,2.67399,3.34605,2.19031,0.008317,0.008317,0.008317
206,2328.65,2.57897,3.21818,2.0673,0.22058,0.12128,0.09779,0.03159,2.70144,3.35372,2.19418,0.00830875,0.00830875,0.00830875
207,2339.62,2.57854,3.27918,2.0739,0.2559,0.14468,0.11434,0.03585,2.68303,3.29375,2.19008,0.0083005,0.0083005,0.0083005
208,2350.84,2.53699,3.20514,2.05626,0.30315,0.1234,0.10768,0.03492,2.63936,3.30077,2.17644,0.00829225,0.00829225,0.00829225
209,2361.95,2.5657,3.24476,2.07389,0.23125,0.14255,0.10337,0.03323,2.6709,3.32207,2.17678,0.008284,0.008284,0.008284
210,2372.86,2.59548,3.24621,2.07583,0.24003,0.14043,0.11142,0.03598,2.69871,3.29568,2.20103,0.00827575,0.00827575,0.00827575
211,2383.77,2.58548,3.2275,2.0797,0.20643,0.14681,0.10172,0.0323,2.69862,3.36264,2.18212,0.0082675,0.0082675,0.0082675
212,2394.09,2.55798,3.26503,2.0738,0.21764,0.12766,0.10534,0.03438,2.70396,3.33742,2.20971,0.00825925,0.00825925,0.00825925
213,2404.53,2.55507,3.24736,2.06925,0.19423,0.14925,0.09992,0.03374,2.67111,3.36606,2.20789,0.008251,0.008251,0.008251
214,2415.65,2.56479,3.23247,2.06239,0.20096,0.13617,0.10569,0.03618,2.64339,3.29729,2.18971,0.00824275,0.00824275,0.00824275
215,2426.81,2.55245,3.21744,2.05561,0.22954,0.13617,0.10424,0.03489,2.67924,3.3125,2.20236,0.0082345,0.0082345,0.0082345
216,2437.87,2.57456,3.23838,2.06439,0.17925,0.12766,0.09267,0.03226,2.66487,3.30418,2.19799,0.00822625,0.00822625,0.00822625
217,2448.85,2.52698,3.22477,2.05875,0.21108,0.15106,0.11157,0.03586,2.65189,3.27473,2.16029,0.008218,0.008218,0.008218
218,2459.96,2.581,3.26377,2.07276,0.21937,0.14468,0.10529,0.03579,2.69579,3.29539,2.18513,0.00820975,0.00820975,0.00820975
219,2470.97,2.54367,3.1962,2.05347,0.2488,0.17021,0.11806,0.0407,2.65002,3.26738,2.19214,0.0082015,0.0082015,0.0082015
220,2482.3,2.55155,3.25239,2.04928,0.23238,0.15106,0.10855,0.03473,2.65203,3.31581,2.18058,0.00819325,0.00819325,0.00819325
221,2493.2,2.53287,3.20434,2.05596,0.21578,0.14043,0.11055,0.03875,2.60141,3.29885,2.18866,0.008185,0.008185,0.008185
222,2504.26,2.56786,3.23326,2.0438,0.29857,0.14043,0.12524,0.0412,2.63308,3.26794,2.16767,0.00817675,0.00817675,0.00817675
223,2515.44,2.54884,3.19657,2.03963,0.23336,0.12766,0.09633,0.03307,2.618,3.28086,2.16659,0.0081685,0.0081685,0.0081685
224,2526.54,2.57737,3.21108,2.06613,0.20143,0.14681,0.1007,0.03492,2.59257,3.26864,2.17218,0.00816025,0.00816025,0.00816025
225,2537.59,2.55287,3.203,2.06376,0.20615,0.1617,0.11567,0.0398,2.63866,3.24294,2.18719,0.008152,0.008152,0.008152
226,2548.58,2.55808,3.23253,2.05765,0.20751,0.14043,0.11211,0.03841,2.61272,3.24995,2.17205,0.00814375,0.00814375,0.00814375
227,2559.27,2.51828,3.15512,2.04615,0.22757,0.1383,0.11025,0.03591,2.62565,3.27338,2.17818,0.0081355,0.0081355,0.0081355
228,2570.3,2.5185,3.1677,2.0241,0.33203,0.13114,0.12287,0.03837,2.65048,3.2622,2.16342,0.00812725,0.00812725,0.00812725
229,2581.42,2.53811,3.21985,2.05131,0.32124,0.1234,0.11115,0.03763,2.64583,3.25687,2.17477,0.008119,0.008119,0.008119
230,2592.5,2.5064,3.15982,2.03475,0.22191,0.1383,0.11242,0.04005,2.59982,3.23919,2.15447,0.00811075,0.00811075,0.00811075
231,2603.59,2.53965,3.17953,2.0423,0.22995,0.15503,0.12252,0.04355,2.61769,3.25734,2.17912,0.0081025,0.0081025,0.0081025
232,2614.84,2.50477,3.13491,2.01879,0.2453,0.15532,0.11835,0.03889,2.60344,3.24102,2.16463,0.00809425,0.00809425,0.00809425
233,2625.89,2.5121,3.19611,2.03696,0.21304,0.15724,0.12705,0.03987,2.60101,3.23795,2.1588,0.008086,0.008086,0.008086
234,2636.91,2.5072,3.16216,2.03999,0.24994,0.15957,0.12481,0.04303,2.60091,3.21789,2.17164,0.00807775,0.00807775,0.00807775
235,2647.98,2.53254,3.16373,2.04243,0.22272,0.16383,0.11313,0.03804,2.60125,3.23335,2.17509,0.0080695,0.0080695,0.0080695
236,2658.92,2.49356,3.17893,2.01851,0.23118,0.17018,0.11927,0.043,2.58193,3.24787,2.17984,0.00806125,0.00806125,0.00806125
237,2669.94,2.51665,3.19192,2.03661,0.28406,0.1234,0.12354,0.04292,2.59977,3.28858,2.18625,0.008053,0.008053,0.008053
238,2680.89,2.51611,3.15632,2.02414,0.23273,0.16596,0.10826,0.03756,2.59398,3.26465,2.17243,0.00804475,0.00804475,0.00804475
239,2691.79,2.45315,3.15243,2.00421,0.24087,0.1573,0.11358,0.04361,2.61502,3.25946,2.16558,0.0080365,0.0080365,0.0080365
240,2702.64,2.49447,3.19061,2.01496,0.20822,0.1383,0.10987,0.04141,2.58544,3.25547,2.15033,0.00802825,0.00802825,0.00802825
241,2713.68,2.47669,3.17806,2.02158,0.27073,0.13404,0.11758,0.04112,2.61482,3.24729,2.16242,0.00802,0.00802,0.00802
242,2724.68,2.48639,3.16819,2.02073,0.22321,0.15532,0.12192,0.04246,2.59917,3.1806,2.16289,0.00801175,0.00801175,0.00801175
243,2735.64,2.5263,3.16224,2.04114,0.22631,0.14468,0.10679,0.03819,2.58672,3.2166,2.16633,0.0080035,0.0080035,0.0080035
244,2746.78,2.49863,3.12751,2.01816,0.24118,0.16596,0.1214,0.0401,2.59559,3.21898,2.16727,0.00799525,0.00799525,0.00799525
245,2757.86,2.49149,3.13315,2.01888,0.27329,0.15745,0.12179,0.04129,2.56465,3.18463,2.14595,0.007987,0.007987,0.007987
246,2768.95,2.48823,3.11339,2.01553,0.25007,0.1617,0.12529,0.04152,2.55474,3.19922,2.13501,0.00797875,0.00797875,0.00797875
247,2779.99,2.48818,3.11207,2.01941,0.24669,0.17021,0.12515,0.04188,2.6078,3.21268,2.17204,0.0079705,0.0079705,0.0079705
248,2790.99,2.47275,3.15807,2.02107,0.23123,0.1766,0.12088,0.04374,2.55373,3.18633,2.14443,0.00796225,0.00796225,0.00796225
249,2802.38,2.47765,3.12102,2.01125,0.23463,0.1448,0.12537,0.04447,2.56855,3.21049,2.1498,0.007954,0.007954,0.007954
250,2813.62,2.49626,3.14716,2.01773,0.29097,0.15745,0.13289,0.04874,2.56666,3.19673,2.14294,0.00794575,0.00794575,0.00794575
251,2824.99,2.45907,3.12383,2.0023,0.26654,0.15532,0.13213,0.04524,2.53299,3.17778,2.12512,0.0079375,0.0079375,0.0079375
252,2836,2.47425,3.1111,2.01449,0.22096,0.16383,0.12328,0.04267,2.5385,3.20529,2.12418,0.00792925,0.00792925,0.00792925
253,2847.07,2.46547,3.1257,1.99256,0.24556,0.16383,0.12594,0.04202,2.55679,3.22786,2.13306,0.007921,0.007921,0.007921
254,2858.04,2.48641,3.14567,2.00735,0.28003,0.15319,0.11428,0.03802,2.58356,3.25041,2.1243,0.00791275,0.00791275,0.00791275
255,2869.03,2.46934,3.14516,2.00962,0.2459,0.16809,0.12215,0.04387,2.54484,3.21639,2.12233,0.0079045,0.0079045,0.0079045
256,2880.05,2.43764,3.0982,1.99203,0.24504,0.17234,0.12209,0.04572,2.53803,3.24797,2.14035,0.00789625,0.00789625,0.00789625
257,2890.98,2.48924,3.0993,2.01187,0.24413,0.16596,0.13011,0.04355,2.5446,3.21699,2.11347,0.007888,0.007888,0.007888
258,2901.83,2.46024,3.11836,2.00569,0.26816,0.15957,0.13075,0.04545,2.52295,3.16637,2.12113,0.00787975,0.00787975,0.00787975
259,2912.69,2.45539,3.12412,2.00527,0.23274,0.15532,0.12273,0.04522,2.54636,3.15912,2.14431,0.0078715,0.0078715,0.0078715
260,2923.38,2.50394,3.07162,1.99993,0.26088,0.15532,0.12656,0.04363,2.57687,3.2202,2.1372,0.00786325,0.00786325,0.00786325
261,2933.7,2.42827,3.04958,1.97305,0.25201,0.17021,0.12828,0.04218,2.57759,3.17598,2.11773,0.007855,0.007855,0.007855
262,2944.15,2.46016,3.1055,1.98251,0.24689,0.16383,0.12115,0.04541,2.57333,3.20605,2.13376,0.00784675,0.00784675,0.00784675
263,2955.06,2.44291,3.1089,1.9986,0.26896,0.19149,0.15115,0.04953,2.55132,3.12417,2.13128,0.0078385,0.0078385,0.0078385
264,2966.34,2.44992,3.04821,1.99418,0.27429,0.19301,0.14646,0.05221,2.53635,3.14886,2.12669,0.00783025,0.00783025,0.00783025
265,2977.54,2.44383,3.08192,1.97962,0.25526,0.19574,0.14379,0.05154,2.55702,3.14915,2.12888,0.007822,0.007822,0.007822
266,2988.66,2.43885,3.06607,1.99259,0.25452,0.17021,0.1421,0.05035,2.50825,3.15334,2.12988,0.00781375,0.00781375,0.00781375
267,2999.62,2.4445,3.05258,1.98733,0.23174,0.18805,0.12634,0.04727,2.50994,3.16909,2.12592,0.0078055,0.0078055,0.0078055
268,3010.65,2.41085,3.05072,1.96855,0.23539,0.18511,0.1397,0.05105,2.50523,3.15258,2.11504,0.00779725,0.00779725,0.00779725
269,3021.66,2.42457,3.06187,1.97888,0.25448,0.18723,0.14123,0.05031,2.54128,3.15937,2.13467,0.007789,0.007789,0.007789
270,3032.61,2.43187,3.12,1.99722,0.25545,0.1766,0.13509,0.04841,2.53458,3.15162,2.1382,0.00778075,0.00778075,0.00778075
271,3043.58,2.40988,3.06436,1.9726,0.30172,0.16596,0.1475,0.0505,2.55024,3.12817,2.13169,0.0077725,0.0077725,0.0077725
272,3054.58,2.43035,3.03291,1.9931,0.27075,0.17695,0.14518,0.05522,2.53578,3.06694,2.1365,0.00776425,0.00776425,0.00776425
273,3065.88,2.43226,3.0632,1.98995,0.26876,0.19574,0.15446,0.05488,2.54682,3.08573,2.12218,0.007756,0.007756,0.007756
274,3076.99,2.44363,3.06095,1.98185,0.29409,0.18298,0.14942,0.05462,2.53102,3.13325,2.10801,0.00774775,0.00774775,0.00774775
275,3088.04,2.41463,3.06152,1.98048,0.26235,0.18936,0.15177,0.05221,2.52541,3.11673,2.12772,0.0077395,0.0077395,0.0077395
276,3098.83,2.42882,3.04203,1.97483,0.23325,0.18511,0.13583,0.04701,2.52811,3.12569,2.12312,0.00773125,0.00773125,0.00773125
277,3109.14,2.44264,3.06098,1.98365,0.25353,0.1766,0.13678,0.04717,2.5048,3.14717,2.11366,0.007723,0.007723,0.007723
278,3120.03,2.41425,3.06092,1.96946,0.25062,0.18501,0.1378,0.05109,2.50427,3.12685,2.12141,0.00771475,0.00771475,0.00771475
279,3131.09,2.41025,3.03078,1.96542,0.27898,0.18085,0.14903,0.05487,2.49766,3.10462,2.12174,0.0077065,0.0077065,0.0077065
280,3142.16,2.40646,3.03608,1.96289,0.27843,0.1766,0.14634,0.05185,2.52755,3.12208,2.13245,0.00769825,0.00769825,0.00769825
281,3153.23,2.4151,3.01992,1.96015,0.25996,0.17872,0.15021,0.05346,2.49806,3.08901,2.1037,0.00769,0.00769,0.00769
282,3164.26,2.42517,3.07732,1.98154,0.3038,0.16809,0.14619,0.05202,2.48546,3.15357,2.09707,0.00768175,0.00768175,0.00768175
283,3175.24,2.39793,3.03213,1.96355,0.31402,0.18085,0.15347,0.0518,2.49746,3.07788,2.11353,0.0076735,0.0076735,0.0076735
284,3186.35,2.41651,3.03152,1.96215,0.28613,0.19787,0.147,0.05345,2.51196,3.08485,2.13781,0.00766525,0.00766525,0.00766525
285,3197.35,2.39014,2.9904,1.96426,0.27817,0.18723,0.15688,0.05562,2.51227,3.08817,2.12869,0.007657,0.007657,0.007657
286,3208.66,2.39581,3.01457,1.961,0.30917,0.19787,0.16288,0.05671,2.49697,3.08045,2.12351,0.00764875,0.00764875,0.00764875
287,3219.9,2.37977,3.02025,1.95215,0.25601,0.20851,0.14419,0.05223,2.51399,3.0707,2.1152,0.0076405,0.0076405,0.0076405
288,3230.62,2.37837,2.96014,1.94785,0.27328,0.1617,0.15394,0.05464,2.49498,3.08403,2.11639,0.00763225,0.00763225,0.00763225
289,3241.66,2.39018,2.99345,1.95619,0.26785,0.18723,0.1586,0.05891,2.47942,3.08613,2.1068,0.007624,0.007624,0.007624
290,3252.9,2.38658,2.98519,1.94904,0.27657,0.18511,0.14928,0.05672,2.50857,3.08959,2.10922,0.00761575,0.00761575,0.00761575
291,3263.59,2.43299,3.03431,1.97191,0.28059,0.17234,0.15714,0.05891,2.5036,3.10182,2.11296,0.0076075,0.0076075,0.0076075
292,3274.74,2.35235,3.01112,1.93995,0.33032,0.17841,0.16092,0.06119,2.50231,3.06883,2.11809,0.00759925,0.00759925,0.00759925
293,3286.09,2.38709,2.98456,1.94632,0.29216,0.20213,0.15817,0.0565,2.48915,3.05568,2.11321,0.007591,0.007591,0.007591
294,3297.08,2.37501,2.9663,1.94265,0.27244,0.2,0.14853,0.05083,2.48611,3.02027,2.09891,0.00758275,0.00758275,0.00758275
295,3308.09,2.38516,2.94215,1.93829,0.29582,0.19753,0.15445,0.05889,2.47672,3.03105,2.09971,0.0075745,0.0075745,0.0075745
296,3319.01,2.4115,3.00384,1.96594,0.3322,0.18723,0.15791,0.05696,2.4628,3.10381,2.09825,0.00756625,0.00756625,0.00756625
297,3329.99,2.37088,2.96188,1.94468,0.32173,0.17447,0.15382,0.05424,2.45696,3.06743,2.11103,0.007558,0.007558,0.007558
298,3341.02,2.34619,2.99204,1.92736,0.27572,0.19149,0.15597,0.05808,2.46442,3.01362,2.09904,0.00754975,0.00754975,0.00754975
299,3352.09,2.38883,2.95996,1.94445,0.28141,0.17872,0.14957,0.05579,2.49432,3.0391,2.11215,0.0075415,0.0075415,0.0075415
300,3363.13,2.36814,2.95821,1.94885,0.26493,0.17021,0.15273,0.05441,2.51181,3.02694,2.09906,0.00753325,0.00753325,0.00753325
301,3374.22,2.35219,2.97126,1.94144,0.30252,0.20426,0.16324,0.05977,2.47756,2.98751,2.09768,0.007525,0.007525,0.007525
302,3385.33,2.34938,2.9414,1.93568,0.31985,0.19574,0.1756,0.06631,2.47013,3.02605,2.11119,0.00751675,0.00751675,0.00751675
303,3396.55,2.34818,2.93561,1.942,0.3171,0.18475,0.16994,0.05992,2.4638,3.04074,2.09772,0.0075085,0.0075085,0.0075085
304,3407.51,2.37781,2.96625,1.93571,0.28694,0.19863,0.16109,0.05972,2.45257,3.01055,2.08834,0.00750025,0.00750025,0.00750025
305,3418.52,2.36776,2.94563,1.93476,0.30887,0.2,0.16794,0.06071,2.52043,3.02214,2.11142,0.007492,0.007492,0.007492
306,3429.61,2.33925,2.92912,1.92654,0.27667,0.18936,0.1648,0.06024,2.48497,2.99938,2.10038,0.00748375,0.00748375,0.00748375
307,3440.75,2.34488,2.93882,1.92924,0.26429,0.19796,0.15742,0.05797,2.50484,3.01431,2.10357,0.0074755,0.0074755,0.0074755
308,3451.75,2.33085,2.94117,1.90776,0.28862,0.21064,0.16183,0.05819,2.48085,3.02418,2.10543,0.00746725,0.00746725,0.00746725
309,3462.57,2.36038,2.94611,1.93407,0.30653,0.19362,0.16019,0.05702,2.46241,3.00452,2.09231,0.007459,0.007459,0.007459
310,3473.4,2.35357,2.93486,1.92358,0.26259,0.19149,0.15307,0.05218,2.44304,2.99959,2.08128,0.00745075,0.00745075,0.00745075
311,3484.35,2.36023,2.93055,1.9219,0.31916,0.20638,0.16342,0.05633,2.48096,2.97607,2.09059,0.0074425,0.0074425,0.0074425
312,3495.35,2.34058,2.94746,1.93247,0.3064,0.19787,0.15617,0.05611,2.46528,3.0137,2.07903,0.00743425,0.00743425,0.00743425
313,3506.37,2.31741,2.89129,1.91115,0.26741,0.21064,0.15242,0.05413,2.45183,2.99874,2.08411,0.007426,0.007426,0.007426
314,3517.43,2.3181,2.92536,1.91473,0.27363,0.20426,0.15806,0.05964,2.43823,2.99223,2.0779,0.00741775,0.00741775,0.00741775
315,3528.5,2.32845,2.89577,1.91937,0.27006,0.18184,0.14601,0.05619,2.41574,3.00877,2.06471,0.0074095,0.0074095,0.0074095
316,3539.54,2.32758,2.9187,1.89839,0.28483,0.18723,0.16339,0.06471,2.4381,2.9891,2.07323,0.00740125,0.00740125,0.00740125
317,3550.62,2.33595,2.88363,1.9162,0.28533,0.19149,0.17195,0.07027,2.42824,2.98179,2.09335,0.007393,0.007393,0.007393
318,3561.89,2.31368,2.91729,1.91763,0.29208,0.18511,0.16287,0.06322,2.42942,2.98549,2.08052,0.00738475,0.00738475,0.00738475
319,3572.85,2.29878,2.95779,1.90612,0.33,0.17872,0.1697,0.06801,2.42263,2.97527,2.06103,0.0073765,0.0073765,0.0073765
320,3583.8,2.33097,2.92411,1.92786,0.3091,0.19362,0.17344,0.06736,2.42038,2.9579,2.06936,0.00736825,0.00736825,0.00736825
321,3594.75,2.29121,2.86581,1.90058,0.28774,0.21064,0.16978,0.06506,2.45766,3.00546,2.07743,0.00736,0.00736,0.00736
322,3605.87,2.31327,2.87709,1.90031,0.33177,0.18909,0.17498,0.06414,2.45402,2.99398,2.0724,0.00735175,0.00735175,0.00735175
323,3617.07,2.32963,2.87469,1.92241,0.33072,0.19149,0.17607,0.06825,2.42495,2.99332,2.0518,0.0073435,0.0073435,0.0073435
324,3628.18,2.31461,2.88928,1.90946,0.32271,0.18723,0.17882,0.07454,2.41332,2.9815,2.05524,0.00733525,0.00733525,0.00733525
325,3639.48,2.30351,2.905,1.89228,0.36014,0.18085,0.18422,0.07537,2.42506,2.94192,2.0562,0.007327,0.007327,0.007327
326,3650.82,2.30226,2.88338,1.90397,0.32224,0.19929,0.18688,0.0753,2.38781,2.89298,2.03821,0.00731875,0.00731875,0.00731875
327,3662.18,2.3017,2.88639,1.90575,0.32945,0.20426,0.18652,0.07374,2.37689,2.9321,2.04612,0.0073105,0.0073105,0.0073105
328,3673.25,2.29141,2.86039,1.8897,0.27682,0.21489,0.1716,0.06853,2.3691,2.90009,2.03477,0.00730225,0.00730225,0.00730225
329,3684.26,2.27478,2.85491,1.87265,0.30472,0.19362,0.17529,0.071,2.39055,2.94529,2.04105,0.007294,0.007294,0.007294
330,3695.22,2.28382,2.83892,1.90173,0.32724,0.20906,0.1871,0.07473,2.39068,2.92726,2.05251,0.00728575,0.00728575,0.00728575
331,3706.22,2.33315,2.92014,1.91949,0.29732,0.20638,0.17925,0.07678,2.39936,2.935,2.05951,0.0072775,0.0072775,0.0072775
332,3717.64,2.29202,2.85083,1.89829,0.29206,0.23611,0.18425,0.07927,2.39577,2.91041,2.05823,0.00726925,0.00726925,0.00726925
333,3728.98,2.27001,2.86077,1.88989,0.29082,0.22766,0.19439,0.07907,2.40232,2.87756,2.05751,0.007261,0.007261,0.007261
334,3740.27,2.29372,2.8694,1.89433,0.32119,0.20638,0.18844,0.07407,2.39941,2.90187,2.05632,0.00725275,0.00725275,0.00725275
335,3751.19,2.27246,2.82991,1.88347,0.30509,0.20213,0.17992,0.07317,2.38161,2.94164,2.03918,0.0072445,0.0072445,0.0072445
336,3762.19,2.29523,2.83052,1.89124,0.28444,0.20299,0.17189,0.07156,2.37039,2.90398,2.04507,0.00723625,0.00723625,0.00723625
337,3772.88,2.30522,2.9159,1.89469,0.27943,0.20638,0.17191,0.07304,2.35924,2.89508,2.04294,0.007228,0.007228,0.007228
338,3783.75,2.27525,2.80135,1.88426,0.31572,0.20213,0.18491,0.07841,2.37473,2.87891,2.05291,0.00721975,0.00721975,0.00721975
339,3794.93,2.27984,2.82445,1.88224,0.29923,0.20851,0.18416,0.07851,2.37674,2.85938,2.05136,0.0072115,0.0072115,0.0072115
340,3806.03,2.27084,2.86691,1.88527,0.29009,0.21702,0.18894,0.08084,2.37704,2.88284,2.04402,0.00720325,0.00720325,0.00720325
341,3817.11,2.26902,2.85037,1.87065,0.26764,0.21461,0.18413,0.08049,2.40208,2.87906,2.03684,0.007195,0.007195,0.007195
342,3828,2.27871,2.85023,1.86844,0.29213,0.20851,0.185,0.0811,2.37872,2.90167,2.03403,0.00718675,0.00718675,0.00718675
343,3838.96,2.28376,2.8621,1.86483,0.32791,0.22128,0.19073,0.07797,2.36349,2.87353,2.04059,0.0071785,0.0071785,0.0071785
344,3849.88,2.26194,2.81766,1.86408,0.29547,0.21326,0.17995,0.07328,2.33399,2.85984,2.02856,0.00717025,0.00717025,0.00717025
345,3860.9,2.27505,2.80214,1.87957,0.29859,0.21702,0.19154,0.07842,2.32842,2.86524,2.03337,0.007162,0.007162,0.007162
346,3871.9,2.27696,2.81065,1.88543,0.30546,0.24894,0.19869,0.08246,2.32672,2.84714,2.02925,0.00715375,0.00715375,0.00715375
347,3883.13,2.22716,2.7967,1.85767,0.32964,0.22553,0.20256,0.08413,2.36245,2.84994,2.03834,0.0071455,0.0071455,0.0071455
348,3894.42,2.27645,2.844,1.87342,0.34481,0.21489,0.19986,0.08627,2.34096,2.84641,2.0096,0.00713725,0.00713725,0.00713725
349,3905.61,2.25894,2.83446,1.86755,0.28739,0.21915,0.19841,0.08513,2.32789,2.8442,2.01062,0.007129,0.007129,0.007129
350,3916.64,2.23249,2.74368,1.8425,0.3042,0.2234,0.20013,0.08285,2.34376,2.84157,2.01715,0.00712075,0.00712075,0.00712075
351,3927.51,2.26997,2.82809,1.87047,0.3565,0.21064,0.20189,0.08307,2.34661,2.84839,2.0356,0.0071125,0.0071125,0.0071125
352,3938.38,2.24951,2.79927,1.85204,0.3152,0.2223,0.20324,0.08218,2.35808,2.8653,2.02607,0.00710425,0.00710425,0.00710425
353,3949.44,2.23952,2.81655,1.86641,0.33786,0.22766,0.19738,0.0821,2.36496,2.82972,2.02696,0.007096,0.007096,0.007096
354,3960.54,2.21284,2.77109,1.85936,0.36731,0.20426,0.21175,0.08667,2.35414,2.8085,2.02194,0.00708775,0.00708775,0.00708775
355,3971.83,2.22567,2.74084,1.83668,0.27182,0.24255,0.19902,0.08665,2.32412,2.8187,2.01654,0.0070795,0.0070795,0.0070795
356,3982.88,2.25488,2.78987,1.85386,0.32894,0.22979,0.19659,0.08409,2.30857,2.81618,2.01164,0.00707125,0.00707125,0.00707125
357,3993.94,2.2123,2.76651,1.83871,0.32028,0.2386,0.20208,0.08868,2.30255,2.83471,2.01654,0.007063,0.007063,0.007063
358,4005.2,2.23216,2.78509,1.84843,0.30433,0.21489,0.18787,0.07844,2.32569,2.85425,2.01971,0.00705475,0.00705475,0.00705475
359,4016.24,2.23594,2.77038,1.86113,0.38661,0.21064,0.21486,0.09189,2.33876,2.83406,2.02913,0.0070465,0.0070465,0.0070465
360,4027.42,2.24055,2.75632,1.85512,0.37474,0.23404,0.2196,0.09437,2.33531,2.81476,2.02901,0.00703825,0.00703825,0.00703825
361,4038.44,2.2177,2.74874,1.85638,0.36585,0.22553,0.21845,0.09342,2.3356,2.79209,2.01914,0.00703,0.00703,0.00703
362,4049.51,2.20683,2.68419,1.84201,0.33301,0.22308,0.208,0.09515,2.34801,2.78284,2.02185,0.00702175,0.00702175,0.00702175
363,4060.53,2.22044,2.73288,1.83943,0.3095,0.24043,0.21473,0.0931,2.34061,2.76074,2.02248,0.0070135,0.0070135,0.0070135
364,4071.49,2.23872,2.76088,1.8572,0.31729,0.21915,0.20567,0.09157,2.33803,2.77394,2.01914,0.00700525,0.00700525,0.00700525
365,4082.48,2.2146,2.73039,1.83005,0.35391,0.22128,0.20631,0.08907,2.32556,2.78217,2.01411,0.006997,0.006997,0.006997
366,4093.44,2.20794,2.74462,1.83539,0.32987,0.24043,0.21342,0.08794,2.31337,2.7679,2.02182,0.00698875,0.00698875,0.00698875
367,4104.42,2.17755,2.71971,1.82141,0.33369,0.24043,0.20885,0.0876,2.31407,2.75014,2.00708,0.0069805,0.0069805,0.0069805
368,4115.57,2.20609,2.71067,1.83113,0.33489,0.25283,0.22382,0.09527,2.3088,2.72859,1.97891,0.00697225,0.00697225,0.00697225
369,4126.97,2.18136,2.67202,1.82594,0.36254,0.23191,0.22615,0.09418,2.31744,2.72761,1.9939,0.006964,0.006964,0.006964
370,4138.07,2.19848,2.70424,1.81848,0.36788,0.24255,0.22136,0.09255,2.30931,2.73206,1.99986,0.00695575,0.00695575,0.00695575
371,4149.14,2.19067,2.6908,1.8192,0.39226,0.22553,0.22836,0.09894,2.28453,2.71839,1.97348,0.0069475,0.0069475,0.0069475
372,4160.4,2.18656,2.69193,1.81465,0.38553,0.24468,0.22515,0.097,2.26829,2.7096,1.96628,0.00693925,0.00693925,0.00693925
373,4171.39,2.19627,2.69741,1.83046,0.34989,0.25957,0.22626,0.09676,2.28338,2.71558,1.98307,0.006931,0.006931,0.006931
374,4182.38,2.1712,2.65301,1.81251,0.33716,0.25319,0.22492,0.09781,2.27843,2.742,1.98977,0.00692275,0.00692275,0.00692275
375,4193.39,2.17209,2.69138,1.82179,0.32101,0.24468,0.22561,0.09852,2.2586,2.70652,1.97107,0.0069145,0.0069145,0.0069145
376,4204.39,2.17543,2.66065,1.80525,0.34303,0.23441,0.22486,0.09621,2.23633,2.71867,1.966,0.00690625,0.00690625,0.00690625
377,4215.33,2.1627,2.63939,1.80907,0.32321,0.2617,0.22344,0.09706,2.24689,2.73953,1.96358,0.006898,0.006898,0.006898
378,4226.33,2.19288,2.68423,1.82781,0.36289,0.25532,0.23624,0.10292,2.24478,2.72531,1.9646,0.00688975,0.00688975,0.00688975
379,4237.48,2.15931,2.64676,1.80349,0.374,0.24894,0.23647,0.10605,2.24058,2.68313,1.96073,0.0068815,0.0068815,0.0068815
380,4248.79,2.18488,2.65683,1.81947,0.34058,0.27021,0.23663,0.10816,2.23186,2.689,1.95775,0.00687325,0.00687325,0.00687325
381,4260.07,2.15571,2.61801,1.80467,0.34641,0.26596,0.23361,0.10896,2.2176,2.69796,1.95622,0.006865,0.006865,0.006865
382,4271.36,2.17387,2.65975,1.80864,0.34834,0.27182,0.23707,0.11059,2.2279,2.68502,1.96376,0.00685675,0.00685675,0.00685675
383,4282.62,2.17116,2.63768,1.81086,0.36137,0.28511,0.23931,0.10959,2.22304,2.64727,1.96129,0.0068485,0.0068485,0.0068485
384,4293.71,2.16606,2.64193,1.81899,0.36977,0.2634,0.24084,0.10913,2.22174,2.62769,1.95106,0.00684025,0.00684025,0.00684025
385,4305.02,2.19721,2.66811,1.82407,0.35617,0.2766,0.24267,0.11229,2.20807,2.64502,1.93415,0.006832,0.006832,0.006832
386,4316.44,2.13641,2.60119,1.78552,0.37727,0.26596,0.24025,0.11402,2.21442,2.66559,1.94283,0.00682375,0.00682375,0.00682375
387,4327.72,2.11965,2.57665,1.7949,0.34477,0.28511,0.24383,0.11097,2.22554,2.64266,1.94029,0.0068155,0.0068155,0.0068155
388,4338.53,2.16177,2.606,1.79929,0.33942,0.2617,0.24049,0.1098,2.22631,2.63183,1.94477,0.00680725,0.00680725,0.00680725
389,4349.55,2.16722,2.62433,1.80184,0.35694,0.24681,0.24028,0.11301,2.22421,2.62627,1.93318,0.006799,0.006799,0.006799
390,4360.53,2.17115,2.60665,1.81122,0.37561,0.24894,0.24524,0.11219,2.19798,2.61902,1.92425,0.00679075,0.00679075,0.00679075
391,4371.6,2.15135,2.60723,1.81056,0.35452,0.25106,0.24236,0.11235,2.21102,2.61677,1.93001,0.0067825,0.0067825,0.0067825
392,4382.74,2.1364,2.5816,1.76997,0.3673,0.25106,0.24867,0.11495,2.20446,2.62413,1.93441,0.00677425,0.00677425,0.00677425
393,4393.95,2.15978,2.59836,1.80069,0.36544,0.27021,0.24459,0.11359,2.20898,2.61733,1.933,0.006766,0.006766,0.006766
394,4404.73,2.15326,2.5779,1.79451,0.395,0.25745,0.25583,0.11991,2.19864,2.60963,1.92566,0.00675775,0.00675775,0.00675775
395,4415.96,2.13855,2.55974,1.77556,0.37409,0.27234,0.2654,0.12582,2.19087,2.60959,1.92532,0.0067495,0.0067495,0.0067495
396,4427.22,2.10815,2.54834,1.75316,0.40876,0.28936,0.26086,0.12057,2.19315,2.61515,1.92029,0.00674125,0.00674125,0.00674125
397,4438.18,2.11819,2.52387,1.76508,0.43242,0.25532,0.26399,0.1223,2.16215,2.58819,1.90961,0.006733,0.006733,0.006733
398,4449.17,2.08777,2.50375,1.76098,0.42901,0.24468,0.26578,0.11965,2.15803,2.59221,1.89138,0.00672475,0.00672475,0.00672475
399,4460.27,2.089,2.51903,1.77363,0.4203,0.26809,0.27962,0.12343,2.17067,2.57776,1.90037,0.0067165,0.0067165,0.0067165
400,4471.35,2.08424,2.4936,1.75062,0.42282,0.26653,0.27619,0.1278,2.17447,2.58918,1.89922,0.00670825,0.00670825,0.00670825
401,4482.68,2.1363,2.58817,1.78383,0.47462,0.2617,0.28354,0.13005,2.17005,2.55718,1.90087,0.0067,0.0067,0.0067
402,4494.02,2.12063,2.56706,1.77339,0.4158,0.28298,0.27743,0.12968,2.15719,2.53033,1.89195,0.00669175,0.00669175,0.00669175
403,4505.02,2.0836,2.49284,1.74633,0.41966,0.27872,0.27718,0.13145,2.16137,2.52368,1.89026,0.0066835,0.0066835,0.0066835
404,4516.34,2.08226,2.49219,1.75872,0.38799,0.27872,0.27677,0.13293,2.1482,2.51017,1.88747,0.00667525,0.00667525,0.00667525
405,4527.84,2.07254,2.46829,1.74908,0.43337,0.26809,0.27876,0.13368,2.12517,2.49821,1.87266,0.006667,0.006667,0.006667
406,4539.28,2.08946,2.53012,1.75131,0.43453,0.28298,0.2876,0.13927,2.12921,2.5145,1.87965,0.00665875,0.00665875,0.00665875
407,4550.72,2.06836,2.50187,1.74469,0.44973,0.28298,0.28514,0.13634,2.12349,2.51103,1.8833,0.0066505,0.0066505,0.0066505
408,4561.68,2.08117,2.45908,1.73792,0.45458,0.2766,0.29809,0.14011,2.12017,2.45713,1.87841,0.00664225,0.00664225,0.00664225
409,4572.88,2.10203,2.49967,1.76018,0.41191,0.30213,0.29885,0.14091,2.13415,2.45234,1.87911,0.006634,0.006634,0.006634
410,4584.12,2.08143,2.47593,1.74703,0.38716,0.31991,0.29714,0.14036,2.14246,2.46791,1.87836,0.00662575,0.00662575,0.00662575
411,4595.14,2.06936,2.45708,1.73242,0.44183,0.29305,0.29419,0.13718,2.11828,2.4648,1.86953,0.0066175,0.0066175,0.0066175
412,4606.18,2.06023,2.46934,1.73752,0.45979,0.28069,0.29346,0.14097,2.11077,2.44458,1.87382,0.00660925,0.00660925,0.00660925
413,4617.2,2.08141,2.47562,1.7606,0.46817,0.26383,0.2933,0.14734,2.11632,2.42999,1.87314,0.006601,0.006601,0.006601
414,4628.34,2.04752,2.39692,1.73371,0.47162,0.27021,0.29522,0.1456,2.11301,2.42111,1.87092,0.00659275,0.00659275,0.00659275
415,4639.34,2.08299,2.45139,1.74321,0.49978,0.26809,0.30341,0.14633,2.08978,2.4226,1.85301,0.0065845,0.0065845,0.0065845
416,4650.63,2.10745,2.45063,1.75747,0.50893,0.29149,0.31532,0.15077,2.08809,2.41848,1.85351,0.00657625,0.00657625,0.00657625
417,4661.95,2.03894,2.4252,1.71742,0.45624,0.29634,0.31389,0.14802,2.10126,2.43701,1.87178,0.006568,0.006568,0.006568
418,4672.92,2.05512,2.43031,1.73189,0.47407,0.28723,0.303,0.14729,2.07541,2.43593,1.85421,0.00655975,0.00655975,0.00655975
419,4683.99,2.06495,2.42565,1.73537,0.48889,0.30324,0.31391,0.15306,2.06233,2.40804,1.84038,0.0065515,0.0065515,0.0065515
420,4695.33,2.05746,2.39283,1.7179,0.44454,0.31915,0.32647,0.15119,2.06901,2.39983,1.84861,0.00654325,0.00654325,0.00654325
421,4706.31,2.07165,2.45748,1.7323,0.47882,0.30213,0.3244,0.15419,2.06801,2.37274,1.84077,0.006535,0.006535,0.006535
422,4717.46,2.05466,2.44816,1.71875,0.4983,0.29574,0.33028,0.1561,2.06214,2.38233,1.83234,0.00652675,0.00652675,0.00652675
423,4728.74,2.04758,2.40158,1.72841,0.47211,0.31207,0.32883,0.15973,2.04758,2.38147,1.83101,0.0065185,0.0065185,0.0065185
424,4740.07,2.04963,2.38334,1.7315,0.47436,0.29362,0.32701,0.16501,2.05887,2.37116,1.83886,0.00651025,0.00651025,0.00651025
425,4751.2,2.02461,2.35541,1.6984,0.43951,0.33191,0.3254,0.16505,2.05977,2.36598,1.83916,0.006502,0.006502,0.006502
426,4762.22,2.02729,2.39897,1.71355,0.45503,0.31267,0.31737,0.16188,2.07177,2.36892,1.83559,0.00649375,0.00649375,0.00649375
427,4773.24,2.03991,2.36796,1.71018,0.42329,0.31277,0.31514,0.16186,2.04095,2.3744,1.83074,0.0064855,0.0064855,0.0064855
428,4784.28,2.03811,2.41286,1.72252,0.41621,0.33404,0.3207,0.16217,2.04327,2.36103,1.82778,0.00647725,0.00647725,0.00647725
429,4795.2,2.02502,2.36428,1.70479,0.4574,0.32464,0.33598,0.16882,2.02994,2.34234,1.81679,0.006469,0.006469,0.006469
430,4806.41,2.0286,2.37193,1.70499,0.4318,0.33617,0.33691,0.17357,2.02412,2.32567,1.80571,0.00646075,0.00646075,0.00646075
431,4817.78,2.01899,2.35846,1.70744,0.3869,0.34043,0.32618,0.16893,2.01974,2.33861,1.8035,0.0064525,0.0064525,0.0064525
432,4828.91,2.00102,2.35862,1.69767,0.40319,0.32773,0.32876,0.17033,1.99721,2.32428,1.79591,0.00644425,0.00644425,0.00644425
433,4840.03,2.03649,2.40207,1.71864,0.42236,0.33604,0.33517,0.1745,1.98468,2.31433,1.78864,0.006436,0.006436,0.006436
434,4851.4,2.03049,2.35629,1.70354,0.44602,0.31915,0.34052,0.17743,1.98561,2.29947,1.79143,0.00642775,0.00642775,0.00642775
435,4862.69,2.03109,2.3509,1.71611,0.47398,0.33191,0.34797,0.17795,1.99714,2.29633,1.80127,0.0064195,0.0064195,0.0064195
436,4874.02,1.97842,2.28037,1.67923,0.49414,0.32553,0.35404,0.179,1.99772,2.29758,1.79891,0.00641125,0.00641125,0.00641125
437,4885.28,1.99971,2.35549,1.68006,0.46079,0.35319,0.35842,0.18013,1.98702,2.27098,1.78675,0.006403,0.006403,0.006403
438,4896.49,2.00165,2.32095,1.69001,0.47675,0.34043,0.35705,0.17843,1.95908,2.26003,1.78629,0.00639475,0.00639475,0.00639475
439,4907.28,1.98399,2.29154,1.67642,0.43532,0.35106,0.35776,0.18158,1.96293,2.26196,1.78951,0.0063865,0.0063865,0.0063865
440,4918.32,2.02255,2.36946,1.69186,0.44416,0.35319,0.35372,0.18118,1.97978,2.25041,1.77964,0.00637825,0.00637825,0.00637825
441,4929.24,2.03494,2.35633,1.70031,0.47559,0.34894,0.36136,0.18343,1.96553,2.22332,1.77638,0.00637,0.00637,0.00637
442,4940.54,1.95672,2.26424,1.6662,0.46588,0.36383,0.36358,0.18629,1.97733,2.21231,1.78133,0.00636175,0.00636175,0.00636175
443,4951.73,1.98181,2.28234,1.67773,0.53256,0.34468,0.38243,0.19205,1.98952,2.21256,1.78676,0.0063535,0.0063535,0.0063535
444,4962.81,1.98968,2.296,1.68696,0.53031,0.34681,0.37909,0.19258,1.97689,2.20081,1.78612,0.00634525,0.00634525,0.00634525
445,4974.36,1.9809,2.25718,1.66873,0.51256,0.34007,0.36717,0.1892,1.96446,2.20973,1.77814,0.006337,0.006337,0.006337
446,4985.59,1.93613,2.21971,1.66313,0.50025,0.32979,0.36642,0.18642,1.96659,2.21562,1.77666,0.00632875,0.00632875,0.00632875
447,4996.86,1.96302,2.25768,1.67082,0.50016,0.35745,0.37249,0.18753,1.96629,2.20621,1.77961,0.0063205,0.0063205,0.0063205
448,5008.08,1.99707,2.29609,1.69614,0.5079,0.3383,0.38236,0.19439,1.96066,2.20414,1.77036,0.00631225,0.00631225,0.00631225
449,5019.36,1.95516,2.25159,1.66283,0.54419,0.33617,0.3849,0.19549,1.9697,2.18215,1.77023,0.006304,0.006304,0.006304
450,5030.71,1.97607,2.2667,1.66309,0.50344,0.34681,0.38465,0.19274,1.97889,2.18054,1.77426,0.00629575,0.00629575,0.00629575
451,5041.77,1.94089,2.22029,1.66663,0.46932,0.38511,0.38912,0.19715,1.97073,2.16924,1.77382,0.0062875,0.0062875,0.0062875
452,5052.99,1.97395,2.26933,1.6808,0.47452,0.37872,0.39796,0.20159,1.94904,2.16326,1.77412,0.00627925,0.00627925,0.00627925
453,5064.31,1.9369,2.21951,1.65212,0.50729,0.39149,0.40123,0.20867,1.94761,2.1537,1.7742,0.006271,0.006271,0.006271
454,5075.7,1.95138,2.20155,1.65507,0.53313,0.35958,0.39978,0.21401,1.93106,2.14851,1.76024,0.00626275,0.00626275,0.00626275
455,5087.03,1.95878,2.24022,1.66359,0.49792,0.38511,0.40612,0.2135,1.92578,2.13556,1.75182,0.0062545,0.0062545,0.0062545
456,5098.33,1.94465,2.22794,1.66164,0.51096,0.38723,0.40494,0.21481,1.92872,2.13296,1.74365,0.00624625,0.00624625,0.00624625
457,5109.58,1.96458,2.24646,1.66652,0.53387,0.39721,0.40923,0.21167,1.92762,2.124,1.74642,0.006238,0.006238,0.006238
458,5120.63,1.94241,2.23032,1.65261,0.52885,0.37447,0.40447,0.20765,1.93328,2.13075,1.74843,0.00622975,0.00622975,0.00622975
459,5131.2,1.96629,2.25596,1.65911,0.53046,0.38723,0.40645,0.2089,1.93628,2.12583,1.74519,0.0062215,0.0062215,0.0062215
460,5142.1,1.94371,2.23178,1.65929,0.53904,0.38298,0.4076,0.20956,1.9309,2.12702,1.74963,0.00621325,0.00621325,0.00621325
461,5152.62,1.94094,2.18628,1.64319,0.5621,0.35957,0.41323,0.21129,1.94247,2.10124,1.74784,0.006205,0.006205,0.006205
462,5163.75,1.94511,2.18982,1.65553,0.55782,0.37872,0.41254,0.21309,1.94784,2.07916,1.75001,0.00619675,0.00619675,0.00619675
463,5174.8,1.94881,2.23428,1.65132,0.50327,0.39362,0.41543,0.21207,1.94254,2.08253,1.74629,0.0061885,0.0061885,0.0061885
464,5185.75,1.91504,2.12086,1.62833,0.56509,0.3766,0.40846,0.20989,1.92805,2.07725,1.73055,0.00618025,0.00618025,0.00618025
465,5196.78,1.91561,2.1781,1.63509,0.51464,0.40638,0.41591,0.21594,1.92811,2.05856,1.72408,0.006172,0.006172,0.006172
466,5208.05,1.88013,2.14078,1.62119,0.60354,0.35304,0.41991,0.22297,1.91416,2.04563,1.72223,0.00616375,0.00616375,0.00616375
467,5219.37,1.91755,2.16743,1.63072,0.60205,0.36383,0.42712,0.23045,1.89807,2.02937,1.71966,0.0061555,0.0061555,0.0061555
468,5230.63,1.91099,2.15268,1.63049,0.55536,0.40394,0.43201,0.22722,1.90154,2.02708,1.72089,0.00614725,0.00614725,0.00614725
469,5241.62,1.90233,2.17104,1.63241,0.54311,0.39149,0.43625,0.22818,1.90598,2.02882,1.72196,0.006139,0.006139,0.006139
470,5252.66,1.88237,2.15194,1.61258,0.48855,0.43404,0.43641,0.23218,1.91289,2.02688,1.73126,0.00613075,0.00613075,0.00613075
471,5263.92,1.92288,2.16978,1.64163,0.50691,0.43404,0.43814,0.23301,1.90622,2.02938,1.72967,0.0061225,0.0061225,0.0061225
472,5275.27,1.87953,2.10001,1.60763,0.48889,0.44255,0.44089,0.23577,1.90485,2.02657,1.72964,0.00611425,0.00611425,0.00611425
473,5286.47,1.89959,2.12441,1.62144,0.50159,0.40213,0.43411,0.23396,1.90963,2.03528,1.73366,0.006106,0.006106,0.006106
474,5297.47,1.87454,2.08738,1.60402,0.51427,0.41702,0.43711,0.23439,1.8895,2.01773,1.72302,0.00609775,0.00609775,0.00609775
475,5308.49,1.8838,2.10813,1.61456,0.51022,0.40638,0.4451,0.23768,1.87585,1.99251,1.71758,0.0060895,0.0060895,0.0060895
476,5319.84,1.88512,2.10149,1.61693,0.51856,0.41022,0.45234,0.24176,1.88202,1.99633,1.72083,0.00608125,0.00608125,0.00608125
477,5331.24,1.87409,2.08235,1.59218,0.55659,0.45403,0.47214,0.25278,1.87113,1.97381,1.709,0.006073,0.006073,0.006073
478,5342.52,1.89343,2.10426,1.6119,0.52369,0.45106,0.46853,0.25324,1.86164,1.9662,1.70369,0.00606475,0.00606475,0.00606475
479,5353.77,1.86105,2.08651,1.58954,0.54426,0.44043,0.47491,0.25737,1.85953,1.962,1.70151,0.0060565,0.0060565,0.0060565
480,5365.04,1.91614,2.13814,1.62352,0.53746,0.44468,0.47829,0.25803,1.8498,1.95878,1.6952,0.00604825,0.00604825,0.00604825
481,5376.31,1.87472,2.07802,1.5929,0.56087,0.40213,0.47453,0.25777,1.84041,1.95695,1.69343,0.00604,0.00604,0.00604
482,5387.33,1.87129,2.11538,1.5877,0.57761,0.43617,0.48067,0.25726,1.84273,1.96046,1.69227,0.00603175,0.00603175,0.00603175
483,5398.33,1.86554,2.09557,1.60585,0.61396,0.41277,0.48132,0.25572,1.85273,1.95387,1.68938,0.0060235,0.0060235,0.0060235
484,5409.22,1.85,2.07915,1.5965,0.5979,0.44043,0.48848,0.25792,1.85726,1.95341,1.68996,0.00601525,0.00601525,0.00601525
485,5420.54,1.83348,2.04217,1.58206,0.61579,0.42627,0.49115,0.26356,1.85278,1.93983,1.68198,0.006007,0.006007,0.006007
486,5431.61,1.86784,2.06516,1.5947,0.56734,0.44082,0.49177,0.26179,1.86336,1.94737,1.68529,0.00599875,0.00599875,0.00599875
487,5442.67,1.83847,2.04893,1.57739,0.5881,0.4253,0.49187,0.26049,1.85564,1.9551,1.68748,0.0059905,0.0059905,0.0059905
488,5453.69,1.86306,2.0678,1.58376,0.58061,0.42416,0.49255,0.26585,1.84026,1.94324,1.68773,0.00598225,0.00598225,0.00598225
489,5465.02,1.84712,2.05048,1.57861,0.57204,0.43617,0.49273,0.26747,1.83091,1.92555,1.68567,0.005974,0.005974,0.005974
490,5476.3,1.85612,2.04529,1.58472,0.5706,0.44894,0.50112,0.27313,1.81651,1.89218,1.67432,0.00596575,0.00596575,0.00596575
491,5487.66,1.82643,2.02602,1.57333,0.60336,0.45635,0.50789,0.27732,1.81539,1.87742,1.66391,0.0059575,0.0059575,0.0059575
492,5498.93,1.85989,2.06435,1.59584,0.60767,0.48511,0.51701,0.28,1.80299,1.86067,1.65793,0.00594925,0.00594925,0.00594925
493,5510.22,1.85306,2.02682,1.57525,0.60073,0.48298,0.50819,0.27878,1.79736,1.85863,1.65372,0.005941,0.005941,0.005941
494,5521.31,1.81294,1.98916,1.56185,0.59653,0.47185,0.51033,0.27825,1.79927,1.86237,1.65788,0.00593275,0.00593275,0.00593275
495,5532.28,1.82612,1.98636,1.56452,0.61589,0.45106,0.5105,0.2778,1.81526,1.85673,1.66697,0.0059245,0.0059245,0.0059245
496,5543.35,1.83074,2.01998,1.57491,0.60777,0.44255,0.51194,0.28172,1.81023,1.84681,1.66007,0.00591625,0.00591625,0.00591625
497,5554.15,1.83552,2.01994,1.58271,0.58972,0.46383,0.51238,0.28113,1.81884,1.83929,1.65917,0.005908,0.005908,0.005908
498,5564.83,1.82733,1.97705,1.56296,0.55539,0.49574,0.51814,0.28446,1.80802,1.83346,1.65741,0.00589975,0.00589975,0.00589975
499,5576.04,1.81528,1.99403,1.57142,0.53995,0.49443,0.5162,0.28713,1.8152,1.8363,1.66165,0.0058915,0.0058915,0.0058915
500,5587.39,1.83803,2.00873,1.57305,0.56616,0.50213,0.52735,0.28877,1.81003,1.83518,1.65364,0.00588325,0.00588325,0.00588325
501,5598.6,1.8211,1.98916,1.5823,0.5554,0.52128,0.52623,0.28961,1.80628,1.82784,1.64858,0.005875,0.005875,0.005875
502,5609.75,1.82187,2.00627,1.55776,0.6195,0.46596,0.52816,0.29244,1.80552,1.82452,1.64232,0.00586675,0.00586675,0.00586675
503,5620.87,1.81992,1.96436,1.55819,0.62562,0.47447,0.52939,0.29296,1.80768,1.82299,1.64159,0.0058585,0.0058585,0.0058585
504,5632.16,1.82117,1.97279,1.5746,0.62453,0.47021,0.52897,0.29558,1.80666,1.83219,1.6377,0.00585025,0.00585025,0.00585025
505,5643.39,1.76711,1.97328,1.53588,0.60552,0.48298,0.52704,0.29435,1.80709,1.83597,1.62922,0.005842,0.005842,0.005842
506,5654.36,1.78967,1.96693,1.54696,0.63142,0.48843,0.54332,0.2991,1.7869,1.82486,1.61683,0.00583375,0.00583375,0.00583375
507,5665.75,1.7417,1.91278,1.52905,0.62734,0.5,0.54544,0.30178,1.78104,1.81732,1.61569,0.0058255,0.0058255,0.0058255
508,5677.14,1.82205,1.95486,1.55572,0.63073,0.50151,0.5497,0.30702,1.77304,1.79947,1.6136,0.00581725,0.00581725,0.00581725
509,5688.23,1.78205,1.92416,1.52526,0.62771,0.49362,0.54379,0.30346,1.76933,1.80093,1.61382,0.005809,0.005809,0.005809
510,5698.7,1.81529,2.00549,1.55815,0.62205,0.51489,0.54841,0.30674,1.76624,1.79829,1.60906,0.00580075,0.00580075,0.00580075
511,5709.52,1.80422,1.97808,1.54978,0.60232,0.52206,0.55042,0.30897,1.76051,1.79155,1.60549,0.0057925,0.0057925,0.0057925
512,5720.8,1.78513,1.9107,1.53667,0.57842,0.53404,0.55666,0.30851,1.75778,1.78782,1.6063,0.00578425,0.00578425,0.00578425
513,5732.02,1.77227,1.91013,1.53571,0.5941,0.51489,0.55547,0.31141,1.74649,1.77732,1.59819,0.005776,0.005776,0.005776
514,5743.34,1.77796,1.90647,1.5412,0.64757,0.50638,0.55894,0.30975,1.74677,1.77157,1.60336,0.00576775,0.00576775,0.00576775
515,5754.28,1.76742,1.90094,1.51879,0.60317,0.52128,0.55423,0.30856,1.74484,1.76067,1.60005,0.0057595,0.0057595,0.0057595
516,5765.28,1.79896,1.93779,1.53688,0.62539,0.50851,0.55599,0.30764,1.74425,1.74994,1.6016,0.00575125,0.00575125,0.00575125
517,5776.32,1.75238,1.93445,1.52553,0.62706,0.51702,0.56516,0.3141,1.73624,1.73096,1.59576,0.005743,0.005743,0.005743
518,5787.6,1.79315,1.92809,1.538,0.63345,0.51702,0.56704,0.31209,1.7425,1.74036,1.59188,0.00573475,0.00573475,0.00573475
519,5798.58,1.78107,1.93991,1.53947,0.62981,0.51915,0.56734,0.31322,1.75796,1.74403,1.59085,0.0057265,0.0057265,0.0057265
520,5809.52,1.77638,1.91913,1.52197,0.68855,0.48936,0.56561,0.31376,1.75926,1.74566,1.58807,0.00571825,0.00571825,0.00571825
521,5820.55,1.74817,1.87397,1.50051,0.688,0.48936,0.56531,0.3158,1.75096,1.73947,1.58561,0.00571,0.00571,0.00571
522,5831.85,1.7587,1.88587,1.51474,0.62603,0.51915,0.56285,0.31679,1.73684,1.73831,1.58763,0.00570175,0.00570175,0.00570175
523,5843.14,1.74885,1.84591,1.51154,0.63904,0.52979,0.56931,0.31888,1.73182,1.74442,1.58621,0.0056935,0.0056935,0.0056935
524,5854.47,1.76144,1.9094,1.5234,0.63459,0.52469,0.56463,0.31984,1.72334,1.7347,1.57873,0.00568525,0.00568525,0.00568525
525,5865.89,1.73552,1.88514,1.50318,0.6173,0.52553,0.56663,0.31855,1.71758,1.73466,1.57538,0.005677,0.005677,0.005677
526,5876.86,1.75917,1.87252,1.515,0.60753,0.53685,0.57388,0.32596,1.71414,1.71825,1.57561,0.00566875,0.00566875,0.00566875
527,5888.13,1.74626,1.89914,1.50806,0.65475,0.52553,0.58163,0.32637,1.71568,1.70332,1.5759,0.0056605,0.0056605,0.0056605
528,5899.43,1.7532,1.8686,1.51149,0.65151,0.54043,0.58433,0.32883,1.71228,1.70875,1.5735,0.00565225,0.00565225,0.00565225
529,5910.72,1.74351,1.84577,1.4986,0.63577,0.54255,0.58183,0.33142,1.69659,1.70319,1.56743,0.005644,0.005644,0.005644
530,5921.98,1.7502,1.90005,1.50808,0.6368,0.54468,0.58073,0.33023,1.6999,1.69932,1.56124,0.00563575,0.00563575,0.00563575
531,5933.04,1.74385,1.88091,1.51665,0.62894,0.55106,0.58621,0.33528,1.69591,1.68199,1.56191,0.0056275,0.0056275,0.0056275
532,5944.39,1.72312,1.83293,1.50197,0.63245,0.5766,0.58807,0.34103,1.69065,1.67442,1.56328,0.00561925,0.00561925,0.00561925
533,5955.62,1.7099,1.82678,1.49661,0.62385,0.56596,0.58768,0.33926,1.68199,1.66479,1.56093,0.005611,0.005611,0.005611
534,5966.59,1.73882,1.87841,1.51255,0.67115,0.54255,0.59197,0.34029,1.68063,1.65631,1.56081,0.00560275,0.00560275,0.00560275
535,5977.4,1.72881,1.83983,1.4957,0.67336,0.55957,0.60569,0.34549,1.67913,1.65218,1.55797,0.0055945,0.0055945,0.0055945
536,5988.67,1.71891,1.83722,1.49406,0.68985,0.56596,0.60967,0.34833,1.67975,1.64564,1.56247,0.00558625,0.00558625,0.00558625
537,6000.15,1.69911,1.79847,1.48912,0.67806,0.56015,0.61338,0.35491,1.67172,1.63052,1.56168,0.005578,0.005578,0.005578
538,6011.54,1.69307,1.76149,1.48311,0.68621,0.57234,0.61731,0.3576,1.67172,1.6279,1.55909,0.00556975,0.00556975,0.00556975
539,6022.94,1.71858,1.81566,1.47611,0.69808,0.56809,0.62219,0.36114,1.66641,1.62434,1.55676,0.0055615,0.0055615,0.0055615
540,6034.19,1.71981,1.82726,1.47768,0.67514,0.56383,0.61741,0.36096,1.66413,1.62067,1.55294,0.00555325,0.00555325,0.00555325
541,6045.29,1.71555,1.8465,1.4992,0.65647,0.57872,0.6156,0.36202,1.66516,1.61649,1.54851,0.005545,0.005545,0.005545
542,6056.68,1.70928,1.81156,1.48807,0.6942,0.5383,0.6142,0.35936,1.66011,1.6271,1.54542,0.00553675,0.00553675,0.00553675
543,6067.64,1.686,1.77488,1.48076,0.70614,0.5383,0.61381,0.35986,1.64807,1.6241,1.53893,0.0055285,0.0055285,0.0055285
544,6078.7,1.69286,1.78108,1.4734,0.69211,0.57021,0.61676,0.36139,1.64106,1.61447,1.53194,0.00552025,0.00552025,0.00552025
545,6089.73,1.72929,1.8076,1.49938,0.69529,0.56383,0.6213,0.36414,1.63543,1.6038,1.52752,0.005512,0.005512,0.005512
546,6101.04,1.7086,1.80212,1.48359,0.69712,0.56809,0.62632,0.3692,1.62772,1.59016,1.51886,0.00550375,0.00550375,0.00550375
547,6112.28,1.69554,1.78188,1.47304,0.7053,0.58049,0.63396,0.37402,1.62154,1.59099,1.51659,0.0054955,0.0054955,0.0054955
548,6123.6,1.67809,1.76822,1.46439,0.69301,0.58597,0.63864,0.37596,1.61879,1.59367,1.51767,0.00548725,0.00548725,0.00548725
549,6134.96,1.7163,1.77546,1.47572,0.7063,0.57819,0.63395,0.37412,1.62798,1.60381,1.52245,0.005479,0.005479,0.005479
550,6146.06,1.72987,1.8191,1.48955,0.72662,0.57872,0.63883,0.37612,1.6245,1.59771,1.5214,0.00547075,0.00547075,0.00547075
551,6157.41,1.69698,1.76882,1.47301,0.7087,0.58723,0.64093,0.37833,1.62588,1.59145,1.52197,0.0054625,0.0054625,0.0054625
552,6168.81,1.69777,1.80179,1.47679,0.6924,0.58298,0.63653,0.37759,1.61745,1.58553,1.52081,0.00545425,0.00545425,0.00545425
553,6180.07,1.70586,1.79367,1.46622,0.70325,0.57984,0.6443,0.37711,1.61451,1.58682,1.52132,0.005446,0.005446,0.005446
554,6191.07,1.6914,1.78196,1.47954,0.67876,0.61277,0.64126,0.3793,1.61975,1.57975,1.52068,0.00543775,0.00543775,0.00543775
555,6202.41,1.68449,1.74848,1.4671,0.69403,0.57872,0.64253,0.37985,1.60588,1.56474,1.5124,0.0054295,0.0054295,0.0054295
556,6213.62,1.66331,1.76418,1.4628,0.71793,0.5766,0.64456,0.38376,1.6007,1.56296,1.51239,0.00542125,0.00542125,0.00542125
557,6224.93,1.69209,1.74802,1.46137,0.70294,0.58298,0.64904,0.38843,1.60234,1.56271,1.50928,0.005413,0.005413,0.005413
558,6236.22,1.6662,1.7208,1.46395,0.69842,0.58143,0.64811,0.39069,1.59356,1.55315,1.50296,0.00540475,0.00540475,0.00540475
559,6247.57,1.69559,1.77908,1.47777,0.73517,0.57882,0.65036,0.39071,1.59222,1.54501,1.50096,0.0053965,0.0053965,0.0053965
560,6258.84,1.65551,1.72673,1.45206,0.75478,0.58939,0.65535,0.39483,1.59306,1.52925,1.49464,0.00538825,0.00538825,0.00538825
561,6270.08,1.65429,1.74361,1.4602,0.74907,0.58936,0.66065,0.39761,1.59165,1.52152,1.49228,0.00538,0.00538,0.00538
562,6281.29,1.64843,1.72418,1.45933,0.73893,0.58298,0.66005,0.40034,1.59068,1.52407,1.49036,0.00537175,0.00537175,0.00537175
563,6292.58,1.6775,1.75502,1.4625,0.72605,0.60851,0.66879,0.40175,1.58689,1.52505,1.48681,0.0053635,0.0053635,0.0053635
564,6303.89,1.6525,1.73533,1.4481,0.73162,0.59574,0.66667,0.39609,1.58584,1.52244,1.48296,0.00535525,0.00535525,0.00535525
565,6314.98,1.64208,1.72229,1.42915,0.72877,0.59787,0.66788,0.39722,1.58158,1.50952,1.48034,0.005347,0.005347,0.005347
566,6325.92,1.64143,1.72066,1.43004,0.70949,0.61915,0.66879,0.39826,1.57789,1.49631,1.4781,0.00533875,0.00533875,0.00533875
567,6336.99,1.65111,1.69089,1.44305,0.72722,0.62395,0.67801,0.40099,1.57537,1.49261,1.47464,0.0053305,0.0053305,0.0053305
568,6348.38,1.67907,1.73209,1.44836,0.73024,0.62778,0.67325,0.39904,1.57276,1.48951,1.4746,0.00532225,0.00532225,0.00532225
569,6359.38,1.65278,1.70645,1.43944,0.71536,0.6234,0.66803,0.39626,1.57725,1.48958,1.47809,0.005314,0.005314,0.005314
570,6370.44,1.62548,1.67699,1.42631,0.71149,0.61391,0.66843,0.39432,1.57614,1.49361,1.47656,0.00530575,0.00530575,0.00530575
571,6381.38,1.63641,1.71174,1.43902,0.73662,0.61291,0.67499,0.39753,1.57873,1.49414,1.47608,0.0052975,0.0052975,0.0052975
572,6392.5,1.63646,1.68287,1.43903,0.71421,0.62766,0.67502,0.40068,1.57759,1.48954,1.47326,0.00528925,0.00528925,0.00528925
573,6403.68,1.64081,1.71304,1.43215,0.71852,0.63404,0.67506,0.40465,1.57181,1.48213,1.46903,0.005281,0.005281,0.005281
574,6415.07,1.63616,1.70995,1.44262,0.7333,0.61915,0.68055,0.40648,1.57254,1.47124,1.46501,0.00527275,0.00527275,0.00527275
575,6426.35,1.66447,1.70147,1.44233,0.7377,0.61915,0.67461,0.40588,1.57371,1.47135,1.46714,0.0052645,0.0052645,0.0052645
576,6437.36,1.61778,1.69241,1.42845,0.73617,0.62931,0.67918,0.40863,1.57036,1.47517,1.46612,0.00525625,0.00525625,0.00525625
577,6448.7,1.63165,1.71766,1.44156,0.71487,0.63191,0.67825,0.41019,1.56478,1.4717,1.46047,0.005248,0.005248,0.005248
578,6459.98,1.60675,1.65891,1.42032,0.71464,0.64043,0.67843,0.40974,1.56059,1.46819,1.45786,0.00523975,0.00523975,0.00523975
579,6471.05,1.64275,1.69975,1.44076,0.73644,0.63611,0.6833,0.41336,1.55253,1.47294,1.45681,0.0052315,0.0052315,0.0052315
580,6482.29,1.66006,1.71082,1.44026,0.72106,0.638,0.68491,0.41546,1.5503,1.4698,1.45572,0.00522325,0.00522325,0.00522325
581,6493.47,1.64809,1.68417,1.42482,0.71425,0.64255,0.6865,0.41797,1.54824,1.46299,1.45521,0.005215,0.005215,0.005215
582,6504.76,1.60273,1.65734,1.42295,0.71705,0.64255,0.68189,0.41449,1.5528,1.46528,1.45544,0.00520675,0.00520675,0.00520675
583,6515.9,1.62601,1.68833,1.43362,0.73509,0.64681,0.6865,0.41362,1.5491,1.46166,1.45303,0.0051985,0.0051985,0.0051985
584,6526.99,1.63312,1.68361,1.42564,0.72164,0.64043,0.69134,0.41873,1.54175,1.44364,1.44931,0.00519025,0.00519025,0.00519025
585,6538.38,1.61352,1.6829,1.41709,0.71569,0.6383,0.69204,0.41856,1.54378,1.43581,1.4485,0.005182,0.005182,0.005182
586,6549.37,1.62897,1.66693,1.42033,0.735,0.61963,0.69443,0.42079,1.53661,1.439,1.44679,0.00517375,0.00517375,0.00517375
587,6560.7,1.59544,1.64581,1.40612,0.70388,0.64737,0.69524,0.42025,1.52985,1.44649,1.44518,0.0051655,0.0051655,0.0051655
588,6571.75,1.59756,1.62944,1.4095,0.70108,0.64255,0.69809,0.4242,1.5284,1.44034,1.44234,0.00515725,0.00515725,0.00515725
589,6582.99,1.61092,1.62887,1.41347,0.71865,0.64894,0.7031,0.42482,1.52534,1.42825,1.4435,0.005149,0.005149,0.005149
590,6594.17,1.57266,1.61059,1.40596,0.71897,0.65319,0.70652,0.42588,1.52067,1.42095,1.44322,0.00514075,0.00514075,0.00514075
591,6605.41,1.63793,1.65992,1.40409,0.72622,0.64468,0.70235,0.42657,1.51819,1.41609,1.44407,0.0051325,0.0051325,0.0051325
592,6616.74,1.58129,1.59681,1.4028,0.72932,0.64781,0.70203,0.4264,1.51676,1.41605,1.44241,0.00512425,0.00512425,0.00512425
593,6627.71,1.55736,1.58331,1.38215,0.71796,0.65745,0.70381,0.42756,1.51458,1.40894,1.43992,0.005116,0.005116,0.005116
594,6638.8,1.54939,1.59675,1.3893,0.73905,0.6508,0.70477,0.42665,1.50877,1.41028,1.43711,0.00510775,0.00510775,0.00510775
595,6649.56,1.57597,1.63373,1.40445,0.75005,0.64486,0.70719,0.42919,1.50243,1.40813,1.43554,0.0050995,0.0050995,0.0050995
596,6660.8,1.57959,1.60678,1.3929,0.74127,0.65834,0.70686,0.42945,1.50058,1.40494,1.43424,0.00509125,0.00509125,0.00509125
597,6672.03,1.56603,1.61312,1.40323,0.7458,0.64894,0.7094,0.43375,1.49504,1.39892,1.43347,0.005083,0.005083,0.005083
598,6683.44,1.56007,1.59983,1.39858,0.73195,0.64043,0.71074,0.43719,1.4917,1.39329,1.4316,0.00507475,0.00507475,0.00507475
599,6694.88,1.59304,1.62919,1.40023,0.75772,0.63215,0.71026,0.43727,1.49283,1.39035,1.43491,0.0050665,0.0050665,0.0050665
600,6706.29,1.59565,1.6361,1.41489,0.72961,0.64875,0.71024,0.43776,1.49144,1.38775,1.4311,0.00505825,0.00505825,0.00505825
601,6717.68,1.53825,1.54662,1.3747,0.72901,0.65106,0.70825,0.4388,1.48747,1.38417,1.42615,0.00505,0.00505,0.00505
602,6728.98,1.58394,1.60064,1.40808,0.73129,0.65745,0.70702,0.43772,1.48244,1.38554,1.42387,0.00504175,0.00504175,0.00504175
603,6739.95,1.59025,1.61854,1.40518,0.76806,0.63617,0.71604,0.44231,1.47643,1.38665,1.42272,0.0050335,0.0050335,0.0050335
604,6751.29,1.55509,1.57974,1.39344,0.7608,0.64965,0.71363,0.44424,1.47041,1.3818,1.41932,0.00502525,0.00502525,0.00502525
605,6762.51,1.5835,1.62571,1.40096,0.76125,0.65745,0.71462,0.44557,1.47068,1.3774,1.41685,0.005017,0.005017,0.005017
606,6773.78,1.54991,1.55036,1.39042,0.76451,0.65319,0.71339,0.44555,1.4758,1.37498,1.41542,0.00500875,0.00500875,0.00500875
607,6784.72,1.59211,1.60931,1.40043,0.79129,0.63726,0.71625,0.44252,1.4795,1.38014,1.41496,0.0050005,0.0050005,0.0050005
608,6795.67,1.55485,1.56952,1.38942,0.80314,0.62497,0.72136,0.44369,1.47463,1.37601,1.41226,0.00499225,0.00499225,0.00499225
609,6806.58,1.54542,1.56296,1.37171,0.79471,0.64681,0.72186,0.44297,1.47166,1.36868,1.41102,0.004984,0.004984,0.004984
610,6817.5,1.5887,1.59673,1.39574,0.76749,0.65957,0.72192,0.44491,1.46571,1.36793,1.4099,0.00497575,0.00497575,0.00497575
611,6828.59,1.54705,1.55278,1.37248,0.81094,0.62971,0.72152,0.44652,1.46188,1.37189,1.40751,0.0049675,0.0049675,0.0049675
612,6839.72,1.56158,1.56431,1.38724,0.83647,0.61702,0.721,0.44729,1.45683,1.36738,1.40521,0.00495925,0.00495925,0.00495925
613,6851,1.54734,1.57413,1.38375,0.83451,0.63302,0.72373,0.45049,1.44846,1.35811,1.40015,0.004951,0.004951,0.004951
614,6862.41,1.55615,1.57492,1.37614,0.82299,0.64255,0.72664,0.45559,1.43958,1.34831,1.3948,0.00494275,0.00494275,0.00494275
615,6873.76,1.55358,1.56461,1.38175,0.81689,0.64545,0.731,0.45781,1.44355,1.34667,1.39707,0.0049345,0.0049345,0.0049345
616,6885.02,1.56249,1.56707,1.39931,0.81683,0.64894,0.73536,0.46015,1.44257,1.34489,1.39435,0.00492625,0.00492625,0.00492625
617,6896.25,1.5374,1.56712,1.36891,0.81778,0.64894,0.73746,0.46092,1.43626,1.33905,1.3908,0.004918,0.004918,0.004918
618,6907.54,1.53326,1.55798,1.37749,0.79869,0.65844,0.73339,0.46201,1.43542,1.33592,1.3885,0.00490975,0.00490975,0.00490975
619,6918.84,1.54489,1.53555,1.38456,0.81066,0.65591,0.73702,0.46385,1.4354,1.3399,1.38851,0.0049015,0.0049015,0.0049015
620,6930.17,1.52033,1.51816,1.37543,0.7964,0.6617,0.73913,0.46906,1.43652,1.33731,1.38884,0.00489325,0.00489325,0.00489325
621,6941.43,1.53259,1.52065,1.36613,0.80953,0.65957,0.73393,0.46624,1.43448,1.33347,1.38701,0.004885,0.004885,0.004885
622,6952.21,1.51878,1.53143,1.35122,0.82164,0.64691,0.7366,0.46558,1.43137,1.32844,1.38634,0.00487675,0.00487675,0.00487675
623,6963.22,1.52565,1.5365,1.36471,0.84131,0.64043,0.73865,0.46963,1.426,1.32787,1.38498,0.0048685,0.0048685,0.0048685
624,6974.47,1.55784,1.55101,1.37693,0.81868,0.65327,0.73915,0.47221,1.42296,1.32394,1.38312,0.00486025,0.00486025,0.00486025
625,6985.74,1.53913,1.53229,1.37147,0.82263,0.6617,0.74175,0.47548,1.41675,1.32166,1.38078,0.004852,0.004852,0.004852
626,6996.95,1.54993,1.53005,1.3744,0.82096,0.67234,0.7438,0.47719,1.41121,1.31811,1.37804,0.00484375,0.00484375,0.00484375
627,7008.13,1.52924,1.54781,1.364,0.82871,0.66809,0.7457,0.47841,1.4056,1.31352,1.37452,0.0048355,0.0048355,0.0048355
628,7019.37,1.48068,1.48138,1.3326,0.83334,0.65957,0.74737,0.48076,1.40325,1.31044,1.37435,0.00482725,0.00482725,0.00482725
629,7030.76,1.52892,1.51986,1.35941,0.84698,0.65745,0.74978,0.48181,1.40219,1.3067,1.37208,0.004819,0.004819,0.004819
630,7042.12,1.51097,1.50626,1.36071,0.8305,0.65957,0.74794,0.48214,1.40083,1.30154,1.37023,0.00481075,0.00481075,0.00481075
631,7053.54,1.54038,1.52273,1.37373,0.83348,0.65745,0.75045,0.48156,1.39926,1.30285,1.37002,0.0048025,0.0048025,0.0048025
632,7064.59,1.52408,1.50277,1.36813,0.83094,0.65957,0.75221,0.48334,1.39937,1.30179,1.36934,0.00479425,0.00479425,0.00479425
633,7075.52,1.46523,1.45135,1.32755,0.81658,0.65957,0.75227,0.48228,1.39574,1.29848,1.36552,0.004786,0.004786,0.004786
634,7086.55,1.55036,1.53753,1.37402,0.80592,0.65745,0.75273,0.48692,1.3956,1.29945,1.36429,0.00477775,0.00477775,0.00477775
635,7097.84,1.50735,1.48686,1.34789,0.82285,0.66216,0.75169,0.48511,1.39603,1.29924,1.36251,0.0047695,0.0047695,0.0047695
636,7108.78,1.50849,1.4783,1.34449,0.83504,0.66383,0.75478,0.48742,1.39854,1.29896,1.36398,0.00476125,0.00476125,0.00476125
637,7120.25,1.48454,1.47294,1.34508,0.83821,0.6614,0.75393,0.48733,1.39916,1.29808,1.36337,0.004753,0.004753,0.004753
638,7131.38,1.52179,1.49074,1.35696,0.83802,0.66383,0.75837,0.48696,1.39951,1.29699,1.36408,0.00474475,0.00474475,0.00474475
639,7142.58,1.51695,1.52238,1.35342,0.83448,0.66505,0.76148,0.48494,1.3948,1.29487,1.36472,0.0047365,0.0047365,0.0047365
640,7153.73,1.4889,1.45634,1.33755,0.8297,0.67377,0.76085,0.48685,1.38622,1.2882,1.3623,0.00472825,0.00472825,0.00472825
641,7165.03,1.49106,1.48169,1.33788,0.81659,0.67258,0.76108,0.48979,1.38527,1.28624,1.36029,0.00472,0.00472,0.00472
642,7176.41,1.48656,1.48715,1.34216,0.82705,0.66809,0.7624,0.49264,1.38481,1.28212,1.35963,0.00471175,0.00471175,0.00471175
643,7187.68,1.48128,1.46928,1.34707,0.83139,0.67234,0.76432,0.49489,1.3808,1.27898,1.35888,0.0047035,0.0047035,0.0047035
644,7198.94,1.51063,1.48762,1.34975,0.8282,0.67695,0.76443,0.4945,1.3749,1.27907,1.35767,0.00469525,0.00469525,0.00469525
645,7210.02,1.48617,1.45356,1.34676,0.8283,0.66718,0.76136,0.49292,1.37261,1.27684,1.35636,0.004687,0.004687,0.004687
646,7221.14,1.5191,1.51339,1.3588,0.82703,0.67142,0.76196,0.49551,1.36863,1.27014,1.35222,0.00467875,0.00467875,0.00467875
647,7232.48,1.50541,1.48898,1.34714,0.85167,0.67234,0.76039,0.49448,1.36733,1.26606,1.3504,0.0046705,0.0046705,0.0046705
648,7243.52,1.4882,1.49093,1.34394,0.85076,0.66809,0.76197,0.49482,1.36389,1.26248,1.34886,0.00466225,0.00466225,0.00466225
649,7254.52,1.4694,1.44623,1.3342,0.83403,0.67357,0.76137,0.49726,1.36273,1.2569,1.34589,0.004654,0.004654,0.004654
650,7265.77,1.50233,1.47072,1.33439,0.84004,0.67043,0.76485,0.49692,1.35984,1.25261,1.34332,0.00464575,0.00464575,0.00464575
651,7277.06,1.4417,1.41606,1.31854,0.82157,0.68577,0.76511,0.49927,1.3619,1.25158,1.34334,0.0046375,0.0046375,0.0046375
652,7288.43,1.48087,1.45367,1.32487,0.8295,0.6766,0.7649,0.49704,1.3637,1.25384,1.3427,0.00462925,0.00462925,0.00462925
653,7299.43,1.48117,1.49559,1.34266,0.84723,0.66079,0.76493,0.49792,1.36174,1.25405,1.34358,0.004621,0.004621,0.004621
654,7310.45,1.50583,1.50464,1.35271,0.85655,0.67234,0.76848,0.4982,1.361,1.25412,1.34424,0.00461275,0.00461275,0.00461275
655,7321.48,1.48306,1.46145,1.34375,0.85456,0.68085,0.76748,0.49978,1.35686,1.25237,1.34471,0.0046045,0.0046045,0.0046045
656,7332.77,1.47967,1.45221,1.33809,0.85053,0.68085,0.76809,0.50018,1.35318,1.25057,1.34415,0.00459625,0.00459625,0.00459625
657,7344.05,1.45822,1.43998,1.31915,0.86725,0.67447,0.76968,0.50005,1.35184,1.25324,1.34262,0.004588,0.004588,0.004588
658,7355.22,1.4629,1.42695,1.33472,0.8698,0.66805,0.76942,0.49914,1.35021,1.25168,1.34149,0.00457975,0.00457975,0.00457975
659,7366.18,1.47721,1.45075,1.32583,0.85733,0.67764,0.76878,0.49993,1.34637,1.25238,1.34062,0.0045715,0.0045715,0.0045715
660,7377.32,1.46349,1.42555,1.32331,0.86048,0.68235,0.77056,0.50114,1.34114,1.25087,1.33815,0.00456325,0.00456325,0.00456325
661,7388.71,1.44861,1.41535,1.31607,0.86663,0.67746,0.77358,0.5042,1.33985,1.24687,1.33671,0.004555,0.004555,0.004555
662,7400.07,1.46738,1.41953,1.32668,0.84883,0.68085,0.77383,0.50704,1.34054,1.2421,1.33306,0.00454675,0.00454675,0.00454675
663,7411.35,1.48171,1.43345,1.33075,0.8659,0.67319,0.77282,0.50542,1.34021,1.23767,1.32952,0.0045385,0.0045385,0.0045385
664,7422.33,1.45422,1.41857,1.32294,0.88317,0.67447,0.77612,0.50968,1.33775,1.23349,1.32644,0.00453025,0.00453025,0.00453025
665,7433.68,1.4504,1.42286,1.32341,0.88591,0.67735,0.77806,0.50818,1.33172,1.22736,1.32401,0.004522,0.004522,0.004522
666,7444.45,1.45397,1.42886,1.31789,0.88851,0.67447,0.77875,0.51009,1.32898,1.22892,1.32226,0.00451375,0.00451375,0.00451375
667,7455.84,1.45225,1.40714,1.31223,0.88662,0.67447,0.77989,0.51016,1.32509,1.22399,1.32146,0.0045055,0.0045055,0.0045055
668,7467.22,1.47892,1.43934,1.33827,0.87944,0.66809,0.78025,0.51092,1.3263,1.22785,1.3234,0.00449725,0.00449725,0.00449725
669,7478.66,1.45726,1.41979,1.31836,0.86686,0.6788,0.78212,0.51379,1.3249,1.22515,1.32226,0.004489,0.004489,0.004489
670,7490.04,1.46713,1.45455,1.32374,0.8662,0.67234,0.78193,0.51674,1.31676,1.22363,1.32003,0.00448075,0.00448075,0.00448075
671,7501.31,1.48175,1.45959,1.31792,0.86558,0.67135,0.78325,0.51858,1.31118,1.2196,1.31634,0.0044725,0.0044725,0.0044725
672,7512.58,1.46376,1.41555,1.32203,0.85401,0.6766,0.78365,0.51826,1.31024,1.21722,1.31335,0.00446425,0.00446425,0.00446425
673,7523.6,1.4406,1.4119,1.30702,0.84331,0.68936,0.78295,0.52055,1.30825,1.21465,1.3121,0.004456,0.004456,0.004456
674,7535.02,1.44715,1.3951,1.3066,0.85499,0.67021,0.78424,0.52182,1.30639,1.21872,1.31112,0.00444775,0.00444775,0.00444775
675,7546.4,1.4305,1.38493,1.31183,0.87508,0.6617,0.78552,0.52337,1.30397,1.21506,1.30925,0.0044395,0.0044395,0.0044395
676,7557.8,1.45862,1.414,1.31703,0.87804,0.65319,0.7874,0.52569,1.30548,1.20911,1.30787,0.00443125,0.00443125,0.00443125
677,7569.22,1.42368,1.37691,1.30209,0.8806,0.65904,0.78649,0.52597,1.30543,1.20631,1.30707,0.004423,0.004423,0.004423
678,7580.53,1.43148,1.39852,1.31168,0.82805,0.70213,0.78648,0.52904,1.30177,1.20513,1.3063,0.00441475,0.00441475,0.00441475
679,7591.83,1.43597,1.40836,1.30429,0.83572,0.70356,0.78758,0.53002,1.29863,1.20182,1.30558,0.0044065,0.0044065,0.0044065
680,7603.18,1.45167,1.40626,1.31041,0.84235,0.70213,0.78663,0.52862,1.2961,1.20194,1.30429,0.00439825,0.00439825,0.00439825
681,7614.26,1.44431,1.40789,1.3012,0.84267,0.70656,0.7885,0.52872,1.29304,1.19817,1.30372,0.00439,0.00439,0.00439
682,7625.32,1.44206,1.38993,1.31093,0.84868,0.70638,0.78891,0.52761,1.2887,1.19312,1.30165,0.00438175,0.00438175,0.00438175
683,7636.35,1.45704,1.42958,1.30902,0.8547,0.70086,0.78978,0.52904,1.28831,1.18983,1.30099,0.0043735,0.0043735,0.0043735
684,7647.33,1.43907,1.40382,1.2972,0.85554,0.7,0.79013,0.53257,1.28679,1.18645,1.29928,0.00436525,0.00436525,0.00436525
685,7658.61,1.40957,1.38867,1.29508,0.86026,0.69419,0.78958,0.52817,1.28724,1.18248,1.29937,0.004357,0.004357,0.004357
686,7669.68,1.41832,1.37049,1.29547,0.86497,0.69507,0.79157,0.53008,1.28322,1.17891,1.29803,0.00434875,0.00434875,0.00434875
687,7680.75,1.43618,1.37655,1.29783,0.85241,0.7,0.79234,0.53274,1.28062,1.1793,1.29653,0.0043405,0.0043405,0.0043405
688,7692.02,1.42389,1.37376,1.29627,0.84668,0.70213,0.79258,0.53309,1.28139,1.1878,1.29611,0.00433225,0.00433225,0.00433225
689,7703.32,1.41627,1.36445,1.30027,0.86708,0.68936,0.7929,0.53299,1.28103,1.18284,1.29611,0.004324,0.004324,0.004324
690,7714.42,1.42353,1.40566,1.30471,0.86451,0.67879,0.79299,0.53309,1.28031,1.18222,1.29624,0.00431575,0.00431575,0.00431575
691,7725.83,1.39999,1.35649,1.28786,0.86538,0.68511,0.79329,0.53293,1.28035,1.18389,1.29623,0.0043075,0.0043075,0.0043075
692,7736.83,1.436,1.38286,1.3072,0.8535,0.68178,0.794,0.53382,1.28235,1.18243,1.29831,0.00429925,0.00429925,0.00429925
693,7748.1,1.41418,1.37084,1.29239,0.86419,0.68936,0.79641,0.53393,1.28266,1.18181,1.29973,0.004291,0.004291,0.004291
694,7759.33,1.37448,1.33408,1.27609,0.89709,0.66809,0.79699,0.53509,1.28077,1.18124,1.29916,0.00428275,0.00428275,0.00428275
695,7770.31,1.41118,1.35432,1.2876,0.83855,0.70638,0.79786,0.53857,1.27812,1.18195,1.29846,0.0042745,0.0042745,0.0042745
696,7781.55,1.41501,1.36115,1.30194,0.87407,0.69409,0.80024,0.53887,1.2762,1.179,1.29821,0.00426625,0.00426625,0.00426625
697,7792.83,1.43454,1.39801,1.30071,0.87144,0.69362,0.79998,0.54064,1.27417,1.17552,1.2979,0.004258,0.004258,0.004258
698,7804.09,1.42953,1.37834,1.30104,0.88003,0.68511,0.79708,0.54074,1.27501,1.17346,1.29849,0.00424975,0.00424975,0.00424975
699,7815.12,1.39012,1.33295,1.28516,0.90177,0.68085,0.80128,0.53938,1.27601,1.17277,1.29915,0.0042415,0.0042415,0.0042415
700,7826.12,1.39,1.31835,1.27939,0.89694,0.68723,0.80151,0.53834,1.2777,1.16976,1.29967,0.00423325,0.00423325,0.00423325
701,7837.34,1.40469,1.3258,1.28755,0.91195,0.68511,0.80382,0.5411,1.27896,1.16737,1.30104,0.004225,0.004225,0.004225
702,7848.64,1.3872,1.33638,1.28627,0.90225,0.68723,0.80384,0.54073,1.27783,1.16454,1.30134,0.00421675,0.00421675,0.00421675
703,7859.61,1.39102,1.33073,1.27262,0.89725,0.69362,0.80422,0.54112,1.27767,1.15814,1.30223,0.0042085,0.0042085,0.0042085
704,7870.97,1.38608,1.32888,1.27315,0.88622,0.69604,0.80396,0.5434,1.27416,1.15471,1.30066,0.00420025,0.00420025,0.00420025
705,7882.37,1.3959,1.33682,1.27611,0.88656,0.69149,0.80102,0.54426,1.26969,1.15149,1.29771,0.004192,0.004192,0.004192
706,7893.63,1.39487,1.35226,1.27705,0.8856,0.69175,0.80318,0.54602,1.2673,1.14541,1.29509,0.00418375,0.00418375,0.00418375
707,7904.97,1.38525,1.34175,1.28794,0.88448,0.68936,0.80406,0.54568,1.26287,1.14094,1.29547,0.0041755,0.0041755,0.0041755
708,7916.11,1.41077,1.3684,1.29749,0.8794,0.68266,0.80405,0.54464,1.25893,1.13916,1.29387,0.00416725,0.00416725,0.00416725
709,7927.16,1.38923,1.31387,1.28269,0.88137,0.68085,0.80324,0.54274,1.25917,1.14102,1.29438,0.004159,0.004159,0.004159
710,7938.24,1.41296,1.37121,1.28589,0.88469,0.67872,0.80381,0.54457,1.25927,1.14111,1.29318,0.00415075,0.00415075,0.00415075
711,7949.31,1.38928,1.32314,1.28474,0.88425,0.68267,0.80489,0.54607,1.25807,1.13989,1.2931,0.0041425,0.0041425,0.0041425
712,7960.62,1.37166,1.29765,1.27161,0.87898,0.69787,0.80745,0.54776,1.25601,1.13915,1.29188,0.00413425,0.00413425,0.00413425
713,7971.81,1.40032,1.35022,1.28741,0.86363,0.70638,0.80812,0.55001,1.25608,1.1381,1.29099,0.004126,0.004126,0.004126
714,7983.05,1.36871,1.3301,1.27226,0.8745,0.70426,0.80838,0.55076,1.25702,1.13838,1.29094,0.00411775,0.00411775,0.00411775
715,7994.44,1.37221,1.32773,1.27017,0.84945,0.71064,0.80681,0.55118,1.25818,1.13933,1.29118,0.0041095,0.0041095,0.0041095
716,8005.76,1.37043,1.31155,1.27356,0.8544,0.71164,0.80784,0.55287,1.25648,1.13869,1.28985,0.00410125,0.00410125,0.00410125
717,8017.09,1.37362,1.32581,1.2863,0.85286,0.70638,0.8091,0.55286,1.25624,1.13726,1.29052,0.004093,0.004093,0.004093
718,8028.32,1.36164,1.3061,1.25951,0.86739,0.70213,0.80964,0.5522,1.25593,1.13604,1.29088,0.00408475,0.00408475,0.00408475
719,8039.39,1.3812,1.31844,1.26832,0.87405,0.70426,0.81161,0.55319,1.25542,1.13144,1.28937,0.0040765,0.0040765,0.0040765
720,8050.7,1.37234,1.3076,1.27152,0.87519,0.70119,0.81254,0.55415,1.25345,1.12735,1.28806,0.00406825,0.00406825,0.00406825
721,8062.07,1.38434,1.3107,1.26368,0.85533,0.71277,0.81182,0.55397,1.25315,1.12434,1.28782,0.00406,0.00406,0.00406
722,8073.09,1.35308,1.2921,1.2539,0.85599,0.70823,0.81156,0.5538,1.25138,1.1203,1.28663,0.00405175,0.00405175,0.00405175
723,8083.62,1.37355,1.27649,1.27153,0.86987,0.6969,0.81356,0.55506,1.24926,1.11685,1.28373,0.0040435,0.0040435,0.0040435
724,8094.36,1.38706,1.28971,1.26623,0.86344,0.69957,0.81302,0.5547,1.2474,1.11555,1.28217,0.00403525,0.00403525,0.00403525
725,8105.48,1.35058,1.29688,1.25497,0.86107,0.69889,0.81305,0.5557,1.24614,1.11608,1.28035,0.004027,0.004027,0.004027
726,8116.78,1.37842,1.3066,1.27008,0.85043,0.70164,0.81301,0.55764,1.24205,1.11526,1.27766,0.00401875,0.00401875,0.00401875
727,8128.09,1.35707,1.30554,1.25918,0.86268,0.7,0.81434,0.55886,1.23826,1.1134,1.27532,0.0040105,0.0040105,0.0040105
728,8139.41,1.36788,1.29175,1.26376,0.86381,0.70173,0.81575,0.5591,1.23552,1.11238,1.27315,0.00400225,0.00400225,0.00400225
729,8150.7,1.35606,1.30875,1.25821,0.86547,0.70213,0.81492,0.5607,1.23432,1.11206,1.27237,0.003994,0.003994,0.003994
730,8162,1.35104,1.27678,1.25463,0.8682,0.69574,0.81513,0.56341,1.23215,1.11192,1.26961,0.00398575,0.00398575,0.00398575
731,8173.36,1.3643,1.31045,1.25852,0.87663,0.69543,0.81668,0.5645,1.22988,1.11274,1.26703,0.0039775,0.0039775,0.0039775
732,8184.69,1.34846,1.27159,1.25807,0.87724,0.69937,0.81732,0.56551,1.22812,1.11467,1.26517,0.00396925,0.00396925,0.00396925
733,8195.94,1.34943,1.29018,1.25413,0.88208,0.70213,0.821,0.56562,1.2269,1.11341,1.26471,0.003961,0.003961,0.003961
734,8207.22,1.3569,1.26255,1.25503,0.88378,0.7,0.82142,0.56737,1.22348,1.11215,1.26358,0.00395275,0.00395275,0.00395275
735,8218.57,1.34324,1.27931,1.24894,0.87871,0.71064,0.82183,0.56854,1.22075,1.11016,1.26255,0.0039445,0.0039445,0.0039445
736,8229.9,1.3295,1.25401,1.23826,0.88133,0.70426,0.82211,0.56858,1.21969,1.10603,1.26169,0.00393625,0.00393625,0.00393625
737,8241.22,1.34448,1.24735,1.2471,0.90685,0.68352,0.82231,0.56872,1.21804,1.10053,1.26125,0.003928,0.003928,0.003928
738,8252.47,1.34056,1.25893,1.24257,0.90557,0.68511,0.82238,0.57172,1.21495,1.09586,1.25945,0.00391975,0.00391975,0.00391975
739,8263.54,1.33005,1.24805,1.24159,0.91683,0.68511,0.82554,0.57464,1.21334,1.09468,1.25857,0.0039115,0.0039115,0.0039115
740,8274.94,1.3561,1.26706,1.25881,0.91325,0.68511,0.82598,0.57572,1.21196,1.09346,1.25829,0.00390325,0.00390325,0.00390325
741,8286.25,1.35002,1.27021,1.25505,0.92101,0.68511,0.82576,0.57494,1.20961,1.09201,1.25787,0.003895,0.003895,0.003895
742,8297.27,1.34018,1.26109,1.25988,0.88794,0.70808,0.82617,0.57483,1.20705,1.091,1.25721,0.00388675,0.00388675,0.00388675
743,8308.23,1.34927,1.2757,1.25629,0.92084,0.69303,0.82588,0.57599,1.20569,1.08771,1.25653,0.0038785,0.0038785,0.0038785
744,8319.49,1.32887,1.25358,1.24535,0.90595,0.70213,0.8271,0.57384,1.20779,1.08489,1.25654,0.00387025,0.00387025,0.00387025
745,8330.52,1.34044,1.2633,1.24206,0.92178,0.69149,0.82599,0.57445,1.2093,1.08326,1.25551,0.003862,0.003862,0.003862
746,8341.48,1.35498,1.27133,1.25916,0.9233,0.69155,0.82619,0.57714,1.20706,1.08043,1.25452,0.00385375,0.00385375,0.00385375
747,8352.76,1.34131,1.26392,1.24657,0.89958,0.7052,0.8268,0.57778,1.20529,1.07905,1.25363,0.0038455,0.0038455,0.0038455
748,8364.01,1.32223,1.23241,1.23494,0.89031,0.70808,0.82703,0.57862,1.20236,1.07667,1.25193,0.00383725,0.00383725,0.00383725
749,8375.16,1.31589,1.24138,1.23381,0.89529,0.70945,0.82712,0.5799,1.20057,1.07596,1.25157,0.003829,0.003829,0.003829
750,8386.49,1.34511,1.26827,1.2549,0.89351,0.71408,0.82683,0.57831,1.20025,1.07636,1.25165,0.00382075,0.00382075,0.00382075
751,8397.53,1.34064,1.26704,1.25991,0.89364,0.71504,0.8278,0.57781,1.19886,1.07618,1.25106,0.0038125,0.0038125,0.0038125
752,8408.57,1.325,1.25475,1.2487,0.90357,0.70851,0.82874,0.58003,1.19683,1.07651,1.24928,0.00380425,0.00380425,0.00380425
753,8419.92,1.32439,1.25089,1.22987,0.90313,0.71415,0.829,0.58156,1.19419,1.07563,1.24803,0.003796,0.003796,0.003796
754,8431.21,1.31534,1.23447,1.23086,0.89097,0.71702,0.82924,0.58313,1.19167,1.07352,1.2478,0.00378775,0.00378775,0.00378775
755,8442.51,1.31002,1.23571,1.2382,0.89567,0.71702,0.83008,0.5847,1.19076,1.07204,1.24709,0.0037795,0.0037795,0.0037795
756,8453.82,1.31218,1.25141,1.24102,0.89711,0.71277,0.83059,0.5839,1.19047,1.07043,1.24746,0.00377125,0.00377125,0.00377125
757,8464.88,1.30535,1.24354,1.23234,0.87666,0.7234,0.82929,0.58339,1.1899,1.06943,1.24706,0.003763,0.003763,0.003763
758,8475.9,1.31796,1.24256,1.23276,0.87873,0.72553,0.83046,0.58393,1.18936,1.06829,1.2463,0.00375475,0.00375475,0.00375475
759,8486.89,1.32131,1.22315,1.23298,0.88406,0.72553,0.83199,0.58385,1.18903,1.06469,1.24615,0.0037465,0.0037465,0.0037465
760,8497.8,1.32691,1.25186,1.24152,0.88437,0.72553,0.83239,0.58488,1.1869,1.06304,1.24529,0.00373825,0.00373825,0.00373825
761,8509.04,1.29755,1.20593,1.2302,0.88684,0.72553,0.83077,0.58516,1.18576,1.0635,1.24494,0.00373,0.00373,0.00373
762,8520.17,1.29921,1.24278,1.22312,0.88526,0.72979,0.8317,0.58658,1.18461,1.06375,1.24528,0.00372175,0.00372175,0.00372175
763,8531.45,1.32777,1.24489,1.23972,0.88875,0.72766,0.83271,0.58604,1.18353,1.06231,1.24536,0.0037135,0.0037135,0.0037135
764,8542.37,1.31504,1.23501,1.23536,0.87994,0.73617,0.83315,0.58818,1.18445,1.06117,1.24575,0.00370525,0.00370525,0.00370525
765,8553.73,1.30656,1.23552,1.22445,0.88006,0.73617,0.83203,0.58864,1.184,1.06137,1.24677,0.003697,0.003697,0.003697
766,8565.04,1.3143,1.22518,1.23914,0.89746,0.72627,0.83426,0.58712,1.18421,1.06032,1.24721,0.00368875,0.00368875,0.00368875
767,8576.09,1.29236,1.21642,1.21953,0.90089,0.73491,0.83518,0.58776,1.18223,1.0578,1.24592,0.0036805,0.0036805,0.0036805
768,8587.15,1.31103,1.22168,1.22491,0.8964,0.73617,0.8339,0.58822,1.18209,1.05704,1.24478,0.00367225,0.00367225,0.00367225
769,8598.22,1.29672,1.2067,1.21467,0.90819,0.73404,0.83637,0.58831,1.18082,1.05559,1.24399,0.003664,0.003664,0.003664
770,8609.55,1.30378,1.22398,1.2266,0.90709,0.73404,0.83539,0.58874,1.17973,1.05435,1.24311,0.00365575,0.00365575,0.00365575
771,8620.88,1.31273,1.24917,1.23388,0.91109,0.73404,0.83662,0.5898,1.17925,1.05497,1.24281,0.0036475,0.0036475,0.0036475
772,8632.19,1.31961,1.24447,1.23776,0.91378,0.72979,0.83715,0.59213,1.17796,1.05387,1.24131,0.00363925,0.00363925,0.00363925
773,8643.54,1.30019,1.21853,1.21761,0.90117,0.74043,0.83684,0.59339,1.17562,1.05199,1.23984,0.003631,0.003631,0.003631
774,8654.88,1.29401,1.1826,1.223,0.90209,0.74495,0.83681,0.5937,1.17328,1.04887,1.23886,0.00362275,0.00362275,0.00362275
775,8666.15,1.30609,1.21778,1.22081,0.89917,0.73995,0.83777,0.59412,1.17268,1.04674,1.23856,0.0036145,0.0036145,0.0036145
776,8677.46,1.30252,1.23081,1.2233,0.90011,0.74681,0.83785,0.59211,1.17228,1.04488,1.23802,0.00360625,0.00360625,0.00360625
777,8688.5,1.26891,1.20298,1.21341,0.89602,0.75174,0.83889,0.59303,1.17118,1.04335,1.23807,0.003598,0.003598,0.003598
778,8699.39,1.31676,1.24201,1.22951,0.89028,0.75532,0.83916,0.59202,1.1707,1.04245,1.23738,0.00358975,0.00358975,0.00358975
779,8710.41,1.28462,1.20102,1.21113,0.8897,0.75532,0.83913,0.59173,1.17008,1.04038,1.23695,0.0035815,0.0035815,0.0035815
780,8721.49,1.27907,1.18198,1.2176,0.88577,0.75319,0.83887,0.59243,1.16976,1.03918,1.23677,0.00357325,0.00357325,0.00357325
781,8732.6,1.29015,1.20727,1.23025,0.88998,0.75726,0.84046,0.5943,1.16878,1.03609,1.23607,0.003565,0.003565,0.003565
782,8743.85,1.27513,1.18834,1.2222,0.89308,0.75532,0.84195,0.59443,1.1656,1.03397,1.23453,0.00355675,0.00355675,0.00355675
783,8755.2,1.28258,1.18285,1.20716,0.89185,0.75449,0.84202,0.59568,1.16275,1.03211,1.23353,0.0035485,0.0035485,0.0035485
784,8766.46,1.29488,1.18439,1.22218,0.88903,0.75002,0.84331,0.59679,1.16203,1.02981,1.23244,0.00354025,0.00354025,0.00354025
785,8777.81,1.30795,1.22119,1.22267,0.88524,0.75498,0.84289,0.59839,1.16036,1.02779,1.23158,0.003532,0.003532,0.003532
786,8789.21,1.27909,1.19309,1.21726,0.87445,0.75957,0.84326,0.59806,1.15948,1.02526,1.23086,0.00352375,0.00352375,0.00352375
787,8800.24,1.2919,1.20759,1.2155,0.89342,0.7491,0.84663,0.59948,1.15893,1.02193,1.23094,0.0035155,0.0035155,0.0035155
788,8811.42,1.29028,1.19415,1.21242,0.90324,0.73617,0.84672,0.59906,1.15802,1.01982,1.23028,0.00350725,0.00350725,0.00350725
789,8822.38,1.27716,1.18123,1.20876,0.90856,0.7399,0.84602,0.59964,1.15641,1.01908,1.22928,0.003499,0.003499,0.003499
790,8833.7,1.29773,1.20515,1.22489,0.90688,0.74255,0.84653,0.59941,1.15452,1.0172,1.22863,0.00349075,0.00349075,0.00349075
791,8844.77,1.26244,1.16764,1.20521,0.90898,0.74369,0.84695,0.60022,1.15222,1.01569,1.228,0.0034825,0.0034825,0.0034825
792,8856.03,1.25823,1.179,1.20258,0.91374,0.74373,0.84728,0.5991,1.15097,1.01408,1.22712,0.00347425,0.00347425,0.00347425
793,8867.08,1.28649,1.18484,1.20468,0.91397,0.74589,0.84746,0.59909,1.14969,1.01335,1.22601,0.003466,0.003466,0.003466
794,8877.9,1.28126,1.18564,1.21322,0.91399,0.74681,0.84868,0.59989,1.14831,1.0137,1.22488,0.00345775,0.00345775,0.00345775
795,8888.42,1.27106,1.1936,1.21051,0.9102,0.74681,0.84808,0.59877,1.14752,1.01265,1.22387,0.0034495,0.0034495,0.0034495
796,8899.5,1.26866,1.1868,1.20863,0.90564,0.7556,0.84957,0.59982,1.14708,1.01122,1.22342,0.00344125,0.00344125,0.00344125
797,8910.63,1.28147,1.20192,1.21169,0.91151,0.75957,0.85038,0.60029,1.14607,1.00972,1.22219,0.003433,0.003433,0.003433
798,8921.97,1.2586,1.15765,1.1998,0.90571,0.7617,0.84959,0.60244,1.14482,1.0079,1.22065,0.00342475,0.00342475,0.00342475
799,8933.21,1.27135,1.1775,1.20734,0.90937,0.7617,0.84914,0.60139,1.14372,1.00681,1.21919,0.0034165,0.0034165,0.0034165
800,8945.94,1.26875,1.16776,1.20203,0.90749,0.76383,0.85012,0.60267,1.14376,1.00518,1.21909,0.00340825,0.00340825,0.00340825
801,8957.1,1.2934,1.20241,1.22675,0.90852,0.76383,0.85096,0.60331,1.14435,1.00426,1.21909,0.0034,0.0034,0.0034
802,8968.46,1.26696,1.14415,1.20208,0.9068,0.76383,0.85136,0.6032,1.14452,1.00349,1.21799,0.00339175,0.00339175,0.00339175
803,8979.43,1.26617,1.17576,1.20336,0.90667,0.76383,0.85205,0.6029,1.14358,1.00387,1.21655,0.0033835,0.0033835,0.0033835
804,8990.36,1.27205,1.18952,1.21156,0.90923,0.76727,0.85105,0.60204,1.14304,1.0024,1.21578,0.00337525,0.00337525,0.00337525
805,9001.39,1.26645,1.16121,1.1971,0.90484,0.7688,0.8513,0.60124,1.14135,0.9988,1.2146,0.003367,0.003367,0.003367
806,9012.39,1.24618,1.1502,1.1938,0.90283,0.76809,0.85126,0.60103,1.14033,0.9985,1.21413,0.00335875,0.00335875,0.00335875
807,9023.36,1.25972,1.18714,1.2046,0.90472,0.76769,0.85106,0.60157,1.13995,0.99883,1.21372,0.0033505,0.0033505,0.0033505
808,9034.36,1.23288,1.14169,1.19832,0.90235,0.7668,0.85151,0.60283,1.13926,0.99842,1.21354,0.00334225,0.00334225,0.00334225
809,9045.4,1.26628,1.16879,1.20944,0.90258,0.76876,0.85151,0.6024,1.13824,0.99848,1.2132,0.003334,0.003334,0.003334
810,9056.23,1.25479,1.13806,1.19823,0.90508,0.77234,0.85306,0.60343,1.1378,0.99943,1.21224,0.00332575,0.00332575,0.00332575
811,9067.55,1.26879,1.16695,1.20543,0.90498,0.77002,0.85326,0.60244,1.13762,0.99814,1.21178,0.0033175,0.0033175,0.0033175
812,9078.57,1.25482,1.16598,1.20852,0.90702,0.76791,0.85363,0.60342,1.13739,0.99681,1.21149,0.00330925,0.00330925,0.00330925
813,9090.02,1.25024,1.15889,1.18616,0.90704,0.7681,0.85418,0.60577,1.13641,0.99385,1.21114,0.003301,0.003301,0.003301
814,9101.36,1.25007,1.14995,1.19084,0.90933,0.76817,0.85454,0.6062,1.13602,0.99147,1.21032,0.00329275,0.00329275,0.00329275
815,9112.67,1.2473,1.1396,1.19301,0.91328,0.77021,0.85483,0.60653,1.1342,0.99029,1.20849,0.0032845,0.0032845,0.0032845
816,9123.94,1.2529,1.17438,1.19889,0.91486,0.77234,0.85553,0.60672,1.13301,0.98975,1.20815,0.00327625,0.00327625,0.00327625
817,9135.22,1.25515,1.16897,1.19157,0.91749,0.77447,0.85533,0.60806,1.13163,0.98794,1.20666,0.003268,0.003268,0.003268
818,9146.5,1.26845,1.1586,1.19685,0.91912,0.77371,0.85621,0.60868,1.12964,0.98712,1.20571,0.00325975,0.00325975,0.00325975
819,9157.6,1.26817,1.17075,1.2102,0.91902,0.77267,0.85632,0.60723,1.12902,0.98571,1.2053,0.0032515,0.0032515,0.0032515
820,9168.63,1.26205,1.14944,1.1992,0.9203,0.77234,0.85588,0.60932,1.12804,0.98577,1.20482,0.00324325,0.00324325,0.00324325
821,9180.01,1.25024,1.14652,1.19228,0.92353,0.76809,0.85583,0.60835,1.12715,0.98418,1.2044,0.003235,0.003235,0.003235
822,9191.01,1.24018,1.13146,1.19079,0.92278,0.76809,0.85557,0.60736,1.1248,0.9844,1.20291,0.00322675,0.00322675,0.00322675
823,9201.93,1.23526,1.14203,1.19067,0.92305,0.76383,0.8554,0.60801,1.12433,0.98353,1.20219,0.0032185,0.0032185,0.0032185
824,9212.91,1.2303,1.15296,1.18619,0.92455,0.7617,0.85452,0.6076,1.12307,0.98169,1.20132,0.00321025,0.00321025,0.00321025
825,9223.92,1.27385,1.18965,1.20424,0.9219,0.7617,0.85369,0.60803,1.12151,0.9793,1.19997,0.003202,0.003202,0.003202
826,9234.86,1.26041,1.16433,1.20657,0.92744,0.76151,0.85485,0.60736,1.12088,0.97749,1.19903,0.00319375,0.00319375,0.00319375
827,9245.93,1.2149,1.12783,1.18404,0.92546,0.76604,0.85467,0.60849,1.11989,0.97723,1.1982,0.0031855,0.0031855,0.0031855
828,9257.07,1.24304,1.15073,1.19612,0.92743,0.76136,0.85502,0.60802,1.1183,0.97595,1.19718,0.00317725,0.00317725,0.00317725
829,9268.14,1.24209,1.14563,1.18827,0.91625,0.76816,0.85474,0.60989,1.11749,0.97495,1.19643,0.003169,0.003169,0.003169
830,9279.49,1.21837,1.1229,1.17765,0.91929,0.76809,0.85599,0.61122,1.11532,0.97437,1.19527,0.00316075,0.00316075,0.00316075
831,9290.81,1.22847,1.1179,1.18845,0.91845,0.7668,0.85586,0.61117,1.11491,0.97404,1.19484,0.0031525,0.0031525,0.0031525
832,9301.85,1.23301,1.14052,1.19002,0.92096,0.76848,0.8572,0.61139,1.11493,0.97455,1.1942,0.00314425,0.00314425,0.00314425
833,9313.09,1.2301,1.13044,1.18831,0.92106,0.76956,0.85724,0.61073,1.11434,0.97438,1.19329,0.003136,0.003136,0.003136
834,9324.12,1.22668,1.12694,1.18445,0.92081,0.76696,0.85754,0.61148,1.11391,0.97302,1.193,0.00312775,0.00312775,0.00312775
835,9335.39,1.21763,1.12585,1.17794,0.91812,0.77021,0.85767,0.61193,1.11286,0.97106,1.19249,0.0031195,0.0031195,0.0031195
836,9346.64,1.18522,1.08534,1.16308,0.91598,0.77234,0.85805,0.61117,1.11374,0.96958,1.1927,0.00311125,0.00311125,0.00311125
837,9357.59,1.20648,1.08781,1.17045,0.91776,0.77234,0.85881,0.61146,1.11418,0.96759,1.1928,0.003103,0.003103,0.003103
838,9368.48,1.23253,1.123,1.18818,0.9161,0.77234,0.85898,0.61222,1.1141,0.96564,1.19289,0.00309475,0.00309475,0.00309475
839,9379.74,1.20592,1.10934,1.17143,0.91868,0.76912,0.85961,0.61399,1.11354,0.96443,1.1923,0.0030865,0.0030865,0.0030865
840,9390.97,1.21565,1.10403,1.1765,0.91629,0.76859,0.85964,0.61284,1.11362,0.96361,1.19168,0.00307825,0.00307825,0.00307825
841,9401.94,1.22196,1.10591,1.17578,0.91635,0.76917,0.85957,0.61331,1.11342,0.96161,1.19116,0.00307,0.00307,0.00307
842,9413.04,1.22497,1.12154,1.18989,0.9187,0.76932,0.86002,0.61316,1.11196,0.96046,1.19027,0.00306175,0.00306175,0.00306175
843,9424.11,1.21086,1.13553,1.17733,0.91849,0.77021,0.8599,0.61335,1.11064,0.95834,1.18957,0.0030535,0.0030535,0.0030535
844,9435.16,1.21771,1.12779,1.1791,0.91583,0.76596,0.85995,0.61251,1.10909,0.9568,1.1887,0.00304525,0.00304525,0.00304525
845,9446.21,1.20785,1.08732,1.17188,0.91835,0.76582,0.86022,0.61353,1.10802,0.95555,1.18791,0.003037,0.003037,0.003037
846,9457.27,1.22099,1.1018,1.18212,0.91854,0.76772,0.86044,0.61565,1.10776,0.95474,1.18681,0.00302875,0.00302875,0.00302875
847,9468.65,1.21412,1.10198,1.17664,0.9212,0.77112,0.86194,0.61519,1.10779,0.95269,1.18672,0.0030205,0.0030205,0.0030205
848,9479.55,1.20242,1.08278,1.17753,0.91858,0.76813,0.86215,0.61351,1.1078,0.95079,1.18708,0.00301225,0.00301225,0.00301225
849,9490.62,1.20592,1.10303,1.16159,0.91898,0.7723,0.8625,0.61439,1.1062,0.94984,1.18662,0.003004,0.003004,0.003004
850,9501.63,1.18728,1.07699,1.16655,0.91602,0.77234,0.86166,0.6154,1.10546,0.9492,1.18658,0.00299575,0.00299575,0.00299575
851,9512.64,1.22182,1.11074,1.16855,0.91842,0.77234,0.86251,0.61758,1.10506,0.94801,1.18596,0.0029875,0.0029875,0.0029875
852,9523.86,1.21747,1.09721,1.17538,0.92042,0.77234,0.86235,0.61903,1.10369,0.94791,1.18594,0.00297925,0.00297925,0.00297925
853,9535.22,1.20882,1.09448,1.18108,0.92232,0.77447,0.86248,0.61867,1.102,0.94701,1.18551,0.002971,0.002971,0.002971
854,9546.21,1.1823,1.06727,1.15592,0.93023,0.76809,0.86328,0.61908,1.10055,0.94409,1.18425,0.00296275,0.00296275,0.00296275
855,9557.5,1.17375,1.0761,1.16618,0.93295,0.76967,0.86373,0.61861,1.09927,0.9431,1.18355,0.0029545,0.0029545,0.0029545
856,9568.59,1.2084,1.11544,1.17677,0.93375,0.76809,0.86395,0.61951,1.09794,0.94196,1.18298,0.00294625,0.00294625,0.00294625
857,9579.73,1.1994,1.09851,1.17172,0.93766,0.76801,0.86362,0.61927,1.09649,0.94091,1.18218,0.002938,0.002938,0.002938
858,9590.83,1.20727,1.0944,1.16786,0.93506,0.76584,0.86322,0.6197,1.09548,0.94029,1.18137,0.00292975,0.00292975,0.00292975
859,9602.16,1.19081,1.07512,1.16681,0.93976,0.76345,0.86457,0.62006,1.09405,0.93786,1.18061,0.0029215,0.0029215,0.0029215
860,9613.57,1.19718,1.09384,1.16343,0.93693,0.75853,0.86476,0.62022,1.09409,0.93644,1.18051,0.00291325,0.00291325,0.00291325
861,9624.93,1.20136,1.08372,1.16387,0.93464,0.76059,0.86535,0.62074,1.09382,0.93613,1.17953,0.002905,0.002905,0.002905
862,9636.29,1.20009,1.08966,1.17098,0.9423,0.7617,0.86731,0.62165,1.09241,0.93565,1.17868,0.00289675,0.00289675,0.00289675
863,9647.66,1.20129,1.08202,1.16791,0.9351,0.76809,0.86778,0.62165,1.09145,0.93404,1.178,0.0028885,0.0028885,0.0028885
864,9658.94,1.20359,1.10271,1.17306,0.93282,0.76809,0.86818,0.62289,1.09126,0.93262,1.17753,0.00288025,0.00288025,0.00288025
865,9670.27,1.19512,1.0829,1.17219,0.93165,0.76809,0.86847,0.6232,1.09023,0.93144,1.17652,0.002872,0.002872,0.002872
866,9681.66,1.19255,1.07449,1.15805,0.93309,0.77148,0.86865,0.62427,1.08903,0.93081,1.17582,0.00286375,0.00286375,0.00286375
867,9692.99,1.17179,1.06518,1.16619,0.9276,0.78085,0.86852,0.62484,1.08787,0.93043,1.17534,0.0028555,0.0028555,0.0028555
868,9704.34,1.1969,1.09499,1.16924,0.93152,0.78085,0.86849,0.62452,1.08595,0.92913,1.17463,0.00284725,0.00284725,0.00284725
869,9715.46,1.18293,1.0661,1.15607,0.93111,0.77649,0.86749,0.62501,1.08421,0.92843,1.17364,0.002839,0.002839,0.002839
870,9726.85,1.2011,1.10003,1.16403,0.93339,0.77512,0.86839,0.62551,1.08314,0.92798,1.17325,0.00283075,0.00283075,0.00283075
871,9738.14,1.19696,1.08569,1.16354,0.93667,0.7766,0.86869,0.62633,1.08198,0.92759,1.17295,0.0028225,0.0028225,0.0028225
872,9749.39,1.19183,1.08075,1.16241,0.93358,0.77752,0.86902,0.62656,1.08059,0.92693,1.17244,0.00281425,0.00281425,0.00281425
873,9760.72,1.1839,1.07018,1.16603,0.9314,0.77993,0.8689,0.62703,1.07971,0.92583,1.17175,0.002806,0.002806,0.002806
874,9772.14,1.1806,1.07674,1.16482,0.93132,0.779,0.86867,0.62738,1.07858,0.92538,1.17143,0.00279775,0.00279775,0.00279775
875,9783.47,1.17049,1.05627,1.15853,0.93131,0.78085,0.87019,0.62708,1.078,0.92499,1.17117,0.0027895,0.0027895,0.0027895
876,9794.46,1.18249,1.08193,1.1591,0.92541,0.77872,0.86868,0.62718,1.07793,0.92429,1.17114,0.00278125,0.00278125,0.00278125
877,9805.4,1.21165,1.08881,1.16893,0.9129,0.78085,0.86788,0.62719,1.07779,0.92349,1.17088,0.002773,0.002773,0.002773
878,9816.38,1.18622,1.07242,1.16002,0.91366,0.78085,0.86894,0.62735,1.07687,0.92246,1.17068,0.00276475,0.00276475,0.00276475
879,9827.6,1.19038,1.07823,1.15865,0.91072,0.7813,0.86838,0.62881,1.07602,0.92209,1.17039,0.0027565,0.0027565,0.0027565
880,9838.85,1.18698,1.0693,1.15518,0.90984,0.78298,0.86845,0.62745,1.07512,0.92112,1.16998,0.00274825,0.00274825,0.00274825
881,9849.81,1.18447,1.08452,1.16032,0.90495,0.78298,0.86977,0.62692,1.07438,0.91902,1.16996,0.00274,0.00274,0.00274
882,9860.41,1.19566,1.08599,1.1661,0.90568,0.78298,0.86968,0.62737,1.07392,0.91858,1.16982,0.00273175,0.00273175,0.00273175
883,9871.55,1.17124,1.07887,1.156,0.9068,0.78298,0.86936,0.62642,1.07376,0.91893,1.16969,0.0027235,0.0027235,0.0027235
884,9882.58,1.18641,1.0774,1.15945,0.90224,0.78542,0.86965,0.62709,1.07369,0.91829,1.16965,0.00271525,0.00271525,0.00271525
885,9893.51,1.19531,1.09439,1.16582,0.9043,0.78413,0.86956,0.6272,1.07333,0.91755,1.16955,0.002707,0.002707,0.002707
886,9904.43,1.17983,1.0554,1.16108,0.90449,0.78584,0.86959,0.62809,1.07253,0.91723,1.16915,0.00269875,0.00269875,0.00269875
887,9915.25,1.15845,1.0464,1.14626,0.90436,0.78464,0.86951,0.62862,1.07311,0.91863,1.16986,0.0026905,0.0026905,0.0026905
888,9926.21,1.16815,1.05953,1.14456,0.90633,0.78511,0.86978,0.62921,1.07304,0.91903,1.16961,0.00268225,0.00268225,0.00268225
889,9937.54,1.16699,1.05513,1.15277,0.90637,0.78267,0.86967,0.62968,1.07318,0.91865,1.16944,0.002674,0.002674,0.002674
890,9948.89,1.17899,1.04366,1.14908,0.90656,0.78085,0.86989,0.63061,1.07324,0.91836,1.1691,0.00266575,0.00266575,0.00266575
891,9960.27,1.16772,1.05787,1.14852,0.91017,0.78298,0.87244,0.63212,1.0726,0.91815,1.16904,0.0026575,0.0026575,0.0026575
892,9971.57,1.17084,1.05779,1.15297,0.91952,0.77793,0.87201,0.63269,1.07228,0.91806,1.16893,0.00264925,0.00264925,0.00264925
893,9982.84,1.13614,1.02044,1.13296,0.9243,0.77932,0.87324,0.63114,1.07183,0.91752,1.16857,0.002641,0.002641,0.002641
894,9993.85,1.14481,1.04922,1.14579,0.92679,0.78114,0.87482,0.63216,1.07095,0.91699,1.16793,0.00263275,0.00263275,0.00263275
895,10004.9,1.16948,1.04274,1.15476,0.92909,0.78062,0.87463,0.63281,1.06978,0.91617,1.16753,0.0026245,0.0026245,0.0026245
896,10016.3,1.14848,1.05766,1.1497,0.93147,0.78081,0.87476,0.63335,1.06951,0.91587,1.16762,0.00261625,0.00261625,0.00261625
897,10027.7,1.15231,1.03672,1.13963,0.93151,0.78511,0.87549,0.63237,1.06833,0.91492,1.167,0.002608,0.002608,0.002608
898,10038.7,1.16202,1.03449,1.14125,0.93189,0.78601,0.87604,0.63266,1.06682,0.91457,1.16658,0.00259975,0.00259975,0.00259975
899,10049.7,1.14811,1.04345,1.14513,0.93082,0.78511,0.87622,0.63317,1.06582,0.91343,1.16597,0.0025915,0.0025915,0.0025915
900,10060.6,1.13742,1.02677,1.12902,0.93275,0.78511,0.87612,0.63367,1.06456,0.91261,1.16538,0.00258325,0.00258325,0.00258325
901,10071.2,1.12701,1.00282,1.13659,0.93428,0.78647,0.87596,0.634,1.06381,0.91243,1.16524,0.002575,0.002575,0.002575
902,10081.9,1.1663,1.06318,1.14709,0.9337,0.78723,0.87606,0.63428,1.0624,0.91207,1.16477,0.00256675,0.00256675,0.00256675
903,10093.1,1.12651,1.03718,1.13673,0.93429,0.78661,0.87621,0.63409,1.0619,0.91136,1.16433,0.0025585,0.0025585,0.0025585
904,10103.9,1.1693,1.05352,1.15048,0.9343,0.78665,0.87519,0.63399,1.06093,0.9112,1.16391,0.00255025,0.00255025,0.00255025
905,10115,1.13744,1.0318,1.14173,0.9213,0.797,0.87534,0.63331,1.06019,0.9113,1.16323,0.002542,0.002542,0.002542
906,10126,1.13958,1.03034,1.13493,0.92131,0.79715,0.87669,0.63418,1.06007,0.91047,1.16347,0.00253375,0.00253375,0.00253375
907,10136.8,1.15659,1.03927,1.14985,0.91918,0.79855,0.87638,0.63386,1.05874,0.91025,1.16272,0.0025255,0.0025255,0.0025255
908,10147.7,1.15548,1.03103,1.14255,0.91886,0.79517,0.87674,0.63406,1.05865,0.90984,1.16228,0.00251725,0.00251725,0.00251725
909,10158.7,1.16057,1.03304,1.14554,0.91873,0.79377,0.87688,0.63459,1.05798,0.90925,1.16194,0.002509,0.002509,0.002509
910,10170,1.14996,1.02429,1.14381,0.91884,0.78936,0.8755,0.63513,1.0574,0.90826,1.1615,0.00250075,0.00250075,0.00250075
911,10181.2,1.15181,1.02865,1.14578,0.91885,0.78936,0.87568,0.63496,1.05682,0.90673,1.16129,0.0024925,0.0024925,0.0024925
912,10192.2,1.12205,1.00889,1.12989,0.91906,0.78936,0.87604,0.63421,1.05654,0.90571,1.16113,0.00248425,0.00248425,0.00248425
913,10203.2,1.13457,1.01727,1.13264,0.91789,0.78936,0.87633,0.63389,1.05572,0.90469,1.16056,0.002476,0.002476,0.002476
914,10214.2,1.13591,1.01288,1.14085,0.91842,0.79045,0.87648,0.63545,1.05499,0.90344,1.16014,0.00246775,0.00246775,0.00246775
915,10225.6,1.13221,1.0169,1.13043,0.92093,0.78723,0.87684,0.63452,1.05424,0.90255,1.15941,0.0024595,0.0024595,0.0024595
916,10236.6,1.12292,1.00518,1.13049,0.92041,0.78733,0.87693,0.63491,1.05449,0.90217,1.15932,0.00245125,0.00245125,0.00245125
917,10247.7,1.15238,1.01451,1.14318,0.92039,0.78712,0.87701,0.6345,1.05429,0.90183,1.15865,0.002443,0.002443,0.002443
918,10258.6,1.14418,1.02715,1.13726,0.9181,0.78704,0.87717,0.63535,1.05347,0.90126,1.15815,0.00243475,0.00243475,0.00243475
919,10269.7,1.15983,1.02435,1.13864,0.9206,0.78946,0.87842,0.63562,1.05298,0.9007,1.1574,0.0024265,0.0024265,0.0024265
920,10281,1.12746,1.01452,1.13579,0.9227,0.78729,0.87879,0.63644,1.05221,0.90023,1.15721,0.00241825,0.00241825,0.00241825
921,10292.3,1.14325,1.02711,1.14117,0.92422,0.78936,0.88063,0.63797,1.05132,0.89904,1.15685,0.00241,0.00241,0.00241
922,10303.6,1.14622,1.02912,1.13509,0.91996,0.78936,0.88116,0.63758,1.05069,0.89852,1.15658,0.00240175,0.00240175,0.00240175
923,10314.7,1.11134,0.9968,1.12233,0.92101,0.79383,0.88223,0.63809,1.0497,0.89773,1.15606,0.0023935,0.0023935,0.0023935
924,10326,1.16016,1.05582,1.14643,0.91832,0.79362,0.88142,0.63723,1.04894,0.89684,1.15541,0.00238525,0.00238525,0.00238525
925,10336.8,1.13158,1.01143,1.1333,0.92125,0.79645,0.88279,0.63816,1.04829,0.89535,1.15505,0.002377,0.002377,0.002377
926,10348.1,1.12299,0.99784,1.12693,0.92145,0.79867,0.88305,0.64012,1.04737,0.89422,1.15447,0.00236875,0.00236875,0.00236875
927,10359.5,1.14589,1.0358,1.14382,0.92304,0.79787,0.88356,0.64102,1.0466,0.89355,1.15422,0.0023605,0.0023605,0.0023605
928,10370.8,1.11525,0.98878,1.1257,0.9192,0.79878,0.88371,0.64064,1.04637,0.89264,1.15388,0.00235225,0.00235225,0.00235225
929,10381.8,1.13236,1.00888,1.12953,0.91688,0.80426,0.88416,0.64159,1.04567,0.89195,1.15308,0.002344,0.002344,0.002344
930,10393,1.14558,1.03867,1.14177,0.91939,0.80079,0.88446,0.64195,1.04505,0.89078,1.15242,0.00233575,0.00233575,0.00233575
931,10404.4,1.15653,1.04612,1.14203,0.92304,0.8,0.88488,0.64186,1.04504,0.88977,1.1522,0.0023275,0.0023275,0.0023275
932,10415.4,1.11198,1.01571,1.1289,0.92228,0.8,0.88484,0.64183,1.04484,0.88923,1.15195,0.00231925,0.00231925,0.00231925
933,10426.5,1.15187,1.02272,1.13457,0.92398,0.8,0.88481,0.641,1.04496,0.88926,1.15154,0.002311,0.002311,0.002311
934,10437.5,1.10807,1.00273,1.12922,0.92415,0.8,0.88497,0.64168,1.04415,0.88928,1.15117,0.00230275,0.00230275,0.00230275
935,10448.5,1.13322,1.00653,1.13122,0.92326,0.8,0.88498,0.64142,1.04337,0.88942,1.15043,0.0022945,0.0022945,0.0022945
936,10459.6,1.12569,1.01192,1.12354,0.9281,0.79649,0.88496,0.64057,1.04284,0.88958,1.14983,0.00228625,0.00228625,0.00228625
937,10470.7,1.12243,0.99738,1.12907,0.92209,0.79787,0.88504,0.64096,1.04266,0.88946,1.14958,0.002278,0.002278,0.002278
938,10481.7,1.12317,1.01606,1.12499,0.91699,0.8,0.88455,0.64192,1.042,0.88986,1.14912,0.00226975,0.00226975,0.00226975
939,10492.7,1.09843,0.98639,1.11676,0.91937,0.80054,0.88499,0.64248,1.04172,0.88899,1.14894,0.0022615,0.0022615,0.0022615
940,10504,1.12401,1.00152,1.13182,0.91695,0.79876,0.88482,0.64207,1.04132,0.88915,1.14873,0.00225325,0.00225325,0.00225325
941,10515,1.13912,1.00984,1.13446,0.91693,0.7985,0.88515,0.64183,1.04153,0.88864,1.14875,0.002245,0.002245,0.002245
942,10526,1.1238,1.01582,1.13638,0.91708,0.79787,0.88533,0.64207,1.0412,0.888,1.14818,0.00223675,0.00223675,0.00223675
943,10537,1.12774,1.01421,1.12781,0.92115,0.80213,0.88647,0.64216,1.04113,0.88742,1.14795,0.0022285,0.0022285,0.0022285
944,10547.9,1.12067,1.00809,1.13722,0.92261,0.80213,0.88653,0.64213,1.04139,0.88755,1.14782,0.00222025,0.00222025,0.00222025
945,10558.9,1.11084,0.99165,1.12297,0.9232,0.80213,0.88649,0.64137,1.041,0.88819,1.14775,0.002212,0.002212,0.002212
946,10570,1.11419,0.99434,1.12352,0.92378,0.79939,0.88635,0.64226,1.04081,0.88763,1.14774,0.00220375,0.00220375,0.00220375
947,10581,1.10421,0.98561,1.11497,0.92378,0.79936,0.88647,0.64232,1.04019,0.88785,1.1472,0.0021955,0.0021955,0.0021955
948,10592.3,1.12854,0.98926,1.13508,0.9238,0.79968,0.887,0.64223,1.04009,0.88767,1.14674,0.00218725,0.00218725,0.00218725
949,10603.3,1.10988,0.98175,1.12833,0.92368,0.79825,0.88729,0.64335,1.03998,0.88742,1.14654,0.002179,0.002179,0.002179
950,10614.7,1.08951,0.98303,1.12072,0.92407,0.79787,0.8875,0.64371,1.03977,0.88749,1.14634,0.00217075,0.00217075,0.00217075
951,10626,1.10709,0.989,1.12194,0.92714,0.79787,0.88772,0.64415,1.03948,0.8877,1.14602,0.0021625,0.0021625,0.0021625
952,10637.4,1.10819,0.9947,1.12536,0.92402,0.80213,0.88757,0.64374,1.03922,0.88804,1.14571,0.00215425,0.00215425,0.00215425
953,10647.8,1.10446,1.00377,1.13284,0.92626,0.80213,0.88816,0.6443,1.03864,0.88754,1.14538,0.002146,0.002146,0.002146
954,10659,1.11711,0.99847,1.12233,0.93057,0.79845,0.88865,0.64501,1.03815,0.88731,1.14499,0.00213775,0.00213775,0.00213775
955,10669.8,1.08663,0.95918,1.11547,0.9286,0.80249,0.88845,0.64544,1.03784,0.88665,1.14466,0.0021295,0.0021295,0.0021295
956,10680.5,1.0988,0.98536,1.11279,0.92843,0.80047,0.88849,0.64519,1.03759,0.88606,1.14432,0.00212125,0.00212125,0.00212125
957,10691.5,1.09808,0.97869,1.11595,0.93268,0.79574,0.88863,0.64556,1.03771,0.88545,1.14414,0.002113,0.002113,0.002113
958,10702.7,1.11435,1.00041,1.12154,0.93036,0.79594,0.88877,0.6464,1.0378,0.88534,1.14426,0.00210475,0.00210475,0.00210475
959,10714.1,1.09687,0.969,1.11409,0.93061,0.79892,0.88887,0.64613,1.03778,0.88498,1.14416,0.0020965,0.0020965,0.0020965
960,10725.1,1.09153,0.97664,1.12282,0.92919,0.79787,0.88937,0.64605,1.03739,0.88439,1.14426,0.00208825,0.00208825,0.00208825
961,10736,1.08863,0.95892,1.10967,0.93508,0.79686,0.88939,0.64735,1.03688,0.88394,1.14409,0.00208,0.00208,0.00208
962,10747.2,1.09224,0.96075,1.10928,0.93255,0.79787,0.88933,0.64765,1.03644,0.88404,1.14393,0.00207175,0.00207175,0.00207175
963,10758.5,1.08056,0.97081,1.10396,0.93055,0.79817,0.88956,0.64788,1.03593,0.88412,1.14368,0.0020635,0.0020635,0.0020635
964,10769.8,1.11953,0.99758,1.13128,0.93293,0.79911,0.88974,0.64775,1.03547,0.88398,1.14356,0.00205525,0.00205525,0.00205525
965,10780.7,1.11008,1.0046,1.12126,0.93773,0.80098,0.88989,0.64793,1.0351,0.88372,1.14337,0.002047,0.002047,0.002047
966,10792,1.10527,0.9803,1.12365,0.93677,0.8,0.88991,0.6486,1.03483,0.88382,1.14322,0.00203875,0.00203875,0.00203875
967,10803.4,1.07866,0.97227,1.11425,0.93549,0.80215,0.8905,0.64837,1.03468,0.88364,1.14319,0.0020305,0.0020305,0.0020305
968,10814.5,1.09895,0.98234,1.10785,0.93468,0.80213,0.89101,0.64912,1.03449,0.88358,1.14306,0.00202225,0.00202225,0.00202225
969,10825.9,1.10599,0.9869,1.1251,0.93426,0.80213,0.89105,0.64929,1.03433,0.88312,1.14304,0.002014,0.002014,0.002014
970,10837.1,1.08782,0.97373,1.11889,0.9318,0.80213,0.8907,0.64938,1.03311,0.88217,1.14126,0.00200575,0.00200575,0.00200575
971,10848.2,1.08451,0.96866,1.10938,0.93087,0.80215,0.89061,0.65006,1.03252,0.88175,1.14121,0.0019975,0.0019975,0.0019975
972,10859.5,1.10274,0.98989,1.12298,0.93338,0.80213,0.8913,0.64994,1.0317,0.88168,1.14109,0.00198925,0.00198925,0.00198925
973,10870.6,1.11177,0.99786,1.12324,0.93398,0.80213,0.89102,0.65031,1.03096,0.88132,1.14085,0.001981,0.001981,0.001981
974,10881.9,1.1021,0.98203,1.1182,0.93267,0.80213,0.89089,0.65084,1.03079,0.88147,1.14062,0.00197275,0.00197275,0.00197275
975,10893.3,1.08246,0.97729,1.1125,0.93494,0.80213,0.89091,0.65074,1.03019,0.88137,1.14054,0.0019645,0.0019645,0.0019645
976,10904.3,1.0821,0.96769,1.10305,0.9352,0.79832,0.89099,0.65113,1.03053,0.88078,1.14069,0.00195625,0.00195625,0.00195625
977,10915.6,1.07765,0.95969,1.10361,0.93164,0.80426,0.8909,0.6516,1.03046,0.88043,1.1406,0.001948,0.001948,0.001948
978,10926.9,1.08312,0.95209,1.10674,0.93118,0.80213,0.89096,0.6512,1.02999,0.88018,1.14024,0.00193975,0.00193975,0.00193975
979,10938,1.08113,0.95462,1.10254,0.93147,0.80213,0.89123,0.65127,1.02957,0.87967,1.1401,0.0019315,0.0019315,0.0019315
980,10948.9,1.07049,0.97926,1.10689,0.93179,0.80213,0.89116,0.65072,1.0292,0.87913,1.13991,0.00192325,0.00192325,0.00192325
981,10959.9,1.08699,0.96146,1.10667,0.9334,0.8051,0.89168,0.65059,1.02879,0.87858,1.13974,0.001915,0.001915,0.001915
982,10971,1.08135,0.95826,1.10881,0.93345,0.80572,0.89184,0.64999,1.02834,0.87831,1.13952,0.00190675,0.00190675,0.00190675
983,10982.1,1.08595,0.95459,1.1143,0.93346,0.80592,0.89206,0.65034,1.02772,0.87775,1.13915,0.0018985,0.0018985,0.0018985
984,10993.2,1.08745,0.97071,1.11771,0.93105,0.80426,0.89223,0.65008,1.02715,0.87725,1.1389,0.00189025,0.00189025,0.00189025
985,11004.2,1.08345,0.95781,1.10279,0.93124,0.80685,0.8924,0.6523,1.0266,0.87666,1.13877,0.001882,0.001882,0.001882
986,11015.6,1.07418,0.94232,1.10362,0.93065,0.80638,0.89253,0.65209,1.02625,0.87623,1.13856,0.00187375,0.00187375,0.00187375
987,11026.5,1.08638,0.95911,1.10186,0.92894,0.80426,0.89255,0.65254,1.02595,0.87589,1.13848,0.0018655,0.0018655,0.0018655
988,11037.8,1.06526,0.94494,1.09645,0.92885,0.8055,0.89278,0.65296,1.02567,0.87506,1.13831,0.00185725,0.00185725,0.00185725
989,11049.2,1.07679,0.95649,1.10197,0.92669,0.80426,0.89284,0.65292,1.02538,0.87446,1.13839,0.001849,0.001849,0.001849
990,11060.2,1.08342,0.97905,1.11378,0.92657,0.80542,0.89289,0.65265,1.02495,0.87417,1.13829,0.00184075,0.00184075,0.00184075
991,11071.2,1.08851,0.95555,1.1099,0.92657,0.80539,0.89302,0.65229,1.02463,0.87368,1.13804,0.0018325,0.0018325,0.0018325
992,11082.2,1.07156,0.95818,1.10785,0.9266,0.80577,0.8932,0.65239,1.02613,0.87436,1.13975,0.00182425,0.00182425,0.00182425
993,11093.3,1.07476,0.94391,1.09846,0.92891,0.8063,0.89336,0.65266,1.02589,0.8742,1.13963,0.001816,0.001816,0.001816
994,11104.3,1.06588,0.94358,1.10538,0.93169,0.80638,0.89346,0.65273,1.02541,0.87359,1.13927,0.00180775,0.00180775,0.00180775
995,11115.3,1.09846,0.97498,1.11544,0.93128,0.80737,0.8935,0.65297,1.02525,0.87302,1.13929,0.0017995,0.0017995,0.0017995
996,11126.6,1.07744,0.96194,1.10136,0.93035,0.80851,0.89345,0.65289,1.02517,0.87309,1.13926,0.00179125,0.00179125,0.00179125
997,11137.6,1.05313,0.93455,1.09892,0.92919,0.80967,0.89366,0.65322,1.02487,0.87273,1.13903,0.001783,0.001783,0.001783
998,11149,1.04841,0.93596,1.09209,0.92919,0.81064,0.89381,0.65296,1.02438,0.87241,1.13862,0.00177475,0.00177475,0.00177475
999,11160.1,1.08019,0.96186,1.11497,0.92882,0.81064,0.89398,0.65318,1.02419,0.87213,1.13846,0.0017665,0.0017665,0.0017665
1000,11171.3,1.07008,0.94736,1.09973,0.92876,0.81064,0.89409,0.65272,1.02424,0.87192,1.13849,0.00175825,0.00175825,0.00175825
1001,11182.4,1.06617,0.94028,1.09748,0.93052,0.81064,0.89439,0.65273,1.0222,0.87065,1.13664,0.00175,0.00175,0.00175
1002,11193.4,1.07615,0.96621,1.10174,0.93648,0.81064,0.89488,0.6532,1.0239,0.87114,1.1383,0.00174175,0.00174175,0.00174175
1003,11204.7,1.08004,0.95764,1.10823,0.93372,0.81064,0.89484,0.65352,1.0237,0.87072,1.13803,0.0017335,0.0017335,0.0017335
1004,11216,1.05562,0.94048,1.10062,0.9356,0.81064,0.89484,0.65343,1.0235,0.86989,1.1379,0.00172525,0.00172525,0.00172525
1005,11227.1,1.0866,0.969,1.11429,0.93486,0.81064,0.89484,0.65368,1.02309,0.86952,1.13762,0.001717,0.001717,0.001717
1006,11237.7,1.07432,0.94156,1.09588,0.93506,0.81064,0.89697,0.65457,1.02314,0.86902,1.13761,0.00170875,0.00170875,0.00170875
1007,11248.4,1.06292,0.94524,1.09451,0.93495,0.81064,0.89717,0.65479,1.02287,0.86872,1.13757,0.0017005,0.0017005,0.0017005
1008,11259.4,1.05788,0.94134,1.10228,0.93467,0.81064,0.89724,0.65484,1.02264,0.86844,1.13734,0.00169225,0.00169225,0.00169225
1009,11270.8,1.07841,0.95237,1.1033,0.93407,0.81064,0.89736,0.65443,1.02266,0.86825,1.13734,0.001684,0.001684,0.001684
1010,11281.8,1.06866,0.94601,1.09937,0.93384,0.81064,0.89761,0.65523,1.02238,0.86777,1.13709,0.00167575,0.00167575,0.00167575
1011,11293,1.06062,0.94692,1.10084,0.93578,0.81064,0.89792,0.65504,1.02199,0.86758,1.13684,0.0016675,0.0016675,0.0016675
1012,11304,1.05832,0.93583,1.09803,0.93493,0.81064,0.89804,0.65516,1.02188,0.86728,1.13662,0.00165925,0.00165925,0.00165925
1013,11315.1,1.05591,0.93899,1.09737,0.93466,0.81064,0.89817,0.65479,1.02195,0.86709,1.13647,0.001651,0.001651,0.001651
1014,11326.2,1.04014,0.94455,1.09178,0.93256,0.81489,0.89821,0.65514,1.02165,0.86677,1.13628,0.00164275,0.00164275,0.00164275
1015,11337.3,1.05285,0.94865,1.09933,0.93188,0.81494,0.89833,0.65509,1.02178,0.86641,1.1363,0.0016345,0.0016345,0.0016345
1016,11348.4,1.0615,0.95384,1.10163,0.93194,0.81573,0.89843,0.65522,1.02185,0.86572,1.13623,0.00162625,0.00162625,0.00162625
1017,11359.7,1.04914,0.94655,1.08986,0.93192,0.81555,0.89852,0.65532,1.02201,0.86546,1.13621,0.001618,0.001618,0.001618
1018,11370.9,1.06055,0.94666,1.10031,0.93195,0.81591,0.89855,0.65462,1.02197,0.86504,1.13606,0.00160975,0.00160975,0.00160975
1019,11381.7,1.06636,0.9515,1.09868,0.93198,0.81621,0.89859,0.65492,1.02212,0.86472,1.13593,0.0016015,0.0016015,0.0016015
1020,11392.6,1.08347,0.95636,1.10503,0.93203,0.81692,0.89876,0.65483,1.02231,0.86437,1.13586,0.00159325,0.00159325,0.00159325
1021,11403.6,1.03352,0.90156,1.08737,0.93202,0.81915,0.89916,0.65506,1.02201,0.86418,1.13555,0.001585,0.001585,0.001585
1022,11414.4,1.06662,0.95217,1.10199,0.928,0.81915,0.89902,0.65577,1.02182,0.86392,1.1354,0.00157675,0.00157675,0.00157675
1023,11425.8,1.04185,0.91082,1.09238,0.92863,0.81915,0.89923,0.65545,1.02181,0.86394,1.13524,0.0015685,0.0015685,0.0015685
1024,11436.7,1.0426,0.92513,1.09248,0.92948,0.81915,0.89942,0.65576,1.02159,0.8638,1.13518,0.00156025,0.00156025,0.00156025
1025,11448,1.05301,0.94046,1.09441,0.92815,0.81915,0.89939,0.65558,1.02167,0.86354,1.13516,0.001552,0.001552,0.001552
1026,11458.9,1.02659,0.91271,1.08902,0.92725,0.81915,0.89938,0.65598,1.02176,0.86324,1.13505,0.00154375,0.00154375,0.00154375
1027,11469.8,1.04078,0.91811,1.09195,0.92687,0.81915,0.89943,0.65624,1.02141,0.86324,1.13497,0.0015355,0.0015355,0.0015355
1028,11481.1,1.05431,0.93408,1.09688,0.92301,0.82128,0.89942,0.65531,1.02123,0.86302,1.1349,0.00152725,0.00152725,0.00152725
1029,11492.2,1.04624,0.93886,1.09228,0.92331,0.82128,0.89944,0.65607,1.02116,0.8625,1.13468,0.001519,0.001519,0.001519
1030,11503.2,1.04013,0.92234,1.08574,0.92324,0.82128,0.89926,0.65587,1.02118,0.86227,1.13453,0.00151075,0.00151075,0.00151075
1031,11514.3,1.03064,0.90947,1.08178,0.92723,0.8133,0.89822,0.6549,1.02088,0.86218,1.13438,0.0015025,0.0015025,0.0015025
1032,11525.3,1.05835,0.92313,1.08994,0.92725,0.81277,0.89828,0.65521,1.02043,0.86188,1.13406,0.00149425,0.00149425,0.00149425
1033,11536.3,1.05274,0.94469,1.09285,0.92735,0.81471,0.89847,0.65593,1.02012,0.8619,1.13395,0.001486,0.001486,0.001486
1034,11547.2,1.05057,0.94528,1.098,0.92122,0.82105,0.89847,0.65503,1.0202,0.86145,1.13392,0.00147775,0.00147775,0.00147775
1035,11558.2,1.03941,0.92259,1.08806,0.92122,0.821,0.8986,0.65507,1.01991,0.86147,1.13372,0.0014695,0.0014695,0.0014695
1036,11569,1.03394,0.90984,1.08662,0.92086,0.82128,0.8986,0.65494,1.01952,0.86143,1.13348,0.00146125,0.00146125,0.00146125
1037,11579.9,1.03821,0.93009,1.09303,0.92046,0.82128,0.89806,0.6551,1.01914,0.86122,1.13333,0.001453,0.001453,0.001453
1038,11591,1.0524,0.93925,1.09809,0.92019,0.82128,0.89883,0.65564,1.019,0.86109,1.1332,0.00144475,0.00144475,0.00144475
1039,11601.9,1.03196,0.91329,1.09302,0.92008,0.82128,0.89825,0.65585,1.01905,0.86084,1.13312,0.0014365,0.0014365,0.0014365
1040,11612.8,1.07048,0.9407,1.10685,0.92243,0.82128,0.89866,0.65614,1.01888,0.86009,1.13296,0.00142825,0.00142825,0.00142825
1041,11623.7,1.06113,0.93471,1.09058,0.92254,0.82128,0.89876,0.65632,1.01867,0.86016,1.13285,0.00142,0.00142,0.00142
1042,11635,1.0458,0.93215,1.0919,0.92251,0.82128,0.89894,0.65594,1.01847,0.86002,1.13286,0.00141175,0.00141175,0.00141175
1043,11645.9,1.05559,0.9331,1.09289,0.92253,0.82128,0.89895,0.65638,1.01919,0.85907,1.13301,0.0014035,0.0014035,0.0014035
1044,11657.2,1.01926,0.89022,1.0763,0.92243,0.82128,0.89902,0.6562,1.01894,0.85881,1.13278,0.00139525,0.00139525,0.00139525
1045,11668.2,1.01769,0.8979,1.0817,0.92002,0.82128,0.89893,0.65634,1.01866,0.85843,1.13255,0.001387,0.001387,0.001387
1046,11679.2,1.0365,0.89634,1.08771,0.91995,0.82128,0.89896,0.65687,1.01859,0.85828,1.13242,0.00137875,0.00137875,0.00137875
1047,11690.6,1.05465,0.92292,1.08875,0.92232,0.82128,0.8991,0.65803,1.01829,0.85808,1.13224,0.0013705,0.0013705,0.0013705
1048,11702,1.04274,0.91438,1.08643,0.92205,0.82128,0.89911,0.65744,1.01807,0.85818,1.13212,0.00136225,0.00136225,0.00136225
1049,11713,1.04161,0.91658,1.09016,0.92063,0.82128,0.8992,0.65794,1.01786,0.85779,1.13195,0.001354,0.001354,0.001354
1050,11724,1.00566,0.89044,1.08105,0.92068,0.82128,0.89936,0.65774,1.01765,0.85772,1.13186,0.00134575,0.00134575,0.00134575
1051,11735,1.03447,0.91111,1.09293,0.92052,0.82128,0.89949,0.65813,1.01756,0.85727,1.13191,0.0013375,0.0013375,0.0013375
1052,11746.3,1.03408,0.90504,1.07836,0.91939,0.82511,0.89948,0.65824,1.01716,0.8572,1.13182,0.00132925,0.00132925,0.00132925
1053,11757.6,1.02508,0.90103,1.08388,0.91935,0.82465,0.89952,0.65861,1.01661,0.85724,1.13171,0.001321,0.001321,0.001321
1054,11769,1.03461,0.91532,1.08226,0.91719,0.82485,0.8993,0.65872,1.01647,0.85687,1.13153,0.00131275,0.00131275,0.00131275
1055,11780.4,1.04184,0.92288,1.09107,0.91935,0.82464,0.89949,0.65901,1.01629,0.85677,1.13152,0.0013045,0.0013045,0.0013045
1056,11791.7,1.04266,0.91661,1.09297,0.91712,0.824,0.89942,0.65971,1.01623,0.85592,1.1315,0.00129625,0.00129625,0.00129625
1057,11802.7,1.0051,0.88601,1.07596,0.91721,0.82502,0.89965,0.65905,1.01609,0.85572,1.13144,0.001288,0.001288,0.001288
1058,11813,1.02432,0.907,1.08022,0.91722,0.82507,0.89967,0.65909,1.01595,0.8556,1.13128,0.00127975,0.00127975,0.00127975
1059,11823.4,0.97966,0.8628,1.06006,0.91725,0.8255,0.89982,0.65881,1.01592,0.85525,1.13133,0.0012715,0.0012715,0.0012715
1060,11834.5,1.02071,0.89269,1.07059,0.91535,0.82826,0.89978,0.65951,1.01582,0.85516,1.13133,0.00126325,0.00126325,0.00126325
1061,11845.6,1.03558,0.92575,1.0827,0.91309,0.82979,0.90044,0.65989,1.01583,0.85503,1.13123,0.001255,0.001255,0.001255
1062,11857,1.01236,0.90488,1.07886,0.91659,0.82979,0.90055,0.65985,1.01561,0.85478,1.13105,0.00124675,0.00124675,0.00124675
1063,11868.1,1.0252,0.90553,1.08878,0.9166,0.82979,0.90067,0.65987,1.01535,0.85447,1.13071,0.0012385,0.0012385,0.0012385
1064,11879.3,1.01836,0.89766,1.07267,0.9175,0.82979,0.90064,0.66031,1.01515,0.85413,1.13051,0.00123025,0.00123025,0.00123025
1065,11890.5,1.01718,0.91049,1.08044,0.91764,0.82973,0.90062,0.66003,1.01515,0.85384,1.13043,0.001222,0.001222,0.001222
1066,11901.5,1.01124,0.89257,1.07884,0.91775,0.83092,0.9006,0.66002,1.01476,0.85392,1.13033,0.00121375,0.00121375,0.00121375
1067,11912.4,1.00369,0.86877,1.07218,0.9175,0.83191,0.90061,0.6601,1.01464,0.85393,1.13018,0.0012055,0.0012055,0.0012055
1068,11923.3,1.02761,0.90828,1.07875,0.91679,0.83191,0.90068,0.66067,1.01434,0.85338,1.13017,0.00119725,0.00119725,0.00119725
1069,11934.6,1.01702,0.90248,1.07574,0.91596,0.83191,0.90059,0.66055,1.01387,0.85325,1.12997,0.001189,0.001189,0.001189
1070,11945.7,1.03472,0.92526,1.08073,0.91598,0.83191,0.90052,0.66072,1.01381,0.85298,1.12993,0.00118075,0.00118075,0.00118075
1071,11957,1.02155,0.89447,1.08328,0.91358,0.83191,0.90053,0.66006,1.01382,0.85253,1.12992,0.0011725,0.0011725,0.0011725
1072,11967.9,1.04211,0.92421,1.09068,0.91468,0.83404,0.90069,0.66049,1.0136,0.85225,1.12971,0.00116425,0.00116425,0.00116425
1073,11978.9,1.02541,0.91167,1.08624,0.91583,0.83347,0.90079,0.66068,1.01339,0.85192,1.12974,0.001156,0.001156,0.001156
1074,11990,0.99629,0.89256,1.07242,0.9143,0.83404,0.90106,0.66032,1.01344,0.85118,1.1295,0.00114775,0.00114775,0.00114775
1075,12001,1.01615,0.9005,1.07258,0.91803,0.83403,0.90162,0.66164,1.01306,0.85095,1.12935,0.0011395,0.0011395,0.0011395
1076,12012.4,1.0209,0.90466,1.0839,0.91815,0.83539,0.9017,0.661,1.01297,0.8508,1.12932,0.00113125,0.00113125,0.00113125
1077,12023.5,1.00997,0.88951,1.07207,0.91818,0.83569,0.9018,0.6611,1.0127,0.85058,1.12937,0.001123,0.001123,0.001123
1078,12034.7,1.01147,0.89203,1.07663,0.91814,0.83521,0.90256,0.66059,1.01247,0.85015,1.12917,0.00111475,0.00111475,0.00111475
1079,12045.8,1.01041,0.88492,1.07109,0.91816,0.8354,0.90262,0.66117,1.01229,0.84983,1.12901,0.0011065,0.0011065,0.0011065
1080,12056.9,1.02215,0.90402,1.08122,0.91479,0.83617,0.90279,0.6611,1.0123,0.84947,1.12893,0.00109825,0.00109825,0.00109825
1081,12067.9,1.01671,0.89825,1.08207,0.91818,0.83565,0.90335,0.66199,1.01215,0.84909,1.12878,0.00109,0.00109,0.00109
1082,12079.3,1.03062,0.91321,1.0897,0.91414,0.83816,0.90271,0.6632,1.01207,0.84908,1.12877,0.00108175,0.00108175,0.00108175
1083,12090.6,0.98655,0.88937,1.06738,0.91453,0.83617,0.90359,0.66241,1.01176,0.84891,1.12867,0.0010735,0.0010735,0.0010735
1084,12101.6,0.99005,0.87923,1.0713,0.9182,0.83585,0.90286,0.66238,1.01178,0.84877,1.12874,0.00106525,0.00106525,0.00106525
1085,12112.7,0.9951,0.87484,1.06937,0.91418,0.83862,0.90305,0.66219,1.01162,0.84838,1.12856,0.001057,0.001057,0.001057
1086,12123.8,0.99943,0.87644,1.07153,0.91432,0.83617,0.90243,0.6619,1.01155,0.84827,1.12842,0.00104875,0.00104875,0.00104875
1087,12134.9,1.02368,0.9058,1.07561,0.91625,0.83617,0.90248,0.66205,1.01122,0.84815,1.12831,0.0010405,0.0010405,0.0010405
1088,12145.9,0.99111,0.87112,1.06879,0.91409,0.83762,0.90257,0.66232,1.01101,0.84831,1.12837,0.00103225,0.00103225,0.00103225
1089,12156.9,0.99922,0.89,1.07141,0.91409,0.83767,0.90397,0.66252,1.0106,0.84808,1.12822,0.001024,0.001024,0.001024
1090,12167.9,0.99433,0.88247,1.06692,0.91432,0.84013,0.90487,0.66269,1.01063,0.84787,1.12825,0.00101575,0.00101575,0.00101575
1091,12179,0.99647,0.87675,1.07014,0.91391,0.84043,0.90491,0.66275,1.01038,0.84768,1.12812,0.0010075,0.0010075,0.0010075
1092,12190.1,0.99567,0.87489,1.06195,0.91296,0.84043,0.90493,0.66284,1.01034,0.84742,1.12803,0.00099925,0.00099925,0.00099925
1093,12201.2,1.01476,0.90042,1.0777,0.91225,0.84053,0.90499,0.66263,1.01002,0.84714,1.12799,0.000991,0.000991,0.000991
1094,12212.2,1.00896,0.87258,1.06826,0.91235,0.84162,0.90508,0.66267,1.00987,0.84677,1.12767,0.00098275,0.00098275,0.00098275
1095,12223.3,1.0148,0.88511,1.07535,0.91236,0.84164,0.90515,0.66262,1.00958,0.84649,1.12753,0.0009745,0.0009745,0.0009745
1096,12234.3,0.99519,0.88047,1.06994,0.91241,0.84225,0.90512,0.66174,1.00924,0.84654,1.12738,0.00096625,0.00096625,0.00096625
1097,12245.4,1.00988,0.87992,1.07666,0.91239,0.84203,0.90521,0.66221,1.00924,0.84613,1.12737,0.000958,0.000958,0.000958
1098,12256.4,0.98981,0.86956,1.06737,0.91229,0.84255,0.90529,0.66241,1.00882,0.84574,1.12699,0.00094975,0.00094975,0.00094975
1099,12267.5,0.97549,0.86581,1.06433,0.91187,0.84255,0.90449,0.6621,1.00855,0.84546,1.1269,0.0009415,0.0009415,0.0009415
1100,12278.6,0.99914,0.88185,1.07426,0.91122,0.84255,0.90454,0.66233,1.00803,0.84525,1.12668,0.00093325,0.00093325,0.00093325
1101,12289.7,0.97837,0.87602,1.05949,0.9109,0.84255,0.90469,0.66274,1.00798,0.84497,1.12655,0.000925,0.000925,0.000925
1102,12300.6,0.99277,0.87231,1.06608,0.91046,0.84255,0.90474,0.66227,1.00763,0.84458,1.12639,0.00091675,0.00091675,0.00091675
1103,12311.6,0.99818,0.88518,1.07592,0.91225,0.84255,0.90504,0.66353,1.00717,0.84436,1.12632,0.0009085,0.0009085,0.0009085
1104,12322.8,1.00083,0.88385,1.0757,0.9126,0.84255,0.90515,0.66419,1.00728,0.84393,1.12625,0.00090025,0.00090025,0.00090025
1105,12334.2,0.98746,0.87566,1.06062,0.91238,0.84255,0.90512,0.66393,1.00732,0.84361,1.12617,0.000892,0.000892,0.000892
1106,12345.4,0.9731,0.85117,1.05778,0.91214,0.84255,0.90521,0.66382,1.00678,0.84345,1.12607,0.00088375,0.00088375,0.00088375
1107,12356.4,1.02792,0.90065,1.08407,0.91298,0.84255,0.90536,0.66394,1.00672,0.84317,1.12601,0.0008755,0.0008755,0.0008755
1108,12367.5,0.99199,0.87959,1.06885,0.91357,0.84255,0.90545,0.66395,1.00653,0.84278,1.12588,0.00086725,0.00086725,0.00086725
1109,12378.5,0.99177,0.88188,1.0599,0.91393,0.84255,0.90547,0.66424,1.00639,0.84248,1.12576,0.000859,0.000859,0.000859
1110,12389.9,0.99142,0.86915,1.06637,0.91385,0.84255,0.90537,0.66429,1.0062,0.84242,1.12567,0.00085075,0.00085075,0.00085075
1111,12401.2,0.97477,0.87585,1.05813,0.91127,0.84255,0.90524,0.66421,1.00575,0.84232,1.12548,0.0008425,0.0008425,0.0008425
1112,12412.3,1.00981,0.89191,1.0666,0.9131,0.84255,0.90531,0.66435,1.00569,0.84191,1.12541,0.00083425,0.00083425,0.00083425
1113,12423.6,0.97679,0.86992,1.06292,0.91331,0.84255,0.90553,0.66456,1.00552,0.84168,1.12533,0.000826,0.000826,0.000826
1114,12434.9,0.9745,0.87071,1.05914,0.91252,0.84255,0.9055,0.66454,1.00504,0.84154,1.12508,0.00081775,0.00081775,0.00081775
1115,12445.9,0.99076,0.87202,1.0624,0.91297,0.84255,0.90556,0.66467,1.00467,0.8411,1.12487,0.0008095,0.0008095,0.0008095
1116,12457.2,0.97251,0.84728,1.06156,0.91274,0.84255,0.90559,0.66457,1.00439,0.84114,1.12473,0.00080125,0.00080125,0.00080125
1117,12468.2,0.98582,0.87681,1.06856,0.91173,0.84255,0.90535,0.66424,1.00435,0.84073,1.12463,0.000793,0.000793,0.000793
1118,12479.3,0.97692,0.85789,1.0622,0.91341,0.84255,0.90568,0.66483,1.00411,0.84052,1.12444,0.00078475,0.00078475,0.00078475
1119,12490.5,0.98209,0.86596,1.0683,0.91358,0.84255,0.90564,0.66453,1.00399,0.84038,1.12435,0.0007765,0.0007765,0.0007765
1120,12501.5,0.98158,0.8715,1.06212,0.91408,0.84255,0.90578,0.66445,1.00379,0.84007,1.12421,0.00076825,0.00076825,0.00076825
1121,12512.5,0.98559,0.85283,1.06251,0.91356,0.84255,0.90584,0.6644,1.0036,0.83984,1.12412,0.00076,0.00076,0.00076
1122,12523.6,0.97845,0.85931,1.05835,0.91416,0.84255,0.90585,0.66474,1.00347,0.83979,1.12395,0.00075175,0.00075175,0.00075175
1123,12534.5,0.9851,0.86715,1.06401,0.9141,0.84255,0.90588,0.66491,1.00331,0.83933,1.12375,0.0007435,0.0007435,0.0007435
1124,12545.9,0.95903,0.83782,1.05643,0.91445,0.84255,0.90587,0.66484,1.00332,0.83927,1.12372,0.00073525,0.00073525,0.00073525
1125,12557,0.9798,0.85103,1.06377,0.91444,0.84255,0.90596,0.66514,1.00309,0.83924,1.1235,0.000727,0.000727,0.000727
1126,12568.4,0.9641,0.85474,1.0508,0.91424,0.84255,0.90598,0.66511,1.00293,0.83894,1.12346,0.00071875,0.00071875,0.00071875
1127,12579.4,0.97102,0.87063,1.06237,0.91406,0.84255,0.90601,0.665,1.00275,0.83875,1.12337,0.0007105,0.0007105,0.0007105
1128,12590.3,0.96982,0.86551,1.06157,0.91398,0.84255,0.90606,0.66496,1.00237,0.8382,1.12323,0.00070225,0.00070225,0.00070225
1129,12601.2,0.96951,0.84553,1.05784,0.9143,0.84255,0.90612,0.66523,1.0023,0.8377,1.12312,0.000694,0.000694,0.000694
1130,12612.5,0.98115,0.87998,1.06458,0.91445,0.84152,0.90617,0.6655,1.00202,0.8377,1.12294,0.00068575,0.00068575,0.00068575
1131,12623.9,0.97346,0.86719,1.05776,0.91454,0.84242,0.90619,0.66569,1.00182,0.837,1.12283,0.0006775,0.0006775,0.0006775
1132,12635.2,0.98761,0.88518,1.06422,0.91432,0.84255,0.90624,0.66571,1.00173,0.83677,1.12275,0.00066925,0.00066925,0.00066925
1133,12646.3,0.99807,0.8682,1.07216,0.91453,0.84231,0.90631,0.66565,1.00143,0.83653,1.1226,0.000661,0.000661,0.000661
1134,12657.5,0.98844,0.86388,1.06866,0.9144,0.84255,0.90639,0.66574,1.0013,0.83624,1.12247,0.00065275,0.00065275,0.00065275
1135,12668.9,0.97233,0.867,1.06187,0.91659,0.84255,0.90663,0.66626,1.00091,0.83602,1.12226,0.0006445,0.0006445,0.0006445
1136,12680.1,0.98641,0.87073,1.06657,0.91448,0.84255,0.90664,0.66616,1.00071,0.83571,1.12208,0.00063625,0.00063625,0.00063625
1137,12691.1,0.96149,0.8575,1.05478,0.91638,0.84255,0.90688,0.66648,1.00033,0.83532,1.12191,0.000628,0.000628,0.000628
1138,12702.5,0.97577,0.86531,1.06068,0.91657,0.84148,0.90684,0.6665,1.00041,0.83506,1.12189,0.00061975,0.00061975,0.00061975
1139,12713.9,0.96936,0.84802,1.06181,0.91666,0.84247,0.90686,0.66664,1.0003,0.83488,1.12182,0.0006115,0.0006115,0.0006115
1140,12725.2,0.98073,0.86835,1.06527,0.91662,0.84209,0.90687,0.66715,1.00012,0.83465,1.1217,0.00060325,0.00060325,0.00060325
1141,12736.3,0.98212,0.86808,1.06362,0.9166,0.84176,0.90687,0.66739,1.00007,0.83426,1.12165,0.000595,0.000595,0.000595
1142,12747.4,0.95843,0.85583,1.05452,0.9166,0.84185,0.90767,0.66769,0.99971,0.83419,1.12136,0.00058675,0.00058675,0.00058675
1143,12758.6,0.96746,0.85233,1.06058,0.91657,0.84146,0.90771,0.66774,0.99976,0.83397,1.12131,0.0005785,0.0005785,0.0005785
1144,12770,0.9758,0.86125,1.05988,0.91656,0.84133,0.9078,0.66785,0.9996,0.8336,1.12127,0.00057025,0.00057025,0.00057025
1145,12781.5,0.94841,0.83652,1.05035,0.91651,0.84086,0.90783,0.66745,0.99933,0.83338,1.1211,0.000562,0.000562,0.000562
1146,12792.5,0.94612,0.82944,1.04177,0.91645,0.84017,0.90785,0.66752,0.9992,0.83335,1.12097,0.00055375,0.00055375,0.00055375
1147,12803.6,0.96215,0.85133,1.05633,0.91648,0.84047,0.90784,0.66768,0.99894,0.83309,1.12081,0.0005455,0.0005455,0.0005455
1148,12814.6,0.97712,0.87456,1.06027,0.9164,0.8396,0.90792,0.66762,0.99871,0.83286,1.12076,0.00053725,0.00053725,0.00053725
1149,12825.6,0.9432,0.81639,1.04039,0.91639,0.83947,0.90801,0.66767,0.9987,0.83266,1.12059,0.000529,0.000529,0.000529
1150,12836.5,0.95692,0.84735,1.05325,0.91638,0.83941,0.90809,0.66722,0.99875,0.8322,1.12062,0.00052075,0.00052075,0.00052075
1151,12847.5,0.95377,0.84124,1.05156,0.91649,0.84058,0.90799,0.66708,0.99862,0.83244,1.12057,0.0005125,0.0005125,0.0005125
1152,12858.5,0.92602,0.80855,1.03675,0.91643,0.84,0.90807,0.66741,0.9986,0.83181,1.12047,0.00050425,0.00050425,0.00050425
1153,12869.4,0.94548,0.8316,1.04469,0.91846,0.83883,0.90832,0.66731,0.99838,0.83161,1.12029,0.000496,0.000496,0.000496
1154,12880.6,0.97159,0.86725,1.06319,0.91775,0.8383,0.90813,0.66723,0.99826,0.83142,1.12022,0.00048775,0.00048775,0.00048775
1155,12891.6,0.94718,0.8363,1.04786,0.91686,0.8383,0.90822,0.66738,0.99802,0.83104,1.12009,0.0004795,0.0004795,0.0004795
1156,12902.7,0.97197,0.85953,1.05397,0.9198,0.8383,0.90845,0.66756,0.9982,0.83028,1.12011,0.00047125,0.00047125,0.00047125
1157,12913.8,0.9513,0.84798,1.04594,0.92061,0.8383,0.90843,0.66765,0.99782,0.83034,1.1199,0.000463,0.000463,0.000463
1158,12924.7,0.95179,0.83559,1.05148,0.92224,0.8383,0.90868,0.66802,0.99784,0.82973,1.1198,0.00045475,0.00045475,0.00045475
1159,12936,0.96105,0.85478,1.05041,0.92311,0.8383,0.90869,0.66794,0.99788,0.82968,1.11974,0.0004465,0.0004465,0.0004465
1160,12947,0.94224,0.83902,1.04901,0.92332,0.8383,0.90875,0.66842,0.99764,0.82924,1.11966,0.00043825,0.00043825,0.00043825
1161,12958.2,0.96783,0.85885,1.05393,0.92488,0.83826,0.90884,0.66903,0.99757,0.82908,1.11949,0.00043,0.00043,0.00043
1162,12969.6,0.93474,0.82295,1.04485,0.9249,0.83617,0.90888,0.66883,0.99743,0.82886,1.11935,0.00042175,0.00042175,0.00042175
1163,12980.6,0.95327,0.85178,1.05446,0.92484,0.83776,0.90887,0.66882,0.99736,0.82868,1.11933,0.0004135,0.0004135,0.0004135
1164,12991.6,0.95066,0.84662,1.05243,0.92533,0.83617,0.90887,0.66886,0.99735,0.82818,1.11928,0.00040525,0.00040525,0.00040525
1165,13002.4,0.95805,0.85959,1.04927,0.92473,0.83617,0.90896,0.66876,0.99722,0.82805,1.11912,0.000397,0.000397,0.000397
1166,13013.6,0.96545,0.84212,1.05226,0.92593,0.83617,0.90901,0.66867,0.99721,0.82793,1.11911,0.00038875,0.00038875,0.00038875
1167,13024.8,0.96451,0.85604,1.05382,0.92658,0.83617,0.90902,0.66861,0.99689,0.82801,1.11889,0.0003805,0.0003805,0.0003805
1168,13035.8,0.9347,0.82374,1.04304,0.92562,0.83617,0.90896,0.66893,0.99699,0.82752,1.11892,0.00037225,0.00037225,0.00037225
1169,13046.9,0.97254,0.86077,1.05887,0.92574,0.83617,0.90911,0.66892,0.99695,0.82731,1.11886,0.000364,0.000364,0.000364
1170,13057.8,0.93364,0.82056,1.04343,0.9266,0.83262,0.90917,0.66905,0.99677,0.82726,1.1187,0.00035575,0.00035575,0.00035575
1171,13069.1,0.95725,0.84162,1.05439,0.92657,0.83222,0.90919,0.66936,0.99662,0.8271,1.11858,0.0003475,0.0003475,0.0003475
1172,13080.5,0.94683,0.83706,1.05244,0.92595,0.83617,0.90925,0.66874,0.99658,0.82681,1.1185,0.00033925,0.00033925,0.00033925
1173,13091.5,0.93486,0.83518,1.05027,0.92643,0.83058,0.90923,0.66859,0.99636,0.82665,1.1184,0.000331,0.000331,0.000331
1174,13102.6,0.96066,0.85796,1.055,0.92661,0.83283,0.90928,0.66913,0.99616,0.82647,1.11827,0.00032275,0.00032275,0.00032275
1175,13113.5,0.98566,0.8729,1.06466,0.92649,0.83133,0.90923,0.66897,0.99625,0.82626,1.11824,0.0003145,0.0003145,0.0003145
1176,13124.7,0.94513,0.84017,1.04838,0.92646,0.83098,0.90926,0.66889,0.99615,0.82599,1.11809,0.00030625,0.00030625,0.00030625
1177,13135.8,0.93706,0.84151,1.04427,0.92432,0.83159,0.90904,0.66873,0.99612,0.82589,1.11814,0.000298,0.000298,0.000298
1178,13146.9,0.95473,0.85092,1.05246,0.92647,0.83103,0.90932,0.6689,0.99603,0.8255,1.11801,0.00028975,0.00028975,0.00028975
1179,13157.9,0.94043,0.83419,1.041,0.92423,0.83046,0.9091,0.66894,0.99591,0.82539,1.11795,0.0002815,0.0002815,0.0002815
1180,13169,0.93621,0.82773,1.04972,0.92656,0.83215,0.90931,0.6695,0.99576,0.82502,1.11782,0.00027325,0.00027325,0.00027325
1181,13180.3,0.95273,0.86388,1.05369,0.92646,0.8309,0.90929,0.66967,0.99569,0.82495,1.11776,0.000265,0.000265,0.000265
1182,13191.6,0.94365,0.84137,1.04768,0.92636,0.82969,0.9094,0.6695,0.99555,0.82477,1.11768,0.00025675,0.00025675,0.00025675
1183,13202.5,0.95739,0.84305,1.05559,0.92639,0.83011,0.90931,0.6696,0.99535,0.8247,1.11741,0.0002485,0.0002485,0.0002485
1184,13213.6,0.9209,0.81453,1.03936,0.92636,0.82977,0.90936,0.66955,0.99535,0.82416,1.11734,0.00024025,0.00024025,0.00024025
1185,13224.6,0.92672,0.82794,1.04023,0.92636,0.82976,0.9094,0.66957,0.99519,0.82426,1.11727,0.000232,0.000232,0.000232
1186,13235.7,0.95875,0.83484,1.04744,0.92635,0.8296,0.90945,0.66968,0.99503,0.82394,1.11713,0.00022375,0.00022375,0.00022375
1187,13247,0.94523,0.83396,1.04982,0.92632,0.82926,0.90943,0.66965,0.99481,0.82397,1.11702,0.0002155,0.0002155,0.0002155
1188,13258.1,0.95608,0.8442,1.05191,0.92632,0.82919,0.90948,0.66964,0.9949,0.82363,1.11692,0.00020725,0.00020725,0.00020725
1189,13268.6,0.94532,0.8531,1.05047,0.92633,0.82936,0.90959,0.66964,0.99474,0.82349,1.11683,0.000199,0.000199,0.000199
1190,13279.4,0.92506,0.82293,1.04422,0.9263,0.829,0.90964,0.66997,0.99464,0.82322,1.11677,0.00019075,0.00019075,0.00019075
1191,13292.2,0.96951,0.75013,1.09919,0.92409,0.82885,0.9094,0.66998,0.99456,0.82318,1.11662,0.0001825,0.0001825,0.0001825
1192,13303.3,0.88884,0.68508,1.04735,0.92409,0.82888,0.90944,0.67042,0.99432,0.82286,1.11643,0.00017425,0.00017425,0.00017425
1193,13314.6,0.86555,0.68257,1.03277,0.92406,0.82851,0.9094,0.67044,0.9941,0.82285,1.11628,0.000166,0.000166,0.000166
1194,13325.9,0.8552,0.66437,1.02725,0.92408,0.82871,0.90956,0.6707,0.99384,0.82256,1.11618,0.00015775,0.00015775,0.00015775
1195,13337,0.83133,0.65914,1.01736,0.92435,0.83197,0.90963,0.67071,0.99351,0.82251,1.11593,0.0001495,0.0001495,0.0001495
1196,13348.5,0.82848,0.65633,1.02772,0.92433,0.83169,0.9098,0.67082,0.99315,0.82209,1.11579,0.00014125,0.00014125,0.00014125
1197,13360,0.8233,0.64857,1.01236,0.92429,0.83122,0.90978,0.67085,0.99296,0.82174,1.11555,0.000133,0.000133,0.000133
1198,13371.3,0.81278,0.64676,1.01417,0.94922,0.81277,0.91017,0.67092,0.99265,0.82171,1.11538,0.00012475,0.00012475,0.00012475
1199,13382.7,0.78873,0.63854,0.99879,0.94848,0.81277,0.91022,0.67101,0.9922,0.82132,1.11512,0.0001165,0.0001165,0.0001165
1200,13394,0.79438,0.63063,1.00521,0.95032,0.81392,0.91024,0.67096,0.99184,0.82105,1.11489,0.00010825,0.00010825,0.00010825
