epoch,time,train/box_loss,train/cls_loss,train/dfl_loss,metrics/precision(B),metrics/recall(B),metrics/mAP50(B),metrics/mAP50-95(B),val/box_loss,val/cls_loss,val/dfl_loss,lr/pg0,lr/pg1,lr/pg2
1,6.71784,6.11908,9.08515,4.23174,0,0,0,0,6.36626,9.02926,4.15661,0.0019,0.0019,0.0019
2,11.6716,6.04597,7.50411,4.21707,0,0,0,0,6.3603,8.52613,4.15171,0.00389846,0.00389846,0.00389846
3,16.5249,6.07167,6.11079,4.1358,0,0,0,0,6.32873,6.53684,4.08768,0.00589533,0.00589533,0.00589533
4,21.3889,5.27614,4.60188,3.50941,0,0,0,0,5.14871,5.99634,3.05306,0.00789061,0.00789061,0.00789061
5,26.3169,4.31588,3.98388,2.93243,0.00085,0.12766,0.00049,0.00011,4.30032,4.54007,2.69086,0.00988432,0.00988432,0.00988432
6,31.2291,4.1402,3.90936,2.82943,0.00108,0.15106,0.00066,0.00016,4.264,4.41887,3.39811,0.0099802,0.0099802,0.0099802
7,37.7092,4.10835,3.93525,2.80495,0.00183,0.06809,0.00109,0.00026,4.18171,6.46604,9.1618,0.00997624,0.00997624,0.00997624
8,46.6998,4.00816,3.90897,2.72594,0.00183,0.06809,0.00109,0.00026,2.56095,5.73956,10.2162,0.00997228,0.00997228,0.00997228
9,54.9075,3.9557,3.92662,2.70441,0.00019,0.00426,0.0001,2e-05,3.98995,8.73606,5.7125,0.00996832,0.00996832,0.00996832
10,59.7213,3.903,3.93207,2.69201,0.00094,0.1383,0.00088,0.00019,4.36334,4.82544,3.10367,0.00996436,0.00996436,0.00996436
11,64.3862,3.87484,3.93859,2.61092,0.00045,0.06383,0.00026,5e-05,4.1819,4.41424,2.7686,0.0099604,0.0099604,0.0099604
12,69.0427,3.83003,4.00517,2.57273,0.001,0.15106,0.00075,0.00017,4.0411,4.38313,3.44831,0.00995644,0.00995644,0.00995644
13,73.7205,3.79096,3.96253,2.54331,0.00127,0.18723,0.0017,0.00042,3.85531,4.30352,2.59825,0.00995248,0.00995248,0.00995248
14,78.8269,3.73471,3.97065,2.53421,0.00127,0.18298,0.00096,0.0002,3.90411,4.3998,2.58299,0.00994852,0.00994852,0.00994852
15,83.6094,3.69816,3.95861,2.51843,0.00126,0.18511,0.00096,0.00019,3.95064,4.30351,2.5221,0.00994456,0.00994456,0.00994456
16,88.9657,3.67523,4.01071,2.49293,0.00152,0.22979,0.00131,0.00029,3.85909,4.20843,2.33427,0.0099406,0.0099406,0.0099406
17,97.7175,3.66077,3.9719,2.49,0.001,0.15106,0.00063,0.00013,4.03989,4.78205,2.62796,0.00993664,0.00993664,0.00993664
18,106.633,3.64761,3.95403,2.44499,0.00143,0.21489,0.00127,0.00026,3.93462,4.19331,2.4527,0.00993268,0.00993268,0.00993268
19,112.383,3.64237,3.96209,2.44474,0.00037,0.00426,0.00021,3e-05,4.57634,4.83996,2.98411,0.00992872,0.00992872,0.00992872
20,117.122,3.68373,3.98782,2.45141,0.00154,0.21277,0.00201,0.00045,3.85551,4.21189,2.49914,0.00992476,0.00992476,0.00992476
21,122.24,3.6425,3.93686,2.46106,0.00171,0.25957,0.00175,0.00037,3.86506,4.11388,2.38256,0.0099208,0.0099208,0.0099208
22,126.876,3.57668,3.96386,2.40471,0.00142,0.20638,0.00137,0.00029,3.92348,4.20611,2.45444,0.00991684,0.00991684,0.00991684
23,131.501,3.63767,3.94935,2.42965,0.00164,0.2383,0.00154,0.00034,3.89505,4.10673,2.46097,0.00991288,0.00991288,0.00991288
24,136.234,3.62279,3.94523,2.39049,0.00179,0.25106,0.0017,0.00039,3.77175,4.20894,2.30039,0.00990892,0.00990892,0.00990892
25,140.391,3.57584,3.92997,2.38568,0.00179,0.25106,0.0017,0.00039,4.33358,7.14527,5.26777,0.00990496,0.00990496,0.00990496
26,145.182,3.56065,3.89651,2.36191,0.0037,0.00851,0.00072,0.00023,3.90505,4.53176,2.41749,0.009901,0.009901,0.009901
27,149.926,3.58212,3.9115,2.3889,0.00132,0.19574,0.00176,0.00066,3.94616,4.11962,2.39629,0.00989704,0.00989704,0.00989704
28,156.922,3.55452,3.90396,2.37564,0.00223,0.09149,0.00129,0.0003,4.05105,4.38683,2.54691,0.00989308,0.00989308,0.00989308
29,165.625,3.49208,3.94363,2.38955,0.00201,0.1,0.00177,0.00041,3.78597,4.5582,2.50289,0.00988912,0.00988912,0.00988912
30,173.35,3.47961,3.88333,2.36193,0.00093,0.07447,0.00066,0.00017,4.13183,4.64329,2.73622,0.00988516,0.00988516,0.00988516
31,177.646,3.56656,3.867,2.36605,0.00093,0.07447,0.00066,0.00017,4.90971,6.58818,3.18163,0.0098812,0.0098812,0.0098812
32,182.325,3.52166,3.87331,2.37136,0.00212,0.3234,0.00257,0.00065,3.6406,4.05488,2.48097,0.00987724,0.00987724,0.00987724
33,187.508,3.49496,3.8385,2.36499,0.00163,0.24894,0.00188,0.0004,3.64024,4.33827,2.49415,0.00987328,0.00987328,0.00987328
34,192.305,3.4549,3.82623,2.41803,0.00231,0.34681,0.00253,0.00057,3.56391,4.19043,2.56188,0.00986932,0.00986932,0.00986932
35,197.05,3.45539,3.79994,2.3712,0.00238,0.36383,0.00355,0.00088,3.5249,4.13798,2.50476,0.00986536,0.00986536,0.00986536
36,202.046,3.45924,3.8034,2.39885,0.00227,0.32766,0.00304,0.00076,3.56276,4.03756,2.43792,0.0098614,0.0098614,0.0098614
37,206.734,3.44575,3.80713,2.36992,0.00176,0.26809,0.00187,0.00044,3.67422,4.64304,2.46536,0.00985744,0.00985744,0.00985744
38,214.183,3.44017,3.78075,2.38716,0.0017,0.25957,0.0016,0.00033,3.62763,4.68277,2.40582,0.00985348,0.00985348,0.00985348
39,222.862,3.46051,3.80884,2.3947,0.00234,0.35532,0.00314,0.00074,3.55199,3.97535,2.39068,0.00984952,0.00984952,0.00984952
40,229.965,3.44583,3.76185,2.35384,0.00217,0.32128,0.0048,0.00092,3.59606,4.02337,2.36401,0.00984556,0.00984556,0.00984556
41,234.864,3.41098,3.74884,2.36038,0.00194,0.28511,0.00248,0.00059,3.60868,4.30647,2.39394,0.0098416,0.0098416,0.0098416
42,239.527,3.35529,3.74555,2.3276,0.002,0.30426,0.00438,0.00125,3.50796,4.16046,2.426,0.00983764,0.00983764,0.00983764
43,244.594,3.38703,3.72478,2.36565,0.00028,0.04255,0.00017,5e-05,4.15725,13.3121,2.86817,0.00983368,0.00983368,0.00983368
44,249.275,3.35577,3.71051,2.3588,0.00243,0.35532,0.00272,0.0006,3.58358,4.02958,2.44913,0.00982972,0.00982972,0.00982972
45,253.929,3.36512,3.7545,2.37446,0.00145,0.21702,0.00144,0.0004,3.66223,4.57254,2.47131,0.00982576,0.00982576,0.00982576
46,258.614,3.35746,3.76736,2.39565,0.00206,0.31277,0.00495,0.00107,3.55423,3.96717,2.45628,0.0098218,0.0098218,0.0098218
47,263.686,3.29973,3.74075,2.39226,0.00174,0.26383,0.00306,0.00072,3.58649,4.49431,2.46428,0.00981784,0.00981784,0.00981784
48,271.925,3.30128,3.69361,2.36271,0.00257,0.39149,0.00601,0.00117,3.52194,3.90973,2.4653,0.00981388,0.00981388,0.00981388
49,281.677,3.32776,3.68683,2.34943,0.00209,0.31489,0.00271,0.00065,3.61119,4.14199,2.47517,0.00980992,0.00980992,0.00980992
50,287.583,3.33751,3.68803,2.35783,0.00185,0.28085,0.00527,0.00114,3.66143,4.07176,2.45886,0.00980596,0.00980596,0.00980596
51,292.694,3.3094,3.66955,2.35802,0.00054,0.08085,0.00031,7e-05,4.09501,12.1961,2.62162,0.009802,0.009802,0.009802
52,297.515,3.37287,3.68372,2.37295,0.00069,0.10426,0.00051,0.00012,3.98314,13.3178,2.62699,0.00979804,0.00979804,0.00979804
53,302.378,3.30678,3.68044,2.36284,0.00037,0.05532,0.0002,4e-05,4.00264,63.2182,2.7167,0.00979408,0.00979408,0.00979408
54,307.073,3.28244,3.63365,2.35308,0.00292,0.44468,0.00781,0.00144,3.39645,3.70662,2.42916,0.00979012,0.00979012,0.00979012
55,312.016,3.28782,3.64229,2.34906,0.00282,0.23404,0.00253,0.00059,3.48202,4.14247,2.41845,0.00978616,0.00978616,0.00978616
56,317.166,3.26333,3.64626,2.3277,0.0029,0.44255,0.00829,0.00187,3.36213,3.80967,2.37833,0.0097822,0.0097822,0.0097822
57,326.14,3.21276,3.61794,2.31661,0.00263,0.35532,0.00378,0.00076,3.49743,4.01405,2.46235,0.00977824,0.00977824,0.00977824
58,334.214,3.25195,3.64266,2.32945,0.00234,0.35745,0.00321,0.00082,3.56553,4.29511,2.42313,0.00977428,0.00977428,0.00977428
59,340.043,3.26522,3.64892,2.34496,0.00232,0.35106,0.00636,0.00122,3.46745,3.97765,2.54072,0.00977032,0.00977032,0.00977032
60,344.835,3.22363,3.63939,2.33563,0.00285,0.42979,0.00696,0.0015,3.40693,3.82787,2.45617,0.00976636,0.00976636,0.00976636
61,349.543,3.18556,3.61675,2.31821,0.00164,0.24681,0.00212,0.00058,3.62234,4.36825,2.39126,0.0097624,0.0097624,0.0097624
62,354.162,3.18284,3.58272,2.30456,0.00258,0.30426,0.00257,0.00063,3.50518,4.09038,2.41012,0.00975844,0.00975844,0.00975844
63,358.777,3.20167,3.61921,2.30068,0.00198,0.30213,0.00273,0.00082,3.53554,5.51025,2.44359,0.00975448,0.00975448,0.00975448
64,363.443,3.2239,3.60853,2.33114,0.00078,0.11702,0.00063,0.00016,3.7857,5.189,2.46909,0.00975052,0.00975052,0.00975052
65,368.142,3.23951,3.57888,2.31903,0.00117,0.1766,0.0011,0.00025,3.67531,4.79953,2.43264,0.00974656,0.00974656,0.00974656
66,372.862,3.22295,3.56401,2.31683,0.00049,0.07447,0.00028,7e-05,4.53381,37.3141,2.95126,0.0097426,0.0097426,0.0097426
67,379.992,3.17515,3.58715,2.31527,0.01183,0.12553,0.0048,0.00117,3.31883,3.94744,2.4312,0.00973864,0.00973864,0.00973864
68,388.698,3.18467,3.57237,2.32192,0.00215,0.32766,0.00397,0.00097,3.4809,4.69459,2.47027,0.00973468,0.00973468,0.00973468
69,396.314,3.1901,3.55121,2.31533,0.0162,0.02553,0.00517,0.00131,3.45977,4.09782,2.4793,0.00973072,0.00973072,0.00973072
70,401.101,3.18242,3.57469,2.31384,0.00156,0.23404,0.00207,0.00043,3.63642,4.27905,2.48651,0.00972676,0.00972676,0.00972676
71,405.799,3.12905,3.52143,2.30764,0.0038,0.34043,0.00696,0.00163,3.34293,3.86252,2.40513,0.0097228,0.0097228,0.0097228
72,410.431,3.16724,3.56545,2.31989,0.01975,0.17447,0.01008,0.00298,3.21211,3.76356,2.40299,0.00971884,0.00971884,0.00971884
73,415.379,3.13185,3.51094,2.28564,0.01845,0.19574,0.02009,0.00414,3.29532,3.74557,2.41803,0.00971488,0.00971488,0.00971488
74,420.445,3.10213,3.48744,2.27041,0.02985,0.15957,0.02561,0.00557,3.20902,3.59821,2.42255,0.00971092,0.00971092,0.00971092
75,425.607,3.14284,3.50664,2.31272,0.00276,0.41489,0.0061,0.00144,3.29138,3.80543,2.36981,0.00970696,0.00970696,0.00970696
76,431.442,3.07547,3.53087,2.26893,0.0182,0.15532,0.0126,0.00328,3.24261,3.81411,2.42727,0.009703,0.009703,0.009703
77,440.114,3.08885,3.48979,2.27675,0.01827,0.15532,0.00949,0.00224,3.15154,3.81613,2.343,0.00969904,0.00969904,0.00969904
78,448.86,3.08607,3.50498,2.27142,0.00792,0.29574,0.01474,0.00457,3.19589,3.73213,2.36254,0.00969508,0.00969508,0.00969508
79,453.684,3.07546,3.50712,2.27202,0.0006,0.09149,0.0004,9e-05,3.84643,10.1115,2.5759,0.00969112,0.00969112,0.00969112
80,458.406,3.05585,3.51337,2.26381,0.01113,0.2766,0.0221,0.00599,3.19812,3.62434,2.3611,0.00968716,0.00968716,0.00968716
81,463.528,3.04816,3.49074,2.25165,0.00936,0.33404,0.0237,0.00587,3.15968,3.62921,2.39755,0.0096832,0.0096832,0.0096832
82,468.528,3.08866,3.5079,2.2802,0.06024,0.01915,0.0087,0.00188,3.35139,3.87512,2.42434,0.00967924,0.00967924,0.00967924
83,473.283,3.04154,3.43768,2.23283,0.01344,0.16809,0.00651,0.00143,3.29486,3.90122,2.39362,0.00967528,0.00967528,0.00967528
84,478.054,3.02394,3.41831,2.22605,0.08203,0.03404,0.01227,0.00244,3.40194,3.97064,2.43992,0.00967132,0.00967132,0.00967132
85,483.269,3.03656,3.44447,2.23368,0.09805,0.09149,0.02755,0.00645,3.18296,3.50321,2.34225,0.00966736,0.00966736,0.00966736
86,492.438,3.06321,3.43473,2.23926,0.01678,0.01489,0.00455,0.00126,3.56126,4.26388,2.40618,0.0096634,0.0096634,0.0096634
87,500.904,3.04187,3.4519,2.26863,0.02815,0.09787,0.01405,0.00351,3.1348,3.7197,2.3415,0.00965944,0.00965944,0.00965944
88,507.594,3.01919,3.44637,2.2145,0.02735,0.12553,0.01271,0.00308,3.13764,3.6963,2.34793,0.00965548,0.00965548,0.00965548
89,515.771,3.01077,3.40966,2.22261,0.07038,0.10426,0.02037,0.00497,3.16932,3.56062,2.36434,0.00965152,0.00965152,0.00965152
90,524.586,3.02,3.41792,2.24127,0.03496,0.13617,0.01791,0.00442,3.18229,3.57325,2.35858,0.00964756,0.00964756,0.00964756
91,530.353,2.98126,3.41811,2.22939,0.02227,0.22979,0.02596,0.00683,3.15199,3.59931,2.3654,0.0096436,0.0096436,0.0096436
92,535.282,2.98624,3.42623,2.22615,0.11634,0.05319,0.02744,0.00883,3.14299,3.56115,2.34809,0.00963964,0.00963964,0.00963964
93,540.268,2.98756,3.39318,2.20455,0.03311,0.19787,0.02928,0.00619,3.17135,3.64027,2.33532,0.00963568,0.00963568,0.00963568
94,544.988,3.00831,3.41606,2.24069,0.02351,0.20851,0.01385,0.00326,3.08246,3.61125,2.29455,0.00963172,0.00963172,0.00963172
95,549.621,2.96888,3.42123,2.20692,0.00062,0.08511,0.00098,0.00024,3.67749,4.77357,2.54233,0.00962776,0.00962776,0.00962776
96,554.439,2.95843,3.35556,2.21413,0.14094,0.05319,0.03453,0.00783,3.19895,3.68464,2.36068,0.0096238,0.0096238,0.0096238
97,559.43,2.98119,3.38699,2.21039,0.00289,0.43404,0.01257,0.00399,3.33761,3.9225,2.45719,0.00961984,0.00961984,0.00961984
98,567.644,3.00059,3.3835,2.20168,0.16105,0.0617,0.03196,0.00721,3.13027,3.50443,2.34959,0.00961588,0.00961588,0.00961588
99,576.388,2.96027,3.38283,2.19871,0.03864,0.0766,0.01129,0.00279,3.27606,3.77735,2.3341,0.00961192,0.00961192,0.00961192
100,583.025,2.93054,3.39643,2.18815,0.14196,0.04255,0.02627,0.00635,3.08769,3.55311,2.32114,0.00960796,0.00960796,0.00960796
101,587.645,2.94848,3.37415,2.18865,0.0947,0.07447,0.02649,0.00856,3.09979,3.53191,2.3336,0.009604,0.009604,0.009604
102,592.211,2.91211,3.40098,2.19524,0.099,0.09149,0.03555,0.00831,3.1438,3.57101,2.34724,0.00960004,0.00960004,0.00960004
103,597.129,2.95001,3.3613,2.193,0.09209,0.04894,0.01871,0.00481,3.09112,3.5456,2.31462,0.00959608,0.00959608,0.00959608
104,601.821,2.94117,3.3807,2.1844,0.06677,0.06383,0.01624,0.0041,3.19457,4.49013,2.36744,0.00959212,0.00959212,0.00959212
105,606.481,2.94879,3.40437,2.19834,0.09616,0.0617,0.0203,0.00438,3.07954,3.52,2.31971,0.00958816,0.00958816,0.00958816
106,611.23,2.93883,3.3894,2.1779,0.09517,0.05745,0.02859,0.0065,3.04836,3.44465,2.28467,0.0095842,0.0095842,0.0095842
107,616.296,2.90621,3.3769,2.17097,0.13717,0.0617,0.03099,0.00854,3.13135,3.57288,2.32554,0.00958024,0.00958024,0.00958024
108,624.145,2.90737,3.33954,2.18057,0.08398,0.03617,0.01619,0.0041,3.13742,3.70974,2.39578,0.00957628,0.00957628,0.00957628
109,632.721,2.92448,3.37325,2.1865,0.0023,0.28936,0.00291,0.00067,3.37922,4.09344,2.55128,0.00957232,0.00957232,0.00957232
110,639.24,2.95167,3.35928,2.18996,0.09326,0.04894,0.02289,0.0058,3.04196,3.48339,2.27912,0.00956836,0.00956836,0.00956836
111,643.883,2.92505,3.33764,2.16894,0.09156,0.0684,0.02828,0.00588,3.14189,3.59308,2.35052,0.0095644,0.0095644,0.0095644
112,648.506,2.88798,3.33011,2.16118,0.09458,0.08112,0.03337,0.00916,2.99376,3.47394,2.26611,0.00956044,0.00956044,0.00956044
113,653.475,2.91819,3.30401,2.17709,0.1384,0.05106,0.03604,0.00859,3.19288,3.64809,2.3433,0.00955648,0.00955648,0.00955648
114,658.183,2.95319,3.38765,2.17401,0.08832,0.11064,0.02543,0.00631,3.07763,3.53312,2.27557,0.00955252,0.00955252,0.00955252
115,662.758,2.90165,3.32574,2.16647,0.12453,0.04255,0.02757,0.00661,3.09537,3.4927,2.30351,0.00954856,0.00954856,0.00954856
116,667.259,2.92682,3.35939,2.18686,0.05685,0.03191,0.01207,0.00311,3.26476,3.87331,2.31562,0.0095446,0.0095446,0.0095446
117,672.838,2.92705,3.3419,2.15756,0.06471,0.07234,0.02213,0.00424,3.07144,3.63423,2.35412,0.00954064,0.00954064,0.00954064
118,681.514,2.89329,3.31701,2.15395,0.10582,0.03191,0.01479,0.00349,3.36971,3.88663,2.39825,0.00953668,0.00953668,0.00953668
119,690.271,2.89244,3.32008,2.14327,0.14162,0.06383,0.04506,0.01003,2.97769,3.4421,2.25284,0.00953272,0.00953272,0.00953272
120,695.989,2.84822,3.30939,2.14307,0.13235,0.04043,0.03568,0.01002,3.10524,3.50431,2.29977,0.00952876,0.00952876,0.00952876
121,700.603,2.86196,3.29159,2.13247,0.15146,0.05532,0.04401,0.00905,3.03573,3.43102,2.30681,0.0095248,0.0095248,0.0095248
122,705.325,2.83988,3.29606,2.13083,0.00706,0.03191,0.00393,0.00108,3.51861,7.0587,2.51595,0.00952084,0.00952084,0.00952084
123,709.957,2.88512,3.31438,2.15496,0.10554,0.04043,0.02998,0.00768,3.02797,3.5098,2.28322,0.00951688,0.00951688,0.00951688
124,714.712,2.84914,3.35432,2.13618,0.13425,0.04681,0.02695,0.00733,3.00692,3.51899,2.26824,0.00951292,0.00951292,0.00951292
125,719.474,2.85634,3.29939,2.1522,0.09284,0.0617,0.02173,0.00618,3.06046,3.64413,2.32604,0.00950896,0.00950896,0.00950896
126,724.33,2.88373,3.31982,2.15191,0.11744,0.10426,0.0361,0.00866,3.00843,3.44698,2.28,0.009505,0.009505,0.009505
127,731.534,2.86345,3.29822,2.15135,0.11146,0.0234,0.02205,0.00553,3.19775,3.61942,2.32639,0.00950104,0.00950104,0.00950104
128,740.357,2.8528,3.32099,2.14893,0.17307,0.03617,0.02689,0.00778,3.14862,3.64299,2.30922,0.00949708,0.00949708,0.00949708
129,748.498,2.86454,3.33262,2.14061,0.10976,0.05319,0.02686,0.00686,2.96178,3.51865,2.26096,0.00949312,0.00949312,0.00949312
130,753.259,2.84054,3.28574,2.11769,0.0998,0.06596,0.031,0.00768,3.07476,3.63778,2.29771,0.00948916,0.00948916,0.00948916
131,757.913,2.85304,3.30208,2.13201,0.11208,0.08936,0.03092,0.00791,3.00287,3.69369,2.28638,0.0094852,0.0094852,0.0094852
132,762.671,2.80922,3.26807,2.12036,0.10132,0.09787,0.03575,0.00856,2.98247,3.50426,2.269,0.00948124,0.00948124,0.00948124
133,767.506,2.85341,3.28513,2.12835,0.12177,0.05957,0.03678,0.01146,2.96967,3.45061,2.2403,0.00947728,0.00947728,0.00947728
134,772.574,2.84193,3.29686,2.12687,0.11187,0.07718,0.03174,0.00789,3.01869,3.44889,2.24778,0.00947332,0.00947332,0.00947332
135,777.418,2.85675,3.30758,2.13963,0.05127,0.01277,0.00915,0.0027,3.50629,4.14328,2.35118,0.00946936,0.00946936,0.00946936
136,782.099,2.83329,3.29468,2.10782,0.11292,0.09574,0.02972,0.00633,3.12336,3.95894,2.32847,0.0094654,0.0094654,0.0094654
137,788.928,2.83675,3.24667,2.12242,0.10176,0.05532,0.02255,0.00504,3.01853,3.50369,2.28739,0.00946144,0.00946144,0.00946144
138,797.413,2.81204,3.21894,2.11137,0.17246,0.07804,0.0434,0.01089,3.00001,3.41543,2.2883,0.00945748,0.00945748,0.00945748
139,805.444,2.78246,3.23898,2.0942,0.12249,0.09149,0.04459,0.01098,3.06388,3.394,2.3206,0.00945352,0.00945352,0.00945352
140,810.512,2.80752,3.27525,2.12385,0.12077,0.08085,0.04034,0.01066,2.99507,3.3807,2.29554,0.00944956,0.00944956,0.00944956
141,815.19,2.79234,3.25172,2.09407,0.08053,0.04249,0.02295,0.00571,3.05991,3.75313,2.26987,0.0094456,0.0094456,0.0094456
142,819.816,2.79038,3.25164,2.09999,0.13807,0.11915,0.05174,0.01321,2.92219,3.37884,2.23365,0.00944164,0.00944164,0.00944164
143,824.804,2.79623,3.23401,2.09154,0.15156,0.08085,0.03587,0.00954,2.9381,3.39061,2.22094,0.00943768,0.00943768,0.00943768
144,829.597,2.81305,3.26767,2.11084,0.14368,0.07872,0.04648,0.01276,2.87534,3.34721,2.2207,0.00943372,0.00943372,0.00943372
145,834.19,2.80697,3.29045,2.10772,0.15253,0.03404,0.02796,0.00637,3.10646,3.58223,2.31888,0.00942976,0.00942976,0.00942976
146,840.274,2.80532,3.24245,2.08256,0.09946,0.05532,0.03382,0.00821,3.0228,3.5716,2.28774,0.0094258,0.0094258,0.0094258
147,848.696,2.79461,3.22701,2.09504,0.19576,0.08723,0.0445,0.01307,2.95506,3.40877,2.21934,0.00942184,0.00942184,0.00942184
148,857.194,2.78933,3.21036,2.08865,0.11209,0.06383,0.03392,0.01041,2.97859,3.48522,2.23841,0.00941788,0.00941788,0.00941788
149,862.261,2.76659,3.22606,2.08998,0.1073,0.04255,0.02625,0.00839,3.06329,3.61437,2.24033,0.00941392,0.00941392,0.00941392
150,866.895,2.79377,3.21422,2.08609,0.13208,0.09574,0.04717,0.01253,2.9065,3.34383,2.24205,0.00940996,0.00940996,0.00940996
151,871.552,2.79143,3.18179,2.09277,0.11144,0.06383,0.03038,0.00762,2.94473,3.40443,2.2512,0.009406,0.009406,0.009406
152,876.159,2.81093,3.18715,2.09516,0.1751,0.10426,0.04922,0.01324,2.93015,3.34518,2.21434,0.00940204,0.00940204,0.00940204
153,880.757,2.77612,3.19096,2.0651,0.14167,0.09149,0.03799,0.00964,3.06189,3.46866,2.33994,0.00939808,0.00939808,0.00939808
154,885.426,2.76011,3.21192,2.0757,0.1298,0.10314,0.04555,0.01324,3.15799,3.53031,2.36986,0.00939412,0.00939412,0.00939412
155,890.14,2.80266,3.21846,2.09867,0.12594,0.11277,0.04597,0.0122,2.93057,3.34402,2.24494,0.00939016,0.00939016,0.00939016
156,897.015,2.76958,3.16699,2.08999,0.16062,0.11064,0.04921,0.01275,2.90447,3.28808,2.19746,0.0093862,0.0093862,0.0093862
157,905.748,2.76075,3.20392,2.07174,0.15798,0.09787,0.04708,0.01242,3.03802,3.45058,2.29811,0.00938224,0.00938224,0.00938224
158,913.614,2.75509,3.19927,2.06943,0.15388,0.09362,0.04738,0.01111,2.98128,3.40429,2.22549,0.00937828,0.00937828,0.00937828
159,918.328,2.75831,3.20415,2.08944,0.06296,0.0234,0.01349,0.00323,3.30818,3.89163,2.34466,0.00937432,0.00937432,0.00937432
160,923.05,2.73192,3.18071,2.05735,0.1311,0.10851,0.04369,0.01185,2.94844,3.35455,2.23873,0.00937036,0.00937036,0.00937036
161,927.804,2.77491,3.17324,2.07673,0.12008,0.07447,0.03081,0.00833,3.07042,3.47176,2.26103,0.0093664,0.0093664,0.0093664
162,932.289,2.77071,3.15432,2.07131,0.11614,0.0617,0.03132,0.00701,3.02348,3.47023,2.24631,0.00936244,0.00936244,0.00936244
163,937.052,2.75787,3.16032,2.08344,0.15964,0.08298,0.03878,0.01322,2.95007,3.4155,2.22093,0.00935848,0.00935848,0.00935848
164,941.693,2.75062,3.18956,2.05689,0.11372,0.09362,0.04192,0.01114,3.06604,3.52372,2.30454,0.00935452,0.00935452,0.00935452
165,946.49,2.71996,3.1507,2.05103,0.1501,0.09574,0.04668,0.01258,2.88954,3.31753,2.18438,0.00935056,0.00935056,0.00935056
166,953.506,2.76696,3.15431,2.08177,0.17022,0.11915,0.0556,0.01508,2.89977,3.27109,2.23556,0.0093466,0.0093466,0.0093466
167,963.178,2.72711,3.13367,2.06419,0.17526,0.11915,0.06613,0.0181,2.91904,3.24469,2.21271,0.00934264,0.00934264,0.00934264
168,970.485,2.72396,3.13078,2.0787,0.15043,0.10851,0.04162,0.01113,2.91871,3.29453,2.19074,0.00933868,0.00933868,0.00933868
169,975.249,2.75902,3.16347,2.05545,0.15544,0.11064,0.05872,0.01622,2.87909,3.2343,2.20473,0.00933472,0.00933472,0.00933472
170,980.006,2.75036,3.1451,2.08166,0.10897,0.08936,0.0368,0.01061,3.02367,3.44452,2.2703,0.00933076,0.00933076,0.00933076
171,984.735,2.71322,3.16126,2.0518,0.17084,0.1234,0.06509,0.01501,2.92686,3.26861,2.23226,0.0093268,0.0093268,0.0093268
172,989.332,2.74215,3.17647,2.07546,0.16675,0.11915,0.06209,0.01715,2.89095,3.24427,2.20677,0.00932284,0.00932284,0.00932284
173,994.02,2.74141,3.18347,2.06608,0.12329,0.08936,0.03747,0.0097,2.93341,3.44701,2.21096,0.00931888,0.00931888,0.00931888
174,998.589,2.71075,3.15759,2.05663,0.13982,0.11064,0.05675,0.0154,2.8446,3.30323,2.17337,0.00931492,0.00931492,0.00931492
175,1003.8,2.72168,3.14611,2.05152,0.21438,0.07447,0.06102,0.0161,2.90639,3.3368,2.19966,0.00931096,0.00931096,0.00931096
176,1012.2,2.71698,3.12224,2.06269,0.21237,0.11064,0.06608,0.01617,3.02672,3.39886,2.27451,0.009307,0.009307,0.009307
177,1020.94,2.72671,3.08729,2.06996,0.16927,0.11532,0.0622,0.01679,2.8988,3.27474,2.22448,0.00930304,0.00930304,0.00930304
178,1026.82,2.74483,3.12297,2.06008,0.16859,0.11489,0.05643,0.01536,2.85247,3.28478,2.18505,0.00929908,0.00929908,0.00929908
179,1031.51,2.72655,3.12893,2.05972,0.18123,0.12128,0.05527,0.01683,2.85163,3.21221,2.17351,0.00929512,0.00929512,0.00929512
180,1036.16,2.72908,3.16023,2.05123,0.16311,0.08723,0.05349,0.01475,2.94682,3.31227,2.22803,0.00929116,0.00929116,0.00929116
181,1040.8,2.71791,3.122,2.04715,0.18171,0.11277,0.064,0.01821,2.86729,3.32176,2.21017,0.0092872,0.0092872,0.0092872
182,1045.36,2.6694,3.08579,2.03454,0.15243,0.13191,0.05515,0.01619,2.84051,3.21941,2.18851,0.00928324,0.00928324,0.00928324
183,1050.04,2.69464,3.06663,2.038,0.07497,0.06596,0.02405,0.00671,3.05293,3.53694,2.32057,0.00927928,0.00927928,0.00927928
184,1054.72,2.67307,3.10121,2.03167,0.13011,0.09149,0.05366,0.01697,2.94773,3.28611,2.22016,0.00927532,0.00927532,0.00927532
185,1060.48,2.71437,3.11961,2.05819,0.17493,0.13617,0.06216,0.01713,2.82711,3.2647,2.17707,0.00927136,0.00927136,0.00927136
186,1068.81,2.65234,3.07566,2.02694,0.15168,0.1383,0.05795,0.01587,2.79198,3.24471,2.16727,0.0092674,0.0092674,0.0092674
187,1077.21,2.70245,3.10881,2.05205,0.2061,0.11277,0.07557,0.02241,2.88083,3.24258,2.21531,0.00926344,0.00926344,0.00926344
188,1083.17,2.67813,3.08951,2.02706,0.12383,0.10856,0.05885,0.01584,2.94532,3.25674,2.21226,0.00925948,0.00925948,0.00925948
189,1087.93,2.67456,3.08755,2.01265,0.18698,0.12979,0.07056,0.02082,2.87062,3.21181,2.21052,0.00925552,0.00925552,0.00925552
190,1092.68,2.6873,3.09454,2.03835,0.20594,0.1234,0.08147,0.02326,2.88124,3.13741,2.19668,0.00925156,0.00925156,0.00925156
191,1097.74,2.6619,3.06654,2.00778,0.18796,0.12766,0.07215,0.02011,2.95374,3.2427,2.2584,0.0092476,0.0092476,0.0092476
192,1102.47,2.66815,3.03292,2.03388,0.18334,0.14894,0.07925,0.02175,2.79764,3.16879,2.16448,0.00924364,0.00924364,0.00924364
193,1107.14,2.6706,3.0834,2.03215,0.1898,0.12979,0.0741,0.0204,2.92568,3.27291,2.23558,0.00923968,0.00923968,0.00923968
194,1111.75,2.71967,3.11393,2.04664,0.19354,0.12919,0.07575,0.02232,2.81957,3.16875,2.1602,0.00923572,0.00923572,0.00923572
195,1118.41,2.67747,3.09432,2.03329,0.16346,0.08936,0.05867,0.01546,2.87739,3.29818,2.19282,0.00923176,0.00923176,0.00923176
196,1126.96,2.65367,3.07996,2.01166,0.16061,0.11489,0.07094,0.02029,2.8077,3.19735,2.1664,0.0092278,0.0092278,0.0092278
197,1135,2.67329,3.08828,2.0183,0.18374,0.12979,0.074,0.02282,2.8261,3.21085,2.18395,0.00922384,0.00922384,0.00922384
198,1139.65,2.7005,3.10091,2.04766,0.21723,0.13404,0.07883,0.02599,2.8682,3.21431,2.19934,0.00921988,0.00921988,0.00921988
199,1144.69,2.63839,3.04057,2.01937,0.24009,0.14043,0.09484,0.02686,2.81969,3.14346,2.1638,0.00921592,0.00921592,0.00921592
200,1149.71,2.66973,3.0744,2.02204,0.2106,0.12766,0.07809,0.02513,2.83507,3.16429,2.15677,0.00921196,0.00921196,0.00921196
201,1154.38,2.69498,3.06071,2.03276,0.18053,0.13617,0.0807,0.02451,2.83178,3.17549,2.1558,0.009208,0.009208,0.009208
202,1159.21,2.66439,3.04696,2.02138,0.17602,0.12766,0.07058,0.02163,2.81934,3.15463,2.19684,0.00920404,0.00920404,0.00920404
203,1163.84,2.66854,3.02697,2.02604,0.18646,0.12128,0.06859,0.02121,2.85542,3.22815,2.21141,0.00920008,0.00920008,0.00920008
204,1168.83,2.66034,3.05325,2.03111,0.19684,0.1387,0.08847,0.02598,2.86084,3.19581,2.22685,0.00919612,0.00919612,0.00919612
205,1177.1,2.68003,3.06347,2.02979,0.22334,0.14043,0.08815,0.02241,2.80822,3.14369,2.17617,0.00919216,0.00919216,0.00919216
206,1185.27,2.64454,3.0476,2.02428,0.19101,0.1383,0.08768,0.02623,2.81446,3.15346,2.1694,0.0091882,0.0091882,0.0091882
207,1191.39,2.61302,3.03985,2.01429,0.22134,0.13191,0.07599,0.02079,2.78994,3.19587,2.17178,0.00918424,0.00918424,0.00918424
208,1196.11,2.66758,3.05258,2.02571,0.22523,0.11915,0.07833,0.02182,2.96061,3.33177,2.24824,0.00918028,0.00918028,0.00918028
209,1200.68,2.63955,3.03801,2.01287,0.20404,0.12163,0.08969,0.02606,2.75635,3.15678,2.15896,0.00917632,0.00917632,0.00917632
210,1205.44,2.66511,3.04809,2.02705,0.24305,0.14468,0.09889,0.02716,2.75572,3.11604,2.14084,0.00917236,0.00917236,0.00917236
211,1210.45,2.621,3.04449,2.00168,0.20598,0.11915,0.07861,0.02287,2.86144,3.19473,2.20177,0.0091684,0.0091684,0.0091684
212,1215.24,2.62701,3.01114,2.006,0.2193,0.13191,0.09212,0.0243,2.84827,3.15494,2.22358,0.00916444,0.00916444,0.00916444
213,1219.92,2.6554,3.03922,2.02705,0.22827,0.13404,0.09042,0.027,2.75841,3.12888,2.17753,0.00916048,0.00916048,0.00916048
214,1226.45,2.66081,3.00021,2.01855,0.20105,0.13404,0.0947,0.0282,2.78944,3.13005,2.17919,0.00915652,0.00915652,0.00915652
215,1236.49,2.62663,3.01283,2.00618,0.22843,0.1383,0.09438,0.02739,2.84678,3.18164,2.20432,0.00915256,0.00915256,0.00915256
216,1245.5,2.6788,3.03259,2.0296,0.21844,0.14681,0.10341,0.02951,2.81473,3.14827,2.19733,0.0091486,0.0091486,0.0091486
217,1251.93,2.64405,3.02895,2.01381,0.18683,0.15106,0.09024,0.02671,2.74938,3.18759,2.17059,0.00914464,0.00914464,0.00914464
218,1256.91,2.6454,3.01303,2.01525,0.20468,0.12978,0.08689,0.02232,2.77986,3.16363,2.17257,0.00914068,0.00914068,0.00914068
219,1261.69,2.65634,3.04019,2.02393,0.2152,0.14681,0.08639,0.02583,2.7889,3.15466,2.17907,0.00913672,0.00913672,0.00913672
220,1266.45,2.60138,3.0118,2.00307,0.24525,0.12979,0.0966,0.02922,2.78375,3.10711,2.16203,0.00913276,0.00913276,0.00913276
221,1271.18,2.63601,3.01606,2.01599,0.22154,0.15319,0.10052,0.03038,2.78338,3.10127,2.19041,0.0091288,0.0091288,0.0091288
222,1276.34,2.63026,3.00568,2.0052,0.2029,0.14255,0.08336,0.0259,2.74922,3.11071,2.13473,0.00912484,0.00912484,0.00912484
223,1281.03,2.57457,2.96848,1.98668,0.22109,0.14894,0.0957,0.02979,2.71742,3.09009,2.13272,0.00912088,0.00912088,0.00912088
224,1287.65,2.59344,2.98696,1.99394,0.23087,0.15106,0.09068,0.027,2.74149,3.08039,2.15329,0.00911692,0.00911692,0.00911692
225,1296.09,2.62548,3.00896,1.98747,0.18912,0.11064,0.0755,0.02357,2.8224,3.20514,2.2011,0.00911296,0.00911296,0.00911296
226,1304.67,2.61491,2.98393,1.99188,0.25625,0.14255,0.10109,0.02719,2.77081,3.0888,2.1655,0.009109,0.009109,0.009109
227,1312.49,2.62438,3.00215,2.00422,0.21275,0.15745,0.10987,0.03309,2.74461,3.09366,2.15278,0.00910504,0.00910504,0.00910504
228,1319.74,2.61863,3.00472,2.00086,0.22992,0.1383,0.08891,0.02616,2.80639,3.13098,2.17095,0.00910108,0.00910108,0.00910108
229,1327.95,2.59979,3.01202,2.00038,0.18418,0.14043,0.0915,0.02675,2.76723,3.08327,2.12635,0.00909712,0.00909712,0.00909712
230,1336.58,2.6251,2.97207,2.00008,0.22362,0.1766,0.10204,0.02862,2.7391,3.03553,2.15395,0.00909316,0.00909316,0.00909316
231,1343.85,2.64212,2.97091,1.99755,0.18222,0.15319,0.09339,0.03071,2.77744,3.08041,2.16899,0.0090892,0.0090892,0.0090892
232,1348.52,2.596,2.97647,1.9868,0.20132,0.13301,0.07864,0.0219,2.87918,3.22997,2.24954,0.00908524,0.00908524,0.00908524
233,1353.24,2.58047,2.99128,1.98462,0.21041,0.15532,0.10991,0.03426,2.75502,3.07427,2.1912,0.00908128,0.00908128,0.00908128
234,1358.4,2.57608,2.97869,1.98775,0.24581,0.15319,0.1109,0.03513,2.78547,3.09288,2.18526,0.00907732,0.00907732,0.00907732
235,1363.46,2.57194,2.96883,1.96514,0.25714,0.15532,0.10593,0.03388,2.74671,3.07638,2.151,0.00907336,0.00907336,0.00907336
236,1368.34,2.60159,2.97179,1.98846,0.23409,0.14468,0.10447,0.02945,2.7523,3.05229,2.15917,0.0090694,0.0090694,0.0090694
237,1373.21,2.58567,2.94713,1.98433,0.23944,0.16596,0.1016,0.02903,2.79662,3.07622,2.1961,0.00906544,0.00906544,0.00906544
238,1380.01,2.58818,2.98517,1.96761,0.23918,0.16383,0.11391,0.03483,2.70146,3.07359,2.1514,0.00906148,0.00906148,0.00906148
239,1389.33,2.5876,2.99478,1.97284,0.16862,0.16809,0.09492,0.02882,2.76141,3.09662,2.22786,0.00905752,0.00905752,0.00905752
240,1398.11,2.59152,2.96469,1.99586,0.24245,0.17021,0.10426,0.03296,2.71814,3.06033,2.16741,0.00905356,0.00905356,0.00905356
241,1404.74,2.57567,2.94905,1.97842,0.22559,0.16611,0.11651,0.0348,2.70884,3.0468,2.14953,0.0090496,0.0090496,0.0090496
242,1409.68,2.55745,2.96928,1.96587,0.23445,0.15532,0.11754,0.03654,2.70483,3.06786,2.11497,0.00904564,0.00904564,0.00904564
243,1414.71,2.57472,2.95015,1.96864,0.2413,0.1766,0.11743,0.03426,2.69282,3.06679,2.15581,0.00904168,0.00904168,0.00904168
244,1419.4,2.61545,2.95767,1.99972,0.24169,0.14255,0.10039,0.03092,2.73782,3.07001,2.16211,0.00903772,0.00903772,0.00903772
245,1424.14,2.59518,2.93241,1.98753,0.24107,0.16596,0.11205,0.03415,2.67624,3.00912,2.13048,0.00903376,0.00903376,0.00903376
246,1428.96,2.56467,2.93627,1.96729,0.27711,0.15745,0.09483,0.02899,2.81142,3.07691,2.20502,0.0090298,0.0090298,0.0090298
247,1433.63,2.55386,2.96907,1.97889,0.26302,0.14255,0.09784,0.03109,2.7951,3.08939,2.20147,0.00902584,0.00902584,0.00902584
248,1439.37,2.56918,2.97135,1.9946,0.23112,0.15541,0.10201,0.03458,2.73396,3.09499,2.14583,0.00902188,0.00902188,0.00902188
249,1447.44,2.56967,2.93905,1.98746,0.23983,0.15532,0.1185,0.03951,2.73325,3.02643,2.13723,0.00901792,0.00901792,0.00901792
250,1456.52,2.5974,2.96083,2.00793,0.20458,0.15532,0.09979,0.03526,2.71528,3.06447,2.14499,0.00901396,0.00901396,0.00901396
251,1464.87,2.55415,2.91378,1.96355,0.14849,0.1234,0.06185,0.02166,2.83893,3.20675,2.22762,0.00901,0.00901,0.00901
252,1470.05,2.54492,2.88476,1.94785,0.24243,0.13191,0.11128,0.03805,2.73399,3.03944,2.14805,0.00900604,0.00900604,0.00900604
253,1474.83,2.56495,2.93631,1.97704,0.2285,0.12979,0.10262,0.03095,2.81814,3.14614,2.18919,0.00900208,0.00900208,0.00900208
254,1479.62,2.53705,2.9266,1.96237,0.29022,0.14894,0.12179,0.03892,2.72235,3.07006,2.13698,0.00899812,0.00899812,0.00899812
255,1484.4,2.56649,2.92322,1.96375,0.25689,0.17447,0.12133,0.04011,2.67543,3.02252,2.10906,0.00899416,0.00899416,0.00899416
256,1489.42,2.52306,2.9118,1.95261,0.20975,0.17021,0.11162,0.03624,2.68187,2.98343,2.11311,0.0089902,0.0089902,0.0089902
257,1494.14,2.55654,2.91773,1.95602,0.24877,0.15106,0.11812,0.03808,2.6962,2.98553,2.11579,0.00898624,0.00898624,0.00898624
258,1498.9,2.54257,2.9164,1.96804,0.22839,0.1617,0.11109,0.03173,2.75434,3.06725,2.18534,0.00898228,0.00898228,0.00898228
259,1505.74,2.55193,2.92106,1.96752,0.22596,0.15319,0.11003,0.03663,2.66478,3.01444,2.11283,0.00897832,0.00897832,0.00897832
260,1514.17,2.53647,2.88509,1.95993,0.252,0.16596,0.12873,0.04144,2.66143,2.99328,2.14611,0.00897436,0.00897436,0.00897436
261,1523.16,2.56255,2.94951,1.95551,0.23596,0.1617,0.11864,0.03672,2.67435,3.00699,2.15059,0.0089704,0.0089704,0.0089704
262,1530.18,2.54826,2.93235,1.96524,0.23993,0.15745,0.10769,0.03682,2.69935,3.04279,2.15717,0.00896644,0.00896644,0.00896644
263,1534.9,2.52306,2.91374,1.94874,0.25529,0.1617,0.11518,0.03713,2.68156,2.99797,2.13427,0.00896248,0.00896248,0.00896248
264,1539.63,2.51444,2.88033,1.93441,0.233,0.14468,0.10365,0.03566,2.68698,3.06904,2.15757,0.00895852,0.00895852,0.00895852
265,1544.3,2.53565,2.92968,1.95921,0.25283,0.1617,0.12384,0.04264,2.67012,2.97856,2.11742,0.00895456,0.00895456,0.00895456
266,1549.48,2.50728,2.88172,1.93679,0.24227,0.14681,0.10752,0.03383,2.77308,3.05944,2.16324,0.0089506,0.0089506,0.0089506
267,1554.34,2.5207,2.85534,1.93245,0.23071,0.16383,0.10301,0.03172,2.73905,3.04248,2.16091,0.00894664,0.00894664,0.00894664
268,1559.16,2.50733,2.89682,1.94845,0.25145,0.17447,0.11957,0.03546,2.74782,3.05664,2.17556,0.00894268,0.00894268,0.00894268
269,1565.41,2.51804,2.89936,1.94246,0.25789,0.17234,0.13587,0.03948,2.66451,2.9765,2.12459,0.00893872,0.00893872,0.00893872
270,1573.89,2.51624,2.83994,1.9462,0.2635,0.18117,0.12097,0.03897,2.64207,2.93975,2.13411,0.00893476,0.00893476,0.00893476
271,1582.11,2.51414,2.88026,1.9383,0.2661,0.15532,0.11791,0.03744,2.64972,3.02266,2.12938,0.0089308,0.0089308,0.0089308
272,1590.19,2.55279,2.89025,1.9377,0.24584,0.17447,0.11845,0.03789,2.68919,3.01357,2.16071,0.00892684,0.00892684,0.00892684
273,1594.89,2.48788,2.83978,1.94542,0.22617,0.15745,0.11311,0.04084,2.71255,3.04768,2.12982,0.00892288,0.00892288,0.00892288
274,1599.64,2.49692,2.84346,1.91815,0.25161,0.16383,0.11241,0.04277,2.66074,2.9989,2.1266,0.00891892,0.00891892,0.00891892
275,1604.53,2.56616,2.88985,1.95564,0.26674,0.1617,0.12662,0.04569,2.67187,2.96586,2.13299,0.00891496,0.00891496,0.00891496
276,1609.74,2.55577,2.86605,1.96401,0.29793,0.1617,0.13542,0.04356,2.67276,2.97462,2.13288,0.008911,0.008911,0.008911
277,1614.47,2.4829,2.84269,1.92624,0.2377,0.17234,0.12339,0.04554,2.64371,2.96272,2.09754,0.00890704,0.00890704,0.00890704
278,1619.17,2.49256,2.83292,1.92809,0.25692,0.17021,0.13472,0.04691,2.64639,2.93791,2.10399,0.00890308,0.00890308,0.00890308
279,1625.24,2.46043,2.82796,1.92191,0.27095,0.18898,0.13339,0.04681,2.63867,2.95937,2.12349,0.00889912,0.00889912,0.00889912
280,1633.58,2.49205,2.84459,1.93576,0.26522,0.19362,0.12811,0.04684,2.64081,2.94438,2.09729,0.00889516,0.00889516,0.00889516
281,1642.05,2.48081,2.8227,1.93052,0.2873,0.18723,0.13095,0.04819,2.65276,2.96346,2.11221,0.0088912,0.0088912,0.0088912
282,1651.13,2.48489,2.83528,1.93836,0.27839,0.17484,0.12354,0.04475,2.66306,2.97955,2.11976,0.00888724,0.00888724,0.00888724
283,1656.09,2.50011,2.86917,1.93002,0.29371,0.1617,0.12884,0.04112,2.66352,2.9827,2.12165,0.00888328,0.00888328,0.00888328
284,1660.83,2.48323,2.81008,1.92606,0.30042,0.18298,0.14395,0.04689,2.66303,2.90705,2.11839,0.00887932,0.00887932,0.00887932
285,1665.7,2.5119,2.8102,1.94494,0.27075,0.18326,0.14769,0.05066,2.66539,2.89442,2.12136,0.00887536,0.00887536,0.00887536
286,1670.68,2.47997,2.83115,1.92302,0.23868,0.1821,0.13819,0.04769,2.66359,2.90566,2.11447,0.0088714,0.0088714,0.0088714
287,1675.45,2.4618,2.80871,1.9047,0.27087,0.18936,0.13804,0.04278,2.70392,2.96617,2.13655,0.00886744,0.00886744,0.00886744
288,1680.13,2.48898,2.84556,1.917,0.33118,0.17234,0.13989,0.04686,2.67772,2.9832,2.12133,0.00886348,0.00886348,0.00886348
289,1685.26,2.49927,2.83214,1.93919,0.28651,0.18298,0.13837,0.05422,2.63834,2.92624,2.0941,0.00885952,0.00885952,0.00885952
290,1694.08,2.50486,2.81883,1.92829,0.2849,0.19362,0.14625,0.05686,2.60908,2.91938,2.08432,0.00885556,0.00885556,0.00885556
291,1703.06,2.5022,2.79116,1.92851,0.27383,0.18511,0.12697,0.04984,2.64661,2.91887,2.13815,0.0088516,0.0088516,0.0088516
292,1711.42,2.45801,2.81538,1.8909,0.25044,0.16383,0.13479,0.05102,2.65155,2.93632,2.13015,0.00884764,0.00884764,0.00884764
293,1716.69,2.51209,2.82587,1.92276,0.27575,0.15532,0.1328,0.04661,2.67875,2.9481,2.12036,0.00884368,0.00884368,0.00884368
294,1721.53,2.4564,2.77808,1.89659,0.27502,0.1766,0.14345,0.05104,2.67895,2.95184,2.14433,0.00883972,0.00883972,0.00883972
295,1726.35,2.51172,2.8103,1.93173,0.27044,0.17746,0.14784,0.05494,2.62431,2.90733,2.0914,0.00883576,0.00883576,0.00883576
296,1731.3,2.4693,2.81839,1.90361,0.28173,0.15957,0.14578,0.05422,2.66275,2.92998,2.09102,0.0088318,0.0088318,0.0088318
297,1736.1,2.45609,2.80496,1.90418,0.30044,0.17872,0.14871,0.05582,2.65829,2.9157,2.09509,0.00882784,0.00882784,0.00882784
298,1740.98,2.45351,2.79321,1.91613,0.27134,0.17021,0.13977,0.04907,2.65588,2.93416,2.10175,0.00882388,0.00882388,0.00882388
299,1745.69,2.47526,2.79712,1.90928,0.27616,0.15319,0.13735,0.04656,2.65911,2.94197,2.10714,0.00881992,0.00881992,0.00881992
300,1753.4,2.4507,2.77498,1.9103,0.25443,0.17234,0.12646,0.04085,2.73725,2.96774,2.1511,0.00881596,0.00881596,0.00881596
301,1761.96,2.47093,2.81258,1.90389,0.26032,0.17872,0.14223,0.05092,2.66533,2.91813,2.11911,0.008812,0.008812,0.008812
302,1770.28,2.43237,2.72992,1.88438,0.28136,0.1766,0.14953,0.05572,2.63396,2.88786,2.09197,0.00880804,0.00880804,0.00880804
303,1776.42,2.47292,2.78722,1.90667,0.2534,0.17447,0.14019,0.05441,2.59615,2.87396,2.06784,0.00880408,0.00880408,0.00880408
304,1781.11,2.44665,2.7289,1.90889,0.32494,0.16383,0.15456,0.05642,2.59642,2.83708,2.07234,0.00880012,0.00880012,0.00880012
305,1786.26,2.44405,2.77345,1.91327,0.29825,0.18085,0.15463,0.05747,2.60097,2.84568,2.08613,0.00879616,0.00879616,0.00879616
306,1791.26,2.42346,2.7323,1.8785,0.2658,0.18511,0.15873,0.06046,2.58205,2.83936,2.07678,0.0087922,0.0087922,0.0087922
307,1796.37,2.44823,2.73648,1.89508,0.26878,0.21064,0.15857,0.06147,2.57849,2.84079,2.08353,0.00878824,0.00878824,0.00878824
308,1801.44,2.43029,2.7665,1.86801,0.28105,0.20213,0.16228,0.0639,2.56491,2.84844,2.07539,0.00878428,0.00878428,0.00878428
309,1806.48,2.41464,2.7543,1.87076,0.30709,0.19149,0.15676,0.05947,2.58613,2.8724,2.07297,0.00878032,0.00878032,0.00878032
310,1813.29,2.40632,2.71538,1.8824,0.27467,0.18723,0.15871,0.06201,2.59853,2.83459,2.07792,0.00877636,0.00877636,0.00877636
311,1821.95,2.44799,2.76979,1.90402,0.25092,0.18936,0.15315,0.06069,2.59775,2.82072,2.0794,0.0087724,0.0087724,0.0087724
312,1830.63,2.46031,2.81115,1.91301,0.25891,0.18298,0.15723,0.06401,2.5694,2.8263,2.06892,0.00876844,0.00876844,0.00876844
313,1837.76,2.40801,2.73122,1.8717,0.2936,0.17021,0.15434,0.06326,2.55621,2.83363,2.06275,0.00876448,0.00876448,0.00876448
314,1845.78,2.41337,2.73329,1.88028,0.30274,0.16596,0.14771,0.06222,2.55905,2.84541,2.06561,0.00876052,0.00876052,0.00876052
315,1853.93,2.40205,2.72062,1.8845,0.28596,0.18723,0.15835,0.06246,2.61072,2.85708,2.07695,0.00875656,0.00875656,0.00875656
316,1861.95,2.45283,2.77864,1.89104,0.25193,0.20213,0.15525,0.05956,2.5774,2.83925,2.06217,0.0087526,0.0087526,0.0087526
317,1868.16,2.43972,2.76068,1.90635,0.27384,0.19574,0.16033,0.06238,2.56816,2.83219,2.0596,0.00874864,0.00874864,0.00874864
318,1872.96,2.41297,2.7355,1.88839,0.2826,0.20367,0.16805,0.06458,2.55606,2.80706,2.0601,0.00874468,0.00874468,0.00874468
319,1877.98,2.40888,2.74563,1.87653,0.28736,0.20851,0.1611,0.05944,2.5694,2.81906,2.05639,0.00874072,0.00874072,0.00874072
320,1882.84,2.44625,2.74489,1.88911,0.31862,0.21489,0.17593,0.06444,2.57762,2.82163,2.06562,0.00873676,0.00873676,0.00873676
321,1887.86,2.4485,2.73969,1.89092,0.2818,0.2,0.16218,0.06164,2.55222,2.85698,2.04088,0.0087328,0.0087328,0.0087328
322,1892.57,2.41697,2.71105,1.87286,0.26317,0.20213,0.16142,0.06463,2.53772,2.8395,2.04857,0.00872884,0.00872884,0.00872884
323,1897.47,2.41256,2.69504,1.87801,0.29618,0.17818,0.16273,0.06483,2.57165,2.84087,2.06228,0.00872488,0.00872488,0.00872488
324,1904.06,2.41538,2.68658,1.87023,0.31127,0.18298,0.16796,0.06306,2.5727,2.82202,2.05485,0.00872092,0.00872092,0.00872092
325,1912.46,2.35584,2.67287,1.84863,0.27955,0.18723,0.17161,0.06612,2.53377,2.79941,2.02858,0.00871696,0.00871696,0.00871696
326,1922.09,2.39417,2.72105,1.84468,0.28964,0.19787,0.16605,0.06162,2.56989,2.8748,2.05509,0.008713,0.008713,0.008713
327,1928.6,2.39658,2.71791,1.86081,0.30996,0.19574,0.17558,0.06602,2.5796,2.81765,2.04882,0.00870904,0.00870904,0.00870904
328,1933.59,2.35503,2.65749,1.85249,0.33015,0.18936,0.18821,0.07095,2.54105,2.79427,2.04451,0.00870508,0.00870508,0.00870508
329,1938.73,2.39334,2.6715,1.86292,0.34729,0.19574,0.1899,0.06922,2.53737,2.76804,2.03718,0.00870112,0.00870112,0.00870112
330,1943.53,2.41753,2.70388,1.88621,0.27624,0.21702,0.1753,0.0683,2.54515,2.76918,2.04914,0.00869716,0.00869716,0.00869716
331,1948.22,2.38427,2.71084,1.85548,0.2852,0.20213,0.17221,0.06749,2.54497,2.8016,2.04668,0.0086932,0.0086932,0.0086932
332,1952.94,2.39215,2.6829,1.85472,0.28813,0.21489,0.1694,0.06848,2.51816,2.80941,2.04461,0.00868924,0.00868924,0.00868924
333,1957.69,2.39717,2.69023,1.84873,0.28336,0.2,0.17332,0.06889,2.53616,2.81049,2.04058,0.00868528,0.00868528,0.00868528
334,1963.33,2.40876,2.71942,1.86277,0.3305,0.18511,0.17792,0.07105,2.53172,2.8055,2.04118,0.00868132,0.00868132,0.00868132
335,1972.28,2.40217,2.68679,1.86738,0.29938,0.2,0.16706,0.06379,2.56065,2.81913,2.05319,0.00867736,0.00867736,0.00867736
336,1981.01,2.39024,2.64433,1.84195,0.35472,0.18298,0.1749,0.0658,2.54163,2.81105,2.05077,0.0086734,0.0086734,0.0086734
337,1989.12,2.38066,2.65535,1.87036,0.30132,0.18936,0.16261,0.06076,2.6172,2.88801,2.09496,0.00866944,0.00866944,0.00866944
338,1993.94,2.35696,2.64587,1.83569,0.2993,0.21702,0.15644,0.05749,2.60125,2.88625,2.10638,0.00866548,0.00866548,0.00866548
339,1998.62,2.37294,2.65323,1.85734,0.30715,0.2,0.18068,0.07076,2.5358,2.76083,2.05898,0.00866152,0.00866152,0.00866152
340,2003.41,2.37497,2.67453,1.84056,0.28238,0.21489,0.18085,0.07119,2.507,2.74951,2.0475,0.00865756,0.00865756,0.00865756
341,2008.13,2.33645,2.61922,1.85106,0.29683,0.19787,0.17784,0.06741,2.53703,2.75561,2.05019,0.0086536,0.0086536,0.0086536
342,2012.9,2.38236,2.6338,1.84063,0.28717,0.21489,0.18625,0.06926,2.52445,2.77004,2.03699,0.00864964,0.00864964,0.00864964
343,2017.64,2.38611,2.65807,1.85117,0.30347,0.21915,0.18665,0.07431,2.51436,2.73308,2.02768,0.00864568,0.00864568,0.00864568
344,2023.2,2.35884,2.65996,1.83664,0.30594,0.2,0.17634,0.07312,2.51956,2.78609,2.0277,0.00864172,0.00864172,0.00864172
345,2031.56,2.33794,2.58538,1.80989,0.28225,0.20638,0.1767,0.07114,2.53397,2.76852,2.03082,0.00863776,0.00863776,0.00863776
346,2040.18,2.34846,2.61944,1.8285,0.31601,0.20213,0.19453,0.07842,2.54766,2.72521,2.03808,0.0086338,0.0086338,0.0086338
347,2050.06,2.31623,2.57651,1.81529,0.365,0.19574,0.19278,0.07671,2.52917,2.73116,2.03561,0.00862984,0.00862984,0.00862984
348,2055.22,2.33239,2.59858,1.82762,0.33836,0.19585,0.19089,0.08028,2.53071,2.74232,2.025,0.00862588,0.00862588,0.00862588
349,2060.33,2.33703,2.59396,1.82388,0.33672,0.21702,0.19419,0.07718,2.5058,2.76041,2.02527,0.00862192,0.00862192,0.00862192
350,2065.05,2.3382,2.58842,1.83338,0.33836,0.22197,0.20215,0.08014,2.50346,2.72174,2.023,0.00861796,0.00861796,0.00861796
351,2070.09,2.3546,2.62429,1.81978,0.35758,0.22766,0.19858,0.08293,2.52228,2.70809,2.03659,0.008614,0.008614,0.008614
352,2075.05,2.34574,2.63426,1.82167,0.32118,0.20851,0.19073,0.0773,2.53175,2.70946,2.03954,0.00861004,0.00861004,0.00861004
353,2079.72,2.3541,2.60852,1.85035,0.29312,0.21277,0.18048,0.07196,2.53071,2.72132,2.04092,0.00860608,0.00860608,0.00860608
354,2085.09,2.32753,2.59638,1.83939,0.27943,0.22128,0.18285,0.07023,2.52419,2.71016,2.04045,0.00860212,0.00860212,0.00860212
355,2093.19,2.3549,2.60424,1.84288,0.33997,0.24255,0.19728,0.07882,2.48368,2.68463,2.03008,0.00859816,0.00859816,0.00859816
356,2102.14,2.34024,2.62285,1.82776,0.33725,0.23191,0.20738,0.0842,2.49272,2.70769,2.02768,0.0085942,0.0085942,0.0085942
357,2111.03,2.33313,2.58503,1.80039,0.3315,0.22368,0.20416,0.08134,2.47458,2.72505,2.01852,0.00859024,0.00859024,0.00859024
358,2115.91,2.32796,2.61679,1.82066,0.36016,0.22553,0.20179,0.08139,2.47821,2.68228,2.02609,0.00858628,0.00858628,0.00858628
359,2120.58,2.33842,2.59244,1.81299,0.3995,0.22224,0.21048,0.08101,2.49356,2.68881,2.03169,0.00858232,0.00858232,0.00858232
360,2125.3,2.31812,2.55072,1.82657,0.36096,0.21489,0.20598,0.0797,2.49374,2.69639,2.04186,0.00857836,0.00857836,0.00857836
361,2130,2.31958,2.56464,1.82644,0.32187,0.23617,0.20519,0.0801,2.49301,2.69244,2.04175,0.0085744,0.0085744,0.0085744
362,2134.65,2.29253,2.53563,1.80899,0.36899,0.22128,0.20608,0.0806,2.50112,2.69399,2.02722,0.00857044,0.00857044,0.00857044
363,2139.31,2.33268,2.56259,1.82572,0.36215,0.2383,0.2162,0.08361,2.50377,2.67224,2.02269,0.00856648,0.00856648,0.00856648
364,2144.45,2.29731,2.54657,1.80106,0.34964,0.22763,0.21085,0.08375,2.49647,2.65212,2.02354,0.00856252,0.00856252,0.00856252
365,2151.68,2.30063,2.54608,1.78299,0.36279,0.23404,0.21194,0.08396,2.46757,2.6471,2.01377,0.00855856,0.00855856,0.00855856
366,2159.97,2.30612,2.51694,1.8071,0.36152,0.21064,0.20105,0.08444,2.45764,2.64965,2.02666,0.0085546,0.0085546,0.0085546
367,2168.46,2.33556,2.56818,1.80894,0.32835,0.2234,0.20058,0.08405,2.4514,2.67894,2.011,0.00855064,0.00855064,0.00855064
368,2175.01,2.32267,2.57053,1.80901,0.31598,0.23617,0.20074,0.08315,2.45949,2.68346,2.0049,0.00854668,0.00854668,0.00854668
369,2179.76,2.3015,2.53852,1.80116,0.29923,0.23617,0.19925,0.08292,2.46172,2.7092,2.0062,0.00854272,0.00854272,0.00854272
370,2184.56,2.27427,2.52619,1.79194,0.31309,0.22553,0.20445,0.08138,2.4559,2.7291,2.00647,0.00853876,0.00853876,0.00853876
371,2189.36,2.2925,2.52166,1.79772,0.36424,0.21064,0.20997,0.08631,2.4383,2.69638,1.98764,0.0085348,0.0085348,0.0085348
372,2194.55,2.28334,2.5298,1.80439,0.39194,0.21915,0.21417,0.08463,2.45155,2.68235,1.99349,0.00853084,0.00853084,0.00853084
373,2199.26,2.29079,2.54794,1.78574,0.39828,0.22251,0.22283,0.08865,2.46304,2.68311,2.0005,0.00852688,0.00852688,0.00852688
374,2204.3,2.24151,2.46715,1.78274,0.37928,0.23404,0.22185,0.08973,2.46107,2.67867,2.00434,0.00852292,0.00852292,0.00852292
375,2211.71,2.30951,2.52129,1.807,0.36631,0.23191,0.22318,0.09132,2.45988,2.63396,2.01342,0.00851896,0.00851896,0.00851896
376,2221.97,2.28538,2.47856,1.77493,0.3577,0.24043,0.21921,0.08935,2.48258,2.63992,2.01234,0.008515,0.008515,0.008515
377,2230.31,2.28912,2.51227,1.78245,0.34674,0.23265,0.22533,0.08702,2.44744,2.6245,1.99581,0.00851104,0.00851104,0.00851104
378,2235.84,2.24644,2.47446,1.77848,0.33587,0.22979,0.21983,0.09,2.42016,2.62924,1.98923,0.00850708,0.00850708,0.00850708
379,2240.54,2.23837,2.47198,1.7733,0.33989,0.2383,0.2292,0.09068,2.42603,2.61881,1.99788,0.00850312,0.00850312,0.00850312
380,2245.61,2.2366,2.46355,1.77558,0.3212,0.24063,0.22361,0.08902,2.45417,2.61959,1.9992,0.00849916,0.00849916,0.00849916
381,2250.38,2.25526,2.46693,1.77694,0.35593,0.24468,0.22994,0.09468,2.42334,2.57115,1.99803,0.0084952,0.0084952,0.0084952
382,2255.38,2.25335,2.45644,1.76616,0.36314,0.25532,0.2274,0.09584,2.42457,2.60254,1.99825,0.00849124,0.00849124,0.00849124
383,2260.51,2.28214,2.49996,1.78342,0.39717,0.24043,0.23622,0.09943,2.41018,2.60992,1.99279,0.00848728,0.00848728,0.00848728
384,2265.54,2.25032,2.46,1.77003,0.36677,0.26742,0.24104,0.09895,2.41048,2.60366,1.99322,0.00848332,0.00848332,0.00848332
385,2273.74,2.23269,2.46139,1.76986,0.37454,0.25745,0.24386,0.10312,2.40513,2.57896,1.98598,0.00847936,0.00847936,0.00847936
386,2282.87,2.23299,2.46259,1.76574,0.36407,0.27021,0.24718,0.10249,2.38715,2.57452,1.97376,0.0084754,0.0084754,0.0084754
387,2291.4,2.22545,2.44567,1.76236,0.34725,0.27447,0.24315,0.10322,2.36252,2.5631,1.96981,0.00847144,0.00847144,0.00847144
388,2297.97,2.26607,2.43794,1.76741,0.36376,0.27021,0.24517,0.10457,2.38729,2.57212,1.98365,0.00846748,0.00846748,0.00846748
389,2303.21,2.23692,2.47359,1.77282,0.37745,0.26961,0.23576,0.10038,2.37844,2.59331,1.98985,0.00846352,0.00846352,0.00846352
390,2307.98,2.26562,2.45283,1.76356,0.37757,0.25957,0.23405,0.09983,2.38822,2.59843,1.99334,0.00845956,0.00845956,0.00845956
391,2312.73,2.21154,2.47002,1.7479,0.39332,0.25957,0.23871,0.10121,2.39187,2.58679,1.99129,0.0084556,0.0084556,0.0084556
392,2317.44,2.22062,2.45657,1.75173,0.40418,0.25691,0.24356,0.10435,2.38079,2.59303,1.97356,0.00845164,0.00845164,0.00845164
393,2322.02,2.2128,2.42034,1.72932,0.3915,0.25462,0.24129,0.10548,2.36841,2.59813,1.96677,0.00844768,0.00844768,0.00844768
394,2327.11,2.23245,2.40499,1.75154,0.35782,0.25319,0.24201,0.1044,2.37086,2.59855,1.97053,0.00844372,0.00844372,0.00844372
395,2335.13,2.22575,2.40664,1.75945,0.37127,0.26809,0.25608,0.10897,2.36547,2.5807,1.96666,0.00843976,0.00843976,0.00843976
396,2344.46,2.23413,2.42369,1.76749,0.38514,0.24255,0.25152,0.10464,2.37423,2.59155,1.96779,0.0084358,0.0084358,0.0084358
397,2353.06,2.22154,2.42256,1.7479,0.34195,0.26809,0.25004,0.10442,2.38462,2.60947,1.96515,0.00843184,0.00843184,0.00843184
398,2359.38,2.22797,2.44847,1.75223,0.42355,0.24681,0.2591,0.10944,2.37908,2.58553,1.96103,0.00842788,0.00842788,0.00842788
399,2368.05,2.20694,2.38146,1.7429,0.36736,0.25106,0.24829,0.10572,2.3802,2.58235,1.96131,0.00842392,0.00842392,0.00842392
400,2376.76,2.20691,2.41745,1.74215,0.37699,0.26383,0.25488,0.10975,2.35981,2.56145,1.94813,0.00841996,0.00841996,0.00841996
401,2385.51,2.20302,2.39199,1.73482,0.40054,0.25957,0.25336,0.11235,2.36349,2.54457,1.94594,0.008416,0.008416,0.008416
402,2391.31,2.2132,2.36534,1.7268,0.41942,0.27447,0.26075,0.11197,2.3787,2.55136,1.94677,0.00841204,0.00841204,0.00841204
403,2396.43,2.19159,2.36771,1.73412,0.46192,0.26383,0.25778,0.10741,2.41337,2.58611,1.96633,0.00840808,0.00840808,0.00840808
404,2401.2,2.1859,2.39182,1.73819,0.43608,0.27234,0.26784,0.11463,2.37908,2.54034,1.95604,0.00840412,0.00840412,0.00840412
405,2406.19,2.166,2.31909,1.71857,0.41595,0.27021,0.26384,0.11464,2.38005,2.55079,1.95425,0.00840016,0.00840016,0.00840016
406,2410.91,2.16603,2.36246,1.72402,0.39847,0.27447,0.26024,0.11346,2.38052,2.55012,1.95363,0.0083962,0.0083962,0.0083962
407,2415.65,2.1795,2.35004,1.73617,0.43848,0.26596,0.27672,0.12058,2.33513,2.50517,1.93452,0.00839224,0.00839224,0.00839224
408,2421.36,2.169,2.35022,1.72164,0.4193,0.26271,0.27577,0.1222,2.31923,2.49675,1.9258,0.00838828,0.00838828,0.00838828
409,2430.11,2.18678,2.34728,1.73477,0.43771,0.26383,0.27287,0.12037,2.32106,2.50414,1.93468,0.00838432,0.00838432,0.00838432
410,2438.48,2.18351,2.33499,1.72445,0.51487,0.24043,0.26955,0.11761,2.32774,2.49092,1.93794,0.00838036,0.00838036,0.00838036
411,2447.04,2.17623,2.33151,1.73115,0.45226,0.24681,0.25963,0.11648,2.31174,2.49331,1.92374,0.0083764,0.0083764,0.0083764
412,2452.48,2.18375,2.35833,1.727,0.41633,0.25106,0.25676,0.11569,2.31208,2.49145,1.91443,0.00837244,0.00837244,0.00837244
413,2457.28,2.15715,2.36304,1.72727,0.43419,0.25106,0.2599,0.11474,2.33711,2.49308,1.92467,0.00836848,0.00836848,0.00836848
414,2462.04,2.13724,2.31568,1.7051,0.39169,0.26383,0.25821,0.11196,2.35363,2.53303,1.93867,0.00836452,0.00836452,0.00836452
415,2466.88,2.20226,2.35369,1.7245,0.37489,0.25319,0.25418,0.10626,2.36957,2.54149,1.95164,0.00836056,0.00836056,0.00836056
416,2471.63,2.17991,2.34849,1.7229,0.43173,0.25319,0.26937,0.11667,2.33308,2.51434,1.93774,0.0083566,0.0083566,0.0083566
417,2476.39,2.15764,2.31928,1.71711,0.4171,0.28085,0.27833,0.12392,2.32267,2.4853,1.93397,0.00835264,0.00835264,0.00835264
418,2481.5,2.16439,2.32982,1.72469,0.41485,0.2766,0.27603,0.12348,2.32405,2.48623,1.92788,0.00834868,0.00834868,0.00834868
419,2487.96,2.18611,2.30457,1.71899,0.41996,0.26596,0.27392,0.11918,2.32017,2.4986,1.92789,0.00834472,0.00834472,0.00834472
420,2496.52,2.15588,2.30484,1.71962,0.37877,0.27234,0.27021,0.11866,2.32229,2.49052,1.93661,0.00834076,0.00834076,0.00834076
421,2505.29,2.19572,2.31967,1.72796,0.3899,0.26596,0.27294,0.12067,2.32465,2.49592,1.94371,0.0083368,0.0083368,0.0083368
422,2512.65,2.14691,2.32192,1.71413,0.38063,0.27447,0.27739,0.12234,2.31819,2.48623,1.93021,0.00833284,0.00833284,0.00833284
423,2517.5,2.16313,2.29943,1.69478,0.42857,0.27287,0.28805,0.12979,2.30685,2.47346,1.92516,0.00832888,0.00832888,0.00832888
424,2522.6,2.14531,2.27621,1.70308,0.42212,0.28511,0.289,0.13369,2.28621,2.45081,1.9113,0.00832492,0.00832492,0.00832492
425,2527.68,2.14379,2.30467,1.70071,0.46292,0.25745,0.28958,0.13739,2.27349,2.43792,1.89499,0.00832096,0.00832096,0.00832096
426,2532.74,2.13298,2.29322,1.68145,0.45269,0.28936,0.29815,0.13806,2.27432,2.42924,1.89727,0.008317,0.008317,0.008317
427,2537.89,2.13976,2.27205,1.6979,0.43413,0.27587,0.29386,0.13408,2.28587,2.41871,1.89356,0.00831304,0.00831304,0.00831304
428,2543.06,2.11801,2.26025,1.68742,0.42846,0.30426,0.29469,0.13796,2.29001,2.41197,1.89641,0.00830908,0.00830908,0.00830908
429,2550,2.13795,2.30808,1.68567,0.43293,0.28936,0.30006,0.14025,2.27863,2.42483,1.88989,0.00830512,0.00830512,0.00830512
430,2558.9,2.14255,2.27488,1.69042,0.47615,0.28723,0.29848,0.14219,2.27131,2.42437,1.88619,0.00830116,0.00830116,0.00830116
431,2568.02,2.161,2.27199,1.70467,0.45633,0.27447,0.29016,0.13712,2.27172,2.42247,1.89039,0.0082972,0.0082972,0.0082972
432,2574.91,2.11078,2.24802,1.68776,0.46362,0.28505,0.29346,0.1342,2.26358,2.42228,1.88794,0.00829324,0.00829324,0.00829324
433,2582.58,2.12271,2.25992,1.68432,0.46137,0.29149,0.29635,0.13344,2.26693,2.40559,1.88447,0.00828928,0.00828928,0.00828928
434,2591.1,2.1324,2.24463,1.66895,0.45451,0.29362,0.29989,0.13459,2.27365,2.38978,1.88441,0.00828532,0.00828532,0.00828532
435,2599.72,2.12051,2.2316,1.68692,0.45877,0.30426,0.30307,0.13923,2.2644,2.36622,1.88574,0.00828136,0.00828136,0.00828136
436,2605.72,2.09111,2.19162,1.65346,0.40579,0.30851,0.3105,0.14466,2.25363,2.3534,1.88574,0.0082774,0.0082774,0.0082774
437,2610.79,2.1109,2.21855,1.67268,0.40274,0.31994,0.30571,0.14342,2.24634,2.37277,1.88574,0.00827344,0.00827344,0.00827344
438,2615.65,2.09999,2.21365,1.67317,0.42626,0.30426,0.30445,0.14096,2.24595,2.38383,1.87772,0.00826948,0.00826948,0.00826948
439,2620.4,2.14147,2.24543,1.69485,0.46875,0.29787,0.306,0.14415,2.24553,2.38407,1.86948,0.00826552,0.00826552,0.00826552
440,2625.11,2.11938,2.22511,1.67799,0.43745,0.29574,0.30691,0.14595,2.24246,2.37512,1.86673,0.00826156,0.00826156,0.00826156
441,2630.2,2.12171,2.22878,1.68565,0.45491,0.28936,0.31151,0.14679,2.24506,2.37767,1.86664,0.0082576,0.0082576,0.0082576
442,2635.29,2.08859,2.22088,1.6819,0.44253,0.30851,0.31258,0.14701,2.24953,2.37542,1.87071,0.00825364,0.00825364,0.00825364
443,2642.81,2.08776,2.22172,1.67248,0.4211,0.31277,0.31268,0.1489,2.25077,2.35762,1.88029,0.00824968,0.00824968,0.00824968
444,2652.07,2.09064,2.1942,1.67157,0.42429,0.30426,0.31459,0.14805,2.24286,2.35486,1.88117,0.00824572,0.00824572,0.00824572
445,2660.44,2.10491,2.16407,1.65892,0.44615,0.31277,0.32122,0.15346,2.22283,2.34304,1.87199,0.00824176,0.00824176,0.00824176
446,2667.27,2.04548,2.14275,1.64896,0.43336,0.30851,0.32708,0.15507,2.20056,2.32549,1.86661,0.0082378,0.0082378,0.0082378
447,2672.34,2.07616,2.19038,1.65882,0.58374,0.27021,0.33552,0.15806,2.18854,2.3174,1.85345,0.00823384,0.00823384,0.00823384
448,2677.46,2.06162,2.1603,1.65779,0.45054,0.32128,0.3387,0.15664,2.20198,2.32351,1.85981,0.00822988,0.00822988,0.00822988
449,2682.22,2.06811,2.1954,1.64665,0.4604,0.31489,0.32983,0.15439,2.19787,2.32524,1.85789,0.00822592,0.00822592,0.00822592
450,2686.88,2.08789,2.18765,1.6533,0.48025,0.31277,0.32559,0.15796,2.2031,2.34201,1.86374,0.00822196,0.00822196,0.00822196
451,2691.58,2.08593,2.1745,1.64533,0.54307,0.29149,0.33557,0.16,2.19622,2.32991,1.86312,0.008218,0.008218,0.008218
452,2696.69,2.0768,2.1504,1.66063,0.53343,0.29574,0.33538,0.1619,2.19339,2.32241,1.85676,0.00821404,0.00821404,0.00821404
453,2703.61,2.06817,2.13892,1.65565,0.56302,0.29149,0.33804,0.16105,2.20651,2.33869,1.86103,0.00821008,0.00821008,0.00821008
454,2711.74,2.0296,2.12153,1.63712,0.51048,0.31064,0.34023,0.16337,2.19555,2.33713,1.8562,0.00820612,0.00820612,0.00820612
455,2720.82,2.0721,2.14695,1.64893,0.54035,0.30426,0.33827,0.16352,2.18074,2.32356,1.84913,0.00820216,0.00820216,0.00820216
456,2728.01,2.07408,2.1696,1.65568,0.56161,0.30255,0.34713,0.16743,2.185,2.30892,1.84537,0.0081982,0.0081982,0.0081982
457,2733.11,2.03142,2.10478,1.63259,0.52011,0.31489,0.34721,0.16747,2.19548,2.3122,1.84766,0.00819424,0.00819424,0.00819424
458,2738.08,2.06108,2.13076,1.64207,0.56317,0.30996,0.33988,0.16472,2.20968,2.31998,1.85626,0.00819028,0.00819028,0.00819028
459,2742.87,2.06155,2.14124,1.64362,0.54548,0.31064,0.34063,0.16508,2.20849,2.3112,1.85945,0.00818632,0.00818632,0.00818632
460,2747.61,2.0998,2.17189,1.66325,0.54256,0.31293,0.34099,0.16499,2.21125,2.29089,1.86511,0.00818236,0.00818236,0.00818236
461,2752.38,2.0804,2.19785,1.65274,0.54185,0.31702,0.3417,0.16227,2.21739,2.29628,1.86975,0.0081784,0.0081784,0.0081784
462,2757.01,2.07396,2.15754,1.6547,0.51957,0.32979,0.34571,0.16772,2.20865,2.29484,1.86206,0.00817444,0.00817444,0.00817444
463,2763.61,2.0579,2.13945,1.64506,0.54957,0.31915,0.34418,0.16828,2.2007,2.28524,1.86122,0.00817048,0.00817048,0.00817048
464,2772.31,2.01869,2.09593,1.63078,0.53839,0.32128,0.34514,0.1695,2.19049,2.27532,1.85632,0.00816652,0.00816652,0.00816652
465,2780.94,2.04782,2.08703,1.63949,0.52231,0.33191,0.34272,0.17098,2.17938,2.25978,1.85381,0.00816256,0.00816256,0.00816256
466,2789.41,2.05577,2.07723,1.63777,0.51241,0.32646,0.34259,0.16732,2.205,2.27515,1.87133,0.0081586,0.0081586,0.0081586
467,2794.22,2.04072,2.08967,1.63155,0.49036,0.33617,0.34414,0.16758,2.20374,2.27785,1.8739,0.00815464,0.00815464,0.00815464
468,2798.91,2.05324,2.14309,1.64081,0.49053,0.32553,0.34295,0.1643,2.2207,2.29566,1.87788,0.00815068,0.00815068,0.00815068
469,2803.59,2.03286,2.09249,1.62917,0.49117,0.32553,0.34195,0.16766,2.20719,2.28976,1.8632,0.00814672,0.00814672,0.00814672
470,2808.31,2.03082,2.08892,1.63061,0.48487,0.34046,0.35168,0.17414,2.18211,2.2477,1.84591,0.00814276,0.00814276,0.00814276
471,2813.31,2.05695,2.14448,1.63187,0.49247,0.3551,0.35845,0.17851,2.16252,2.23052,1.82995,0.0081388,0.0081388,0.0081388
472,2818.29,2.00283,2.07331,1.61548,0.48289,0.35319,0.35785,0.1798,2.16369,2.22672,1.83014,0.00813484,0.00813484,0.00813484
473,2823.58,2.07198,2.15101,1.65103,0.47615,0.36164,0.36209,0.1826,2.17334,2.23923,1.83814,0.00813088,0.00813088,0.00813088
474,2831.78,2.02494,2.09965,1.62948,0.49983,0.34043,0.3614,0.18063,2.16277,2.23526,1.83877,0.00812692,0.00812692,0.00812692
475,2840.41,2.03766,2.08497,1.61282,0.51317,0.3617,0.36428,0.18375,2.14874,2.21917,1.83083,0.00812296,0.00812296,0.00812296
476,2849.46,2.03682,2.09987,1.62276,0.56898,0.3383,0.36753,0.18449,2.14729,2.22392,1.82584,0.008119,0.008119,0.008119
477,2855.35,2.0152,2.03882,1.61017,0.50983,0.35187,0.36893,0.18319,2.15518,2.23591,1.8245,0.00811504,0.00811504,0.00811504
478,2860.06,1.97669,1.99772,1.58766,0.54457,0.34468,0.37648,0.18734,2.14318,2.23973,1.8183,0.00811108,0.00811108,0.00811108
479,2865.09,2.01333,2.07171,1.60822,0.57497,0.34468,0.38454,0.1894,2.14185,2.22764,1.81921,0.00810712,0.00810712,0.00810712
480,2870.09,1.99312,2.0508,1.60329,0.57987,0.34946,0.37674,0.18858,2.14745,2.21789,1.82111,0.00810316,0.00810316,0.00810316
481,2874.78,2.01265,2.07078,1.61281,0.56336,0.34255,0.37953,0.18895,2.14718,2.21809,1.8233,0.0080992,0.0080992,0.0080992
482,2879.51,2.01505,2.05865,1.61969,0.59083,0.34043,0.38311,0.18911,2.14338,2.20844,1.8191,0.00809524,0.00809524,0.00809524
483,2884.3,2.00157,2.07062,1.61586,0.61768,0.3383,0.38703,0.18967,2.13105,2.19393,1.81348,0.00809128,0.00809128,0.00809128
484,2892.99,2.02451,2.08633,1.62265,0.63274,0.33617,0.38828,0.18961,2.13253,2.18576,1.81452,0.00808732,0.00808732,0.00808732
485,2901.86,1.97204,2.04489,1.60256,0.61791,0.33617,0.38934,0.19358,2.12897,2.17996,1.8117,0.00808336,0.00808336,0.00808336
486,2910.99,1.98966,2.04311,1.60673,0.56319,0.35957,0.39115,0.19379,2.11728,2.17598,1.80278,0.0080794,0.0080794,0.0080794
487,2916.86,1.98372,2.08011,1.59924,0.54701,0.35714,0.3913,0.19247,2.11742,2.1686,1.79782,0.00807544,0.00807544,0.00807544
488,2921.56,1.97005,2.00712,1.58626,0.58431,0.34468,0.39216,0.19312,2.12596,2.16459,1.80192,0.00807148,0.00807148,0.00807148
489,2926.34,1.96353,1.99034,1.5899,0.54733,0.36383,0.39508,0.19527,2.11971,2.15979,1.79688,0.00806752,0.00806752,0.00806752
490,2931.4,2.02185,2.04206,1.60796,0.59317,0.35745,0.4005,0.19649,2.13027,2.15508,1.79817,0.00806356,0.00806356,0.00806356
491,2936.51,2.00058,2.03771,1.60203,0.5578,0.36596,0.39323,0.19353,2.13822,2.1604,1.80457,0.0080596,0.0080596,0.0080596
492,2941.38,1.97061,2.03213,1.59182,0.53517,0.37021,0.39291,0.19199,2.14524,2.17013,1.80491,0.00805564,0.00805564,0.00805564
493,2947.33,1.98773,2.0279,1.58803,0.52331,0.38298,0.39379,0.19194,2.15017,2.1691,1.80661,0.00805168,0.00805168,0.00805168
494,2955.91,1.95407,1.98715,1.5839,0.50539,0.39574,0.40297,0.20018,2.12384,2.14629,1.79292,0.00804772,0.00804772,0.00804772
495,2965.41,1.97686,1.99962,1.57667,0.5598,0.38085,0.40897,0.20267,2.12615,2.15479,1.7894,0.00804376,0.00804376,0.00804376
496,2974.47,1.96159,1.99875,1.59628,0.57363,0.37785,0.41118,0.20541,2.12263,2.15144,1.78899,0.0080398,0.0080398,0.0080398
497,2980.1,1.96789,1.98827,1.57947,0.58553,0.37234,0.40989,0.20703,2.10311,2.14531,1.78462,0.00803584,0.00803584,0.00803584
498,2988.91,1.97014,1.99487,1.58293,0.58516,0.36596,0.40523,0.20501,2.1079,2.14589,1.79043,0.00803188,0.00803188,0.00803188
499,2997.74,2.01382,2.03791,1.60965,0.58573,0.37002,0.40397,0.20641,2.1074,2.14803,1.79307,0.00802792,0.00802792,0.00802792
500,3005.63,1.95534,1.97623,1.58975,0.59388,0.38298,0.41408,0.21104,2.09923,2.13873,1.79118,0.00802396,0.00802396,0.00802396
501,3010.91,1.99742,2.0359,1.59598,0.55519,0.38936,0.4134,0.21208,2.10177,2.13633,1.79263,0.00802,0.00802,0.00802
502,3016.16,1.98363,2.00792,1.57891,0.58493,0.3766,0.41374,0.21249,2.10339,2.13093,1.79293,0.00801604,0.00801604,0.00801604
503,3021.26,1.97496,2.02142,1.58723,0.58754,0.37278,0.41543,0.21356,2.10029,2.11565,1.78648,0.00801208,0.00801208,0.00801208
504,3026.46,1.95233,1.93257,1.55502,0.59351,0.38723,0.42214,0.2154,2.09428,2.10062,1.78159,0.00800812,0.00800812,0.00800812
505,3031.65,1.95975,1.99227,1.57568,0.60184,0.40213,0.42598,0.21818,2.08793,2.10146,1.77791,0.00800416,0.00800416,0.00800416
506,3036.92,1.92015,1.94585,1.54651,0.59196,0.40744,0.4273,0.21924,2.08027,2.10055,1.774,0.0080002,0.0080002,0.0080002
507,3043.01,1.94559,1.96081,1.57191,0.60182,0.40426,0.42627,0.22132,2.07016,2.09266,1.7701,0.00799624,0.00799624,0.00799624
508,3051.56,1.94126,2.00029,1.58434,0.60672,0.40702,0.42951,0.2246,2.06024,2.0963,1.76766,0.00799228,0.00799228,0.00799228
509,3060.62,1.95034,1.97157,1.57399,0.59551,0.40213,0.42541,0.22392,2.0533,2.09031,1.76485,0.00798832,0.00798832,0.00798832
510,3068.78,1.96631,1.96701,1.56904,0.58888,0.39149,0.42379,0.22616,2.05205,2.08192,1.76354,0.00798436,0.00798436,0.00798436
511,3074.24,1.95055,1.95146,1.56296,0.58949,0.40025,0.42547,0.22552,2.06166,2.07911,1.76639,0.0079804,0.0079804,0.0079804
512,3079.11,1.94913,1.98084,1.56613,0.60962,0.40213,0.42675,0.22491,2.0596,2.06852,1.76833,0.00797644,0.00797644,0.00797644
513,3083.87,1.94425,1.97233,1.58018,0.61021,0.39574,0.42977,0.22755,2.05279,2.05717,1.76267,0.00797248,0.00797248,0.00797248
514,3089.04,1.9584,1.98338,1.58723,0.60425,0.39574,0.42661,0.22791,2.05022,2.05174,1.76034,0.00796852,0.00796852,0.00796852
515,3094.84,1.94771,1.96391,1.56348,0.60849,0.39574,0.43043,0.23139,2.04526,2.04744,1.7594,0.00796456,0.00796456,0.00796456
516,3100.25,1.96883,1.95227,1.56768,0.59599,0.39861,0.43458,0.2323,2.04157,2.03852,1.75744,0.0079606,0.0079606,0.0079606
517,3106.62,1.93954,1.91977,1.55947,0.59795,0.4,0.4382,0.22969,2.03274,2.02656,1.75212,0.00795664,0.00795664,0.00795664
518,3115.22,1.95261,1.97044,1.5748,0.58255,0.40638,0.43844,0.23139,2.02692,2.0167,1.74811,0.00795268,0.00795268,0.00795268
519,3124.14,1.89993,1.90108,1.53799,0.58612,0.40851,0.43997,0.23192,2.0296,2.0184,1.74586,0.00794872,0.00794872,0.00794872
520,3132.57,1.93378,1.9194,1.55459,0.61999,0.40638,0.44746,0.23578,2.02839,2.01796,1.74444,0.00794476,0.00794476,0.00794476
521,3137.61,1.89912,1.91584,1.53046,0.64715,0.4,0.45263,0.23699,2.02633,2.01601,1.74406,0.0079408,0.0079408,0.0079408
522,3142.72,1.90056,1.88742,1.5473,0.62481,0.41102,0.45089,0.239,2.02547,2.01587,1.74269,0.00793684,0.00793684,0.00793684
523,3147.9,1.93199,1.89886,1.5505,0.62415,0.41702,0.45509,0.23931,2.03188,2.01338,1.74419,0.00793288,0.00793288,0.00793288
524,3153.04,1.89684,1.87704,1.53512,0.62769,0.4234,0.461,0.23972,2.02358,2.00922,1.73858,0.00792892,0.00792892,0.00792892
525,3158.14,1.91508,1.91048,1.54778,0.63028,0.41349,0.4567,0.23756,2.0208,2.00247,1.73902,0.00792496,0.00792496,0.00792496
526,3162.86,1.88858,1.84803,1.52343,0.61788,0.41973,0.45406,0.23814,2.02223,2.00038,1.73949,0.007921,0.007921,0.007921
527,3169.2,1.89972,1.9169,1.54573,0.61973,0.40851,0.45215,0.24054,2.01188,1.99462,1.73405,0.00791704,0.00791704,0.00791704
528,3177.42,1.94038,1.9167,1.56224,0.62701,0.41064,0.45547,0.24181,2.00659,1.98378,1.7328,0.00791308,0.00791308,0.00791308
529,3186.53,1.91349,1.88692,1.53074,0.62774,0.40851,0.45778,0.24456,2.00569,1.98436,1.73259,0.00790912,0.00790912,0.00790912
530,3194.85,1.89541,1.88317,1.54317,0.64444,0.42553,0.46158,0.24555,2.00326,1.98719,1.73368,0.00790516,0.00790516,0.00790516
531,3199.94,1.92225,1.91815,1.54342,0.60264,0.43617,0.45652,0.2396,2.00463,1.98901,1.73211,0.0079012,0.0079012,0.0079012
532,3204.69,1.92365,1.9039,1.53293,0.58891,0.40851,0.4471,0.23722,2.00514,1.99192,1.73069,0.00789724,0.00789724,0.00789724
533,3209.42,1.9133,1.90154,1.54631,0.60878,0.41064,0.45198,0.2391,2.00015,1.99471,1.72704,0.00789328,0.00789328,0.00789328
534,3214.12,1.89122,1.87011,1.53112,0.60373,0.41489,0.45372,0.2424,2.00277,1.9887,1.72686,0.00788932,0.00788932,0.00788932
535,3218.83,1.91331,1.88483,1.5428,0.59341,0.41489,0.45538,0.243,1.99507,1.98629,1.72269,0.00788536,0.00788536,0.00788536
536,3223.58,1.89705,1.8722,1.54248,0.58962,0.4188,0.45281,0.24259,1.99664,1.99123,1.72371,0.0078814,0.0078814,0.0078814
537,3228.15,1.89088,1.90059,1.53764,0.6162,0.40426,0.45453,0.24303,1.9891,1.98271,1.71891,0.00787744,0.00787744,0.00787744
538,3234.54,1.88972,1.88382,1.52618,0.608,0.4191,0.46131,0.24851,1.97269,1.96945,1.71133,0.00787348,0.00787348,0.00787348
539,3243.57,1.87036,1.85215,1.52296,0.61175,0.41572,0.46491,0.25144,1.96708,1.96065,1.7083,0.00786952,0.00786952,0.00786952
540,3252.81,1.89481,1.85366,1.52978,0.57943,0.44043,0.46387,0.25064,1.96369,1.95565,1.70713,0.00786556,0.00786556,0.00786556
541,3259.5,1.88489,1.85217,1.52367,0.60338,0.42766,0.46609,0.25182,1.96165,1.95593,1.70381,0.0078616,0.0078616,0.0078616
542,3264.63,1.91373,1.89334,1.53556,0.56667,0.44255,0.45974,0.24853,1.9658,1.96266,1.70504,0.00785764,0.00785764,0.00785764
543,3269.47,1.87077,1.84535,1.52092,0.57669,0.43617,0.46197,0.24655,1.96477,1.96865,1.70457,0.00785368,0.00785368,0.00785368
544,3274.27,1.88257,1.84098,1.51914,0.59169,0.42979,0.46524,0.24984,1.96258,1.96613,1.70314,0.00784972,0.00784972,0.00784972
545,3279.1,1.89064,1.85677,1.52143,0.59501,0.44043,0.46937,0.24974,1.96339,1.95951,1.70098,0.00784576,0.00784576,0.00784576
546,3283.88,1.86666,1.84122,1.52135,0.6121,0.43404,0.47192,0.25269,1.96005,1.95703,1.69787,0.0078418,0.0078418,0.0078418
547,3289.06,1.86217,1.83319,1.50287,0.63443,0.43404,0.47933,0.25686,1.95744,1.95107,1.69489,0.00783784,0.00783784,0.00783784
548,3295.81,1.86098,1.83929,1.5059,0.62056,0.43149,0.47879,0.25657,1.9595,1.95011,1.6939,0.00783388,0.00783388,0.00783388
549,3303.9,1.87091,1.84132,1.50102,0.61661,0.42979,0.47903,0.25791,1.96229,1.94828,1.69308,0.00782992,0.00782992,0.00782992
550,3313.2,1.85362,1.82266,1.49936,0.61908,0.42879,0.48122,0.25777,1.96147,1.94519,1.69206,0.00782596,0.00782596,0.00782596
551,3321.31,1.83178,1.81656,1.49195,0.6306,0.43223,0.48594,0.26071,1.95687,1.93776,1.687,0.007822,0.007822,0.007822
552,3326.24,1.8709,1.81956,1.51085,0.63892,0.43404,0.48476,0.26136,1.95406,1.93572,1.68488,0.00781804,0.00781804,0.00781804
553,3331.16,1.86413,1.84055,1.52351,0.64606,0.4311,0.48306,0.25852,1.95671,1.93534,1.68321,0.00781408,0.00781408,0.00781408
554,3335.83,1.88116,1.82716,1.5193,0.60071,0.44494,0.48243,0.25998,1.96297,1.9359,1.68599,0.00781012,0.00781012,0.00781012
555,3340.3,1.8256,1.79336,1.49591,0.61943,0.4383,0.48315,0.26122,1.9591,1.93011,1.68529,0.00780616,0.00780616,0.00780616
556,3344.79,1.84636,1.81111,1.51157,0.63448,0.4395,0.48743,0.26431,1.9538,1.92649,1.68175,0.0078022,0.0078022,0.0078022
557,3349.6,1.87145,1.81144,1.51736,0.63326,0.43719,0.48947,0.26763,1.94876,1.92043,1.67915,0.00779824,0.00779824,0.00779824
558,3355.54,1.88774,1.84287,1.53016,0.64457,0.44043,0.4951,0.27,1.9489,1.9239,1.67966,0.00779428,0.00779428,0.00779428
559,3364.97,1.8503,1.81945,1.5171,0.64438,0.44681,0.49389,0.27012,1.94176,1.91895,1.67467,0.00779032,0.00779032,0.00779032
560,3373.58,1.83902,1.79632,1.50479,0.64878,0.45319,0.49934,0.27201,1.92967,1.91405,1.66888,0.00778636,0.00778636,0.00778636
561,3382.21,1.8654,1.85227,1.51676,0.6451,0.44681,0.50221,0.27388,1.92524,1.90456,1.6661,0.0077824,0.0077824,0.0077824
562,3389.71,1.84963,1.77987,1.49724,0.65184,0.45745,0.50642,0.27625,1.92239,1.8951,1.66419,0.00777844,0.00777844,0.00777844
563,3398.85,1.8668,1.81969,1.49735,0.65521,0.45532,0.50929,0.27684,1.9182,1.89025,1.6615,0.00777448,0.00777448,0.00777448
564,3408.01,1.83738,1.80262,1.4898,0.67801,0.44802,0.51142,0.28047,1.91293,1.88308,1.65987,0.00777052,0.00777052,0.00777052
565,3414.76,1.86536,1.82953,1.51945,0.66727,0.45656,0.51406,0.28223,1.90956,1.87723,1.65645,0.00776656,0.00776656,0.00776656
566,3419.95,1.82998,1.80411,1.49107,0.6731,0.45124,0.51359,0.28265,1.91067,1.87726,1.65352,0.0077626,0.0077626,0.0077626
567,3425.23,1.80651,1.73921,1.48156,0.66565,0.46383,0.51688,0.28526,1.90031,1.87206,1.64803,0.00775864,0.00775864,0.00775864
568,3430.5,1.85493,1.81332,1.5056,0.6861,0.46383,0.52086,0.28801,1.89522,1.87481,1.6474,0.00775468,0.00775468,0.00775468
569,3435.52,1.83862,1.77864,1.48703,0.71,0.44798,0.51901,0.28611,1.89677,1.87115,1.64619,0.00775072,0.00775072,0.00775072
570,3440.38,1.84738,1.78425,1.4927,0.70877,0.45106,0.51745,0.28442,1.89324,1.8673,1.64632,0.00774676,0.00774676,0.00774676
571,3445.11,1.82292,1.75947,1.48821,0.70336,0.45404,0.51798,0.28602,1.88821,1.86297,1.64556,0.0077428,0.0077428,0.0077428
572,3451.17,1.83319,1.76045,1.49119,0.69959,0.44894,0.52083,0.28833,1.8871,1.86166,1.64349,0.00773884,0.00773884,0.00773884
573,3459.89,1.85843,1.79025,1.49722,0.70043,0.44894,0.52358,0.28933,1.88932,1.86083,1.64244,0.00773488,0.00773488,0.00773488
574,3469.13,1.84128,1.7957,1.49478,0.70641,0.44539,0.52149,0.28861,1.89791,1.85964,1.64626,0.00773092,0.00773092,0.00773092
575,3476.71,1.82767,1.77869,1.48874,0.69481,0.44894,0.51811,0.28751,1.89951,1.85883,1.64847,0.00772696,0.00772696,0.00772696
576,3481.4,1.80517,1.75985,1.47817,0.6888,0.44894,0.51693,0.28463,1.90375,1.8596,1.6522,0.007723,0.007723,0.007723
577,3486.17,1.80099,1.76994,1.48683,0.69059,0.45114,0.5167,0.2842,1.90423,1.86138,1.65171,0.00771904,0.00771904,0.00771904
578,3491.09,1.80895,1.75715,1.4792,0.69002,0.46596,0.5192,0.29065,1.89851,1.85487,1.64672,0.00771508,0.00771508,0.00771508
579,3496.11,1.82677,1.76337,1.48502,0.69809,0.45753,0.52014,0.2922,1.89229,1.84726,1.64233,0.00771112,0.00771112,0.00771112
580,3501.33,1.78326,1.75567,1.4704,0.70757,0.45532,0.52069,0.29088,1.89448,1.84716,1.64186,0.00770716,0.00770716,0.00770716
581,3506.06,1.8122,1.76534,1.46976,0.69096,0.45957,0.52101,0.2905,1.89154,1.84483,1.63953,0.0077032,0.0077032,0.0077032
582,3512.23,1.78975,1.75764,1.4736,0.67481,0.47021,0.52249,0.29053,1.8887,1.84278,1.63721,0.00769924,0.00769924,0.00769924
583,3521,1.81108,1.78848,1.49036,0.65333,0.47716,0.52317,0.29301,1.88589,1.84238,1.63561,0.00769528,0.00769528,0.00769528
584,3530.44,1.81886,1.73333,1.47044,0.66577,0.48317,0.52462,0.29285,1.88409,1.84319,1.63543,0.00769132,0.00769132,0.00769132
585,3538.33,1.80313,1.76438,1.47032,0.66108,0.48511,0.52403,0.29008,1.88429,1.84383,1.63479,0.00768736,0.00768736,0.00768736
586,3543.21,1.83018,1.78389,1.47635,0.66174,0.48298,0.52408,0.29113,1.88827,1.85084,1.63713,0.0076834,0.0076834,0.0076834
587,3547.97,1.78135,1.71931,1.45945,0.67332,0.47447,0.52777,0.29279,1.88559,1.84801,1.63537,0.00767944,0.00767944,0.00767944
588,3553.04,1.80731,1.72504,1.46724,0.66469,0.46809,0.53029,0.29397,1.88349,1.84101,1.63418,0.00767548,0.00767548,0.00767548
589,3558.13,1.81744,1.76706,1.4861,0.67266,0.47219,0.53069,0.29686,1.87992,1.83503,1.63178,0.00767152,0.00767152,0.00767152
590,3563.19,1.78475,1.73554,1.45683,0.673,0.47234,0.53027,0.29682,1.88299,1.83644,1.6339,0.00766756,0.00766756,0.00766756
591,3567.83,1.79911,1.72198,1.47308,0.66909,0.47021,0.52829,0.29381,1.8858,1.83947,1.63466,0.0076636,0.0076636,0.0076636
592,3573.33,1.76053,1.67615,1.45318,0.65682,0.4683,0.52741,0.29054,1.88677,1.83709,1.63475,0.00765964,0.00765964,0.00765964
593,3581.18,1.78041,1.68618,1.45249,0.67155,0.47447,0.53101,0.29297,1.88454,1.84101,1.63418,0.00765568,0.00765568,0.00765568
594,3589.07,1.76308,1.70603,1.45888,0.66603,0.47523,0.53156,0.29573,1.88272,1.84068,1.63351,0.00765172,0.00765172,0.00765172
595,3597.11,1.78537,1.71816,1.46912,0.67993,0.47872,0.53084,0.2944,1.88213,1.83731,1.63284,0.00764776,0.00764776,0.00764776
596,3603.14,1.76553,1.69568,1.45616,0.66197,0.49362,0.53187,0.2939,1.88136,1.83608,1.632,0.0076438,0.0076438,0.0076438
597,3607.94,1.80286,1.7259,1.46452,0.6489,0.49155,0.53089,0.29494,1.87791,1.83417,1.62932,0.00763984,0.00763984,0.00763984
598,3612.66,1.77819,1.6969,1.47446,0.65375,0.49574,0.5315,0.29442,1.87033,1.82402,1.62468,0.00763588,0.00763588,0.00763588
599,3617.6,1.7991,1.72565,1.4625,0.66028,0.49787,0.53266,0.29481,1.86698,1.82232,1.62316,0.00763192,0.00763192,0.00763192
600,3622.39,1.80404,1.72568,1.47761,0.67097,0.49462,0.53327,0.29892,1.86132,1.81689,1.61923,0.00762796,0.00762796,0.00762796
601,3627.52,1.77066,1.69315,1.44925,0.66691,0.49574,0.53448,0.29881,1.85651,1.80928,1.61695,0.007624,0.007624,0.007624
602,3632.59,1.82068,1.73746,1.48037,0.66602,0.50213,0.53592,0.30021,1.85138,1.80593,1.6137,0.00762004,0.00762004,0.00762004
603,3639.68,1.79465,1.73269,1.47469,0.66846,0.5,0.53508,0.30037,1.84933,1.80413,1.61324,0.00761608,0.00761608,0.00761608
604,3648.83,1.79422,1.7155,1.47266,0.66408,0.5,0.53622,0.30071,1.84758,1.80217,1.61243,0.00761212,0.00761212,0.00761212
605,3657.76,1.78486,1.70021,1.45686,0.66331,0.49574,0.53605,0.29968,1.84587,1.79489,1.61001,0.00760816,0.00760816,0.00760816
606,3664.48,1.74744,1.66085,1.45325,0.66481,0.5,0.53697,0.2999,1.84536,1.78995,1.60937,0.0076042,0.0076042,0.0076042
607,3669.32,1.74164,1.67395,1.43873,0.67113,0.5,0.53932,0.30135,1.8433,1.78656,1.60703,0.00760024,0.00760024,0.00760024
608,3674.33,1.76718,1.70657,1.45536,0.68407,0.49149,0.54123,0.30272,1.84118,1.78515,1.60467,0.00759628,0.00759628,0.00759628
609,3679.55,1.75681,1.68033,1.44672,0.69205,0.48298,0.53994,0.30371,1.84199,1.78228,1.60431,0.00759232,0.00759232,0.00759232
610,3684.7,1.75324,1.68846,1.4482,0.6879,0.48302,0.53979,0.30461,1.83965,1.77816,1.60247,0.00758836,0.00758836,0.00758836
611,3689.79,1.79251,1.70402,1.4665,0.68969,0.47872,0.541,0.30527,1.83312,1.77407,1.59968,0.0075844,0.0075844,0.0075844
612,3694.87,1.7833,1.6855,1.46576,0.68806,0.48085,0.54396,0.30647,1.83078,1.77108,1.598,0.00758044,0.00758044,0.00758044
613,3701.04,1.77679,1.68118,1.45879,0.69203,0.4781,0.54371,0.30792,1.82645,1.76829,1.59734,0.00757648,0.00757648,0.00757648
614,3710.04,1.78598,1.70765,1.4707,0.69835,0.48298,0.54571,0.3101,1.82547,1.76226,1.59754,0.00757252,0.00757252,0.00757252
615,3719.1,1.78364,1.69486,1.45706,0.72856,0.47872,0.54627,0.31063,1.82229,1.75863,1.59542,0.00756856,0.00756856,0.00756856
616,3727.58,1.76817,1.7079,1.45203,0.7142,0.47853,0.54738,0.31135,1.82129,1.75599,1.59488,0.0075646,0.0075646,0.0075646
617,3732.65,1.71841,1.62748,1.43065,0.71119,0.48202,0.54783,0.31325,1.81707,1.75477,1.59387,0.00756064,0.00756064,0.00756064
618,3737.69,1.75831,1.65894,1.42939,0.70811,0.48004,0.55033,0.31516,1.81404,1.75299,1.59242,0.00755668,0.00755668,0.00755668
619,3742.73,1.76471,1.66753,1.44813,0.73312,0.47872,0.55269,0.31686,1.81202,1.75053,1.59148,0.00755272,0.00755272,0.00755272
620,3747.67,1.73521,1.66595,1.43458,0.74268,0.47285,0.55561,0.31945,1.81357,1.75028,1.59168,0.00754876,0.00754876,0.00754876
621,3752.63,1.77057,1.68222,1.45233,0.73379,0.47021,0.55569,0.32043,1.80996,1.75037,1.59102,0.0075448,0.0075448,0.0075448
622,3757.62,1.75141,1.66356,1.43745,0.73977,0.47179,0.55592,0.31988,1.80758,1.74788,1.59014,0.00754084,0.00754084,0.00754084
623,3763.4,1.75431,1.64761,1.44752,0.72326,0.48379,0.55742,0.32027,1.80437,1.74223,1.58872,0.00753688,0.00753688,0.00753688
624,3772.86,1.75581,1.65382,1.44326,0.72505,0.48298,0.55854,0.32239,1.79935,1.73979,1.58512,0.00753292,0.00753292,0.00753292
625,3782.19,1.77246,1.64827,1.44779,0.73458,0.48723,0.56309,0.3238,1.79936,1.74239,1.58423,0.00752896,0.00752896,0.00752896
626,3789.79,1.73439,1.64802,1.42003,0.73117,0.48936,0.56351,0.32415,1.79758,1.74188,1.5838,0.007525,0.007525,0.007525
627,3794.87,1.72531,1.64017,1.43313,0.72257,0.49149,0.56462,0.32349,1.79601,1.73779,1.58332,0.00752104,0.00752104,0.00752104
628,3799.58,1.73572,1.66307,1.43508,0.74078,0.49362,0.56658,0.32375,1.79568,1.73784,1.58338,0.00751708,0.00751708,0.00751708
629,3804.29,1.74655,1.66255,1.4509,0.73869,0.48723,0.56439,0.32353,1.79312,1.73534,1.58161,0.00751312,0.00751312,0.00751312
630,3809,1.72152,1.62698,1.43011,0.74925,0.48723,0.56759,0.32649,1.78905,1.72997,1.57879,0.00750916,0.00750916,0.00750916
631,3814,1.7354,1.64411,1.42988,0.75419,0.48308,0.56903,0.3273,1.78761,1.72811,1.57773,0.0075052,0.0075052,0.0075052
632,3819.01,1.75896,1.61965,1.44138,0.75673,0.49149,0.57066,0.32673,1.78492,1.72753,1.57619,0.00750124,0.00750124,0.00750124
633,3824.65,1.72214,1.60622,1.42107,0.74798,0.48723,0.56965,0.3267,1.78435,1.72455,1.57547,0.00749728,0.00749728,0.00749728
634,3833.29,1.74489,1.64308,1.42395,0.73923,0.48936,0.56972,0.32648,1.78422,1.72095,1.57624,0.00749332,0.00749332,0.00749332
635,3841.94,1.72768,1.63082,1.42772,0.73512,0.49362,0.57104,0.32711,1.78337,1.71965,1.57658,0.00748936,0.00748936,0.00748936
636,3850.98,1.7392,1.62794,1.42325,0.73641,0.49338,0.57172,0.32991,1.78299,1.71573,1.57665,0.0074854,0.0074854,0.0074854
637,3856.07,1.70536,1.58887,1.40409,0.74474,0.48723,0.57131,0.32957,1.78093,1.71276,1.57506,0.00748144,0.00748144,0.00748144
638,3860.78,1.7225,1.61487,1.42147,0.74704,0.48723,0.56984,0.33081,1.78063,1.71148,1.5742,0.00747748,0.00747748,0.00747748
639,3865.82,1.74154,1.63399,1.42533,0.74093,0.49362,0.57291,0.33198,1.77763,1.7086,1.57223,0.00747352,0.00747352,0.00747352
640,3870.83,1.73849,1.63082,1.43011,0.74118,0.49352,0.5733,0.3321,1.77644,1.70809,1.57267,0.00746956,0.00746956,0.00746956
641,3875.94,1.73637,1.61558,1.41485,0.7232,0.5,0.57564,0.33374,1.77389,1.70948,1.57139,0.0074656,0.0074656,0.0074656
642,3880.93,1.71071,1.58903,1.42324,0.71407,0.50638,0.57554,0.33345,1.77186,1.70417,1.57039,0.00746164,0.00746164,0.00746164
643,3885.86,1.70224,1.60153,1.42029,0.72057,0.50851,0.57622,0.3321,1.77077,1.7006,1.57043,0.00745768,0.00745768,0.00745768
644,3891.87,1.72789,1.63124,1.44055,0.72025,0.50851,0.57858,0.33317,1.7668,1.69382,1.56874,0.00745372,0.00745372,0.00745372
645,3900.08,1.7323,1.59572,1.41657,0.72385,0.51064,0.57929,0.33466,1.76767,1.69057,1.56939,0.00744976,0.00744976,0.00744976
646,3909.02,1.71216,1.60762,1.41502,0.71244,0.51915,0.58075,0.33512,1.76557,1.68804,1.56706,0.0074458,0.0074458,0.0074458
647,3917.6,1.72761,1.64322,1.42839,0.71299,0.51915,0.58173,0.33539,1.76471,1.68501,1.56634,0.00744184,0.00744184,0.00744184
648,3923.06,1.74667,1.64114,1.42669,0.73591,0.51915,0.58404,0.33519,1.76512,1.6852,1.56507,0.00743788,0.00743788,0.00743788
649,3928.17,1.71046,1.57453,1.40559,0.74817,0.51277,0.58253,0.33575,1.7623,1.68,1.56179,0.00743392,0.00743392,0.00743392
650,3933.28,1.70714,1.59292,1.41061,0.75433,0.51611,0.58502,0.33666,1.75906,1.67748,1.56025,0.00742996,0.00742996,0.00742996
651,3938.43,1.69611,1.59842,1.4001,0.75287,0.51489,0.5863,0.33979,1.75665,1.6735,1.55977,0.007426,0.007426,0.007426
652,3943.61,1.70873,1.56007,1.39711,0.75026,0.51774,0.58572,0.33966,1.75619,1.67137,1.55917,0.00742204,0.00742204,0.00742204
653,3948.48,1.69904,1.60559,1.41864,0.7397,0.5234,0.58605,0.33881,1.75461,1.66927,1.55781,0.00741808,0.00741808,0.00741808
654,3954.08,1.72602,1.61847,1.41879,0.75303,0.52553,0.58934,0.3397,1.75257,1.6664,1.55627,0.00741412,0.00741412,0.00741412
655,3962.64,1.71137,1.6004,1.41269,0.75817,0.52553,0.58975,0.3415,1.75036,1.66174,1.55455,0.00741016,0.00741016,0.00741016
656,3971.73,1.66143,1.55585,1.38857,0.75912,0.52553,0.59024,0.3428,1.74772,1.65803,1.55326,0.0074062,0.0074062,0.0074062
657,3980.4,1.67878,1.54137,1.40247,0.7611,0.5234,0.59163,0.3432,1.74743,1.65614,1.55375,0.00740224,0.00740224,0.00740224
658,3985.95,1.68243,1.57069,1.40546,0.75516,0.5234,0.59291,0.34444,1.74443,1.65473,1.55311,0.00739828,0.00739828,0.00739828
659,3991.01,1.69074,1.58643,1.4073,0.7466,0.52979,0.59424,0.34536,1.74238,1.6548,1.55193,0.00739432,0.00739432,0.00739432
660,3996.12,1.6812,1.57752,1.39863,0.75335,0.52638,0.59517,0.34558,1.74046,1.6534,1.55032,0.00739036,0.00739036,0.00739036
661,4001.2,1.68358,1.55552,1.39931,0.75696,0.53013,0.59722,0.34752,1.73925,1.64937,1.54948,0.0073864,0.0073864,0.0073864
662,4006.28,1.68323,1.56626,1.40821,0.75491,0.53404,0.5981,0.34951,1.73747,1.64689,1.54793,0.00738244,0.00738244,0.00738244
663,4011.56,1.68171,1.56313,1.39574,0.75591,0.53617,0.59797,0.34915,1.73407,1.64147,1.54559,0.00737848,0.00737848,0.00737848
664,4017.05,1.68557,1.56258,1.40759,0.75628,0.53617,0.60033,0.35169,1.73221,1.63935,1.54362,0.00737452,0.00737452,0.00737452
665,4025.79,1.72083,1.60547,1.42113,0.75873,0.53617,0.60484,0.35329,1.72918,1.63871,1.54182,0.00737056,0.00737056,0.00737056
666,4034.99,1.70718,1.56212,1.40332,0.7681,0.53617,0.60615,0.35245,1.72591,1.63683,1.53962,0.0073666,0.0073666,0.0073666
667,4042.91,1.65763,1.53581,1.38581,0.75619,0.5383,0.60666,0.35291,1.72478,1.6362,1.53938,0.00736264,0.00736264,0.00736264
668,4047.78,1.70066,1.57607,1.4151,0.75889,0.5383,0.60768,0.35364,1.72349,1.63625,1.53888,0.00735868,0.00735868,0.00735868
669,4052.83,1.66612,1.54784,1.39251,0.75715,0.54396,0.60796,0.35468,1.72275,1.63503,1.5379,0.00735472,0.00735472,0.00735472
670,4057.88,1.67525,1.58517,1.39715,0.76591,0.53603,0.60753,0.35467,1.72112,1.63233,1.53686,0.00735076,0.00735076,0.00735076
671,4062.7,1.70657,1.56366,1.40361,0.76424,0.5383,0.60782,0.35572,1.72003,1.63151,1.53526,0.0073468,0.0073468,0.0073468
672,4067.67,1.68557,1.5463,1.39316,0.75147,0.54681,0.60975,0.3572,1.71973,1.6306,1.53535,0.00734284,0.00734284,0.00734284
673,4072.72,1.65967,1.54706,1.37553,0.7509,0.54517,0.60957,0.35726,1.71833,1.63252,1.53466,0.00733888,0.00733888,0.00733888
674,4077.75,1.69753,1.56015,1.39416,0.74685,0.53984,0.60937,0.35904,1.71787,1.63126,1.53354,0.00733492,0.00733492,0.00733492
675,4085.4,1.67188,1.5522,1.38949,0.76607,0.54043,0.61241,0.35892,1.71951,1.62935,1.533,0.00733096,0.00733096,0.00733096
676,4094.45,1.63998,1.54535,1.37776,0.76441,0.53191,0.61068,0.35855,1.71847,1.6288,1.53079,0.007327,0.007327,0.007327
677,4102.66,1.68576,1.53041,1.38916,0.75917,0.52979,0.61101,0.35879,1.71577,1.62283,1.52795,0.00732304,0.00732304,0.00732304
678,4109.4,1.65509,1.54034,1.39366,0.76604,0.53191,0.6118,0.36005,1.71436,1.6193,1.52656,0.00731908,0.00731908,0.00731908
679,4114.54,1.68756,1.56986,1.40279,0.76917,0.5383,0.61262,0.36167,1.71407,1.6177,1.52612,0.00731512,0.00731512,0.00731512
680,4119.6,1.6772,1.52986,1.38553,0.78294,0.5383,0.61451,0.36187,1.71476,1.61632,1.52425,0.00731116,0.00731116,0.00731116
681,4124.63,1.68253,1.55805,1.38978,0.77205,0.54043,0.61496,0.36381,1.71205,1.61447,1.52221,0.0073072,0.0073072,0.0073072
682,4129.78,1.67541,1.52065,1.40707,0.77272,0.54043,0.61606,0.36433,1.71157,1.61227,1.52207,0.00730324,0.00730324,0.00730324
683,4134.81,1.67074,1.5479,1.39561,0.78106,0.54043,0.61693,0.36489,1.71076,1.61008,1.52142,0.00729928,0.00729928,0.00729928
684,4139.87,1.63582,1.52469,1.38666,0.78804,0.5383,0.61718,0.36476,1.70917,1.60779,1.52065,0.00729532,0.00729532,0.00729532
685,4145.99,1.65887,1.52984,1.38855,0.78941,0.54234,0.61809,0.36459,1.70799,1.6062,1.51983,0.00729136,0.00729136,0.00729136
686,4154.27,1.63883,1.52237,1.37058,0.7863,0.54255,0.61854,0.36579,1.70687,1.60448,1.5192,0.0072874,0.0072874,0.0072874
687,4163.05,1.65302,1.51208,1.38162,0.79175,0.54043,0.61785,0.36601,1.70588,1.60379,1.51958,0.00728344,0.00728344,0.00728344
688,4171.25,1.70623,1.55555,1.40196,0.7908,0.53886,0.61783,0.36558,1.70548,1.60361,1.52037,0.00727948,0.00727948,0.00727948
689,4176.19,1.69639,1.55779,1.3898,0.79221,0.5383,0.62137,0.36671,1.70526,1.60232,1.52008,0.00727552,0.00727552,0.00727552
690,4181.23,1.66734,1.51047,1.38894,0.79802,0.53404,0.62441,0.36659,1.70405,1.60173,1.51917,0.00727156,0.00727156,0.00727156
691,4186.36,1.6549,1.52447,1.37345,0.80054,0.5383,0.62409,0.36715,1.70336,1.60039,1.51831,0.0072676,0.0072676,0.0072676
692,4191.55,1.65724,1.51754,1.38069,0.7697,0.54894,0.62479,0.36766,1.70189,1.59823,1.51758,0.00726364,0.00726364,0.00726364
693,4196.65,1.62714,1.48119,1.3763,0.79656,0.5383,0.62503,0.36808,1.70121,1.59518,1.51691,0.00725968,0.00725968,0.00725968
694,4201.74,1.64945,1.50466,1.37924,0.76729,0.54721,0.62566,0.36834,1.70136,1.59439,1.51577,0.00725572,0.00725572,0.00725572
695,4207.9,1.65264,1.49345,1.38126,0.77418,0.54468,0.62618,0.36932,1.70093,1.59334,1.51461,0.00725176,0.00725176,0.00725176
696,4217.06,1.67192,1.54364,1.38458,0.76903,0.54548,0.62562,0.3693,1.7003,1.59436,1.51454,0.0072478,0.0072478,0.0072478
697,4225.18,1.6759,1.54599,1.38939,0.7761,0.54468,0.62579,0.37062,1.69979,1.5938,1.51422,0.00724384,0.00724384,0.00724384
698,4233.94,1.63808,1.51241,1.38376,0.77442,0.54782,0.62677,0.37176,1.69806,1.59306,1.51368,0.00723988,0.00723988,0.00723988
699,4239.37,1.6414,1.4912,1.35124,0.77499,0.54894,0.62714,0.37309,1.69747,1.59048,1.51426,0.00723592,0.00723592,0.00723592
700,4244.47,1.64648,1.50336,1.3791,0.77386,0.54894,0.62645,0.37271,1.69624,1.58928,1.51331,0.00723196,0.00723196,0.00723196
701,4249.16,1.67198,1.53831,1.38635,0.77415,0.54698,0.62743,0.37318,1.69353,1.58833,1.51201,0.007228,0.007228,0.007228
702,4254.19,1.64057,1.49136,1.37055,0.77143,0.55292,0.62821,0.37422,1.69224,1.58628,1.51104,0.00722404,0.00722404,0.00722404
703,4259.18,1.64695,1.51908,1.3719,0.77471,0.55106,0.62838,0.37361,1.69276,1.58653,1.51071,0.00722008,0.00722008,0.00722008
704,4263.87,1.65103,1.49793,1.36769,0.7758,0.55219,0.62744,0.37455,1.69174,1.58636,1.50985,0.00721612,0.00721612,0.00721612
705,4269.22,1.64988,1.48483,1.37491,0.77294,0.55106,0.62766,0.37519,1.68978,1.58438,1.5089,0.00721216,0.00721216,0.00721216
706,4277.58,1.65626,1.53542,1.37464,0.7754,0.54894,0.62787,0.37584,1.68807,1.58119,1.50721,0.0072082,0.0072082,0.0072082
707,4286.53,1.64611,1.50212,1.37111,0.77458,0.54894,0.62778,0.37583,1.68772,1.57913,1.50546,0.00720424,0.00720424,0.00720424
708,4294.87,1.63497,1.49371,1.3665,0.7774,0.54894,0.62871,0.37538,1.68587,1.57672,1.50456,0.00720028,0.00720028,0.00720028
709,4300.85,1.63996,1.49862,1.37735,0.77748,0.54894,0.6288,0.3768,1.68621,1.57613,1.50355,0.00719632,0.00719632,0.00719632
710,4305.9,1.65581,1.5427,1.38753,0.78547,0.5531,0.62963,0.376,1.68586,1.57491,1.50291,0.00719236,0.00719236,0.00719236
711,4310.43,1.62667,1.46773,1.36447,0.77808,0.55202,0.63099,0.376,1.68413,1.57224,1.50071,0.0071884,0.0071884,0.0071884
712,4315.22,1.61244,1.44756,1.33977,0.77885,0.55319,0.63129,0.37591,1.68359,1.57062,1.50066,0.00718444,0.00718444,0.00718444
713,4319.96,1.6581,1.51871,1.37459,0.77914,0.55745,0.63146,0.37667,1.68249,1.56883,1.50054,0.00718048,0.00718048,0.00718048
714,4325.03,1.64335,1.52904,1.37129,0.78029,0.55745,0.63153,0.37725,1.6816,1.56697,1.49978,0.00717652,0.00717652,0.00717652
715,4330,1.63737,1.47497,1.36314,0.79224,0.55319,0.63417,0.37867,1.67925,1.56592,1.49828,0.00717256,0.00717256,0.00717256
716,4338.41,1.63328,1.4589,1.36088,0.79561,0.55491,0.63807,0.37869,1.67786,1.56421,1.49794,0.0071686,0.0071686,0.0071686
717,4347.9,1.64342,1.50658,1.37306,0.78823,0.5617,0.63787,0.37845,1.67803,1.56451,1.4981,0.00716464,0.00716464,0.00716464
718,4356.51,1.62729,1.47946,1.36288,0.7908,0.55957,0.63715,0.37919,1.6778,1.56543,1.49755,0.00716068,0.00716068,0.00716068
719,4362.74,1.59942,1.45536,1.35418,0.79464,0.5617,0.63794,0.38048,1.67681,1.5651,1.49597,0.00715672,0.00715672,0.00715672
720,4367.91,1.6362,1.48858,1.37284,0.79302,0.56248,0.63721,0.38083,1.67505,1.56263,1.49481,0.00715276,0.00715276,0.00715276
721,4373.1,1.60954,1.4578,1.35597,0.79373,0.56383,0.63834,0.38176,1.67362,1.56091,1.49415,0.0071488,0.0071488,0.0071488
722,4378.15,1.63764,1.50887,1.36103,0.79776,0.56383,0.63885,0.3826,1.67195,1.55902,1.49335,0.00714484,0.00714484,0.00714484
723,4383.22,1.62144,1.4473,1.36458,0.79999,0.56383,0.63866,0.38296,1.67038,1.55713,1.49225,0.00714088,0.00714088,0.00714088
724,4388.41,1.62318,1.46258,1.3587,0.80474,0.56383,0.63973,0.38315,1.66883,1.55391,1.4914,0.00713692,0.00713692,0.00713692
725,4394.19,1.61935,1.45911,1.35212,0.79729,0.56383,0.63949,0.38288,1.66838,1.55353,1.49058,0.00713296,0.00713296,0.00713296
726,4402.08,1.61502,1.45626,1.35106,0.79783,0.56383,0.6393,0.38276,1.66803,1.55227,1.49038,0.007129,0.007129,0.007129
727,4410.63,1.65258,1.48651,1.37057,0.79945,0.56596,0.64005,0.38279,1.66695,1.55171,1.48959,0.00712504,0.00712504,0.00712504
728,4419.02,1.61998,1.44043,1.34168,0.79941,0.56596,0.64029,0.38321,1.6656,1.55075,1.4889,0.00712108,0.00712108,0.00712108
729,4424.88,1.59476,1.44843,1.35272,0.80056,0.56596,0.6407,0.38327,1.66481,1.55083,1.48834,0.00711712,0.00711712,0.00711712
730,4429.92,1.61411,1.44796,1.34729,0.80267,0.56596,0.64054,0.38451,1.66349,1.54777,1.48786,0.00711316,0.00711316,0.00711316
731,4435.01,1.624,1.47012,1.35577,0.80881,0.56596,0.64199,0.38589,1.66174,1.54659,1.48742,0.0071092,0.0071092,0.0071092
732,4439.99,1.63502,1.48881,1.35512,0.81272,0.56596,0.64284,0.38545,1.6611,1.54657,1.48659,0.00710524,0.00710524,0.00710524
733,4444.69,1.64396,1.50137,1.35566,0.81534,0.56383,0.64327,0.38665,1.65945,1.54462,1.48538,0.00710128,0.00710128,0.00710128
734,4449.89,1.63282,1.48513,1.36378,0.81678,0.56383,0.64387,0.38685,1.65858,1.54284,1.48458,0.00709732,0.00709732,0.00709732
735,4455.11,1.62505,1.47313,1.35093,0.82331,0.5552,0.64412,0.38714,1.65687,1.54155,1.48336,0.00709336,0.00709336,0.00709336
736,4463.58,1.63175,1.46034,1.35671,0.81855,0.55957,0.64564,0.3884,1.6559,1.542,1.48247,0.0070894,0.0070894,0.0070894
737,4472.37,1.61091,1.44278,1.33787,0.81481,0.56168,0.6459,0.38751,1.65472,1.5409,1.48184,0.00708544,0.00708544,0.00708544
738,4479.99,1.63933,1.50476,1.35886,0.81508,0.55957,0.64641,0.38911,1.65303,1.53885,1.48095,0.00708148,0.00708148,0.00708148
739,4486.93,1.62946,1.49075,1.3436,0.81826,0.55957,0.64691,0.38894,1.65172,1.53735,1.48018,0.00707752,0.00707752,0.00707752
740,4491.68,1.60673,1.44616,1.35944,0.82135,0.55957,0.64837,0.38904,1.65228,1.53764,1.47949,0.00707356,0.00707356,0.00707356
741,4496.69,1.6234,1.4802,1.34417,0.82205,0.5617,0.6483,0.38898,1.65216,1.53685,1.47969,0.0070696,0.0070696,0.0070696
742,4501.41,1.61213,1.46962,1.3565,0.82308,0.56383,0.64856,0.39027,1.65131,1.53555,1.47889,0.00706564,0.00706564,0.00706564
743,4506.52,1.59118,1.41032,1.3357,0.82323,0.56478,0.64874,0.38998,1.65065,1.53458,1.47816,0.00706168,0.00706168,0.00706168
744,4511.1,1.60827,1.45501,1.35061,0.82561,0.56409,0.65011,0.39223,1.65069,1.53507,1.4788,0.00705772,0.00705772,0.00705772
745,4516.19,1.60638,1.43099,1.33277,0.82084,0.5654,0.65037,0.39195,1.65137,1.53391,1.47871,0.00705376,0.00705376,0.00705376
746,4522.37,1.61146,1.4422,1.34858,0.81912,0.56847,0.65103,0.39266,1.65012,1.53188,1.47813,0.0070498,0.0070498,0.0070498
747,4531.21,1.61929,1.47133,1.33962,0.81902,0.56809,0.64931,0.39322,1.64915,1.53146,1.47753,0.00704584,0.00704584,0.00704584
748,4540.51,1.59711,1.43761,1.34571,0.82352,0.56594,0.64981,0.39348,1.64896,1.53063,1.47718,0.00704188,0.00704188,0.00704188
749,4548.53,1.59756,1.43597,1.33018,0.82988,0.56809,0.65117,0.3943,1.64819,1.52971,1.47661,0.00703792,0.00703792,0.00703792
750,4553.66,1.60525,1.4469,1.34698,0.83145,0.56677,0.6513,0.39568,1.64818,1.52901,1.47603,0.00703396,0.00703396,0.00703396
751,4558.64,1.60231,1.45301,1.357,0.82782,0.57234,0.65227,0.39649,1.64797,1.52667,1.47554,0.00703,0.00703,0.00703
752,4563.62,1.57771,1.44366,1.32887,0.82687,0.57234,0.65198,0.39647,1.64781,1.5251,1.47553,0.00702604,0.00702604,0.00702604
753,4568.28,1.60082,1.41832,1.33286,0.8231,0.56431,0.64955,0.39625,1.6469,1.52399,1.47527,0.00702208,0.00702208,0.00702208
754,4573.02,1.59513,1.43078,1.34273,0.83026,0.56201,0.65246,0.39694,1.64621,1.52351,1.47467,0.00701812,0.00701812,0.00701812
755,4578.01,1.58696,1.43567,1.34364,0.83102,0.55745,0.65095,0.39761,1.64611,1.52292,1.47389,0.00701416,0.00701416,0.00701416
756,4583.51,1.5641,1.41133,1.32567,0.83294,0.55532,0.6526,0.39821,1.64548,1.52132,1.47324,0.0070102,0.0070102,0.0070102
757,4591.88,1.61041,1.4706,1.35095,0.82725,0.55745,0.65291,0.39797,1.64465,1.51905,1.47276,0.00700624,0.00700624,0.00700624
758,4600.01,1.58109,1.44336,1.34602,0.82682,0.55869,0.65289,0.39853,1.64439,1.51842,1.4728,0.00700228,0.00700228,0.00700228
759,4608.88,1.56855,1.39966,1.32595,0.82969,0.55745,0.65631,0.39933,1.64461,1.51775,1.47281,0.00699832,0.00699832,0.00699832
760,4615.22,1.58196,1.41546,1.32744,0.83446,0.55769,0.65696,0.3998,1.64447,1.51717,1.47264,0.00699436,0.00699436,0.00699436
761,4620.35,1.59741,1.46128,1.33939,0.83575,0.55745,0.65771,0.40081,1.64394,1.51658,1.47225,0.0069904,0.0069904,0.0069904
762,4625.42,1.60491,1.46707,1.34846,0.82956,0.5592,0.65461,0.40027,1.64321,1.5166,1.47216,0.00698644,0.00698644,0.00698644
763,4630.03,1.5765,1.43891,1.33568,0.82989,0.5605,0.65491,0.40163,1.64183,1.51558,1.4713,0.00698248,0.00698248,0.00698248
764,4635.03,1.58978,1.44678,1.3328,0.82681,0.55865,0.6542,0.40171,1.64104,1.51487,1.47116,0.00697852,0.00697852,0.00697852
765,4640.04,1.56636,1.38129,1.3361,0.82949,0.55892,0.65517,0.40175,1.63945,1.51272,1.47025,0.00697456,0.00697456,0.00697456
766,4645.03,1.58988,1.41016,1.33757,0.82955,0.55916,0.65602,0.4024,1.63802,1.51084,1.46988,0.0069706,0.0069706,0.0069706
767,4652.42,1.6085,1.44177,1.334,0.82406,0.55808,0.65677,0.40228,1.63781,1.50988,1.46961,0.00696664,0.00696664,0.00696664
768,4660.48,1.57072,1.38555,1.31542,0.82687,0.55532,0.65696,0.40391,1.63716,1.5091,1.46929,0.00696268,0.00696268,0.00696268
769,4669.47,1.59914,1.44182,1.33224,0.82621,0.55745,0.65694,0.40384,1.63678,1.50776,1.46936,0.00695872,0.00695872,0.00695872
770,4676.54,1.61453,1.44888,1.33592,0.81586,0.55957,0.6574,0.40464,1.63645,1.50649,1.46882,0.00695476,0.00695476,0.00695476
771,4681.6,1.5828,1.40795,1.32893,0.81966,0.5617,0.6603,0.40517,1.63614,1.50522,1.46878,0.0069508,0.0069508,0.0069508
772,4686.71,1.60459,1.41734,1.33614,0.82242,0.56167,0.66041,0.40522,1.63589,1.50456,1.46869,0.00694684,0.00694684,0.00694684
773,4691.8,1.57092,1.39639,1.31809,0.81848,0.55957,0.66003,0.40485,1.63519,1.50399,1.46844,0.00694288,0.00694288,0.00694288
774,4696.51,1.57731,1.3969,1.32526,0.82064,0.55957,0.65888,0.40456,1.63427,1.50286,1.46764,0.00693892,0.00693892,0.00693892
775,4701.2,1.57855,1.40593,1.32094,0.82,0.55957,0.66078,0.40588,1.63407,1.50221,1.46737,0.00693496,0.00693496,0.00693496
776,4706.25,1.56724,1.38926,1.31774,0.81725,0.55957,0.65926,0.40556,1.63417,1.50201,1.4676,0.006931,0.006931,0.006931
777,4712.03,1.55642,1.38331,1.3241,0.84005,0.55957,0.66119,0.40616,1.63396,1.50048,1.46705,0.00692704,0.00692704,0.00692704
778,4720.8,1.59103,1.44817,1.34607,0.84267,0.55957,0.66211,0.40594,1.63333,1.50036,1.4663,0.00692308,0.00692308,0.00692308
779,4729.21,1.56676,1.38156,1.30499,0.84276,0.55878,0.66261,0.40678,1.63311,1.49976,1.46611,0.00691912,0.00691912,0.00691912
780,4737.76,1.51489,1.33717,1.29688,0.83756,0.55957,0.6633,0.40792,1.63302,1.49795,1.46599,0.00691516,0.00691516,0.00691516
781,4743.13,1.55733,1.38404,1.32446,0.83175,0.55957,0.66452,0.40741,1.63253,1.49646,1.46583,0.0069112,0.0069112,0.0069112
782,4747.94,1.56974,1.39269,1.32203,0.83472,0.55957,0.66496,0.40766,1.6317,1.49511,1.4654,0.00690724,0.00690724,0.00690724
783,4752.63,1.56236,1.40591,1.3178,0.85232,0.55745,0.66539,0.40818,1.63132,1.49332,1.46529,0.00690328,0.00690328,0.00690328
784,4757.78,1.56178,1.37382,1.30672,0.85208,0.55745,0.66583,0.40838,1.63058,1.49205,1.46488,0.00689932,0.00689932,0.00689932
785,4762.86,1.57961,1.38719,1.32623,0.84925,0.55745,0.66593,0.40841,1.63036,1.49211,1.46431,0.00689536,0.00689536,0.00689536
786,4768.02,1.57398,1.42422,1.32569,0.8538,0.55913,0.66588,0.408,1.62997,1.49161,1.46398,0.0068914,0.0068914,0.0068914
787,4772.74,1.56985,1.36981,1.31611,0.86203,0.55532,0.66483,0.40841,1.62951,1.49033,1.46326,0.00688744,0.00688744,0.00688744
788,4780.29,1.58047,1.39875,1.33129,0.8601,0.55532,0.66483,0.40865,1.62946,1.48917,1.46305,0.00688348,0.00688348,0.00688348
789,4789.13,1.55266,1.38066,1.31247,0.86448,0.55649,0.6657,0.40904,1.62904,1.48901,1.46274,0.00687952,0.00687952,0.00687952
790,4798.55,1.55101,1.37377,1.3178,0.86735,0.55532,0.66577,0.40885,1.6287,1.48994,1.46239,0.00687556,0.00687556,0.00687556
791,4804.68,1.57326,1.399,1.32587,0.86711,0.55534,0.66614,0.40876,1.62837,1.48965,1.46227,0.0068716,0.0068716,0.0068716
792,4809.44,1.54507,1.35761,1.30753,0.86327,0.55957,0.66547,0.40906,1.62813,1.48977,1.46205,0.00686764,0.00686764,0.00686764
793,4814.43,1.57453,1.37443,1.30555,0.8627,0.55957,0.66583,0.40869,1.62782,1.48915,1.46163,0.00686368,0.00686368,0.00686368
794,4819.13,1.55267,1.38177,1.31611,0.86643,0.55957,0.66761,0.40921,1.62688,1.48797,1.46118,0.00685972,0.00685972,0.00685972
795,4824.2,1.5468,1.3798,1.30736,0.86128,0.55957,0.66722,0.40904,1.62611,1.48672,1.46081,0.00685576,0.00685576,0.00685576
796,4828.96,1.56486,1.42233,1.32126,0.86083,0.55957,0.66748,0.40965,1.6254,1.48623,1.45994,0.0068518,0.0068518,0.0068518
797,4834.03,1.56984,1.40298,1.32237,0.86124,0.55957,0.66783,0.40984,1.62473,1.48543,1.4591,0.00684784,0.00684784,0.00684784
798,4840.81,1.54217,1.35785,1.29948,0.86008,0.55957,0.66824,0.41078,1.62407,1.48473,1.45845,0.00684388,0.00684388,0.00684388
799,4849.89,1.54592,1.36066,1.30385,0.86373,0.55957,0.66852,0.41085,1.62366,1.4847,1.45801,0.00683992,0.00683992,0.00683992
800,4858.88,1.54563,1.35167,1.30854,0.86589,0.55957,0.66852,0.41079,1.62352,1.4838,1.45799,0.00683596,0.00683596,0.00683596
801,4866.24,1.5264,1.3383,1.30446,0.86617,0.55957,0.6688,0.41061,1.62345,1.48304,1.45759,0.006832,0.006832,0.006832
802,4870.92,1.53491,1.34726,1.30373,0.86639,0.55957,0.67105,0.41148,1.62325,1.48289,1.45691,0.00682804,0.00682804,0.00682804
803,4875.95,1.56522,1.37851,1.32089,0.86769,0.55957,0.67113,0.41157,1.62324,1.48277,1.45682,0.00682408,0.00682408,0.00682408
804,4881.16,1.52794,1.33926,1.29747,0.86814,0.5617,0.67152,0.41185,1.62267,1.4814,1.45649,0.00682012,0.00682012,0.00682012
805,4886.29,1.53109,1.32852,1.29647,0.85864,0.56383,0.67288,0.41235,1.62179,1.48108,1.45642,0.00681616,0.00681616,0.00681616
806,4891.48,1.56528,1.37505,1.30874,0.86506,0.5617,0.6727,0.41282,1.62162,1.48078,1.45597,0.0068122,0.0068122,0.0068122
807,4896.95,1.54905,1.36654,1.31046,0.85745,0.5617,0.67259,0.41339,1.62138,1.4802,1.45595,0.00680824,0.00680824,0.00680824
808,4904.21,1.50958,1.3338,1.30325,0.85428,0.56129,0.67209,0.41237,1.62152,1.48018,1.45574,0.00680428,0.00680428,0.00680428
809,4913.05,1.55098,1.38384,1.31376,0.86487,0.56383,0.67427,0.41252,1.62089,1.47997,1.45563,0.00680032,0.00680032,0.00680032
810,4921.32,1.53252,1.37147,1.29621,0.86431,0.56383,0.67422,0.41334,1.62032,1.47951,1.45507,0.00679636,0.00679636,0.00679636
811,4929.18,1.51688,1.3578,1.30864,0.86484,0.56383,0.67535,0.41324,1.61936,1.47776,1.45445,0.0067924,0.0067924,0.0067924
812,4934.33,1.53006,1.3722,1.3092,0.86839,0.56383,0.67652,0.41452,1.61819,1.4763,1.45378,0.00678844,0.00678844,0.00678844
813,4939.44,1.52538,1.36296,1.30488,0.87337,0.56383,0.6772,0.41516,1.61794,1.47536,1.45347,0.00678448,0.00678448,0.00678448
814,4944.64,1.56357,1.37847,1.31595,0.87272,0.56383,0.67766,0.41619,1.61811,1.47493,1.45322,0.00678052,0.00678052,0.00678052
815,4949.85,1.57277,1.41259,1.30833,0.86618,0.56383,0.67792,0.4162,1.61771,1.47411,1.45292,0.00677656,0.00677656,0.00677656
816,4954.99,1.5459,1.37118,1.30596,0.87058,0.56383,0.6783,0.41629,1.61662,1.47169,1.45213,0.0067726,0.0067726,0.0067726
817,4960.13,1.51628,1.33113,1.28812,0.87162,0.56596,0.67905,0.41706,1.61525,1.46972,1.45116,0.00676864,0.00676864,0.00676864
818,4967.32,1.55081,1.37574,1.30078,0.87272,0.56596,0.67908,0.41767,1.61456,1.4686,1.45039,0.00676468,0.00676468,0.00676468
819,4976.34,1.53347,1.35732,1.29584,0.87295,0.56596,0.67936,0.41811,1.6137,1.46703,1.44988,0.00676072,0.00676072,0.00676072
820,4985.4,1.51299,1.32614,1.29159,0.87263,0.56596,0.67943,0.41781,1.61296,1.46626,1.44903,0.00675676,0.00675676,0.00675676
821,4992.17,1.5094,1.31623,1.2835,0.87496,0.56574,0.68055,0.41807,1.61233,1.46588,1.44829,0.0067528,0.0067528,0.0067528
822,4997.21,1.5206,1.34646,1.29276,0.86148,0.56596,0.68069,0.4185,1.61105,1.46498,1.44756,0.00674884,0.00674884,0.00674884
823,5002.34,1.51738,1.32705,1.29486,0.86174,0.57024,0.6811,0.41893,1.61008,1.4638,1.44661,0.00674488,0.00674488,0.00674488
824,5007.45,1.54689,1.36733,1.31267,0.86689,0.56814,0.68164,0.41905,1.60968,1.46198,1.44608,0.00674092,0.00674092,0.00674092
825,5012.53,1.51062,1.34463,1.29647,0.86837,0.56809,0.68174,0.41891,1.60972,1.46196,1.44539,0.00673696,0.00673696,0.00673696
826,5017.17,1.52649,1.3378,1.29192,0.86742,0.57072,0.68226,0.41929,1.60906,1.46132,1.44518,0.006733,0.006733,0.006733
827,5022.21,1.50234,1.33009,1.29031,0.86613,0.57234,0.6821,0.41922,1.60855,1.46033,1.44475,0.00672904,0.00672904,0.00672904
828,5027.98,1.53004,1.34317,1.29612,0.86681,0.57234,0.68231,0.41969,1.60797,1.4594,1.4443,0.00672508,0.00672508,0.00672508
829,5036.99,1.52916,1.36786,1.30408,0.86574,0.57234,0.6824,0.41979,1.60771,1.45988,1.44417,0.00672112,0.00672112,0.00672112
830,5045.75,1.50206,1.29725,1.28179,0.86166,0.57234,0.68286,0.42082,1.6073,1.45917,1.44383,0.00671716,0.00671716,0.00671716
831,5054.16,1.53599,1.34952,1.30245,0.86069,0.57234,0.68324,0.42049,1.60654,1.45884,1.44329,0.0067132,0.0067132,0.0067132
832,5058.85,1.50922,1.31494,1.2928,0.86065,0.57234,0.68341,0.42137,1.60561,1.45793,1.44277,0.00670924,0.00670924,0.00670924
833,5063.88,1.4895,1.29116,1.27367,0.86128,0.57234,0.68365,0.42159,1.60492,1.45647,1.44249,0.00670528,0.00670528,0.00670528
834,5068.95,1.53379,1.33854,1.29429,0.85763,0.57234,0.68396,0.42272,1.60402,1.45629,1.44171,0.00670132,0.00670132,0.00670132
835,5073.97,1.50355,1.29862,1.28386,0.85296,0.57234,0.6842,0.42199,1.60351,1.45581,1.44154,0.00669736,0.00669736,0.00669736
836,5078.74,1.51062,1.3248,1.28401,0.85088,0.57234,0.68458,0.42313,1.60313,1.45534,1.44094,0.0066934,0.0066934,0.0066934
837,5083.77,1.50145,1.31436,1.28784,0.85755,0.57234,0.68461,0.42398,1.60208,1.45452,1.44009,0.00668944,0.00668944,0.00668944
838,5089.95,1.52626,1.35976,1.29837,0.85324,0.57234,0.68508,0.42402,1.60137,1.45361,1.43959,0.00668548,0.00668548,0.00668548
839,5099.07,1.53191,1.34328,1.28466,0.85366,0.57234,0.68519,0.42482,1.60068,1.45287,1.43919,0.00668152,0.00668152,0.00668152
840,5108.23,1.49328,1.30518,1.28485,0.85892,0.57234,0.68534,0.42477,1.60012,1.4521,1.43858,0.00667756,0.00667756,0.00667756
841,5116.43,1.52305,1.33559,1.28748,0.85499,0.57234,0.6857,0.42491,1.59902,1.45105,1.43794,0.0066736,0.0066736,0.0066736
842,5121.76,1.52272,1.3234,1.2915,0.85006,0.57447,0.68594,0.42426,1.59873,1.45105,1.43749,0.00666964,0.00666964,0.00666964
843,5126.51,1.4777,1.3124,1.29512,0.85791,0.57447,0.68638,0.425,1.59749,1.45001,1.43653,0.00666568,0.00666568,0.00666568
844,5131.59,1.54186,1.33826,1.30941,0.84991,0.57447,0.68663,0.42532,1.59731,1.44939,1.43622,0.00666172,0.00666172,0.00666172
845,5136.69,1.52156,1.31916,1.29321,0.84641,0.57452,0.68662,0.42623,1.59612,1.44799,1.43544,0.00665776,0.00665776,0.00665776
846,5141.69,1.5169,1.32009,1.29466,0.85095,0.57447,0.68713,0.42639,1.59581,1.44764,1.43518,0.0066538,0.0066538,0.0066538
847,5146.77,1.48878,1.30752,1.27748,0.84838,0.57447,0.68751,0.42636,1.5951,1.44696,1.43486,0.00664984,0.00664984,0.00664984
848,5152.99,1.50899,1.32094,1.27948,0.86605,0.57447,0.6877,0.42687,1.59449,1.44714,1.43417,0.00664588,0.00664588,0.00664588
849,5162.03,1.48547,1.27928,1.27086,0.86899,0.57447,0.68781,0.42739,1.59402,1.44669,1.43376,0.00664192,0.00664192,0.00664192
850,5170.67,1.50781,1.31604,1.28927,0.85622,0.57447,0.68812,0.42734,1.59347,1.44565,1.43325,0.00663796,0.00663796,0.00663796
851,5178.59,1.51086,1.31605,1.28756,0.86065,0.5766,0.68835,0.42793,1.59324,1.44485,1.43305,0.006634,0.006634,0.006634
852,5184.09,1.48942,1.29318,1.274,0.86327,0.57765,0.68859,0.42911,1.59239,1.44464,1.43262,0.00663004,0.00663004,0.00663004
853,5189.16,1.50142,1.30618,1.28345,0.86861,0.57872,0.68915,0.42976,1.5917,1.44412,1.43226,0.00662608,0.00662608,0.00662608
854,5194.2,1.49622,1.27657,1.27202,0.86489,0.57872,0.68901,0.42971,1.5915,1.44244,1.43176,0.00662212,0.00662212,0.00662212
855,5198.91,1.47711,1.28417,1.27005,0.86393,0.58085,0.68892,0.43054,1.59015,1.44162,1.43112,0.00661816,0.00661816,0.00661816
856,5204.02,1.50201,1.30581,1.28207,0.86558,0.58085,0.68906,0.43127,1.58948,1.44075,1.43065,0.0066142,0.0066142,0.0066142
857,5209.08,1.49641,1.29602,1.26959,0.86566,0.58085,0.68884,0.43103,1.58912,1.43926,1.43002,0.00661024,0.00661024,0.00661024
858,5214.26,1.49815,1.2856,1.27297,0.86397,0.58107,0.68882,0.43108,1.58844,1.43855,1.42957,0.00660628,0.00660628,0.00660628
859,5222.15,1.4875,1.29032,1.27519,0.86561,0.58085,0.68939,0.43138,1.58826,1.43839,1.42921,0.00660232,0.00660232,0.00660232
860,5231.11,1.52595,1.358,1.30908,0.86695,0.58227,0.69013,0.43187,1.58772,1.43773,1.4287,0.00659836,0.00659836,0.00659836
861,5240.2,1.49317,1.30164,1.28202,0.86646,0.58298,0.68992,0.43205,1.58715,1.43702,1.42861,0.0065944,0.0065944,0.0065944
862,5245.75,1.49253,1.30366,1.28,0.86655,0.58298,0.69031,0.43216,1.58675,1.43619,1.4285,0.00659044,0.00659044,0.00659044
863,5250.86,1.47796,1.27209,1.28218,0.86125,0.58298,0.69053,0.43286,1.58652,1.4358,1.42834,0.00658648,0.00658648,0.00658648
864,5256.14,1.49611,1.30119,1.28488,0.8604,0.58298,0.69076,0.4326,1.58584,1.43559,1.42817,0.00658252,0.00658252,0.00658252
865,5260.9,1.47346,1.26348,1.2712,0.86099,0.58298,0.69068,0.43314,1.5852,1.43498,1.42769,0.00657856,0.00657856,0.00657856
866,5265.99,1.50033,1.30397,1.27707,0.86153,0.58298,0.69092,0.4336,1.58459,1.43446,1.42728,0.0065746,0.0065746,0.0065746
867,5271.02,1.50368,1.30069,1.28125,0.86408,0.58085,0.69074,0.43376,1.58427,1.43405,1.42704,0.00657064,0.00657064,0.00657064
868,5277.02,1.46705,1.28367,1.26538,0.85926,0.58298,0.69079,0.43389,1.58399,1.4335,1.42693,0.00656668,0.00656668,0.00656668
869,5286.02,1.48047,1.30552,1.2806,0.85542,0.58298,0.69112,0.4348,1.5837,1.43261,1.42648,0.00656272,0.00656272,0.00656272
870,5295.2,1.50425,1.30813,1.29427,0.85662,0.58298,0.69136,0.43522,1.58334,1.43185,1.42632,0.00655876,0.00655876,0.00655876
871,5303.6,1.50087,1.31535,1.28257,0.85625,0.58298,0.69127,0.43536,1.5826,1.43087,1.42592,0.0065548,0.0065548,0.0065548
872,5308.59,1.48898,1.30918,1.28116,0.85439,0.58298,0.69121,0.43589,1.58162,1.43015,1.42541,0.00655084,0.00655084,0.00655084
873,5313.64,1.50682,1.30726,1.27979,0.85878,0.58298,0.69139,0.43661,1.58092,1.42879,1.42485,0.00654688,0.00654688,0.00654688
874,5318.76,1.47345,1.26635,1.26393,0.86195,0.58298,0.69151,0.43661,1.57998,1.42772,1.42427,0.00654292,0.00654292,0.00654292
875,5323.81,1.4761,1.24686,1.26016,0.86475,0.58498,0.69169,0.4366,1.57965,1.4266,1.42385,0.00653896,0.00653896,0.00653896
876,5328.85,1.48648,1.28504,1.26188,0.86291,0.58511,0.69191,0.43725,1.57905,1.42593,1.42341,0.006535,0.006535,0.006535
877,5334,1.46775,1.28613,1.27113,0.85971,0.58511,0.69191,0.4377,1.57896,1.42599,1.42303,0.00653104,0.00653104,0.00653104
878,5339.74,1.47572,1.25356,1.26605,0.86025,0.58511,0.6924,0.43784,1.5784,1.42547,1.4226,0.00652708,0.00652708,0.00652708
879,5348.66,1.49435,1.28497,1.27853,0.86492,0.58582,0.69272,0.43804,1.5779,1.42566,1.42202,0.00652312,0.00652312,0.00652312
880,5357.82,1.49346,1.29352,1.2763,0.86593,0.58511,0.69297,0.43851,1.57754,1.42533,1.42178,0.00651916,0.00651916,0.00651916
881,5366.85,1.44524,1.24604,1.25355,0.86856,0.58298,0.69347,0.43909,1.57719,1.42486,1.42135,0.0065152,0.0065152,0.0065152
882,5372.38,1.46715,1.2684,1.26729,0.86837,0.58298,0.69361,0.43922,1.57683,1.42372,1.42084,0.00651124,0.00651124,0.00651124
883,5377.55,1.47207,1.281,1.2664,0.86815,0.58298,0.69366,0.43951,1.57628,1.42328,1.42033,0.00650728,0.00650728,0.00650728
884,5382.71,1.46864,1.28539,1.26534,0.86693,0.58298,0.69372,0.43964,1.57568,1.42269,1.41993,0.00650332,0.00650332,0.00650332
885,5387.72,1.48765,1.29129,1.27665,0.86813,0.58298,0.69435,0.44051,1.57504,1.42184,1.41946,0.00649936,0.00649936,0.00649936
886,5392.75,1.47846,1.2544,1.25402,0.86728,0.58298,0.69467,0.44159,1.57421,1.42094,1.4189,0.0064954,0.0064954,0.0064954
887,5397.83,1.47832,1.28056,1.26937,0.86461,0.58425,0.69478,0.44131,1.57355,1.42009,1.41849,0.00649144,0.00649144,0.00649144
888,5403.23,1.45711,1.26867,1.25692,0.86486,0.58553,0.69484,0.44094,1.57263,1.41892,1.41793,0.00648748,0.00648748,0.00648748
889,5411.24,1.47801,1.27005,1.2724,0.86504,0.5864,0.695,0.44163,1.57189,1.41745,1.41727,0.00648352,0.00648352,0.00648352
890,5420.37,1.45715,1.24582,1.26169,0.86513,0.58684,0.69525,0.44128,1.57134,1.41694,1.41692,0.00647956,0.00647956,0.00647956
891,5428.96,1.45297,1.24986,1.25347,0.86526,0.58753,0.69535,0.44135,1.57103,1.41645,1.41666,0.0064756,0.0064756,0.0064756
892,5434.34,1.47243,1.25958,1.26019,0.85825,0.59259,0.69616,0.44185,1.57054,1.41548,1.41623,0.00647164,0.00647164,0.00647164
893,5439.42,1.43824,1.24581,1.25724,0.85666,0.59787,0.69609,0.44226,1.56958,1.41469,1.41577,0.00646768,0.00646768,0.00646768
894,5444.52,1.47083,1.26795,1.26373,0.85847,0.59787,0.69667,0.44268,1.56903,1.41385,1.41543,0.00646372,0.00646372,0.00646372
895,5449.66,1.47504,1.25941,1.25874,0.85682,0.59787,0.69631,0.4426,1.56859,1.41378,1.41538,0.00645976,0.00645976,0.00645976
896,5454.39,1.48571,1.27245,1.27046,0.85771,0.59787,0.69643,0.44209,1.56846,1.41347,1.41524,0.0064558,0.0064558,0.0064558
897,5459.16,1.41442,1.20794,1.24926,0.85696,0.59909,0.69675,0.44166,1.56792,1.41236,1.41508,0.00645184,0.00645184,0.00645184
898,5464.48,1.47631,1.29241,1.26611,0.85996,0.60102,0.69686,0.44181,1.56727,1.41138,1.41443,0.00644788,0.00644788,0.00644788
899,5472.29,1.46457,1.26565,1.25987,0.86271,0.60163,0.6973,0.44218,1.56694,1.41133,1.41393,0.00644392,0.00644392,0.00644392
900,5480.81,1.47956,1.28551,1.26459,0.86253,0.60075,0.69742,0.44268,1.56658,1.41083,1.41374,0.00643996,0.00643996,0.00643996
901,5490.07,1.46863,1.27579,1.27071,0.86206,0.60213,0.69767,0.44317,1.56573,1.40994,1.41329,0.006436,0.006436,0.006436
902,5496.1,1.49949,1.30055,1.28154,0.86192,0.60213,0.69793,0.44348,1.56501,1.40934,1.41289,0.00643204,0.00643204,0.00643204
903,5501.2,1.46488,1.27927,1.25882,0.86126,0.60213,0.69828,0.44376,1.56478,1.40889,1.41274,0.00642808,0.00642808,0.00642808
904,5506.26,1.46874,1.24993,1.2651,0.86237,0.60213,0.69851,0.44455,1.56405,1.40838,1.41222,0.00642412,0.00642412,0.00642412
905,5511.34,1.48394,1.28022,1.26393,0.85969,0.60213,0.69894,0.44498,1.56316,1.40772,1.41181,0.00642016,0.00642016,0.00642016
906,5516.5,1.47633,1.26339,1.26101,0.8605,0.60372,0.69901,0.44614,1.56258,1.40733,1.4114,0.0064162,0.0064162,0.0064162
907,5521.54,1.47917,1.26993,1.26335,0.86096,0.60602,0.69912,0.44621,1.56262,1.407,1.41115,0.00641224,0.00641224,0.00641224
908,5526.74,1.44991,1.24794,1.24956,0.8605,0.60372,0.69942,0.44628,1.56237,1.40676,1.41101,0.00640828,0.00640828,0.00640828
909,5535.31,1.48541,1.27647,1.26721,0.8578,0.60326,0.69932,0.44644,1.56209,1.40647,1.41065,0.00640432,0.00640432,0.00640432
910,5544.34,1.45393,1.25037,1.24838,0.86419,0.60213,0.69959,0.44704,1.56109,1.40556,1.41021,0.00640036,0.00640036,0.00640036
911,5553.57,1.45031,1.24288,1.24614,0.86528,0.6013,0.69975,0.44763,1.56062,1.40486,1.40997,0.0063964,0.0063964,0.0063964
912,5559.03,1.45744,1.26067,1.25193,0.86508,0.60025,0.69948,0.44724,1.5602,1.40424,1.40961,0.00639244,0.00639244,0.00639244
913,5563.8,1.42543,1.21484,1.24013,0.86482,0.59894,0.69982,0.44796,1.55901,1.40371,1.40918,0.00638848,0.00638848,0.00638848
914,5568.88,1.44477,1.2177,1.24694,0.86499,0.59981,0.70015,0.44779,1.55857,1.40301,1.4088,0.00638452,0.00638452,0.00638452
915,5573.68,1.46426,1.23501,1.25854,0.86486,0.59911,0.70002,0.44809,1.5574,1.4023,1.40819,0.00638056,0.00638056,0.00638056
916,5578.75,1.4605,1.21952,1.25296,0.86456,0.59757,0.70021,0.44858,1.55683,1.40173,1.40793,0.0063766,0.0063766,0.0063766
917,5583.78,1.46685,1.24422,1.26334,0.86449,0.59725,0.7003,0.44876,1.55631,1.40192,1.4076,0.00637264,0.00637264,0.00637264
918,5589.4,1.45779,1.25546,1.26552,0.86445,0.59704,0.70066,0.44948,1.55558,1.40135,1.40731,0.00636868,0.00636868,0.00636868
919,5598.48,1.44991,1.23571,1.2434,0.86328,0.59787,0.70083,0.44959,1.55526,1.40068,1.4071,0.00636472,0.00636472,0.00636472
920,5608.05,1.43354,1.23028,1.24675,0.86136,0.59787,0.70094,0.44944,1.55462,1.39974,1.40668,0.00636076,0.00636076,0.00636076
921,5616.09,1.44449,1.23817,1.25143,0.86413,0.59539,0.70099,0.4494,1.55397,1.39931,1.40659,0.0063568,0.0063568,0.0063568
922,5621.17,1.44479,1.23812,1.2438,0.8585,0.59787,0.70123,0.45011,1.55349,1.39818,1.40623,0.00635284,0.00635284,0.00635284
923,5626.38,1.4275,1.21789,1.23625,0.85794,0.59787,0.7013,0.4498,1.55269,1.3976,1.40565,0.00634888,0.00634888,0.00634888
924,5631.11,1.46077,1.25066,1.26168,0.86411,0.59531,0.70153,0.44994,1.55229,1.397,1.40557,0.00634492,0.00634492,0.00634492
925,5635.88,1.45467,1.24834,1.25705,0.85506,0.59787,0.70157,0.45017,1.55186,1.39613,1.40537,0.00634096,0.00634096,0.00634096
926,5640.88,1.45566,1.23652,1.24779,0.85421,0.59787,0.7017,0.4504,1.55151,1.39544,1.40506,0.006337,0.006337,0.006337
927,5645.92,1.4372,1.23378,1.24301,0.85176,0.59904,0.7018,0.45043,1.55077,1.39436,1.40474,0.00633304,0.00633304,0.00633304
928,5651.08,1.43967,1.22202,1.25216,0.85669,0.59779,0.70205,0.45049,1.55067,1.39348,1.40456,0.00632908,0.00632908,0.00632908
929,5659.25,1.44355,1.23133,1.24437,0.85435,0.59787,0.70224,0.45042,1.55001,1.39231,1.40397,0.00632512,0.00632512,0.00632512
930,5667.34,1.44567,1.25197,1.25156,0.84658,0.59878,0.70234,0.45111,1.54933,1.39151,1.40376,0.00632116,0.00632116,0.00632116
931,5676.28,1.45316,1.2538,1.2579,0.84738,0.6,0.70267,0.45175,1.54865,1.39102,1.40327,0.0063172,0.0063172,0.0063172
932,5682.93,1.44981,1.24283,1.25067,0.8491,0.6,0.70284,0.45161,1.54787,1.39009,1.40273,0.00631324,0.00631324,0.00631324
933,5687.64,1.45159,1.24249,1.25257,0.84753,0.60318,0.70314,0.45182,1.54772,1.3896,1.40213,0.00630928,0.00630928,0.00630928
934,5692.77,1.4114,1.21158,1.24164,0.84992,0.60244,0.70325,0.45186,1.54732,1.38927,1.40163,0.00630532,0.00630532,0.00630532
935,5697.8,1.43018,1.21884,1.2444,0.85237,0.60194,0.70361,0.452,1.54669,1.38883,1.4012,0.00630136,0.00630136,0.00630136
936,5702.87,1.41321,1.214,1.2339,0.85203,0.6,0.70364,0.45231,1.54629,1.3882,1.40095,0.0062974,0.0062974,0.0062974
937,5708.03,1.44549,1.24857,1.25886,0.85079,0.6,0.70374,0.45314,1.54548,1.38726,1.40048,0.00629344,0.00629344,0.00629344
938,5713.08,1.41777,1.21661,1.24116,0.85222,0.60123,0.70365,0.4537,1.54507,1.38703,1.40018,0.00628948,0.00628948,0.00628948
939,5719.99,1.39231,1.19619,1.23104,0.8523,0.60162,0.7038,0.45356,1.54475,1.38665,1.39998,0.00628552,0.00628552,0.00628552
940,5727.98,1.43942,1.22687,1.24957,0.84748,0.60292,0.70402,0.45325,1.54429,1.38613,1.39967,0.00628156,0.00628156,0.00628156
941,5736.12,1.43535,1.21874,1.24462,0.84769,0.60394,0.70404,0.45287,1.54367,1.38516,1.39916,0.0062776,0.0062776,0.0062776
942,5743.49,1.4619,1.25519,1.25838,0.84749,0.60638,0.70423,0.45314,1.54312,1.38438,1.3988,0.00627364,0.00627364,0.00627364
943,5748.26,1.42338,1.21964,1.2282,0.84639,0.60638,0.70444,0.45388,1.54286,1.38384,1.39835,0.00626968,0.00626968,0.00626968
944,5753.36,1.48409,1.27644,1.26251,0.84873,0.60426,0.70494,0.45394,1.54272,1.38392,1.39795,0.00626572,0.00626572,0.00626572
945,5758.48,1.42947,1.2406,1.23771,0.84868,0.60859,0.70511,0.4538,1.54195,1.38347,1.39761,0.00626176,0.00626176,0.00626176
946,5763.24,1.42807,1.19817,1.23198,0.85042,0.60481,0.70551,0.45332,1.54179,1.38314,1.39746,0.0062578,0.0062578,0.0062578
947,5768.07,1.41561,1.18955,1.23028,0.85035,0.6045,0.70581,0.4535,1.54186,1.38229,1.39716,0.00625384,0.00625384,0.00625384
948,5772.83,1.41303,1.18318,1.23665,0.83129,0.62128,0.70594,0.45369,1.54183,1.38224,1.39664,0.00624988,0.00624988,0.00624988
949,5778.24,1.41838,1.21117,1.23811,0.82119,0.62539,0.70601,0.45406,1.54159,1.38203,1.39635,0.00624592,0.00624592,0.00624592
950,5786.53,1.43055,1.22583,1.23391,0.82269,0.62553,0.70626,0.45385,1.54108,1.38149,1.396,0.00624196,0.00624196,0.00624196
951,5794.63,1.41149,1.20506,1.24052,0.82255,0.62553,0.70647,0.45443,1.54065,1.38122,1.39578,0.006238,0.006238,0.006238
952,5803.84,1.42994,1.20781,1.23462,0.82282,0.62553,0.70659,0.45499,1.54016,1.38063,1.39537,0.00623404,0.00623404,0.00623404
953,5809.81,1.42343,1.21857,1.24767,0.82305,0.62553,0.70666,0.45603,1.53993,1.37992,1.39536,0.00623008,0.00623008,0.00623008
954,5814.98,1.42607,1.20322,1.23521,0.82338,0.6249,0.70675,0.45572,1.53965,1.37989,1.39496,0.00622612,0.00622612,0.00622612
955,5819.9,1.43381,1.2015,1.2278,0.82341,0.62503,0.70692,0.45568,1.53865,1.37963,1.39413,0.00622216,0.00622216,0.00622216
956,5824.67,1.42423,1.20204,1.23711,0.82325,0.62435,0.70751,0.45563,1.53838,1.37938,1.39398,0.0062182,0.0062182,0.0062182
957,5829.53,1.42856,1.21542,1.23398,0.82318,0.62404,0.70724,0.45597,1.53783,1.37903,1.39358,0.00621424,0.00621424,0.00621424
958,5834.61,1.41929,1.21223,1.23022,0.82239,0.6234,0.70743,0.45618,1.53714,1.37857,1.39315,0.00621028,0.00621028,0.00621028
959,5839.65,1.42641,1.22152,1.22677,0.82171,0.6234,0.70727,0.45633,1.53677,1.37814,1.39292,0.00620632,0.00620632,0.00620632
960,5848.31,1.43439,1.23891,1.24549,0.82315,0.6234,0.70741,0.45641,1.53654,1.37782,1.39272,0.00620236,0.00620236,0.00620236
961,5857.61,1.42489,1.21779,1.24065,0.82547,0.6234,0.70746,0.45653,1.53608,1.37753,1.39231,0.0061984,0.0061984,0.0061984
962,5866.8,1.43157,1.21073,1.23132,0.82474,0.6234,0.7077,0.45679,1.53586,1.37688,1.39212,0.00619444,0.00619444,0.00619444
963,5872.31,1.40608,1.20695,1.2362,0.82668,0.6234,0.70792,0.45709,1.53541,1.37651,1.39175,0.00619048,0.00619048,0.00619048
964,5877.58,1.45248,1.23139,1.25133,0.82558,0.6234,0.708,0.4572,1.53515,1.37588,1.3914,0.00618652,0.00618652,0.00618652
965,5882.67,1.41098,1.21816,1.23912,0.82544,0.6234,0.70824,0.45746,1.53485,1.37554,1.39112,0.00618256,0.00618256,0.00618256
966,5887.73,1.4452,1.25086,1.24111,0.82574,0.62509,0.7083,0.45817,1.53465,1.37481,1.39102,0.0061786,0.0061786,0.0061786
967,5892.81,1.44468,1.22227,1.2351,0.82422,0.62553,0.70936,0.45893,1.53454,1.37411,1.39084,0.00617464,0.00617464,0.00617464
968,5897.91,1.43767,1.21714,1.23238,0.82855,0.62719,0.70949,0.45933,1.53399,1.37395,1.39063,0.00617068,0.00617068,0.00617068
969,5903.97,1.42617,1.19839,1.22902,0.82855,0.62721,0.70962,0.45934,1.53333,1.37371,1.39002,0.00616672,0.00616672,0.00616672
970,5912.85,1.42083,1.20489,1.23369,0.82676,0.62553,0.70957,0.45922,1.53271,1.37369,1.38971,0.00616276,0.00616276,0.00616276
971,5921.19,1.40697,1.18691,1.21787,0.82933,0.62553,0.70994,0.45908,1.5325,1.37327,1.38945,0.0061588,0.0061588,0.0061588
972,5929.68,1.42164,1.21437,1.24215,0.82854,0.62715,0.70985,0.45899,1.53215,1.37284,1.38929,0.00615484,0.00615484,0.00615484
973,5934.76,1.41068,1.20476,1.23272,0.83056,0.62553,0.71033,0.45913,1.53201,1.37222,1.38899,0.00615088,0.00615088,0.00615088
974,5939.45,1.43375,1.21298,1.23681,0.82824,0.62585,0.71041,0.45987,1.53194,1.37149,1.3888,0.00614692,0.00614692,0.00614692
975,5944.54,1.41734,1.20339,1.2407,0.82811,0.62766,0.71087,0.4605,1.53149,1.37116,1.38853,0.00614296,0.00614296,0.00614296
976,5949.53,1.40423,1.2051,1.23132,0.82601,0.62626,0.70993,0.4601,1.53125,1.37077,1.38825,0.006139,0.006139,0.006139
977,5954.38,1.4111,1.20247,1.21984,0.82615,0.62686,0.71051,0.46025,1.53114,1.37052,1.38786,0.00613504,0.00613504,0.00613504
978,5959.16,1.40204,1.18265,1.22605,0.82619,0.62706,0.71041,0.46038,1.53098,1.3701,1.38762,0.00613108,0.00613108,0.00613108
979,5963.9,1.38969,1.18445,1.21735,0.8261,0.62665,0.71068,0.46067,1.53015,1.36997,1.38716,0.00612712,0.00612712,0.00612712
980,5971.38,1.41824,1.19252,1.23192,0.82622,0.62719,0.71099,0.46097,1.52958,1.36939,1.38705,0.00612316,0.00612316,0.00612316
981,5980.39,1.39881,1.20336,1.22634,0.82593,0.6259,0.7109,0.46053,1.5294,1.36914,1.38696,0.0061192,0.0061192,0.0061192
982,5988.82,1.41307,1.19587,1.23211,0.8259,0.6258,0.71105,0.46082,1.52902,1.36881,1.38677,0.00611524,0.00611524,0.00611524
983,5995.31,1.3854,1.1589,1.2272,0.82819,0.62564,0.71149,0.46163,1.52873,1.36877,1.38672,0.00611128,0.00611128,0.00611128
984,6000.49,1.4149,1.1881,1.23352,0.82838,0.62553,0.71166,0.46158,1.52856,1.36873,1.38644,0.00610732,0.00610732,0.00610732
985,6005.22,1.42298,1.20309,1.22894,0.82822,0.62576,0.71166,0.46173,1.52835,1.36843,1.38633,0.00610336,0.00610336,0.00610336
986,6010.29,1.40266,1.187,1.22184,0.83062,0.62553,0.7118,0.4617,1.52801,1.36807,1.3861,0.0060994,0.0060994,0.0060994
987,6014.96,1.40123,1.18671,1.21547,0.83193,0.62553,0.7122,0.46223,1.52765,1.36793,1.38579,0.00609544,0.00609544,0.00609544
988,6020.07,1.41727,1.18147,1.23279,0.83443,0.62553,0.71237,0.4619,1.52733,1.36735,1.38563,0.00609148,0.00609148,0.00609148
989,6024.86,1.39193,1.17225,1.22323,0.83437,0.62553,0.7123,0.46211,1.52688,1.36688,1.38527,0.00608752,0.00608752,0.00608752
990,6030.63,1.41557,1.1778,1.21468,0.83371,0.62553,0.71246,0.46272,1.52651,1.36653,1.38507,0.00608356,0.00608356,0.00608356
991,6039.37,1.4075,1.18157,1.22987,0.83509,0.62489,0.7125,0.46358,1.52624,1.36632,1.38476,0.0060796,0.0060796,0.0060796
992,6048.77,1.41018,1.17856,1.22354,0.83481,0.62365,0.71256,0.46421,1.52584,1.36591,1.38447,0.00607564,0.00607564,0.00607564
993,6056.92,1.36132,1.14748,1.20767,0.83519,0.62536,0.71255,0.46379,1.5258,1.36547,1.38433,0.00607168,0.00607168,0.00607168
994,6061.83,1.40456,1.18003,1.22726,0.83436,0.62553,0.71273,0.46434,1.52515,1.36561,1.3839,0.00606772,0.00606772,0.00606772
995,6067.06,1.40891,1.19072,1.22481,0.83498,0.62553,0.71237,0.46442,1.52474,1.36524,1.3835,0.00606376,0.00606376,0.00606376
996,6072.18,1.37378,1.15427,1.21208,0.8326,0.62553,0.71278,0.46447,1.52427,1.36493,1.38344,0.0060598,0.0060598,0.0060598
997,6077.24,1.40633,1.20265,1.22965,0.83369,0.62553,0.71257,0.46436,1.52386,1.36479,1.38317,0.00605584,0.00605584,0.00605584
998,6081.96,1.39842,1.19811,1.2214,0.82923,0.62553,0.71326,0.46411,1.52338,1.36454,1.38276,0.00605188,0.00605188,0.00605188
999,6086.71,1.41674,1.18089,1.22977,0.83359,0.62553,0.71402,0.46486,1.52326,1.36357,1.38259,0.00604792,0.00604792,0.00604792
1000,6093.12,1.39503,1.16159,1.22081,0.83464,0.62553,0.71408,0.46451,1.52309,1.36342,1.38234,0.00604396,0.00604396,0.00604396
1001,6101.52,1.4001,1.18481,1.2244,0.83646,0.62553,0.71423,0.46501,1.5227,1.36304,1.38206,0.00604,0.00604,0.00604
1002,6110.74,1.4056,1.17748,1.2297,0.83778,0.62553,0.7145,0.46514,1.52194,1.363,1.3819,0.00603604,0.00603604,0.00603604
1003,6118.91,1.38689,1.17373,1.21568,0.83823,0.62553,0.71467,0.46546,1.52111,1.36223,1.38144,0.00603208,0.00603208,0.00603208
1004,6123.99,1.40817,1.18715,1.22123,0.83783,0.62553,0.71483,0.46546,1.52101,1.36176,1.38128,0.00602812,0.00602812,0.00602812
1005,6129.17,1.40377,1.17453,1.21799,0.83777,0.62553,0.71498,0.46552,1.52083,1.36158,1.38102,0.00602416,0.00602416,0.00602416
1006,6134.19,1.38411,1.18785,1.22125,0.83791,0.62553,0.71508,0.46559,1.52039,1.3607,1.38041,0.0060202,0.0060202,0.0060202
1007,6139.3,1.38789,1.16991,1.21297,0.83785,0.62664,0.71527,0.46609,1.52009,1.36015,1.38013,0.00601624,0.00601624,0.00601624
1008,6144.39,1.40774,1.18799,1.22328,0.84011,0.62603,0.7156,0.46589,1.51966,1.35969,1.37982,0.00601228,0.00601228,0.00601228
1009,6149.15,1.37147,1.14201,1.20638,0.84025,0.62672,0.71559,0.46575,1.51954,1.35994,1.37936,0.00600832,0.00600832,0.00600832
1010,6155.32,1.3777,1.16756,1.21486,0.83772,0.62607,0.71537,0.46628,1.51886,1.36025,1.37939,0.00600436,0.00600436,0.00600436
1011,6164.14,1.37107,1.13782,1.20033,0.83787,0.62673,0.71545,0.46583,1.51885,1.35982,1.37928,0.0060004,0.0060004,0.0060004
1012,6172.28,1.37642,1.15105,1.20437,0.83777,0.62629,0.71575,0.46611,1.51831,1.35952,1.37927,0.00599644,0.00599644,0.00599644
1013,6180.3,1.40114,1.17783,1.21711,0.83802,0.62553,0.71586,0.46681,1.51777,1.35915,1.37894,0.00599248,0.00599248,0.00599248
1014,6185.71,1.38647,1.17898,1.22714,0.83795,0.62553,0.71606,0.46595,1.51768,1.35859,1.37877,0.00598852,0.00598852,0.00598852
1015,6190.34,1.40612,1.18825,1.21892,0.83771,0.626,0.71624,0.46625,1.51749,1.3583,1.37859,0.00598456,0.00598456,0.00598456
1016,6195.28,1.39526,1.17651,1.22268,0.83809,0.62553,0.71651,0.46687,1.51723,1.35809,1.37855,0.0059806,0.0059806,0.0059806
1017,6200.44,1.39454,1.1863,1.22541,0.839,0.62553,0.71659,0.46708,1.51664,1.35753,1.37822,0.00597664,0.00597664,0.00597664
1018,6205.58,1.42124,1.19575,1.23501,0.83914,0.62553,0.71671,0.46723,1.51617,1.35729,1.37804,0.00597268,0.00597268,0.00597268
1019,6210.72,1.38484,1.17421,1.22283,0.84016,0.62626,0.71683,0.46797,1.51578,1.35685,1.37778,0.00596872,0.00596872,0.00596872
1020,6216.48,1.36489,1.15197,1.20754,0.83717,0.62355,0.7172,0.46818,1.51556,1.35646,1.37759,0.00596476,0.00596476,0.00596476
1021,6224.8,1.37152,1.14366,1.22241,0.83718,0.62359,0.71711,0.46819,1.51522,1.35647,1.37768,0.0059608,0.0059608,0.0059608
1022,6233.71,1.38021,1.15485,1.19427,0.83798,0.62766,0.71731,0.46801,1.51462,1.35593,1.37735,0.00595684,0.00595684,0.00595684
1023,6241.97,1.35446,1.1356,1.20375,0.83582,0.62822,0.71739,0.46751,1.51424,1.3557,1.37711,0.00595288,0.00595288,0.00595288
1024,6247.1,1.37808,1.17487,1.21164,0.84201,0.6234,0.71769,0.46794,1.51361,1.35527,1.37643,0.00594892,0.00594892,0.00594892
1025,6251.84,1.4105,1.19071,1.21876,0.84022,0.62655,0.71797,0.46807,1.51299,1.35542,1.37621,0.00594496,0.00594496,0.00594496
1026,6256.57,1.39433,1.18603,1.22059,0.83755,0.62525,0.71806,0.46772,1.51306,1.35502,1.37612,0.005941,0.005941,0.005941
1027,6261.26,1.39046,1.16995,1.21799,0.83768,0.62588,0.71832,0.4681,1.5124,1.35494,1.3758,0.00593704,0.00593704,0.00593704
1028,6266.38,1.36851,1.1268,1.20321,0.83746,0.62484,0.71837,0.46842,1.51215,1.35475,1.37548,0.00593308,0.00593308,0.00593308
1029,6271.59,1.39323,1.16492,1.21202,0.83512,0.62506,0.71844,0.46779,1.51193,1.35429,1.3753,0.00592912,0.00592912,0.00592912
1030,6276.63,1.38486,1.17141,1.21885,0.83524,0.62557,0.71859,0.46846,1.51172,1.3541,1.37513,0.00592516,0.00592516,0.00592516
1031,6284.99,1.38541,1.15596,1.20918,0.83552,0.6234,0.71864,0.4694,1.51147,1.35381,1.37503,0.0059212,0.0059212,0.0059212
1032,6294.04,1.37983,1.14894,1.21081,0.83646,0.6234,0.71881,0.46971,1.51079,1.35308,1.37456,0.00591724,0.00591724,0.00591724
1033,6303.13,1.37686,1.15964,1.21777,0.83823,0.6234,0.7187,0.46929,1.51086,1.35302,1.37451,0.00591328,0.00591328,0.00591328
1034,6308.57,1.39198,1.16792,1.21397,0.8373,0.62412,0.71881,0.46958,1.51076,1.35303,1.37428,0.00590932,0.00590932,0.00590932
1035,6313.3,1.38575,1.15822,1.21176,0.83989,0.625,0.71897,0.46964,1.51066,1.3525,1.37423,0.00590536,0.00590536,0.00590536
1036,6318.08,1.35608,1.16196,1.19278,0.83765,0.62553,0.71923,0.46963,1.5105,1.35161,1.37424,0.0059014,0.0059014,0.0059014
1037,6322.89,1.377,1.17183,1.2173,0.84021,0.62649,0.71933,0.46958,1.51,1.35093,1.37382,0.00589744,0.00589744,0.00589744
1038,6327.78,1.36044,1.13958,1.19372,0.84023,0.62662,0.71931,0.47016,1.50961,1.35067,1.37354,0.00589348,0.00589348,0.00589348
1039,6332.92,1.38798,1.17341,1.22417,0.83957,0.62766,0.7203,0.47135,1.50936,1.3504,1.37313,0.00588952,0.00588952,0.00588952
1040,6338.52,1.39439,1.17665,1.20192,0.84023,0.62662,0.72028,0.47143,1.50892,1.34993,1.37308,0.00588556,0.00588556,0.00588556
1041,6347.41,1.38213,1.1757,1.21075,0.83624,0.62766,0.71947,0.47117,1.50889,1.35003,1.37292,0.0058816,0.0058816,0.0058816
1042,6355.99,1.35078,1.15454,1.19815,0.84326,0.62766,0.72007,0.47117,1.50863,1.34921,1.37279,0.00587764,0.00587764,0.00587764
1043,6364.12,1.38395,1.15307,1.21907,0.83858,0.62979,0.7195,0.47114,1.50813,1.34883,1.37258,0.00587368,0.00587368,0.00587368
1044,6369.66,1.3731,1.14589,1.21244,0.83999,0.63663,0.72027,0.47165,1.50768,1.34863,1.37218,0.00586972,0.00586972,0.00586972
1045,6374.71,1.3603,1.13684,1.19939,0.83756,0.63628,0.71958,0.47144,1.50734,1.34814,1.37196,0.00586576,0.00586576,0.00586576
1046,6379.45,1.37098,1.15683,1.20916,0.83755,0.63625,0.71976,0.47194,1.50672,1.34746,1.37171,0.0058618,0.0058618,0.0058618
1047,6384.43,1.35518,1.13803,1.1967,0.83673,0.63617,0.71955,0.47196,1.50666,1.3474,1.37165,0.00585784,0.00585784,0.00585784
1048,6389.13,1.39045,1.17309,1.21986,0.83648,0.63617,0.71968,0.47174,1.50666,1.34712,1.3717,0.00585388,0.00585388,0.00585388
1049,6393.84,1.36171,1.14216,1.19998,0.83649,0.63617,0.71968,0.47172,1.50621,1.34676,1.37161,0.00584992,0.00584992,0.00584992
1050,6398.62,1.35383,1.11639,1.19682,0.83744,0.63617,0.71988,0.4717,1.50599,1.34648,1.37138,0.00584596,0.00584596,0.00584596
1051,6404.93,1.3567,1.13558,1.19926,0.83988,0.63617,0.72027,0.47237,1.50575,1.34576,1.37123,0.005842,0.005842,0.005842
1052,6413.97,1.34272,1.11828,1.19258,0.83772,0.63617,0.72003,0.47244,1.50565,1.34576,1.37102,0.00583804,0.00583804,0.00583804
1053,6423.29,1.38305,1.13887,1.20817,0.84239,0.63617,0.72043,0.47241,1.50533,1.34558,1.3709,0.00583408,0.00583408,0.00583408
1054,6431.29,1.34492,1.12988,1.18748,0.8381,0.6388,0.72059,0.47252,1.50533,1.34563,1.37088,0.00583012,0.00583012,0.00583012
1055,6436.4,1.37921,1.16895,1.21697,0.83804,0.63853,0.72035,0.47257,1.50509,1.34534,1.37073,0.00582616,0.00582616,0.00582616
1056,6441.65,1.35706,1.14372,1.18969,0.83802,0.63843,0.72038,0.47259,1.50497,1.34533,1.3703,0.0058222,0.0058222,0.0058222
1057,6446.78,1.33899,1.12082,1.1923,0.84059,0.63953,0.72131,0.47323,1.5046,1.34511,1.37011,0.00581824,0.00581824,0.00581824
1058,6451.83,1.34744,1.11573,1.18572,0.83017,0.64483,0.72116,0.47337,1.50459,1.34495,1.36999,0.00581428,0.00581428,0.00581428
1059,6456.89,1.37322,1.1325,1.20628,0.83046,0.64617,0.72152,0.47354,1.5042,1.34491,1.36988,0.00581032,0.00581032,0.00581032
1060,6461.93,1.3834,1.14006,1.19965,0.83036,0.64571,0.72156,0.47396,1.50377,1.34485,1.36934,0.00580636,0.00580636,0.00580636
1061,6468.28,1.36901,1.13258,1.2003,0.84296,0.64043,0.72163,0.47381,1.50358,1.34419,1.36946,0.0058024,0.0058024,0.0058024
1062,6476.6,1.35454,1.12221,1.20787,0.8429,0.63928,0.72164,0.47393,1.50314,1.34454,1.36905,0.00579844,0.00579844,0.00579844
1063,6485.05,1.38006,1.1668,1.21503,0.84111,0.642,0.72161,0.47415,1.50266,1.34437,1.36863,0.00579448,0.00579448,0.00579448
1064,6493.49,1.35626,1.12112,1.19301,0.84107,0.64043,0.72166,0.47462,1.50199,1.34439,1.36833,0.00579052,0.00579052,0.00579052
1065,6498.71,1.35331,1.14608,1.20769,0.84111,0.642,0.72182,0.47453,1.50174,1.34359,1.36827,0.00578656,0.00578656,0.00578656
1066,6503.52,1.33099,1.09833,1.17377,0.8426,0.64255,0.72222,0.47547,1.50134,1.34343,1.36779,0.0057826,0.0057826,0.0057826
1067,6508.68,1.37644,1.15159,1.21243,0.8412,0.64255,0.72229,0.47548,1.50094,1.34292,1.36776,0.00577864,0.00577864,0.00577864
1068,6513.77,1.38327,1.15131,1.20856,0.84145,0.64255,0.72238,0.47519,1.50046,1.34261,1.36742,0.00577468,0.00577468,0.00577468
1069,6518.53,1.34069,1.11754,1.19062,0.84187,0.64255,0.72251,0.47506,1.50031,1.34242,1.36728,0.00577072,0.00577072,0.00577072
1070,6523.35,1.35001,1.09803,1.19286,0.84157,0.64255,0.72277,0.47529,1.49989,1.34233,1.36696,0.00576676,0.00576676,0.00576676
1071,6528.37,1.34661,1.10721,1.19429,0.84171,0.64255,0.72291,0.47555,1.49939,1.34177,1.36664,0.0057628,0.0057628,0.0057628
1072,6537.17,1.36564,1.13623,1.19864,0.84146,0.64255,0.72299,0.47546,1.49919,1.34199,1.36651,0.00575884,0.00575884,0.00575884
1073,6545.43,1.34837,1.1456,1.19593,0.84137,0.64255,0.72313,0.47536,1.49865,1.34185,1.36615,0.00575488,0.00575488,0.00575488
1074,6553.59,1.35688,1.13326,1.19181,0.84156,0.64255,0.72327,0.47569,1.49801,1.34143,1.36592,0.00575092,0.00575092,0.00575092
1075,6559.95,1.32579,1.12153,1.18702,0.8416,0.64255,0.72329,0.47565,1.49772,1.34109,1.36573,0.00574696,0.00574696,0.00574696
1076,6564.64,1.35565,1.11595,1.19156,0.84132,0.64302,0.72358,0.47533,1.49712,1.34017,1.36553,0.005743,0.005743,0.005743
1077,6569.59,1.34675,1.12887,1.20418,0.84154,0.64405,0.72379,0.47564,1.49689,1.34022,1.36518,0.00573904,0.00573904,0.00573904
1078,6574.67,1.34139,1.10106,1.18322,0.84132,0.64303,0.72399,0.47581,1.49645,1.33965,1.3651,0.00573508,0.00573508,0.00573508
1079,6579.65,1.34397,1.1389,1.19593,0.83903,0.64321,0.72296,0.47588,1.4958,1.33926,1.36478,0.00573112,0.00573112,0.00573112
1080,6584.34,1.36258,1.12544,1.19991,0.84013,0.64255,0.72311,0.47579,1.49536,1.33905,1.36446,0.00572716,0.00572716,0.00572716
1081,6589.16,1.33154,1.1224,1.18749,0.83944,0.64255,0.72322,0.47539,1.49538,1.33855,1.36434,0.0057232,0.0057232,0.0057232
1082,6596.55,1.35387,1.12696,1.19432,0.84031,0.64255,0.7233,0.47613,1.49499,1.33838,1.3642,0.00571924,0.00571924,0.00571924
1083,6605.38,1.35508,1.14657,1.19422,0.83954,0.64255,0.72322,0.47589,1.49488,1.33837,1.36403,0.00571528,0.00571528,0.00571528
1084,6613.78,1.31665,1.09873,1.18278,0.83997,0.64255,0.72327,0.476,1.49455,1.3384,1.36362,0.00571132,0.00571132,0.00571132
1085,6620.72,1.32895,1.09249,1.18643,0.83963,0.64255,0.72338,0.47529,1.4941,1.33804,1.36357,0.00570736,0.00570736,0.00570736
1086,6625.63,1.34586,1.11706,1.19639,0.83911,0.64255,0.7234,0.47629,1.49377,1.33775,1.36359,0.0057034,0.0057034,0.0057034
1087,6630.89,1.33658,1.11393,1.19186,0.83979,0.64255,0.72369,0.47645,1.49344,1.33677,1.3635,0.00569944,0.00569944,0.00569944
1088,6636.04,1.36267,1.13133,1.19159,0.83844,0.64255,0.72279,0.47553,1.49345,1.33687,1.36358,0.00569548,0.00569548,0.00569548
1089,6640.76,1.33358,1.08975,1.18631,0.83813,0.64255,0.72235,0.47544,1.4929,1.33663,1.36338,0.00569152,0.00569152,0.00569152
1090,6645.4,1.34259,1.12044,1.19926,0.8373,0.64255,0.72251,0.4755,1.4925,1.33672,1.36314,0.00568756,0.00568756,0.00568756
1091,6650.08,1.35462,1.13909,1.19496,0.83565,0.64255,0.72261,0.47565,1.49212,1.33667,1.36279,0.0056836,0.0056836,0.0056836
1092,6655.91,1.35512,1.13997,1.20179,0.83746,0.64255,0.72284,0.47522,1.49188,1.33579,1.36292,0.00567964,0.00567964,0.00567964
1093,6664.18,1.33085,1.10639,1.18677,0.8375,0.64255,0.72263,0.47535,1.49134,1.33571,1.36258,0.00567568,0.00567568,0.00567568
1094,6672.61,1.32855,1.09975,1.18393,0.83844,0.64255,0.72285,0.47555,1.49073,1.3354,1.36231,0.00567172,0.00567172,0.00567172
1095,6680.92,1.36131,1.13069,1.1896,0.83412,0.64255,0.72274,0.47549,1.49033,1.33543,1.36187,0.00566776,0.00566776,0.00566776
1096,6686.04,1.35567,1.13507,1.19421,0.8388,0.64255,0.72293,0.47552,1.48981,1.33499,1.36147,0.0056638,0.0056638,0.0056638
1097,6690.81,1.32165,1.1086,1.17732,0.8355,0.64255,0.72306,0.47518,1.48948,1.33467,1.36134,0.00565984,0.00565984,0.00565984
1098,6695.66,1.35796,1.11271,1.19388,0.83468,0.64255,0.72299,0.47518,1.48889,1.33428,1.361,0.00565588,0.00565588,0.00565588
1099,6700.34,1.34521,1.11708,1.19111,0.83403,0.64255,0.723,0.47524,1.48859,1.33408,1.3608,0.00565192,0.00565192,0.00565192
1100,6705.07,1.33448,1.11281,1.18422,0.83614,0.64255,0.72324,0.47561,1.4882,1.33352,1.36064,0.00564796,0.00564796,0.00564796
1101,6709.76,1.34581,1.12267,1.1906,0.83598,0.64255,0.72331,0.4756,1.48784,1.33372,1.36041,0.005644,0.005644,0.005644
1102,6714.5,1.32589,1.0891,1.17108,0.84155,0.64255,0.72334,0.47586,1.48745,1.33356,1.36025,0.00564004,0.00564004,0.00564004
1103,6720.58,1.33406,1.09421,1.17871,0.83857,0.64255,0.72337,0.47593,1.48713,1.33311,1.35987,0.00563608,0.00563608,0.00563608
1104,6728.76,1.3052,1.07613,1.17134,0.83864,0.64255,0.72347,0.47603,1.48673,1.33296,1.35965,0.00563212,0.00563212,0.00563212
1105,6737.07,1.35004,1.12588,1.18653,0.83857,0.64255,0.72351,0.47666,1.48686,1.33259,1.35973,0.00562816,0.00562816,0.00562816
1106,6745.74,1.315,1.08586,1.18691,0.84154,0.64255,0.72432,0.47683,1.48673,1.33237,1.3596,0.0056242,0.0056242,0.0056242
1107,6751.07,1.3191,1.0796,1.17618,0.84647,0.64255,0.72473,0.47747,1.48606,1.33171,1.35932,0.00562024,0.00562024,0.00562024
1108,6756.16,1.30984,1.0941,1.17327,0.84647,0.64255,0.72443,0.47765,1.48577,1.33174,1.35913,0.00561628,0.00561628,0.00561628
1109,6761.23,1.33243,1.07728,1.17864,0.84734,0.64255,0.72487,0.47761,1.48541,1.33156,1.35897,0.00561232,0.00561232,0.00561232
1110,6766.28,1.30323,1.08473,1.1658,0.84731,0.64255,0.72503,0.47773,1.48488,1.33149,1.35871,0.00560836,0.00560836,0.00560836
1111,6771.4,1.34076,1.1003,1.18292,0.84678,0.64255,0.72496,0.47779,1.48445,1.33105,1.35848,0.0056044,0.0056044,0.0056044
1112,6776.5,1.34655,1.12577,1.18245,0.84681,0.64255,0.72501,0.47784,1.48395,1.33055,1.35843,0.00560044,0.00560044,0.00560044
1113,6782.44,1.32913,1.09999,1.17964,0.84574,0.64255,0.72522,0.47807,1.48357,1.33012,1.35801,0.00559648,0.00559648,0.00559648
1114,6791.35,1.32967,1.10884,1.19002,0.84491,0.64255,0.72525,0.47802,1.48303,1.33039,1.35754,0.00559252,0.00559252,0.00559252
1115,6799.85,1.3224,1.06933,1.17304,0.84606,0.64255,0.72543,0.47819,1.48224,1.3299,1.35735,0.00558856,0.00558856,0.00558856
1116,6808.6,1.34731,1.12275,1.19656,0.84492,0.64255,0.72623,0.4777,1.48213,1.32995,1.35723,0.0055846,0.0055846,0.0055846
1117,6813.63,1.34753,1.1041,1.19736,0.84889,0.64255,0.7263,0.47781,1.48171,1.32973,1.35699,0.00558064,0.00558064,0.00558064
1118,6818.49,1.32357,1.07954,1.18735,0.84901,0.64255,0.72651,0.4772,1.4811,1.32977,1.35672,0.00557668,0.00557668,0.00557668
1119,6823.24,1.33855,1.11254,1.19603,0.85003,0.64255,0.72656,0.4774,1.48039,1.32933,1.35645,0.00557272,0.00557272,0.00557272
1120,6827.95,1.32675,1.09179,1.18445,0.84967,0.64255,0.72651,0.47739,1.48043,1.32905,1.3565,0.00556876,0.00556876,0.00556876
1121,6832.73,1.34781,1.08955,1.18829,0.84988,0.64255,0.72655,0.47761,1.48004,1.3288,1.35617,0.0055648,0.0055648,0.0055648
1122,6837.6,1.30592,1.07493,1.17105,0.853,0.64255,0.72705,0.47797,1.47949,1.32828,1.35563,0.00556084,0.00556084,0.00556084
1123,6842.35,1.32004,1.07866,1.18159,0.85232,0.64255,0.72706,0.47819,1.47902,1.32828,1.35534,0.00555688,0.00555688,0.00555688
1124,6850.11,1.31284,1.08615,1.17875,0.85266,0.64255,0.72708,0.47776,1.47896,1.32808,1.35532,0.00555292,0.00555292,0.00555292
1125,6858.39,1.31565,1.08806,1.1812,0.85155,0.64255,0.72714,0.47823,1.47874,1.32786,1.35516,0.00554896,0.00554896,0.00554896
1126,6867.68,1.31066,1.0759,1.1738,0.85378,0.64255,0.72732,0.47891,1.47857,1.32719,1.35486,0.005545,0.005545,0.005545
1127,6874.5,1.3152,1.09807,1.18696,0.84558,0.64255,0.72741,0.47896,1.47803,1.3269,1.3546,0.00554104,0.00554104,0.00554104
1128,6879.48,1.32246,1.11401,1.18884,0.85122,0.64255,0.72753,0.479,1.47771,1.32629,1.35441,0.00553708,0.00553708,0.00553708
1129,6884.92,1.33912,1.11183,1.18927,0.84493,0.64255,0.72756,0.47821,1.47757,1.3255,1.35429,0.00553312,0.00553312,0.00553312
1130,6889.6,1.3417,1.11992,1.19486,0.85056,0.64255,0.72757,0.47837,1.4774,1.32539,1.35401,0.00552916,0.00552916,0.00552916
1131,6894.24,1.33478,1.09655,1.17032,0.84823,0.64255,0.72759,0.47903,1.47688,1.32535,1.35377,0.0055252,0.0055252,0.0055252
1132,6899.31,1.32609,1.10638,1.17931,0.85522,0.64255,0.72767,0.47992,1.47641,1.32458,1.35356,0.00552124,0.00552124,0.00552124
1133,6904.39,1.32262,1.10188,1.18042,0.8458,0.64255,0.72766,0.48012,1.47563,1.32428,1.35324,0.00551728,0.00551728,0.00551728
1134,6911.92,1.33074,1.10282,1.17345,0.84649,0.64255,0.72773,0.47984,1.47538,1.32383,1.35293,0.00551332,0.00551332,0.00551332
1135,6919.99,1.30539,1.08588,1.17024,0.84422,0.64255,0.7279,0.47993,1.4747,1.32352,1.3527,0.00550936,0.00550936,0.00550936
1136,6928.32,1.32573,1.0903,1.17507,0.84804,0.64255,0.72787,0.47967,1.47426,1.32286,1.35249,0.0055054,0.0055054,0.0055054
1137,6935.36,1.31856,1.05471,1.1805,0.8452,0.64255,0.72797,0.48059,1.47401,1.32286,1.35239,0.00550144,0.00550144,0.00550144
1138,6940.6,1.30068,1.06394,1.16693,0.84644,0.64255,0.72806,0.47967,1.47311,1.32196,1.35199,0.00549748,0.00549748,0.00549748
1139,6945.37,1.33617,1.08774,1.18378,0.84791,0.64255,0.72818,0.4799,1.47242,1.32125,1.35163,0.00549352,0.00549352,0.00549352
1140,6950.09,1.31428,1.07635,1.175,0.84351,0.64255,0.72817,0.47987,1.47196,1.32085,1.35107,0.00548956,0.00548956,0.00548956
1141,6954.84,1.32025,1.10217,1.1892,0.84739,0.64255,0.72821,0.48031,1.47174,1.32044,1.35116,0.0054856,0.0054856,0.0054856
1142,6959.62,1.31369,1.08896,1.17712,0.84545,0.64255,0.72829,0.48018,1.47102,1.32004,1.35083,0.00548164,0.00548164,0.00548164
1143,6964.3,1.3087,1.09126,1.18391,0.84858,0.64043,0.7283,0.48012,1.47031,1.32013,1.35059,0.00547768,0.00547768,0.00547768
1144,6969.58,1.3388,1.10774,1.18263,0.84976,0.64043,0.72832,0.48059,1.47003,1.31968,1.35034,0.00547372,0.00547372,0.00547372
1145,6978.34,1.32296,1.09303,1.17434,0.84466,0.64043,0.72859,0.48008,1.46954,1.31935,1.35001,0.00546976,0.00546976,0.00546976
1146,6986.76,1.33301,1.0929,1.17428,0.8526,0.63997,0.72863,0.48025,1.46939,1.31921,1.34993,0.0054658,0.0054658,0.0054658
1147,6994.99,1.3231,1.10358,1.18174,0.85253,0.63959,0.7287,0.48049,1.46881,1.31875,1.34968,0.00546184,0.00546184,0.00546184
1148,7000.6,1.30746,1.08803,1.17547,0.8526,0.63996,0.72879,0.48087,1.46835,1.3184,1.34931,0.00545788,0.00545788,0.00545788
1149,7005.77,1.31483,1.0739,1.16657,0.85427,0.6383,0.72904,0.48094,1.46797,1.31786,1.34923,0.00545392,0.00545392,0.00545392
1150,7010.88,1.28752,1.05984,1.16165,0.85241,0.64043,0.72912,0.48081,1.46757,1.31784,1.34909,0.00544996,0.00544996,0.00544996
1151,7015.64,1.3172,1.0913,1.18366,0.85883,0.6383,0.72951,0.48036,1.46748,1.31774,1.34896,0.005446,0.005446,0.005446
1152,7020.41,1.32299,1.08947,1.17811,0.85841,0.6383,0.72962,0.48041,1.46693,1.31724,1.34859,0.00544204,0.00544204,0.00544204
1153,7025.16,1.3413,1.12834,1.18948,0.85873,0.6383,0.72956,0.48076,1.46638,1.31686,1.34843,0.00543808,0.00543808,0.00543808
1154,7029.86,1.31438,1.0922,1.17067,0.85921,0.6383,0.72964,0.48073,1.46598,1.31675,1.34839,0.00543412,0.00543412,0.00543412
1155,7035.97,1.32532,1.08797,1.17715,0.86019,0.6383,0.72952,0.48127,1.46559,1.31623,1.34815,0.00543016,0.00543016,0.00543016
1156,7044.93,1.29839,1.06846,1.18125,0.86742,0.6383,0.7295,0.48181,1.46514,1.31601,1.34786,0.0054262,0.0054262,0.0054262
1157,7054.15,1.31836,1.07634,1.16921,0.86921,0.6383,0.72969,0.48208,1.46481,1.31587,1.34765,0.00542224,0.00542224,0.00542224
1158,7062.14,1.32697,1.08279,1.17625,0.86977,0.6383,0.73001,0.48216,1.46469,1.3152,1.34758,0.00541828,0.00541828,0.00541828
1159,7067.21,1.29008,1.05746,1.16574,0.8692,0.6383,0.73025,0.48214,1.46428,1.31493,1.34733,0.00541432,0.00541432,0.00541432
1160,7072.31,1.29178,1.0536,1.16908,0.86846,0.6383,0.73047,0.48233,1.46386,1.31427,1.347,0.00541036,0.00541036,0.00541036
1161,7077.43,1.31996,1.0821,1.17094,0.87007,0.6383,0.73047,0.48271,1.46382,1.31439,1.34686,0.0054064,0.0054064,0.0054064
1162,7082.61,1.29455,1.06675,1.17189,0.86977,0.6383,0.73041,0.48307,1.46332,1.3143,1.34667,0.00540244,0.00540244,0.00540244
1163,7087.7,1.30026,1.09148,1.16892,0.87093,0.6383,0.73086,0.48293,1.46312,1.31414,1.34652,0.00539848,0.00539848,0.00539848
1164,7092.47,1.30946,1.07423,1.15992,0.87012,0.6383,0.73125,0.48361,1.46242,1.31366,1.34617,0.00539452,0.00539452,0.00539452
1165,7099.03,1.3009,1.06399,1.17414,0.86809,0.6383,0.73119,0.48456,1.46204,1.31356,1.34597,0.00539056,0.00539056,0.00539056
1166,7107.79,1.28974,1.07077,1.16685,0.86633,0.6383,0.73151,0.48419,1.46203,1.31339,1.34576,0.0053866,0.0053866,0.0053866
1167,7116.13,1.30689,1.06974,1.16823,0.86958,0.63836,0.73163,0.48386,1.46174,1.31333,1.34559,0.00538264,0.00538264,0.00538264
1168,7124.3,1.28347,1.04001,1.15934,0.87174,0.64255,0.73168,0.48404,1.46131,1.31304,1.3454,0.00537868,0.00537868,0.00537868
1169,7129.4,1.32757,1.0854,1.17359,0.87232,0.64255,0.73126,0.48413,1.4611,1.31269,1.34526,0.00537472,0.00537472,0.00537472
1170,7134.23,1.3087,1.06626,1.17357,0.87199,0.64255,0.73145,0.48447,1.46081,1.31254,1.34504,0.00537076,0.00537076,0.00537076
1171,7138.87,1.29333,1.06492,1.16968,0.87264,0.64255,0.73148,0.48473,1.46063,1.31253,1.34488,0.0053668,0.0053668,0.0053668
1172,7144.04,1.30319,1.06059,1.16529,0.87388,0.64255,0.73143,0.4858,1.46035,1.31235,1.3447,0.00536284,0.00536284,0.00536284
1173,7149.2,1.29642,1.07555,1.1753,0.87487,0.64255,0.73148,0.48544,1.45999,1.31179,1.34438,0.00535888,0.00535888,0.00535888
1174,7153.99,1.3051,1.0609,1.16967,0.87794,0.64273,0.7317,0.48559,1.45951,1.31186,1.34421,0.00535492,0.00535492,0.00535492
1175,7158.84,1.27925,1.0397,1.16909,0.87819,0.64424,0.73157,0.48471,1.45962,1.31176,1.34413,0.00535096,0.00535096,0.00535096
1176,7166.91,1.29792,1.06798,1.17078,0.87765,0.64468,0.73168,0.48523,1.4592,1.31166,1.34389,0.005347,0.005347,0.005347
1177,7175.29,1.31004,1.05132,1.17008,0.87829,0.64468,0.73195,0.48582,1.45853,1.31138,1.34372,0.00534304,0.00534304,0.00534304
1178,7184.57,1.2714,1.05324,1.15014,0.88309,0.64468,0.73146,0.48575,1.45807,1.31131,1.34354,0.00533908,0.00533908,0.00533908
1179,7190.5,1.3014,1.05433,1.161,0.88885,0.62953,0.73147,0.48588,1.4577,1.31128,1.34341,0.00533512,0.00533512,0.00533512
1180,7195.54,1.3052,1.0642,1.17043,0.88886,0.62959,0.73154,0.48589,1.45726,1.31124,1.3432,0.00533116,0.00533116,0.00533116
1181,7200.75,1.31752,1.07266,1.1736,0.87592,0.64587,0.73096,0.48568,1.45681,1.31072,1.34294,0.0053272,0.0053272,0.0053272
1182,7205.49,1.28871,1.06261,1.1645,0.88294,0.64194,0.73178,0.48621,1.45651,1.31059,1.34281,0.00532324,0.00532324,0.00532324
1183,7210.54,1.29576,1.06048,1.16211,0.88277,0.64085,0.73211,0.48639,1.45644,1.31088,1.34272,0.00531928,0.00531928,0.00531928
1184,7215.62,1.30194,1.07258,1.1687,0.88018,0.64681,0.73223,0.48594,1.45586,1.31042,1.34244,0.00531532,0.00531532,0.00531532
1185,7220.29,1.31238,1.07448,1.16987,0.87796,0.64681,0.73219,0.48636,1.45573,1.31011,1.34217,0.00531136,0.00531136,0.00531136
1186,7226.71,1.30964,1.05945,1.17338,0.87432,0.64681,0.73147,0.48586,1.45521,1.30986,1.34199,0.0053074,0.0053074,0.0053074
1187,7235.28,1.29089,1.0749,1.1727,0.87554,0.64358,0.73175,0.48639,1.45471,1.30955,1.34173,0.00530344,0.00530344,0.00530344
1188,7243.91,1.29694,1.05532,1.16839,0.87771,0.64681,0.73205,0.48652,1.45455,1.30951,1.34157,0.00529948,0.00529948,0.00529948
1189,7252.23,1.32936,1.08838,1.18291,0.87717,0.64681,0.73214,0.4865,1.4542,1.30897,1.34139,0.00529552,0.00529552,0.00529552
1190,7256.9,1.28554,1.03826,1.16439,0.87656,0.64681,0.73232,0.48682,1.45382,1.30837,1.34133,0.00529156,0.00529156,0.00529156
1191,7262.1,1.30776,1.06406,1.17596,0.87853,0.64681,0.73231,0.48711,1.45323,1.30818,1.34089,0.0052876,0.0052876,0.0052876
1192,7267.59,1.2764,1.05077,1.16728,0.87848,0.646,0.73245,0.48659,1.45281,1.30812,1.3407,0.00528364,0.00528364,0.00528364
1193,7272.31,1.26882,1.02378,1.15989,0.87653,0.64468,0.73248,0.4868,1.45227,1.30726,1.34032,0.00527968,0.00527968,0.00527968
1194,7277.06,1.28619,1.04063,1.1591,0.87711,0.64468,0.73236,0.4868,1.45212,1.30711,1.34014,0.00527572,0.00527572,0.00527572
1195,7281.84,1.29328,1.05392,1.16094,0.87955,0.64468,0.73235,0.48736,1.45153,1.30664,1.33978,0.00527176,0.00527176,0.00527176
1196,7287.96,1.2607,1.02711,1.1533,0.87731,0.64468,0.73159,0.48673,1.45132,1.30622,1.33964,0.0052678,0.0052678,0.0052678
1197,7296.13,1.27688,1.04322,1.1577,0.87823,0.64447,0.73167,0.48694,1.45081,1.30615,1.33928,0.00526384,0.00526384,0.00526384
1198,7304.5,1.27779,1.03264,1.15508,0.87812,0.64386,0.73176,0.48702,1.4505,1.3062,1.33905,0.00525988,0.00525988,0.00525988
1199,7312.58,1.26877,1.02725,1.15141,0.88062,0.64468,0.73273,0.48808,1.45017,1.30628,1.33877,0.00525592,0.00525592,0.00525592
1200,7318.81,1.29678,1.06378,1.16136,0.88004,0.64468,0.73232,0.48735,1.44998,1.30606,1.33863,0.00525196,0.00525196,0.00525196
1201,7323.5,1.28739,1.0671,1.16744,0.88059,0.6433,0.73239,0.48749,1.44948,1.3058,1.33836,0.005248,0.005248,0.005248
1202,7328.25,1.28573,1.07364,1.1489,0.87874,0.64468,0.73248,0.48734,1.44924,1.30516,1.33806,0.00524404,0.00524404,0.00524404
1203,7332.96,1.29941,1.0376,1.16203,0.87666,0.64468,0.73167,0.48737,1.44867,1.30478,1.33774,0.00524008,0.00524008,0.00524008
1204,7337.69,1.2734,1.0729,1.16099,0.87633,0.64468,0.73176,0.48734,1.44857,1.30472,1.33781,0.00523612,0.00523612,0.00523612
1205,7342.43,1.29947,1.06335,1.15801,0.8755,0.64468,0.73181,0.4873,1.44836,1.30481,1.33762,0.00523216,0.00523216,0.00523216
1206,7347.18,1.28004,1.05502,1.1582,0.87823,0.6445,0.7342,0.48767,1.44798,1.30472,1.33736,0.0052282,0.0052282,0.0052282
1207,7353.16,1.28175,1.03459,1.15622,0.87382,0.64468,0.73278,0.48754,1.44775,1.30436,1.33709,0.00522424,0.00522424,0.00522424
1208,7361.09,1.27223,1.04273,1.15445,0.87429,0.64468,0.73373,0.48785,1.44726,1.30404,1.33683,0.00522028,0.00522028,0.00522028
1209,7369.36,1.29227,1.03115,1.16012,0.87539,0.64468,0.73464,0.48752,1.44693,1.30424,1.33665,0.00521632,0.00521632,0.00521632
1210,7377.59,1.28011,1.04528,1.14857,0.87467,0.64468,0.73378,0.48769,1.4465,1.30387,1.33632,0.00521236,0.00521236,0.00521236
1211,7382.6,1.28829,1.05377,1.15968,0.8757,0.64456,0.73464,0.48786,1.44611,1.30362,1.33614,0.0052084,0.0052084,0.0052084
1212,7387.37,1.28174,1.05377,1.15362,0.87691,0.64468,0.73503,0.48824,1.44577,1.30347,1.33612,0.00520444,0.00520444,0.00520444
1213,7392.5,1.31889,1.06134,1.172,0.8732,0.64468,0.73432,0.48806,1.44517,1.30324,1.33575,0.00520048,0.00520048,0.00520048
1214,7397.23,1.26682,1.04117,1.15947,0.87536,0.64468,0.73572,0.4885,1.44486,1.3036,1.33562,0.00519652,0.00519652,0.00519652
1215,7402.3,1.26593,1.04645,1.14889,0.87612,0.64255,0.73602,0.48848,1.44467,1.30326,1.33536,0.00519256,0.00519256,0.00519256
1216,7407.35,1.29331,1.06573,1.15951,0.87179,0.65104,0.73609,0.48902,1.44424,1.3031,1.33517,0.0051886,0.0051886,0.0051886
1217,7412.43,1.26982,1.03598,1.15931,0.87012,0.65106,0.73613,0.48929,1.44394,1.30268,1.33508,0.00518464,0.00518464,0.00518464
1218,7421.37,1.2533,1.03561,1.15061,0.86665,0.65106,0.73577,0.48927,1.4433,1.30254,1.33487,0.00518068,0.00518068,0.00518068
1219,7429.77,1.27922,1.05607,1.15783,0.86694,0.65156,0.73575,0.48964,1.44288,1.30241,1.3346,0.00517672,0.00517672,0.00517672
1220,7438.81,1.27637,1.04069,1.15474,0.86693,0.65149,0.73577,0.48976,1.44246,1.30235,1.3344,0.00517276,0.00517276,0.00517276
1221,7444.53,1.25605,1.02612,1.1583,0.86753,0.65106,0.73576,0.49003,1.44223,1.30221,1.33418,0.0051688,0.0051688,0.0051688
1222,7449.59,1.26804,1.03598,1.15473,0.86847,0.65106,0.73569,0.48953,1.44175,1.30192,1.334,0.00516484,0.00516484,0.00516484
1223,7454.26,1.27643,1.05216,1.15865,0.86768,0.65106,0.73582,0.48993,1.44173,1.30196,1.33396,0.00516088,0.00516088,0.00516088
1224,7458.92,1.29254,1.04993,1.15675,0.86688,0.6512,0.7359,0.49007,1.44132,1.30183,1.33377,0.00515692,0.00515692,0.00515692
1225,7463.97,1.25086,1.01769,1.13953,0.86694,0.65152,0.73578,0.49036,1.44101,1.3019,1.33359,0.00515296,0.00515296,0.00515296
1226,7468.98,1.27657,1.03298,1.15592,0.86772,0.65106,0.73565,0.49041,1.44073,1.30218,1.33346,0.005149,0.005149,0.005149
1227,7474.02,1.27125,1.02369,1.14661,0.8671,0.65106,0.73574,0.49078,1.44053,1.30226,1.33356,0.00514504,0.00514504,0.00514504
1228,7483.02,1.27914,1.03042,1.15222,0.86403,0.65532,0.73596,0.49089,1.44042,1.30217,1.33341,0.00514108,0.00514108,0.00514108
1229,7492.22,1.26398,1.02566,1.1485,0.86955,0.65241,0.73599,0.49119,1.44025,1.30189,1.33308,0.00513712,0.00513712,0.00513712
1230,7501.41,1.28724,1.0657,1.16441,0.86982,0.65398,0.73619,0.49113,1.43995,1.30194,1.33302,0.00513316,0.00513316,0.00513316
1231,7506.34,1.27707,1.03964,1.15634,0.85282,0.65532,0.73637,0.49142,1.43941,1.30171,1.33267,0.0051292,0.0051292,0.0051292
1232,7511.36,1.27249,1.03875,1.15338,0.85551,0.65532,0.73649,0.4913,1.43915,1.30165,1.33254,0.00512524,0.00512524,0.00512524
1233,7516.05,1.29481,1.06205,1.16761,0.85812,0.65532,0.73657,0.49139,1.43887,1.30137,1.33237,0.00512128,0.00512128,0.00512128
1234,7520.79,1.2755,1.04911,1.15236,0.85771,0.65532,0.73665,0.49163,1.43826,1.30141,1.33221,0.00511732,0.00511732,0.00511732
1235,7525.9,1.26279,1.04277,1.15528,0.86047,0.65532,0.73685,0.49148,1.43814,1.30151,1.33202,0.00511336,0.00511336,0.00511336
1236,7530.59,1.27181,1.04602,1.15473,0.8591,0.65532,0.73691,0.49159,1.43796,1.30059,1.33169,0.0051094,0.0051094,0.0051094
1237,7535.37,1.24404,1.00322,1.13892,0.86124,0.65532,0.7371,0.49244,1.43762,1.30087,1.33152,0.00510544,0.00510544,0.00510544
1238,7541.49,1.26678,1.04358,1.15388,0.86149,0.65532,0.73731,0.49297,1.43736,1.30094,1.33134,0.00510148,0.00510148,0.00510148
1239,7549.98,1.26489,1.03627,1.14751,0.86151,0.65532,0.73736,0.49328,1.43746,1.30097,1.33129,0.00509752,0.00509752,0.00509752
1240,7559.03,1.26647,1.03267,1.15178,0.86063,0.65532,0.73737,0.4931,1.43728,1.30111,1.33113,0.00509356,0.00509356,0.00509356
1241,7566.97,1.26818,1.01893,1.15389,0.86253,0.65413,0.73744,0.49252,1.4367,1.30094,1.33062,0.0050896,0.0050896,0.0050896
1242,7571.94,1.26418,1.03235,1.1512,0.8608,0.65319,0.73735,0.49303,1.43653,1.30146,1.33067,0.00508564,0.00508564,0.00508564
1243,7576.9,1.25465,1.03365,1.14809,0.86233,0.65305,0.73736,0.49307,1.43618,1.30142,1.33059,0.00508168,0.00508168,0.00508168
1244,7581.76,1.25609,1.01441,1.14516,0.8622,0.65234,0.73743,0.49376,1.43626,1.30131,1.33048,0.00507772,0.00507772,0.00507772
1245,7587.41,1.25275,1.01011,1.14735,0.86011,0.65106,0.7374,0.4934,1.43613,1.30112,1.33033,0.00507376,0.00507376,0.00507376
1246,7592.4,1.28093,1.02142,1.15443,0.86045,0.65106,0.73742,0.49358,1.43599,1.30053,1.3302,0.0050698,0.0050698,0.0050698
1247,7597.8,1.32313,1.083,1.17009,0.86066,0.65106,0.73748,0.49388,1.43592,1.30055,1.33006,0.00506584,0.00506584,0.00506584
1248,7602.91,1.25807,1.037,1.15547,0.86129,0.65106,0.73781,0.49363,1.43581,1.30068,1.32979,0.00506188,0.00506188,0.00506188
1249,7610.7,1.26503,1.03668,1.14177,0.86381,0.65106,0.73793,0.4939,1.43541,1.30035,1.3295,0.00505792,0.00505792,0.00505792
1250,7620.14,1.27813,1.01736,1.15467,0.86073,0.65106,0.73791,0.49409,1.4353,1.30022,1.3293,0.00505396,0.00505396,0.00505396
1251,7627.15,1.28993,1.06039,1.15062,0.86079,0.65106,0.73803,0.49409,1.43505,1.30026,1.32919,0.00505,0.00505,0.00505
1252,7632.37,1.25923,1.02337,1.14939,0.86092,0.65106,0.73809,0.49418,1.43503,1.30019,1.32914,0.00504604,0.00504604,0.00504604
1253,7637.52,1.29285,1.04884,1.16709,0.86112,0.65106,0.73823,0.49477,1.43453,1.30028,1.32893,0.00504208,0.00504208,0.00504208
1254,7642.7,1.271,1.02464,1.15362,0.86588,0.64894,0.73819,0.49487,1.4342,1.29977,1.3286,0.00503812,0.00503812,0.00503812
1255,7647.76,1.25279,1.0094,1.14437,0.86618,0.6473,0.73848,0.49475,1.43408,1.29974,1.32844,0.00503416,0.00503416,0.00503416
1256,7652.49,1.24907,1.02246,1.15535,0.86371,0.64724,0.73863,0.49454,1.43398,1.29979,1.32826,0.0050302,0.0050302,0.0050302
1257,7657.22,1.23576,1.01343,1.14236,0.86431,0.65054,0.73855,0.49453,1.43389,1.29969,1.32822,0.00502624,0.00502624,0.00502624
1258,7664.17,1.2562,1.02432,1.13963,0.86052,0.65106,0.73861,0.49485,1.43386,1.29985,1.32812,0.00502228,0.00502228,0.00502228
1259,7673.44,1.24528,1.01053,1.14007,0.86397,0.64864,0.73863,0.49451,1.43377,1.29962,1.32804,0.00501832,0.00501832,0.00501832
1260,7680.69,1.26438,1.03511,1.15074,0.86402,0.64891,0.73863,0.49514,1.43358,1.29935,1.32786,0.00501436,0.00501436,0.00501436
1261,7685.83,1.26365,1.02429,1.14379,0.86404,0.64902,0.73804,0.49496,1.4333,1.29925,1.32764,0.0050104,0.0050104,0.0050104
1262,7690.62,1.25502,1.00225,1.1373,0.86296,0.64681,0.738,0.49507,1.43306,1.29897,1.32759,0.00500644,0.00500644,0.00500644
1263,7695.42,1.26405,1.02814,1.15628,0.86396,0.64681,0.73811,0.49514,1.43304,1.29871,1.32743,0.00500248,0.00500248,0.00500248
1264,7700.02,1.27731,1.04368,1.14645,0.86419,0.64681,0.73814,0.49519,1.43289,1.29892,1.32728,0.00499852,0.00499852,0.00499852
1265,7704.66,1.25243,1.01969,1.14696,0.86626,0.64773,0.73813,0.49508,1.43292,1.29916,1.3272,0.00499456,0.00499456,0.00499456
1266,7709.19,1.23883,1.00874,1.13493,0.86761,0.64681,0.73814,0.49559,1.43271,1.29916,1.32704,0.0049906,0.0049906,0.0049906
1267,7714.88,1.25365,1.0178,1.14265,0.86608,0.64681,0.73787,0.49547,1.4322,1.29871,1.3268,0.00498664,0.00498664,0.00498664
1268,7723.72,1.22504,0.99538,1.14281,0.86577,0.64681,0.73807,0.49573,1.4319,1.29859,1.32664,0.00498268,0.00498268,0.00498268
1269,7733.22,1.26624,1.0325,1.14498,0.86622,0.64681,0.73812,0.49569,1.43171,1.29884,1.32649,0.00497872,0.00497872,0.00497872
1270,7738.53,1.23515,1.001,1.13569,0.86611,0.64689,0.73828,0.49584,1.43138,1.29866,1.32615,0.00497476,0.00497476,0.00497476
1271,7743.65,1.26572,1.0245,1.14693,0.86626,0.64894,0.73834,0.49579,1.43121,1.29845,1.32611,0.0049708,0.0049708,0.0049708
1272,7748.35,1.25803,1.02835,1.14745,0.8728,0.64237,0.7385,0.49581,1.43094,1.29854,1.32604,0.00496684,0.00496684,0.00496684
1273,7753.03,1.21739,0.98644,1.12831,0.87027,0.64227,0.73847,0.49595,1.43051,1.29838,1.32585,0.00496288,0.00496288,0.00496288
1274,7758.01,1.27614,1.03103,1.15014,0.87004,0.641,0.73851,0.49599,1.43015,1.29818,1.32567,0.00495892,0.00495892,0.00495892
1275,7763.26,1.25202,1.0155,1.14149,0.86557,0.64894,0.73823,0.49588,1.43013,1.29816,1.32544,0.00495496,0.00495496,0.00495496
1276,7767.95,1.26757,1.03722,1.14424,0.87016,0.64167,0.73819,0.49537,1.42985,1.29855,1.3252,0.004951,0.004951,0.004951
1277,7773.71,1.27235,1.03983,1.15691,0.86941,0.64255,0.73878,0.4958,1.42964,1.29831,1.325,0.00494704,0.00494704,0.00494704
1278,7782.12,1.2611,1.04187,1.15097,0.8687,0.64255,0.73861,0.49534,1.42952,1.29831,1.32503,0.00494308,0.00494308,0.00494308
1279,7790.3,1.23911,1.00261,1.14102,0.86794,0.64325,0.73896,0.49605,1.42919,1.29811,1.32497,0.00493912,0.00493912,0.00493912
1280,7796.44,1.24779,1.02993,1.13776,0.86796,0.64334,0.73885,0.49619,1.42885,1.29785,1.32478,0.00493516,0.00493516,0.00493516
1281,7801.42,1.22388,0.99448,1.13282,0.86797,0.64341,0.73907,0.49637,1.42866,1.29767,1.32449,0.0049312,0.0049312,0.0049312
1282,7806.36,1.23871,1.00354,1.13405,0.87039,0.64255,0.73927,0.49617,1.42854,1.29768,1.32443,0.00492724,0.00492724,0.00492724
1283,7810.99,1.24809,1.00155,1.13734,0.86883,0.64829,0.73937,0.49634,1.42848,1.29782,1.3244,0.00492328,0.00492328,0.00492328
1284,7816.05,1.28953,1.03038,1.15802,0.86809,0.64681,0.73953,0.49648,1.42837,1.29827,1.32431,0.00491932,0.00491932,0.00491932
1285,7821.25,1.26731,1.03417,1.16138,0.86865,0.64724,0.73953,0.49629,1.42791,1.29801,1.32409,0.00491536,0.00491536,0.00491536
1286,7825.94,1.23589,1.00092,1.1321,0.86834,0.64548,0.73959,0.49666,1.42771,1.29789,1.32395,0.0049114,0.0049114,0.0049114
1287,7832.52,1.25965,1.03116,1.15474,0.87073,0.64255,0.73984,0.49741,1.42756,1.29755,1.3238,0.00490744,0.00490744,0.00490744
1288,7842.17,1.22565,0.99027,1.12894,0.87139,0.64255,0.73981,0.49758,1.42721,1.29759,1.32368,0.00490348,0.00490348,0.00490348
1289,7850.58,1.24861,0.98788,1.13791,0.87055,0.64386,0.73967,0.49782,1.42701,1.29756,1.32364,0.00489952,0.00489952,0.00489952
1290,7855.81,1.26915,1.02522,1.15848,0.87062,0.64428,0.73966,0.49814,1.42673,1.29712,1.32343,0.00489556,0.00489556,0.00489556
1291,7860.9,1.23844,1.01697,1.13891,0.86613,0.64697,0.73985,0.49837,1.42666,1.29714,1.32329,0.0048916,0.0048916,0.0048916
1292,7866.05,1.2341,0.98067,1.13057,0.8702,0.6419,0.74036,0.4987,1.42636,1.29716,1.32325,0.00488764,0.00488764,0.00488764
1293,7871.19,1.21271,0.99142,1.12766,0.8663,0.64894,0.74004,0.49871,1.42653,1.29695,1.32347,0.00488368,0.00488368,0.00488368
1294,7875.75,1.2538,1.01809,1.14752,0.86612,0.64894,0.74025,0.49862,1.42623,1.29686,1.32331,0.00487972,0.00487972,0.00487972
1295,7880.37,1.2349,0.98988,1.13338,0.86635,0.64822,0.74028,0.49843,1.42591,1.29689,1.32319,0.00487576,0.00487576,0.00487576
1296,7885.83,1.25893,1.03178,1.14797,0.86645,0.64877,0.74069,0.49847,1.42559,1.29669,1.323,0.0048718,0.0048718,0.0048718
1297,7894.13,1.25715,1.01301,1.15069,0.86644,0.6487,0.7404,0.49854,1.42551,1.29715,1.32281,0.00486784,0.00486784,0.00486784
1298,7902.81,1.25159,0.99836,1.13474,0.86643,0.64866,0.74066,0.49816,1.42532,1.2972,1.32257,0.00486388,0.00486388,0.00486388
1299,7908.26,1.252,1.02533,1.14486,0.86757,0.64894,0.7407,0.49859,1.42511,1.29756,1.32254,0.00485992,0.00485992,0.00485992
1300,7912.86,1.24603,1.01273,1.13624,0.86854,0.64662,0.74148,0.49847,1.42463,1.2975,1.32235,0.00485596,0.00485596,0.00485596
1301,7917.55,1.23591,0.994,1.12974,0.86847,0.64623,0.74072,0.49828,1.42437,1.29722,1.32202,0.004852,0.004852,0.004852
1302,7922.29,1.24207,0.9975,1.14506,0.87105,0.64675,0.74104,0.4987,1.4241,1.29732,1.32188,0.00484804,0.00484804,0.00484804
1303,7927.32,1.22871,0.99644,1.13483,0.86823,0.64468,0.74167,0.49837,1.4238,1.29734,1.32173,0.00484408,0.00484408,0.00484408
1304,7932.05,1.21666,0.98338,1.13832,0.86797,0.64468,0.74154,0.49812,1.42339,1.2978,1.32173,0.00484012,0.00484012,0.00484012
1305,7936.96,1.25274,1.00249,1.14641,0.8683,0.64468,0.7418,0.49855,1.42315,1.29759,1.32155,0.00483616,0.00483616,0.00483616
1306,7943.55,1.2466,0.99291,1.13401,0.86581,0.6452,0.74181,0.49827,1.42268,1.29766,1.32157,0.0048322,0.0048322,0.0048322
1307,7952.06,1.22339,0.977,1.12608,0.86617,0.64468,0.74212,0.49858,1.42244,1.29757,1.32137,0.00482824,0.00482824,0.00482824
1308,7959.72,1.21946,0.97727,1.13054,0.86762,0.64468,0.74225,0.49879,1.4218,1.2979,1.32111,0.00482428,0.00482428,0.00482428
1309,7964.93,1.24896,1.00784,1.14482,0.86576,0.64492,0.74259,0.49833,1.42135,1.29741,1.32087,0.00482032,0.00482032,0.00482032
1310,7969.62,1.23671,1.00099,1.14291,0.86588,0.64562,0.74263,0.49837,1.42111,1.29772,1.3206,0.00481636,0.00481636,0.00481636
1311,7974.35,1.23409,0.97772,1.13185,0.8663,0.64793,0.74281,0.49838,1.42062,1.29742,1.32032,0.0048124,0.0048124,0.0048124
1312,7979.03,1.20685,0.9948,1.12712,0.86597,0.64612,0.74311,0.49905,1.42036,1.29769,1.32004,0.00480844,0.00480844,0.00480844
1313,7984.35,1.2259,0.97828,1.13227,0.86468,0.64681,0.74291,0.49881,1.41997,1.29731,1.31979,0.00480448,0.00480448,0.00480448
1314,7989.15,1.23739,1.02527,1.14138,0.86482,0.64681,0.74293,0.49923,1.41935,1.29751,1.3194,0.00480052,0.00480052,0.00480052
1315,7994.23,1.24823,1.0163,1.13872,0.86339,0.64681,0.7432,0.49892,1.4194,1.29753,1.31947,0.00479656,0.00479656,0.00479656
1316,8002.02,1.2467,1.00511,1.14391,0.86175,0.64681,0.74334,0.49979,1.41881,1.29721,1.31922,0.0047926,0.0047926,0.0047926
1317,8011.12,1.22677,0.99392,1.13755,0.86128,0.64681,0.74338,0.50036,1.41842,1.29684,1.31899,0.00478864,0.00478864,0.00478864
1318,8018.48,1.19558,0.96597,1.12864,0.8828,0.64043,0.74334,0.50036,1.4182,1.29657,1.31885,0.00478468,0.00478468,0.00478468
1319,8023.49,1.24551,1.00696,1.14342,0.88258,0.64043,0.74333,0.50074,1.41769,1.29633,1.31853,0.00478072,0.00478072,0.00478072
1320,8028.49,1.20746,0.96566,1.12329,0.88106,0.64043,0.74279,0.50089,1.41718,1.29579,1.31828,0.00477676,0.00477676,0.00477676
1321,8033.5,1.21114,0.96702,1.12516,0.8802,0.64043,0.74269,0.50184,1.41704,1.29577,1.31806,0.0047728,0.0047728,0.0047728
1322,8038.38,1.2196,0.9918,1.13014,0.88016,0.64071,0.74278,0.50186,1.41664,1.29577,1.31784,0.00476884,0.00476884,0.00476884
1323,8043.51,1.24094,0.99249,1.13371,0.88024,0.64118,0.74321,0.50189,1.41647,1.29565,1.31774,0.00476488,0.00476488,0.00476488
1324,8048.53,1.2228,0.97385,1.12098,0.8802,0.64095,0.7435,0.50115,1.41641,1.29562,1.31768,0.00476092,0.00476092,0.00476092
1325,8055.44,1.22988,1.00012,1.13799,0.88019,0.64089,0.74329,0.5016,1.41592,1.29532,1.31749,0.00475696,0.00475696,0.00475696
1326,8064.03,1.22398,0.98757,1.12145,0.88033,0.64043,0.7434,0.50203,1.4156,1.29553,1.31728,0.004753,0.004753,0.004753
1327,8072.73,1.21839,0.96261,1.12752,0.88015,0.64061,0.74362,0.5018,1.41524,1.2955,1.31695,0.00474904,0.00474904,0.00474904
1328,8077.42,1.24837,1.00801,1.1363,0.88026,0.64043,0.74363,0.50194,1.41503,1.29464,1.31689,0.00474508,0.00474508,0.00474508
1329,8082.09,1.25239,0.99908,1.13341,0.88274,0.64071,0.74392,0.50195,1.41481,1.29478,1.31661,0.00474112,0.00474112,0.00474112
1330,8086.73,1.24403,0.98676,1.13412,0.8929,0.63861,0.74383,0.50201,1.41437,1.2946,1.31654,0.00473716,0.00473716,0.00473716
1331,8091.78,1.21775,0.96437,1.12211,0.893,0.64043,0.74378,0.50199,1.41405,1.29435,1.31638,0.0047332,0.0047332,0.0047332
1332,8096.71,1.23719,1.00294,1.13834,0.89303,0.63948,0.74384,0.50214,1.41379,1.29407,1.31622,0.00472924,0.00472924,0.00472924
1333,8101.75,1.23655,0.99132,1.13162,0.89313,0.64012,0.74388,0.50259,1.41342,1.29432,1.31583,0.00472528,0.00472528,0.00472528
1334,8108.05,1.20835,0.97472,1.11438,0.90025,0.63404,0.74396,0.50294,1.41322,1.29379,1.31599,0.00472132,0.00472132,0.00472132
1335,8117.41,1.21706,0.97854,1.12345,0.89971,0.63404,0.74404,0.50345,1.41288,1.29361,1.3161,0.00471736,0.00471736,0.00471736
1336,8126.18,1.23143,0.99273,1.13146,0.90023,0.63351,0.74417,0.50374,1.41244,1.29338,1.31566,0.0047134,0.0047134,0.0047134
1337,8131.19,1.21159,0.97287,1.12506,0.90026,0.63377,0.74437,0.50384,1.41197,1.29259,1.31573,0.00470944,0.00470944,0.00470944
1338,8136.18,1.23769,1.00185,1.13574,0.89859,0.63404,0.74461,0.5038,1.41164,1.29224,1.31549,0.00470548,0.00470548,0.00470548
1339,8140.89,1.25054,1.00466,1.1344,0.90054,0.63404,0.74445,0.50367,1.41138,1.29231,1.31534,0.00470152,0.00470152,0.00470152
1340,8145.63,1.22481,1.00107,1.13174,0.90223,0.63404,0.74471,0.50428,1.41115,1.29203,1.3151,0.00469756,0.00469756,0.00469756
1341,8150.63,1.20881,0.97316,1.11624,0.90078,0.63404,0.74482,0.50431,1.41084,1.29166,1.31487,0.0046936,0.0046936,0.0046936
1342,8155.65,1.22799,0.99004,1.13584,0.9026,0.63404,0.74496,0.50401,1.41058,1.29163,1.31476,0.00468964,0.00468964,0.00468964
1343,8160.52,1.21774,0.97272,1.1231,0.90302,0.63399,0.74515,0.50434,1.41009,1.29105,1.31444,0.00468568,0.00468568,0.00468568
1344,8169.03,1.21302,0.97402,1.12853,0.90294,0.63341,0.74508,0.50429,1.40975,1.29071,1.31426,0.00468172,0.00468172,0.00468172
1345,8177.82,1.22642,0.98054,1.12657,0.90296,0.63351,0.74522,0.50435,1.40914,1.29039,1.31388,0.00467776,0.00467776,0.00467776
1346,8184.94,1.205,0.95995,1.13044,0.90294,0.63341,0.74631,0.50483,1.40886,1.28982,1.31371,0.0046738,0.0046738,0.0046738
1347,8189.93,1.2098,0.95658,1.11701,0.9029,0.63312,0.74645,0.50435,1.4088,1.28902,1.31363,0.00466984,0.00466984,0.00466984
1348,8194.49,1.18116,0.95048,1.10842,0.90289,0.63301,0.74644,0.50448,1.40865,1.28917,1.3137,0.00466588,0.00466588,0.00466588
1349,8199.16,1.22038,0.97867,1.1255,0.90288,0.63295,0.74549,0.50413,1.40823,1.28883,1.31338,0.00466192,0.00466192,0.00466192
1350,8203.89,1.22572,0.99231,1.12723,0.90017,0.63404,0.74549,0.50421,1.40765,1.28875,1.31319,0.00465796,0.00465796,0.00465796
1351,8208.54,1.20736,0.96048,1.11895,0.90033,0.63404,0.74651,0.50486,1.40715,1.28909,1.31254,0.004654,0.004654,0.004654
1352,8213.78,1.22266,0.96734,1.12794,0.89881,0.63404,0.74651,0.50468,1.40684,1.28858,1.31231,0.00465004,0.00465004,0.00465004
1353,8221.06,1.20836,0.96267,1.12698,0.9028,0.6324,0.74651,0.50556,1.40662,1.28798,1.31203,0.00464608,0.00464608,0.00464608
1354,8231.58,1.23006,0.98621,1.1346,0.90282,0.63191,0.74644,0.50514,1.40585,1.28757,1.31158,0.00464212,0.00464212,0.00464212
1355,8240.46,1.22709,0.97803,1.13309,0.90297,0.63357,0.74552,0.50553,1.40552,1.28717,1.31133,0.00463816,0.00463816,0.00463816
1356,8245.64,1.23734,0.99738,1.1345,0.89999,0.63404,0.74665,0.50554,1.40532,1.28685,1.31126,0.0046342,0.0046342,0.0046342
1357,8250.98,1.17664,0.94307,1.10877,0.89774,0.63404,0.74575,0.50552,1.40494,1.28645,1.31124,0.00463024,0.00463024,0.00463024
1358,8255.77,1.26036,1.01315,1.13815,0.89774,0.63404,0.74563,0.50581,1.40446,1.28597,1.31083,0.00462628,0.00462628,0.00462628
1359,8260.86,1.21061,0.95609,1.1106,0.9049,0.63191,0.7456,0.50647,1.404,1.28547,1.3105,0.00462232,0.00462232,0.00462232
1360,8266.06,1.21026,0.96074,1.12826,0.90497,0.63191,0.74561,0.50661,1.40369,1.28543,1.31029,0.00461836,0.00461836,0.00461836
1361,8271.41,1.21877,0.96834,1.12303,0.9055,0.63191,0.74581,0.50697,1.4033,1.28511,1.31002,0.0046144,0.0046144,0.0046144
1362,8277.52,1.20899,0.96946,1.11397,0.90556,0.63191,0.74581,0.50724,1.40309,1.28496,1.30987,0.00461044,0.00461044,0.00461044
1363,8286.65,1.203,0.95977,1.11991,0.90463,0.63191,0.74576,0.50785,1.4025,1.28476,1.30976,0.00460648,0.00460648,0.00460648
1364,8295.87,1.18231,0.96374,1.11461,0.89495,0.63443,0.74574,0.50695,1.40207,1.28456,1.30951,0.00460252,0.00460252,0.00460252
1365,8303.78,1.21412,0.96199,1.12828,0.89493,0.63426,0.74669,0.50711,1.40179,1.28434,1.3093,0.00459856,0.00459856,0.00459856
1366,8308.76,1.2353,1.00508,1.1339,0.89492,0.63423,0.74675,0.50793,1.40124,1.284,1.30897,0.0045946,0.0045946,0.0045946
1367,8313.84,1.20677,0.95345,1.11384,0.89869,0.63404,0.74697,0.50729,1.40104,1.28364,1.30877,0.00459064,0.00459064,0.00459064
1368,8318.59,1.21558,0.97545,1.12061,0.89806,0.63404,0.74741,0.50772,1.40076,1.2834,1.30851,0.00458668,0.00458668,0.00458668
1369,8323.35,1.19491,0.95993,1.12523,0.89867,0.63404,0.74859,0.50768,1.40015,1.28293,1.30798,0.00458272,0.00458272,0.00458272
1370,8328.1,1.24523,1.00258,1.13655,0.89933,0.63404,0.74767,0.50679,1.39996,1.28264,1.30783,0.00457876,0.00457876,0.00457876
1371,8332.85,1.18846,0.96824,1.11843,0.89532,0.63693,0.74769,0.50716,1.3997,1.28255,1.3076,0.0045748,0.0045748,0.0045748
1372,8337.65,1.2192,0.97469,1.1252,0.89531,0.63685,0.74838,0.50747,1.3992,1.28189,1.30752,0.00457084,0.00457084,0.00457084
1373,8344.92,1.20315,0.96078,1.12076,0.89527,0.63657,0.74799,0.50749,1.39909,1.28121,1.30728,0.00456688,0.00456688,0.00456688
1374,8353.28,1.21711,0.97598,1.1233,0.89529,0.63671,0.74867,0.50756,1.39867,1.28079,1.3069,0.00456292,0.00456292,0.00456292
1375,8362.05,1.21433,0.98179,1.11696,0.89636,0.63617,0.7481,0.50721,1.3982,1.28039,1.30655,0.00455896,0.00455896,0.00455896
1376,8368.85,1.22304,0.95882,1.123,0.89632,0.63617,0.74805,0.50749,1.39798,1.2803,1.30634,0.004555,0.004555,0.004555
1377,8373.75,1.21276,0.96806,1.12362,0.89708,0.63617,0.74814,0.50726,1.39744,1.28015,1.30609,0.00455104,0.00455104,0.00455104
1378,8378.6,1.19794,0.96148,1.12129,0.89842,0.63617,0.74826,0.50763,1.3969,1.28003,1.30582,0.00454708,0.00454708,0.00454708
1379,8383.46,1.1969,0.95245,1.11017,0.90246,0.63617,0.74889,0.5081,1.39663,1.27993,1.30556,0.00454312,0.00454312,0.00454312
1380,8388.6,1.20107,0.95173,1.12198,0.89935,0.63617,0.74856,0.50767,1.39652,1.28002,1.30553,0.00453916,0.00453916,0.00453916
1381,8393.29,1.21028,0.97476,1.12198,0.89901,0.63617,0.74872,0.5077,1.39601,1.28012,1.30532,0.0045352,0.0045352,0.0045352
1382,8398.14,1.20615,0.95725,1.11484,0.89661,0.63617,0.74865,0.50791,1.39594,1.27998,1.30521,0.00453124,0.00453124,0.00453124
1383,8403.7,1.23365,0.99086,1.1301,0.9022,0.63617,0.74934,0.50849,1.39561,1.27958,1.30484,0.00452728,0.00452728,0.00452728
1384,8412.72,1.20428,0.95182,1.1226,0.89933,0.63617,0.74899,0.50809,1.3955,1.27995,1.30476,0.00452332,0.00452332,0.00452332
1385,8421.19,1.20373,0.96892,1.11349,0.89927,0.63617,0.74906,0.50824,1.39508,1.27981,1.3045,0.00451936,0.00451936,0.00451936
1386,8429.49,1.19731,0.95985,1.11435,0.89881,0.63617,0.74919,0.50785,1.39492,1.27984,1.30449,0.0045154,0.0045154,0.0045154
1387,8434.75,1.20608,0.9524,1.11459,0.89996,0.63617,0.74914,0.50835,1.3945,1.27962,1.30421,0.00451144,0.00451144,0.00451144
1388,8439.47,1.19627,0.93634,1.10805,0.89968,0.63617,0.74955,0.50804,1.39418,1.27939,1.3041,0.00450748,0.00450748,0.00450748
1389,8444.25,1.20002,0.97224,1.11968,0.8997,0.63617,0.74936,0.50858,1.39385,1.27929,1.30392,0.00450352,0.00450352,0.00450352
1390,8449.35,1.21109,0.96217,1.12957,0.89972,0.63617,0.75014,0.50917,1.39363,1.27922,1.30377,0.00449956,0.00449956,0.00449956
1391,8454.62,1.19574,0.96919,1.12215,0.8988,0.63617,0.75021,0.50889,1.39317,1.2794,1.30377,0.0044956,0.0044956,0.0044956
1392,8459.38,1.19453,0.95582,1.11809,0.90174,0.63617,0.75071,0.50924,1.39295,1.27944,1.30367,0.00449164,0.00449164,0.00449164
1393,8465.33,1.21008,0.96494,1.11444,0.90081,0.63763,0.75037,0.5092,1.39265,1.27939,1.3035,0.00448768,0.00448768,0.00448768
1394,8473.84,1.18407,0.95156,1.10615,0.9008,0.63757,0.75053,0.50909,1.3926,1.2796,1.30337,0.00448372,0.00448372,0.00448372
1395,8481.98,1.20207,0.95395,1.11751,0.90353,0.6377,0.75109,0.50895,1.39188,1.27969,1.30308,0.00447976,0.00447976,0.00447976
1396,8490.28,1.20773,0.9706,1.13114,0.90081,0.63765,0.75065,0.50902,1.39186,1.27973,1.30294,0.0044758,0.0044758,0.0044758
1397,8495.54,1.19792,0.95557,1.12036,0.90084,0.63787,0.75094,0.50893,1.39129,1.27948,1.3026,0.00447184,0.00447184,0.00447184
1398,8500.35,1.20655,0.96593,1.11839,0.90354,0.63779,0.75122,0.5092,1.39099,1.27914,1.30238,0.00446788,0.00446788,0.00446788
1399,8505.49,1.17839,0.94609,1.10815,0.90355,0.63784,0.75126,0.50923,1.39061,1.27896,1.30229,0.00446392,0.00446392,0.00446392
1400,8510.56,1.21616,0.9657,1.11519,0.90358,0.63806,0.75141,0.50957,1.39033,1.27893,1.30209,0.00445996,0.00445996,0.00445996
1401,8515.72,1.18222,0.96016,1.11009,0.90268,0.6383,0.75143,0.50946,1.39029,1.27898,1.30213,0.004456,0.004456,0.004456
1402,8520.42,1.18582,0.94845,1.10878,0.9036,0.63822,0.75146,0.5094,1.38992,1.27854,1.3019,0.00445204,0.00445204,0.00445204
1403,8525.65,1.19033,0.9522,1.11565,0.90367,0.63871,0.75164,0.50956,1.38953,1.27811,1.30181,0.00444808,0.00444808,0.00444808
1404,8534.52,1.17982,0.93003,1.10451,0.90368,0.63879,0.75268,0.50966,1.3893,1.27804,1.30161,0.00444412,0.00444412,0.00444412
1405,8544.05,1.16951,0.938,1.10727,0.90104,0.63927,0.75234,0.5096,1.38893,1.27803,1.30144,0.00444016,0.00444016,0.00444016
1406,8552.38,1.21059,0.97526,1.12026,0.90094,0.63859,0.75212,0.50963,1.38854,1.27779,1.3012,0.0044362,0.0044362,0.0044362
1407,8557.51,1.18664,0.96918,1.10969,0.9011,0.63971,0.75248,0.51025,1.38808,1.27728,1.30099,0.00443224,0.00443224,0.00443224
1408,8562.63,1.20416,0.969,1.11667,0.90107,0.63952,0.75249,0.51026,1.38762,1.2769,1.30077,0.00442828,0.00442828,0.00442828
1409,8567.75,1.18656,0.9577,1.10852,0.90105,0.63935,0.75257,0.51031,1.38708,1.27664,1.30049,0.00442432,0.00442432,0.00442432
1410,8573.07,1.19728,0.95389,1.11279,0.90109,0.63965,0.75243,0.51109,1.38682,1.27642,1.30027,0.00442036,0.00442036,0.00442036
1411,8578.19,1.19167,0.96335,1.11682,0.90107,0.63953,0.75249,0.51076,1.38662,1.27621,1.30013,0.0044164,0.0044164,0.0044164
1412,8582.9,1.18249,0.93496,1.10345,0.90376,0.63938,0.75296,0.51076,1.38616,1.27597,1.30007,0.00441244,0.00441244,0.00441244
1413,8587.65,1.1893,0.95647,1.11306,0.90105,0.63934,0.75263,0.51101,1.38583,1.2755,1.29978,0.00440848,0.00440848,0.00440848
1414,8595.23,1.18207,0.92913,1.104,0.89339,0.64468,0.75268,0.51071,1.38554,1.27536,1.29964,0.00440452,0.00440452,0.00440452
1415,8603.76,1.19684,0.96387,1.10882,0.89944,0.6383,0.75277,0.51165,1.38537,1.27549,1.29959,0.00440056,0.00440056,0.00440056
1416,8613.3,1.20313,0.96557,1.11025,0.8974,0.64468,0.75273,0.51181,1.38495,1.2756,1.29935,0.0043966,0.0043966,0.0043966
1417,8620.1,1.1744,0.93858,1.10586,0.9002,0.6383,0.75285,0.51202,1.38452,1.2753,1.2991,0.00439264,0.00439264,0.00439264
1418,8625.16,1.19916,0.96174,1.10838,0.8972,0.6383,0.75212,0.51107,1.38432,1.27517,1.29897,0.00438868,0.00438868,0.00438868
1419,8629.85,1.16812,0.92966,1.10475,0.89409,0.64468,0.75241,0.51122,1.38436,1.27526,1.29865,0.00438472,0.00438472,0.00438472
1420,8634.61,1.17773,0.93214,1.10974,0.89665,0.64605,0.7524,0.51105,1.38366,1.27528,1.29861,0.00438076,0.00438076,0.00438076
1421,8639.36,1.18401,0.93329,1.10485,0.88817,0.64681,0.75274,0.51103,1.38392,1.27496,1.29886,0.0043768,0.0043768,0.0043768
1422,8644.27,1.18274,0.9481,1.10935,0.89541,0.64681,0.75263,0.51103,1.38351,1.27468,1.29855,0.00437284,0.00437284,0.00437284
1423,8649.06,1.18011,0.94481,1.10552,0.88982,0.64681,0.75288,0.51091,1.38304,1.27456,1.29845,0.00436888,0.00436888,0.00436888
1424,8655.37,1.19911,0.9471,1.12196,0.89187,0.64681,0.75322,0.51142,1.38289,1.27448,1.29808,0.00436492,0.00436492,0.00436492
1425,8663.88,1.20035,0.96825,1.11828,0.89004,0.64681,0.75298,0.51124,1.38237,1.27441,1.29769,0.00436096,0.00436096,0.00436096
1426,8672.61,1.17248,0.94718,1.10006,0.89567,0.64681,0.75314,0.51154,1.38196,1.27413,1.29742,0.004357,0.004357,0.004357
1427,8680.59,1.168,0.9319,1.09735,0.88749,0.64681,0.75354,0.51147,1.38179,1.27393,1.2975,0.00435304,0.00435304,0.00435304
1428,8685.33,1.19137,0.94953,1.1145,0.88829,0.64681,0.75344,0.51215,1.38155,1.2735,1.29705,0.00434908,0.00434908,0.00434908
1429,8690.6,1.19593,0.96438,1.11187,0.88852,0.64681,0.75361,0.51198,1.38105,1.2735,1.29699,0.00434512,0.00434512,0.00434512
1430,8695.35,1.17218,0.94094,1.11074,0.88872,0.64681,0.75369,0.51206,1.38063,1.2734,1.29687,0.00434116,0.00434116,0.00434116
1431,8700.11,1.19388,0.94356,1.11503,0.89127,0.64681,0.75393,0.51156,1.38039,1.27364,1.29668,0.0043372,0.0043372,0.0043372
1432,8704.73,1.18406,0.93307,1.11094,0.89263,0.64681,0.75393,0.51133,1.37988,1.27387,1.29647,0.00433324,0.00433324,0.00433324
1433,8709.4,1.20486,0.96919,1.11828,0.89272,0.64681,0.75413,0.51173,1.37989,1.27331,1.2965,0.00432928,0.00432928,0.00432928
1434,8715.1,1.17817,0.94003,1.10316,0.89343,0.64681,0.75435,0.51249,1.3795,1.27326,1.29609,0.00432532,0.00432532,0.00432532
1435,8724.33,1.17817,0.93766,1.11565,0.89373,0.64681,0.75413,0.51235,1.37937,1.27345,1.29622,0.00432136,0.00432136,0.00432136
1436,8733.1,1.1872,0.93528,1.11279,0.89073,0.64681,0.75418,0.51287,1.37927,1.27338,1.29606,0.0043174,0.0043174,0.0043174
1437,8742.05,1.15427,0.91117,1.0972,0.89175,0.64681,0.75442,0.51252,1.37903,1.27295,1.29576,0.00431344,0.00431344,0.00431344
1438,8748.75,1.17784,0.92943,1.10659,0.89304,0.64681,0.75444,0.51257,1.3787,1.273,1.29559,0.00430948,0.00430948,0.00430948
1439,8757.31,1.15988,0.92525,1.10201,0.89267,0.64681,0.75458,0.51268,1.37842,1.27321,1.29562,0.00430552,0.00430552,0.00430552
1440,8765.88,1.18542,0.94588,1.10281,0.89101,0.64681,0.75449,0.51238,1.3781,1.27297,1.29529,0.00430156,0.00430156,0.00430156
1441,8773.51,1.20155,0.96602,1.11464,0.8902,0.64681,0.75461,0.51306,1.37767,1.27254,1.29504,0.0042976,0.0042976,0.0042976
1442,8778.48,1.16602,0.93205,1.1046,0.88897,0.64681,0.75465,0.51365,1.37733,1.27236,1.29488,0.00429364,0.00429364,0.00429364
1443,8783.71,1.18598,0.94902,1.10678,0.88752,0.64681,0.75478,0.514,1.37701,1.27226,1.29465,0.00428968,0.00428968,0.00428968
1444,8788.85,1.20066,0.96697,1.1209,0.89048,0.64681,0.75501,0.51461,1.37679,1.27241,1.29451,0.00428572,0.00428572,0.00428572
1445,8793.87,1.17539,0.95069,1.11374,0.88665,0.64681,0.75481,0.51434,1.37663,1.27251,1.29437,0.00428176,0.00428176,0.00428176
1446,8798.67,1.14142,0.90662,1.09779,0.88964,0.64894,0.75565,0.51456,1.37605,1.27203,1.29409,0.0042778,0.0042778,0.0042778
1447,8803.89,1.1709,0.93236,1.11157,0.89225,0.64894,0.75612,0.51545,1.37578,1.27191,1.2939,0.00427384,0.00427384,0.00427384
1448,8811.2,1.1908,0.93289,1.10955,0.89231,0.64894,0.75597,0.51554,1.37541,1.27155,1.29372,0.00426988,0.00426988,0.00426988
1449,8820.72,1.18762,0.9488,1.10435,0.89208,0.64894,0.75625,0.5155,1.37513,1.27124,1.29345,0.00426592,0.00426592,0.00426592
1450,8829.6,1.18306,0.93113,1.10316,0.89687,0.64759,0.75604,0.51592,1.37484,1.27115,1.29334,0.00426196,0.00426196,0.00426196
1451,8836.94,1.17926,0.93982,1.11101,0.89479,0.64681,0.75623,0.51567,1.37462,1.27078,1.2932,0.004258,0.004258,0.004258
1452,8841.71,1.1899,0.93399,1.10998,0.89689,0.64776,0.75637,0.51577,1.37435,1.27073,1.29309,0.00425404,0.00425404,0.00425404
1453,8846.4,1.14611,0.89976,1.10045,0.89689,0.64778,0.75711,0.51571,1.37406,1.27059,1.29291,0.00425008,0.00425008,0.00425008
1454,8851.17,1.17065,0.93382,1.10288,0.89684,0.64739,0.75723,0.51606,1.37347,1.27041,1.29274,0.00424612,0.00424612,0.00424612
1455,8856.37,1.17254,0.91582,1.10128,0.89682,0.64725,0.75735,0.51644,1.37307,1.27034,1.29252,0.00424216,0.00424216,0.00424216
1456,8861.7,1.15977,0.9246,1.10573,0.8977,0.64681,0.75757,0.51656,1.37277,1.27023,1.29231,0.0042382,0.0042382,0.0042382
1457,8867.01,1.17653,0.93242,1.11142,0.89786,0.64681,0.75753,0.5164,1.37252,1.27001,1.2922,0.00423424,0.00423424,0.00423424
1458,8873.86,1.1922,0.93692,1.10854,0.89676,0.64681,0.75777,0.51628,1.37236,1.27002,1.29193,0.00423028,0.00423028,0.00423028
1459,8882.34,1.16604,0.93508,1.10044,0.89938,0.64663,0.7583,0.51715,1.37189,1.26972,1.29164,0.00422632,0.00422632,0.00422632
1460,8891.74,1.16157,0.92955,1.10614,0.89677,0.64694,0.75834,0.51749,1.37182,1.26991,1.29164,0.00422236,0.00422236,0.00422236
1461,8899.22,1.15333,0.92595,1.09345,0.89662,0.64589,0.75834,0.51809,1.37141,1.2696,1.29154,0.0042184,0.0042184,0.0042184
1462,8904.36,1.17862,0.9321,1.10756,0.89395,0.64566,0.75813,0.51802,1.37134,1.26982,1.29143,0.00421444,0.00421444,0.00421444
1463,8909.23,1.18488,0.93945,1.11191,0.89747,0.64468,0.75852,0.51851,1.37082,1.26923,1.29101,0.00421048,0.00421048,0.00421048
1464,8914.37,1.17865,0.93303,1.11571,0.89665,0.64608,0.75853,0.5191,1.37052,1.26944,1.29112,0.00420652,0.00420652,0.00420652
1465,8919.64,1.1493,0.91296,1.09581,0.89894,0.64468,0.75882,0.51924,1.37035,1.26966,1.29099,0.00420256,0.00420256,0.00420256
1466,8924.79,1.19498,0.94696,1.1025,0.89931,0.64607,0.75887,0.51923,1.37007,1.26989,1.29082,0.0041986,0.0041986,0.0041986
1467,8929.57,1.1538,0.92841,1.09888,0.89932,0.6462,0.75887,0.5199,1.36977,1.2698,1.29075,0.00419464,0.00419464,0.00419464
1468,8936.95,1.16494,0.92434,1.09527,0.89887,0.64681,0.75907,0.5195,1.36939,1.26955,1.29051,0.00419068,0.00419068,0.00419068
1469,8945.98,1.15251,0.91016,1.10188,0.90114,0.64681,0.75901,0.5193,1.36903,1.26963,1.29039,0.00418672,0.00418672,0.00418672
1470,8954.7,1.19006,0.95374,1.10716,0.8974,0.64681,0.75878,0.51938,1.36863,1.2694,1.29021,0.00418276,0.00418276,0.00418276
1471,8962.09,1.1586,0.91231,1.09675,0.90111,0.64681,0.75918,0.51953,1.36813,1.26911,1.29005,0.0041788,0.0041788,0.0041788
1472,8968.79,1.146,0.90629,1.09012,0.89862,0.64681,0.75878,0.51954,1.36782,1.26922,1.28995,0.00417484,0.00417484,0.00417484
1473,8977.17,1.16833,0.95054,1.1055,0.90144,0.64681,0.75916,0.51944,1.36765,1.26932,1.2898,0.00417088,0.00417088,0.00417088
1474,8985.41,1.1297,0.88721,1.0847,0.90259,0.64681,0.7592,0.51953,1.36722,1.26886,1.28956,0.00416692,0.00416692,0.00416692
1475,8992.91,1.15543,0.91052,1.09933,0.90254,0.64681,0.75928,0.51995,1.36653,1.26889,1.28944,0.00416296,0.00416296,0.00416296
1476,8998.58,1.13887,0.91359,1.09428,0.90351,0.64681,0.75927,0.52007,1.3661,1.26856,1.28878,0.004159,0.004159,0.004159
1477,9003.73,1.17699,0.91883,1.10077,0.90062,0.64681,0.75928,0.51972,1.36608,1.26872,1.28882,0.00415504,0.00415504,0.00415504
1478,9008.52,1.14085,0.90878,1.09183,0.90273,0.64681,0.75931,0.51976,1.36558,1.26837,1.28873,0.00415108,0.00415108,0.00415108
1479,9013.34,1.18714,0.94874,1.11437,0.90227,0.64681,0.75935,0.51983,1.36528,1.26843,1.2887,0.00414712,0.00414712,0.00414712
1480,9018.32,1.17862,0.91804,1.10457,0.89954,0.64681,0.75947,0.52013,1.36488,1.26847,1.28821,0.00414316,0.00414316,0.00414316
1481,9023.45,1.1848,0.9475,1.10125,0.89768,0.64681,0.75952,0.51982,1.36449,1.26846,1.28806,0.0041392,0.0041392,0.0041392
1482,9028.2,1.19021,0.9506,1.11576,0.89851,0.64681,0.75965,0.51984,1.36407,1.26847,1.28811,0.00413524,0.00413524,0.00413524
1483,9035.78,1.15614,0.92049,1.08992,0.89716,0.64968,0.75983,0.51955,1.36374,1.26845,1.28784,0.00413128,0.00413128,0.00413128
1484,9044.32,1.17696,0.92551,1.1019,0.89716,0.64968,0.76,0.52026,1.36342,1.2683,1.2877,0.00412732,0.00412732,0.00412732
1485,9053.72,1.18586,0.93661,1.11003,0.89724,0.65024,0.75997,0.52016,1.36348,1.26825,1.2876,0.00412336,0.00412336,0.00412336
1486,9060.23,1.16394,0.9166,1.09648,0.89725,0.65028,0.76002,0.51929,1.363,1.26893,1.28753,0.0041194,0.0041194,0.0041194
1487,9065.12,1.15877,0.91328,1.09349,0.89725,0.65031,0.76014,0.52046,1.36254,1.26847,1.28721,0.00411544,0.00411544,0.00411544
1488,9070.38,1.14557,0.90146,1.09683,0.89738,0.65117,0.76018,0.52017,1.36232,1.26859,1.28716,0.00411148,0.00411148,0.00411148
1489,9075.13,1.15303,0.90902,1.10685,0.89738,0.65119,0.76032,0.52044,1.36173,1.26813,1.2869,0.00410752,0.00410752,0.00410752
1490,9080.46,1.16693,0.91503,1.0973,0.90013,0.65198,0.76056,0.52082,1.36129,1.26803,1.28677,0.00410356,0.00410356,0.00410356
1491,9085.55,1.15552,0.92865,1.0971,0.90004,0.65138,0.76068,0.52101,1.36086,1.2677,1.28642,0.0040996,0.0040996,0.0040996
1492,9090.88,1.17805,0.92541,1.10428,0.90022,0.65106,0.76088,0.52062,1.36063,1.26833,1.28636,0.00409564,0.00409564,0.00409564
1493,9098.1,1.18046,0.93587,1.11903,0.90174,0.65106,0.76086,0.52039,1.36033,1.26806,1.28609,0.00409168,0.00409168,0.00409168
1494,9106.94,1.1661,0.92095,1.09867,0.89835,0.65106,0.76058,0.52006,1.35996,1.26807,1.28601,0.00408772,0.00408772,0.00408772
1495,9115.44,1.14376,0.90256,1.0954,0.89809,0.65106,0.76067,0.52039,1.35982,1.26761,1.28578,0.00408376,0.00408376,0.00408376
1496,9122.38,1.12102,0.89172,1.07656,0.89877,0.65106,0.76073,0.52042,1.35945,1.26752,1.28549,0.0040798,0.0040798,0.0040798
1497,9127.11,1.15958,0.92615,1.09622,0.89841,0.65106,0.76085,0.521,1.35911,1.26747,1.28519,0.00407584,0.00407584,0.00407584
1498,9132.24,1.16777,0.92391,1.1035,0.89822,0.65106,0.76099,0.52115,1.35896,1.26664,1.2854,0.00407188,0.00407188,0.00407188
1499,9137.41,1.1691,0.93625,1.09654,0.89836,0.65106,0.761,0.52107,1.35838,1.26668,1.28517,0.00406792,0.00406792,0.00406792
1500,9142.18,1.15319,0.92322,1.09628,0.89856,0.65106,0.76116,0.52145,1.35819,1.26638,1.28506,0.00406396,0.00406396,0.00406396
1501,9147.41,1.15561,0.92408,1.09868,0.89751,0.65106,0.76108,0.52155,1.3577,1.26617,1.28479,0.00406,0.00406,0.00406
1502,9152.45,1.16171,0.92454,1.0953,0.90003,0.65127,0.76108,0.52174,1.35749,1.26601,1.28458,0.00405604,0.00405604,0.00405604
1503,9158.44,1.1733,0.92107,1.09816,0.9001,0.65175,0.76109,0.52171,1.35709,1.26583,1.28433,0.00405208,0.00405208,0.00405208
1504,9166.23,1.13487,0.90074,1.08685,0.90009,0.6517,0.76111,0.52205,1.35678,1.26592,1.28415,0.00404812,0.00404812,0.00404812
1505,9175.52,1.1379,0.89901,1.08457,0.9001,0.65182,0.76151,0.52187,1.35657,1.26545,1.28391,0.00404416,0.00404416,0.00404416
1506,9184.06,1.15389,0.90669,1.09521,0.90012,0.65194,0.76143,0.52236,1.35589,1.26516,1.28354,0.0040402,0.0040402,0.0040402
1507,9189.73,1.15395,0.91623,1.0953,0.90016,0.65224,0.76157,0.52198,1.35553,1.2649,1.28327,0.00403624,0.00403624,0.00403624
1508,9195,1.14582,0.88647,1.08919,0.90017,0.65228,0.76173,0.52189,1.35526,1.26504,1.28324,0.00403228,0.00403228,0.00403228
1509,9199.73,1.16653,0.919,1.09947,0.90296,0.65335,0.76212,0.52208,1.3548,1.26464,1.28285,0.00402832,0.00402832,0.00402832
1510,9204.56,1.15724,0.92159,1.1007,0.90022,0.65265,0.76186,0.52216,1.35448,1.26441,1.28256,0.00402436,0.00402436,0.00402436
1511,9209.88,1.14977,0.91406,1.08987,0.90019,0.65243,0.76189,0.52221,1.35427,1.26413,1.28287,0.0040204,0.0040204,0.0040204
1512,9214.81,1.17426,0.92992,1.11044,0.90561,0.65106,0.76267,0.52241,1.35382,1.26407,1.28263,0.00401644,0.00401644,0.00401644
1513,9219.95,1.17337,0.94605,1.10961,0.90586,0.65106,0.76261,0.52247,1.35369,1.2635,1.2827,0.00401248,0.00401248,0.00401248
1514,9227.56,1.15811,0.92935,1.09292,0.9069,0.65106,0.76274,0.52243,1.35312,1.26351,1.28244,0.00400852,0.00400852,0.00400852
1515,9235.89,1.1579,0.91506,1.0996,0.90562,0.6533,0.76277,0.52216,1.35298,1.26314,1.28234,0.00400456,0.00400456,0.00400456
1516,9243.9,1.14259,0.89408,1.08818,0.90577,0.65448,0.7628,0.52273,1.35244,1.26303,1.28202,0.0040006,0.0040006,0.0040006
1517,9251.88,1.13975,0.8985,1.08974,0.90579,0.65458,0.76313,0.52246,1.35201,1.26318,1.28192,0.00399664,0.00399664,0.00399664
1518,9256.7,1.14373,0.91172,1.08894,0.90301,0.65532,0.76276,0.52292,1.35139,1.26268,1.28139,0.00399268,0.00399268,0.00399268
1519,9261.98,1.12491,0.89396,1.08687,0.90256,0.65532,0.76291,0.52211,1.35136,1.26251,1.28153,0.00398872,0.00398872,0.00398872
1520,9266.81,1.13925,0.8881,1.09222,0.90537,0.65143,0.76301,0.5232,1.3509,1.26268,1.28136,0.00398476,0.00398476,0.00398476
1521,9271.98,1.15542,0.92731,1.09488,0.9079,0.65021,0.76352,0.52292,1.35058,1.26254,1.28111,0.0039808,0.0039808,0.0039808
1522,9276.9,1.13177,0.89915,1.08319,0.90793,0.65044,0.76355,0.52332,1.35008,1.26233,1.28117,0.00397684,0.00397684,0.00397684
1523,9282.12,1.13363,0.90082,1.0845,0.90786,0.64986,0.76347,0.52312,1.34992,1.2629,1.28109,0.00397288,0.00397288,0.00397288
1524,9288,1.15711,0.91275,1.09685,0.9078,0.64945,0.76359,0.52327,1.34957,1.26221,1.28087,0.00396892,0.00396892,0.00396892
1525,9296.08,1.13962,0.90103,1.09052,0.90773,0.64886,0.76372,0.52338,1.34904,1.26247,1.2806,0.00396496,0.00396496,0.00396496
1526,9305.38,1.1386,0.90009,1.0932,0.905,0.64862,0.76334,0.5232,1.34881,1.2624,1.28045,0.003961,0.003961,0.003961
1527,9313.48,1.12717,0.89912,1.08846,0.90509,0.65532,0.76373,0.52354,1.34839,1.26228,1.28028,0.00395704,0.00395704,0.00395704
1528,9318.79,1.15366,0.91993,1.09163,0.90563,0.65342,0.76363,0.5233,1.34802,1.26231,1.28016,0.00395308,0.00395308,0.00395308
1529,9323.43,1.14037,0.89485,1.08433,0.90798,0.65078,0.76362,0.52325,1.34784,1.26239,1.28008,0.00394912,0.00394912,0.00394912
1530,9328.13,1.15126,0.91125,1.10062,0.90787,0.64994,0.76366,0.52332,1.34776,1.26236,1.27996,0.00394516,0.00394516,0.00394516
1531,9332.81,1.13575,0.8946,1.08781,0.90532,0.65099,0.76346,0.52336,1.34735,1.26254,1.27983,0.0039412,0.0039412,0.0039412
1532,9337.53,1.12724,0.8943,1.0821,0.908,0.651,0.76381,0.52356,1.34719,1.26256,1.27958,0.00393724,0.00393724,0.00393724
1533,9342.89,1.14061,0.89631,1.0898,0.90528,0.65075,0.76336,0.52336,1.34675,1.26205,1.27948,0.00393328,0.00393328,0.00393328
1534,9348.01,1.15032,0.91585,1.09315,0.90526,0.65058,0.7632,0.52314,1.34655,1.26215,1.27936,0.00392932,0.00392932,0.00392932
1535,9355.48,1.12522,0.90418,1.08476,0.90532,0.65099,0.76343,0.52345,1.34614,1.26204,1.27911,0.00392536,0.00392536,0.00392536
1536,9363.76,1.14269,0.9035,1.08913,0.90528,0.65072,0.76347,0.52407,1.34575,1.26201,1.27892,0.0039214,0.0039214,0.0039214
1537,9372.98,1.14644,0.90147,1.0828,0.90528,0.65072,0.76346,0.52419,1.34554,1.26227,1.27879,0.00391744,0.00391744,0.00391744
1538,9379.92,1.15247,0.91906,1.09789,0.90532,0.65099,0.76351,0.52411,1.34503,1.26216,1.27855,0.00391348,0.00391348,0.00391348
1539,9384.64,1.14754,0.90772,1.08997,0.90531,0.65093,0.76357,0.5244,1.34487,1.26217,1.27842,0.00390952,0.00390952,0.00390952
1540,9389.68,1.13685,0.90042,1.07941,0.90486,0.65106,0.76355,0.52431,1.34478,1.26234,1.27833,0.00390556,0.00390556,0.00390556
1541,9394.41,1.13237,0.89929,1.09372,0.90516,0.65106,0.76355,0.52447,1.34462,1.26206,1.27814,0.0039016,0.0039016,0.0039016
1542,9399.49,1.12812,0.88912,1.08428,0.90472,0.65106,0.76368,0.52525,1.34446,1.26223,1.27797,0.00389764,0.00389764,0.00389764
1543,9404.55,1.13271,0.8744,1.08162,0.90384,0.65106,0.76359,0.52518,1.34388,1.26211,1.27775,0.00389368,0.00389368,0.00389368
1544,9409.36,1.12167,0.89783,1.08545,0.90529,0.65106,0.76374,0.52481,1.3433,1.26215,1.27765,0.00388972,0.00388972,0.00388972
1545,9415.95,1.13558,0.88149,1.08673,0.90509,0.65106,0.76393,0.52526,1.34346,1.26221,1.2775,0.00388576,0.00388576,0.00388576
1546,9425.21,1.1676,0.91278,1.10634,0.90529,0.65082,0.76394,0.52452,1.34262,1.26216,1.27716,0.0038818,0.0038818,0.0038818
1547,9433.74,1.14588,0.9108,1.10314,0.90796,0.65064,0.7657,0.52441,1.34246,1.26181,1.27707,0.00387784,0.00387784,0.00387784
1548,9441.28,1.14358,0.8891,1.09072,0.90791,0.65025,0.7656,0.52467,1.34196,1.26192,1.27691,0.00387388,0.00387388,0.00387388
1549,9445.91,1.14358,0.90619,1.08653,0.9051,0.64932,0.76542,0.52414,1.34163,1.26171,1.27673,0.00386992,0.00386992,0.00386992
1550,9450.55,1.13351,0.88552,1.08811,0.90517,0.64989,0.76555,0.52462,1.34129,1.26192,1.27645,0.00386596,0.00386596,0.00386596
1551,9455.29,1.11772,0.88702,1.08812,0.90527,0.65066,0.76542,0.52463,1.34119,1.26194,1.2764,0.003862,0.003862,0.003862
1552,9460.11,1.16017,0.92765,1.09385,0.91074,0.65106,0.76773,0.52501,1.34106,1.26088,1.2763,0.00385804,0.00385804,0.00385804
1553,9465.52,1.15141,0.90486,1.09295,0.90812,0.65319,0.76747,0.52534,1.34029,1.26092,1.27598,0.00385408,0.00385408,0.00385408
1554,9470.72,1.13069,0.90705,1.08537,0.9091,0.65319,0.76739,0.52491,1.34036,1.26087,1.27592,0.00385012,0.00385012,0.00385012
1555,9475.98,1.14267,0.9089,1.08988,0.90857,0.65319,0.76744,0.52525,1.34028,1.2608,1.27582,0.00384616,0.00384616,0.00384616
1556,9483.5,1.14032,0.90542,1.08766,0.90836,0.65382,0.768,0.52575,1.33986,1.26099,1.27553,0.0038422,0.0038422,0.0038422
1557,9492.88,1.13281,0.89856,1.08173,0.90831,0.65339,0.76791,0.52564,1.33965,1.26101,1.2755,0.00383824,0.00383824,0.00383824
1558,9501.31,1.15412,0.91802,1.08691,0.90864,0.65319,0.76808,0.52535,1.33936,1.26061,1.27527,0.00383428,0.00383428,0.00383428
1559,9506.49,1.15548,0.91374,1.08989,0.9112,0.65499,0.76768,0.52547,1.33921,1.26039,1.27505,0.00383032,0.00383032,0.00383032
1560,9511.28,1.12567,0.88714,1.07336,0.91099,0.65532,0.76814,0.52534,1.33891,1.26042,1.27486,0.00382636,0.00382636,0.00382636
1561,9515.99,1.15835,0.91815,1.09076,0.91078,0.65532,0.76817,0.52536,1.33835,1.26029,1.27468,0.0038224,0.0038224,0.0038224
1562,9520.94,1.14707,0.89007,1.08421,0.91209,0.65532,0.76826,0.52546,1.33826,1.25956,1.27441,0.00381844,0.00381844,0.00381844
1563,9525.99,1.13473,0.90423,1.08354,0.90302,0.65532,0.7682,0.52609,1.33789,1.25982,1.27431,0.00381448,0.00381448,0.00381448
1564,9531.14,1.12694,0.90223,1.08293,0.90501,0.65532,0.76826,0.52589,1.33747,1.25952,1.27408,0.00381052,0.00381052,0.00381052
1565,9536.01,1.13773,0.89618,1.09016,0.90495,0.65532,0.76814,0.52553,1.3373,1.25955,1.27396,0.00380656,0.00380656,0.00380656
1566,9543.72,1.15018,0.91174,1.09248,0.90632,0.65532,0.76827,0.52636,1.33681,1.25928,1.27376,0.0038026,0.0038026,0.0038026
1567,9553.32,1.11496,0.87823,1.07956,0.90086,0.65532,0.76842,0.52605,1.33666,1.25905,1.27356,0.00379864,0.00379864,0.00379864
1568,9561.89,1.14771,0.90001,1.09394,0.90061,0.65532,0.76855,0.52649,1.33603,1.25875,1.27333,0.00379468,0.00379468,0.00379468
1569,9568.3,1.12143,0.88093,1.08238,0.90939,0.65532,0.76848,0.52672,1.33578,1.25861,1.27324,0.00379072,0.00379072,0.00379072
1570,9573.48,1.13752,0.8911,1.09511,0.90877,0.65532,0.76894,0.52587,1.33592,1.25854,1.27326,0.00378676,0.00378676,0.00378676
1571,9578.32,1.12461,0.894,1.08386,0.91215,0.65532,0.76896,0.5267,1.33557,1.25856,1.27309,0.0037828,0.0037828,0.0037828
1572,9583.47,1.12916,0.88982,1.07876,0.91219,0.65532,0.769,0.52673,1.33536,1.25834,1.27298,0.00377884,0.00377884,0.00377884
1573,9588.66,1.12665,0.88676,1.07994,0.91234,0.65532,0.7691,0.52683,1.33527,1.2583,1.27291,0.00377488,0.00377488,0.00377488
1574,9594.07,1.1326,0.90156,1.07264,0.91473,0.65532,0.76944,0.52679,1.33478,1.25821,1.27276,0.00377092,0.00377092,0.00377092
1575,9599.43,1.11784,0.87236,1.07896,0.91218,0.65532,0.76915,0.52641,1.33476,1.25833,1.2727,0.00376696,0.00376696,0.00376696
1576,9607.37,1.13944,0.90531,1.08297,0.91497,0.65532,0.76949,0.5271,1.3344,1.25833,1.27257,0.003763,0.003763,0.003763
1577,9616.31,1.12777,0.89388,1.09095,0.91476,0.65532,0.76965,0.52668,1.334,1.2581,1.27229,0.00375904,0.00375904,0.00375904
1578,9624.61,1.10538,0.87272,1.07264,0.9145,0.65532,0.76998,0.527,1.33374,1.25829,1.2722,0.00375508,0.00375508,0.00375508
1579,9630.4,1.10938,0.87542,1.07801,0.91453,0.65532,0.77,0.52682,1.33331,1.25763,1.27194,0.00375112,0.00375112,0.00375112
1580,9635.2,1.1173,0.86789,1.07814,0.91466,0.65532,0.77002,0.52717,1.33303,1.25747,1.27184,0.00374716,0.00374716,0.00374716
1581,9640.47,1.11015,0.87565,1.07324,0.91456,0.65532,0.77004,0.52741,1.33287,1.25733,1.2717,0.0037432,0.0037432,0.0037432
1582,9645.68,1.14483,0.88764,1.08493,0.91162,0.65532,0.76984,0.52722,1.33238,1.25737,1.27149,0.00373924,0.00373924,0.00373924
1583,9650.47,1.11429,0.89519,1.07897,0.91417,0.65532,0.77012,0.52734,1.33191,1.25713,1.27126,0.00373528,0.00373528,0.00373528
1584,9655.23,1.12269,0.87816,1.07163,0.91514,0.65532,0.77018,0.5275,1.33159,1.25717,1.27106,0.00373132,0.00373132,0.00373132
1585,9660.44,1.13589,0.89324,1.0875,0.91511,0.65532,0.77019,0.52745,1.33163,1.25693,1.27104,0.00372736,0.00372736,0.00372736
1586,9667.44,1.13734,0.90389,1.0813,0.91494,0.65532,0.77028,0.52761,1.33131,1.25661,1.27088,0.0037234,0.0037234,0.0037234
1587,9677.36,1.13858,0.90064,1.08469,0.91513,0.65532,0.7703,0.52789,1.33104,1.25637,1.2707,0.00371944,0.00371944,0.00371944
1588,9686.84,1.11513,0.87881,1.07292,0.91217,0.65532,0.77007,0.52742,1.33092,1.25568,1.27055,0.00371548,0.00371548,0.00371548
1589,9692.68,1.10094,0.8669,1.07159,0.91214,0.65532,0.77004,0.52738,1.33084,1.25556,1.27046,0.00371152,0.00371152,0.00371152
1590,9697.59,1.1104,0.88272,1.07806,0.91231,0.65532,0.77009,0.52754,1.33044,1.25541,1.27025,0.00370756,0.00370756,0.00370756
1591,9702.46,1.10091,0.85063,1.07147,0.91514,0.65532,0.77051,0.52803,1.32999,1.25562,1.27019,0.0037036,0.0037036,0.0037036
1592,9707.59,1.13158,0.88435,1.08687,0.91517,0.65532,0.77067,0.52822,1.32956,1.25495,1.26993,0.00369964,0.00369964,0.00369964
1593,9712.79,1.11349,0.86982,1.07686,0.91515,0.65532,0.77091,0.52822,1.32932,1.25511,1.26989,0.00369568,0.00369568,0.00369568
1594,9717.96,1.12972,0.89286,1.07888,0.91518,0.65532,0.77074,0.52839,1.32889,1.25472,1.26961,0.00369172,0.00369172,0.00369172
1595,9723.46,1.12895,0.88808,1.08872,0.91547,0.65532,0.77082,0.52796,1.32868,1.25467,1.26954,0.00368776,0.00368776,0.00368776
1596,9731.82,1.11256,0.86605,1.07129,0.91837,0.65532,0.7711,0.52801,1.32839,1.25453,1.26932,0.0036838,0.0036838,0.0036838
1597,9740.12,1.1246,0.88405,1.08216,0.91846,0.65532,0.77128,0.52816,1.32793,1.25421,1.26913,0.00367984,0.00367984,0.00367984
1598,9748.22,1.12603,0.88909,1.08525,0.91872,0.65532,0.77136,0.52868,1.32739,1.25424,1.26888,0.00367588,0.00367588,0.00367588
1599,9754.68,1.12093,0.87795,1.07927,0.9187,0.65532,0.77123,0.52876,1.32745,1.25438,1.26895,0.00367192,0.00367192,0.00367192
1600,9759.89,1.1169,0.86637,1.0858,0.91882,0.65532,0.77137,0.52882,1.32709,1.25428,1.26878,0.00366796,0.00366796,0.00366796
1601,9765.03,1.12634,0.88439,1.08487,0.91902,0.65532,0.77156,0.52905,1.32651,1.25436,1.2687,0.003664,0.003664,0.003664
1602,9770.26,1.11175,0.88053,1.06568,0.91901,0.65532,0.77148,0.52952,1.3262,1.25433,1.26852,0.00366004,0.00366004,0.00366004
1603,9775.42,1.12092,0.88122,1.07277,0.91888,0.65532,0.7715,0.52947,1.32602,1.2546,1.26846,0.00365608,0.00365608,0.00365608
1604,9780.09,1.12274,0.87193,1.07991,0.91916,0.65532,0.77139,0.53001,1.32554,1.25422,1.26817,0.00365212,0.00365212,0.00365212
1605,9785.17,1.11698,0.87008,1.0744,0.91928,0.65532,0.77144,0.52959,1.32526,1.25411,1.26803,0.00364816,0.00364816,0.00364816
1606,9792.17,1.104,0.8741,1.07814,0.91855,0.65532,0.7714,0.5296,1.32522,1.25393,1.26799,0.0036442,0.0036442,0.0036442
1607,9800.68,1.09854,0.85868,1.07719,0.91866,0.65532,0.77142,0.52975,1.32482,1.25409,1.26782,0.00364024,0.00364024,0.00364024
1608,9808.97,1.12041,0.86645,1.07237,0.91883,0.65532,0.77158,0.5299,1.32444,1.25377,1.26762,0.00363628,0.00363628,0.00363628
1609,9816.61,1.12052,0.87822,1.06966,0.9194,0.65529,0.77154,0.53053,1.32425,1.25406,1.26752,0.00363232,0.00363232,0.00363232
1610,9821.71,1.11535,0.8826,1.06993,0.91938,0.65513,0.77163,0.53022,1.32382,1.25298,1.26736,0.00362836,0.00362836,0.00362836
1611,9826.43,1.10106,0.85502,1.06718,0.91938,0.65509,0.7716,0.52988,1.32351,1.25312,1.2672,0.0036244,0.0036244,0.0036244
1612,9831.11,1.12883,0.88559,1.08318,0.91937,0.65504,0.77156,0.53005,1.32299,1.25287,1.26703,0.00362044,0.00362044,0.00362044
1613,9835.79,1.12123,0.86919,1.06963,0.9195,0.65622,0.77046,0.52997,1.3229,1.25269,1.26693,0.00361648,0.00361648,0.00361648
1614,9840.44,1.11216,0.8655,1.06859,0.91936,0.65491,0.77063,0.53051,1.32235,1.25266,1.26676,0.00361252,0.00361252,0.00361252
1615,9845.1,1.10819,0.86417,1.07667,0.91934,0.65478,0.77051,0.53067,1.32203,1.25241,1.26656,0.00360856,0.00360856,0.00360856
1616,9850.62,1.09396,0.852,1.05928,0.91935,0.65487,0.77056,0.53044,1.32198,1.25232,1.26642,0.0036046,0.0036046,0.0036046
1617,9858.63,1.10634,0.87479,1.07786,0.91958,0.65693,0.77041,0.53088,1.32179,1.25225,1.2663,0.00360064,0.00360064,0.00360064
1618,9867.74,1.12918,0.88994,1.07798,0.91905,0.65745,0.77054,0.53083,1.32141,1.25222,1.26614,0.00359668,0.00359668,0.00359668
1619,9876.03,1.09807,0.8693,1.07277,0.91777,0.65745,0.77065,0.531,1.32096,1.2518,1.26593,0.00359272,0.00359272,0.00359272
1620,9882.66,1.11058,0.85799,1.07191,0.91939,0.65519,0.77054,0.53132,1.32073,1.25177,1.26589,0.00358876,0.00358876,0.00358876
1621,9891.34,1.12824,0.86576,1.08586,0.91925,0.654,0.77065,0.53119,1.32036,1.25132,1.26563,0.0035848,0.0035848,0.0035848
1622,9900.01,1.13761,0.89662,1.09003,0.91922,0.65375,0.77066,0.53125,1.32037,1.25124,1.26552,0.00358084,0.00358084,0.00358084
1623,9908.66,1.12146,0.88341,1.07156,0.91925,0.65395,0.77064,0.53107,1.32011,1.25102,1.26525,0.00357688,0.00357688,0.00357688
1624,9914.75,1.09522,0.84891,1.0726,0.91923,0.65379,0.77073,0.53141,1.32001,1.25095,1.26518,0.00357292,0.00357292,0.00357292
1625,9920.01,1.1012,0.87483,1.07889,0.91917,0.65329,0.77069,0.53195,1.31946,1.25076,1.26478,0.00356896,0.00356896,0.00356896
1626,9925.34,1.11178,0.86395,1.07054,0.9192,0.65319,0.77087,0.53138,1.31965,1.2506,1.26484,0.003565,0.003565,0.003565
1627,9930.1,1.1326,0.89415,1.08273,0.91962,0.65319,0.77084,0.53165,1.31958,1.2505,1.26473,0.00356104,0.00356104,0.00356104
1628,9934.9,1.10119,0.86789,1.06557,0.92168,0.65532,0.77097,0.53201,1.31923,1.25049,1.26453,0.00355708,0.00355708,0.00355708
1629,9940.02,1.12623,0.87347,1.0779,0.92215,0.65528,0.77111,0.53231,1.31883,1.25012,1.2645,0.00355312,0.00355312,0.00355312
1630,9946.28,1.12046,0.88142,1.07862,0.92221,0.65745,0.77119,0.53229,1.31854,1.25003,1.26417,0.00354916,0.00354916,0.00354916
1631,9954.39,1.10355,0.87778,1.07072,0.92209,0.65468,0.77123,0.53281,1.31876,1.24991,1.26393,0.0035452,0.0035452,0.0035452
1632,9964.21,1.11134,0.87454,1.07125,0.92138,0.65745,0.77179,0.53257,1.31818,1.24983,1.26386,0.00354124,0.00354124,0.00354124
1633,9971.79,1.09843,0.85661,1.07497,0.92149,0.65745,0.77188,0.53274,1.31801,1.24979,1.2638,0.00353728,0.00353728,0.00353728
1634,9977.08,1.10757,0.85494,1.06805,0.92111,0.65745,0.77196,0.53296,1.31786,1.24931,1.26351,0.00353332,0.00353332,0.00353332
1635,9982.39,1.10013,0.85734,1.07241,0.92149,0.65745,0.77204,0.53313,1.31763,1.2493,1.26351,0.00352936,0.00352936,0.00352936
1636,9987.6,1.10563,0.8622,1.07928,0.92209,0.65472,0.77185,0.53365,1.31729,1.24883,1.26318,0.0035254,0.0035254,0.0035254
1637,9992.84,1.08904,0.85641,1.07351,0.92228,0.65642,0.77168,0.53355,1.3173,1.24867,1.26316,0.00352144,0.00352144,0.00352144
1638,9997.64,1.07392,0.84645,1.06004,0.92235,0.65713,0.77171,0.5335,1.31733,1.24853,1.26309,0.00351748,0.00351748,0.00351748
1639,10002.5,1.1091,0.88463,1.07442,0.92183,0.65745,0.77184,0.53373,1.31708,1.24835,1.26309,0.00351352,0.00351352,0.00351352
1640,10009.2,1.10569,0.87099,1.0656,0.92228,0.65745,0.77189,0.53445,1.31671,1.24803,1.26289,0.00350956,0.00350956,0.00350956
1641,10018.4,1.12253,0.87763,1.08102,0.92205,0.65745,0.77186,0.53401,1.31649,1.24755,1.26274,0.0035056,0.0035056,0.0035056
1642,10026.9,1.1005,0.85732,1.06764,0.92202,0.65745,0.77197,0.53423,1.31639,1.24791,1.26288,0.00350164,0.00350164,0.00350164
1643,10034.7,1.10646,0.87513,1.0718,0.92145,0.65745,0.77194,0.53488,1.31612,1.24755,1.26272,0.00349768,0.00349768,0.00349768
1644,10039.8,1.08959,0.86346,1.06695,0.92164,0.65745,0.77112,0.53491,1.3161,1.24769,1.26267,0.00349372,0.00349372,0.00349372
1645,10044.5,1.0838,0.84826,1.07125,0.92167,0.65745,0.77124,0.53473,1.31583,1.24746,1.26242,0.00348976,0.00348976,0.00348976
1646,10049.3,1.09772,0.8566,1.06782,0.92158,0.65745,0.77108,0.53476,1.31559,1.24757,1.26238,0.0034858,0.0034858,0.0034858
1647,10054.2,1.09314,0.86569,1.06631,0.9219,0.65745,0.77126,0.53541,1.31527,1.24709,1.26217,0.00348184,0.00348184,0.00348184
1648,10059.4,1.0937,0.86699,1.07702,0.92208,0.65745,0.77123,0.53537,1.31496,1.24613,1.26194,0.00347788,0.00347788,0.00347788
1649,10064.2,1.10338,0.84827,1.06904,0.92222,0.65745,0.77112,0.53565,1.31471,1.246,1.2619,0.00347392,0.00347392,0.00347392
1650,10070.5,1.11347,0.88719,1.08123,0.92253,0.65745,0.77117,0.53569,1.3141,1.24653,1.26178,0.00346996,0.00346996,0.00346996
1651,10079.4,1.09154,0.85482,1.0688,0.92247,0.65745,0.77123,0.53607,1.31399,1.24616,1.26179,0.003466,0.003466,0.003466
1652,10088.4,1.0948,0.86665,1.07161,0.92224,0.65745,0.77122,0.53607,1.31366,1.24611,1.26168,0.00346204,0.00346204,0.00346204
1653,10096.3,1.10924,0.87859,1.07922,0.92204,0.65745,0.77122,0.53643,1.31348,1.24626,1.26167,0.00345808,0.00345808,0.00345808
1654,10102.2,1.11368,0.8709,1.07654,0.92234,0.65745,0.77135,0.53583,1.31312,1.24569,1.26149,0.00345412,0.00345412,0.00345412
1655,10106.9,1.09675,0.85108,1.06436,0.91968,0.65745,0.77079,0.5362,1.31276,1.24553,1.26132,0.00345016,0.00345016,0.00345016
1656,10111.8,1.09262,0.85971,1.06553,0.91981,0.65745,0.77069,0.53657,1.3127,1.24577,1.26142,0.0034462,0.0034462,0.0034462
1657,10117,1.09923,0.85908,1.06705,0.91908,0.65745,0.77077,0.5357,1.31242,1.24545,1.26101,0.00344224,0.00344224,0.00344224
1658,10121.7,1.08602,0.83562,1.06632,0.91978,0.65745,0.771,0.53623,1.31226,1.24532,1.26096,0.00343828,0.00343828,0.00343828
1659,10126.5,1.09391,0.84925,1.06551,0.91984,0.65745,0.77114,0.53676,1.31241,1.24531,1.26098,0.00343432,0.00343432,0.00343432
1660,10132.5,1.09466,0.84739,1.05907,0.91987,0.65745,0.77113,0.53689,1.3118,1.24529,1.26078,0.00343036,0.00343036,0.00343036
1661,10141.8,1.10288,0.86254,1.06764,0.91984,0.65745,0.77114,0.53713,1.3116,1.24521,1.26068,0.0034264,0.0034264,0.0034264
1662,10151,1.09203,0.85946,1.0689,0.92004,0.65745,0.7712,0.53709,1.31101,1.24554,1.26058,0.00342244,0.00342244,0.00342244
1663,10158.9,1.08584,0.85802,1.05813,0.91713,0.65933,0.7713,0.53739,1.31114,1.24552,1.26051,0.00341848,0.00341848,0.00341848
1664,10164.5,1.0973,0.86387,1.06785,0.91939,0.65745,0.77138,0.53725,1.31074,1.24549,1.26021,0.00341452,0.00341452,0.00341452
1665,10169.3,1.11477,0.87008,1.07007,0.91747,0.65745,0.77145,0.53743,1.31039,1.24515,1.25994,0.00341056,0.00341056,0.00341056
1666,10174.3,1.11674,0.87695,1.08001,0.91782,0.65745,0.77138,0.53749,1.31027,1.24524,1.25989,0.0034066,0.0034066,0.0034066
1667,10179.5,1.08451,0.86393,1.06525,0.91709,0.65899,0.77148,0.53788,1.31025,1.2454,1.25997,0.00340264,0.00340264,0.00340264
1668,10184.6,1.11612,0.86867,1.07327,0.91683,0.65957,0.77167,0.53803,1.30989,1.24547,1.25981,0.00339868,0.00339868,0.00339868
1669,10189.8,1.07343,0.83824,1.05503,0.91638,0.65957,0.77176,0.53792,1.30937,1.2457,1.25959,0.00339472,0.00339472,0.00339472
1670,10195.1,1.06378,0.82756,1.05401,0.91596,0.65957,0.77173,0.5382,1.30929,1.24565,1.25948,0.00339076,0.00339076,0.00339076
1671,10204.5,1.08595,0.85247,1.06906,0.91568,0.65957,0.77192,0.53835,1.30931,1.2452,1.2593,0.0033868,0.0033868,0.0033868
1672,10213.8,1.0779,0.8405,1.06203,0.91584,0.65957,0.77198,0.5388,1.30884,1.24489,1.25905,0.00338284,0.00338284,0.00338284
1673,10222.4,1.07945,0.84764,1.0574,0.91581,0.65957,0.77198,0.53855,1.30898,1.24549,1.2591,0.00337888,0.00337888,0.00337888
1674,10227.5,1.09976,0.85571,1.06256,0.91588,0.65957,0.77221,0.53884,1.30851,1.24508,1.2589,0.00337492,0.00337492,0.00337492
1675,10232.7,1.10279,0.86343,1.06464,0.91495,0.65957,0.77211,0.53955,1.30808,1.24475,1.25861,0.00337096,0.00337096,0.00337096
1676,10237.8,1.09526,0.8581,1.06744,0.91572,0.65957,0.77233,0.5397,1.30799,1.24447,1.25854,0.003367,0.003367,0.003367
1677,10243.1,1.09488,0.85363,1.06835,0.91439,0.65957,0.77236,0.53973,1.30766,1.24456,1.25848,0.00336304,0.00336304,0.00336304
1678,10248.2,1.09343,0.8624,1.076,0.91391,0.65957,0.77251,0.53996,1.30748,1.24434,1.25834,0.00335908,0.00335908,0.00335908
1679,10253.4,1.10218,0.849,1.07143,0.91383,0.65957,0.77257,0.54013,1.30732,1.24475,1.25844,0.00335512,0.00335512,0.00335512
1680,10259.5,1.07855,0.85012,1.0606,0.91394,0.65957,0.7727,0.54007,1.30682,1.24458,1.25806,0.00335116,0.00335116,0.00335116
1681,10267.7,1.08553,0.85635,1.06718,0.91406,0.65957,0.7728,0.54054,1.3065,1.24482,1.25798,0.0033472,0.0033472,0.0033472
1682,10276.9,1.08903,0.85086,1.07129,0.91399,0.65957,0.77287,0.54043,1.30616,1.24457,1.25791,0.00334324,0.00334324,0.00334324
1683,10285.3,1.08641,0.85523,1.0657,0.91779,0.65957,0.77286,0.54144,1.30597,1.24446,1.25778,0.00333928,0.00333928,0.00333928
1684,10291.7,1.07886,0.83879,1.05715,0.9145,0.65957,0.77302,0.54079,1.30574,1.24439,1.25791,0.00333532,0.00333532,0.00333532
1685,10299.7,1.08001,0.86607,1.06495,0.91692,0.65957,0.77307,0.54151,1.30545,1.24449,1.25783,0.00333136,0.00333136,0.00333136
1686,10309.2,1.10052,0.85863,1.06792,0.91738,0.65957,0.77299,0.54193,1.30508,1.24442,1.25769,0.0033274,0.0033274,0.0033274
1687,10318.1,1.08479,0.84725,1.07026,0.91726,0.65957,0.77321,0.54149,1.30475,1.24464,1.25743,0.00332344,0.00332344,0.00332344
1688,10324.8,1.09438,0.85478,1.06095,0.91728,0.65957,0.77323,0.54175,1.30456,1.24444,1.25725,0.00331948,0.00331948,0.00331948
1689,10332.7,1.11194,0.86922,1.06627,0.91731,0.65957,0.77343,0.54214,1.30416,1.24442,1.25706,0.00331552,0.00331552,0.00331552
1690,10341.8,1.08258,0.84747,1.06428,0.92022,0.65957,0.7737,0.5413,1.30392,1.24445,1.25697,0.00331156,0.00331156,0.00331156
1691,10349.6,1.08802,0.84116,1.06205,0.92038,0.65957,0.77381,0.54218,1.30361,1.2441,1.25681,0.0033076,0.0033076,0.0033076
1692,10355.8,1.09044,0.85559,1.08093,0.92055,0.65957,0.77396,0.54208,1.3037,1.24418,1.25684,0.00330364,0.00330364,0.00330364
1693,10363,1.08568,0.83703,1.05542,0.92053,0.65957,0.77398,0.54242,1.30322,1.24412,1.25659,0.00329968,0.00329968,0.00329968
1694,10372.9,1.07925,0.83833,1.06104,0.92037,0.65957,0.774,0.54263,1.303,1.24416,1.25645,0.00329572,0.00329572,0.00329572
1695,10381.8,1.09304,0.8587,1.07329,0.92044,0.65957,0.77413,0.54264,1.3026,1.244,1.25622,0.00329176,0.00329176,0.00329176
1696,10387,1.04805,0.82127,1.05986,0.92072,0.65957,0.7746,0.54292,1.30242,1.24375,1.25615,0.0032878,0.0032878,0.0032878
1697,10392.3,1.0761,0.85049,1.0612,0.92094,0.65957,0.77475,0.54302,1.30209,1.2437,1.25595,0.00328384,0.00328384,0.00328384
1698,10397.8,1.07448,0.84455,1.06937,0.92086,0.65957,0.77482,0.54341,1.30211,1.24378,1.25588,0.00327988,0.00327988,0.00327988
1699,10403.1,1.0804,0.8534,1.0617,0.92278,0.66105,0.77487,0.54324,1.30174,1.24356,1.25577,0.00327592,0.00327592,0.00327592
1700,10408,1.06954,0.84145,1.05319,0.9228,0.66126,0.77487,0.54339,1.30139,1.24356,1.25561,0.00327196,0.00327196,0.00327196
1701,10413.1,1.08737,0.84551,1.0634,0.92553,0.66108,0.77536,0.54397,1.30164,1.24376,1.2556,0.003268,0.003268,0.003268
1702,10422.6,1.10653,0.86311,1.06771,0.92281,0.66131,0.77505,0.54349,1.30093,1.24363,1.25542,0.00326404,0.00326404,0.00326404
1703,10431.1,1.07568,0.84144,1.06053,0.92553,0.66106,0.77566,0.54368,1.30094,1.2433,1.25534,0.00326008,0.00326008,0.00326008
1704,10439.7,1.08454,0.84249,1.06336,0.92229,0.6617,0.77561,0.54426,1.30074,1.24352,1.25527,0.00325612,0.00325612,0.00325612
1705,10445.9,1.06581,0.84395,1.05553,0.92194,0.6617,0.77572,0.54448,1.30025,1.24319,1.25513,0.00325216,0.00325216,0.00325216
1706,10451.1,1.08208,0.85755,1.06046,0.92834,0.66156,0.77641,0.54467,1.29995,1.24314,1.25502,0.0032482,0.0032482,0.0032482
1707,10456.4,1.06288,0.83903,1.05691,0.9251,0.6617,0.77586,0.54488,1.29986,1.24344,1.255,0.00324424,0.00324424,0.00324424
1708,10461.6,1.07602,0.83812,1.05939,0.92827,0.66087,0.77639,0.54487,1.29989,1.24353,1.25488,0.00324028,0.00324028,0.00324028
1709,10466.7,1.07303,0.83553,1.05377,0.92828,0.66092,0.77646,0.54518,1.29953,1.24329,1.25476,0.00323632,0.00323632,0.00323632
1710,10471.9,1.09961,0.85725,1.06681,0.92829,0.66101,0.77673,0.54513,1.29938,1.24304,1.25456,0.00323236,0.00323236,0.00323236
1711,10476.8,1.079,0.8356,1.05024,0.92829,0.66103,0.77686,0.545,1.29897,1.2427,1.25433,0.0032284,0.0032284,0.0032284
1712,10485.1,1.08661,0.85372,1.05927,0.92829,0.66099,0.7771,0.54531,1.29899,1.2428,1.25419,0.00322444,0.00322444,0.00322444
1713,10494.8,1.08312,0.83702,1.05996,0.92831,0.66125,0.77728,0.54539,1.2986,1.24279,1.25416,0.00322048,0.00322048,0.00322048
1714,10503.9,1.05739,0.83432,1.05805,0.92722,0.6617,0.77735,0.546,1.29826,1.24237,1.25387,0.00321652,0.00321652,0.00321652
1715,10509.6,1.07,0.84315,1.05924,0.92828,0.66096,0.77739,0.5458,1.29816,1.24231,1.25372,0.00321256,0.00321256,0.00321256
1716,10514.3,1.07111,0.82234,1.05463,0.92821,0.6617,0.77737,0.5455,1.29783,1.24244,1.25356,0.0032086,0.0032086,0.0032086
1717,10519,1.06403,0.81744,1.04926,0.92552,0.6617,0.77734,0.5462,1.2975,1.24154,1.25316,0.00320464,0.00320464,0.00320464
1718,10524.1,1.06936,0.82721,1.04865,0.92551,0.66088,0.77733,0.54632,1.29752,1.24156,1.25305,0.00320068,0.00320068,0.00320068
1719,10529.1,1.07801,0.83281,1.05504,0.9255,0.66077,0.77747,0.54646,1.29683,1.2421,1.25293,0.00319672,0.00319672,0.00319672
1720,10534.2,1.09362,0.85541,1.05665,0.92546,0.66045,0.77827,0.54671,1.29666,1.24202,1.25259,0.00319276,0.00319276,0.00319276
1721,10539.9,1.07839,0.83509,1.05154,0.92554,0.66115,0.77806,0.54645,1.29645,1.24177,1.25261,0.0031888,0.0031888,0.0031888
1722,10547.8,1.08709,0.84277,1.04961,0.92553,0.66108,0.7783,0.54686,1.29625,1.24183,1.25247,0.00318484,0.00318484,0.00318484
1723,10556.9,1.07063,0.82801,1.0621,0.92552,0.66098,0.77835,0.54641,1.29595,1.2417,1.25248,0.00318088,0.00318088,0.00318088
1724,10565.1,1.07929,0.8296,1.06107,0.92552,0.66098,0.77827,0.54768,1.29577,1.24141,1.2523,0.00317692,0.00317692,0.00317692
1725,10571.4,1.08442,0.85097,1.06049,0.92541,0.65993,0.77849,0.54787,1.2954,1.24153,1.25208,0.00317296,0.00317296,0.00317296
1726,10576.6,1.09557,0.8509,1.07413,0.9255,0.66083,0.77849,0.54772,1.29523,1.2415,1.252,0.003169,0.003169,0.003169
1727,10581.4,1.0768,0.83795,1.06513,0.92535,0.65932,0.77844,0.54782,1.29507,1.24119,1.2519,0.00316504,0.00316504,0.00316504
1728,10586.2,1.07411,0.82381,1.05275,0.92535,0.6594,0.77844,0.54819,1.29489,1.24103,1.25179,0.00316108,0.00316108,0.00316108
1729,10591.4,1.08099,0.82006,1.06057,0.92533,0.65918,0.77875,0.54814,1.29468,1.24126,1.2517,0.00315712,0.00315712,0.00315712
1730,10596.2,1.09601,0.8437,1.06194,0.9253,0.65888,0.77859,0.54827,1.29483,1.2412,1.2516,0.00315316,0.00315316,0.00315316
1731,10601.4,1.08005,0.84401,1.05901,0.92534,0.65928,0.77866,0.54834,1.29449,1.24093,1.25132,0.0031492,0.0031492,0.0031492
1732,10610,1.06062,0.8388,1.05845,0.92532,0.65908,0.7787,0.54863,1.2941,1.24087,1.25091,0.00314524,0.00314524,0.00314524
1733,10619.5,1.07014,0.82846,1.05057,0.92533,0.65914,0.77868,0.54845,1.29383,1.24053,1.25078,0.00314128,0.00314128,0.00314128
1734,10628.1,1.08261,0.83831,1.05196,0.9253,0.65888,0.77874,0.5489,1.29412,1.24021,1.25095,0.00313732,0.00313732,0.00313732
1735,10634.5,1.08933,0.84573,1.05884,0.92513,0.65729,0.77782,0.54913,1.29367,1.24,1.25066,0.00313336,0.00313336,0.00313336
1736,10639.8,1.09261,0.84577,1.06291,0.92503,0.65628,0.77773,0.54897,1.29353,1.24011,1.2505,0.0031294,0.0031294,0.0031294
1737,10644.5,1.06643,0.83499,1.05363,0.92499,0.65594,0.7778,0.54933,1.2932,1.23962,1.25034,0.00312544,0.00312544,0.00312544
1738,10649.7,1.0651,0.82082,1.048,0.92497,0.65577,0.77789,0.54971,1.29302,1.23942,1.25019,0.00312148,0.00312148,0.00312148
1739,10655,1.06134,0.82201,1.05922,0.92494,0.65549,0.77806,0.54944,1.2927,1.23936,1.24993,0.00311752,0.00311752,0.00311752
1740,10659.7,1.08651,0.84593,1.0614,0.92498,0.65584,0.7782,0.54962,1.29242,1.23937,1.24978,0.00311356,0.00311356,0.00311356
1741,10664.6,1.07093,0.84202,1.05646,0.92513,0.65725,0.77839,0.54986,1.29223,1.23897,1.24956,0.0031096,0.0031096,0.0031096
1742,10672.9,1.06614,0.83394,1.05462,0.92502,0.65626,0.77833,0.55026,1.29199,1.23925,1.24948,0.00310564,0.00310564,0.00310564
1743,10682.2,1.08479,0.84001,1.06211,0.92515,0.65749,0.77849,0.55049,1.29181,1.23932,1.24932,0.00310168,0.00310168,0.00310168
1744,10692.1,1.06275,0.82286,1.0516,0.92494,0.6555,0.77876,0.55076,1.29155,1.23923,1.24907,0.00309772,0.00309772,0.00309772
1745,10698.3,1.06011,0.82614,1.0514,0.92776,0.6558,0.7788,0.55083,1.29152,1.2391,1.2489,0.00309376,0.00309376,0.00309376
1746,10703.5,1.08335,0.84289,1.05349,0.92695,0.65745,0.77901,0.55091,1.29123,1.23907,1.2489,0.0030898,0.0030898,0.0030898
1747,10708.7,1.05684,0.82082,1.04827,0.92706,0.65745,0.77907,0.55094,1.29108,1.23883,1.24862,0.00308584,0.00308584,0.00308584
1748,10713.9,1.06391,0.81361,1.05129,0.9273,0.65745,0.77914,0.55088,1.29068,1.23875,1.24847,0.00308188,0.00308188,0.00308188
1749,10718.6,1.07189,0.84935,1.05092,0.92789,0.65711,0.77935,0.55089,1.29035,1.23872,1.24816,0.00307792,0.00307792,0.00307792
1750,10723.4,1.06711,0.83744,1.05524,0.92788,0.657,0.77942,0.55113,1.2899,1.23902,1.24791,0.00307396,0.00307396,0.00307396
1751,10728.9,1.10671,0.86163,1.07313,0.92784,0.65656,0.77955,0.55125,1.28963,1.23878,1.24772,0.00307,0.00307,0.00307
1752,10737.9,1.06923,0.8344,1.05972,0.92787,0.65685,0.77949,0.5517,1.28942,1.23831,1.2476,0.00306604,0.00306604,0.00306604
1753,10747.2,1.04428,0.81168,1.05366,0.92786,0.65676,0.77935,0.55193,1.28932,1.23842,1.24758,0.00306208,0.00306208,0.00306208
1754,10756.4,1.05403,0.83071,1.05096,0.92785,0.65672,0.77877,0.55187,1.2889,1.23821,1.24732,0.00305812,0.00305812,0.00305812
1755,10761.6,1.06219,0.83312,1.06011,0.92784,0.65663,0.77952,0.55225,1.28878,1.23849,1.24726,0.00305416,0.00305416,0.00305416
1756,10766.8,1.07783,0.83265,1.05889,0.92785,0.65663,0.77878,0.55257,1.28845,1.2384,1.24712,0.0030502,0.0030502,0.0030502
1757,10772.2,1.08132,0.84576,1.06076,0.92782,0.65641,0.77887,0.55282,1.28796,1.23789,1.24683,0.00304624,0.00304624,0.00304624
1758,10777.3,1.05926,0.83395,1.05084,0.92781,0.65628,0.77893,0.55315,1.28793,1.23786,1.24672,0.00304228,0.00304228,0.00304228
1759,10782.4,1.03526,0.80317,1.04102,0.92777,0.65595,0.77915,0.55296,1.28771,1.23763,1.24655,0.00303832,0.00303832,0.00303832
1760,10787.1,1.06181,0.82531,1.05923,0.92774,0.6556,0.77942,0.55293,1.28734,1.23723,1.24643,0.00303436,0.00303436,0.00303436
1761,10793.5,1.04307,0.81319,1.05287,0.92774,0.65563,0.77925,0.55285,1.28725,1.23737,1.24636,0.0030304,0.0030304,0.0030304
1762,10802.2,1.07605,0.83935,1.05482,0.92773,0.65548,0.77949,0.5534,1.28698,1.23752,1.24631,0.00302644,0.00302644,0.00302644
1763,10811.7,1.07183,0.84062,1.06763,0.92775,0.65568,0.77969,0.55297,1.28669,1.23715,1.24618,0.00302248,0.00302248,0.00302248
1764,10819.4,1.06213,0.83152,1.05539,0.93045,0.65468,0.77985,0.55296,1.28649,1.2369,1.24597,0.00301852,0.00301852,0.00301852
1765,10824,1.0876,0.84371,1.05232,0.92771,0.65534,0.77995,0.55314,1.28658,1.23708,1.24601,0.00301456,0.00301456,0.00301456
1766,10828.8,1.05445,0.84564,1.05363,0.92792,0.65319,0.77992,0.55317,1.28623,1.23692,1.24593,0.0030106,0.0030106,0.0030106
1767,10833.5,1.02739,0.80751,1.04099,0.93037,0.65388,0.77976,0.5528,1.28584,1.23642,1.24572,0.00300664,0.00300664,0.00300664
1768,10838.4,1.05775,0.82792,1.05579,0.93031,0.65319,0.77988,0.5524,1.28546,1.23647,1.24556,0.00300268,0.00300268,0.00300268
1769,10843.1,1.03675,0.80092,1.03908,0.93035,0.65319,0.77994,0.55315,1.28554,1.23652,1.24548,0.00299872,0.00299872,0.00299872
1770,10848.1,1.06866,0.82235,1.05221,0.93049,0.65319,0.77989,0.553,1.2852,1.23631,1.24528,0.00299476,0.00299476,0.00299476
1771,10852.8,1.04081,0.80926,1.04001,0.93057,0.65319,0.7801,0.55311,1.28463,1.23556,1.24503,0.0029908,0.0029908,0.0029908
1772,10859.6,1.03111,0.80518,1.04072,0.93089,0.65319,0.7801,0.55311,1.28478,1.23585,1.24505,0.00298684,0.00298684,0.00298684
1773,10868,1.0551,0.82917,1.05372,0.93069,0.65319,0.78033,0.55326,1.28441,1.23573,1.24506,0.00298288,0.00298288,0.00298288
1774,10876.3,1.04471,0.80273,1.04345,0.93173,0.65319,0.78041,0.55305,1.28435,1.23563,1.24492,0.00297892,0.00297892,0.00297892
1775,10883.6,1.05058,0.81831,1.04317,0.93122,0.65319,0.78048,0.55357,1.28407,1.23543,1.24479,0.00297496,0.00297496,0.00297496
1776,10889.1,1.05388,0.81753,1.05282,0.93407,0.65319,0.78065,0.55331,1.2838,1.23502,1.24459,0.002971,0.002971,0.002971
1777,10894,1.04838,0.82633,1.0457,0.93409,0.65319,0.78079,0.5532,1.28341,1.2349,1.24437,0.00296704,0.00296704,0.00296704
1778,10899.1,1.04598,0.82224,1.05489,0.9323,0.65319,0.78086,0.55336,1.28337,1.23511,1.24428,0.00296308,0.00296308,0.00296308
1779,10903.9,1.05877,0.82423,1.0442,0.93468,0.65319,0.78105,0.55371,1.28323,1.23472,1.24416,0.00295912,0.00295912,0.00295912
1780,10909.1,1.06127,0.835,1.06172,0.93491,0.65319,0.7811,0.55375,1.28314,1.23493,1.24405,0.00295516,0.00295516,0.00295516
1781,10914.6,1.05168,0.83514,1.05195,0.93784,0.65319,0.7811,0.55377,1.28309,1.23463,1.24395,0.0029512,0.0029512,0.0029512
1782,10921.2,1.07547,0.83172,1.05608,0.93786,0.65319,0.78128,0.55389,1.28254,1.23405,1.24367,0.00294724,0.00294724,0.00294724
1783,10930.7,1.05021,0.80675,1.04867,0.93805,0.65319,0.78128,0.55408,1.28234,1.23405,1.24351,0.00294328,0.00294328,0.00294328
1784,10940.4,1.05775,0.82836,1.05635,0.93845,0.65319,0.78134,0.55429,1.28209,1.23374,1.2434,0.00293932,0.00293932,0.00293932
1785,10949,1.06625,0.81855,1.05519,0.94268,0.65319,0.78152,0.55449,1.28213,1.23389,1.24331,0.00293536,0.00293536,0.00293536
1786,10954.3,1.05408,0.81597,1.05187,0.94263,0.65319,0.78171,0.55477,1.28178,1.23361,1.24317,0.0029314,0.0029314,0.0029314
1787,10959.5,1.0502,0.8145,1.05286,0.94301,0.65319,0.7817,0.5549,1.28159,1.23374,1.24309,0.00292744,0.00292744,0.00292744
1788,10964.8,1.07509,0.82885,1.04847,0.94292,0.65319,0.78181,0.55487,1.28112,1.23355,1.24296,0.00292348,0.00292348,0.00292348
1789,10969.5,1.07863,0.82821,1.05801,0.94418,0.65319,0.78204,0.55479,1.28088,1.23338,1.24264,0.00291952,0.00291952,0.00291952
1790,10974.6,1.07237,0.82755,1.06005,0.94408,0.65319,0.78205,0.55457,1.28065,1.23352,1.24253,0.00291556,0.00291556,0.00291556
1791,10979.4,1.04078,0.81078,1.04911,0.94441,0.65319,0.782,0.55573,1.28038,1.23377,1.24238,0.0029116,0.0029116,0.0029116
1792,10986.6,1.05667,0.82858,1.04791,0.94388,0.65319,0.78209,0.5554,1.28012,1.23336,1.24225,0.00290764,0.00290764,0.00290764
1793,10995,1.03908,0.79298,1.04833,0.94388,0.65319,0.78212,0.55491,1.28012,1.23305,1.24216,0.00290368,0.00290368,0.00290368
1794,11003.5,1.0687,0.83108,1.06205,0.94459,0.65319,0.78221,0.55526,1.2797,1.23313,1.2419,0.00289972,0.00289972,0.00289972
1795,11011.5,1.03953,0.80431,1.04894,0.94435,0.65319,0.78222,0.55552,1.27952,1.23286,1.24193,0.00289576,0.00289576,0.00289576
1796,11016.6,1.0524,0.81741,1.0521,0.94446,0.65319,0.78238,0.55577,1.27923,1.23269,1.24164,0.0028918,0.0028918,0.0028918
1797,11021.9,1.03325,0.80736,1.04612,0.94426,0.65319,0.78245,0.55581,1.27931,1.23246,1.24156,0.00288784,0.00288784,0.00288784
1798,11027.2,1.05944,0.82147,1.04314,0.94454,0.65319,0.78247,0.55552,1.27894,1.23235,1.24148,0.00288388,0.00288388,0.00288388
1799,11032.1,1.06497,0.83413,1.04946,0.9446,0.65299,0.78254,0.55598,1.27903,1.23255,1.24151,0.00287992,0.00287992,0.00287992
1800,11037.4,1.04654,0.81128,1.04554,0.94457,0.65263,0.78263,0.55557,1.27891,1.23174,1.24123,0.00287596,0.00287596,0.00287596
1801,11042.4,1.04596,0.80586,1.04327,0.94459,0.6529,0.78254,0.55595,1.27841,1.23178,1.24089,0.002872,0.002872,0.002872
1802,11048.3,1.03361,0.80703,1.04185,0.94444,0.65103,0.78263,0.55528,1.27821,1.23248,1.24089,0.00286804,0.00286804,0.00286804
1803,11056.8,1.04486,0.80817,1.04979,0.94459,0.65287,0.78267,0.55558,1.278,1.23219,1.24081,0.00286408,0.00286408,0.00286408
1804,11065.5,1.02646,0.78342,1.03562,0.94443,0.65086,0.78278,0.55577,1.27808,1.23159,1.24058,0.00286012,0.00286012,0.00286012
1805,11073.7,1.0638,0.82096,1.05301,0.94439,0.65037,0.78286,0.556,1.27773,1.23143,1.24043,0.00285616,0.00285616,0.00285616
1806,11079.3,1.05485,0.81697,1.04308,0.94458,0.65106,0.78303,0.55626,1.27733,1.23108,1.24019,0.0028522,0.0028522,0.0028522
1807,11084.5,1.05784,0.80771,1.05177,0.89525,0.67283,0.78326,0.55636,1.27696,1.23106,1.23995,0.00284824,0.00284824,0.00284824
1808,11090.2,1.05743,0.82641,1.04884,0.94687,0.64894,0.78401,0.55664,1.27667,1.23092,1.23971,0.00284428,0.00284428,0.00284428
1809,11095.3,1.02858,0.79879,1.04477,0.89524,0.67277,0.78419,0.55664,1.27653,1.23052,1.23938,0.00284032,0.00284032,0.00284032
1810,11100.5,1.03515,0.80368,1.04917,0.94719,0.64874,0.78426,0.55678,1.27603,1.23053,1.23927,0.00283636,0.00283636,0.00283636
1811,11105.7,1.03355,0.81118,1.04139,0.94717,0.64854,0.78441,0.55657,1.27581,1.23093,1.23908,0.0028324,0.0028324,0.0028324
1812,11111.1,1.03247,0.79374,1.0315,0.89525,0.67234,0.78469,0.5571,1.27568,1.23042,1.23893,0.00282844,0.00282844,0.00282844
1813,11120.4,1.0461,0.81523,1.04167,0.89532,0.67234,0.78483,0.55753,1.27548,1.23016,1.23882,0.00282448,0.00282448,0.00282448
1814,11129.9,1.05548,0.81461,1.04458,0.89538,0.67234,0.78489,0.55755,1.27488,1.2305,1.23857,0.00282052,0.00282052,0.00282052
1815,11138.3,1.03896,0.79849,1.04317,0.94712,0.64786,0.78491,0.55716,1.27478,1.23024,1.23853,0.00281656,0.00281656,0.00281656
1816,11143.4,1.02542,0.79825,1.04668,0.89536,0.67234,0.78503,0.55746,1.27426,1.22976,1.23822,0.0028126,0.0028126,0.0028126
1817,11148.1,1.06398,0.80606,1.04812,0.89523,0.67268,0.78523,0.5574,1.27372,1.22947,1.23801,0.00280864,0.00280864,0.00280864
1818,11152.9,1.0538,0.81442,1.04575,0.91727,0.65957,0.7853,0.55695,1.27353,1.22952,1.23796,0.00280468,0.00280468,0.00280468
1819,11157.7,1.03813,0.81004,1.05147,0.91719,0.65983,0.78532,0.55701,1.27319,1.22929,1.2376,0.00280072,0.00280072,0.00280072
1820,11162.5,1.03217,0.78721,1.04035,0.91717,0.65967,0.78543,0.55761,1.27282,1.22881,1.23723,0.00279676,0.00279676,0.00279676
1821,11167.6,1.03116,0.80247,1.03884,0.9172,0.65996,0.78531,0.55769,1.27252,1.22898,1.23708,0.0027928,0.0027928,0.0027928
1822,11172.8,1.03657,0.80492,1.04389,0.91719,0.65983,0.78528,0.55755,1.27212,1.22851,1.23681,0.00278884,0.00278884,0.00278884
1823,11180.6,1.02863,0.80075,1.04621,0.91753,0.65957,0.7853,0.5579,1.27194,1.22847,1.23658,0.00278488,0.00278488,0.00278488
1824,11189.6,1.05147,0.80608,1.04263,0.91796,0.65957,0.78533,0.55792,1.27143,1.22821,1.23627,0.00278092,0.00278092,0.00278092
1825,11198.5,1.04199,0.80871,1.04845,0.89915,0.67234,0.78526,0.55814,1.27141,1.22801,1.2362,0.00277696,0.00277696,0.00277696
1826,11205.2,1.06083,0.81607,1.04566,0.90623,0.67234,0.78541,0.55789,1.27115,1.22804,1.23594,0.002773,0.002773,0.002773
1827,11210,1.02958,0.79643,1.0472,0.89858,0.67234,0.78548,0.55841,1.27088,1.22796,1.23581,0.00276904,0.00276904,0.00276904
1828,11215.1,1.03925,0.81327,1.04106,0.90607,0.67234,0.78557,0.55914,1.27061,1.22822,1.23562,0.00276508,0.00276508,0.00276508
1829,11220.4,1.02921,0.78441,1.04148,0.90583,0.67234,0.78557,0.55897,1.27038,1.2278,1.23551,0.00276112,0.00276112,0.00276112
1830,11225.1,1.02729,0.78922,1.03802,0.90608,0.67234,0.78549,0.55912,1.26998,1.22783,1.23542,0.00275716,0.00275716,0.00275716
1831,11229.9,1.02953,0.79864,1.03343,0.90593,0.67234,0.78563,0.5591,1.26958,1.22741,1.23515,0.0027532,0.0027532,0.0027532
1832,11234.5,1.02733,0.80213,1.04018,0.90624,0.67234,0.78581,0.55914,1.2695,1.22745,1.23487,0.00274924,0.00274924,0.00274924
1833,11242.1,1.05608,0.83544,1.05549,0.90554,0.67234,0.78583,0.55926,1.2691,1.22733,1.23474,0.00274528,0.00274528,0.00274528
1834,11251.7,1.06624,0.82349,1.04507,0.90576,0.67234,0.78595,0.55958,1.26899,1.22729,1.23453,0.00274132,0.00274132,0.00274132
1835,11261.1,1.0218,0.80023,1.04552,0.90531,0.67234,0.78602,0.55949,1.26863,1.22695,1.23443,0.00273736,0.00273736,0.00273736
1836,11267.4,1.0578,0.82407,1.05231,0.90619,0.67234,0.7861,0.5597,1.26823,1.22641,1.23424,0.0027334,0.0027334,0.0027334
1837,11272.5,1.03676,0.80476,1.03899,0.90604,0.67234,0.78595,0.55995,1.26808,1.22651,1.23409,0.00272944,0.00272944,0.00272944
1838,11277.7,1.03995,0.81177,1.05311,0.90578,0.67234,0.78664,0.56004,1.26787,1.22627,1.23389,0.00272548,0.00272548,0.00272548
1839,11282.9,1.0173,0.78945,1.04008,0.90466,0.67234,0.78674,0.5593,1.26753,1.2261,1.2337,0.00272152,0.00272152,0.00272152
1840,11287.6,1.02411,0.80025,1.03985,0.90589,0.67234,0.78661,0.55959,1.26735,1.22638,1.23357,0.00271756,0.00271756,0.00271756
1841,11292.5,1.00868,0.79104,1.04446,0.90288,0.67234,0.7866,0.55958,1.26702,1.22639,1.23333,0.0027136,0.0027136,0.0027136
1842,11297.4,1.02033,0.79481,1.04132,0.90581,0.67234,0.78666,0.55956,1.26703,1.22624,1.23327,0.00270964,0.00270964,0.00270964
1843,11305.1,1.05018,0.8268,1.04485,0.90637,0.67234,0.78662,0.5603,1.26657,1.22608,1.23278,0.00270568,0.00270568,0.00270568
1844,11314.5,1.02341,0.79091,1.04107,0.90634,0.67234,0.78659,0.56055,1.26641,1.22644,1.23273,0.00270172,0.00270172,0.00270172
1845,11323.9,1.01891,0.77471,1.02779,0.90597,0.67234,0.78664,0.56026,1.26603,1.2256,1.23246,0.00269776,0.00269776,0.00269776
1846,11329.9,1.0319,0.79375,1.04923,0.9058,0.67234,0.78644,0.56042,1.26566,1.22557,1.23225,0.0026938,0.0026938,0.0026938
1847,11335,1.02627,0.80214,1.04372,0.90207,0.67234,0.7867,0.56072,1.26537,1.22561,1.23211,0.00268984,0.00268984,0.00268984
1848,11340.3,1.0176,0.78822,1.03911,0.90725,0.67234,0.78668,0.56121,1.26522,1.22562,1.23203,0.00268588,0.00268588,0.00268588
1849,11345.4,1.02232,0.78838,1.03886,0.90919,0.67234,0.7865,0.56128,1.26485,1.22556,1.23179,0.00268192,0.00268192,0.00268192
1850,11350.6,1.02294,0.80663,1.04401,0.9091,0.67234,0.78648,0.56043,1.26439,1.22482,1.23157,0.00267796,0.00267796,0.00267796
1851,11355.4,1.01926,0.79088,1.03804,0.91066,0.67233,0.78656,0.56132,1.26391,1.22468,1.2313,0.002674,0.002674,0.002674
1852,11360.6,1.04699,0.81231,1.04651,0.91065,0.67225,0.78654,0.56118,1.26371,1.22461,1.23115,0.00267004,0.00267004,0.00267004
1853,11368.4,1.04633,0.79637,1.03885,0.91063,0.67209,0.78653,0.5614,1.26354,1.22478,1.23104,0.00266608,0.00266608,0.00266608
1854,11377.8,1.02313,0.80184,1.0358,0.91063,0.67211,0.78664,0.56134,1.26343,1.2249,1.2309,0.00266212,0.00266212,0.00266212
1855,11386.6,1.03626,0.80856,1.04843,0.91063,0.6721,0.78649,0.56144,1.26346,1.22467,1.23102,0.00265816,0.00265816,0.00265816
1856,11393.4,1.03384,0.7974,1.04524,0.90829,0.67021,0.78651,0.56114,1.26331,1.22495,1.23095,0.0026542,0.0026542,0.0026542
1857,11398.3,1.01847,0.7901,1.03661,0.91063,0.67209,0.78669,0.56121,1.26289,1.22421,1.23061,0.00265024,0.00265024,0.00265024
1858,11403.1,1.02099,0.77349,1.02836,0.90807,0.67021,0.78675,0.56118,1.26275,1.22413,1.23049,0.00264628,0.00264628,0.00264628
1859,11407.9,1.02414,0.7981,1.03611,0.90795,0.67021,0.78676,0.56125,1.26278,1.22395,1.23049,0.00264232,0.00264232,0.00264232
1860,11412.8,1.04946,0.81137,1.05312,0.90786,0.67021,0.78688,0.56099,1.26237,1.22379,1.23027,0.00263836,0.00263836,0.00263836
1861,11417.5,1.01693,0.78574,1.04197,0.908,0.67196,0.78687,0.56094,1.26171,1.2234,1.22998,0.0026344,0.0026344,0.0026344
1862,11422.4,1.02366,0.80151,1.03353,0.90803,0.67223,0.787,0.5618,1.26155,1.22335,1.2296,0.00263044,0.00263044,0.00263044
1863,11429.4,1.03325,0.79843,1.04164,0.90574,0.67021,0.78709,0.5611,1.26132,1.22314,1.22942,0.00262648,0.00262648,0.00262648
1864,11438.4,1.03131,0.80006,1.04687,0.912,0.66809,0.78717,0.56156,1.26092,1.22289,1.22939,0.00262252,0.00262252,0.00262252
1865,11446.8,1.00827,0.7839,1.02784,0.91459,0.66809,0.78713,0.56108,1.26044,1.22278,1.229,0.00261856,0.00261856,0.00261856
1866,11454.1,1.02153,0.79707,1.04017,0.91442,0.66809,0.78721,0.56172,1.26022,1.22254,1.22874,0.0026146,0.0026146,0.0026146
1867,11458.9,1.01233,0.7781,1.03559,0.91443,0.66809,0.7872,0.56087,1.26003,1.22247,1.22867,0.00261064,0.00261064,0.00261064
1868,11463.7,1.02583,0.80016,1.03537,0.91324,0.66809,0.78725,0.56178,1.25983,1.22251,1.22847,0.00260668,0.00260668,0.00260668
1869,11468.8,1.03005,0.78826,1.03188,0.91025,0.66896,0.78739,0.56158,1.25937,1.2224,1.22831,0.00260272,0.00260272,0.00260272
1870,11473.5,1.02311,0.77175,1.03448,0.91347,0.66809,0.78709,0.56161,1.25899,1.2216,1.22804,0.00259876,0.00259876,0.00259876
1871,11478.2,1.03065,0.80019,1.03673,0.91248,0.67021,0.78718,0.56173,1.25883,1.22153,1.22789,0.0025948,0.0025948,0.0025948
1872,11482.9,1.01024,0.77977,1.03474,0.91236,0.67021,0.78719,0.56174,1.25871,1.22152,1.22772,0.00259084,0.00259084,0.00259084
1873,11488.5,1.04192,0.79972,1.04452,0.91302,0.67021,0.7873,0.56189,1.25841,1.22131,1.22746,0.00258688,0.00258688,0.00258688
1874,11497.8,1.01067,0.79023,1.03688,0.91439,0.67021,0.78743,0.56227,1.2581,1.22103,1.22732,0.00258292,0.00258292,0.00258292
1875,11507.3,1.03021,0.78896,1.03372,0.91699,0.67021,0.78773,0.56281,1.25794,1.22072,1.22728,0.00257896,0.00257896,0.00257896
1876,11515.5,1.00838,0.78581,1.03432,0.91951,0.67021,0.7876,0.5625,1.25756,1.21994,1.22702,0.002575,0.002575,0.002575
1877,11520.5,1.01975,0.78591,1.03843,0.91902,0.67021,0.78763,0.56194,1.25733,1.22,1.2269,0.00257104,0.00257104,0.00257104
1878,11525.3,1.02354,0.7863,1.02857,0.92154,0.67021,0.7881,0.56317,1.25707,1.21964,1.22677,0.00256708,0.00256708,0.00256708
1879,11530.7,1.01673,0.78369,1.03452,0.91899,0.67021,0.78804,0.56342,1.25692,1.21957,1.22673,0.00256312,0.00256312,0.00256312
1880,11535.9,1.02839,0.78693,1.04391,0.92119,0.67021,0.78806,0.56305,1.25668,1.21932,1.22661,0.00255916,0.00255916,0.00255916
1881,11540.8,1.01358,0.78798,1.03537,0.92118,0.67021,0.78805,0.56283,1.2565,1.21952,1.22643,0.0025552,0.0025552,0.0025552
1882,11545.6,1.02769,0.80156,1.03986,0.92142,0.67021,0.78811,0.56283,1.25602,1.21917,1.22616,0.00255124,0.00255124,0.00255124
1883,11550.8,1.004,0.78394,1.0341,0.92155,0.67021,0.78825,0.56294,1.25578,1.21905,1.22602,0.00254728,0.00254728,0.00254728
1884,11558.7,1.02145,0.77716,1.02643,0.92109,0.67021,0.78825,0.5633,1.25543,1.21895,1.22582,0.00254332,0.00254332,0.00254332
1885,11567.5,1.02476,0.78814,1.03707,0.92072,0.67021,0.78848,0.56314,1.25509,1.2184,1.22561,0.00253936,0.00253936,0.00253936
1886,11575.7,1.01733,0.78705,1.02928,0.92132,0.67021,0.78833,0.56335,1.25465,1.2186,1.2254,0.0025354,0.0025354,0.0025354
1887,11581.8,1.01446,0.79616,1.03415,0.92218,0.67021,0.7884,0.56338,1.25425,1.21817,1.22512,0.00253144,0.00253144,0.00253144
1888,11586.6,1.03343,0.79882,1.04528,0.92254,0.67021,0.78854,0.56367,1.25402,1.2178,1.22493,0.00252748,0.00252748,0.00252748
1889,11591.8,1.0076,0.78003,1.03622,0.89837,0.68298,0.78826,0.56295,1.25387,1.21778,1.22482,0.00252352,0.00252352,0.00252352
1890,11596.5,1.03119,0.80703,1.0441,0.8983,0.68298,0.78837,0.5635,1.25328,1.21745,1.22451,0.00251956,0.00251956,0.00251956
1891,11601.2,0.99637,0.78248,1.02867,0.91806,0.67021,0.78835,0.56345,1.25304,1.21742,1.22444,0.0025156,0.0025156,0.0025156
1892,11606,0.99693,0.77462,1.02799,0.91898,0.67021,0.78842,0.56363,1.25287,1.21755,1.2243,0.00251164,0.00251164,0.00251164
1893,11610.8,1.02847,0.81281,1.04348,0.8989,0.68298,0.78838,0.56339,1.25269,1.21728,1.22408,0.00250768,0.00250768,0.00250768
1894,11617.2,1.01367,0.79552,1.03986,0.89595,0.68298,0.7885,0.56301,1.25258,1.21718,1.22401,0.00250372,0.00250372,0.00250372
1895,11625.9,1.01785,0.79667,1.03351,0.89744,0.68298,0.78856,0.56321,1.25194,1.21694,1.22374,0.00249976,0.00249976,0.00249976
1896,11634.5,0.99604,0.7843,1.02896,0.89737,0.68298,0.78857,0.56311,1.25182,1.21701,1.22363,0.0024958,0.0024958,0.0024958
1897,11642.6,1.01994,0.77434,1.03645,0.89752,0.68298,0.78866,0.56374,1.25104,1.21635,1.22301,0.00249184,0.00249184,0.00249184
1898,11648.1,1.02166,0.79832,1.03421,0.89681,0.68414,0.78869,0.5636,1.25067,1.21591,1.22272,0.00248788,0.00248788,0.00248788
1899,11652.9,1.00109,0.77648,1.03045,0.89664,0.68511,0.78884,0.56416,1.25047,1.21568,1.2226,0.00248392,0.00248392,0.00248392
1900,11658.3,1.02006,0.78773,1.03671,0.89593,0.68511,0.78886,0.56417,1.25015,1.2159,1.22251,0.00247996,0.00247996,0.00247996
1901,11663.4,1.01689,0.79401,1.02835,0.89608,0.68511,0.78888,0.56431,1.2501,1.2158,1.22241,0.002476,0.002476,0.002476
1902,11668.6,1.01768,0.80154,1.03831,0.89701,0.68565,0.78891,0.56394,1.24965,1.21568,1.22232,0.00247204,0.00247204,0.00247204
1903,11673.4,1.00219,0.75408,1.03099,0.89701,0.68568,0.78888,0.56452,1.24923,1.21564,1.22218,0.00246808,0.00246808,0.00246808
1904,11680.1,1.01771,0.78451,1.037,0.89701,0.68568,0.78916,0.56497,1.2488,1.21531,1.22196,0.00246412,0.00246412,0.00246412
1905,11689.5,1.0202,0.79525,1.02869,0.89704,0.68591,0.78908,0.56523,1.24845,1.21518,1.22179,0.00246016,0.00246016,0.00246016
1906,11699.5,1.02236,0.80514,1.03369,0.89704,0.68591,0.78872,0.56519,1.24792,1.21499,1.22161,0.0024562,0.0024562,0.0024562
1907,11706.5,1.00778,0.77343,1.02538,0.89707,0.68612,0.78869,0.56503,1.24773,1.2145,1.22149,0.00245224,0.00245224,0.00245224
1908,11711.3,1.01973,0.79398,1.02933,0.89698,0.68542,0.78874,0.56531,1.24764,1.21422,1.22139,0.00244828,0.00244828,0.00244828
1909,11716.4,1.01267,0.78969,1.03484,0.89706,0.68606,0.78933,0.56465,1.24695,1.21404,1.22118,0.00244432,0.00244432,0.00244432
1910,11721.2,1.0215,0.78712,1.03387,0.89724,0.68734,0.78939,0.56471,1.24689,1.21348,1.2211,0.00244036,0.00244036,0.00244036
1911,11725.8,1.00073,0.78149,1.02723,0.89742,0.68868,0.78932,0.56473,1.24681,1.21337,1.22087,0.0024364,0.0024364,0.0024364
1912,11730.5,1.00687,0.78581,1.02761,0.89595,0.68936,0.78962,0.56462,1.24657,1.21311,1.22072,0.00243244,0.00243244,0.00243244
1913,11735.2,0.9938,0.78324,1.03044,0.89617,0.68936,0.78932,0.56463,1.24627,1.21287,1.22054,0.00242848,0.00242848,0.00242848
1914,11740,0.99599,0.78299,1.02441,0.89665,0.68936,0.78932,0.56449,1.2462,1.21267,1.22046,0.00242452,0.00242452,0.00242452
1915,11748.3,1.00839,0.77424,1.02518,0.8963,0.68936,0.78956,0.56426,1.24558,1.21256,1.22,0.00242056,0.00242056,0.00242056
1916,11756.9,1.00782,0.77705,1.03294,0.89648,0.68936,0.78941,0.56445,1.24556,1.21237,1.2201,0.0024166,0.0024166,0.0024166
1917,11765.6,1.00058,0.76591,1.02443,0.89678,0.68936,0.78949,0.56423,1.24522,1.2119,1.2198,0.00241264,0.00241264,0.00241264
1918,11771.8,1.00672,0.77346,1.0371,0.89709,0.68936,0.78961,0.56484,1.24506,1.21215,1.2196,0.00240868,0.00240868,0.00240868
1919,11776.4,0.99613,0.77206,1.02435,0.89736,0.68936,0.78959,0.5645,1.2448,1.21174,1.21957,0.00240472,0.00240472,0.00240472
1920,11781,1.00614,0.78617,1.0364,0.89791,0.68936,0.78935,0.56468,1.24462,1.21147,1.21934,0.00240076,0.00240076,0.00240076
1921,11785.7,1.02767,0.79936,1.03749,0.89857,0.68936,0.78936,0.56466,1.24435,1.21096,1.21916,0.0023968,0.0023968,0.0023968
1922,11790.5,1.00222,0.77515,1.02163,0.8982,0.68936,0.78949,0.56501,1.24405,1.21033,1.21909,0.00239284,0.00239284,0.00239284
1923,11795.2,0.99253,0.76015,1.02646,0.89774,0.68936,0.78939,0.56503,1.24363,1.2099,1.21887,0.00238888,0.00238888,0.00238888
1924,11799.9,1.00401,0.78134,1.02847,0.89798,0.68936,0.78956,0.5649,1.24337,1.20972,1.21855,0.00238492,0.00238492,0.00238492
1925,11805.6,1.00494,0.77789,1.03216,0.89807,0.68936,0.78976,0.56482,1.24341,1.20924,1.21864,0.00238096,0.00238096,0.00238096
1926,11813.9,1.01147,0.78057,1.02736,0.90024,0.69123,0.78964,0.56469,1.24311,1.20951,1.21846,0.002377,0.002377,0.002377
1927,11822.3,0.97864,0.75529,1.02299,0.90022,0.69106,0.78983,0.56464,1.24259,1.20875,1.21806,0.00237304,0.00237304,0.00237304
1928,11830.4,1.00584,0.78123,1.02595,0.90012,0.69031,0.78991,0.56523,1.24252,1.20885,1.21803,0.00236908,0.00236908,0.00236908
1929,11837,0.99101,0.76499,1.02705,0.90024,0.69119,0.78945,0.56494,1.24205,1.20851,1.21769,0.00236512,0.00236512,0.00236512
1930,11844.8,1.01129,0.77504,1.02622,0.90026,0.69133,0.7896,0.56526,1.24182,1.20858,1.21748,0.00236116,0.00236116,0.00236116
1931,11853.4,0.98814,0.76888,1.02699,0.90021,0.69098,0.78956,0.56546,1.24158,1.20836,1.21728,0.0023572,0.0023572,0.0023572
1932,11862.7,1.00913,0.79088,1.02593,0.89653,0.69149,0.78962,0.56527,1.2412,1.20817,1.21723,0.00235324,0.00235324,0.00235324
1933,11868.5,1.01429,0.80283,1.03547,0.89776,0.69123,0.78947,0.56623,1.24111,1.20792,1.21708,0.00234928,0.00234928,0.00234928
1934,11873.7,0.9904,0.76073,1.02266,0.89681,0.69149,0.78961,0.56582,1.24035,1.20725,1.21665,0.00234532,0.00234532,0.00234532
1935,11878.6,0.99109,0.75951,1.02096,0.89702,0.69149,0.78959,0.56567,1.24019,1.20706,1.21655,0.00234136,0.00234136,0.00234136
1936,11883.6,0.97583,0.74811,1.0197,0.89638,0.69149,0.78962,0.56613,1.23985,1.20642,1.21641,0.0023374,0.0023374,0.0023374
1937,11888.4,1.00004,0.77257,1.03006,0.89729,0.69149,0.78964,0.56604,1.23951,1.20638,1.21598,0.00233344,0.00233344,0.00233344
1938,11893.2,0.99828,0.77781,1.02425,0.89623,0.69149,0.78961,0.56647,1.23925,1.20633,1.21593,0.00232948,0.00232948,0.00232948
1939,11898.9,0.99374,0.76153,1.02856,0.89642,0.69149,0.79008,0.56636,1.23901,1.20562,1.21576,0.00232552,0.00232552,0.00232552
1940,11907.4,1.00888,0.78144,1.04185,0.89672,0.69149,0.79002,0.5666,1.23863,1.20564,1.21548,0.00232156,0.00232156,0.00232156
1941,11917.5,1.00817,0.76522,1.02623,0.89799,0.69149,0.79009,0.56669,1.23817,1.205,1.21524,0.0023176,0.0023176,0.0023176
1942,11926.4,1.03246,0.79132,1.0318,0.89835,0.69149,0.7901,0.5674,1.23777,1.20471,1.21499,0.00231364,0.00231364,0.00231364
1943,11931.7,1.00408,0.77953,1.03112,0.89894,0.69149,0.79015,0.56737,1.23729,1.20432,1.21483,0.00230968,0.00230968,0.00230968
1944,11936.6,1.00476,0.77738,1.02676,0.89798,0.69149,0.79035,0.56795,1.23723,1.20429,1.21469,0.00230572,0.00230572,0.00230572
1945,11942.2,1.01143,0.78808,1.0321,0.89737,0.69149,0.79034,0.56783,1.23704,1.20397,1.21446,0.00230176,0.00230176,0.00230176
1946,11947.3,1.0012,0.78804,1.02719,0.89787,0.69207,0.79047,0.56754,1.23667,1.20367,1.21425,0.0022978,0.0022978,0.0022978
1947,11952.1,0.99221,0.76619,1.01737,0.90041,0.69249,0.79069,0.5677,1.23646,1.20325,1.21412,0.00229384,0.00229384,0.00229384
1948,11957,1.01077,0.79301,1.03008,0.90041,0.69254,0.79074,0.56784,1.23618,1.20229,1.21358,0.00228988,0.00228988,0.00228988
1949,11963.6,0.97982,0.76427,1.01821,0.8979,0.69231,0.79061,0.56775,1.23594,1.2022,1.21339,0.00228592,0.00228592,0.00228592
1950,11973,0.9924,0.76923,1.037,0.90055,0.6936,0.7911,0.56801,1.23563,1.20175,1.21322,0.00228196,0.00228196,0.00228196
1951,11981.7,0.99418,0.76971,1.02683,0.89876,0.69362,0.79086,0.5681,1.23524,1.20187,1.21295,0.002278,0.002278,0.002278
1952,11987,0.97999,0.75065,1.0231,0.90029,0.69362,0.79113,0.56829,1.23504,1.20157,1.21285,0.00227404,0.00227404,0.00227404
1953,11992.1,1.00197,0.77627,1.02594,0.89958,0.69362,0.7912,0.56855,1.23453,1.20123,1.21264,0.00227008,0.00227008,0.00227008
1954,11997.1,0.99835,0.76283,1.02373,0.89797,0.69362,0.79133,0.56823,1.23414,1.20052,1.21242,0.00226612,0.00226612,0.00226612
1955,12001.7,1.00012,0.77005,1.01645,0.89784,0.69362,0.79138,0.56861,1.23355,1.20033,1.21214,0.00226216,0.00226216,0.00226216
1956,12006.8,0.9974,0.78169,1.02053,0.89751,0.69362,0.79144,0.56862,1.23319,1.19975,1.21193,0.0022582,0.0022582,0.0022582
1957,12011.9,0.99116,0.76188,1.02133,0.89737,0.69362,0.79156,0.56863,1.23273,1.19949,1.2117,0.00225424,0.00225424,0.00225424
1958,12018.6,0.97528,0.75699,1.02193,0.89725,0.69362,0.79164,0.56843,1.23245,1.19896,1.21143,0.00225028,0.00225028,0.00225028
1959,12027.3,1.00168,0.78116,1.02772,0.89717,0.69362,0.79166,0.56843,1.23262,1.19904,1.21138,0.00224632,0.00224632,0.00224632
1960,12035.8,0.99344,0.76113,1.02233,0.89719,0.69362,0.79162,0.56838,1.23197,1.19838,1.21109,0.00224236,0.00224236,0.00224236
1961,12041.9,1.01407,0.78508,1.03688,0.89753,0.69362,0.7917,0.56864,1.23172,1.1984,1.21103,0.0022384,0.0022384,0.0022384
1962,12051.3,0.96829,0.75352,1.01632,0.89689,0.69362,0.79178,0.56837,1.23149,1.19805,1.21073,0.00223444,0.00223444,0.00223444
1963,12059.8,1.01898,0.77568,1.03047,0.89773,0.69362,0.79163,0.56879,1.23122,1.19755,1.21049,0.00223048,0.00223048,0.00223048
1964,12065.5,0.97171,0.7576,1.01585,0.89764,0.69362,0.79179,0.56854,1.23104,1.19722,1.21032,0.00222652,0.00222652,0.00222652
1965,12070.1,0.97797,0.76131,1.02011,0.90031,0.69362,0.79184,0.56861,1.23066,1.19682,1.21006,0.00222256,0.00222256,0.00222256
1966,12074.8,0.99873,0.77583,1.02985,0.90003,0.69362,0.79177,0.56865,1.23027,1.19636,1.20988,0.0022186,0.0022186,0.0022186
1967,12079.7,1.00397,0.77887,1.03061,0.90067,0.69362,0.79184,0.56875,1.22997,1.19608,1.20969,0.00221464,0.00221464,0.00221464
1968,12084.5,0.9814,0.74937,1.02123,0.90093,0.69362,0.79206,0.56876,1.2296,1.19569,1.20939,0.00221068,0.00221068,0.00221068
1969,12089.8,0.98211,0.75438,1.02265,0.908,0.68936,0.79219,0.56913,1.22912,1.19502,1.20918,0.00220672,0.00220672,0.00220672
1970,12095.3,0.96042,0.7475,1.01609,0.9082,0.68936,0.79214,0.56953,1.22878,1.19442,1.209,0.00220276,0.00220276,0.00220276
1971,12104.3,1.00413,0.77479,1.02834,0.9089,0.68936,0.7922,0.56943,1.22865,1.19444,1.20891,0.0021988,0.0021988,0.0021988
1972,12113,0.99229,0.77271,1.02352,0.9087,0.68936,0.79222,0.56949,1.22848,1.194,1.20878,0.00219484,0.00219484,0.00219484
1973,12119,0.99705,0.77209,1.02593,0.90882,0.68936,0.79222,0.56974,1.2282,1.19304,1.2088,0.00219088,0.00219088,0.00219088
1974,12124.8,0.98834,0.75033,1.02014,0.90793,0.68936,0.79219,0.5699,1.22794,1.19266,1.20864,0.00218692,0.00218692,0.00218692
1975,12129.9,0.97375,0.76578,1.02202,0.90839,0.68936,0.79258,0.57004,1.22749,1.192,1.20825,0.00218296,0.00218296,0.00218296
1976,12135,0.99077,0.77189,1.02504,0.90764,0.68936,0.79247,0.57007,1.22703,1.19232,1.20808,0.002179,0.002179,0.002179
1977,12140.2,0.98717,0.78399,1.02587,0.90767,0.69025,0.79257,0.56978,1.22705,1.19165,1.20807,0.00217504,0.00217504,0.00217504
1978,12145,0.99128,0.76784,1.0309,0.90769,0.6904,0.79257,0.5703,1.22672,1.1919,1.20793,0.00217108,0.00217108,0.00217108
1979,12150.7,0.97854,0.75089,1.01881,0.90763,0.68992,0.79262,0.57053,1.22607,1.1915,1.20763,0.00216712,0.00216712,0.00216712
1980,12160.8,0.98378,0.76066,1.02104,0.90741,0.68723,0.79252,0.57056,1.22603,1.19093,1.20736,0.00216316,0.00216316,0.00216316
1981,12170.4,0.98389,0.76339,1.01552,0.90736,0.68766,0.79261,0.57064,1.2255,1.19048,1.20713,0.0021592,0.0021592,0.0021592
1982,12175.8,0.98467,0.7706,1.01846,0.90736,0.68766,0.7926,0.57059,1.22529,1.19031,1.20704,0.00215524,0.00215524,0.00215524
1983,12180.6,0.97437,0.75781,1.02026,0.90743,0.6883,0.79262,0.57074,1.22513,1.19012,1.20681,0.00215128,0.00215128,0.00215128
1984,12185.6,0.98535,0.77326,1.03072,0.90808,0.68723,0.79278,0.57081,1.22498,1.1894,1.20658,0.00214732,0.00214732,0.00214732
1985,12190.6,0.98575,0.75533,1.02473,0.90773,0.68723,0.793,0.5711,1.22461,1.18885,1.20638,0.00214336,0.00214336,0.00214336
1986,12195.6,0.99526,0.76909,1.02584,0.90879,0.68723,0.79305,0.57111,1.22448,1.18879,1.2062,0.0021394,0.0021394,0.0021394
1987,12200.8,0.99951,0.76441,1.02388,0.90997,0.68818,0.79333,0.57096,1.22415,1.18841,1.20589,0.00213544,0.00213544,0.00213544
1988,12205.9,0.98347,0.76562,1.02848,0.90944,0.68723,0.7932,0.57099,1.22388,1.18837,1.20575,0.00213148,0.00213148,0.00213148
1989,12214,0.97438,0.75023,1.01152,0.90898,0.68723,0.79336,0.57124,1.22345,1.18849,1.20552,0.00212752,0.00212752,0.00212752
1990,12223.8,0.98181,0.75864,1.01114,0.90888,0.68723,0.79347,0.57141,1.2232,1.18791,1.20551,0.00212356,0.00212356,0.00212356
1991,12230.2,0.98014,0.76271,1.01698,0.90775,0.68723,0.79358,0.57118,1.22301,1.18762,1.20513,0.0021196,0.0021196,0.0021196
1992,12235,0.97935,0.74594,1.02334,0.90846,0.68723,0.79364,0.57145,1.2227,1.18741,1.20498,0.00211564,0.00211564,0.00211564
1993,12240.2,0.97921,0.76701,1.02235,0.90863,0.68723,0.79366,0.57176,1.22209,1.18652,1.20493,0.00211168,0.00211168,0.00211168
1994,12245.4,0.99412,0.75079,1.02158,0.90914,0.68723,0.79377,0.57176,1.22173,1.18617,1.20466,0.00210772,0.00210772,0.00210772
1995,12250.5,0.98788,0.76495,1.0252,0.91001,0.68847,0.79401,0.57288,1.22164,1.18617,1.20466,0.00210376,0.00210376,0.00210376
1996,12255.8,0.97923,0.75992,1.0224,0.90869,0.68723,0.79394,0.57197,1.22156,1.18597,1.20466,0.0020998,0.0020998,0.0020998
1997,12261,0.97966,0.74825,1.01638,0.91077,0.68723,0.794,0.57286,1.22112,1.18525,1.20442,0.00209584,0.00209584,0.00209584
1998,12268.8,1.00047,0.76888,1.02436,0.90834,0.68723,0.79407,0.57268,1.22105,1.18566,1.2044,0.00209188,0.00209188,0.00209188
1999,12277.2,0.97602,0.75924,1.01892,0.91193,0.68723,0.79427,0.57303,1.22071,1.18502,1.20428,0.00208792,0.00208792,0.00208792
2000,12284.4,0.97701,0.75851,1.0249,0.91191,0.68723,0.79417,0.57247,1.21998,1.18477,1.20393,0.00208396,0.00208396,0.00208396
2001,12289.2,0.97287,0.7455,1.01814,0.91254,0.68821,0.79442,0.57339,1.21988,1.18466,1.20373,0.00208,0.00208,0.00208
2002,12294.3,0.98502,0.75586,1.01573,0.91246,0.68753,0.79444,0.57277,1.21965,1.18438,1.2036,0.00207604,0.00207604,0.00207604
2003,12299,0.95503,0.73798,1.01333,0.91236,0.68666,0.79455,0.57308,1.21893,1.18434,1.20314,0.00207208,0.00207208,0.00207208
2004,12303.7,0.9806,0.76005,1.01621,0.91236,0.68662,0.79452,0.57317,1.21879,1.18425,1.20293,0.00206812,0.00206812,0.00206812
2005,12308.6,0.96014,0.73403,1.01097,0.91106,0.68723,0.79446,0.57327,1.21849,1.18424,1.20276,0.00206416,0.00206416,0.00206416
2006,12313.3,0.98399,0.75895,1.02066,0.91236,0.68665,0.79466,0.57348,1.21814,1.18332,1.20254,0.0020602,0.0020602,0.0020602
2007,12320.3,0.97454,0.7625,1.0168,0.91236,0.68663,0.79477,0.57354,1.21816,1.18363,1.20248,0.00205624,0.00205624,0.00205624
2008,12330,0.99467,0.75583,1.02663,0.91236,0.68661,0.7946,0.5731,1.21785,1.18322,1.20234,0.00205228,0.00205228,0.00205228
2009,12337.5,0.96171,0.74071,1.01618,0.88678,0.69992,0.79476,0.57337,1.21741,1.18257,1.20195,0.00204832,0.00204832,0.00204832
2010,12342.4,0.96871,0.7617,1.01964,0.90706,0.68511,0.79457,0.57366,1.21724,1.18279,1.20194,0.00204436,0.00204436,0.00204436
2011,12347.5,0.96633,0.75746,1.02182,0.90323,0.69509,0.79491,0.57384,1.21678,1.18263,1.20182,0.0020404,0.0020404,0.0020404
2012,12352.7,0.98514,0.76528,1.01801,0.9077,0.69049,0.79499,0.57365,1.21677,1.18183,1.20154,0.00203644,0.00203644,0.00203644
2013,12357.4,0.98197,0.75799,1.01301,0.90774,0.69079,0.79505,0.57381,1.21653,1.18174,1.20134,0.00203248,0.00203248,0.00203248
2014,12362.4,0.97362,0.75455,1.01282,0.90779,0.68511,0.79499,0.57416,1.2161,1.18132,1.20119,0.00202852,0.00202852,0.00202852
2015,12367.6,0.98264,0.75531,1.02148,0.90712,0.68578,0.79491,0.57383,1.21604,1.181,1.20105,0.00202456,0.00202456,0.00202456
2016,12373.4,0.97199,0.75079,1.00915,0.90726,0.68511,0.79497,0.57417,1.21584,1.18117,1.2009,0.0020206,0.0020206,0.0020206
2017,12383,0.98932,0.76058,1.02801,0.90742,0.68511,0.79512,0.57412,1.2156,1.18074,1.20062,0.00201664,0.00201664,0.00201664
2018,12391.4,0.9901,0.77259,1.01797,0.90779,0.68511,0.79512,0.57415,1.21524,1.18008,1.2003,0.00201268,0.00201268,0.00201268
2019,12396.2,0.97476,0.75905,1.0204,0.90763,0.68511,0.79537,0.57432,1.21493,1.18019,1.2002,0.00200872,0.00200872,0.00200872
2020,12401.4,0.96614,0.74721,1.00964,0.9075,0.68511,0.79536,0.5741,1.21478,1.18,1.19994,0.00200476,0.00200476,0.00200476
2021,12406,0.98853,0.7619,1.02106,0.9072,0.68511,0.79545,0.57514,1.2145,1.17963,1.19988,0.0020008,0.0020008,0.0020008
2022,12411,0.97535,0.747,1.0179,0.89953,0.69362,0.79553,0.57489,1.21409,1.17949,1.19965,0.00199684,0.00199684,0.00199684
2023,12415.7,0.96306,0.74686,1.011,0.8997,0.69362,0.79564,0.57522,1.21379,1.17884,1.19944,0.00199288,0.00199288,0.00199288
2024,12420.9,0.95848,0.75198,1.01134,0.89953,0.69362,0.7956,0.57474,1.21341,1.1791,1.1993,0.00198892,0.00198892,0.00198892
2025,12425.7,0.9619,0.75537,1.01614,0.90183,0.69362,0.79585,0.57497,1.21332,1.17827,1.199,0.00198496,0.00198496,0.00198496
2026,12432.8,0.95053,0.73251,1.0134,0.89975,0.69362,0.79574,0.57504,1.21301,1.1782,1.19882,0.001981,0.001981,0.001981
2027,12441.3,0.94843,0.72754,1.00536,0.904,0.69362,0.79614,0.57532,1.21265,1.17802,1.19872,0.00197704,0.00197704,0.00197704
2028,12449.4,0.97353,0.75548,1.02247,0.90332,0.69362,0.79634,0.5762,1.2123,1.17772,1.19852,0.00197308,0.00197308,0.00197308
2029,12454.5,0.98924,0.7637,1.02555,0.90351,0.69362,0.79618,0.57573,1.21214,1.17711,1.19843,0.00196912,0.00196912,0.00196912
2030,12459.4,0.9713,0.75174,1.01893,0.90346,0.69362,0.79637,0.57552,1.21169,1.17663,1.19828,0.00196516,0.00196516,0.00196516
2031,12464.2,0.95459,0.74097,1.00581,0.89047,0.69787,0.79654,0.5766,1.21151,1.17671,1.19814,0.0019612,0.0019612,0.0019612
2032,12469.4,0.97745,0.74484,1.01385,0.89584,0.69787,0.79665,0.57605,1.21129,1.17691,1.19806,0.00195724,0.00195724,0.00195724
2033,12474.3,0.95792,0.74177,1.0202,0.89136,0.69824,0.79685,0.57641,1.21117,1.17654,1.19793,0.00195328,0.00195328,0.00195328
2034,12479.3,0.94999,0.72248,1.00732,0.89386,0.69877,0.79678,0.57617,1.21033,1.17606,1.19771,0.00194932,0.00194932,0.00194932
2035,12485.5,0.9748,0.75468,1.02063,0.89379,0.69829,0.79682,0.57725,1.21023,1.17588,1.1976,0.00194536,0.00194536,0.00194536
2036,12495.1,0.96799,0.74841,1.01734,0.89467,0.69787,0.7969,0.5767,1.21013,1.17554,1.1974,0.0019414,0.0019414,0.0019414
2037,12503.6,0.97565,0.74799,1.01114,0.8939,0.69787,0.79688,0.57656,1.20993,1.1753,1.1974,0.00193744,0.00193744,0.00193744
2038,12508.4,0.96978,0.74667,1.01078,0.89632,0.69898,0.79688,0.57696,1.21005,1.17551,1.19735,0.00193348,0.00193348,0.00193348
2039,12513.4,0.96143,0.75121,1.01297,0.89641,0.69961,0.79698,0.57774,1.20965,1.1752,1.19718,0.00192952,0.00192952,0.00192952
2040,12518.5,0.95697,0.74129,1.01488,0.89644,0.69985,0.79706,0.5769,1.20911,1.17462,1.19695,0.00192556,0.00192556,0.00192556
2041,12523.2,0.98264,0.76664,1.01748,0.89638,0.69942,0.79706,0.57848,1.20907,1.17394,1.19678,0.0019216,0.0019216,0.0019216
2042,12528.3,0.94431,0.72399,1.01215,0.89638,0.69941,0.79717,0.57788,1.20905,1.17397,1.19673,0.00191764,0.00191764,0.00191764
2043,12533,0.98759,0.7562,1.02417,0.89645,0.69994,0.79721,0.5782,1.20853,1.17341,1.19654,0.00191368,0.00191368,0.00191368
2044,12537.9,0.96292,0.74875,1.01987,0.89889,0.69986,0.79762,0.57763,1.20853,1.1734,1.19648,0.00190972,0.00190972,0.00190972
2045,12544.8,0.97178,0.76681,1.02315,0.89898,0.70059,0.79759,0.57854,1.20832,1.17286,1.19628,0.00190576,0.00190576,0.00190576
2046,12554.2,0.95411,0.73278,1.01082,0.89907,0.70125,0.79764,0.57844,1.20793,1.17245,1.19604,0.0019018,0.0019018,0.0019018
2047,12561.9,0.96047,0.7383,1.00937,0.89895,0.7003,0.79781,0.57867,1.2078,1.17212,1.19617,0.00189784,0.00189784,0.00189784
2048,12567,0.98034,0.74591,1.01758,0.89906,0.70117,0.79783,0.57841,1.20767,1.17163,1.19592,0.00189388,0.00189388,0.00189388
2049,12571.6,0.95757,0.7342,1.01265,0.8989,0.70213,0.79778,0.57868,1.20763,1.17125,1.19584,0.00188992,0.00188992,0.00188992
2050,12576.8,0.96398,0.73353,1.01042,0.89871,0.70213,0.79786,0.5783,1.2073,1.17168,1.19581,0.00188596,0.00188596,0.00188596
2051,12581.6,0.96035,0.73391,1.01519,0.89837,0.70213,0.79783,0.57893,1.2073,1.17131,1.19565,0.001882,0.001882,0.001882
2052,12586.9,0.95539,0.7413,1.02063,0.89911,0.70156,0.79794,0.57902,1.20681,1.17103,1.19535,0.00187804,0.00187804,0.00187804
2053,12592,0.96917,0.75734,1.01458,0.8982,0.70213,0.79797,0.57919,1.20652,1.17094,1.19524,0.00187408,0.00187408,0.00187408
2054,12598.7,0.96262,0.74593,1.01308,0.89831,0.70213,0.79641,0.57904,1.20602,1.17086,1.19507,0.00187012,0.00187012,0.00187012
2055,12607.4,0.96715,0.74138,1.02232,0.89841,0.70213,0.79648,0.5791,1.20596,1.1704,1.19499,0.00186616,0.00186616,0.00186616
2056,12615.4,0.95676,0.73592,1.01198,0.89831,0.70213,0.79665,0.57985,1.20569,1.17026,1.19479,0.0018622,0.0018622,0.0018622
2057,12620.8,0.9586,0.72737,0.99776,0.89804,0.70213,0.79667,0.57979,1.20563,1.16943,1.19457,0.00185824,0.00185824,0.00185824
2058,12625.5,0.95673,0.72699,1.01071,0.89809,0.70213,0.79673,0.57962,1.20531,1.16897,1.19435,0.00185428,0.00185428,0.00185428
2059,12630.2,0.97643,0.749,1.02163,0.89821,0.70213,0.79677,0.57948,1.20503,1.16893,1.19424,0.00185032,0.00185032,0.00185032
2060,12634.9,0.97844,0.75062,1.01541,0.89824,0.70213,0.79678,0.57967,1.20484,1.16885,1.1941,0.00184636,0.00184636,0.00184636
2061,12639.8,0.94967,0.72031,1.01619,0.89777,0.70213,0.79678,0.57968,1.20458,1.16866,1.19397,0.0018424,0.0018424,0.0018424
2062,12644.5,0.97225,0.75348,1.01739,0.89543,0.70213,0.79679,0.57975,1.20421,1.16839,1.19377,0.00183844,0.00183844,0.00183844
2063,12649.2,0.96665,0.74887,1.01486,0.89598,0.70213,0.79688,0.57979,1.20429,1.168,1.19368,0.00183448,0.00183448,0.00183448
2064,12657.2,0.93891,0.72153,1.00654,0.89528,0.70213,0.79669,0.57958,1.20376,1.16766,1.19354,0.00183052,0.00183052,0.00183052
2065,12665.9,0.96448,0.73395,1.01482,0.89468,0.70213,0.7968,0.57969,1.204,1.1678,1.19351,0.00182656,0.00182656,0.00182656
2066,12673,0.96053,0.75124,1.00988,0.89477,0.70213,0.7968,0.57937,1.20361,1.1674,1.19338,0.0018226,0.0018226,0.0018226
2067,12677.8,0.97074,0.74164,1.01265,0.89466,0.70213,0.79686,0.57983,1.20337,1.16692,1.1932,0.00181864,0.00181864,0.00181864
2068,12682.9,0.95434,0.74849,1.01501,0.89345,0.70213,0.79737,0.57993,1.20305,1.16641,1.19295,0.00181468,0.00181468,0.00181468
2069,12688,0.93984,0.73539,1.01431,0.89137,0.70213,0.79732,0.5806,1.20279,1.16647,1.19284,0.00181072,0.00181072,0.00181072
2070,12693,0.95267,0.74297,1.00424,0.89274,0.70213,0.79734,0.58053,1.2027,1.1666,1.19273,0.00180676,0.00180676,0.00180676
2071,12697.7,0.97477,0.76533,1.01645,0.89416,0.70213,0.79745,0.58095,1.20213,1.16618,1.1925,0.0018028,0.0018028,0.0018028
2072,12703,0.95486,0.73417,1.01053,0.89439,0.70213,0.79762,0.58081,1.20198,1.16613,1.19235,0.00179884,0.00179884,0.00179884
2073,12709.1,0.98442,0.75207,1.01786,0.89439,0.70213,0.79765,0.58114,1.20143,1.16564,1.19211,0.00179488,0.00179488,0.00179488
2074,12718.3,0.95795,0.73908,1.01164,0.89124,0.70213,0.79774,0.5816,1.20089,1.16514,1.19193,0.00179092,0.00179092,0.00179092
2075,12727.3,0.98482,0.75775,1.03263,0.89325,0.70213,0.79784,0.58162,1.20046,1.16499,1.19172,0.00178696,0.00178696,0.00178696
2076,12732.7,0.94833,0.74286,1.00908,0.89318,0.70213,0.7979,0.58156,1.20059,1.16484,1.19168,0.001783,0.001783,0.001783
2077,12737.5,0.9758,0.74109,1.01857,0.89283,0.70213,0.79789,0.58092,1.20021,1.16449,1.19147,0.00177904,0.00177904,0.00177904
2078,12742.2,0.94669,0.75108,1.00903,0.89631,0.70213,0.79785,0.5811,1.20007,1.164,1.19138,0.00177508,0.00177508,0.00177508
2079,12747,0.96607,0.74922,1.0138,0.89391,0.70213,0.79813,0.58175,1.19955,1.16352,1.19115,0.00177112,0.00177112,0.00177112
2080,12752.2,0.95795,0.74256,1.01209,0.89275,0.70213,0.79816,0.58194,1.19915,1.16299,1.19093,0.00176716,0.00176716,0.00176716
2081,12757.3,0.9391,0.72207,1.0036,0.89196,0.70263,0.79811,0.58192,1.199,1.16316,1.19079,0.0017632,0.0017632,0.0017632
2082,12761.9,0.96482,0.75299,1.00818,0.89206,0.70337,0.79818,0.58093,1.1988,1.16301,1.19064,0.00175924,0.00175924,0.00175924
2083,12769.8,0.95998,0.74634,1.0104,0.89217,0.70414,0.79823,0.58194,1.19846,1.1632,1.19051,0.00175528,0.00175528,0.00175528
2084,12779,0.95032,0.73362,1.01611,0.88812,0.70426,0.79837,0.58197,1.19823,1.16273,1.19041,0.00175132,0.00175132,0.00175132
2085,12786.1,0.94109,0.71516,1.0081,0.89108,0.70426,0.79833,0.58204,1.19813,1.16303,1.19036,0.00174736,0.00174736,0.00174736
2086,12791.3,0.95752,0.7405,1.01253,0.88941,0.70426,0.79849,0.58259,1.19768,1.16239,1.19016,0.0017434,0.0017434,0.0017434
2087,12796.4,0.96094,0.74701,1.00894,0.88692,0.70426,0.79843,0.5821,1.19744,1.16235,1.18994,0.00173944,0.00173944,0.00173944
2088,12801,0.95535,0.73464,1.00642,0.8853,0.70426,0.79852,0.58221,1.19701,1.16169,1.18967,0.00173548,0.00173548,0.00173548
2089,12805.8,0.96493,0.74996,1.01659,0.88274,0.70474,0.79851,0.5823,1.19665,1.16148,1.18948,0.00173152,0.00173152,0.00173152
2090,12810.5,0.93467,0.72886,1.00978,0.88486,0.70426,0.79862,0.58255,1.19629,1.16113,1.18927,0.00172756,0.00172756,0.00172756
2091,12815.2,0.9497,0.73751,1.01337,0.88527,0.70426,0.79901,0.58277,1.19586,1.1608,1.1891,0.0017236,0.0017236,0.0017236
2092,12821.9,0.96726,0.73815,1.01144,0.88509,0.70469,0.79861,0.58254,1.19569,1.16073,1.18897,0.00171964,0.00171964,0.00171964
2093,12830.7,0.94012,0.72468,1.01038,0.88519,0.7054,0.79861,0.58281,1.1954,1.16039,1.1888,0.00171568,0.00171568,0.00171568
2094,12839.1,0.96062,0.72912,1.01045,0.88515,0.70512,0.799,0.58279,1.19494,1.16009,1.18852,0.00171172,0.00171172,0.00171172
2095,12844.5,0.94546,0.73666,1.00476,0.88535,0.70653,0.79901,0.58333,1.19488,1.16001,1.18855,0.00170776,0.00170776,0.00170776
2096,12849.6,0.93376,0.72659,1.00894,0.88467,0.70851,0.79899,0.58336,1.1944,1.15958,1.18819,0.0017038,0.0017038,0.0017038
2097,12854.8,0.93323,0.71962,1.00246,0.88541,0.70689,0.79904,0.58323,1.19388,1.15956,1.18792,0.00169984,0.00169984,0.00169984
2098,12859.4,0.94188,0.72821,1.00857,0.88531,0.70851,0.79925,0.5833,1.1939,1.15947,1.18787,0.00169588,0.00169588,0.00169588
2099,12864.1,0.92592,0.71645,0.9967,0.88496,0.70851,0.79922,0.58357,1.19361,1.15896,1.18773,0.00169192,0.00169192,0.00169192
2100,12869.4,0.96041,0.74142,1.00651,0.88354,0.70851,0.79919,0.58361,1.19328,1.15853,1.18746,0.00168796,0.00168796,0.00168796
2101,12875,0.95013,0.74184,1.01028,0.88352,0.7101,0.79927,0.58366,1.1929,1.158,1.18735,0.001684,0.001684,0.001684
2102,12884.4,0.93446,0.73018,1.0013,0.88353,0.7102,0.7994,0.58368,1.1927,1.15803,1.18724,0.00168004,0.00168004,0.00168004
2103,12894.5,0.96271,0.74752,1.008,0.88606,0.71147,0.79962,0.58414,1.19229,1.15761,1.18699,0.00167608,0.00167608,0.00167608
2104,12900.4,0.95083,0.73,1.00684,0.88622,0.71277,0.79973,0.58391,1.19223,1.15759,1.1869,0.00167212,0.00167212,0.00167212
2105,12905.2,0.95749,0.74447,1.0131,0.88617,0.71277,0.79967,0.58463,1.19175,1.15728,1.18676,0.00166816,0.00166816,0.00166816
2106,12910.3,0.93244,0.71531,0.99763,0.88619,0.71277,0.79979,0.58473,1.19168,1.15737,1.1867,0.0016642,0.0016642,0.0016642
2107,12915.4,0.9353,0.72358,0.99907,0.88571,0.71277,0.79985,0.58484,1.19098,1.15631,1.18639,0.00166024,0.00166024,0.00166024
2108,12920.4,0.94319,0.7206,1.00983,0.88575,0.71277,0.79981,0.58445,1.19096,1.1563,1.18626,0.00165628,0.00165628,0.00165628
2109,12925.1,0.95319,0.7372,1.0089,0.88566,0.71277,0.79989,0.58483,1.19077,1.15567,1.18605,0.00165232,0.00165232,0.00165232
2110,12930.2,0.95053,0.73866,1.00896,0.88562,0.71277,0.79992,0.5851,1.19045,1.15574,1.18591,0.00164836,0.00164836,0.00164836
2111,12937.9,0.94699,0.74044,1.00778,0.88553,0.71277,0.79997,0.58543,1.19041,1.15578,1.18579,0.0016444,0.0016444,0.0016444
2112,12948.1,0.93247,0.7203,1.0028,0.88555,0.71277,0.80017,0.58494,1.18999,1.15511,1.18565,0.00164044,0.00164044,0.00164044
2113,12955.9,0.94375,0.73612,1.00459,0.88546,0.71277,0.80012,0.58524,1.18964,1.15457,1.1854,0.00163648,0.00163648,0.00163648
2114,12960.6,0.95142,0.74179,1.0109,0.88524,0.71277,0.8004,0.58588,1.18964,1.15451,1.18524,0.00163252,0.00163252,0.00163252
2115,12965.8,0.94919,0.72518,1.00614,0.88545,0.71277,0.80029,0.5859,1.18902,1.15423,1.18498,0.00162856,0.00162856,0.00162856
2116,12971,0.93256,0.71965,1.00167,0.88572,0.71277,0.8006,0.58604,1.18881,1.15341,1.18479,0.0016246,0.0016246,0.0016246
2117,12976.2,0.93433,0.74021,1.00025,0.88536,0.71277,0.80085,0.58685,1.18833,1.1533,1.18457,0.00162064,0.00162064,0.00162064
2118,12981.4,0.94459,0.7272,1.00311,0.88523,0.71277,0.80088,0.58716,1.18823,1.15298,1.18442,0.00161668,0.00161668,0.00161668
2119,12986.7,0.93386,0.72289,1.00548,0.88515,0.71277,0.80061,0.58672,1.1883,1.1531,1.18441,0.00161272,0.00161272,0.00161272
2120,12992.6,0.93087,0.72571,1.01193,0.88513,0.71277,0.80072,0.58681,1.18802,1.15234,1.18411,0.00160876,0.00160876,0.00160876
2121,13001.3,0.95434,0.74532,1.00877,0.88465,0.71277,0.80074,0.58719,1.1877,1.15265,1.18406,0.0016048,0.0016048,0.0016048
2122,13010.6,0.94386,0.73061,1.00186,0.88516,0.71277,0.80103,0.58716,1.18752,1.15217,1.18387,0.00160084,0.00160084,0.00160084
2123,13016.1,0.95662,0.73076,1.00744,0.88526,0.71277,0.80117,0.58682,1.18743,1.15179,1.18376,0.00159688,0.00159688,0.00159688
2124,13020.7,0.93187,0.71314,1.00097,0.8851,0.71277,0.80121,0.58709,1.18709,1.15149,1.18357,0.00159292,0.00159292,0.00159292
2125,13025.3,0.92744,0.72002,1.00144,0.89002,0.71277,0.80167,0.58717,1.18694,1.1512,1.18339,0.00158896,0.00158896,0.00158896
2126,13030.3,0.94629,0.72342,1.00725,0.88989,0.71277,0.80174,0.58712,1.18667,1.15084,1.18322,0.001585,0.001585,0.001585
2127,13034.9,0.93655,0.71941,0.99854,0.8898,0.71277,0.80166,0.58702,1.18647,1.15088,1.18308,0.00158104,0.00158104,0.00158104
2128,13039.6,0.94067,0.72461,1.00536,0.88978,0.71277,0.80173,0.58677,1.18631,1.15059,1.18304,0.00157708,0.00157708,0.00157708
2129,13044.3,0.95837,0.74312,1.00926,0.89068,0.71277,0.8019,0.58709,1.18578,1.15033,1.18267,0.00157312,0.00157312,0.00157312
2130,13050.9,0.95392,0.73948,1.01517,0.88985,0.71277,0.80156,0.58712,1.18562,1.15005,1.18262,0.00156916,0.00156916,0.00156916
2131,13059.6,0.97063,0.75327,1.01928,0.89002,0.71277,0.80172,0.58731,1.18547,1.15023,1.18251,0.0015652,0.0015652,0.0015652
2132,13068.6,0.93667,0.73257,1.00692,0.88998,0.71277,0.80181,0.58633,1.18483,1.14941,1.18216,0.00156124,0.00156124,0.00156124
2133,13073.3,0.94517,0.73134,1.00943,0.89011,0.71277,0.80195,0.5874,1.18433,1.14872,1.18195,0.00155728,0.00155728,0.00155728
2134,13078.4,0.94464,0.72355,1.00162,0.89033,0.71277,0.80195,0.5866,1.1842,1.14877,1.18178,0.00155332,0.00155332,0.00155332
2135,13083.3,0.94772,0.73136,1.00491,0.89283,0.71277,0.80224,0.58703,1.1841,1.14834,1.18165,0.00154936,0.00154936,0.00154936
2136,13088.1,0.93863,0.70925,0.99934,0.89265,0.71277,0.80217,0.58658,1.18382,1.14809,1.18164,0.0015454,0.0015454,0.0015454
2137,13092.8,0.92298,0.70724,0.99504,0.89237,0.71277,0.80224,0.58702,1.18333,1.14786,1.18134,0.00154144,0.00154144,0.00154144
2138,13097.6,0.93439,0.72562,1.00319,0.8934,0.71329,0.80238,0.58709,1.1832,1.14749,1.18137,0.00153748,0.00153748,0.00153748
2139,13102.9,0.94663,0.74218,1.00892,0.89343,0.71351,0.80244,0.5871,1.18301,1.14694,1.18122,0.00153352,0.00153352,0.00153352
2140,13110.7,0.95539,0.72885,1.01067,0.89346,0.71373,0.80226,0.58686,1.18264,1.14666,1.18105,0.00152956,0.00152956,0.00152956
2141,13119.7,0.93949,0.72376,1.00444,0.89345,0.71363,0.80226,0.58662,1.18255,1.14669,1.18101,0.0015256,0.0015256,0.0015256
2142,13126.1,0.94114,0.73427,1.00423,0.89193,0.71489,0.8023,0.58734,1.18207,1.14625,1.18082,0.00152164,0.00152164,0.00152164
2143,13130.9,0.92727,0.70843,0.99628,0.89133,0.7155,0.80255,0.58739,1.1819,1.14601,1.18074,0.00151768,0.00151768,0.00151768
2144,13136.2,0.91592,0.70675,0.99489,0.89401,0.71489,0.80282,0.58762,1.18197,1.14607,1.18064,0.00151372,0.00151372,0.00151372
2145,13141.4,0.93445,0.73601,1.00485,0.89626,0.7169,0.80318,0.58742,1.18163,1.14572,1.18037,0.00150976,0.00150976,0.00150976
2146,13146,0.92964,0.72368,1.00526,0.89377,0.71601,0.8028,0.5875,1.18136,1.14541,1.18037,0.0015058,0.0015058,0.0015058
2147,13150.8,0.94081,0.71768,1.00564,0.89366,0.71702,0.80294,0.58728,1.18093,1.14488,1.1801,0.00150184,0.00150184,0.00150184
2148,13155.4,0.91862,0.70904,1.00163,0.89567,0.71702,0.80311,0.58745,1.18075,1.14468,1.17996,0.00149788,0.00149788,0.00149788
2149,13162,0.94945,0.73898,1.00671,0.8945,0.71702,0.80326,0.58751,1.18036,1.1445,1.17981,0.00149392,0.00149392,0.00149392
2150,13170.6,0.93842,0.7256,1.00537,0.89503,0.71702,0.80321,0.58774,1.18011,1.14447,1.17974,0.00148996,0.00148996,0.00148996
2151,13179.3,0.92495,0.71601,1.00121,0.89501,0.71702,0.8033,0.58839,1.17987,1.14421,1.17954,0.001486,0.001486,0.001486
2152,13184.4,0.91044,0.70365,0.99646,0.89471,0.71702,0.80336,0.58791,1.17967,1.14377,1.1794,0.00148204,0.00148204,0.00148204
2153,13189.1,0.94661,0.73753,1.00925,0.89382,0.71702,0.80346,0.5883,1.1796,1.14335,1.17894,0.00147808,0.00147808,0.00147808
2154,13193.8,0.92147,0.71083,0.99603,0.89406,0.71702,0.80452,0.58935,1.17951,1.14327,1.17884,0.00147412,0.00147412,0.00147412
2155,13199.1,0.91681,0.7136,0.99403,0.89465,0.71702,0.80473,0.58937,1.1791,1.14268,1.17867,0.00147016,0.00147016,0.00147016
2156,13204.3,0.9256,0.7035,0.9912,0.89478,0.71702,0.80459,0.58961,1.1789,1.14254,1.17857,0.0014662,0.0014662,0.0014662
2157,13209.3,0.95557,0.73408,1.007,0.89448,0.71702,0.8046,0.58956,1.17878,1.14255,1.17848,0.00146224,0.00146224,0.00146224
2158,13214.8,0.94191,0.72784,1.00206,0.89674,0.71702,0.80492,0.58987,1.17843,1.14176,1.17826,0.00145828,0.00145828,0.00145828
2159,13224.4,0.93549,0.72685,1.00174,0.89655,0.71702,0.80494,0.58948,1.17814,1.14185,1.17809,0.00145432,0.00145432,0.00145432
2160,13233.1,0.93276,0.7224,0.99907,0.89639,0.71788,0.80512,0.58955,1.17777,1.14159,1.17793,0.00145036,0.00145036,0.00145036
2161,13238.2,0.93468,0.73024,1.00259,0.89516,0.71702,0.80529,0.58916,1.17747,1.14118,1.17778,0.0014464,0.0014464,0.0014464
2162,13242.8,0.9229,0.71647,0.99033,0.89641,0.71807,0.80533,0.58963,1.1771,1.14123,1.17778,0.00144244,0.00144244,0.00144244
2163,13247.5,0.94777,0.74326,1.01131,0.89561,0.71702,0.80523,0.58961,1.17714,1.14064,1.17759,0.00143848,0.00143848,0.00143848
2164,13252.4,0.9241,0.71476,0.99698,0.89636,0.71765,0.80532,0.58882,1.17662,1.14033,1.17742,0.00143452,0.00143452,0.00143452
2165,13257.1,0.91322,0.70984,0.9987,0.89605,0.71915,0.80534,0.58992,1.17646,1.13957,1.17741,0.00143056,0.00143056,0.00143056
2166,13262.4,0.9413,0.7233,1.0106,0.89651,0.71881,0.80535,0.58961,1.17606,1.13946,1.17715,0.0014266,0.0014266,0.0014266
2167,13267.1,0.93072,0.71289,1.0041,0.89641,0.71809,0.80531,0.58942,1.17592,1.13906,1.17711,0.00142264,0.00142264,0.00142264
2168,13274.4,0.95555,0.73281,1.01078,0.89649,0.71915,0.80536,0.59,1.17551,1.13898,1.17678,0.00141868,0.00141868,0.00141868
2169,13284,0.94042,0.73462,0.99894,0.89892,0.71915,0.80579,0.59023,1.17526,1.13862,1.17665,0.00141472,0.00141472,0.00141472
2170,13291.5,0.92915,0.72668,1.0069,0.89757,0.71915,0.80579,0.59099,1.17499,1.13853,1.17655,0.00141076,0.00141076,0.00141076
2171,13296.6,0.94177,0.72286,1.00506,0.8999,0.71915,0.80605,0.59126,1.17489,1.1383,1.17643,0.0014068,0.0014068,0.0014068
2172,13301.5,0.90486,0.70291,0.99839,0.90127,0.71866,0.80606,0.59131,1.17477,1.13756,1.17623,0.00140284,0.00140284,0.00140284
2173,13306.6,0.92699,0.71757,1.00152,0.90117,0.71915,0.8062,0.59136,1.17476,1.13733,1.17614,0.00139888,0.00139888,0.00139888
2174,13311.7,0.90757,0.69748,0.99229,0.9012,0.71915,0.80623,0.59132,1.17426,1.13706,1.17589,0.00139492,0.00139492,0.00139492
2175,13316.5,0.92397,0.71703,0.99753,0.89905,0.71915,0.80624,0.59129,1.17409,1.13708,1.17576,0.00139096,0.00139096,0.00139096
2176,13321.2,0.91431,0.70884,1.00004,0.89895,0.71927,0.80621,0.5918,1.17383,1.13696,1.17568,0.001387,0.001387,0.001387
2177,13328.9,0.91983,0.70946,1.00202,0.90079,0.71915,0.80619,0.59167,1.17363,1.13681,1.17557,0.00138304,0.00138304,0.00138304
2178,13337.3,0.94566,0.73588,1.0058,0.89908,0.72032,0.80611,0.59155,1.17351,1.13674,1.1755,0.00137908,0.00137908,0.00137908
2179,13345.1,0.91837,0.70954,1.00053,0.89925,0.72164,0.80621,0.59157,1.1734,1.1362,1.17528,0.00137512,0.00137512,0.00137512
2180,13349.8,0.94083,0.72225,1.00088,0.89924,0.72154,0.80615,0.59168,1.17311,1.13598,1.17518,0.00137116,0.00137116,0.00137116
2181,13354.4,0.92241,0.71253,0.99892,0.90146,0.72128,0.80619,0.59159,1.17285,1.13571,1.17506,0.0013672,0.0013672,0.0013672
2182,13358.9,0.92886,0.72582,1.0015,0.90131,0.719,0.80615,0.59049,1.17272,1.13544,1.17492,0.00136324,0.00136324,0.00136324
2183,13363.6,0.90888,0.71047,0.99292,0.89901,0.7234,0.80622,0.5905,1.17243,1.13479,1.17477,0.00135928,0.00135928,0.00135928
2184,13368.2,0.92459,0.71761,0.99745,0.89891,0.7234,0.80614,0.59158,1.1721,1.1347,1.17466,0.00135532,0.00135532,0.00135532
2185,13372.9,0.91776,0.6843,0.99262,0.89789,0.7234,0.80633,0.59141,1.17217,1.13457,1.17467,0.00135136,0.00135136,0.00135136
2186,13377.6,0.92312,0.71178,0.99701,0.89892,0.7234,0.8064,0.59018,1.17169,1.13406,1.1744,0.0013474,0.0013474,0.0013474
2187,13383.8,0.90496,0.70262,0.99588,0.90139,0.7234,0.80666,0.59096,1.17182,1.13394,1.17423,0.00134344,0.00134344,0.00134344
2188,13392.5,0.89211,0.70171,0.98956,0.901,0.7234,0.80669,0.59108,1.17129,1.13314,1.17409,0.00133948,0.00133948,0.00133948
2189,13400.6,0.91746,0.71464,0.99882,0.90094,0.7234,0.80666,0.59078,1.17136,1.13373,1.17406,0.00133552,0.00133552,0.00133552
2190,13406.1,0.93879,0.71741,1.00082,0.90082,0.7234,0.80686,0.59155,1.17087,1.13343,1.1739,0.00133156,0.00133156,0.00133156
2191,13414.3,0.91246,0.70213,1.00133,0.90028,0.7234,0.80687,0.59087,1.1709,1.1327,1.17386,0.0013276,0.0013276,0.0013276
2192,13422.7,0.91887,0.7011,0.99121,0.90128,0.7234,0.80694,0.59157,1.17069,1.13268,1.1737,0.00132364,0.00132364,0.00132364
2193,13428.8,0.93473,0.72421,0.99993,0.90031,0.7234,0.80701,0.59155,1.17015,1.13212,1.17338,0.00131968,0.00131968,0.00131968
2194,13433.5,0.9296,0.72177,0.99663,0.90076,0.7234,0.80707,0.59157,1.17013,1.13229,1.17333,0.00131572,0.00131572,0.00131572
2195,13438.2,0.9134,0.71223,1.00243,0.90032,0.7234,0.80701,0.59131,1.16997,1.13214,1.17315,0.00131176,0.00131176,0.00131176
2196,13442.9,0.91478,0.70235,0.99883,0.90003,0.7234,0.80701,0.59121,1.16961,1.13152,1.17302,0.0013078,0.0013078,0.0013078
2197,13447.8,0.93216,0.71736,1.00133,0.89993,0.7234,0.80694,0.59143,1.16963,1.13147,1.17293,0.00130384,0.00130384,0.00130384
2198,13452.6,0.92357,0.72093,0.99339,0.89966,0.7234,0.80701,0.59166,1.16924,1.13084,1.17277,0.00129988,0.00129988,0.00129988
2199,13457.4,0.93621,0.7155,0.99849,0.90125,0.72553,0.80717,0.59169,1.16908,1.13059,1.17263,0.00129592,0.00129592,0.00129592
2200,13463.8,0.91383,0.70632,0.99417,0.90047,0.72553,0.80728,0.59188,1.16878,1.13038,1.17251,0.00129196,0.00129196,0.00129196
2201,13473.6,0.9231,0.71121,0.9968,0.89966,0.7234,0.80731,0.59193,1.16848,1.13005,1.1724,0.001288,0.001288,0.001288
2202,13482.2,0.89839,0.69566,0.99363,0.89979,0.72593,0.8074,0.59222,1.16816,1.12969,1.17211,0.00128404,0.00128404,0.00128404
2203,13487.6,0.92167,0.70636,1.00588,0.90002,0.7278,0.80742,0.59208,1.16817,1.12917,1.17206,0.00128008,0.00128008,0.00128008
2204,13492.3,0.90207,0.70237,0.99239,0.90013,0.72766,0.80749,0.59301,1.16781,1.12903,1.17188,0.00127612,0.00127612,0.00127612
2205,13497.5,0.91574,0.70443,0.9979,0.90031,0.72766,0.80754,0.59237,1.16726,1.12827,1.17164,0.00127216,0.00127216,0.00127216
2206,13502.2,0.91653,0.70511,0.99712,0.90004,0.72796,0.80767,0.59305,1.1673,1.12825,1.17158,0.0012682,0.0012682,0.0012682
2207,13507.6,0.89269,0.68913,0.99022,0.90022,0.72941,0.80766,0.59334,1.16701,1.12815,1.17142,0.00126424,0.00126424,0.00126424
2208,13512.6,0.92022,0.70467,0.9933,0.90035,0.72766,0.80768,0.59382,1.16684,1.12784,1.17126,0.00126028,0.00126028,0.00126028
2209,13521,0.9468,0.73055,1.00453,0.90059,0.72766,0.80784,0.59341,1.16652,1.12737,1.17103,0.00125632,0.00125632,0.00125632
2210,13529.9,0.92218,0.71681,0.99905,0.90002,0.72766,0.80778,0.59327,1.16635,1.12716,1.17092,0.00125236,0.00125236,0.00125236
2211,13536.9,0.92994,0.71643,1.00367,0.90226,0.72979,0.80779,0.5933,1.16631,1.12707,1.17082,0.0012484,0.0012484,0.0012484
2212,13541.6,0.91158,0.69981,0.99166,0.90038,0.72766,0.80792,0.59368,1.16592,1.12657,1.17059,0.00124444,0.00124444,0.00124444
2213,13546.5,0.91112,0.69246,0.99069,0.90254,0.72906,0.80796,0.59403,1.16552,1.12605,1.17045,0.00124048,0.00124048,0.00124048
2214,13551.6,0.91286,0.69782,0.98957,0.90088,0.72979,0.80801,0.59395,1.16562,1.12665,1.17049,0.00123652,0.00123652,0.00123652
2215,13556.5,0.91043,0.7068,0.99423,0.90201,0.72979,0.80803,0.59435,1.16534,1.12608,1.17023,0.00123256,0.00123256,0.00123256
2216,13561.6,0.91641,0.71573,0.99584,0.90255,0.7291,0.80813,0.59473,1.16483,1.12551,1.17003,0.0012286,0.0012286,0.0012286
2217,13566.7,0.90234,0.70219,0.98895,0.90507,0.7234,0.80847,0.5947,1.16477,1.12532,1.16983,0.00122464,0.00122464,0.00122464
2218,13573.7,0.93893,0.73707,1.00812,0.90428,0.72362,0.80854,0.59427,1.16466,1.1248,1.16983,0.00122068,0.00122068,0.00122068
2219,13582.4,0.93254,0.71844,1.00476,0.9043,0.72378,0.8085,0.59466,1.16448,1.12491,1.1697,0.00121672,0.00121672,0.00121672
2220,13590.3,0.88555,0.68931,0.99102,0.90436,0.72428,0.80864,0.59475,1.164,1.12453,1.1695,0.00121276,0.00121276,0.00121276
2221,13595.8,0.91298,0.70217,0.99596,0.90482,0.72815,0.80858,0.59478,1.16396,1.12444,1.1694,0.0012088,0.0012088,0.0012088
2222,13600.9,0.88822,0.69426,0.98353,0.90439,0.72451,0.80877,0.59515,1.16386,1.12408,1.16924,0.00120484,0.00120484,0.00120484
2223,13606,0.90217,0.70714,0.99613,0.90464,0.72663,0.80878,0.5953,1.16354,1.12382,1.16906,0.00120088,0.00120088,0.00120088
2224,13611.2,0.91906,0.7081,1.00284,0.90481,0.72805,0.80895,0.59493,1.16336,1.12335,1.16898,0.00119692,0.00119692,0.00119692
2225,13615.9,0.90792,0.69756,0.99283,0.90477,0.72775,0.80864,0.5949,1.16318,1.12326,1.16895,0.00119296,0.00119296,0.00119296
2226,13620.6,0.91924,0.71569,0.99767,0.90478,0.72778,0.80887,0.59519,1.16309,1.12248,1.16879,0.001189,0.001189,0.001189
2227,13625.8,0.90497,0.69438,0.98819,0.91061,0.7234,0.80889,0.59593,1.16267,1.12256,1.1686,0.00118504,0.00118504,0.00118504
2228,13634.8,0.92107,0.71293,0.99832,0.90484,0.72835,0.80866,0.59532,1.16258,1.12197,1.16848,0.00118108,0.00118108,0.00118108
2229,13643.1,0.91469,0.70987,0.99882,0.90476,0.72765,0.80873,0.5955,1.16245,1.1219,1.16848,0.00117712,0.00117712,0.00117712
2230,13648.9,0.91418,0.69897,0.99265,0.91164,0.72437,0.80882,0.59565,1.16219,1.12177,1.16835,0.00117316,0.00117316,0.00117316
2231,13653.5,0.87637,0.67069,0.99117,0.90735,0.72553,0.80879,0.59538,1.16166,1.12152,1.16814,0.0011692,0.0011692,0.0011692
2232,13658.2,0.90292,0.68778,0.99325,0.91166,0.72455,0.80915,0.59622,1.16156,1.12091,1.16807,0.00116524,0.00116524,0.00116524
2233,13663.3,0.88218,0.69281,0.99194,0.91167,0.72471,0.80908,0.59575,1.16121,1.12091,1.1678,0.00116128,0.00116128,0.00116128
2234,13667.9,0.90397,0.6916,0.99057,0.91175,0.7254,0.80914,0.59509,1.16131,1.12012,1.16767,0.00115732,0.00115732,0.00115732
2235,13672.7,0.89097,0.69865,0.98673,0.90723,0.72824,0.80934,0.59562,1.16115,1.12012,1.16768,0.00115336,0.00115336,0.00115336
2236,13677.4,0.89808,0.69398,0.99007,0.90724,0.72834,0.80926,0.59619,1.16056,1.12015,1.16737,0.0011494,0.0011494,0.0011494
2237,13684.1,0.90704,0.70996,0.99174,0.90721,0.72808,0.80943,0.5967,1.1611,1.11916,1.16737,0.00114544,0.00114544,0.00114544
2238,13693.9,0.8912,0.69327,0.98445,0.90724,0.72832,0.8092,0.59559,1.16098,1.11962,1.16738,0.00114148,0.00114148,0.00114148
2239,13701.4,0.90578,0.69446,0.99633,0.90718,0.72766,0.80924,0.59645,1.15996,1.11947,1.1669,0.00113752,0.00113752,0.00113752
2240,13706.2,0.90198,0.70642,0.99176,0.90831,0.72766,0.80914,0.59583,1.16031,1.1186,1.16681,0.00113356,0.00113356,0.00113356
2241,13710.9,0.88748,0.6987,0.98644,0.90944,0.72766,0.80913,0.59611,1.16006,1.11807,1.16666,0.0011296,0.0011296,0.0011296
2242,13715.7,0.87776,0.67554,0.98238,0.9083,0.72766,0.80925,0.59601,1.15993,1.11851,1.16658,0.00112564,0.00112564,0.00112564
2243,13720.4,0.90631,0.71003,0.99026,0.90813,0.72766,0.8093,0.59614,1.15964,1.11845,1.16649,0.00112168,0.00112168,0.00112168
2244,13725,0.90615,0.69408,0.98968,0.90777,0.72766,0.80931,0.59596,1.1594,1.11816,1.16634,0.00111772,0.00111772,0.00111772
2245,13729.6,0.9215,0.7137,0.99659,0.90807,0.72766,0.80937,0.59718,1.15914,1.11733,1.16623,0.00111376,0.00111376,0.00111376
2246,13734.7,0.90188,0.69885,0.98638,0.90806,0.72766,0.80948,0.59662,1.15892,1.117,1.16615,0.0011098,0.0011098,0.0011098
2247,13743.1,0.89169,0.68561,0.98531,0.90958,0.72766,0.80965,0.59715,1.15891,1.11711,1.166,0.00110584,0.00110584,0.00110584
2248,13753.1,0.8969,0.68869,0.98643,0.91178,0.72766,0.80983,0.59725,1.15882,1.1167,1.16586,0.00110188,0.00110188,0.00110188
2249,13759.2,0.90338,0.69619,0.99002,0.91127,0.72766,0.80977,0.59794,1.15869,1.11621,1.16577,0.00109792,0.00109792,0.00109792
2250,13764.1,0.91162,0.70717,1.00318,0.91149,0.72766,0.80985,0.5979,1.15851,1.11612,1.16568,0.00109396,0.00109396,0.00109396
2251,13768.7,0.8796,0.68766,0.99317,0.91132,0.72766,0.80991,0.59833,1.15802,1.1161,1.16546,0.00109,0.00109,0.00109
2252,13773.7,0.90987,0.69913,1.00094,0.91091,0.72766,0.8099,0.59802,1.15811,1.11588,1.16536,0.00108604,0.00108604,0.00108604
2253,13778.4,0.91202,0.70598,0.99408,0.91182,0.72766,0.80931,0.59813,1.15812,1.11554,1.16534,0.00108208,0.00108208,0.00108208
2254,13783,0.90074,0.70258,0.98965,0.91197,0.72741,0.81002,0.59792,1.15767,1.11542,1.16516,0.00107812,0.00107812,0.00107812
2255,13787.7,0.90053,0.69819,0.99137,0.91192,0.7269,0.80953,0.59831,1.15749,1.11509,1.16501,0.00107416,0.00107416,0.00107416
2256,13795.7,0.89063,0.70379,0.99175,0.91182,0.72603,0.80963,0.59836,1.15745,1.11491,1.16497,0.0010702,0.0010702,0.0010702
2257,13804.5,0.90406,0.69855,0.99115,0.91175,0.72766,0.80954,0.59828,1.15721,1.11439,1.16483,0.00106624,0.00106624,0.00106624
2258,13811,0.89785,0.70123,0.99093,0.91187,0.72644,0.80966,0.59824,1.15685,1.11405,1.16461,0.00106228,0.00106228,0.00106228
2259,13815.8,0.88982,0.69684,0.98597,0.91179,0.72579,0.81039,0.59822,1.15673,1.1137,1.16446,0.00105832,0.00105832,0.00105832
2260,13820.5,0.87678,0.67318,0.98378,0.91185,0.72632,0.81056,0.59827,1.1566,1.11376,1.16435,0.00105436,0.00105436,0.00105436
2261,13825.6,0.90667,0.7026,0.99543,0.91172,0.72515,0.80977,0.59847,1.15636,1.11346,1.16432,0.0010504,0.0010504,0.0010504
2262,13830.7,0.90734,0.6961,0.9891,0.91446,0.72786,0.81011,0.59873,1.1562,1.11307,1.1641,0.00104644,0.00104644,0.00104644
2263,13835.9,0.88878,0.68371,0.98221,0.91452,0.72845,0.81087,0.59906,1.15596,1.11285,1.16403,0.00104248,0.00104248,0.00104248
2264,13840.9,0.87683,0.68531,0.9899,0.91449,0.72811,0.81022,0.59855,1.15578,1.11297,1.16392,0.00103852,0.00103852,0.00103852
2265,13847.2,0.91213,0.6974,0.99441,0.91444,0.72764,0.81022,0.59968,1.15539,1.11265,1.16372,0.00103456,0.00103456,0.00103456
2266,13856.3,0.91371,0.70402,1.00022,0.91443,0.72757,0.81111,0.59998,1.15531,1.11251,1.1636,0.0010306,0.0010306,0.0010306
2267,13864.8,0.88715,0.67563,0.98953,0.91438,0.72709,0.81115,0.60031,1.155,1.11203,1.16338,0.00102664,0.00102664,0.00102664
2268,13870.2,0.90761,0.6994,0.99477,0.91438,0.72709,0.81119,0.60048,1.15478,1.11166,1.1632,0.00102268,0.00102268,0.00102268
2269,13875.4,0.89151,0.69568,0.98835,0.91182,0.72601,0.81117,0.59972,1.15466,1.11189,1.16318,0.00101872,0.00101872,0.00101872
2270,13880.1,0.90069,0.69359,0.99192,0.91299,0.72766,0.81126,0.60046,1.15444,1.11171,1.163,0.00101476,0.00101476,0.00101476
2271,13884.9,0.89612,0.68068,0.99034,0.90992,0.7307,0.81151,0.60036,1.15426,1.11105,1.16284,0.0010108,0.0010108,0.0010108
2272,13889.7,0.86436,0.6648,0.98196,0.91222,0.72963,0.81154,0.60063,1.15415,1.1111,1.1627,0.00100684,0.00100684,0.00100684
2273,13895.1,0.90746,0.71654,0.99692,0.91122,0.73191,0.81162,0.60019,1.15392,1.11126,1.16261,0.00100288,0.00100288,0.00100288
2274,13899.9,0.87634,0.68781,0.98301,0.91233,0.73191,0.81169,0.60114,1.15374,1.11097,1.16235,0.00099892,0.00099892,0.00099892
2275,13908.3,0.88092,0.68498,0.98502,0.91238,0.73109,0.81164,0.6012,1.15325,1.11083,1.16207,0.00099496,0.00099496,0.00099496
2276,13917.9,0.88954,0.69378,0.98229,0.91213,0.73191,0.81166,0.60097,1.15311,1.11062,1.16201,0.000991,0.000991,0.000991
2277,13924.2,0.92136,0.70861,0.99053,0.91151,0.73191,0.81166,0.60115,1.15301,1.11019,1.16185,0.00098704,0.00098704,0.00098704
2278,13928.9,0.8974,0.69482,0.99146,0.91245,0.73178,0.81173,0.6015,1.15266,1.11012,1.16161,0.00098308,0.00098308,0.00098308
2279,13934.1,0.89573,0.69835,0.98525,0.91094,0.73191,0.81195,0.60206,1.15257,1.10967,1.1616,0.00097912,0.00097912,0.00097912
2280,13939.7,0.88444,0.67651,0.98522,0.91104,0.73191,0.81188,0.60164,1.15279,1.10986,1.16148,0.00097516,0.00097516,0.00097516
2281,13944.5,0.87534,0.68637,0.98028,0.91246,0.73188,0.81187,0.60172,1.15237,1.10994,1.16152,0.0009712,0.0009712,0.0009712
2282,13949.4,0.87834,0.67993,0.98214,0.91245,0.73176,0.81212,0.60237,1.15216,1.10947,1.16139,0.00096724,0.00096724,0.00096724
2283,13954.7,0.87585,0.6806,0.984,0.91247,0.7319,0.81217,0.60174,1.15196,1.10915,1.16117,0.00096328,0.00096328,0.00096328
2284,13962,0.87494,0.68677,0.98877,0.91242,0.73144,0.81221,0.60181,1.15175,1.10913,1.16084,0.00095932,0.00095932,0.00095932
2285,13971.1,0.88434,0.67346,0.97947,0.91242,0.73149,0.81231,0.60223,1.15166,1.10906,1.16068,0.00095536,0.00095536,0.00095536
2286,13978.5,0.88498,0.68668,0.98999,0.91242,0.73151,0.81239,0.60239,1.15143,1.10889,1.16049,0.0009514,0.0009514,0.0009514
2287,13983.9,0.86497,0.67039,0.97796,0.91058,0.72979,0.81237,0.60206,1.15119,1.10857,1.16036,0.00094744,0.00094744,0.00094744
2288,13988.7,0.87267,0.68208,0.97725,0.91101,0.72979,0.81237,0.60228,1.15079,1.10811,1.16022,0.00094348,0.00094348,0.00094348
2289,13993.4,0.91318,0.70752,0.98754,0.91243,0.73159,0.8126,0.6024,1.15065,1.10848,1.16008,0.00093952,0.00093952,0.00093952
2290,13998.5,0.8746,0.68823,0.98668,0.91105,0.72979,0.8126,0.6028,1.15069,1.10809,1.15997,0.00093556,0.00093556,0.00093556
2291,14003.6,0.88642,0.69056,0.98535,0.91207,0.73191,0.81273,0.60258,1.15044,1.10823,1.16007,0.0009316,0.0009316,0.0009316
2292,14008.3,0.89294,0.69194,0.98498,0.91245,0.73191,0.81273,0.60261,1.15015,1.10789,1.15982,0.00092764,0.00092764,0.00092764
2293,14014.2,0.88263,0.69597,0.98274,0.9118,0.73191,0.81273,0.60334,1.14974,1.10806,1.1596,0.00092368,0.00092368,0.00092368
2294,14024.2,0.89479,0.70009,0.9876,0.91251,0.73227,0.8129,0.60309,1.14972,1.10785,1.15958,0.00091972,0.00091972,0.00091972
2295,14032.1,0.90344,0.69031,0.98965,0.91248,0.732,0.81311,0.6034,1.14925,1.10772,1.15939,0.00091576,0.00091576,0.00091576
2296,14037.6,0.8775,0.67776,0.97916,0.91245,0.73178,0.81307,0.60318,1.14909,1.10714,1.15927,0.0009118,0.0009118,0.0009118
2297,14042.4,0.89092,0.69498,0.98725,0.9124,0.73128,0.8131,0.60362,1.14898,1.10707,1.15921,0.00090784,0.00090784,0.00090784
2298,14047.6,0.88988,0.68862,0.98491,0.91239,0.73121,0.81309,0.6034,1.14874,1.10702,1.15907,0.00090388,0.00090388,0.00090388
2299,14052.2,0.88425,0.67544,0.98032,0.91239,0.73119,0.81315,0.60355,1.14835,1.10666,1.15879,0.00089992,0.00089992,0.00089992
2300,14057,0.89226,0.68711,0.99484,0.91239,0.73124,0.81314,0.60354,1.14832,1.10636,1.15854,0.00089596,0.00089596,0.00089596
2301,14061.8,0.88924,0.69655,0.99328,0.91233,0.73071,0.81315,0.60447,1.14798,1.10598,1.15841,0.000892,0.000892,0.000892
2302,14067.4,0.86625,0.67552,0.97458,0.91236,0.73091,0.81322,0.60356,1.1477,1.10606,1.15826,0.00088804,0.00088804,0.00088804
2303,14075.2,0.89548,0.68653,0.98575,0.91231,0.73044,0.81332,0.60361,1.14767,1.10626,1.15821,0.00088408,0.00088408,0.00088408
2304,14083.8,0.87334,0.68678,0.98432,0.9123,0.73043,0.8129,0.60459,1.14742,1.10598,1.15824,0.00088012,0.00088012,0.00088012
2305,14091,0.89763,0.69109,0.985,0.91227,0.73009,0.81347,0.60546,1.14718,1.10571,1.158,0.00087616,0.00087616,0.00087616
2306,14096.2,0.88602,0.69015,0.98096,0.91225,0.72992,0.81297,0.60462,1.14717,1.10566,1.15794,0.0008722,0.0008722,0.0008722
2307,14100.9,0.88375,0.69526,0.98248,0.91225,0.72991,0.81294,0.60456,1.14659,1.1053,1.15766,0.00086824,0.00086824,0.00086824
2308,14105.6,0.87822,0.68991,0.98543,0.91226,0.73002,0.81305,0.60486,1.14641,1.10541,1.15759,0.00086428,0.00086428,0.00086428
2309,14110.4,0.88619,0.6827,0.98555,0.91214,0.72891,0.81301,0.60568,1.14597,1.1052,1.15734,0.00086032,0.00086032,0.00086032
2310,14115.6,0.89515,0.69574,0.98669,0.91224,0.72983,0.81325,0.60524,1.14586,1.10495,1.1572,0.00085636,0.00085636,0.00085636
2311,14120.3,0.87401,0.68768,0.98362,0.91215,0.72902,0.81316,0.60525,1.14551,1.10458,1.15702,0.0008524,0.0008524,0.0008524
2312,14127.2,0.89358,0.69302,0.9926,0.91736,0.72766,0.81326,0.60533,1.14516,1.10451,1.15684,0.00084844,0.00084844,0.00084844
2313,14136,0.86888,0.67705,0.98459,0.9129,0.72766,0.81325,0.60541,1.14487,1.10462,1.15675,0.00084448,0.00084448,0.00084448
2314,14144.2,0.90106,0.71426,0.99623,0.91203,0.72789,0.81336,0.60545,1.145,1.10443,1.15672,0.00084052,0.00084052,0.00084052
2315,14149,0.87823,0.68173,0.98222,0.91358,0.72766,0.8134,0.60557,1.14461,1.10427,1.15653,0.00083656,0.00083656,0.00083656
2316,14153.7,0.87281,0.67251,0.98513,0.91636,0.72766,0.81347,0.60593,1.14437,1.1038,1.15639,0.0008326,0.0008326,0.0008326
2317,14158.8,0.88137,0.68512,0.98465,0.91342,0.72766,0.81355,0.60654,1.1441,1.10396,1.15632,0.00082864,0.00082864,0.00082864
2318,14163.9,0.86943,0.67995,0.98055,0.91759,0.72766,0.81349,0.60628,1.14397,1.10359,1.15621,0.00082468,0.00082468,0.00082468
2319,14168.6,0.87184,0.67164,0.98386,0.92038,0.72766,0.81356,0.60633,1.14351,1.10315,1.15598,0.00082072,0.00082072,0.00082072
2320,14173.2,0.85585,0.66526,0.97561,0.91684,0.72766,0.81368,0.60611,1.14321,1.10328,1.15584,0.00081676,0.00081676,0.00081676
2321,14178.4,0.87744,0.68293,0.98076,0.92173,0.72664,0.81364,0.60673,1.14314,1.10345,1.15575,0.0008128,0.0008128,0.0008128
2322,14188,0.86703,0.6778,0.98007,0.92144,0.72766,0.81377,0.60616,1.14266,1.10281,1.15549,0.00080884,0.00080884,0.00080884
2323,14197,0.90039,0.69361,0.99146,0.92424,0.7268,0.81377,0.60629,1.14267,1.10275,1.15547,0.00080488,0.00080488,0.00080488
2324,14202.4,0.88114,0.67491,0.97849,0.92427,0.72709,0.81391,0.6066,1.14221,1.10274,1.15477,0.00080092,0.00080092,0.00080092
2325,14207.1,0.86097,0.6592,0.97594,0.91842,0.72766,0.81408,0.60609,1.14249,1.10249,1.1552,0.00079696,0.00079696,0.00079696
2326,14211.8,0.87737,0.67397,0.98694,0.9241,0.72536,0.81405,0.60644,1.14213,1.10243,1.15494,0.000793,0.000793,0.000793
2327,14216.5,0.88631,0.68889,0.98816,0.92406,0.72491,0.81408,0.60634,1.14199,1.10215,1.15489,0.00078904,0.00078904,0.00078904
2328,14221.3,0.89442,0.69694,0.99004,0.92405,0.72485,0.81413,0.60655,1.14178,1.10207,1.1548,0.00078508,0.00078508,0.00078508
2329,14226.1,0.85791,0.66468,0.97604,0.92407,0.72502,0.81427,0.60678,1.14136,1.10236,1.15419,0.00078112,0.00078112,0.00078112
2330,14231.2,0.89558,0.69131,0.98929,0.92405,0.7248,0.81424,0.60664,1.14115,1.1022,1.15411,0.00077716,0.00077716,0.00077716
2331,14237.3,0.856,0.67518,0.98241,0.92402,0.72452,0.8143,0.60691,1.14116,1.10221,1.15403,0.0007732,0.0007732,0.0007732
2332,14246.8,0.86461,0.67991,0.98105,0.92402,0.72453,0.81425,0.60703,1.14102,1.10193,1.15396,0.00076924,0.00076924,0.00076924
2333,14255.6,0.87973,0.67744,0.98212,0.92403,0.72465,0.81432,0.60691,1.14082,1.10218,1.1539,0.00076528,0.00076528,0.00076528
2334,14260.5,0.88703,0.69327,0.98907,0.92144,0.72369,0.81417,0.60691,1.14039,1.10151,1.15363,0.00076132,0.00076132,0.00076132
2335,14265.3,0.89459,0.67818,0.98496,0.92543,0.7234,0.81418,0.60638,1.14014,1.10131,1.15353,0.00075736,0.00075736,0.00075736
2336,14269.9,0.861,0.66356,0.97478,0.9249,0.7234,0.81423,0.60658,1.13991,1.10126,1.1534,0.0007534,0.0007534,0.0007534
2337,14274.7,0.87091,0.68082,0.9853,0.92524,0.7234,0.81427,0.60687,1.13977,1.10147,1.15335,0.00074944,0.00074944,0.00074944
2338,14280,0.85991,0.6613,0.97822,0.92482,0.7234,0.81435,0.60692,1.13959,1.10131,1.15325,0.00074548,0.00074548,0.00074548
2339,14284.8,0.87435,0.67612,0.98542,0.92443,0.7234,0.81424,0.60691,1.13935,1.10131,1.15309,0.00074152,0.00074152,0.00074152
2340,14289.6,0.88205,0.68441,0.98123,0.92406,0.7234,0.81428,0.60698,1.13927,1.10075,1.15355,0.00073756,0.00073756,0.00073756
2341,14298,0.86359,0.67168,0.97246,0.92428,0.7234,0.81443,0.60749,1.13887,1.10117,1.15278,0.0007336,0.0007336,0.0007336
2342,14308,0.8645,0.66415,0.9767,0.92484,0.7234,0.81446,0.60722,1.13879,1.1012,1.1527,0.00072964,0.00072964,0.00072964
2343,14314,0.85886,0.66845,0.97649,0.92432,0.7234,0.81453,0.60689,1.1387,1.10106,1.15265,0.00072568,0.00072568,0.00072568
2344,14318.8,0.86426,0.66238,0.97726,0.92407,0.7234,0.81456,0.60788,1.13821,1.10086,1.15245,0.00072172,0.00072172,0.00072172
2345,14324.1,0.86784,0.66438,0.98209,0.92416,0.7234,0.81469,0.60759,1.13807,1.10067,1.15232,0.00071776,0.00071776,0.00071776
2346,14328.9,0.86025,0.67559,0.98065,0.92354,0.7234,0.8146,0.60747,1.1379,1.10067,1.15224,0.0007138,0.0007138,0.0007138
2347,14333.7,0.88242,0.68586,0.98033,0.92408,0.7234,0.81469,0.6081,1.13766,1.10077,1.15221,0.00070984,0.00070984,0.00070984
2348,14338.8,0.86048,0.68078,0.97822,0.92398,0.7234,0.81476,0.60831,1.13733,1.10046,1.15198,0.00070588,0.00070588,0.00070588
2349,14344.2,0.86825,0.67047,0.9776,0.92399,0.72415,0.81484,0.60809,1.13716,1.10018,1.15186,0.00070192,0.00070192,0.00070192
2350,14352,0.86888,0.67676,0.9811,0.92392,0.72346,0.81485,0.60766,1.13687,1.09992,1.15175,0.00069796,0.00069796,0.00069796
2351,14361,0.85993,0.66734,0.97561,0.92394,0.72368,0.81494,0.60813,1.13652,1.09979,1.15158,0.000694,0.000694,0.000694
2352,14368.1,0.88052,0.67956,0.97916,0.92395,0.72379,0.81499,0.60873,1.13635,1.09967,1.15152,0.00069004,0.00069004,0.00069004
2353,14373.3,0.88102,0.69052,0.98659,0.92396,0.72387,0.81518,0.60891,1.13602,1.09883,1.15128,0.00068608,0.00068608,0.00068608
2354,14378.4,0.87425,0.67915,0.98092,0.92395,0.72375,0.81519,0.60892,1.13585,1.09871,1.15115,0.00068212,0.00068212,0.00068212
2355,14383.6,0.85489,0.66992,0.97486,0.92393,0.72355,0.8152,0.60893,1.13562,1.09868,1.15102,0.00067816,0.00067816,0.00067816
2356,14388.8,0.86691,0.66684,0.97414,0.92673,0.7234,0.81528,0.60949,1.13527,1.09818,1.15085,0.0006742,0.0006742,0.0006742
2357,14393.9,0.88608,0.6849,0.98254,0.92391,0.72342,0.81539,0.60919,1.13501,1.09792,1.15073,0.00067024,0.00067024,0.00067024
2358,14398.6,0.8785,0.68106,0.98189,0.92718,0.7234,0.81538,0.60937,1.13475,1.09782,1.15068,0.00066628,0.00066628,0.00066628
2359,14405.5,0.86664,0.67667,0.97597,0.92392,0.72348,0.81545,0.6094,1.13455,1.09745,1.15047,0.00066232,0.00066232,0.00066232
2360,14414.1,0.84992,0.65876,0.97439,0.92657,0.7234,0.81549,0.60922,1.13436,1.09722,1.15031,0.00065836,0.00065836,0.00065836
2361,14421.5,0.88387,0.69031,0.98198,0.92591,0.7234,0.8155,0.60903,1.13414,1.09693,1.15023,0.0006544,0.0006544,0.0006544
2362,14427.2,0.88581,0.68514,0.98194,0.92588,0.7234,0.81563,0.60901,1.13366,1.09644,1.14998,0.00065044,0.00065044,0.00065044
2363,14435.4,0.87534,0.67564,0.98322,0.9275,0.7234,0.8156,0.60927,1.13363,1.09637,1.15,0.00064648,0.00064648,0.00064648
2364,14444.2,0.87885,0.6842,0.98183,0.9267,0.7234,0.81587,0.60929,1.13307,1.09562,1.14971,0.00064252,0.00064252,0.00064252
2365,14449.9,0.86256,0.66693,0.9734,0.92656,0.7234,0.81593,0.60935,1.13289,1.0951,1.14963,0.00063856,0.00063856,0.00063856
2366,14454.7,0.8573,0.67402,0.98184,0.92692,0.7234,0.81585,0.60856,1.13272,1.09555,1.14948,0.0006346,0.0006346,0.0006346
2367,14459.6,0.86243,0.68228,0.97353,0.92646,0.7234,0.81589,0.6094,1.13232,1.09533,1.14923,0.00063064,0.00063064,0.00063064
2368,14464.5,0.85403,0.67401,0.97898,0.92597,0.7234,0.81592,0.60907,1.13219,1.09468,1.14919,0.00062668,0.00062668,0.00062668
2369,14469.1,0.85355,0.65629,0.96686,0.92647,0.7234,0.81604,0.60936,1.13212,1.09451,1.14911,0.00062272,0.00062272,0.00062272
2370,14473.9,0.86723,0.66482,0.97366,0.92617,0.7234,0.81607,0.60937,1.13171,1.09416,1.14895,0.00061876,0.00061876,0.00061876
2371,14479,0.85788,0.67136,0.97967,0.92646,0.7234,0.81501,0.60923,1.13142,1.09383,1.14874,0.0006148,0.0006148,0.0006148
2372,14487.9,0.86809,0.67608,0.97609,0.92645,0.7236,0.81518,0.60917,1.13129,1.09357,1.14867,0.00061084,0.00061084,0.00061084
2373,14496.7,0.8598,0.67257,0.98075,0.92649,0.72399,0.81343,0.60897,1.13101,1.09351,1.14846,0.00060688,0.00060688,0.00060688
2374,14503,0.84513,0.66203,0.97602,0.92645,0.72364,0.81346,0.60848,1.13071,1.0933,1.14831,0.00060292,0.00060292,0.00060292
2375,14507.8,0.87207,0.67978,0.98161,0.93188,0.7234,0.81351,0.60851,1.13043,1.09308,1.14821,0.00059896,0.00059896,0.00059896
2376,14512.6,0.85156,0.65896,0.97309,0.93229,0.7234,0.81349,0.60869,1.13024,1.09307,1.14814,0.000595,0.000595,0.000595
2377,14517.6,0.87066,0.67488,0.98004,0.93406,0.72338,0.81359,0.6084,1.12982,1.09236,1.14784,0.00059104,0.00059104,0.00059104
2378,14522.4,0.88399,0.68426,0.98541,0.93266,0.7234,0.81387,0.60876,1.12973,1.09209,1.14775,0.00058708,0.00058708,0.00058708
2379,14527.3,0.85232,0.65938,0.97121,0.93329,0.7234,0.81378,0.60863,1.12966,1.09171,1.14756,0.00058312,0.00058312,0.00058312
2380,14532.1,0.86283,0.67952,0.98036,0.9338,0.7234,0.81387,0.60878,1.12942,1.09149,1.14755,0.00057916,0.00057916,0.00057916
2381,14538,0.86059,0.67626,0.98136,0.93362,0.7234,0.8138,0.60892,1.12911,1.09119,1.14726,0.0005752,0.0005752,0.0005752
2382,14547.5,0.87548,0.67246,0.9772,0.93306,0.7234,0.81387,0.60888,1.12896,1.09086,1.14713,0.00057124,0.00057124,0.00057124
2383,14557,0.85175,0.66238,0.97154,0.93293,0.7234,0.81406,0.60871,1.12861,1.09038,1.14693,0.00056728,0.00056728,0.00056728
2384,14562.8,0.85655,0.67031,0.97859,0.93337,0.7234,0.81409,0.60931,1.1284,1.09016,1.14686,0.00056332,0.00056332,0.00056332
2385,14567.4,0.86755,0.67479,0.97997,0.93256,0.7234,0.81407,0.60951,1.12817,1.08976,1.14673,0.00055936,0.00055936,0.00055936
2386,14572.3,0.84088,0.6552,0.97265,0.93276,0.7234,0.81413,0.60901,1.12781,1.08944,1.14655,0.0005554,0.0005554,0.0005554
2387,14577.3,0.86289,0.66153,0.97605,0.93332,0.7234,0.81423,0.60908,1.12775,1.08938,1.14645,0.00055144,0.00055144,0.00055144
2388,14582.1,0.86379,0.66547,0.97484,0.93301,0.7234,0.81426,0.60973,1.12729,1.0888,1.14627,0.00054748,0.00054748,0.00054748
2389,14587.4,0.83911,0.65135,0.9658,0.93539,0.7234,0.81443,0.60984,1.12713,1.08859,1.14617,0.00054352,0.00054352,0.00054352
2390,14592.6,0.84773,0.65702,0.97591,0.93544,0.7234,0.8146,0.61001,1.12691,1.08795,1.146,0.00053956,0.00053956,0.00053956
2391,14600.3,0.82209,0.63538,0.96991,0.93505,0.7234,0.81451,0.60972,1.12689,1.08789,1.14593,0.0005356,0.0005356,0.0005356
2392,14608.9,0.85124,0.66129,0.97658,0.93491,0.7234,0.81457,0.60955,1.12671,1.08683,1.14606,0.00053164,0.00053164,0.00053164
2393,14617.5,0.83795,0.65593,0.97253,0.93476,0.7234,0.8146,0.60925,1.12644,1.08673,1.14602,0.00052768,0.00052768,0.00052768
2394,14625,0.83684,0.65133,0.97083,0.93498,0.7234,0.81466,0.60961,1.12603,1.08592,1.14576,0.00052372,0.00052372,0.00052372
2395,14629.9,0.86726,0.67115,0.97435,0.93489,0.7234,0.81467,0.60951,1.1259,1.0859,1.14565,0.00051976,0.00051976,0.00051976
2396,14634.8,0.86413,0.68499,0.98521,0.93418,0.7234,0.8147,0.61023,1.12562,1.08585,1.14558,0.0005158,0.0005158,0.0005158
2397,14640.1,0.85012,0.66248,0.97311,0.93434,0.7234,0.81476,0.61008,1.12558,1.08554,1.14556,0.00051184,0.00051184,0.00051184
2398,14644.8,0.86423,0.67878,0.98015,0.93408,0.7234,0.81485,0.61032,1.12525,1.08466,1.14521,0.00050788,0.00050788,0.00050788
2399,14650,0.85915,0.67651,0.97804,0.93415,0.7234,0.81493,0.61072,1.12499,1.08393,1.14515,0.00050392,0.00050392,0.00050392
2400,14655.3,0.84883,0.66703,0.97462,0.93431,0.7234,0.81485,0.61025,1.12486,1.08355,1.145,0.00049996,0.00049996,0.00049996
2401,14662.8,0.87022,0.68985,0.98207,0.93152,0.72358,0.81497,0.61088,1.12451,1.08324,1.14488,0.000496,0.000496,0.000496
2402,14673,0.8647,0.67078,0.97715,0.93153,0.72364,0.81498,0.61067,1.12417,1.08313,1.14464,0.00049204,0.00049204,0.00049204
2403,14681.9,0.87377,0.67609,0.97851,0.93153,0.72365,0.81501,0.61107,1.12399,1.08259,1.14454,0.00048808,0.00048808,0.00048808
2404,14688.4,0.84741,0.66381,0.9726,0.93151,0.72345,0.81513,0.61172,1.1235,1.0823,1.14444,0.00048412,0.00048412,0.00048412
2405,14693.7,0.84548,0.66693,0.97134,0.93151,0.72349,0.81514,0.61142,1.1233,1.0819,1.14431,0.00048016,0.00048016,0.00048016
2406,14698.4,0.85277,0.66965,0.97684,0.93198,0.7234,0.81526,0.61166,1.12304,1.08141,1.14414,0.0004762,0.0004762,0.0004762
2407,14703.3,0.85047,0.66365,0.97935,0.93167,0.7234,0.81519,0.61097,1.12286,1.08113,1.14399,0.00047224,0.00047224,0.00047224
2408,14708,0.85722,0.66128,0.97611,0.93153,0.72362,0.81529,0.61162,1.12248,1.08059,1.14381,0.00046828,0.00046828,0.00046828
2409,14712.7,0.85875,0.66688,0.9737,0.93283,0.7234,0.81511,0.61137,1.12223,1.08047,1.14373,0.00046432,0.00046432,0.00046432
2410,14717.6,0.8522,0.67271,0.97243,0.93429,0.7234,0.81533,0.61156,1.12198,1.08023,1.14358,0.00046036,0.00046036,0.00046036
2411,14724.3,0.86749,0.67534,0.97616,0.93151,0.72345,0.81542,0.61156,1.12183,1.07991,1.14347,0.0004564,0.0004564,0.0004564
2412,14732.9,0.84929,0.66319,0.96964,0.93261,0.7234,0.81542,0.61161,1.1215,1.07942,1.14332,0.00045244,0.00045244,0.00045244
2413,14740.8,0.85553,0.65975,0.96438,0.93153,0.72368,0.8155,0.61212,1.12119,1.07902,1.14323,0.00044848,0.00044848,0.00044848
2414,14748.9,0.8454,0.67101,0.97517,0.93154,0.72374,0.81568,0.61215,1.12089,1.0787,1.14309,0.00044452,0.00044452,0.00044452
2415,14756.4,0.85678,0.66317,0.97863,0.93155,0.72385,0.81574,0.61237,1.12054,1.07834,1.14295,0.00044056,0.00044056,0.00044056
2416,14765.9,0.85603,0.67056,0.97569,0.93153,0.72363,0.8158,0.61175,1.12042,1.07817,1.14277,0.0004366,0.0004366,0.0004366
2417,14774.5,0.84863,0.6618,0.96929,0.93154,0.72381,0.81583,0.61209,1.12003,1.07795,1.14263,0.00043264,0.00043264,0.00043264
2418,14780.7,0.83258,0.64256,0.97153,0.93156,0.72397,0.81594,0.61269,1.11979,1.07693,1.14241,0.00042868,0.00042868,0.00042868
2419,14786.1,0.85588,0.66864,0.98034,0.93157,0.72408,0.81597,0.61239,1.11937,1.07672,1.14226,0.00042472,0.00042472,0.00042472
2420,14790.9,0.85244,0.65747,0.97308,0.93158,0.72428,0.81602,0.61263,1.11918,1.0767,1.14219,0.00042076,0.00042076,0.00042076
2421,14795.6,0.84709,0.66642,0.97321,0.93152,0.72361,0.8161,0.61264,1.11891,1.07622,1.14201,0.0004168,0.0004168,0.0004168
2422,14800.4,0.83452,0.65625,0.9713,0.93329,0.7234,0.81589,0.61207,1.11862,1.07589,1.14198,0.00041284,0.00041284,0.00041284
2423,14805.3,0.85916,0.66977,0.97942,0.93168,0.72539,0.81603,0.61261,1.11841,1.07567,1.14175,0.00040888,0.00040888,0.00040888
2424,14810.2,0.84974,0.66484,0.97489,0.93171,0.72571,0.81625,0.61308,1.11813,1.07514,1.14162,0.00040492,0.00040492,0.00040492
2425,14817.5,0.84991,0.66248,0.97368,0.93171,0.72567,0.81622,0.61286,1.11773,1.07486,1.14144,0.00040096,0.00040096,0.00040096
2426,14826.1,0.85099,0.65934,0.9672,0.93163,0.72481,0.81625,0.61282,1.11765,1.07462,1.14141,0.000397,0.000397,0.000397
2427,14834.8,0.85739,0.67992,0.97727,0.9317,0.72565,0.81627,0.61323,1.11738,1.07451,1.14123,0.00039304,0.00039304,0.00039304
2428,14842.6,0.84649,0.67474,0.97757,0.93175,0.72614,0.81633,0.61322,1.11693,1.07389,1.14108,0.00038908,0.00038908,0.00038908
2429,14847.9,0.84377,0.66117,0.97406,0.93168,0.72535,0.81642,0.6135,1.11671,1.07353,1.14095,0.00038512,0.00038512,0.00038512
2430,14853.2,0.85036,0.65581,0.96745,0.93178,0.72653,0.81638,0.61377,1.11665,1.07317,1.14075,0.00038116,0.00038116,0.00038116
2431,14858.5,0.85299,0.65857,0.97625,0.93185,0.72732,0.81649,0.61411,1.11614,1.07288,1.14053,0.0003772,0.0003772,0.0003772
2432,14863.8,0.81766,0.63749,0.97171,0.93178,0.72648,0.81648,0.61386,1.11579,1.07236,1.14043,0.00037324,0.00037324,0.00037324
2433,14868.8,0.85213,0.66814,0.97808,0.9318,0.7268,0.81654,0.6142,1.11581,1.07218,1.14031,0.00036928,0.00036928,0.00036928
2434,14874.1,0.86428,0.67083,0.97406,0.93181,0.72684,0.81656,0.61319,1.11569,1.07177,1.1402,0.00036532,0.00036532,0.00036532
2435,14880.9,0.83724,0.65574,0.96807,0.93188,0.72764,0.81655,0.61415,1.11541,1.07159,1.14013,0.00036136,0.00036136,0.00036136
2436,14889.2,0.84467,0.65373,0.96794,0.93184,0.72715,0.81659,0.61485,1.11497,1.07164,1.13991,0.0003574,0.0003574,0.0003574
2437,14899.1,0.84099,0.65366,0.96691,0.93187,0.72754,0.81661,0.614,1.1149,1.07077,1.13989,0.00035344,0.00035344,0.00035344
2438,14905.8,0.85739,0.6655,0.97192,0.93188,0.72765,0.81668,0.61414,1.11457,1.07057,1.13971,0.00034948,0.00034948,0.00034948
2439,14910.7,0.84423,0.65448,0.97493,0.9307,0.72766,0.81672,0.61445,1.11435,1.07042,1.13957,0.00034552,0.00034552,0.00034552
2440,14915.6,0.85422,0.66873,0.9762,0.93091,0.72766,0.81669,0.61403,1.11438,1.06961,1.1394,0.00034156,0.00034156,0.00034156
2441,14920.4,0.83795,0.6626,0.97175,0.93103,0.72766,0.81678,0.6149,1.11409,1.06939,1.13932,0.0003376,0.0003376,0.0003376
2442,14925.5,0.81724,0.6463,0.96733,0.92989,0.72766,0.81689,0.61483,1.11375,1.06915,1.13909,0.00033364,0.00033364,0.00033364
2443,14930.3,0.8495,0.66412,0.97162,0.93064,0.72766,0.81676,0.61473,1.11336,1.06919,1.13893,0.00032968,0.00032968,0.00032968
2444,14935.1,0.84432,0.66613,0.9697,0.9316,0.72446,0.81683,0.61504,1.11337,1.0689,1.13891,0.00032572,0.00032572,0.00032572
2445,14941,0.83919,0.66453,0.97946,0.93157,0.72415,0.81679,0.61455,1.11314,1.06884,1.13874,0.00032176,0.00032176,0.00032176
2446,14949.1,0.82134,0.64127,0.97246,0.93155,0.72393,0.8169,0.61458,1.11306,1.06892,1.13867,0.0003178,0.0003178,0.0003178
2447,14957.5,0.84444,0.65601,0.97711,0.93173,0.72599,0.81706,0.61522,1.11263,1.06847,1.13846,0.00031384,0.00031384,0.00031384
2448,14966.9,0.82126,0.64343,0.95873,0.9317,0.72565,0.81711,0.61509,1.11225,1.06811,1.13836,0.00030988,0.00030988,0.00030988
2449,14972.2,0.86355,0.68511,0.9829,0.93149,0.72766,0.81709,0.61513,1.11195,1.0679,1.13824,0.00030592,0.00030592,0.00030592
2450,14977.1,0.83355,0.6522,0.96311,0.93106,0.72766,0.81712,0.61522,1.11169,1.06768,1.13816,0.00030196,0.00030196,0.00030196
2451,14982.5,0.85458,0.66762,0.97513,0.93098,0.72766,0.8171,0.61496,1.11161,1.06735,1.1379,0.000298,0.000298,0.000298
2452,14987.4,0.83785,0.66064,0.96709,0.93102,0.72766,0.81714,0.61529,1.11143,1.06669,1.13775,0.00029404,0.00029404,0.00029404
2453,14992.8,0.84708,0.67124,0.97022,0.93192,0.7281,0.8172,0.61564,1.11109,1.06646,1.13765,0.00029008,0.00029008,0.00029008
2454,14998,0.84225,0.65461,0.98054,0.93201,0.72912,0.81725,0.61589,1.11083,1.06654,1.13754,0.00028612,0.00028612,0.00028612
2455,15003.9,0.82522,0.63918,0.96419,0.93388,0.72766,0.81724,0.61631,1.11037,1.06571,1.13725,0.00028216,0.00028216,0.00028216
2456,15013.2,0.8358,0.64663,0.96815,0.93073,0.72766,0.81733,0.61584,1.11029,1.06553,1.13716,0.0002782,0.0002782,0.0002782
2457,15022.3,0.84076,0.66074,0.96976,0.93955,0.72758,0.8175,0.61617,1.11014,1.06526,1.13711,0.00027424,0.00027424,0.00027424
2458,15030.7,0.82425,0.64637,0.97082,0.93616,0.72766,0.81745,0.61613,1.11001,1.06499,1.13706,0.00027028,0.00027028,0.00027028
2459,15035.6,0.82768,0.64601,0.96996,0.93658,0.72766,0.81752,0.61605,1.1096,1.0647,1.13688,0.00026632,0.00026632,0.00026632
2460,15040.4,0.8395,0.64953,0.97295,0.93707,0.72766,0.81766,0.61655,1.10941,1.06445,1.13672,0.00026236,0.00026236,0.00026236
2461,15045.6,0.83136,0.63775,0.96565,0.93847,0.72766,0.81765,0.61572,1.10926,1.06425,1.1366,0.0002584,0.0002584,0.0002584
2462,15050.5,0.84422,0.64823,0.97071,0.93534,0.72766,0.8176,0.61613,1.10912,1.06389,1.13647,0.00025444,0.00025444,0.00025444
2463,15055.3,0.80885,0.6282,0.9619,0.93701,0.72795,0.81763,0.61604,1.10882,1.06382,1.13635,0.00025048,0.00025048,0.00025048
2464,15060,0.81975,0.64231,0.96125,0.93496,0.72979,0.81772,0.61605,1.10866,1.06352,1.13614,0.00024652,0.00024652,0.00024652
2465,15064.9,0.83292,0.65399,0.96753,0.93636,0.72979,0.81801,0.61621,1.10836,1.06275,1.13605,0.00024256,0.00024256,0.00024256
2466,15072.1,0.82321,0.64217,0.96605,0.93351,0.72979,0.81809,0.61663,1.10818,1.06248,1.13599,0.0002386,0.0002386,0.0002386
2467,15081.8,0.8213,0.64391,0.96894,0.93618,0.72979,0.81819,0.61638,1.10794,1.06238,1.13583,0.00023464,0.00023464,0.00023464
2468,15090.2,0.84929,0.66711,0.97251,0.93803,0.72979,0.81816,0.61638,1.10772,1.06193,1.13576,0.00023068,0.00023068,0.00023068
2469,15096.8,0.83878,0.66179,0.9678,0.93408,0.72979,0.81821,0.61655,1.1075,1.06138,1.13553,0.00022672,0.00022672,0.00022672
2470,15104.3,0.81638,0.64607,0.96773,0.9365,0.72979,0.81832,0.61661,1.10721,1.06117,1.13541,0.00022276,0.00022276,0.00022276
2471,15113.7,0.8206,0.65469,0.96586,0.93742,0.72979,0.81831,0.61665,1.10706,1.06091,1.13533,0.0002188,0.0002188,0.0002188
2472,15123.6,0.82018,0.6417,0.96092,0.93777,0.72979,0.81844,0.61661,1.10693,1.0606,1.13531,0.00021484,0.00021484,0.00021484
2473,15129.2,0.83885,0.66143,0.96811,0.93395,0.72979,0.81843,0.61663,1.1067,1.06023,1.13499,0.00021088,0.00021088,0.00021088
2474,15134.2,0.82635,0.65076,0.96765,0.93761,0.72979,0.81836,0.61666,1.1064,1.06005,1.13488,0.00020692,0.00020692,0.00020692
2475,15139.5,0.82813,0.64717,0.96507,0.93715,0.72979,0.81843,0.61659,1.10642,1.0599,1.13493,0.00020296,0.00020296,0.00020296
2476,15145,0.84321,0.66497,0.97228,0.93631,0.72979,0.81848,0.61664,1.10605,1.05944,1.1348,0.000199,0.000199,0.000199
2477,15149.8,0.8204,0.64793,0.97127,0.93536,0.72979,0.81861,0.61659,1.10595,1.05913,1.13454,0.00019504,0.00019504,0.00019504
2478,15154.7,0.83224,0.63538,0.9662,0.93721,0.73043,0.8188,0.61665,1.10554,1.05861,1.13435,0.00019108,0.00019108,0.00019108
2479,15161.1,0.83784,0.65659,0.96939,0.93489,0.72979,0.81875,0.61678,1.10574,1.05867,1.13448,0.00018712,0.00018712,0.00018712
2480,15170.9,0.83368,0.65412,0.96549,0.93448,0.73191,0.81897,0.61674,1.10527,1.05813,1.1343,0.00018316,0.00018316,0.00018316
2481,15180.7,0.82836,0.65675,0.97347,0.93724,0.73079,0.81891,0.61675,1.105,1.05764,1.13422,0.0001792,0.0001792,0.0001792
2482,15188.2,0.82574,0.64654,0.96833,0.93589,0.73191,0.81898,0.61678,1.10495,1.05765,1.13422,0.00017524,0.00017524,0.00017524
2483,15193.4,0.82002,0.64459,0.96454,0.93642,0.73191,0.8191,0.6168,1.1049,1.05685,1.13377,0.00017128,0.00017128,0.00017128
2484,15198.8,0.83191,0.6543,0.97278,0.93728,0.73191,0.8191,0.61688,1.1047,1.05613,1.13372,0.00016732,0.00016732,0.00016732
2485,15204.1,0.83886,0.65753,0.96878,0.93724,0.73191,0.81922,0.61683,1.10454,1.05591,1.13353,0.00016336,0.00016336,0.00016336
2486,15208.9,0.80531,0.63347,0.95611,0.93911,0.73191,0.81933,0.61702,1.10442,1.05576,1.13349,0.0001594,0.0001594,0.0001594
2487,15214.5,0.81556,0.63567,0.96949,0.93608,0.73191,0.81939,0.61688,1.10397,1.0554,1.13346,0.00015544,0.00015544,0.00015544
2488,15219.5,0.81645,0.64216,0.96676,0.93598,0.73191,0.81938,0.61698,1.10397,1.05504,1.13318,0.00015148,0.00015148,0.00015148
2489,15225.8,0.81929,0.64439,0.96487,0.9365,0.73191,0.81944,0.61702,1.10413,1.05482,1.13322,0.00014752,0.00014752,0.00014752
2490,15235.4,0.81125,0.641,0.96293,0.93678,0.73191,0.81966,0.61674,1.10377,1.05452,1.13306,0.00014356,0.00014356,0.00014356
2491,15246.3,0.93773,0.65801,1.02328,0.93576,0.73191,0.81969,0.61685,1.10352,1.05395,1.13294,0.0001396,0.0001396,0.0001396
2492,15252.8,0.87151,0.60174,0.98527,0.93558,0.73191,0.81996,0.61697,1.10336,1.0533,1.13281,0.00013564,0.00013564,0.00013564
2493,15261.1,0.82923,0.57001,0.95521,0.93623,0.73191,0.82002,0.61751,1.10282,1.0532,1.13284,0.00013168,0.00013168,0.00013168
2494,15269.6,0.76786,0.54843,0.93621,0.93742,0.73309,0.82007,0.61743,1.10275,1.05265,1.1326,0.00012772,0.00012772,0.00012772
2495,15277.2,0.77261,0.54911,0.93367,0.93742,0.73303,0.82007,0.61712,1.10264,1.0519,1.13265,0.00012376,0.00012376,0.00012376
2496,15283.8,0.77619,0.54643,0.93826,0.93747,0.73363,0.82018,0.61747,1.10245,1.05124,1.13242,0.0001198,0.0001198,0.0001198
2497,15288.6,0.76815,0.53957,0.93044,0.93705,0.73404,0.8203,0.61727,1.1025,1.0508,1.13255,0.00011584,0.00011584,0.00011584
2498,15293.4,0.76727,0.53765,0.92946,0.93706,0.73404,0.82039,0.61748,1.10185,1.05002,1.13225,0.00011188,0.00011188,0.00011188
2499,15298.6,0.7564,0.53194,0.92811,0.93686,0.73404,0.82034,0.6181,1.10166,1.05016,1.13212,0.00010792,0.00010792,0.00010792
2500,15303.8,0.74897,0.52378,0.92345,0.93742,0.73404,0.82042,0.61881,1.10155,1.0496,1.13212,0.00010396,0.00010396,0.00010396
