epoch,time,train/box_loss,train/cls_loss,train/dfl_loss,metrics/precision(B),metrics/recall(B),metrics/mAP50(B),metrics/mAP50-95(B),val/box_loss,val/cls_loss,val/dfl_loss,lr/pg0,lr/pg1,lr/pg2
1,12.693,4.86018,9.43623,4.2225,1e-05,0.00213,1e-05,0,5.31789,11.6346,4.16724,0.00327778,0.00327778,0.00327778
2,22.0915,5.01527,7.04377,4.15446,1e-05,0.00213,1e-05,0,5.33468,7.32143,4.15217,0.00660566,0.00660566,0.00660566
3,31.1839,4.72919,5.13958,3.75606,0.0004,0.01277,0.00021,6e-05,3.60045,5.66627,2.73679,0.00992804,0.00992804,0.00992804
4,40.2564,3.76568,4.51466,3.04989,0.00062,0.00851,0.00031,6e-05,4.04293,5.53359,3.22658,0.00997525,0.00997525,0.00997525
5,50.4047,3.39335,4.38706,2.7408,0.00063,0.09149,0.00037,9e-05,3.00229,4.70984,2.4325,0.009967,0.009967,0.009967
6,59.5134,3.21055,4.45887,2.5791,0.00055,0.05745,0.00031,6e-05,2.99278,4.83396,2.32633,0.00995875,0.00995875,0.00995875
7,68.4655,3.2049,4.46066,2.57185,0.00057,0.08298,0.00033,7e-05,2.97454,4.60785,2.18018,0.0099505,0.0099505,0.0099505
8,77.3768,3.24493,4.45114,2.47962,0.00075,0.1,0.00046,0.00011,2.79364,4.47676,2.08838,0.00994225,0.00994225,0.00994225
9,87.1459,3.24155,4.41903,2.47594,0.00093,0.13191,0.0006,0.00013,2.86983,4.47272,2.05938,0.009934,0.009934,0.009934
10,96.7268,3.19159,4.47339,2.46602,0.00063,0.0766,0.00037,9e-05,2.9637,4.58057,2.15599,0.00992575,0.00992575,0.00992575
11,105.679,3.12239,4.43465,2.53033,0.00071,0.10426,0.0004,9e-05,2.97649,4.62416,2.26385,0.0099175,0.0099175,0.0099175
12,114.605,3.0775,4.4081,2.57,0.00067,0.09787,0.00038,8e-05,2.97732,4.51884,2.16993,0.00990925,0.00990925,0.00990925
13,124.15,3.07259,4.37485,2.57826,0.00141,0.20851,0.00114,0.00026,2.73097,4.50975,2.30542,0.009901,0.009901,0.009901
14,134.334,3.02669,4.34559,2.58211,0.00164,0.07447,0.00092,0.00022,2.74752,4.56281,2.3726,0.00989275,0.00989275,0.00989275
15,143.294,3.07784,4.40199,2.55454,0.00212,0.09149,0.00132,0.00033,2.72825,4.50709,2.30307,0.0098845,0.0098845,0.0098845
16,152.458,3.01827,4.38378,2.56147,0.00186,0.28085,0.0042,0.00111,2.59679,4.56596,2.29146,0.00987625,0.00987625,0.00987625
17,161.996,2.98274,4.39787,2.5763,0.00177,0.25745,0.00166,0.00036,2.68097,4.5188,2.38136,0.009868,0.009868,0.009868
18,172.234,2.95358,4.35577,2.5869,0.0019,0.28298,0.00171,0.00042,2.65886,4.41175,2.31698,0.00985975,0.00985975,0.00985975
19,181.458,2.97612,4.39925,2.54896,0.00184,0.26809,0.00306,0.00055,2.6657,4.57922,2.35098,0.0098515,0.0098515,0.0098515
20,190.706,2.91096,4.38357,2.57643,0.00177,0.2617,0.00149,0.00038,2.66667,4.45458,2.32363,0.00984325,0.00984325,0.00984325
21,200.151,2.90984,4.38622,2.52523,0.00173,0.25957,0.00194,0.00048,2.71405,4.74421,2.2959,0.009835,0.009835,0.009835
22,209.97,2.90765,4.39947,2.48162,0.00203,0.24681,0.00212,0.00051,2.72555,4.53507,2.29564,0.00982675,0.00982675,0.00982675
23,219.301,2.87457,4.33088,2.49455,0.00189,0.27872,0.00277,0.00074,2.67053,4.3924,2.30104,0.0098185,0.0098185,0.0098185
24,228.532,2.91614,4.3565,2.52786,0.00159,0.24043,0.00159,0.00035,2.78094,4.70453,2.31654,0.00981025,0.00981025,0.00981025
25,237.467,2.88047,4.35389,2.47136,0.00175,0.2617,0.00196,0.00044,2.75729,4.42012,2.28161,0.009802,0.009802,0.009802
26,247.04,2.87236,4.33846,2.49163,0.00213,0.2617,0.00162,0.00037,2.71538,4.42948,2.33417,0.00979375,0.00979375,0.00979375
27,256.436,2.86526,4.33167,2.49309,0.0018,0.27234,0.00158,0.00035,2.83169,4.41785,2.3383,0.0097855,0.0097855,0.0097855
28,265.466,2.89663,4.33734,2.49413,0.00173,0.2617,0.00157,0.00041,2.77611,4.4332,2.29293,0.00977725,0.00977725,0.00977725
29,274.437,2.85595,4.34137,2.48308,0.00187,0.28298,0.00172,0.00039,2.82565,4.61867,2.3549,0.009769,0.009769,0.009769
30,283.356,2.84328,4.28908,2.46837,0.0019,0.28936,0.00203,0.00048,2.87991,4.45043,2.33011,0.00976075,0.00976075,0.00976075
31,293.146,2.84593,4.29834,2.43569,0.00175,0.26596,0.00166,0.00041,2.78631,4.50466,2.26905,0.0097525,0.0097525,0.0097525
32,302.114,2.8058,4.26135,2.43216,0.0021,0.29149,0.00215,0.0005,2.82576,4.41453,2.27207,0.00974425,0.00974425,0.00974425
33,311.101,2.79847,4.26708,2.40983,0.00173,0.26383,0.00183,0.00045,2.87079,4.32792,2.14471,0.009736,0.009736,0.009736
34,320.053,2.78694,4.28421,2.40475,0.00165,0.24894,0.00139,0.00034,2.82653,4.38815,2.15779,0.00972775,0.00972775,0.00972775
35,329.707,2.76298,4.27282,2.37724,0.00182,0.24681,0.00167,0.00044,2.89146,4.40453,2.21466,0.0097195,0.0097195,0.0097195
36,339.366,2.76838,4.29464,2.40102,0.00167,0.22553,0.00152,0.00035,2.88457,4.35321,2.28952,0.00971125,0.00971125,0.00971125
37,348.377,2.78559,4.28937,2.4252,0.00155,0.23404,0.00123,0.00027,2.96054,4.4425,2.3121,0.009703,0.009703,0.009703
38,357.276,2.77048,4.22978,2.39607,0.00166,0.24894,0.00185,0.00042,2.87193,4.41137,2.15484,0.00969475,0.00969475,0.00969475
39,366.212,2.75491,4.22499,2.41729,0.00187,0.28298,0.00266,0.00055,2.80505,4.29804,2.2299,0.0096865,0.0096865,0.0096865
40,376.074,2.79026,4.2179,2.40857,0.00202,0.30426,0.00224,0.00053,2.82035,4.31891,2.21264,0.00967825,0.00967825,0.00967825
41,385.02,2.7666,4.24787,2.40563,0.00169,0.25532,0.00151,0.00037,2.90828,4.43634,2.26909,0.00967,0.00967,0.00967
42,394.084,2.77725,4.25111,2.38535,0.00174,0.2617,0.00142,0.00035,2.87549,4.34798,2.16778,0.00966175,0.00966175,0.00966175
43,402.998,2.72187,4.19836,2.38319,0.00211,0.25745,0.00175,0.0004,2.86168,4.34435,2.25477,0.0096535,0.0096535,0.0096535
44,412.655,2.74142,4.18582,2.35784,0.00222,0.33404,0.00197,0.00048,2.79835,4.27003,2.18041,0.00964525,0.00964525,0.00964525
45,422.368,2.71728,4.2076,2.36587,0.00262,0.3234,0.00294,0.00059,2.68453,4.2897,2.20468,0.009637,0.009637,0.009637
46,431.279,2.70588,4.19525,2.37546,0.00221,0.33191,0.00184,0.0004,2.86494,4.26441,2.24882,0.00962875,0.00962875,0.00962875
47,440.309,2.72586,4.18246,2.35339,0.00208,0.31702,0.00194,0.00045,2.84528,4.3557,2.25257,0.0096205,0.0096205,0.0096205
48,449.281,2.7324,4.19401,2.35206,0.00226,0.34255,0.0021,0.00052,2.73516,4.22259,2.22147,0.00961225,0.00961225,0.00961225
49,459.181,2.74872,4.17552,2.38602,0.00225,0.34043,0.00226,0.00054,2.75603,4.25317,2.21398,0.009604,0.009604,0.009604
50,468.106,2.71717,4.19419,2.36784,0.00218,0.33191,0.00244,0.00057,2.81979,4.24181,2.235,0.00959575,0.00959575,0.00959575
51,477.06,2.70753,4.15408,2.36014,0.00236,0.35957,0.00288,0.00069,2.7304,4.25147,2.21204,0.0095875,0.0095875,0.0095875
52,486.245,2.75542,4.1769,2.3624,0.00237,0.3617,0.00216,0.00052,2.76731,4.17296,2.21467,0.00957925,0.00957925,0.00957925
53,496.034,2.71566,4.1814,2.36918,0.0022,0.33404,0.00186,0.00045,2.73132,4.34588,2.20879,0.009571,0.009571,0.009571
54,505.399,2.74562,4.1763,2.37322,0.00162,0.24681,0.00192,0.00038,2.85366,4.27435,2.24611,0.00956275,0.00956275,0.00956275
55,514.362,2.69141,4.17099,2.33948,0.00224,0.34043,0.00404,0.0014,2.76102,4.22358,2.19392,0.0095545,0.0095545,0.0095545
56,523.485,2.69599,4.10004,2.32973,0.00257,0.39149,0.00232,0.00056,2.66877,4.21925,2.14896,0.00954625,0.00954625,0.00954625
57,532.718,2.68715,4.12354,2.34393,0.00244,0.37234,0.0028,0.00058,2.74327,4.27349,2.19576,0.009538,0.009538,0.009538
58,542.613,2.70424,4.14555,2.34186,0.00248,0.37872,0.00261,0.00061,2.72866,4.21388,2.1818,0.00952975,0.00952975,0.00952975
59,551.536,2.69524,4.09205,2.351,0.00246,0.37447,0.00256,0.00067,2.70094,4.21679,2.22835,0.0095215,0.0095215,0.0095215
60,560.454,2.68309,4.10988,2.35395,0.00232,0.35319,0.00261,0.00069,2.76541,4.21372,2.20203,0.00951325,0.00951325,0.00951325
61,569.354,2.70921,4.11494,2.36616,0.00247,0.37234,0.00401,0.00082,2.72787,4.15989,2.2032,0.009505,0.009505,0.009505
62,579.144,2.68691,4.11376,2.3595,0.00255,0.38936,0.00348,0.00077,2.78217,4.21213,2.19676,0.00949675,0.00949675,0.00949675
63,588.473,2.65142,4.11682,2.33388,0.0027,0.41064,0.0032,0.00073,2.74866,4.14199,2.18667,0.0094885,0.0094885,0.0094885
64,597.383,2.6431,4.08772,2.33626,0.00253,0.38298,0.00316,0.00073,2.65837,4.16191,2.14977,0.00948025,0.00948025,0.00948025
65,606.327,2.7036,4.091,2.3327,0.00252,0.38298,0.00379,0.0009,2.74186,4.17598,2.17887,0.009472,0.009472,0.009472
66,616.071,2.67465,4.06661,2.33098,0.00248,0.37021,0.00294,0.00079,2.72836,4.18367,2.17139,0.00946375,0.00946375,0.00946375
67,626.343,2.66209,4.07259,2.3414,0.00262,0.4,0.00351,0.0009,2.75787,4.14177,2.19378,0.0094555,0.0094555,0.0094555
68,635.278,2.64162,4.07727,2.31928,0.0027,0.41064,0.00365,0.00084,2.72666,4.15027,2.17907,0.00944725,0.00944725,0.00944725
69,644.225,2.66973,4.10865,2.3249,0.00266,0.40638,0.00445,0.00094,2.73115,4.16695,2.19778,0.009439,0.009439,0.009439
70,653.127,2.63392,4.08334,2.32317,0.00267,0.4,0.00644,0.00123,2.67227,4.18396,2.14984,0.00943075,0.00943075,0.00943075
71,663.634,2.66552,4.07756,2.32238,0.00271,0.41277,0.00465,0.00111,2.67902,4.12867,2.14979,0.0094225,0.0094225,0.0094225
72,672.587,2.61436,4.04011,2.33807,0.0026,0.39574,0.00346,0.00082,2.70996,4.17126,2.17652,0.00941425,0.00941425,0.00941425
73,681.52,2.64191,4.03365,2.32808,0.00209,0.31702,0.00194,0.00052,2.77903,4.2975,2.20135,0.009406,0.009406,0.009406
74,690.475,2.60451,4.0365,2.29365,0.00291,0.43191,0.00461,0.00107,2.66009,4.13147,2.13191,0.00939775,0.00939775,0.00939775
75,700.428,2.65619,4.03242,2.33109,0.00262,0.39362,0.00429,0.00099,2.68393,4.15462,2.15326,0.0093895,0.0093895,0.0093895
76,709.879,2.61817,4.06005,2.3096,0.00266,0.40213,0.00419,0.00102,2.70029,4.09149,2.15407,0.00938125,0.00938125,0.00938125
77,718.851,2.63366,4.01617,2.31314,0.0027,0.40638,0.00508,0.00106,2.69395,4.16147,2.1553,0.009373,0.009373,0.009373
78,727.832,2.64549,4.01718,2.30464,0.00275,0.41702,0.00498,0.00112,2.71473,4.17519,2.15778,0.00936475,0.00936475,0.00936475
79,736.866,2.64226,4.0294,2.3037,0.00262,0.4,0.00472,0.00107,2.74976,4.19164,2.177,0.0093565,0.0093565,0.0093565
80,746.867,2.60744,4.0187,2.32552,0.00262,0.4,0.00469,0.00107,2.67454,4.11223,2.14088,0.00934825,0.00934825,0.00934825
81,755.814,2.62726,3.98364,2.31724,0.00273,0.41489,0.00642,0.00158,2.71891,4.14544,2.21841,0.00934,0.00934,0.00934
82,764.967,2.60137,3.98743,2.3139,0.00279,0.4234,0.00638,0.00147,2.69836,4.09843,2.1767,0.00933175,0.00933175,0.00933175
83,773.971,2.61002,3.98713,2.30583,0.00286,0.43617,0.00772,0.00185,2.64186,4.1205,2.12268,0.0093235,0.0093235,0.0093235
84,783.966,2.59268,3.99429,2.29089,0.00265,0.40426,0.0044,0.00112,2.73302,4.14393,2.16849,0.00931525,0.00931525,0.00931525
85,793.631,2.59996,3.96509,2.30482,0.00283,0.43191,0.00596,0.00144,2.67163,4.12171,2.15072,0.009307,0.009307,0.009307
86,802.585,2.60558,3.95054,2.29351,0.00301,0.4383,0.00898,0.00192,2.70221,4.07777,2.15652,0.00929875,0.00929875,0.00929875
87,811.754,2.5739,3.93175,2.28127,0.0106,0.17872,0.00621,0.0014,2.69969,4.0232,2.15617,0.0092905,0.0092905,0.0092905
88,821.552,2.60626,3.95376,2.29186,0.0031,0.46809,0.00994,0.00241,2.60302,4.05627,2.14661,0.00928225,0.00928225,0.00928225
89,831.83,2.59557,3.92034,2.2914,0.00298,0.45319,0.00735,0.00163,2.64625,4.0046,2.14941,0.009274,0.009274,0.009274
90,840.766,2.59657,3.93902,2.29421,0.00298,0.45106,0.00848,0.00196,2.65792,4.07297,2.16105,0.00926575,0.00926575,0.00926575
91,849.721,2.56202,3.9357,2.28749,0.01242,0.19362,0.01246,0.00288,2.5811,4.10335,2.12324,0.0092575,0.0092575,0.0092575
92,859.336,2.59158,3.89083,2.25915,0.02931,0.06383,0.00784,0.0019,2.6844,4.03473,2.16331,0.00924925,0.00924925,0.00924925
93,869.301,2.57091,3.89009,2.27434,0.00315,0.45957,0.00984,0.00222,2.63528,4.00508,2.16588,0.009241,0.009241,0.009241
94,878.422,2.54952,3.86945,2.27416,0.00299,0.44255,0.00806,0.00195,2.61025,4.0166,2.13078,0.00923275,0.00923275,0.00923275
95,887.376,2.53485,3.87045,2.2727,0.05933,0.07021,0.01602,0.00407,2.60777,3.96238,2.13543,0.0092245,0.0092245,0.0092245
96,896.512,2.51159,3.81666,2.25645,0.02787,0.14681,0.01512,0.00331,2.69799,3.99529,2.16118,0.00921625,0.00921625,0.00921625
97,906.429,2.52579,3.8627,2.21799,0.003,0.45532,0.01128,0.00249,2.63093,3.94617,2.12004,0.009208,0.009208,0.009208
98,915.779,2.51803,3.8231,2.25249,0.0087,0.31702,0.01558,0.00389,2.62123,3.95958,2.11202,0.00919975,0.00919975,0.00919975
99,924.72,2.51847,3.83147,2.2423,0.04688,0.02979,0.00997,0.00249,2.63094,4.00543,2.11557,0.0091915,0.0091915,0.0091915
100,933.659,2.52976,3.80965,2.2448,0.06346,0.04681,0.01514,0.0035,2.65877,4.00437,2.13344,0.00918325,0.00918325,0.00918325
101,943.239,2.51092,3.80738,2.23463,0.1001,0.04894,0.02153,0.00566,2.60069,3.91814,2.09809,0.009175,0.009175,0.009175
102,953.035,2.50375,3.81817,2.23902,0.09222,0.01702,0.01505,0.00357,2.66563,3.90734,2.14345,0.00916675,0.00916675,0.00916675
103,961.971,2.48419,3.78924,2.22502,0.0416,0.14468,0.0189,0.0044,2.57535,3.91563,2.07687,0.0091585,0.0091585,0.0091585
104,971.035,2.47381,3.73795,2.21628,0.09424,0.0617,0.02131,0.00508,2.55081,3.89843,2.08433,0.00915025,0.00915025,0.00915025
105,979.985,2.49999,3.7819,2.23779,0.08144,0.04468,0.02122,0.0056,2.5986,3.89869,2.13463,0.009142,0.009142,0.009142
106,989.833,2.46662,3.77249,2.25197,0.08054,0.09787,0.02837,0.0066,2.5691,3.84587,2.08819,0.00913375,0.00913375,0.00913375
107,999.045,2.44117,3.69101,2.21811,0.10227,0.08085,0.02679,0.00577,2.59014,3.87606,2.10504,0.0091255,0.0091255,0.0091255
108,1008.21,2.45281,3.7189,2.2303,0.13846,0.05744,0.02742,0.00696,2.62801,3.83988,2.09118,0.00911725,0.00911725,0.00911725
109,1017.34,2.456,3.7194,2.21437,0.07989,0.07872,0.02556,0.00647,2.58647,3.95249,2.05615,0.009109,0.009109,0.009109
110,1027.5,2.48807,3.68371,2.21928,0.10086,0.07021,0.03003,0.00763,2.58316,3.84354,2.12058,0.00910075,0.00910075,0.00910075
111,1037.46,2.48593,3.68975,2.21132,0.10468,0.08511,0.0278,0.00648,2.55962,3.78877,2.13288,0.0090925,0.0090925,0.0090925
112,1046.36,2.40635,3.63173,2.19016,0.1031,0.09362,0.03347,0.00746,2.61325,3.83302,2.10497,0.00908425,0.00908425,0.00908425
113,1055.48,2.44382,3.60277,2.20536,0.1183,0.08936,0.03337,0.0073,2.56548,3.8039,2.1325,0.009076,0.009076,0.009076
114,1064.95,2.45224,3.63736,2.19264,0.1364,0.08298,0.0335,0.00711,2.57619,3.80434,2.1357,0.00906775,0.00906775,0.00906775
115,1075.04,2.42055,3.61182,2.16309,0.11055,0.07234,0.04033,0.00891,2.55897,3.72177,2.07207,0.0090595,0.0090595,0.0090595
116,1084.19,2.447,3.63622,2.18668,0.1025,0.07234,0.03034,0.00734,2.544,3.88678,2.08997,0.00905125,0.00905125,0.00905125
117,1093.12,2.42151,3.62397,2.21217,0.12345,0.07447,0.03096,0.00674,2.55395,3.79081,2.07314,0.009043,0.009043,0.009043
118,1102.13,2.39509,3.6435,2.19243,0.12281,0.06596,0.0386,0.00979,2.56616,3.73973,2.10012,0.00903475,0.00903475,0.00903475
119,1112.13,2.42296,3.61122,2.18637,0.141,0.09787,0.04125,0.0095,2.55473,3.72887,2.07786,0.0090265,0.0090265,0.0090265
120,1121.26,2.44551,3.59903,2.18236,0.10872,0.10638,0.0365,0.00946,2.56,3.71629,2.10679,0.00901825,0.00901825,0.00901825
121,1130.22,2.42302,3.61017,2.18694,0.11058,0.10213,0.03906,0.0093,2.50545,3.74073,2.09801,0.00901,0.00901,0.00901
122,1139.15,2.40732,3.57875,2.15402,0.13996,0.07872,0.0383,0.00818,2.59069,3.74789,2.089,0.00900175,0.00900175,0.00900175
123,1148.77,2.44718,3.57165,2.1935,0.08883,0.08085,0.03142,0.00686,2.55637,3.72636,2.09693,0.0089935,0.0089935,0.0089935
124,1158.1,2.39497,3.56322,2.17054,0.12608,0.08298,0.03879,0.00921,2.53829,3.74101,2.1069,0.00898525,0.00898525,0.00898525
125,1167.44,2.4607,3.60562,2.20154,0.12178,0.08298,0.03728,0.00819,2.56962,3.75473,2.07553,0.008977,0.008977,0.008977
126,1176.48,2.41423,3.55079,2.16346,0.1337,0.07447,0.03698,0.00956,2.61945,3.71828,2.10823,0.00896875,0.00896875,0.00896875
127,1185.42,2.35958,3.49322,2.15252,0.11109,0.1234,0.03937,0.00945,2.50004,3.69356,2.06489,0.0089605,0.0089605,0.0089605
128,1195.43,2.36747,3.56018,2.1608,0.2172,0.04894,0.04382,0.00947,2.50526,3.76996,2.07824,0.00895225,0.00895225,0.00895225
129,1204.57,2.38617,3.56528,2.1504,0.09472,0.10707,0.03626,0.00832,2.58441,3.68141,2.06894,0.008944,0.008944,0.008944
130,1213.45,2.36797,3.54566,2.15014,0.11055,0.09362,0.03957,0.00963,2.50338,3.70779,2.07309,0.00893575,0.00893575,0.00893575
131,1222.39,2.39859,3.48067,2.1476,0.12138,0.09053,0.03938,0.00964,2.52122,3.68765,2.04388,0.0089275,0.0089275,0.0089275
132,1232.55,2.38493,3.48138,2.15743,0.12568,0.08936,0.04703,0.00978,2.55663,3.6788,2.10525,0.00891925,0.00891925,0.00891925
133,1241.75,2.33847,3.53805,2.16275,0.13656,0.07021,0.05528,0.01143,2.56233,3.70905,2.05854,0.008911,0.008911,0.008911
134,1250.9,2.35643,3.50943,2.1511,0.12893,0.0766,0.04622,0.0107,2.54553,3.65542,2.09618,0.00890275,0.00890275,0.00890275
135,1259.87,2.33753,3.47614,2.16572,0.13517,0.08936,0.04673,0.01188,2.54913,3.65132,2.09231,0.0088945,0.0088945,0.0088945
136,1269.48,2.34544,3.47938,2.14302,0.14127,0.09362,0.03969,0.0095,2.49459,3.62445,2.13272,0.00888625,0.00888625,0.00888625
137,1279.09,2.33809,3.48115,2.15374,0.15498,0.08723,0.04198,0.00968,2.54988,3.66087,2.1113,0.008878,0.008878,0.008878
138,1288,2.32493,3.49566,2.15347,0.115,0.10451,0.04768,0.01173,2.55061,3.61634,2.15398,0.00886975,0.00886975,0.00886975
139,1296.93,2.35157,3.42743,2.16893,0.13538,0.07234,0.0403,0.01013,2.55893,3.68133,2.10134,0.0088615,0.0088615,0.0088615
140,1305.9,2.32582,3.45927,2.14638,0.17461,0.07872,0.04968,0.01219,2.50547,3.65232,2.06593,0.00885325,0.00885325,0.00885325
141,1316.38,2.31602,3.42356,2.14035,0.13369,0.1234,0.04884,0.0127,2.49252,3.64378,2.12084,0.008845,0.008845,0.008845
142,1325.5,2.29001,3.4038,2.12814,0.13036,0.11489,0.04623,0.01151,2.49332,3.56115,2.09506,0.00883675,0.00883675,0.00883675
143,1334.63,2.32152,3.42749,2.12924,0.12522,0.09149,0.0465,0.01129,2.49209,3.63253,2.0978,0.0088285,0.0088285,0.0088285
144,1343.58,2.31667,3.40129,2.1356,0.11385,0.11489,0.04729,0.01308,2.49936,3.55694,2.07625,0.00882025,0.00882025,0.00882025
145,1353.33,2.3298,3.38873,2.13848,0.12195,0.11702,0.05404,0.01323,2.52038,3.5269,2.03866,0.008812,0.008812,0.008812
146,1363.11,2.33833,3.42012,2.16221,0.18053,0.12128,0.05614,0.01607,2.50061,3.51555,2.10818,0.00880375,0.00880375,0.00880375
147,1372.46,2.27232,3.37965,2.14057,0.131,0.14255,0.06416,0.01708,2.4436,3.50965,2.10789,0.0087955,0.0087955,0.0087955
148,1381.9,2.28196,3.37398,2.14927,0.15409,0.10213,0.05438,0.01343,2.45128,3.61731,2.10472,0.00878725,0.00878725,0.00878725
149,1391.94,2.33018,3.41458,2.13276,0.14228,0.10213,0.05333,0.01337,2.4483,3.53961,2.09619,0.008779,0.008779,0.008779
150,1401.49,2.2812,3.37874,2.13817,0.1367,0.12128,0.05685,0.01444,2.44766,3.51395,2.08115,0.00877075,0.00877075,0.00877075
151,1410.46,2.27337,3.36018,2.13883,0.14131,0.14255,0.0615,0.01671,2.48471,3.527,2.08053,0.0087625,0.0087625,0.0087625
152,1419.52,2.26077,3.38541,2.10596,0.11924,0.14468,0.06557,0.01819,2.40776,3.51681,2.08692,0.00875425,0.00875425,0.00875425
153,1428.68,2.24255,3.32192,2.12401,0.149,0.15745,0.06072,0.01668,2.4061,3.49068,2.12225,0.008746,0.008746,0.008746
154,1438.73,2.26377,3.38092,2.12624,0.16791,0.12128,0.06312,0.01629,2.46003,3.48768,2.09893,0.00873775,0.00873775,0.00873775
155,1447.66,2.30092,3.35079,2.12403,0.13118,0.1234,0.06071,0.0156,2.43542,3.50402,2.10299,0.0087295,0.0087295,0.0087295
156,1456.77,2.26838,3.35253,2.12366,0.1643,0.1234,0.06475,0.01783,2.39724,3.49978,2.11229,0.00872125,0.00872125,0.00872125
157,1465.73,2.28025,3.3239,2.1191,0.16742,0.11915,0.06307,0.01653,2.41959,3.50084,2.13711,0.008713,0.008713,0.008713
158,1475.7,2.2751,3.32402,2.11187,0.15512,0.13617,0.07911,0.02086,2.41487,3.42258,2.11455,0.00870475,0.00870475,0.00870475
159,1485.57,2.27898,3.33948,2.11539,0.14756,0.12553,0.06574,0.01647,2.43625,3.44647,2.09615,0.0086965,0.0086965,0.0086965
160,1494.54,2.26262,3.36698,2.12079,0.18752,0.10851,0.06805,0.01842,2.46145,3.50993,2.12263,0.00868825,0.00868825,0.00868825
161,1503.53,2.27455,3.32791,2.11275,0.15178,0.14468,0.06884,0.01797,2.41787,3.38369,2.0774,0.00868,0.00868,0.00868
162,1512.95,2.24818,3.32023,2.11731,0.14958,0.11064,0.06698,0.01881,2.45817,3.49315,2.13171,0.00867175,0.00867175,0.00867175
163,1522.93,2.23177,3.32723,2.09993,0.17798,0.12766,0.0852,0.02253,2.40713,3.3713,2.09105,0.0086635,0.0086635,0.0086635
164,1532.09,2.21675,3.27762,2.08729,0.16071,0.12553,0.07357,0.02048,2.40853,3.41542,2.1144,0.00865525,0.00865525,0.00865525
165,1541.05,2.2409,3.30174,2.11609,0.18148,0.1234,0.07775,0.02341,2.39102,3.40626,2.08171,0.008647,0.008647,0.008647
166,1550.19,2.22624,3.28956,2.09998,0.1941,0.13404,0.07903,0.0225,2.40319,3.38032,2.12781,0.00863875,0.00863875,0.00863875
167,1560.04,2.24436,3.32072,2.12273,0.17971,0.11702,0.06461,0.01842,2.41472,3.44324,2.12956,0.0086305,0.0086305,0.0086305
168,1568.96,2.1784,3.28389,2.08755,0.16059,0.11702,0.08032,0.02341,2.41742,3.4081,2.12193,0.00862225,0.00862225,0.00862225
169,1578.25,2.23735,3.2662,2.10624,0.16938,0.11915,0.06872,0.02066,2.43061,3.38195,2.11269,0.008614,0.008614,0.008614
170,1587.2,2.19144,3.26743,2.09256,0.20947,0.1234,0.08373,0.02633,2.41816,3.36945,2.12872,0.00860575,0.00860575,0.00860575
171,1597.18,2.19977,3.21054,2.09432,0.21084,0.12335,0.08955,0.02748,2.37635,3.42826,2.1093,0.0085975,0.0085975,0.0085975
172,1607.19,2.21981,3.30185,2.10377,0.16991,0.11915,0.06977,0.02035,2.42558,3.39352,2.11236,0.00858925,0.00858925,0.00858925
173,1616.26,2.20544,3.28711,2.09101,0.18359,0.10851,0.06495,0.01866,2.34384,3.3958,2.11234,0.008581,0.008581,0.008581
174,1625.27,2.20919,3.29756,2.10205,0.17129,0.14894,0.07034,0.02132,2.38941,3.35111,2.12951,0.00857275,0.00857275,0.00857275
175,1634.44,2.20273,3.22035,2.10819,0.20769,0.14894,0.09263,0.0284,2.39674,3.32878,2.13469,0.0085645,0.0085645,0.0085645
176,1644.89,2.19351,3.24747,2.09404,0.20317,0.12128,0.07791,0.02164,2.41858,3.40738,2.10548,0.00855625,0.00855625,0.00855625
177,1653.83,2.21391,3.25629,2.08064,0.19925,0.14468,0.07321,0.02163,2.39566,3.38835,2.11496,0.008548,0.008548,0.008548
178,1662.97,2.18132,3.22929,2.07714,0.18171,0.13617,0.09114,0.02636,2.39407,3.33279,2.11194,0.00853975,0.00853975,0.00853975
179,1671.92,2.2044,3.21432,2.07626,0.1768,0.13191,0.07532,0.02166,2.37075,3.3821,2.11289,0.0085315,0.0085315,0.0085315
180,1681.62,2.19898,3.24586,2.07589,0.19549,0.15745,0.08019,0.02252,2.34267,3.35134,2.12015,0.00852325,0.00852325,0.00852325
181,1691.35,2.17133,3.2064,2.07318,0.18127,0.17021,0.09614,0.02735,2.36749,3.32159,2.1323,0.008515,0.008515,0.008515
182,1700.44,2.17634,3.1965,2.07501,0.17079,0.12128,0.08162,0.0258,2.34196,3.33021,2.12335,0.00850675,0.00850675,0.00850675
183,1709.42,2.1545,3.1704,2.08358,0.17302,0.16383,0.084,0.02494,2.34798,3.33792,2.1035,0.0084985,0.0084985,0.0084985
184,1719.06,2.1488,3.1924,2.05669,0.20192,0.13617,0.0792,0.02518,2.35543,3.36423,2.12647,0.00849025,0.00849025,0.00849025
185,1728.94,2.18382,3.19194,2.07483,0.18669,0.14255,0.08155,0.0252,2.36085,3.29609,2.12381,0.008482,0.008482,0.008482
186,1737.87,2.18568,3.20159,2.08056,0.1835,0.14255,0.07783,0.02493,2.31081,3.29483,2.12004,0.00847375,0.00847375,0.00847375
187,1746.93,2.19433,3.20154,2.07709,0.18367,0.15319,0.08426,0.02752,2.3504,3.25521,2.12088,0.0084655,0.0084655,0.0084655
188,1756.07,2.1742,3.17414,2.08043,0.20014,0.1383,0.09141,0.03263,2.34615,3.31469,2.10942,0.00845725,0.00845725,0.00845725
189,1766.48,2.14558,3.19309,2.06722,0.19073,0.14468,0.08846,0.02742,2.33104,3.3574,2.1162,0.008449,0.008449,0.008449
190,1775.63,2.19364,3.23161,2.08981,0.1973,0.15106,0.08623,0.02649,2.30549,3.28766,2.11391,0.00844075,0.00844075,0.00844075
191,1784.78,2.13521,3.1541,2.07404,0.16824,0.15106,0.09319,0.02771,2.28563,3.26279,2.10708,0.0084325,0.0084325,0.0084325
192,1793.7,2.17546,3.14817,2.06901,0.1948,0.15745,0.09473,0.03116,2.28945,3.23125,2.08781,0.00842425,0.00842425,0.00842425
193,1803.79,2.14316,3.16354,2.06405,0.22064,0.15106,0.10455,0.0341,2.33847,3.22503,2.12602,0.008416,0.008416,0.008416
194,1813.82,2.13735,3.16496,2.0402,0.18488,0.15319,0.10077,0.03426,2.29004,3.25237,2.07792,0.00840775,0.00840775,0.00840775
195,1822.73,2.18871,3.19968,2.07497,0.2081,0.1617,0.10089,0.033,2.32654,3.23399,2.09817,0.0083995,0.0083995,0.0083995
196,1831.66,2.11303,3.17065,2.03659,0.17969,0.13617,0.08432,0.02721,2.35681,3.2781,2.11808,0.00839125,0.00839125,0.00839125
197,1841.13,2.13371,3.12651,2.05371,0.18468,0.15181,0.0966,0.02943,2.33873,3.22542,2.11395,0.008383,0.008383,0.008383
198,1851.2,2.13582,3.12348,2.01648,0.19866,0.14558,0.10004,0.03252,2.29985,3.25374,2.0843,0.00837475,0.00837475,0.00837475
199,1860.24,2.12504,3.14738,2.0627,0.18923,0.14894,0.09972,0.03378,2.33731,3.24212,2.12044,0.0083665,0.0083665,0.0083665
200,1869.18,2.15043,3.14992,2.0648,0.18143,0.15319,0.10209,0.03297,2.29931,3.24541,2.08688,0.00835825,0.00835825,0.00835825
201,1878.11,2.12276,3.13493,2.0419,0.20545,0.13404,0.10311,0.03548,2.30146,3.24847,2.08912,0.00835,0.00835,0.00835
202,1888.43,2.12275,3.1291,2.06264,0.24288,0.13404,0.1165,0.03839,2.28887,3.21212,2.12485,0.00834175,0.00834175,0.00834175
203,1897.64,2.12897,3.12138,2.04125,0.18004,0.14255,0.10106,0.03342,2.34478,3.25173,2.13242,0.0083335,0.0083335,0.0083335
204,1906.65,2.13739,3.12269,2.04446,0.22049,0.14681,0.10378,0.0315,2.34375,3.23322,2.11935,0.00832525,0.00832525,0.00832525
205,1915.61,2.12333,3.08942,2.045,0.22298,0.15319,0.10753,0.03663,2.33913,3.22026,2.11768,0.008317,0.008317,0.008317
206,1925.49,2.13185,3.08823,2.0352,0.17629,0.18085,0.09296,0.02844,2.32381,3.21807,2.14036,0.00830875,0.00830875,0.00830875
207,1934.87,2.09656,3.12314,2.04019,0.19549,0.1617,0.09423,0.03136,2.31536,3.2025,2.10618,0.0083005,0.0083005,0.0083005
208,1943.81,2.08395,3.06598,2.02469,0.19421,0.17486,0.11133,0.03671,2.28533,3.18441,2.11688,0.00829225,0.00829225,0.00829225
209,1952.79,2.09237,3.10924,2.03373,0.18717,0.1766,0.09703,0.03034,2.30375,3.21539,2.09571,0.008284,0.008284,0.008284
210,1961.96,2.11413,3.10746,2.03032,0.2252,0.1617,0.10835,0.03484,2.36118,3.19154,2.12634,0.00827575,0.00827575,0.00827575
211,1972.09,2.10412,3.09655,2.02138,0.196,0.16596,0.10803,0.03293,2.28612,3.22551,2.10062,0.0082675,0.0082675,0.0082675
212,1981.06,2.10158,3.12461,2.03092,0.17503,0.14255,0.09232,0.03341,2.29523,3.22057,2.10157,0.00825925,0.00825925,0.00825925
213,1990.09,2.11068,3.11566,2.01943,0.20605,0.14302,0.09334,0.03641,2.26155,3.23646,2.07683,0.008251,0.008251,0.008251
214,1999.18,2.10918,3.06667,2.02731,0.23483,0.15957,0.09968,0.03299,2.2641,3.21812,2.08611,0.00824275,0.00824275,0.00824275
215,2009.3,2.07141,3.05262,2.01579,0.2452,0.1617,0.10607,0.03554,2.29579,3.15602,2.10284,0.0082345,0.0082345,0.0082345
216,2018.49,2.0847,3.06506,2.01907,0.23873,0.16809,0.11732,0.03745,2.28774,3.18774,2.08533,0.00822625,0.00822625,0.00822625
217,2027.45,2.04481,3.05466,2.0108,0.24555,0.16809,0.10376,0.03335,2.25981,3.20669,2.06991,0.008218,0.008218,0.008218
218,2036.45,2.14739,3.07683,2.02927,0.21752,0.17021,0.11173,0.03723,2.25892,3.13144,2.0879,0.00820975,0.00820975,0.00820975
219,2046.97,2.06671,3.02766,2.00515,0.24022,0.17447,0.11819,0.04013,2.21449,3.11842,2.05892,0.0082015,0.0082015,0.0082015
220,2057.03,2.09294,3.09519,2.00824,0.20466,0.16383,0.11331,0.03838,2.23519,3.14856,2.06295,0.00819325,0.00819325,0.00819325
221,2066.04,2.06874,3.03293,2.01872,0.25428,0.15319,0.11031,0.03824,2.24905,3.14838,2.08119,0.008185,0.008185,0.008185
222,2074.99,2.08015,3.07556,2.00852,0.22799,0.1617,0.11055,0.03695,2.23866,3.17398,2.1045,0.00817675,0.00817675,0.00817675
223,2084.68,2.09818,3.03991,2.0025,0.20326,0.16383,0.10592,0.04104,2.23032,3.15664,2.06832,0.0081685,0.0081685,0.0081685
224,2094.5,2.11049,3.06011,2.01585,0.24538,0.17021,0.11982,0.04159,2.22752,3.12759,2.07108,0.00816025,0.00816025,0.00816025
225,2103.68,2.04991,3.02869,2.00945,0.25049,0.17234,0.11795,0.04095,2.21067,3.12532,2.06339,0.008152,0.008152,0.008152
226,2112.81,2.06508,3.05079,1.99989,0.23347,0.18664,0.11903,0.04138,2.21495,3.1679,2.08048,0.00814375,0.00814375,0.00814375
227,2122,2.04171,2.98697,1.99307,0.27263,0.19149,0.13918,0.04755,2.25865,3.09067,2.08648,0.0081355,0.0081355,0.0081355
228,2131.77,2.02586,2.97307,1.97028,0.23951,0.15948,0.1211,0.04203,2.26978,3.10364,2.09194,0.00812725,0.00812725,0.00812725
229,2141.07,2.07041,3.03978,1.98738,0.27173,0.18085,0.12791,0.04177,2.28154,3.10296,2.07495,0.008119,0.008119,0.008119
230,2150.25,2.03743,2.9673,1.9893,0.22768,0.16434,0.11274,0.03943,2.21246,3.11238,2.05993,0.00811075,0.00811075,0.00811075
231,2159.44,2.06317,2.98177,1.9836,0.25048,0.19362,0.12964,0.04595,2.16848,3.06161,2.04479,0.0081025,0.0081025,0.0081025
232,2168.82,2.04546,2.9516,1.97588,0.24946,0.17234,0.12152,0.04116,2.27276,3.06573,2.08728,0.00809425,0.00809425,0.00809425
233,2179.02,2.03372,3.01714,1.97782,0.25669,0.15745,0.123,0.04303,2.26209,3.11509,2.06718,0.008086,0.008086,0.008086
234,2188.11,2.02125,2.97145,1.98255,0.24343,0.18085,0.14089,0.05199,2.18327,3.02345,2.05286,0.00807775,0.00807775,0.00807775
235,2197.36,2.01631,2.96898,1.97324,0.21979,0.20213,0.12336,0.04194,2.22288,3.08617,2.0598,0.0080695,0.0080695,0.0080695
236,2206.42,2.01819,2.98307,1.96662,0.26872,0.20426,0.13603,0.04575,2.25014,3.03828,2.06795,0.00806125,0.00806125,0.00806125
237,2216.89,2.0208,2.96558,1.96327,0.26059,0.17872,0.1377,0.04995,2.19284,3.04675,2.05383,0.008053,0.008053,0.008053
238,2225.99,2.01585,2.93654,1.95454,0.23888,0.18723,0.12444,0.04242,2.2204,3.03271,2.05768,0.00804475,0.00804475,0.00804475
239,2234.9,1.97731,2.94656,1.96491,0.24972,0.17021,0.13646,0.04603,2.24365,3.04315,2.08843,0.0080365,0.0080365,0.0080365
240,2243.98,2.01321,2.96688,1.95866,0.24342,0.17872,0.12527,0.04562,2.21496,3.00574,2.04558,0.00802825,0.00802825,0.00802825
241,2253.75,2.02416,2.96608,1.96061,0.25518,0.19362,0.13889,0.04977,2.23255,3.01341,2.0544,0.00802,0.00802,0.00802
242,2263.57,2.02837,2.97958,1.96686,0.28079,0.17195,0.13621,0.04861,2.22482,3.12796,2.06505,0.00801175,0.00801175,0.00801175
243,2272.61,2.02687,2.93485,1.97488,0.24707,0.19968,0.14332,0.05497,2.22152,3.01727,2.04721,0.0080035,0.0080035,0.0080035
244,2281.96,1.98231,2.90297,1.95732,0.24152,0.18511,0.15081,0.05495,2.2035,3.0293,2.04664,0.00799525,0.00799525,0.00799525
245,2291.17,2.01374,2.94417,1.9628,0.24356,0.20213,0.15242,0.05648,2.17662,2.98881,2.03256,0.007987,0.007987,0.007987
246,2301.9,1.99808,2.86352,1.95562,0.25189,0.18723,0.15087,0.057,2.18704,2.98505,2.0252,0.00797875,0.00797875,0.00797875
247,2311.25,1.98318,2.89995,1.95391,0.23163,0.2234,0.15341,0.05315,2.20943,2.95001,2.06344,0.0079705,0.0079705,0.0079705
248,2320.36,1.99029,2.92676,1.95163,0.26001,0.18085,0.14451,0.05608,2.1738,2.99262,2.03038,0.00796225,0.00796225,0.00796225
249,2329.52,1.9825,2.88531,1.93112,0.25473,0.20426,0.15531,0.05931,2.1604,2.95071,2.02186,0.007954,0.007954,0.007954
250,2340.06,2.02043,2.89709,1.9392,0.27429,0.20638,0.16055,0.05909,2.16675,2.9558,2.00904,0.00794575,0.00794575,0.00794575
251,2349.45,1.96774,2.87342,1.91778,0.26581,0.18936,0.15461,0.05938,2.16699,2.97737,2.03748,0.0079375,0.0079375,0.0079375
252,2358.37,1.97681,2.88346,1.94655,0.2735,0.21489,0.16586,0.06083,2.15611,2.91086,2.03314,0.00792925,0.00792925,0.00792925
253,2367.5,1.9485,2.84537,1.92723,0.32021,0.2,0.17856,0.06415,2.15695,2.94722,2.02676,0.007921,0.007921,0.007921
254,2377.37,1.95531,2.86045,1.92704,0.27039,0.19787,0.16118,0.06021,2.14287,2.96698,2.01482,0.00791275,0.00791275,0.00791275
255,2386.97,2.00319,2.88766,1.94176,0.28175,0.21064,0.16996,0.0632,2.18566,2.91009,2.04126,0.0079045,0.0079045,0.0079045
256,2395.92,1.93962,2.81918,1.92695,0.27302,0.22553,0.16946,0.06245,2.18106,2.91727,2.02371,0.00789625,0.00789625,0.00789625
257,2404.98,1.97234,2.819,1.9333,0.27402,0.22553,0.16968,0.06215,2.15544,2.91885,2.02435,0.007888,0.007888,0.007888
258,2414.05,1.9792,2.83324,1.93258,0.27446,0.22128,0.16935,0.06322,2.13729,2.92844,2.0151,0.00787975,0.00787975,0.00787975
259,2424.02,1.96174,2.83982,1.93454,0.25443,0.21277,0.15393,0.06004,2.16857,2.94991,2.01918,0.0078715,0.0078715,0.0078715
260,2433.15,1.97693,2.80463,1.91757,0.33453,0.20213,0.18639,0.07096,2.14535,2.90888,2.0143,0.00786325,0.00786325,0.00786325
261,2442.47,1.90481,2.73375,1.89872,0.30555,0.24681,0.1839,0.06835,2.15284,2.83533,2.00203,0.007855,0.007855,0.007855
262,2451.42,1.97278,2.81916,1.92108,0.31982,0.24255,0.1871,0.06372,2.18331,2.9015,2.01012,0.00784675,0.00784675,0.00784675
263,2460.99,1.94082,2.81098,1.89975,0.2988,0.22848,0.17361,0.06213,2.14102,2.87961,1.98674,0.0078385,0.0078385,0.0078385
264,2470.09,1.91792,2.75678,1.89851,0.30996,0.24255,0.19089,0.07344,2.11791,2.82126,1.99703,0.00783025,0.00783025,0.00783025
265,2479.41,1.94443,2.77476,1.91046,0.31277,0.21915,0.18917,0.06973,2.11782,2.869,1.9951,0.007822,0.007822,0.007822
266,2488.44,1.90855,2.73494,1.88935,0.32626,0.21702,0.191,0.07018,2.13124,2.80037,2.02054,0.00781375,0.00781375,0.00781375
267,2498.2,1.942,2.76295,1.90807,0.28247,0.2234,0.17883,0.07472,2.11973,2.81271,2.00536,0.0078055,0.0078055,0.0078055
268,2507.63,1.91321,2.76577,1.88462,0.29036,0.22766,0.18112,0.07416,2.14041,2.85766,2.01202,0.00779725,0.00779725,0.00779725
269,2516.75,1.93524,2.74373,1.90382,0.29836,0.21277,0.16049,0.06109,2.1647,2.88161,2.0116,0.007789,0.007789,0.007789
270,2525.81,1.91978,2.7623,1.90293,0.27521,0.2383,0.19418,0.08096,2.07234,2.80555,1.99059,0.00778075,0.00778075,0.00778075
271,2535.48,1.91582,2.7233,1.89092,0.31185,0.2617,0.20409,0.08146,2.13951,2.80084,2.01121,0.0077725,0.0077725,0.0077725
272,2545.35,1.92847,2.7281,1.89443,0.3315,0.25319,0.20978,0.08521,2.12773,2.78388,2.00111,0.00776425,0.00776425,0.00776425
273,2554.38,1.91525,2.7357,1.88839,0.33963,0.23417,0.20133,0.08001,2.13342,2.82118,1.96702,0.007756,0.007756,0.007756
274,2563.38,1.94204,2.68037,1.89402,0.32457,0.24043,0.19566,0.07815,2.13875,2.82396,1.98793,0.00774775,0.00774775,0.00774775
275,2573.11,1.90471,2.71664,1.87464,0.2986,0.26539,0.19508,0.07818,2.1118,2.74858,1.99226,0.0077395,0.0077395,0.0077395
276,2582.43,1.92287,2.705,1.87277,0.32681,0.23404,0.20854,0.08442,2.08591,2.7443,1.96966,0.00773125,0.00773125,0.00773125
277,2591.41,1.89134,2.6471,1.85303,0.32469,0.25165,0.21642,0.0863,2.12349,2.6928,1.97895,0.007723,0.007723,0.007723
278,2600.68,1.90564,2.67184,1.86825,0.34263,0.24397,0.20593,0.08473,2.05869,2.69802,1.96585,0.00771475,0.00771475,0.00771475
279,2610.39,1.86187,2.6525,1.86034,0.33293,0.24043,0.20968,0.08518,2.05875,2.72333,1.97516,0.0077065,0.0077065,0.0077065
280,2619.64,1.87975,2.63256,1.86589,0.35914,0.22766,0.21495,0.08941,2.0311,2.7108,1.94772,0.00769825,0.00769825,0.00769825
281,2628.87,1.87771,2.63191,1.85102,0.37774,0.22553,0.2187,0.08739,1.98423,2.63408,1.91887,0.00769,0.00769,0.00769
282,2638.03,1.90398,2.63988,1.87888,0.31447,0.26596,0.22619,0.08807,2.04078,2.66782,1.95078,0.00768175,0.00768175,0.00768175
283,2647.77,1.86291,2.64532,1.85686,0.3878,0.24664,0.23731,0.09172,2.04229,2.61314,1.96652,0.0076735,0.0076735,0.0076735
284,2657.1,1.8703,2.62026,1.8427,0.34281,0.24468,0.22473,0.08708,2.05392,2.66719,1.95237,0.00766525,0.00766525,0.00766525
285,2666.21,1.87829,2.62898,1.85707,0.36671,0.26596,0.23758,0.09951,2.05249,2.62746,1.93601,0.007657,0.007657,0.007657
286,2675.44,1.8523,2.61163,1.84176,0.33526,0.2554,0.22957,0.09432,2.03506,2.62449,1.93305,0.00764875,0.00764875,0.00764875
287,2685.06,1.81345,2.56886,1.82169,0.32525,0.28511,0.2442,0.10587,2.01538,2.62341,1.93391,0.0076405,0.0076405,0.0076405
288,2694.41,1.84585,2.59367,1.8473,0.37327,0.26596,0.23966,0.10517,2.01127,2.67704,1.92543,0.00763225,0.00763225,0.00763225
289,2703.38,1.84366,2.56268,1.85138,0.3678,0.27021,0.24327,0.10482,1.99964,2.59785,1.93044,0.007624,0.007624,0.007624
290,2712.33,1.86625,2.57727,1.83703,0.38553,0.26809,0.25372,0.10106,2.03899,2.62786,1.92941,0.00761575,0.00761575,0.00761575
291,2721.86,1.85306,2.60261,1.83141,0.34771,0.27447,0.25743,0.10233,1.99586,2.60653,1.90802,0.0076075,0.0076075,0.0076075
292,2730.99,1.81205,2.52009,1.81709,0.33828,0.25745,0.24263,0.09844,2.03951,2.59,1.90767,0.00759925,0.00759925,0.00759925
293,2740.07,1.82948,2.53275,1.81096,0.33227,0.30213,0.25067,0.09933,2.01002,2.56971,1.91123,0.007591,0.007591,0.007591
294,2749.02,1.80983,2.50331,1.8034,0.40052,0.26867,0.26056,0.10985,2.03912,2.5837,1.92329,0.00758275,0.00758275,0.00758275
295,2759,1.79838,2.46071,1.80603,0.38516,0.27872,0.26923,0.10673,2.03859,2.58555,1.93535,0.0075745,0.0075745,0.0075745
296,2768.39,1.83132,2.52144,1.81447,0.38798,0.29574,0.2541,0.104,2.01052,2.58111,1.90366,0.00756625,0.00756625,0.00756625
297,2777.49,1.84003,2.54117,1.81921,0.33737,0.27949,0.24456,0.10565,1.97784,2.57472,1.9074,0.007558,0.007558,0.007558
298,2786.6,1.78619,2.45785,1.79672,0.41146,0.27817,0.26654,0.11682,2.00726,2.53823,1.90863,0.00754975,0.00754975,0.00754975
299,2796.14,1.82283,2.50245,1.7979,0.42356,0.28297,0.27628,0.11948,1.99597,2.51282,1.91407,0.0075415,0.0075415,0.0075415
300,2806.22,1.78459,2.47467,1.79014,0.42656,0.28723,0.28011,0.12392,1.98056,2.5298,1.88973,0.00753325,0.00753325,0.00753325
301,2815.42,1.8181,2.48479,1.80858,0.38597,0.30761,0.27875,0.12086,1.95543,2.50852,1.89685,0.007525,0.007525,0.007525
302,2824.53,1.77069,2.44433,1.78432,0.4125,0.29149,0.2773,0.12372,1.91517,2.48992,1.89336,0.00751675,0.00751675,0.00751675
303,2833.49,1.76147,2.43667,1.78436,0.37138,0.29574,0.26496,0.11327,1.96619,2.49173,1.89423,0.0075085,0.0075085,0.0075085
304,2843.19,1.80522,2.45867,1.77202,0.45967,0.29149,0.28872,0.12303,1.94941,2.44987,1.86795,0.00750025,0.00750025,0.00750025
305,2852.57,1.77397,2.40186,1.77486,0.4078,0.31702,0.28823,0.12432,1.94651,2.46139,1.8933,0.007492,0.007492,0.007492
306,2862.05,1.78051,2.38306,1.76589,0.40878,0.32766,0.3064,0.13823,1.91662,2.3938,1.87292,0.00748375,0.00748375,0.00748375
307,2871.2,1.81487,2.44395,1.77686,0.40952,0.32128,0.31363,0.13876,1.92894,2.39499,1.88011,0.0074755,0.0074755,0.0074755
308,2880.89,1.73707,2.38444,1.75399,0.45662,0.31489,0.30742,0.13737,1.93099,2.43405,1.86334,0.00746725,0.00746725,0.00746725
309,2889.82,1.78042,2.41606,1.77942,0.3999,0.3234,0.31571,0.14322,1.88749,2.39315,1.86783,0.007459,0.007459,0.007459
310,2898.97,1.77799,2.40498,1.78084,0.43446,0.29362,0.30665,0.13375,1.92969,2.42037,1.86998,0.00745075,0.00745075,0.00745075
311,2907.94,1.75834,2.38294,1.75835,0.42892,0.30638,0.30257,0.13391,1.95207,2.43837,1.88114,0.0074425,0.0074425,0.0074425
312,2917.29,1.73856,2.38527,1.76018,0.44039,0.31489,0.31714,0.13951,1.88147,2.41501,1.87035,0.00743425,0.00743425,0.00743425
313,2926.31,1.73827,2.37398,1.74308,0.45075,0.33404,0.33843,0.15369,1.87203,2.36896,1.8465,0.007426,0.007426,0.007426
314,2935.76,1.70379,2.34938,1.73827,0.45079,0.34752,0.32445,0.14628,1.87842,2.36499,1.84729,0.00741775,0.00741775,0.00741775
315,2944.84,1.77195,2.34696,1.76999,0.50715,0.32553,0.33193,0.15226,1.86245,2.3638,1.83841,0.0074095,0.0074095,0.0074095
316,2954.38,1.75244,2.36427,1.7536,0.50154,0.33617,0.34803,0.16143,1.87306,2.31792,1.83058,0.00740125,0.00740125,0.00740125
317,2963.61,1.71118,2.28508,1.73094,0.5238,0.34681,0.35465,0.16297,1.85729,2.33423,1.82581,0.007393,0.007393,0.007393
318,2972.83,1.70731,2.34396,1.7421,0.49518,0.33191,0.34359,0.16436,1.86874,2.30105,1.83441,0.00738475,0.00738475,0.00738475
319,2982,1.70176,2.33602,1.73278,0.50264,0.32766,0.34632,0.1704,1.84851,2.33551,1.81922,0.0073765,0.0073765,0.0073765
320,2991.65,1.72413,2.32029,1.74382,0.51854,0.34468,0.36161,0.17536,1.84894,2.29155,1.82247,0.00736825,0.00736825,0.00736825
321,3000.85,1.6711,2.24101,1.7111,0.52167,0.32766,0.34738,0.16596,1.84775,2.30322,1.80023,0.00736,0.00736,0.00736
322,3009.93,1.73917,2.29409,1.72909,0.46244,0.35957,0.34816,0.16422,1.88161,2.27887,1.79987,0.00735175,0.00735175,0.00735175
323,3018.96,1.72547,2.24815,1.73917,0.44969,0.35957,0.36139,0.17054,1.83541,2.24649,1.79451,0.0073435,0.0073435,0.0073435
324,3028.33,1.69467,2.27778,1.71424,0.50771,0.35767,0.3755,0.18184,1.82012,2.20844,1.79429,0.00733525,0.00733525,0.00733525
325,3037.51,1.68436,2.28103,1.70738,0.47344,0.35957,0.36425,0.17225,1.83156,2.23716,1.79601,0.007327,0.007327,0.007327
326,3046.61,1.69025,2.23569,1.71085,0.50544,0.3617,0.38787,0.18209,1.8582,2.19976,1.80749,0.00731875,0.00731875,0.00731875
327,3055.81,1.69815,2.24796,1.70484,0.49863,0.35549,0.37477,0.18151,1.81773,2.21306,1.78837,0.0073105,0.0073105,0.0073105
328,3065.18,1.70806,2.23131,1.70841,0.50034,0.37021,0.38155,0.18153,1.82499,2.19626,1.79233,0.00730225,0.00730225,0.00730225
329,3074.1,1.68579,2.22341,1.69535,0.4938,0.37568,0.37473,0.18132,1.79011,2.18032,1.78158,0.007294,0.007294,0.007294
330,3083.03,1.67105,2.18676,1.70413,0.54342,0.36466,0.39137,0.19424,1.78623,2.13631,1.77035,0.00728575,0.00728575,0.00728575
331,3092.17,1.72024,2.25736,1.71741,0.49482,0.38511,0.39059,0.19204,1.79675,2.18177,1.7814,0.0072775,0.0072775,0.0072775
332,3101.62,1.69002,2.17831,1.69021,0.5418,0.37234,0.39317,0.19198,1.78401,2.18698,1.76902,0.00726925,0.00726925,0.00726925
333,3110.73,1.6907,2.2133,1.69676,0.44918,0.40426,0.39529,0.18778,1.79301,2.18596,1.77272,0.007261,0.007261,0.007261
334,3119.86,1.68384,2.22427,1.70213,0.46999,0.38723,0.39243,0.19704,1.80521,2.18473,1.75856,0.00725275,0.00725275,0.00725275
335,3129.1,1.69847,2.20191,1.69241,0.51901,0.40865,0.41659,0.20296,1.78926,2.14432,1.78542,0.0072445,0.0072445,0.0072445
336,3139.21,1.67568,2.18775,1.68701,0.50454,0.42684,0.4121,0.20265,1.75734,2.1207,1.75538,0.00723625,0.00723625,0.00723625
337,3148.25,1.6832,2.2208,1.68675,0.53591,0.42128,0.42953,0.20733,1.7806,2.14385,1.7599,0.007228,0.007228,0.007228
338,3157.59,1.64583,2.16043,1.68115,0.53093,0.38723,0.42169,0.21247,1.75988,2.134,1.7427,0.00721975,0.00721975,0.00721975
339,3166.85,1.65521,2.15625,1.66886,0.53336,0.36809,0.4042,0.19696,1.78286,2.13846,1.75505,0.0072115,0.0072115,0.0072115
340,3176.31,1.66465,2.16208,1.67263,0.59371,0.34894,0.4031,0.19632,1.78724,2.14041,1.73101,0.00720325,0.00720325,0.00720325
341,3185.36,1.65175,2.18081,1.68123,0.52042,0.38511,0.41298,0.20805,1.7847,2.1504,1.72762,0.007195,0.007195,0.007195
342,3194.43,1.65557,2.17081,1.66983,0.6205,0.38085,0.43275,0.21473,1.76382,2.09381,1.7386,0.00718675,0.00718675,0.00718675
343,3203.75,1.66316,2.13809,1.67559,0.54119,0.40155,0.43051,0.21917,1.73416,2.05318,1.72524,0.0071785,0.0071785,0.0071785
344,3213.26,1.61797,2.11076,1.64859,0.56084,0.38085,0.41331,0.20729,1.73733,2.06549,1.71888,0.00717025,0.00717025,0.00717025
345,3222.19,1.64473,2.12633,1.66841,0.55732,0.38511,0.42042,0.20681,1.7715,2.09227,1.73574,0.007162,0.007162,0.007162
346,3231.11,1.62758,2.10109,1.65867,0.58384,0.38298,0.43787,0.21237,1.72998,2.07302,1.70914,0.00715375,0.00715375,0.00715375
347,3240.11,1.6094,2.12103,1.64434,0.61868,0.41489,0.4497,0.22323,1.72863,2.06855,1.70282,0.0071455,0.0071455,0.0071455
348,3249.76,1.62869,2.1376,1.65241,0.62912,0.38618,0.45594,0.22663,1.74497,2.04676,1.70338,0.00713725,0.00713725,0.00713725
349,3258.94,1.62711,2.08462,1.63314,0.62801,0.41489,0.46003,0.23812,1.70586,2.01825,1.69965,0.007129,0.007129,0.007129
350,3268.17,1.61491,2.07594,1.62993,0.60169,0.42426,0.47024,0.24117,1.71315,1.99573,1.69539,0.00712075,0.00712075,0.00712075
351,3277.41,1.64617,2.12415,1.6637,0.6349,0.38511,0.46065,0.22958,1.72052,2.00988,1.69569,0.0071125,0.0071125,0.0071125
352,3286.88,1.61286,2.08301,1.64773,0.52162,0.44255,0.45549,0.22976,1.70721,1.99826,1.68721,0.00710425,0.00710425,0.00710425
353,3295.92,1.61875,2.09576,1.65954,0.6027,0.43191,0.47855,0.24706,1.69813,1.9729,1.68878,0.007096,0.007096,0.007096
354,3305.3,1.57044,2.03367,1.62813,0.631,0.42933,0.48319,0.24171,1.6839,2.00299,1.68718,0.00708775,0.00708775,0.00708775
355,3314.23,1.58718,2.04085,1.62955,0.65611,0.41812,0.48956,0.24977,1.67603,1.9814,1.69176,0.0070795,0.0070795,0.0070795
356,3323.99,1.63375,2.05718,1.63021,0.62956,0.4383,0.49541,0.25451,1.67657,1.96492,1.68696,0.00707125,0.00707125,0.00707125
357,3333.2,1.56914,2.0391,1.6222,0.59807,0.45319,0.50253,0.25828,1.65855,1.95898,1.67663,0.007063,0.007063,0.007063
358,3342.36,1.59248,2.01824,1.62339,0.58382,0.46809,0.49786,0.26097,1.66098,1.94776,1.65356,0.00705475,0.00705475,0.00705475
359,3351.49,1.61993,2.0178,1.63352,0.66824,0.41999,0.51107,0.27289,1.62465,1.92368,1.64498,0.0070465,0.0070465,0.0070465
360,3361.2,1.57498,2.02286,1.62356,0.66957,0.42683,0.51038,0.27256,1.61083,1.94146,1.65118,0.00703825,0.00703825,0.00703825
361,3370.12,1.58162,2.02233,1.62397,0.62679,0.46096,0.52253,0.27082,1.62156,1.92052,1.65341,0.00703,0.00703,0.00703
362,3379.04,1.52905,1.93294,1.60134,0.71496,0.43762,0.52692,0.27878,1.63391,1.90415,1.65479,0.00702175,0.00702175,0.00702175
363,3388.27,1.57467,2.01405,1.60565,0.70031,0.44681,0.51988,0.2686,1.66691,1.92933,1.66746,0.0070135,0.0070135,0.0070135
364,3397.5,1.5948,2.02491,1.62532,0.65208,0.44468,0.51246,0.27322,1.6167,1.92849,1.64982,0.00700525,0.00700525,0.00700525
365,3406.42,1.58025,1.99694,1.59906,0.61083,0.45957,0.51397,0.2729,1.63304,1.91161,1.66263,0.006997,0.006997,0.006997
366,3415.32,1.53976,1.98243,1.59568,0.65646,0.43191,0.51602,0.2762,1.64594,1.92736,1.64792,0.00698875,0.00698875,0.00698875
367,3424.31,1.54968,1.99158,1.60504,0.66066,0.43495,0.51813,0.27906,1.65699,1.91682,1.63984,0.0069805,0.0069805,0.0069805
368,3433.98,1.56878,1.96579,1.61472,0.61714,0.47672,0.5314,0.27069,1.66432,1.86813,1.64791,0.00697225,0.00697225,0.00697225
369,3442.92,1.56772,1.97691,1.60291,0.64424,0.45319,0.50894,0.26715,1.65048,1.88786,1.6457,0.006964,0.006964,0.006964
370,3451.93,1.5577,1.96416,1.58917,0.65365,0.45374,0.52031,0.28727,1.61248,1.84319,1.62495,0.00695575,0.00695575,0.00695575
371,3461.1,1.56095,1.96076,1.58146,0.61155,0.47234,0.53689,0.29174,1.60048,1.85144,1.6201,0.0069475,0.0069475,0.0069475
372,3470.97,1.54449,1.94931,1.57816,0.58992,0.50213,0.53531,0.2918,1.58851,1.84581,1.60924,0.00693925,0.00693925,0.00693925
373,3479.91,1.54126,1.96165,1.60039,0.6604,0.45957,0.54622,0.29416,1.59175,1.83305,1.60463,0.006931,0.006931,0.006931
374,3489.04,1.5181,1.92128,1.58183,0.69566,0.46383,0.55335,0.30286,1.57501,1.82365,1.59174,0.00692275,0.00692275,0.00692275
375,3498.14,1.52649,1.92011,1.59172,0.68865,0.46809,0.55113,0.29589,1.58723,1.82426,1.60213,0.0069145,0.0069145,0.0069145
376,3507.69,1.53,1.93713,1.57975,0.62893,0.48298,0.547,0.29718,1.59251,1.842,1.59671,0.00690625,0.00690625,0.00690625
377,3516.62,1.52513,1.89384,1.56743,0.62515,0.50851,0.55067,0.30971,1.57454,1.83516,1.59836,0.006898,0.006898,0.006898
378,3525.76,1.57861,1.97253,1.6015,0.64362,0.50426,0.55199,0.30305,1.58579,1.82553,1.60606,0.00688975,0.00688975,0.00688975
379,3534.85,1.49227,1.92298,1.56114,0.62839,0.5073,0.55465,0.30048,1.58271,1.81901,1.60624,0.0068815,0.0068815,0.0068815
380,3544.55,1.53446,1.91766,1.57411,0.67932,0.5,0.56204,0.30737,1.58506,1.8158,1.60135,0.00687325,0.00687325,0.00687325
381,3553.55,1.49843,1.89628,1.55954,0.69911,0.50213,0.57553,0.31266,1.57946,1.81957,1.59722,0.006865,0.006865,0.006865
382,3562.86,1.54028,1.90192,1.58066,0.7683,0.48511,0.58613,0.31534,1.59087,1.79356,1.59595,0.00685675,0.00685675,0.00685675
383,3572.06,1.52299,1.87874,1.56679,0.69537,0.50213,0.57938,0.30892,1.60093,1.77085,1.58309,0.0068485,0.0068485,0.0068485
384,3581.88,1.53254,1.90832,1.57338,0.68983,0.52999,0.58486,0.3158,1.58239,1.75894,1.58513,0.00684025,0.00684025,0.00684025
385,3590.99,1.52263,1.89165,1.57138,0.689,0.52128,0.58649,0.31914,1.54754,1.73854,1.5859,0.006832,0.006832,0.006832
386,3600.09,1.48181,1.84637,1.54049,0.69429,0.53191,0.58376,0.31135,1.55878,1.74588,1.59418,0.00682375,0.00682375,0.00682375
387,3609.04,1.47133,1.80337,1.54547,0.7184,0.49937,0.5985,0.3291,1.54152,1.73712,1.57415,0.0068155,0.0068155,0.0068155
388,3618.63,1.49844,1.81846,1.56066,0.68679,0.55106,0.60533,0.33223,1.56125,1.74532,1.57086,0.00680725,0.00680725,0.00680725
389,3628.57,1.48465,1.85536,1.55075,0.69868,0.52128,0.5959,0.33899,1.52975,1.74702,1.56129,0.006799,0.006799,0.006799
390,3637.77,1.52773,1.85591,1.56109,0.73601,0.50421,0.59804,0.33697,1.53173,1.7459,1.54134,0.00679075,0.00679075,0.00679075
391,3646.87,1.46089,1.84544,1.54181,0.68862,0.55106,0.60421,0.33773,1.53557,1.73642,1.54342,0.0067825,0.0067825,0.0067825
392,3657.05,1.48264,1.83278,1.5264,0.74535,0.51064,0.60246,0.33941,1.50834,1.70615,1.52884,0.00677425,0.00677425,0.00677425
393,3666.43,1.51303,1.83457,1.55207,0.6813,0.51489,0.59806,0.33848,1.5118,1.70141,1.53569,0.006766,0.006766,0.006766
394,3675.35,1.49465,1.83267,1.54804,0.7326,0.49574,0.59506,0.34559,1.49283,1.71612,1.53765,0.00675775,0.00675775,0.00675775
395,3684.59,1.4886,1.82933,1.52932,0.73059,0.51489,0.60101,0.34384,1.51109,1.70106,1.53619,0.0067495,0.0067495,0.0067495
396,3694.16,1.46644,1.7942,1.51748,0.70133,0.50638,0.59555,0.33622,1.50282,1.70249,1.51764,0.00674125,0.00674125,0.00674125
397,3704.22,1.46192,1.79054,1.51672,0.72366,0.52979,0.60251,0.35,1.46188,1.6726,1.51039,0.006733,0.006733,0.006733
398,3713.45,1.44417,1.76639,1.51909,0.73392,0.53404,0.60893,0.34484,1.48083,1.65723,1.51516,0.00672475,0.00672475,0.00672475
399,3722.38,1.48198,1.78515,1.52672,0.73856,0.52128,0.61202,0.34566,1.5046,1.65125,1.51766,0.0067165,0.0067165,0.0067165
400,3731.51,1.48795,1.80434,1.52278,0.75576,0.54468,0.61947,0.34586,1.49802,1.66791,1.5242,0.00670825,0.00670825,0.00670825
401,3741.23,1.50344,1.84137,1.54137,0.7234,0.52305,0.61002,0.35222,1.49703,1.64643,1.52112,0.0067,0.0067,0.0067
402,3750.35,1.50953,1.84796,1.53212,0.72495,0.53617,0.62216,0.35863,1.50912,1.65087,1.52372,0.00669175,0.00669175,0.00669175
403,3759.49,1.42028,1.7629,1.50067,0.7289,0.53775,0.6205,0.36104,1.49651,1.63748,1.52455,0.0066835,0.0066835,0.0066835
404,3768.68,1.44982,1.77028,1.51842,0.73077,0.55441,0.62584,0.36299,1.46979,1.6312,1.5193,0.00667525,0.00667525,0.00667525
405,3778.77,1.45958,1.74896,1.51213,0.69718,0.57312,0.62846,0.3637,1.45708,1.61892,1.51391,0.006667,0.006667,0.006667
406,3788.18,1.46469,1.78224,1.5152,0.73816,0.56384,0.63524,0.36523,1.45781,1.61465,1.50782,0.00665875,0.00665875,0.00665875
407,3797.64,1.45796,1.78903,1.51475,0.75319,0.53244,0.62602,0.36039,1.44384,1.63067,1.49393,0.0066505,0.0066505,0.0066505
408,3806.85,1.45792,1.77895,1.49992,0.77021,0.52772,0.62441,0.36219,1.43949,1.63547,1.49314,0.00664225,0.00664225,0.00664225
409,3816.33,1.45815,1.76763,1.50863,0.76484,0.52766,0.62784,0.36388,1.46694,1.64671,1.49688,0.006634,0.006634,0.006634
410,3825.28,1.41982,1.7513,1.49669,0.81138,0.51254,0.64082,0.36897,1.46589,1.62256,1.48951,0.00662575,0.00662575,0.00662575
411,3834.65,1.42917,1.7592,1.49252,0.78296,0.53729,0.64593,0.37106,1.44876,1.60132,1.48863,0.0066175,0.0066175,0.0066175
412,3843.8,1.42094,1.72924,1.49636,0.76181,0.54255,0.6406,0.37574,1.44198,1.58989,1.47857,0.00660925,0.00660925,0.00660925
413,3853.83,1.43206,1.724,1.50819,0.76206,0.54516,0.64784,0.38065,1.44367,1.57441,1.47254,0.006601,0.006601,0.006601
414,3863.04,1.40377,1.71233,1.47973,0.77761,0.54255,0.65822,0.38501,1.45207,1.56927,1.47957,0.00659275,0.00659275,0.00659275
415,3872.41,1.44861,1.72076,1.49062,0.7702,0.54198,0.64619,0.38174,1.45186,1.59831,1.48228,0.0065845,0.0065845,0.0065845
416,3881.48,1.44469,1.743,1.49752,0.78247,0.54043,0.64373,0.37969,1.44308,1.59248,1.48313,0.00657625,0.00657625,0.00657625
417,3891.11,1.41006,1.70591,1.47927,0.7258,0.5766,0.65152,0.37805,1.45903,1.60307,1.47638,0.006568,0.006568,0.006568
418,3900.32,1.43149,1.73173,1.49677,0.7392,0.54276,0.64908,0.38001,1.46466,1.58816,1.4745,0.00655975,0.00655975,0.00655975
419,3909.36,1.41538,1.68679,1.48436,0.7602,0.55983,0.66325,0.39538,1.43892,1.56007,1.46478,0.0065515,0.0065515,0.0065515
420,3918.8,1.39642,1.68998,1.47251,0.75163,0.58085,0.66654,0.39726,1.43237,1.56678,1.45797,0.00654325,0.00654325,0.00654325
421,3928.92,1.443,1.74142,1.48861,0.7367,0.5766,0.66544,0.39951,1.44379,1.56498,1.45887,0.006535,0.006535,0.006535
422,3938.89,1.42153,1.71907,1.47968,0.77943,0.56596,0.68087,0.40578,1.43931,1.52684,1.45195,0.00652675,0.00652675,0.00652675
423,3947.97,1.40494,1.69667,1.47011,0.83155,0.56717,0.68514,0.40661,1.43374,1.51947,1.45841,0.0065185,0.0065185,0.0065185
424,3957.08,1.40028,1.68284,1.47038,0.83742,0.5617,0.68916,0.40771,1.44678,1.52245,1.46358,0.00651025,0.00651025,0.00651025
425,3966.84,1.4086,1.67182,1.47389,0.83168,0.56809,0.68031,0.39831,1.44677,1.5416,1.46821,0.006502,0.006502,0.006502
426,3976.42,1.40133,1.66724,1.46523,0.79157,0.56809,0.67412,0.39852,1.4469,1.54564,1.47645,0.00649375,0.00649375,0.00649375
427,3985.48,1.37914,1.65366,1.45609,0.75963,0.58511,0.66659,0.39576,1.43339,1.53536,1.46006,0.0064855,0.0064855,0.0064855
428,3994.57,1.40802,1.67172,1.46175,0.77224,0.58298,0.67073,0.40498,1.42064,1.54254,1.44123,0.00647725,0.00647725,0.00647725
429,4003.87,1.37537,1.64927,1.45842,0.81001,0.55319,0.66752,0.40388,1.40637,1.53356,1.43786,0.006469,0.006469,0.006469
430,4014.08,1.40545,1.6899,1.47595,0.779,0.58298,0.6721,0.40981,1.41088,1.52303,1.4311,0.00646075,0.00646075,0.00646075
431,4023.35,1.40416,1.65658,1.47043,0.76671,0.58298,0.67931,0.40981,1.39943,1.52734,1.42281,0.0064525,0.0064525,0.0064525
432,4032.54,1.36974,1.62894,1.4465,0.76547,0.59027,0.68294,0.41058,1.40417,1.53173,1.42102,0.00644425,0.00644425,0.00644425
433,4041.84,1.39344,1.67877,1.46168,0.76468,0.58767,0.68332,0.41296,1.38993,1.51153,1.42659,0.006436,0.006436,0.006436
434,4052.21,1.41506,1.63964,1.45358,0.77934,0.5766,0.68907,0.42301,1.36078,1.48319,1.41807,0.00642775,0.00642775,0.00642775
435,4061.42,1.38785,1.64339,1.47434,0.76748,0.58991,0.68477,0.42006,1.36277,1.50849,1.40765,0.0064195,0.0064195,0.0064195
436,4070.38,1.3444,1.57044,1.43712,0.86888,0.54988,0.68866,0.42264,1.33467,1.49643,1.40549,0.00641125,0.00641125,0.00641125
437,4079.3,1.39443,1.65023,1.45689,0.81308,0.58308,0.69567,0.42699,1.3234,1.47865,1.40325,0.006403,0.006403,0.006403
438,4089.4,1.35733,1.62325,1.45317,0.79757,0.6,0.6966,0.43429,1.33491,1.47163,1.39909,0.00639475,0.00639475,0.00639475
439,4099.62,1.36779,1.62643,1.44047,0.75816,0.60638,0.69582,0.43209,1.34181,1.47219,1.40139,0.0063865,0.0063865,0.0063865
440,4108.87,1.38746,1.64842,1.44142,0.84776,0.55684,0.69976,0.4335,1.34787,1.46425,1.4067,0.00637825,0.00637825,0.00637825
441,4117.77,1.41622,1.6509,1.447,0.8146,0.5796,0.68841,0.42076,1.35451,1.4768,1.40455,0.00637,0.00637,0.00637
442,4126.71,1.35129,1.58227,1.42945,0.77079,0.58511,0.68979,0.42095,1.35447,1.47344,1.40788,0.00636175,0.00636175,0.00636175
443,4136.23,1.37218,1.61521,1.43797,0.84849,0.56001,0.69809,0.42662,1.35143,1.46258,1.41528,0.0063535,0.0063535,0.0063535
444,4145.53,1.35689,1.58209,1.43386,0.82949,0.56928,0.70331,0.4296,1.33937,1.43645,1.4051,0.00634525,0.00634525,0.00634525
445,4154.49,1.35893,1.56986,1.43151,0.84118,0.57872,0.71252,0.43175,1.35072,1.43098,1.40568,0.006337,0.006337,0.006337
446,4163.55,1.3303,1.57272,1.42305,0.84036,0.58298,0.70006,0.42677,1.36772,1.45166,1.40581,0.00632875,0.00632875,0.00632875
447,4172.84,1.33558,1.54777,1.42217,0.78157,0.61702,0.70173,0.42673,1.35615,1.44469,1.39949,0.0063205,0.0063205,0.0063205
448,4182.35,1.39836,1.61153,1.4564,0.79776,0.59149,0.70129,0.43556,1.33487,1.42098,1.38852,0.00631225,0.00631225,0.00631225
449,4191.58,1.31408,1.5483,1.41169,0.79469,0.59295,0.69526,0.42917,1.34038,1.44127,1.38811,0.006304,0.006304,0.006304
450,4200.5,1.36821,1.58531,1.42246,0.8359,0.58524,0.705,0.43213,1.32795,1.43685,1.38042,0.00629575,0.00629575,0.00629575
451,4209.8,1.34943,1.55224,1.43611,0.85253,0.58298,0.704,0.43125,1.31977,1.43638,1.38267,0.0062875,0.0062875,0.0062875
452,4219.29,1.37736,1.59165,1.44256,0.79979,0.59496,0.70359,0.43074,1.34503,1.44717,1.39454,0.00627925,0.00627925,0.00627925
453,4228.36,1.36711,1.57289,1.4218,0.79384,0.59808,0.70426,0.43524,1.33257,1.43992,1.37725,0.006271,0.006271,0.006271
454,4237.71,1.3398,1.55573,1.42896,0.84628,0.56809,0.70441,0.43303,1.33091,1.43696,1.37673,0.00626275,0.00626275,0.00626275
455,4247,1.33086,1.54066,1.42579,0.86483,0.57176,0.70599,0.4342,1.34339,1.43328,1.37628,0.0062545,0.0062545,0.0062545
456,4256.56,1.33091,1.56079,1.42116,0.82787,0.59351,0.71034,0.43692,1.32887,1.43124,1.37617,0.00624625,0.00624625,0.00624625
457,4265.86,1.34669,1.57372,1.43591,0.87651,0.57872,0.7158,0.4389,1.33321,1.43043,1.36932,0.006238,0.006238,0.006238
458,4275.05,1.3579,1.57413,1.42809,0.8491,0.57464,0.71177,0.44421,1.32016,1.41275,1.36628,0.00622975,0.00622975,0.00622975
459,4284.84,1.35305,1.57776,1.42234,0.78673,0.62128,0.71806,0.44445,1.30228,1.39558,1.36583,0.0062215,0.0062215,0.0062215
460,4295.02,1.3504,1.55895,1.42586,0.86155,0.58258,0.71719,0.44822,1.29583,1.39241,1.36491,0.00621325,0.00621325,0.00621325
461,4304.19,1.30967,1.52856,1.40589,0.81891,0.61702,0.72434,0.4558,1.29733,1.38371,1.36127,0.006205,0.006205,0.006205
462,4313.58,1.32327,1.52967,1.41356,0.85195,0.59995,0.72721,0.44923,1.32098,1.37118,1.37105,0.00619675,0.00619675,0.00619675
463,4322.6,1.34935,1.56865,1.41491,0.83054,0.60483,0.73273,0.45597,1.3194,1.36895,1.37218,0.0061885,0.0061885,0.0061885
464,4332.97,1.31846,1.53386,1.40815,0.86259,0.60638,0.74174,0.46104,1.31474,1.36183,1.37217,0.00618025,0.00618025,0.00618025
465,4342.16,1.3476,1.53244,1.40309,0.84852,0.61489,0.73797,0.46492,1.30113,1.34496,1.35632,0.006172,0.006172,0.006172
466,4351.25,1.31094,1.51976,1.41188,0.84308,0.63404,0.74711,0.46766,1.28957,1.33105,1.34974,0.00616375,0.00616375,0.00616375
467,4360.43,1.3283,1.57145,1.4049,0.87538,0.62773,0.74494,0.46345,1.28759,1.34238,1.35064,0.0061555,0.0061555,0.0061555
468,4370.44,1.29147,1.50319,1.38633,0.81803,0.64043,0.74687,0.46456,1.28879,1.33739,1.35019,0.00614725,0.00614725,0.00614725
469,4380.16,1.33189,1.51753,1.40068,0.84849,0.62553,0.73984,0.46319,1.29346,1.35071,1.35472,0.006139,0.006139,0.006139
470,4389.28,1.30847,1.53466,1.40231,0.81959,0.63796,0.74248,0.4655,1.29139,1.34915,1.35259,0.00613075,0.00613075,0.00613075
471,4398.3,1.34751,1.53183,1.41133,0.80234,0.65745,0.74354,0.46972,1.29096,1.34931,1.35893,0.0061225,0.0061225,0.0061225
472,4407.48,1.27566,1.48858,1.3872,0.81491,0.63699,0.73952,0.46388,1.30585,1.36442,1.35779,0.00611425,0.00611425,0.00611425
473,4417.57,1.32383,1.51144,1.40938,0.81222,0.63499,0.74105,0.46572,1.30116,1.35692,1.36133,0.006106,0.006106,0.006106
474,4426.57,1.28863,1.46024,1.37305,0.80294,0.63617,0.73986,0.46124,1.31495,1.35664,1.36549,0.00609775,0.00609775,0.00609775
475,4435.44,1.31274,1.5008,1.39178,0.78918,0.65311,0.74572,0.46774,1.28315,1.33937,1.35472,0.0060895,0.0060895,0.0060895
476,4444.33,1.30069,1.50103,1.39236,0.77183,0.68085,0.74819,0.47356,1.26722,1.3212,1.3479,0.00608125,0.00608125,0.00608125
477,4454.32,1.29723,1.47216,1.38198,0.81941,0.66614,0.75114,0.47136,1.27228,1.31795,1.34282,0.006073,0.006073,0.006073
478,4464.69,1.31172,1.48439,1.37811,0.80522,0.67021,0.75747,0.472,1.28388,1.30758,1.35275,0.00606475,0.00606475,0.00606475
479,4473.75,1.2964,1.45982,1.35776,0.87017,0.64681,0.76207,0.47346,1.27745,1.31003,1.35281,0.0060565,0.0060565,0.0060565
480,4482.97,1.3307,1.50715,1.39475,0.86456,0.65319,0.76381,0.47571,1.27527,1.3117,1.35013,0.00604825,0.00604825,0.00604825
481,4492.32,1.28667,1.48058,1.37928,0.86427,0.63674,0.76016,0.47407,1.26608,1.31305,1.34456,0.00604,0.00604,0.00604
482,4502.82,1.30588,1.51638,1.3844,0.83015,0.64475,0.76019,0.47976,1.27178,1.29953,1.33159,0.00603175,0.00603175,0.00603175
483,4512.17,1.28245,1.49191,1.38566,0.85585,0.619,0.75492,0.48085,1.28106,1.30666,1.33524,0.0060235,0.0060235,0.0060235
484,4521.24,1.30152,1.48736,1.38604,0.8706,0.62128,0.75732,0.48039,1.28035,1.29424,1.33318,0.00601525,0.00601525,0.00601525
485,4530.29,1.27611,1.44047,1.37673,0.87117,0.63308,0.75607,0.47467,1.27269,1.27958,1.32755,0.006007,0.006007,0.006007
486,4540.17,1.25724,1.42343,1.35894,0.80538,0.67021,0.75803,0.47658,1.27192,1.27127,1.3254,0.00599875,0.00599875,0.00599875
487,4550,1.28363,1.47002,1.37664,0.85751,0.653,0.76127,0.47413,1.25967,1.28878,1.32863,0.0059905,0.0059905,0.0059905
488,4559.14,1.30375,1.49497,1.38336,0.85337,0.65627,0.75568,0.47856,1.24015,1.27803,1.32601,0.00598225,0.00598225,0.00598225
489,4568.12,1.26179,1.43855,1.36705,0.84823,0.65404,0.75723,0.4849,1.24739,1.26763,1.32914,0.005974,0.005974,0.005974
490,4577.46,1.28837,1.43676,1.37838,0.85426,0.66596,0.76425,0.4838,1.24871,1.25912,1.32691,0.00596575,0.00596575,0.00596575
491,4587.89,1.2698,1.44798,1.37521,0.83858,0.67427,0.75951,0.48092,1.24732,1.26741,1.32906,0.0059575,0.0059575,0.0059575
492,4596.81,1.29403,1.46152,1.37839,0.85765,0.65957,0.76145,0.48464,1.24433,1.26253,1.32959,0.00594925,0.00594925,0.00594925
493,4606.07,1.29095,1.42658,1.3711,0.86958,0.65745,0.76713,0.48755,1.23916,1.23734,1.32819,0.005941,0.005941,0.005941
494,4615.23,1.28697,1.43,1.37153,0.86766,0.64468,0.76399,0.48714,1.23009,1.23945,1.33018,0.00593275,0.00593275,0.00593275
495,4625.71,1.26724,1.43534,1.35823,0.87323,0.65319,0.76285,0.4911,1.21491,1.22957,1.32223,0.0059245,0.0059245,0.0059245
496,4635.46,1.24833,1.43474,1.35072,0.85044,0.66809,0.76676,0.49189,1.22735,1.23915,1.32301,0.00591625,0.00591625,0.00591625
497,4644.54,1.27375,1.39854,1.3691,0.85302,0.67021,0.77319,0.49449,1.232,1.23878,1.32,0.005908,0.005908,0.005908
498,4653.69,1.29103,1.43846,1.35523,0.85201,0.6737,0.77765,0.49559,1.24428,1.23358,1.31456,0.00589975,0.00589975,0.00589975
499,4663.27,1.24527,1.42054,1.3582,0.84805,0.67685,0.77782,0.49678,1.24319,1.23504,1.3118,0.0058915,0.0058915,0.0058915
500,4673.68,1.26598,1.42268,1.36388,0.87846,0.6617,0.77846,0.49621,1.23441,1.24796,1.3129,0.00588325,0.00588325,0.00588325
501,4682.67,1.25862,1.42405,1.36915,0.84853,0.67941,0.77626,0.49888,1.2244,1.25076,1.31139,0.005875,0.005875,0.005875
502,4691.99,1.28937,1.42636,1.36727,0.85288,0.68085,0.77406,0.49919,1.2215,1.23852,1.30923,0.00586675,0.00586675,0.00586675
503,4701.16,1.25412,1.4056,1.35979,0.82148,0.70492,0.77661,0.49987,1.22699,1.23263,1.30888,0.0058585,0.0058585,0.0058585
504,4712,1.26176,1.41404,1.35667,0.85567,0.69376,0.77954,0.5015,1.21485,1.2218,1.30577,0.00585025,0.00585025,0.00585025
505,4721.19,1.24882,1.43453,1.34785,0.86195,0.69082,0.77867,0.50209,1.2084,1.2318,1.29906,0.005842,0.005842,0.005842
506,4730.35,1.25677,1.40861,1.35502,0.86122,0.69149,0.78244,0.50214,1.21755,1.23112,1.30297,0.00583375,0.00583375,0.00583375
507,4739.41,1.22119,1.36758,1.33857,0.8589,0.68511,0.78118,0.50126,1.22713,1.23029,1.30879,0.0058255,0.0058255,0.0058255
508,4749.24,1.25027,1.40159,1.35929,0.83164,0.69787,0.77778,0.50311,1.2186,1.22738,1.30578,0.00581725,0.00581725,0.00581725
509,4758.81,1.24897,1.38857,1.32984,0.85399,0.67199,0.78199,0.50747,1.21213,1.21852,1.30679,0.005809,0.005809,0.005809
510,4767.95,1.25793,1.41888,1.34726,0.82582,0.68511,0.78082,0.5088,1.20584,1.21265,1.30815,0.00580075,0.00580075,0.00580075
511,4777.41,1.25146,1.38552,1.36543,0.8573,0.68511,0.78182,0.50751,1.21079,1.23062,1.31518,0.0057925,0.0057925,0.0057925
512,4787.2,1.21169,1.35774,1.33519,0.83217,0.69787,0.78484,0.51249,1.20109,1.23043,1.30949,0.00578425,0.00578425,0.00578425
513,4797.44,1.22013,1.36075,1.32779,0.81287,0.7,0.78289,0.51095,1.19265,1.2181,1.30259,0.005776,0.005776,0.005776
514,4806.37,1.23111,1.36296,1.33473,0.81192,0.71489,0.7815,0.51069,1.18581,1.21638,1.3,0.00576775,0.00576775,0.00576775
515,4815.25,1.23767,1.35755,1.3304,0.81817,0.70846,0.7801,0.50914,1.17726,1.2113,1.29282,0.0057595,0.0057595,0.0057595
516,4824.25,1.24353,1.38838,1.3348,0.85667,0.6766,0.78137,0.51281,1.16896,1.20367,1.29066,0.00575125,0.00575125,0.00575125
517,4834.83,1.22897,1.38993,1.3319,0.86305,0.67044,0.78537,0.51819,1.17571,1.19986,1.28881,0.005743,0.005743,0.005743
518,4844.21,1.24339,1.39607,1.34135,0.84406,0.69099,0.78565,0.5215,1.16988,1.18735,1.27996,0.00573475,0.00573475,0.00573475
519,4853.44,1.24249,1.40334,1.35467,0.85345,0.68151,0.78325,0.52391,1.16553,1.18314,1.28037,0.0057265,0.0057265,0.0057265
520,4862.59,1.23852,1.37701,1.33774,0.86061,0.69623,0.78299,0.522,1.1759,1.18686,1.2825,0.00571825,0.00571825,0.00571825
521,4872.4,1.21709,1.36555,1.31871,0.85769,0.70426,0.7883,0.51545,1.17227,1.18994,1.27856,0.00571,0.00571,0.00571
522,4882.08,1.21245,1.35806,1.31947,0.86621,0.70254,0.79063,0.51924,1.16544,1.1834,1.27694,0.00570175,0.00570175,0.00570175
523,4891.05,1.19839,1.32021,1.31506,0.86811,0.70024,0.79228,0.51812,1.15181,1.18922,1.27601,0.0056935,0.0056935,0.0056935
524,4899.97,1.24028,1.35793,1.33346,0.86383,0.70189,0.79225,0.52298,1.15923,1.19743,1.27804,0.00568525,0.00568525,0.00568525
525,4909.36,1.20477,1.34452,1.31224,0.88541,0.6766,0.79288,0.52206,1.16174,1.19244,1.27731,0.005677,0.005677,0.005677
526,4919.55,1.22721,1.36787,1.33499,0.87455,0.69787,0.79502,0.5234,1.16634,1.18334,1.27914,0.00566875,0.00566875,0.00566875
527,4928.71,1.21666,1.35496,1.32399,0.88107,0.70638,0.79522,0.5239,1.1649,1.17313,1.27446,0.0056605,0.0056605,0.0056605
528,4937.83,1.21662,1.33248,1.32389,0.89593,0.69787,0.79812,0.52934,1.15956,1.16994,1.2688,0.00565225,0.00565225,0.00565225
529,4947.05,1.20283,1.32165,1.31539,0.89655,0.69574,0.79987,0.53273,1.15183,1.16637,1.26711,0.005644,0.005644,0.005644
530,4957.16,1.23556,1.37922,1.33332,0.89208,0.70349,0.80124,0.53254,1.14464,1.16286,1.2671,0.00563575,0.00563575,0.00563575
531,4966.83,1.23021,1.37441,1.32566,0.87322,0.7034,0.79934,0.5342,1.1382,1.15487,1.26515,0.0056275,0.0056275,0.0056275
532,4976.12,1.21229,1.34338,1.31808,0.89837,0.68298,0.79589,0.53575,1.14346,1.15444,1.26602,0.00561925,0.00561925,0.00561925
533,4985.41,1.21149,1.33469,1.33025,0.90445,0.68298,0.80216,0.53701,1.14432,1.14631,1.26605,0.005611,0.005611,0.005611
534,4994.84,1.22581,1.36138,1.32644,0.89267,0.7078,0.80645,0.54114,1.13376,1.13679,1.26131,0.00560275,0.00560275,0.00560275
535,5005.37,1.19996,1.33,1.31811,0.88768,0.70624,0.80472,0.53989,1.13513,1.13505,1.25623,0.0055945,0.0055945,0.0055945
536,5014.56,1.23187,1.36043,1.32396,0.92698,0.67872,0.80758,0.54177,1.13174,1.13919,1.25412,0.00558625,0.00558625,0.00558625
537,5023.83,1.1834,1.30168,1.30435,0.92647,0.68085,0.80537,0.53821,1.14292,1.15215,1.2562,0.005578,0.005578,0.005578
538,5032.73,1.18301,1.28325,1.30902,0.90948,0.68409,0.80084,0.541,1.13795,1.14838,1.25172,0.00556975,0.00556975,0.00556975
539,5041.73,1.20417,1.35452,1.29579,0.87271,0.69574,0.80604,0.54307,1.13112,1.13978,1.24892,0.0055615,0.0055615,0.0055615
540,5051.97,1.21199,1.33216,1.30338,0.90109,0.69362,0.8077,0.54468,1.13013,1.14151,1.25098,0.00555325,0.00555325,0.00555325
541,5061.09,1.19359,1.35812,1.31879,0.9007,0.70638,0.81141,0.54692,1.1314,1.13575,1.25247,0.005545,0.005545,0.005545
542,5070.29,1.18657,1.31034,1.29876,0.88402,0.71355,0.81094,0.54741,1.1318,1.13391,1.25328,0.00553675,0.00553675,0.00553675
543,5079.42,1.19394,1.31551,1.30528,0.86613,0.72553,0.81,0.54589,1.12884,1.13035,1.25084,0.0055285,0.0055285,0.0055285
544,5088.95,1.20636,1.31748,1.29977,0.88299,0.7225,0.81202,0.54533,1.13351,1.13453,1.25098,0.00552025,0.00552025,0.00552025
545,5097.91,1.22575,1.34132,1.32634,0.88155,0.72979,0.81505,0.54926,1.12369,1.12417,1.24891,0.005512,0.005512,0.005512
546,5107.09,1.18215,1.2918,1.30105,0.87727,0.72128,0.81401,0.55158,1.12902,1.1206,1.25227,0.00550375,0.00550375,0.00550375
547,5116.44,1.18639,1.31164,1.30385,0.8919,0.71277,0.81651,0.54935,1.12251,1.10854,1.24665,0.0054955,0.0054955,0.0054955
548,5125.99,1.19081,1.30589,1.29455,0.88405,0.7234,0.81707,0.55086,1.11749,1.1041,1.24394,0.00548725,0.00548725,0.00548725
549,5134.99,1.17408,1.29201,1.3002,0.88701,0.73191,0.82286,0.55396,1.11405,1.10572,1.24332,0.005479,0.005479,0.005479
550,5144.21,1.23687,1.32983,1.30907,0.89747,0.72766,0.82116,0.55528,1.10842,1.10216,1.24112,0.00547075,0.00547075,0.00547075
551,5153.55,1.17417,1.30109,1.29422,0.90972,0.72896,0.81845,0.55089,1.11696,1.10683,1.24095,0.0054625,0.0054625,0.0054625
552,5163.36,1.22072,1.32587,1.32131,0.89674,0.73912,0.81911,0.55446,1.12382,1.11671,1.24516,0.00545425,0.00545425,0.00545425
553,5172.35,1.20189,1.32316,1.30586,0.89986,0.74567,0.81841,0.55594,1.12179,1.11321,1.24607,0.005446,0.005446,0.005446
554,5181.68,1.20826,1.32111,1.31318,0.90859,0.74017,0.81765,0.55512,1.11586,1.10499,1.24365,0.00543775,0.00543775,0.00543775
555,5190.67,1.16205,1.26357,1.2897,0.8905,0.74043,0.81976,0.55557,1.10935,1.10402,1.24359,0.0054295,0.0054295,0.0054295
556,5200.07,1.17351,1.28644,1.30136,0.8972,0.72553,0.82236,0.55867,1.09506,1.09642,1.24119,0.00542125,0.00542125,0.00542125
557,5209.83,1.18585,1.29338,1.29692,0.90495,0.72929,0.82424,0.56011,1.09438,1.09336,1.24094,0.005413,0.005413,0.005413
558,5219.03,1.18397,1.29634,1.29999,0.91192,0.73617,0.82679,0.56074,1.09397,1.08609,1.239,0.00540475,0.00540475,0.00540475
559,5228.21,1.19285,1.31922,1.3082,0.90664,0.72553,0.82621,0.56121,1.0931,1.08647,1.23855,0.0053965,0.0053965,0.0053965
560,5237.73,1.16083,1.26516,1.28955,0.9096,0.72128,0.82443,0.55658,1.10554,1.08976,1.24382,0.00538825,0.00538825,0.00538825
561,5247.46,1.15596,1.2812,1.283,0.91646,0.72356,0.82617,0.55717,1.11057,1.09181,1.24506,0.00538,0.00538,0.00538
562,5256.39,1.17353,1.25035,1.28238,0.9236,0.72021,0.82543,0.55328,1.11299,1.09477,1.24833,0.00537175,0.00537175,0.00537175
563,5265.31,1.18769,1.29198,1.28462,0.91798,0.71436,0.82743,0.55647,1.11186,1.09495,1.24794,0.0053635,0.0053635,0.0053635
564,5274.44,1.16758,1.28541,1.2922,0.90844,0.71702,0.8261,0.56272,1.10193,1.08439,1.2416,0.00535525,0.00535525,0.00535525
565,5284.34,1.15437,1.24544,1.28212,0.93445,0.71064,0.82737,0.56399,1.09291,1.07578,1.23731,0.005347,0.005347,0.005347
566,5293.66,1.1519,1.26261,1.27488,0.92062,0.70851,0.82653,0.55957,1.0934,1.07263,1.23323,0.00533875,0.00533875,0.00533875
567,5302.58,1.16052,1.2426,1.26852,0.9063,0.72027,0.83128,0.56409,1.08796,1.06725,1.2307,0.0053305,0.0053305,0.0053305
568,5311.86,1.18635,1.28826,1.28527,0.87127,0.74468,0.83323,0.5641,1.08603,1.06666,1.2289,0.00532225,0.00532225,0.00532225
569,5321.7,1.18337,1.27694,1.2917,0.86611,0.75696,0.83174,0.56433,1.0882,1.07464,1.22933,0.005314,0.005314,0.005314
570,5330.85,1.14236,1.23462,1.26777,0.87242,0.75745,0.83041,0.56563,1.08981,1.07102,1.22653,0.00530575,0.00530575,0.00530575
571,5339.98,1.16553,1.28179,1.29089,0.88115,0.74141,0.8309,0.56432,1.08706,1.07142,1.22573,0.0052975,0.0052975,0.0052975
572,5348.9,1.17536,1.26663,1.29429,0.8766,0.7406,0.83076,0.56204,1.09363,1.07847,1.22557,0.00528925,0.00528925,0.00528925
573,5358.44,1.19138,1.27565,1.29026,0.8784,0.73617,0.83066,0.56208,1.09386,1.07934,1.22536,0.005281,0.005281,0.005281
574,5367.35,1.17056,1.28467,1.30487,0.87364,0.75022,0.82913,0.55629,1.09655,1.07509,1.22636,0.00527275,0.00527275,0.00527275
575,5376.37,1.1721,1.26514,1.29257,0.8702,0.7383,0.82744,0.55557,1.09759,1.06665,1.22554,0.0052645,0.0052645,0.0052645
576,5385.53,1.16006,1.27312,1.28724,0.89177,0.72766,0.8282,0.5577,1.0918,1.06091,1.22603,0.00525625,0.00525625,0.00525625
577,5395.11,1.17254,1.28781,1.28269,0.87415,0.74894,0.82844,0.56021,1.08869,1.052,1.22437,0.005248,0.005248,0.005248
578,5404.16,1.14466,1.24433,1.27068,0.8775,0.74468,0.83106,0.56528,1.08767,1.05297,1.22421,0.00523975,0.00523975,0.00523975
579,5413.1,1.15653,1.25684,1.27738,0.86755,0.74681,0.83178,0.56478,1.08735,1.06219,1.2258,0.0052315,0.0052315,0.0052315
580,5422.17,1.18361,1.28544,1.28792,0.87901,0.74894,0.83603,0.56968,1.08854,1.06027,1.22611,0.00522325,0.00522325,0.00522325
581,5431.84,1.15762,1.23725,1.26929,0.88293,0.75417,0.8402,0.57408,1.08609,1.05934,1.22592,0.005215,0.005215,0.005215
582,5441.89,1.127,1.2306,1.27637,0.87748,0.76596,0.84006,0.57129,1.08254,1.04963,1.22428,0.00520675,0.00520675,0.00520675
583,5450.83,1.14106,1.26285,1.27598,0.9053,0.74043,0.84134,0.57289,1.08095,1.04673,1.22189,0.0051985,0.0051985,0.0051985
584,5459.86,1.15145,1.24117,1.27386,0.88848,0.75957,0.84575,0.5753,1.07707,1.04134,1.22301,0.00519025,0.00519025,0.00519025
585,5469.68,1.16401,1.24384,1.27217,0.89619,0.75311,0.84407,0.57542,1.08218,1.04593,1.22595,0.005182,0.005182,0.005182
586,5479.58,1.168,1.25153,1.27702,0.89339,0.74889,0.84096,0.5744,1.08032,1.04721,1.22483,0.00517375,0.00517375,0.00517375
587,5488.59,1.10785,1.22854,1.26042,0.89817,0.74255,0.8397,0.57198,1.0832,1.04629,1.22125,0.0051655,0.0051655,0.0051655
588,5497.47,1.14029,1.2117,1.26572,0.87948,0.75319,0.84162,0.57068,1.08384,1.03915,1.21876,0.00515725,0.00515725,0.00515725
589,5506.35,1.12952,1.20301,1.26636,0.89583,0.75018,0.84586,0.57411,1.08237,1.03402,1.2179,0.005149,0.005149,0.005149
590,5516.47,1.11575,1.20681,1.25832,0.90014,0.75957,0.84588,0.57729,1.07951,1.02782,1.21673,0.00514075,0.00514075,0.00514075
591,5525.65,1.16179,1.24765,1.25855,0.90389,0.76034,0.8446,0.57731,1.08168,1.03268,1.21715,0.0051325,0.0051325,0.0051325
592,5534.58,1.11686,1.20467,1.25974,0.91629,0.7383,0.84633,0.57594,1.07693,1.0358,1.21326,0.00512425,0.00512425,0.00512425
593,5543.53,1.14205,1.21186,1.26096,0.89063,0.76237,0.84513,0.57588,1.06676,1.02717,1.20814,0.005116,0.005116,0.005116
594,5553.22,1.12952,1.22919,1.26264,0.88823,0.76084,0.84716,0.58261,1.06079,1.02608,1.20655,0.00510775,0.00510775,0.00510775
595,5562.34,1.12399,1.22141,1.26132,0.90765,0.74894,0.84687,0.58664,1.05852,1.02979,1.20663,0.0050995,0.0050995,0.0050995
596,5571.54,1.12036,1.18996,1.25314,0.90777,0.75387,0.84412,0.5897,1.06315,1.03516,1.20847,0.00509125,0.00509125,0.00509125
597,5580.7,1.13956,1.22265,1.26737,0.89215,0.75678,0.84226,0.58578,1.06162,1.03721,1.20823,0.005083,0.005083,0.005083
598,5590.17,1.12855,1.19995,1.2571,0.89561,0.76383,0.84297,0.58883,1.05876,1.0372,1.20611,0.00507475,0.00507475,0.00507475
599,5599.09,1.14835,1.23206,1.26858,0.89623,0.75345,0.84301,0.58961,1.05457,1.03272,1.20212,0.0050665,0.0050665,0.0050665
600,5608.16,1.16102,1.23122,1.26954,0.88402,0.76225,0.84348,0.59158,1.04793,1.02851,1.20006,0.00505825,0.00505825,0.00505825
601,5617.52,1.11181,1.17489,1.23984,0.89617,0.7617,0.84516,0.59189,1.04217,1.02527,1.19925,0.00505,0.00505,0.00505
602,5627.45,1.16834,1.22819,1.27164,0.9036,0.7617,0.84685,0.59457,1.03709,1.03115,1.1983,0.00504175,0.00504175,0.00504175
603,5636.8,1.14021,1.21855,1.26009,0.89896,0.75724,0.84719,0.59534,1.03402,1.03797,1.19856,0.0050335,0.0050335,0.0050335
604,5646.1,1.12067,1.21684,1.25605,0.89395,0.75745,0.84612,0.59461,1.0329,1.02799,1.19738,0.00502525,0.00502525,0.00502525
605,5655.54,1.12253,1.22438,1.25278,0.88791,0.75745,0.84777,0.59447,1.03345,1.01879,1.19771,0.005017,0.005017,0.005017
606,5665.23,1.12048,1.20279,1.25689,0.91132,0.74894,0.84892,0.59479,1.03491,1.011,1.19651,0.00500875,0.00500875,0.00500875
607,5674.29,1.13698,1.20563,1.25936,0.9287,0.72979,0.84891,0.59549,1.03815,1.00525,1.19738,0.0050005,0.0050005,0.0050005
608,5684.13,1.09904,1.17604,1.24801,0.91592,0.73617,0.84978,0.59372,1.04478,1.00704,1.20148,0.00499225,0.00499225,0.00499225
609,5693.06,1.11695,1.20904,1.25296,0.90056,0.75148,0.85143,0.59346,1.04317,1.00836,1.20135,0.004984,0.004984,0.004984
610,5702.01,1.14456,1.21296,1.26149,0.92374,0.74738,0.85394,0.59583,1.03994,1.00939,1.2009,0.00497575,0.00497575,0.00497575
611,5711.88,1.10624,1.17192,1.2422,0.91079,0.75319,0.85432,0.59422,1.03446,1.00101,1.20144,0.0049675,0.0049675,0.0049675
612,5721.02,1.11596,1.21092,1.25127,0.90455,0.7617,0.85579,0.59924,1.03003,0.99324,1.20051,0.00495925,0.00495925,0.00495925
613,5730.45,1.12141,1.18418,1.24617,0.91048,0.75736,0.85688,0.59968,1.02937,0.98976,1.19932,0.004951,0.004951,0.004951
614,5740.61,1.10792,1.1636,1.23963,0.90986,0.75745,0.8562,0.598,1.02908,0.99222,1.19715,0.00494275,0.00494275,0.00494275
615,5749.82,1.10529,1.17179,1.23874,0.90517,0.75139,0.85658,0.59918,1.02994,0.99178,1.19886,0.0049345,0.0049345,0.0049345
616,5759.42,1.11677,1.19055,1.25783,0.89424,0.75557,0.85698,0.59922,1.02553,0.98984,1.19689,0.00492625,0.00492625,0.00492625
617,5768.75,1.08959,1.16433,1.22664,0.8853,0.77183,0.86079,0.60233,1.02173,0.98246,1.19442,0.004918,0.004918,0.004918
618,5778.42,1.10475,1.18029,1.24731,0.89463,0.7617,0.86064,0.60192,1.01884,0.97949,1.19211,0.00490975,0.00490975,0.00490975
619,5787.41,1.11496,1.166,1.24731,0.89069,0.76278,0.86021,0.59844,1.01826,0.97499,1.18845,0.0049015,0.0049015,0.0049015
620,5796.66,1.08473,1.15417,1.22138,0.93283,0.73875,0.86136,0.60269,1.01371,0.97447,1.1816,0.00489325,0.00489325,0.00489325
621,5805.84,1.10442,1.15134,1.23278,0.93356,0.73617,0.86118,0.59986,1.01455,0.98126,1.17857,0.004885,0.004885,0.004885
622,5814.74,1.10733,1.18286,1.24054,0.92086,0.74267,0.85737,0.60231,1.00766,0.98434,1.17569,0.00487675,0.00487675,0.00487675
623,5823.66,1.09543,1.16884,1.23809,0.92271,0.74255,0.85958,0.60379,1.00105,0.97996,1.17269,0.0048685,0.0048685,0.0048685
624,5833.06,1.13549,1.20985,1.25395,0.91812,0.75745,0.85943,0.60502,0.99665,0.97566,1.17056,0.00486025,0.00486025,0.00486025
625,5842.22,1.10512,1.18487,1.24068,0.92511,0.75957,0.86043,0.60586,0.9991,0.97593,1.17122,0.004852,0.004852,0.004852
626,5851.36,1.1163,1.16963,1.23778,0.90324,0.75957,0.86061,0.60506,0.99714,0.97658,1.16922,0.00484375,0.00484375,0.00484375
627,5860.31,1.09934,1.19416,1.24237,0.89499,0.76596,0.86262,0.60576,0.99265,0.97237,1.16843,0.0048355,0.0048355,0.0048355
628,5869.77,1.06147,1.12137,1.21032,0.88602,0.77734,0.85888,0.60554,0.99714,0.97833,1.16916,0.00482725,0.00482725,0.00482725
629,5878.71,1.11586,1.17038,1.24594,0.89127,0.77447,0.85994,0.60531,1.00082,0.97635,1.1709,0.004819,0.004819,0.004819
630,5887.65,1.07724,1.16709,1.23075,0.93565,0.74252,0.8588,0.60584,1.00466,0.97943,1.17243,0.00481075,0.00481075,0.00481075
631,5896.68,1.10037,1.16301,1.24148,0.92339,0.74374,0.85705,0.60707,1.0076,0.98192,1.17629,0.0048025,0.0048025,0.0048025
632,5906.54,1.07922,1.13261,1.22952,0.91819,0.74468,0.85843,0.60594,1.00798,0.97673,1.17631,0.00479425,0.00479425,0.00479425
633,5915.66,1.06062,1.11432,1.20991,0.92953,0.74255,0.85933,0.60662,1.00499,0.9732,1.17451,0.004786,0.004786,0.004786
634,5924.67,1.10914,1.15813,1.23268,0.91387,0.74502,0.85652,0.60767,1.00102,0.97391,1.1723,0.00477775,0.00477775,0.00477775
635,5933.97,1.10562,1.13831,1.22854,0.90522,0.75187,0.85747,0.61173,0.99421,0.96662,1.16944,0.0047695,0.0047695,0.0047695
636,5943.59,1.08499,1.14137,1.22395,0.91244,0.75384,0.85646,0.61268,0.99329,0.96307,1.16849,0.00476125,0.00476125,0.00476125
637,5954.28,1.06793,1.13097,1.22715,0.90837,0.75932,0.85704,0.61252,0.99323,0.96306,1.16857,0.004753,0.004753,0.004753
638,5963.17,1.08895,1.13765,1.22525,0.90412,0.76383,0.85808,0.61158,0.98815,0.96012,1.16823,0.00474475,0.00474475,0.00474475
639,5972.04,1.10756,1.16511,1.2415,0.90986,0.77312,0.85937,0.616,0.98105,0.95595,1.16512,0.0047365,0.0047365,0.0047365
640,5981.17,1.08109,1.13466,1.22322,0.9265,0.75096,0.86076,0.61896,0.97867,0.95609,1.16283,0.00472825,0.00472825,0.00472825
641,5991.61,1.09174,1.15854,1.22678,0.93414,0.74894,0.86185,0.61941,0.98101,0.95344,1.16226,0.00472,0.00472,0.00472
642,6000.86,1.09988,1.13505,1.23095,0.94349,0.74043,0.86176,0.62065,0.98015,0.9563,1.16154,0.00471175,0.00471175,0.00471175
643,6009.98,1.08364,1.14294,1.23505,0.93111,0.75745,0.86277,0.62004,0.97723,0.95181,1.16034,0.0047035,0.0047035,0.0047035
644,6018.9,1.09918,1.17022,1.23486,0.94152,0.75361,0.86274,0.62218,0.97692,0.94854,1.15885,0.00469525,0.00469525,0.00469525
645,6028.83,1.06075,1.11262,1.22361,0.94538,0.74894,0.86298,0.62137,0.98087,0.94643,1.1589,0.004687,0.004687,0.004687
646,6038.53,1.10382,1.16273,1.22886,0.93704,0.75319,0.8646,0.62129,0.98344,0.94957,1.15914,0.00467875,0.00467875,0.00467875
647,6047.45,1.06814,1.1536,1.22877,0.93124,0.75319,0.86482,0.61739,0.9865,0.94999,1.15819,0.0046705,0.0046705,0.0046705
648,6056.42,1.10256,1.14739,1.22849,0.9227,0.75957,0.86517,0.61915,0.98763,0.9482,1.15549,0.00466225,0.00466225,0.00466225
649,6065.9,1.05347,1.10024,1.2161,0.91383,0.77872,0.86556,0.61936,0.98473,0.94578,1.15319,0.004654,0.004654,0.004654
650,6075.72,1.06833,1.13158,1.21747,0.92505,0.75532,0.86614,0.62012,0.98091,0.94144,1.15226,0.00464575,0.00464575,0.00464575
651,6084.58,1.04568,1.09417,1.21684,0.92793,0.75957,0.86647,0.62356,0.97856,0.93441,1.15258,0.0046375,0.0046375,0.0046375
652,6093.73,1.07213,1.13068,1.22063,0.9203,0.76596,0.86897,0.62331,0.98194,0.9341,1.1532,0.00462925,0.00462925,0.00462925
653,6102.92,1.06679,1.13341,1.21746,0.91888,0.77125,0.86758,0.62359,0.98259,0.93313,1.15335,0.004621,0.004621,0.004621
654,6112.78,1.08954,1.15173,1.23016,0.92856,0.77447,0.86901,0.6233,0.97998,0.93004,1.15256,0.00461275,0.00461275,0.00461275
655,6121.69,1.07269,1.12445,1.22175,0.91592,0.7766,0.87089,0.62497,0.97802,0.93089,1.1498,0.0046045,0.0046045,0.0046045
656,6130.85,1.07084,1.12841,1.21785,0.92723,0.77447,0.87175,0.62282,0.97593,0.93266,1.14823,0.00459625,0.00459625,0.00459625
657,6139.91,1.08631,1.13859,1.22044,0.93888,0.77021,0.87219,0.62103,0.97749,0.93199,1.14887,0.004588,0.004588,0.004588
658,6149.68,1.06837,1.11264,1.21846,0.9236,0.76809,0.87117,0.61812,0.97627,0.93373,1.14928,0.00457975,0.00457975,0.00457975
659,6159.38,1.09006,1.13569,1.22201,0.92371,0.77234,0.87021,0.62031,0.9734,0.93223,1.14868,0.0045715,0.0045715,0.0045715
660,6168.43,1.08008,1.13889,1.2154,0.91449,0.77365,0.86974,0.62077,0.96907,0.93107,1.14706,0.00456325,0.00456325,0.00456325
661,6177.34,1.04139,1.11024,1.20641,0.89616,0.78958,0.86836,0.62044,0.9663,0.92618,1.14609,0.004555,0.004555,0.004555
662,6186.23,1.05023,1.09998,1.2066,0.91788,0.78476,0.87057,0.62283,0.96642,0.92436,1.14717,0.00454675,0.00454675,0.00454675
663,6196.23,1.07891,1.11227,1.21547,0.92083,0.78085,0.8706,0.62369,0.96754,0.92264,1.14885,0.0045385,0.0045385,0.0045385
664,6205.57,1.07296,1.11444,1.20491,0.91331,0.78723,0.87116,0.62536,0.96761,0.92152,1.14999,0.00453025,0.00453025,0.00453025
665,6214.64,1.03695,1.09792,1.20592,0.91165,0.79036,0.8724,0.62525,0.9649,0.91882,1.14883,0.004522,0.004522,0.004522
666,6223.94,1.02344,1.08621,1.20485,0.92005,0.79149,0.8739,0.6252,0.96477,0.91533,1.14672,0.00451375,0.00451375,0.00451375
667,6233.52,1.04243,1.10422,1.20193,0.91841,0.79031,0.87436,0.62734,0.96271,0.91328,1.1448,0.0045055,0.0045055,0.0045055
668,6244.41,1.08743,1.14481,1.23215,0.93105,0.7766,0.87298,0.62834,0.95925,0.90898,1.14385,0.00449725,0.00449725,0.00449725
669,6254.91,1.06234,1.10995,1.20859,0.91549,0.78368,0.87408,0.62882,0.95858,0.90578,1.14178,0.004489,0.004489,0.004489
670,6264.07,1.05304,1.13992,1.20817,0.90354,0.79149,0.8736,0.62788,0.96262,0.90384,1.1398,0.00448075,0.00448075,0.00448075
671,6272.94,1.10002,1.1544,1.21922,0.89837,0.79149,0.87149,0.62553,0.96772,0.90817,1.14067,0.0044725,0.0044725,0.0044725
672,6281.96,1.05579,1.10599,1.20161,0.89993,0.79149,0.87226,0.63084,0.96856,0.9062,1.13957,0.00446425,0.00446425,0.00446425
673,6293.13,1.04671,1.10819,1.20543,0.89628,0.79362,0.87356,0.62944,0.96856,0.90345,1.14026,0.004456,0.004456,0.004456
674,6303.42,1.04554,1.09587,1.20313,0.91308,0.78224,0.87561,0.62972,0.96982,0.89989,1.14102,0.00444775,0.00444775,0.00444775
675,6312.62,1.03503,1.09216,1.20061,0.92587,0.77065,0.87583,0.62711,0.96963,0.89611,1.13995,0.0044395,0.0044395,0.0044395
676,6321.7,1.07911,1.1082,1.20508,0.93765,0.76798,0.87583,0.62778,0.96988,0.89565,1.13993,0.00443125,0.00443125,0.00443125
677,6331.97,1.05022,1.07912,1.20236,0.93555,0.77213,0.8768,0.63037,0.96545,0.89389,1.13705,0.004423,0.004423,0.004423
678,6343.74,1.05295,1.08847,1.20909,0.92119,0.7766,0.8759,0.63079,0.95925,0.89084,1.13376,0.00441475,0.00441475,0.00441475
679,6355.62,1.0513,1.10404,1.19751,0.91774,0.7766,0.87367,0.63222,0.958,0.89225,1.13371,0.0044065,0.0044065,0.0044065
680,6366.11,1.04702,1.08836,1.19952,0.92379,0.77376,0.87228,0.63183,0.95915,0.89444,1.13356,0.00439825,0.00439825,0.00439825
681,6375.18,1.07185,1.12783,1.21453,0.92618,0.77418,0.87292,0.63477,0.95566,0.89111,1.13305,0.00439,0.00439,0.00439
682,6384.58,1.04045,1.10269,1.2033,0.91162,0.79005,0.87455,0.63231,0.95468,0.88684,1.13153,0.00438175,0.00438175,0.00438175
683,6395.1,1.07594,1.12964,1.21396,0.91977,0.78723,0.87269,0.63044,0.95353,0.88546,1.1307,0.0043735,0.0043735,0.0043735
684,6406.92,1.07132,1.12165,1.20298,0.92264,0.78662,0.87321,0.63164,0.95228,0.88231,1.12964,0.00436525,0.00436525,0.00436525
685,6416.27,1.02919,1.08686,1.18864,0.92798,0.79503,0.87376,0.63194,0.95041,0.88147,1.12974,0.004357,0.004357,0.004357
686,6425.6,1.04741,1.07938,1.19155,0.91239,0.79772,0.87409,0.63023,0.951,0.88105,1.13038,0.00434875,0.00434875,0.00434875
687,6434.79,1.05095,1.0783,1.1919,0.91895,0.79574,0.87394,0.6305,0.94891,0.87909,1.12922,0.0043405,0.0043405,0.0043405
688,6445.72,1.03549,1.07714,1.18584,0.91592,0.79787,0.87539,0.6325,0.94687,0.87729,1.12733,0.00433225,0.00433225,0.00433225
689,6456.66,1.02761,1.06536,1.19108,0.91443,0.80213,0.8767,0.6352,0.94692,0.87643,1.12697,0.004324,0.004324,0.004324
690,6466.06,1.05845,1.08852,1.19828,0.91229,0.80213,0.87623,0.63415,0.94587,0.87695,1.12759,0.00431575,0.00431575,0.00431575
691,6475.22,1.06488,1.11123,1.19076,0.90522,0.80213,0.87486,0.63659,0.94501,0.87574,1.12829,0.0043075,0.0043075,0.0043075
692,6484.6,1.04237,1.0876,1.20015,0.91464,0.7979,0.87707,0.6364,0.94332,0.8747,1.12915,0.00429925,0.00429925,0.00429925
693,6497.35,1.04346,1.07938,1.19317,0.91435,0.79498,0.87655,0.63733,0.9409,0.87777,1.12867,0.004291,0.004291,0.004291
694,6507.43,0.99543,1.05475,1.18245,0.91838,0.79149,0.87689,0.63754,0.93767,0.87651,1.12675,0.00428275,0.00428275,0.00428275
695,6516.73,1.03181,1.07256,1.19335,0.93012,0.79362,0.8797,0.63673,0.93699,0.87723,1.1269,0.0042745,0.0042745,0.0042745
696,6525.89,1.04219,1.07598,1.19095,0.93297,0.79574,0.87922,0.63731,0.93899,0.87905,1.12697,0.00426625,0.00426625,0.00426625
697,6536.49,1.08481,1.12339,1.20633,0.9177,0.81064,0.87914,0.63725,0.94411,0.88031,1.12703,0.004258,0.004258,0.004258
698,6548.05,1.05622,1.0707,1.20008,0.91964,0.81064,0.87955,0.63624,0.94395,0.87862,1.12715,0.00424975,0.00424975,0.00424975
699,6557.23,1.01542,1.05719,1.18414,0.9235,0.80851,0.87891,0.63543,0.9469,0.87904,1.12823,0.0042415,0.0042415,0.0042415
700,6566.31,1.02055,1.03268,1.17676,0.93117,0.80592,0.87838,0.6354,0.94536,0.87956,1.12735,0.00423325,0.00423325,0.00423325
701,6575.36,1.04226,1.05525,1.18798,0.91961,0.80638,0.87837,0.63571,0.94649,0.87936,1.12751,0.004225,0.004225,0.004225
702,6585.6,1.02705,1.07,1.1845,0.92216,0.80665,0.87943,0.63511,0.94882,0.87904,1.12691,0.00421675,0.00421675,0.00421675
703,6596.62,1.02368,1.0689,1.17697,0.92662,0.80607,0.87975,0.63451,0.94799,0.87784,1.12557,0.0042085,0.0042085,0.0042085
704,6605.7,1.02558,1.06215,1.18291,0.94249,0.802,0.88128,0.6354,0.94732,0.87477,1.12433,0.00420025,0.00420025,0.00420025
705,6614.87,1.02047,1.05139,1.18316,0.93656,0.80638,0.88234,0.63714,0.94622,0.8729,1.12379,0.004192,0.004192,0.004192
706,6624.35,1.03091,1.07032,1.17172,0.91839,0.81403,0.88252,0.63761,0.94151,0.87254,1.12251,0.00418375,0.00418375,0.00418375
707,6635.22,1.01842,1.03884,1.18426,0.92274,0.81277,0.88156,0.63961,0.93721,0.87378,1.1219,0.0041755,0.0041755,0.0041755
708,6646.08,1.03188,1.07846,1.19189,0.91933,0.81277,0.88379,0.63994,0.93359,0.87292,1.12119,0.00416725,0.00416725,0.00416725
709,6655.33,1.01794,1.04373,1.18647,0.91999,0.81489,0.88376,0.64275,0.92873,0.87264,1.12,0.004159,0.004159,0.004159
710,6664.75,1.03523,1.07916,1.19137,0.93394,0.81213,0.88387,0.64256,0.92725,0.87151,1.11939,0.00415075,0.00415075,0.00415075
711,6674.5,1.01642,1.05649,1.18818,0.93018,0.81064,0.88336,0.64084,0.92599,0.8719,1.11901,0.0041425,0.0041425,0.0041425
712,6686.58,1.02801,1.04204,1.19127,0.93223,0.80851,0.88334,0.64375,0.92441,0.86919,1.11733,0.00413425,0.00413425,0.00413425
713,6695.92,1.0273,1.05518,1.18962,0.93347,0.80851,0.88372,0.64508,0.92647,0.86627,1.11633,0.004126,0.004126,0.004126
714,6705.23,1.00816,1.04489,1.17449,0.93343,0.80851,0.88396,0.6477,0.92676,0.86638,1.11591,0.00411775,0.00411775,0.00411775
715,6714.71,1.02419,1.06446,1.18134,0.93632,0.80426,0.88347,0.64798,0.92576,0.86609,1.11466,0.0041095,0.0041095,0.0041095
716,6725.59,1.01431,1.05946,1.17941,0.94683,0.80638,0.88482,0.6473,0.92566,0.86712,1.11324,0.00410125,0.00410125,0.00410125
717,6736.15,0.99702,1.0212,1.18807,0.9451,0.80578,0.88465,0.64638,0.92737,0.86593,1.11299,0.004093,0.004093,0.004093
718,6745.19,1.01111,1.04602,1.1796,0.93676,0.81064,0.88538,0.64812,0.92645,0.86071,1.11264,0.00408475,0.00408475,0.00408475
719,6754.63,0.98731,1.02241,1.17389,0.93708,0.81064,0.88566,0.6482,0.92734,0.85914,1.11249,0.0040765,0.0040765,0.0040765
720,6764.15,1.04378,1.0395,1.19151,0.9406,0.81064,0.88601,0.64987,0.92701,0.85531,1.11269,0.00406825,0.00406825,0.00406825
721,6776.14,1.03932,1.05389,1.1789,0.94298,0.80927,0.88666,0.65073,0.92599,0.85375,1.11161,0.00406,0.00406,0.00406
722,6786.74,0.99354,1.02327,1.16822,0.94039,0.80558,0.88684,0.65009,0.92461,0.85037,1.11003,0.00405175,0.00405175,0.00405175
723,6795.77,1.00049,1.00277,1.1747,0.94449,0.80638,0.88708,0.64956,0.92367,0.84969,1.10909,0.0040435,0.0040435,0.0040435
724,6804.84,0.97302,0.99709,1.16202,0.93396,0.81064,0.88594,0.64871,0.92303,0.84853,1.10778,0.00403525,0.00403525,0.00403525
725,6814.32,1.02955,1.05812,1.18309,0.93624,0.81234,0.88666,0.64928,0.92133,0.84665,1.10663,0.004027,0.004027,0.004027
726,6825.94,1.00608,1.02786,1.17455,0.94739,0.80464,0.88662,0.65063,0.92157,0.84852,1.10657,0.00401875,0.00401875,0.00401875
727,6835.33,1.0047,1.0498,1.17656,0.93921,0.81277,0.88614,0.64741,0.92271,0.8491,1.10657,0.0040105,0.0040105,0.0040105
728,6844.52,1.01657,1.05931,1.17618,0.93071,0.81277,0.88599,0.64806,0.92143,0.85023,1.10639,0.00400225,0.00400225,0.00400225
729,6853.64,1.00665,1.03537,1.17436,0.93148,0.80988,0.88467,0.65013,0.91967,0.84927,1.1058,0.003994,0.003994,0.003994
730,6863.76,1.00406,1.03137,1.16495,0.93121,0.80648,0.88553,0.64933,0.91806,0.84645,1.1056,0.00398575,0.00398575,0.00398575
731,6875.57,1.0142,1.05616,1.18003,0.92897,0.80694,0.88534,0.64911,0.91878,0.84785,1.10628,0.0039775,0.0039775,0.0039775
732,6884.6,0.98518,0.99253,1.16673,0.92777,0.80638,0.88544,0.64949,0.91948,0.84756,1.10673,0.00396925,0.00396925,0.00396925
733,6893.71,1.0175,1.03085,1.17191,0.92921,0.80851,0.88441,0.64758,0.91962,0.84475,1.10576,0.003961,0.003961,0.003961
734,6902.9,0.99551,1.00376,1.15575,0.93055,0.80638,0.88368,0.64984,0.92021,0.84636,1.10622,0.00395275,0.00395275,0.00395275
735,6913.39,1.00711,1.01609,1.17195,0.93362,0.80798,0.88404,0.64777,0.92007,0.84578,1.10628,0.0039445,0.0039445,0.0039445
736,6924.23,1.00122,1.0126,1.1583,0.93123,0.81277,0.88449,0.6467,0.92375,0.84666,1.10741,0.00393625,0.00393625,0.00393625
737,6933.31,0.98,0.99978,1.15569,0.92935,0.81168,0.88492,0.64627,0.92718,0.84562,1.10829,0.003928,0.003928,0.003928
738,6942.43,0.97139,0.9991,1.16026,0.92275,0.81327,0.88455,0.64648,0.92825,0.84493,1.10825,0.00391975,0.00391975,0.00391975
739,6951.74,0.99167,1.00718,1.16087,0.91857,0.81601,0.88559,0.64809,0.92777,0.84329,1.10759,0.0039115,0.0039115,0.0039115
740,6962.39,0.99783,1.03018,1.16677,0.91891,0.81702,0.88569,0.64897,0.92634,0.84261,1.10687,0.00390325,0.00390325,0.00390325
741,6973.93,1.00343,1.01575,1.16928,0.91481,0.82255,0.88658,0.64755,0.92339,0.84231,1.1071,0.003895,0.003895,0.003895
742,6984.71,0.97377,1.00769,1.16828,0.91864,0.81678,0.88707,0.64796,0.92081,0.84006,1.10598,0.00388675,0.00388675,0.00388675
743,6994.08,1.01435,1.02429,1.17663,0.90948,0.81915,0.88618,0.64747,0.92165,0.83916,1.10518,0.0038785,0.0038785,0.0038785
744,7003.42,0.99794,1.01807,1.16781,0.92884,0.80533,0.88704,0.6494,0.92277,0.83775,1.10476,0.00387025,0.00387025,0.00387025
745,7012.7,0.98023,1.00939,1.15635,0.92768,0.80213,0.8867,0.64953,0.92162,0.83963,1.1041,0.003862,0.003862,0.003862
746,7022.98,1.01671,1.03649,1.17661,0.92668,0.80674,0.88714,0.65045,0.91936,0.84051,1.10337,0.00385375,0.00385375,0.00385375
747,7033.99,0.98248,1.0195,1.16372,0.92883,0.80851,0.88894,0.65233,0.91829,0.84278,1.10232,0.0038455,0.0038455,0.0038455
748,7045.07,0.9736,0.99809,1.1546,0.93265,0.81064,0.88874,0.65289,0.91781,0.84161,1.10212,0.00383725,0.00383725,0.00383725
749,7054.29,0.95719,0.98892,1.14954,0.93423,0.80851,0.88841,0.65416,0.91612,0.84049,1.1014,0.003829,0.003829,0.003829
750,7063.43,1.0186,1.02886,1.16765,0.93257,0.80851,0.88876,0.6551,0.9167,0.84141,1.10168,0.00382075,0.00382075,0.00382075
751,7072.98,1.01269,1.01097,1.17453,0.93187,0.81483,0.88881,0.65467,0.91684,0.84088,1.1015,0.0038125,0.0038125,0.0038125
752,7083.54,0.97983,1.01411,1.16003,0.93338,0.81702,0.8893,0.65457,0.91672,0.84022,1.10182,0.00380425,0.00380425,0.00380425
753,7093.79,0.99196,1.00394,1.15455,0.93628,0.81915,0.89006,0.65643,0.91769,0.83924,1.10221,0.003796,0.003796,0.003796
754,7103.28,0.97533,1.01556,1.15437,0.93892,0.81915,0.8899,0.65696,0.91906,0.8392,1.10266,0.00378775,0.00378775,0.00378775
755,7112.77,1.00089,1.01873,1.16602,0.93906,0.8196,0.89113,0.65762,0.91884,0.83886,1.10174,0.0037795,0.0037795,0.0037795
756,7122.58,0.96884,1.0037,1.15,0.93809,0.81702,0.89041,0.65827,0.91808,0.83719,1.10157,0.00377125,0.00377125,0.00377125
757,7133.79,0.97312,1.01213,1.15515,0.93786,0.81702,0.8904,0.65832,0.91758,0.83372,1.10101,0.003763,0.003763,0.003763
758,7143.24,0.97429,1.00221,1.1567,0.93655,0.8165,0.89254,0.65804,0.91515,0.82942,1.09906,0.00375475,0.00375475,0.00375475
759,7152.6,0.96962,0.98674,1.15183,0.93408,0.81397,0.89185,0.65745,0.91539,0.82813,1.09952,0.0037465,0.0037465,0.0037465
760,7161.74,0.98597,1.00969,1.15871,0.93598,0.81277,0.89296,0.65837,0.91621,0.82853,1.09975,0.00373825,0.00373825,0.00373825
761,7172.67,0.96014,0.98066,1.15026,0.93742,0.81064,0.89385,0.6607,0.91536,0.82785,1.09978,0.00373,0.00373,0.00373
762,7182.92,0.97507,0.9884,1.15297,0.93904,0.80851,0.89403,0.65922,0.91538,0.82868,1.09903,0.00372175,0.00372175,0.00372175
763,7192.19,0.97183,1.005,1.15741,0.94052,0.80851,0.89415,0.65909,0.91484,0.83051,1.09847,0.0037135,0.0037135,0.0037135
764,7201.29,0.97426,0.99562,1.16202,0.94781,0.81064,0.89607,0.65818,0.91585,0.83167,1.0981,0.00370525,0.00370525,0.00370525
765,7210.34,0.97977,1.00936,1.1479,0.95064,0.81277,0.89728,0.65998,0.91777,0.83205,1.09808,0.003697,0.003697,0.003697
766,7222.09,0.98003,0.98237,1.15175,0.9513,0.81277,0.89741,0.65913,0.91683,0.82985,1.09794,0.00368875,0.00368875,0.00368875
767,7231.21,0.96481,0.98402,1.14122,0.95,0.81277,0.89466,0.6591,0.91222,0.82752,1.09655,0.0036805,0.0036805,0.0036805
768,7240.27,0.95855,0.96737,1.14055,0.95176,0.81277,0.89457,0.65901,0.91167,0.82765,1.09581,0.00367225,0.00367225,0.00367225
769,7249.3,0.95023,0.96472,1.13736,0.95132,0.81489,0.89774,0.65883,0.91323,0.82671,1.0954,0.003664,0.003664,0.003664
770,7259.35,0.97691,0.98307,1.15549,0.95254,0.8114,0.89555,0.65799,0.91293,0.82561,1.09461,0.00365575,0.00365575,0.00365575
771,7270.63,0.9743,1.0018,1.15491,0.95011,0.81045,0.89634,0.65804,0.91171,0.82564,1.09329,0.0036475,0.0036475,0.0036475
772,7279.99,0.9928,1.02296,1.16228,0.95541,0.80426,0.89672,0.65951,0.91091,0.82601,1.09253,0.00363925,0.00363925,0.00363925
773,7289.31,0.98569,0.99234,1.15432,0.95393,0.80426,0.89728,0.65895,0.91037,0.82702,1.09192,0.003631,0.003631,0.003631
774,7298.49,0.97094,0.98297,1.14298,0.9393,0.81489,0.89759,0.65944,0.91223,0.82478,1.09189,0.00362275,0.00362275,0.00362275
775,7309.15,0.97469,0.98962,1.15025,0.95567,0.8,0.89676,0.65812,0.911,0.82392,1.09178,0.0036145,0.0036145,0.0036145
776,7318.93,0.97333,0.99552,1.15379,0.92364,0.8235,0.898,0.66028,0.9093,0.82301,1.09124,0.00360625,0.00360625,0.00360625
777,7328.41,0.96581,0.98318,1.14451,0.95943,0.79149,0.89845,0.66205,0.90851,0.82244,1.09132,0.003598,0.003598,0.003598
778,7338.02,1.00435,1.02821,1.15881,0.92345,0.82132,0.89767,0.66256,0.90728,0.82174,1.0904,0.00358975,0.00358975,0.00358975
779,7347.76,0.93845,0.96269,1.13208,0.92759,0.8177,0.89731,0.66272,0.90747,0.82187,1.08991,0.0035815,0.0035815,0.0035815
780,7359.27,0.9386,0.9646,1.13887,0.92765,0.81845,0.89756,0.66032,0.90815,0.82239,1.08994,0.00357325,0.00357325,0.00357325
781,7368.69,0.9682,0.99027,1.15356,0.9257,0.82176,0.89757,0.65949,0.90797,0.82121,1.08965,0.003565,0.003565,0.003565
782,7378.01,0.95937,0.97292,1.13812,0.92582,0.82325,0.89463,0.65815,0.90774,0.82164,1.08964,0.00355675,0.00355675,0.00355675
783,7387.23,0.96763,0.97288,1.14454,0.9284,0.82553,0.89509,0.65938,0.90673,0.82274,1.08922,0.0035485,0.0035485,0.0035485
784,7397.88,0.95524,0.96403,1.14023,0.93054,0.8266,0.89518,0.6601,0.90612,0.82295,1.08853,0.00354025,0.00354025,0.00354025
785,7408.12,0.97581,0.995,1.14901,0.93681,0.82011,0.89591,0.66059,0.90446,0.82204,1.08823,0.003532,0.003532,0.003532
786,7417.18,0.93981,0.9605,1.13523,0.92612,0.82553,0.89592,0.66173,0.90359,0.82129,1.08805,0.00352375,0.00352375,0.00352375
787,7426.22,0.96352,0.96891,1.13915,0.92981,0.82553,0.89653,0.66218,0.90343,0.82081,1.08753,0.0035155,0.0035155,0.0035155
788,7435.41,0.95219,0.95388,1.13307,0.93071,0.82553,0.8984,0.66272,0.90185,0.81968,1.08674,0.00350725,0.00350725,0.00350725
789,7447.65,0.95446,0.97536,1.13439,0.93459,0.82084,0.89801,0.66361,0.89941,0.818,1.08593,0.003499,0.003499,0.003499
790,7457.11,0.98496,0.9934,1.15805,0.9347,0.82224,0.89839,0.66549,0.89743,0.81737,1.08485,0.00349075,0.00349075,0.00349075
791,7466.45,0.93985,0.94314,1.13451,0.93033,0.82399,0.89887,0.66532,0.89544,0.81679,1.08436,0.0034825,0.0034825,0.0034825
792,7475.52,0.96654,0.98763,1.14004,0.96029,0.8,0.89996,0.66566,0.89421,0.81591,1.08429,0.00347425,0.00347425,0.00347425
793,7486.37,0.95363,0.9584,1.13042,0.95836,0.8,0.9001,0.66521,0.89232,0.81512,1.08349,0.003466,0.003466,0.003466
794,7496.56,0.94568,0.95795,1.13884,0.96158,0.8,0.90045,0.66687,0.89254,0.81503,1.08307,0.00345775,0.00345775,0.00345775
795,7505.81,0.95893,0.9628,1.14056,0.96087,0.8,0.90073,0.66609,0.8944,0.81438,1.08347,0.0034495,0.0034495,0.0034495
796,7514.99,0.95235,0.96625,1.13935,0.96397,0.8,0.90096,0.6675,0.89413,0.81343,1.08341,0.00344125,0.00344125,0.00344125
797,7524.33,0.94281,0.95621,1.14359,0.95929,0.79787,0.89861,0.66702,0.89301,0.81147,1.08353,0.003433,0.003433,0.003433
798,7535.61,0.94894,0.9469,1.13015,0.96011,0.8,0.89956,0.66642,0.89247,0.81014,1.08309,0.00342475,0.00342475,0.00342475
799,7545.28,0.97003,0.96698,1.1431,0.93697,0.82237,0.90117,0.66763,0.8926,0.80941,1.08327,0.0034165,0.0034165,0.0034165
800,7554.42,0.95352,0.96966,1.13673,0.9331,0.82766,0.90143,0.6688,0.89458,0.80944,1.0833,0.00340825,0.00340825,0.00340825
801,7563.64,0.96656,0.99312,1.15185,0.93694,0.82197,0.90115,0.67147,0.89584,0.8096,1.08326,0.0034,0.0034,0.0034
802,7573.92,0.93121,0.92318,1.12239,0.96658,0.79995,0.90117,0.6708,0.89637,0.81024,1.08363,0.00339175,0.00339175,0.00339175
803,7584.99,0.95863,0.96922,1.13194,0.93457,0.8206,0.90341,0.67263,0.89677,0.81054,1.08374,0.0033835,0.0033835,0.0033835
804,7594.31,0.95133,0.97687,1.14111,0.93441,0.81841,0.90336,0.67401,0.89681,0.81012,1.08343,0.00337525,0.00337525,0.00337525
805,7603.62,0.94949,0.95924,1.1315,0.96123,0.80426,0.9025,0.67583,0.89667,0.8109,1.08337,0.003367,0.003367,0.003367
806,7612.92,0.93811,0.94243,1.12473,0.96174,0.80222,0.90273,0.67569,0.89658,0.80896,1.08343,0.00335875,0.00335875,0.00335875
807,7623.39,0.9495,0.96984,1.13737,0.93148,0.8234,0.90344,0.67435,0.89682,0.80676,1.08362,0.0033505,0.0033505,0.0033505
808,7633.76,0.93838,0.95581,1.13126,0.96907,0.79985,0.90394,0.67256,0.89651,0.80702,1.08401,0.00334225,0.00334225,0.00334225
809,7642.89,0.95008,0.93881,1.13674,0.96855,0.80213,0.90334,0.67145,0.89689,0.80733,1.0842,0.003334,0.003334,0.003334
810,7652.08,0.9227,0.91489,1.11967,0.95359,0.80638,0.90434,0.67231,0.89544,0.80651,1.08354,0.00332575,0.00332575,0.00332575
811,7661.66,0.95831,0.97371,1.13529,0.9261,0.8266,0.90431,0.67285,0.89402,0.80526,1.08307,0.0033175,0.0033175,0.0033175
812,7673.05,0.93884,0.94905,1.14201,0.97409,0.79984,0.90364,0.67354,0.89251,0.80452,1.08257,0.00330925,0.00330925,0.00330925
813,7682.3,0.95268,0.95991,1.12934,0.97085,0.8,0.90502,0.67306,0.89094,0.80417,1.08239,0.003301,0.003301,0.003301
814,7691.57,0.92669,0.93914,1.1258,0.9689,0.79554,0.90448,0.67341,0.88982,0.80428,1.08213,0.00329275,0.00329275,0.00329275
815,7700.71,0.92631,0.93361,1.12649,0.92839,0.82755,0.9059,0.67458,0.88839,0.80442,1.0817,0.0032845,0.0032845,0.0032845
816,7710.41,0.94009,0.95958,1.13483,0.96896,0.80213,0.90532,0.6742,0.88754,0.80463,1.08168,0.00327625,0.00327625,0.00327625
817,7721.1,0.93186,0.95164,1.12836,0.96917,0.8027,0.90511,0.67493,0.88737,0.80481,1.0818,0.003268,0.003268,0.003268
818,7730.07,0.9523,0.95603,1.13669,0.96918,0.80291,0.90436,0.67566,0.88686,0.80493,1.08169,0.00325975,0.00325975,0.00325975
819,7739.35,0.94447,0.97281,1.13615,0.9692,0.80331,0.90451,0.67549,0.88613,0.80347,1.08162,0.0032515,0.0032515,0.0032515
820,7748.41,0.94376,0.94974,1.12721,0.96725,0.80426,0.90477,0.67597,0.88581,0.80233,1.0811,0.00324325,0.00324325,0.00324325
821,7759.46,0.93652,0.94212,1.12191,0.92465,0.83548,0.90482,0.67644,0.88521,0.80133,1.08047,0.003235,0.003235,0.003235
822,7770.22,0.92051,0.92261,1.11482,0.9252,0.83404,0.90519,0.67589,0.88489,0.80109,1.08071,0.00322675,0.00322675,0.00322675
823,7779.27,0.91852,0.94228,1.12039,0.92127,0.83404,0.90509,0.67649,0.88469,0.80038,1.08066,0.0032185,0.0032185,0.0032185
824,7788.7,0.90408,0.91974,1.11642,0.9202,0.83191,0.90447,0.67708,0.88395,0.79809,1.07951,0.00321025,0.00321025,0.00321025
825,7798.48,0.96077,0.97887,1.14072,0.92287,0.82979,0.90442,0.67868,0.88422,0.79591,1.07915,0.003202,0.003202,0.003202
826,7810.05,0.94024,0.93936,1.12931,0.9242,0.83015,0.90557,0.67883,0.88321,0.79443,1.07834,0.00319375,0.00319375,0.00319375
827,7819.47,0.91785,0.91061,1.11933,0.9283,0.82637,0.9052,0.67738,0.88262,0.79394,1.07822,0.0031855,0.0031855,0.0031855
828,7828.56,0.93791,0.93767,1.13284,0.93149,0.82553,0.90567,0.67933,0.88107,0.79257,1.07785,0.00317725,0.00317725,0.00317725
829,7837.86,0.9273,0.94076,1.11703,0.92815,0.82456,0.90471,0.6792,0.8797,0.79176,1.07673,0.003169,0.003169,0.003169
830,7848.54,0.91313,0.92643,1.12168,0.92447,0.82979,0.90528,0.67838,0.87913,0.79021,1.07665,0.00316075,0.00316075,0.00316075
831,7858.66,0.92603,0.92404,1.12074,0.93264,0.82489,0.90585,0.67941,0.87745,0.78812,1.07644,0.0031525,0.0031525,0.0031525
832,7868.24,0.9348,0.93508,1.11981,0.92728,0.82979,0.90522,0.68003,0.87625,0.78532,1.0756,0.00314425,0.00314425,0.00314425
833,7877.61,0.9301,0.93118,1.12088,0.92585,0.82766,0.90553,0.6812,0.87515,0.78323,1.07524,0.003136,0.003136,0.003136
834,7887.47,0.93239,0.91919,1.12741,0.92625,0.82832,0.90559,0.68135,0.87503,0.78168,1.07532,0.00312775,0.00312775,0.00312775
835,7898.89,0.91833,0.92029,1.12364,0.92825,0.82979,0.90463,0.68118,0.87476,0.78046,1.07495,0.0031195,0.0031195,0.0031195
836,7908.11,0.89264,0.88964,1.10196,0.93013,0.82979,0.90576,0.68188,0.87311,0.77982,1.07419,0.00311125,0.00311125,0.00311125
837,7917.36,0.91487,0.89461,1.10738,0.93515,0.82842,0.90643,0.68153,0.87226,0.7802,1.07352,0.003103,0.003103,0.003103
838,7926.44,0.94422,0.92447,1.11739,0.93257,0.82391,0.90597,0.68042,0.87213,0.77884,1.07222,0.00309475,0.00309475,0.00309475
839,7936.58,0.9137,0.91844,1.11285,0.93288,0.82801,0.90702,0.68094,0.8712,0.77847,1.07153,0.0030865,0.0030865,0.0030865
840,7946.93,0.91311,0.92146,1.12307,0.93473,0.8227,0.90737,0.68087,0.87038,0.7783,1.07093,0.00307825,0.00307825,0.00307825
841,7955.98,0.91293,0.92337,1.12079,0.93695,0.82205,0.90767,0.68094,0.87004,0.778,1.07049,0.00307,0.00307,0.00307
842,7965.06,0.9083,0.92575,1.11992,0.93879,0.82128,0.90812,0.68237,0.86975,0.77732,1.06983,0.00306175,0.00306175,0.00306175
843,7974.38,0.92426,0.93446,1.11104,0.93712,0.82442,0.90701,0.68338,0.86966,0.77582,1.0696,0.0030535,0.0030535,0.0030535
844,7984.98,0.93364,0.92449,1.12102,0.93638,0.82979,0.90743,0.68368,0.87056,0.77563,1.06973,0.00304525,0.00304525,0.00304525
845,7995.62,0.90737,0.90937,1.10598,0.93754,0.8304,0.9074,0.68425,0.87072,0.77571,1.06914,0.003037,0.003037,0.003037
846,8005.18,0.89267,0.90165,1.11308,0.94154,0.82128,0.90747,0.68365,0.87045,0.77543,1.0687,0.00302875,0.00302875,0.00302875
847,8014.59,0.91236,0.90754,1.11253,0.94238,0.82128,0.9074,0.68462,0.87014,0.77431,1.06817,0.0030205,0.0030205,0.0030205
848,8024.65,0.89956,0.90773,1.11414,0.94158,0.82302,0.90632,0.68489,0.86992,0.77457,1.06744,0.00301225,0.00301225,0.00301225
849,8035.99,0.90962,0.90735,1.09857,0.93923,0.82209,0.90643,0.68548,0.86877,0.77402,1.06648,0.003004,0.003004,0.003004
850,8045.61,0.9135,0.9008,1.10797,0.9373,0.82697,0.90637,0.68654,0.86786,0.7741,1.06561,0.00299575,0.00299575,0.00299575
851,8055.02,0.92804,0.91287,1.12131,0.93942,0.82486,0.90616,0.68666,0.86665,0.77394,1.06536,0.0029875,0.0029875,0.0029875
852,8064.29,0.92369,0.89981,1.10519,0.93698,0.82246,0.90557,0.68676,0.86525,0.77389,1.06447,0.00297925,0.00297925,0.00297925
853,8075.28,0.90504,0.90153,1.11789,0.9415,0.8218,0.90524,0.687,0.86345,0.77203,1.06298,0.002971,0.002971,0.002971
854,8085.86,0.90487,0.88474,1.10441,0.93921,0.82182,0.90499,0.6868,0.86192,0.77137,1.06281,0.00296275,0.00296275,0.00296275
855,8095.02,0.88845,0.89569,1.11221,0.94143,0.82084,0.90531,0.68658,0.86031,0.7705,1.06221,0.0029545,0.0029545,0.0029545
856,8104.24,0.89182,0.90728,1.10428,0.93914,0.82084,0.90551,0.68779,0.85898,0.76995,1.06146,0.00294625,0.00294625,0.00294625
857,8114,0.91985,0.91638,1.10952,0.93912,0.82052,0.90574,0.69033,0.85883,0.76926,1.06075,0.002938,0.002938,0.002938
858,8125.32,0.89292,0.88992,1.10889,0.9391,0.82016,0.90591,0.68808,0.85868,0.77005,1.06116,0.00292975,0.00292975,0.00292975
859,8134.36,0.89615,0.89309,1.10299,0.9391,0.82028,0.90583,0.69028,0.85807,0.77014,1.06065,0.0029215,0.0029215,0.0029215
860,8143.45,0.90409,0.908,1.10654,0.93909,0.82004,0.90685,0.69127,0.85739,0.76902,1.06017,0.00291325,0.00291325,0.00291325
861,8152.68,0.89359,0.87905,1.10274,0.94115,0.81915,0.90883,0.69075,0.85696,0.76862,1.05998,0.002905,0.002905,0.002905
862,8163.11,0.93075,0.91633,1.10982,0.95313,0.81277,0.90904,0.6892,0.85676,0.76814,1.05942,0.00289675,0.00289675,0.00289675
863,8173.81,0.88187,0.89251,1.10364,0.96158,0.81064,0.90931,0.68987,0.85692,0.76756,1.05916,0.0028885,0.0028885,0.0028885
864,8184.92,0.90921,0.91155,1.10635,0.96213,0.81091,0.90945,0.69117,0.85539,0.7673,1.05878,0.00288025,0.00288025,0.00288025
865,8194.57,0.90835,0.91776,1.11745,0.96119,0.81277,0.90948,0.69131,0.85418,0.76694,1.05832,0.002872,0.002872,0.002872
866,8203.85,0.91113,0.91381,1.10751,0.9621,0.81011,0.90943,0.69058,0.85374,0.76707,1.05786,0.00286375,0.00286375,0.00286375
867,8212.9,0.88612,0.88019,1.10109,0.96221,0.81254,0.91128,0.68974,0.85263,0.76716,1.05723,0.0028555,0.0028555,0.0028555
868,8223.2,0.88713,0.8898,1.10182,0.95985,0.8139,0.91174,0.68941,0.85172,0.76645,1.05687,0.00284725,0.00284725,0.00284725
869,8233.83,0.88689,0.88194,1.107,0.95983,0.81345,0.91207,0.69018,0.85179,0.76532,1.05655,0.002839,0.002839,0.002839
870,8243.26,0.89591,0.9011,1.10856,0.95983,0.81342,0.91234,0.69108,0.85068,0.76339,1.05617,0.00283075,0.00283075,0.00283075
871,8252.84,0.9019,0.89438,1.10485,0.95023,0.81702,0.91257,0.69181,0.8492,0.76116,1.05569,0.0028225,0.0028225,0.0028225
872,8262.42,0.90111,0.90198,1.10617,0.94651,0.82128,0.91234,0.69186,0.84861,0.75952,1.0554,0.00281425,0.00281425,0.00281425
873,8273.58,0.90491,0.89662,1.1112,0.94686,0.82128,0.91021,0.69048,0.84856,0.75977,1.05484,0.002806,0.002806,0.002806
874,8283.42,0.90923,0.89593,1.11006,0.94815,0.82128,0.91023,0.69142,0.84845,0.75998,1.05476,0.00279775,0.00279775,0.00279775
875,8292.48,0.88883,0.88672,1.10739,0.94606,0.82128,0.9102,0.69232,0.84747,0.76049,1.05445,0.0027895,0.0027895,0.0027895
876,8302.08,0.90073,0.91015,1.10382,0.94598,0.81963,0.91047,0.69269,0.84647,0.75993,1.05394,0.00278125,0.00278125,0.00278125
877,8312.69,0.9126,0.89855,1.107,0.9459,0.81915,0.91187,0.6925,0.84509,0.75983,1.05317,0.002773,0.002773,0.002773
878,8323.45,0.90513,0.90738,1.10681,0.9459,0.81835,0.91224,0.69475,0.84455,0.7589,1.05333,0.00276475,0.00276475,0.00276475
879,8332.72,0.89104,0.89367,1.1068,0.94586,0.81772,0.91205,0.6955,0.844,0.75909,1.05314,0.0027565,0.0027565,0.0027565
880,8342.01,0.90649,0.89402,1.09918,0.94586,0.81783,0.91212,0.69539,0.84195,0.75797,1.05244,0.00274825,0.00274825,0.00274825
881,8351.11,0.89883,0.91233,1.10325,0.93255,0.83404,0.91261,0.69553,0.84135,0.75734,1.05237,0.00274,0.00274,0.00274
882,8361.66,0.89418,0.89635,1.10785,0.93504,0.83404,0.91297,0.69541,0.84105,0.75749,1.05242,0.00273175,0.00273175,0.00273175
883,8372.09,0.884,0.88688,1.10184,0.93789,0.83539,0.91328,0.69564,0.83994,0.75759,1.05207,0.0027235,0.0027235,0.0027235
884,8381.7,0.89779,0.88964,1.10004,0.95106,0.82688,0.91377,0.69674,0.83951,0.75681,1.0517,0.00271525,0.00271525,0.00271525
885,8391.37,0.8966,0.90154,1.10001,0.95117,0.82897,0.91371,0.69554,0.83884,0.7562,1.05133,0.002707,0.002707,0.002707
886,8400.64,0.88299,0.87456,1.09596,0.95019,0.83191,0.91376,0.69704,0.83892,0.75577,1.05108,0.00269875,0.00269875,0.00269875
887,8412.26,0.88214,0.86967,1.09356,0.94915,0.83398,0.91336,0.69779,0.839,0.75554,1.0508,0.0026905,0.0026905,0.0026905
888,8421.66,0.90189,0.88894,1.0941,0.94862,0.83617,0.91544,0.69717,0.83837,0.75523,1.05062,0.00268225,0.00268225,0.00268225
889,8430.89,0.89184,0.88614,1.10004,0.94936,0.83617,0.91463,0.6984,0.83867,0.75509,1.05057,0.002674,0.002674,0.002674
890,8440.41,0.89899,0.87661,1.0958,0.94827,0.83404,0.91342,0.69808,0.83812,0.75466,1.05045,0.00266575,0.00266575,0.00266575
891,8451.35,0.88595,0.87348,1.09813,0.95097,0.83617,0.91474,0.69825,0.83821,0.75371,1.05006,0.0026575,0.0026575,0.0026575
892,8461.49,0.8785,0.86479,1.09367,0.95096,0.83617,0.91457,0.69689,0.83798,0.75298,1.04957,0.00264925,0.00264925,0.00264925
893,8470.53,0.90607,0.88069,1.10484,0.9517,0.83617,0.91515,0.69633,0.8383,0.75267,1.04938,0.002641,0.002641,0.002641
894,8479.7,0.87746,0.88895,1.10395,0.95099,0.83617,0.91548,0.69656,0.8383,0.75259,1.04943,0.00263275,0.00263275,0.00263275
895,8488.97,0.88983,0.87579,1.09126,0.95213,0.83617,0.91562,0.69719,0.83863,0.75215,1.04947,0.0026245,0.0026245,0.0026245
896,8499.24,0.89699,0.88685,1.10241,0.95179,0.83617,0.9157,0.6955,0.83909,0.75217,1.04949,0.00261625,0.00261625,0.00261625
897,8509.01,0.86629,0.86029,1.09475,0.95188,0.83617,0.91571,0.69628,0.83926,0.75212,1.04963,0.002608,0.002608,0.002608
898,8518.02,0.87811,0.866,1.09021,0.95328,0.83617,0.91518,0.69587,0.83917,0.75238,1.0495,0.00259975,0.00259975,0.00259975
899,8526.99,0.86411,0.85354,1.0965,0.95155,0.83617,0.91548,0.69619,0.8394,0.75185,1.04951,0.0025915,0.0025915,0.0025915
900,8536.31,0.86261,0.84844,1.07811,0.95365,0.83169,0.91547,0.69627,0.83868,0.75142,1.04929,0.00258325,0.00258325,0.00258325
901,8547.88,0.86819,0.84675,1.08821,0.95571,0.83191,0.91582,0.69585,0.83801,0.75098,1.04917,0.002575,0.002575,0.002575
902,8557.15,0.8949,0.87309,1.09839,0.95599,0.83189,0.91621,0.69588,0.83757,0.75082,1.04907,0.00256675,0.00256675,0.00256675
903,8566.35,0.88535,0.88027,1.09488,0.95594,0.83087,0.91633,0.69653,0.837,0.75095,1.04905,0.0025585,0.0025585,0.0025585
904,8575.61,0.89731,0.88832,1.09903,0.954,0.82979,0.91641,0.69843,0.83691,0.7505,1.04887,0.00255025,0.00255025,0.00255025
905,8586.62,0.87272,0.86389,1.09644,0.95359,0.83066,0.91648,0.69831,0.83679,0.74975,1.0488,0.002542,0.002542,0.002542
906,8596.88,0.88399,0.86606,1.09056,0.95359,0.83056,0.91649,0.69938,0.8362,0.74944,1.04855,0.00253375,0.00253375,0.00253375
907,8606.38,0.88358,0.87997,1.09684,0.95358,0.8304,0.91677,0.69922,0.83568,0.7489,1.04799,0.0025255,0.0025255,0.0025255
908,8615.67,0.8967,0.88144,1.10001,0.95542,0.82979,0.91675,0.69949,0.83492,0.74918,1.04774,0.00251725,0.00251725,0.00251725
909,8625.9,0.86117,0.85842,1.09198,0.95636,0.82766,0.9158,0.69988,0.83453,0.74888,1.04763,0.002509,0.002509,0.002509
910,8637.5,0.86059,0.84299,1.08073,0.95818,0.8288,0.91569,0.7011,0.83415,0.74871,1.04755,0.00250075,0.00250075,0.00250075
911,8646.82,0.87385,0.85004,1.0915,0.95819,0.82901,0.91596,0.70087,0.83441,0.74813,1.04739,0.0024925,0.0024925,0.0024925
912,8656.06,0.85082,0.84139,1.07879,0.95823,0.82973,0.91598,0.70162,0.83371,0.74712,1.04711,0.00248425,0.00248425,0.00248425
913,8665.39,0.85666,0.85442,1.08305,0.96033,0.82979,0.91623,0.70256,0.83353,0.74672,1.04723,0.002476,0.002476,0.002476
914,8675.86,0.86371,0.86041,1.08598,0.95811,0.82979,0.91648,0.7027,0.83305,0.74643,1.04734,0.00246775,0.00246775,0.00246775
915,8686.5,0.87027,0.8481,1.08793,0.95703,0.82979,0.9165,0.70396,0.83338,0.74648,1.04754,0.0024595,0.0024595,0.0024595
916,8695.87,0.86223,0.8566,1.08824,0.9591,0.82979,0.9167,0.70376,0.83374,0.74601,1.04749,0.00245125,0.00245125,0.00245125
917,8705.07,0.86866,0.8439,1.0892,0.9565,0.82979,0.91761,0.70355,0.83351,0.74576,1.04733,0.002443,0.002443,0.002443
918,8714.95,0.85874,0.85288,1.08918,0.95591,0.83029,0.91798,0.70421,0.83308,0.74477,1.04736,0.00243475,0.00243475,0.00243475
919,8726.21,0.86368,0.85854,1.07868,0.95839,0.83309,0.91881,0.7048,0.83205,0.74466,1.04709,0.0024265,0.0024265,0.0024265
920,8735.67,0.85559,0.84299,1.08113,0.95844,0.83422,0.91881,0.70443,0.83178,0.74425,1.0468,0.00241825,0.00241825,0.00241825
921,8744.96,0.87566,0.85875,1.09009,0.95846,0.83465,0.91925,0.7048,0.83159,0.74367,1.04703,0.00241,0.00241,0.00241
922,8754.46,0.85923,0.85439,1.0839,0.95613,0.83459,0.92054,0.70548,0.83095,0.74341,1.04665,0.00240175,0.00240175,0.00240175
923,8765.73,0.85119,0.8477,1.08248,0.95611,0.83434,0.92094,0.70618,0.83019,0.74267,1.04639,0.0023935,0.0023935,0.0023935
924,8776.06,0.88449,0.88089,1.09494,0.95608,0.8336,0.92119,0.70583,0.83043,0.74208,1.04603,0.00238525,0.00238525,0.00238525
925,8785.25,0.8558,0.85615,1.0872,0.95607,0.83352,0.92124,0.70584,0.8305,0.74207,1.04598,0.002377,0.002377,0.002377
926,8794.44,0.85484,0.83956,1.08829,0.95607,0.83342,0.92126,0.70628,0.83047,0.74165,1.04586,0.00236875,0.00236875,0.00236875
927,8804.46,0.85601,0.86076,1.0852,0.95604,0.83284,0.92094,0.70558,0.8308,0.74179,1.04575,0.0023605,0.0023605,0.0023605
928,8815.39,0.83962,0.8376,1.0808,0.95607,0.83359,0.92084,0.70611,0.83094,0.74177,1.04558,0.00235225,0.00235225,0.00235225
929,8824.53,0.8634,0.85321,1.07985,0.95608,0.8337,0.92074,0.70662,0.83078,0.7412,1.04502,0.002344,0.002344,0.002344
930,8833.96,0.88363,0.86738,1.08868,0.9561,0.83411,0.92078,0.70667,0.83084,0.74075,1.04462,0.00233575,0.00233575,0.00233575
931,8843.53,0.87325,0.86095,1.09215,0.95613,0.83465,0.92072,0.70699,0.83037,0.74052,1.04443,0.0023275,0.0023275,0.0023275
932,8854.96,0.84556,0.84288,1.08248,0.95615,0.83505,0.92097,0.70587,0.82974,0.74015,1.04468,0.00231925,0.00231925,0.00231925
933,8864.62,0.88331,0.86469,1.09244,0.95616,0.8352,0.92213,0.70585,0.82944,0.73982,1.04449,0.002311,0.002311,0.002311
934,8873.48,0.81213,0.82416,1.0695,0.95619,0.83579,0.92255,0.70701,0.82896,0.73972,1.04419,0.00230275,0.00230275,0.00230275
935,8882.63,0.85022,0.8406,1.07434,0.95594,0.83617,0.92269,0.7058,0.82886,0.73959,1.0443,0.0022945,0.0022945,0.0022945
936,8891.58,0.87423,0.86376,1.07413,0.9562,0.83605,0.92275,0.70712,0.82839,0.73919,1.04412,0.00228625,0.00228625,0.00228625
937,8902.88,0.86836,0.85286,1.08554,0.95447,0.83617,0.92261,0.7067,0.82798,0.73906,1.0437,0.002278,0.002278,0.002278
938,8912.33,0.85202,0.85658,1.07622,0.95382,0.83617,0.92271,0.70609,0.82786,0.73875,1.04354,0.00226975,0.00226975,0.00226975
939,8921.42,0.83785,0.83257,1.07919,0.95345,0.83617,0.92286,0.70628,0.82726,0.73849,1.04338,0.0022615,0.0022615,0.0022615
940,8930.65,0.84651,0.84445,1.07912,0.95338,0.83617,0.92272,0.70548,0.82691,0.73776,1.04299,0.00225325,0.00225325,0.00225325
941,8940.65,0.88152,0.86222,1.08716,0.95344,0.83617,0.92283,0.70583,0.82628,0.73732,1.04285,0.002245,0.002245,0.002245
942,8951.26,0.85932,0.8491,1.08232,0.95346,0.83617,0.92326,0.70622,0.82524,0.73654,1.04258,0.00223675,0.00223675,0.00223675
943,8960.23,0.85637,0.85093,1.08006,0.95448,0.83617,0.92344,0.7064,0.82531,0.73575,1.04247,0.0022285,0.0022285,0.0022285
944,8969.43,0.85296,0.84357,1.08267,0.95454,0.83617,0.92348,0.70706,0.82519,0.73513,1.0425,0.00222025,0.00222025,0.00222025
945,8978.94,0.84884,0.84781,1.08185,0.95533,0.83617,0.92339,0.70643,0.82463,0.73507,1.04239,0.002212,0.002212,0.002212
946,8989.83,0.86099,0.84423,1.08304,0.95552,0.83617,0.92345,0.70699,0.82422,0.735,1.0425,0.00220375,0.00220375,0.00220375
947,8999.86,0.8659,0.84274,1.07848,0.9562,0.83602,0.92345,0.70697,0.82388,0.73478,1.04251,0.0021955,0.0021955,0.0021955
948,9009.16,0.85272,0.84072,1.08847,0.95532,0.83617,0.92353,0.70584,0.82378,0.73483,1.04244,0.00218725,0.00218725,0.00218725
949,9018.4,0.86562,0.84447,1.08277,0.95482,0.83617,0.92358,0.70552,0.82361,0.73453,1.04228,0.002179,0.002179,0.002179
950,9027.95,0.82628,0.83101,1.07508,0.952,0.83617,0.92381,0.70547,0.82337,0.73423,1.04233,0.00217075,0.00217075,0.00217075
951,9039.32,0.83715,0.8294,1.08234,0.95198,0.83617,0.92407,0.70515,0.82306,0.73394,1.04216,0.0021625,0.0021625,0.0021625
952,9048.61,0.85108,0.82575,1.07868,0.95323,0.83617,0.92469,0.70584,0.82274,0.73414,1.04176,0.00215425,0.00215425,0.00215425
953,9057.82,0.87983,0.86328,1.09018,0.95321,0.83617,0.92461,0.70643,0.82273,0.73338,1.04192,0.002146,0.002146,0.002146
954,9067.08,0.84552,0.83476,1.07458,0.95345,0.83617,0.92476,0.70679,0.82287,0.73267,1.04168,0.00213775,0.00213775,0.00213775
955,9077.66,0.82569,0.81958,1.06889,0.95353,0.83617,0.92485,0.708,0.82234,0.73316,1.04153,0.0021295,0.0021295,0.0021295
956,9088.13,0.82035,0.82512,1.06785,0.95383,0.83617,0.92503,0.70705,0.82218,0.73331,1.04134,0.00212125,0.00212125,0.00212125
957,9097.12,0.83859,0.83681,1.0783,0.95423,0.83617,0.92515,0.70689,0.82203,0.73321,1.04107,0.002113,0.002113,0.002113
958,9105.98,0.83314,0.83009,1.07142,0.95437,0.83617,0.92519,0.70698,0.82138,0.73309,1.04078,0.00210475,0.00210475,0.00210475
959,9115.05,0.83688,0.82122,1.06618,0.95427,0.83617,0.92538,0.7063,0.82119,0.73234,1.04045,0.0020965,0.0020965,0.0020965
960,9127.25,0.83165,0.83186,1.07755,0.95418,0.83617,0.92531,0.70702,0.82094,0.73227,1.04023,0.00208825,0.00208825,0.00208825
961,9136.35,0.83544,0.80991,1.06819,0.95415,0.83617,0.92582,0.70746,0.82071,0.73161,1.04011,0.00208,0.00208,0.00208
962,9145.62,0.82682,0.80715,1.07493,0.95455,0.83617,0.9259,0.70772,0.82047,0.73128,1.03995,0.00207175,0.00207175,0.00207175
963,9154.91,0.82882,0.82213,1.06273,0.95464,0.83617,0.92608,0.70783,0.82029,0.73099,1.03994,0.0020635,0.0020635,0.0020635
964,9165.53,0.86141,0.81985,1.0813,0.95488,0.83617,0.92624,0.70754,0.82027,0.73101,1.03989,0.00205525,0.00205525,0.00205525
965,9176.08,0.85192,0.84501,1.07906,0.95626,0.83724,0.92609,0.70798,0.82016,0.7312,1.03964,0.002047,0.002047,0.002047
966,9185.79,0.84698,0.8399,1.07381,0.95626,0.83734,0.92608,0.70779,0.82008,0.73092,1.03962,0.00203875,0.00203875,0.00203875
967,9194.99,0.82468,0.81192,1.07304,0.95626,0.83726,0.92613,0.7074,0.82011,0.73083,1.03959,0.0020305,0.0020305,0.0020305
968,9204.38,0.82585,0.82347,1.06361,0.95626,0.83733,0.92611,0.70748,0.8199,0.73081,1.0395,0.00202225,0.00202225,0.00202225
969,9215.93,0.85092,0.8421,1.07857,0.95628,0.83773,0.92605,0.70843,0.81988,0.73067,1.03934,0.002014,0.002014,0.002014
970,9225.25,0.83542,0.81563,1.07172,0.95631,0.83824,0.9263,0.70833,0.82018,0.73066,1.03927,0.00200575,0.00200575,0.00200575
971,9234.28,0.8407,0.81823,1.07103,0.9519,0.84211,0.92645,0.7085,0.82031,0.73068,1.03925,0.0019975,0.0019975,0.0019975
972,9243.64,0.8555,0.83417,1.07408,0.95197,0.84342,0.92662,0.70878,0.82067,0.73107,1.03929,0.00198925,0.00198925,0.00198925
973,9253.83,0.82845,0.83889,1.07241,0.95198,0.84351,0.92669,0.70874,0.82105,0.73158,1.03894,0.001981,0.001981,0.001981
974,9264.4,0.85527,0.82962,1.08037,0.95195,0.84314,0.92662,0.70891,0.82093,0.73162,1.03889,0.00197275,0.00197275,0.00197275
975,9273.73,0.83855,0.82538,1.06594,0.95194,0.84294,0.92654,0.70898,0.82044,0.73166,1.0388,0.0019645,0.0019645,0.0019645
976,9283.15,0.8483,0.82302,1.06749,0.95198,0.84366,0.92669,0.70891,0.82006,0.73127,1.0388,0.00195625,0.00195625,0.00195625
977,9292.28,0.82019,0.80182,1.06538,0.95418,0.84177,0.92675,0.70947,0.82037,0.73125,1.03883,0.001948,0.001948,0.001948
978,9302.87,0.83428,0.82328,1.06813,0.95417,0.84161,0.92651,0.7095,0.82038,0.73078,1.03866,0.00193975,0.00193975,0.00193975
979,9313.2,0.81726,0.8115,1.05763,0.95413,0.84089,0.92639,0.70932,0.8203,0.73047,1.03849,0.0019315,0.0019315,0.0019315
980,9322.41,0.83333,0.81934,1.06317,0.95407,0.83979,0.92643,0.70964,0.81935,0.7305,1.03824,0.00192325,0.00192325,0.00192325
981,9331.72,0.81264,0.80738,1.06267,0.95439,0.8383,0.92647,0.70967,0.81923,0.73017,1.03815,0.001915,0.001915,0.001915
982,9341.26,0.82092,0.80227,1.05716,0.95172,0.84468,0.92654,0.7095,0.81902,0.72949,1.03839,0.00190675,0.00190675,0.00190675
983,9352.47,0.82694,0.81353,1.06882,0.95636,0.83926,0.92652,0.70941,0.81914,0.72929,1.03837,0.0018985,0.0018985,0.0018985
984,9361.54,0.84396,0.81436,1.07598,0.95636,0.83933,0.92669,0.70997,0.81902,0.72882,1.03815,0.00189025,0.00189025,0.00189025
985,9370.88,0.82395,0.82762,1.07169,0.95637,0.83943,0.92671,0.70976,0.81889,0.72809,1.03831,0.001882,0.001882,0.001882
986,9379.93,0.81777,0.80427,1.06181,0.95638,0.83969,0.92632,0.7101,0.81882,0.72742,1.0381,0.00187375,0.00187375,0.00187375
987,9390.85,0.83452,0.8099,1.06741,0.95639,0.83993,0.92619,0.71002,0.81893,0.72724,1.03793,0.0018655,0.0018655,0.0018655
988,9401.31,0.82655,0.80742,1.06238,0.95653,0.84269,0.92633,0.70881,0.8185,0.72709,1.03758,0.00185725,0.00185725,0.00185725
989,9410.35,0.84033,0.81777,1.07004,0.95654,0.84302,0.9264,0.70929,0.81827,0.72686,1.03727,0.001849,0.001849,0.001849
990,9419.51,0.81396,0.80876,1.05657,0.95598,0.84255,0.92653,0.70922,0.81786,0.72664,1.0371,0.00184075,0.00184075,0.00184075
991,9429.1,0.81132,0.79105,1.0615,0.95422,0.84255,0.92654,0.70993,0.81736,0.72627,1.03699,0.0018325,0.0018325,0.0018325
992,9440.58,0.83017,0.82137,1.06689,0.95423,0.84255,0.92661,0.70992,0.81715,0.72559,1.03727,0.00182425,0.00182425,0.00182425
993,9450.17,0.82618,0.80775,1.05686,0.9544,0.84255,0.92675,0.71021,0.81677,0.72528,1.03699,0.001816,0.001816,0.001816
994,9459.52,0.80289,0.81499,1.06169,0.95426,0.84255,0.92671,0.70921,0.81654,0.72476,1.03641,0.00180775,0.00180775,0.00180775
995,9468.73,0.83819,0.81089,1.06515,0.95365,0.84255,0.9267,0.7099,0.81648,0.72449,1.03632,0.0017995,0.0017995,0.0017995
996,9477.85,0.82596,0.80418,1.06173,0.95499,0.84043,0.92671,0.71141,0.81635,0.72435,1.03626,0.00179125,0.00179125,0.00179125
997,9489.04,0.79683,0.78185,1.04994,0.95647,0.84155,0.92738,0.71013,0.81625,0.72404,1.03612,0.001783,0.001783,0.001783
998,9500.18,0.79029,0.79434,1.05836,0.95879,0.84158,0.9274,0.71029,0.8162,0.72387,1.03595,0.00177475,0.00177475,0.00177475
999,9510.35,0.82904,0.81284,1.06171,0.9588,0.84182,0.92751,0.71058,0.81603,0.72351,1.03586,0.0017665,0.0017665,0.0017665
1000,9519.43,0.81644,0.81073,1.05153,0.95883,0.84255,0.92757,0.70985,0.81628,0.72351,1.03581,0.00175825,0.00175825,0.00175825
1001,9528.48,0.80427,0.78577,1.04859,0.95823,0.84255,0.92765,0.70995,0.81616,0.72356,1.03568,0.00175,0.00175,0.00175
1002,9537.51,0.81367,0.79761,1.05709,0.96002,0.84255,0.9277,0.70978,0.81619,0.72312,1.03547,0.00174175,0.00174175,0.00174175
1003,9547.54,0.83564,0.82753,1.0667,0.95917,0.84255,0.92765,0.7101,0.81616,0.72293,1.03532,0.0017335,0.0017335,0.0017335
1004,9558.07,0.81545,0.7865,1.06208,0.96115,0.84224,0.92771,0.71102,0.81581,0.72238,1.03526,0.00172525,0.00172525,0.00172525
1005,9567.11,0.83614,0.81347,1.06507,0.96046,0.84255,0.92765,0.71001,0.81575,0.72223,1.03512,0.001717,0.001717,0.001717
1006,9576.17,0.827,0.79834,1.05221,0.95959,0.84255,0.92753,0.71039,0.81555,0.72222,1.03511,0.00170875,0.00170875,0.00170875
1007,9585.27,0.79785,0.78623,1.04274,0.95942,0.84255,0.92771,0.71051,0.81535,0.72191,1.03506,0.0017005,0.0017005,0.0017005
1008,9596.54,0.81446,0.80618,1.06526,0.95925,0.84255,0.92775,0.71081,0.81511,0.72176,1.03498,0.00169225,0.00169225,0.00169225
1009,9606.09,0.81636,0.7995,1.05716,0.95987,0.84255,0.92773,0.71105,0.81499,0.7219,1.03486,0.001684,0.001684,0.001684
1010,9615.24,0.82069,0.80068,1.05501,0.9596,0.84255,0.92787,0.71103,0.81508,0.72204,1.03467,0.00167575,0.00167575,0.00167575
1011,9624.31,0.80363,0.79987,1.04535,0.95987,0.84255,0.92774,0.7108,0.81502,0.72169,1.0346,0.0016675,0.0016675,0.0016675
1012,9633.97,0.78962,0.7717,1.05052,0.96123,0.84393,0.92773,0.71064,0.8148,0.72151,1.03437,0.00165925,0.00165925,0.00165925
1013,9644.69,0.78914,0.79532,1.05036,0.96116,0.84237,0.92772,0.71073,0.81484,0.72145,1.03416,0.001651,0.001651,0.001651
1014,9653.71,0.82478,0.81355,1.06207,0.95452,0.84468,0.9279,0.71088,0.81482,0.72095,1.03397,0.00164275,0.00164275,0.00164275
1015,9662.72,0.80555,0.79692,1.0571,0.95437,0.84555,0.92789,0.71099,0.81446,0.72091,1.03378,0.0016345,0.0016345,0.0016345
1016,9671.76,0.82384,0.81085,1.05483,0.95278,0.84468,0.92785,0.71128,0.8145,0.72079,1.03372,0.00162625,0.00162625,0.00162625
1017,9682.23,0.79866,0.78838,1.05259,0.95318,0.84468,0.92785,0.71105,0.81432,0.72068,1.03351,0.001618,0.001618,0.001618
1018,9692.36,0.81407,0.80857,1.06278,0.95429,0.84468,0.92784,0.7111,0.81425,0.72064,1.03332,0.00160975,0.00160975,0.00160975
1019,9701.54,0.8324,0.81422,1.0686,0.95891,0.84402,0.92726,0.71154,0.81436,0.72033,1.03327,0.0016015,0.0016015,0.0016015
1020,9710.85,0.8221,0.80208,1.05935,0.95892,0.84426,0.92733,0.71115,0.81425,0.72023,1.03314,0.00159325,0.00159325,0.00159325
1021,9719.91,0.77362,0.76951,1.04378,0.95892,0.8443,0.92741,0.71149,0.81433,0.72019,1.03307,0.001585,0.001585,0.001585
1022,9730.31,0.83179,0.81257,1.06237,0.95893,0.84445,0.92729,0.71106,0.8145,0.71998,1.03289,0.00157675,0.00157675,0.00157675
1023,9740.43,0.79395,0.78068,1.04721,0.95893,0.84453,0.92735,0.71084,0.8146,0.71963,1.03283,0.0015685,0.0015685,0.0015685
1024,9749.48,0.81098,0.79087,1.05625,0.95893,0.84446,0.92734,0.7112,0.81494,0.71918,1.03274,0.00156025,0.00156025,0.00156025
1025,9758.53,0.80607,0.79034,1.0511,0.95656,0.84255,0.92725,0.71153,0.81467,0.7191,1.03246,0.001552,0.001552,0.001552
1026,9768.61,0.77929,0.77202,1.0465,0.95679,0.84255,0.92729,0.71118,0.81495,0.71876,1.03276,0.00154375,0.00154375,0.00154375
1027,9779.54,0.81158,0.7939,1.0505,0.95893,0.84462,0.92737,0.7115,0.81474,0.71858,1.03248,0.0015355,0.0015355,0.0015355
1028,9788.71,0.80076,0.78242,1.05428,0.95893,0.84454,0.92727,0.71146,0.81471,0.7183,1.03238,0.00152725,0.00152725,0.00152725
1029,9797.76,0.79908,0.79397,1.04842,0.9586,0.84468,0.92738,0.71177,0.81484,0.71837,1.03231,0.001519,0.001519,0.001519
1030,9807.1,0.78823,0.77124,1.04922,0.95882,0.84468,0.92735,0.71254,0.81493,0.71835,1.03228,0.00151075,0.00151075,0.00151075
1031,9817.9,0.77217,0.75815,1.03054,0.95851,0.84468,0.92746,0.71212,0.81504,0.71819,1.03226,0.0015025,0.0015025,0.0015025
1032,9827.88,0.80382,0.79212,1.05833,0.95844,0.84468,0.92749,0.71182,0.8154,0.71828,1.0322,0.00149425,0.00149425,0.00149425
1033,9836.94,0.80838,0.80501,1.05234,0.9579,0.84468,0.92746,0.71171,0.81522,0.71803,1.03214,0.001486,0.001486,0.001486
1034,9845.99,0.79715,0.81152,1.06119,0.95788,0.84468,0.9276,0.71194,0.8148,0.71788,1.0318,0.00147775,0.00147775,0.00147775
1035,9855.04,0.7836,0.7774,1.04647,0.95807,0.84468,0.92759,0.71213,0.81463,0.71785,1.03156,0.0014695,0.0014695,0.0014695
1036,9866.06,0.78383,0.77622,1.04497,0.9579,0.84468,0.92773,0.71223,0.81438,0.7177,1.03156,0.00146125,0.00146125,0.00146125
1037,9876.15,0.80649,0.77654,1.05608,0.95787,0.84468,0.92785,0.71239,0.81415,0.7176,1.03138,0.001453,0.001453,0.001453
1038,9885.38,0.80431,0.79011,1.0575,0.95771,0.84468,0.92793,0.7131,0.81416,0.71746,1.03117,0.00144475,0.00144475,0.00144475
1039,9894.75,0.78682,0.77979,1.04935,0.9576,0.84468,0.928,0.71256,0.8139,0.71753,1.03112,0.0014365,0.0014365,0.0014365
1040,9904.64,0.81634,0.79807,1.05741,0.95786,0.84468,0.92813,0.71263,0.81341,0.71722,1.03093,0.00142825,0.00142825,0.00142825
1041,9915.76,0.80557,0.79278,1.04965,0.95786,0.84468,0.92829,0.71314,0.81376,0.71764,1.03123,0.00142,0.00142,0.00142
1042,9925.05,0.80866,0.79886,1.0543,0.9587,0.84468,0.92822,0.71376,0.81387,0.71756,1.03111,0.00141175,0.00141175,0.00141175
1043,9934.4,0.81561,0.81369,1.05847,0.9586,0.84468,0.92826,0.71417,0.81378,0.71744,1.03111,0.0014035,0.0014035,0.0014035
1044,9943.67,0.77289,0.76421,1.03785,0.96002,0.84468,0.92831,0.71465,0.8138,0.71723,1.03112,0.00139525,0.00139525,0.00139525
1045,9954.89,0.78816,0.76559,1.0474,0.95887,0.84468,0.92848,0.71335,0.81371,0.71718,1.03098,0.001387,0.001387,0.001387
1046,9964.85,0.78534,0.76848,1.04237,0.95886,0.84298,0.92862,0.71445,0.81352,0.71689,1.03093,0.00137875,0.00137875,0.00137875
1047,9974.02,0.80854,0.78623,1.04651,0.95905,0.84255,0.9287,0.71432,0.81323,0.71681,1.03079,0.0013705,0.0013705,0.0013705
1048,9983.25,0.7967,0.76792,1.04864,0.96065,0.84255,0.92862,0.71428,0.81291,0.71704,1.03056,0.00136225,0.00136225,0.00136225
1049,9993.71,0.78616,0.7765,1.04709,0.96114,0.84197,0.92874,0.71445,0.81276,0.71677,1.03047,0.001354,0.001354,0.001354
1050,10004.2,0.77603,0.77398,1.0481,0.96117,0.84266,0.92879,0.71551,0.81262,0.71678,1.03037,0.00134575,0.00134575,0.00134575
1051,10013.5,0.79764,0.77537,1.04593,0.95031,0.84894,0.92887,0.71514,0.81204,0.71668,1.0302,0.0013375,0.0013375,0.0013375
1052,10022.5,0.81054,0.78098,1.05209,0.95062,0.84894,0.92886,0.71548,0.81191,0.71633,1.03005,0.00132925,0.00132925,0.00132925
1053,10031.6,0.80233,0.77925,1.04747,0.94938,0.84894,0.92883,0.71515,0.81162,0.71645,1.03006,0.001321,0.001321,0.001321
1054,10042.8,0.8003,0.77962,1.04713,0.94945,0.84894,0.92885,0.71566,0.81124,0.71627,1.02996,0.00131275,0.00131275,0.00131275
1055,10053.1,0.80639,0.79951,1.05799,0.95003,0.84894,0.92907,0.71592,0.81063,0.71588,1.02961,0.0013045,0.0013045,0.0013045
1056,10062.7,0.80505,0.79184,1.05322,0.94768,0.84894,0.92912,0.71587,0.81038,0.71561,1.02938,0.00129625,0.00129625,0.00129625
1057,10071.8,0.75652,0.75471,1.03953,0.94907,0.84894,0.92927,0.71575,0.81034,0.71571,1.02934,0.001288,0.001288,0.001288
1058,10081.5,0.77387,0.76383,1.04493,0.94852,0.84894,0.9294,0.71617,0.8105,0.71582,1.02954,0.00127975,0.00127975,0.00127975
1059,10092.2,0.75269,0.73289,1.02294,0.94759,0.84894,0.92951,0.71646,0.81038,0.71584,1.02938,0.0012715,0.0012715,0.0012715
1060,10101.4,0.77793,0.74379,1.03021,0.95226,0.8488,0.92965,0.71642,0.81015,0.71587,1.02933,0.00126325,0.00126325,0.00126325
1061,10110.4,0.79517,0.77874,1.04518,0.94992,0.84743,0.92964,0.71603,0.80969,0.71529,1.02885,0.001255,0.001255,0.001255
1062,10119.5,0.77288,0.75666,1.0311,0.94994,0.84779,0.92969,0.71642,0.80963,0.71526,1.02878,0.00124675,0.00124675,0.00124675
1063,10130.3,0.79537,0.78146,1.04594,0.94988,0.84683,0.92977,0.7162,0.8097,0.71466,1.02869,0.0012385,0.0012385,0.0012385
1064,10140.5,0.77468,0.76905,1.03478,0.9526,0.84681,0.92977,0.71558,0.80989,0.71482,1.02871,0.00123025,0.00123025,0.00123025
1065,10149.7,0.7904,0.78478,1.04549,0.95287,0.84681,0.92997,0.71556,0.8095,0.71489,1.02873,0.001222,0.001222,0.001222
1066,10158.8,0.78182,0.75662,1.03637,0.95249,0.84681,0.92995,0.71598,0.80951,0.71455,1.02857,0.00121375,0.00121375,0.00121375
1067,10168,0.76323,0.73456,1.03152,0.95234,0.84681,0.93012,0.71542,0.80943,0.71441,1.02855,0.0012055,0.0012055,0.0012055
1068,10179.4,0.7879,0.76812,1.03747,0.95096,0.84681,0.93021,0.71534,0.80952,0.71445,1.0284,0.00119725,0.00119725,0.00119725
1069,10188.4,0.78326,0.7762,1.03481,0.95142,0.84681,0.9303,0.71532,0.80936,0.71416,1.02841,0.001189,0.001189,0.001189
1070,10197.6,0.8107,0.78625,1.05062,0.95139,0.84681,0.9303,0.7156,0.80938,0.71424,1.02831,0.00118075,0.00118075,0.00118075
1071,10206.8,0.78061,0.76931,1.04167,0.95215,0.84681,0.93026,0.71563,0.80942,0.71416,1.02828,0.0011725,0.0011725,0.0011725
1072,10217.2,0.8127,0.79606,1.05229,0.95193,0.84681,0.93034,0.71504,0.80932,0.71399,1.02827,0.00116425,0.00116425,0.00116425
1073,10227.7,0.77155,0.75888,1.04435,0.95231,0.84681,0.9303,0.71541,0.80888,0.7141,1.02806,0.001156,0.001156,0.001156
1074,10236.8,0.78358,0.76943,1.03766,0.95214,0.84681,0.93042,0.71521,0.8088,0.71419,1.02794,0.00114775,0.00114775,0.00114775
1075,10245.9,0.77175,0.77149,1.03737,0.95216,0.84688,0.93051,0.71501,0.80871,0.71422,1.0279,0.0011395,0.0011395,0.0011395
1076,10255,0.77274,0.76283,1.03937,0.95192,0.84681,0.93049,0.7153,0.80852,0.7141,1.02782,0.00113125,0.00113125,0.00113125
1077,10265.3,0.7949,0.76571,1.03869,0.95194,0.84681,0.93054,0.71571,0.80887,0.71429,1.02788,0.001123,0.001123,0.001123
1078,10275.3,0.78008,0.77043,1.03194,0.95217,0.84718,0.93054,0.71611,0.80866,0.71404,1.02772,0.00111475,0.00111475,0.00111475
1079,10284.5,0.75991,0.7576,1.03622,0.95216,0.84702,0.93055,0.71581,0.80864,0.714,1.02774,0.0011065,0.0011065,0.0011065
1080,10293.9,0.78375,0.77542,1.0517,0.95221,0.84681,0.93063,0.71586,0.80859,0.71403,1.02771,0.00109825,0.00109825,0.00109825
1081,10303.2,0.78948,0.7754,1.0414,0.95223,0.84681,0.93065,0.71592,0.80837,0.7137,1.02772,0.00109,0.00109,0.00109
1082,10314.6,0.77893,0.77288,1.04716,0.95242,0.84681,0.93067,0.71595,0.80847,0.71347,1.02762,0.00108175,0.00108175,0.00108175
1083,10324,0.78831,0.76782,1.03672,0.95294,0.84681,0.9308,0.71602,0.80842,0.71327,1.02758,0.0010735,0.0010735,0.0010735
1084,10333,0.74128,0.74137,1.03162,0.95307,0.84681,0.93083,0.7158,0.80812,0.71319,1.0275,0.00106525,0.00106525,0.00106525
1085,10342.1,0.7589,0.74416,1.02557,0.95355,0.84681,0.93081,0.71629,0.80806,0.71303,1.02748,0.001057,0.001057,0.001057
1086,10352.2,0.76172,0.74316,1.03067,0.95376,0.84681,0.93083,0.71654,0.80794,0.71318,1.02742,0.00104875,0.00104875,0.00104875
1087,10363,0.80037,0.79011,1.04487,0.95366,0.84681,0.93084,0.71627,0.80776,0.71309,1.02735,0.0010405,0.0010405,0.0010405
1088,10372.2,0.75588,0.76035,1.03208,0.95374,0.84681,0.93088,0.71626,0.80762,0.71286,1.02716,0.00103225,0.00103225,0.00103225
1089,10381.5,0.76637,0.74731,1.03117,0.95374,0.84681,0.93096,0.71665,0.80754,0.71272,1.02703,0.001024,0.001024,0.001024
1090,10390.8,0.78504,0.76006,1.03622,0.95392,0.84681,0.93105,0.71647,0.80742,0.71245,1.0268,0.00101575,0.00101575,0.00101575
1091,10401.9,0.75429,0.74423,1.03229,0.95403,0.84681,0.93102,0.71619,0.80742,0.71241,1.02674,0.0010075,0.0010075,0.0010075
1092,10411.1,0.7486,0.74942,1.02079,0.95426,0.84681,0.9311,0.71634,0.80727,0.71214,1.02661,0.00099925,0.00099925,0.00099925
1093,10420.2,0.77754,0.76493,1.03591,0.95447,0.84681,0.93125,0.71633,0.80686,0.71212,1.02637,0.000991,0.000991,0.000991
1094,10429.2,0.771,0.74734,1.03551,0.95253,0.84681,0.93202,0.71694,0.80693,0.712,1.02624,0.00098275,0.00098275,0.00098275
1095,10439.3,0.77642,0.75024,1.0313,0.95464,0.84681,0.93199,0.71675,0.80674,0.71155,1.02611,0.0009745,0.0009745,0.0009745
1096,10450,0.76486,0.75479,1.03486,0.95221,0.84788,0.93216,0.71701,0.80668,0.71156,1.026,0.00096625,0.00096625,0.00096625
1097,10459.3,0.7825,0.7559,1.03481,0.95379,0.84681,0.93208,0.7171,0.80662,0.71168,1.02593,0.000958,0.000958,0.000958
1098,10468.5,0.7456,0.74121,1.02218,0.95216,0.847,0.93221,0.71735,0.80662,0.71171,1.02591,0.00094975,0.00094975,0.00094975
1099,10477.9,0.73938,0.73387,1.01956,0.95247,0.84681,0.93223,0.71709,0.80667,0.7117,1.02586,0.0009415,0.0009415,0.0009415
1100,10488.2,0.78257,0.74993,1.0334,0.95378,0.84894,0.93228,0.71711,0.80646,0.7116,1.02581,0.00093325,0.00093325,0.00093325
1101,10498.2,0.76553,0.74682,1.02742,0.9536,0.84894,0.93231,0.71732,0.80635,0.71135,1.02575,0.000925,0.000925,0.000925
1102,10507.2,0.75726,0.74907,1.02411,0.95299,0.84894,0.93229,0.7173,0.8062,0.71133,1.02576,0.00091675,0.00091675,0.00091675
1103,10516.5,0.76122,0.76527,1.03444,0.95453,0.84868,0.93229,0.71728,0.80608,0.71149,1.02568,0.0009085,0.0009085,0.0009085
1104,10525.7,0.7591,0.74439,1.02604,0.95454,0.8488,0.9322,0.71716,0.80597,0.71126,1.02548,0.00090025,0.00090025,0.00090025
1105,10536.8,0.76277,0.75222,1.02369,0.95425,0.84894,0.93221,0.71788,0.80593,0.71125,1.02548,0.000892,0.000892,0.000892
1106,10546.8,0.74535,0.73,1.02684,0.95405,0.84894,0.93222,0.71829,0.80596,0.71076,1.0254,0.00088375,0.00088375,0.00088375
1107,10556,0.78731,0.77014,1.04372,0.95438,0.84894,0.9322,0.7187,0.80584,0.711,1.02538,0.0008755,0.0008755,0.0008755
1108,10565.3,0.75146,0.75065,1.0289,0.9538,0.84894,0.9322,0.71864,0.80566,0.71097,1.02528,0.00086725,0.00086725,0.00086725
1109,10575.1,0.76224,0.7557,1.02858,0.95378,0.84894,0.93217,0.71878,0.80562,0.71079,1.02513,0.000859,0.000859,0.000859
1110,10586.5,0.76492,0.74228,1.03315,0.95362,0.84894,0.93197,0.71862,0.80557,0.7103,1.02502,0.00085075,0.00085075,0.00085075
1111,10595.6,0.73468,0.73316,1.01935,0.95339,0.84894,0.93217,0.71869,0.80539,0.71005,1.02478,0.0008425,0.0008425,0.0008425
1112,10604.7,0.77994,0.75921,1.02889,0.9537,0.84894,0.93196,0.71843,0.80518,0.70978,1.02468,0.00083425,0.00083425,0.00083425
1113,10613.8,0.74901,0.73757,1.0244,0.95338,0.84894,0.93219,0.71908,0.80453,0.70954,1.02432,0.000826,0.000826,0.000826
1114,10624.5,0.73789,0.72395,1.02076,0.95349,0.84894,0.93217,0.71853,0.80438,0.70934,1.0242,0.00081775,0.00081775,0.00081775
1115,10634.8,0.74606,0.73143,1.02226,0.95358,0.84894,0.93217,0.71876,0.80431,0.709,1.02401,0.0008095,0.0008095,0.0008095
1116,10644,0.75303,0.74048,1.02914,0.9533,0.84894,0.93219,0.71867,0.80416,0.70872,1.02399,0.00080125,0.00080125,0.00080125
1117,10653.1,0.7584,0.7538,1.03291,0.95338,0.84894,0.9322,0.71875,0.80427,0.70857,1.0239,0.000793,0.000793,0.000793
1118,10662.7,0.74898,0.73058,1.02802,0.95329,0.84894,0.93218,0.71881,0.80394,0.70832,1.02369,0.00078475,0.00078475,0.00078475
1119,10674.2,0.74552,0.73207,1.02932,0.95312,0.84894,0.93232,0.71934,0.80371,0.70811,1.02355,0.0007765,0.0007765,0.0007765
1120,10684.3,0.75384,0.73794,1.02216,0.95297,0.84894,0.93238,0.71888,0.80379,0.70783,1.02348,0.00076825,0.00076825,0.00076825
1121,10693.5,0.75584,0.73227,1.02864,0.95292,0.84894,0.93235,0.71928,0.8035,0.70762,1.02332,0.00076,0.00076,0.00076
1122,10702.6,0.74016,0.7265,1.02029,0.95261,0.84894,0.93243,0.71921,0.80357,0.70712,1.02323,0.00075175,0.00075175,0.00075175
1123,10712.2,0.75996,0.74414,1.03109,0.95279,0.84894,0.93253,0.71837,0.80344,0.70683,1.02311,0.0007435,0.0007435,0.0007435
1124,10723.9,0.74126,0.72084,1.02354,0.95262,0.84894,0.9326,0.71852,0.80335,0.70686,1.02307,0.00073525,0.00073525,0.00073525
1125,10733.4,0.74656,0.73186,1.02294,0.9525,0.84894,0.93268,0.71835,0.80309,0.70646,1.02291,0.000727,0.000727,0.000727
1126,10742.5,0.73677,0.72036,1.01934,0.9525,0.84894,0.93264,0.71788,0.80309,0.70628,1.0228,0.00071875,0.00071875,0.00071875
1127,10751.5,0.75962,0.75138,1.02667,0.95233,0.84894,0.93269,0.7177,0.8027,0.70609,1.02273,0.0007105,0.0007105,0.0007105
1128,10761.9,0.75502,0.74512,1.02473,0.95222,0.84894,0.93243,0.7178,0.80272,0.70617,1.02263,0.00070225,0.00070225,0.00070225
1129,10773,0.7273,0.71732,1.00947,0.95229,0.84894,0.93265,0.71831,0.80248,0.70575,1.02244,0.000694,0.000694,0.000694
1130,10782.1,0.78217,0.75814,1.03185,0.95265,0.84894,0.93284,0.71843,0.80242,0.70561,1.02235,0.00068575,0.00068575,0.00068575
1131,10791.1,0.74644,0.72846,1.01769,0.95264,0.84894,0.93277,0.71861,0.80239,0.7052,1.02216,0.0006775,0.0006775,0.0006775
1132,10800.2,0.73961,0.74969,1.02152,0.95257,0.84894,0.93288,0.71865,0.80201,0.70513,1.02192,0.00066925,0.00066925,0.00066925
1133,10810.4,0.75576,0.74124,1.02983,0.95266,0.84894,0.93276,0.71848,0.80202,0.70453,1.02192,0.000661,0.000661,0.000661
1134,10820.5,0.76448,0.72929,1.02249,0.94784,0.85051,0.93275,0.71854,0.80181,0.70464,1.02176,0.00065275,0.00065275,0.00065275
1135,10829.6,0.73955,0.72789,1.02227,0.94621,0.84894,0.93281,0.71881,0.80168,0.70433,1.02169,0.0006445,0.0006445,0.0006445
1136,10838.8,0.76435,0.73814,1.02475,0.94604,0.84894,0.93283,0.71886,0.80155,0.70419,1.02155,0.00063625,0.00063625,0.00063625
1137,10848,0.73224,0.71507,1.01604,0.94563,0.84894,0.93289,0.71858,0.8015,0.70418,1.02146,0.000628,0.000628,0.000628
1138,10858.5,0.74067,0.73768,1.01892,0.94564,0.84894,0.93293,0.71921,0.80151,0.70383,1.02137,0.00061975,0.00061975,0.00061975
1139,10868.7,0.74851,0.7309,1.02335,0.9468,0.84894,0.93297,0.71971,0.80154,0.70378,1.02125,0.0006115,0.0006115,0.0006115
1140,10877.9,0.7599,0.74077,1.02995,0.94778,0.84894,0.93304,0.71939,0.80126,0.70362,1.02115,0.00060325,0.00060325,0.00060325
1141,10886.9,0.75463,0.7493,1.02222,0.94778,0.84949,0.93306,0.7199,0.80133,0.70347,1.0211,0.000595,0.000595,0.000595
1142,10896.3,0.73313,0.73446,1.01836,0.9455,0.84895,0.93297,0.72008,0.80129,0.70345,1.02095,0.00058675,0.00058675,0.00058675
1143,10908.5,0.72801,0.7237,1.01903,0.94779,0.84894,0.93302,0.72022,0.8011,0.70315,1.02084,0.0005785,0.0005785,0.0005785
1144,10918.1,0.73623,0.72012,1.01588,0.95011,0.85097,0.93323,0.72047,0.80089,0.70282,1.02072,0.00057025,0.00057025,0.00057025
1145,10927.5,0.7262,0.70942,1.01625,0.94785,0.85106,0.93306,0.7208,0.80096,0.70276,1.02067,0.000562,0.000562,0.000562
1146,10936.8,0.72595,0.71555,1.00715,0.94638,0.85106,0.93321,0.72075,0.80078,0.70256,1.02056,0.00055375,0.00055375,0.00055375
1147,10947.2,0.74027,0.73278,1.02885,0.94796,0.85263,0.93337,0.72063,0.80089,0.70244,1.02056,0.0005455,0.0005455,0.0005455
1148,10957.5,0.73235,0.72756,1.01823,0.94642,0.85319,0.93338,0.72074,0.80074,0.70229,1.02043,0.00053725,0.00053725,0.00053725
1149,10966.6,0.71549,0.70069,1.00148,0.9471,0.85319,0.93325,0.72056,0.80085,0.70247,1.02038,0.000529,0.000529,0.000529
1150,10975.8,0.7412,0.73075,1.0196,0.94617,0.85319,0.93338,0.72064,0.80084,0.70245,1.02033,0.00052075,0.00052075,0.00052075
1151,10985,0.73269,0.71733,1.02043,0.94597,0.85319,0.93342,0.72075,0.80095,0.7023,1.02029,0.0005125,0.0005125,0.0005125
1152,10996.5,0.70786,0.69626,1.00258,0.94574,0.85319,0.93344,0.72104,0.80091,0.7022,1.02018,0.00050425,0.00050425,0.00050425
1153,11006.4,0.71234,0.7118,1.00996,0.94588,0.85319,0.93346,0.72141,0.80081,0.70207,1.02011,0.000496,0.000496,0.000496
1154,11015.7,0.75804,0.74042,1.02137,0.94588,0.85319,0.93353,0.72149,0.80063,0.70202,1.02007,0.00048775,0.00048775,0.00048775
1155,11025,0.73575,0.7219,1.01635,0.94578,0.8536,0.93352,0.72145,0.80073,0.70182,1.01999,0.0004795,0.0004795,0.0004795
1156,11035,0.74274,0.73265,1.01846,0.9458,0.85392,0.93347,0.72123,0.8004,0.70177,1.0199,0.00047125,0.00047125,0.00047125
1157,11045.4,0.73866,0.73504,1.01752,0.9458,0.85388,0.93362,0.72138,0.80059,0.70148,1.0199,0.000463,0.000463,0.000463
1158,11054.6,0.71072,0.71209,1.00916,0.94579,0.85375,0.93355,0.72157,0.80075,0.70118,1.0199,0.00045475,0.00045475,0.00045475
1159,11063.9,0.74011,0.72339,1.02281,0.94578,0.85365,0.93359,0.72185,0.8005,0.70088,1.0198,0.0004465,0.0004465,0.0004465
1160,11073.6,0.72627,0.7125,1.01594,0.94577,0.85343,0.93369,0.72177,0.80052,0.70085,1.01978,0.00043825,0.00043825,0.00043825
1161,11085.4,0.74355,0.74394,1.02054,0.94578,0.85366,0.93378,0.72207,0.80061,0.70086,1.01977,0.00043,0.00043,0.00043
1162,11095,0.72058,0.70949,1.01283,0.9458,0.85396,0.93371,0.7218,0.80023,0.70064,1.01961,0.00042175,0.00042175,0.00042175
1163,11103.9,0.73465,0.72483,1.0171,0.9458,0.85397,0.93375,0.72257,0.80052,0.70017,1.01977,0.0004135,0.0004135,0.0004135
1164,11113.2,0.72915,0.72055,1.01329,0.9458,0.854,0.93383,0.72246,0.80016,0.70011,1.0196,0.00040525,0.00040525,0.00040525
1165,11123.6,0.73457,0.74783,1.0219,0.9458,0.85388,0.93375,0.72223,0.80008,0.70001,1.01956,0.000397,0.000397,0.000397
1166,11134.1,0.72445,0.71992,1.01332,0.94578,0.85363,0.93374,0.72224,0.80002,0.70005,1.01952,0.00038875,0.00038875,0.00038875
1167,11143.2,0.73228,0.73809,1.01709,0.94577,0.8534,0.93379,0.72228,0.80014,0.69974,1.01948,0.0003805,0.0003805,0.0003805
1168,11152.2,0.68803,0.69329,1.00268,0.94577,0.85339,0.93374,0.72214,0.79986,0.69962,1.01931,0.00037225,0.00037225,0.00037225
1169,11161.4,0.74698,0.72927,1.02389,0.9451,0.85532,0.9336,0.72245,0.79977,0.69952,1.01929,0.000364,0.000364,0.000364
1170,11172.8,0.72274,0.70732,1.0093,0.94456,0.85532,0.93371,0.72253,0.79968,0.69937,1.01918,0.00035575,0.00035575,0.00035575
1171,11181.8,0.71498,0.7209,1.01314,0.94449,0.85532,0.93374,0.72278,0.79954,0.69916,1.0191,0.0003475,0.0003475,0.0003475
1172,11191,0.73251,0.72725,1.01473,0.93548,0.86384,0.9337,0.72251,0.79965,0.69886,1.01911,0.00033925,0.00033925,0.00033925
1173,11200.1,0.73011,0.71076,1.01459,0.9376,0.86323,0.93364,0.7227,0.79959,0.69866,1.01896,0.000331,0.000331,0.000331
1174,11210.2,0.73885,0.71987,1.0135,0.93551,0.86416,0.93386,0.72279,0.79933,0.69889,1.01891,0.00032275,0.00032275,0.00032275
1175,11221.5,0.75906,0.75944,1.0322,0.93513,0.86383,0.93364,0.72297,0.79925,0.69872,1.01889,0.0003145,0.0003145,0.0003145
1176,11230.8,0.73685,0.73203,1.01496,0.93551,0.86425,0.93373,0.72256,0.7991,0.69851,1.0188,0.00030625,0.00030625,0.00030625
1177,11239.9,0.71487,0.72226,1.00656,0.93489,0.86383,0.93368,0.72281,0.79962,0.69788,1.0187,0.000298,0.000298,0.000298
1178,11249.1,0.73367,0.72381,1.01362,0.93478,0.86383,0.93372,0.72264,0.79923,0.69795,1.01859,0.00028975,0.00028975,0.00028975
1179,11261.2,0.71441,0.7043,1.01212,0.93474,0.86383,0.93372,0.72329,0.79937,0.69756,1.01859,0.0002815,0.0002815,0.0002815
1180,11270.5,0.70139,0.70141,1.01092,0.93487,0.86383,0.93377,0.72281,0.79909,0.69761,1.01854,0.00027325,0.00027325,0.00027325
1181,11279.5,0.7345,0.72038,1.01258,0.93495,0.86383,0.93377,0.7236,0.79916,0.69767,1.01851,0.000265,0.000265,0.000265
1182,11288.8,0.723,0.72083,1.01732,0.93465,0.86383,0.9338,0.72329,0.79913,0.69758,1.01842,0.00025675,0.00025675,0.00025675
1183,11300.5,0.75289,0.72672,1.02477,0.93469,0.86383,0.93387,0.72325,0.79892,0.69738,1.01833,0.0002485,0.0002485,0.0002485
1184,11310.2,0.70788,0.70333,1.00769,0.93467,0.86383,0.93394,0.72406,0.79879,0.69713,1.01827,0.00024025,0.00024025,0.00024025
1185,11319.6,0.71983,0.71592,1.01729,0.93462,0.86383,0.93394,0.72383,0.79855,0.69724,1.01817,0.000232,0.000232,0.000232
1186,11328.7,0.73555,0.71826,1.01683,0.93481,0.86383,0.93396,0.72405,0.79873,0.69718,1.0182,0.00022375,0.00022375,0.00022375
1187,11338.6,0.72296,0.71413,1.01243,0.93451,0.86383,0.93399,0.7243,0.79849,0.69698,1.01805,0.0002155,0.0002155,0.0002155
1188,11350.3,0.75645,0.72836,1.01989,0.93491,0.86383,0.93394,0.72384,0.79854,0.69706,1.01806,0.00020725,0.00020725,0.00020725
1189,11359.5,0.71766,0.71865,1.0103,0.93481,0.86383,0.934,0.72415,0.79838,0.69695,1.01798,0.000199,0.000199,0.000199
1190,11368.5,0.7054,0.70328,1.00924,0.93491,0.86383,0.93406,0.72435,0.79828,0.6969,1.01789,0.00019075,0.00019075,0.00019075
1191,11379,0.71403,0.59643,0.98428,0.93496,0.86383,0.93405,0.72381,0.79831,0.69694,1.01781,0.0001825,0.0001825,0.0001825
1192,11389.9,0.67328,0.56169,0.96197,0.93471,0.86383,0.93404,0.72493,0.7983,0.69717,1.01764,0.00017425,0.00017425,0.00017425
1193,11400.2,0.67271,0.55627,0.95604,0.9348,0.86383,0.93411,0.72413,0.79833,0.69707,1.01763,0.000166,0.000166,0.000166
1194,11409.3,0.6709,0.56003,0.95002,0.93452,0.86383,0.93418,0.72433,0.7982,0.69716,1.01754,0.00015775,0.00015775,0.00015775
1195,11418.3,0.64336,0.54547,0.93823,0.92774,0.86809,0.93425,0.725,0.79816,0.69707,1.0174,0.0001495,0.0001495,0.0001495
1196,11428.7,0.64275,0.54733,0.94535,0.92931,0.86809,0.934,0.72519,0.79802,0.69704,1.01731,0.00014125,0.00014125,0.00014125
1197,11439.8,0.63348,0.53,0.93022,0.92986,0.86809,0.934,0.72558,0.79808,0.69689,1.01718,0.000133,0.000133,0.000133
1198,11449.2,0.63691,0.53946,0.94181,0.93408,0.86383,0.93401,0.72572,0.79785,0.69701,1.01685,0.00012475,0.00012475,0.00012475
1199,11458.6,0.60471,0.52275,0.9197,0.93149,0.86782,0.9341,0.72567,0.79777,0.69684,1.01675,0.0001165,0.0001165,0.0001165
1200,11467.7,0.62204,0.52308,0.93,0.93357,0.86383,0.93411,0.72584,0.79792,0.69654,1.01672,0.00010825,0.00010825,0.00010825
