epoch,time,train/box_loss,train/cls_loss,train/dfl_loss,metrics/precision(B),metrics/recall(B),metrics/mAP50(B),metrics/mAP50-95(B),val/box_loss,val/cls_loss,val/dfl_loss,lr/pg0,lr/pg1,lr/pg2
1,12.7852,6.00659,9.38575,4.21845,1e-05,0.00213,1e-05,0,6.48748,11.4883,4.16715,0.00327778,0.00327778,0.00327778
2,28.3051,5.99311,6.76357,4.12706,1e-05,0.00213,1e-05,0,6.46865,6.85036,4.09461,0.00660566,0.00660566,0.00660566
3,39.3815,5.33396,4.83272,3.37906,0.00026,0.04043,0.00014,3e-05,4.75146,6.39693,3.32638,0.00992804,0.00992804,0.00992804
4,50.0749,4.51038,4.39403,2.79742,3e-05,0.00426,1e-05,0,5.29988,7.5361,4.28526,0.00997525,0.00997525,0.00997525
5,61.8793,4.31182,4.37459,2.67654,0.00057,0.08298,0.00034,9e-05,4.29622,4.59133,2.36516,0.009967,0.009967,0.009967
6,75.2718,4.11348,4.38913,2.55462,0.00061,0.04043,0.00033,5e-05,4.65061,4.72495,2.44483,0.00995875,0.00995875,0.00995875
7,85.6254,3.98749,4.37425,2.50214,0.00044,0.01915,0.00023,5e-05,4.73001,5.08181,2.52324,0.0099505,0.0099505,0.0099505
8,95.9469,3.9898,4.4027,2.44473,0.00037,0.05532,0.00021,6e-05,4.10247,4.57317,2.19522,0.00994225,0.00994225,0.00994225
9,107.818,3.99557,4.34919,2.46744,0.0004,0.04681,0.00022,4e-05,4.21397,4.87483,2.37226,0.009934,0.009934,0.009934
10,118.239,3.84945,4.37445,2.50103,0.00093,0.13617,0.00065,0.00014,3.87369,4.5117,2.26227,0.00992575,0.00992575,0.00992575
11,128.835,3.80044,4.31658,2.50552,0.00135,0.15957,0.0009,0.0002,4.01569,4.37119,2.37639,0.0099175,0.0099175,0.0099175
12,139.116,3.78472,4.28312,2.51922,0.00135,0.15957,0.0009,0.0002,5.07172,7.01434,3.06921,0.00990925,0.00990925,0.00990925
13,152.707,3.80702,4.26163,2.49901,0.00124,0.13191,0.00074,0.00019,3.84513,4.47613,2.32208,0.009901,0.009901,0.009901
14,163.096,3.75636,4.24625,2.48731,0.00119,0.17872,0.00078,0.00016,3.85311,4.50675,2.24851,0.00989275,0.00989275,0.00989275
15,173.475,3.77941,4.24818,2.48907,0.0017,0.24894,0.00202,0.00045,3.86732,4.23937,2.40774,0.0098845,0.0098845,0.0098845
16,184.239,3.69662,4.22558,2.42102,0.00182,0.26809,0.00278,0.00053,3.80134,4.19795,2.33084,0.00987625,0.00987625,0.00987625
17,199.17,3.64278,4.19893,2.44868,0.0016,0.24255,0.0015,0.00032,3.74133,4.33081,2.27282,0.009868,0.009868,0.009868
18,209.517,3.6465,4.21112,2.46466,0.00205,0.29362,0.00257,0.00062,3.68697,4.21053,2.3075,0.00985975,0.00985975,0.00985975
19,220.149,3.63085,4.21605,2.44675,0.00166,0.24681,0.00197,0.00046,3.68374,4.2649,2.31393,0.0098515,0.0098515,0.0098515
20,231.252,3.57666,4.19587,2.43076,0.00182,0.2766,0.00208,0.00049,3.6821,4.25914,2.29574,0.00984325,0.00984325,0.00984325
21,245.175,3.57552,4.21173,2.41104,0.00189,0.28723,0.00258,0.0006,3.70016,4.24656,2.25951,0.009835,0.009835,0.009835
22,255.614,3.55053,4.21498,2.40609,0.00198,0.29574,0.00225,0.00048,3.70647,4.21333,2.30462,0.00982675,0.00982675,0.00982675
23,265.961,3.53095,4.14961,2.38047,0.0019,0.27872,0.00222,0.00055,3.66367,4.20807,2.26661,0.0098185,0.0098185,0.0098185
24,277.622,3.60283,4.2035,2.43415,0.00192,0.29362,0.00253,0.00053,3.70344,4.29859,2.28751,0.00981025,0.00981025,0.00981025
25,291.272,3.50124,4.19022,2.38012,0.00181,0.2766,0.00158,0.00041,3.61871,4.40683,2.25799,0.009802,0.009802,0.009802
26,301.598,3.52674,4.16095,2.39343,0.00199,0.28936,0.00203,0.00049,3.64531,4.22483,2.24331,0.00979375,0.00979375,0.00979375
27,311.964,3.5203,4.1592,2.37797,0.00249,0.29149,0.00269,0.00062,3.57754,4.18645,2.23573,0.0097855,0.0097855,0.0097855
28,324.374,3.50142,4.16605,2.37939,0.00166,0.25319,0.0016,0.0004,3.65215,4.22266,2.21312,0.00977725,0.00977725,0.00977725
29,337.532,3.48656,4.17949,2.3797,0.00235,0.35745,0.0023,0.00051,3.53143,4.22775,2.21368,0.009769,0.009769,0.009769
30,347.889,3.49943,4.1272,2.37926,0.00204,0.3,0.00233,0.00058,3.53932,4.15513,2.23596,0.00976075,0.00976075,0.00976075
31,358.235,3.54213,4.12703,2.34999,0.00131,0.2,0.00596,0.00074,3.71896,4.47541,2.3565,0.0097525,0.0097525,0.0097525
32,371.555,3.47925,4.10282,2.37082,0.00209,0.31702,0.0021,0.00051,3.59487,4.17292,2.23628,0.00974425,0.00974425,0.00974425
33,383.742,3.48032,4.13122,2.3285,0.00213,0.31702,0.00259,0.00063,3.56226,4.14637,2.25786,0.009736,0.009736,0.009736
34,394.104,3.44461,4.17213,2.36182,0.00201,0.29362,0.00188,0.00047,3.68273,4.17304,2.23659,0.00972775,0.00972775,0.00972775
35,404.491,3.39704,4.11612,2.34532,0.00192,0.29149,0.00264,0.00052,3.68156,4.18252,2.30577,0.0097195,0.0097195,0.0097195
36,417.614,3.44123,4.13754,2.34778,0.00189,0.25532,0.00187,0.00048,3.59591,4.30935,2.21997,0.00971125,0.00971125,0.00971125
37,429.647,3.44722,4.14762,2.32358,0.00229,0.34894,0.00419,0.00113,3.54472,4.11782,2.23357,0.009703,0.009703,0.009703
38,440.294,3.42836,4.06154,2.32536,0.00246,0.37447,0.00299,0.00069,3.61931,4.01239,2.26084,0.00969475,0.00969475,0.00969475
39,450.731,3.44106,4.08368,2.34555,0.00252,0.35745,0.00386,0.0009,3.57217,4.05465,2.2551,0.0096865,0.0096865,0.0096865
40,464.413,3.43522,4.08228,2.31856,0.00215,0.32766,0.003,0.00068,3.6171,4.2341,2.25469,0.00967825,0.00967825,0.00967825
41,475.711,3.44596,4.07417,2.32647,0.00251,0.38085,0.00376,0.00091,3.58924,4.04742,2.24646,0.00967,0.00967,0.00967
42,486.121,3.46269,4.08597,2.32775,0.00256,0.36383,0.005,0.0012,3.5431,4.09181,2.21879,0.00966175,0.00966175,0.00966175
43,496.854,3.34371,4.05416,2.2648,0.0023,0.34894,0.00249,0.00069,3.49464,4.13055,2.18754,0.0096535,0.0096535,0.0096535
44,511.179,3.38796,4.05739,2.29134,0.00265,0.40213,0.00297,0.00068,3.49049,4.06261,2.17521,0.00964525,0.00964525,0.00964525
45,521.765,3.34562,4.06173,2.27748,0.00253,0.38085,0.0034,0.00076,3.54547,4.0264,2.21141,0.009637,0.009637,0.009637
46,532.087,3.35614,4.0799,2.2876,0.00221,0.33404,0.0029,0.00065,3.47431,4.16429,2.22739,0.00962875,0.00962875,0.00962875
47,542.459,3.35617,4.07325,2.27368,0.00258,0.39362,0.00299,0.00072,3.53188,4.15151,2.18956,0.0096205,0.0096205,0.0096205
48,556.701,3.36017,4.04641,2.26347,0.00266,0.40213,0.00411,0.00093,3.44151,4.01027,2.23536,0.00961225,0.00961225,0.00961225
49,567.084,3.38339,4.02012,2.31094,0.00265,0.39149,0.00485,0.00145,3.44549,4.0749,2.17564,0.009604,0.009604,0.009604
50,577.709,3.31773,4.03548,2.248,0.00251,0.38085,0.00372,0.00091,3.48417,4.04698,2.19027,0.00959575,0.00959575,0.00959575
51,588.071,3.33458,3.97096,2.25021,0.00228,0.34468,0.00497,0.00108,3.43951,4.12192,2.19189,0.0095875,0.0095875,0.0095875
52,602.509,3.32098,4.04687,2.24229,0.00255,0.38723,0.00474,0.00116,3.44605,4.13329,2.16472,0.00957925,0.00957925,0.00957925
53,612.964,3.28277,4.00986,2.2416,0.00268,0.40851,0.00586,0.00128,3.45372,3.99045,2.20523,0.009571,0.009571,0.009571
54,623.328,3.31429,3.99909,2.24408,0.00221,0.32979,0.00806,0.00168,3.45882,4.17708,2.19078,0.00956275,0.00956275,0.00956275
55,633.961,3.2865,3.98535,2.23132,0.01099,0.04468,0.00545,0.00091,3.42295,4.18186,2.19807,0.0095545,0.0095545,0.0095545
56,648.323,3.29024,3.94245,2.19846,0.00254,0.37872,0.00677,0.00119,3.37127,4.10225,2.14721,0.00954625,0.00954625,0.00954625
57,658.693,3.23949,3.9815,2.21734,0.00268,0.40851,0.00572,0.00132,3.38475,4.02229,2.17781,0.009538,0.009538,0.009538
58,669.069,3.27823,3.96231,2.22499,0.00271,0.41277,0.00339,0.00082,3.47896,4.04747,2.18265,0.00952975,0.00952975,0.00952975
59,679.425,3.26161,3.91207,2.23933,0.00247,0.37447,0.00438,0.00104,3.37499,4.1942,2.22213,0.0095215,0.0095215,0.0095215
60,693.69,3.26825,3.9577,2.22028,0.00232,0.35319,0.00272,0.00062,3.4698,4.32875,2.21374,0.00951325,0.00951325,0.00951325
61,704.077,3.25954,3.92631,2.18943,0.00292,0.44255,0.00664,0.0014,3.35374,3.94531,2.12863,0.009505,0.009505,0.009505
62,714.481,3.25173,3.91872,2.19495,0.00274,0.41702,0.00715,0.00156,3.35839,3.94358,2.13496,0.00949675,0.00949675,0.00949675
63,724.811,3.24439,3.92159,2.19979,0.00294,0.44681,0.01218,0.00414,3.43212,4.01551,2.15774,0.0094885,0.0094885,0.0094885
64,739.551,3.20913,3.89131,2.20791,0.00285,0.42128,0.01363,0.00365,3.4053,3.89674,2.21288,0.00948025,0.00948025,0.00948025
65,749.891,3.24113,3.85102,2.22101,0.08986,0.01277,0.00662,0.00159,3.52556,4.42845,2.31261,0.009472,0.009472,0.009472
66,760.242,3.20549,3.84685,2.19238,0.03687,0.14043,0.01638,0.0035,3.33974,3.91553,2.17018,0.00946375,0.00946375,0.00946375
67,771.736,3.20836,3.82306,2.19279,0.08254,0.06596,0.01836,0.00367,3.40101,3.91497,2.16165,0.0094555,0.0094555,0.0094555
68,785.099,3.22042,3.75926,2.1924,0.06061,0.09787,0.02013,0.00471,3.3475,3.90471,2.18911,0.00944725,0.00944725,0.00944725
69,795.867,3.21973,3.81718,2.23102,0.1253,0.07447,0.03304,0.00651,3.30524,3.73685,2.21023,0.009439,0.009439,0.009439
70,806.511,3.18618,3.75486,2.19283,0.10701,0.07021,0.01735,0.00358,3.44734,4.24342,2.16868,0.00943075,0.00943075,0.00943075
71,819.751,3.21478,3.7379,2.18616,0.11781,0.07447,0.03351,0.00663,3.36896,3.83689,2.13963,0.0094225,0.0094225,0.0094225
72,831.912,3.17836,3.71185,2.20812,0.15298,0.0234,0.01525,0.00381,3.56109,5.29146,2.32505,0.00941425,0.00941425,0.00941425
73,842.301,3.15423,3.67311,2.16957,0.14751,0.05745,0.03211,0.00652,3.28234,3.82456,2.19347,0.009406,0.009406,0.009406
74,852.742,3.11174,3.66915,2.15693,0.15847,0.02128,0.01504,0.00343,3.5107,4.73752,2.26355,0.00939775,0.00939775,0.00939775
75,866.896,3.17216,3.64847,2.18798,0.14197,0.08511,0.03496,0.00779,3.26114,3.69051,2.18163,0.0093895,0.0093895,0.0093895
76,877.929,3.13987,3.68177,2.195,0.11333,0.06383,0.02902,0.00654,3.28627,3.72796,2.17703,0.00938125,0.00938125,0.00938125
77,888.205,3.13086,3.6806,2.19246,0.12852,0.04681,0.01736,0.00402,3.38525,4.23006,2.2212,0.009373,0.009373,0.009373
78,898.575,3.14932,3.63307,2.18668,0.18558,0.08085,0.04085,0.0093,3.22086,3.67119,2.14845,0.00936475,0.00936475,0.00936475
79,913.325,3.10585,3.67685,2.16187,0.23465,0.08511,0.04801,0.0116,3.35276,4.00276,2.20611,0.0093565,0.0093565,0.0093565
80,924.076,3.1155,3.621,2.19225,0.14009,0.07872,0.03674,0.00967,3.30484,3.7193,2.1795,0.00934825,0.00934825,0.00934825
81,934.472,3.12421,3.62462,2.17892,0.16149,0.04681,0.02411,0.00668,3.37389,4.62166,2.21354,0.00934,0.00934,0.00934
82,947.551,3.08675,3.59698,2.14868,0.16023,0.08936,0.0475,0.01,3.23822,3.6901,2.15742,0.00933175,0.00933175,0.00933175
83,962.078,3.09938,3.56349,2.15443,0.1394,0.07169,0.04322,0.01044,3.25621,3.81739,2.16717,0.0093235,0.0093235,0.0093235
84,972.424,3.09714,3.59652,2.14676,0.11387,0.09362,0.03551,0.00882,3.19103,3.67947,2.1615,0.00931525,0.00931525,0.00931525
85,985.244,3.06494,3.54667,2.14282,0.17382,0.08085,0.04778,0.01289,3.21276,3.73205,2.17921,0.009307,0.009307,0.009307
86,996.983,3.05676,3.57088,2.14273,0.19753,0.10426,0.05519,0.01362,3.20857,3.74736,2.14808,0.00929875,0.00929875,0.00929875
87,1009.74,3.06504,3.53444,2.16943,0.21186,0.04043,0.02781,0.00781,3.40366,4.14837,2.19907,0.0092905,0.0092905,0.0092905
88,1021.7,3.05219,3.57664,2.17245,0.12145,0.09574,0.04772,0.01093,3.18799,3.67134,2.20405,0.00928225,0.00928225,0.00928225
89,1033.1,3.03736,3.54354,2.19889,0.1611,0.09149,0.05356,0.01516,3.14058,3.57261,2.20817,0.009274,0.009274,0.009274
90,1046.41,3.01772,3.52307,2.18154,0.21975,0.06809,0.05114,0.01438,3.17589,3.83055,2.18543,0.00926575,0.00926575,0.00926575
91,1056.82,3.03357,3.56582,2.19428,0.13953,0.11702,0.04809,0.01051,3.13934,3.9005,2.27627,0.0092575,0.0092575,0.0092575
92,1069.56,2.99912,3.53701,2.17439,0.16152,0.06809,0.0335,0.01062,3.29646,3.98471,2.24673,0.00924925,0.00924925,0.00924925
93,1081.23,3.00108,3.50141,2.19495,0.15424,0.09856,0.05512,0.01437,3.13505,3.52669,2.22664,0.009241,0.009241,0.009241
94,1093.09,2.99102,3.47798,2.17872,0.23574,0.08085,0.06603,0.01673,3.14744,3.60426,2.21395,0.00923275,0.00923275,0.00923275
95,1106.21,2.97456,3.50759,2.18228,0.16624,0.06596,0.04274,0.01072,3.12576,3.61367,2.22746,0.0092245,0.0092245,0.0092245
96,1116.67,2.978,3.46044,2.16241,0.18481,0.0766,0.04586,0.01276,3.17664,3.88284,2.25625,0.00921625,0.00921625,0.00921625
97,1129.25,2.9548,3.47237,2.16193,0.17244,0.10426,0.0589,0.01474,3.02275,3.56532,2.22235,0.009208,0.009208,0.009208
98,1141.99,2.93182,3.47077,2.15999,0.1868,0.08298,0.05843,0.01436,3.0401,3.61282,2.23717,0.00919975,0.00919975,0.00919975
99,1152.4,2.95057,3.49474,2.1802,0.15676,0.09362,0.05925,0.01604,3.10584,3.53692,2.23127,0.0091915,0.0091915,0.0091915
100,1164.31,2.9427,3.46043,2.20617,0.15675,0.1,0.05204,0.01475,3.10391,3.67803,2.24488,0.00918325,0.00918325,0.00918325
101,1177.12,2.96988,3.46856,2.18197,0.18311,0.09362,0.06319,0.01537,3.07095,3.58291,2.2291,0.009175,0.009175,0.009175
102,1188.6,2.92636,3.46642,2.1639,0.17422,0.09362,0.07277,0.02124,3.06268,3.51677,2.23173,0.00916675,0.00916675,0.00916675
103,1199.26,2.91729,3.4295,2.16015,0.20457,0.09574,0.06842,0.01997,2.98083,3.50083,2.24729,0.0091585,0.0091585,0.0091585
104,1212.41,2.93313,3.44591,2.16602,0.20535,0.07234,0.059,0.01594,3.03112,3.65407,2.23559,0.00915025,0.00915025,0.00915025
105,1225.02,2.93858,3.46018,2.19806,0.18892,0.09787,0.06664,0.01913,2.9648,3.48046,2.21803,0.009142,0.009142,0.009142
106,1235.36,2.94136,3.48285,2.21119,0.13697,0.06596,0.0362,0.01083,3.25432,3.95983,2.26044,0.00913375,0.00913375,0.00913375
107,1248.28,2.88121,3.44278,2.16744,0.15992,0.10851,0.06412,0.02062,2.98614,3.66695,2.22519,0.0091255,0.0091255,0.0091255
108,1261.49,2.91233,3.46099,2.17796,0.17041,0.0766,0.05124,0.01348,3.03015,3.66071,2.19202,0.00911725,0.00911725,0.00911725
109,1271.87,2.9029,3.44127,2.17344,0.20218,0.08723,0.04889,0.01251,2.99639,3.51117,2.20883,0.009109,0.009109,0.009109
110,1282.19,2.89837,3.44457,2.17764,0.22263,0.11489,0.08143,0.0228,3.03078,3.5567,2.22014,0.00910075,0.00910075,0.00910075
111,1298.1,2.89912,3.42426,2.16747,0.15679,0.11277,0.05904,0.01692,3.08406,3.59146,2.23431,0.0090925,0.0090925,0.0090925
112,1308.42,2.83214,3.41363,2.14786,0.16494,0.12553,0.0808,0.02086,2.96343,3.48151,2.19654,0.00908425,0.00908425,0.00908425
113,1318.86,2.87488,3.38386,2.16993,0.19454,0.10213,0.07454,0.02426,2.9636,3.52462,2.21592,0.009076,0.009076,0.009076
114,1334.38,2.90394,3.39508,2.18243,0.24779,0.08511,0.07823,0.02217,3.00516,3.53805,2.20263,0.00906775,0.00906775,0.00906775
115,1345.38,2.85402,3.4001,2.15079,0.23431,0.09362,0.07585,0.02073,2.95301,3.58506,2.20945,0.0090595,0.0090595,0.0090595
116,1355.9,2.86831,3.4107,2.15919,0.17828,0.09574,0.07095,0.02282,2.9231,3.54127,2.18985,0.00905125,0.00905125,0.00905125
117,1367.52,2.86096,3.40924,2.17422,0.21749,0.09574,0.06448,0.01989,2.99948,3.5827,2.1822,0.009043,0.009043,0.009043
118,1381.65,2.85055,3.40663,2.1605,0.20147,0.1,0.06668,0.02091,3.05726,3.62475,2.22965,0.00903475,0.00903475,0.00903475
119,1392.06,2.87741,3.37891,2.16136,0.19534,0.12553,0.06967,0.02037,2.95221,3.41297,2.22938,0.0090265,0.0090265,0.0090265
120,1402.48,2.8675,3.39171,2.16344,0.17535,0.11489,0.06781,0.01895,2.92751,3.43967,2.19403,0.00901825,0.00901825,0.00901825
121,1417.36,2.8336,3.38571,2.15927,0.19387,0.12766,0.07906,0.0263,2.90322,3.3837,2.20921,0.00901,0.00901,0.00901
122,1428.1,2.80053,3.35775,2.13941,0.17508,0.12128,0.08024,0.02263,2.874,3.45489,2.18863,0.00900175,0.00900175,0.00900175
123,1438.47,2.83851,3.35594,2.15042,0.18612,0.12553,0.08178,0.02656,2.85797,3.44574,2.19464,0.0089935,0.0089935,0.0089935
124,1453.76,2.83395,3.37592,2.13802,0.24572,0.10189,0.08171,0.02745,2.86897,3.4282,2.15449,0.00898525,0.00898525,0.00898525
125,1464.5,2.85473,3.37637,2.1568,0.21476,0.1,0.07755,0.02359,2.92745,3.45437,2.18416,0.008977,0.008977,0.008977
126,1474.95,2.82099,3.34742,2.14589,0.19848,0.13404,0.09415,0.02941,2.85574,3.38011,2.16968,0.00896875,0.00896875,0.00896875
127,1489.89,2.78504,3.32375,2.1181,0.2277,0.10413,0.08383,0.02681,2.91017,3.41321,2.1623,0.0089605,0.0089605,0.0089605
128,1500.85,2.78966,3.35565,2.14049,0.28535,0.10426,0.0861,0.02663,2.87341,3.33424,2.16128,0.00895225,0.00895225,0.00895225
129,1511.24,2.81544,3.3552,2.13708,0.19465,0.11005,0.08465,0.02415,2.86529,3.43414,2.17308,0.008944,0.008944,0.008944
130,1521.6,2.81037,3.34287,2.14722,0.22912,0.12766,0.09451,0.03016,2.91781,3.39329,2.18858,0.00893575,0.00893575,0.00893575
131,1537.01,2.76169,3.27791,2.13262,0.22045,0.10228,0.07598,0.02361,2.94753,3.40007,2.20778,0.0089275,0.0089275,0.0089275
132,1547.32,2.79851,3.29481,2.13765,0.23289,0.1383,0.09464,0.02595,2.85803,3.28633,2.14231,0.00891925,0.00891925,0.00891925
133,1557.58,2.77488,3.32691,2.13327,0.19275,0.12553,0.08949,0.02529,2.87095,3.31714,2.15434,0.008911,0.008911,0.008911
134,1572.36,2.75205,3.31601,2.11096,0.15296,0.10638,0.0716,0.0213,2.90626,3.44979,2.18841,0.00890275,0.00890275,0.00890275
135,1582.74,2.79646,3.28652,2.13891,0.22772,0.13802,0.10209,0.03001,2.86269,3.33845,2.16993,0.0088945,0.0088945,0.0088945
136,1593.44,2.77364,3.29213,2.1109,0.15965,0.16383,0.08206,0.02123,2.83922,3.35155,2.14954,0.00888625,0.00888625,0.00888625
137,1608.54,2.74294,3.2903,2.0989,0.21005,0.13191,0.09631,0.02975,2.8464,3.33988,2.15412,0.008878,0.008878,0.008878
138,1618.4,2.7492,3.30169,2.11912,0.20494,0.13617,0.08724,0.0284,2.85071,3.27674,2.1619,0.00886975,0.00886975,0.00886975
139,1628.48,2.74858,3.23327,2.13471,0.22733,0.14468,0.11589,0.0294,2.86242,3.29716,2.15615,0.0088615,0.0088615,0.0088615
140,1639.57,2.74085,3.27478,2.11013,0.22778,0.12128,0.10236,0.03239,2.80801,3.33764,2.13887,0.00885325,0.00885325,0.00885325
141,1654.64,2.7394,3.25135,2.12839,0.21751,0.14681,0.11703,0.03584,2.84358,3.26451,2.16504,0.008845,0.008845,0.008845
142,1665.38,2.71413,3.24382,2.10635,0.19156,0.15957,0.09395,0.027,2.87272,3.30193,2.16463,0.00883675,0.00883675,0.00883675
143,1675.74,2.71383,3.25451,2.09893,0.25176,0.12979,0.10221,0.02974,2.80182,3.24356,2.13964,0.0088285,0.0088285,0.0088285
144,1690.46,2.73398,3.22455,2.11069,0.21499,0.12128,0.08833,0.02828,2.80894,3.25022,2.13625,0.00882025,0.00882025,0.00882025
145,1700.82,2.73751,3.24077,2.113,0.22552,0.13404,0.10084,0.0324,2.83841,3.27807,2.1652,0.008812,0.008812,0.008812
146,1711.15,2.74249,3.27459,2.13078,0.19711,0.13191,0.08549,0.02642,2.87041,3.34635,2.21173,0.00880375,0.00880375,0.00880375
147,1726.03,2.6991,3.22459,2.09814,0.18803,0.16596,0.10269,0.02961,2.82119,3.377,2.14691,0.0087955,0.0087955,0.0087955
148,1736.43,2.72246,3.20464,2.11264,0.31402,0.10422,0.1105,0.03055,2.82058,3.31219,2.16454,0.00878725,0.00878725,0.00878725
149,1746.83,2.69631,3.22865,2.10315,0.22432,0.17447,0.10138,0.0283,2.82476,3.20295,2.14643,0.008779,0.008779,0.008779
150,1760.58,2.7169,3.22467,2.10404,0.24396,0.13617,0.09311,0.02954,2.81825,3.273,2.13456,0.00877075,0.00877075,0.00877075
151,1772.61,2.71506,3.22721,2.11528,0.28054,0.14894,0.11115,0.03357,2.80035,3.22017,2.15043,0.0087625,0.0087625,0.0087625
152,1783.1,2.68938,3.22388,2.0584,0.25109,0.15106,0.10539,0.03364,2.79356,3.21221,2.13927,0.00875425,0.00875425,0.00875425
153,1793.43,2.67517,3.19503,2.08624,0.25667,0.1234,0.10003,0.03251,2.81258,3.30836,2.16873,0.008746,0.008746,0.008746
154,1808.26,2.6685,3.24756,2.07897,0.21053,0.15319,0.10789,0.03412,2.79851,3.29021,2.16439,0.00873775,0.00873775,0.00873775
155,1818.71,2.67713,3.21607,2.08383,0.22353,0.1519,0.09337,0.02814,2.82244,3.24612,2.17958,0.0087295,0.0087295,0.0087295
156,1828.97,2.66839,3.19671,2.08723,0.24133,0.13191,0.09499,0.02941,2.81344,3.24942,2.15546,0.00872125,0.00872125,0.00872125
157,1843.63,2.69579,3.2156,2.08269,0.24398,0.1387,0.09322,0.02993,2.80626,3.24936,2.17126,0.008713,0.008713,0.008713
158,1853.95,2.65431,3.19783,2.06507,0.25326,0.15745,0.11543,0.03843,2.76731,3.16688,2.13325,0.00870475,0.00870475,0.00870475
159,1864.62,2.67609,3.18674,2.0823,0.33334,0.15745,0.13747,0.03883,2.76466,3.1853,2.14776,0.0086965,0.0086965,0.0086965
160,1879.43,2.70201,3.21382,2.09343,0.25274,0.14681,0.09404,0.02947,2.81505,3.20365,2.17022,0.00868825,0.00868825,0.00868825
161,1890.29,2.66843,3.22156,2.07393,0.27437,0.1383,0.10348,0.0289,2.75686,3.22344,2.11804,0.00868,0.00868,0.00868
162,1900.75,2.65924,3.1798,2.07696,0.24124,0.17021,0.1169,0.03797,2.7298,3.18048,2.12309,0.00867175,0.00867175,0.00867175
163,1911.32,2.659,3.19875,2.08784,0.17693,0.18936,0.10209,0.02969,2.73763,3.25701,2.13852,0.0086635,0.0086635,0.0086635
164,1926.17,2.63354,3.16583,2.06359,0.26229,0.16596,0.12525,0.0387,2.75873,3.19431,2.12498,0.00865525,0.00865525,0.00865525
165,1936.56,2.68828,3.18899,2.08812,0.22764,0.15745,0.11227,0.03555,2.72726,3.19025,2.12349,0.008647,0.008647,0.008647
166,1946.92,2.65652,3.15053,2.06278,0.2412,0.16367,0.11273,0.03493,2.73507,3.18921,2.14924,0.00863875,0.00863875,0.00863875
167,1961.58,2.67908,3.18457,2.08206,0.24784,0.11489,0.08543,0.02688,2.77215,3.39987,2.13007,0.0086305,0.0086305,0.0086305
168,1972.01,2.62485,3.15286,2.06603,0.20995,0.15745,0.10326,0.03145,2.76094,3.21647,2.14377,0.00862225,0.00862225,0.00862225
169,1982.36,2.6683,3.15401,2.08047,0.26794,0.15745,0.11991,0.04181,2.77488,3.17161,2.13759,0.008614,0.008614,0.008614
170,1997.46,2.62853,3.13782,2.07065,0.25092,0.13617,0.11427,0.03809,2.74324,3.15876,2.12545,0.00860575,0.00860575,0.00860575
171,2007.92,2.6424,3.10565,2.0635,0.2688,0.15799,0.11265,0.03705,2.75825,3.18457,2.13848,0.0085975,0.0085975,0.0085975
172,2018.32,2.64186,3.15878,2.0671,0.27163,0.17872,0.12728,0.03938,2.76469,3.14607,2.13921,0.00858925,0.00858925,0.00858925
173,2029.27,2.60457,3.15951,2.05274,0.2536,0.14468,0.12338,0.03984,2.71684,3.1779,2.11574,0.008581,0.008581,0.008581
174,2043.33,2.61203,3.15811,2.05933,0.32033,0.1617,0.13882,0.04467,2.74109,3.12452,2.12003,0.00857275,0.00857275,0.00857275
175,2054.07,2.62536,3.11419,2.06931,0.28731,0.15957,0.13921,0.04005,2.72772,3.14741,2.14073,0.0085645,0.0085645,0.0085645
176,2064.23,2.58802,3.13166,2.0421,0.25006,0.14468,0.11764,0.0422,2.71368,3.18075,2.10578,0.00855625,0.00855625,0.00855625
177,2078.98,2.62085,3.1188,2.05695,0.29802,0.15532,0.12754,0.04018,2.69671,3.16036,2.12422,0.008548,0.008548,0.008548
178,2089.4,2.59913,3.13962,2.04615,0.27149,0.16254,0.12355,0.03603,2.71221,3.14956,2.11471,0.00853975,0.00853975,0.00853975
179,2099.77,2.58174,3.10958,2.04356,0.23913,0.16784,0.0995,0.03435,2.73344,3.23528,2.13997,0.0085315,0.0085315,0.0085315
180,2114.8,2.61884,3.10505,2.02928,0.26883,0.15745,0.13862,0.04482,2.67892,3.09534,2.11214,0.00852325,0.00852325,0.00852325
181,2125.5,2.58708,3.06904,2.03184,0.25426,0.14894,0.11472,0.04154,2.71372,3.19435,2.12506,0.008515,0.008515,0.008515
182,2135.86,2.57161,3.09712,2.02283,0.26555,0.15532,0.12331,0.04235,2.65114,3.16433,2.1004,0.00850675,0.00850675,0.00850675
183,2148.68,2.56604,3.05108,2.03484,0.28192,0.15745,0.13433,0.04359,2.70958,3.08486,2.12322,0.0084985,0.0084985,0.0084985
184,2161.15,2.57941,3.08152,2.02994,0.31303,0.15319,0.12577,0.04171,2.7077,3.17102,2.09929,0.00849025,0.00849025,0.00849025
185,2171.44,2.58684,3.08218,2.04234,0.34827,0.1766,0.13231,0.04199,2.72077,3.09443,2.11445,0.008482,0.008482,0.008482
186,2181.54,2.58679,3.07003,2.04659,0.27836,0.18511,0.12901,0.04157,2.69958,3.11106,2.11328,0.00847375,0.00847375,0.00847375
187,2196.41,2.59279,3.09243,2.04597,0.30523,0.17021,0.14345,0.04826,2.68707,3.08278,2.11533,0.0084655,0.0084655,0.0084655
188,2207.07,2.55642,3.06934,2.01995,0.2968,0.1766,0.13716,0.0479,2.69197,3.09854,2.09766,0.00845725,0.00845725,0.00845725
189,2217.36,2.58016,3.08081,2.04519,0.25593,0.18723,0.13658,0.04314,2.68085,3.107,2.10986,0.008449,0.008449,0.008449
190,2234.17,2.61057,3.11589,2.04702,0.26979,0.17872,0.13162,0.03801,2.69537,3.0963,2.11598,0.00844075,0.00844075,0.00844075
191,2245.08,2.54723,3.058,2.02257,0.2536,0.16265,0.12924,0.0452,2.67769,3.14503,2.0951,0.0084325,0.0084325,0.0084325
192,2255.55,2.57613,3.07225,2.01994,0.2526,0.15319,0.121,0.04174,2.69151,3.14682,2.06642,0.00842425,0.00842425,0.00842425
193,2268.33,2.57067,3.07501,2.02797,0.25941,0.17141,0.14002,0.04647,2.69076,3.11578,2.09491,0.008416,0.008416,0.008416
194,2281.15,2.56497,3.0743,2.02298,0.3238,0.18936,0.1485,0.04516,2.68158,3.10855,2.0975,0.00840775,0.00840775,0.00840775
195,2291.37,2.61646,3.07827,2.05545,0.28389,0.18936,0.14333,0.04849,2.66253,3.06991,2.08514,0.0083995,0.0083995,0.0083995
196,2302.07,2.56551,3.06234,2.01262,0.30358,0.19107,0.14485,0.05158,2.65677,3.08144,2.10534,0.00839125,0.00839125,0.00839125
197,2317.23,2.55111,3.03078,2.03235,0.35196,0.17234,0.15238,0.05171,2.67209,3.06939,2.0972,0.008383,0.008383,0.008383
198,2327.93,2.55471,3.03021,1.99108,0.28242,0.18511,0.14423,0.05074,2.71973,3.08644,2.12325,0.00837475,0.00837475,0.00837475
199,2338.28,2.56365,3.05336,2.02821,0.25767,0.18723,0.14187,0.05099,2.6818,3.04242,2.0822,0.0083665,0.0083665,0.0083665
200,2352.92,2.56844,3.03657,2.02908,0.27208,0.16596,0.13858,0.04777,2.62638,3.07581,2.07586,0.00835825,0.00835825,0.00835825
201,2363.3,2.5455,3.03783,2.02168,0.27809,0.17234,0.1441,0.04926,2.64037,3.07825,2.09771,0.00835,0.00835,0.00835
202,2373.62,2.54145,3.01634,2.0201,0.27058,0.17758,0.14686,0.05283,2.63649,3.04429,2.08728,0.00834175,0.00834175,0.00834175
203,2388.34,2.55309,3.02721,2.01826,0.27034,0.18368,0.15138,0.05265,2.65067,3.06871,2.10624,0.0083335,0.0083335,0.0083335
204,2399.92,2.5374,3.03849,2.00878,0.27489,0.16809,0.15015,0.05253,2.62447,3.04792,2.07551,0.00832525,0.00832525,0.00832525
205,2410.33,2.5183,3.01363,2.00412,0.27789,0.17234,0.13928,0.04868,2.62724,3.04448,2.08305,0.008317,0.008317,0.008317
206,2421.94,2.5194,2.99334,1.98274,0.29351,0.18298,0.14883,0.05089,2.62358,3.01823,2.07233,0.00830875,0.00830875,0.00830875
207,2435.41,2.50959,3.00602,2.00247,0.29985,0.1766,0.14755,0.05257,2.6263,3.04376,2.08211,0.0083005,0.0083005,0.0083005
208,2445.68,2.47667,2.95975,1.99127,0.28668,0.20608,0.14775,0.05197,2.61568,3.04535,2.06571,0.00829225,0.00829225,0.00829225
209,2456.06,2.4984,2.98646,2.00365,0.31655,0.21489,0.16665,0.05481,2.64577,3.04897,2.07958,0.008284,0.008284,0.008284
210,2471.1,2.52551,3.01367,2.00889,0.28433,0.18936,0.15128,0.04871,2.65509,3.06936,2.10809,0.00827575,0.00827575,0.00827575
211,2481.45,2.51208,2.99378,1.99403,0.30595,0.21064,0.15463,0.05543,2.65651,3.0624,2.08156,0.0082675,0.0082675,0.0082675
212,2491.84,2.51282,3.00243,1.99898,0.29322,0.2,0.14465,0.04827,2.60915,3.04142,2.07153,0.00825925,0.00825925,0.00825925
213,2506.7,2.52105,3.01553,1.99268,0.26351,0.19787,0.13778,0.04669,2.62597,3.03583,2.08838,0.008251,0.008251,0.008251
214,2517.18,2.5086,2.96594,1.98559,0.23983,0.18936,0.12781,0.04545,2.6169,3.04905,2.07472,0.00824275,0.00824275,0.00824275
215,2527.6,2.47078,2.96392,1.96757,0.30539,0.18511,0.14818,0.04989,2.64824,3.03083,2.07764,0.0082345,0.0082345,0.0082345
216,2539.39,2.50126,2.9812,1.98273,0.35078,0.18298,0.15266,0.04914,2.65008,3.02851,2.07223,0.00822625,0.00822625,0.00822625
217,2553.03,2.44346,2.95658,1.97891,0.32058,0.18085,0.15616,0.05518,2.60874,2.98733,2.07488,0.008218,0.008218,0.008218
218,2563.45,2.51109,2.99934,1.99972,0.33624,0.19293,0.17097,0.0586,2.62086,2.99945,2.0813,0.00820975,0.00820975,0.00820975
219,2574.15,2.47665,2.96168,1.97944,0.31054,0.16596,0.15354,0.05586,2.61657,3.03053,2.08303,0.0082015,0.0082015,0.0082015
220,2588.92,2.48489,2.98483,1.98755,0.33115,0.18085,0.1536,0.05676,2.62341,2.97731,2.07078,0.00819325,0.00819325,0.00819325
221,2599.35,2.48098,2.9341,1.98944,0.33887,0.20213,0.17119,0.06075,2.63693,2.95337,2.06567,0.008185,0.008185,0.008185
222,2610.05,2.48382,2.96119,1.96962,0.38326,0.18085,0.18115,0.06051,2.62796,2.98208,2.05452,0.00817675,0.00817675,0.00817675
223,2624.94,2.49546,2.96099,1.97937,0.29067,0.18723,0.16041,0.05905,2.58518,2.96659,2.05561,0.0081685,0.0081685,0.0081685
224,2635.3,2.51105,2.95901,1.99238,0.29921,0.19787,0.15573,0.057,2.61727,2.99551,2.06763,0.00816025,0.00816025,0.00816025
225,2645.71,2.49496,2.95486,1.98961,0.3015,0.19362,0.15889,0.05689,2.57278,2.97816,2.08222,0.008152,0.008152,0.008152
226,2659.86,2.50403,2.98297,1.99207,0.32484,0.19149,0.15072,0.05184,2.56436,2.99887,2.07622,0.00814375,0.00814375,0.00814375
227,2671.12,2.46624,2.90869,1.96821,0.30332,0.19574,0.15042,0.05265,2.59098,2.98095,2.08382,0.0081355,0.0081355,0.0081355
228,2681.64,2.44572,2.90874,1.95706,0.28608,0.19574,0.16056,0.05735,2.62591,3.01501,2.06521,0.00812725,0.00812725,0.00812725
229,2692.5,2.46412,2.95829,1.96781,0.31991,0.21418,0.17525,0.0638,2.58816,2.95575,2.07291,0.008119,0.008119,0.008119
230,2707.44,2.44834,2.89184,1.95808,0.30831,0.2,0.16969,0.06342,2.55028,2.95755,2.05825,0.00811075,0.00811075,0.00811075
231,2717.8,2.46651,2.91113,1.96425,0.34669,0.19574,0.1729,0.06472,2.60373,2.9819,2.08699,0.0081025,0.0081025,0.0081025
232,2728.31,2.44085,2.86607,1.94602,0.24779,0.18936,0.15832,0.05802,2.58945,3.00072,2.08246,0.00809425,0.00809425,0.00809425
233,2743,2.4447,2.93578,1.95458,0.29062,0.17872,0.14971,0.05285,2.58883,2.93938,2.06995,0.008086,0.008086,0.008086
234,2753.31,2.42833,2.88724,1.96295,0.3195,0.20638,0.16852,0.06081,2.57956,2.95137,2.06505,0.00807775,0.00807775,0.00807775
235,2763.66,2.43257,2.90121,1.967,0.30767,0.21558,0.17003,0.06331,2.55974,2.9503,2.07459,0.0080695,0.0080695,0.0080695
236,2778.21,2.41508,2.88549,1.95191,0.30866,0.22553,0.16985,0.06331,2.53122,2.96535,2.07534,0.00806125,0.00806125,0.00806125
237,2789.04,2.41971,2.87686,1.95197,0.30318,0.21489,0.1684,0.06286,2.52844,2.92701,2.06286,0.008053,0.008053,0.008053
238,2799.42,2.40811,2.86075,1.93042,0.28572,0.21702,0.16406,0.06019,2.53791,2.89986,2.05272,0.00804475,0.00804475,0.00804475
239,2811.07,2.36767,2.88123,1.92725,0.2922,0.19362,0.16748,0.0652,2.53056,2.93639,2.02477,0.0080365,0.0080365,0.0080365
240,2824.77,2.41925,2.9038,1.93139,0.27857,0.20426,0.16306,0.06081,2.5566,2.94454,2.04803,0.00802825,0.00802825,0.00802825
241,2835.09,2.42426,2.88923,1.95512,0.30717,0.22766,0.17625,0.0637,2.53597,2.95224,2.05114,0.00802,0.00802,0.00802
242,2845.47,2.40869,2.86958,1.94788,0.31455,0.1982,0.18076,0.07009,2.52406,2.92406,2.04081,0.00801175,0.00801175,0.00801175
243,2860.62,2.4348,2.88956,1.95386,0.34419,0.18511,0.17407,0.06316,2.57806,2.96256,2.05419,0.0080035,0.0080035,0.0080035
244,2870.81,2.38593,2.8439,1.91871,0.31702,0.2,0.18062,0.06885,2.52159,2.93342,2.01259,0.00799525,0.00799525,0.00799525
245,2881.12,2.43716,2.87796,1.94141,0.32743,0.22128,0.18003,0.0679,2.52337,2.90152,2.02828,0.007987,0.007987,0.007987
246,2895.99,2.42099,2.84357,1.94185,0.28037,0.20638,0.14978,0.05392,2.56501,2.96707,2.04675,0.00797875,0.00797875,0.00797875
247,2906.37,2.39493,2.84996,1.93263,0.26461,0.22128,0.17575,0.0649,2.54993,2.91222,2.0561,0.0079705,0.0079705,0.0079705
248,2916.75,2.39688,2.86437,1.94758,0.31557,0.21277,0.16586,0.0643,2.53178,2.92466,2.02733,0.00796225,0.00796225,0.00796225
249,2928.97,2.39111,2.80592,1.92157,0.34404,0.23191,0.18911,0.07429,2.53397,2.91005,2.02927,0.007954,0.007954,0.007954
250,2943.11,2.41996,2.83593,1.92501,0.29444,0.21064,0.17878,0.0681,2.51436,2.91121,2.04063,0.00794575,0.00794575,0.00794575
251,2953.59,2.38318,2.81281,1.91656,0.27326,0.22553,0.18338,0.07422,2.53576,2.87627,2.02526,0.0079375,0.0079375,0.0079375
252,2964.22,2.37962,2.82036,1.92541,0.32464,0.21277,0.18921,0.07203,2.53728,2.86962,2.03281,0.00792925,0.00792925,0.00792925
253,2979.12,2.38303,2.81874,1.92475,0.29478,0.20638,0.17672,0.0718,2.54008,2.87698,2.01925,0.007921,0.007921,0.007921
254,2989.5,2.39111,2.83004,1.91734,0.3016,0.20638,0.17952,0.07066,2.52829,2.8838,2.03448,0.00791275,0.00791275,0.00791275
255,2999.95,2.38704,2.8234,1.92762,0.3161,0.21702,0.18731,0.07083,2.49866,2.87283,2.03641,0.0079045,0.0079045,0.0079045
256,3014.7,2.33577,2.77262,1.89433,0.31872,0.22766,0.18846,0.07068,2.5372,2.82838,2.03958,0.00789625,0.00789625,0.00789625
257,3025.01,2.36037,2.78882,1.91818,0.34187,0.21915,0.1851,0.07385,2.54557,2.86512,2.03732,0.007888,0.007888,0.007888
258,3035.38,2.38497,2.81091,1.92248,0.32129,0.21702,0.19111,0.07504,2.52007,2.85032,2.02996,0.00787975,0.00787975,0.00787975
259,3050.04,2.37685,2.80704,1.91974,0.32291,0.20638,0.19141,0.07562,2.51373,2.87971,2.0312,0.0078715,0.0078715,0.0078715
260,3061.35,2.37895,2.75445,1.90942,0.28776,0.19149,0.17585,0.06959,2.54557,2.88391,2.05298,0.00786325,0.00786325,0.00786325
261,3071.7,2.33863,2.73775,1.88959,0.33259,0.22979,0.20142,0.07847,2.53703,2.83791,2.04624,0.007855,0.007855,0.007855
262,3083.86,2.34475,2.76805,1.88577,0.33297,0.24681,0.21077,0.07513,2.52267,2.83721,2.03962,0.00784675,0.00784675,0.00784675
263,3097.5,2.32466,2.77692,1.89307,0.39971,0.21702,0.20815,0.0853,2.46264,2.8277,1.99762,0.0078385,0.0078385,0.0078385
264,3108.27,2.35231,2.72984,1.89857,0.36513,0.2117,0.20516,0.07943,2.49133,2.85346,2.01716,0.00783025,0.00783025,0.00783025
265,3118.69,2.34404,2.74328,1.89614,0.29293,0.24255,0.19997,0.08404,2.46016,2.79576,2.01123,0.007822,0.007822,0.007822
266,3133.37,2.31768,2.72741,1.89839,0.35865,0.20851,0.19231,0.07901,2.44863,2.86018,2.03579,0.00781375,0.00781375,0.00781375
267,3143.81,2.35678,2.7277,1.89661,0.33404,0.21024,0.1965,0.08078,2.46599,2.8468,2.00688,0.0078055,0.0078055,0.0078055
268,3154.07,2.34932,2.75764,1.89085,0.36006,0.21702,0.19801,0.08109,2.45792,2.85948,2.01499,0.00779725,0.00779725,0.00779725
269,3168.74,2.3235,2.71259,1.88676,0.33183,0.2234,0.18562,0.07117,2.46984,2.83618,2.02256,0.007789,0.007789,0.007789
270,3179.12,2.31196,2.75942,1.89056,0.29309,0.21915,0.19741,0.08194,2.48831,2.79778,2.03444,0.00778075,0.00778075,0.00778075
271,3189.55,2.30587,2.71717,1.87398,0.3693,0.21489,0.20379,0.07999,2.50644,2.81897,2.03808,0.0077725,0.0077725,0.0077725
272,3202.04,2.32882,2.70787,1.88769,0.36114,0.21702,0.20258,0.08111,2.475,2.8629,2.01302,0.00776425,0.00776425,0.00776425
273,3214.73,2.32774,2.72524,1.88485,0.35544,0.21277,0.21583,0.09194,2.48181,2.82467,2.00238,0.007756,0.007756,0.007756
274,3225.46,2.3446,2.68282,1.88137,0.31713,0.23404,0.21087,0.08184,2.51028,2.80863,2.03438,0.00774775,0.00774775,0.00774775
275,3235.75,2.30732,2.67864,1.87151,0.34166,0.22553,0.21688,0.08722,2.4542,2.81925,1.99875,0.0077395,0.0077395,0.0077395
276,3252.47,2.31934,2.69966,1.86649,0.37393,0.2234,0.20839,0.08479,2.44332,2.79271,1.99279,0.00773125,0.00773125,0.00773125
277,3263.4,2.27791,2.65586,1.85824,0.3296,0.21863,0.21069,0.08964,2.42341,2.76445,1.9807,0.007723,0.007723,0.007723
278,3273.81,2.30884,2.7025,1.88105,0.34591,0.2234,0.21135,0.09031,2.44113,2.7994,1.99184,0.00771475,0.00771475,0.00771475
279,3286.42,2.26699,2.68207,1.86365,0.31834,0.2494,0.20954,0.08906,2.44649,2.7776,1.99726,0.0077065,0.0077065,0.0077065
280,3301,2.29139,2.67511,1.85724,0.33085,0.20851,0.20451,0.08396,2.44105,2.77273,1.99943,0.00769825,0.00769825,0.00769825
281,3311.53,2.27617,2.65966,1.85611,0.3321,0.24681,0.21282,0.08843,2.42306,2.76083,1.98188,0.00769,0.00769,0.00769
282,3324.25,2.31343,2.6853,1.87798,0.34326,0.22979,0.20897,0.08289,2.45661,2.81013,1.99974,0.00768175,0.00768175,0.00768175
283,3335.86,2.28766,2.68275,1.85924,0.32503,0.22553,0.21358,0.08639,2.42353,2.7435,1.98685,0.0076735,0.0076735,0.0076735
284,3349.46,2.27051,2.65712,1.84644,0.42085,0.20638,0.20732,0.08984,2.39811,2.75337,1.98664,0.00766525,0.00766525,0.00766525
285,3362.31,2.29193,2.63116,1.85497,0.36822,0.21915,0.22501,0.09795,2.41608,2.73852,2.00045,0.007657,0.007657,0.007657
286,3373,2.2611,2.65368,1.8504,0.37071,0.25106,0.23192,0.10128,2.41034,2.72245,1.99645,0.00764875,0.00764875,0.00764875
287,3387.1,2.23889,2.63655,1.8334,0.34691,0.24638,0.22568,0.09327,2.46235,2.72885,1.99992,0.0076405,0.0076405,0.0076405
288,3400.94,2.24895,2.61468,1.84096,0.38259,0.24468,0.22776,0.1013,2.40236,2.7197,1.96407,0.00763225,0.00763225,0.00763225
289,3411.33,2.24526,2.62317,1.84123,0.40834,0.2383,0.24617,0.10696,2.39811,2.70284,1.98174,0.007624,0.007624,0.007624
290,3422.1,2.26055,2.61659,1.83676,0.35079,0.25957,0.24171,0.10753,2.39005,2.70417,1.96274,0.00761575,0.00761575,0.00761575
291,3439.77,2.26613,2.65218,1.84354,0.3894,0.24255,0.2309,0.10151,2.35823,2.73463,1.96068,0.0076075,0.0076075,0.0076075
292,3450.12,2.22701,2.59338,1.8261,0.37893,0.26383,0.23926,0.10447,2.34422,2.69184,1.95373,0.00759925,0.00759925,0.00759925
293,3460.53,2.25244,2.5827,1.83952,0.33286,0.2617,0.24259,0.10617,2.3605,2.71603,1.955,0.007591,0.007591,0.007591
294,3476.66,2.24648,2.56505,1.82106,0.32963,0.26596,0.23039,0.10278,2.38949,2.70388,1.96887,0.00758275,0.00758275,0.00758275
295,3487.91,2.23124,2.53488,1.81421,0.36992,0.2617,0.24161,0.1026,2.3806,2.70467,1.95922,0.0075745,0.0075745,0.0075745
296,3498.3,2.22637,2.5938,1.81974,0.36631,0.25106,0.22904,0.09262,2.39316,2.70267,1.97363,0.00756625,0.00756625,0.00756625
297,3508.98,2.2499,2.59751,1.83103,0.33164,0.27021,0.24189,0.10328,2.39872,2.66514,1.96529,0.007558,0.007558,0.007558
298,3525.52,2.2054,2.54896,1.8138,0.39076,0.26809,0.24991,0.1065,2.37162,2.60151,1.94431,0.00754975,0.00754975,0.00754975
299,3535.79,2.21219,2.56227,1.81643,0.36519,0.27234,0.24658,0.10748,2.35287,2.60102,1.93198,0.0075415,0.0075415,0.0075415
300,3546.41,2.21629,2.53286,1.82526,0.39752,0.24894,0.24473,0.10854,2.36601,2.6352,1.93431,0.00753325,0.00753325,0.00753325
301,3561.58,2.24359,2.56508,1.8325,0.37656,0.25957,0.24082,0.10423,2.38733,2.65997,1.95535,0.007525,0.007525,0.007525
302,3574.63,2.2302,2.51848,1.81495,0.40437,0.26578,0.26246,0.11356,2.35901,2.62074,1.92675,0.00751675,0.00751675,0.00751675
303,3585.43,2.19675,2.5128,1.80557,0.42668,0.26383,0.25901,0.11302,2.36414,2.62642,1.92778,0.0075085,0.0075085,0.0075085
304,3598.04,2.2428,2.54744,1.80781,0.37638,0.2766,0.26077,0.11392,2.35327,2.62588,1.9359,0.00750025,0.00750025,0.00750025
305,3613.53,2.23188,2.50841,1.80635,0.39743,0.28298,0.26674,0.1199,2.36037,2.59307,1.92781,0.007492,0.007492,0.007492
306,3624.08,2.18278,2.47721,1.78376,0.38452,0.24894,0.25539,0.11257,2.35572,2.61878,1.95896,0.00748375,0.00748375,0.00748375
307,3636.69,2.20197,2.52776,1.79764,0.31818,0.29149,0.25611,0.11228,2.36428,2.60167,1.93972,0.0074755,0.0074755,0.0074755
308,3648.13,2.17893,2.4988,1.77753,0.39782,0.2488,0.2533,0.1128,2.3856,2.60669,1.93432,0.00746725,0.00746725,0.00746725
309,3662.31,2.19385,2.49704,1.79363,0.42705,0.23947,0.2561,0.11392,2.3811,2.61873,1.94151,0.007459,0.007459,0.007459
310,3674.95,2.19638,2.51124,1.80339,0.36655,0.25978,0.26286,0.12004,2.33593,2.59938,1.92975,0.00745075,0.00745075,0.00745075
311,3685.32,2.18954,2.4748,1.77476,0.4056,0.27872,0.26959,0.12429,2.32848,2.57539,1.92069,0.0074425,0.0074425,0.0074425
312,3698.12,2.18374,2.48441,1.79832,0.36553,0.27948,0.26533,0.12263,2.30331,2.58855,1.89596,0.00743425,0.00743425,0.00743425
313,3712.29,2.16404,2.43012,1.7808,0.43159,0.25106,0.2666,0.1248,2.29304,2.58571,1.89261,0.007426,0.007426,0.007426
314,3723.1,2.15669,2.4609,1.79191,0.40349,0.26383,0.27503,0.12618,2.31588,2.58818,1.89449,0.00741775,0.00741775,0.00741775
315,3733.69,2.15057,2.45578,1.77936,0.48568,0.25106,0.28599,0.12847,2.30036,2.54473,1.88748,0.0074095,0.0074095,0.0074095
316,3750.72,2.17008,2.45876,1.77271,0.41032,0.28936,0.28438,0.13109,2.30693,2.53251,1.8964,0.00740125,0.00740125,0.00740125
317,3761.53,2.16246,2.40136,1.79229,0.40841,0.29149,0.28156,0.12724,2.28683,2.52498,1.88039,0.007393,0.007393,0.007393
318,3771.87,2.16421,2.43055,1.7739,0.40831,0.28936,0.2881,0.12829,2.31064,2.52463,1.87945,0.00738475,0.00738475,0.00738475
319,3782.73,2.13975,2.45125,1.76645,0.39926,0.30213,0.28687,0.13569,2.27165,2.52823,1.86561,0.0073765,0.0073765,0.0073765
320,3799.55,2.1664,2.43563,1.78633,0.41305,0.30426,0.29106,0.13815,2.25853,2.51686,1.87364,0.00736825,0.00736825,0.00736825
321,3810.45,2.1023,2.36025,1.74933,0.41335,0.31489,0.30336,0.14284,2.26452,2.50365,1.86914,0.00736,0.00736,0.00736
322,3821.26,2.16312,2.4001,1.7727,0.4422,0.28936,0.2959,0.13895,2.29338,2.52426,1.90138,0.00735175,0.00735175,0.00735175
323,3838.42,2.17189,2.37289,1.77983,0.4385,0.30426,0.30595,0.14703,2.27485,2.47256,1.89942,0.0073435,0.0073435,0.0073435
324,3849.3,2.1229,2.37568,1.75238,0.39843,0.30213,0.30555,0.14265,2.26707,2.4328,1.87504,0.00733525,0.00733525,0.00733525
325,3859.73,2.10511,2.38561,1.75966,0.43076,0.29149,0.30014,0.14043,2.27848,2.44394,1.88171,0.007327,0.007327,0.007327
326,3874.01,2.12053,2.34928,1.75159,0.38847,0.30213,0.29922,0.143,2.26534,2.45178,1.87972,0.00731875,0.00731875,0.00731875
327,3887.13,2.12449,2.34573,1.74874,0.39448,0.30638,0.299,0.14211,2.28715,2.4589,1.88068,0.0073105,0.0073105,0.0073105
328,3897.39,2.13064,2.36848,1.74975,0.42217,0.32128,0.31404,0.14681,2.25932,2.42482,1.86652,0.00730225,0.00730225,0.00730225
329,3910.43,2.11734,2.37004,1.73776,0.47158,0.28723,0.30821,0.14275,2.23226,2.40338,1.84734,0.007294,0.007294,0.007294
330,3924.66,2.11025,2.31983,1.75162,0.43714,0.30851,0.30671,0.13917,2.25221,2.3985,1.85625,0.00728575,0.00728575,0.00728575
331,3935.99,2.15318,2.36923,1.7659,0.46233,0.31285,0.31615,0.14902,2.22275,2.36864,1.84837,0.0072775,0.0072775,0.0072775
332,3948.69,2.09548,2.3246,1.72241,0.4405,0.32979,0.32679,0.15709,2.21802,2.36097,1.84624,0.00726925,0.00726925,0.00726925
333,3959.7,2.11012,2.36635,1.74949,0.41542,0.32766,0.31087,0.15163,2.21734,2.3843,1.86038,0.007261,0.007261,0.007261
334,3974.44,2.09885,2.32064,1.73856,0.40548,0.3294,0.31465,0.15574,2.21091,2.37138,1.84648,0.00725275,0.00725275,0.00725275
335,3987.03,2.13216,2.35032,1.74663,0.44667,0.30229,0.32155,0.15686,2.21192,2.35533,1.8468,0.0072445,0.0072445,0.0072445
336,3997.41,2.09106,2.31488,1.72834,0.3972,0.34894,0.32484,0.1595,2.22705,2.36544,1.85666,0.00723625,0.00723625,0.00723625
337,4010.51,2.1029,2.35214,1.72753,0.46186,0.34512,0.33783,0.16288,2.21182,2.35447,1.85305,0.007228,0.007228,0.007228
338,4025.92,2.06705,2.28052,1.72299,0.46342,0.34043,0.3325,0.16289,2.20463,2.3659,1.83595,0.00721975,0.00721975,0.00721975
339,4036.32,2.09596,2.29375,1.71596,0.49495,0.32766,0.33375,0.16161,2.21978,2.36995,1.82004,0.0072115,0.0072115,0.0072115
340,4046.69,2.0826,2.30805,1.72819,0.47866,0.33617,0.34341,0.16667,2.21294,2.34335,1.8345,0.00720325,0.00720325,0.00720325
341,4064.06,2.06748,2.29592,1.71754,0.427,0.35319,0.33739,0.16292,2.21465,2.35757,1.84534,0.007195,0.007195,0.007195
342,4074.42,2.05435,2.30551,1.69529,0.4521,0.32128,0.32943,0.16302,2.17836,2.36801,1.84792,0.00718675,0.00718675,0.00718675
343,4084.79,2.07672,2.31174,1.71569,0.45376,0.3383,0.33744,0.16828,2.17015,2.33242,1.83228,0.0071785,0.0071785,0.0071785
344,4096.82,2.05801,2.26233,1.70777,0.4864,0.3224,0.34075,0.17007,2.12747,2.32372,1.80154,0.00717025,0.00717025,0.00717025
345,4113.06,2.07332,2.23533,1.72029,0.48985,0.32553,0.33625,0.16487,2.13987,2.30367,1.79776,0.007162,0.007162,0.007162
346,4123.45,2.04696,2.26159,1.70992,0.50579,0.33404,0.34305,0.16999,2.18242,2.31774,1.80427,0.00715375,0.00715375,0.00715375
347,4134.2,2.02044,2.24462,1.69433,0.4807,0.33191,0.34819,0.17363,2.17253,2.30231,1.80289,0.0071455,0.0071455,0.0071455
348,4151.39,2.06287,2.29014,1.71618,0.46311,0.34681,0.34984,0.17116,2.19941,2.2872,1.81474,0.00713725,0.00713725,0.00713725
349,4161.78,2.04784,2.25271,1.69106,0.51507,0.34043,0.36809,0.1822,2.17244,2.25492,1.79766,0.007129,0.007129,0.007129
350,4172.48,2.0226,2.19297,1.67977,0.50041,0.37872,0.38319,0.19045,2.16693,2.25188,1.80267,0.00712075,0.00712075,0.00712075
351,4187.24,2.07049,2.27612,1.7074,0.48249,0.35532,0.37469,0.18681,2.15756,2.25986,1.79213,0.0071125,0.0071125,0.0071125
352,4200.34,2.02709,2.23581,1.69054,0.52438,0.34894,0.37474,0.1835,2.15818,2.26377,1.79334,0.00710425,0.00710425,0.00710425
353,4210.8,2.03644,2.24496,1.70964,0.52444,0.34255,0.37947,0.18928,2.14608,2.25834,1.78501,0.007096,0.007096,0.007096
354,4223.4,2.01056,2.1868,1.69179,0.47407,0.35745,0.37236,0.18932,2.14228,2.25215,1.78648,0.00708775,0.00708775,0.00708775
355,4237.34,2.01357,2.17874,1.68423,0.54854,0.36596,0.3793,0.1924,2.12028,2.27111,1.78192,0.0070795,0.0070795,0.0070795
356,4249.33,2.00402,2.18224,1.67613,0.53394,0.37294,0.3925,0.20155,2.12769,2.23964,1.78016,0.00707125,0.00707125,0.00707125
357,4262.35,1.99101,2.18301,1.67427,0.55535,0.37447,0.40246,0.20007,2.10888,2.2147,1.75974,0.007063,0.007063,0.007063
358,4272.85,2.01157,2.1627,1.66588,0.52659,0.38103,0.40675,0.20134,2.13106,2.19846,1.76952,0.00705475,0.00705475,0.00705475
359,4288.14,2.02414,2.18213,1.6828,0.52826,0.38511,0.39601,0.19874,2.14075,2.2182,1.77783,0.0070465,0.0070465,0.0070465
360,4300.78,1.99172,2.17404,1.67278,0.53385,0.36596,0.38447,0.19405,2.12077,2.19703,1.76502,0.00703825,0.00703825,0.00703825
361,4311.01,1.98474,2.17251,1.66819,0.51527,0.37234,0.39116,0.20683,2.10096,2.18674,1.75867,0.00703,0.00703,0.00703
362,4323.85,1.94947,2.08333,1.65421,0.55179,0.3641,0.39777,0.20309,2.11849,2.19658,1.77369,0.00702175,0.00702175,0.00702175
363,4338.14,1.98829,2.13209,1.6619,0.63395,0.35375,0.41561,0.21052,2.1252,2.15009,1.78395,0.0070135,0.0070135,0.0070135
364,4348.85,2.00843,2.154,1.67927,0.57452,0.37872,0.41451,0.21724,2.10155,2.1259,1.77274,0.00700525,0.00700525,0.00700525
365,4359.49,2.00764,2.1351,1.66043,0.60057,0.35532,0.41391,0.217,2.10897,2.12807,1.76612,0.006997,0.006997,0.006997
366,4376.34,1.97311,2.13444,1.66205,0.55278,0.38298,0.40458,0.21391,2.10368,2.13057,1.75986,0.00698875,0.00698875,0.00698875
367,4386.49,1.97728,2.11796,1.65371,0.51169,0.37011,0.40234,0.20977,2.11126,2.15417,1.77057,0.0069805,0.0069805,0.0069805
368,4396.81,1.98998,2.11356,1.67739,0.53988,0.36596,0.41484,0.21909,2.11905,2.14152,1.7711,0.00697225,0.00697225,0.00697225
369,4407.81,1.95072,2.06666,1.6391,0.72809,0.33614,0.43346,0.22614,2.09166,2.11212,1.7386,0.006964,0.006964,0.006964
370,4425.12,1.95041,2.07969,1.62925,0.5565,0.38298,0.43206,0.21775,2.09362,2.10754,1.746,0.00695575,0.00695575,0.00695575
371,4435.5,1.96892,2.09412,1.64506,0.59912,0.3784,0.43413,0.22792,2.06702,2.1082,1.7378,0.0069475,0.0069475,0.0069475
372,4446.16,1.95788,2.08265,1.63553,0.56148,0.41137,0.4489,0.23144,2.05101,2.08331,1.72002,0.00693925,0.00693925,0.00693925
373,4463.19,1.94941,2.0599,1.65096,0.63498,0.37872,0.45118,0.23337,2.04157,2.08368,1.72878,0.006931,0.006931,0.006931
374,4473.9,1.93207,2.07536,1.63153,0.53048,0.40213,0.44462,0.23403,2.04501,2.08262,1.70949,0.00692275,0.00692275,0.00692275
375,4484.31,1.91186,2.05065,1.6338,0.57901,0.40213,0.45183,0.23938,2.02211,2.06777,1.71632,0.0069145,0.0069145,0.0069145
376,4498.5,1.96462,2.09825,1.64549,0.54736,0.41489,0.4525,0.24352,2.02133,2.03664,1.72212,0.00690625,0.00690625,0.00690625
377,4512.91,1.92736,2.03602,1.62128,0.56387,0.37872,0.43799,0.2393,2.01618,2.05673,1.71504,0.006898,0.006898,0.006898
378,4523.28,1.96642,2.1049,1.66063,0.54078,0.39362,0.43278,0.23662,2.02509,2.06333,1.71361,0.00688975,0.00688975,0.00688975
379,4535.91,1.89915,2.00773,1.61859,0.56799,0.40213,0.45374,0.24874,2.01833,2.03849,1.71112,0.0068815,0.0068815,0.0068815
380,4549.91,1.94387,2.05969,1.65278,0.55883,0.4234,0.46546,0.25123,2.01242,2.00057,1.7173,0.00687325,0.00687325,0.00687325
381,4562.17,1.92697,2.01957,1.64021,0.54682,0.44468,0.46545,0.25255,2.01694,1.99242,1.72635,0.006865,0.006865,0.006865
382,4575.19,1.92251,2.03979,1.62823,0.58667,0.41489,0.45882,0.2518,2.01326,2.00183,1.71494,0.00685675,0.00685675,0.00685675
383,4585.64,1.90716,2.03247,1.61527,0.61787,0.43617,0.4751,0.26165,1.99786,1.99596,1.69804,0.0068485,0.0068485,0.0068485
384,4600.92,1.89592,2.02246,1.63,0.63752,0.40426,0.47525,0.26169,2.00248,1.9772,1.6986,0.00684025,0.00684025,0.00684025
385,4613.6,1.92766,2.07925,1.62943,0.66181,0.38936,0.4869,0.26139,2.00752,1.97837,1.70364,0.006832,0.006832,0.006832
386,4624.26,1.86813,1.96996,1.58668,0.63875,0.42553,0.49601,0.26865,2.00171,1.97578,1.70095,0.00682375,0.00682375,0.00682375
387,4637.34,1.86,1.95653,1.61449,0.63095,0.42197,0.48069,0.25675,2.02082,2.03917,1.71148,0.0068155,0.0068155,0.0068155
388,4654.65,1.8733,1.95238,1.59644,0.61322,0.4383,0.47508,0.2591,2.01756,2.02089,1.70326,0.00680725,0.00680725,0.00680725
389,4665.04,1.90765,1.99352,1.62149,0.66604,0.40311,0.47526,0.25226,2.01218,2.00303,1.68936,0.006799,0.006799,0.006799
390,4675.46,1.90526,1.98851,1.61306,0.63481,0.4234,0.48485,0.26256,1.98358,1.96435,1.67472,0.00679075,0.00679075,0.00679075
391,4692.43,1.90424,2.01776,1.62243,0.66548,0.40638,0.47484,0.2632,1.99511,1.96577,1.67651,0.0067825,0.0067825,0.0067825
392,4702.85,1.88557,2.00755,1.58248,0.60852,0.43656,0.48741,0.2656,2.00463,1.95788,1.68082,0.00677425,0.00677425,0.00677425
393,4713.23,1.90272,1.97317,1.60025,0.67227,0.41702,0.49248,0.26803,1.97977,1.93685,1.66929,0.006766,0.006766,0.006766
394,4725.46,1.90368,1.97437,1.59317,0.59225,0.43884,0.502,0.27076,1.96182,1.93889,1.6669,0.00675775,0.00675775,0.00675775
395,4741.51,1.90392,1.97601,1.59482,0.66058,0.44721,0.5122,0.28345,1.94816,1.93012,1.65594,0.0067495,0.0067495,0.0067495
396,4752.29,1.86075,1.93607,1.57418,0.68744,0.41648,0.49727,0.2751,1.9507,1.95796,1.66177,0.00674125,0.00674125,0.00674125
397,4762.75,1.87567,1.92379,1.57215,0.67534,0.44043,0.49589,0.26918,1.95698,1.93831,1.66368,0.006733,0.006733,0.006733
398,4781.27,1.83986,1.89821,1.57684,0.64052,0.44894,0.5058,0.27368,1.9513,1.91564,1.66322,0.00672475,0.00672475,0.00672475
399,4791.67,1.84846,1.92294,1.58385,0.69634,0.42128,0.49817,0.27104,1.96547,1.92745,1.67003,0.0067165,0.0067165,0.0067165
400,4801.82,1.85218,1.95436,1.57791,0.65834,0.45106,0.51582,0.28394,1.93909,1.89485,1.65124,0.00670825,0.00670825,0.00670825
401,4819.06,1.88305,2.0002,1.60084,0.65187,0.45419,0.50857,0.28318,1.92458,1.89877,1.64088,0.0067,0.0067,0.0067
402,4829.45,1.88416,1.96953,1.5926,0.64353,0.44557,0.50642,0.27703,1.92771,1.90065,1.65623,0.00669175,0.00669175,0.00669175
403,4839.86,1.83999,1.88471,1.56707,0.64362,0.44957,0.50857,0.27358,1.93471,1.89905,1.6526,0.0066835,0.0066835,0.0066835
404,4851.02,1.83982,1.90441,1.57031,0.63215,0.46383,0.51169,0.28076,1.94333,1.8826,1.64652,0.00667525,0.00667525,0.00667525
405,4866.21,1.8384,1.8578,1.5702,0.68207,0.44681,0.51772,0.28337,1.92762,1.87232,1.63954,0.006667,0.006667,0.006667
406,4876.49,1.84328,1.91108,1.56331,0.63273,0.47447,0.5291,0.28443,1.93205,1.88165,1.64318,0.00665875,0.00665875,0.00665875
407,4887.49,1.83587,1.93702,1.56861,0.63507,0.44432,0.52198,0.28332,1.93945,1.9012,1.62679,0.0066505,0.0066505,0.0066505
408,4901.49,1.84248,1.91597,1.57198,0.69608,0.44833,0.53131,0.28513,1.94239,1.88575,1.62392,0.00664225,0.00664225,0.00664225
409,4915.61,1.84965,1.90912,1.56144,0.67982,0.45745,0.53372,0.28537,1.93563,1.89029,1.62021,0.006634,0.006634,0.006634
410,4926.82,1.80697,1.86928,1.55909,0.64988,0.46809,0.53083,0.28443,1.93775,1.87983,1.62728,0.00662575,0.00662575,0.00662575
411,4939.07,1.82474,1.87035,1.54993,0.64718,0.4617,0.53456,0.28938,1.91649,1.85521,1.61508,0.0066175,0.0066175,0.0066175
412,4954.16,1.80239,1.85907,1.54414,0.67048,0.4766,0.53001,0.29254,1.9037,1.85789,1.61122,0.00660925,0.00660925,0.00660925
413,4966.08,1.82638,1.8887,1.55702,0.65778,0.47872,0.54286,0.29363,1.89028,1.85984,1.60878,0.006601,0.006601,0.006601
414,4978.69,1.78412,1.82196,1.53794,0.65666,0.46383,0.54003,0.29688,1.8978,1.84919,1.60798,0.00659275,0.00659275,0.00659275
415,4989.6,1.83701,1.88084,1.5466,0.70999,0.45745,0.54858,0.3011,1.90036,1.84664,1.60103,0.0065845,0.0065845,0.0065845
416,5005.72,1.82585,1.87987,1.55981,0.65357,0.49787,0.5545,0.30252,1.89898,1.84684,1.60582,0.00657625,0.00657625,0.00657625
417,5018.2,1.76772,1.8363,1.53458,0.64621,0.48936,0.54358,0.29969,1.9234,1.85405,1.61236,0.006568,0.006568,0.006568
418,5028.56,1.82636,1.85583,1.54954,0.64713,0.47872,0.54563,0.31028,1.89886,1.83223,1.60053,0.00655975,0.00655975,0.00655975
419,5041.9,1.78898,1.83147,1.53642,0.69574,0.48298,0.55554,0.31029,1.87346,1.81435,1.6055,0.0065515,0.0065515,0.0065515
420,5056.6,1.77497,1.81351,1.53166,0.65989,0.4995,0.56173,0.31752,1.86211,1.80785,1.60256,0.00654325,0.00654325,0.00654325
421,5067.11,1.81253,1.8561,1.55365,0.66381,0.50426,0.56337,0.31612,1.86388,1.80227,1.59848,0.006535,0.006535,0.006535
422,5077.48,1.81138,1.86745,1.53774,0.68893,0.49787,0.57071,0.32059,1.85488,1.78403,1.58884,0.00652675,0.00652675,0.00652675
423,5094.47,1.78609,1.81087,1.52628,0.69548,0.51022,0.57356,0.32513,1.85188,1.76585,1.58715,0.0065185,0.0065185,0.0065185
424,5105.12,1.77935,1.81617,1.52523,0.69607,0.49217,0.57186,0.32253,1.86081,1.77095,1.5921,0.00651025,0.00651025,0.00651025
425,5115.53,1.77913,1.81955,1.52867,0.70209,0.49574,0.5737,0.32198,1.84537,1.75516,1.59292,0.006502,0.006502,0.006502
426,5130.63,1.78373,1.81388,1.52986,0.65341,0.51915,0.57222,0.32475,1.85727,1.76373,1.5954,0.00649375,0.00649375,0.00649375
427,5143.39,1.8028,1.80006,1.53397,0.68424,0.5,0.56441,0.32012,1.86653,1.77746,1.59123,0.0064855,0.0064855,0.0064855
428,5153.64,1.78645,1.80578,1.53222,0.72461,0.50385,0.56811,0.31992,1.85132,1.78061,1.5974,0.00647725,0.00647725,0.00647725
429,5166.06,1.77148,1.82187,1.52249,0.67084,0.50734,0.56895,0.32055,1.85044,1.78874,1.59961,0.006469,0.006469,0.006469
430,5180.38,1.77724,1.81459,1.51939,0.63481,0.51039,0.56059,0.3181,1.84582,1.78656,1.59865,0.00646075,0.00646075,0.00646075
431,5191.63,1.75557,1.77714,1.52407,0.65346,0.51489,0.56801,0.32468,1.82663,1.77377,1.58704,0.0064525,0.0064525,0.0064525
432,5204.3,1.74268,1.75042,1.51451,0.66891,0.51489,0.57691,0.32997,1.82847,1.76935,1.58577,0.00644425,0.00644425,0.00644425
433,5215.42,1.78063,1.81516,1.53644,0.7351,0.50851,0.59621,0.3403,1.82586,1.72752,1.5777,0.006436,0.006436,0.006436
434,5230.71,1.74482,1.75222,1.50296,0.75224,0.5,0.596,0.33913,1.83646,1.72612,1.57637,0.00642775,0.00642775,0.00642775
435,5243.61,1.76595,1.79023,1.52917,0.75095,0.49787,0.59799,0.34249,1.82088,1.69895,1.57012,0.0064195,0.0064195,0.0064195
436,5254.38,1.69719,1.69349,1.48468,0.69105,0.5234,0.59083,0.33605,1.82987,1.73469,1.57231,0.00641125,0.00641125,0.00641125
437,5267.26,1.76862,1.77752,1.51889,0.71394,0.49917,0.58624,0.33509,1.82857,1.74909,1.57985,0.006403,0.006403,0.006403
438,5281.57,1.74768,1.76779,1.5057,0.70141,0.51915,0.59807,0.34299,1.80459,1.74019,1.57158,0.00639475,0.00639475,0.00639475
439,5296.78,1.73826,1.7208,1.49028,0.72669,0.53404,0.61169,0.34659,1.79655,1.70817,1.56843,0.0063865,0.0063865,0.0063865
440,5309.22,1.76714,1.80844,1.51301,0.73849,0.52128,0.61258,0.35277,1.79114,1.688,1.57043,0.00637825,0.00637825,0.00637825
441,5323.07,1.77909,1.80251,1.51281,0.80779,0.51489,0.61372,0.35805,1.7892,1.69842,1.56604,0.00637,0.00637,0.00637
442,5336.06,1.73359,1.70608,1.49854,0.79979,0.51915,0.61044,0.3533,1.79398,1.70874,1.56102,0.00636175,0.00636175,0.00636175
443,5346.42,1.74424,1.72776,1.49765,0.77021,0.48936,0.59771,0.34977,1.80208,1.72421,1.56193,0.0063535,0.0063535,0.0063535
444,5360.68,1.73869,1.70315,1.49886,0.71046,0.53404,0.60821,0.35471,1.78193,1.70035,1.55217,0.00634525,0.00634525,0.00634525
445,5374.22,1.73426,1.7185,1.49413,0.73505,0.52766,0.60605,0.35396,1.77521,1.70674,1.55353,0.006337,0.006337,0.006337
446,5384.55,1.67612,1.68903,1.47402,0.75228,0.49149,0.60981,0.36128,1.77899,1.69074,1.55014,0.00632875,0.00632875,0.00632875
447,5395.6,1.69336,1.68986,1.472,0.75116,0.5,0.61326,0.36132,1.77825,1.69765,1.54644,0.0063205,0.0063205,0.0063205
448,5414.12,1.74176,1.73985,1.51305,0.71891,0.52128,0.61431,0.36112,1.79055,1.70788,1.55506,0.00631225,0.00631225,0.00631225
449,5425.9,1.7186,1.68849,1.47788,0.69468,0.52766,0.60376,0.3554,1.78366,1.69839,1.55242,0.006304,0.006304,0.006304
450,5436.2,1.73379,1.73226,1.49455,0.77512,0.50602,0.61349,0.35574,1.77351,1.67295,1.55203,0.00629575,0.00629575,0.00629575
451,5449.83,1.70137,1.7009,1.494,0.71076,0.53617,0.61556,0.35372,1.78719,1.66424,1.55296,0.0062875,0.0062875,0.0062875
452,5463.44,1.71627,1.69678,1.4938,0.73757,0.53221,0.62319,0.35519,1.80194,1.64598,1.54807,0.00627925,0.00627925,0.00627925
453,5473.79,1.7064,1.69606,1.4807,0.75957,0.51756,0.62114,0.36518,1.78245,1.65262,1.53995,0.006271,0.006271,0.006271
454,5484.47,1.69078,1.6768,1.47107,0.7862,0.5234,0.62146,0.36513,1.76872,1.64243,1.53984,0.00626275,0.00626275,0.00626275
455,5501.27,1.69272,1.69755,1.48956,0.80013,0.51915,0.62759,0.36423,1.76879,1.63289,1.54217,0.0062545,0.0062545,0.0062545
456,5511.59,1.72667,1.72154,1.4923,0.75441,0.53191,0.62171,0.35976,1.7801,1.65073,1.53343,0.00624625,0.00624625,0.00624625
457,5521.94,1.69417,1.70337,1.49483,0.80059,0.52961,0.62761,0.36351,1.76884,1.63161,1.5253,0.006238,0.006238,0.006238
458,5537.45,1.71082,1.67506,1.48045,0.75487,0.54894,0.62786,0.36791,1.75522,1.63607,1.52216,0.00622975,0.00622975,0.00622975
459,5549.98,1.6959,1.68663,1.47044,0.73321,0.55957,0.63721,0.37224,1.74209,1.59257,1.52293,0.0062215,0.0062215,0.0062215
460,5560.78,1.72367,1.72064,1.48882,0.70462,0.55745,0.63867,0.36868,1.76114,1.59246,1.53242,0.00621325,0.00621325,0.00621325
461,5573.32,1.6738,1.65015,1.4709,0.70061,0.55106,0.63173,0.37103,1.75034,1.59285,1.51872,0.006205,0.006205,0.006205
462,5588.13,1.69636,1.6472,1.47543,0.73997,0.53617,0.63427,0.37323,1.72537,1.58711,1.50649,0.00619675,0.00619675,0.00619675
463,5598.77,1.71598,1.71608,1.48574,0.77049,0.54286,0.64345,0.38047,1.70122,1.59174,1.49574,0.0061885,0.0061885,0.0061885
464,5611.8,1.66678,1.63011,1.46492,0.7501,0.53404,0.63913,0.38179,1.71458,1.58502,1.50561,0.00618025,0.00618025,0.00618025
465,5624.06,1.67922,1.64037,1.4578,0.75544,0.54551,0.63667,0.37601,1.71741,1.58849,1.51522,0.006172,0.006172,0.006172
466,5637.95,1.67501,1.66217,1.4567,0.73726,0.56383,0.63334,0.37604,1.69885,1.57532,1.51023,0.00616375,0.00616375,0.00616375
467,5650.54,1.67141,1.65988,1.46827,0.73895,0.55532,0.63219,0.37681,1.6923,1.5812,1.51148,0.0061555,0.0061555,0.0061555
468,5660.92,1.65037,1.61118,1.44001,0.76148,0.55745,0.6302,0.37653,1.69897,1.58761,1.51683,0.00614725,0.00614725,0.00614725
469,5674.69,1.7034,1.65751,1.46494,0.76287,0.55745,0.64498,0.38357,1.69989,1.56848,1.5105,0.006139,0.006139,0.006139
470,5688.25,1.64221,1.6097,1.43998,0.79353,0.54255,0.65316,0.38829,1.69343,1.56062,1.50592,0.00613075,0.00613075,0.00613075
471,5699.67,1.67742,1.65179,1.46765,0.79675,0.5617,0.65482,0.38771,1.69622,1.55061,1.50439,0.0061225,0.0061225,0.0061225
472,5710.15,1.6287,1.59769,1.41895,0.80668,0.54681,0.65231,0.39119,1.68967,1.5495,1.49626,0.00611425,0.00611425,0.00611425
473,5727.71,1.65028,1.62143,1.45257,0.8069,0.54235,0.64807,0.3923,1.68919,1.55221,1.48368,0.006106,0.006106,0.006106
474,5738.81,1.6315,1.58139,1.43845,0.78374,0.55106,0.65034,0.39465,1.69231,1.55565,1.47606,0.00609775,0.00609775,0.00609775
475,5749.55,1.64528,1.61441,1.44528,0.78288,0.5617,0.65198,0.40013,1.67721,1.55166,1.47377,0.0060895,0.0060895,0.0060895
476,5766.51,1.63318,1.60392,1.44424,0.80187,0.57447,0.66086,0.40383,1.67021,1.55694,1.47784,0.00608125,0.00608125,0.00608125
477,5777.72,1.63554,1.60028,1.43347,0.81259,0.55745,0.65664,0.39916,1.68564,1.55945,1.48162,0.006073,0.006073,0.006073
478,5788.09,1.64063,1.58582,1.43347,0.76717,0.5617,0.65722,0.39726,1.68749,1.55851,1.48448,0.00606475,0.00606475,0.00606475
479,5798.53,1.63963,1.59189,1.42292,0.74484,0.59004,0.66754,0.40431,1.66825,1.53864,1.47982,0.0060565,0.0060565,0.0060565
480,5815.59,1.68001,1.63344,1.45347,0.82882,0.55745,0.67208,0.41147,1.66546,1.53203,1.482,0.00604825,0.00604825,0.00604825
481,5826.35,1.63193,1.58824,1.43977,0.82349,0.54595,0.67271,0.40709,1.67107,1.53039,1.48235,0.00604,0.00604,0.00604
482,5836.75,1.65533,1.63151,1.4415,0.79558,0.55479,0.66766,0.4082,1.65748,1.52456,1.46978,0.00603175,0.00603175,0.00603175
483,5851.61,1.63882,1.60073,1.44749,0.78472,0.56809,0.67566,0.4155,1.63184,1.5119,1.46668,0.0060235,0.0060235,0.0060235
484,5864.87,1.64738,1.61847,1.44009,0.77971,0.58936,0.67688,0.41637,1.62697,1.49718,1.46561,0.00601525,0.00601525,0.00601525
485,5875.72,1.61318,1.57654,1.41022,0.8039,0.58438,0.67718,0.41515,1.63435,1.48472,1.46769,0.006007,0.006007,0.006007
486,5888.35,1.60513,1.55086,1.41934,0.78605,0.59408,0.67864,0.41897,1.61914,1.47574,1.45984,0.00599875,0.00599875,0.00599875
487,5903.47,1.62807,1.55939,1.41813,0.8039,0.57234,0.67775,0.41819,1.61495,1.48148,1.46178,0.0059905,0.0059905,0.0059905
488,5913.74,1.63248,1.5816,1.42859,0.76564,0.59778,0.67818,0.4174,1.63046,1.47636,1.46806,0.00598225,0.00598225,0.00598225
489,5926.24,1.61561,1.54215,1.41844,0.78402,0.57926,0.67938,0.41526,1.629,1.47843,1.4683,0.005974,0.005974,0.005974
490,5937.54,1.61011,1.56994,1.42342,0.80153,0.58936,0.68266,0.42142,1.61832,1.47545,1.46092,0.00596575,0.00596575,0.00596575
491,5952.22,1.58456,1.51949,1.42394,0.84056,0.58298,0.69026,0.42038,1.61348,1.47045,1.46134,0.0059575,0.0059575,0.0059575
492,5964.81,1.63739,1.56118,1.43196,0.82806,0.58511,0.6901,0.42224,1.61371,1.454,1.45371,0.00594925,0.00594925,0.00594925
493,5975.63,1.61559,1.56038,1.41586,0.80947,0.58757,0.68963,0.42266,1.6071,1.46332,1.44578,0.005941,0.005941,0.005941
494,5989.39,1.58284,1.50525,1.40932,0.82954,0.58298,0.69394,0.42565,1.61694,1.45949,1.44338,0.00593275,0.00593275,0.00593275
495,6003.5,1.61346,1.55099,1.41644,0.8042,0.58511,0.69418,0.42791,1.6162,1.4486,1.4418,0.0059245,0.0059245,0.0059245
496,6014.19,1.60078,1.54215,1.42025,0.77925,0.59787,0.69806,0.42717,1.62191,1.45241,1.44642,0.00591625,0.00591625,0.00591625
497,6024.58,1.60582,1.49844,1.41855,0.77622,0.60519,0.69936,0.43213,1.62194,1.45711,1.44636,0.005908,0.005908,0.005908
498,6041.73,1.61546,1.5532,1.40488,0.8209,0.58936,0.70122,0.43156,1.61938,1.46297,1.4502,0.00589975,0.00589975,0.00589975
499,6052.11,1.61391,1.55591,1.43609,0.80433,0.58511,0.697,0.42402,1.63064,1.45597,1.44924,0.0058915,0.0058915,0.0058915
500,6062.53,1.58897,1.51494,1.40967,0.8061,0.59264,0.69957,0.42885,1.62068,1.44736,1.43967,0.00588325,0.00588325,0.00588325
501,6076.09,1.60357,1.53807,1.42431,0.81189,0.58723,0.70044,0.43297,1.6236,1.44595,1.44445,0.005875,0.005875,0.005875
502,6090.45,1.60967,1.53628,1.41517,0.805,0.60851,0.70502,0.43499,1.62306,1.43234,1.44235,0.00586675,0.00586675,0.00586675
503,6101.09,1.60575,1.50824,1.41373,0.81954,0.59574,0.70593,0.43584,1.61705,1.43389,1.43683,0.0058585,0.0058585,0.0058585
504,6112.2,1.62479,1.54385,1.41885,0.82308,0.58402,0.70391,0.43547,1.61982,1.44235,1.43233,0.00585025,0.00585025,0.00585025
505,6129.08,1.56252,1.51746,1.40152,0.77979,0.61489,0.703,0.43817,1.61481,1.44484,1.43393,0.005842,0.005842,0.005842
506,6139.83,1.58648,1.51762,1.40931,0.77698,0.61526,0.70567,0.43793,1.61127,1.4381,1.43543,0.00583375,0.00583375,0.00583375
507,6150.75,1.54494,1.47583,1.38007,0.77167,0.63617,0.7036,0.43696,1.6126,1.4426,1.44056,0.0058255,0.0058255,0.0058255
508,6164.84,1.57249,1.51003,1.39835,0.77647,0.62766,0.70867,0.43631,1.60212,1.42442,1.43305,0.00581725,0.00581725,0.00581725
509,6178.2,1.57004,1.48742,1.38234,0.79879,0.61277,0.71075,0.43713,1.58572,1.42088,1.42258,0.005809,0.005809,0.005809
510,6188.56,1.58814,1.50525,1.39414,0.79766,0.6207,0.7142,0.44124,1.57241,1.41633,1.41546,0.00580075,0.00580075,0.00580075
511,6201.65,1.58146,1.51523,1.40279,0.80226,0.62766,0.71742,0.44873,1.56236,1.41207,1.41683,0.0057925,0.0057925,0.0057925
512,6216.19,1.56327,1.45051,1.39158,0.8235,0.62766,0.7226,0.44868,1.56714,1.41061,1.42047,0.00578425,0.00578425,0.00578425
513,6227.89,1.54452,1.46918,1.37468,0.80835,0.6234,0.72386,0.44886,1.56654,1.41122,1.41864,0.005776,0.005776,0.005776
514,6240.97,1.56142,1.45401,1.38895,0.85181,0.61149,0.72609,0.44709,1.55804,1.40329,1.41562,0.00576775,0.00576775,0.00576775
515,6251.54,1.5454,1.45276,1.38159,0.83248,0.6234,0.72665,0.44627,1.56087,1.40147,1.41133,0.0057595,0.0057595,0.0057595
516,6266.08,1.55945,1.4913,1.37739,0.83674,0.61064,0.73012,0.45139,1.54517,1.39776,1.40651,0.00575125,0.00575125,0.00575125
517,6279.21,1.55995,1.49895,1.37854,0.85298,0.60489,0.7245,0.45061,1.54556,1.37742,1.40225,0.005743,0.005743,0.005743
518,6289.34,1.57034,1.49804,1.39898,0.87456,0.59787,0.72765,0.44882,1.55356,1.36863,1.39933,0.00573475,0.00573475,0.00573475
519,6301.85,1.59045,1.51045,1.41052,0.84845,0.59558,0.72411,0.44791,1.56187,1.37142,1.40763,0.0057265,0.0057265,0.0057265
520,6316.88,1.54071,1.47571,1.37363,0.84155,0.60638,0.72528,0.44416,1.56706,1.39147,1.411,0.00571825,0.00571825,0.00571825
521,6327.19,1.53416,1.46226,1.35879,0.84469,0.59787,0.72492,0.44517,1.56168,1.39251,1.40668,0.00571,0.00571,0.00571
522,6337.47,1.52924,1.461,1.36929,0.81527,0.61975,0.72269,0.44616,1.56442,1.40566,1.40638,0.00570175,0.00570175,0.00570175
523,6354.19,1.52262,1.43155,1.35962,0.83319,0.61277,0.71966,0.44781,1.55739,1.39826,1.40333,0.0056935,0.0056935,0.0056935
524,6364.53,1.55843,1.46279,1.38625,0.82847,0.60629,0.71768,0.44735,1.54697,1.40059,1.3957,0.00568525,0.00568525,0.00568525
525,6374.79,1.53469,1.44531,1.36561,0.82387,0.61703,0.71924,0.45326,1.53831,1.38745,1.39071,0.005677,0.005677,0.005677
526,6388.16,1.55215,1.47597,1.38317,0.82264,0.61702,0.72233,0.45761,1.52666,1.38362,1.37966,0.00566875,0.00566875,0.00566875
527,6403.38,1.53427,1.46485,1.37136,0.84209,0.60426,0.7231,0.45696,1.53498,1.38778,1.37772,0.0056605,0.0056605,0.0056605
528,6413.76,1.54414,1.4429,1.36531,0.8279,0.61064,0.72431,0.45704,1.53995,1.37675,1.37984,0.00565225,0.00565225,0.00565225
529,6424.94,1.51719,1.41002,1.35992,0.82781,0.61702,0.72753,0.45415,1.53788,1.37205,1.37983,0.005644,0.005644,0.005644
530,6440.2,1.53754,1.44696,1.3768,0.84551,0.61064,0.72935,0.45944,1.54317,1.37024,1.38625,0.00563575,0.00563575,0.00563575
531,6452.58,1.54225,1.44685,1.36949,0.82541,0.61702,0.73288,0.45812,1.54319,1.37288,1.38665,0.0056275,0.0056275,0.0056275
532,6463.38,1.52152,1.42138,1.35865,0.8143,0.62509,0.73225,0.45512,1.54543,1.36387,1.38997,0.00561925,0.00561925,0.00561925
533,6475.57,1.51547,1.42396,1.36453,0.8327,0.61489,0.73267,0.45786,1.5416,1.35986,1.39264,0.005611,0.005611,0.005611
534,6490.55,1.5266,1.44308,1.3707,0.82805,0.61478,0.73274,0.45988,1.53913,1.34952,1.38996,0.00560275,0.00560275,0.00560275
535,6501.8,1.50958,1.41021,1.35671,0.86583,0.60638,0.73777,0.46047,1.5355,1.35806,1.38452,0.0055945,0.0055945,0.0055945
536,6514.45,1.52735,1.43356,1.35557,0.85906,0.61915,0.74127,0.46292,1.52768,1.34733,1.38129,0.00558625,0.00558625,0.00558625
537,6527.57,1.50164,1.40765,1.35279,0.88403,0.61064,0.74321,0.46297,1.53039,1.33486,1.38103,0.005578,0.005578,0.005578
538,6541.73,1.47969,1.35374,1.34009,0.87154,0.61277,0.74139,0.46501,1.53428,1.3413,1.38357,0.00556975,0.00556975,0.00556975
539,6554.25,1.52033,1.43425,1.35765,0.83374,0.61915,0.74034,0.4649,1.529,1.34212,1.37738,0.0055615,0.0055615,0.0055615
540,6564.65,1.52197,1.42261,1.35574,0.8756,0.60638,0.74454,0.47036,1.52724,1.34228,1.37761,0.00555325,0.00555325,0.00555325
541,6580.58,1.50714,1.44134,1.36472,0.85641,0.60851,0.74337,0.47146,1.52853,1.34441,1.38022,0.005545,0.005545,0.005545
542,6592.85,1.53125,1.41195,1.35463,0.84247,0.62979,0.74558,0.47661,1.51993,1.34746,1.37396,0.00553675,0.00553675,0.00553675
543,6603.51,1.49552,1.38178,1.3458,0.81507,0.64043,0.74533,0.47643,1.51464,1.34255,1.36807,0.0055285,0.0055285,0.0055285
544,6615.45,1.50372,1.39623,1.35891,0.82494,0.63404,0.74636,0.47207,1.51432,1.33681,1.36676,0.00552025,0.00552025,0.00552025
545,6630.87,1.52031,1.40433,1.35533,0.87719,0.60426,0.74672,0.47291,1.51024,1.32951,1.36355,0.005512,0.005512,0.005512
546,6641.17,1.49948,1.36348,1.33237,0.87679,0.61915,0.74863,0.47671,1.50605,1.32024,1.35639,0.00550375,0.00550375,0.00550375
547,6651.84,1.49264,1.36394,1.33202,0.85774,0.6234,0.75059,0.48038,1.49719,1.31782,1.35344,0.0054955,0.0054955,0.0054955
548,6669.03,1.51161,1.3937,1.34031,0.87272,0.61915,0.7506,0.47984,1.50284,1.3149,1.35244,0.00548725,0.00548725,0.00548725
549,6679.26,1.47271,1.37792,1.33615,0.84786,0.62843,0.75073,0.47938,1.50241,1.32151,1.35566,0.005479,0.005479,0.005479
550,6689.7,1.50142,1.41768,1.33782,0.86062,0.6234,0.7523,0.48012,1.49727,1.31518,1.35247,0.00547075,0.00547075,0.00547075
551,6703.24,1.5039,1.4023,1.34224,0.84229,0.62499,0.75403,0.48439,1.49308,1.3038,1.34704,0.0054625,0.0054625,0.0054625
552,6718.05,1.5052,1.3984,1.34852,0.84598,0.63105,0.75225,0.47927,1.48984,1.30689,1.34586,0.00545425,0.00545425,0.00545425
553,6728.44,1.52184,1.42238,1.344,0.86432,0.62345,0.75515,0.48282,1.48836,1.30801,1.34172,0.005446,0.005446,0.005446
554,6740.57,1.49543,1.39261,1.34785,0.87195,0.62553,0.75747,0.48576,1.49007,1.29063,1.34271,0.00543775,0.00543775,0.00543775
555,6752.56,1.46191,1.34919,1.32936,0.8817,0.61702,0.7584,0.48599,1.48034,1.28176,1.34108,0.0054295,0.0054295,0.0054295
556,6765.54,1.4653,1.36373,1.33614,0.85758,0.64058,0.75825,0.48838,1.47693,1.28121,1.34032,0.00542125,0.00542125,0.00542125
557,6778.42,1.50582,1.37982,1.34835,0.88088,0.62553,0.76514,0.49276,1.47247,1.2754,1.33815,0.005413,0.005413,0.005413
558,6789.49,1.48114,1.37979,1.34762,0.86149,0.65106,0.76215,0.48837,1.47874,1.29145,1.33868,0.00540475,0.00540475,0.00540475
559,6804.33,1.50372,1.39255,1.3496,0.89614,0.64252,0.76293,0.49097,1.47204,1.28643,1.33447,0.0053965,0.0053965,0.0053965
560,6816.57,1.44966,1.33666,1.32231,0.87119,0.64468,0.76434,0.49218,1.47259,1.28925,1.33593,0.00538825,0.00538825,0.00538825
561,6827.52,1.48135,1.36504,1.33555,0.91895,0.63617,0.76531,0.49578,1.47029,1.27036,1.33235,0.00538,0.00538,0.00538
562,6839.23,1.46188,1.35912,1.32896,0.89928,0.62687,0.76348,0.49528,1.47341,1.27012,1.33104,0.00537175,0.00537175,0.00537175
563,6854.89,1.48035,1.3743,1.32223,0.91748,0.62553,0.76583,0.49523,1.46588,1.27222,1.33005,0.0053635,0.0053635,0.0053635
564,6866.17,1.48562,1.37483,1.33393,0.90297,0.64043,0.77467,0.49968,1.46563,1.26299,1.33176,0.00535525,0.00535525,0.00535525
565,6876.83,1.46531,1.36085,1.32382,0.87607,0.64673,0.76941,0.50133,1.45997,1.2531,1.33048,0.005347,0.005347,0.005347
566,6893.2,1.44714,1.35818,1.31675,0.89256,0.63191,0.77241,0.50242,1.45407,1.23506,1.32907,0.00533875,0.00533875,0.00533875
567,6905.34,1.4672,1.32461,1.31608,0.81186,0.68298,0.77678,0.50793,1.44497,1.2185,1.32506,0.0053305,0.0053305,0.0053305
568,6916.03,1.49399,1.35552,1.33188,0.82232,0.6893,0.77834,0.50682,1.43416,1.21256,1.32008,0.00532225,0.00532225,0.00532225
569,6926.48,1.45893,1.35301,1.31091,0.8344,0.67447,0.77525,0.51009,1.42593,1.2106,1.31704,0.005314,0.005314,0.005314
570,6943.72,1.45516,1.30099,1.31342,0.80785,0.69362,0.77365,0.50692,1.43293,1.20901,1.31912,0.00530575,0.00530575,0.00530575
571,6953.81,1.45739,1.33211,1.32004,0.82924,0.68936,0.77547,0.50944,1.4277,1.19731,1.31593,0.0052975,0.0052975,0.0052975
572,6964.14,1.46093,1.33206,1.32771,0.84721,0.66596,0.77914,0.50936,1.42245,1.19386,1.3142,0.00528925,0.00528925,0.00528925
573,6979.59,1.4669,1.34276,1.32544,0.88161,0.65319,0.78007,0.50916,1.42277,1.19657,1.31178,0.005281,0.005281,0.005281
574,6991.69,1.45055,1.33988,1.32577,0.87937,0.64894,0.7795,0.50711,1.42125,1.20073,1.31192,0.00527275,0.00527275,0.00527275
575,7002.01,1.48137,1.3506,1.33184,0.87068,0.67447,0.7806,0.50896,1.41999,1.20615,1.31167,0.0052645,0.0052645,0.0052645
576,7014.66,1.45,1.33904,1.32435,0.86796,0.67021,0.78208,0.51042,1.41669,1.21005,1.31049,0.00525625,0.00525625,0.00525625
577,7030.15,1.46777,1.34921,1.32599,0.84518,0.67366,0.77778,0.50786,1.41162,1.20871,1.30483,0.005248,0.005248,0.005248
578,7040.57,1.43192,1.30846,1.30614,0.85541,0.66712,0.77665,0.50855,1.40622,1.21347,1.30362,0.00523975,0.00523975,0.00523975
579,7053.24,1.47143,1.34197,1.32153,0.85955,0.66408,0.77808,0.50802,1.40001,1.2191,1.30224,0.0052315,0.0052315,0.0052315
580,7064.89,1.4738,1.35265,1.33586,0.83942,0.66809,0.77565,0.50742,1.39537,1.22532,1.30227,0.00522325,0.00522325,0.00522325
581,7078.7,1.45165,1.33799,1.30004,0.84295,0.67377,0.77671,0.51206,1.38922,1.22179,1.30064,0.005215,0.005215,0.005215
582,7091.65,1.42999,1.31761,1.31779,0.83815,0.67447,0.77683,0.51131,1.39166,1.21982,1.29933,0.00520675,0.00520675,0.00520675
583,7102.02,1.43459,1.33439,1.3144,0.82374,0.68298,0.77311,0.51288,1.39652,1.22628,1.29685,0.0051985,0.0051985,0.0051985
584,7115.9,1.43843,1.29988,1.31398,0.82014,0.68883,0.77493,0.51378,1.39991,1.22531,1.29712,0.00519025,0.00519025,0.00519025
585,7130.51,1.43597,1.31681,1.30755,0.82295,0.68511,0.78174,0.51688,1.39165,1.21319,1.29317,0.005182,0.005182,0.005182
586,7141.16,1.45683,1.33082,1.30805,0.83314,0.6617,0.77675,0.51755,1.38496,1.20975,1.29266,0.00517375,0.00517375,0.00517375
587,7151.93,1.40891,1.29606,1.29572,0.80058,0.69187,0.7765,0.51935,1.38188,1.2105,1.29281,0.0051655,0.0051655,0.0051655
588,7169.37,1.41135,1.28903,1.29847,0.78663,0.69574,0.77673,0.52134,1.3782,1.20148,1.29135,0.00515725,0.00515725,0.00515725
589,7180.17,1.42655,1.30137,1.29978,0.83527,0.65532,0.77475,0.51899,1.37516,1.20112,1.28915,0.005149,0.005149,0.005149
590,7190.56,1.41923,1.28181,1.30192,0.85379,0.65106,0.77281,0.51698,1.37786,1.20237,1.29511,0.00514075,0.00514075,0.00514075
591,7207.09,1.41399,1.29655,1.28926,0.86257,0.65106,0.77304,0.51867,1.37486,1.20105,1.29459,0.0051325,0.0051325,0.0051325
592,7217.95,1.42533,1.27792,1.29467,0.86826,0.64681,0.77316,0.51899,1.3819,1.20022,1.29425,0.00512425,0.00512425,0.00512425
593,7228.29,1.37838,1.25765,1.27073,0.87397,0.64255,0.774,0.51856,1.38486,1.19441,1.29165,0.005116,0.005116,0.005116
594,7238.62,1.39015,1.26472,1.28978,0.89053,0.64043,0.77626,0.52005,1.38405,1.18991,1.29094,0.00510775,0.00510775,0.00510775
595,7255.26,1.4114,1.28348,1.29525,0.87639,0.64863,0.77841,0.51752,1.38137,1.18964,1.28789,0.0050995,0.0050995,0.0050995
596,7265.67,1.38981,1.26434,1.28867,0.87166,0.64894,0.78043,0.51587,1.38079,1.18574,1.28547,0.00509125,0.00509125,0.00509125
597,7275.92,1.41266,1.28411,1.29206,0.86645,0.65532,0.78428,0.51837,1.38542,1.18015,1.28477,0.005083,0.005083,0.005083
598,7289.4,1.4012,1.25383,1.28879,0.85909,0.66596,0.78291,0.52075,1.3841,1.18211,1.28496,0.00507475,0.00507475,0.00507475
599,7304.14,1.42203,1.281,1.29448,0.87211,0.6617,0.78362,0.52139,1.3852,1.18175,1.28362,0.0050665,0.0050665,0.0050665
600,7314.88,1.44657,1.30329,1.31268,0.85606,0.67067,0.78455,0.52378,1.38424,1.18658,1.28303,0.00505825,0.00505825,0.00505825
601,7327.7,1.3799,1.2412,1.27269,0.85671,0.67423,0.78191,0.52438,1.3795,1.1908,1.2808,0.00505,0.00505,0.00505
602,7341.79,1.41864,1.2635,1.29244,0.83908,0.68085,0.78317,0.52881,1.37465,1.18359,1.2776,0.00504175,0.00504175,0.00504175
603,7354.03,1.41979,1.2884,1.29313,0.82824,0.68723,0.78361,0.53114,1.3763,1.17448,1.27699,0.0050335,0.0050335,0.0050335
604,7367.01,1.40377,1.27388,1.28866,0.84349,0.69945,0.78583,0.5326,1.3773,1.17071,1.27929,0.00502525,0.00502525,0.00502525
605,7378.12,1.42889,1.27635,1.29132,0.84346,0.69362,0.78466,0.53139,1.37374,1.17177,1.28203,0.005017,0.005017,0.005017
606,7392.48,1.39916,1.24198,1.28008,0.84602,0.68969,0.78402,0.53119,1.37041,1.17252,1.28,0.00500875,0.00500875,0.00500875
607,7404.97,1.3976,1.25117,1.27587,0.84963,0.68511,0.78672,0.53318,1.3694,1.16773,1.28019,0.0050005,0.0050005,0.0050005
608,7415.57,1.37357,1.21834,1.2754,0.83996,0.68511,0.78656,0.53279,1.3696,1.16672,1.28369,0.00499225,0.00499225,0.00499225
609,7428.05,1.38694,1.25446,1.27087,0.84029,0.69408,0.78658,0.5346,1.36598,1.16224,1.28167,0.004984,0.004984,0.004984
610,7443.83,1.405,1.25345,1.28363,0.83942,0.70213,0.79009,0.53815,1.36233,1.16221,1.28146,0.00497575,0.00497575,0.00497575
611,7454.53,1.37886,1.21273,1.26391,0.8447,0.70591,0.79196,0.5383,1.36125,1.15779,1.28013,0.0049675,0.0049675,0.0049675
612,7465.22,1.38889,1.26723,1.28553,0.86321,0.71277,0.79512,0.54152,1.35915,1.14258,1.27739,0.00495925,0.00495925,0.00495925
613,7482.33,1.39418,1.24615,1.27938,0.8713,0.70213,0.79846,0.54348,1.35862,1.1392,1.27612,0.004951,0.004951,0.004951
614,7492.97,1.3821,1.23909,1.26808,0.8636,0.70051,0.79882,0.54351,1.35821,1.13361,1.27356,0.00494275,0.00494275,0.00494275
615,7503.64,1.39592,1.25367,1.28305,0.86406,0.69574,0.79658,0.5421,1.35914,1.13835,1.27165,0.0049345,0.0049345,0.0049345
616,7518.77,1.39972,1.23849,1.28946,0.83429,0.70426,0.79597,0.54126,1.35831,1.14136,1.27142,0.00492625,0.00492625,0.00492625
617,7531.1,1.37149,1.23444,1.26425,0.83667,0.70213,0.79649,0.5399,1.35341,1.14022,1.26824,0.004918,0.004918,0.004918
618,7541.13,1.36832,1.24278,1.2675,0.83833,0.70426,0.79821,0.54253,1.34547,1.13516,1.26343,0.00490975,0.00490975,0.00490975
619,7551.61,1.37353,1.23497,1.27592,0.86625,0.69574,0.79962,0.54281,1.34544,1.13865,1.26296,0.0049015,0.0049015,0.0049015
620,7567.91,1.34638,1.20441,1.25451,0.86658,0.70481,0.80361,0.54221,1.34559,1.14035,1.26272,0.00489325,0.00489325,0.00489325
621,7579.33,1.35906,1.21396,1.26413,0.8612,0.7,0.80225,0.54057,1.34145,1.1396,1.26014,0.004885,0.004885,0.004885
622,7589.55,1.37678,1.23155,1.26741,0.87449,0.7,0.80071,0.54037,1.33779,1.13993,1.25852,0.00487675,0.00487675,0.00487675
623,7602.13,1.38456,1.24288,1.27495,0.87804,0.68929,0.8024,0.53978,1.33643,1.13394,1.25783,0.0048685,0.0048685,0.0048685
624,7617.13,1.37441,1.23519,1.27503,0.87905,0.68936,0.80155,0.54056,1.33596,1.1318,1.25585,0.00486025,0.00486025,0.00486025
625,7627.54,1.38243,1.23978,1.27278,0.87966,0.68435,0.80052,0.5408,1.33922,1.12649,1.25468,0.004852,0.004852,0.004852
626,7640.16,1.37338,1.21494,1.25887,0.86377,0.69787,0.80213,0.54416,1.3381,1.12777,1.25429,0.00484375,0.00484375,0.00484375
627,7652.51,1.36643,1.22216,1.26597,0.85214,0.69896,0.803,0.54455,1.33016,1.1214,1.25077,0.0048355,0.0048355,0.0048355
628,7666.38,1.35264,1.2073,1.24713,0.84972,0.71064,0.80437,0.54737,1.32363,1.11873,1.24685,0.00482725,0.00482725,0.00482725
629,7679.41,1.37069,1.23272,1.27373,0.85813,0.71915,0.80338,0.54823,1.32305,1.1154,1.2463,0.004819,0.004819,0.004819
630,7690.09,1.34948,1.20554,1.25985,0.86182,0.71489,0.80205,0.54602,1.31974,1.11599,1.24574,0.00481075,0.00481075,0.00481075
631,7704.52,1.37182,1.21082,1.27158,0.86993,0.70213,0.80301,0.54734,1.31712,1.1161,1.24227,0.0048025,0.0048025,0.0048025
632,7717.56,1.35706,1.19347,1.2609,0.86587,0.70213,0.80197,0.54742,1.31286,1.11137,1.23928,0.00479425,0.00479425,0.00479425
633,7727.88,1.3245,1.17374,1.23985,0.87561,0.70638,0.80477,0.54542,1.3091,1.10886,1.23947,0.004786,0.004786,0.004786
634,7738.53,1.38395,1.23363,1.26782,0.85343,0.70617,0.80412,0.54717,1.30474,1.10462,1.23775,0.00477775,0.00477775,0.00477775
635,7755.28,1.34817,1.19515,1.25319,0.83592,0.71277,0.80404,0.54795,1.30212,1.09521,1.23674,0.0047695,0.0047695,0.0047695
636,7765.64,1.34017,1.19806,1.25495,0.84645,0.7234,0.80813,0.54762,1.3008,1.08833,1.235,0.00476125,0.00476125,0.00476125
637,7776.1,1.3476,1.1801,1.25167,0.85091,0.72857,0.81228,0.55113,1.29673,1.08518,1.23182,0.004753,0.004753,0.004753
638,7793.01,1.36145,1.20171,1.256,0.8667,0.71915,0.81296,0.55327,1.29497,1.08283,1.23127,0.00474475,0.00474475,0.00474475
639,7804.3,1.37067,1.21671,1.26396,0.87946,0.71064,0.81524,0.55244,1.29578,1.08527,1.23124,0.0047365,0.0047365,0.0047365
640,7814.2,1.33777,1.18132,1.24334,0.88297,0.70635,0.81267,0.55183,1.29704,1.0841,1.22953,0.00472825,0.00472825,0.00472825
641,7824.72,1.34663,1.19209,1.24889,0.87576,0.70638,0.81318,0.55246,1.29611,1.08323,1.22832,0.00472,0.00472,0.00472
642,7841.38,1.32772,1.16935,1.24603,0.89617,0.6978,0.80929,0.55237,1.29417,1.08941,1.22718,0.00471175,0.00471175,0.00471175
643,7851.73,1.35319,1.20921,1.25906,0.88599,0.69442,0.80794,0.55158,1.29515,1.09467,1.22716,0.0047035,0.0047035,0.0047035
644,7862.1,1.3662,1.2273,1.26432,0.87904,0.69581,0.80161,0.55375,1.29631,1.09125,1.2265,0.00469525,0.00469525,0.00469525
645,7876.02,1.33367,1.17353,1.24872,0.8868,0.70213,0.80391,0.55731,1.29372,1.09204,1.2261,0.004687,0.004687,0.004687
646,7890.59,1.35136,1.2107,1.25674,0.87692,0.70213,0.80254,0.55676,1.29661,1.0908,1.22579,0.00467875,0.00467875,0.00467875
647,7900.88,1.33305,1.19635,1.25723,0.87608,0.70697,0.80484,0.55664,1.29617,1.09132,1.22405,0.0046705,0.0046705,0.0046705
648,7913.46,1.34931,1.20212,1.26115,0.87281,0.70851,0.80383,0.5568,1.29075,1.09352,1.22282,0.00466225,0.00466225,0.00466225
649,7926.93,1.30956,1.15889,1.24083,0.88228,0.70164,0.806,0.55651,1.28886,1.08707,1.22268,0.004654,0.004654,0.004654
650,7938.82,1.33226,1.17806,1.23922,0.88641,0.69736,0.80665,0.5571,1.28616,1.08162,1.2234,0.00464575,0.00464575,0.00464575
651,7951.82,1.31441,1.15746,1.24038,0.89138,0.69845,0.80462,0.55907,1.28463,1.08006,1.22382,0.0046375,0.0046375,0.0046375
652,7962.55,1.33294,1.17194,1.24195,0.90012,0.6903,0.80702,0.56165,1.28292,1.07987,1.22669,0.00462925,0.00462925,0.00462925
653,7977.89,1.32208,1.18433,1.25132,0.91109,0.7,0.80666,0.5628,1.28166,1.08148,1.22634,0.004621,0.004621,0.004621
654,7990.7,1.36213,1.20825,1.26804,0.90796,0.69787,0.80659,0.55897,1.27793,1.07685,1.22624,0.00461275,0.00461275,0.00461275
655,8000.83,1.32974,1.17922,1.24314,0.90136,0.69574,0.80972,0.55995,1.2754,1.07404,1.2261,0.0046045,0.0046045,0.0046045
656,8012.78,1.32588,1.17088,1.2476,0.90796,0.69261,0.8123,0.56141,1.27292,1.0669,1.22561,0.00459625,0.00459625,0.00459625
657,8028.28,1.33692,1.18327,1.24742,0.91557,0.69218,0.81545,0.561,1.27231,1.06566,1.22738,0.004588,0.004588,0.004588
658,8038.61,1.32349,1.14625,1.24241,0.9157,0.69149,0.8166,0.56283,1.27082,1.06015,1.22611,0.00457975,0.00457975,0.00457975
659,8049.09,1.31426,1.16307,1.23668,0.91075,0.69474,0.81769,0.56477,1.2685,1.05775,1.22438,0.0045715,0.0045715,0.0045715
660,8065.91,1.34249,1.15788,1.24606,0.91004,0.7,0.81902,0.56686,1.26723,1.05836,1.22386,0.00456325,0.00456325,0.00456325
661,8076.66,1.30501,1.14931,1.22686,0.90686,0.70213,0.81967,0.56872,1.26304,1.0582,1.22133,0.004555,0.004555,0.004555
662,8087.42,1.31058,1.15332,1.23782,0.91068,0.69787,0.82111,0.56999,1.25814,1.05091,1.21984,0.00454675,0.00454675,0.00454675
663,8102.17,1.31621,1.14747,1.23335,0.89948,0.70426,0.82173,0.57055,1.25643,1.04942,1.21946,0.0045385,0.0045385,0.0045385
664,8115.84,1.31386,1.15204,1.22645,0.89867,0.70638,0.82221,0.56969,1.25733,1.04978,1.21974,0.00453025,0.00453025,0.00453025
665,8126.24,1.28725,1.14157,1.22908,0.8855,0.70754,0.82042,0.56818,1.25559,1.05112,1.21822,0.004522,0.004522,0.004522
666,8137.34,1.28567,1.131,1.22737,0.88572,0.70426,0.82204,0.57192,1.25507,1.05212,1.21738,0.00451375,0.00451375,0.00451375
667,8152.98,1.2985,1.12579,1.22399,0.88508,0.70638,0.81987,0.57175,1.25483,1.05317,1.2156,0.0045055,0.0045055,0.0045055
668,8164.44,1.34256,1.17173,1.25305,0.89413,0.70213,0.82034,0.57003,1.25514,1.05833,1.21577,0.00449725,0.00449725,0.00449725
669,8175.5,1.30498,1.14529,1.2204,0.88679,0.71665,0.82389,0.57318,1.25673,1.0609,1.21555,0.004489,0.004489,0.004489
670,8188.12,1.3381,1.18811,1.24039,0.88943,0.71277,0.82421,0.56939,1.25555,1.05807,1.21648,0.00448075,0.00448075,0.00448075
671,8203.29,1.34728,1.18439,1.24022,0.88815,0.71064,0.8253,0.56927,1.25421,1.05452,1.21594,0.0044725,0.0044725,0.0044725
672,8214.35,1.31433,1.14398,1.22855,0.87057,0.71552,0.82277,0.57048,1.25252,1.05274,1.21473,0.00446425,0.00446425,0.00446425
673,8226.55,1.31064,1.15405,1.23196,0.86986,0.71489,0.82221,0.57109,1.25419,1.05576,1.21564,0.004456,0.004456,0.004456
674,8237.93,1.30196,1.14249,1.22192,0.87331,0.71489,0.82422,0.57495,1.25387,1.0519,1.21649,0.00444775,0.00444775,0.00444775
675,8253.42,1.29537,1.13129,1.23006,0.8966,0.70109,0.82506,0.57619,1.25175,1.05083,1.21727,0.0044395,0.0044395,0.0044395
676,8266.03,1.31458,1.1408,1.22759,0.89383,0.69856,0.82477,0.57423,1.24985,1.0491,1.21667,0.00443125,0.00443125,0.00443125
677,8276.39,1.2981,1.11474,1.22816,0.89323,0.69422,0.82379,0.57565,1.24927,1.04971,1.21584,0.004423,0.004423,0.004423
678,8290.36,1.30252,1.14511,1.23613,0.89931,0.70638,0.82626,0.57741,1.24815,1.0479,1.21381,0.00441475,0.00441475,0.00441475
679,8304.4,1.2784,1.12161,1.21849,0.91216,0.70705,0.82635,0.57935,1.24691,1.05133,1.21228,0.0044065,0.0044065,0.0044065
680,8314.89,1.30972,1.15871,1.23035,0.90986,0.71064,0.82587,0.57847,1.24319,1.04761,1.21077,0.00439825,0.00439825,0.00439825
681,8325.11,1.33063,1.15603,1.23007,0.90754,0.7101,0.82802,0.58025,1.23848,1.04236,1.20889,0.00439,0.00439,0.00439
682,8342.32,1.30009,1.12322,1.23327,0.90745,0.71064,0.82937,0.58199,1.23993,1.04162,1.20891,0.00438175,0.00438175,0.00438175
683,8353.07,1.32274,1.15963,1.23421,0.89716,0.70851,0.82761,0.58161,1.24101,1.03992,1.20758,0.0043735,0.0043735,0.0043735
684,8363.4,1.31201,1.16082,1.2343,0.90273,0.71085,0.82708,0.58387,1.24179,1.03931,1.20642,0.00436525,0.00436525,0.00436525
685,8380.52,1.2851,1.1257,1.21747,0.89107,0.70851,0.82594,0.5801,1.24111,1.03645,1.20556,0.004357,0.004357,0.004357
686,8390.83,1.2846,1.12158,1.21454,0.89318,0.70851,0.82578,0.58015,1.23859,1.03309,1.204,0.00434875,0.00434875,0.00434875
687,8401.17,1.29215,1.12717,1.21555,0.89565,0.72128,0.82589,0.58333,1.23844,1.03191,1.2013,0.0043405,0.0043405,0.0043405
688,8414.04,1.29606,1.12377,1.21798,0.89538,0.72128,0.82578,0.58337,1.23711,1.02999,1.19998,0.00433225,0.00433225,0.00433225
689,8428.66,1.27308,1.0995,1.20912,0.89647,0.71915,0.8262,0.58524,1.23646,1.02841,1.19833,0.004324,0.004324,0.004324
690,8439.14,1.28382,1.12369,1.21795,0.88567,0.72525,0.82756,0.58381,1.23745,1.02456,1.1971,0.00431575,0.00431575,0.00431575
691,8451.72,1.28948,1.128,1.21427,0.87539,0.73404,0.82833,0.58471,1.23538,1.01961,1.19467,0.0043075,0.0043075,0.0043075
692,8464.36,1.27758,1.11004,1.21334,0.87795,0.73467,0.82844,0.58363,1.22914,1.01702,1.19352,0.00429925,0.00429925,0.00429925
693,8477.25,1.27619,1.11292,1.21242,0.88318,0.72387,0.831,0.58557,1.2264,1.01483,1.19166,0.004291,0.004291,0.004291
694,8489.82,1.24865,1.09461,1.2033,0.8866,0.7234,0.83104,0.58827,1.22635,1.01487,1.19061,0.00428275,0.00428275,0.00428275
695,8501.1,1.26474,1.09607,1.21281,0.88757,0.72227,0.8321,0.58758,1.22788,1.01538,1.19092,0.0042745,0.0042745,0.0042745
696,8515.7,1.27978,1.11807,1.21512,0.88198,0.7234,0.8302,0.58585,1.2308,1.01796,1.19035,0.00426625,0.00426625,0.00426625
697,8528.29,1.30933,1.16907,1.22486,0.89096,0.72128,0.82878,0.58467,1.23172,1.02069,1.18993,0.004258,0.004258,0.004258
698,8539.49,1.2835,1.111,1.22446,0.90328,0.71915,0.82721,0.58643,1.22983,1.01922,1.1896,0.00424975,0.00424975,0.00424975
699,8550.61,1.24236,1.07608,1.19851,0.89959,0.71915,0.82714,0.58385,1.22964,1.01872,1.18981,0.0042415,0.0042415,0.0042415
700,8566.1,1.26652,1.07015,1.19784,0.8747,0.72778,0.8278,0.58319,1.22671,1.02004,1.18983,0.00423325,0.00423325,0.00423325
701,8577.65,1.26564,1.0981,1.20756,0.88892,0.7234,0.82738,0.58501,1.2255,1.02015,1.18976,0.004225,0.004225,0.004225
702,8587.99,1.24952,1.10056,1.20538,0.89211,0.7234,0.82828,0.5885,1.22347,1.01756,1.18902,0.00421675,0.00421675,0.00421675
703,8600.83,1.26794,1.1039,1.19852,0.88072,0.72266,0.8277,0.58821,1.22513,1.01283,1.18878,0.0042085,0.0042085,0.0042085
704,8615.35,1.26609,1.09973,1.20059,0.88209,0.72553,0.82802,0.58661,1.22645,1.01005,1.18764,0.00420025,0.00420025,0.00420025
705,8625.7,1.26555,1.09554,1.20212,0.87108,0.73318,0.82789,0.58636,1.22729,1.00749,1.18697,0.004192,0.004192,0.004192
706,8635.97,1.25765,1.08059,1.19812,0.87821,0.72553,0.82904,0.58945,1.22431,1.00448,1.1852,0.00418375,0.00418375,0.00418375
707,8653.05,1.24789,1.07147,1.19939,0.87292,0.73072,0.82898,0.58882,1.22217,1.00239,1.18361,0.0041755,0.0041755,0.0041755
708,8663,1.28299,1.13951,1.21757,0.87793,0.72766,0.82872,0.58886,1.21972,0.9977,1.18168,0.00416725,0.00416725,0.00416725
709,8673.45,1.25658,1.08931,1.20921,0.88845,0.72864,0.83028,0.58802,1.21647,0.99384,1.18086,0.004159,0.004159,0.004159
710,8687.4,1.2764,1.11611,1.2179,0.89908,0.71277,0.83162,0.59007,1.21458,0.99116,1.17889,0.00415075,0.00415075,0.00415075
711,8701.37,1.27033,1.10607,1.21575,0.90033,0.71702,0.83318,0.59041,1.21344,0.98704,1.17724,0.0041425,0.0041425,0.0041425
712,8712.02,1.25925,1.07684,1.2096,0.89369,0.71545,0.83132,0.59262,1.21109,0.98384,1.17647,0.00413425,0.00413425,0.00413425
713,8724.97,1.26701,1.09676,1.21756,0.89724,0.71489,0.83291,0.59283,1.21327,0.9862,1.17752,0.004126,0.004126,0.004126
714,8738.7,1.24975,1.07197,1.19863,0.89401,0.7179,0.83394,0.5958,1.21468,0.98492,1.17824,0.00411775,0.00411775,0.00411775
715,8750.81,1.24444,1.08565,1.19849,0.89438,0.71702,0.83264,0.59381,1.21231,0.98496,1.17878,0.0041095,0.0041095,0.0041095
716,8763.62,1.2732,1.10266,1.21118,0.89077,0.71138,0.83311,0.59561,1.21127,0.98648,1.17816,0.00410125,0.00410125,0.00410125
717,8774.1,1.23125,1.07879,1.19232,0.88696,0.71789,0.83357,0.59535,1.21026,0.9852,1.1761,0.004093,0.004093,0.004093
718,8788.95,1.26712,1.09296,1.20379,0.89007,0.72356,0.83617,0.59689,1.20931,0.98325,1.17406,0.00408475,0.00408475,0.00408475
719,8801.68,1.25868,1.06938,1.20157,0.87975,0.73162,0.83686,0.59906,1.20994,0.98148,1.17274,0.0040765,0.0040765,0.0040765
720,8812.87,1.25747,1.07631,1.21105,0.87782,0.72979,0.83687,0.59988,1.2108,0.97874,1.17187,0.00406825,0.00406825,0.00406825
721,8824.82,1.26497,1.09858,1.19103,0.86887,0.73308,0.83827,0.6008,1.2091,0.97602,1.17017,0.00406,0.00406,0.00406
722,8841.34,1.23093,1.05311,1.18314,0.87,0.74043,0.83848,0.60146,1.20993,0.9754,1.16973,0.00405175,0.00405175,0.00405175
723,8852.08,1.22882,1.04551,1.18386,0.88031,0.73617,0.83965,0.60223,1.20819,0.97565,1.16877,0.0040435,0.0040435,0.0040435
724,8862.9,1.22037,1.04001,1.18563,0.89016,0.73404,0.84189,0.60287,1.20825,0.97345,1.16953,0.00403525,0.00403525,0.00403525
725,8880.13,1.26094,1.07879,1.19947,0.89622,0.73191,0.84118,0.6019,1.20724,0.97221,1.16978,0.004027,0.004027,0.004027
726,8890.51,1.2454,1.0686,1.20523,0.89382,0.73431,0.84108,0.6008,1.20775,0.96998,1.17012,0.00401875,0.00401875,0.00401875
727,8900.77,1.22812,1.06057,1.18618,0.8917,0.73573,0.8406,0.60082,1.21003,0.9703,1.16986,0.0040105,0.0040105,0.0040105
728,8911.15,1.24613,1.06862,1.19065,0.88364,0.74324,0.83986,0.59929,1.21016,0.96963,1.1687,0.00400225,0.00400225,0.00400225
729,8928.13,1.25152,1.08787,1.19891,0.88389,0.74506,0.84015,0.59984,1.20962,0.96888,1.16963,0.003994,0.003994,0.003994
730,8938.56,1.21538,1.05058,1.18197,0.88786,0.74043,0.8411,0.60062,1.20803,0.96626,1.16839,0.00398575,0.00398575,0.00398575
731,8948.94,1.24253,1.06873,1.19599,0.88078,0.74255,0.843,0.60252,1.20821,0.96454,1.1687,0.0039775,0.0039775,0.0039775
732,8964.69,1.21619,1.04041,1.18608,0.88793,0.74255,0.84377,0.60286,1.20936,0.96365,1.16821,0.00396925,0.00396925,0.00396925
733,8977.06,1.24796,1.0668,1.19323,0.88737,0.74255,0.84483,0.60356,1.20829,0.9621,1.16705,0.003961,0.003961,0.003961
734,8987.77,1.23614,1.03937,1.18327,0.88284,0.74255,0.84611,0.60466,1.21001,0.96047,1.16741,0.00395275,0.00395275,0.00395275
735,9000.82,1.21618,1.03989,1.18179,0.88767,0.74894,0.84871,0.60495,1.2085,0.95861,1.16542,0.0039445,0.0039445,0.0039445
736,9016.44,1.2182,1.03008,1.1752,0.88889,0.74894,0.84969,0.60646,1.20463,0.95674,1.16324,0.00393625,0.00393625,0.00393625
737,9027.13,1.21353,1.02821,1.18264,0.88959,0.75432,0.84868,0.60811,1.20573,0.95703,1.16365,0.003928,0.003928,0.003928
738,9039.91,1.2063,1.01382,1.17929,0.88358,0.75319,0.84999,0.60751,1.20468,0.95355,1.16259,0.00391975,0.00391975,0.00391975
739,9052.33,1.22581,1.04824,1.18381,0.89074,0.75319,0.85138,0.60694,1.20146,0.95141,1.1613,0.0039115,0.0039115,0.0039115
740,9065.27,1.23684,1.05562,1.17946,0.89797,0.74901,0.8533,0.60904,1.19995,0.94839,1.16057,0.00390325,0.00390325,0.00390325
741,9078.18,1.22238,1.0348,1.17667,0.90175,0.75319,0.85355,0.61014,1.19841,0.94757,1.15929,0.003895,0.003895,0.003895
742,9088.99,1.19678,1.00948,1.18038,0.90072,0.75319,0.85336,0.60951,1.19673,0.94868,1.15807,0.00388675,0.00388675,0.00388675
743,9103.55,1.223,1.05284,1.18576,0.91405,0.74468,0.85254,0.60856,1.19576,0.94947,1.15716,0.0038785,0.0038785,0.0038785
744,9116.43,1.21319,1.05294,1.18131,0.92814,0.74195,0.85319,0.60962,1.19423,0.94512,1.15648,0.00387025,0.00387025,0.00387025
745,9126.75,1.21929,1.03303,1.18042,0.92473,0.73186,0.85425,0.61105,1.19133,0.94364,1.15517,0.003862,0.003862,0.003862
746,9138.16,1.22151,1.04924,1.18127,0.91819,0.74026,0.85358,0.61094,1.18888,0.94145,1.15485,0.00385375,0.00385375,0.00385375
747,9154.66,1.21321,1.04515,1.18399,0.9116,0.74468,0.85499,0.61219,1.18877,0.94133,1.15567,0.0038455,0.0038455,0.0038455
748,9165.38,1.19703,1.01733,1.16648,0.91825,0.74255,0.85513,0.61125,1.18714,0.93985,1.15571,0.00383725,0.00383725,0.00383725
749,9175.54,1.18737,1.00338,1.17382,0.91347,0.74468,0.85729,0.61228,1.18632,0.93818,1.15554,0.003829,0.003829,0.003829
750,9192.47,1.24419,1.05971,1.19434,0.90948,0.74825,0.85713,0.61296,1.18275,0.93809,1.15581,0.00382075,0.00382075,0.00382075
751,9203.36,1.23251,1.04674,1.19591,0.91651,0.7383,0.85793,0.61206,1.17821,0.93661,1.15467,0.0038125,0.0038125,0.0038125
752,9213.63,1.21767,1.032,1.18095,0.92003,0.73434,0.85837,0.61203,1.17827,0.93504,1.15431,0.00380425,0.00380425,0.00380425
753,9223.98,1.2078,1.02343,1.16656,0.90435,0.75106,0.85949,0.61307,1.1788,0.93157,1.15335,0.003796,0.003796,0.003796
754,9241.51,1.20174,1.01751,1.17323,0.90243,0.75319,0.85919,0.61372,1.1775,0.92966,1.15245,0.00378775,0.00378775,0.00378775
755,9252.24,1.19739,1.0222,1.17179,0.91873,0.74564,0.8584,0.61355,1.17541,0.92984,1.1514,0.0037795,0.0037795,0.0037795
756,9262.65,1.20439,1.03931,1.18156,0.9279,0.73937,0.85895,0.61492,1.17403,0.92573,1.15098,0.00377125,0.00377125,0.00377125
757,9278.04,1.18457,1.00843,1.17148,0.89213,0.75662,0.85783,0.61545,1.17254,0.9256,1.15108,0.003763,0.003763,0.003763
758,9291.34,1.20089,1.0212,1.16708,0.89606,0.75319,0.8577,0.61602,1.17099,0.92472,1.15087,0.00375475,0.00375475,0.00375475
759,9302.04,1.18784,1.00372,1.16639,0.91241,0.74468,0.85835,0.61621,1.17017,0.92347,1.1501,0.0037465,0.0037465,0.0037465
760,9314.95,1.1984,1.02948,1.17207,0.90462,0.74664,0.85845,0.61688,1.16854,0.92199,1.14915,0.00373825,0.00373825,0.00373825
761,9329.98,1.18595,1.01273,1.1613,0.90283,0.75125,0.85799,0.61641,1.16711,0.92135,1.14966,0.00373,0.00373,0.00373
762,9340.31,1.20336,1.03456,1.18024,0.92816,0.74255,0.85808,0.61606,1.16388,0.91866,1.14903,0.00372175,0.00372175,0.00372175
763,9352.86,1.20354,1.03585,1.17715,0.89715,0.75745,0.85846,0.61734,1.16175,0.9181,1.14859,0.0037135,0.0037135,0.0037135
764,9364.64,1.20399,1.02529,1.1762,0.89461,0.75856,0.85827,0.61803,1.15997,0.91908,1.14934,0.00370525,0.00370525,0.00370525
765,9378.98,1.1887,1.00325,1.1648,0.88516,0.77076,0.85864,0.61838,1.15972,0.91971,1.14936,0.003697,0.003697,0.003697
766,9391.86,1.20588,1.01793,1.17255,0.8887,0.77021,0.85959,0.61801,1.15962,0.92188,1.14893,0.00368875,0.00368875,0.00368875
767,9402.24,1.16569,0.99725,1.15127,0.90205,0.76416,0.85955,0.61818,1.15865,0.92266,1.1482,0.0036805,0.0036805,0.0036805
768,9415.86,1.18434,0.99165,1.15861,0.90061,0.76383,0.85997,0.61948,1.1566,0.92181,1.14812,0.00367225,0.00367225,0.00367225
769,9430.55,1.17759,0.99861,1.16303,0.89954,0.76206,0.86153,0.61959,1.15599,0.92044,1.14832,0.003664,0.003664,0.003664
770,9441.37,1.18665,1.0001,1.16962,0.90387,0.76021,0.86274,0.61956,1.15596,0.91953,1.1484,0.00365575,0.00365575,0.00365575
771,9452.37,1.20258,1.02707,1.17147,0.9177,0.75923,0.86247,0.61844,1.15467,0.91894,1.14784,0.0036475,0.0036475,0.0036475
772,9469.16,1.21198,1.047,1.18017,0.89905,0.76809,0.86309,0.622,1.15444,0.91882,1.14696,0.00363925,0.00363925,0.00363925
773,9479.93,1.17763,1.01424,1.16483,0.92314,0.75319,0.86408,0.62023,1.1555,0.91858,1.14657,0.003631,0.003631,0.003631
774,9490.21,1.18196,0.99854,1.15393,0.92497,0.76062,0.86374,0.62063,1.15426,0.9195,1.14578,0.00362275,0.00362275,0.00362275
775,9506.3,1.17661,1.00483,1.16446,0.92744,0.7617,0.86421,0.62183,1.15417,0.91982,1.14517,0.0036145,0.0036145,0.0036145
776,9517.67,1.18807,1.02233,1.17292,0.91898,0.76383,0.86342,0.62216,1.15351,0.92006,1.14429,0.00360625,0.00360625,0.00360625
777,9528.41,1.18063,1.01139,1.16,0.91331,0.76383,0.86461,0.62125,1.15386,0.91693,1.14409,0.003598,0.003598,0.003598
778,9540.64,1.20344,1.04849,1.16686,0.90332,0.76596,0.86349,0.6229,1.15302,0.91369,1.1434,0.00358975,0.00358975,0.00358975
779,9555.98,1.15913,0.9894,1.14652,0.91147,0.76666,0.86335,0.62291,1.15274,0.9129,1.14286,0.0035815,0.0035815,0.0035815
780,9566.76,1.18244,0.99672,1.16334,0.9114,0.76607,0.86409,0.62346,1.15199,0.91091,1.14294,0.00357325,0.00357325,0.00357325
781,9579.52,1.17838,1.00259,1.16993,0.89933,0.77932,0.86444,0.62499,1.15107,0.91,1.14306,0.003565,0.003565,0.003565
782,9593.12,1.17086,0.995,1.15864,0.91113,0.76809,0.86453,0.62373,1.15059,0.90774,1.14306,0.00355675,0.00355675,0.00355675
783,9605.9,1.17447,0.99979,1.15093,0.91538,0.76809,0.86513,0.62579,1.14999,0.90746,1.14245,0.0035485,0.0035485,0.0035485
784,9618.83,1.17227,0.97811,1.15243,0.91593,0.765,0.86388,0.62648,1.14744,0.90613,1.14088,0.00354025,0.00354025,0.00354025
785,9629.75,1.20155,1.02318,1.1638,0.91333,0.77021,0.86326,0.62777,1.14575,0.90426,1.13986,0.003532,0.003532,0.003532
786,9645.01,1.15616,1.00001,1.14683,0.9146,0.76809,0.86341,0.62882,1.14514,0.90395,1.13941,0.00352375,0.00352375,0.00352375
787,9658,1.19146,1.00378,1.15938,0.91648,0.77044,0.86394,0.62876,1.14498,0.90446,1.13916,0.0035155,0.0035155,0.0035155
788,9669.1,1.17133,0.98141,1.15275,0.91626,0.76823,0.86438,0.62991,1.14415,0.90375,1.13909,0.00350725,0.00350725,0.00350725
789,9680.89,1.18647,1.00328,1.16058,0.91898,0.77227,0.8636,0.6305,1.14283,0.90305,1.1374,0.003499,0.003499,0.003499
790,9697.29,1.20141,1.00354,1.17084,0.9153,0.77234,0.8652,0.63183,1.14146,0.90267,1.13714,0.00349075,0.00349075,0.00349075
791,9708.02,1.16251,0.97632,1.14499,0.91419,0.77067,0.86544,0.63108,1.1409,0.90115,1.13581,0.0034825,0.0034825,0.0034825
792,9718.27,1.15147,0.9816,1.14996,0.91606,0.76623,0.8657,0.63167,1.14069,0.90083,1.13481,0.00347425,0.00347425,0.00347425
793,9734.63,1.15942,0.97599,1.14055,0.87731,0.78723,0.86517,0.63183,1.14165,0.8999,1.13593,0.003466,0.003466,0.003466
794,9745.44,1.17013,0.99029,1.15685,0.88486,0.78298,0.86516,0.63448,1.1422,0.90025,1.13445,0.00345775,0.00345775,0.00345775
795,9755.85,1.16598,0.987,1.15749,0.88701,0.78723,0.86578,0.63319,1.14207,0.89984,1.13434,0.0034495,0.0034495,0.0034495
796,9766.12,1.17566,1.0033,1.1543,0.89107,0.7832,0.86505,0.6332,1.14138,0.89971,1.13298,0.00344125,0.00344125,0.00344125
797,9782.65,1.16803,0.99312,1.15846,0.90557,0.77021,0.86554,0.63537,1.1408,0.89843,1.13227,0.003433,0.003433,0.003433
798,9793.3,1.15423,0.96604,1.14222,0.9028,0.77071,0.86522,0.63313,1.14096,0.89885,1.13212,0.00342475,0.00342475,0.00342475
799,9803.66,1.15961,0.96981,1.15402,0.90869,0.77234,0.8656,0.63126,1.14254,0.89956,1.13199,0.0034165,0.0034165,0.0034165
800,9819.08,1.17116,0.99154,1.15189,0.90757,0.773,0.86601,0.63213,1.14213,0.89981,1.13129,0.00340825,0.00340825,0.00340825
801,9831.61,1.18297,1.00937,1.168,0.90829,0.77447,0.8661,0.6326,1.14192,0.90051,1.13205,0.0034,0.0034,0.0034
802,9842,1.14189,0.94541,1.13806,0.91241,0.7766,0.86588,0.63274,1.1416,0.90055,1.13121,0.00339175,0.00339175,0.00339175
803,9854.62,1.15764,0.99271,1.1437,0.9114,0.7766,0.8658,0.63267,1.14041,0.89799,1.13008,0.0033835,0.0033835,0.0033835
804,9869.27,1.16366,0.99154,1.1489,0.90874,0.78391,0.86576,0.63307,1.13867,0.89622,1.12939,0.00337525,0.00337525,0.00337525
805,9879.98,1.15618,0.9764,1.13794,0.90046,0.78723,0.86614,0.63372,1.13805,0.89483,1.12909,0.003367,0.003367,0.003367
806,9892.65,1.1511,0.97438,1.14436,0.89601,0.78723,0.86551,0.63321,1.13831,0.89427,1.12852,0.00335875,0.00335875,0.00335875
807,9903.41,1.15819,0.98067,1.1506,0.89893,0.78511,0.86529,0.63364,1.13738,0.89287,1.12779,0.0033505,0.0033505,0.0033505
808,9918.03,1.13136,0.97551,1.13842,0.89999,0.78502,0.86613,0.63258,1.13622,0.88983,1.12713,0.00334225,0.00334225,0.00334225
809,9930.57,1.17318,0.98971,1.15671,0.89835,0.78977,0.8665,0.63288,1.13584,0.88813,1.12666,0.003334,0.003334,0.003334
810,9941.07,1.12846,0.95147,1.13504,0.90082,0.79149,0.86725,0.63469,1.13487,0.88616,1.12617,0.00332575,0.00332575,0.00332575
811,9953.33,1.15375,0.97396,1.14751,0.89866,0.79149,0.8674,0.63543,1.1344,0.88593,1.12516,0.0033175,0.0033175,0.0033175
812,9969.15,1.14617,0.96362,1.15303,0.91317,0.78511,0.86936,0.63556,1.13319,0.8835,1.12459,0.00330925,0.00330925,0.00330925
813,9980.08,1.16075,0.97969,1.13988,0.91322,0.78363,0.86941,0.63646,1.13219,0.88256,1.12384,0.003301,0.003301,0.003301
814,9990.79,1.12809,0.95353,1.13643,0.90649,0.78936,0.86986,0.63586,1.13159,0.88093,1.12306,0.00329275,0.00329275,0.00329275
815,10007.5,1.13525,0.94637,1.14022,0.9057,0.78936,0.8703,0.63771,1.13126,0.87962,1.12243,0.0032845,0.0032845,0.0032845
816,10018.9,1.14946,0.96659,1.14477,0.90453,0.78936,0.87009,0.63654,1.13015,0.87766,1.12199,0.00327625,0.00327625,0.00327625
817,10029.2,1.13216,0.96773,1.13531,0.9078,0.78936,0.87027,0.63735,1.13007,0.8749,1.12212,0.003268,0.003268,0.003268
818,10040.9,1.16019,0.97809,1.14119,0.90619,0.78936,0.87099,0.63667,1.12996,0.87345,1.12183,0.00325975,0.00325975,0.00325975
819,10056.5,1.15877,0.99383,1.14858,0.90377,0.79149,0.87104,0.63673,1.1291,0.87323,1.12161,0.0032515,0.0032515,0.0032515
820,10066.7,1.15028,0.95697,1.14307,0.90588,0.78936,0.87116,0.63797,1.12831,0.87248,1.12139,0.00324325,0.00324325,0.00324325
821,10077.4,1.1401,0.95768,1.13254,0.9171,0.78511,0.87141,0.63912,1.12722,0.87202,1.12014,0.003235,0.003235,0.003235
822,10094.7,1.12878,0.94697,1.1345,0.91789,0.78489,0.87092,0.64021,1.1259,0.87197,1.11942,0.00322675,0.00322675,0.00322675
823,10105.5,1.15096,0.94534,1.13781,0.90441,0.78936,0.87107,0.6394,1.12517,0.87115,1.11984,0.0032185,0.0032185,0.0032185
824,10115.8,1.13262,0.96148,1.13195,0.9049,0.7896,0.87104,0.6399,1.12435,0.87142,1.11967,0.00321025,0.00321025,0.00321025
825,10128.9,1.15219,0.98443,1.1503,0.9048,0.78511,0.87003,0.64047,1.12305,0.87157,1.1188,0.003202,0.003202,0.003202
826,10143.8,1.13807,0.94281,1.13719,0.90577,0.78511,0.86973,0.64072,1.12234,0.87138,1.11808,0.00319375,0.00319375,0.00319375
827,10154.7,1.11704,0.94174,1.13351,0.90529,0.78723,0.87096,0.64126,1.12247,0.87111,1.11818,0.0031855,0.0031855,0.0031855
828,10167.8,1.14248,0.97283,1.14006,0.90572,0.78723,0.87068,0.6398,1.12258,0.87123,1.11805,0.00317725,0.00317725,0.00317725
829,10180,1.14644,0.94722,1.13371,0.90502,0.79065,0.8705,0.6398,1.12055,0.87235,1.11769,0.003169,0.003169,0.003169
830,10192.4,1.12184,0.95039,1.13588,0.9083,0.79149,0.87063,0.64075,1.11908,0.87336,1.1177,0.00316075,0.00316075,0.00316075
831,10204.8,1.1328,0.95592,1.12836,0.91129,0.78685,0.87026,0.63891,1.11796,0.87301,1.11768,0.0031525,0.0031525,0.0031525
832,10215.2,1.12541,0.94833,1.12906,0.90522,0.78936,0.87035,0.63929,1.11759,0.87301,1.1169,0.00314425,0.00314425,0.00314425
833,10229.9,1.12132,0.93838,1.13519,0.91355,0.78689,0.87051,0.64052,1.11598,0.8729,1.11636,0.003136,0.003136,0.003136
834,10243,1.12557,0.94345,1.13104,0.91479,0.78723,0.87022,0.64138,1.11504,0.87299,1.11596,0.00312775,0.00312775,0.00312775
835,10253.5,1.11219,0.93937,1.12658,0.91845,0.79073,0.87075,0.64144,1.11361,0.87303,1.11495,0.0031195,0.0031195,0.0031195
836,10265.3,1.10366,0.90364,1.11314,0.91678,0.78936,0.86977,0.64222,1.11272,0.87327,1.11452,0.00311125,0.00311125,0.00311125
837,10281.5,1.11309,0.92375,1.12177,0.91841,0.79038,0.86991,0.64226,1.11161,0.87324,1.1139,0.003103,0.003103,0.003103
838,10292,1.13423,0.94652,1.13315,0.91067,0.79149,0.86993,0.64306,1.11064,0.873,1.11319,0.00309475,0.00309475,0.00309475
839,10302.6,1.09852,0.93121,1.12311,0.90311,0.79574,0.86913,0.64258,1.10919,0.87176,1.11249,0.0030865,0.0030865,0.0030865
840,10317.8,1.09501,0.92248,1.11958,0.90718,0.79574,0.86985,0.64316,1.10821,0.87216,1.11259,0.00307825,0.00307825,0.00307825
841,10330.5,1.12061,0.93743,1.13444,0.90542,0.79439,0.8701,0.64238,1.1068,0.8728,1.1113,0.00307,0.00307,0.00307
842,10341,1.11571,0.93957,1.13229,0.90573,0.79727,0.87043,0.64334,1.10519,0.87075,1.11018,0.00306175,0.00306175,0.00306175
843,10351.4,1.12715,0.9464,1.12116,0.91774,0.78331,0.87108,0.64501,1.10469,0.86928,1.10977,0.0030535,0.0030535,0.0030535
844,10368.1,1.13311,0.9528,1.13634,0.91776,0.78357,0.87113,0.64432,1.10465,0.86833,1.10974,0.00304525,0.00304525,0.00304525
845,10378.4,1.11563,0.92652,1.12191,0.91828,0.78902,0.87148,0.64494,1.10381,0.86785,1.10921,0.003037,0.003037,0.003037
846,10388.7,1.11225,0.93186,1.12641,0.91862,0.79251,0.87141,0.64433,1.1035,0.86795,1.10895,0.00302875,0.00302875,0.00302875
847,10404.4,1.10247,0.92013,1.11719,0.91865,0.79292,0.87162,0.64388,1.1034,0.86714,1.1087,0.0030205,0.0030205,0.0030205
848,10416.2,1.09662,0.90587,1.12299,0.92003,0.78327,0.87126,0.64353,1.10236,0.86686,1.10822,0.00301225,0.00301225,0.00301225
849,10426.6,1.09763,0.91915,1.11749,0.92524,0.78085,0.87228,0.64468,1.10146,0.86598,1.1069,0.003004,0.003004,0.003004
850,10439.1,1.08651,0.89971,1.11825,0.92468,0.78364,0.87269,0.64533,1.10064,0.86611,1.10628,0.00299575,0.00299575,0.00299575
851,10454.3,1.11312,0.92395,1.12638,0.92504,0.7877,0.87306,0.64616,1.1,0.86477,1.10563,0.0029875,0.0029875,0.0029875
852,10465,1.12603,0.91802,1.11929,0.92539,0.79165,0.87366,0.64742,1.09962,0.86421,1.10481,0.00297925,0.00297925,0.00297925
853,10477.5,1.10364,0.9117,1.12554,0.92754,0.78984,0.8737,0.64785,1.09895,0.86492,1.10432,0.002971,0.002971,0.002971
854,10488.5,1.0964,0.89703,1.1179,0.93343,0.78723,0.87433,0.64781,1.09777,0.86476,1.10391,0.00296275,0.00296275,0.00296275
855,10504,1.09775,0.91079,1.12456,0.93207,0.79149,0.87452,0.64795,1.09661,0.86463,1.10318,0.0029545,0.0029545,0.0029545
856,10517,1.12064,0.93299,1.12463,0.92758,0.79036,0.874,0.6479,1.09539,0.86378,1.10236,0.00294625,0.00294625,0.00294625
857,10527.3,1.11159,0.92906,1.12193,0.92524,0.78994,0.87349,0.64892,1.09402,0.86276,1.10212,0.002938,0.002938,0.002938
858,10541,1.08129,0.90777,1.11221,0.92976,0.78862,0.87391,0.64851,1.09247,0.86197,1.10146,0.00292975,0.00292975,0.00292975
859,10555.6,1.09516,0.91378,1.12057,0.93451,0.78943,0.87395,0.65011,1.0917,0.86177,1.10046,0.0029215,0.0029215,0.0029215
860,10566.3,1.08376,0.91713,1.11396,0.9329,0.78936,0.87382,0.64954,1.09124,0.86095,1.09974,0.00291325,0.00291325,0.00291325
861,10576.8,1.08299,0.89963,1.10729,0.9326,0.78936,0.87345,0.65054,1.09123,0.86126,1.09905,0.002905,0.002905,0.002905
862,10593.4,1.13342,0.94055,1.12234,0.93455,0.78989,0.87324,0.65028,1.09093,0.86113,1.099,0.00289675,0.00289675,0.00289675
863,10603.7,1.07536,0.8904,1.10951,0.93496,0.78723,0.87325,0.64977,1.09071,0.86042,1.09889,0.0028885,0.0028885,0.0028885
864,10613.9,1.10505,0.92578,1.1214,0.93374,0.79149,0.87346,0.65057,1.09057,0.85993,1.09846,0.00288025,0.00288025,0.00288025
865,10625.7,1.09843,0.92676,1.12895,0.93474,0.79236,0.87343,0.6509,1.08952,0.85963,1.0981,0.002872,0.002872,0.002872
866,10642.3,1.11174,0.91162,1.11676,0.93451,0.7894,0.87398,0.65261,1.08964,0.85935,1.09778,0.00286375,0.00286375,0.00286375
867,10653,1.08241,0.89328,1.11306,0.93128,0.79362,0.87387,0.65248,1.08928,0.85837,1.09724,0.0028555,0.0028555,0.0028555
868,10663.3,1.07286,0.89926,1.11109,0.93563,0.79149,0.87434,0.65337,1.0888,0.85779,1.0968,0.00284725,0.00284725,0.00284725
869,10680.9,1.08421,0.88746,1.112,0.93198,0.79362,0.87483,0.65311,1.08842,0.85706,1.09701,0.002839,0.002839,0.002839
870,10691.3,1.10684,0.91635,1.119,0.92526,0.79574,0.87503,0.65398,1.08763,0.85733,1.09628,0.00283075,0.00283075,0.00283075
871,10702,1.08775,0.90498,1.11228,0.9275,0.79574,0.87516,0.65268,1.08672,0.85734,1.09542,0.0028225,0.0028225,0.0028225
872,10716.2,1.09478,0.90354,1.11396,0.93429,0.79149,0.87515,0.65254,1.08655,0.85673,1.09482,0.00281425,0.00281425,0.00281425
873,10729.5,1.10399,0.91486,1.11807,0.93426,0.79362,0.8749,0.65285,1.08584,0.85681,1.09444,0.002806,0.002806,0.002806
874,10739.9,1.12232,0.92746,1.13224,0.93513,0.79362,0.87531,0.65294,1.08547,0.8559,1.09381,0.00279775,0.00279775,0.00279775
875,10752,1.06336,0.88713,1.10843,0.93449,0.79574,0.87528,0.65396,1.08461,0.85454,1.09323,0.0027895,0.0027895,0.0027895
876,10766,1.09588,0.92165,1.11208,0.93732,0.79547,0.87643,0.6548,1.08448,0.85379,1.09286,0.00278125,0.00278125,0.00278125
877,10778,1.11513,0.92501,1.11995,0.93263,0.79574,0.8765,0.65459,1.08421,0.85392,1.09262,0.002773,0.002773,0.002773
878,10790.6,1.08923,0.89918,1.1078,0.93128,0.79574,0.87614,0.65444,1.08338,0.85389,1.092,0.00276475,0.00276475,0.00276475
879,10800.9,1.09815,0.91393,1.11786,0.93042,0.79664,0.87707,0.65517,1.08246,0.85325,1.09128,0.0027565,0.0027565,0.0027565
880,10816.2,1.09827,0.91156,1.11403,0.92832,0.80213,0.87699,0.65463,1.08181,0.85204,1.09074,0.00274825,0.00274825,0.00274825
881,10828.9,1.10187,0.92209,1.12344,0.93053,0.80213,0.87732,0.65493,1.0814,0.85129,1.09107,0.00274,0.00274,0.00274
882,10839.3,1.08574,0.91302,1.1194,0.93012,0.80213,0.87757,0.65547,1.08174,0.8507,1.09046,0.00273175,0.00273175,0.00273175
883,10851.9,1.08048,0.91437,1.1133,0.92985,0.80213,0.87726,0.65464,1.08235,0.85046,1.09044,0.0027235,0.0027235,0.0027235
884,10867.1,1.09184,0.89866,1.11222,0.93003,0.80213,0.87719,0.65416,1.08246,0.85085,1.09037,0.00271525,0.00271525,0.00271525
885,10877.3,1.10977,0.92212,1.11754,0.93025,0.80213,0.87745,0.65615,1.08201,0.84991,1.09051,0.002707,0.002707,0.002707
886,10888.1,1.0718,0.87838,1.1128,0.93082,0.80155,0.87731,0.65612,1.08125,0.84915,1.09032,0.00269875,0.00269875,0.00269875
887,10904.7,1.08238,0.89093,1.10269,0.93083,0.80168,0.87709,0.65539,1.08031,0.84765,1.08938,0.0026905,0.0026905,0.0026905
888,10915.1,1.09019,0.89423,1.10764,0.93228,0.80213,0.8776,0.65749,1.0791,0.84639,1.08888,0.00268225,0.00268225,0.00268225
889,10925.9,1.07866,0.89485,1.11091,0.93311,0.8014,0.87775,0.65783,1.07849,0.84543,1.08807,0.002674,0.002674,0.002674
890,10936.8,1.07558,0.88443,1.10534,0.92991,0.79787,0.87569,0.65861,1.07742,0.84445,1.08748,0.00266575,0.00266575,0.00266575
891,10954.1,1.069,0.89178,1.10089,0.92815,0.79787,0.87561,0.65925,1.07657,0.84383,1.08716,0.0026575,0.0026575,0.0026575
892,10964.8,1.09748,0.89106,1.11321,0.92665,0.79574,0.87507,0.65906,1.07587,0.84373,1.0867,0.00264925,0.00264925,0.00264925
893,10975.2,1.07087,0.88236,1.10755,0.92492,0.79574,0.87503,0.65925,1.07547,0.84259,1.08642,0.002641,0.002641,0.002641
894,10992.3,1.05735,0.89464,1.10683,0.92987,0.79787,0.87746,0.66042,1.07528,0.84124,1.08646,0.00263275,0.00263275,0.00263275
895,11003.1,1.06173,0.87525,1.09457,0.93056,0.79832,0.87775,0.66005,1.07457,0.83965,1.08637,0.0026245,0.0026245,0.0026245
896,11013.4,1.06566,0.89049,1.10639,0.93056,0.79835,0.87849,0.65927,1.07328,0.83777,1.0865,0.00261625,0.00261625,0.00261625
897,11026.7,1.06247,0.87884,1.09844,0.9302,0.8,0.8786,0.66042,1.07269,0.8374,1.08691,0.002608,0.002608,0.002608
898,11041.4,1.07847,0.87818,1.10229,0.92796,0.8,0.87824,0.66195,1.07183,0.83634,1.08631,0.00259975,0.00259975,0.00259975
899,11052.2,1.0459,0.86422,1.09751,0.92871,0.8,0.87894,0.66217,1.07092,0.8353,1.08583,0.0025915,0.0025915,0.0025915
900,11065.1,1.07105,0.88437,1.10044,0.93313,0.79787,0.87961,0.66302,1.06965,0.8347,1.08536,0.00258325,0.00258325,0.00258325
901,11079.1,1.05143,0.86147,1.09681,0.93211,0.79574,0.87959,0.66253,1.06915,0.83353,1.08504,0.002575,0.002575,0.002575
902,11090.9,1.07108,0.88725,1.10643,0.93196,0.79574,0.87971,0.66231,1.06893,0.83314,1.08499,0.00256675,0.00256675,0.00256675
903,11103.4,1.05802,0.89415,1.09672,0.93499,0.79574,0.87988,0.66266,1.06906,0.83264,1.08518,0.0025585,0.0025585,0.0025585
904,11113.6,1.08225,0.88983,1.10415,0.94196,0.78511,0.88043,0.66222,1.06851,0.83204,1.08475,0.00255025,0.00255025,0.00255025
905,11128.4,1.05603,0.88341,1.09788,0.93866,0.79574,0.88053,0.6622,1.06861,0.83125,1.08489,0.002542,0.002542,0.002542
906,11141.1,1.05564,0.86876,1.09744,0.9393,0.79016,0.88071,0.66268,1.06911,0.83003,1.0858,0.00253375,0.00253375,0.00253375
907,11151.4,1.07099,0.8824,1.10768,0.9396,0.78723,0.88078,0.66328,1.0686,0.83006,1.08538,0.0025255,0.0025255,0.0025255
908,11163.5,1.06936,0.87989,1.10029,0.94163,0.78939,0.88205,0.66559,1.06846,0.82799,1.08562,0.00251725,0.00251725,0.00251725
909,11179.9,1.07063,0.89073,1.10371,0.93729,0.79497,0.88208,0.66567,1.0679,0.82733,1.0846,0.002509,0.002509,0.002509
910,11190.5,1.06962,0.87387,1.09985,0.94201,0.79491,0.88249,0.66734,1.06763,0.82682,1.08431,0.00250075,0.00250075,0.00250075
911,11201.3,1.06925,0.87375,1.10595,0.94207,0.79577,0.88255,0.66736,1.06717,0.82691,1.08416,0.0024925,0.0024925,0.0024925
912,11218.5,1.05968,0.86113,1.09193,0.94395,0.79787,0.88348,0.66658,1.067,0.82565,1.08409,0.00248425,0.00248425,0.00248425
913,11228.9,1.03354,0.85287,1.08663,0.9421,0.79621,0.88326,0.66736,1.06707,0.82543,1.08405,0.002476,0.002476,0.002476
914,11239.7,1.05627,0.87483,1.09669,0.93738,0.79624,0.88253,0.6673,1.06755,0.82555,1.084,0.00246775,0.00246775,0.00246775
915,11254.2,1.06001,0.87082,1.0945,0.9378,0.79574,0.88266,0.66703,1.06762,0.82511,1.08398,0.0024595,0.0024595,0.0024595
916,11267.5,1.03137,0.86105,1.09605,0.93578,0.79574,0.88243,0.66716,1.06768,0.82537,1.08399,0.00245125,0.00245125,0.00245125
917,11278,1.05539,0.87075,1.09969,0.93738,0.79621,0.88311,0.66742,1.06732,0.82563,1.08369,0.002443,0.002443,0.002443
918,11289.9,1.04009,0.87278,1.09047,0.94098,0.79362,0.88334,0.66859,1.06731,0.82526,1.08354,0.00243475,0.00243475,0.00243475
919,11305.9,1.06716,0.88673,1.09914,0.94167,0.79362,0.88352,0.66819,1.06624,0.82505,1.08304,0.0024265,0.0024265,0.0024265
920,11317.2,1.05622,0.85411,1.08969,0.93965,0.79362,0.88343,0.66795,1.06623,0.82506,1.08286,0.00241825,0.00241825,0.00241825
921,11328.9,1.06628,0.87969,1.10418,0.94416,0.79362,0.88366,0.66796,1.06622,0.82454,1.08262,0.00241,0.00241,0.00241
922,11340.7,1.04259,0.85459,1.09263,0.94627,0.79362,0.88346,0.66837,1.06594,0.82408,1.08214,0.00240175,0.00240175,0.00240175
923,11355.3,1.02133,0.84934,1.08413,0.94427,0.79362,0.8834,0.6686,1.06527,0.8234,1.08204,0.0023935,0.0023935,0.0023935
924,11367.1,1.07157,0.89348,1.10123,0.94431,0.79372,0.88351,0.66943,1.06522,0.82259,1.08187,0.00238525,0.00238525,0.00238525
925,11379.5,1.04261,0.85461,1.09585,0.94541,0.79362,0.88354,0.66956,1.06535,0.82276,1.08186,0.002377,0.002377,0.002377
926,11392.8,1.04471,0.86029,1.0955,0.95639,0.79328,0.88347,0.66976,1.06447,0.82153,1.08142,0.00236875,0.00236875,0.00236875
927,11407.2,1.03878,0.87114,1.09316,0.95622,0.79007,0.88323,0.66976,1.06347,0.82085,1.08087,0.0023605,0.0023605,0.0023605
928,11418.6,1.02077,0.83821,1.07958,0.9563,0.79154,0.88328,0.6699,1.06325,0.82056,1.08042,0.00235225,0.00235225,0.00235225
929,11428.9,1.04464,0.86253,1.08758,0.9475,0.79362,0.88356,0.66979,1.06315,0.82024,1.08024,0.002344,0.002344,0.002344
930,11443.2,1.04088,0.86757,1.09357,0.94787,0.79362,0.88406,0.6703,1.06275,0.81977,1.08004,0.00233575,0.00233575,0.00233575
931,11456.2,1.04772,0.86625,1.09908,0.94908,0.79312,0.88412,0.67042,1.06232,0.81921,1.07993,0.0023275,0.0023275,0.0023275
932,11466.9,1.0501,0.86389,1.09316,0.94852,0.79149,0.88405,0.67061,1.06241,0.81911,1.07951,0.00231925,0.00231925,0.00231925
933,11479.2,1.04236,0.85939,1.08839,0.94851,0.79149,0.88444,0.67002,1.06262,0.81875,1.0794,0.002311,0.002311,0.002311
934,11495,1.01622,0.8388,1.08453,0.94888,0.79149,0.88456,0.67045,1.06202,0.81809,1.07904,0.00230275,0.00230275,0.00230275
935,11505.3,1.02548,0.84726,1.07804,0.94818,0.78936,0.88479,0.67083,1.06195,0.81805,1.07899,0.0022945,0.0022945,0.0022945
936,11516,1.06367,0.87633,1.09105,0.95147,0.78936,0.88486,0.67066,1.06174,0.81782,1.07883,0.00228625,0.00228625,0.00228625
937,11533,1.02886,0.84096,1.08929,0.95249,0.78936,0.88496,0.67087,1.06127,0.81763,1.07884,0.002278,0.002278,0.002278
938,11543.7,1.03387,0.85134,1.08371,0.95311,0.78936,0.88498,0.67099,1.06128,0.81691,1.07883,0.00226975,0.00226975,0.00226975
939,11554.3,1.00387,0.83304,1.08369,0.95237,0.78936,0.88506,0.67129,1.06147,0.81622,1.07857,0.0022615,0.0022615,0.0022615
940,11568.3,1.03678,0.85577,1.0866,0.94961,0.78936,0.88602,0.67217,1.06091,0.81564,1.07868,0.00225325,0.00225325,0.00225325
941,11582.5,1.04772,0.86264,1.0905,0.95069,0.79149,0.88597,0.67212,1.06089,0.81569,1.07831,0.002245,0.002245,0.002245
942,11592.8,1.0364,0.85636,1.094,0.94592,0.79149,0.88612,0.6727,1.06057,0.81577,1.07803,0.00223675,0.00223675,0.00223675
943,11605.6,1.03624,0.85338,1.09078,0.94706,0.79149,0.88618,0.67289,1.06043,0.81561,1.07772,0.0022285,0.0022285,0.0022285
944,11619.7,1.02653,0.83922,1.09021,0.94662,0.79228,0.88636,0.67335,1.05957,0.81523,1.07729,0.00222025,0.00222025,0.00222025
945,11632.1,1.01288,0.83278,1.08095,0.94666,0.79303,0.88604,0.67216,1.05877,0.81454,1.07693,0.002212,0.002212,0.002212
946,11644.4,1.03305,0.84618,1.09004,0.94903,0.79234,0.88587,0.67265,1.05823,0.81409,1.07615,0.00220375,0.00220375,0.00220375
947,11654.7,1.02636,0.83411,1.07606,0.95048,0.79362,0.8859,0.67279,1.05745,0.81363,1.07548,0.0021955,0.0021955,0.0021955
948,11669.6,1.03514,0.84644,1.09551,0.9498,0.79362,0.88599,0.67261,1.05737,0.81253,1.07509,0.00218725,0.00218725,0.00218725
949,11682,1.03279,0.84168,1.08455,0.95006,0.79362,0.88614,0.67319,1.05657,0.81212,1.07488,0.002179,0.002179,0.002179
950,11692.4,1.02083,0.84227,1.08332,0.94947,0.79362,0.88619,0.67236,1.05623,0.81229,1.07476,0.00217075,0.00217075,0.00217075
951,11703,1.02502,0.83653,1.08843,0.94914,0.79414,0.88616,0.67255,1.05597,0.81203,1.07436,0.0021625,0.0021625,0.0021625
952,11719.8,1.01965,0.83248,1.08623,0.94928,0.79651,0.88638,0.67248,1.0555,0.81208,1.07417,0.00215425,0.00215425,0.00215425
953,11730.5,1.04651,0.86618,1.09648,0.94825,0.79787,0.8865,0.67224,1.05545,0.81166,1.07377,0.002146,0.002146,0.002146
954,11740.8,1.01363,0.83172,1.0738,0.94979,0.79574,0.88652,0.67193,1.05492,0.8118,1.07328,0.00213775,0.00213775,0.00213775
955,11752.9,1.01484,0.83781,1.07657,0.94935,0.79766,0.88647,0.67203,1.05446,0.81125,1.07346,0.0021295,0.0021295,0.0021295
956,11767.8,1.00854,0.82991,1.07895,0.94685,0.79604,0.88644,0.6724,1.05372,0.81108,1.07319,0.00212125,0.00212125,0.00212125
957,11777.9,1.00825,0.84313,1.07806,0.95043,0.79574,0.8866,0.67239,1.05287,0.81053,1.07287,0.002113,0.002113,0.002113
958,11788.4,1.01682,0.83624,1.08168,0.95075,0.79574,0.88654,0.67267,1.05255,0.81009,1.07276,0.00210475,0.00210475,0.00210475
959,11805.2,1.00797,0.82559,1.07424,0.95215,0.79574,0.88665,0.67246,1.05172,0.80988,1.07268,0.0020965,0.0020965,0.0020965
960,11815.7,0.99845,0.82595,1.07633,0.95279,0.79574,0.88755,0.67262,1.05125,0.81056,1.07203,0.00208825,0.00208825,0.00208825
961,11826.1,1.00432,0.80918,1.06796,0.95127,0.79574,0.88741,0.67177,1.05095,0.80993,1.07216,0.00208,0.00208,0.00208
962,11839.3,1.01966,0.84299,1.08038,0.94815,0.79574,0.8878,0.67155,1.0504,0.80989,1.0719,0.00207175,0.00207175,0.00207175
963,11851.4,1.0042,0.82977,1.07115,0.95449,0.79574,0.88775,0.67224,1.04988,0.80995,1.07188,0.0020635,0.0020635,0.0020635
964,11863.7,1.00512,0.83214,1.07957,0.95166,0.79579,0.88804,0.67228,1.04929,0.80971,1.07157,0.00205525,0.00205525,0.00205525
965,11877.9,1.02058,0.83712,1.07723,0.94938,0.79806,0.88822,0.67369,1.04868,0.80953,1.07141,0.002047,0.002047,0.002047
966,11888.7,1.0173,0.83419,1.07981,0.95262,0.79787,0.88816,0.67468,1.04844,0.80954,1.07129,0.00203875,0.00203875,0.00203875
967,11899.5,1.00106,0.82155,1.07928,0.9569,0.79787,0.88833,0.67506,1.04804,0.80924,1.07112,0.0020305,0.0020305,0.0020305
968,11910.5,1.01907,0.83615,1.07176,0.95685,0.79787,0.88851,0.67526,1.04801,0.80963,1.07105,0.00202225,0.00202225,0.00202225
969,11923.8,1.02725,0.84592,1.09028,0.95783,0.79787,0.8886,0.67544,1.04724,0.80938,1.07053,0.002014,0.002014,0.002014
970,11934.5,1.00334,0.83324,1.07634,0.95797,0.79787,0.8885,0.67561,1.04679,0.80935,1.07014,0.00200575,0.00200575,0.00200575
971,11945.9,1.00208,0.81729,1.07309,0.95825,0.79787,0.88857,0.67575,1.04615,0.80925,1.07011,0.0019975,0.0019975,0.0019975
972,11958.9,1.00114,0.83479,1.06981,0.95824,0.79787,0.8886,0.67492,1.0459,0.8089,1.06976,0.00198925,0.00198925,0.00198925
973,11969.3,1.01956,0.8427,1.08331,0.95812,0.79787,0.88867,0.67508,1.0452,0.8085,1.06958,0.001981,0.001981,0.001981
974,11980.2,1.02618,0.82943,1.08045,0.95871,0.79787,0.8884,0.67578,1.04467,0.80802,1.06939,0.00197275,0.00197275,0.00197275
975,11992.3,1.00781,0.84322,1.07714,0.95961,0.79787,0.88851,0.67547,1.04388,0.80765,1.0692,0.0019645,0.0019645,0.0019645
976,12003.9,1.02459,0.8336,1.07117,0.95998,0.79787,0.88872,0.67569,1.04348,0.80792,1.06914,0.00195625,0.00195625,0.00195625
977,12014.5,1.00022,0.81208,1.0669,0.96304,0.79787,0.88918,0.67589,1.04279,0.80755,1.06887,0.001948,0.001948,0.001948
978,12025.8,1.00293,0.81472,1.06228,0.96294,0.79787,0.8894,0.67581,1.04231,0.80707,1.06874,0.00193975,0.00193975,0.00193975
979,12038.4,0.99149,0.81339,1.06011,0.96338,0.79787,0.88941,0.67551,1.04179,0.80673,1.06835,0.0019315,0.0019315,0.0019315
980,12048.8,1.00067,0.82679,1.07,0.96389,0.79787,0.88968,0.67665,1.04168,0.80596,1.06827,0.00192325,0.00192325,0.00192325
981,12060.4,1.00253,0.82229,1.07505,0.96398,0.79724,0.88963,0.67758,1.04134,0.80593,1.06801,0.001915,0.001915,0.001915
982,12073.5,0.99812,0.82022,1.06694,0.96396,0.79673,0.89083,0.67789,1.04098,0.80563,1.06752,0.00190675,0.00190675,0.00190675
983,12084.6,0.99058,0.81031,1.07098,0.96313,0.79574,0.89096,0.67841,1.04057,0.80502,1.06746,0.0018985,0.0018985,0.0018985
984,12095.6,1.00978,0.82517,1.08187,0.96268,0.79574,0.89087,0.67832,1.0399,0.80477,1.06683,0.00189025,0.00189025,0.00189025
985,12105.9,0.99794,0.82721,1.07317,0.963,0.79574,0.89093,0.67923,1.0395,0.80472,1.06679,0.001882,0.001882,0.001882
986,12120,0.9856,0.80035,1.06683,0.96313,0.79574,0.89097,0.67885,1.03904,0.80447,1.0665,0.00187375,0.00187375,0.00187375
987,12130.3,1.00821,0.82735,1.06886,0.96324,0.79574,0.89138,0.67959,1.03876,0.80426,1.06644,0.0018655,0.0018655,0.0018655
988,12140.9,0.98925,0.80908,1.06195,0.96385,0.79574,0.89143,0.67989,1.03884,0.80283,1.06644,0.00185725,0.00185725,0.00185725
989,12154.5,1.00926,0.81049,1.07378,0.96343,0.79574,0.89143,0.6802,1.03821,0.80281,1.06639,0.001849,0.001849,0.001849
990,12165.4,0.99048,0.81188,1.06463,0.96357,0.79574,0.89137,0.67953,1.03789,0.80261,1.06636,0.00184075,0.00184075,0.00184075
991,12175.6,1.00059,0.82455,1.06894,0.96216,0.79574,0.89144,0.67989,1.03738,0.80203,1.06625,0.0018325,0.0018325,0.0018325
992,12187.6,0.99479,0.81853,1.06844,0.96201,0.79574,0.89165,0.68017,1.03677,0.80155,1.06596,0.00182425,0.00182425,0.00182425
993,12199.1,0.97605,0.79308,1.05964,0.96146,0.79615,0.89181,0.67936,1.03589,0.80112,1.06579,0.001816,0.001816,0.001816
994,12210.5,0.9656,0.79346,1.06774,0.96647,0.79725,0.8918,0.67992,1.03547,0.80108,1.06561,0.00180775,0.00180775,0.00180775
995,12220.9,1.0147,0.83547,1.07915,0.95976,0.79787,0.89162,0.6812,1.03491,0.80081,1.0654,0.0017995,0.0017995,0.0017995
996,12233.8,0.9944,0.81803,1.0696,0.95957,0.79787,0.89111,0.6808,1.03438,0.80062,1.06516,0.00179125,0.00179125,0.00179125
997,12244.6,0.97434,0.79585,1.06084,0.9587,0.79787,0.89119,0.68098,1.03375,0.79966,1.06491,0.001783,0.001783,0.001783
998,12255,0.95253,0.78038,1.05885,0.95748,0.79787,0.8914,0.68043,1.03285,0.79908,1.06472,0.00177475,0.00177475,0.00177475
999,12267.5,1.00863,0.81756,1.07604,0.9591,0.79826,0.89144,0.68045,1.03223,0.79879,1.06471,0.0017665,0.0017665,0.0017665
1000,12278,0.98967,0.80296,1.06078,0.95909,0.79815,0.89175,0.67993,1.03167,0.79774,1.0646,0.00175825,0.00175825,0.00175825
1001,12287.6,0.98305,0.79864,1.06142,0.96162,0.79972,0.89191,0.6806,1.03115,0.79692,1.06442,0.00175,0.00175,0.00175
1002,12298,0.99481,0.81203,1.06775,0.96036,0.8,0.892,0.68072,1.03039,0.79675,1.06428,0.00174175,0.00174175,0.00174175
1003,12311.2,1.02026,0.82682,1.07976,0.96002,0.8,0.89271,0.68174,1.02996,0.79624,1.06448,0.0017335,0.0017335,0.0017335
1004,12321.9,0.96176,0.79336,1.06066,0.96059,0.8,0.89295,0.68111,1.02925,0.79557,1.06392,0.00172525,0.00172525,0.00172525
1005,12332,1.02348,0.8183,1.07669,0.96275,0.8,0.89317,0.68132,1.02881,0.79496,1.06408,0.001717,0.001717,0.001717
1006,12345.1,1.00787,0.81041,1.06319,0.9625,0.8,0.89312,0.681,1.02812,0.79436,1.06375,0.00170875,0.00170875,0.00170875
1007,12355.5,0.97042,0.79244,1.04541,0.96258,0.8,0.89322,0.68251,1.02769,0.79341,1.06397,0.0017005,0.0017005,0.0017005
1008,12366.2,0.97398,0.79536,1.05831,0.96234,0.8,0.89355,0.68289,1.02741,0.79236,1.0639,0.00169225,0.00169225,0.00169225
1009,12377.3,0.99685,0.81763,1.06333,0.96291,0.8,0.89196,0.68258,1.02689,0.7921,1.06385,0.001684,0.001684,0.001684
1010,12390.1,0.96748,0.79043,1.05094,0.96361,0.8,0.89371,0.68284,1.02654,0.79156,1.06387,0.00167575,0.00167575,0.00167575
1011,12400.5,0.97551,0.8082,1.05845,0.95844,0.8,0.89504,0.68341,1.02586,0.79145,1.06369,0.0016675,0.0016675,0.0016675
1012,12411.4,0.95931,0.78177,1.05589,0.9579,0.8,0.89511,0.68367,1.02563,0.79084,1.06373,0.00165925,0.00165925,0.00165925
1013,12425,0.98461,0.81573,1.06279,0.95797,0.8,0.89525,0.6837,1.02509,0.79071,1.06355,0.001651,0.001651,0.001651
1014,12435.8,0.96096,0.78955,1.05905,0.95762,0.8,0.8943,0.6826,1.02491,0.7903,1.0634,0.00164275,0.00164275,0.00164275
1015,12446.2,0.97566,0.80029,1.05847,0.95764,0.8,0.8944,0.68309,1.02466,0.78974,1.06339,0.0016345,0.0016345,0.0016345
1016,12458.2,1.00147,0.82562,1.05886,0.95842,0.8,0.89472,0.68284,1.02439,0.78954,1.06334,0.00162625,0.00162625,0.00162625
1017,12470.1,0.96557,0.79981,1.05484,0.95858,0.8,0.89489,0.68312,1.02399,0.78925,1.06299,0.001618,0.001618,0.001618
1018,12480.4,0.97601,0.80681,1.06428,0.95828,0.8,0.89504,0.68394,1.02337,0.7891,1.06272,0.00160975,0.00160975,0.00160975
1019,12491.9,0.98275,0.82165,1.07005,0.95919,0.8,0.8951,0.68373,1.02274,0.78831,1.06288,0.0016015,0.0016015,0.0016015
1020,12504.6,0.97861,0.81492,1.06669,0.95991,0.8,0.89538,0.68357,1.02202,0.78754,1.06286,0.00159325,0.00159325,0.00159325
1021,12515,0.95086,0.76858,1.04996,0.96091,0.8,0.89547,0.68426,1.02147,0.78707,1.06278,0.001585,0.001585,0.001585
1022,12526.4,0.9834,0.80101,1.06015,0.95864,0.8,0.89554,0.68417,1.02101,0.78684,1.06268,0.00157675,0.00157675,0.00157675
1023,12538.6,0.95627,0.77078,1.0543,0.93601,0.80915,0.89567,0.68411,1.01956,0.78619,1.06232,0.0015685,0.0015685,0.0015685
1024,12549.7,0.97897,0.79393,1.06012,0.95918,0.79989,0.89575,0.68486,1.01906,0.78603,1.06229,0.00156025,0.00156025,0.00156025
1025,12561.3,0.96885,0.79143,1.05351,0.95918,0.79988,0.89592,0.68471,1.01864,0.78572,1.06216,0.001552,0.001552,0.001552
1026,12571.7,0.9493,0.77044,1.04869,0.95891,0.80213,0.89593,0.68449,1.01844,0.78543,1.06225,0.00154375,0.00154375,0.00154375
1027,12584.6,0.97551,0.79443,1.05995,0.9586,0.80213,0.89613,0.68459,1.01796,0.78542,1.06212,0.0015355,0.0015355,0.0015355
1028,12595.5,0.98266,0.80698,1.06034,0.93975,0.80851,0.89605,0.6854,1.01765,0.78524,1.06214,0.00152725,0.00152725,0.00152725
1029,12606.2,0.97305,0.79557,1.06016,0.95928,0.802,0.89615,0.68525,1.01718,0.78506,1.06211,0.001519,0.001519,0.001519
1030,12618.9,0.95698,0.78733,1.05165,0.94067,0.80958,0.89635,0.68573,1.01661,0.78499,1.06191,0.00151075,0.00151075,0.00151075
1031,12630.1,0.94924,0.76777,1.04334,0.94073,0.81055,0.89657,0.68641,1.0163,0.78478,1.06185,0.0015025,0.0015025,0.0015025
1032,12641,0.97012,0.78103,1.05911,0.95655,0.80213,0.89668,0.68672,1.01614,0.78437,1.06191,0.00149425,0.00149425,0.00149425
1033,12652.6,0.97067,0.79617,1.0549,0.95924,0.80109,0.89678,0.68692,1.01578,0.78401,1.06179,0.001486,0.001486,0.001486
1034,12665.4,0.95598,0.80182,1.05971,0.95658,0.80213,0.89683,0.68788,1.0155,0.78398,1.06155,0.00147775,0.00147775,0.00147775
1035,12676,0.96355,0.78286,1.05838,0.9566,0.80213,0.89601,0.68761,1.01523,0.78343,1.06142,0.0014695,0.0014695,0.0014695
1036,12686.3,0.953,0.77699,1.05298,0.95685,0.80213,0.89621,0.68857,1.01465,0.78349,1.06118,0.00146125,0.00146125,0.00146125
1037,12699.9,0.97168,0.80261,1.06101,0.95675,0.8002,0.89631,0.68746,1.01568,0.78314,1.06117,0.001453,0.001453,0.001453
1038,12710.3,0.9691,0.7936,1.05797,0.95681,0.8013,0.89645,0.68776,1.01541,0.78286,1.06111,0.00144475,0.00144475,0.00144475
1039,12720.7,0.95673,0.77483,1.05469,0.95683,0.80174,0.89649,0.68813,1.01504,0.78262,1.06097,0.0014365,0.0014365,0.0014365
1040,12733.6,1.0012,0.80767,1.06851,0.95674,0.80213,0.89659,0.6883,1.01477,0.78271,1.06089,0.00142825,0.00142825,0.00142825
1041,12744.4,0.97302,0.80778,1.05497,0.95655,0.80213,0.89678,0.68842,1.01442,0.78207,1.06064,0.00142,0.00142,0.00142
1042,12754.6,0.96582,0.79484,1.05421,0.95635,0.80213,0.89686,0.68863,1.0143,0.7817,1.06049,0.00141175,0.00141175,0.00141175
1043,12765.8,0.97547,0.81798,1.05765,0.95651,0.80213,0.89696,0.68913,1.01411,0.78172,1.06035,0.0014035,0.0014035,0.0014035
1044,12778.7,0.95167,0.77934,1.04657,0.95648,0.80213,0.89693,0.68895,1.01382,0.78158,1.0603,0.00139525,0.00139525,0.00139525
1045,12789.1,0.95054,0.77995,1.04952,0.95444,0.80232,0.89696,0.68878,1.01385,0.78161,1.06015,0.001387,0.001387,0.001387
1046,12800,0.94727,0.78099,1.04751,0.95652,0.80213,0.89694,0.68936,1.01393,0.78122,1.0602,0.00137875,0.00137875,0.00137875
1047,12813.2,0.95873,0.78564,1.04129,0.95544,0.80213,0.89696,0.68921,1.01355,0.78098,1.05988,0.0013705,0.0013705,0.0013705
1048,12823.7,0.94302,0.77037,1.04399,0.95443,0.80219,0.89709,0.68939,1.01335,0.78085,1.05977,0.00136225,0.00136225,0.00136225
1049,12835.1,0.97473,0.79408,1.06135,0.95692,0.80213,0.89709,0.68928,1.01302,0.78088,1.05965,0.001354,0.001354,0.001354
1050,12845.8,0.94992,0.77075,1.05578,0.95575,0.80213,0.89702,0.68923,1.01279,0.78038,1.05943,0.00134575,0.00134575,0.00134575
1051,12858.2,0.95907,0.78444,1.05143,0.95709,0.80213,0.89709,0.68998,1.01253,0.78037,1.05918,0.0013375,0.0013375,0.0013375
1052,12869.8,0.95625,0.77577,1.0511,0.95762,0.80213,0.89715,0.69035,1.01227,0.78031,1.05896,0.00132925,0.00132925,0.00132925
1053,12881.6,0.94749,0.76325,1.04668,0.95767,0.80213,0.89788,0.69036,1.01173,0.78052,1.05876,0.001321,0.001321,0.001321
1054,12894.7,0.95454,0.77858,1.04865,0.95777,0.80213,0.89788,0.69007,1.01173,0.78081,1.05881,0.00131275,0.00131275,0.00131275
1055,12905.1,0.94437,0.78402,1.04998,0.95784,0.80213,0.89792,0.68973,1.01153,0.78046,1.05863,0.0013045,0.0013045,0.0013045
1056,12916.7,0.94816,0.76666,1.05211,0.95842,0.80213,0.89788,0.69045,1.01121,0.78032,1.05844,0.00129625,0.00129625,0.00129625
1057,12929.6,0.92158,0.75342,1.03878,0.9588,0.80213,0.89803,0.69013,1.01118,0.77998,1.05833,0.001288,0.001288,0.001288
1058,12940,0.9384,0.77107,1.04713,0.95835,0.80213,0.89804,0.69037,1.01057,0.77995,1.0576,0.00127975,0.00127975,0.00127975
1059,12950.8,0.91568,0.73719,1.02594,0.95848,0.80213,0.89796,0.69051,1.01037,0.77967,1.05704,0.0012715,0.0012715,0.0012715
1060,12963.5,0.94289,0.76265,1.03939,0.95728,0.80213,0.8982,0.69075,1.0103,0.77916,1.05697,0.00126325,0.00126325,0.00126325
1061,12976.3,0.93686,0.77551,1.04212,0.95686,0.80234,0.89824,0.69079,1.00965,0.77887,1.05689,0.001255,0.001255,0.001255
1062,12987.5,0.92735,0.75695,1.03811,0.95706,0.80426,0.89841,0.691,1.00911,0.77891,1.05667,0.00124675,0.00124675,0.00124675
1063,12999.7,0.94696,0.77854,1.04778,0.93516,0.81277,0.89852,0.69102,1.00918,0.77834,1.05661,0.0012385,0.0012385,0.0012385
1064,13012.7,0.94195,0.77333,1.04453,0.93531,0.81277,0.89851,0.69135,1.00886,0.77825,1.05644,0.00123025,0.00123025,0.00123025
1065,13023.4,0.93657,0.76696,1.04493,0.93604,0.81277,0.8984,0.69141,1.00868,0.77815,1.05633,0.001222,0.001222,0.001222
1066,13035.6,0.9479,0.77579,1.04265,0.93877,0.81277,0.89841,0.69139,1.00853,0.77808,1.05626,0.00121375,0.00121375,0.00121375
1067,13048.1,0.93082,0.74732,1.04021,0.93961,0.81277,0.89851,0.69133,1.00831,0.77792,1.05612,0.0012055,0.0012055,0.0012055
1068,13058.4,0.95613,0.77399,1.04517,0.94016,0.81277,0.89864,0.69212,1.00724,0.77755,1.05589,0.00119725,0.00119725,0.00119725
1069,13070.3,0.94075,0.77503,1.03962,0.9408,0.81155,0.89866,0.69211,1.00681,0.77767,1.05557,0.001189,0.001189,0.001189
1070,13082.6,0.95786,0.78116,1.05308,0.93898,0.81064,0.89867,0.69161,1.00689,0.77733,1.05548,0.00118075,0.00118075,0.00118075
1071,13094,0.94546,0.77693,1.04991,0.93907,0.81064,0.89869,0.69234,1.00662,0.77719,1.05531,0.0011725,0.0011725,0.0011725
1072,13105.8,0.95659,0.79189,1.05261,0.93844,0.81088,0.89881,0.69218,1.0065,0.77692,1.05522,0.00116425,0.00116425,0.00116425
1073,13116.3,0.93773,0.76989,1.05025,0.94078,0.81064,0.89887,0.69196,1.00622,0.77647,1.05505,0.001156,0.001156,0.001156
1074,13128.9,0.92062,0.75696,1.03521,0.94034,0.81277,0.89926,0.69207,1.00591,0.77608,1.05486,0.00114775,0.00114775,0.00114775
1075,13140.1,0.92315,0.7548,1.04087,0.94319,0.81277,0.89931,0.69223,1.00557,0.77579,1.05469,0.0011395,0.0011395,0.0011395
1076,13150.4,0.93586,0.77078,1.0493,0.94432,0.81277,0.89945,0.69251,1.00538,0.77533,1.05462,0.00113125,0.00113125,0.00113125
1077,13163.4,0.94394,0.769,1.03736,0.9446,0.81277,0.89953,0.69272,1.00506,0.77497,1.05465,0.001123,0.001123,0.001123
1078,13175.4,0.93331,0.75941,1.03521,0.94456,0.81277,0.89961,0.69237,1.00499,0.77493,1.05454,0.00111475,0.00111475,0.00111475
1079,13185.8,0.92489,0.75493,1.04155,0.94455,0.81277,0.89975,0.6922,1.00448,0.7751,1.05403,0.0011065,0.0011065,0.0011065
1080,13196.2,0.942,0.77381,1.05065,0.94573,0.81277,0.8998,0.69258,1.00426,0.7748,1.05391,0.00109825,0.00109825,0.00109825
1081,13209.4,0.93936,0.76668,1.04055,0.94657,0.81277,0.8998,0.69302,1.0039,0.7745,1.05392,0.00109,0.00109,0.00109
1082,13221.2,0.94181,0.78325,1.0518,0.94305,0.81277,0.89989,0.69342,1.00333,0.77435,1.05372,0.00108175,0.00108175,0.00108175
1083,13232,0.93963,0.7635,1.03506,0.94299,0.81277,0.89979,0.69328,1.00318,0.77405,1.05365,0.0010735,0.0010735,0.0010735
1084,13244.5,0.91074,0.74481,1.03096,0.94713,0.81277,0.89991,0.69354,1.00315,0.77414,1.05361,0.00106525,0.00106525,0.00106525
1085,13256.8,0.9075,0.74164,1.03172,0.94263,0.81277,0.89996,0.69368,1.00287,0.77403,1.05355,0.001057,0.001057,0.001057
1086,13267.4,0.91622,0.74672,1.03859,0.94283,0.81277,0.90007,0.69384,1.00264,0.77406,1.0534,0.00104875,0.00104875,0.00104875
1087,13279.7,0.94222,0.77231,1.0433,0.94326,0.81353,0.90007,0.69387,1.00265,0.77389,1.05322,0.0010405,0.0010405,0.0010405
1088,13292.3,0.91792,0.74693,1.03605,0.94324,0.81324,0.89926,0.69378,1.00199,0.77437,1.05274,0.00103225,0.00103225,0.00103225
1089,13302.6,0.92449,0.76409,1.03801,0.94495,0.81277,0.89909,0.69391,1.0018,0.77425,1.05269,0.001024,0.001024,0.001024
1090,13313.1,0.92103,0.74007,1.02805,0.94503,0.81277,0.90038,0.69419,1.00175,0.774,1.05257,0.00101575,0.00101575,0.00101575
1091,13327.3,0.91123,0.74647,1.03961,0.94573,0.81277,0.90042,0.69423,1.00162,0.77393,1.05252,0.0010075,0.0010075,0.0010075
1092,13338.1,0.90725,0.75367,1.0275,0.94569,0.81277,0.90045,0.69382,1.0014,0.77409,1.05244,0.00099925,0.00099925,0.00099925
1093,13348.4,0.93287,0.76304,1.04361,0.94324,0.8133,0.89928,0.69406,1.00125,0.77395,1.05205,0.000991,0.000991,0.000991
1094,13362.3,0.92881,0.75369,1.03986,0.94321,0.81281,0.89923,0.69359,1.00099,0.77384,1.05194,0.00098275,0.00098275,0.00098275
1095,13372.7,0.92559,0.7562,1.03903,0.94322,0.81296,0.8993,0.69365,1.00083,0.7738,1.05176,0.0009745,0.0009745,0.0009745
1096,13383,0.92454,0.76375,1.0371,0.9432,0.81489,0.89936,0.69408,1.00068,0.77347,1.05153,0.00096625,0.00096625,0.00096625
1097,13396.3,0.93511,0.76996,1.03819,0.94324,0.81326,0.89935,0.69401,1.00019,0.77349,1.05137,0.000958,0.000958,0.000958
1098,13407.5,0.93462,0.76065,1.03905,0.94335,0.81491,0.89933,0.69415,1.00004,0.77333,1.05121,0.00094975,0.00094975,0.00094975
1099,13417.9,0.91054,0.74709,1.02949,0.94325,0.81333,0.8998,0.69408,1,0.77339,1.0512,0.0009415,0.0009415,0.0009415
1100,13428.3,0.9238,0.75344,1.03917,0.94336,0.81499,0.89988,0.69395,0.99964,0.77296,1.05106,0.00093325,0.00093325,0.00093325
1101,13441.9,0.93068,0.75228,1.03861,0.9457,0.81516,0.89969,0.69401,0.99944,0.773,1.05092,0.000925,0.000925,0.000925
1102,13452,0.90841,0.74299,1.03243,0.94595,0.81489,0.90018,0.69464,0.99917,0.77283,1.05073,0.00091675,0.00091675,0.00091675
1103,13462.9,0.91699,0.75969,1.04212,0.94582,0.81489,0.90024,0.69503,1.00017,0.77287,1.05085,0.0009085,0.0009085,0.0009085
1104,13476.9,0.914,0.74535,1.03009,0.94573,0.8157,0.90026,0.69475,1.0001,0.77236,1.05076,0.00090025,0.00090025,0.00090025
1105,13487.3,0.92958,0.77174,1.02854,0.94578,0.81702,0.90022,0.69562,0.99983,0.7727,1.0506,0.000892,0.000892,0.000892
1106,13498,0.91164,0.74077,1.02793,0.94531,0.81702,0.90029,0.69568,0.99998,0.77234,1.05065,0.00088375,0.00088375,0.00088375
1107,13511,0.9454,0.76799,1.04704,0.94463,0.81702,0.90037,0.69591,0.99953,0.77279,1.05057,0.0008755,0.0008755,0.0008755
1108,13523.5,0.92207,0.76082,1.04106,0.94523,0.81702,0.90039,0.69666,0.99876,0.77215,1.05026,0.00086725,0.00086725,0.00086725
1109,13534.4,0.91471,0.75009,1.03136,0.94559,0.8135,0.90048,0.69593,0.99855,0.77194,1.04992,0.000859,0.000859,0.000859
1110,13546,0.91461,0.74652,1.03771,0.94568,0.81497,0.90047,0.696,0.99858,0.77182,1.04986,0.00085075,0.00085075,0.00085075
1111,13558.7,0.91506,0.73604,1.02514,0.94574,0.81588,0.90047,0.69543,0.99854,0.77173,1.04968,0.0008425,0.0008425,0.0008425
1112,13568.9,0.92441,0.74637,1.03253,0.94573,0.81702,0.90053,0.69576,0.99823,0.77163,1.04958,0.00083425,0.00083425,0.00083425
1113,13580.6,0.90888,0.74959,1.03334,0.94581,0.81702,0.90185,0.69616,0.9992,0.77163,1.04969,0.000826,0.000826,0.000826
1114,13593.3,0.89997,0.73654,1.02476,0.94676,0.81702,0.90191,0.69614,0.99916,0.77156,1.0496,0.00081775,0.00081775,0.00081775
1115,13603.5,0.90162,0.74019,1.02386,0.94705,0.81702,0.90199,0.69756,0.99909,0.77152,1.04951,0.0008095,0.0008095,0.0008095
1116,13614.8,0.90494,0.7403,1.02857,0.94581,0.81702,0.90215,0.69766,0.99894,0.77134,1.04938,0.00080125,0.00080125,0.00080125
1117,13627.6,0.9195,0.75923,1.03951,0.94608,0.81702,0.90241,0.69728,0.999,0.77079,1.0493,0.000793,0.000793,0.000793
1118,13639.5,0.909,0.73913,1.02767,0.94644,0.81702,0.90253,0.69785,0.99898,0.77072,1.04921,0.00078475,0.00078475,0.00078475
1119,13650.4,0.90398,0.7429,1.03901,0.94668,0.81702,0.90261,0.69753,0.9988,0.77057,1.04904,0.0007765,0.0007765,0.0007765
1120,13662.1,0.90239,0.74194,1.02446,0.94582,0.81715,0.90262,0.69752,0.99872,0.77024,1.04897,0.00076825,0.00076825,0.00076825
1121,13674.7,0.89942,0.73234,1.0307,0.94582,0.81716,0.90268,0.6974,0.99845,0.7701,1.04884,0.00076,0.00076,0.00076
1122,13685,0.89893,0.74258,1.0279,0.94583,0.81737,0.90275,0.6976,0.99841,0.76993,1.04892,0.00075175,0.00075175,0.00075175
1123,13696.6,0.91171,0.74816,1.03722,0.94584,0.81742,0.90286,0.6977,0.99819,0.77003,1.04866,0.0007435,0.0007435,0.0007435
1124,13709.4,0.88525,0.71126,1.02703,0.94583,0.81734,0.90289,0.69738,0.99821,0.76959,1.04883,0.00073525,0.00073525,0.00073525
1125,13719.7,0.89401,0.73468,1.02538,0.94584,0.81753,0.90134,0.69692,0.99798,0.76968,1.04872,0.000727,0.000727,0.000727
1126,13731.4,0.89189,0.72359,1.02249,0.94584,0.81745,0.9014,0.69775,0.99683,0.76917,1.04824,0.00071875,0.00071875,0.00071875
1127,13741.8,0.90166,0.74463,1.02854,0.94585,0.81756,0.90143,0.69756,0.99664,0.76892,1.04801,0.0007105,0.0007105,0.0007105
1128,13754.4,0.91721,0.74983,1.03771,0.94586,0.81771,0.90149,0.69757,0.99661,0.76875,1.04817,0.00070225,0.00070225,0.00070225
1129,13765.9,0.89516,0.73118,1.02398,0.94585,0.81769,0.90156,0.69816,0.99646,0.76841,1.04804,0.000694,0.000694,0.000694
1130,13776.7,0.91473,0.75469,1.03551,0.9459,0.81849,0.90156,0.69838,0.99612,0.76815,1.04782,0.00068575,0.00068575,0.00068575
1131,13789.6,0.89207,0.73985,1.02406,0.94592,0.81873,0.90152,0.69828,0.9961,0.76797,1.04763,0.0006775,0.0006775,0.0006775
1132,13801.2,0.91599,0.75402,1.03249,0.94593,0.81883,0.90165,0.69855,0.99607,0.7677,1.04752,0.00066925,0.00066925,0.00066925
1133,13812.1,0.9362,0.75395,1.04153,0.94591,0.81864,0.90166,0.69851,0.99593,0.76751,1.04737,0.000661,0.000661,0.000661
1134,13824.3,0.91389,0.73781,1.03164,0.94592,0.81876,0.90185,0.69841,0.99572,0.76752,1.04732,0.00065275,0.00065275,0.00065275
1135,13835.2,0.90213,0.74136,1.03004,0.94592,0.8188,0.90182,0.69846,0.99551,0.76711,1.04721,0.0006445,0.0006445,0.0006445
1136,13846.4,0.91046,0.74599,1.02859,0.94592,0.81867,0.90325,0.69879,0.99541,0.76722,1.04705,0.00063625,0.00063625,0.00063625
1137,13857.1,0.90045,0.72413,1.02408,0.94592,0.8188,0.90332,0.69872,0.99527,0.76693,1.04695,0.000628,0.000628,0.000628
1138,13869.7,0.89561,0.73468,1.02281,0.94594,0.819,0.90334,0.6986,0.99517,0.76662,1.04683,0.00061975,0.00061975,0.00061975
1139,13881.3,0.88844,0.73061,1.01928,0.94593,0.81897,0.90353,0.69895,0.99502,0.76631,1.04675,0.0006115,0.0006115,0.0006115
1140,13892,0.91252,0.75041,1.03602,0.94585,0.81766,0.90359,0.69911,0.99502,0.76621,1.04666,0.00060325,0.00060325,0.00060325
1141,13905.1,0.90796,0.74576,1.02591,0.94567,0.81915,0.90368,0.69967,0.99509,0.76595,1.04673,0.000595,0.000595,0.000595
1142,13917.1,0.90865,0.74653,1.03275,0.94582,0.8172,0.90376,0.69963,0.99489,0.76575,1.04665,0.00058675,0.00058675,0.00058675
1143,13927.4,0.90069,0.73895,1.02405,0.94618,0.81702,0.90372,0.69969,0.99481,0.76547,1.04657,0.0005785,0.0005785,0.0005785
1144,13939.2,0.9163,0.7439,1.0273,0.94322,0.81915,0.90371,0.69989,0.99458,0.76522,1.04638,0.00057025,0.00057025,0.00057025
1145,13952.9,0.87843,0.71397,1.0231,0.94669,0.81702,0.90373,0.69994,0.99457,0.76507,1.04634,0.000562,0.000562,0.000562
1146,13963.6,0.8805,0.71368,1.01629,0.94686,0.81702,0.90373,0.69983,0.99453,0.76499,1.04625,0.00055375,0.00055375,0.00055375
1147,13973.9,0.87943,0.71868,1.0299,0.94675,0.81702,0.90385,0.70006,0.99474,0.76479,1.04623,0.0005455,0.0005455,0.0005455
1148,13988.2,0.90172,0.73439,1.02858,0.94304,0.81915,0.9039,0.70014,0.99472,0.76468,1.04616,0.00053725,0.00053725,0.00053725
1149,13998.4,0.87827,0.71031,1.01519,0.94822,0.81828,0.90391,0.70014,0.99464,0.76436,1.04602,0.000529,0.000529,0.000529
1150,14009.1,0.90171,0.73642,1.02785,0.94692,0.81702,0.90415,0.7003,0.99441,0.76423,1.04594,0.00052075,0.00052075,0.00052075
1151,14023.4,0.88607,0.72692,1.02315,0.94309,0.81915,0.9042,0.7005,0.99428,0.76385,1.0459,0.0005125,0.0005125,0.0005125
1152,14037.4,0.85561,0.69389,1.00494,0.94822,0.81817,0.90414,0.70035,0.99431,0.76379,1.04585,0.00050425,0.00050425,0.00050425
1153,14047.8,0.86829,0.71298,1.01059,0.94822,0.81828,0.90421,0.70038,0.9941,0.76348,1.04577,0.000496,0.000496,0.000496
1154,14060.5,0.90284,0.74565,1.0276,0.94824,0.81851,0.90419,0.70035,0.99407,0.76316,1.04562,0.00048775,0.00048775,0.00048775
1155,14071.5,0.87443,0.7132,1.01762,0.94823,0.8184,0.90438,0.7011,0.99385,0.76292,1.04548,0.0004795,0.0004795,0.0004795
1156,14086.7,0.90809,0.73755,1.02184,0.94824,0.81847,0.90447,0.70112,0.99368,0.76278,1.04551,0.00047125,0.00047125,0.00047125
1157,14099.7,0.88594,0.7237,1.02007,0.94824,0.81854,0.90447,0.70115,0.99362,0.76259,1.04519,0.000463,0.000463,0.000463
1158,14110.5,0.86946,0.71428,1.01675,0.94823,0.81833,0.90443,0.70123,0.99347,0.76261,1.04511,0.00045475,0.00045475,0.00045475
1159,14123.5,0.88265,0.72435,1.02548,0.94823,0.81841,0.90452,0.70124,0.99341,0.76227,1.04534,0.0004465,0.0004465,0.0004465
1160,14139.5,0.87023,0.71231,1.01621,0.94823,0.81835,0.90451,0.70141,0.99323,0.76218,1.04525,0.00043825,0.00043825,0.00043825
1161,14150.3,0.88165,0.73623,1.02356,0.94823,0.81842,0.90445,0.70133,0.99296,0.76209,1.04515,0.00043,0.00043,0.00043
1162,14160.7,0.87789,0.71282,1.01908,0.94824,0.81862,0.90448,0.7019,0.99293,0.76169,1.04507,0.00042175,0.00042175,0.00042175
1163,14177.9,0.88563,0.73034,1.02173,0.94824,0.81863,0.9046,0.70169,0.99269,0.76146,1.04487,0.0004135,0.0004135,0.0004135
1164,14188.3,0.87916,0.72117,1.01734,0.94825,0.81868,0.90475,0.70185,0.99235,0.76134,1.04455,0.00040525,0.00040525,0.00040525
1165,14198.7,0.89382,0.73306,1.02715,0.94823,0.81846,0.90471,0.70188,0.99204,0.76114,1.04443,0.000397,0.000397,0.000397
1166,14209.7,0.87756,0.71263,1.01505,0.94825,0.81869,0.9047,0.70203,0.99187,0.7614,1.04444,0.00038875,0.00038875,0.00038875
1167,14227.1,0.88418,0.73896,1.01887,0.94813,0.81671,0.90472,0.7023,0.99171,0.76124,1.0444,0.0003805,0.0003805,0.0003805
1168,14237.9,0.84649,0.69634,1.00496,0.94824,0.81915,0.90477,0.70215,0.99141,0.76148,1.04401,0.00037225,0.00037225,0.00037225
1169,14248.3,0.8984,0.74386,1.03025,0.94833,0.81489,0.90475,0.70203,0.99109,0.7611,1.04402,0.000364,0.000364,0.000364
1170,14264.9,0.85884,0.70814,1.00696,0.94815,0.81915,0.90479,0.70252,0.9909,0.76096,1.04394,0.00035575,0.00035575,0.00035575
1171,14277.1,0.87794,0.71595,1.02323,0.9482,0.81489,0.90483,0.70246,0.9907,0.76065,1.0441,0.0003475,0.0003475,0.0003475
1172,14287.6,0.87225,0.71129,1.01618,0.94822,0.81825,0.90483,0.70269,0.99055,0.76068,1.04398,0.00033925,0.00033925,0.00033925
1173,14300.8,0.88751,0.7136,1.02407,0.94827,0.8191,0.90473,0.70255,0.99037,0.76037,1.04394,0.000331,0.000331,0.000331
1174,14315.8,0.89661,0.72557,1.01843,0.94822,0.8183,0.9048,0.70269,0.99015,0.76035,1.04388,0.00032275,0.00032275,0.00032275
1175,14327.1,0.90977,0.75766,1.03234,0.95046,0.81647,0.90486,0.70273,0.99012,0.76011,1.04384,0.0003145,0.0003145,0.0003145
1176,14339.8,0.8938,0.72721,1.02118,0.94827,0.81915,0.90482,0.70281,0.98999,0.75986,1.04378,0.00030625,0.00030625,0.00030625
1177,14352,0.8685,0.71471,1.0127,0.94818,0.8175,0.90483,0.70298,0.98981,0.75979,1.04372,0.000298,0.000298,0.000298
1178,14367.9,0.89152,0.71931,1.02359,0.94817,0.81746,0.90496,0.70306,0.9897,0.75946,1.04366,0.00028975,0.00028975,0.00028975
1179,14380.1,0.86037,0.69872,1.01285,0.9482,0.81789,0.90492,0.70288,0.98969,0.75906,1.04361,0.0002815,0.0002815,0.0002815
1180,14390.5,0.86077,0.7066,1.01167,0.94819,0.81764,0.90493,0.70278,0.98952,0.75893,1.0435,0.00027325,0.00027325,0.00027325
1181,14404.4,0.89502,0.73964,1.02014,0.94818,0.8176,0.90494,0.70267,0.98913,0.75874,1.04345,0.000265,0.000265,0.000265
1182,14418.5,0.87131,0.72149,1.0256,0.94818,0.81751,0.90487,0.70287,0.98912,0.75849,1.0434,0.00025675,0.00025675,0.00025675
1183,14428.9,0.88576,0.72165,1.0183,0.94819,0.81774,0.90487,0.70278,0.98892,0.75842,1.04341,0.0002485,0.0002485,0.0002485
1184,14439.3,0.85115,0.70993,1.00702,0.94817,0.8174,0.90491,0.70262,0.98868,0.75822,1.04332,0.00024025,0.00024025,0.00024025
1185,14456.2,0.86681,0.72035,1.01602,0.94818,0.81755,0.90487,0.70285,0.98877,0.75804,1.04328,0.000232,0.000232,0.000232
1186,14466.6,0.86801,0.70942,1.01804,0.94818,0.81761,0.90483,0.70253,0.98846,0.75771,1.04326,0.00022375,0.00022375,0.00022375
1187,14476.9,0.86975,0.71916,1.019,0.94816,0.81714,0.90486,0.70247,0.98825,0.75775,1.04318,0.0002155,0.0002155,0.0002155
1188,14491.9,0.898,0.72288,1.02095,0.94816,0.81717,0.90485,0.70297,0.98828,0.75747,1.04306,0.00020725,0.00020725,0.00020725
1189,14504.7,0.86946,0.71168,1.01774,0.94821,0.81803,0.90491,0.70304,0.98813,0.75734,1.04307,0.000199,0.000199,0.000199
1190,14515,0.85399,0.70623,1.01612,0.94838,0.81702,0.90487,0.70328,0.98773,0.75712,1.04299,0.00019075,0.00019075,0.00019075
1191,14529.6,0.90087,0.6482,1.02494,0.94874,0.81702,0.90484,0.70338,0.98811,0.7564,1.04287,0.0001825,0.0001825,0.0001825
1192,14544.2,0.84377,0.60288,0.97985,0.95004,0.81702,0.90496,0.70302,0.98804,0.75623,1.04285,0.00017425,0.00017425,0.00017425
1193,14555.3,0.82985,0.59724,0.98438,0.95049,0.817,0.90494,0.70325,0.98802,0.7561,1.04273,0.000166,0.000166,0.000166
1194,14567.3,0.8187,0.58561,0.97205,0.95047,0.8165,0.90499,0.70278,0.98739,0.75591,1.04266,0.00015775,0.00015775,0.00015775
1195,14578.2,0.78883,0.57505,0.95535,0.95045,0.81628,0.90497,0.70288,0.98718,0.75582,1.04252,0.0001495,0.0001495,0.0001495
1196,14591.9,0.80381,0.58055,0.97194,0.95042,0.81567,0.90508,0.70277,0.987,0.75551,1.04236,0.00014125,0.00014125,0.00014125
1197,14603.8,0.79679,0.57567,0.96111,0.95043,0.81597,0.90509,0.70331,0.98661,0.75552,1.04249,0.000133,0.000133,0.000133
1198,14616,0.80006,0.57251,0.96503,0.95044,0.81611,0.90512,0.70342,0.98642,0.75501,1.04232,0.00012475,0.00012475,0.00012475
1199,14626.8,0.75979,0.55659,0.95072,0.95038,0.81506,0.90516,0.70343,0.9862,0.75487,1.04218,0.0001165,0.0001165,0.0001165
1200,14642,0.75654,0.55047,0.95257,0.95041,0.81547,0.90523,0.70327,0.98583,0.75493,1.0419,0.00010825,0.00010825,0.00010825
