epoch,time,train/box_loss,train/cls_loss,train/dfl_loss,metrics/precision(B),metrics/recall(B),metrics/mAP50(B),metrics/mAP50-95(B),val/box_loss,val/cls_loss,val/dfl_loss,lr/pg0,lr/pg1,lr/pg2
1,12.1159,5.8361,11.965,4.28598,0,0,0,0,6.30405,12.2408,4.15708,0.00327778,0.00327778,0.00327778
2,26.8891,5.84074,8.15049,4.22536,1e-05,0.00213,1e-05,0,6.28597,8.94263,4.09793,0.00660566,0.00660566,0.00660566
3,44.3343,5.56901,5.39422,3.83924,0.00034,0.00426,0.00017,6e-05,4.49814,4.90789,3.31877,0.00992804,0.00992804,0.00992804
4,58.853,4.3363,4.45221,2.9463,0.00068,0.02553,0.00035,9e-05,4.34709,4.77871,3.01051,0.00997525,0.00997525,0.00997525
5,71.5128,4.19252,4.41602,2.78723,0.00226,0.04043,0.00121,0.00029,4.41731,4.80537,2.92834,0.009967,0.009967,0.009967
6,84.8231,4.10096,4.34554,2.73387,0.00059,0.08936,0.00034,9e-05,4.0545,4.70401,2.73527,0.00995875,0.00995875,0.00995875
7,101.821,4.06558,4.28773,2.77229,0.00048,0.07021,0.00031,5e-05,4.11541,4.39871,2.50662,0.0099505,0.0099505,0.0099505
8,118.78,3.93106,4.28,2.76174,0.00077,0.11277,0.00043,0.0001,3.95298,9.05433,2.6919,0.00994225,0.00994225,0.00994225
9,131.369,3.89915,4.22756,2.75333,0.00074,0.08085,0.00147,0.0004,4.13652,4.93969,2.582,0.009934,0.009934,0.009934
10,144.237,3.8131,4.24187,2.73304,0.00107,0.09787,0.001,0.00024,4.06259,4.72334,2.75267,0.00992575,0.00992575,0.00992575
11,158.762,3.7707,4.20691,2.71988,0.00187,0.28511,0.00151,0.00035,3.6146,4.34283,2.51991,0.0099175,0.0099175,0.0099175
12,176.458,3.72238,4.17946,2.72726,0.00135,0.20426,0.00094,0.00021,3.55418,14.1962,2.45465,0.00990925,0.00990925,0.00990925
13,191.751,3.69245,4.15918,2.712,0.00223,0.32979,0.00321,0.0007,3.62291,4.01038,2.50167,0.009901,0.009901,0.009901
14,204.548,3.6551,4.1321,2.70974,0.0017,0.25532,0.00265,0.00053,3.65994,4.12658,2.54684,0.00989275,0.00989275,0.00989275
15,217.091,3.64483,4.12895,2.68262,0.00205,0.3,0.00298,0.00062,3.64578,4.1671,2.50238,0.0098845,0.0098845,0.0098845
16,231.477,3.59254,4.13744,2.68593,0.00279,0.2,0.00323,0.00071,3.64009,4.23331,2.53925,0.00987625,0.00987625,0.00987625
17,250.095,3.56864,4.14151,2.67453,0.00265,0.36596,0.00493,0.00104,3.4601,4.1105,2.46553,0.009868,0.009868,0.009868
18,265.405,3.50613,4.13219,2.66342,0.00294,0.40851,0.00445,0.00092,3.37341,4.07245,2.46228,0.00985975,0.00985975,0.00985975
19,277.836,3.49807,4.16418,2.65527,0.00676,0.24255,0.00949,0.00205,3.36893,4.07846,2.46165,0.0098515,0.0098515,0.0098515
20,290.751,3.469,4.1524,2.64155,0.00277,0.29787,0.00647,0.0013,3.40152,4.19669,2.47671,0.00984325,0.00984325,0.00984325
21,306.047,3.45088,4.16297,2.62835,0.00269,0.39574,0.01223,0.00267,3.36983,4.03248,2.45837,0.009835,0.009835,0.009835
22,324.408,3.45063,4.1617,2.62427,0.00285,0.43191,0.00864,0.00161,3.2597,4.0645,2.44994,0.00982675,0.00982675,0.00982675
23,338.234,3.4023,4.14132,2.61127,0.02289,0.04255,0.00605,0.00133,3.36163,4.15779,2.48637,0.0098185,0.0098185,0.0098185
24,350.825,3.40467,4.18004,2.6024,0.00272,0.40638,0.00938,0.00184,3.30768,4.12299,2.45835,0.00981025,0.00981025,0.00981025
25,363.466,3.3585,4.16205,2.59532,0.00384,0.30851,0.00831,0.00185,3.24006,4.23751,2.43204,0.009802,0.009802,0.009802
26,380.165,3.38203,4.12298,2.60898,0.01248,0.26596,0.01789,0.00409,3.20308,4.05155,2.41124,0.00979375,0.00979375,0.00979375
27,397.375,3.29646,4.13018,2.58665,0.00286,0.43617,0.00997,0.00195,3.24249,4.10966,2.42078,0.0097855,0.0097855,0.0097855
28,409.862,3.34741,4.1287,2.59589,0.00286,0.43191,0.01248,0.00385,3.30828,3.99389,2.4532,0.00977725,0.00977725,0.00977725
29,422.446,3.33639,4.16305,2.5682,0.00305,0.46383,0.00759,0.00157,3.20902,4.08404,2.39002,0.009769,0.009769,0.009769
30,436.415,3.31332,4.11339,2.55881,0.0017,0.22128,0.00232,0.00051,3.67247,4.4055,2.50603,0.00976075,0.00976075,0.00976075
31,454.083,3.3364,4.10583,2.5513,0.00287,0.43617,0.01191,0.00281,3.20732,4.09693,2.41152,0.0097525,0.0097525,0.0097525
32,469.414,3.27986,4.06048,2.5403,0.00881,0.2383,0.01692,0.00446,3.25406,3.99642,2.42481,0.00974425,0.00974425,0.00974425
33,481.787,3.27726,4.08395,2.53495,0.09194,0.04681,0.0139,0.00274,3.27039,4.03981,2.40331,0.009736,0.009736,0.009736
34,494.183,3.2769,4.07684,2.52524,0.0007,0.08085,0.00038,0.0001,3.87276,4.86777,2.58477,0.00972775,0.00972775,0.00972775
35,508.9,3.23648,4.01502,2.5072,0.05217,0.05106,0.01302,0.00278,3.43794,4.30424,2.39247,0.0097195,0.0097195,0.0097195
36,526.728,3.27003,4.02866,2.51185,0.01356,0.16596,0.01341,0.00286,3.27538,4.09955,2.43184,0.00971125,0.00971125,0.00971125
37,541.699,3.23533,3.97657,2.48656,0.07295,0.03191,0.01512,0.00364,3.22765,4.06951,2.41967,0.009703,0.009703,0.009703
38,553.479,3.21475,3.92346,2.46427,0.10474,0.03617,0.02412,0.00521,3.2011,3.92257,2.39911,0.00969475,0.00969475,0.00969475
39,565.311,3.19314,3.91378,2.45006,0.22534,0.00638,0.01144,0.00295,3.42027,4.45296,2.43306,0.0096865,0.0096865,0.0096865
40,579.851,3.22706,3.91376,2.48728,0.11143,0.00638,0.00624,0.00383,3.54898,4.74357,2.47574,0.00967825,0.00967825,0.00967825
41,597.107,3.18995,3.89315,2.4457,0.09821,0.07021,0.02817,0.00611,3.17661,3.91532,2.39306,0.00967,0.00967,0.00967
42,612.194,3.19718,3.89082,2.44776,0.09745,0.05106,0.03425,0.00842,3.13614,3.91159,2.3991,0.00966175,0.00966175,0.00966175
43,625.115,3.16048,3.83556,2.41292,0.14784,0.02766,0.0181,0.00426,3.32491,4.13756,2.40845,0.0096535,0.0096535,0.0096535
44,637.832,3.15443,3.83306,2.418,0.13427,0.01277,0.01205,0.00407,3.45762,4.30907,2.44771,0.00964525,0.00964525,0.00964525
45,655.109,3.16383,3.80915,2.4407,0.08193,0.0766,0.02136,0.00496,3.13741,3.8542,2.37299,0.009637,0.009637,0.009637
46,672.076,3.15266,3.75797,2.40585,0.16062,0.04894,0.02437,0.00525,3.24368,4.04328,2.35585,0.00962875,0.00962875,0.00962875
47,684.644,3.11749,3.75123,2.39536,0.13727,0.04681,0.01524,0.00363,3.35392,4.32913,2.39889,0.0096205,0.0096205,0.0096205
48,697.104,3.13896,3.74977,2.38762,0.11817,0.04468,0.01905,0.0047,3.26991,3.98272,2.43156,0.00961225,0.00961225,0.00961225
49,710.638,3.14117,3.76241,2.42157,0.15358,0.1,0.03176,0.00748,3.09472,3.80803,2.35477,0.009604,0.009604,0.009604
50,727.141,3.08493,3.72207,2.39133,0.15051,0.02553,0.01849,0.00416,3.38149,4.34708,2.44575,0.00959575,0.00959575,0.00959575
51,742.295,3.13071,3.69152,2.38969,0.13688,0.09149,0.05085,0.01088,3.17807,3.96991,2.39058,0.0095875,0.0095875,0.0095875
52,755.357,3.10801,3.70006,2.3944,0.17465,0.08085,0.0312,0.0089,3.22192,3.83464,2.38903,0.00957925,0.00957925,0.00957925
53,767.869,3.08113,3.70369,2.37959,0.25178,0.04681,0.03252,0.00821,3.26975,4.13417,2.4287,0.009571,0.009571,0.009571
54,783.652,3.07552,3.68194,2.38147,0.11398,0.09787,0.04265,0.0116,3.01284,3.68046,2.3206,0.00956275,0.00956275,0.00956275
55,800.95,3.07999,3.67613,2.36069,0.0376,0.02553,0.00508,0.00135,3.36786,4.2509,2.46139,0.0095545,0.0095545,0.0095545
56,814.465,3.06698,3.5971,2.33862,0.11109,0.07447,0.02207,0.00589,3.13811,3.78951,2.36346,0.00954625,0.00954625,0.00954625
57,827.147,3.02582,3.62716,2.3429,0.19173,0.01489,0.01175,0.00539,3.4586,4.67238,2.41919,0.009538,0.009538,0.009538
58,840.615,3.07601,3.67254,2.35115,0.17718,0.08723,0.05268,0.01331,3.07209,3.61783,2.34251,0.00952975,0.00952975,0.00952975
59,860.206,3.03761,3.58452,2.33683,0.17939,0.06465,0.03007,0.00925,3.2851,4.20928,2.33285,0.0095215,0.0095215,0.0095215
60,877.995,3.07691,3.64602,2.3548,0.15351,0.05319,0.03257,0.00832,3.25856,3.7628,2.39511,0.00951325,0.00951325,0.00951325
61,891.597,3.04205,3.60768,2.3542,0.18033,0.10638,0.05032,0.01111,3.14149,3.70231,2.357,0.009505,0.009505,0.009505
62,903.723,3.04999,3.62168,2.35454,0.14172,0.10426,0.04832,0.01221,3.032,3.69083,2.33352,0.00949675,0.00949675,0.00949675
63,916.459,3.02628,3.60907,2.33267,0.18997,0.10851,0.06515,0.01674,3.09285,3.56767,2.34232,0.0094885,0.0094885,0.0094885
64,934.553,2.99494,3.58387,2.32921,0.19392,0.07234,0.04719,0.01242,3.0711,3.68376,2.34826,0.00948025,0.00948025,0.00948025
65,950.472,3.02992,3.53652,2.34154,0.19767,0.08936,0.05124,0.01393,3.0859,3.61645,2.33201,0.009472,0.009472,0.009472
66,962.986,2.99985,3.55498,2.33238,0.1696,0.09149,0.04658,0.01371,3.03973,3.6953,2.3119,0.00946375,0.00946375,0.00946375
67,975.6,2.98187,3.54043,2.31345,0.13877,0.08298,0.04137,0.01016,3.14574,3.70392,2.36856,0.0094555,0.0094555,0.0094555
68,990.225,2.97232,3.50402,2.32531,0.15793,0.10213,0.05904,0.01807,2.99509,3.61686,2.31638,0.00944725,0.00944725,0.00944725
69,1008.65,3.01902,3.56865,2.34318,0.19001,0.06809,0.04622,0.01418,3.17888,3.88962,2.38491,0.009439,0.009439,0.009439
70,1021.56,2.95228,3.49918,2.30024,0.18681,0.11915,0.07745,0.02346,2.98826,3.54378,2.3172,0.00943075,0.00943075,0.00943075
71,1034.55,2.97643,3.51337,2.30489,0.14353,0.06383,0.04078,0.013,3.19638,3.83185,2.33444,0.0094225,0.0094225,0.0094225
72,1047.65,2.97413,3.50371,2.31144,0.19362,0.10851,0.0633,0.01967,3.03775,3.6954,2.30962,0.00941425,0.00941425,0.00941425
73,1064.52,2.93151,3.45795,2.28465,0.19655,0.11702,0.07307,0.02041,2.99175,3.64474,2.27527,0.009406,0.009406,0.009406
74,1078.9,2.92188,3.46817,2.2772,0.17471,0.08936,0.0542,0.01808,3.08603,3.73579,2.31636,0.00939775,0.00939775,0.00939775
75,1091.44,2.96049,3.48218,2.28652,0.17903,0.11915,0.06952,0.02083,2.9131,3.5637,2.27477,0.0093895,0.0093895,0.0093895
76,1103.98,2.95513,3.5184,2.30757,0.1589,0.09362,0.05132,0.01439,2.98264,3.69722,2.28408,0.00938125,0.00938125,0.00938125
77,1119.82,2.93413,3.47884,2.28764,0.19824,0.10213,0.04749,0.01377,3.14603,3.8036,2.37437,0.009373,0.009373,0.009373
78,1137.37,2.93375,3.47481,2.30738,0.1846,0.10213,0.06935,0.02192,2.96189,3.53992,2.27564,0.00936475,0.00936475,0.00936475
79,1151.47,2.98667,3.48974,2.28737,0.14625,0.11702,0.06874,0.01879,2.93109,3.48064,2.24904,0.0093565,0.0093565,0.0093565
80,1163.76,2.93853,3.43667,2.29657,0.20463,0.11915,0.07383,0.0206,2.97145,3.55045,2.27711,0.00934825,0.00934825,0.00934825
81,1176,2.94225,3.44949,2.28605,0.17632,0.11064,0.06906,0.02109,2.92944,3.49581,2.25796,0.00934,0.00934,0.00934
82,1192.12,2.89725,3.45491,2.27364,0.21153,0.14043,0.0789,0.02536,2.93364,3.46886,2.26922,0.00933175,0.00933175,0.00933175
83,1210.27,2.92835,3.43368,2.27105,0.24309,0.12979,0.08172,0.0244,2.94684,3.46483,2.28607,0.0093235,0.0093235,0.0093235
84,1223.87,2.93109,3.40984,2.25256,0.22484,0.13404,0.08315,0.02524,2.9224,3.45643,2.26074,0.00931525,0.00931525,0.00931525
85,1236.69,2.90747,3.42461,2.26488,0.21902,0.12948,0.08386,0.02766,2.88902,3.43533,2.24976,0.009307,0.009307,0.009307
86,1249.96,2.914,3.42855,2.2659,0.18203,0.11915,0.07622,0.02314,2.91097,3.47179,2.27198,0.00929875,0.00929875,0.00929875
87,1267.44,2.88944,3.3721,2.25067,0.21312,0.12979,0.09076,0.0259,2.91107,3.42179,2.26127,0.0092905,0.0092905,0.0092905
88,1284.53,2.89509,3.41644,2.25603,0.17791,0.11465,0.07473,0.02515,2.92396,3.52702,2.25243,0.00928225,0.00928225,0.00928225
89,1297.17,2.90085,3.40047,2.26025,0.17906,0.14468,0.06911,0.0216,2.9355,3.49615,2.28507,0.009274,0.009274,0.009274
90,1309.65,2.89201,3.399,2.25754,0.20855,0.12128,0.08976,0.02811,2.86486,3.42541,2.24991,0.00926575,0.00926575,0.00926575
91,1323.48,2.88283,3.41826,2.26378,0.24597,0.11277,0.08426,0.02643,2.85071,3.42204,2.22997,0.0092575,0.0092575,0.0092575
92,1340.74,2.8816,3.39162,2.2399,0.22036,0.12128,0.06949,0.02197,2.86034,3.41252,2.24246,0.00924925,0.00924925,0.00924925
93,1354.18,2.87182,3.4002,2.24545,0.18879,0.11277,0.0675,0.01797,2.94296,3.52356,2.26084,0.009241,0.009241,0.009241
94,1366.73,2.858,3.36785,2.23889,0.21684,0.11489,0.07389,0.02298,2.98964,3.5653,2.2463,0.00923275,0.00923275,0.00923275
95,1379.07,2.84994,3.4204,2.24381,0.21393,0.09787,0.06045,0.01629,3.0419,3.66446,2.30605,0.0092245,0.0092245,0.0092245
96,1396.01,2.82399,3.35714,2.21143,0.23965,0.12979,0.09048,0.02722,2.84284,3.44085,2.22542,0.00921625,0.00921625,0.00921625
97,1413.37,2.80646,3.37809,2.1992,0.25751,0.11915,0.08243,0.02445,2.90026,3.38981,2.24088,0.009208,0.009208,0.009208
98,1426.76,2.819,3.36866,2.21868,0.22829,0.13404,0.08271,0.02472,2.86727,3.38972,2.22821,0.00919975,0.00919975,0.00919975
99,1439.24,2.82883,3.38702,2.21247,0.21644,0.11108,0.07098,0.02307,2.98314,3.53673,2.26406,0.0091915,0.0091915,0.0091915
100,1452.1,2.81578,3.34013,2.20615,0.24221,0.12979,0.09193,0.0294,2.77377,3.36506,2.20909,0.00918325,0.00918325,0.00918325
101,1470.04,2.81309,3.35235,2.19457,0.22697,0.10638,0.07467,0.02465,3.06579,3.55179,2.33131,0.009175,0.009175,0.009175
102,1486.52,2.82011,3.34171,2.21132,0.24345,0.12766,0.07503,0.02122,2.86497,3.34344,2.23127,0.00916675,0.00916675,0.00916675
103,1498.96,2.78617,3.31689,2.18888,0.2045,0.12766,0.07327,0.02387,2.91628,3.40333,2.25386,0.0091585,0.0091585,0.0091585
104,1511.45,2.78389,3.30958,2.19484,0.24099,0.14468,0.08979,0.02802,2.79579,3.39172,2.22108,0.00915025,0.00915025,0.00915025
105,1524.8,2.79355,3.39753,2.20498,0.21743,0.11277,0.07443,0.02137,2.80609,3.43252,2.21445,0.009142,0.009142,0.009142
106,1541.98,2.78617,3.37003,2.19625,0.18883,0.1234,0.07593,0.02318,2.90708,3.39374,2.23682,0.00913375,0.00913375,0.00913375
107,1556.59,2.74565,3.3184,2.17909,0.25778,0.15106,0.09507,0.03078,2.74981,3.29626,2.17824,0.0091255,0.0091255,0.0091255
108,1569.37,2.78461,3.36356,2.18754,0.23984,0.11489,0.08476,0.02874,2.79315,3.39978,2.19847,0.00911725,0.00911725,0.00911725
109,1581.79,2.74204,3.36533,2.17415,0.2083,0.11702,0.08636,0.02799,2.80947,3.42475,2.18381,0.009109,0.009109,0.009109
110,1598.27,2.75398,3.33807,2.17576,0.27599,0.13404,0.09643,0.02835,2.84956,3.37796,2.22129,0.00910075,0.00910075,0.00910075
111,1615.93,2.77803,3.32044,2.17015,0.22755,0.1383,0.09183,0.02758,2.81548,3.31409,2.2134,0.0090925,0.0090925,0.0090925
112,1629.41,2.71103,3.31668,2.1513,0.27147,0.14043,0.09935,0.03247,2.78178,3.34719,2.19143,0.00908425,0.00908425,0.00908425
113,1642.34,2.72474,3.29074,2.16258,0.23458,0.12324,0.09666,0.0318,2.76613,3.35942,2.19013,0.009076,0.009076,0.009076
114,1655.99,2.74799,3.30282,2.15777,0.27654,0.12766,0.10963,0.03216,2.78595,3.33361,2.19071,0.00906775,0.00906775,0.00906775
115,1674.92,2.72846,3.28849,2.1404,0.2665,0.13191,0.09676,0.0304,2.79256,3.33529,2.20504,0.0090595,0.0090595,0.0090595
116,1690.65,2.7289,3.31997,2.14966,0.24843,0.12979,0.09858,0.02973,2.76409,3.42875,2.21552,0.00905125,0.00905125,0.00905125
117,1702.85,2.7279,3.30843,2.16387,0.24218,0.12979,0.1024,0.0339,2.79963,3.30085,2.20881,0.009043,0.009043,0.009043
118,1715.68,2.72162,3.2988,2.13813,0.24138,0.13878,0.09477,0.02903,2.80006,3.31665,2.17622,0.00903475,0.00903475,0.00903475
119,1730.03,2.70578,3.28206,2.12174,0.21893,0.15319,0.09207,0.02807,2.77136,3.37553,2.21723,0.0090265,0.0090265,0.0090265
120,1747.61,2.73519,3.30321,2.14484,0.26605,0.14468,0.10793,0.03869,2.75239,3.29387,2.18799,0.00901825,0.00901825,0.00901825
121,1763.22,2.71719,3.26365,2.14531,0.24719,0.12979,0.10368,0.03623,2.71772,3.32076,2.18631,0.00901,0.00901,0.00901
122,1775.34,2.70224,3.26419,2.12093,0.25463,0.13404,0.10711,0.03478,2.80312,3.26596,2.23124,0.00900175,0.00900175,0.00900175
123,1787.82,2.69346,3.24399,2.13296,0.26274,0.13617,0.10919,0.03447,2.72908,3.24573,2.17596,0.0089935,0.0089935,0.0089935
124,1802.99,2.67686,3.26686,2.11264,0.24454,0.14255,0.09233,0.02701,2.79884,3.32836,2.18733,0.00898525,0.00898525,0.00898525
125,1820.71,2.71759,3.32142,2.13634,0.2424,0.13617,0.1031,0.03413,2.76376,3.24885,2.19188,0.008977,0.008977,0.008977
126,1834.57,2.68894,3.27706,2.11439,0.28062,0.1383,0.09935,0.03514,2.79141,3.32917,2.15162,0.00896875,0.00896875,0.00896875
127,1847.05,2.63627,3.22209,2.09581,0.277,0.15745,0.1096,0.03637,2.75319,3.2703,2.15553,0.0089605,0.0089605,0.0089605
128,1860.09,2.66937,3.25678,2.1177,0.24914,0.14255,0.11302,0.03658,2.74359,3.24745,2.18755,0.00895225,0.00895225,0.00895225
129,1877.19,2.68516,3.25304,2.11078,0.25142,0.15106,0.10235,0.03389,2.77714,3.29107,2.19739,0.008944,0.008944,0.008944
130,1894.15,2.65931,3.2528,2.11057,0.24309,0.14255,0.11416,0.03966,2.69308,3.28132,2.17745,0.00893575,0.00893575,0.00893575
131,1907.16,2.62242,3.19725,2.0859,0.2137,0.12553,0.10416,0.03563,2.76246,3.36383,2.16322,0.0089275,0.0089275,0.0089275
132,1919.71,2.64612,3.21643,2.09208,0.24814,0.12979,0.09706,0.03703,2.72077,3.33968,2.14357,0.00891925,0.00891925,0.00891925
133,1934,2.65254,3.2599,2.09952,0.29954,0.12128,0.10106,0.03663,2.74088,3.31568,2.1795,0.008911,0.008911,0.008911
134,1951.62,2.63057,3.23527,2.08434,0.27994,0.14043,0.11911,0.03857,2.7088,3.30579,2.1495,0.00890275,0.00890275,0.00890275
135,1965.75,2.63821,3.20884,2.09102,0.26113,0.14043,0.11991,0.04167,2.75084,3.24718,2.18266,0.0088945,0.0088945,0.0088945
136,1978.6,2.63753,3.19229,2.0778,0.28041,0.12934,0.12271,0.0409,2.72564,3.24539,2.17489,0.00888625,0.00888625,0.00888625
137,1991.2,2.61725,3.22499,2.0735,0.28821,0.14043,0.11275,0.03558,2.72682,3.32904,2.14906,0.008878,0.008878,0.008878
138,2007.89,2.6132,3.24341,2.08282,0.30513,0.13617,0.11591,0.04099,2.67427,3.26304,2.1413,0.00886975,0.00886975,0.00886975
139,2023.49,2.61268,3.15013,2.0912,0.22849,0.14681,0.11074,0.03445,2.73027,3.2564,2.16353,0.0088615,0.0088615,0.0088615
140,2035.74,2.6152,3.22308,2.06569,0.3009,0.15319,0.1239,0.04217,2.67573,3.22944,2.12919,0.00885325,0.00885325,0.00885325
141,2048.78,2.58052,3.18895,2.07271,0.33587,0.15319,0.13274,0.04656,2.68582,3.18343,2.17238,0.008845,0.008845,0.008845
142,2064.39,2.59227,3.15395,2.05534,0.23786,0.14894,0.11336,0.04049,2.72962,3.23659,2.15752,0.00883675,0.00883675,0.00883675
143,2082.34,2.56672,3.17151,2.05052,0.25164,0.16169,0.12382,0.04114,2.6931,3.27287,2.13095,0.0088285,0.0088285,0.0088285
144,2096.64,2.59027,3.15523,2.04744,0.27157,0.14255,0.11216,0.03972,2.66025,3.20966,2.1351,0.00882025,0.00882025,0.00882025
145,2109.21,2.58631,3.14293,2.04804,0.23623,0.17021,0.12327,0.04416,2.65096,3.16785,2.13965,0.008812,0.008812,0.008812
146,2121.61,2.6034,3.18897,2.07191,0.27788,0.14468,0.12747,0.04065,2.64589,3.21564,2.13734,0.00880375,0.00880375,0.00880375
147,2137.49,2.56599,3.16078,2.05258,0.27279,0.14043,0.11644,0.04413,2.68209,3.21188,2.14874,0.0087955,0.0087955,0.0087955
148,2153.11,2.56041,3.1501,2.05859,0.25084,0.14468,0.11947,0.04084,2.66718,3.25288,2.14451,0.00878725,0.00878725,0.00878725
149,2165.62,2.57025,3.17965,2.05286,0.26009,0.14468,0.12689,0.04733,2.64134,3.20574,2.12512,0.008779,0.008779,0.008779
150,2178.51,2.58189,3.16518,2.04899,0.25678,0.14681,0.12141,0.04557,2.67637,3.18369,2.11736,0.00877075,0.00877075,0.00877075
151,2193.55,2.57426,3.16795,2.05163,0.28451,0.1383,0.12443,0.04035,2.65573,3.19495,2.13473,0.0087625,0.0087625,0.0087625
152,2211.35,2.55902,3.15477,2.02204,0.27479,0.13617,0.11532,0.04068,2.6463,3.23257,2.13016,0.00875425,0.00875425,0.00875425
153,2225.35,2.52008,3.09653,2.0201,0.28912,0.14043,0.12399,0.04531,2.62571,3.23014,2.13769,0.008746,0.008746,0.008746
154,2237.94,2.53547,3.16434,2.02309,0.23502,0.1383,0.11919,0.04363,2.67745,3.23738,2.11338,0.00873775,0.00873775,0.00873775
155,2250.65,2.53132,3.14491,2.02575,0.26748,0.14468,0.1192,0.04292,2.64991,3.21283,2.13288,0.0087295,0.0087295,0.0087295
156,2267.97,2.52275,3.11109,2.02995,0.26038,0.13404,0.12127,0.04125,2.65159,3.24942,2.12527,0.00872125,0.00872125,0.00872125
157,2285.3,2.55,3.13725,2.0339,0.24311,0.14255,0.12337,0.04294,2.64451,3.17953,2.11967,0.008713,0.008713,0.008713
158,2297.82,2.53273,3.1145,2.02914,0.24305,0.15745,0.1236,0.04417,2.62055,3.16748,2.11416,0.00870475,0.00870475,0.00870475
159,2310.44,2.54087,3.09672,2.02617,0.25995,0.15106,0.12653,0.04322,2.64241,3.18144,2.14797,0.0086965,0.0086965,0.0086965
160,2323.93,2.5588,3.16333,2.03838,0.26738,0.14043,0.12797,0.04502,2.64211,3.19556,2.1134,0.00868825,0.00868825,0.00868825
161,2341.24,2.54244,3.13509,2.02277,0.3087,0.15106,0.13049,0.04864,2.63324,3.09619,2.11149,0.00868,0.00868,0.00868
162,2357.38,2.53467,3.10729,2.04298,0.31999,0.15106,0.11985,0.04304,2.67407,3.14678,2.13759,0.00867175,0.00867175,0.00867175
163,2370.04,2.52937,3.1108,2.02751,0.24885,0.17234,0.13357,0.04567,2.64052,3.13943,2.122,0.0086635,0.0086635,0.0086635
164,2382.78,2.48997,3.08324,1.99751,0.21923,0.14894,0.1112,0.03795,2.62602,3.20074,2.12142,0.00865525,0.00865525,0.00865525
165,2399.39,2.53396,3.12747,2.02715,0.2752,0.15532,0.12505,0.04338,2.58256,3.13468,2.07924,0.008647,0.008647,0.008647
166,2416.82,2.52026,3.08572,2.01442,0.25666,0.15957,0.12848,0.04641,2.61643,3.16064,2.11535,0.00863875,0.00863875,0.00863875
167,2429.42,2.52195,3.10583,2.02371,0.30286,0.16383,0.13274,0.04927,2.63315,3.13419,2.11618,0.0086305,0.0086305,0.0086305
168,2442.4,2.48553,3.09319,2.00973,0.28988,0.18723,0.15,0.05123,2.61969,3.12198,2.11064,0.00862225,0.00862225,0.00862225
169,2456.21,2.52457,3.07519,2.02295,0.32293,0.14894,0.1401,0.04781,2.64125,3.11887,2.11182,0.008614,0.008614,0.008614
170,2473.22,2.48565,3.06153,2.00533,0.30815,0.16809,0.14184,0.05041,2.60428,3.08142,2.09192,0.00860575,0.00860575,0.00860575
171,2487.67,2.47869,3.05449,1.99767,0.32326,0.13619,0.13093,0.04639,2.61258,3.15147,2.11894,0.0085975,0.0085975,0.0085975
172,2500.3,2.50093,3.08714,2.0122,0.39013,0.14468,0.13642,0.04901,2.57552,3.12475,2.10337,0.00858925,0.00858925,0.00858925
173,2512.99,2.48002,3.08585,2.00383,0.32456,0.14255,0.13093,0.0468,2.57361,3.08601,2.06902,0.008581,0.008581,0.008581
174,2528.79,2.46679,3.06929,1.99094,0.28882,0.14894,0.13741,0.04837,2.61563,3.10683,2.10862,0.00857275,0.00857275,0.00857275
175,2547.18,2.46462,3.03823,2.00035,0.32434,0.14894,0.14657,0.05349,2.55507,3.09978,2.09161,0.0085645,0.0085645,0.0085645
176,2561.49,2.45507,3.02542,1.98314,0.32517,0.15957,0.15301,0.05188,2.5592,3.08957,2.06554,0.00855625,0.00855625,0.00855625
177,2574.09,2.46617,3.04314,1.99446,0.32333,0.15745,0.13579,0.04779,2.60094,3.11819,2.10524,0.008548,0.008548,0.008548
178,2587.06,2.45286,3.0159,1.98213,0.29575,0.18511,0.13997,0.04768,2.57902,3.09429,2.08942,0.00853975,0.00853975,0.00853975
179,2605.16,2.46399,3.0295,1.98907,0.31128,0.17872,0.1423,0.05139,2.59063,3.09725,2.09486,0.0085315,0.0085315,0.0085315
180,2623.26,2.46582,3.00574,1.97383,0.29595,0.16596,0.14699,0.05443,2.55926,3.05483,2.06518,0.00852325,0.00852325,0.00852325
181,2636.51,2.4322,3.01007,1.96353,0.28435,0.1617,0.13455,0.04781,2.53979,3.09433,2.06921,0.008515,0.008515,0.008515
182,2649.54,2.42934,2.99709,1.96957,0.26399,0.1617,0.13217,0.05051,2.54071,3.10713,2.06724,0.00850675,0.00850675,0.00850675
183,2663.86,2.40057,2.97683,1.97114,0.28351,0.1617,0.15216,0.05288,2.57476,3.09561,2.06517,0.0084985,0.0084985,0.0084985
184,2682.51,2.43558,2.97916,1.95977,0.2402,0.16809,0.1376,0.04707,2.56512,3.08416,2.04868,0.00849025,0.00849025,0.00849025
185,2700.68,2.44097,2.99318,1.9761,0.30472,0.18298,0.14701,0.05108,2.54438,3.04259,2.06628,0.008482,0.008482,0.008482
186,2714.24,2.43905,3.01193,1.97619,0.27956,0.17234,0.14217,0.05151,2.61272,3.03601,2.07605,0.00847375,0.00847375,0.00847375
187,2726.35,2.46808,3.01386,1.98378,0.24995,0.17234,0.14872,0.05345,2.59214,3.04332,2.07914,0.0084655,0.0084655,0.0084655
188,2739.41,2.44668,2.98096,1.96874,0.24809,0.1766,0.14062,0.04942,2.53219,3.10903,2.07456,0.00845725,0.00845725,0.00845725
189,2757.1,2.41484,2.97979,1.97248,0.27292,0.17021,0.14711,0.05917,2.54794,3.11139,2.08502,0.008449,0.008449,0.008449
190,2777.24,2.44459,3.02585,1.97593,0.30334,0.19787,0.15927,0.05899,2.50347,3.03435,2.031,0.00844075,0.00844075,0.00844075
191,2793.15,2.39619,2.95312,1.95289,0.31544,0.16809,0.15537,0.05933,2.53069,3.02506,2.03776,0.0084325,0.0084325,0.0084325
192,2805.89,2.4124,2.9784,1.95058,0.31372,0.17447,0.15772,0.05768,2.55428,3.03373,2.06008,0.00842425,0.00842425,0.00842425
193,2818.78,2.40174,2.97724,1.96222,0.31486,0.15254,0.14969,0.061,2.51983,3.03894,2.0515,0.008416,0.008416,0.008416
194,2835.64,2.42398,2.95814,1.95598,0.29308,0.17021,0.15978,0.06176,2.51401,2.99327,2.04859,0.00840775,0.00840775,0.00840775
195,2854.75,2.46058,2.96966,1.99042,0.34401,0.17021,0.15991,0.05873,2.56074,2.94567,2.05553,0.0083995,0.0083995,0.0083995
196,2868.18,2.39423,2.95417,1.94075,0.28734,0.18511,0.15927,0.06138,2.49476,3.00496,2.01869,0.00839125,0.00839125,0.00839125
197,2880.68,2.40276,2.94235,1.96367,0.36434,0.1617,0.15133,0.05762,2.54907,3.05976,2.06921,0.008383,0.008383,0.008383
198,2893.55,2.40508,2.94333,1.93688,0.36188,0.18085,0.16753,0.06362,2.51509,2.95964,2.03169,0.00837475,0.00837475,0.00837475
199,2912.01,2.41389,2.94849,1.95735,0.30193,0.16596,0.15049,0.05929,2.51553,2.99856,2.02456,0.0083665,0.0083665,0.0083665
200,2925.35,2.39014,2.93794,1.94683,0.29203,0.17872,0.1536,0.06019,2.46592,2.94902,2.01796,0.00835825,0.00835825,0.00835825
201,2937.66,2.40561,2.95482,1.9564,0.31866,0.17713,0.16172,0.06224,2.52822,3.00171,2.03772,0.00835,0.00835,0.00835
202,2950.38,2.3795,2.89836,1.94217,0.28633,0.18298,0.16343,0.06125,2.50013,2.93904,2.03375,0.00834175,0.00834175,0.00834175
203,2966.83,2.39779,2.89762,1.94093,0.27753,0.18298,0.15815,0.06008,2.52573,2.96345,2.04145,0.0083335,0.0083335,0.0083335
204,2980.37,2.37801,2.89832,1.93482,0.3218,0.17234,0.15373,0.05694,2.50972,2.95826,2.03655,0.00832525,0.00832525,0.00832525
205,2992.77,2.39268,2.86647,1.93816,0.30325,0.18428,0.15405,0.06264,2.4794,2.90918,2.01044,0.008317,0.008317,0.008317
206,3005.72,2.34579,2.86586,1.9044,0.29579,0.17447,0.14071,0.0562,2.52379,3.00083,2.03578,0.00830875,0.00830875,0.00830875
207,3022.57,2.33425,2.89294,1.90201,0.32697,0.18298,0.16431,0.06313,2.44475,2.93116,2.00844,0.0083005,0.0083005,0.0083005
208,3038.71,2.32457,2.83183,1.91404,0.33524,0.19362,0.17174,0.06413,2.52845,2.94715,2.02748,0.00829225,0.00829225,0.00829225
209,3051.7,2.33481,2.84424,1.91861,0.33003,0.18936,0.16505,0.06229,2.48761,2.88929,2.0254,0.008284,0.008284,0.008284
210,3064.3,2.34555,2.875,1.92039,0.32374,0.20426,0.17916,0.06663,2.47802,2.87396,2.00566,0.00827575,0.00827575,0.00827575
211,3078.94,2.34935,2.86982,1.91408,0.33499,0.20149,0.18573,0.07034,2.45997,2.86164,2.00402,0.0082675,0.0082675,0.0082675
212,3097.63,2.34842,2.86678,1.91841,0.29447,0.20426,0.17201,0.06671,2.47741,2.90793,2.0253,0.00825925,0.00825925,0.00825925
213,3112.77,2.35324,2.84403,1.90055,0.31375,0.19787,0.18209,0.06878,2.43899,2.91124,1.99819,0.008251,0.008251,0.008251
214,3125.26,2.32743,2.80275,1.89069,0.32596,0.21702,0.17543,0.0642,2.48188,2.86186,2.00604,0.00824275,0.00824275,0.00824275
215,3137.62,2.32262,2.81049,1.89322,0.29025,0.22623,0.18025,0.06622,2.4604,2.86983,2.00113,0.0082345,0.0082345,0.0082345
216,3152.58,2.3284,2.82605,1.89723,0.32232,0.20442,0.17912,0.06582,2.46275,2.89717,2.01045,0.00822625,0.00822625,0.00822625
217,3170.43,2.28515,2.78553,1.89625,0.29375,0.21277,0.16906,0.05859,2.52419,2.84984,2.04065,0.008218,0.008218,0.008218
218,3185.31,2.3681,2.86015,1.91045,0.28604,0.21702,0.18497,0.06994,2.42182,2.86155,2.01656,0.00820975,0.00820975,0.00820975
219,3197.7,2.30722,2.80262,1.88785,0.30316,0.22128,0.18854,0.07551,2.44929,2.82468,2.01282,0.0082015,0.0082015,0.0082015
220,3210.66,2.32375,2.85363,1.89429,0.30617,0.21702,0.173,0.07026,2.45334,2.89528,2.00171,0.00819325,0.00819325,0.00819325
221,3225.61,2.30589,2.74326,1.88815,0.30202,0.21489,0.1854,0.07471,2.43226,2.82444,2.00565,0.008185,0.008185,0.008185
222,3242.71,2.31145,2.77744,1.87777,0.35021,0.21915,0.19588,0.08071,2.41218,2.80682,2.01729,0.00817675,0.00817675,0.00817675
223,3255.49,2.30974,2.75284,1.86853,0.34331,0.22553,0.1942,0.07719,2.40958,2.79668,1.97507,0.0081685,0.0081685,0.0081685
224,3268.01,2.34167,2.7783,1.90005,0.39172,0.19149,0.18258,0.07106,2.44056,2.82344,1.98236,0.00816025,0.00816025,0.00816025
225,3281.54,2.31051,2.77117,1.88473,0.29225,0.22553,0.19817,0.08032,2.41521,2.78399,1.98882,0.008152,0.008152,0.008152
226,3299.22,2.31134,2.78407,1.87502,0.35105,0.2383,0.20505,0.08129,2.40716,2.78416,1.99127,0.00814375,0.00814375,0.00814375
227,3315.69,2.26498,2.72995,1.86118,0.29223,0.20851,0.18056,0.07121,2.45551,2.81315,2.00974,0.0081355,0.0081355,0.0081355
228,3327.94,2.26726,2.71077,1.8556,0.33283,0.20638,0.18553,0.07554,2.42036,2.81102,1.99041,0.00812725,0.00812725,0.00812725
229,3340.36,2.28521,2.76079,1.86882,0.37045,0.22553,0.20495,0.07955,2.42015,2.76169,1.98332,0.008119,0.008119,0.008119
230,3354.35,2.25716,2.70017,1.85888,0.34597,0.24255,0.20721,0.0873,2.3806,2.72905,1.97908,0.00811075,0.00811075,0.00811075
231,3372.28,2.28218,2.72264,1.86243,0.37229,0.24681,0.21435,0.08563,2.3563,2.74418,1.9612,0.0081025,0.0081025,0.0081025
232,3386.74,2.25015,2.6817,1.83396,0.35467,0.23191,0.19487,0.07813,2.40067,2.76428,1.98746,0.00809425,0.00809425,0.00809425
233,3399.12,2.26629,2.72538,1.85841,0.36813,0.22553,0.20685,0.0866,2.37501,2.74915,1.95406,0.008086,0.008086,0.008086
234,3411.41,2.23902,2.67271,1.85121,0.33085,0.22979,0.21061,0.08228,2.36885,2.73417,1.96368,0.00807775,0.00807775,0.00807775
235,3427.7,2.24198,2.67039,1.85199,0.36077,0.22455,0.21607,0.08683,2.38364,2.72101,1.95824,0.0080695,0.0080695,0.0080695
236,3445.49,2.21912,2.65059,1.82989,0.34646,0.25957,0.22194,0.09091,2.37802,2.68662,1.95734,0.00806125,0.00806125,0.00806125
237,3459.54,2.21214,2.66781,1.84037,0.37853,0.24043,0.22185,0.09147,2.34497,2.74388,1.95013,0.008053,0.008053,0.008053
238,3472.45,2.23065,2.61619,1.83085,0.34177,0.22647,0.20516,0.08731,2.35559,2.77425,1.95862,0.00804475,0.00804475,0.00804475
239,3485.52,2.19955,2.65908,1.83428,0.35579,0.2383,0.22183,0.09396,2.32301,2.69111,1.95278,0.0080365,0.0080365,0.0080365
240,3502.98,2.22599,2.65066,1.83101,0.37285,0.26383,0.23018,0.09521,2.34774,2.66163,1.94349,0.00802825,0.00802825,0.00802825
241,3517.22,2.23733,2.66984,1.8405,0.3472,0.25745,0.22416,0.09573,2.33168,2.66285,1.95291,0.00802,0.00802,0.00802
242,3529.74,2.1944,2.60768,1.81844,0.37804,0.24255,0.22156,0.09361,2.32292,2.69038,1.93111,0.00801175,0.00801175,0.00801175
243,3542.66,2.2128,2.60529,1.82735,0.37146,0.25532,0.23209,0.09601,2.32394,2.64932,1.92853,0.0080035,0.0080035,0.0080035
244,3560.87,2.17889,2.55111,1.79831,0.38566,0.27234,0.24791,0.09674,2.33876,2.63263,1.94142,0.00799525,0.00799525,0.00799525
245,3578.19,2.22602,2.6221,1.82471,0.37846,0.27465,0.25054,0.10657,2.30247,2.59128,1.93384,0.007987,0.007987,0.007987
246,3590.95,2.20182,2.58771,1.81906,0.38158,0.24894,0.25002,0.09803,2.31693,2.61793,1.94016,0.00797875,0.00797875,0.00797875
247,3603.31,2.18926,2.57294,1.80561,0.37696,0.26383,0.25262,0.10645,2.31209,2.58559,1.9372,0.0079705,0.0079705,0.0079705
248,3618.29,2.18696,2.58946,1.81019,0.34242,0.25745,0.2435,0.10107,2.30734,2.60839,1.91052,0.00796225,0.00796225,0.00796225
249,3635.34,2.17667,2.52598,1.78463,0.34711,0.28085,0.25553,0.10411,2.32601,2.5476,1.91848,0.007954,0.007954,0.007954
250,3649.22,2.17615,2.51992,1.78572,0.42302,0.26596,0.27054,0.11638,2.30462,2.55309,1.91824,0.00794575,0.00794575,0.00794575
251,3662.19,2.14543,2.51055,1.77963,0.31445,0.28936,0.25531,0.11063,2.30057,2.5821,1.9092,0.0079375,0.0079375,0.0079375
252,3675.01,2.17071,2.54394,1.80013,0.3503,0.27447,0.25213,0.10683,2.32819,2.58523,1.9263,0.00792925,0.00792925,0.00792925
253,3692.41,2.15824,2.52552,1.79141,0.4047,0.29362,0.28265,0.11729,2.30307,2.5648,1.93077,0.007921,0.007921,0.007921
254,3710.22,2.15799,2.53692,1.789,0.39281,0.28085,0.26563,0.11267,2.2752,2.53633,1.9167,0.00791275,0.00791275,0.00791275
255,3722.67,2.15616,2.52275,1.78646,0.36071,0.30426,0.27249,0.11967,2.25292,2.50543,1.87744,0.0079045,0.0079045,0.0079045
256,3735.61,2.11937,2.4688,1.76948,0.39401,0.30426,0.29676,0.12352,2.26301,2.52893,1.90141,0.00789625,0.00789625,0.00789625
257,3750.08,2.13963,2.46388,1.77781,0.4258,0.28723,0.28609,0.12441,2.23056,2.52687,1.88091,0.007888,0.007888,0.007888
258,3767.19,2.13471,2.48672,1.76617,0.4132,0.28298,0.28698,0.12466,2.24048,2.51083,1.89768,0.00787975,0.00787975,0.00787975
259,3781.66,2.14321,2.46849,1.7707,0.40968,0.27447,0.27882,0.12087,2.2719,2.52846,1.88848,0.0078715,0.0078715,0.0078715
260,3794.21,2.12963,2.42052,1.74654,0.41039,0.26809,0.27125,0.11809,2.27633,2.56452,1.8944,0.00786325,0.00786325,0.00786325
261,3807.28,2.09648,2.39076,1.73891,0.39224,0.31702,0.29739,0.13074,2.23493,2.48435,1.87483,0.007855,0.007855,0.007855
262,3825.71,2.12394,2.46616,1.76198,0.49828,0.29149,0.30937,0.13462,2.24112,2.47912,1.88024,0.00784675,0.00784675,0.00784675
263,3842.71,2.0981,2.42443,1.74449,0.43301,0.26809,0.2812,0.11978,2.26029,2.45985,1.89925,0.0078385,0.0078385,0.0078385
264,3855.21,2.08045,2.36778,1.73469,0.46262,0.30589,0.30285,0.13058,2.23989,2.44358,1.89688,0.00783025,0.00783025,0.00783025
265,3867.63,2.10941,2.421,1.74498,0.44939,0.31702,0.31488,0.13621,2.19686,2.42412,1.88014,0.007822,0.007822,0.007822
266,3882.3,2.07049,2.35211,1.73403,0.44887,0.29806,0.30791,0.13565,2.2556,2.46922,1.90407,0.00781375,0.00781375,0.00781375
267,3899.35,2.0989,2.40897,1.73661,0.48028,0.31915,0.31179,0.13034,2.2666,2.4386,1.89447,0.0078055,0.0078055,0.0078055
268,3913.85,2.10594,2.39845,1.73663,0.46929,0.31489,0.30308,0.12769,2.22703,2.43642,1.86457,0.00779725,0.00779725,0.00779725
269,3926.37,2.09873,2.35074,1.74136,0.41168,0.30851,0.30776,0.13488,2.2007,2.45159,1.85568,0.007789,0.007789,0.007789
270,3938.88,2.07613,2.35315,1.72986,0.51261,0.29787,0.3198,0.14121,2.20925,2.44343,1.86295,0.00778075,0.00778075,0.00778075
271,3956.69,2.05328,2.34926,1.72844,0.46076,0.32553,0.33089,0.15038,2.22244,2.41151,1.87621,0.0077725,0.0077725,0.0077725
272,3974.52,2.05406,2.34361,1.72693,0.47068,0.32979,0.32099,0.14001,2.23435,2.4035,1.87209,0.00776425,0.00776425,0.00776425
273,3987.52,2.05991,2.3284,1.72419,0.50375,0.30213,0.32929,0.14769,2.16074,2.35528,1.83727,0.007756,0.007756,0.007756
274,4000.05,2.04233,2.27931,1.71196,0.40408,0.35202,0.3239,0.14055,2.19809,2.42207,1.84645,0.00774775,0.00774775,0.00774775
275,4013.42,2.03428,2.31599,1.71124,0.43714,0.34043,0.32392,0.14118,2.1945,2.43093,1.87206,0.0077395,0.0077395,0.0077395
276,4030.72,2.05035,2.30051,1.69919,0.52309,0.31915,0.34656,0.15169,2.16031,2.32715,1.84392,0.00773125,0.00773125,0.00773125
277,4047.34,2.03221,2.25922,1.70607,0.46431,0.34043,0.33423,0.15196,2.16793,2.34085,1.83834,0.007723,0.007723,0.007723
278,4059.82,2.0295,2.27792,1.69997,0.43301,0.32553,0.32765,0.15086,2.15508,2.37064,1.83965,0.00771475,0.00771475,0.00771475
279,4072.32,2.02884,2.27182,1.69688,0.5259,0.34255,0.36283,0.16735,2.12108,2.29913,1.81842,0.0077065,0.0077065,0.0077065
280,4086.58,2.03551,2.24734,1.68219,0.51531,0.35745,0.39167,0.18377,2.11893,2.27463,1.81865,0.00769825,0.00769825,0.00769825
281,4104.77,2.00753,2.24023,1.67705,0.51115,0.33404,0.36561,0.16688,2.13142,2.31619,1.82438,0.00769,0.00769,0.00769
282,4118.06,2.05283,2.29113,1.71202,0.50042,0.33673,0.36497,0.16962,2.0897,2.29125,1.80314,0.00768175,0.00768175,0.00768175
283,4130.36,1.99205,2.24605,1.68755,0.50014,0.33404,0.34925,0.16774,2.12217,2.3284,1.82854,0.0076735,0.0076735,0.0076735
284,4143.41,2.00414,2.23228,1.67576,0.53205,0.37872,0.3854,0.17752,2.08317,2.23586,1.79852,0.00766525,0.00766525,0.00766525
285,4160.51,2.02992,2.24694,1.70013,0.54268,0.36596,0.38985,0.18474,2.11561,2.24556,1.8155,0.007657,0.007657,0.007657
286,4177.93,1.99912,2.23277,1.69645,0.52647,0.3617,0.38437,0.18499,2.05749,2.23525,1.78626,0.00764875,0.00764875,0.00764875
287,4190.44,1.96949,2.21259,1.6662,0.56257,0.38723,0.40315,0.19087,2.09548,2.20013,1.79953,0.0076405,0.0076405,0.0076405
288,4203.44,1.97711,2.19043,1.67465,0.5503,0.37447,0.38806,0.18421,2.0972,2.21268,1.7991,0.00763225,0.00763225,0.00763225
289,4217.9,1.96579,2.20903,1.67025,0.54259,0.34468,0.38013,0.18123,2.08069,2.23648,1.7929,0.007624,0.007624,0.007624
290,4234.5,1.9888,2.18897,1.6621,0.48775,0.36061,0.37188,0.18263,2.08245,2.23474,1.78334,0.00761575,0.00761575,0.00761575
291,4249.75,1.99507,2.21234,1.66928,0.51753,0.37447,0.39292,0.18647,2.08004,2.16809,1.78065,0.0076075,0.0076075,0.0076075
292,4262.05,1.95463,2.14652,1.64508,0.54271,0.38085,0.40914,0.19798,2.09083,2.17127,1.79049,0.00759925,0.00759925,0.00759925
293,4274.82,1.97821,2.14724,1.65311,0.54611,0.37021,0.40724,0.19436,2.10475,2.24566,1.7778,0.007591,0.007591,0.007591
294,4290,1.95906,2.13885,1.6431,0.59156,0.3667,0.41083,0.19963,2.05238,2.17186,1.77705,0.00758275,0.00758275,0.00758275
295,4308.85,1.93838,2.10309,1.63157,0.51342,0.4,0.41518,0.19509,2.04763,2.16073,1.76915,0.0075745,0.0075745,0.0075745
296,4323.48,1.98271,2.15946,1.65746,0.58814,0.36764,0.42196,0.19647,2.0443,2.12727,1.76108,0.00756625,0.00756625,0.00756625
297,4335.93,1.96878,2.19173,1.66431,0.61871,0.35745,0.41059,0.19249,2.05943,2.17587,1.77344,0.007558,0.007558,0.007558
298,4348.68,1.92435,2.10558,1.63852,0.5841,0.37053,0.41388,0.20179,2.04607,2.11835,1.7526,0.00754975,0.00754975,0.00754975
299,4364.89,1.92976,2.11582,1.63803,0.57474,0.3766,0.42092,0.21488,2.01098,2.1297,1.74058,0.0075415,0.0075415,0.0075415
300,4383.69,1.91367,2.09297,1.63665,0.58974,0.40213,0.44583,0.22265,1.99746,2.07665,1.73872,0.00753325,0.00753325,0.00753325
301,4397.82,1.95024,2.1194,1.64597,0.56107,0.39574,0.4412,0.2192,1.99521,2.07566,1.74275,0.007525,0.007525,0.007525
302,4410.21,1.91403,2.06057,1.61653,0.61352,0.38723,0.44564,0.2222,2.00851,2.06059,1.7433,0.00751675,0.00751675,0.00751675
303,4423.26,1.91903,2.07656,1.62117,0.58898,0.41064,0.45025,0.22137,2.02976,2.10075,1.74271,0.0075085,0.0075085,0.0075085
304,4440.44,1.93175,2.09486,1.62861,0.55399,0.44662,0.45349,0.22539,2.00223,2.03657,1.73947,0.00750025,0.00750025,0.00750025
305,4455.04,1.92253,2.08452,1.61,0.57598,0.41915,0.45596,0.23348,1.98173,2.02338,1.70957,0.007492,0.007492,0.007492
306,4468,1.89736,2.0412,1.58923,0.54151,0.43977,0.46206,0.23211,1.9741,2.08275,1.7101,0.00748375,0.00748375,0.00748375
307,4481.12,1.92385,2.08126,1.61593,0.63889,0.44681,0.48015,0.23745,1.97515,2.06017,1.70214,0.0074755,0.0074755,0.0074755
308,4498.92,1.87222,1.98547,1.57863,0.6115,0.42128,0.46991,0.23926,1.9541,2.0063,1.6816,0.00746725,0.00746725,0.00746725
309,4516.34,1.91018,2.07098,1.61468,0.62571,0.40851,0.46865,0.23459,1.98782,2.05615,1.7183,0.007459,0.007459,0.007459
310,4528.88,1.87544,2.03629,1.60319,0.60935,0.41915,0.46934,0.24795,1.97513,2.02898,1.69452,0.00745075,0.00745075,0.00745075
311,4541.6,1.90564,2.02552,1.60252,0.64445,0.41064,0.48487,0.24651,1.98224,1.9763,1.68498,0.0074425,0.0074425,0.0074425
312,4556.3,1.89565,2.02012,1.60622,0.61165,0.4383,0.48451,0.2512,1.94868,1.99455,1.67515,0.00743425,0.00743425,0.00743425
313,4575.33,1.87573,2.00753,1.59828,0.59373,0.42979,0.47602,0.24825,1.92154,1.98342,1.6844,0.007426,0.007426,0.007426
314,4589.5,1.86223,2.00492,1.59466,0.60463,0.41915,0.47022,0.23817,1.96421,2.02252,1.69492,0.00741775,0.00741775,0.00741775
315,4601.89,1.87562,1.99612,1.60079,0.58938,0.4383,0.48601,0.25188,1.92693,1.95922,1.66036,0.0074095,0.0074095,0.0074095
316,4614.9,1.86714,2.00884,1.59474,0.55939,0.41489,0.45785,0.24665,1.91017,1.99948,1.66856,0.00740125,0.00740125,0.00740125
317,4631.12,1.86133,1.98883,1.59348,0.61223,0.44043,0.48267,0.24803,1.91785,1.95124,1.68134,0.007393,0.007393,0.007393
318,4645.19,1.851,1.96859,1.58088,0.60435,0.44043,0.49054,0.25785,1.93318,1.95674,1.66156,0.00738475,0.00738475,0.00738475
319,4658.01,1.82343,1.97966,1.56326,0.63759,0.41702,0.48487,0.25534,1.9269,1.94959,1.65865,0.0073765,0.0073765,0.0073765
320,4670.58,1.88192,1.99908,1.60494,0.62551,0.43617,0.5042,0.26171,1.89883,1.9229,1.66129,0.00736825,0.00736825,0.00736825
321,4686.56,1.79363,1.89804,1.55481,0.61067,0.45319,0.50799,0.26172,1.85503,1.90768,1.65293,0.00736,0.00736,0.00736
322,4704.86,1.8376,1.93083,1.56709,0.6522,0.45745,0.51329,0.2743,1.86482,1.91319,1.64881,0.00735175,0.00735175,0.00735175
323,4718.95,1.81902,1.89234,1.56746,0.60697,0.46596,0.50624,0.27198,1.8628,1.93453,1.64157,0.0073435,0.0073435,0.0073435
324,4731.4,1.81892,1.90389,1.55229,0.61218,0.45745,0.50684,0.27204,1.89726,1.92633,1.65343,0.00733525,0.00733525,0.00733525
325,4743.99,1.80498,1.91951,1.553,0.68373,0.45319,0.53075,0.28589,1.88581,1.90859,1.6412,0.007327,0.007327,0.007327
326,4761.25,1.79266,1.91632,1.55092,0.67732,0.44043,0.53322,0.29177,1.88483,1.87783,1.63386,0.00731875,0.00731875,0.00731875
327,4779.23,1.82246,1.90132,1.55947,0.66215,0.44255,0.52809,0.28006,1.846,1.87895,1.61821,0.0073105,0.0073105,0.0073105
328,4791.63,1.83009,1.89421,1.55694,0.67264,0.4617,0.53582,0.28537,1.8715,1.8849,1.61852,0.00730225,0.00730225,0.00730225
329,4804.11,1.79575,1.89358,1.53494,0.64612,0.49149,0.54001,0.29341,1.80691,1.84023,1.59295,0.007294,0.007294,0.007294
330,4819.04,1.79412,1.87072,1.55031,0.6754,0.47872,0.5446,0.2901,1.84283,1.86044,1.60683,0.00728575,0.00728575,0.00728575
331,4836.07,1.82016,1.9206,1.55487,0.61897,0.48085,0.54095,0.29566,1.83913,1.89225,1.61638,0.0072775,0.0072775,0.0072775
332,4851.22,1.78629,1.8491,1.52948,0.70234,0.47693,0.55306,0.30354,1.80293,1.82609,1.60701,0.00726925,0.00726925,0.00726925
333,4864.11,1.81014,1.88278,1.54815,0.63878,0.51277,0.5594,0.30582,1.81222,1.81296,1.60259,0.007261,0.007261,0.007261
334,4876.97,1.79013,1.86449,1.52678,0.65015,0.51489,0.56769,0.30653,1.81639,1.80582,1.60609,0.00725275,0.00725275,0.00725275
335,4894.53,1.82285,1.89751,1.54324,0.68671,0.49574,0.54662,0.29183,1.82426,1.81486,1.60777,0.0072445,0.0072445,0.0072445
336,4911.75,1.80522,1.89086,1.534,0.64888,0.47576,0.54637,0.29719,1.81397,1.79281,1.59878,0.00723625,0.00723625,0.00723625
337,4924.55,1.78653,1.88162,1.53254,0.67861,0.46722,0.55224,0.29901,1.80951,1.80562,1.5938,0.007228,0.007228,0.007228
338,4937.13,1.75732,1.82109,1.51607,0.67581,0.45957,0.54387,0.30131,1.8158,1.79946,1.59641,0.00721975,0.00721975,0.00721975
339,4950.43,1.76334,1.82137,1.51277,0.65992,0.48723,0.55465,0.30703,1.81758,1.78517,1.59485,0.0072115,0.0072115,0.0072115
340,4968.39,1.7819,1.8586,1.52053,0.666,0.49574,0.54512,0.30132,1.81294,1.81039,1.59798,0.00720325,0.00720325,0.00720325
341,4984.53,1.77852,1.85223,1.52055,0.66183,0.52051,0.56204,0.31548,1.77785,1.75998,1.5722,0.007195,0.007195,0.007195
342,4997.46,1.77327,1.83631,1.50878,0.69207,0.51165,0.58239,0.31272,1.80915,1.76195,1.59438,0.00718675,0.00718675,0.00718675
343,5009.94,1.77717,1.83666,1.5253,0.68303,0.50893,0.58138,0.31951,1.80503,1.74465,1.58687,0.0071785,0.0071785,0.0071785
344,5024.68,1.75557,1.79961,1.5103,0.68925,0.50497,0.58496,0.32334,1.77437,1.72032,1.57661,0.00717025,0.00717025,0.00717025
345,5043.76,1.75389,1.81078,1.51945,0.7726,0.47021,0.58387,0.32049,1.78499,1.7359,1.56922,0.007162,0.007162,0.007162
346,5058.84,1.74133,1.79765,1.49834,0.65671,0.51489,0.58309,0.33155,1.77548,1.7528,1.56226,0.00715375,0.00715375,0.00715375
347,5071.77,1.72956,1.79284,1.49623,0.71921,0.50851,0.59217,0.33718,1.74796,1.71888,1.55496,0.0071455,0.0071455,0.0071455
348,5084.67,1.7494,1.81805,1.51057,0.73742,0.51915,0.59382,0.33186,1.78648,1.70792,1.56238,0.00713725,0.00713725,0.00713725
349,5099.92,1.73148,1.7593,1.48376,0.76069,0.53404,0.61173,0.34714,1.73561,1.6814,1.5569,0.007129,0.007129,0.007129
350,5117.78,1.72125,1.76082,1.48645,0.73944,0.53404,0.60785,0.33854,1.74579,1.71903,1.57022,0.00712075,0.00712075,0.00712075
351,5131.27,1.75036,1.78749,1.5113,0.73156,0.52766,0.61578,0.35054,1.73116,1.67263,1.54071,0.0071125,0.0071125,0.0071125
352,5143.91,1.71256,1.76046,1.47816,0.76041,0.52979,0.61948,0.35034,1.73373,1.65774,1.53642,0.00710425,0.00710425,0.00710425
353,5157.35,1.72814,1.78632,1.50234,0.71054,0.52553,0.61822,0.36038,1.70838,1.65191,1.53136,0.007096,0.007096,0.007096
354,5175.27,1.70816,1.73192,1.48831,0.71581,0.53056,0.62194,0.36104,1.71335,1.66729,1.5355,0.00708775,0.00708775,0.00708775
355,5193.04,1.70628,1.71647,1.472,0.77783,0.51398,0.63166,0.36244,1.7084,1.65235,1.53597,0.0070795,0.0070795,0.0070795
356,5206.12,1.72701,1.72667,1.48525,0.71819,0.54468,0.62449,0.35696,1.72385,1.65481,1.54322,0.00707125,0.00707125,0.00707125
357,5218.58,1.71341,1.76786,1.47821,0.73299,0.54681,0.62823,0.35316,1.71803,1.66178,1.54431,0.007063,0.007063,0.007063
358,5232.05,1.69211,1.72901,1.4829,0.74494,0.54681,0.63714,0.35669,1.70466,1.6422,1.53307,0.00705475,0.00705475,0.00705475
359,5249.42,1.71434,1.73664,1.48733,0.7281,0.53617,0.62022,0.35521,1.71806,1.63012,1.52354,0.0070465,0.0070465,0.0070465
360,5265.89,1.70478,1.71486,1.47789,0.73507,0.5383,0.62027,0.36045,1.71929,1.623,1.52485,0.00703825,0.00703825,0.00703825
361,5278.25,1.69332,1.71813,1.46841,0.74639,0.53404,0.62774,0.37392,1.71073,1.64276,1.53573,0.00703,0.00703,0.00703
362,5291.14,1.65144,1.64171,1.44932,0.72194,0.55106,0.63326,0.3719,1.70692,1.60149,1.5288,0.00702175,0.00702175,0.00702175
363,5304.73,1.70126,1.71359,1.46194,0.74699,0.52128,0.62444,0.36484,1.72476,1.5984,1.53405,0.0070135,0.0070135,0.0070135
364,5321.52,1.68221,1.69846,1.45723,0.75983,0.53849,0.63104,0.37025,1.70613,1.60239,1.52474,0.00700525,0.00700525,0.00700525
365,5335.22,1.70362,1.71651,1.4623,0.72438,0.548,0.63227,0.36105,1.71346,1.60531,1.52344,0.006997,0.006997,0.006997
366,5347.79,1.66647,1.70429,1.45107,0.71663,0.54043,0.62747,0.36297,1.69193,1.63109,1.52665,0.00698875,0.00698875,0.00698875
367,5360.77,1.66909,1.68925,1.46155,0.76784,0.5489,0.65387,0.37721,1.67407,1.55104,1.50179,0.0069805,0.0069805,0.0069805
368,5378.1,1.67744,1.65749,1.46596,0.78823,0.54681,0.66071,0.37844,1.68454,1.57738,1.50089,0.00697225,0.00697225,0.00697225
369,5394.02,1.639,1.64873,1.44737,0.78619,0.56383,0.65916,0.37968,1.68434,1.58011,1.49342,0.006964,0.006964,0.006964
370,5407.18,1.66246,1.63789,1.43897,0.74066,0.56383,0.65594,0.38032,1.67135,1.55003,1.48329,0.00695575,0.00695575,0.00695575
371,5420.21,1.65262,1.64549,1.43844,0.75771,0.55228,0.63965,0.37173,1.66148,1.57724,1.49571,0.0069475,0.0069475,0.0069475
372,5435.91,1.67608,1.6561,1.44141,0.74489,0.57021,0.66179,0.37943,1.6942,1.55375,1.50347,0.00693925,0.00693925,0.00693925
373,5454.11,1.66912,1.67297,1.45789,0.72397,0.5748,0.65289,0.38407,1.67382,1.53591,1.50316,0.006931,0.006931,0.006931
374,5468.3,1.64853,1.63558,1.44142,0.71387,0.60213,0.66507,0.39533,1.65652,1.51938,1.48217,0.00692275,0.00692275,0.00692275
375,5481.07,1.63676,1.64271,1.44171,0.81135,0.55819,0.67019,0.39478,1.6498,1.50637,1.46896,0.0069145,0.0069145,0.0069145
376,5494.26,1.64866,1.64043,1.43861,0.81438,0.54681,0.6759,0.40468,1.6245,1.51801,1.47596,0.00690625,0.00690625,0.00690625
377,5512.44,1.64619,1.61507,1.42874,0.82074,0.54551,0.67157,0.40525,1.62573,1.53159,1.46736,0.006898,0.006898,0.006898
378,5530.75,1.66302,1.65259,1.45522,0.85356,0.5234,0.67059,0.4103,1.62773,1.51713,1.4699,0.00688975,0.00688975,0.00688975
379,5543.71,1.62367,1.60267,1.43055,0.75271,0.60213,0.67042,0.40762,1.63963,1.51893,1.48428,0.0068815,0.0068815,0.0068815
380,5556.18,1.64939,1.61295,1.44571,0.75608,0.58085,0.67167,0.40715,1.65688,1.51274,1.48465,0.00687325,0.00687325,0.00687325
381,5569.73,1.60458,1.59416,1.42135,0.77849,0.59362,0.67882,0.40725,1.64301,1.49925,1.47767,0.006865,0.006865,0.006865
382,5587.34,1.61272,1.59307,1.42799,0.76863,0.57254,0.6864,0.41142,1.61753,1.48115,1.473,0.00685675,0.00685675,0.00685675
383,5603.76,1.63476,1.61107,1.4306,0.69972,0.62979,0.68038,0.40545,1.62099,1.48253,1.45376,0.0068485,0.0068485,0.0068485
384,5615.98,1.63427,1.61296,1.43329,0.76725,0.58216,0.6847,0.40498,1.62754,1.46878,1.4438,0.00684025,0.00684025,0.00684025
385,5628.5,1.6429,1.60561,1.44008,0.79141,0.59738,0.68445,0.40749,1.61929,1.46618,1.44536,0.006832,0.006832,0.006832
386,5643.33,1.59654,1.56855,1.3943,0.8128,0.5766,0.69231,0.4165,1.59658,1.44282,1.44437,0.00682375,0.00682375,0.00682375
387,5661.29,1.60364,1.559,1.41667,0.79837,0.55603,0.68131,0.41248,1.59534,1.4641,1.45221,0.0068155,0.0068155,0.0068155
388,5674.34,1.60698,1.56056,1.41176,0.75262,0.58298,0.66694,0.40705,1.58468,1.46605,1.43241,0.00680725,0.00680725,0.00680725
389,5686.87,1.61835,1.58205,1.42725,0.76104,0.58511,0.67207,0.4136,1.55366,1.45207,1.42791,0.006799,0.006799,0.006799
390,5700.46,1.61627,1.56905,1.41441,0.7559,0.59149,0.6721,0.41542,1.56583,1.45412,1.43731,0.00679075,0.00679075,0.00679075
391,5717.84,1.58851,1.56532,1.41309,0.75251,0.61064,0.67474,0.4155,1.57616,1.48046,1.43918,0.0067825,0.0067825,0.0067825
392,5734.09,1.60974,1.57507,1.39734,0.75986,0.5992,0.68058,0.40816,1.58525,1.44371,1.44721,0.00677425,0.00677425,0.00677425
393,5746.18,1.60694,1.56812,1.41068,0.78026,0.58511,0.69317,0.41592,1.59141,1.44168,1.43736,0.006766,0.006766,0.006766
394,5758.57,1.58316,1.55117,1.40101,0.8002,0.59787,0.69062,0.42276,1.57651,1.45819,1.42461,0.00675775,0.00675775,0.00675775
395,5772.79,1.59505,1.56156,1.40482,0.7856,0.6,0.70256,0.42219,1.57028,1.43583,1.4313,0.0067495,0.0067495,0.0067495
396,5789.59,1.56945,1.52062,1.38115,0.80894,0.61258,0.70897,0.42401,1.58109,1.43051,1.42851,0.00674125,0.00674125,0.00674125
397,5803.3,1.62503,1.55305,1.40355,0.78262,0.60851,0.70393,0.43276,1.5775,1.43472,1.43494,0.006733,0.006733,0.006733
398,5816.32,1.55076,1.51554,1.38451,0.76774,0.60851,0.68933,0.41853,1.58452,1.45416,1.43929,0.00672475,0.00672475,0.00672475
399,5829.5,1.5744,1.54686,1.40194,0.78975,0.61489,0.69943,0.42003,1.59497,1.43214,1.44213,0.0067165,0.0067165,0.0067165
400,5846.9,1.5671,1.52221,1.39004,0.83945,0.60072,0.71143,0.42851,1.59202,1.41809,1.42822,0.00670825,0.00670825,0.00670825
401,5863.28,1.59475,1.54714,1.41547,0.86107,0.59574,0.71955,0.44036,1.5684,1.40836,1.42472,0.0067,0.0067,0.0067
402,5876.26,1.60865,1.58029,1.41809,0.85437,0.59915,0.72247,0.44716,1.54635,1.39453,1.4262,0.00669175,0.00669175,0.00669175
403,5889.19,1.53066,1.48474,1.37252,0.81324,0.62766,0.72544,0.44506,1.56405,1.40075,1.42291,0.0066835,0.0066835,0.0066835
404,5902.71,1.56291,1.5126,1.39615,0.7966,0.61702,0.71961,0.44131,1.54946,1.39315,1.41416,0.00667525,0.00667525,0.00667525
405,5920.27,1.56637,1.49056,1.38197,0.85002,0.58936,0.72697,0.44769,1.54181,1.38564,1.40465,0.006667,0.006667,0.006667
406,5936.83,1.56981,1.53434,1.38691,0.80244,0.60213,0.71176,0.44429,1.55874,1.39332,1.41232,0.00665875,0.00665875,0.00665875
407,5949.3,1.57162,1.51009,1.39486,0.80587,0.60638,0.70538,0.44997,1.55137,1.3922,1.41299,0.0066505,0.0066505,0.0066505
408,5961.53,1.54869,1.49725,1.37828,0.78174,0.62489,0.70818,0.44824,1.54453,1.38753,1.41584,0.00664225,0.00664225,0.00664225
409,5975.9,1.57965,1.51774,1.38216,0.78475,0.63191,0.71836,0.45147,1.5312,1.38794,1.40676,0.006634,0.006634,0.006634
410,5994.13,1.53636,1.46935,1.37631,0.82997,0.6024,0.70991,0.44731,1.52079,1.38372,1.39711,0.00662575,0.00662575,0.00662575
411,6009.72,1.5517,1.49011,1.36765,0.77592,0.62766,0.71888,0.45328,1.519,1.35994,1.39607,0.0066175,0.0066175,0.0066175
412,6022.74,1.54216,1.48337,1.36743,0.76232,0.63617,0.71623,0.44838,1.52664,1.35574,1.40079,0.00660925,0.00660925,0.00660925
413,6035.26,1.56169,1.48111,1.38441,0.80492,0.61489,0.7167,0.44808,1.52363,1.3597,1.40415,0.006601,0.006601,0.006601
414,6050.5,1.52404,1.47893,1.37156,0.7883,0.64175,0.73102,0.44986,1.52437,1.35302,1.40953,0.00659275,0.00659275,0.00659275
415,6068.68,1.54258,1.45251,1.35985,0.80131,0.64681,0.73704,0.45398,1.51801,1.3326,1.40196,0.0065845,0.0065845,0.0065845
416,6083.35,1.56854,1.49137,1.37849,0.8298,0.64315,0.73932,0.44818,1.52601,1.32809,1.39635,0.00657625,0.00657625,0.00657625
417,6095.69,1.52518,1.4665,1.36281,0.81712,0.65957,0.7388,0.45574,1.52759,1.32165,1.39263,0.006568,0.006568,0.006568
418,6108.84,1.51429,1.44847,1.35044,0.87,0.63191,0.74371,0.46188,1.51382,1.31498,1.38705,0.00655975,0.00655975,0.00655975
419,6125.95,1.52724,1.44447,1.36456,0.85919,0.62317,0.73834,0.46204,1.4998,1.32362,1.38899,0.0065515,0.0065515,0.0065515
420,6142.24,1.51487,1.45107,1.35055,0.83153,0.65319,0.74359,0.45887,1.50372,1.3215,1.38787,0.00654325,0.00654325,0.00654325
421,6154.74,1.52997,1.48244,1.35935,0.80972,0.64043,0.73324,0.4622,1.49041,1.32277,1.38484,0.006535,0.006535,0.006535
422,6167.36,1.52621,1.4429,1.35739,0.83145,0.62972,0.73833,0.46837,1.48951,1.32061,1.38408,0.00652675,0.00652675,0.00652675
423,6181.8,1.51736,1.42536,1.35255,0.84008,0.65319,0.74121,0.46164,1.5031,1.33608,1.37827,0.0065185,0.0065185,0.0065185
424,6199.72,1.51388,1.43674,1.34816,0.82184,0.67447,0.74444,0.46506,1.49438,1.32447,1.37431,0.00651025,0.00651025,0.00651025
425,6215.45,1.52611,1.42998,1.35572,0.85395,0.64468,0.74282,0.46947,1.49897,1.32899,1.37654,0.006502,0.006502,0.006502
426,6228.52,1.51163,1.4252,1.35004,0.8112,0.66735,0.74524,0.47021,1.48869,1.31892,1.37468,0.00649375,0.00649375,0.00649375
427,6241.53,1.51424,1.41624,1.34106,0.79851,0.66614,0.74222,0.47735,1.46415,1.30948,1.36236,0.0064855,0.0064855,0.0064855
428,6257.29,1.50751,1.41894,1.3445,0.84741,0.64988,0.74649,0.48454,1.45627,1.31758,1.36856,0.00647725,0.00647725,0.00647725
429,6275.82,1.4915,1.40945,1.34343,0.84441,0.65957,0.75535,0.48638,1.45887,1.30205,1.37614,0.006469,0.006469,0.006469
430,6288.45,1.50131,1.44129,1.34447,0.84485,0.66041,0.74924,0.48466,1.46168,1.2876,1.3623,0.00646075,0.00646075,0.00646075
431,6300.84,1.49408,1.40913,1.34406,0.82258,0.65957,0.7481,0.48136,1.44645,1.29342,1.35302,0.0064525,0.0064525,0.0064525
432,6314.38,1.49038,1.3965,1.34194,0.84314,0.66331,0.7583,0.48612,1.44688,1.27852,1.35673,0.00644425,0.00644425,0.00644425
433,6333.32,1.49984,1.4164,1.35201,0.86758,0.6383,0.75925,0.48979,1.44221,1.27243,1.35985,0.006436,0.006436,0.006436
434,6348.75,1.49296,1.40615,1.3334,0.88804,0.63617,0.76525,0.49727,1.44273,1.26263,1.3535,0.00642775,0.00642775,0.00642775
435,6361.46,1.48447,1.40043,1.34909,0.87852,0.64255,0.76852,0.4929,1.44957,1.26354,1.35763,0.0064195,0.0064195,0.0064195
436,6373.99,1.45445,1.36262,1.32502,0.88466,0.64468,0.76897,0.49163,1.44977,1.25897,1.35729,0.00641125,0.00641125,0.00641125
437,6389.38,1.49493,1.40834,1.33978,0.87176,0.64894,0.76221,0.48927,1.45154,1.2646,1.34624,0.006403,0.006403,0.006403
438,6407.04,1.47215,1.38583,1.33333,0.88861,0.64043,0.76665,0.49621,1.45536,1.25964,1.34794,0.00639475,0.00639475,0.00639475
439,6420.87,1.46953,1.36444,1.31456,0.84148,0.65745,0.76549,0.49512,1.449,1.27389,1.35763,0.0063865,0.0063865,0.0063865
440,6433.22,1.47115,1.39746,1.32676,0.80635,0.69106,0.76936,0.49598,1.43989,1.24529,1.35002,0.00637825,0.00637825,0.00637825
441,6445.62,1.50611,1.41468,1.32894,0.78808,0.69149,0.7644,0.50107,1.42443,1.26232,1.34119,0.00637,0.00637,0.00637
442,6463.47,1.44898,1.34698,1.31959,0.84825,0.66603,0.7675,0.4992,1.42988,1.25153,1.34084,0.00636175,0.00636175,0.00636175
443,6480.93,1.48636,1.36851,1.3256,0.85516,0.66581,0.76297,0.49937,1.43456,1.25662,1.33861,0.0063535,0.0063535,0.0063535
444,6493.87,1.45841,1.3421,1.3222,0.85089,0.67234,0.76615,0.50418,1.42753,1.25796,1.34612,0.00634525,0.00634525,0.00634525
445,6506.77,1.46106,1.35844,1.32262,0.86736,0.65392,0.76154,0.50635,1.41667,1.24942,1.34435,0.006337,0.006337,0.006337
446,6521.17,1.4351,1.33024,1.30695,0.8508,0.66733,0.76514,0.50777,1.40576,1.22925,1.33864,0.00632875,0.00632875,0.00632875
447,6539.42,1.43582,1.33481,1.30673,0.84642,0.6684,0.76888,0.50809,1.40464,1.22131,1.34004,0.0063205,0.0063205,0.0063205
448,6555.74,1.48213,1.39179,1.3358,0.84885,0.68108,0.78065,0.5164,1.40339,1.21112,1.33694,0.00631225,0.00631225,0.00631225
449,6567.63,1.43971,1.34443,1.29988,0.8555,0.69362,0.77977,0.51098,1.41138,1.20412,1.32986,0.006304,0.006304,0.006304
450,6579.84,1.46617,1.37197,1.32201,0.86666,0.68723,0.77425,0.50625,1.44029,1.22792,1.34214,0.00629575,0.00629575,0.00629575
451,6593.96,1.42825,1.32767,1.3233,0.81666,0.7108,0.77609,0.5084,1.41422,1.22742,1.33558,0.0062875,0.0062875,0.0062875
452,6610.72,1.46305,1.36314,1.32748,0.82163,0.70426,0.77794,0.51164,1.39921,1.22429,1.32714,0.00627925,0.00627925,0.00627925
453,6623.84,1.44899,1.32661,1.3088,0.86182,0.67447,0.77301,0.5104,1.4036,1.22157,1.33249,0.006271,0.006271,0.006271
454,6636.35,1.4363,1.33108,1.30904,0.87283,0.67872,0.77344,0.50899,1.39777,1.22156,1.32626,0.00626275,0.00626275,0.00626275
455,6650.16,1.42524,1.32318,1.2997,0.84385,0.68987,0.78329,0.51801,1.36943,1.21082,1.31692,0.0062545,0.0062545,0.0062545
456,6668.3,1.44177,1.32553,1.30963,0.85137,0.68085,0.78032,0.5176,1.37684,1.22055,1.3238,0.00624625,0.00624625,0.00624625
457,6683.11,1.43947,1.34167,1.31016,0.8738,0.66294,0.78096,0.51831,1.37629,1.203,1.3189,0.006238,0.006238,0.006238
458,6696.19,1.45012,1.32253,1.30847,0.82311,0.7,0.78877,0.52228,1.37659,1.2028,1.32458,0.00622975,0.00622975,0.00622975
459,6708.94,1.46871,1.35056,1.3121,0.8575,0.70851,0.79385,0.52808,1.37572,1.19623,1.32537,0.0062215,0.0062215,0.0062215
460,6725.51,1.44758,1.33003,1.30905,0.86259,0.7079,0.80071,0.52817,1.37718,1.18402,1.32129,0.00621325,0.00621325,0.00621325
461,6743.86,1.4236,1.29793,1.30211,0.85998,0.70426,0.79999,0.52411,1.38859,1.18116,1.31888,0.006205,0.006205,0.006205
462,6756.53,1.42738,1.30451,1.30199,0.83255,0.71702,0.79394,0.52454,1.3933,1.19406,1.32617,0.00619675,0.00619675,0.00619675
463,6769.21,1.45689,1.35407,1.30226,0.85295,0.70344,0.79453,0.5208,1.3995,1.19619,1.33537,0.0061885,0.0061885,0.0061885
464,6781.43,1.41526,1.2925,1.29893,0.86394,0.69574,0.79206,0.5253,1.39782,1.19971,1.33339,0.00618025,0.00618025,0.00618025
465,6797.94,1.42853,1.30622,1.29063,0.85919,0.69362,0.79653,0.52553,1.38884,1.18813,1.33102,0.006172,0.006172,0.006172
466,6814.32,1.4122,1.29456,1.29668,0.84925,0.71489,0.80109,0.5328,1.38482,1.17748,1.3299,0.00616375,0.00616375,0.00616375
467,6827.22,1.42969,1.30652,1.29835,0.86146,0.70851,0.79175,0.52289,1.39607,1.18816,1.32664,0.0061555,0.0061555,0.0061555
468,6839.38,1.414,1.27624,1.28728,0.88553,0.71064,0.79829,0.52425,1.39154,1.17922,1.32329,0.00614725,0.00614725,0.00614725
469,6853.61,1.42729,1.29972,1.29751,0.88855,0.69552,0.80246,0.53178,1.3848,1.17452,1.3208,0.006139,0.006139,0.006139
470,6870.96,1.40648,1.28177,1.28642,0.91375,0.67625,0.80079,0.53113,1.38646,1.1745,1.31334,0.00613075,0.00613075,0.00613075
471,6885.18,1.44944,1.30925,1.3126,0.87068,0.68761,0.79261,0.53045,1.3878,1.20598,1.32136,0.0061225,0.0061225,0.0061225
472,6897.71,1.40607,1.28458,1.28926,0.87077,0.69149,0.79329,0.52765,1.39107,1.20645,1.32454,0.00611425,0.00611425,0.00611425
473,6910.13,1.41717,1.28535,1.30251,0.85518,0.71702,0.79527,0.53074,1.38357,1.20337,1.32484,0.006106,0.006106,0.006106
474,6925.95,1.36786,1.23556,1.2698,0.86033,0.70771,0.7893,0.5306,1.38247,1.20206,1.32582,0.00609775,0.00609775,0.00609775
475,6942.97,1.3915,1.26189,1.27696,0.88366,0.69493,0.79591,0.53262,1.37548,1.18941,1.31499,0.0060895,0.0060895,0.0060895
476,6956.22,1.39937,1.28937,1.28287,0.87546,0.70213,0.79815,0.53486,1.37301,1.1805,1.30344,0.00608125,0.00608125,0.00608125
477,6969.22,1.39885,1.28243,1.27551,0.8903,0.70797,0.80157,0.53765,1.35761,1.1581,1.30523,0.006073,0.006073,0.006073
478,6982.88,1.38783,1.24333,1.2672,0.86887,0.70491,0.8029,0.53872,1.34963,1.14864,1.30291,0.00606475,0.00606475,0.00606475
479,7000.68,1.3963,1.26464,1.26577,0.88563,0.71277,0.81002,0.54651,1.34377,1.14188,1.30003,0.0060565,0.0060565,0.0060565
480,7015.31,1.42606,1.2873,1.28743,0.83875,0.73617,0.80656,0.54114,1.3499,1.15518,1.2968,0.00604825,0.00604825,0.00604825
481,7027.82,1.40541,1.26971,1.28508,0.86172,0.7,0.80186,0.53616,1.35764,1.15441,1.29738,0.00604,0.00604,0.00604
482,7040.37,1.41855,1.2943,1.28159,0.90191,0.7,0.81295,0.53811,1.35876,1.13442,1.29356,0.00603175,0.00603175,0.00603175
483,7056.92,1.42046,1.26941,1.28332,0.88826,0.70851,0.80768,0.5358,1.35753,1.14516,1.28353,0.0060235,0.0060235,0.0060235
484,7074.17,1.41614,1.27548,1.27809,0.87262,0.71064,0.80936,0.53885,1.35347,1.13513,1.28754,0.00601525,0.00601525,0.00601525
485,7086.82,1.3935,1.25096,1.271,0.8991,0.71702,0.81536,0.53704,1.35586,1.13499,1.2891,0.006007,0.006007,0.006007
486,7099.29,1.38527,1.24712,1.27022,0.89896,0.7193,0.82099,0.53982,1.34389,1.12006,1.28572,0.00599875,0.00599875,0.00599875
487,7112.73,1.38744,1.23991,1.27342,0.89692,0.72201,0.8208,0.54372,1.3359,1.12224,1.28353,0.0059905,0.0059905,0.0059905
488,7129.53,1.38423,1.25462,1.26258,0.88458,0.73376,0.81889,0.54357,1.3333,1.13406,1.28137,0.00598225,0.00598225,0.00598225
489,7142.37,1.37279,1.21153,1.26638,0.90244,0.7234,0.81322,0.5441,1.32741,1.13287,1.27646,0.005974,0.005974,0.005974
490,7154.73,1.38299,1.22648,1.26338,0.88571,0.72551,0.80827,0.54674,1.32436,1.125,1.27002,0.00596575,0.00596575,0.00596575
491,7168.84,1.36148,1.22285,1.25707,0.86842,0.72553,0.80504,0.54945,1.31724,1.13414,1.26683,0.0059575,0.0059575,0.0059575
492,7187.41,1.3935,1.24048,1.27478,0.88498,0.72553,0.81181,0.54778,1.31656,1.13296,1.26371,0.00594925,0.00594925,0.00594925
493,7201.83,1.3798,1.20877,1.25241,0.87841,0.73778,0.81254,0.54622,1.32996,1.12984,1.26259,0.005941,0.005941,0.005941
494,7214.31,1.36876,1.21675,1.25802,0.88645,0.72979,0.81046,0.54458,1.33998,1.13294,1.2679,0.00593275,0.00593275,0.00593275
495,7226.51,1.36999,1.23078,1.25613,0.88177,0.71915,0.8151,0.54766,1.33002,1.11704,1.26173,0.0059245,0.0059245,0.0059245
496,7241.89,1.3646,1.22407,1.26971,0.90118,0.70851,0.81696,0.55091,1.31959,1.11357,1.26459,0.00591625,0.00591625,0.00591625
497,7259.94,1.36794,1.20581,1.26613,0.8949,0.71915,0.81772,0.54672,1.31438,1.10797,1.26625,0.005908,0.005908,0.005908
498,7272.91,1.37946,1.22693,1.24935,0.89106,0.72128,0.82106,0.55293,1.3041,1.12167,1.26045,0.00589975,0.00589975,0.00589975
499,7285.91,1.3622,1.20019,1.2602,0.92263,0.70638,0.82163,0.55412,1.30462,1.12616,1.25904,0.0058915,0.0058915,0.0058915
500,7300.05,1.33851,1.18113,1.25362,0.93254,0.70592,0.82195,0.5504,1.30895,1.13301,1.25988,0.00588325,0.00588325,0.00588325
501,7317.65,1.37067,1.2255,1.26754,0.92396,0.71277,0.82364,0.55404,1.30984,1.13488,1.2615,0.005875,0.005875,0.005875
502,7333.01,1.37704,1.23871,1.25358,0.92403,0.7,0.81757,0.55215,1.31264,1.12251,1.25978,0.00586675,0.00586675,0.00586675
503,7345.46,1.36289,1.21786,1.25785,0.88983,0.73191,0.81813,0.55406,1.32898,1.12843,1.26411,0.0058585,0.0058585,0.0058585
504,7357.88,1.3513,1.21375,1.25017,0.88305,0.73404,0.81929,0.55221,1.32404,1.1261,1.2566,0.00585025,0.00585025,0.00585025
505,7373.55,1.3406,1.20962,1.2436,0.90154,0.72979,0.82306,0.55726,1.31619,1.11443,1.2599,0.005842,0.005842,0.005842
506,7391.37,1.35423,1.20189,1.25063,0.91415,0.72501,0.82896,0.55824,1.3117,1.10477,1.26429,0.00583375,0.00583375,0.00583375
507,7404.12,1.33075,1.16738,1.23853,0.89698,0.73191,0.82818,0.56109,1.30698,1.10006,1.2642,0.0058255,0.0058255,0.0058255
508,7417.31,1.34099,1.18427,1.24222,0.87183,0.75106,0.82909,0.56243,1.30633,1.10408,1.25927,0.00581725,0.00581725,0.00581725
509,7433.25,1.33723,1.18081,1.2332,0.89427,0.73784,0.82937,0.5625,1.30751,1.11678,1.25751,0.005809,0.005809,0.005809
510,7451.31,1.34947,1.19032,1.24099,0.88385,0.74255,0.82949,0.56476,1.2994,1.1092,1.25534,0.00580075,0.00580075,0.00580075
511,7464.29,1.35048,1.20433,1.25801,0.89376,0.73404,0.83032,0.56618,1.28574,1.09855,1.24686,0.0057925,0.0057925,0.0057925
512,7477.21,1.32177,1.16029,1.24457,0.90035,0.72979,0.8313,0.57015,1.28594,1.08633,1.24344,0.00578425,0.00578425,0.00578425
513,7491.34,1.33402,1.17746,1.24572,0.88553,0.74681,0.82919,0.56739,1.28677,1.07797,1.24295,0.005776,0.005776,0.005776
514,7508.67,1.33324,1.16926,1.24277,0.9027,0.74043,0.83224,0.56425,1.29143,1.07823,1.24768,0.00576775,0.00576775,0.00576775
515,7525.65,1.31099,1.12766,1.23521,0.88753,0.74468,0.82885,0.56253,1.29354,1.0837,1.25258,0.0057595,0.0057595,0.0057595
516,7538.14,1.34121,1.18531,1.24578,0.89008,0.74681,0.82656,0.56198,1.28957,1.08887,1.25603,0.00575125,0.00575125,0.00575125
517,7550.99,1.33713,1.1836,1.23147,0.89907,0.72979,0.82709,0.56469,1.29241,1.09035,1.25468,0.005743,0.005743,0.005743
518,7566.96,1.33583,1.18075,1.24614,0.92102,0.71955,0.82762,0.56393,1.28527,1.08982,1.24652,0.00573475,0.00573475,0.00573475
519,7585.06,1.32856,1.17528,1.24304,0.90189,0.74322,0.83386,0.57294,1.27986,1.08508,1.24404,0.0057265,0.0057265,0.0057265
520,7603.42,1.30353,1.16325,1.22721,0.93604,0.71614,0.83399,0.56943,1.2754,1.08317,1.23764,0.00571825,0.00571825,0.00571825
521,7616.12,1.32237,1.15221,1.21941,0.89704,0.74147,0.83407,0.57254,1.27392,1.07268,1.23582,0.00571,0.00571,0.00571
522,7628.77,1.34125,1.1899,1.24155,0.88542,0.7383,0.83239,0.57438,1.26542,1.0646,1.23074,0.00570175,0.00570175,0.00570175
523,7643.62,1.31334,1.15247,1.2301,0.90185,0.72338,0.83426,0.57709,1.25748,1.06679,1.22985,0.0056935,0.0056935,0.0056935
524,7663.23,1.33655,1.18852,1.2373,0.86653,0.73213,0.83102,0.57419,1.2603,1.06163,1.23517,0.00568525,0.00568525,0.00568525
525,7680.8,1.3005,1.14346,1.21577,0.86192,0.74375,0.83445,0.57528,1.26326,1.06065,1.23284,0.005677,0.005677,0.005677
526,7693.54,1.31739,1.17524,1.23761,0.88918,0.73617,0.83507,0.57584,1.26158,1.05427,1.23365,0.00566875,0.00566875,0.00566875
527,7706.02,1.2907,1.14937,1.21656,0.90132,0.73851,0.83862,0.57146,1.26479,1.05563,1.22971,0.0056605,0.0056605,0.0056605
528,7720.41,1.34365,1.16012,1.2306,0.89983,0.73617,0.83841,0.56443,1.27062,1.05484,1.22503,0.00565225,0.00565225,0.00565225
529,7738.16,1.29066,1.14681,1.22584,0.92169,0.72626,0.83984,0.56754,1.26919,1.07079,1.22259,0.005644,0.005644,0.005644
530,7752.6,1.30879,1.15945,1.23234,0.90729,0.72881,0.84249,0.56938,1.26437,1.06446,1.2242,0.00563575,0.00563575,0.00563575
531,7765.36,1.33257,1.16417,1.23474,0.89618,0.73468,0.84835,0.56789,1.26159,1.06469,1.22277,0.0056275,0.0056275,0.0056275
532,7778.61,1.30517,1.13547,1.22273,0.87978,0.74738,0.84733,0.5702,1.26903,1.06628,1.22634,0.00561925,0.00561925,0.00561925
533,7795.45,1.30755,1.1546,1.2334,0.89511,0.74255,0.84841,0.57192,1.2636,1.06136,1.22329,0.005611,0.005611,0.005611
534,7809.96,1.32351,1.16819,1.23602,0.86661,0.76596,0.84624,0.57755,1.25242,1.06546,1.21941,0.00560275,0.00560275,0.00560275
535,7822.88,1.29488,1.13632,1.22066,0.89419,0.75516,0.8454,0.58246,1.24345,1.04756,1.21657,0.0055945,0.0055945,0.0055945
536,7836.19,1.30813,1.13446,1.22179,0.86719,0.76409,0.8461,0.58846,1.24071,1.03151,1.21313,0.00558625,0.00558625,0.00558625
537,7854,1.29173,1.12645,1.2223,0.89181,0.75418,0.84807,0.58682,1.24333,1.03552,1.21336,0.005578,0.005578,0.005578
538,7867.48,1.26444,1.09968,1.20479,0.8775,0.74681,0.8494,0.58899,1.24436,1.02651,1.21842,0.00556975,0.00556975,0.00556975
539,7880.45,1.30557,1.15982,1.22046,0.90369,0.75745,0.85491,0.59211,1.23602,1.01417,1.21368,0.0055615,0.0055615,0.0055615
540,7894.18,1.31586,1.13826,1.20768,0.90531,0.7617,0.85444,0.59072,1.23579,1.0212,1.21377,0.00555325,0.00555325,0.00555325
541,7911.68,1.31345,1.15956,1.23024,0.89705,0.76596,0.85445,0.59165,1.23112,1.01184,1.2137,0.005545,0.005545,0.005545
542,7924.92,1.2793,1.1288,1.20846,0.91458,0.75532,0.85379,0.59331,1.22834,1.01197,1.21466,0.00553675,0.00553675,0.00553675
543,7937.83,1.2746,1.1079,1.21021,0.91788,0.76105,0.85504,0.59228,1.23329,1.02017,1.21742,0.0055285,0.0055285,0.0055285
544,7951.1,1.30964,1.14375,1.22476,0.91651,0.74894,0.85691,0.59432,1.22874,1.01418,1.21545,0.00552025,0.00552025,0.00552025
545,7969.07,1.29947,1.127,1.22487,0.92161,0.75048,0.85469,0.5954,1.22911,1.01789,1.21453,0.005512,0.005512,0.005512
546,7982.4,1.29076,1.11574,1.20833,0.92597,0.74517,0.85783,0.5968,1.22812,1.01912,1.21457,0.00550375,0.00550375,0.00550375
547,7995.44,1.27511,1.10915,1.19581,0.90996,0.75319,0.85417,0.59346,1.22492,1.01684,1.21047,0.0054955,0.0054955,0.0054955
548,8008.37,1.27672,1.11373,1.19921,0.89723,0.7617,0.85321,0.58966,1.2312,1.01954,1.21331,0.00548725,0.00548725,0.00548725
549,8021.83,1.28893,1.10919,1.20879,0.91092,0.74681,0.85503,0.59283,1.22824,1.0212,1.21174,0.005479,0.005479,0.005479
550,8034.48,1.30396,1.14415,1.2173,0.90884,0.74243,0.85542,0.59624,1.21907,1.0167,1.20621,0.00547075,0.00547075,0.00547075
551,8047.26,1.27491,1.09576,1.20287,0.90263,0.74894,0.85759,0.59367,1.21678,1.01367,1.21015,0.0054625,0.0054625,0.0054625
552,8065.22,1.29459,1.11984,1.21715,0.88221,0.76491,0.85825,0.59358,1.21595,1.00618,1.2098,0.00545425,0.00545425,0.00545425
553,8079.99,1.29074,1.1215,1.21831,0.89555,0.76622,0.85986,0.59554,1.21548,1.00402,1.20677,0.005446,0.005446,0.005446
554,8092.71,1.28189,1.10669,1.20883,0.90383,0.75984,0.86093,0.59631,1.22064,1.008,1.20752,0.00543775,0.00543775,0.00543775
555,8106.1,1.2718,1.09183,1.1963,0.89063,0.76231,0.85836,0.59548,1.21756,1.00231,1.2079,0.0054295,0.0054295,0.0054295
556,8123.76,1.25795,1.09546,1.19816,0.90028,0.74894,0.85588,0.59909,1.21666,1.00922,1.20333,0.00542125,0.00542125,0.00542125
557,8137.76,1.27657,1.10169,1.19903,0.92087,0.74277,0.85779,0.59752,1.21437,1.00484,1.20101,0.005413,0.005413,0.005413
558,8149.96,1.26208,1.09347,1.19526,0.92477,0.74681,0.85807,0.60085,1.21286,1.00821,1.19806,0.00540475,0.00540475,0.00540475
559,8163.21,1.29547,1.10923,1.22399,0.92051,0.75106,0.85889,0.60103,1.21346,1.01525,1.19484,0.0053965,0.0053965,0.0053965
560,8181.45,1.24754,1.08918,1.20311,0.94308,0.74027,0.85826,0.59993,1.21186,1.02183,1.1937,0.00538825,0.00538825,0.00538825
561,8195.59,1.27334,1.09987,1.21527,0.91834,0.76568,0.85614,0.60229,1.21678,1.01985,1.19279,0.00538,0.00538,0.00538
562,8208.73,1.25483,1.06705,1.19673,0.92943,0.75657,0.85547,0.59892,1.21409,1.01405,1.19431,0.00537175,0.00537175,0.00537175
563,8221.74,1.2794,1.10428,1.19651,0.93851,0.74688,0.85768,0.60238,1.21793,1.00217,1.1987,0.0053635,0.0053635,0.0053635
564,8239.42,1.25686,1.09424,1.19347,0.93438,0.74043,0.85839,0.60587,1.21359,1.00308,1.19938,0.00535525,0.00535525,0.00535525
565,8252.76,1.24638,1.07402,1.18908,0.92145,0.74877,0.8571,0.60738,1.20791,0.99942,1.19769,0.005347,0.005347,0.005347
566,8265.48,1.25326,1.06671,1.18468,0.92917,0.75359,0.86235,0.60741,1.20818,0.99698,1.19852,0.00533875,0.00533875,0.00533875
567,8279.22,1.25831,1.06434,1.19508,0.92529,0.75957,0.86652,0.60815,1.20225,0.98882,1.19598,0.0053305,0.0053305,0.0053305
568,8297.72,1.25027,1.06523,1.19199,0.93156,0.75957,0.86453,0.60933,1.21129,0.99388,1.19772,0.00532225,0.00532225,0.00532225
569,8313.5,1.25055,1.09649,1.18869,0.92453,0.76383,0.86171,0.60765,1.21055,0.9949,1.19488,0.005314,0.005314,0.005314
570,8325.93,1.26341,1.0724,1.19626,0.93249,0.75532,0.86031,0.60438,1.20299,0.99604,1.1931,0.00530575,0.00530575,0.00530575
571,8338.47,1.25468,1.06662,1.19175,0.89639,0.77309,0.85844,0.60627,1.20396,0.99847,1.19027,0.0052975,0.0052975,0.0052975
572,8353.64,1.24661,1.07254,1.19343,0.88787,0.77494,0.85951,0.60832,1.20631,0.98783,1.19069,0.00528925,0.00528925,0.00528925
573,8369.61,1.25129,1.08489,1.19283,0.90162,0.76383,0.85863,0.60943,1.20103,0.98224,1.18924,0.005281,0.005281,0.005281
574,8382.22,1.24028,1.08968,1.19188,0.93067,0.74264,0.85895,0.60966,1.1984,0.9793,1.19015,0.00527275,0.00527275,0.00527275
575,8394.67,1.26298,1.07324,1.1974,0.91976,0.75106,0.85942,0.60742,1.20076,0.9755,1.19044,0.0052645,0.0052645,0.0052645
576,8409.43,1.23415,1.06178,1.19268,0.92359,0.74578,0.85404,0.6084,1.20067,0.97812,1.1886,0.00525625,0.00525625,0.00525625
577,8427.07,1.26541,1.08726,1.19599,0.91596,0.75319,0.85474,0.61154,1.19763,0.98005,1.18698,0.005248,0.005248,0.005248
578,8441.28,1.22461,1.05372,1.17522,0.91591,0.75106,0.85702,0.61241,1.18978,0.97919,1.1849,0.00523975,0.00523975,0.00523975
579,8454.1,1.25044,1.07189,1.19052,0.90383,0.75989,0.86239,0.61244,1.18287,0.97946,1.18295,0.0052315,0.0052315,0.0052315
580,8467.31,1.25709,1.07525,1.1967,0.91755,0.75957,0.86501,0.6138,1.17861,0.96951,1.18143,0.00522325,0.00522325,0.00522325
581,8484.69,1.24765,1.06626,1.17623,0.92461,0.76809,0.86682,0.61182,1.17623,0.96388,1.18019,0.005215,0.005215,0.005215
582,8498.12,1.23162,1.06797,1.18304,0.93535,0.75745,0.86558,0.60915,1.17548,0.96531,1.17941,0.00520675,0.00520675,0.00520675
583,8510.45,1.24398,1.07111,1.1909,0.91394,0.7682,0.86608,0.61146,1.17249,0.96717,1.17446,0.0051985,0.0051985,0.0051985
584,8523.38,1.24351,1.05411,1.18738,0.91985,0.7766,0.86846,0.61198,1.17292,0.96968,1.17398,0.00519025,0.00519025,0.00519025
585,8540.93,1.24064,1.0619,1.17855,0.91532,0.77234,0.86627,0.61324,1.17098,0.96444,1.17562,0.005182,0.005182,0.005182
586,8553.63,1.23994,1.06038,1.18426,0.93054,0.74681,0.86644,0.61499,1.16564,0.96095,1.17335,0.00517375,0.00517375,0.00517375
587,8566.54,1.21522,1.04708,1.17024,0.93361,0.74801,0.86682,0.61505,1.16565,0.95911,1.17035,0.0051655,0.0051655,0.0051655
588,8580.2,1.21943,1.03187,1.1728,0.9179,0.76125,0.87041,0.6172,1.16622,0.95526,1.17056,0.00515725,0.00515725,0.00515725
589,8598.44,1.21979,1.04175,1.17251,0.90767,0.76383,0.87003,0.61706,1.16257,0.95469,1.1677,0.005149,0.005149,0.005149
590,8611.05,1.22048,1.03146,1.17638,0.91475,0.75745,0.86621,0.6206,1.16507,0.95453,1.16785,0.00514075,0.00514075,0.00514075
591,8624.14,1.23964,1.0546,1.16815,0.91112,0.75532,0.86582,0.61787,1.1687,0.95469,1.16815,0.0051325,0.0051325,0.0051325
592,8638.05,1.20914,1.02365,1.1702,0.90652,0.75745,0.86971,0.61994,1.16169,0.9515,1.16585,0.00512425,0.00512425,0.00512425
593,8654.26,1.19821,1.00929,1.15888,0.9023,0.77021,0.86892,0.62426,1.15975,0.9521,1.16363,0.005116,0.005116,0.005116
594,8667.06,1.19733,1.01985,1.16955,0.89149,0.76914,0.86455,0.61987,1.15937,0.94834,1.16232,0.00510775,0.00510775,0.00510775
595,8679.28,1.23535,1.05493,1.18581,0.88899,0.78378,0.86617,0.61773,1.1596,0.94455,1.16316,0.0050995,0.0050995,0.0050995
596,8693.13,1.20571,1.03155,1.16874,0.91202,0.77872,0.86733,0.61854,1.16764,0.94885,1.16766,0.00509125,0.00509125,0.00509125
597,8708.18,1.20598,1.02457,1.17366,0.92066,0.77447,0.86525,0.61909,1.17132,0.94887,1.16732,0.005083,0.005083,0.005083
598,8720.67,1.22203,1.01766,1.17314,0.92066,0.77021,0.86994,0.62131,1.16987,0.94347,1.16508,0.00507475,0.00507475,0.00507475
599,8732.97,1.23508,1.04462,1.17528,0.91339,0.78085,0.87234,0.62254,1.16784,0.9384,1.16482,0.0050665,0.0050665,0.0050665
600,8747.94,1.24834,1.05639,1.17769,0.91944,0.78511,0.8724,0.62167,1.16334,0.93863,1.16284,0.00505825,0.00505825,0.00505825
601,8763.95,1.2162,1.03545,1.16872,0.90842,0.78298,0.87387,0.62303,1.1655,0.94172,1.15875,0.00505,0.00505,0.00505
602,8776.5,1.23454,1.05199,1.18024,0.91086,0.7827,0.87119,0.62139,1.16683,0.94259,1.15733,0.00504175,0.00504175,0.00504175
603,8788.99,1.21622,1.03542,1.16623,0.89898,0.78723,0.87023,0.61763,1.16653,0.94152,1.15585,0.0050335,0.0050335,0.0050335
604,8804.11,1.2072,1.01948,1.1646,0.89312,0.79362,0.87668,0.61752,1.16451,0.93669,1.15502,0.00502525,0.00502525,0.00502525
605,8819.49,1.22765,1.05094,1.17374,0.91286,0.78007,0.87678,0.61792,1.16602,0.93703,1.15739,0.005017,0.005017,0.005017
606,8831.97,1.20679,1.0099,1.16219,0.91315,0.77234,0.87396,0.61893,1.16167,0.93527,1.15692,0.00500875,0.00500875,0.00500875
607,8844.57,1.22611,1.02913,1.16927,0.91765,0.76383,0.87256,0.61755,1.16145,0.93886,1.15579,0.0050005,0.0050005,0.0050005
608,8858.22,1.19938,1.0023,1.16155,0.92002,0.7587,0.87295,0.61901,1.16001,0.93346,1.15394,0.00499225,0.00499225,0.00499225
609,8870.71,1.20459,1.02377,1.16304,0.92545,0.76592,0.87538,0.62231,1.15268,0.92712,1.15078,0.004984,0.004984,0.004984
610,8883.27,1.19888,1.02159,1.16493,0.91858,0.76596,0.87717,0.6214,1.14859,0.92765,1.14758,0.00497575,0.00497575,0.00497575
611,8898.23,1.19874,1.0053,1.15693,0.91944,0.77705,0.8771,0.6217,1.14401,0.92111,1.14335,0.0049675,0.0049675,0.0049675
612,8913.65,1.20101,1.00553,1.1692,0.92425,0.77879,0.87902,0.625,1.14139,0.91681,1.14376,0.00495925,0.00495925,0.00495925
613,8926.56,1.21536,1.02645,1.16729,0.91787,0.78511,0.88049,0.62822,1.13539,0.91532,1.14419,0.004951,0.004951,0.004951
614,8939.54,1.20162,1.00536,1.1489,0.91399,0.79149,0.88227,0.62904,1.13735,0.91358,1.14772,0.00494275,0.00494275,0.00494275
615,8955.67,1.19512,1.00431,1.16319,0.91649,0.78936,0.8816,0.62989,1.13327,0.9118,1.14744,0.0049345,0.0049345,0.0049345
616,8971.09,1.22005,1.02185,1.17304,0.92693,0.78275,0.88204,0.63173,1.13159,0.90523,1.14574,0.00492625,0.00492625,0.00492625
617,8983.98,1.2016,1.00209,1.15322,0.93227,0.77234,0.88385,0.63014,1.12878,0.90269,1.14422,0.004918,0.004918,0.004918
618,8996.39,1.20744,1.003,1.1619,0.92169,0.77626,0.88125,0.62929,1.12696,0.90097,1.14074,0.00490975,0.00490975,0.00490975
619,9012.45,1.18936,1.02008,1.1561,0.92484,0.7854,0.88185,0.63273,1.12732,0.90792,1.1418,0.0049015,0.0049015,0.0049015
620,9027.44,1.1781,0.99889,1.14739,0.91524,0.78113,0.88084,0.63051,1.12819,0.91047,1.14121,0.00489325,0.00489325,0.00489325
621,9039.85,1.19038,1.00761,1.14837,0.92909,0.77021,0.88148,0.62768,1.13041,0.91184,1.14284,0.004885,0.004885,0.004885
622,9052.62,1.1859,1.00174,1.15753,0.91794,0.77234,0.87965,0.62809,1.12847,0.91239,1.1434,0.00487675,0.00487675,0.00487675
623,9069.34,1.19575,0.99948,1.15945,0.91468,0.77549,0.87735,0.63029,1.12432,0.91244,1.14099,0.0048685,0.0048685,0.0048685
624,9082.49,1.20492,1.01409,1.16659,0.9044,0.78498,0.87622,0.62803,1.11966,0.91161,1.14076,0.00486025,0.00486025,0.00486025
625,9094.95,1.18535,0.99964,1.15446,0.89303,0.79929,0.87526,0.62898,1.1208,0.91056,1.14077,0.004852,0.004852,0.004852
626,9107.84,1.20513,1.01644,1.15433,0.89351,0.79362,0.87714,0.63062,1.12532,0.91062,1.14553,0.00484375,0.00484375,0.00484375
627,9125.21,1.20173,1.01895,1.1551,0.89307,0.78191,0.87872,0.62917,1.12542,0.9123,1.14591,0.0048355,0.0048355,0.0048355
628,9138.41,1.1702,0.97846,1.13783,0.92067,0.77447,0.87873,0.63053,1.13067,0.9161,1.14848,0.00482725,0.00482725,0.00482725
629,9150.9,1.18235,1.00932,1.16032,0.91936,0.78085,0.87953,0.62973,1.13117,0.91719,1.14804,0.004819,0.004819,0.004819
630,9164.34,1.16813,0.99018,1.14976,0.91988,0.78298,0.87828,0.62909,1.13469,0.92061,1.14663,0.00481075,0.00481075,0.00481075
631,9181.48,1.19999,1.00647,1.16226,0.92457,0.78085,0.87809,0.63209,1.13289,0.91638,1.14312,0.0048025,0.0048025,0.0048025
632,9193.9,1.17808,0.98126,1.14759,0.92862,0.78085,0.87923,0.6315,1.13419,0.91667,1.14546,0.00479425,0.00479425,0.00479425
633,9206.26,1.14792,0.96023,1.13611,0.93364,0.7766,0.87882,0.63399,1.13402,0.91598,1.14607,0.004786,0.004786,0.004786
634,9220.45,1.20362,1.00635,1.15931,0.93112,0.77657,0.8807,0.63232,1.13177,0.91171,1.14245,0.00477775,0.00477775,0.00477775
635,9232.9,1.1826,0.96909,1.15157,0.90582,0.79149,0.88192,0.63557,1.13182,0.90901,1.13953,0.0047695,0.0047695,0.0047695
636,9245.47,1.18002,0.97822,1.14138,0.92262,0.7864,0.88385,0.63546,1.1293,0.90599,1.13802,0.00476125,0.00476125,0.00476125
637,9259.51,1.17049,0.9741,1.14544,0.91998,0.78511,0.88376,0.63491,1.11966,0.89783,1.13342,0.004753,0.004753,0.004753
638,9273.2,1.16539,0.97155,1.1384,0.93102,0.77536,0.88085,0.63883,1.11654,0.8969,1.13191,0.00474475,0.00474475,0.00474475
639,9286.32,1.18251,0.98135,1.14853,0.91615,0.78511,0.88168,0.63701,1.1128,0.89192,1.12835,0.0047365,0.0047365,0.0047365
640,9299.63,1.16452,0.96646,1.13615,0.9276,0.7766,0.88114,0.63686,1.11124,0.89295,1.12959,0.00472825,0.00472825,0.00472825
641,9316.97,1.16932,0.96586,1.13747,0.92542,0.77234,0.88082,0.64178,1.11522,0.89939,1.13175,0.00472,0.00472,0.00472
642,9330,1.15198,0.97527,1.14437,0.93041,0.76811,0.87987,0.63888,1.11649,0.90267,1.13301,0.00471175,0.00471175,0.00471175
643,9342.28,1.17526,0.97528,1.15465,0.93246,0.77021,0.87985,0.63681,1.11816,0.90641,1.13478,0.0047035,0.0047035,0.0047035
644,9356.37,1.168,0.98112,1.15346,0.92817,0.76984,0.8807,0.63601,1.11867,0.90852,1.13556,0.00469525,0.00469525,0.00469525
645,9373,1.15255,0.9591,1.14265,0.93245,0.77447,0.88032,0.63467,1.11567,0.91025,1.13412,0.004687,0.004687,0.004687
646,9385.4,1.17325,0.99192,1.15047,0.92163,0.77566,0.88163,0.63566,1.11836,0.91383,1.13568,0.00467875,0.00467875,0.00467875
647,9397.83,1.1578,0.97608,1.14007,0.92255,0.77872,0.88271,0.6375,1.11662,0.91146,1.13396,0.0046705,0.0046705,0.0046705
648,9412.2,1.17437,0.97751,1.14438,0.92649,0.7777,0.88339,0.63816,1.11361,0.90459,1.13139,0.00466225,0.00466225,0.00466225
649,9428.25,1.14214,0.9547,1.13974,0.93081,0.78298,0.88608,0.63682,1.11095,0.90111,1.13008,0.004654,0.004654,0.004654
650,9440.8,1.15985,0.9603,1.14196,0.92338,0.78511,0.88482,0.63611,1.10907,0.90148,1.12993,0.00464575,0.00464575,0.00464575
651,9453.09,1.1229,0.93155,1.13249,0.93699,0.78298,0.88606,0.63855,1.1078,0.90397,1.12897,0.0046375,0.0046375,0.0046375
652,9466.54,1.17057,0.98441,1.14946,0.93615,0.78085,0.88664,0.63992,1.10516,0.90155,1.12499,0.00462925,0.00462925,0.00462925
653,9478.31,1.14944,0.96639,1.14293,0.93924,0.77872,0.88757,0.64128,1.10046,0.89911,1.12135,0.004621,0.004621,0.004621
654,9491.1,1.1627,0.97366,1.15049,0.9374,0.78511,0.88715,0.64278,1.09999,0.90067,1.12076,0.00461275,0.00461275,0.00461275
655,9506.39,1.15336,0.96583,1.13957,0.94139,0.78598,0.8872,0.6434,1.10328,0.9016,1.12326,0.0046045,0.0046045,0.0046045
656,9522.39,1.14853,0.955,1.14176,0.93828,0.78936,0.88889,0.64413,1.10052,0.89887,1.12195,0.00459625,0.00459625,0.00459625
657,9534.99,1.15665,0.96266,1.13614,0.93321,0.78723,0.8892,0.64524,1.09823,0.90207,1.12234,0.004588,0.004588,0.004588
658,9547.94,1.15255,0.94119,1.14281,0.93971,0.78511,0.88985,0.64726,1.09553,0.90132,1.12232,0.00457975,0.00457975,0.00457975
659,9563.9,1.15594,0.95915,1.13438,0.93684,0.78903,0.89173,0.64891,1.09407,0.8982,1.12286,0.0045715,0.0045715,0.0045715
660,9579.49,1.16412,0.96448,1.1394,0.92962,0.78686,0.8872,0.64819,1.09441,0.89629,1.12261,0.00456325,0.00456325,0.00456325
661,9592.2,1.1396,0.94757,1.13107,0.92512,0.79149,0.88898,0.65075,1.09373,0.8944,1.12312,0.004555,0.004555,0.004555
662,9605.17,1.13482,0.948,1.13009,0.93593,0.777,0.88925,0.64915,1.09113,0.88833,1.12213,0.00454675,0.00454675,0.00454675
663,9620.49,1.14659,0.94356,1.12578,0.94072,0.77662,0.8894,0.64877,1.09179,0.88517,1.12065,0.0045385,0.0045385,0.0045385
664,9633.82,1.14526,0.95773,1.12728,0.94437,0.77234,0.88798,0.65067,1.09176,0.88638,1.12083,0.00453025,0.00453025,0.00453025
665,9647.52,1.11977,0.94705,1.12969,0.9431,0.77591,0.88842,0.65223,1.09022,0.88665,1.12082,0.004522,0.004522,0.004522
666,9663.49,1.12826,0.9402,1.12332,0.93823,0.77234,0.88942,0.65187,1.09054,0.88374,1.1198,0.00451375,0.00451375,0.00451375
667,9677.4,1.12044,0.93418,1.12641,0.94166,0.77234,0.88987,0.65356,1.09044,0.87945,1.11997,0.0045055,0.0045055,0.0045055
668,9690.31,1.16507,0.96796,1.14381,0.93658,0.77021,0.88904,0.65455,1.09021,0.87584,1.12066,0.00449725,0.00449725,0.00449725
669,9704.42,1.14187,0.9561,1.12947,0.93945,0.77447,0.89062,0.6533,1.08983,0.86857,1.11984,0.004489,0.004489,0.004489
670,9720.18,1.14451,0.9505,1.13176,0.95341,0.77234,0.89258,0.65628,1.08835,0.86577,1.11865,0.00448075,0.00448075,0.00448075
671,9732.98,1.18295,0.98526,1.1437,0.94217,0.77872,0.89279,0.65906,1.08777,0.86332,1.11637,0.0044725,0.0044725,0.0044725
672,9745.91,1.13138,0.93136,1.13157,0.95137,0.77872,0.89331,0.65687,1.08644,0.85899,1.11496,0.00446425,0.00446425,0.00446425
673,9763.06,1.13282,0.94132,1.12834,0.94867,0.78085,0.89446,0.65723,1.08574,0.8567,1.1145,0.004456,0.004456,0.004456
674,9776.66,1.11674,0.92031,1.12008,0.95111,0.7766,0.89412,0.65706,1.08222,0.85412,1.11286,0.00444775,0.00444775,0.00444775
675,9788.91,1.12014,0.91981,1.12554,0.93559,0.78723,0.89455,0.65582,1.07978,0.85215,1.11374,0.0044395,0.0044395,0.0044395
676,9801.63,1.12145,0.93184,1.12056,0.92728,0.7868,0.89345,0.65574,1.07716,0.85065,1.11317,0.00443125,0.00443125,0.00443125
677,9819.61,1.12814,0.9093,1.12136,0.93886,0.7766,0.89308,0.65711,1.073,0.85094,1.10998,0.004423,0.004423,0.004423
678,9832.03,1.11981,0.91347,1.12241,0.94354,0.7766,0.89195,0.65533,1.07345,0.85021,1.10992,0.00441475,0.00441475,0.00441475
679,9844.44,1.13816,0.92309,1.11629,0.95304,0.77234,0.89392,0.65631,1.07411,0.85004,1.11108,0.0044065,0.0044065,0.0044065
680,9860.18,1.14799,0.94992,1.12752,0.93821,0.77872,0.89536,0.65613,1.07759,0.8531,1.11246,0.00439825,0.00439825,0.00439825
681,9874.75,1.15193,0.95365,1.1339,0.94634,0.7766,0.89691,0.65678,1.07735,0.8504,1.1129,0.00439,0.00439,0.00439
682,9887.31,1.13664,0.93233,1.12537,0.94916,0.78085,0.89772,0.65987,1.07579,0.84818,1.11175,0.00438175,0.00438175,0.00438175
683,9900.58,1.14259,0.96041,1.12952,0.95076,0.7766,0.89821,0.6604,1.07321,0.84673,1.11168,0.0043735,0.0043735,0.0043735
684,9918.26,1.15508,0.95101,1.13126,0.94108,0.78723,0.89793,0.65967,1.06975,0.84633,1.11065,0.00436525,0.00436525,0.00436525
685,9930.87,1.11713,0.9113,1.11938,0.95337,0.78309,0.89764,0.65982,1.06809,0.84532,1.11111,0.004357,0.004357,0.004357
686,9943.22,1.11157,0.9216,1.11111,0.95382,0.78085,0.89635,0.65673,1.06797,0.84645,1.11206,0.00434875,0.00434875,0.00434875
687,9958.21,1.13605,0.93622,1.1162,0.95803,0.77702,0.89772,0.65882,1.06958,0.84986,1.11238,0.0043405,0.0043405,0.0043405
688,9974.85,1.12829,0.92726,1.11988,0.94848,0.78511,0.8984,0.66012,1.07031,0.85126,1.11283,0.00433225,0.00433225,0.00433225
689,9987.28,1.10691,0.89788,1.11482,0.92299,0.79787,0.89927,0.65963,1.06878,0.8483,1.11301,0.004324,0.004324,0.004324
690,9999.75,1.12092,0.93848,1.12204,0.94513,0.78511,0.89866,0.6585,1.06852,0.84869,1.11224,0.00431575,0.00431575,0.00431575
691,10016.5,1.11877,0.92596,1.10968,0.94435,0.77872,0.89685,0.65785,1.06785,0.84992,1.11238,0.0043075,0.0043075,0.0043075
692,10029.3,1.11456,0.92456,1.11441,0.94875,0.7878,0.90014,0.65881,1.06675,0.85081,1.11097,0.00429925,0.00429925,0.00429925
693,10041.7,1.12651,0.93076,1.12421,0.94735,0.78511,0.89746,0.66055,1.06563,0.85295,1.11049,0.004291,0.004291,0.004291
694,10056,1.08038,0.89777,1.10729,0.95297,0.78085,0.8963,0.65736,1.06903,0.85378,1.11145,0.00428275,0.00428275,0.00428275
695,10071.7,1.1052,0.89948,1.10657,0.96181,0.78298,0.8967,0.65577,1.07408,0.85202,1.11392,0.0042745,0.0042745,0.0042745
696,10084.3,1.10843,0.91238,1.112,0.94803,0.78723,0.89685,0.65599,1.07552,0.85286,1.11362,0.00426625,0.00426625,0.00426625
697,10096.9,1.13731,0.94634,1.11532,0.9511,0.78634,0.89489,0.65715,1.07652,0.85387,1.11401,0.004258,0.004258,0.004258
698,10114.4,1.11814,0.90888,1.11761,0.93496,0.79517,0.89615,0.65719,1.07608,0.85456,1.1134,0.00424975,0.00424975,0.00424975
699,10127.9,1.10933,0.90731,1.11544,0.93918,0.78856,0.89641,0.65688,1.07377,0.85389,1.11233,0.0042415,0.0042415,0.0042415
700,10140.4,1.09809,0.89043,1.103,0.94876,0.78793,0.89859,0.65692,1.07277,0.85381,1.11105,0.00423325,0.00423325,0.00423325
701,10153.7,1.12302,0.91126,1.11153,0.93946,0.79574,0.89764,0.65474,1.07121,0.85407,1.10846,0.004225,0.004225,0.004225
702,10171.6,1.11131,0.91037,1.11367,0.94685,0.79603,0.89749,0.65718,1.0698,0.85239,1.10795,0.00421675,0.00421675,0.00421675
703,10183.9,1.08828,0.89667,1.10629,0.94638,0.79362,0.89875,0.65612,1.07111,0.85195,1.10858,0.0042085,0.0042085,0.0042085
704,10196,1.11305,0.91654,1.11372,0.9466,0.792,0.90013,0.65762,1.07306,0.85128,1.10896,0.00420025,0.00420025,0.00420025
705,10210.2,1.09231,0.89036,1.10622,0.96072,0.78059,0.8991,0.65609,1.07259,0.85092,1.10848,0.004192,0.004192,0.004192
706,10227.2,1.0925,0.88781,1.10036,0.95586,0.78321,0.89913,0.65588,1.07205,0.8484,1.10732,0.00418375,0.00418375,0.00418375
707,10239.6,1.08678,0.88729,1.10485,0.94661,0.79222,0.89901,0.6547,1.07058,0.84535,1.10548,0.0041755,0.0041755,0.0041755
708,10252.1,1.12247,0.9174,1.12463,0.94693,0.78936,0.89885,0.65582,1.07053,0.84606,1.10611,0.00416725,0.00416725,0.00416725
709,10268.9,1.09639,0.90059,1.11543,0.93885,0.784,0.89822,0.65663,1.07073,0.8488,1.10772,0.004159,0.004159,0.004159
710,10282.2,1.11711,0.92283,1.12135,0.93602,0.79149,0.89909,0.65845,1.06822,0.84554,1.1074,0.00415075,0.00415075,0.00415075
711,10294.6,1.08532,0.90674,1.10148,0.92544,0.8,0.90334,0.66009,1.06472,0.84135,1.10602,0.0041425,0.0041425,0.0041425
712,10310.4,1.0964,0.89021,1.09934,0.92889,0.79787,0.90508,0.66143,1.0617,0.8383,1.10564,0.00413425,0.00413425,0.00413425
713,10326.1,1.10732,0.90777,1.11529,0.92626,0.80183,0.90393,0.66092,1.06089,0.83765,1.10466,0.004126,0.004126,0.004126
714,10338.4,1.08383,0.89166,1.10587,0.93316,0.80213,0.90384,0.66161,1.05995,0.83828,1.105,0.00411775,0.00411775,0.00411775
715,10351.7,1.10191,0.8953,1.10719,0.94289,0.78936,0.90291,0.6622,1.05675,0.83825,1.10471,0.0041095,0.0041095,0.0041095
716,10368.3,1.09336,0.90044,1.11084,0.9462,0.78582,0.90242,0.66323,1.05403,0.83592,1.1033,0.00410125,0.00410125,0.00410125
717,10382.2,1.08162,0.87466,1.10409,0.92207,0.80213,0.89965,0.66482,1.05316,0.83381,1.10208,0.004093,0.004093,0.004093
718,10395,1.09321,0.89199,1.10285,0.92591,0.80638,0.9011,0.66608,1.05213,0.83272,1.10183,0.00408475,0.00408475,0.00408475
719,10410.5,1.09342,0.88985,1.10614,0.92683,0.8,0.90178,0.66466,1.05059,0.82858,1.10184,0.0040765,0.0040765,0.0040765
720,10425.7,1.10905,0.90605,1.11367,0.92223,0.80638,0.90241,0.66475,1.04976,0.8278,1.10171,0.00406825,0.00406825,0.00406825
721,10438.2,1.10502,0.90812,1.10377,0.91999,0.80734,0.90297,0.66535,1.04701,0.82817,1.10022,0.00406,0.00406,0.00406
722,10451.4,1.0806,0.88729,1.09901,0.91517,0.81064,0.90345,0.66611,1.04493,0.83069,1.09907,0.00405175,0.00405175,0.00405175
723,10467,1.08151,0.8829,1.09857,0.91197,0.81555,0.90329,0.6666,1.04718,0.83411,1.09979,0.0040435,0.0040435,0.0040435
724,10481,1.07378,0.86336,1.09709,0.91441,0.81489,0.90787,0.66726,1.04651,0.83377,1.09934,0.00403525,0.00403525,0.00403525
725,10494,1.0934,0.89277,1.0962,0.91615,0.81364,0.9079,0.66858,1.04468,0.83206,1.09871,0.004027,0.004027,0.004027
726,10510.1,1.0699,0.87841,1.09894,0.91223,0.81817,0.90808,0.6707,1.04351,0.8328,1.098,0.00401875,0.00401875,0.00401875
727,10526.2,1.08599,0.89481,1.09969,0.91173,0.81311,0.90775,0.66922,1.04212,0.83379,1.09722,0.0040105,0.0040105,0.0040105
728,10538.7,1.08195,0.88199,1.09785,0.91396,0.81064,0.90886,0.66795,1.0432,0.83429,1.09638,0.00400225,0.00400225,0.00400225
729,10551.4,1.0902,0.88783,1.10847,0.91239,0.81982,0.90906,0.67041,1.04353,0.83326,1.09524,0.003994,0.003994,0.003994
730,10567.1,1.07206,0.87385,1.08812,0.91444,0.81858,0.90957,0.67222,1.0426,0.83063,1.09567,0.00398575,0.00398575,0.00398575
731,10581.5,1.08847,0.88375,1.10236,0.91275,0.82128,0.90865,0.66991,1.04363,0.83152,1.09527,0.0039775,0.0039775,0.0039775
732,10593.8,1.07594,0.86021,1.09829,0.8935,0.83404,0.90917,0.6696,1.04444,0.83047,1.09448,0.00396925,0.00396925,0.00396925
733,10607.7,1.07021,0.87485,1.09363,0.89847,0.83191,0.91037,0.67291,1.04341,0.83034,1.09303,0.003961,0.003961,0.003961
734,10624,1.07364,0.86331,1.08682,0.89889,0.83231,0.91122,0.67296,1.04247,0.8268,1.09251,0.00395275,0.00395275,0.00395275
735,10636.9,1.05212,0.85334,1.08602,0.89451,0.82979,0.91141,0.67518,1.04065,0.82406,1.09105,0.0039445,0.0039445,0.0039445
736,10650.4,1.06658,0.85067,1.08811,0.88407,0.83617,0.90922,0.67462,1.03959,0.8219,1.08999,0.00393625,0.00393625,0.00393625
737,10666.7,1.06897,0.8608,1.09159,0.90081,0.83091,0.91219,0.6764,1.03745,0.82058,1.08871,0.003928,0.003928,0.003928
738,10681.1,1.05497,0.85246,1.08638,0.90462,0.82733,0.91362,0.67909,1.03532,0.8203,1.08731,0.00391975,0.00391975,0.00391975
739,10693.8,1.07252,0.85349,1.08928,0.9081,0.83191,0.91438,0.67824,1.03488,0.81694,1.08606,0.0039115,0.0039115,0.0039115
740,10707.5,1.06517,0.87799,1.09312,0.9133,0.83617,0.91513,0.67813,1.03336,0.81262,1.08469,0.00390325,0.00390325,0.00390325
741,10724.6,1.07328,0.85943,1.0945,0.91739,0.83404,0.91541,0.68002,1.03207,0.81094,1.08408,0.003895,0.003895,0.003895
742,10737.5,1.06241,0.84347,1.09683,0.91546,0.83404,0.91392,0.67861,1.03226,0.81068,1.08316,0.00388675,0.00388675,0.00388675
743,10749.8,1.07042,0.8812,1.09638,0.91608,0.83616,0.91497,0.68,1.02896,0.80754,1.08254,0.0038785,0.0038785,0.0038785
744,10765.6,1.06123,0.84997,1.0991,0.91339,0.83617,0.91554,0.68026,1.02936,0.80862,1.08239,0.00387025,0.00387025,0.00387025
745,10780,1.07145,0.86928,1.09404,0.91003,0.83934,0.91495,0.67884,1.03082,0.80961,1.08307,0.003862,0.003862,0.003862
746,10792.3,1.07992,0.86739,1.09101,0.91087,0.83617,0.91511,0.67885,1.03133,0.80847,1.08371,0.00385375,0.00385375,0.00385375
747,10805.4,1.05669,0.87325,1.08662,0.91663,0.83404,0.91654,0.6788,1.02847,0.80849,1.08363,0.0038455,0.0038455,0.0038455
748,10822.3,1.04978,0.84991,1.07981,0.91316,0.83617,0.91613,0.68209,1.02635,0.80697,1.08334,0.00383725,0.00383725,0.00383725
749,10835.6,1.03552,0.84722,1.08671,0.91387,0.83532,0.91733,0.68216,1.0252,0.80464,1.08394,0.003829,0.003829,0.003829
750,10848.5,1.07097,0.86856,1.09576,0.90408,0.84225,0.91752,0.68327,1.02323,0.80047,1.08375,0.00382075,0.00382075,0.00382075
751,10864.7,1.06346,0.87072,1.08834,0.91202,0.84255,0.91782,0.68166,1.02136,0.79976,1.08363,0.0038125,0.0038125,0.0038125
752,10878.9,1.07012,0.87358,1.08783,0.90442,0.84557,0.91819,0.68129,1.02041,0.79794,1.08383,0.00380425,0.00380425,0.00380425
753,10891.4,1.05492,0.85808,1.08317,0.9047,0.84255,0.91796,0.6848,1.01922,0.79618,1.08327,0.003796,0.003796,0.003796
754,10905,1.05912,0.86288,1.08652,0.90331,0.84681,0.91898,0.68574,1.01938,0.79502,1.08412,0.00378775,0.00378775,0.00378775
755,10922.4,1.05338,0.84672,1.09092,0.9065,0.84575,0.91911,0.68427,1.01968,0.79429,1.0843,0.0037795,0.0037795,0.0037795
756,10935.6,1.05055,0.85151,1.08255,0.90453,0.84666,0.91987,0.68431,1.01829,0.7915,1.08364,0.00377125,0.00377125,0.00377125
757,10948.5,1.03796,0.84138,1.08027,0.90307,0.84255,0.91881,0.68722,1.01811,0.79107,1.08381,0.003763,0.003763,0.003763
758,10964.1,1.05566,0.85556,1.08214,0.90896,0.84681,0.91977,0.69013,1.01825,0.79186,1.08503,0.00375475,0.00375475,0.00375475
759,10979.1,1.04693,0.83602,1.08229,0.90527,0.84681,0.9199,0.68997,1.01615,0.79092,1.08389,0.0037465,0.0037465,0.0037465
760,10991.7,1.05975,0.85297,1.0845,0.90002,0.85106,0.92046,0.68828,1.01579,0.79058,1.08305,0.00373825,0.00373825,0.00373825
761,11004.9,1.0361,0.83451,1.07088,0.90718,0.85254,0.92098,0.68824,1.01664,0.79156,1.08264,0.00373,0.00373,0.00373
762,11021.1,1.0477,0.84125,1.08385,0.90306,0.85226,0.91937,0.68624,1.01646,0.79297,1.08274,0.00372175,0.00372175,0.00372175
763,11035.4,1.05231,0.85103,1.08126,0.90227,0.85106,0.91963,0.68681,1.01802,0.79416,1.08393,0.0037135,0.0037135,0.0037135
764,11048,1.05154,0.843,1.09025,0.90997,0.84681,0.91975,0.68767,1.01827,0.79517,1.08325,0.00370525,0.00370525,0.00370525
765,11061.8,1.04495,0.84727,1.07688,0.92066,0.8234,0.92072,0.68539,1.01976,0.79509,1.08479,0.003697,0.003697,0.003697
766,11077.7,1.03414,0.83306,1.07636,0.92166,0.82599,0.92124,0.68512,1.02106,0.79483,1.08477,0.00368875,0.00368875,0.00368875
767,11093.6,1.04138,0.83788,1.07288,0.95274,0.80213,0.91955,0.68518,1.02134,0.79299,1.08491,0.0036805,0.0036805,0.0036805
768,11111.5,1.03594,0.82985,1.07085,0.94516,0.81277,0.91969,0.6854,1.02173,0.79319,1.08398,0.00367225,0.00367225,0.00367225
769,11126.4,1.03628,0.83897,1.0702,0.95328,0.80213,0.91963,0.68612,1.02098,0.79364,1.08417,0.003664,0.003664,0.003664
770,11144.9,1.04511,0.83095,1.08518,0.95308,0.80213,0.91979,0.68687,1.0193,0.79185,1.08408,0.00365575,0.00365575,0.00365575
771,11163.4,1.04547,0.85674,1.08028,0.95696,0.8042,0.91964,0.68873,1.02049,0.79016,1.08387,0.0036475,0.0036475,0.0036475
772,11180,1.05788,0.87711,1.0871,0.95936,0.80371,0.91969,0.6874,1.01894,0.79058,1.08224,0.00363925,0.00363925,0.00363925
773,11193.6,1.03603,0.83582,1.0787,0.94332,0.81489,0.91896,0.68815,1.01828,0.79024,1.08176,0.003631,0.003631,0.003631
774,11206.1,1.03749,0.83024,1.07551,0.93115,0.82553,0.91984,0.69077,1.01849,0.78965,1.08321,0.00362275,0.00362275,0.00362275
775,11219.5,1.03987,0.84631,1.07943,0.92915,0.82553,0.92033,0.69116,1.01835,0.78786,1.08229,0.0036145,0.0036145,0.0036145
776,11238.9,1.0421,0.8519,1.08275,0.93236,0.8234,0.91984,0.68951,1.01934,0.78831,1.08189,0.00360625,0.00360625,0.00360625
777,11255.8,1.01574,0.8302,1.07199,0.93652,0.8234,0.91989,0.68842,1.01985,0.78652,1.08161,0.003598,0.003598,0.003598
778,11271.1,1.04843,0.85136,1.08064,0.93071,0.82553,0.92046,0.68842,1.0195,0.78535,1.07968,0.00358975,0.00358975,0.00358975
779,11285.5,1.03144,0.83168,1.06993,0.92,0.83192,0.92016,0.68989,1.01941,0.78489,1.07905,0.0035815,0.0035815,0.0035815
780,11298.8,1.02875,0.82271,1.0764,0.92384,0.82979,0.92078,0.69033,1.01837,0.78479,1.07879,0.00357325,0.00357325,0.00357325
781,11312.6,1.044,0.8345,1.08778,0.92252,0.83596,0.92112,0.69056,1.01685,0.78403,1.07788,0.003565,0.003565,0.003565
782,11330.4,1.01666,0.82717,1.07454,0.92444,0.833,0.92066,0.6906,1.01539,0.78484,1.07656,0.00355675,0.00355675,0.00355675
783,11347.3,1.03872,0.83508,1.07402,0.92896,0.82553,0.92063,0.6886,1.01544,0.783,1.07603,0.0035485,0.0035485,0.0035485
784,11362.5,1.02339,0.81596,1.0684,0.9335,0.82553,0.92068,0.68871,1.01479,0.78117,1.07589,0.00354025,0.00354025,0.00354025
785,11377.8,1.03008,0.84307,1.0712,0.93233,0.82553,0.92023,0.68854,1.01378,0.78002,1.07511,0.003532,0.003532,0.003532
786,11390.3,1.02349,0.83993,1.06658,0.93774,0.82766,0.92257,0.68921,1.01133,0.77943,1.07415,0.00352375,0.00352375,0.00352375
787,11402.5,1.03835,0.83178,1.06788,0.92211,0.84043,0.92265,0.68956,1.01076,0.77956,1.07361,0.0035155,0.0035155,0.0035155
788,11417.3,1.01993,0.82556,1.06917,0.93532,0.83078,0.92234,0.69057,1.00941,0.77849,1.07293,0.00350725,0.00350725,0.00350725
789,11436,1.02947,0.82992,1.069,0.95769,0.81865,0.92287,0.69085,1.0081,0.77727,1.0722,0.003499,0.003499,0.003499
790,11453.1,1.03196,0.83202,1.06991,0.95794,0.82383,0.92387,0.6927,1.00692,0.77592,1.07188,0.00349075,0.00349075,0.00349075
791,11467.9,0.99789,0.79977,1.06129,0.95796,0.82419,0.92378,0.69283,1.00591,0.77486,1.07225,0.0034825,0.0034825,0.0034825
792,11480.6,1.02243,0.84575,1.07087,0.95093,0.82464,0.92332,0.6942,1.00511,0.77279,1.07235,0.00347425,0.00347425,0.00347425
793,11494.5,1.02232,0.81526,1.06649,0.95581,0.82128,0.92353,0.69465,1.00397,0.77216,1.07217,0.003466,0.003466,0.003466
794,11512.9,1.02437,0.80717,1.06944,0.95566,0.82535,0.92353,0.69293,1.00345,0.77171,1.0726,0.00345775,0.00345775,0.00345775
795,11529.3,1.02997,0.82741,1.07499,0.93247,0.8383,0.9237,0.69419,1.00196,0.77009,1.07207,0.0034495,0.0034495,0.0034495
796,11544.1,1.01344,0.82252,1.06548,0.92736,0.83617,0.92328,0.69464,1.0008,0.76934,1.07176,0.00344125,0.00344125,0.00344125
797,11558.6,1.02553,0.82222,1.08322,0.92798,0.83617,0.92403,0.6941,0.99891,0.7688,1.07047,0.003433,0.003433,0.003433
798,11571.7,1.01607,0.81405,1.06756,0.92993,0.83617,0.92477,0.69564,0.99875,0.76673,1.07092,0.00342475,0.00342475,0.00342475
799,11585.2,1.01519,0.82338,1.07328,0.93525,0.83404,0.92504,0.69584,0.99842,0.76544,1.07073,0.0034165,0.0034165,0.0034165
800,11602,1.01934,0.82758,1.06783,0.93141,0.83789,0.92492,0.69478,0.99698,0.76424,1.07026,0.00340825,0.00340825,0.00340825
801,11621.6,1.04921,0.83934,1.0898,0.92767,0.83191,0.92475,0.69515,0.99585,0.76337,1.07013,0.0034,0.0034,0.0034
802,11637.3,0.98967,0.78549,1.05657,0.93009,0.82766,0.92263,0.6946,0.99503,0.76299,1.06986,0.00339175,0.00339175,0.00339175
803,11650.6,1.01432,0.82047,1.05819,0.93074,0.82913,0.92282,0.69517,0.99331,0.76248,1.06905,0.0033835,0.0033835,0.0033835
804,11663.1,1.02161,0.8342,1.07343,0.93113,0.83421,0.92483,0.69685,0.99141,0.76172,1.06748,0.00337525,0.00337525,0.00337525
805,11677.9,0.99769,0.80524,1.05576,0.92676,0.83463,0.92508,0.69651,0.99007,0.76004,1.06612,0.003367,0.003367,0.003367
806,11695.1,1.00647,0.80234,1.05822,0.93377,0.83191,0.92555,0.69709,0.98997,0.76043,1.06573,0.00335875,0.00335875,0.00335875
807,11712.9,1.01418,0.82542,1.06955,0.94218,0.83209,0.926,0.69797,0.98999,0.76019,1.06536,0.0033505,0.0033505,0.0033505
808,11729.8,1.01046,0.81171,1.06084,0.9529,0.82553,0.9258,0.69789,0.98935,0.75962,1.06467,0.00334225,0.00334225,0.00334225
809,11744,1.0178,0.82132,1.06998,0.94873,0.82681,0.9258,0.69728,0.98905,0.75903,1.06443,0.003334,0.003334,0.003334
810,11756.5,0.99575,0.79278,1.06239,0.94616,0.8226,0.92574,0.69706,0.98853,0.75864,1.06403,0.00332575,0.00332575,0.00332575
811,11769.7,1.01984,0.82444,1.07348,0.94461,0.8234,0.92604,0.69874,0.98814,0.75874,1.06385,0.0033175,0.0033175,0.0033175
812,11786.7,0.99758,0.80145,1.06496,0.94829,0.8234,0.92682,0.69855,0.98718,0.75908,1.06387,0.00330925,0.00330925,0.00330925
813,11806,1.00652,0.80845,1.05907,0.94993,0.82128,0.92693,0.69859,0.98697,0.7599,1.06415,0.003301,0.003301,0.003301
814,11821.5,1.00009,0.80639,1.05608,0.94984,0.81915,0.92677,0.69922,0.98712,0.76023,1.06501,0.00329275,0.00329275,0.00329275
815,11834.7,1.0046,0.79868,1.06321,0.9485,0.81915,0.92663,0.69871,0.98676,0.76018,1.06502,0.0032845,0.0032845,0.0032845
816,11847.6,1.01601,0.82882,1.06529,0.94686,0.81915,0.92621,0.69949,0.9863,0.76118,1.06473,0.00327625,0.00327625,0.00327625
817,11863.9,1.00087,0.81011,1.06063,0.9207,0.84043,0.92654,0.69896,0.98704,0.76135,1.06463,0.003268,0.003268,0.003268
818,11880.6,1.01548,0.80672,1.06695,0.91888,0.84355,0.92658,0.70006,0.98815,0.7612,1.06546,0.00325975,0.00325975,0.00325975
819,11897.6,1.0325,0.83884,1.06897,0.91915,0.84663,0.92649,0.70031,0.98793,0.76091,1.06492,0.0032515,0.0032515,0.0032515
820,11915,1.01377,0.81859,1.06562,0.91269,0.85106,0.92657,0.70002,0.98763,0.76053,1.06445,0.00324325,0.00324325,0.00324325
821,11927.9,0.99953,0.80474,1.06107,0.94907,0.81702,0.92637,0.69984,0.98798,0.75939,1.06403,0.003235,0.003235,0.003235
822,11940.5,0.98693,0.78112,1.04882,0.95033,0.81702,0.92637,0.69993,0.98687,0.75845,1.06187,0.00322675,0.00322675,0.00322675
823,11954.9,1.00942,0.8108,1.06581,0.95513,0.81528,0.92645,0.70018,0.98683,0.75774,1.06143,0.0032185,0.0032185,0.0032185
824,11973.1,1.00154,0.79587,1.0534,0.96126,0.81277,0.92685,0.70125,0.98665,0.75708,1.06167,0.00321025,0.00321025,0.00321025
825,11991.2,1.00244,0.81882,1.06404,0.90459,0.8617,0.92671,0.7017,0.98601,0.75596,1.05985,0.003202,0.003202,0.003202
826,12006,0.99793,0.79567,1.05736,0.90183,0.8617,0.92674,0.70191,0.98679,0.75435,1.05932,0.00319375,0.00319375,0.00319375
827,12018.9,0.99056,0.78353,1.05205,0.90179,0.86383,0.92668,0.70322,0.98706,0.75239,1.05882,0.0031855,0.0031855,0.0031855
828,12032.4,1.01385,0.81891,1.06775,0.90199,0.86155,0.9273,0.70231,0.98694,0.75099,1.05836,0.00317725,0.00317725,0.00317725
829,12048.7,1.01062,0.80766,1.05468,0.94178,0.82604,0.92938,0.70334,0.98693,0.75028,1.05764,0.003169,0.003169,0.003169
830,12066.3,0.9894,0.79292,1.05074,0.91091,0.85532,0.92975,0.70477,0.98607,0.75045,1.05679,0.00316075,0.00316075,0.00316075
831,12082.9,0.98916,0.79102,1.04785,0.91165,0.85619,0.92962,0.70512,0.98692,0.75148,1.0566,0.0031525,0.0031525,0.0031525
832,12099.4,0.99287,0.79496,1.05267,0.91373,0.85632,0.92955,0.70431,0.98703,0.75191,1.05646,0.00314425,0.00314425,0.00314425
833,12112,0.97708,0.77979,1.05663,0.94869,0.82608,0.92954,0.70532,0.98641,0.75126,1.05568,0.003136,0.003136,0.003136
834,12125.1,0.99454,0.78759,1.05637,0.94872,0.82668,0.92979,0.70447,0.98641,0.75004,1.05557,0.00312775,0.00312775,0.00312775
835,12140.8,0.97756,0.79131,1.05217,0.95102,0.82615,0.93014,0.70488,0.9859,0.74926,1.05527,0.0031195,0.0031195,0.0031195
836,12160.9,0.97327,0.76998,1.04204,0.95157,0.82553,0.93008,0.70443,0.98509,0.74834,1.05464,0.00311125,0.00311125,0.00311125
837,12176.6,0.98037,0.77478,1.0446,0.93325,0.83191,0.92979,0.70383,0.98506,0.74755,1.05414,0.003103,0.003103,0.003103
838,12189.3,0.99047,0.78383,1.04982,0.91328,0.85144,0.92967,0.70403,0.98524,0.74724,1.05413,0.00309475,0.00309475,0.00309475
839,12201.7,0.97229,0.78428,1.04935,0.93649,0.82979,0.93026,0.7042,0.98487,0.74626,1.05365,0.0030865,0.0030865,0.0030865
840,12215.9,0.96776,0.77362,1.05563,0.93528,0.83024,0.93,0.70403,0.98426,0.74605,1.05274,0.00307825,0.00307825,0.00307825
841,12232.8,0.97058,0.77785,1.05244,0.93538,0.83148,0.93041,0.7042,0.98382,0.74549,1.05216,0.00307,0.00307,0.00307
842,12249.7,0.97487,0.79197,1.05718,0.9354,0.83183,0.93061,0.70435,0.9831,0.74539,1.05151,0.00306175,0.00306175,0.00306175
843,12265,0.98956,0.79305,1.04763,0.93548,0.83292,0.93024,0.7067,0.98292,0.74538,1.05142,0.0030535,0.0030535,0.0030535
844,12280.6,0.99322,0.79011,1.05816,0.93778,0.83379,0.92891,0.7067,0.98263,0.74543,1.0512,0.00304525,0.00304525,0.00304525
845,12293.4,0.98829,0.79339,1.04513,0.93368,0.82979,0.92821,0.706,0.98317,0.74528,1.05122,0.003037,0.003037,0.003037
846,12305.9,0.97243,0.77697,1.0495,0.93345,0.83563,0.92821,0.70622,0.98389,0.74494,1.05146,0.00302875,0.00302875,0.00302875
847,12320.9,0.97386,0.77815,1.0433,0.93287,0.84043,0.92832,0.70536,0.98434,0.74548,1.05161,0.0030205,0.0030205,0.0030205
848,12340.9,0.96323,0.76322,1.04893,0.93066,0.84043,0.92818,0.70524,0.98362,0.74627,1.05134,0.00301225,0.00301225,0.00301225
849,12356.7,0.96509,0.76942,1.0366,0.92946,0.84106,0.92812,0.70641,0.98359,0.74559,1.05175,0.003004,0.003004,0.003004
850,12370.9,0.97241,0.75826,1.04005,0.93206,0.84649,0.92885,0.70734,0.98255,0.74478,1.05154,0.00299575,0.00299575,0.00299575
851,12383.8,0.98245,0.77503,1.05443,0.92443,0.85319,0.92911,0.70861,0.98219,0.74424,1.05265,0.0029875,0.0029875,0.0029875
852,12397.9,0.99272,0.78173,1.04248,0.92415,0.85551,0.92907,0.7082,0.98129,0.7451,1.052,0.00297925,0.00297925,0.00297925
853,12413.4,0.97271,0.77633,1.05014,0.92404,0.85408,0.92887,0.70953,0.98133,0.74567,1.05193,0.002971,0.002971,0.002971
854,12431,0.96465,0.76831,1.04019,0.9243,0.85727,0.92897,0.70962,0.98121,0.74734,1.05025,0.00296275,0.00296275,0.00296275
855,12448.8,0.94384,0.75084,1.0408,0.92157,0.85745,0.92896,0.70801,0.98127,0.74813,1.05001,0.0029545,0.0029545,0.0029545
856,12464.3,0.97582,0.78612,1.042,0.92197,0.85473,0.92899,0.7076,0.98069,0.74772,1.04961,0.00294625,0.00294625,0.00294625
857,12477,0.97656,0.77442,1.0458,0.92372,0.85023,0.92923,0.70859,0.97983,0.7478,1.049,0.002938,0.002938,0.002938
858,12489.6,0.96286,0.77193,1.0446,0.92432,0.84894,0.92896,0.7079,0.97997,0.74775,1.04864,0.00292975,0.00292975,0.00292975
859,12504.5,0.9577,0.75406,1.04035,0.92785,0.84816,0.92826,0.70763,0.9803,0.74681,1.04884,0.0029215,0.0029215,0.0029215
860,12523.8,0.97482,0.77192,1.04649,0.93434,0.84781,0.92788,0.7084,0.97986,0.74654,1.04867,0.00291325,0.00291325,0.00291325
861,12539.5,0.96292,0.76443,1.04219,0.93867,0.84671,0.92842,0.7089,0.97996,0.74621,1.0485,0.002905,0.002905,0.002905
862,12553.9,0.97715,0.77386,1.0378,0.94084,0.84598,0.92871,0.7086,0.98068,0.74574,1.0485,0.00289675,0.00289675,0.00289675
863,12566.8,0.95097,0.76107,1.04175,0.93637,0.84544,0.92829,0.70838,0.98096,0.74614,1.0488,0.0028885,0.0028885,0.0028885
864,12580.4,0.96149,0.77049,1.04215,0.93635,0.84506,0.92834,0.70893,0.98084,0.74585,1.0493,0.00288025,0.00288025,0.00288025
865,12595.2,0.96764,0.76477,1.04802,0.94073,0.84422,0.92844,0.70841,0.98018,0.74462,1.04875,0.002872,0.002872,0.002872
866,12612.4,0.97041,0.76782,1.04856,0.94058,0.84198,0.92884,0.70836,0.98036,0.74348,1.04867,0.00286375,0.00286375,0.00286375
867,12629.8,0.94618,0.74568,1.0427,0.94276,0.84103,0.9289,0.70913,0.98067,0.74422,1.04861,0.0028555,0.0028555,0.0028555
868,12645.9,0.94895,0.75804,1.0382,0.945,0.84043,0.92909,0.71048,0.98064,0.74433,1.04885,0.00284725,0.00284725,0.00284725
869,12659,0.95618,0.75521,1.0397,0.94291,0.84043,0.92877,0.71053,0.98056,0.74385,1.04893,0.002839,0.002839,0.002839
870,12671.8,0.96817,0.77221,1.04286,0.94633,0.84043,0.93133,0.7119,0.98081,0.74363,1.04908,0.00283075,0.00283075,0.00283075
871,12687.7,0.95056,0.75712,1.0423,0.94673,0.84043,0.93144,0.71264,0.98046,0.74354,1.04924,0.0028225,0.0028225,0.0028225
872,12707.4,0.96024,0.76673,1.04807,0.94641,0.84043,0.93152,0.71196,0.98125,0.74319,1.04927,0.00281425,0.00281425,0.00281425
873,12723.9,0.95118,0.75724,1.04365,0.94548,0.84255,0.93155,0.71247,0.98116,0.74291,1.04931,0.002806,0.002806,0.002806
874,12738.6,0.9738,0.76699,1.05006,0.94751,0.84487,0.92853,0.71114,0.98185,0.74271,1.04977,0.00279775,0.00279775,0.00279775
875,12751.9,0.94769,0.75142,1.03733,0.94741,0.84327,0.9285,0.70975,0.98155,0.7422,1.05023,0.0027895,0.0027895,0.0027895
876,12765,0.96209,0.77658,1.04048,0.9475,0.84484,0.92872,0.70903,0.98067,0.74159,1.05002,0.00278125,0.00278125,0.00278125
877,12779.4,0.97707,0.77064,1.04686,0.94701,0.84468,0.92897,0.70866,0.98058,0.74027,1.04969,0.002773,0.002773,0.002773
878,12795.9,0.96458,0.76228,1.03405,0.94528,0.84537,0.9292,0.70944,0.98021,0.73857,1.05003,0.00276475,0.00276475,0.00276475
879,12814.9,0.96859,0.77927,1.0467,0.94573,0.84681,0.93179,0.71004,0.97972,0.73789,1.04987,0.0027565,0.0027565,0.0027565
880,12830.1,0.97623,0.76786,1.04071,0.9456,0.85059,0.93171,0.71114,0.97954,0.73774,1.04998,0.00274825,0.00274825,0.00274825
881,12842.6,0.96981,0.77416,1.04223,0.94549,0.84879,0.93162,0.71097,0.97868,0.73744,1.0499,0.00274,0.00274,0.00274
882,12855,0.9456,0.76564,1.03824,0.94548,0.84864,0.9317,0.71144,0.97865,0.73656,1.04999,0.00273175,0.00273175,0.00273175
883,12870.2,0.95903,0.76275,1.04229,0.94443,0.84681,0.93171,0.71265,0.97829,0.7358,1.0501,0.0027235,0.0027235,0.0027235
884,12889.2,0.95542,0.75722,1.03233,0.94319,0.84775,0.9323,0.7118,0.97854,0.73655,1.05001,0.00271525,0.00271525,0.00271525
885,12905.9,0.97123,0.77902,1.03779,0.94319,0.84786,0.93247,0.71145,0.97901,0.73738,1.04952,0.002707,0.002707,0.002707
886,12920.7,0.96272,0.75571,1.03852,0.94305,0.84558,0.93348,0.71221,0.97862,0.73668,1.04937,0.00269875,0.00269875,0.00269875
887,12934.4,0.94169,0.73792,1.02985,0.94367,0.84468,0.93483,0.71292,0.97761,0.73627,1.0492,0.0026905,0.0026905,0.0026905
888,12947.8,0.95037,0.75861,1.02514,0.9448,0.84468,0.93454,0.71352,0.97693,0.73504,1.04891,0.00268225,0.00268225,0.00268225
889,12962.3,0.96363,0.76584,1.03718,0.94523,0.84457,0.93435,0.71286,0.97631,0.73371,1.04858,0.002674,0.002674,0.002674
890,12978.8,0.95254,0.75259,1.03593,0.9476,0.84643,0.93448,0.71208,0.97581,0.73308,1.04842,0.00266575,0.00266575,0.00266575
891,12998.1,0.94948,0.76333,1.03419,0.94941,0.84894,0.93562,0.71218,0.97542,0.73245,1.04836,0.0026575,0.0026575,0.0026575
892,13013.5,0.93941,0.75115,1.0325,0.94561,0.85077,0.93609,0.71313,0.97511,0.73237,1.04926,0.00264925,0.00264925,0.00264925
893,13025.9,0.94402,0.74118,1.02999,0.9456,0.85069,0.93643,0.71406,0.97493,0.73195,1.04914,0.002641,0.002641,0.002641
894,13038.9,0.93996,0.75343,1.03333,0.94339,0.85106,0.93643,0.71413,0.97445,0.73106,1.04887,0.00263275,0.00263275,0.00263275
895,13055.3,0.93349,0.73347,1.02434,0.94339,0.85098,0.93671,0.71416,0.97339,0.73045,1.04862,0.0026245,0.0026245,0.0026245
896,13072.7,0.94627,0.7538,1.03326,0.94554,0.84967,0.93666,0.71322,0.97348,0.73002,1.04859,0.00261625,0.00261625,0.00261625
897,13089.4,0.93067,0.74308,1.03095,0.94785,0.85074,0.93681,0.7142,0.97232,0.7287,1.04826,0.002608,0.002608,0.002608
898,13106,0.94258,0.74524,1.02746,0.94572,0.85264,0.9368,0.71461,0.97189,0.72838,1.04776,0.00259975,0.00259975,0.00259975
899,13120,0.91954,0.73996,1.02775,0.94457,0.85319,0.93689,0.71526,0.97079,0.7276,1.04731,0.0025915,0.0025915,0.0025915
900,13133.1,0.92439,0.73447,1.02049,0.94803,0.84894,0.93688,0.71357,0.97028,0.72764,1.04685,0.00258325,0.00258325,0.00258325
901,13147.6,0.92323,0.71799,1.02461,0.95122,0.84894,0.93709,0.71408,0.96935,0.7273,1.04645,0.002575,0.002575,0.002575
902,13165.3,0.94099,0.74254,1.02674,0.94921,0.84894,0.93765,0.71457,0.96895,0.72692,1.04617,0.00256675,0.00256675,0.00256675
903,13183.3,0.93204,0.7399,1.02735,0.94905,0.84894,0.93764,0.71472,0.96849,0.72591,1.04592,0.0025585,0.0025585,0.0025585
904,13198,0.94888,0.74629,1.02861,0.94775,0.84898,0.93716,0.71536,0.96761,0.72529,1.04562,0.00255025,0.00255025,0.00255025
905,13211.1,0.93768,0.74061,1.03181,0.94408,0.85532,0.93729,0.71418,0.96746,0.72532,1.0454,0.002542,0.002542,0.002542
906,13224.2,0.94216,0.74783,1.03247,0.94588,0.85522,0.93744,0.71443,0.96683,0.72478,1.04495,0.00253375,0.00253375,0.00253375
907,13240.7,0.93607,0.73736,1.03586,0.94577,0.85352,0.9378,0.71512,0.96649,0.72456,1.04447,0.0025255,0.0025255,0.0025255
908,13258.2,0.94826,0.7579,1.03297,0.94789,0.8515,0.93797,0.71462,0.96576,0.72398,1.04359,0.00251725,0.00251725,0.00251725
909,13275.6,0.92865,0.73513,1.02162,0.95019,0.84894,0.93792,0.71671,0.96487,0.72335,1.04333,0.002509,0.002509,0.002509
910,13291,0.92367,0.74035,1.02235,0.95076,0.84894,0.93797,0.71581,0.96428,0.72302,1.04312,0.00250075,0.00250075,0.00250075
911,13303.7,0.9324,0.73035,1.02728,0.95072,0.84894,0.93806,0.71747,0.96416,0.72306,1.04282,0.0024925,0.0024925,0.0024925
912,13317.3,0.90808,0.71335,1.0223,0.95094,0.84894,0.93811,0.71734,0.96364,0.72256,1.04271,0.00248425,0.00248425,0.00248425
913,13331.4,0.92279,0.73251,1.02529,0.95101,0.84894,0.93824,0.71892,0.96308,0.72251,1.04266,0.002476,0.002476,0.002476
914,13350.8,0.92425,0.73324,1.02216,0.95138,0.84894,0.93804,0.71817,0.96319,0.72245,1.04162,0.00246775,0.00246775,0.00246775
915,13366.4,0.93291,0.74027,1.02595,0.95228,0.84913,0.93791,0.71745,0.96323,0.7223,1.04169,0.0024595,0.0024595,0.0024595
916,13378.9,0.90921,0.72329,1.02674,0.95281,0.84894,0.93763,0.71666,0.96332,0.72133,1.04154,0.00245125,0.00245125,0.00245125
917,13391.3,0.9333,0.7335,1.03393,0.9528,0.84894,0.93766,0.71728,0.96263,0.72071,1.04134,0.002443,0.002443,0.002443
918,13406.5,0.9157,0.72611,1.01792,0.95345,0.84894,0.93771,0.71658,0.96245,0.72011,1.04138,0.00243475,0.00243475,0.00243475
919,13425.4,0.938,0.73493,1.02247,0.95374,0.84894,0.93759,0.71612,0.96243,0.71932,1.04153,0.0024265,0.0024265,0.0024265
920,13441.1,0.91429,0.72773,1.02319,0.95199,0.85106,0.93761,0.71669,0.96234,0.71924,1.04116,0.00241825,0.00241825,0.00241825
921,13453.9,0.93538,0.72809,1.02282,0.9546,0.84991,0.93778,0.71679,0.96203,0.71896,1.04086,0.00241,0.00241,0.00241
922,13466.5,0.91895,0.73889,1.03009,0.9546,0.85004,0.93774,0.71695,0.96166,0.71839,1.04088,0.00240175,0.00240175,0.00240175
923,13480.9,0.90636,0.71473,1.02439,0.95464,0.85089,0.93803,0.7176,0.96091,0.71779,1.04083,0.0023935,0.0023935,0.0023935
924,13497.6,0.92751,0.74802,1.02527,0.95227,0.85106,0.93809,0.71761,0.96085,0.71783,1.04088,0.00238525,0.00238525,0.00238525
925,13514.3,0.91281,0.71457,1.0254,0.95216,0.85106,0.93817,0.71764,0.9609,0.71683,1.04074,0.002377,0.002377,0.002377
926,13528.2,0.91388,0.71589,1.02824,0.95141,0.85106,0.93827,0.71753,0.96063,0.71678,1.04043,0.00236875,0.00236875,0.00236875
927,13540.6,0.91513,0.73542,1.02615,0.95137,0.85106,0.93823,0.71788,0.96035,0.71627,1.04017,0.0023605,0.0023605,0.0023605
928,13553.2,0.90684,0.72029,1.02232,0.95229,0.85106,0.93834,0.71845,0.96007,0.716,1.03974,0.00235225,0.00235225,0.00235225
929,13567.8,0.92738,0.73186,1.02223,0.95326,0.85106,0.93843,0.71809,0.95965,0.71553,1.03957,0.002344,0.002344,0.002344
930,13584.6,0.92052,0.73312,1.02263,0.95464,0.85076,0.93836,0.71905,0.95917,0.71524,1.03953,0.00233575,0.00233575,0.00233575
931,13601.9,0.92343,0.73333,1.02295,0.95361,0.84894,0.93842,0.71937,0.95926,0.71487,1.03981,0.0023275,0.0023275,0.0023275
932,13616.5,0.90992,0.72817,1.02206,0.95691,0.85059,0.9381,0.71905,0.95879,0.7139,1.03995,0.00231925,0.00231925,0.00231925
933,13628.9,0.9155,0.73057,1.01322,0.95691,0.85047,0.93827,0.71889,0.95821,0.71312,1.0405,0.002311,0.002311,0.002311
934,13641.2,0.89574,0.70862,1.01346,0.95503,0.84894,0.93809,0.71917,0.95744,0.71263,1.04037,0.00230275,0.00230275,0.00230275
935,13654.9,0.91216,0.71846,1.01578,0.95493,0.84894,0.93853,0.71981,0.95695,0.71203,1.04028,0.0022945,0.0022945,0.0022945
936,13671.9,0.91606,0.72625,1.01574,0.95277,0.85106,0.93871,0.72028,0.95672,0.71165,1.04047,0.00228625,0.00228625,0.00228625
937,13689.2,0.90414,0.72479,1.01861,0.95426,0.85106,0.93874,0.72034,0.95611,0.71104,1.0406,0.002278,0.002278,0.002278
938,13704.2,0.92591,0.73821,1.025,0.9547,0.85207,0.93896,0.71962,0.95579,0.71069,1.04108,0.00226975,0.00226975,0.00226975
939,13716.7,0.89756,0.70428,1.01671,0.95369,0.85106,0.93894,0.71972,0.95569,0.70984,1.04136,0.0022615,0.0022615,0.0022615
940,13729.3,0.90189,0.71774,1.02199,0.95324,0.85106,0.93901,0.71923,0.95552,0.70955,1.04146,0.00225325,0.00225325,0.00225325
941,13743.7,0.92797,0.72649,1.02513,0.95471,0.85215,0.93935,0.71997,0.95492,0.70866,1.04104,0.002245,0.002245,0.002245
942,13760.5,0.93092,0.73216,1.0273,0.95468,0.8516,0.93944,0.7214,0.95402,0.70904,1.04082,0.00223675,0.00223675,0.00223675
943,13778.2,0.90736,0.71931,1.01723,0.95471,0.85208,0.93953,0.72077,0.9537,0.70879,1.04101,0.0022285,0.0022285,0.0022285
944,13793.3,0.89658,0.7165,1.02014,0.9547,0.85199,0.93954,0.72158,0.95349,0.70855,1.04102,0.00222025,0.00222025,0.00222025
945,13806.3,0.90263,0.72057,1.01916,0.9548,0.85106,0.93971,0.72095,0.95329,0.70815,1.04095,0.002212,0.002212,0.002212
946,13818.7,0.90969,0.72318,1.02396,0.95258,0.85473,0.93964,0.7208,0.95306,0.70788,1.04079,0.00220375,0.00220375,0.00220375
947,13832.4,0.90022,0.71461,1.01204,0.95033,0.85745,0.93953,0.72113,0.95229,0.70769,1.04098,0.0021955,0.0021955,0.0021955
948,13849,0.9111,0.72292,1.02969,0.95477,0.8533,0.93948,0.72181,0.95166,0.70722,1.04075,0.00218725,0.00218725,0.00218725
949,13866.5,0.91379,0.71932,1.01632,0.95476,0.85316,0.93939,0.72131,0.95154,0.70709,1.04082,0.002179,0.002179,0.002179
950,13881.4,0.90701,0.72332,1.02021,0.9545,0.85319,0.93923,0.72101,0.95169,0.7071,1.04086,0.00217075,0.00217075,0.00217075
951,13893.8,0.90902,0.71628,1.01672,0.95304,0.85319,0.93924,0.72155,0.95146,0.70709,1.0408,0.0021625,0.0021625,0.0021625
952,13906.2,0.90451,0.70419,1.01905,0.95296,0.85532,0.93859,0.72148,0.9513,0.70736,1.04079,0.00215425,0.00215425,0.00215425
953,13919.4,0.91009,0.71056,1.02065,0.95356,0.85532,0.93859,0.72228,0.95096,0.70709,1.0408,0.002146,0.002146,0.002146
954,13936.9,0.90303,0.70972,1.00993,0.95146,0.85532,0.93855,0.72192,0.9508,0.70668,1.04061,0.00213775,0.00213775,0.00213775
955,13954,0.8896,0.70436,1.0079,0.94605,0.85808,0.93855,0.72187,0.9504,0.70642,1.04024,0.0021295,0.0021295,0.0021295
956,13969.3,0.89513,0.71164,1.00946,0.94499,0.85745,0.93869,0.72133,0.95007,0.70602,1.0399,0.00212125,0.00212125,0.00212125
957,13982.5,0.9008,0.71651,1.01861,0.94417,0.85745,0.93893,0.72149,0.94987,0.70555,1.03959,0.002113,0.002113,0.002113
958,13994.9,0.90057,0.71671,1.01234,0.94382,0.85784,0.93905,0.72119,0.94962,0.70538,1.03938,0.00210475,0.00210475,0.00210475
959,14007.5,0.89636,0.70377,1.00998,0.94164,0.85827,0.93905,0.72181,0.94948,0.70482,1.03918,0.0020965,0.0020965,0.0020965
960,14023.1,0.89877,0.70701,1.0189,0.94164,0.85825,0.93916,0.72168,0.94905,0.70437,1.03881,0.00208825,0.00208825,0.00208825
961,14039.5,0.88099,0.68881,1.0058,0.94164,0.85828,0.93913,0.72217,0.94858,0.70417,1.03891,0.00208,0.00208,0.00208
962,14055.3,0.88157,0.69058,1.01279,0.94114,0.85745,0.93912,0.72198,0.94844,0.7039,1.03873,0.00207175,0.00207175,0.00207175
963,14069.6,0.89307,0.70506,1.01229,0.94143,0.85745,0.93909,0.72245,0.94851,0.70343,1.03832,0.0020635,0.0020635,0.0020635
964,14082.4,0.88936,0.69863,1.01255,0.94088,0.85745,0.93929,0.72195,0.94844,0.70368,1.03853,0.00205525,0.00205525,0.00205525
965,14095,0.90388,0.71551,1.01732,0.94034,0.85745,0.93949,0.72216,0.94822,0.70363,1.03844,0.002047,0.002047,0.002047
966,14109.2,0.90797,0.71702,1.01107,0.94165,0.85834,0.93954,0.72229,0.94823,0.70345,1.03839,0.00203875,0.00203875,0.00203875
967,14126.2,0.88235,0.69219,1.01085,0.94166,0.85849,0.93957,0.72236,0.94829,0.7026,1.0384,0.0020305,0.0020305,0.0020305
968,14142.4,0.89235,0.71184,1.00531,0.94165,0.85838,0.93951,0.72267,0.94827,0.70236,1.03842,0.00202225,0.00202225,0.00202225
969,14158.1,0.90831,0.72197,1.01789,0.94165,0.85833,0.94047,0.72294,0.9482,0.7023,1.03843,0.002014,0.002014,0.002014
970,14171,0.88451,0.70738,1.00905,0.94165,0.85835,0.94053,0.72276,0.94825,0.70207,1.03824,0.00200575,0.00200575,0.00200575
971,14183.4,0.88612,0.702,1.00886,0.94386,0.85859,0.94083,0.72245,0.94781,0.70152,1.03785,0.0019975,0.0019975,0.0019975
972,14197.1,0.89659,0.69895,1.0076,0.94385,0.8584,0.94075,0.72216,0.94771,0.7011,1.0379,0.00198925,0.00198925,0.00198925
973,14213.5,0.89666,0.71426,1.0174,0.94168,0.85888,0.94056,0.72329,0.94761,0.70073,1.03803,0.001981,0.001981,0.001981
974,14230.9,0.90291,0.70938,1.01778,0.93957,0.86016,0.94036,0.72229,0.94747,0.70048,1.038,0.00197275,0.00197275,0.00197275
975,14246.1,0.88711,0.7141,1.00839,0.94214,0.86613,0.94158,0.72231,0.94745,0.70041,1.03818,0.0019645,0.0019645,0.0019645
976,14259.3,0.88064,0.69746,1.005,0.94221,0.86596,0.94166,0.72304,0.94713,0.70002,1.03792,0.00195625,0.00195625,0.00195625
977,14271.7,0.88618,0.69345,1.00771,0.94436,0.86662,0.94193,0.72263,0.94685,0.69987,1.03779,0.001948,0.001948,0.001948
978,14284.9,0.87793,0.68902,0.99923,0.94655,0.86654,0.94151,0.72234,0.94683,0.69974,1.03786,0.00193975,0.00193975,0.00193975
979,14301.2,0.86445,0.68718,0.99565,0.94655,0.86663,0.94165,0.72302,0.94615,0.69941,1.03778,0.0019315,0.0019315,0.0019315
980,14318.2,0.87601,0.70199,1.00136,0.94654,0.86641,0.94149,0.72317,0.94596,0.6988,1.03746,0.00192325,0.00192325,0.00192325
981,14333.7,0.89447,0.70795,1.01133,0.94802,0.86596,0.94155,0.7226,0.94594,0.69848,1.03746,0.001915,0.001915,0.001915
982,14347.3,0.87802,0.70125,0.99972,0.94766,0.86596,0.94147,0.72306,0.94607,0.69842,1.03734,0.00190675,0.00190675,0.00190675
983,14359.3,0.8762,0.69682,1.0078,0.94501,0.86596,0.94156,0.72325,0.9459,0.69809,1.03711,0.0018985,0.0018985,0.0018985
984,14372.4,0.88542,0.69451,1.00793,0.94594,0.86596,0.94143,0.72329,0.94553,0.69774,1.0368,0.00189025,0.00189025,0.00189025
985,14387.8,0.8703,0.68938,1.00193,0.94446,0.86596,0.94164,0.72332,0.94543,0.69749,1.03686,0.001882,0.001882,0.001882
986,14405.7,0.8672,0.67478,1.00472,0.94432,0.86601,0.94175,0.72372,0.94521,0.69661,1.03657,0.00187375,0.00187375,0.00187375
987,14422.7,0.8806,0.69006,1.00737,0.94432,0.86608,0.94176,0.7236,0.94523,0.69597,1.03649,0.0018655,0.0018655,0.0018655
988,14436.5,0.86193,0.68043,0.99904,0.9451,0.86596,0.94192,0.72315,0.94468,0.69544,1.03599,0.00185725,0.00185725,0.00185725
989,14448.9,0.8879,0.69357,1.00442,0.94437,0.8669,0.94192,0.72364,0.94457,0.69466,1.03583,0.001849,0.001849,0.001849
990,14461.4,0.87097,0.69312,1.00468,0.94449,0.87021,0.94195,0.72353,0.94428,0.69447,1.03575,0.00184075,0.00184075,0.00184075
991,14475.9,0.87908,0.69564,1.01201,0.94232,0.86894,0.94184,0.72343,0.94389,0.69443,1.03551,0.0018325,0.0018325,0.0018325
992,14492.6,0.88287,0.69501,1.00623,0.94249,0.87177,0.94195,0.72448,0.94332,0.69462,1.03527,0.00182425,0.00182425,0.00182425
993,14509.3,0.87132,0.6842,0.99914,0.94019,0.86953,0.94161,0.72402,0.94309,0.69441,1.03528,0.001816,0.001816,0.001816
994,14524,0.8689,0.68711,1.00726,0.94225,0.86793,0.94161,0.7245,0.94277,0.69372,1.03514,0.00180775,0.00180775,0.00180775
995,14536.4,0.89076,0.70506,1.01188,0.94381,0.86596,0.94168,0.72491,0.94235,0.69374,1.03503,0.0017995,0.0017995,0.0017995
996,14549.4,0.88007,0.69494,1.0085,0.93953,0.87234,0.94168,0.72511,0.94226,0.69355,1.03526,0.00179125,0.00179125,0.00179125
997,14563.7,0.86931,0.68206,1.00286,0.93929,0.87234,0.94177,0.72485,0.94186,0.69349,1.03521,0.001783,0.001783,0.001783
998,14580.1,0.84614,0.67487,0.9995,0.93985,0.87234,0.94186,0.72533,0.94151,0.6932,1.03526,0.00177475,0.00177475,0.00177475
999,14597.6,0.88971,0.69317,1.01256,0.94249,0.87174,0.94191,0.72584,0.94152,0.69288,1.03516,0.0017665,0.0017665,0.0017665
1000,14613.4,0.87409,0.68631,0.99715,0.94455,0.87234,0.94215,0.72556,0.94143,0.69277,1.03498,0.00175825,0.00175825,0.00175825
1001,14626.1,0.8725,0.67971,0.99985,0.94427,0.87234,0.94206,0.72558,0.94151,0.69285,1.03502,0.00175,0.00175,0.00175
1002,14638.5,0.87323,0.68216,1.00408,0.94426,0.87234,0.94211,0.72611,0.94141,0.69251,1.0349,0.00174175,0.00174175,0.00174175
1003,14652.3,0.89532,0.70838,1.01111,0.94436,0.87234,0.94214,0.72559,0.9414,0.69237,1.03495,0.0017335,0.0017335,0.0017335
1004,14668.8,0.85328,0.67744,0.99621,0.93989,0.87234,0.94215,0.72573,0.94124,0.69213,1.03478,0.00172525,0.00172525,0.00172525
1005,14685.8,0.88891,0.70233,1.00825,0.94388,0.87234,0.94221,0.72605,0.94132,0.6922,1.03489,0.001717,0.001717,0.001717
1006,14701.4,0.88711,0.69261,0.99668,0.94393,0.87234,0.94224,0.72674,0.94099,0.69232,1.03489,0.00170875,0.00170875,0.00170875
1007,14715.4,0.84957,0.66897,0.98539,0.94399,0.87234,0.94218,0.72638,0.94054,0.69222,1.03472,0.0017005,0.0017005,0.0017005
1008,14727.8,0.8692,0.69067,1.00772,0.9437,0.87234,0.94221,0.72734,0.94087,0.69233,1.03473,0.00169225,0.00169225,0.00169225
1009,14741,0.87751,0.68019,1.00367,0.94337,0.87234,0.94224,0.72659,0.94062,0.69197,1.03477,0.001684,0.001684,0.001684
1010,14756.8,0.87592,0.68339,0.99971,0.94288,0.87234,0.9423,0.72701,0.94045,0.692,1.03494,0.00167575,0.00167575,0.00167575
1011,14774,0.85052,0.6795,0.98997,0.95288,0.86048,0.94242,0.72676,0.94012,0.69178,1.03492,0.0016675,0.0016675,0.0016675
1012,14789.9,0.8399,0.66291,0.99444,0.95289,0.8608,0.94236,0.72642,0.94036,0.69201,1.0351,0.00165925,0.00165925,0.00165925
1013,14803.6,0.85003,0.67981,0.99373,0.95253,0.8617,0.94245,0.72624,0.94063,0.69237,1.03521,0.001651,0.001651,0.001651
1014,14816,0.85051,0.68155,0.99748,0.95225,0.8617,0.94255,0.72678,0.94024,0.69247,1.03514,0.00164275,0.00164275,0.00164275
1015,14828.4,0.86067,0.67638,0.99736,0.95259,0.8617,0.94251,0.72716,0.93978,0.69213,1.03497,0.0016345,0.0016345,0.0016345
1016,14842.7,0.87386,0.68885,0.99773,0.95249,0.8617,0.94252,0.7277,0.93969,0.69198,1.03452,0.00162625,0.00162625,0.00162625
1017,14860.5,0.84728,0.6854,0.99661,0.9524,0.8617,0.94263,0.72812,0.93928,0.69195,1.0342,0.001618,0.001618,0.001618
1018,14877.3,0.86373,0.68274,1.0027,0.95285,0.85992,0.9425,0.72927,0.93888,0.69201,1.0339,0.00160975,0.00160975,0.00160975
1019,14892.4,0.87515,0.68997,1.00437,0.95383,0.85957,0.94254,0.72865,0.93898,0.69179,1.03386,0.0016015,0.0016015,0.0016015
1020,14904.7,0.86181,0.68132,0.99786,0.95444,0.85957,0.9425,0.72891,0.93889,0.69182,1.0338,0.00159325,0.00159325,0.00159325
1021,14917,0.82897,0.65071,0.98784,0.95514,0.86065,0.94253,0.72917,0.93863,0.69162,1.03348,0.001585,0.001585,0.001585
1022,14930.9,0.87746,0.68871,0.99949,0.95515,0.86098,0.94247,0.72921,0.93874,0.69122,1.03328,0.00157675,0.00157675,0.00157675
1023,14947.5,0.83538,0.66143,0.99303,0.95236,0.8617,0.94262,0.7298,0.93866,0.69125,1.03319,0.0015685,0.0015685,0.0015685
1024,14964.4,0.87236,0.68571,1.00298,0.95233,0.8617,0.94257,0.73005,0.93858,0.69098,1.03295,0.00156025,0.00156025,0.00156025
1025,14980.3,0.85394,0.66914,0.99734,0.94806,0.86809,0.94255,0.73017,0.93825,0.69069,1.03272,0.001552,0.001552,0.001552
1026,14993.4,0.83438,0.66457,0.99227,0.95253,0.8617,0.9426,0.73011,0.9382,0.69068,1.03266,0.00154375,0.00154375,0.00154375
1027,15005.8,0.86163,0.67536,0.9944,0.9475,0.86809,0.94288,0.73028,0.93773,0.69066,1.03244,0.0015355,0.0015355,0.0015355
1028,15019.7,0.85063,0.67543,0.99784,0.94667,0.86876,0.94291,0.73053,0.93751,0.69034,1.03228,0.00152725,0.00152725,0.00152725
1029,15036.9,0.86315,0.68463,1.00101,0.94667,0.8686,0.94292,0.7309,0.93714,0.69025,1.03211,0.001519,0.001519,0.001519
1030,15054,0.84459,0.67053,0.99249,0.94665,0.86839,0.94286,0.73148,0.93692,0.68965,1.03215,0.00151075,0.00151075,0.00151075
1031,15069.8,0.8484,0.66203,0.98288,0.94968,0.8617,0.94245,0.73156,0.93646,0.68963,1.03191,0.0015025,0.0015025,0.0015025
1032,15083.4,0.86844,0.67924,1.00189,0.94445,0.86809,0.94263,0.73172,0.93624,0.6892,1.03177,0.00149425,0.00149425,0.00149425
1033,15096.4,0.8559,0.68087,0.99358,0.94485,0.86809,0.94252,0.73195,0.93601,0.68891,1.03172,0.001486,0.001486,0.001486
1034,15110.4,0.85613,0.69427,1.00714,0.94446,0.86832,0.94256,0.73246,0.93595,0.68856,1.03158,0.00147775,0.00147775,0.00147775
1035,15127.3,0.84276,0.67155,0.9902,0.94668,0.8688,0.94289,0.73136,0.93582,0.68824,1.03146,0.0014695,0.0014695,0.0014695
1036,15144.2,0.8496,0.67272,0.99259,0.9445,0.86904,0.94262,0.73208,0.9356,0.68799,1.0313,0.00146125,0.00146125,0.00146125
1037,15159.4,0.86369,0.68272,0.99806,0.94671,0.86933,0.94299,0.73179,0.93544,0.68765,1.03139,0.001453,0.001453,0.001453
1038,15172.8,0.85,0.67318,0.99562,0.94668,0.86889,0.94304,0.73253,0.93512,0.68748,1.0313,0.00144475,0.00144475,0.00144475
1039,15185.1,0.82722,0.6753,0.9931,0.94668,0.86891,0.94305,0.73215,0.93508,0.68777,1.03123,0.0014365,0.0014365,0.0014365
1040,15198,0.87384,0.68059,1.00745,0.94667,0.86865,0.94289,0.73219,0.93489,0.68728,1.03108,0.00142825,0.00142825,0.00142825
1041,15214,0.86054,0.67877,0.99525,0.94447,0.86856,0.94284,0.73227,0.93462,0.68728,1.03093,0.00142,0.00142,0.00142
1042,15230.7,0.83867,0.6724,0.9911,0.95026,0.86383,0.94278,0.73211,0.93464,0.68706,1.03073,0.00141175,0.00141175,0.00141175
1043,15246.3,0.87606,0.69861,1.00493,0.95034,0.86383,0.94263,0.73186,0.93442,0.68697,1.03086,0.0014035,0.0014035,0.0014035
1044,15260.3,0.84265,0.66483,0.98733,0.95018,0.86383,0.94258,0.73192,0.93425,0.68721,1.03066,0.00139525,0.00139525,0.00139525
1045,15272.7,0.8329,0.65711,0.98835,0.94991,0.86383,0.94258,0.73191,0.9338,0.68729,1.03063,0.001387,0.001387,0.001387
1046,15284.9,0.84616,0.6588,0.9917,0.94978,0.86383,0.9424,0.73187,0.93343,0.68716,1.03036,0.00137875,0.00137875,0.00137875
1047,15300,0.84431,0.66694,0.98504,0.95087,0.86475,0.94233,0.73211,0.93334,0.68683,1.03063,0.0013705,0.0013705,0.0013705
1048,15317.2,0.84648,0.66386,0.99851,0.95514,0.86077,0.94231,0.73274,0.93295,0.68644,1.0304,0.00136225,0.00136225,0.00136225
1049,15334.3,0.83524,0.6664,0.99024,0.95513,0.86055,0.94224,0.73297,0.93277,0.68652,1.03039,0.001354,0.001354,0.001354
1050,15349.2,0.82661,0.65928,0.98605,0.95395,0.85957,0.94219,0.73298,0.9327,0.68644,1.03014,0.00134575,0.00134575,0.00134575
1051,15362.2,0.84268,0.65227,0.98849,0.95389,0.85957,0.94217,0.73303,0.93277,0.68653,1.03013,0.0013375,0.0013375,0.0013375
1052,15375.2,0.84311,0.66385,0.99596,0.95385,0.85957,0.94211,0.73331,0.93266,0.68624,1.02991,0.00132925,0.00132925,0.00132925
1053,15390.1,0.83815,0.65935,0.98573,0.95368,0.85957,0.94207,0.73343,0.93225,0.68608,1.02968,0.001321,0.001321,0.001321
1054,15407.4,0.84562,0.67128,0.99155,0.95354,0.85745,0.94208,0.73348,0.93208,0.68617,1.02951,0.00131275,0.00131275,0.00131275
1055,15424,0.85222,0.67879,1.00001,0.95465,0.85745,0.94207,0.73348,0.93204,0.68603,1.02937,0.0013045,0.0013045,0.0013045
1056,15439.4,0.84083,0.6567,0.99706,0.95538,0.85745,0.94209,0.7333,0.93174,0.68589,1.02913,0.00129625,0.00129625,0.00129625
1057,15451.8,0.81811,0.64671,0.9838,0.95274,0.85791,0.9421,0.7333,0.93144,0.68585,1.02896,0.001288,0.001288,0.001288
1058,15463.4,0.82525,0.65917,0.9908,0.9595,0.85745,0.9421,0.73333,0.93103,0.68563,1.02875,0.00127975,0.00127975,0.00127975
1059,15477,0.80586,0.62588,0.96817,0.95916,0.85745,0.94213,0.73356,0.93097,0.6855,1.02861,0.0012715,0.0012715,0.0012715
1060,15494.1,0.82257,0.6451,0.98202,0.95916,0.85745,0.94216,0.73367,0.93071,0.68553,1.02851,0.00126325,0.00126325,0.00126325
1061,15511.2,0.83492,0.66571,0.98582,0.959,0.85745,0.94211,0.73287,0.93053,0.68536,1.02829,0.001255,0.001255,0.001255
1062,15526.3,0.81436,0.64167,0.9805,0.9594,0.85745,0.94209,0.73306,0.93039,0.68536,1.02818,0.00124675,0.00124675,0.00124675
1063,15538.3,0.84475,0.66189,0.99399,0.9595,0.85689,0.94213,0.73286,0.9304,0.6851,1.02812,0.0012385,0.0012385,0.0012385
1064,15550.6,0.82559,0.66376,0.97961,0.9595,0.85698,0.94214,0.73273,0.93015,0.68516,1.02797,0.00123025,0.00123025,0.00123025
1065,15563.9,0.83823,0.67055,0.99015,0.95947,0.85627,0.94204,0.7321,0.93009,0.68518,1.0279,0.001222,0.001222,0.001222
1066,15580.2,0.8368,0.6562,0.98199,0.9595,0.85698,0.94209,0.73214,0.92995,0.68494,1.02778,0.00121375,0.00121375,0.00121375
1067,15597,0.81958,0.63792,0.97878,0.95825,0.85532,0.94208,0.73221,0.9297,0.68485,1.02757,0.0012055,0.0012055,0.0012055
1068,15611.9,0.84347,0.66507,0.98904,0.95726,0.85781,0.94214,0.73259,0.92963,0.68458,1.02747,0.00119725,0.00119725,0.00119725
1069,15625.2,0.82826,0.65223,0.9821,0.95729,0.8583,0.94208,0.73227,0.92966,0.68487,1.02748,0.001189,0.001189,0.001189
1070,15637.6,0.84189,0.65692,0.98869,0.9595,0.85684,0.9422,0.73285,0.92954,0.68449,1.02735,0.00118075,0.00118075,0.00118075
1071,15650.5,0.83763,0.6615,0.99079,0.95945,0.85575,0.94231,0.73316,0.9295,0.68437,1.02731,0.0011725,0.0011725,0.0011725
1072,15666.2,0.84325,0.67369,0.99437,0.95948,0.8565,0.94231,0.73323,0.92914,0.68415,1.02727,0.00116425,0.00116425,0.00116425
1073,15683,0.81066,0.65348,0.98698,0.95952,0.85741,0.94235,0.73308,0.92925,0.6843,1.02713,0.001156,0.001156,0.001156
1074,15698.6,0.82015,0.65214,0.98008,0.95945,0.85586,0.94223,0.73306,0.92893,0.68432,1.02702,0.00114775,0.00114775,0.00114775
1075,15712.7,0.81335,0.65799,0.98066,0.96037,0.85532,0.94192,0.73316,0.92887,0.68422,1.02681,0.0011395,0.0011395,0.0011395
1076,15725.2,0.81989,0.65502,0.98533,0.96043,0.85532,0.94196,0.73298,0.92872,0.68413,1.02673,0.00113125,0.00113125,0.00113125
1077,15737.7,0.8293,0.66183,0.97738,0.96077,0.85532,0.942,0.73289,0.92867,0.68393,1.02655,0.001123,0.001123,0.001123
1078,15753,0.81807,0.64399,0.97868,0.96085,0.85532,0.94204,0.73311,0.9285,0.68368,1.0265,0.00111475,0.00111475,0.00111475
1079,15768.9,0.81709,0.64462,0.98145,0.96081,0.85532,0.94201,0.7329,0.92837,0.68345,1.02643,0.0011065,0.0011065,0.0011065
1080,15785.1,0.82983,0.65817,0.99444,0.96175,0.85598,0.94197,0.73278,0.92834,0.68332,1.02644,0.00109825,0.00109825,0.00109825
1081,15799.5,0.82265,0.66065,0.98494,0.96175,0.85603,0.94205,0.73295,0.92819,0.68289,1.02625,0.00109,0.00109,0.00109
1082,15811.8,0.83411,0.65187,0.99609,0.96179,0.85681,0.9421,0.7331,0.92802,0.68305,1.02622,0.00108175,0.00108175,0.00108175
1083,15824.3,0.82544,0.6442,0.98161,0.96184,0.85807,0.94217,0.73295,0.9278,0.68313,1.02609,0.0010735,0.0010735,0.0010735
1084,15837.8,0.8122,0.64432,0.98285,0.96183,0.85794,0.94221,0.73339,0.9278,0.68261,1.02703,0.00106525,0.00106525,0.00106525
1085,15854.2,0.80362,0.63739,0.97539,0.96181,0.85725,0.94226,0.73339,0.92762,0.6827,1.02618,0.001057,0.001057,0.001057
1086,15870.9,0.81701,0.64147,0.98203,0.9618,0.85705,0.94227,0.73332,0.92742,0.68284,1.02608,0.00104875,0.00104875,0.00104875
1087,15886.1,0.82932,0.65762,0.98258,0.96179,0.85695,0.94235,0.73355,0.92692,0.68256,1.02592,0.0010405,0.0010405,0.0010405
1088,15899.3,0.81344,0.65074,0.9797,0.9618,0.8572,0.94235,0.73353,0.92704,0.68226,1.02571,0.00103225,0.00103225,0.00103225
1089,15911.9,0.81523,0.64804,0.97818,0.96176,0.8562,0.94239,0.73333,0.92721,0.68188,1.02568,0.001024,0.001024,0.001024
1090,15925,0.812,0.64655,0.97137,0.96176,0.85608,0.94239,0.73356,0.92713,0.68175,1.02566,0.00101575,0.00101575,0.00101575
1091,15941.2,0.80242,0.63178,0.98413,0.96177,0.8565,0.94246,0.73342,0.92703,0.6817,1.02555,0.0010075,0.0010075,0.0010075
1092,15958,0.80661,0.64175,0.97628,0.9618,0.85723,0.94255,0.73362,0.92688,0.68149,1.02555,0.00099925,0.00099925,0.00099925
1093,15973.5,0.82099,0.65443,0.98263,0.96175,0.85607,0.94247,0.73372,0.92683,0.68126,1.02547,0.000991,0.000991,0.000991
1094,15987.6,0.83119,0.64406,0.98922,0.96174,0.85565,0.94253,0.73376,0.92655,0.68125,1.02533,0.00098275,0.00098275,0.00098275
1095,16000.8,0.82027,0.64782,0.97932,0.96176,0.85616,0.94261,0.73378,0.92624,0.68123,1.02512,0.0009745,0.0009745,0.0009745
1096,16014.2,0.8229,0.65392,0.98536,0.96176,0.85615,0.94264,0.73442,0.92619,0.68133,1.02496,0.00096625,0.00096625,0.00096625
1097,16030.8,0.81983,0.64922,0.98053,0.96174,0.85577,0.94272,0.7345,0.92624,0.68125,1.02495,0.000958,0.000958,0.000958
1098,16047.6,0.81261,0.64134,0.97836,0.96176,0.85616,0.94275,0.73497,0.9261,0.68116,1.02482,0.00094975,0.00094975,0.00094975
1099,16063.5,0.79445,0.63868,0.9752,0.96176,0.85614,0.94283,0.73489,0.92605,0.68123,1.02482,0.0009415,0.0009415,0.0009415
1100,16076.7,0.8209,0.64031,0.97723,0.96175,0.85602,0.94286,0.73471,0.92607,0.68109,1.02474,0.00093325,0.00093325,0.00093325
1101,16089.3,0.79537,0.63763,0.97211,0.96175,0.85592,0.94284,0.7354,0.92603,0.6811,1.0249,0.000925,0.000925,0.000925
1102,16102.8,0.80853,0.63854,0.97967,0.96314,0.85532,0.94287,0.73514,0.92591,0.68107,1.02474,0.00091675,0.00091675,0.00091675
1103,16118.5,0.80723,0.64571,0.98392,0.96255,0.85532,0.94287,0.7349,0.92567,0.6809,1.02469,0.0009085,0.0009085,0.0009085
1104,16135,0.80635,0.64348,0.97734,0.96263,0.85532,0.94287,0.73535,0.92554,0.68056,1.02444,0.00090025,0.00090025,0.00090025
1105,16150.3,0.81234,0.64976,0.97167,0.9627,0.85532,0.94285,0.7351,0.92545,0.6805,1.02456,0.000892,0.000892,0.000892
1106,16164.2,0.78624,0.62805,0.97175,0.96282,0.85532,0.94283,0.73508,0.92553,0.68043,1.0246,0.00088375,0.00088375,0.00088375
1107,16176.7,0.82312,0.65371,0.9884,0.96323,0.85532,0.94276,0.73451,0.92534,0.68021,1.02457,0.0008755,0.0008755,0.0008755
1108,16189.1,0.79605,0.63006,0.9756,0.96295,0.85532,0.94277,0.73465,0.92524,0.68019,1.02456,0.00086725,0.00086725,0.00086725
1109,16203.6,0.80565,0.64128,0.97353,0.96278,0.85532,0.94279,0.73457,0.92512,0.67995,1.02449,0.000859,0.000859,0.000859
1110,16220.3,0.80485,0.64308,0.98127,0.96269,0.85532,0.94284,0.73444,0.92512,0.68003,1.02454,0.00085075,0.00085075,0.00085075
1111,16236.8,0.78816,0.62223,0.96608,0.96234,0.85532,0.94288,0.73446,0.92521,0.67984,1.02457,0.0008425,0.0008425,0.0008425
1112,16251.8,0.81051,0.6412,0.9751,0.96184,0.85797,0.94275,0.73411,0.92503,0.67955,1.02431,0.00083425,0.00083425,0.00083425
1113,16264.5,0.7967,0.64344,0.97722,0.96186,0.85842,0.94276,0.73436,0.92491,0.67957,1.0244,0.000826,0.000826,0.000826
1114,16276.9,0.79676,0.62826,0.97156,0.96174,0.85566,0.94274,0.73432,0.92476,0.67933,1.02417,0.00081775,0.00081775,0.00081775
1115,16290.4,0.80267,0.63394,0.97111,0.96182,0.85763,0.94275,0.73464,0.92458,0.67899,1.02409,0.0008095,0.0008095,0.0008095
1116,16306.9,0.78875,0.62576,0.97224,0.96183,0.85782,0.94286,0.73432,0.92434,0.67878,1.02401,0.00080125,0.00080125,0.00080125
1117,16324.1,0.80816,0.65103,0.98116,0.96188,0.85901,0.94258,0.73447,0.92442,0.67889,1.02408,0.000793,0.000793,0.000793
1118,16339.3,0.79883,0.63112,0.97462,0.96189,0.85911,0.94257,0.73427,0.92411,0.67865,1.02387,0.00078475,0.00078475,0.00078475
1119,16353.2,0.80649,0.64118,0.98756,0.9619,0.85939,0.94261,0.73459,0.92396,0.67862,1.02392,0.0007765,0.0007765,0.0007765
1120,16365.8,0.79013,0.62317,0.96729,0.96192,0.85988,0.94252,0.73459,0.92385,0.67838,1.02383,0.00076825,0.00076825,0.00076825
1121,16378.2,0.79786,0.62774,0.97308,0.96191,0.85968,0.94259,0.73489,0.92357,0.67816,1.02375,0.00076,0.00076,0.00076
1122,16393.9,0.78332,0.62436,0.96674,0.96206,0.86323,0.94278,0.73514,0.92332,0.678,1.02367,0.00075175,0.00075175,0.00075175
1123,16410.7,0.81513,0.64069,0.98452,0.96199,0.86154,0.94278,0.73487,0.92327,0.67779,1.02359,0.0007435,0.0007435,0.0007435
1124,16426.3,0.78691,0.6199,0.97614,0.96205,0.863,0.94279,0.73486,0.92297,0.67737,1.0234,0.00073525,0.00073525,0.00073525
1125,16439.9,0.79016,0.62707,0.97103,0.96205,0.86305,0.94283,0.73488,0.92301,0.67722,1.02346,0.000727,0.000727,0.000727
1126,16452.5,0.78409,0.63407,0.9724,0.96205,0.86298,0.94283,0.73489,0.92287,0.67677,1.02337,0.00071875,0.00071875,0.00071875
1127,16465.1,0.79495,0.63674,0.96727,0.96205,0.86293,0.94281,0.73509,0.92285,0.6767,1.02332,0.0007105,0.0007105,0.0007105
1128,16480,0.81055,0.64933,0.97901,0.96205,0.86297,0.94281,0.73502,0.92272,0.67647,1.02323,0.00070225,0.00070225,0.00070225
1129,16496.5,0.79395,0.62602,0.96795,0.96205,0.86294,0.94283,0.73525,0.92237,0.67652,1.02311,0.000694,0.000694,0.000694
1130,16512.9,0.80557,0.64406,0.97619,0.95776,0.86596,0.94283,0.73533,0.92235,0.67627,1.02303,0.00068575,0.00068575,0.00068575
1131,16527.5,0.79485,0.63334,0.97109,0.9574,0.86596,0.94276,0.73537,0.92195,0.67619,1.02283,0.0006775,0.0006775,0.0006775
1132,16540,0.80109,0.6498,0.97875,0.95725,0.86596,0.94282,0.73505,0.92174,0.67599,1.0227,0.00066925,0.00066925,0.00066925
1133,16552.7,0.80432,0.64571,0.97941,0.95607,0.86596,0.94284,0.73519,0.92161,0.67569,1.02255,0.000661,0.000661,0.000661
1134,16566.4,0.80323,0.63517,0.97661,0.95609,0.86596,0.94283,0.7353,0.92144,0.67545,1.02242,0.00065275,0.00065275,0.00065275
1135,16582.8,0.78953,0.63401,0.97432,0.95774,0.86793,0.94315,0.73543,0.92121,0.67546,1.02228,0.0006445,0.0006445,0.0006445
1136,16600.1,0.80292,0.63499,0.97415,0.95774,0.86799,0.94313,0.73547,0.92118,0.67544,1.02216,0.00063625,0.00063625,0.00063625
1137,16614.9,0.77863,0.61621,0.96888,0.95767,0.86809,0.94313,0.73549,0.92119,0.67512,1.02201,0.000628,0.000628,0.000628
1138,16628.5,0.79474,0.63165,0.97136,0.95776,0.86828,0.94315,0.73545,0.92121,0.675,1.02203,0.00061975,0.00061975,0.00061975
1139,16641.2,0.78661,0.61939,0.96711,0.95759,0.86809,0.94318,0.7357,0.92104,0.67497,1.02184,0.0006115,0.0006115,0.0006115
1140,16654.8,0.80293,0.6336,0.97662,0.95775,0.86813,0.94324,0.73551,0.92094,0.67487,1.02183,0.00060325,0.00060325,0.00060325
1141,16671.4,0.79313,0.62903,0.96969,0.95775,0.8682,0.94326,0.73567,0.92091,0.67496,1.02177,0.000595,0.000595,0.000595
1142,16688.3,0.79683,0.63518,0.97134,0.95778,0.86882,0.94325,0.73557,0.92086,0.67479,1.02161,0.00058675,0.00058675,0.00058675
1143,16703.6,0.78858,0.62698,0.96984,0.95777,0.86869,0.9433,0.73595,0.9208,0.67481,1.02165,0.0005785,0.0005785,0.0005785
1144,16717.3,0.79866,0.62957,0.97144,0.95791,0.87161,0.94352,0.7363,0.92063,0.6747,1.02145,0.00057025,0.00057025,0.00057025
1145,16730.3,0.76733,0.61064,0.96759,0.95796,0.87261,0.9435,0.73647,0.92053,0.67456,1.02133,0.000562,0.000562,0.000562
1146,16743.2,0.76712,0.60825,0.96122,0.95795,0.87253,0.9436,0.73653,0.92045,0.67459,1.02129,0.00055375,0.00055375,0.00055375
1147,16759.7,0.76958,0.61835,0.97007,0.95795,0.87242,0.94361,0.73656,0.92024,0.67444,1.02116,0.0005455,0.0005455,0.0005455
1148,16777.6,0.79054,0.62602,0.97036,0.95795,0.87238,0.94362,0.73675,0.92032,0.67428,1.0211,0.00053725,0.00053725,0.00053725
1149,16793.6,0.76542,0.60419,0.96267,0.96015,0.8716,0.94361,0.73696,0.92015,0.6743,1.02104,0.000529,0.000529,0.000529
1150,16807.7,0.79099,0.62957,0.96856,0.96018,0.87216,0.94369,0.73686,0.92048,0.67388,1.02102,0.00052075,0.00052075,0.00052075
1151,16820.1,0.77181,0.62012,0.96591,0.95973,0.87234,0.94364,0.73693,0.92032,0.67412,1.02198,0.0005125,0.0005125,0.0005125
1152,16832.6,0.76343,0.5943,0.95907,0.95956,0.87234,0.94364,0.7368,0.91995,0.67414,1.02185,0.00050425,0.00050425,0.00050425
1153,16848.2,0.76701,0.61841,0.96384,0.95992,0.87234,0.94367,0.73681,0.92014,0.67376,1.02188,0.000496,0.000496,0.000496
1154,16865,0.7991,0.6328,0.96953,0.96004,0.87234,0.94365,0.73679,0.92009,0.67359,1.02193,0.00048775,0.00048775,0.00048775
1155,16880.6,0.77438,0.61503,0.96619,0.95971,0.87234,0.9437,0.73719,0.92005,0.67359,1.02185,0.0004795,0.0004795,0.0004795
1156,16895.4,0.79387,0.62663,0.97008,0.95966,0.87234,0.94375,0.73723,0.92013,0.67347,1.0218,0.00047125,0.00047125,0.00047125
1157,16908.3,0.77747,0.62036,0.96633,0.95942,0.87234,0.94368,0.73769,0.9201,0.67343,1.0218,0.000463,0.000463,0.000463
1158,16921.5,0.771,0.60943,0.96601,0.95956,0.87234,0.94373,0.73751,0.92008,0.67329,1.02174,0.00045475,0.00045475,0.00045475
1159,16935.8,0.7762,0.61926,0.97224,0.95925,0.87234,0.94377,0.73779,0.92009,0.6728,1.02168,0.0004465,0.0004465,0.0004465
1160,16953,0.76827,0.61074,0.95937,0.95942,0.87234,0.94378,0.73779,0.91986,0.67322,1.02166,0.00043825,0.00043825,0.00043825
1161,16970.5,0.78594,0.63216,0.97078,0.95932,0.87234,0.94382,0.73781,0.91973,0.67304,1.02152,0.00043,0.00043,0.00043
1162,16985.8,0.7645,0.60976,0.96586,0.95931,0.87234,0.94386,0.73796,0.91981,0.6732,1.02157,0.00042175,0.00042175,0.00042175
1163,16998.8,0.77214,0.62019,0.96401,0.95933,0.87234,0.94386,0.73822,0.91996,0.67272,1.02157,0.0004135,0.0004135,0.0004135
1164,17011.4,0.77291,0.6147,0.96971,0.95923,0.87234,0.94391,0.73825,0.91992,0.67269,1.0215,0.00040525,0.00040525,0.00040525
1165,17026.2,0.76955,0.62133,0.9719,0.95934,0.87234,0.94393,0.73839,0.91977,0.67252,1.02154,0.000397,0.000397,0.000397
1166,17043.4,0.7731,0.61691,0.96103,0.95928,0.87234,0.94391,0.73793,0.9197,0.67236,1.02145,0.00038875,0.00038875,0.00038875
1167,17059.9,0.79124,0.6377,0.97202,0.96022,0.87317,0.94394,0.73844,0.9197,0.67204,1.02128,0.0003805,0.0003805,0.0003805
1168,17075.8,0.75274,0.59632,0.95893,0.96023,0.87335,0.944,0.73827,0.91962,0.67227,1.02134,0.00037225,0.00037225,0.00037225
1169,17088.4,0.78552,0.62722,0.97284,0.96023,0.87333,0.94398,0.73855,0.91949,0.67235,1.02117,0.000364,0.000364,0.000364
1170,17101.4,0.74551,0.596,0.953,0.96023,0.87333,0.94399,0.73867,0.91952,0.6717,1.02106,0.00035575,0.00035575,0.00035575
1171,17115.6,0.76355,0.60813,0.96507,0.96023,0.87339,0.944,0.73873,0.91951,0.67165,1.02097,0.0003475,0.0003475,0.0003475
1172,17132.8,0.77335,0.62259,0.96431,0.96024,0.87344,0.94396,0.73869,0.91946,0.6717,1.02097,0.00033925,0.00033925,0.00033925
1173,17149.8,0.76253,0.59772,0.96354,0.96023,0.87336,0.94405,0.73826,0.91924,0.6712,1.02068,0.000331,0.000331,0.000331
1174,17165,0.78186,0.61823,0.96493,0.96023,0.87329,0.94403,0.73825,0.91927,0.67132,1.02077,0.00032275,0.00032275,0.00032275
1175,17177.9,0.78942,0.63945,0.97257,0.96023,0.87338,0.94406,0.73853,0.91913,0.67124,1.0207,0.0003145,0.0003145,0.0003145
1176,17190.4,0.79075,0.62062,0.9656,0.96023,0.87332,0.94413,0.73892,0.91906,0.67119,1.02065,0.00030625,0.00030625,0.00030625
1177,17203.9,0.74695,0.60125,0.95666,0.96023,0.87336,0.94406,0.73869,0.91905,0.67091,1.02053,0.000298,0.000298,0.000298
1178,17219.7,0.76459,0.60915,0.96418,0.96023,0.87339,0.94424,0.73879,0.91903,0.67091,1.02046,0.00028975,0.00028975,0.00028975
1179,17236.4,0.76109,0.59917,0.9653,0.96023,0.87341,0.94429,0.73892,0.91904,0.67085,1.02049,0.0002815,0.0002815,0.0002815
1180,17252.7,0.7567,0.60715,0.96074,0.96023,0.87331,0.94423,0.73892,0.91888,0.67067,1.02038,0.00027325,0.00027325,0.00027325
1181,17266.3,0.77684,0.61947,0.96288,0.96024,0.87344,0.94424,0.73871,0.9188,0.67047,1.02032,0.000265,0.000265,0.000265
1182,17278.3,0.77772,0.62396,0.97313,0.96024,0.87343,0.94424,0.73892,0.91871,0.67067,1.02029,0.00025675,0.00025675,0.00025675
1183,17290.7,0.78303,0.61849,0.96889,0.96024,0.87345,0.94428,0.73892,0.91862,0.67048,1.02022,0.0002485,0.0002485,0.0002485
1184,17305.7,0.75812,0.60493,0.95981,0.96024,0.87348,0.94422,0.7387,0.9186,0.67026,1.02017,0.00024025,0.00024025,0.00024025
1185,17322.3,0.76327,0.61553,0.96515,0.96024,0.87348,0.9443,0.73869,0.91857,0.67013,1.02008,0.000232,0.000232,0.000232
1186,17338.2,0.7732,0.61439,0.96875,0.96024,0.87364,0.94425,0.7387,0.91844,0.6699,1.02003,0.00022375,0.00022375,0.00022375
1187,17352.5,0.76022,0.61371,0.96453,0.96024,0.87362,0.94427,0.7387,0.9181,0.66988,1.02009,0.0002155,0.0002155,0.0002155
1188,17365,0.79042,0.61949,0.96504,0.96024,0.87358,0.9443,0.73855,0.91798,0.66976,1.02008,0.00020725,0.00020725,0.00020725
1189,17377.5,0.76707,0.61143,0.96167,0.96024,0.87364,0.94426,0.73871,0.91792,0.66959,1.02005,0.000199,0.000199,0.000199
1190,17391.6,0.74648,0.60351,0.9541,0.96024,0.87361,0.9443,0.73878,0.91779,0.66936,1.0199,0.00019075,0.00019075,0.00019075
1191,17409.6,0.79387,0.53964,0.95015,0.96025,0.87368,0.94429,0.73855,0.91768,0.66925,1.01977,0.0001825,0.0001825,0.0001825
1192,17425.3,0.75643,0.51584,0.92915,0.96025,0.87388,0.94435,0.73867,0.91742,0.66885,1.01967,0.00017425,0.00017425,0.00017425
1193,17440.4,0.73043,0.5112,0.92744,0.96026,0.87396,0.94436,0.73914,0.91725,0.66866,1.01954,0.000166,0.000166,0.000166
1194,17453.9,0.71396,0.50241,0.91134,0.96026,0.87404,0.94441,0.73952,0.91694,0.66852,1.0195,0.00015775,0.00015775,0.00015775
1195,17466.7,0.70284,0.49286,0.90814,0.96028,0.87435,0.94442,0.73954,0.91682,0.66837,1.01946,0.0001495,0.0001495,0.0001495
1196,17480.7,0.70356,0.49309,0.90951,0.96013,0.87447,0.94448,0.7395,0.91662,0.66818,1.01927,0.00014125,0.00014125,0.00014125
1197,17496.5,0.71202,0.49446,0.91058,0.95993,0.87447,0.94455,0.73959,0.91638,0.66774,1.01917,0.000133,0.000133,0.000133
1198,17513.7,0.69488,0.48983,0.90892,0.95911,0.87447,0.94455,0.73976,0.91618,0.66768,1.01912,0.00012475,0.00012475,0.00012475
1199,17529.6,0.68093,0.48224,0.89624,0.95692,0.87447,0.94465,0.73947,0.91594,0.66741,1.01895,0.0001165,0.0001165,0.0001165
1200,17542.9,0.67509,0.4762,0.90381,0.95659,0.87447,0.94462,0.73963,0.91543,0.66731,1.0188,0.00010825,0.00010825,0.00010825
