epoch,time,train/box_loss,train/cls_loss,train/dfl_loss,metrics/precision(B),metrics/recall(B),metrics/mAP50(B),metrics/mAP50-95(B),val/box_loss,val/cls_loss,val/dfl_loss,lr/pg0,lr/pg1,lr/pg2
1,25.8521,5.89268,9.78569,4.18088,1e-05,0.00213,1e-05,0,6.33656,13.1635,4.16541,0.00329167,0.00329167,0.00329167
2,50.6139,5.89335,9.48617,4.17636,1e-05,0.00213,1e-05,0,6.33454,12.8159,4.16308,0.00661953,0.00661953,0.00661953
3,75.2281,5.88256,8.41534,4.16315,1e-05,0.00213,1e-05,0,6.18096,8.84083,5.15739,0.0099419,0.0099419,0.0099419
4,99.6585,5.54405,5.55997,3.86496,1e-05,0.00213,1e-05,0,5.23441,5.0104,2.90129,0.00997525,0.00997525,0.00997525
5,124.088,4.35783,4.39172,2.89135,0.00029,0.00851,0.00014,3e-05,4.88,6.22916,3.4019,0.009967,0.009967,0.009967
6,148.531,4.13563,4.34133,2.70004,0.00254,0.01489,0.00132,0.00024,4.41942,4.61249,2.6147,0.00995875,0.00995875,0.00995875
7,173.029,4.1022,4.36655,2.67873,0.00053,0.00426,0.00013,3e-05,4.67432,6.01767,2.76356,0.0099505,0.0099505,0.0099505
8,197.178,4.06037,4.39429,2.67911,0.00077,0.07447,0.00044,0.0001,4.15645,4.4522,2.32012,0.00994225,0.00994225,0.00994225
9,221.075,3.93064,4.38441,2.63404,0.0011,0.01064,0.00056,0.00013,4.13565,4.64865,2.28303,0.009934,0.009934,0.009934
10,245.256,3.89758,4.39391,2.62567,0.00081,0.07021,0.00046,9e-05,4.03833,4.53895,2.24974,0.00992575,0.00992575,0.00992575
11,269.367,3.8831,4.37633,2.68118,0.00164,0.12979,0.00108,0.00022,3.94691,4.52172,2.45339,0.0099175,0.0099175,0.0099175
12,292.797,3.83966,4.40997,2.67125,0.00163,0.00426,0.00082,0.00029,4.69474,5.26929,2.63194,0.00990925,0.00990925,0.00990925
13,316.806,3.76648,4.45241,2.64771,0.0013,0.07447,0.00073,0.00018,3.79127,4.70671,2.35092,0.009901,0.009901,0.009901
14,340.892,3.69945,4.42205,2.6828,0.00167,0.19149,0.00126,0.00025,3.6665,4.49589,2.37106,0.00989275,0.00989275,0.00989275
15,365.462,3.68083,4.42477,2.64749,0.00141,0.18511,0.001,0.00023,3.69708,4.59774,2.37102,0.0098845,0.0098845,0.0098845
16,389.611,3.63702,4.43572,2.62295,0.00122,0.14043,0.00094,0.0002,3.67664,4.87136,2.40038,0.00987625,0.00987625,0.00987625
17,413.742,3.62408,4.45126,2.60959,0.00166,0.12979,0.00119,0.00026,3.58859,4.56549,2.26185,0.009868,0.009868,0.009868
18,438.28,3.57579,4.41222,2.60554,0.00151,0.1234,0.001,0.00028,3.61346,4.6337,2.35989,0.00985975,0.00985975,0.00985975
19,462.774,3.5819,4.42055,2.57453,0.00135,0.09362,0.00092,0.00024,3.65125,4.61119,2.43433,0.0098515,0.0098515,0.0098515
20,486.764,3.57092,4.43804,2.57129,0.0017,0.19362,0.00131,0.00033,3.56649,4.46516,2.3344,0.00984325,0.00984325,0.00984325
21,511.32,3.55498,4.43281,2.58155,0.00147,0.21702,0.00103,0.00024,3.56203,4.53653,2.32855,0.009835,0.009835,0.009835
22,535.397,3.54462,4.45254,2.57948,0.00139,0.20638,0.00178,0.00035,3.5014,4.60994,2.31334,0.00982675,0.00982675,0.00982675
23,559.972,3.51348,4.45085,2.58448,0.00154,0.23191,0.00115,0.00026,3.45791,4.64446,2.25217,0.0098185,0.0098185,0.0098185
24,584.006,3.46719,4.44736,2.55842,0.0019,0.15106,0.00125,0.0003,3.54216,4.58888,2.32435,0.00981025,0.00981025,0.00981025
25,608.149,3.4718,4.38816,2.55204,0.00109,0.15106,0.00092,0.0002,3.56197,4.62461,2.33753,0.009802,0.009802,0.009802
26,632.278,3.44127,4.35901,2.53148,0.0018,0.25957,0.00137,0.00037,3.48449,4.43014,2.28666,0.00979375,0.00979375,0.00979375
27,656.409,3.42455,4.37419,2.51672,0.00169,0.2383,0.00166,0.00036,3.51225,4.50615,2.37888,0.0097855,0.0097855,0.0097855
28,680.899,3.43777,4.38825,2.55263,0.00161,0.23404,0.00165,0.00042,3.46058,4.48283,2.30461,0.00977725,0.00977725,0.00977725
29,705.467,3.41557,4.38076,2.4993,0.00178,0.2383,0.00174,0.00043,3.49719,4.45477,2.3292,0.009769,0.009769,0.009769
30,730.103,3.37564,4.3387,2.51042,0.00189,0.25532,0.00181,0.0004,3.49723,4.49468,2.32664,0.00976075,0.00976075,0.00976075
31,754.293,3.36327,4.32692,2.49689,0.00233,0.25319,0.00294,0.00063,3.39466,4.29979,2.36106,0.0097525,0.0097525,0.0097525
32,778.827,3.36627,4.31348,2.47199,0.00199,0.2,0.00211,0.00053,3.3532,4.40789,2.32845,0.00974425,0.00974425,0.00974425
33,802.939,3.31211,4.29631,2.45488,0.0026,0.19574,0.00198,0.00047,3.33967,4.32313,2.30568,0.009736,0.009736,0.009736
34,827.113,3.35693,4.30311,2.47335,0.00207,0.22128,0.00192,0.00044,3.37427,4.35149,2.30189,0.00972775,0.00972775,0.00972775
35,851.142,3.30313,4.29711,2.46166,0.00202,0.24681,0.00157,0.00036,3.33999,4.34999,2.30368,0.0097195,0.0097195,0.0097195
36,875.322,3.33358,4.31624,2.45093,0.00196,0.28936,0.00274,0.00071,3.35703,4.36589,2.31692,0.00971125,0.00971125,0.00971125
37,899.949,3.28463,4.26378,2.46564,0.00195,0.27872,0.00258,0.00062,3.3553,4.31983,2.30658,0.009703,0.009703,0.009703
38,924.056,3.28172,4.28386,2.45887,0.00154,0.22766,0.00179,0.00041,3.28558,4.33999,2.28108,0.00969475,0.00969475,0.00969475
39,948.169,3.27697,4.24887,2.45789,0.00249,0.3617,0.00354,0.00081,3.34791,4.13552,2.3675,0.0096865,0.0096865,0.0096865
40,972.618,3.26492,4.23758,2.44928,0.00195,0.28298,0.00297,0.00059,3.44808,4.35839,2.40438,0.00967825,0.00967825,0.00967825
41,996.599,3.26962,4.25078,2.44191,0.00216,0.30426,0.00264,0.00055,3.35494,4.23387,2.3493,0.00967,0.00967,0.00967
42,1020.8,3.25984,4.25736,2.43385,0.00226,0.31702,0.00229,0.00054,3.34949,4.37494,2.26426,0.00966175,0.00966175,0.00966175
43,1044.89,3.2501,4.25622,2.41976,0.00246,0.30426,0.00307,0.00075,3.2906,4.26413,2.26323,0.0096535,0.0096535,0.0096535
44,1069.05,3.27165,4.26843,2.43176,0.00158,0.2383,0.00199,0.0005,3.31127,4.4577,2.32433,0.00964525,0.00964525,0.00964525
45,1093.15,3.24151,4.29079,2.42299,0.00223,0.29362,0.0026,0.00064,3.38705,4.26273,2.26864,0.009637,0.009637,0.009637
46,1117.32,3.24095,4.27882,2.42383,0.00232,0.28723,0.00408,0.00091,3.37515,4.28343,2.3224,0.00962875,0.00962875,0.00962875
47,1141.85,3.25155,4.26704,2.41336,0.00237,0.28936,0.00428,0.00099,3.40181,4.39179,2.36697,0.0096205,0.0096205,0.0096205
48,1166.42,3.2546,4.28986,2.42018,0.00213,0.20638,0.0028,0.00066,3.49384,4.37303,2.42597,0.00961225,0.00961225,0.00961225
49,1190.55,3.25504,4.2403,2.42934,0.00208,0.30213,0.00346,0.00077,3.34112,4.36749,2.31999,0.009604,0.009604,0.009604
50,1214.59,3.26245,4.26486,2.41046,0.00244,0.27021,0.00374,0.00091,3.32553,4.28192,2.42522,0.00959575,0.00959575,0.00959575
51,1238.72,3.187,4.24279,2.40499,0.00226,0.3383,0.00342,0.00086,3.29174,4.27092,2.36406,0.0095875,0.0095875,0.0095875
52,1262.86,3.22248,4.26453,2.40594,0.00232,0.34255,0.00379,0.00088,3.33601,4.28983,2.35181,0.00957925,0.00957925,0.00957925
53,1286.96,3.16929,4.24813,2.41543,0.00233,0.32979,0.00304,0.00074,3.28138,4.22072,2.35488,0.009571,0.009571,0.009571
54,1311.14,3.21567,4.2811,2.39192,0.00062,0.08936,0.0005,0.00014,3.82575,5.10714,2.50408,0.00956275,0.00956275,0.00956275
55,1335.27,3.24823,4.31456,2.42805,0.00247,0.30638,0.00439,0.00097,3.23806,4.21466,2.2982,0.0095545,0.0095545,0.0095545
56,1359.42,3.18754,4.26668,2.40465,0.00249,0.32128,0.00286,0.00073,3.25919,4.27749,2.34023,0.00954625,0.00954625,0.00954625
57,1383.54,3.18479,4.26941,2.41865,0.00265,0.38085,0.00426,0.00106,3.30286,4.2225,2.41395,0.009538,0.009538,0.009538
58,1408.09,3.20875,4.27222,2.41306,0.0018,0.20851,0.00319,0.0007,3.42533,4.45169,2.45497,0.00952975,0.00952975,0.00952975
59,1432.18,3.22439,4.25898,2.41304,0.00243,0.33404,0.00427,0.00106,3.33368,4.20654,2.42222,0.0095215,0.0095215,0.0095215
60,1456.71,3.21477,4.21713,2.42051,0.00253,0.38298,0.00362,0.0009,3.2123,4.16441,2.35422,0.00951325,0.00951325,0.00951325
61,1480.79,3.18478,4.23834,2.4134,0.00273,0.38936,0.00391,0.00091,3.26552,4.16248,2.37547,0.009505,0.009505,0.009505
62,1504.87,3.18621,4.20515,2.40932,0.00265,0.35319,0.00385,0.00087,3.30199,4.20547,2.36993,0.00949675,0.00949675,0.00949675
63,1528.94,3.17844,4.20932,2.40035,0.00247,0.36809,0.00449,0.00104,3.28457,4.23432,2.39777,0.0094885,0.0094885,0.0094885
64,1553.48,3.19225,4.23663,2.40584,0.0024,0.35532,0.00415,0.00104,3.2001,4.25492,2.32114,0.00948025,0.00948025,0.00948025
65,1577.66,3.22807,4.24147,2.41101,0.00255,0.30213,0.00425,0.00091,3.27686,4.26742,2.4378,0.009472,0.009472,0.009472
66,1601.78,3.13839,4.16178,2.37033,0.00251,0.36809,0.00422,0.00097,3.26682,4.15431,2.38272,0.00946375,0.00946375,0.00946375
67,1625.95,3.17082,4.16396,2.40244,0.00179,0.27021,0.00193,0.00056,3.22374,4.3247,2.37343,0.0094555,0.0094555,0.0094555
68,1649.94,3.12637,4.15242,2.36621,0.002,0.30426,0.00212,0.00058,3.25836,4.53244,2.41605,0.00944725,0.00944725,0.00944725
69,1674.12,3.14541,4.18138,2.39436,0.00254,0.38511,0.00414,0.00106,3.23884,4.15016,2.36441,0.009439,0.009439,0.009439
70,1698.18,3.17129,4.19581,2.41067,0.00254,0.25106,0.0076,0.00258,3.3625,4.2772,2.40519,0.00943075,0.00943075,0.00943075
71,1722.83,3.17869,4.19243,2.40619,0.00263,0.4,0.00508,0.00125,3.2164,4.13327,2.32708,0.0094225,0.0094225,0.0094225
72,1746.88,3.14885,4.18878,2.39466,0.00231,0.34468,0.00391,0.00096,3.20446,4.21807,2.35182,0.00941425,0.00941425,0.00941425
73,1770.99,3.14121,4.20894,2.38748,0.00204,0.21064,0.00767,0.00315,3.38163,4.38863,2.44409,0.009406,0.009406,0.009406
74,1795.52,3.1447,4.19383,2.39805,0.00223,0.22766,0.00327,0.00083,3.36235,4.33053,2.4293,0.00939775,0.00939775,0.00939775
75,1819.6,3.1328,4.13492,2.41848,0.00253,0.38085,0.00498,0.00123,3.20854,4.28777,2.39493,0.0093895,0.0093895,0.0093895
76,1843.72,3.10984,4.16827,2.36176,0.00287,0.40851,0.00341,0.00087,3.17295,4.20215,2.35004,0.00938125,0.00938125,0.00938125
77,1868.11,3.11953,4.14824,2.37468,0.00265,0.39787,0.0041,0.00096,3.22306,4.14295,2.39323,0.009373,0.009373,0.009373
78,1892.34,3.09892,4.1211,2.38685,0.00276,0.38085,0.00544,0.00118,3.23507,4.1336,2.39946,0.00936475,0.00936475,0.00936475
79,1916.47,3.13691,4.17746,2.38391,0.0027,0.39149,0.00459,0.00102,3.23685,4.16248,2.42595,0.0093565,0.0093565,0.0093565
80,1940.53,3.11058,4.10442,2.38655,0.00281,0.42766,0.00629,0.00133,3.18855,4.04193,2.4143,0.00934825,0.00934825,0.00934825
81,1964.52,3.13196,4.08618,2.40147,0.00268,0.40638,0.00468,0.00115,3.20425,4.13691,2.39699,0.00934,0.00934,0.00934
82,1988.67,3.14582,4.135,2.39274,0.00285,0.43191,0.0058,0.00142,3.15718,4.07757,2.35969,0.00933175,0.00933175,0.00933175
83,2012.64,3.07298,4.1256,2.35869,0.00289,0.43617,0.00606,0.00136,3.11935,4.0689,2.36791,0.0093235,0.0093235,0.0093235
84,2036.77,3.10168,4.1422,2.37157,0.00239,0.35745,0.00476,0.00104,3.17289,4.29616,2.37381,0.00931525,0.00931525,0.00931525
85,2060.9,3.1095,4.10039,2.37468,0.00263,0.39574,0.00638,0.0015,3.21557,4.0893,2.41024,0.009307,0.009307,0.009307
86,2085.01,3.09452,4.09181,2.35852,0.00253,0.37447,0.0052,0.00122,3.19332,4.16294,2.36826,0.00929875,0.00929875,0.00929875
87,2109.09,3.09992,4.08225,2.36429,0.00237,0.35957,0.00594,0.0016,3.1823,4.25223,2.35919,0.0092905,0.0092905,0.0092905
88,2133.18,3.0963,4.08643,2.37121,0.003,0.45745,0.00719,0.00193,3.13698,4.10654,2.36056,0.00928225,0.00928225,0.00928225
89,2157.24,3.06951,4.02744,2.34512,0.05681,0.00638,0.00762,0.00181,3.10382,4.09942,2.33119,0.009274,0.009274,0.009274
90,2181.4,3.07924,4.0273,2.34894,0.00283,0.42553,0.01026,0.0021,3.19371,4.06292,2.34561,0.00926575,0.00926575,0.00926575
91,2205.5,3.06778,4.04298,2.33755,0.00275,0.41064,0.01399,0.00426,3.15611,4.01493,2.36808,0.0092575,0.0092575,0.0092575
92,2230.03,3.08834,4.02709,2.33049,0.0027,0.4,0.013,0.00275,3.12206,4.12095,2.29796,0.00924925,0.00924925,0.00924925
93,2254.1,3.07009,4.02355,2.35573,0.06633,0.04043,0.01215,0.00343,3.10343,4.1151,2.32042,0.009241,0.009241,0.009241
94,2278.19,3.05235,4.00998,2.32882,0.03589,0.05957,0.00895,0.00256,3.09892,4.09961,2.33315,0.00923275,0.00923275,0.00923275
95,2302.32,3.05376,4.00594,2.34875,0.19068,0.0234,0.02597,0.00592,3.0553,3.98761,2.30961,0.0092245,0.0092245,0.0092245
96,2326.9,3.07808,3.96412,2.34553,0.14461,0.02766,0.02112,0.00614,3.06845,4.09523,2.30142,0.00921625,0.00921625,0.00921625
97,2351.12,3.07126,4.0046,2.37226,0.01262,0.25106,0.01481,0.00352,3.07194,4.01118,2.34376,0.009208,0.009208,0.009208
98,2375.28,3.05083,3.95944,2.34886,0.04753,0.05532,0.01108,0.00256,3.13155,4.07943,2.34568,0.00919975,0.00919975,0.00919975
99,2399.23,3.08776,3.96474,2.35022,0.095,0.02553,0.01647,0.00527,3.10416,4.00221,2.30612,0.0091915,0.0091915,0.0091915
100,2423.41,3.00822,3.94539,2.32651,0.09088,0.04468,0.0133,0.00306,3.04273,3.96008,2.3017,0.00918325,0.00918325,0.00918325
101,2447.6,3.02908,3.89813,2.33365,0.13766,0.03191,0.01706,0.00474,2.99372,3.93709,2.30785,0.009175,0.009175,0.009175
102,2471.62,3.06033,3.97022,2.35472,0.06512,0.0234,0.01461,0.00351,3.05711,3.91059,2.31085,0.00916675,0.00916675,0.00916675
103,2495.83,3.01107,3.91529,2.33062,0.04303,0.00851,0.01168,0.00297,3.12059,3.94879,2.36859,0.0091585,0.0091585,0.0091585
104,2519.98,3.01575,3.85764,2.33293,0.13758,0.0617,0.02305,0.00559,3.0959,3.88039,2.32287,0.00915025,0.00915025,0.00915025
105,2544.16,2.99764,3.89881,2.31384,0.06064,0.0383,0.01548,0.00422,3.02666,3.94717,2.32735,0.009142,0.009142,0.009142
106,2568.3,3.02979,3.87116,2.3354,0.0725,0.08511,0.01703,0.00448,3.04272,3.91243,2.30912,0.00913375,0.00913375,0.00913375
107,2592.36,3.02974,3.84939,2.34463,0.15066,0.03661,0.02463,0.00581,3.0637,3.86935,2.31732,0.0091255,0.0091255,0.0091255
108,2616.49,2.97258,3.86907,2.29291,0.11365,0.0234,0.01715,0.00589,2.99255,3.8874,2.30937,0.00911725,0.00911725,0.00911725
109,2640.76,3.01194,3.86684,2.30801,0.14037,0.02779,0.02309,0.00584,2.98812,3.92545,2.29216,0.009109,0.009109,0.009109
110,2665.09,2.99312,3.85391,2.30867,0.08956,0.04468,0.02053,0.00507,2.98882,3.90077,2.28447,0.00910075,0.00910075,0.00910075
111,2689.25,2.96155,3.83319,2.29885,0.03493,0.04255,0.00739,0.00142,3.32748,4.71682,2.36687,0.0090925,0.0090925,0.0090925
112,2713.43,2.95947,3.83018,2.31794,0.11693,0.07447,0.02862,0.00918,3.01691,3.83434,2.3286,0.00908425,0.00908425,0.00908425
113,2738.05,2.9758,3.81991,2.32325,0.14288,0.04255,0.02079,0.00516,3.02742,3.92865,2.28889,0.009076,0.009076,0.009076
114,2762.19,2.97755,3.80661,2.32021,0.20643,0.04468,0.02936,0.00717,2.98755,3.85222,2.28496,0.00906775,0.00906775,0.00906775
115,2786.23,2.98818,3.8179,2.30497,0.1879,0.05106,0.03179,0.00722,2.99026,3.85532,2.30123,0.0090595,0.0090595,0.0090595
116,2810.42,2.96668,3.81111,2.31457,0.16464,0.05745,0.03406,0.00761,3.00521,3.84943,2.32825,0.00905125,0.00905125,0.00905125
117,2834.47,2.95751,3.76923,2.30677,0.17682,0.04681,0.03169,0.00805,2.98585,3.83054,2.31418,0.009043,0.009043,0.009043
118,2858.56,2.91468,3.76296,2.28631,0.13873,0.04681,0.02689,0.00653,2.97625,3.83082,2.29897,0.00903475,0.00903475,0.00903475
119,2882.7,2.93944,3.78275,2.29073,0.12296,0.06383,0.03023,0.00713,2.97481,3.80286,2.32482,0.0090265,0.0090265,0.0090265
120,2906.81,2.91271,3.72227,2.2727,0.16979,0.06809,0.03541,0.00966,3.01092,3.78295,2.30775,0.00901825,0.00901825,0.00901825
121,2931.25,2.87969,3.71377,2.26923,0.16303,0.08511,0.04441,0.01127,2.93869,3.65319,2.27682,0.00901,0.00901,0.00901
122,2955.72,2.88365,3.76225,2.27349,0.13997,0.07064,0.03081,0.00874,2.99205,3.79815,2.31854,0.00900175,0.00900175,0.00900175
123,2979.84,2.88989,3.72162,2.26935,0.14056,0.04894,0.02786,0.00836,2.94869,3.7862,2.2865,0.0089935,0.0089935,0.0089935
124,3004.03,2.91124,3.70428,2.29877,0.18682,0.06809,0.04584,0.01196,2.88451,3.77843,2.26732,0.00898525,0.00898525,0.00898525
125,3028.62,2.89396,3.71157,2.27904,0.14361,0.0766,0.03856,0.01029,2.96203,3.66392,2.28048,0.008977,0.008977,0.008977
126,3052.76,2.903,3.67104,2.27322,0.1774,0.06837,0.0342,0.00922,2.96278,3.74184,2.31031,0.00896875,0.00896875,0.00896875
127,3076.83,2.90572,3.70326,2.27117,0.12088,0.07234,0.03227,0.00763,2.97578,3.75721,2.26353,0.0089605,0.0089605,0.0089605
128,3101.03,2.87637,3.65051,2.24038,0.19308,0.07234,0.05271,0.01409,2.91595,3.70905,2.28428,0.00895225,0.00895225,0.00895225
129,3125.68,2.83913,3.65869,2.25477,0.17137,0.09787,0.05442,0.01343,2.88265,3.80285,2.27478,0.008944,0.008944,0.008944
130,3149.85,2.84144,3.65006,2.25192,0.15376,0.09085,0.0402,0.01027,2.89577,3.72681,2.26934,0.00893575,0.00893575,0.00893575
131,3174.01,2.89396,3.63931,2.26323,0.17484,0.0766,0.04659,0.01404,2.88389,3.642,2.28158,0.0089275,0.0089275,0.0089275
132,3198.15,2.86006,3.67729,2.2657,0.20526,0.08133,0.04704,0.01294,2.85874,3.61158,2.26832,0.00891925,0.00891925,0.00891925
133,3222.32,2.84536,3.65041,2.25554,0.1547,0.09423,0.04598,0.01334,2.86586,3.6836,2.26861,0.008911,0.008911,0.008911
134,3246.27,2.8172,3.58697,2.22581,0.16311,0.09787,0.04815,0.01451,2.85088,3.64035,2.24392,0.00890275,0.00890275,0.00890275
135,3270.42,2.84964,3.58508,2.2486,0.20343,0.11277,0.05516,0.01465,2.80076,3.64966,2.27261,0.0088945,0.0088945,0.0088945
136,3294.94,2.83366,3.61716,2.23413,0.15272,0.09127,0.05069,0.01393,2.88328,3.6202,2.29721,0.00888625,0.00888625,0.00888625
137,3319,2.82826,3.62607,2.24197,0.15304,0.0766,0.04413,0.01457,2.81536,3.72819,2.25875,0.008878,0.008878,0.008878
138,3343.26,2.85345,3.65017,2.26152,0.14248,0.09149,0.04893,0.01339,2.93075,3.62486,2.30398,0.00886975,0.00886975,0.00886975
139,3367.54,2.846,3.62212,2.25262,0.11646,0.06809,0.03862,0.01462,2.81826,3.73637,2.25556,0.0088615,0.0088615,0.0088615
140,3391.16,2.80323,3.59355,2.21787,0.15697,0.10213,0.04841,0.0143,2.84099,3.56394,2.25657,0.00885325,0.00885325,0.00885325
141,3414.69,2.78866,3.57929,2.2279,0.21669,0.08085,0.05256,0.01509,2.86633,3.58006,2.30194,0.008845,0.008845,0.008845
142,3439.31,2.80511,3.61081,2.23316,0.13192,0.09787,0.03394,0.00896,2.87674,3.61426,2.28584,0.00883675,0.00883675,0.00883675
143,3463.43,2.80902,3.59908,2.23371,0.18751,0.08936,0.06049,0.01616,2.85663,3.55804,2.25164,0.0088285,0.0088285,0.0088285
144,3488.06,2.80521,3.57873,2.23054,0.2032,0.10213,0.06718,0.01791,2.81351,3.53778,2.26728,0.00882025,0.00882025,0.00882025
145,3512.22,2.79677,3.57173,2.23209,0.1452,0.09574,0.0548,0.01752,2.7777,3.59447,2.23712,0.008812,0.008812,0.008812
146,3536.17,2.79219,3.5871,2.22675,0.19935,0.08936,0.05183,0.01669,2.817,3.66278,2.27264,0.00880375,0.00880375,0.00880375
147,3560.34,2.79835,3.57457,2.22317,0.17755,0.09149,0.0526,0.01685,2.83485,3.64573,2.25694,0.0087955,0.0087955,0.0087955
148,3584.54,2.77496,3.58553,2.2288,0.16775,0.09787,0.04886,0.01406,2.83469,3.59365,2.26132,0.00878725,0.00878725,0.00878725
149,3608.61,2.76417,3.54311,2.20901,0.19135,0.09574,0.06133,0.01704,2.84466,3.56325,2.2606,0.008779,0.008779,0.008779
150,3632.75,2.74715,3.51181,2.19541,0.20937,0.10851,0.05819,0.01777,2.78413,3.54368,2.21067,0.00877075,0.00877075,0.00877075
151,3656.58,2.77212,3.54623,2.21258,0.1726,0.09362,0.05319,0.01697,2.82779,3.56286,2.24268,0.0087625,0.0087625,0.0087625
152,3680.77,2.70845,3.54612,2.18688,0.20737,0.09149,0.05729,0.01893,2.82812,3.55157,2.23744,0.00875425,0.00875425,0.00875425
153,3704.92,2.76227,3.5039,2.21707,0.18158,0.10426,0.06327,0.01747,2.80323,3.50009,2.24402,0.008746,0.008746,0.008746
154,3729.2,2.76169,3.53983,2.18482,0.19136,0.11064,0.06417,0.02094,2.7434,3.54768,2.21646,0.00873775,0.00873775,0.00873775
155,3753.72,2.73885,3.55586,2.19367,0.27263,0.08298,0.06986,0.0182,2.77529,3.52629,2.24164,0.0087295,0.0087295,0.0087295
156,3777.81,2.78382,3.49559,2.19996,0.23408,0.09362,0.06569,0.02055,2.80379,3.54929,2.26236,0.00872125,0.00872125,0.00872125
157,3802.03,2.76944,3.52979,2.20467,0.18893,0.09149,0.06707,0.02001,2.79574,3.4932,2.25675,0.008713,0.008713,0.008713
158,3825.73,2.73756,3.52148,2.19533,0.16728,0.11489,0.05731,0.0178,2.83559,3.48736,2.26589,0.00870475,0.00870475,0.00870475
159,3850.11,2.73368,3.53799,2.1922,0.22912,0.10638,0.06843,0.02073,2.80835,3.52225,2.26104,0.0086965,0.0086965,0.0086965
160,3874.64,2.74268,3.50008,2.18944,0.1881,0.08723,0.06001,0.01916,2.80733,3.60071,2.21939,0.00868825,0.00868825,0.00868825
161,3898.64,2.74262,3.50623,2.18379,0.22785,0.10638,0.06781,0.02283,2.79202,3.54117,2.23567,0.00868,0.00868,0.00868
162,3923.15,2.70471,3.43498,2.15745,0.15732,0.09574,0.06365,0.02198,2.78983,3.49651,2.21238,0.00867175,0.00867175,0.00867175
163,3947.2,2.70086,3.45946,2.16543,0.17523,0.09493,0.0501,0.01396,2.79043,3.54674,2.2265,0.0086635,0.0086635,0.0086635
164,3971.32,2.66502,3.42007,2.15009,0.23117,0.10213,0.08237,0.02441,2.80583,3.48492,2.24785,0.00865525,0.00865525,0.00865525
165,3995.9,2.70214,3.51557,2.17229,0.20572,0.10426,0.08027,0.02634,2.73629,3.48031,2.22673,0.008647,0.008647,0.008647
166,4020.67,2.66427,3.44995,2.14613,0.15257,0.11837,0.06146,0.01909,2.77213,3.46976,2.22332,0.00863875,0.00863875,0.00863875
167,4044.62,2.67439,3.46009,2.1605,0.17271,0.11904,0.08291,0.02971,2.73564,3.42092,2.2058,0.0086305,0.0086305,0.0086305
168,4068.88,2.69034,3.46871,2.15865,0.17475,0.10213,0.0822,0.02726,2.7521,3.46302,2.22448,0.00862225,0.00862225,0.00862225
169,4093.24,2.6669,3.38735,2.14789,0.19984,0.10213,0.07454,0.02474,2.70055,3.42325,2.1944,0.008614,0.008614,0.008614
170,4117.18,2.66671,3.43506,2.14015,0.1893,0.10638,0.0705,0.0209,2.73804,3.4833,2.19671,0.00860575,0.00860575,0.00860575
171,4141.31,2.64882,3.40711,2.12079,0.14606,0.10638,0.06177,0.02001,2.79921,3.48809,2.23445,0.0085975,0.0085975,0.0085975
172,4165.49,2.66425,3.44349,2.15408,0.19115,0.11064,0.07692,0.02696,2.71806,3.43852,2.18806,0.00858925,0.00858925,0.00858925
173,4189.64,2.64031,3.41703,2.13324,0.20573,0.10638,0.08261,0.02576,2.75176,3.47769,2.18992,0.008581,0.008581,0.008581
174,4213.57,2.65599,3.43421,2.15679,0.25748,0.10213,0.09678,0.02909,2.71648,3.42979,2.19974,0.00857275,0.00857275,0.00857275
175,4237.61,2.64709,3.39608,2.13835,0.24122,0.11296,0.07959,0.0289,2.73231,3.39498,2.21987,0.0085645,0.0085645,0.0085645
176,4261.71,2.6308,3.41463,2.11513,0.17191,0.10851,0.06809,0.02108,2.76324,3.52403,2.18164,0.00855625,0.00855625,0.00855625
177,4285.9,2.64707,3.40295,2.11998,0.20232,0.13617,0.08476,0.02935,2.70143,3.37505,2.18219,0.008548,0.008548,0.008548
178,4310.09,2.64426,3.402,2.14274,0.18962,0.11489,0.07331,0.02455,2.69798,3.44712,2.19175,0.00853975,0.00853975,0.00853975
179,4334.3,2.6615,3.38069,2.1369,0.18347,0.12766,0.08284,0.02437,2.71161,3.4108,2.21859,0.0085315,0.0085315,0.0085315
180,4358.48,2.64046,3.41822,2.12665,0.28059,0.08085,0.07999,0.0285,2.70224,3.4795,2.2045,0.00852325,0.00852325,0.00852325
181,4382.57,2.66623,3.39089,2.1381,0.195,0.11277,0.07075,0.02325,2.72918,3.44514,2.20358,0.008515,0.008515,0.008515
182,4406.73,2.60266,3.33467,2.1094,0.18138,0.09574,0.06055,0.02114,2.78612,3.52489,2.23091,0.00850675,0.00850675,0.00850675
183,4430.89,2.64077,3.3932,2.1428,0.19697,0.11064,0.07412,0.02508,2.69585,3.45869,2.18543,0.0084985,0.0084985,0.0084985
184,4455.15,2.6263,3.36233,2.12965,0.22747,0.11064,0.08592,0.03033,2.7049,3.40597,2.18303,0.00849025,0.00849025,0.00849025
185,4479.9,2.59548,3.35211,2.12673,0.20042,0.12553,0.08045,0.02515,2.7122,3.42691,2.19607,0.008482,0.008482,0.008482
186,4504.08,2.60907,3.33952,2.11796,0.20234,0.10213,0.07862,0.02499,2.68321,3.42859,2.17721,0.00847375,0.00847375,0.00847375
187,4528.16,2.64005,3.38797,2.13637,0.24855,0.10638,0.08494,0.02897,2.64429,3.42563,2.1836,0.0084655,0.0084655,0.0084655
188,4552.24,2.62768,3.36974,2.11919,0.24997,0.10851,0.09758,0.03107,2.65432,3.39612,2.17458,0.00845725,0.00845725,0.00845725
189,4576.93,2.60132,3.3617,2.11681,0.23083,0.11489,0.0812,0.02687,2.68205,3.39513,2.18443,0.008449,0.008449,0.008449
190,4601.09,2.59816,3.34977,2.11734,0.22172,0.11277,0.09413,0.03212,2.64253,3.4163,2.18787,0.00844075,0.00844075,0.00844075
191,4625.79,2.59604,3.33064,2.10909,0.3051,0.11064,0.09835,0.03223,2.64651,3.37165,2.18649,0.0084325,0.0084325,0.0084325
192,4650.44,2.5966,3.31525,2.11387,0.25996,0.11064,0.08799,0.03172,2.6774,3.45247,2.17509,0.00842425,0.00842425,0.00842425
193,4674.57,2.60063,3.30139,2.1017,0.21385,0.12128,0.08203,0.02885,2.65777,3.43491,2.17499,0.008416,0.008416,0.008416
194,4698.69,2.59598,3.3318,2.09128,0.21306,0.11915,0.08781,0.02906,2.67722,3.36898,2.17681,0.00840775,0.00840775,0.00840775
195,4722.86,2.60341,3.32306,2.12245,0.24386,0.10842,0.09882,0.03627,2.65377,3.34948,2.17291,0.0083995,0.0083995,0.0083995
196,4747.36,2.58765,3.35856,2.09836,0.23204,0.13951,0.09698,0.0352,2.62674,3.33935,2.15474,0.00839125,0.00839125,0.00839125
197,4771.5,2.5932,3.29279,2.10639,0.20179,0.13617,0.09215,0.03102,2.65579,3.34318,2.1664,0.008383,0.008383,0.008383
198,4795.46,2.59793,3.32858,2.12336,0.21043,0.1383,0.09226,0.03298,2.64306,3.3323,2.18944,0.00837475,0.00837475,0.00837475
199,4819.6,2.58147,3.31923,2.11732,0.193,0.13191,0.09871,0.0355,2.67236,3.35954,2.17798,0.0083665,0.0083665,0.0083665
200,4843.73,2.58912,3.28376,2.09895,0.21218,0.11702,0.09356,0.02873,2.64401,3.40157,2.20941,0.00835825,0.00835825,0.00835825
201,4867.88,2.58326,3.29702,2.08772,0.25849,0.11277,0.09145,0.02993,2.61786,3.42315,2.18243,0.00835,0.00835,0.00835
202,4892.04,2.60113,3.29304,2.11548,0.20769,0.12979,0.08855,0.02848,2.64908,3.36607,2.1664,0.00834175,0.00834175,0.00834175
203,4916.17,2.5346,3.22118,2.06983,0.2246,0.11915,0.08956,0.02735,2.62506,3.33827,2.16095,0.0083335,0.0083335,0.0083335
204,4940.39,2.57745,3.26359,2.07598,0.21614,0.16596,0.09224,0.03095,2.64725,3.3448,2.17264,0.00832525,0.00832525,0.00832525
205,4964.64,2.55775,3.26142,2.06795,0.2124,0.14894,0.09548,0.03272,2.66785,3.27735,2.15772,0.008317,0.008317,0.008317
206,4988.73,2.56111,3.24492,2.07964,0.23397,0.11915,0.09054,0.03228,2.66135,3.33313,2.17565,0.00830875,0.00830875,0.00830875
207,5012.84,2.59124,3.30283,2.11714,0.21104,0.1383,0.08951,0.03107,2.61702,3.31549,2.14501,0.0083005,0.0083005,0.0083005
208,5036.92,2.53634,3.2644,2.06986,0.21688,0.1383,0.10075,0.03709,2.60073,3.31065,2.15531,0.00829225,0.00829225,0.00829225
209,5061.53,2.51656,3.25672,2.0661,0.20475,0.14894,0.09657,0.03596,2.57904,3.31988,2.12284,0.008284,0.008284,0.008284
210,5085.66,2.54763,3.21891,2.07076,0.23543,0.14894,0.1092,0.03993,2.61699,3.3053,2.14337,0.00827575,0.00827575,0.00827575
211,5110.29,2.53931,3.24796,2.08022,0.21727,0.15532,0.10495,0.04054,2.59074,3.26515,2.15741,0.0082675,0.0082675,0.0082675
212,5134.86,2.5481,3.26594,2.0806,0.19041,0.13617,0.10143,0.03529,2.57511,3.31133,2.1347,0.00825925,0.00825925,0.00825925
213,5159,2.53845,3.27213,2.07726,0.24132,0.1383,0.09892,0.03636,2.60679,3.28477,2.14999,0.008251,0.008251,0.008251
214,5183.21,2.53701,3.21761,2.05885,0.24109,0.12979,0.10009,0.03507,2.59345,3.31577,2.15102,0.00824275,0.00824275,0.00824275
215,5207.39,2.55943,3.23978,2.0916,0.25313,0.1383,0.11277,0.04058,2.57297,3.28289,2.16044,0.0082345,0.0082345,0.0082345
216,5232.05,2.52229,3.22012,2.06719,0.25725,0.1383,0.1088,0.04082,2.59144,3.31119,2.13757,0.00822625,0.00822625,0.00822625
217,5256.13,2.52596,3.22091,2.07527,0.2534,0.14894,0.10772,0.03798,2.57167,3.26471,2.14002,0.008218,0.008218,0.008218
218,5280.36,2.52362,3.2297,2.05873,0.22818,0.14468,0.09317,0.03605,2.59012,3.31429,2.15132,0.00820975,0.00820975,0.00820975
219,5304.52,2.5197,3.22498,2.05782,0.25562,0.14468,0.11552,0.03935,2.59665,3.24159,2.14368,0.0082015,0.0082015,0.0082015
220,5328.68,2.50674,3.20034,2.05909,0.25542,0.1766,0.11745,0.04137,2.53337,3.24912,2.11194,0.00819325,0.00819325,0.00819325
221,5353.31,2.50672,3.17582,2.04322,0.23462,0.14894,0.10605,0.03969,2.58376,3.30097,2.16824,0.008185,0.008185,0.008185
222,5377.55,2.5523,3.23267,2.06679,0.20987,0.16383,0.10979,0.04107,2.5512,3.23948,2.14039,0.00817675,0.00817675,0.00817675
223,5401.71,2.51975,3.20079,2.04613,0.25478,0.17234,0.11601,0.04362,2.54172,3.24777,2.13408,0.0081685,0.0081685,0.0081685
224,5426.34,2.51336,3.19019,2.04593,0.24051,0.15532,0.11482,0.04591,2.54549,3.27848,2.1271,0.00816025,0.00816025,0.00816025
225,5450.96,2.51764,3.19966,2.054,0.23515,0.15957,0.12399,0.04608,2.57299,3.25486,2.133,0.008152,0.008152,0.008152
226,5475.83,2.4993,3.18246,2.05477,0.2803,0.12553,0.11784,0.04402,2.61446,3.28929,2.16379,0.00814375,0.00814375,0.00814375
227,5500.03,2.53602,3.20092,2.05937,0.23569,0.15319,0.11056,0.0401,2.5847,3.29698,2.13727,0.0081355,0.0081355,0.0081355
228,5524.23,2.48223,3.18525,2.04565,0.24915,0.15957,0.11922,0.04196,2.57942,3.18802,2.13245,0.00812725,0.00812725,0.00812725
229,5548.14,2.50387,3.18955,2.041,0.22226,0.16721,0.11456,0.03964,2.59603,3.19984,2.13332,0.008119,0.008119,0.008119
230,5572.39,2.50087,3.16837,2.05242,0.28242,0.14043,0.11886,0.04322,2.56686,3.2422,2.14829,0.00811075,0.00811075,0.00811075
231,5596.5,2.48309,3.14842,2.04037,0.25804,0.14043,0.11795,0.0429,2.53379,3.22226,2.13059,0.0081025,0.0081025,0.0081025
232,5620.7,2.44675,3.16597,2.02769,0.30909,0.15957,0.12114,0.04388,2.53901,3.20029,2.1198,0.00809425,0.00809425,0.00809425
233,5644.83,2.45896,3.14651,2.01699,0.27406,0.16386,0.11862,0.04115,2.56452,3.19978,2.12564,0.008086,0.008086,0.008086
234,5669.02,2.46747,3.14743,2.01761,0.29793,0.16884,0.12878,0.04688,2.55578,3.19007,2.13968,0.00807775,0.00807775,0.00807775
235,5693.61,2.45996,3.14411,2.02217,0.32126,0.16596,0.13261,0.04632,2.53109,3.22132,2.123,0.0080695,0.0080695,0.0080695
236,5717.79,2.45658,3.15329,2.02644,0.27324,0.14894,0.13034,0.04725,2.52889,3.21398,2.11551,0.00806125,0.00806125,0.00806125
237,5742.4,2.45205,3.08975,2.01782,0.23161,0.16383,0.12371,0.04577,2.52474,3.21955,2.11739,0.008053,0.008053,0.008053
238,5766.57,2.46959,3.15187,2.02087,0.25848,0.15745,0.11879,0.04348,2.53582,3.27533,2.13105,0.00804475,0.00804475,0.00804475
239,5790.73,2.44716,3.14124,2.0223,0.23945,0.1766,0.12841,0.04407,2.53566,3.17658,2.14632,0.0080365,0.0080365,0.0080365
240,5814.94,2.46827,3.14341,2.03726,0.26722,0.16383,0.1226,0.0416,2.56326,3.21939,2.13884,0.00802825,0.00802825,0.00802825
241,5839.08,2.47287,3.14188,2.02292,0.24151,0.15957,0.1125,0.04104,2.54014,3.26274,2.12669,0.00802,0.00802,0.00802
242,5863.26,2.47674,3.12124,2.03512,0.26116,0.16596,0.12236,0.04467,2.56081,3.20641,2.11614,0.00801175,0.00801175,0.00801175
243,5887.45,2.46197,3.15914,2.02472,0.29213,0.18298,0.13364,0.04875,2.54669,3.16508,2.11475,0.0080035,0.0080035,0.0080035
244,5912.2,2.47054,3.11734,2.01462,0.29431,0.15957,0.12043,0.04487,2.53416,3.17982,2.12939,0.00799525,0.00799525,0.00799525
245,5936.36,2.43679,3.1046,1.99711,0.27238,0.14681,0.12079,0.04467,2.50161,3.17718,2.11482,0.007987,0.007987,0.007987
246,5960.56,2.44871,3.14699,2.02499,0.28661,0.15106,0.12244,0.04511,2.52378,3.16296,2.10669,0.00797875,0.00797875,0.00797875
247,5984.73,2.4024,3.07389,1.99347,0.23175,0.15532,0.11411,0.04303,2.50257,3.18223,2.12697,0.0079705,0.0079705,0.0079705
248,6008.8,2.42262,3.11347,2.01323,0.23964,0.15532,0.12034,0.04266,2.51134,3.21614,2.1239,0.00796225,0.00796225,0.00796225
249,6032.96,2.43593,3.12658,2.00323,0.2881,0.14681,0.12914,0.04831,2.47634,3.18097,2.11593,0.007954,0.007954,0.007954
250,6057.11,2.4571,3.12504,2.02501,0.2991,0.14894,0.13093,0.05204,2.49194,3.15348,2.12919,0.00794575,0.00794575,0.00794575
251,6081.77,2.43085,3.08182,2.01319,0.29488,0.15319,0.13918,0.05296,2.54541,3.14851,2.13417,0.0079375,0.0079375,0.0079375
252,6106.24,2.42763,3.10365,2.00591,0.26503,0.16596,0.12704,0.04862,2.57077,3.13591,2.11178,0.00792925,0.00792925,0.00792925
253,6130.35,2.42133,3.04267,1.99109,0.28711,0.17447,0.12279,0.04751,2.51353,3.14757,2.10825,0.007921,0.007921,0.007921
254,6154.5,2.38777,3.02831,1.99227,0.26122,0.18936,0.12767,0.04985,2.4887,3.13791,2.09782,0.00791275,0.00791275,0.00791275
255,6178.6,2.41486,3.08851,1.99487,0.25832,0.18526,0.13371,0.04984,2.50401,3.14241,2.10041,0.0079045,0.0079045,0.0079045
256,6202.76,2.41933,3.07765,2.01379,0.27108,0.18936,0.13487,0.05045,2.46932,3.13011,2.10514,0.00789625,0.00789625,0.00789625
257,6226.99,2.42606,3.07327,2.01278,0.31559,0.16383,0.13817,0.05191,2.46727,3.11498,2.10185,0.007888,0.007888,0.007888
258,6251.07,2.39805,3.06288,1.98354,0.29928,0.17234,0.13709,0.05147,2.45965,3.11693,2.0768,0.00787975,0.00787975,0.00787975
259,6275.28,2.41493,3.05575,2.00614,0.28672,0.18723,0.14534,0.05521,2.47987,3.09911,2.11843,0.0078715,0.0078715,0.0078715
260,6300.11,2.42263,3.10456,1.99212,0.31453,0.17447,0.13946,0.0533,2.46237,3.10595,2.10038,0.00786325,0.00786325,0.00786325
261,6324.16,2.39097,3.00629,1.97108,0.25813,0.18085,0.14391,0.05521,2.46699,3.06647,2.10242,0.007855,0.007855,0.007855
262,6348.35,2.40387,3.0226,1.98172,0.29151,0.17447,0.14684,0.05737,2.47768,3.08173,2.1156,0.00784675,0.00784675,0.00784675
263,6373,2.40255,3.03369,1.99209,0.27896,0.18085,0.14224,0.05773,2.45426,3.06629,2.09394,0.0078385,0.0078385,0.0078385
264,6397.25,2.39112,3.01248,1.98289,0.28456,0.18298,0.14353,0.05696,2.48677,3.06274,2.10673,0.00783025,0.00783025,0.00783025
265,6421.52,2.38951,3.0436,1.97068,0.30985,0.18531,0.14575,0.05566,2.48402,3.08108,2.10235,0.007822,0.007822,0.007822
266,6445.71,2.36648,3.01226,1.97139,0.27855,0.18936,0.14746,0.05819,2.46434,3.09298,2.10176,0.00781375,0.00781375,0.00781375
267,6470.3,2.38583,3.03246,1.98577,0.30322,0.1617,0.14517,0.05612,2.47364,3.08397,2.09554,0.0078055,0.0078055,0.0078055
268,6494.42,2.37154,3.03752,1.98769,0.28981,0.17234,0.14569,0.06047,2.45525,3.08304,2.0911,0.00779725,0.00779725,0.00779725
269,6518.96,2.39523,3.05623,1.96209,0.28672,0.18132,0.14058,0.05532,2.46476,3.07861,2.06712,0.007789,0.007789,0.007789
270,6543.34,2.37811,3.04439,1.98208,0.27729,0.18085,0.13546,0.05605,2.46683,3.11036,2.07432,0.00778075,0.00778075,0.00778075
271,6567.57,2.34919,3.04296,1.96453,0.30463,0.17872,0.14263,0.05893,2.44796,3.05287,2.07486,0.0077725,0.0077725,0.0077725
272,6591.87,2.38212,3.02953,1.97063,0.32357,0.18723,0.15649,0.06284,2.43502,3.0227,2.0757,0.00776425,0.00776425,0.00776425
273,6616.52,2.34301,3.00794,1.95911,0.37027,0.16389,0.15221,0.0602,2.47156,3.04782,2.08431,0.007756,0.007756,0.007756
274,6640.8,2.34518,3.02592,1.96015,0.29377,0.18511,0.15461,0.06111,2.45138,3.05588,2.09584,0.00774775,0.00774775,0.00774775
275,6664.84,2.33942,3.00007,1.96896,0.32027,0.18085,0.14749,0.06014,2.43578,3.04456,2.07657,0.0077395,0.0077395,0.0077395
276,6689.13,2.35631,3.03015,1.96695,0.33053,0.18936,0.16474,0.06726,2.42429,2.99842,2.06193,0.00773125,0.00773125,0.00773125
277,6713.92,2.37415,3.0072,1.96903,0.30399,0.19574,0.16305,0.06979,2.44603,3.00688,2.06259,0.007723,0.007723,0.007723
278,6738.73,2.36368,3.02183,1.95814,0.3198,0.19574,0.16625,0.06919,2.43159,3.03283,2.06646,0.00771475,0.00771475,0.00771475
279,6762.9,2.34674,3.00506,1.9566,0.2926,0.18298,0.15622,0.06796,2.43945,3.04278,2.05799,0.0077065,0.0077065,0.0077065
280,6787.11,2.31572,2.93098,1.93878,0.32656,0.19149,0.16732,0.06801,2.42437,3.01723,2.07839,0.00769825,0.00769825,0.00769825
281,6811.41,2.36638,2.9746,1.9591,0.34663,0.20638,0.16825,0.0699,2.43105,3.01197,2.07629,0.00769,0.00769,0.00769
282,6836.2,2.35612,2.97484,1.95173,0.30186,0.18511,0.16276,0.06955,2.39568,3.00943,2.06109,0.00768175,0.00768175,0.00768175
283,6860.51,2.30446,2.94834,1.93421,0.29096,0.18511,0.15105,0.066,2.41555,3.03047,2.0694,0.0076735,0.0076735,0.0076735
284,6884.85,2.30419,2.92386,1.92859,0.29093,0.19362,0.16543,0.06989,2.40782,3.01596,2.05683,0.00766525,0.00766525,0.00766525
285,6909.2,2.33727,2.93539,1.94331,0.28128,0.21064,0.15906,0.06824,2.38675,3.01718,2.06642,0.007657,0.007657,0.007657
286,6933.56,2.35309,2.95794,1.95861,0.29333,0.20638,0.15796,0.06936,2.41945,2.99389,2.07631,0.00764875,0.00764875,0.00764875
287,6957.7,2.31592,2.96619,1.93741,0.30248,0.20638,0.16018,0.06918,2.42855,2.97969,2.06499,0.0076405,0.0076405,0.0076405
288,6982.14,2.32726,2.95147,1.93807,0.32141,0.22979,0.17858,0.06985,2.39815,2.9904,2.07072,0.00763225,0.00763225,0.00763225
289,7006.74,2.33583,2.95888,1.94646,0.33317,0.22553,0.17329,0.07386,2.41087,2.98747,2.08366,0.007624,0.007624,0.007624
290,7031.41,2.32279,2.89878,1.93394,0.32427,0.21277,0.17678,0.07155,2.4171,2.99444,2.07527,0.00761575,0.00761575,0.00761575
291,7055.74,2.32513,2.94594,1.93975,0.36498,0.22766,0.18164,0.07169,2.39511,2.96331,2.0598,0.0076075,0.0076075,0.0076075
292,7080.06,2.28738,2.89168,1.92544,0.31628,0.21161,0.16711,0.06936,2.3731,2.97777,2.0554,0.00759925,0.00759925,0.00759925
293,7104.34,2.33074,2.95173,1.93855,0.32249,0.22979,0.16082,0.06862,2.37911,2.96548,2.04937,0.007591,0.007591,0.007591
294,7128.7,2.31538,2.91167,1.93136,0.29953,0.21489,0.16727,0.0728,2.37255,2.95333,2.03934,0.00758275,0.00758275,0.00758275
295,7153.04,2.27801,2.85795,1.91907,0.32828,0.235,0.17656,0.07704,2.37557,2.91175,2.03931,0.0075745,0.0075745,0.0075745
296,7177.54,2.31717,2.9148,1.92866,0.30845,0.20638,0.17777,0.07578,2.35993,2.93405,2.03357,0.00756625,0.00756625,0.00756625
297,7201.76,2.32083,2.94605,1.92869,0.3614,0.2234,0.19419,0.0841,2.36189,2.9344,2.03981,0.007558,0.007558,0.007558
298,7226.46,2.26986,2.82475,1.89654,0.41696,0.21489,0.19242,0.08493,2.36144,2.94272,2.04262,0.00754975,0.00754975,0.00754975
299,7251.04,2.30096,2.88907,1.91959,0.34776,0.22235,0.18231,0.07776,2.37523,2.93356,2.04804,0.0075415,0.0075415,0.0075415
300,7275.25,2.30934,2.91384,1.92635,0.36824,0.21489,0.18508,0.08139,2.37643,2.97495,2.03798,0.00753325,0.00753325,0.00753325
301,7299.4,2.28566,2.88633,1.91676,0.34748,0.2383,0.20143,0.08782,2.37678,2.92232,2.03964,0.007525,0.007525,0.007525
302,7323.99,2.26315,2.86485,1.89854,0.34362,0.23391,0.20382,0.0872,2.39481,2.88515,2.04908,0.00751675,0.00751675,0.00751675
303,7348.13,2.28816,2.86878,1.93189,0.3762,0.21277,0.19555,0.08359,2.3637,2.88122,2.0317,0.0075085,0.0075085,0.0075085
304,7372.29,2.24707,2.82135,1.88195,0.37118,0.22766,0.19468,0.08589,2.3275,2.90534,2.01704,0.00750025,0.00750025,0.00750025
305,7396.57,2.26291,2.82949,1.89736,0.37901,0.21702,0.20058,0.08607,2.35159,2.90602,2.03097,0.007492,0.007492,0.007492
306,7420.82,2.268,2.82182,1.89479,0.3541,0.22553,0.19655,0.08627,2.34692,2.91153,2.02492,0.00748375,0.00748375,0.00748375
307,7445.13,2.27378,2.85821,1.89136,0.37989,0.21915,0.2037,0.09176,2.31569,2.84013,2.0139,0.0074755,0.0074755,0.0074755
308,7469.86,2.26237,2.82068,1.89654,0.38763,0.21702,0.19944,0.08854,2.33253,2.86829,2.02241,0.00746725,0.00746725,0.00746725
309,7494.06,2.23434,2.7855,1.89306,0.35823,0.22128,0.20016,0.08507,2.33721,2.83765,2.00921,0.007459,0.007459,0.007459
310,7518.35,2.24956,2.82078,1.89885,0.41215,0.2234,0.20306,0.08496,2.36295,2.83353,2.03755,0.00745075,0.00745075,0.00745075
311,7542.62,2.26156,2.7913,1.89217,0.42659,0.21702,0.20794,0.08894,2.35747,2.86888,2.02993,0.0074425,0.0074425,0.0074425
312,7566.86,2.2686,2.84059,1.89496,0.36415,0.24043,0.20493,0.08795,2.35082,2.85202,2.02077,0.00743425,0.00743425,0.00743425
313,7591.11,2.24178,2.82897,1.89039,0.36895,0.22766,0.1998,0.08909,2.32974,2.84182,2.01333,0.007426,0.007426,0.007426
314,7615.37,2.28023,2.86694,1.90546,0.33228,0.24043,0.1899,0.07855,2.36185,2.85799,2.0279,0.00741775,0.00741775,0.00741775
315,7639.52,2.23962,2.79907,1.88691,0.32617,0.23404,0.18754,0.08504,2.31845,2.84766,2.00034,0.0074095,0.0074095,0.0074095
316,7663.83,2.23809,2.82365,1.87266,0.35209,0.22766,0.19913,0.09291,2.31515,2.82649,2.01126,0.00740125,0.00740125,0.00740125
317,7688.35,2.20763,2.76169,1.8653,0.37028,0.23617,0.20996,0.09105,2.34095,2.83753,2.01337,0.007393,0.007393,0.007393
318,7712.16,2.25105,2.82373,1.89726,0.33893,0.24043,0.21239,0.09629,2.30436,2.7859,1.99972,0.00738475,0.00738475,0.00738475
319,7736.56,2.24184,2.78659,1.87146,0.35016,0.22979,0.19455,0.08599,2.30212,2.82184,2.00636,0.0073765,0.0073765,0.0073765
320,7760.75,2.23736,2.84306,1.8755,0.3174,0.22128,0.18697,0.0844,2.32978,2.85255,2.01414,0.00736825,0.00736825,0.00736825
321,7784.85,2.23882,2.78975,1.87143,0.35723,0.25106,0.21052,0.09406,2.29667,2.83255,2.00838,0.00736,0.00736,0.00736
322,7808.98,2.21609,2.78612,1.86842,0.34688,0.25319,0.20145,0.08852,2.29689,2.82228,1.9859,0.00735175,0.00735175,0.00735175
323,7833.16,2.20449,2.73826,1.85899,0.39133,0.2383,0.20812,0.09468,2.25922,2.79768,1.97837,0.0073435,0.0073435,0.0073435
324,7857.22,2.19522,2.75875,1.85862,0.36734,0.22553,0.20434,0.09345,2.27295,2.81971,1.98918,0.00733525,0.00733525,0.00733525
325,7881.22,2.22792,2.80302,1.87943,0.39774,0.21218,0.20199,0.09563,2.25262,2.8018,1.98824,0.007327,0.007327,0.007327
326,7905.35,2.18271,2.73811,1.84927,0.40863,0.22979,0.21187,0.09865,2.23987,2.81439,1.96604,0.00731875,0.00731875,0.00731875
327,7929.99,2.21484,2.7652,1.85926,0.36582,0.24468,0.20469,0.09594,2.24643,2.79449,1.96725,0.0073105,0.0073105,0.0073105
328,7954.18,2.20647,2.72975,1.84826,0.38954,0.24894,0.2174,0.10272,2.24521,2.75363,1.96541,0.00730225,0.00730225,0.00730225
329,7978.85,2.1766,2.73472,1.85208,0.37368,0.24894,0.21903,0.10199,2.24418,2.74842,1.98162,0.007294,0.007294,0.007294
330,8003.06,2.19504,2.71591,1.85771,0.37823,0.25957,0.21549,0.09956,2.26635,2.75883,1.9949,0.00728575,0.00728575,0.00728575
331,8027.18,2.19119,2.67448,1.85478,0.40006,0.24255,0.21587,0.09951,2.23638,2.75714,1.98424,0.0072775,0.0072775,0.0072775
332,8051.36,2.16366,2.66453,1.84936,0.36546,0.26101,0.22024,0.10318,2.22182,2.74429,1.98322,0.00726925,0.00726925,0.00726925
333,8076.16,2.1565,2.68718,1.8311,0.4406,0.24681,0.23735,0.1072,2.25126,2.73185,1.98656,0.007261,0.007261,0.007261
334,8100.88,2.16628,2.70462,1.84221,0.3773,0.24894,0.22677,0.10741,2.24003,2.73354,1.95647,0.00725275,0.00725275,0.00725275
335,8124.89,2.17836,2.6819,1.84722,0.34833,0.24793,0.22734,0.10741,2.23251,2.71387,1.98108,0.0072445,0.0072445,0.0072445
336,8149.16,2.18558,2.696,1.83924,0.38097,0.2383,0.23207,0.10789,2.23511,2.71079,1.97219,0.00723625,0.00723625,0.00723625
337,8173.52,2.18317,2.71765,1.8417,0.41493,0.252,0.23508,0.11057,2.23065,2.70938,1.96939,0.007228,0.007228,0.007228
338,8198.27,2.16287,2.70972,1.82589,0.40402,0.25529,0.23023,0.10918,2.2449,2.71627,1.9715,0.00721975,0.00721975,0.00721975
339,8222.55,2.17126,2.68215,1.83185,0.3928,0.25319,0.23527,0.11349,2.22777,2.67279,1.95484,0.0072115,0.0072115,0.0072115
340,8247.28,2.17878,2.66729,1.84144,0.39503,0.25957,0.24598,0.11905,2.21453,2.6529,1.95019,0.00720325,0.00720325,0.00720325
341,8271.92,2.15477,2.66942,1.83593,0.40652,0.25745,0.23951,0.11447,2.20664,2.66821,1.94941,0.007195,0.007195,0.007195
342,8296.17,2.1623,2.67089,1.82838,0.39039,0.27021,0.24465,0.11987,2.20737,2.66463,1.95877,0.00718675,0.00718675,0.00718675
343,8320.92,2.15308,2.6675,1.83603,0.38549,0.26596,0.24338,0.11418,2.22467,2.67631,1.95683,0.0071785,0.0071785,0.0071785
344,8345.17,2.1693,2.6947,1.82713,0.41717,0.27447,0.24539,0.11622,2.20893,2.69833,1.94309,0.00717025,0.00717025,0.00717025
345,8369.35,2.13986,2.62321,1.82174,0.3907,0.29469,0.25602,0.12352,2.19291,2.6554,1.94307,0.007162,0.007162,0.007162
346,8393.95,2.15033,2.63022,1.8127,0.39398,0.28936,0.25246,0.12258,2.18649,2.63233,1.94246,0.00715375,0.00715375,0.00715375
347,8418.14,2.13243,2.6138,1.80966,0.43649,0.25319,0.24919,0.12183,2.17457,2.60753,1.93481,0.0071455,0.0071455,0.0071455
348,8442.34,2.14316,2.66783,1.82584,0.44176,0.27021,0.25713,0.12348,2.20979,2.61531,1.94876,0.00713725,0.00713725,0.00713725
349,8467.01,2.12185,2.6411,1.81687,0.48275,0.25219,0.26672,0.12616,2.17979,2.58369,1.94431,0.007129,0.007129,0.007129
350,8491.64,2.09289,2.57766,1.79235,0.43362,0.26552,0.26719,0.12909,2.18324,2.57077,1.9415,0.00712075,0.00712075,0.00712075
351,8516.21,2.14884,2.6318,1.80975,0.45872,0.27021,0.26193,0.12579,2.19842,2.61468,1.94983,0.0071125,0.0071125,0.0071125
352,8540.45,2.1117,2.61028,1.81018,0.45262,0.2617,0.26446,0.12883,2.17106,2.6012,1.93423,0.00710425,0.00710425,0.00710425
353,8564.6,2.11048,2.60366,1.78879,0.41776,0.26596,0.26189,0.12828,2.17364,2.60625,1.92503,0.007096,0.007096,0.007096
354,8588.83,2.12666,2.60411,1.8019,0.41445,0.27872,0.26198,0.12703,2.17264,2.59347,1.92237,0.00708775,0.00708775,0.00708775
355,8612.98,2.09959,2.55315,1.77019,0.40638,0.27234,0.26586,0.12871,2.14414,2.57339,1.91618,0.0070795,0.0070795,0.0070795
356,8637.11,2.10321,2.57475,1.78296,0.43102,0.24468,0.26235,0.12946,2.13964,2.57223,1.91584,0.00707125,0.00707125,0.00707125
357,8661.3,2.11246,2.59893,1.79711,0.35318,0.28231,0.25918,0.12546,2.15472,2.58305,1.92463,0.007063,0.007063,0.007063
358,8685.49,2.09351,2.57697,1.77935,0.41608,0.29413,0.27837,0.13246,2.17331,2.53005,1.91814,0.00705475,0.00705475,0.00705475
359,8710.18,2.11709,2.56094,1.77875,0.42112,0.28511,0.27907,0.13713,2.16324,2.52017,1.91389,0.0070465,0.0070465,0.0070465
360,8734.78,2.0837,2.54367,1.77715,0.43401,0.27447,0.28289,0.13679,2.15058,2.55367,1.9125,0.00703825,0.00703825,0.00703825
361,8759.38,2.10886,2.57622,1.7984,0.43112,0.29362,0.28622,0.14056,2.15315,2.54037,1.91752,0.00703,0.00703,0.00703
362,8784.04,2.0507,2.49487,1.75753,0.41663,0.30847,0.28598,0.13964,2.1403,2.51225,1.90342,0.00702175,0.00702175,0.00702175
363,8808.15,2.08934,2.52967,1.78445,0.43252,0.29362,0.28627,0.14079,2.13256,2.53941,1.90457,0.0070135,0.0070135,0.0070135
364,8832.87,2.08023,2.52719,1.75317,0.49816,0.2766,0.29385,0.14896,2.12934,2.52693,1.90394,0.00700525,0.00700525,0.00700525
365,8857.51,2.11178,2.55578,1.77733,0.48127,0.28723,0.29006,0.14586,2.11367,2.53121,1.8857,0.006997,0.006997,0.006997
366,8881.65,2.05804,2.52719,1.76053,0.48333,0.28085,0.29147,0.15061,2.10487,2.50846,1.86918,0.00698875,0.00698875,0.00698875
367,8906.35,2.08061,2.53633,1.77691,0.46442,0.29149,0.2873,0.15215,2.0877,2.4926,1.87338,0.0069805,0.0069805,0.0069805
368,8930.99,2.08548,2.53638,1.78933,0.44432,0.29149,0.28445,0.14784,2.08915,2.48537,1.88106,0.00697225,0.00697225,0.00697225
369,8955.17,2.09664,2.54037,1.77288,0.453,0.31489,0.29655,0.15343,2.06287,2.45336,1.86747,0.006964,0.006964,0.006964
370,8979.82,2.03118,2.45638,1.7402,0.46577,0.31064,0.30406,0.15724,2.06363,2.44398,1.85279,0.00695575,0.00695575,0.00695575
371,9004.39,2.04341,2.49738,1.74924,0.49475,0.30851,0.31444,0.16497,2.04118,2.43624,1.8576,0.0069475,0.0069475,0.0069475
372,9028.99,2.08347,2.53363,1.77445,0.50614,0.32055,0.31639,0.16149,2.0735,2.43938,1.86575,0.00693925,0.00693925,0.00693925
373,9053.12,2.03142,2.46793,1.73278,0.44562,0.31915,0.3033,0.15466,2.06836,2.46256,1.85762,0.006931,0.006931,0.006931
374,9077.29,2.05632,2.50806,1.74699,0.46376,0.32766,0.3059,0.15929,2.06708,2.45943,1.86351,0.00692275,0.00692275,0.00692275
375,9101.37,2.00695,2.43319,1.73433,0.48999,0.32128,0.31399,0.16405,2.02718,2.43908,1.8504,0.0069145,0.0069145,0.0069145
376,9125.4,2.04061,2.44821,1.74179,0.49219,0.30851,0.318,0.17128,2.02185,2.40077,1.84648,0.00690625,0.00690625,0.00690625
377,9149.97,2.02122,2.44746,1.72965,0.44291,0.35532,0.32332,0.17334,2.02557,2.40342,1.84307,0.006898,0.006898,0.006898
378,9174.5,2.04308,2.43358,1.74505,0.45747,0.30638,0.31325,0.16825,2.0283,2.41622,1.83458,0.00688975,0.00688975,0.00688975
379,9198.37,2.05833,2.48524,1.74893,0.4918,0.30213,0.32969,0.17248,2.02495,2.40602,1.82883,0.0068815,0.0068815,0.0068815
380,9222.4,2.01447,2.44555,1.72381,0.50401,0.29837,0.3307,0.16924,2.04966,2.40801,1.83421,0.00687325,0.00687325,0.00687325
381,9246.58,1.97962,2.3659,1.70056,0.53252,0.29787,0.3268,0.168,2.05937,2.3989,1.83869,0.006865,0.006865,0.006865
382,9270.66,2.03234,2.4275,1.72099,0.5703,0.30213,0.33249,0.17302,2.04472,2.416,1.82751,0.00685675,0.00685675,0.00685675
383,9295.25,2.01402,2.40479,1.721,0.46484,0.32766,0.3316,0.17257,2.04379,2.39601,1.8238,0.0068485,0.0068485,0.0068485
384,9319.42,1.99723,2.39155,1.72246,0.5491,0.29787,0.33809,0.1706,2.02722,2.37665,1.83077,0.00684025,0.00684025,0.00684025
385,9343.48,2.02793,2.42915,1.72917,0.54384,0.3,0.33428,0.17506,2.00597,2.37905,1.82943,0.006832,0.006832,0.006832
386,9367.85,2.00597,2.41565,1.71643,0.50641,0.33404,0.34181,0.17998,2.01834,2.3743,1.82843,0.00682375,0.00682375,0.00682375
387,9392.32,1.98521,2.38878,1.71569,0.58037,0.32553,0.35955,0.19,1.99095,2.3331,1.80973,0.0068155,0.0068155,0.0068155
388,9416.9,2.02502,2.37742,1.71658,0.56725,0.33468,0.36504,0.18955,1.97778,2.29051,1.80769,0.00680725,0.00680725,0.00680725
389,9441.43,1.99428,2.38235,1.71742,0.50704,0.33404,0.35543,0.18644,1.97668,2.31459,1.81542,0.006799,0.006799,0.006799
390,9465.52,2.00224,2.38855,1.71923,0.54156,0.3383,0.36243,0.19007,1.97511,2.30684,1.79931,0.00679075,0.00679075,0.00679075
391,9490.11,1.99238,2.34914,1.70448,0.5127,0.3383,0.35394,0.18736,1.97305,2.33477,1.79869,0.0067825,0.0067825,0.0067825
392,9514.22,1.97423,2.331,1.68962,0.51858,0.32766,0.35331,0.18639,1.97147,2.3292,1.7951,0.00677425,0.00677425,0.00677425
393,9538.43,1.97922,2.33838,1.69443,0.54617,0.33404,0.35596,0.18872,1.96131,2.28545,1.78132,0.006766,0.006766,0.006766
394,9562.58,1.95602,2.31969,1.69427,0.52218,0.34255,0.35915,0.19025,1.97879,2.30955,1.78689,0.00675775,0.00675775,0.00675775
395,9586.67,1.9552,2.3398,1.68587,0.55663,0.3234,0.36362,0.18756,1.9877,2.2934,1.79367,0.0067495,0.0067495,0.0067495
396,9610.77,1.96752,2.36952,1.69495,0.52843,0.3383,0.35963,0.19141,1.95995,2.2691,1.78447,0.00674125,0.00674125,0.00674125
397,9635.3,1.94278,2.3135,1.66774,0.52079,0.32979,0.36391,0.19432,1.94999,2.23975,1.78086,0.006733,0.006733,0.006733
398,9659.84,1.97922,2.33627,1.68983,0.48232,0.34043,0.36449,0.19653,1.96258,2.23468,1.77272,0.00672475,0.00672475,0.00672475
399,9684.44,1.94423,2.29146,1.67532,0.57301,0.32553,0.37169,0.19702,1.9436,2.22776,1.76554,0.0067165,0.0067165,0.0067165
400,9709.11,1.9597,2.3006,1.67389,0.60183,0.33767,0.37791,0.20333,1.94742,2.22479,1.77714,0.00670825,0.00670825,0.00670825
401,9733.65,1.95102,2.307,1.67984,0.58926,0.32553,0.3781,0.2058,1.9206,2.2043,1.76047,0.0067,0.0067,0.0067
402,9758.29,1.95938,2.28924,1.674,0.55429,0.35745,0.38051,0.21002,1.90646,2.19155,1.75611,0.00669175,0.00669175,0.00669175
403,9782.92,1.94795,2.2901,1.67379,0.56062,0.35532,0.38749,0.20965,1.90707,2.18521,1.74919,0.0066835,0.0066835,0.0066835
404,9807.54,1.93375,2.26795,1.67049,0.58243,0.35106,0.39497,0.20838,1.91883,2.16568,1.74617,0.00667525,0.00667525,0.00667525
405,9831.49,1.9172,2.25752,1.65663,0.5698,0.34663,0.39238,0.21171,1.9097,2.18283,1.7399,0.006667,0.006667,0.006667
406,9856.22,1.94886,2.28132,1.68786,0.51987,0.37447,0.38929,0.21571,1.87947,2.16927,1.72708,0.00665875,0.00665875,0.00665875
407,9880.5,1.93853,2.29667,1.66609,0.55731,0.34894,0.39592,0.21374,1.87845,2.16428,1.72976,0.0066505,0.0066505,0.0066505
408,9904.72,1.91993,2.25724,1.64959,0.5794,0.36596,0.39693,0.2147,1.91653,2.17836,1.74372,0.00664225,0.00664225,0.00664225
409,9928.99,1.92419,2.22296,1.66132,0.5226,0.39149,0.40133,0.21558,1.91469,2.17222,1.74443,0.006634,0.006634,0.006634
410,9953.62,1.92707,2.21945,1.64369,0.53647,0.37923,0.39812,0.2182,1.90162,2.17853,1.742,0.00662575,0.00662575,0.00662575
411,9977.99,1.88808,2.24003,1.64462,0.55616,0.38723,0.40695,0.22222,1.89636,2.14611,1.74535,0.0066175,0.0066175,0.0066175
412,10002.7,1.901,2.21525,1.64156,0.60747,0.36383,0.40854,0.21935,1.89875,2.14735,1.74534,0.00660925,0.00660925,0.00660925
413,10026.9,1.94749,2.27202,1.6664,0.61988,0.34894,0.40416,0.21837,1.89617,2.1518,1.74482,0.006601,0.006601,0.006601
414,10051.1,1.92093,2.24446,1.64928,0.55526,0.36925,0.40349,0.22087,1.89995,2.16019,1.74099,0.00659275,0.00659275,0.00659275
415,10075.4,1.88782,2.15842,1.62764,0.57967,0.36809,0.40646,0.22385,1.9119,2.15293,1.73764,0.0065845,0.0065845,0.0065845
416,10100,1.93661,2.23672,1.65595,0.54254,0.37094,0.40752,0.23036,1.88422,2.14083,1.7262,0.00657625,0.00657625,0.00657625
417,10124.6,1.91065,2.19177,1.6404,0.56795,0.38723,0.41376,0.23288,1.87011,2.13194,1.73044,0.006568,0.006568,0.006568
418,10149.2,1.90723,2.22807,1.63256,0.55809,0.40213,0.42582,0.23907,1.86825,2.14163,1.73014,0.00655975,0.00655975,0.00655975
419,10173.9,1.86307,2.11946,1.62545,0.63905,0.35106,0.42106,0.23983,1.86598,2.11019,1.7279,0.0065515,0.0065515,0.0065515
420,10198.6,1.89655,2.15255,1.62882,0.59038,0.38298,0.42697,0.23735,1.86888,2.08946,1.73275,0.00654325,0.00654325,0.00654325
421,10222.8,1.90652,2.2448,1.65196,0.55831,0.39266,0.42601,0.24243,1.86587,2.0831,1.73024,0.006535,0.006535,0.006535
422,10247.7,1.91051,2.22836,1.64686,0.55234,0.39115,0.42724,0.24191,1.8779,2.06912,1.71963,0.00652675,0.00652675,0.00652675
423,10271.8,1.84386,2.11991,1.59886,0.58841,0.37021,0.43107,0.24872,1.86168,2.0588,1.7089,0.0065185,0.0065185,0.0065185
424,10296.6,1.82588,2.10463,1.58808,0.60358,0.37578,0.43872,0.24735,1.86405,2.04291,1.70173,0.00651025,0.00651025,0.00651025
425,10320.7,1.88732,2.16986,1.61505,0.56082,0.38582,0.42925,0.24344,1.84828,2.06232,1.69156,0.006502,0.006502,0.006502
426,10345,1.84153,2.12496,1.60778,0.59515,0.37447,0.43325,0.24426,1.85081,2.05263,1.69943,0.00649375,0.00649375,0.00649375
427,10369.1,1.86016,2.15668,1.62257,0.64727,0.38654,0.4445,0.25018,1.84274,2.06113,1.70301,0.0064855,0.0064855,0.0064855
428,10393.8,1.89333,2.16844,1.62515,0.60015,0.41195,0.44741,0.24945,1.82543,2.03692,1.69095,0.00647725,0.00647725,0.00647725
429,10418.2,1.89386,2.15421,1.64005,0.60856,0.39362,0.44606,0.24771,1.82306,2.04035,1.6843,0.006469,0.006469,0.006469
430,10442.3,1.86508,2.15012,1.6174,0.59189,0.39787,0.45021,0.25179,1.83371,2.02065,1.68415,0.00646075,0.00646075,0.00646075
431,10467,1.8381,2.09834,1.59696,0.56979,0.43191,0.45618,0.25873,1.82367,1.9957,1.67541,0.0064525,0.0064525,0.0064525
432,10491.6,1.87926,2.14017,1.61508,0.59266,0.41172,0.45649,0.25942,1.81174,2.0054,1.66675,0.00644425,0.00644425,0.00644425
433,10516.4,1.84991,2.11973,1.59901,0.64028,0.39574,0.45695,0.25922,1.81794,1.98722,1.67653,0.006436,0.006436,0.006436
434,10540.6,1.83456,2.07119,1.58012,0.59945,0.41277,0.46616,0.26215,1.81047,1.98361,1.67892,0.00642775,0.00642775,0.00642775
435,10565.1,1.86109,2.12439,1.60738,0.59741,0.42766,0.46534,0.26378,1.80414,1.98485,1.68016,0.0064195,0.0064195,0.0064195
436,10589.7,1.85252,2.07538,1.59166,0.62591,0.41915,0.47134,0.26527,1.78322,1.9604,1.6759,0.00641125,0.00641125,0.00641125
437,10614.4,1.85275,2.11012,1.60965,0.62253,0.42979,0.47557,0.26296,1.79696,1.96337,1.67875,0.006403,0.006403,0.006403
438,10638.6,1.81456,2.06435,1.5819,0.54929,0.4383,0.46622,0.2585,1.80361,1.96967,1.68329,0.00639475,0.00639475,0.00639475
439,10662.8,1.8452,2.10729,1.59379,0.57312,0.41915,0.46442,0.26153,1.7983,1.96943,1.68001,0.0063865,0.0063865,0.0063865
440,10687,1.84989,2.12212,1.61511,0.61268,0.39715,0.45762,0.26244,1.7971,1.96508,1.67431,0.00637825,0.00637825,0.00637825
441,10711.3,1.82855,2.0719,1.58132,0.61248,0.39787,0.46191,0.26309,1.80125,1.94879,1.67755,0.00637,0.00637,0.00637
442,10735.5,1.84659,2.09515,1.5933,0.60569,0.40638,0.47016,0.26601,1.7984,1.93876,1.68206,0.00636175,0.00636175,0.00636175
443,10760.2,1.78957,1.99773,1.56449,0.57725,0.41546,0.47067,0.26803,1.80045,1.93284,1.68092,0.0063535,0.0063535,0.0063535
444,10784.9,1.77279,2.02241,1.57377,0.59393,0.42979,0.47054,0.26683,1.80619,1.93059,1.67823,0.00634525,0.00634525,0.00634525
445,10809.1,1.8191,2.02859,1.57515,0.63131,0.44448,0.48208,0.27207,1.79863,1.9362,1.6726,0.006337,0.006337,0.006337
446,10833.7,1.80437,2.03553,1.56146,0.6001,0.46615,0.48759,0.27364,1.80454,1.93051,1.67085,0.00632875,0.00632875,0.00632875
447,10858.3,1.7995,1.99525,1.55972,0.59668,0.46901,0.48375,0.2757,1.79004,1.92506,1.6555,0.0063205,0.0063205,0.0063205
448,10882.9,1.82451,2.06878,1.56302,0.58108,0.45319,0.48175,0.27155,1.79347,1.91117,1.65039,0.00631225,0.00631225,0.00631225
449,10907,1.77769,1.99216,1.55516,0.61078,0.45532,0.49203,0.2791,1.79341,1.90191,1.64975,0.006304,0.006304,0.006304
450,10931.6,1.78989,2.00585,1.55535,0.62785,0.45946,0.49536,0.2828,1.79579,1.91593,1.64855,0.00629575,0.00629575,0.00629575
451,10956.2,1.77977,2.01259,1.56591,0.63859,0.45319,0.49322,0.28154,1.79261,1.90721,1.64891,0.0062875,0.0062875,0.0062875
452,10980.4,1.79895,2.02358,1.55823,0.62819,0.45745,0.48764,0.282,1.7696,1.89001,1.64187,0.00627925,0.00627925,0.00627925
453,11004.6,1.80266,2.00392,1.55703,0.62971,0.45532,0.48732,0.28096,1.76205,1.90644,1.63979,0.006271,0.006271,0.006271
454,11028.8,1.78644,1.99247,1.55578,0.6568,0.46383,0.49655,0.28567,1.75794,1.88786,1.63922,0.00626275,0.00626275,0.00626275
455,11053.5,1.75412,1.91578,1.53943,0.68652,0.438,0.49744,0.28764,1.76203,1.89125,1.63927,0.0062545,0.0062545,0.0062545
456,11078,1.74129,1.96754,1.53123,0.70026,0.44255,0.50413,0.29313,1.75115,1.88538,1.63283,0.00624625,0.00624625,0.00624625
457,11102.7,1.80314,2.01327,1.55481,0.65782,0.45745,0.51055,0.29295,1.74721,1.8466,1.63042,0.006238,0.006238,0.006238
458,11127.4,1.75801,1.94162,1.52987,0.61662,0.47234,0.51098,0.29382,1.73577,1.82858,1.61912,0.00622975,0.00622975,0.00622975
459,11151.4,1.78844,2.00372,1.5617,0.62403,0.45745,0.51263,0.30008,1.72313,1.82782,1.60893,0.0062215,0.0062215,0.0062215
460,11176,1.74642,1.92597,1.5246,0.71354,0.41702,0.51427,0.30359,1.71578,1.82654,1.60416,0.00621325,0.00621325,0.00621325
461,11200.7,1.75341,1.92784,1.53483,0.69225,0.41915,0.51082,0.30223,1.70186,1.81921,1.59944,0.006205,0.006205,0.006205
462,11224.7,1.74318,1.89726,1.52384,0.7151,0.44043,0.52115,0.30866,1.69249,1.8132,1.60005,0.00619675,0.00619675,0.00619675
463,11249.3,1.74756,1.95924,1.53738,0.69063,0.45532,0.53059,0.31573,1.68175,1.80685,1.59349,0.0061885,0.0061885,0.0061885
464,11274.1,1.77081,1.92591,1.54092,0.69566,0.45532,0.53063,0.31591,1.67068,1.79026,1.58935,0.00618025,0.00618025,0.00618025
465,11298.3,1.73837,1.89714,1.52334,0.69208,0.45745,0.53404,0.31868,1.65607,1.76146,1.57431,0.006172,0.006172,0.006172
466,11323,1.68301,1.85434,1.51317,0.69342,0.47447,0.53854,0.32257,1.66154,1.74788,1.57096,0.00616375,0.00616375,0.00616375
467,11347.7,1.73262,1.89176,1.52035,0.7004,0.47872,0.53743,0.32087,1.66052,1.74291,1.57555,0.0061555,0.0061555,0.0061555
468,11372,1.72963,1.89574,1.52295,0.71175,0.4617,0.53424,0.31921,1.6565,1.73561,1.57623,0.00614725,0.00614725,0.00614725
469,11396,1.75108,1.92746,1.54006,0.70504,0.45772,0.5363,0.32362,1.6516,1.74212,1.57293,0.006139,0.006139,0.006139
470,11420.6,1.6989,1.88146,1.49208,0.68313,0.48164,0.53766,0.3246,1.65621,1.75274,1.57838,0.00613075,0.00613075,0.00613075
471,11445,1.73133,1.88081,1.52276,0.66761,0.48085,0.532,0.32134,1.65353,1.74569,1.57569,0.0061225,0.0061225,0.0061225
472,11469.1,1.71092,1.86096,1.49262,0.67657,0.4766,0.53154,0.32168,1.65568,1.74576,1.5774,0.00611425,0.00611425,0.00611425
473,11493.4,1.71902,1.90301,1.50851,0.72099,0.47021,0.54353,0.32728,1.66157,1.73827,1.57518,0.006106,0.006106,0.006106
474,11518,1.73362,1.86917,1.5131,0.70575,0.48723,0.549,0.33324,1.66314,1.72748,1.57196,0.00609775,0.00609775,0.00609775
475,11542.6,1.7167,1.88028,1.51057,0.68307,0.49068,0.55188,0.33613,1.66855,1.73374,1.57219,0.0060895,0.0060895,0.0060895
476,11567.3,1.75152,1.91179,1.52297,0.70553,0.47918,0.55302,0.33265,1.6561,1.73502,1.5653,0.00608125,0.00608125,0.00608125
477,11591.3,1.71735,1.86627,1.50169,0.68686,0.48537,0.55381,0.33494,1.64366,1.74192,1.56333,0.006073,0.006073,0.006073
478,11615.4,1.70091,1.83718,1.49646,0.69109,0.4766,0.55247,0.33308,1.64639,1.74348,1.5624,0.00606475,0.00606475,0.00606475
479,11639.6,1.68269,1.82631,1.48187,0.75227,0.47234,0.55494,0.33796,1.63858,1.72551,1.55156,0.0060565,0.0060565,0.0060565
480,11664.2,1.70326,1.86115,1.50291,0.73554,0.47021,0.55841,0.34027,1.64075,1.72405,1.55085,0.00604825,0.00604825,0.00604825
481,11688.8,1.69033,1.83565,1.48535,0.76355,0.48095,0.5705,0.34308,1.64436,1.70655,1.54752,0.00604,0.00604,0.00604
482,11713.4,1.6865,1.84331,1.49738,0.78739,0.47447,0.57565,0.3478,1.6444,1.70889,1.54721,0.00603175,0.00603175,0.00603175
483,11738,1.69585,1.8499,1.49825,0.77011,0.47754,0.57572,0.34827,1.63563,1.70086,1.54408,0.0060235,0.0060235,0.0060235
484,11762.6,1.68874,1.82906,1.49826,0.76874,0.4766,0.57531,0.35106,1.62896,1.70161,1.54158,0.00601525,0.00601525,0.00601525
485,11787.2,1.70204,1.8319,1.49392,0.77757,0.48723,0.58106,0.35457,1.6266,1.68927,1.53902,0.006007,0.006007,0.006007
486,11811.8,1.70461,1.86941,1.50038,0.78629,0.48723,0.58234,0.35492,1.62985,1.68302,1.53604,0.00599875,0.00599875,0.00599875
487,11836.5,1.67191,1.81139,1.48009,0.77174,0.48936,0.579,0.35187,1.62304,1.681,1.5305,0.0059905,0.0059905,0.0059905
488,11860.4,1.67498,1.78253,1.47292,0.75702,0.48936,0.58196,0.3549,1.62829,1.68226,1.53352,0.00598225,0.00598225,0.00598225
489,11884.6,1.68432,1.79294,1.47072,0.77638,0.48936,0.58527,0.35625,1.62868,1.69121,1.53459,0.005974,0.005974,0.005974
490,11909.2,1.64287,1.77992,1.46878,0.77387,0.49149,0.59022,0.35715,1.62391,1.67795,1.52863,0.00596575,0.00596575,0.00596575
491,11933.8,1.6708,1.76202,1.46086,0.80331,0.48298,0.59404,0.35509,1.61138,1.66538,1.52194,0.0059575,0.0059575,0.0059575
492,11958,1.68566,1.81915,1.4808,0.79483,0.4766,0.59371,0.35755,1.60371,1.66166,1.52057,0.00594925,0.00594925,0.00594925
493,11982.6,1.69926,1.83156,1.48723,0.69319,0.52766,0.59333,0.36428,1.59663,1.65752,1.51674,0.005941,0.005941,0.005941
494,12007.3,1.68567,1.80835,1.48795,0.72024,0.51489,0.59232,0.36599,1.59342,1.64737,1.51802,0.00593275,0.00593275,0.00593275
495,12031.9,1.64715,1.79072,1.46038,0.75107,0.50426,0.59512,0.36535,1.58733,1.63481,1.51507,0.0059245,0.0059245,0.0059245
496,12056.1,1.64792,1.80291,1.45619,0.75074,0.5,0.59899,0.36974,1.57398,1.63067,1.50567,0.00591625,0.00591625,0.00591625
497,12080.7,1.646,1.74823,1.45904,0.66602,0.54681,0.60188,0.37037,1.57243,1.62413,1.49988,0.005908,0.005908,0.005908
498,12105.4,1.65049,1.77199,1.46371,0.69534,0.52766,0.60319,0.37083,1.56931,1.62181,1.50039,0.00589975,0.00589975,0.00589975
499,12130,1.64884,1.74126,1.45975,0.69852,0.54468,0.6081,0.3743,1.56116,1.61028,1.4972,0.0058915,0.0058915,0.0058915
500,12154.7,1.63497,1.74364,1.46811,0.70346,0.54043,0.60704,0.37477,1.54943,1.59943,1.49169,0.00588325,0.00588325,0.00588325
501,12179.3,1.66309,1.78453,1.46501,0.7918,0.49574,0.61614,0.37902,1.54073,1.58819,1.48711,0.005875,0.005875,0.005875
502,12203.8,1.65916,1.75906,1.46397,0.73146,0.50851,0.61365,0.37831,1.53751,1.58678,1.48161,0.00586675,0.00586675,0.00586675
503,12228.1,1.62435,1.72817,1.44247,0.7616,0.50851,0.61792,0.38209,1.53583,1.58822,1.4777,0.0058585,0.0058585,0.0058585
504,12252.8,1.60966,1.70508,1.42834,0.75506,0.51813,0.62057,0.38455,1.52864,1.58129,1.47214,0.00585025,0.00585025,0.00585025
505,12277.5,1.6409,1.72067,1.43608,0.74544,0.53191,0.61934,0.38375,1.52716,1.57377,1.47091,0.005842,0.005842,0.005842
506,12301.7,1.63747,1.75381,1.46261,0.76299,0.5383,0.62206,0.38715,1.53086,1.57325,1.4699,0.00583375,0.00583375,0.00583375
507,12326.2,1.6054,1.69881,1.42951,0.77963,0.52766,0.62575,0.38911,1.52597,1.56525,1.4653,0.0058255,0.0058255,0.0058255
508,12350.8,1.64662,1.74375,1.45093,0.78332,0.52303,0.62281,0.38976,1.52287,1.57161,1.46402,0.00581725,0.00581725,0.00581725
509,12375.4,1.57397,1.67431,1.41973,0.76222,0.52516,0.62806,0.3902,1.52271,1.56444,1.46493,0.005809,0.005809,0.005809
510,12400,1.62249,1.72633,1.44069,0.70681,0.57021,0.62933,0.39008,1.52802,1.56221,1.46462,0.00580075,0.00580075,0.00580075
511,12424.6,1.61974,1.6904,1.43847,0.72789,0.54894,0.63143,0.39203,1.5231,1.55209,1.46309,0.0057925,0.0057925,0.0057925
512,12449.3,1.58702,1.69211,1.42117,0.75432,0.5617,0.63884,0.396,1.52141,1.54189,1.46471,0.00578425,0.00578425,0.00578425
513,12473.8,1.64493,1.75549,1.44964,0.73705,0.56809,0.64172,0.39669,1.52145,1.5311,1.46639,0.005776,0.005776,0.005776
514,12498.4,1.59551,1.6948,1.4305,0.72666,0.57021,0.64288,0.39885,1.52009,1.53239,1.46871,0.00576775,0.00576775,0.00576775
515,12523.1,1.59868,1.67246,1.42292,0.73863,0.5652,0.64305,0.40154,1.51335,1.53728,1.46574,0.0057595,0.0057595,0.0057595
516,12547.7,1.61873,1.69156,1.43261,0.73935,0.5617,0.64562,0.40504,1.51284,1.53106,1.46342,0.00575125,0.00575125,0.00575125
517,12572.3,1.60958,1.7146,1.43073,0.74343,0.54468,0.64356,0.40432,1.50969,1.51969,1.45573,0.005743,0.005743,0.005743
518,12596.5,1.5697,1.6583,1.40727,0.74561,0.5617,0.6467,0.40589,1.49682,1.49726,1.44714,0.00573475,0.00573475,0.00573475
519,12621.1,1.57487,1.63146,1.40993,0.75921,0.56596,0.65195,0.41058,1.49234,1.48999,1.44682,0.0057265,0.0057265,0.0057265
520,12645.7,1.58454,1.67292,1.40992,0.78437,0.55724,0.65184,0.41248,1.48277,1.48485,1.44358,0.00571825,0.00571825,0.00571825
521,12670.3,1.56807,1.63018,1.40614,0.78006,0.55842,0.65543,0.41511,1.48341,1.48633,1.44208,0.00571,0.00571,0.00571
522,12694.9,1.5758,1.68329,1.42333,0.76365,0.58433,0.65647,0.41651,1.47383,1.48539,1.4333,0.00570175,0.00570175,0.00570175
523,12719.5,1.55788,1.61861,1.40273,0.78216,0.55769,0.65394,0.41789,1.46733,1.46995,1.42802,0.0056935,0.0056935,0.0056935
524,12744.1,1.55785,1.62032,1.39649,0.83972,0.53617,0.65807,0.42256,1.4704,1.46612,1.4291,0.00568525,0.00568525,0.00568525
525,12768.7,1.56025,1.6258,1.40143,0.79963,0.55191,0.6606,0.42375,1.46574,1.45445,1.42492,0.005677,0.005677,0.005677
526,12793.2,1.57247,1.6524,1.4157,0.79469,0.56809,0.66774,0.42795,1.46648,1.45539,1.42182,0.00566875,0.00566875,0.00566875
527,12817.8,1.58424,1.66592,1.40677,0.78752,0.57567,0.66711,0.42708,1.46786,1.45826,1.42037,0.0056605,0.0056605,0.0056605
528,12841.9,1.55189,1.60374,1.38671,0.80508,0.55362,0.66376,0.4262,1.46617,1.45478,1.41966,0.00565225,0.00565225,0.00565225
529,12865.6,1.5761,1.63581,1.41022,0.77641,0.57021,0.66537,0.42602,1.46076,1.44736,1.41685,0.005644,0.005644,0.005644
530,12889.7,1.57044,1.65783,1.41434,0.78279,0.57234,0.66271,0.42603,1.45713,1.44815,1.41287,0.00563575,0.00563575,0.00563575
531,12913.6,1.55202,1.60436,1.38937,0.77685,0.56596,0.66711,0.42689,1.45099,1.45316,1.41288,0.0056275,0.0056275,0.0056275
532,12937.3,1.53837,1.61063,1.38894,0.78234,0.55957,0.65801,0.42421,1.44635,1.44246,1.40943,0.00561925,0.00561925,0.00561925
533,12961.5,1.53237,1.61587,1.38376,0.81686,0.55532,0.66242,0.42605,1.44063,1.44734,1.40577,0.005611,0.005611,0.005611
534,12985.6,1.55236,1.6126,1.39883,0.80002,0.5617,0.65951,0.42589,1.44184,1.45346,1.40624,0.00560275,0.00560275,0.00560275
535,13009.7,1.53432,1.57632,1.38278,0.78701,0.57392,0.66175,0.42887,1.43994,1.44793,1.4024,0.0055945,0.0055945,0.0055945
536,13034.1,1.53527,1.5804,1.38322,0.79375,0.56809,0.6636,0.43265,1.43701,1.44631,1.40128,0.00558625,0.00558625,0.00558625
537,13058.7,1.54625,1.60627,1.39996,0.77315,0.5766,0.66688,0.43276,1.43043,1.44007,1.39842,0.005578,0.005578,0.005578
538,13083.5,1.5343,1.57285,1.38515,0.79023,0.59311,0.67086,0.43428,1.43238,1.44434,1.39779,0.00556975,0.00556975,0.00556975
539,13108.2,1.50025,1.54356,1.36891,0.79608,0.59362,0.67108,0.43635,1.4257,1.43469,1.39511,0.0055615,0.0055615,0.0055615
540,13132.7,1.51366,1.5716,1.37887,0.78483,0.57872,0.6714,0.44043,1.41278,1.4233,1.39242,0.00555325,0.00555325,0.00555325
541,13157.2,1.55818,1.59459,1.40053,0.78836,0.57447,0.6705,0.44187,1.41068,1.42446,1.39271,0.005545,0.005545,0.005545
542,13181.9,1.53731,1.58887,1.38291,0.81587,0.58298,0.67212,0.44088,1.41381,1.42919,1.39038,0.00553675,0.00553675,0.00553675
543,13206.1,1.51408,1.57978,1.37873,0.81423,0.58085,0.67517,0.44253,1.41246,1.42348,1.38959,0.0055285,0.0055285,0.0055285
544,13230.5,1.55041,1.58206,1.40066,0.81722,0.57076,0.67485,0.44545,1.40925,1.43055,1.38652,0.00552025,0.00552025,0.00552025
545,13255,1.5048,1.55378,1.3695,0.80117,0.57441,0.67654,0.44467,1.40005,1.42304,1.38379,0.005512,0.005512,0.005512
546,13279.3,1.52758,1.57029,1.37266,0.78369,0.58936,0.67427,0.44773,1.3971,1.41872,1.38263,0.00550375,0.00550375,0.00550375
547,13304,1.50711,1.56405,1.36855,0.78584,0.5766,0.67729,0.44625,1.39183,1.41748,1.37857,0.0054955,0.0054955,0.0054955
548,13328.2,1.50981,1.51455,1.35021,0.79907,0.57536,0.67763,0.44758,1.3893,1.42139,1.37626,0.00548725,0.00548725,0.00548725
549,13352.8,1.49616,1.52002,1.35864,0.82309,0.5766,0.68184,0.4524,1.38336,1.41391,1.37455,0.005479,0.005479,0.005479
550,13377.5,1.50945,1.53,1.35868,0.80967,0.58085,0.68159,0.4542,1.38546,1.41279,1.37661,0.00547075,0.00547075,0.00547075
551,13402.1,1.50575,1.5156,1.35899,0.75493,0.60954,0.68168,0.45288,1.38979,1.40611,1.37512,0.0054625,0.0054625,0.0054625
552,13426.3,1.53451,1.5704,1.38155,0.79417,0.58936,0.68968,0.45307,1.39528,1.39534,1.37603,0.00545425,0.00545425,0.00545425
553,13450.7,1.50383,1.57077,1.3676,0.79449,0.60213,0.69294,0.45167,1.3961,1.38589,1.37563,0.005446,0.005446,0.005446
554,13475,1.51116,1.52589,1.35441,0.81842,0.59149,0.69278,0.45307,1.39899,1.38193,1.37812,0.00543775,0.00543775,0.00543775
555,13499.6,1.52745,1.53606,1.3638,0.82832,0.6,0.69563,0.45395,1.39707,1.37116,1.37708,0.0054295,0.0054295,0.0054295
556,13524.4,1.45968,1.49637,1.34306,0.83528,0.59362,0.69738,0.45735,1.38941,1.35591,1.37301,0.00542125,0.00542125,0.00542125
557,13548.9,1.49368,1.5075,1.36082,0.86088,0.57929,0.69809,0.45765,1.38697,1.35549,1.37002,0.005413,0.005413,0.005413
558,13573.6,1.51539,1.55173,1.36157,0.82264,0.5921,0.6949,0.46036,1.38742,1.36379,1.36739,0.00540475,0.00540475,0.00540475
559,13598.2,1.52268,1.54617,1.37158,0.85736,0.57447,0.693,0.46049,1.38806,1.35981,1.36737,0.0053965,0.0053965,0.0053965
560,13622.4,1.49128,1.50756,1.35823,0.82665,0.59362,0.69469,0.46101,1.38496,1.35409,1.36548,0.00538825,0.00538825,0.00538825
561,13647,1.50931,1.55135,1.35246,0.80956,0.59787,0.69695,0.46371,1.38205,1.36009,1.36177,0.00538,0.00538,0.00538
562,13671.8,1.46068,1.46532,1.3361,0.81359,0.60851,0.69898,0.46418,1.37671,1.35823,1.35867,0.00537175,0.00537175,0.00537175
563,13696.4,1.48369,1.51075,1.35405,0.80934,0.59787,0.69767,0.46286,1.37453,1.35479,1.35809,0.0053635,0.0053635,0.0053635
564,13720.5,1.47465,1.47848,1.3404,0.84154,0.58758,0.69694,0.46333,1.37501,1.35475,1.3576,0.00535525,0.00535525,0.00535525
565,13744.8,1.4512,1.45775,1.32319,0.83945,0.59149,0.69869,0.46368,1.37656,1.35375,1.35794,0.005347,0.005347,0.005347
566,13769.1,1.49879,1.49492,1.34467,0.83169,0.58876,0.70289,0.46615,1.37243,1.34701,1.35782,0.00533875,0.00533875,0.00533875
567,13793.7,1.44307,1.4711,1.33436,0.82167,0.58819,0.70098,0.46931,1.36436,1.33921,1.35599,0.0053305,0.0053305,0.0053305
568,13818.4,1.4905,1.51505,1.35156,0.82205,0.58511,0.70178,0.47048,1.35733,1.33359,1.3531,0.00532225,0.00532225,0.00532225
569,13843,1.43527,1.45227,1.31935,0.76425,0.62765,0.70474,0.47204,1.34782,1.3183,1.34896,0.005314,0.005314,0.005314
570,13867.6,1.48265,1.497,1.351,0.77568,0.618,0.70745,0.47578,1.34993,1.31709,1.34838,0.00530575,0.00530575,0.00530575
571,13892.4,1.45843,1.45125,1.31995,0.79006,0.61653,0.71045,0.47689,1.35484,1.321,1.34897,0.0052975,0.0052975,0.0052975
572,13916.9,1.48829,1.48816,1.34332,0.7495,0.64681,0.71166,0.4769,1.3559,1.32206,1.34847,0.00528925,0.00528925,0.00528925
573,13941.5,1.46861,1.48496,1.33978,0.79321,0.61915,0.71388,0.4794,1.35764,1.32293,1.35018,0.005281,0.005281,0.005281
574,13966.1,1.44324,1.43952,1.31935,0.77935,0.64043,0.71131,0.47764,1.35288,1.32276,1.34888,0.00527275,0.00527275,0.00527275
575,13990.2,1.4707,1.48678,1.33363,0.78508,0.63733,0.71332,0.47562,1.3521,1.31704,1.34912,0.0052645,0.0052645,0.0052645
576,14014.5,1.45173,1.43664,1.32499,0.78778,0.62979,0.71099,0.48049,1.34606,1.31673,1.34644,0.00525625,0.00525625,0.00525625
577,14039.1,1.45779,1.45984,1.32863,0.77985,0.63404,0.70987,0.4772,1.34487,1.31642,1.34312,0.005248,0.005248,0.005248
578,14063.3,1.43456,1.45644,1.31677,0.80272,0.62331,0.71162,0.48069,1.33917,1.31027,1.3415,0.00523975,0.00523975,0.00523975
579,14088,1.42701,1.41021,1.30714,0.82404,0.6,0.71206,0.48211,1.33335,1.30443,1.33947,0.0052315,0.0052315,0.0052315
580,14112.6,1.45006,1.45054,1.31985,0.82692,0.60991,0.71352,0.48206,1.33223,1.29943,1.33735,0.00522325,0.00522325,0.00522325
581,14137.2,1.45237,1.43945,1.32604,0.83189,0.60851,0.714,0.48245,1.32795,1.29959,1.33695,0.005215,0.005215,0.005215
582,14161.9,1.4301,1.43059,1.31526,0.80351,0.62766,0.71745,0.48599,1.32274,1.29425,1.33569,0.00520675,0.00520675,0.00520675
583,14186.4,1.43743,1.41984,1.32261,0.81127,0.62553,0.71854,0.48443,1.31622,1.28895,1.33404,0.0051985,0.0051985,0.0051985
584,14210.4,1.43794,1.44279,1.32194,0.83289,0.61064,0.72025,0.48445,1.31149,1.28441,1.33435,0.00519025,0.00519025,0.00519025
585,14234.6,1.41313,1.41603,1.29929,0.85264,0.60322,0.71968,0.48651,1.30925,1.28087,1.33253,0.005182,0.005182,0.005182
586,14259.2,1.42089,1.44463,1.32337,0.78358,0.6383,0.72127,0.48755,1.3069,1.27825,1.33068,0.00517375,0.00517375,0.00517375
587,14284,1.41046,1.42509,1.31089,0.805,0.63242,0.72114,0.49037,1.30366,1.27646,1.32805,0.0051655,0.0051655,0.0051655
588,14308.7,1.42754,1.42741,1.30846,0.84961,0.60638,0.72199,0.48949,1.29855,1.26586,1.32421,0.00515725,0.00515725,0.00515725
589,14333.1,1.42469,1.4361,1.32,0.8217,0.61774,0.72358,0.49153,1.29456,1.2603,1.32154,0.005149,0.005149,0.005149
590,14357.7,1.41095,1.40085,1.31471,0.80134,0.64366,0.72836,0.49727,1.28816,1.25567,1.31988,0.00514075,0.00514075,0.00514075
591,14382.4,1.42586,1.42063,1.3134,0.82099,0.6383,0.72823,0.50394,1.28505,1.25117,1.31666,0.0051325,0.0051325,0.0051325
592,14406.8,1.40202,1.39917,1.30261,0.82079,0.63404,0.7294,0.50402,1.28748,1.2513,1.31637,0.00512425,0.00512425,0.00512425
593,14431.2,1.36604,1.33296,1.28025,0.85505,0.61277,0.72878,0.50364,1.28158,1.23857,1.31265,0.005116,0.005116,0.005116
594,14455.5,1.41021,1.39222,1.30021,0.8822,0.60851,0.7304,0.50551,1.28093,1.23344,1.31066,0.00510775,0.00510775,0.00510775
595,14480.3,1.4365,1.42937,1.3143,0.8804,0.60426,0.72864,0.50674,1.27558,1.22767,1.3058,0.0050995,0.0050995,0.0050995
596,14505,1.38663,1.35969,1.2836,0.86252,0.60851,0.72758,0.50529,1.27501,1.22518,1.30552,0.00509125,0.00509125,0.00509125
597,14529.1,1.41237,1.38108,1.29574,0.79214,0.64681,0.72928,0.50137,1.27929,1.22826,1.3066,0.005083,0.005083,0.005083
598,14553.3,1.41391,1.40638,1.30638,0.81368,0.64043,0.73302,0.50342,1.27707,1.23651,1.30495,0.00507475,0.00507475,0.00507475
599,14577.5,1.4297,1.44047,1.31529,0.83438,0.6217,0.73102,0.50537,1.27589,1.23727,1.30463,0.0050665,0.0050665,0.0050665
600,14601.6,1.39373,1.38039,1.30092,0.85171,0.62766,0.7376,0.50794,1.27407,1.23512,1.30271,0.00505825,0.00505825,0.00505825
601,14626.3,1.38689,1.38379,1.2867,0.84118,0.62553,0.73718,0.50639,1.27361,1.23694,1.30229,0.00505,0.00505,0.00505
602,14650.4,1.40323,1.38986,1.29281,0.80209,0.65106,0.73599,0.50757,1.27415,1.23843,1.30157,0.00504175,0.00504175,0.00504175
603,14674.4,1.3956,1.38302,1.2897,0.87872,0.61277,0.73721,0.50886,1.26926,1.23474,1.29964,0.0050335,0.0050335,0.0050335
604,14699.2,1.37293,1.36793,1.28511,0.86499,0.60851,0.7377,0.51026,1.26723,1.23556,1.29877,0.00502525,0.00502525,0.00502525
605,14723.9,1.39996,1.359,1.28624,0.88382,0.5989,0.73656,0.51096,1.26814,1.23315,1.29726,0.005017,0.005017,0.005017
606,14748.6,1.35164,1.30611,1.27311,0.84825,0.61842,0.73386,0.51184,1.26769,1.22985,1.29434,0.00500875,0.00500875,0.00500875
607,14773.3,1.40011,1.36301,1.29081,0.84756,0.62698,0.73703,0.5125,1.26352,1.22305,1.29249,0.0050005,0.0050005,0.0050005
608,14798,1.3924,1.35802,1.2851,0.83713,0.63617,0.74242,0.51233,1.26138,1.21767,1.29123,0.00499225,0.00499225,0.00499225
609,14822.7,1.39596,1.35658,1.29852,0.84921,0.62128,0.74395,0.51258,1.25823,1.2087,1.29037,0.004984,0.004984,0.004984
610,14847.3,1.39566,1.35597,1.27063,0.85341,0.63191,0.74542,0.51551,1.25546,1.20662,1.28923,0.00497575,0.00497575,0.00497575
611,14871.8,1.39498,1.3674,1.28622,0.82311,0.65106,0.74818,0.51714,1.24972,1.19743,1.28754,0.0049675,0.0049675,0.0049675
612,14896.4,1.39167,1.36847,1.29529,0.82776,0.64894,0.74833,0.51801,1.24189,1.19234,1.28245,0.00495925,0.00495925,0.00495925
613,14921,1.35453,1.30775,1.27208,0.81771,0.64899,0.7498,0.517,1.23801,1.19317,1.28133,0.004951,0.004951,0.004951
614,14945.2,1.39097,1.34043,1.27328,0.80496,0.65745,0.74771,0.51668,1.23512,1.19286,1.28021,0.00494275,0.00494275,0.00494275
615,14969.5,1.38448,1.36744,1.28809,0.89913,0.60638,0.75048,0.52064,1.23542,1.19483,1.27897,0.0049345,0.0049345,0.0049345
616,14994.2,1.38767,1.34441,1.28299,0.91297,0.60426,0.75251,0.51986,1.2329,1.19057,1.27708,0.00492625,0.00492625,0.00492625
617,15018.5,1.36529,1.36031,1.27292,0.80947,0.65532,0.75338,0.524,1.22901,1.18741,1.27485,0.004918,0.004918,0.004918
618,15043.2,1.37106,1.34069,1.27423,0.81276,0.6617,0.75383,0.52287,1.22939,1.18635,1.27371,0.00490975,0.00490975,0.00490975
619,15067.2,1.36063,1.32023,1.26763,0.81493,0.65532,0.75589,0.5238,1.23064,1.18644,1.27414,0.0049015,0.0049015,0.0049015
620,15091.7,1.36215,1.29343,1.27563,0.81368,0.65106,0.75631,0.52654,1.2326,1.18596,1.27346,0.00489325,0.00489325,0.00489325
621,15115.3,1.38213,1.35737,1.28176,0.85054,0.64172,0.75801,0.52763,1.23315,1.18602,1.27354,0.004885,0.004885,0.004885
622,15139.4,1.35551,1.3275,1.25714,0.85946,0.63404,0.75964,0.53034,1.22649,1.18128,1.27194,0.00487675,0.00487675,0.00487675
623,15164,1.36461,1.35105,1.27105,0.82845,0.65106,0.75943,0.53197,1.22284,1.17761,1.27026,0.0048685,0.0048685,0.0048685
624,15188.3,1.35989,1.35115,1.27935,0.8383,0.65106,0.76082,0.53288,1.21902,1.17753,1.26778,0.00486025,0.00486025,0.00486025
625,15212.7,1.37654,1.32703,1.26695,0.84046,0.65009,0.76194,0.53304,1.21423,1.17027,1.26464,0.004852,0.004852,0.004852
626,15237.5,1.34414,1.28877,1.26133,0.8241,0.6617,0.76237,0.53476,1.21185,1.16643,1.26208,0.00484375,0.00484375,0.00484375
627,15262,1.35979,1.32027,1.27327,0.83355,0.66063,0.76483,0.5372,1.20877,1.16612,1.25887,0.0048355,0.0048355,0.0048355
628,15286.7,1.32989,1.26582,1.25704,0.84183,0.6568,0.76627,0.53688,1.20647,1.16113,1.25609,0.00482725,0.00482725,0.00482725
629,15310.9,1.35575,1.31405,1.26359,0.85152,0.64468,0.76707,0.53534,1.20529,1.15523,1.25508,0.004819,0.004819,0.004819
630,15335,1.3527,1.31094,1.26671,0.8875,0.63785,0.76876,0.53889,1.20019,1.14772,1.2544,0.00481075,0.00481075,0.00481075
631,15359.7,1.33684,1.31715,1.25638,0.87973,0.63811,0.7703,0.53921,1.19792,1.1487,1.25357,0.0048025,0.0048025,0.0048025
632,15384.4,1.34671,1.29608,1.25741,0.81786,0.67872,0.77151,0.53964,1.19624,1.14871,1.25237,0.00479425,0.00479425,0.00479425
633,15408.7,1.35314,1.2912,1.26684,0.82977,0.68447,0.7738,0.54406,1.18908,1.14141,1.24988,0.004786,0.004786,0.004786
634,15433.4,1.34913,1.3023,1.26561,0.83348,0.68723,0.77354,0.54486,1.18767,1.1362,1.24845,0.00477775,0.00477775,0.00477775
635,15458.1,1.33602,1.27993,1.24915,0.8375,0.68298,0.77406,0.54414,1.18587,1.13145,1.24687,0.0047695,0.0047695,0.0047695
636,15482.2,1.3357,1.27738,1.25681,0.84677,0.6766,0.77468,0.54622,1.18808,1.13193,1.24735,0.00476125,0.00476125,0.00476125
637,15506.8,1.32637,1.27822,1.24604,0.85457,0.67514,0.77478,0.54641,1.18534,1.13499,1.24541,0.004753,0.004753,0.004753
638,15531.2,1.36048,1.31005,1.28013,0.83417,0.68085,0.77407,0.54406,1.18251,1.13487,1.24315,0.00474475,0.00474475,0.00474475
639,15555.5,1.31387,1.26443,1.24256,0.81834,0.68298,0.77442,0.54677,1.18108,1.13328,1.24193,0.0047365,0.0047365,0.0047365
640,15580,1.33401,1.2925,1.25448,0.86737,0.66787,0.77594,0.54851,1.17851,1.13295,1.23979,0.00472825,0.00472825,0.00472825
641,15604.5,1.34681,1.2761,1.25261,0.86211,0.66596,0.77531,0.54999,1.17652,1.13372,1.23854,0.00472,0.00472,0.00472
642,15628.9,1.32619,1.2783,1.25272,0.87039,0.65726,0.77368,0.55117,1.17374,1.13397,1.23657,0.00471175,0.00471175,0.00471175
643,15653.4,1.31296,1.25749,1.24132,0.86355,0.65979,0.77394,0.54899,1.17097,1.13066,1.23515,0.0047035,0.0047035,0.0047035
644,15677.2,1.3127,1.26524,1.24478,0.83947,0.67872,0.77452,0.5498,1.16714,1.12966,1.2344,0.00469525,0.00469525,0.00469525
645,15701,1.30831,1.24897,1.24287,0.84676,0.67872,0.77474,0.55091,1.16449,1.12515,1.23272,0.004687,0.004687,0.004687
646,15725,1.32695,1.28096,1.24782,0.85651,0.68085,0.77763,0.551,1.1625,1.12179,1.23292,0.00467875,0.00467875,0.00467875
647,15749.4,1.29483,1.23377,1.23397,0.86512,0.68234,0.77924,0.5522,1.1621,1.1209,1.23184,0.0046705,0.0046705,0.0046705
648,15773.9,1.3191,1.2675,1.2459,0.87645,0.67234,0.78039,0.5541,1.15953,1.11892,1.23092,0.00466225,0.00466225,0.00466225
649,15798.4,1.30206,1.23362,1.239,0.8784,0.68085,0.78234,0.55492,1.15754,1.12072,1.2302,0.004654,0.004654,0.004654
650,15823,1.32785,1.25446,1.23832,0.86145,0.68791,0.78413,0.55537,1.15633,1.1227,1.22976,0.00464575,0.00464575,0.00464575
651,15847.7,1.3046,1.22421,1.23267,0.8654,0.69764,0.78621,0.55558,1.15683,1.11956,1.22879,0.0046375,0.0046375,0.0046375
652,15872.3,1.30414,1.23582,1.23807,0.86923,0.69297,0.7865,0.56086,1.15434,1.11579,1.22674,0.00462925,0.00462925,0.00462925
653,15897,1.29666,1.24211,1.23988,0.87103,0.68723,0.78754,0.5625,1.1525,1.11288,1.22503,0.004621,0.004621,0.004621
654,15921.3,1.26788,1.20337,1.22054,0.87187,0.68511,0.78874,0.56482,1.14782,1.11143,1.22355,0.00461275,0.00461275,0.00461275
655,15945.8,1.32686,1.27831,1.24834,0.90694,0.66354,0.78686,0.56771,1.14342,1.11061,1.22188,0.0046045,0.0046045,0.0046045
656,15970.4,1.31389,1.25107,1.23629,0.90043,0.67021,0.78925,0.5669,1.1418,1.10624,1.21954,0.00459625,0.00459625,0.00459625
657,15994.6,1.28183,1.21417,1.23832,0.9051,0.66967,0.78982,0.5683,1.14094,1.10107,1.21885,0.004588,0.004588,0.004588
658,16019.2,1.28073,1.20763,1.2225,0.89995,0.68298,0.79035,0.56992,1.13982,1.09572,1.21922,0.00457975,0.00457975,0.00457975
659,16043.5,1.27275,1.20602,1.2109,0.92306,0.67021,0.79066,0.56875,1.13768,1.09078,1.2183,0.0045715,0.0045715,0.0045715
660,16067.5,1.27962,1.22561,1.22397,0.91093,0.67458,0.78979,0.5709,1.13675,1.08637,1.21793,0.00456325,0.00456325,0.00456325
661,16092.1,1.30296,1.2514,1.23471,0.90894,0.67959,0.79318,0.57143,1.13783,1.08577,1.21721,0.004555,0.004555,0.004555
662,16116.4,1.29079,1.23327,1.2273,0.91881,0.67447,0.79345,0.57372,1.1392,1.08535,1.21778,0.00454675,0.00454675,0.00454675
663,16141.1,1.31751,1.2581,1.2404,0.92288,0.67872,0.79464,0.57345,1.13763,1.08167,1.21679,0.0045385,0.0045385,0.0045385
664,16165.1,1.25836,1.1984,1.21038,0.91106,0.68298,0.79468,0.57343,1.13895,1.07749,1.21691,0.00453025,0.00453025,0.00453025
665,16189.3,1.28613,1.22836,1.21942,0.8888,0.69574,0.79557,0.57338,1.13825,1.075,1.21609,0.004522,0.004522,0.004522
666,16213.4,1.27465,1.21375,1.23341,0.87478,0.70213,0.79554,0.57422,1.13666,1.07445,1.21498,0.00451375,0.00451375,0.00451375
667,16238,1.26836,1.20583,1.22301,0.86931,0.70213,0.79821,0.57647,1.13667,1.07301,1.21449,0.0045055,0.0045055,0.0045055
668,16262.5,1.27787,1.20688,1.22275,0.93764,0.65745,0.79802,0.57447,1.13515,1.07006,1.21292,0.00449725,0.00449725,0.00449725
669,16286.7,1.2635,1.18613,1.20511,0.93667,0.66087,0.79822,0.57461,1.1316,1.06613,1.21112,0.004489,0.004489,0.004489
670,16310.8,1.30172,1.23313,1.23589,0.93145,0.66498,0.79961,0.57432,1.12848,1.06212,1.21016,0.00448075,0.00448075,0.00448075
671,16334.8,1.25645,1.19069,1.2024,0.91274,0.67234,0.80041,0.57543,1.12881,1.0584,1.21013,0.0044725,0.0044725,0.0044725
672,16358.9,1.27121,1.21114,1.21272,0.86827,0.69574,0.79811,0.57688,1.12932,1.05734,1.21056,0.00446425,0.00446425,0.00446425
673,16383.5,1.30684,1.23179,1.22407,0.86027,0.70735,0.79993,0.57845,1.13008,1.05476,1.21096,0.004456,0.004456,0.004456
674,16407.9,1.2813,1.18142,1.21114,0.87287,0.70638,0.79963,0.5756,1.12903,1.05093,1.21016,0.00444775,0.00444775,0.00444775
675,16432,1.27481,1.22022,1.21984,0.89313,0.69344,0.79879,0.57248,1.12939,1.05191,1.20937,0.0044395,0.0044395,0.0044395
676,16456,1.27605,1.19309,1.21361,0.89977,0.68761,0.80097,0.57621,1.12888,1.05263,1.20942,0.00443125,0.00443125,0.00443125
677,16480.1,1.26651,1.20628,1.20739,0.909,0.68936,0.8035,0.57779,1.12585,1.04959,1.20734,0.004423,0.004423,0.004423
678,16504.1,1.24074,1.17705,1.20106,0.91748,0.68936,0.80437,0.58186,1.12069,1.04547,1.20408,0.00441475,0.00441475,0.00441475
679,16528.6,1.25519,1.17221,1.2082,0.91609,0.68936,0.80575,0.5812,1.11969,1.04287,1.20369,0.0044065,0.0044065,0.0044065
680,16552.8,1.26208,1.18815,1.21102,0.90424,0.69362,0.80577,0.5802,1.12071,1.04222,1.20382,0.00439825,0.00439825,0.00439825
681,16576.2,1.2908,1.20902,1.21272,0.9201,0.68601,0.80658,0.57976,1.12198,1.04273,1.20412,0.00439,0.00439,0.00439
682,16600.4,1.27633,1.21966,1.22172,0.92084,0.68085,0.80788,0.58071,1.12202,1.04147,1.20474,0.00438175,0.00438175,0.00438175
683,16624.5,1.27672,1.20824,1.21013,0.91791,0.68298,0.80944,0.58209,1.12189,1.04268,1.20406,0.0043735,0.0043735,0.0043735
684,16649,1.28029,1.20249,1.22082,0.88158,0.69787,0.80956,0.58459,1.1216,1.04326,1.20378,0.00436525,0.00436525,0.00436525
685,16673.6,1.26466,1.20138,1.20912,0.87377,0.71702,0.81057,0.58847,1.11677,1.03926,1.20167,0.004357,0.004357,0.004357
686,16698.2,1.24865,1.18233,1.19966,0.88138,0.71138,0.8111,0.58937,1.11433,1.03749,1.20079,0.00434875,0.00434875,0.00434875
687,16722.8,1.2331,1.15404,1.19682,0.88169,0.71352,0.81122,0.59051,1.11398,1.03425,1.19969,0.0043405,0.0043405,0.0043405
688,16747.2,1.28747,1.20508,1.20842,0.8847,0.7183,0.81146,0.59102,1.11257,1.03197,1.19831,0.00433225,0.00433225,0.00433225
689,16771.8,1.25778,1.16657,1.19568,0.87878,0.71915,0.8134,0.59341,1.11138,1.02881,1.19671,0.004324,0.004324,0.004324
690,16796.3,1.23069,1.1522,1.19577,0.87007,0.72128,0.81304,0.59175,1.1098,1.02565,1.19589,0.00431575,0.00431575,0.00431575
691,16820.3,1.24703,1.1519,1.2029,0.86191,0.72553,0.81378,0.59231,1.10783,1.0234,1.19514,0.0043075,0.0043075,0.0043075
692,16843.8,1.26448,1.17949,1.20011,0.86788,0.7268,0.81529,0.59247,1.10563,1.01994,1.19415,0.00429925,0.00429925,0.00429925
693,16867.9,1.2599,1.18898,1.20019,0.87825,0.72133,0.81803,0.59379,1.1036,1.01923,1.19364,0.004291,0.004291,0.004291
694,16892.4,1.2342,1.15182,1.19075,0.87843,0.7226,0.81857,0.59544,1.10065,1.01749,1.19158,0.00428275,0.00428275,0.00428275
695,16917,1.26509,1.18329,1.20804,0.87077,0.73191,0.81936,0.5937,1.09893,1.01683,1.19027,0.0042745,0.0042745,0.0042745
696,16941.2,1.23452,1.14429,1.19439,0.87351,0.72979,0.81973,0.59621,1.09722,1.0167,1.1894,0.00426625,0.00426625,0.00426625
697,16965.7,1.27956,1.20324,1.21065,0.87081,0.73191,0.82036,0.59676,1.09448,1.01736,1.18907,0.004258,0.004258,0.004258
698,16990.2,1.22083,1.14381,1.19617,0.88094,0.72979,0.82091,0.5983,1.09375,1.01434,1.18853,0.00424975,0.00424975,0.00424975
699,17014.8,1.20547,1.10968,1.17624,0.88193,0.73106,0.82131,0.59884,1.09477,1.01433,1.1885,0.0042415,0.0042415,0.0042415
700,17039.3,1.2506,1.1746,1.19623,0.88198,0.7314,0.82179,0.59785,1.09596,1.01443,1.18807,0.00423325,0.00423325,0.00423325
701,17063.3,1.25708,1.18177,1.20433,0.88004,0.72979,0.82161,0.59759,1.09536,1.01158,1.18724,0.004225,0.004225,0.004225
702,17087.4,1.2368,1.14532,1.19365,0.88416,0.73404,0.82159,0.59979,1.09323,1.00886,1.18598,0.00421675,0.00421675,0.00421675
703,17111.9,1.23389,1.15095,1.19048,0.89469,0.73404,0.82286,0.60037,1.09147,1.00399,1.18514,0.0042085,0.0042085,0.0042085
704,17136.5,1.2252,1.13292,1.18998,0.89543,0.72878,0.82346,0.60175,1.09025,1.00147,1.18435,0.00420025,0.00420025,0.00420025
705,17161,1.2141,1.1386,1.19239,0.89518,0.72553,0.82325,0.6015,1.09038,0.99872,1.18433,0.004192,0.004192,0.004192
706,17185.2,1.23567,1.13452,1.19073,0.88709,0.7234,0.82303,0.59977,1.09119,0.99833,1.18461,0.00418375,0.00418375,0.00418375
707,17209.2,1.22414,1.1552,1.18889,0.89086,0.72766,0.82338,0.60059,1.0917,0.9964,1.18434,0.0041755,0.0041755,0.0041755
708,17233.2,1.20546,1.12271,1.17533,0.90442,0.72475,0.82486,0.60015,1.08752,0.99184,1.1827,0.00416725,0.00416725,0.00416725
709,17257.3,1.21909,1.15139,1.18574,0.90179,0.72283,0.82473,0.60352,1.08518,0.99123,1.18194,0.004159,0.004159,0.004159
710,17282,1.21414,1.15406,1.17837,0.90177,0.72274,0.82474,0.603,1.08333,0.99109,1.18106,0.00415075,0.00415075,0.00415075
711,17306.4,1.23257,1.15584,1.19001,0.91373,0.72109,0.82648,0.60324,1.0824,0.99138,1.18133,0.0041425,0.0041425,0.0041425
712,17330.6,1.2041,1.11687,1.1762,0.91113,0.71981,0.82714,0.60275,1.08096,0.98931,1.18078,0.00413425,0.00413425,0.00413425
713,17354.7,1.23808,1.16956,1.21006,0.9073,0.72128,0.82736,0.6037,1.08002,0.98561,1.18035,0.004126,0.004126,0.004126
714,17379.1,1.23077,1.15238,1.19683,0.91114,0.72128,0.8273,0.60515,1.0783,0.98159,1.17982,0.00411775,0.00411775,0.00411775
715,17403.7,1.2138,1.12819,1.1898,0.90899,0.72251,0.82945,0.60554,1.07709,0.97933,1.17954,0.0041095,0.0041095,0.0041095
716,17428.3,1.20924,1.12342,1.18603,0.90827,0.72979,0.82998,0.60698,1.07412,0.97574,1.17852,0.00410125,0.00410125,0.00410125
717,17453,1.19403,1.1082,1.17916,0.90304,0.73404,0.83025,0.60886,1.07262,0.97086,1.17764,0.004093,0.004093,0.004093
718,17477.6,1.2041,1.11696,1.1792,0.90537,0.73284,0.83192,0.61042,1.07162,0.9686,1.17669,0.00408475,0.00408475,0.00408475
719,17502.1,1.20217,1.10054,1.16692,0.89889,0.73404,0.83238,0.61163,1.07114,0.96673,1.17664,0.0040765,0.0040765,0.0040765
720,17526.7,1.20842,1.11913,1.17984,0.90819,0.72766,0.83247,0.61114,1.0695,0.96586,1.17548,0.00406825,0.00406825,0.00406825
721,17550.5,1.18946,1.09009,1.17019,0.91186,0.72643,0.83342,0.61171,1.06799,0.96378,1.17459,0.00406,0.00406,0.00406
722,17575,1.18484,1.11607,1.16746,0.90981,0.72976,0.83458,0.61183,1.06612,0.95949,1.17345,0.00405175,0.00405175,0.00405175
723,17599.6,1.19049,1.10332,1.18338,0.92432,0.72766,0.83549,0.61154,1.06584,0.95771,1.1734,0.0040435,0.0040435,0.0040435
724,17623.8,1.18455,1.10108,1.16688,0.93145,0.7228,0.83649,0.61343,1.06465,0.95589,1.17224,0.00403525,0.00403525,0.00403525
725,17648.4,1.20267,1.11931,1.17626,0.92032,0.72979,0.83784,0.61345,1.06326,0.95455,1.17148,0.004027,0.004027,0.004027
726,17672.9,1.19001,1.09785,1.16871,0.92244,0.73381,0.83811,0.61389,1.06219,0.95402,1.17066,0.00401875,0.00401875,0.00401875
727,17697.5,1.19754,1.11423,1.17118,0.91801,0.73854,0.83793,0.61403,1.05907,0.95127,1.16891,0.0040105,0.0040105,0.0040105
728,17722,1.21515,1.12902,1.17421,0.9084,0.74255,0.83782,0.61492,1.05582,0.94803,1.16762,0.00400225,0.00400225,0.00400225
729,17746.6,1.22461,1.12505,1.18092,0.9215,0.74043,0.83759,0.6152,1.05335,0.94525,1.16677,0.003994,0.003994,0.003994
730,17771.2,1.20311,1.10039,1.17287,0.90849,0.74255,0.83844,0.614,1.0515,0.94232,1.16566,0.00398575,0.00398575,0.00398575
731,17795.1,1.16471,1.08283,1.1585,0.93461,0.7299,0.83966,0.6146,1.05056,0.93954,1.16483,0.0039775,0.0039775,0.0039775
732,17819,1.19004,1.09701,1.16679,0.93268,0.73689,0.83998,0.61695,1.04782,0.93749,1.16359,0.00396925,0.00396925,0.00396925
733,17843.7,1.1801,1.06931,1.16561,0.93529,0.73805,0.8402,0.61785,1.04629,0.93659,1.16253,0.003961,0.003961,0.003961
734,17868.4,1.18697,1.10923,1.16943,0.93197,0.72979,0.83966,0.61839,1.04603,0.93628,1.16219,0.00395275,0.00395275,0.00395275
735,17892.9,1.16353,1.08238,1.16175,0.92699,0.72937,0.83853,0.61767,1.0463,0.93546,1.16244,0.0039445,0.0039445,0.0039445
736,17916.9,1.18306,1.09047,1.16656,0.92615,0.73191,0.83918,0.61691,1.04467,0.93451,1.16101,0.00393625,0.00393625,0.00393625
737,17941,1.17334,1.07742,1.15417,0.91215,0.74043,0.8379,0.61756,1.04404,0.93565,1.16073,0.003928,0.003928,0.003928
738,17965.1,1.18641,1.10331,1.16795,0.90761,0.74043,0.83838,0.6181,1.04212,0.93343,1.1595,0.00391975,0.00391975,0.00391975
739,17989.2,1.17907,1.09718,1.16383,0.91313,0.73808,0.83965,0.61975,1.0403,0.93112,1.1579,0.0039115,0.0039115,0.0039115
740,18013.8,1.15218,1.06666,1.15243,0.91158,0.74576,0.84012,0.62104,1.03956,0.9287,1.15688,0.00390325,0.00390325,0.00390325
741,18038.2,1.21254,1.10931,1.18307,0.90721,0.74885,0.84052,0.62164,1.03818,0.9274,1.15568,0.003895,0.003895,0.003895
742,18062.8,1.17169,1.08815,1.1682,0.93201,0.72912,0.84112,0.62129,1.03766,0.92596,1.15469,0.00388675,0.00388675,0.00388675
743,18086.8,1.16597,1.06218,1.15576,0.90118,0.75672,0.84247,0.62126,1.03635,0.92407,1.15309,0.0038785,0.0038785,0.0038785
744,18110.9,1.16836,1.07579,1.15942,0.91718,0.75532,0.84311,0.62173,1.03559,0.92086,1.15227,0.00387025,0.00387025,0.00387025
745,18135.5,1.18853,1.09959,1.17125,0.91233,0.75745,0.84358,0.62338,1.03451,0.91845,1.15137,0.003862,0.003862,0.003862
746,18160.1,1.16117,1.07464,1.15749,0.90803,0.75106,0.84394,0.62304,1.03321,0.91647,1.15035,0.00385375,0.00385375,0.00385375
747,18184.2,1.15624,1.06926,1.15049,0.91506,0.75745,0.84424,0.62405,1.03197,0.91622,1.14977,0.0038455,0.0038455,0.0038455
748,18208.8,1.18454,1.09142,1.15662,0.92606,0.74255,0.84442,0.62391,1.03161,0.91487,1.14941,0.00383725,0.00383725,0.00383725
749,18233,1.13618,1.04398,1.13161,0.9341,0.74255,0.84482,0.6248,1.03143,0.91369,1.14907,0.003829,0.003829,0.003829
750,18257.5,1.1544,1.05061,1.15296,0.94488,0.74255,0.84679,0.62565,1.03071,0.91259,1.14817,0.00382075,0.00382075,0.00382075
751,18282.1,1.16926,1.06007,1.14862,0.93823,0.74328,0.84701,0.62638,1.02973,0.9105,1.14734,0.0038125,0.0038125,0.0038125
752,18306.7,1.18109,1.07646,1.1593,0.93763,0.74681,0.84932,0.62781,1.02849,0.90931,1.14642,0.00380425,0.00380425,0.00380425
753,18331.4,1.13211,1.02746,1.13418,0.93948,0.74681,0.84974,0.62918,1.02771,0.90846,1.14524,0.003796,0.003796,0.003796
754,18356,1.1663,1.06643,1.15954,0.93629,0.75045,0.84898,0.63054,1.02685,0.90659,1.14409,0.00378775,0.00378775,0.00378775
755,18380.6,1.14235,1.04819,1.14602,0.93173,0.74894,0.84907,0.62985,1.02685,0.90595,1.14341,0.0037795,0.0037795,0.0037795
756,18404.8,1.1739,1.06858,1.15766,0.93534,0.75106,0.8493,0.63098,1.02456,0.90519,1.14215,0.00377125,0.00377125,0.00377125
757,18429.5,1.16509,1.07785,1.15664,0.93225,0.75106,0.84945,0.63311,1.02272,0.90461,1.1412,0.003763,0.003763,0.003763
758,18454.1,1.15536,1.02575,1.15981,0.93913,0.75498,0.84975,0.63317,1.021,0.90381,1.1409,0.00375475,0.00375475,0.00375475
759,18478.7,1.17147,1.07313,1.15537,0.94141,0.75208,0.84988,0.63424,1.01997,0.90193,1.14056,0.0037465,0.0037465,0.0037465
760,18503.3,1.17087,1.0733,1.15594,0.93568,0.75745,0.85033,0.63371,1.01853,0.89934,1.13976,0.00373825,0.00373825,0.00373825
761,18527.4,1.13914,1.02227,1.13745,0.92461,0.75957,0.84991,0.63311,1.0182,0.89667,1.13946,0.00373,0.00373,0.00373
762,18551.6,1.16145,1.04409,1.14577,0.92587,0.75745,0.85058,0.63535,1.018,0.89421,1.13858,0.00372175,0.00372175,0.00372175
763,18576.2,1.16533,1.06242,1.1469,0.92814,0.75745,0.8514,0.63421,1.01775,0.89108,1.13777,0.0037135,0.0037135,0.0037135
764,18600.4,1.15773,1.0676,1.15501,0.93027,0.75745,0.85109,0.63199,1.01709,0.89015,1.13634,0.00370525,0.00370525,0.00370525
765,18624.5,1.14966,1.04608,1.14463,0.9319,0.75696,0.85193,0.6333,1.01685,0.88974,1.13574,0.003697,0.003697,0.003697
766,18648.6,1.13441,1.03375,1.14623,0.93435,0.75703,0.85266,0.63419,1.01646,0.8886,1.13507,0.00368875,0.00368875,0.00368875
767,18672.7,1.17024,1.05248,1.15018,0.93449,0.75875,0.8528,0.63403,1.01555,0.88623,1.13395,0.0036805,0.0036805,0.0036805
768,18696.9,1.1299,1.01403,1.13181,0.92985,0.75745,0.85274,0.63385,1.01458,0.88345,1.13326,0.00367225,0.00367225,0.00367225
769,18721,1.17533,1.06571,1.15282,0.9276,0.7617,0.85098,0.6358,1.01295,0.88163,1.13283,0.003664,0.003664,0.003664
770,18745.7,1.12197,1.01783,1.14129,0.93152,0.75957,0.85164,0.63598,1.01288,0.88145,1.13328,0.00365575,0.00365575,0.00365575
771,18770.2,1.15967,1.04403,1.1529,0.92955,0.75745,0.85248,0.63566,1.01125,0.88002,1.1324,0.0036475,0.0036475,0.0036475
772,18794.4,1.14316,1.03877,1.14364,0.92956,0.7617,0.85338,0.63738,1.0114,0.87955,1.13237,0.00363925,0.00363925,0.00363925
773,18818.7,1.10723,1.00686,1.12492,0.9217,0.75957,0.85356,0.63783,1.01091,0.87843,1.1314,0.003631,0.003631,0.003631
774,18843.2,1.13405,1.02725,1.12875,0.91659,0.7716,0.85341,0.63818,1.00959,0.87722,1.13108,0.00362275,0.00362275,0.00362275
775,18867.7,1.14581,1.04953,1.14844,0.91425,0.77124,0.85374,0.63827,1.00809,0.87617,1.13084,0.0036145,0.0036145,0.0036145
776,18892.2,1.11652,1.01968,1.13237,0.9096,0.77071,0.85356,0.63841,1.00803,0.87491,1.13092,0.00360625,0.00360625,0.00360625
777,18916.9,1.14631,1.03618,1.13844,0.91014,0.77234,0.85404,0.63826,1.00791,0.87311,1.13091,0.003598,0.003598,0.003598
778,18941,1.15091,1.05384,1.13748,0.90786,0.77562,0.8537,0.63837,1.00741,0.87058,1.13074,0.00358975,0.00358975,0.00358975
779,18965.2,1.13348,1.03434,1.13607,0.91792,0.77447,0.85479,0.63863,1.00717,0.86934,1.12981,0.0035815,0.0035815,0.0035815
780,18989.7,1.14883,1.04142,1.14372,0.92009,0.77234,0.85575,0.63892,1.00553,0.86794,1.12946,0.00357325,0.00357325,0.00357325
781,19014.3,1.15102,1.04759,1.14883,0.92565,0.76822,0.85637,0.63888,1.00501,0.86711,1.12872,0.003565,0.003565,0.003565
782,19038.8,1.12846,1.02083,1.13179,0.92968,0.76596,0.85662,0.63929,1.00465,0.86566,1.12831,0.00355675,0.00355675,0.00355675
783,19063.5,1.11325,1.03362,1.12632,0.93302,0.76383,0.85665,0.63884,1.00498,0.86428,1.12818,0.0035485,0.0035485,0.0035485
784,19087.5,1.10018,0.99489,1.13196,0.92781,0.76568,0.85763,0.64002,1.00464,0.86366,1.12748,0.00354025,0.00354025,0.00354025
785,19112.1,1.13519,1.03612,1.14246,0.92867,0.76596,0.85766,0.64024,1.00556,0.86324,1.12751,0.003532,0.003532,0.003532
786,19136.7,1.12543,1.0256,1.13162,0.92335,0.76897,0.85878,0.64022,1.00638,0.86385,1.12767,0.00352375,0.00352375,0.00352375
787,19161,1.12128,1.02478,1.12943,0.91901,0.77234,0.85785,0.63998,1.00623,0.86504,1.12738,0.0035155,0.0035155,0.0035155
788,19185.4,1.1178,0.9981,1.1248,0.91768,0.77447,0.85916,0.64177,1.00619,0.86517,1.12746,0.00350725,0.00350725,0.00350725
789,19209.9,1.08455,0.98173,1.11852,0.92086,0.77447,0.85886,0.64199,1.00638,0.86632,1.12784,0.003499,0.003499,0.003499
790,19234.4,1.11574,1.01421,1.13758,0.91203,0.77447,0.85818,0.64229,1.00616,0.86434,1.12764,0.00349075,0.00349075,0.00349075
791,19259,1.11136,0.9972,1.11979,0.91746,0.77234,0.85861,0.6418,1.00619,0.86308,1.12737,0.0034825,0.0034825,0.0034825
792,19283.2,1.12372,1.03396,1.13029,0.92144,0.77363,0.8579,0.64135,1.00602,0.86344,1.12748,0.00347425,0.00347425,0.00347425
793,19307.4,1.11516,1.00659,1.12355,0.92699,0.76809,0.85888,0.64174,1.00595,0.86326,1.12735,0.003466,0.003466,0.003466
794,19331.6,1.10647,0.99619,1.12013,0.92618,0.76809,0.85807,0.64102,1.00658,0.86389,1.12743,0.00345775,0.00345775,0.00345775
795,19355.7,1.1098,0.99289,1.12808,0.92595,0.77151,0.85868,0.64053,1.00679,0.86414,1.12724,0.0034495,0.0034495,0.0034495
796,19379.5,1.08396,0.98351,1.11159,0.92887,0.77234,0.85866,0.64127,1.00669,0.86385,1.12716,0.00344125,0.00344125,0.00344125
797,19403.7,1.09263,0.98408,1.11811,0.92279,0.77234,0.85904,0.64057,1.00611,0.86281,1.12686,0.003433,0.003433,0.003433
798,19427.8,1.10961,0.99831,1.13044,0.91532,0.77234,0.85946,0.64281,1.00588,0.86234,1.12649,0.00342475,0.00342475,0.00342475
799,19452.4,1.10453,0.98122,1.12083,0.92003,0.77234,0.85923,0.64246,1.00593,0.86248,1.12634,0.0034165,0.0034165,0.0034165
800,19476.5,1.10604,1.01085,1.11781,0.92848,0.76809,0.85986,0.64126,1.00593,0.86164,1.12659,0.00340825,0.00340825,0.00340825
801,19500.6,1.08977,0.99432,1.12761,0.93028,0.76654,0.85998,0.64386,1.00682,0.86118,1.1268,0.0034,0.0034,0.0034
802,19525.3,1.09891,0.99395,1.11783,0.93031,0.76596,0.86075,0.64505,1.0067,0.86018,1.12671,0.00339175,0.00339175,0.00339175
803,19549.8,1.09404,0.98004,1.1275,0.92816,0.76809,0.86065,0.64452,1.00502,0.85752,1.12614,0.0033835,0.0033835,0.0033835
804,19574.1,1.09398,1.00054,1.11858,0.92431,0.76809,0.86115,0.6448,1.0037,0.8549,1.12549,0.00337525,0.00337525,0.00337525
805,19598.3,1.11276,1.00009,1.12357,0.92244,0.76809,0.86139,0.6438,1.00104,0.85341,1.12481,0.003367,0.003367,0.003367
806,19622.5,1.08695,0.98839,1.11353,0.93718,0.76175,0.86112,0.64394,0.99866,0.85165,1.12391,0.00335875,0.00335875,0.00335875
807,19646.6,1.08973,0.99093,1.11519,0.9352,0.76596,0.86107,0.64475,0.99673,0.84965,1.12314,0.0033505,0.0033505,0.0033505
808,19670.8,1.12003,1.02138,1.13285,0.92334,0.76884,0.86142,0.64536,0.99455,0.84834,1.12241,0.00334225,0.00334225,0.00334225
809,19695.4,1.08902,0.98284,1.11915,0.92092,0.76809,0.86083,0.64608,0.9932,0.84649,1.12194,0.003334,0.003334,0.003334
810,19720,1.08458,0.96787,1.11993,0.92876,0.76596,0.86073,0.6463,0.99179,0.84593,1.12141,0.00332575,0.00332575,0.00332575
811,19744.5,1.10436,0.99186,1.11393,0.93174,0.76809,0.86122,0.64729,0.99028,0.84501,1.12079,0.0033175,0.0033175,0.0033175
812,19768.8,1.09032,0.98131,1.11486,0.9282,0.77021,0.86171,0.64786,0.98825,0.84414,1.12049,0.00330925,0.00330925,0.00330925
813,19793.3,1.08603,0.98835,1.11919,0.92418,0.76809,0.86172,0.64819,0.98613,0.84292,1.11942,0.003301,0.003301,0.003301
814,19817.8,1.09756,0.98118,1.11031,0.92582,0.77006,0.86249,0.64852,0.98495,0.84179,1.1184,0.00329275,0.00329275,0.00329275
815,19842.3,1.09574,0.98671,1.11002,0.92541,0.77021,0.86292,0.64921,0.98333,0.84001,1.11733,0.0032845,0.0032845,0.0032845
816,19866.9,1.07133,0.95498,1.10532,0.92588,0.77021,0.86307,0.64991,0.98211,0.83885,1.11667,0.00327625,0.00327625,0.00327625
817,19891.3,1.07334,0.97404,1.11287,0.92692,0.77021,0.8622,0.65066,0.98083,0.8393,1.11598,0.003268,0.003268,0.003268
818,19915.9,1.08376,0.99107,1.11903,0.93051,0.77234,0.86212,0.65119,0.97913,0.83931,1.11546,0.00325975,0.00325975,0.00325975
819,19940.4,1.12564,1.0156,1.13013,0.93135,0.77021,0.86263,0.65197,0.97871,0.83893,1.1149,0.0032515,0.0032515,0.0032515
820,19964.9,1.08018,0.96687,1.10748,0.92834,0.77173,0.86358,0.65225,0.97736,0.83826,1.11435,0.00324325,0.00324325,0.00324325
821,19989.5,1.08811,0.97556,1.11742,0.93777,0.76809,0.86284,0.65356,0.97698,0.83864,1.1134,0.003235,0.003235,0.003235
822,20014.2,1.09774,0.99528,1.12473,0.93773,0.76809,0.86285,0.65305,0.97687,0.83873,1.11319,0.00322675,0.00322675,0.00322675
823,20038.4,1.08379,0.9811,1.10562,0.94023,0.76981,0.86334,0.65375,0.97668,0.83888,1.11294,0.0032185,0.0032185,0.0032185
824,20062.8,1.07094,0.95617,1.10482,0.94001,0.76683,0.86372,0.65403,0.97636,0.83988,1.11236,0.00321025,0.00321025,0.00321025
825,20087.3,1.08025,0.98171,1.10682,0.93755,0.76668,0.8641,0.65403,0.97604,0.83971,1.11168,0.003202,0.003202,0.003202
826,20111.9,1.08402,0.9769,1.11355,0.93762,0.76754,0.86365,0.65516,0.97568,0.83899,1.11124,0.00319375,0.00319375,0.00319375
827,20136.6,1.06554,0.95568,1.10793,0.93753,0.76629,0.86431,0.65497,0.97524,0.83875,1.11063,0.0031855,0.0031855,0.0031855
828,20160.8,1.08268,0.981,1.11151,0.94001,0.76675,0.86476,0.65509,0.97441,0.8381,1.11,0.00317725,0.00317725,0.00317725
829,20185.2,1.08451,0.9857,1.10929,0.93992,0.76553,0.86479,0.65545,0.97385,0.83769,1.10935,0.003169,0.003169,0.003169
830,20209.9,1.08503,0.9775,1.1134,0.94169,0.76596,0.86433,0.65598,0.97267,0.8369,1.10884,0.00316075,0.00316075,0.00316075
831,20234.7,1.06698,0.96881,1.11334,0.93999,0.76653,0.86529,0.65609,0.97202,0.83607,1.10863,0.0031525,0.0031525,0.0031525
832,20259,1.05954,0.97473,1.10363,0.94246,0.76596,0.86665,0.65647,0.97114,0.8356,1.10857,0.00314425,0.00314425,0.00314425
833,20283.5,1.09164,0.95608,1.11895,0.94489,0.76605,0.86705,0.65735,0.97074,0.83532,1.1082,0.003136,0.003136,0.003136
834,20308.1,1.077,0.96468,1.10101,0.94746,0.76732,0.86748,0.65793,0.96969,0.83451,1.1078,0.00312775,0.00312775,0.00312775
835,20332.6,1.04825,0.92009,1.08828,0.94746,0.76596,0.8676,0.6586,0.96858,0.83283,1.10722,0.0031195,0.0031195,0.0031195
836,20357.1,1.05667,0.9449,1.10698,0.94904,0.76596,0.86672,0.65884,0.96777,0.83205,1.10669,0.00311125,0.00311125,0.00311125
837,20381.7,1.05568,0.94402,1.09944,0.94873,0.76596,0.86669,0.6587,0.96668,0.83158,1.10616,0.003103,0.003103,0.003103
838,20405.8,1.06176,0.95202,1.09523,0.94928,0.76809,0.8677,0.65945,0.96563,0.83058,1.1056,0.00309475,0.00309475,0.00309475
839,20430.4,1.08433,0.96604,1.11031,0.95017,0.76809,0.86735,0.66022,0.96454,0.82997,1.10496,0.0030865,0.0030865,0.0030865
840,20454.9,1.08579,0.97272,1.11104,0.95071,0.76809,0.86767,0.66059,0.9635,0.82882,1.1045,0.00307825,0.00307825,0.00307825
841,20479.5,1.0632,0.94752,1.09649,0.95001,0.76809,0.86789,0.66074,0.96262,0.8283,1.10377,0.00307,0.00307,0.00307
842,20504.1,1.06763,0.9563,1.10556,0.94936,0.76809,0.86804,0.66038,0.96234,0.82757,1.10335,0.00306175,0.00306175,0.00306175
843,20528.4,1.05555,0.92443,1.09492,0.94986,0.76809,0.86822,0.65997,0.96184,0.82668,1.10291,0.0030535,0.0030535,0.0030535
844,20552.6,1.07607,0.94548,1.10268,0.94958,0.76809,0.86843,0.66151,0.96077,0.8255,1.1025,0.00304525,0.00304525,0.00304525
845,20577.2,1.0444,0.93105,1.08084,0.94938,0.76809,0.8686,0.66211,0.95993,0.82421,1.10223,0.003037,0.003037,0.003037
846,20601.7,1.0712,0.96355,1.10885,0.95559,0.76809,0.86885,0.66139,0.95998,0.82358,1.10174,0.00302875,0.00302875,0.00302875
847,20625.8,1.08129,0.96705,1.10778,0.95406,0.76809,0.86922,0.66141,0.95961,0.82302,1.10122,0.0030205,0.0030205,0.0030205
848,20649.9,1.06078,0.95795,1.11166,0.95416,0.76809,0.86908,0.66244,0.95889,0.82234,1.10099,0.00301225,0.00301225,0.00301225
849,20674.4,1.06434,0.95462,1.10815,0.95527,0.76809,0.86959,0.66394,0.95843,0.82187,1.10062,0.003004,0.003004,0.003004
850,20699,1.05582,0.9389,1.09642,0.955,0.76768,0.86985,0.66491,0.95771,0.82072,1.10015,0.00299575,0.00299575,0.00299575
851,20723.6,1.04654,0.93128,1.09004,0.94788,0.76809,0.8699,0.66507,0.95676,0.81965,1.09952,0.0029875,0.0029875,0.0029875
852,20748.1,1.04083,0.92753,1.08754,0.94932,0.76809,0.87006,0.66532,0.95602,0.81905,1.09938,0.00297925,0.00297925,0.00297925
853,20772.6,1.07328,0.96601,1.10726,0.94991,0.76596,0.87015,0.66483,0.95523,0.81735,1.09903,0.002971,0.002971,0.002971
854,20796.7,1.02746,0.9086,1.07862,0.94738,0.76613,0.87055,0.66701,0.95448,0.81555,1.09862,0.00296275,0.00296275,0.00296275
855,20821.2,1.06057,0.95275,1.10562,0.95158,0.76596,0.87116,0.6667,0.9534,0.81434,1.09811,0.0029545,0.0029545,0.0029545
856,20845.4,1.04686,0.92717,1.09671,0.95219,0.76596,0.87158,0.66731,0.95257,0.81293,1.09755,0.00294625,0.00294625,0.00294625
857,20870,1.01765,0.9044,1.07932,0.9574,0.76517,0.87155,0.66799,0.95125,0.81198,1.09705,0.002938,0.002938,0.002938
858,20894.6,1.04444,0.91,1.08719,0.95847,0.76383,0.87176,0.66876,0.95112,0.81086,1.09645,0.00292975,0.00292975,0.00292975
859,20919.5,1.05892,0.96656,1.10165,0.95654,0.76596,0.8726,0.66873,0.9507,0.81043,1.09606,0.0029215,0.0029215,0.0029215
860,20944.1,1.05259,0.9474,1.09458,0.95652,0.76596,0.87312,0.66836,0.94972,0.80971,1.09576,0.00291325,0.00291325,0.00291325
861,20968,1.03007,0.91467,1.08236,0.95368,0.76596,0.87308,0.66965,0.94891,0.80965,1.09542,0.002905,0.002905,0.002905
862,20992.6,1.05434,0.92858,1.09058,0.95502,0.7679,0.87309,0.66982,0.94808,0.80887,1.09512,0.00289675,0.00289675,0.00289675
863,21017.4,1.05292,0.93182,1.07993,0.95504,0.76836,0.87338,0.67058,0.94724,0.8076,1.09445,0.0028885,0.0028885,0.0028885
864,21041.7,1.06818,0.95118,1.09313,0.95561,0.77021,0.87374,0.67135,0.9462,0.80577,1.09366,0.00288025,0.00288025,0.00288025
865,21066.2,1.03912,0.91334,1.08393,0.95517,0.77069,0.87427,0.67099,0.94516,0.80446,1.09287,0.002872,0.002872,0.002872
866,21090.3,1.03794,0.93093,1.08472,0.94617,0.77447,0.87482,0.67064,0.94406,0.80345,1.09219,0.00286375,0.00286375,0.00286375
867,21114.5,1.06151,0.9516,1.0989,0.9384,0.77788,0.87478,0.67103,0.94361,0.80269,1.0918,0.0028555,0.0028555,0.0028555
868,21138.8,1.05131,0.93751,1.09711,0.93687,0.77872,0.87445,0.67205,0.94251,0.80207,1.09104,0.00284725,0.00284725,0.00284725
869,21162.9,1.03939,0.93387,1.08816,0.93607,0.77879,0.87446,0.6721,0.94146,0.80145,1.09076,0.002839,0.002839,0.002839
870,21187.1,1.01905,0.89505,1.07936,0.93622,0.77872,0.87471,0.67252,0.94057,0.80124,1.09041,0.00283075,0.00283075,0.00283075
871,21211.8,1.01245,0.904,1.08061,0.93608,0.77899,0.87522,0.67264,0.93974,0.80051,1.09006,0.0028225,0.0028225,0.0028225
872,21236.4,1.03961,0.90395,1.08558,0.94069,0.77622,0.8754,0.67286,0.93839,0.7999,1.08979,0.00281425,0.00281425,0.00281425
873,21261.1,1.03356,0.90919,1.08852,0.94066,0.77572,0.87535,0.67217,0.93767,0.79859,1.08942,0.002806,0.002806,0.002806
874,21285.2,1.05414,0.93334,1.09425,0.94147,0.77447,0.87573,0.67282,0.93694,0.79767,1.0893,0.00279775,0.00279775,0.00279775
875,21309.6,1.01327,0.90356,1.08782,0.94026,0.77447,0.87586,0.67336,0.93592,0.79591,1.08882,0.0027895,0.0027895,0.0027895
876,21334.2,1.04017,0.91903,1.08514,0.94033,0.77447,0.87601,0.67419,0.93539,0.79398,1.08832,0.00278125,0.00278125,0.00278125
877,21358.5,1.01907,0.90126,1.08436,0.906,0.79976,0.8764,0.67538,0.9345,0.79265,1.08776,0.002773,0.002773,0.002773
878,21383.1,1.0314,0.93031,1.07677,0.90635,0.80308,0.87635,0.67479,0.93353,0.79138,1.08724,0.00276475,0.00276475,0.00276475
879,21407.3,1.01408,0.89203,1.0732,0.90841,0.80213,0.87629,0.6752,0.93319,0.79015,1.08697,0.0027565,0.0027565,0.0027565
880,21431.4,1.00944,0.90579,1.07951,0.90721,0.80213,0.8765,0.67549,0.93223,0.78931,1.08637,0.00274825,0.00274825,0.00274825
881,21455.9,1.00021,0.88877,1.07476,0.90635,0.80308,0.87743,0.67595,0.93147,0.7881,1.08597,0.00274,0.00274,0.00274
882,21479.6,1.02796,0.91741,1.08583,0.90634,0.80296,0.87757,0.67593,0.93088,0.7873,1.08545,0.00273175,0.00273175,0.00273175
883,21503.6,1.01751,0.89571,1.07791,0.90897,0.80737,0.87811,0.67663,0.93051,0.78627,1.08527,0.0027235,0.0027235,0.0027235
884,21528.2,1.01218,0.88689,1.07179,0.90892,0.80851,0.87809,0.67566,0.93008,0.78605,1.08502,0.00271525,0.00271525,0.00271525
885,21552.3,1.03151,0.91947,1.09252,0.90675,0.80851,0.87845,0.67644,0.92946,0.78564,1.08466,0.002707,0.002707,0.002707
886,21576.5,1.0421,0.91286,1.09058,0.90698,0.8091,0.87866,0.67627,0.92955,0.78505,1.0846,0.00269875,0.00269875,0.00269875
887,21600.7,1.04446,0.93339,1.0868,0.90717,0.81092,0.87888,0.67578,0.92903,0.78428,1.08449,0.0026905,0.0026905,0.0026905
888,21624.6,1.02339,0.89834,1.0788,0.91485,0.80638,0.879,0.67603,0.92885,0.78393,1.08404,0.00268225,0.00268225,0.00268225
889,21648.7,1.01284,0.89368,1.08197,0.91158,0.80638,0.87893,0.67698,0.92902,0.78405,1.08382,0.002674,0.002674,0.002674
890,21673.2,1.01118,0.89229,1.07309,0.91509,0.80851,0.87893,0.67749,0.92886,0.78358,1.08357,0.00266575,0.00266575,0.00266575
891,21697.7,1.0183,0.90394,1.08436,0.91353,0.80851,0.87937,0.67695,0.92799,0.78307,1.08313,0.0026575,0.0026575,0.0026575
892,21721.7,1.01231,0.90006,1.07793,0.91391,0.80851,0.87962,0.67675,0.92749,0.78198,1.08299,0.00264925,0.00264925,0.00264925
893,21745.9,1.03032,0.90016,1.0843,0.91555,0.80736,0.87975,0.67675,0.92746,0.78075,1.08304,0.002641,0.002641,0.002641
894,21769.8,0.9865,0.88,1.06152,0.91343,0.80824,0.87977,0.67719,0.92706,0.78,1.08289,0.00263275,0.00263275,0.00263275
895,21794,1.01272,0.88697,1.0735,0.909,0.80758,0.87957,0.67757,0.92649,0.77972,1.08266,0.0026245,0.0026245,0.0026245
896,21818.6,1.01127,0.88515,1.07322,0.90903,0.80638,0.87987,0.67714,0.92592,0.77958,1.08264,0.00261625,0.00261625,0.00261625
897,21842.6,1.00387,0.86564,1.07104,0.90892,0.80688,0.88004,0.67747,0.92607,0.77936,1.08271,0.002608,0.002608,0.002608
898,21866.8,1.01069,0.89387,1.0826,0.90995,0.80638,0.88013,0.67864,0.92564,0.77922,1.08266,0.00259975,0.00259975,0.00259975
899,21891.4,1.00272,0.90468,1.08091,0.91342,0.80638,0.88034,0.67845,0.92545,0.77915,1.08257,0.0025915,0.0025915,0.0025915
900,21915.6,1.02121,0.90486,1.07801,0.91027,0.80638,0.88041,0.67968,0.92496,0.77902,1.08239,0.00258325,0.00258325,0.00258325
901,21940.1,1.01719,0.88701,1.07097,0.91425,0.80638,0.88038,0.67996,0.9253,0.77888,1.08259,0.002575,0.002575,0.002575
902,21964.7,1.01371,0.88941,1.07282,0.91486,0.80638,0.88061,0.6799,0.92536,0.77882,1.08263,0.00256675,0.00256675,0.00256675
903,21988.8,0.98565,0.87466,1.06817,0.91337,0.80851,0.88084,0.68023,0.92547,0.77856,1.08263,0.0025585,0.0025585,0.0025585
904,22013.4,0.99758,0.88815,1.07071,0.91345,0.80851,0.88102,0.68095,0.92495,0.77827,1.08234,0.00255025,0.00255025,0.00255025
905,22038.1,1.01034,0.8988,1.07215,0.91226,0.80851,0.88108,0.68118,0.92447,0.77839,1.08191,0.002542,0.002542,0.002542
906,22062.6,0.99462,0.87199,1.06536,0.91232,0.80851,0.88126,0.68228,0.92406,0.77842,1.08145,0.00253375,0.00253375,0.00253375
907,22087.2,1.01344,0.9046,1.07876,0.91587,0.80851,0.88157,0.68266,0.92377,0.77831,1.08123,0.0025255,0.0025255,0.0025255
908,22111.8,1.00302,0.8898,1.06625,0.91573,0.80851,0.88172,0.68295,0.92356,0.77803,1.08099,0.00251725,0.00251725,0.00251725
909,22136.4,0.9938,0.86865,1.06229,0.91781,0.80785,0.88181,0.68269,0.92343,0.77797,1.08083,0.002509,0.002509,0.002509
910,22160.4,1.01245,0.87581,1.07293,0.91641,0.80638,0.88198,0.68224,0.92321,0.77795,1.0808,0.00250075,0.00250075,0.00250075
911,22184.5,0.99877,0.87416,1.068,0.91163,0.81215,0.88239,0.68243,0.92308,0.77768,1.08051,0.0024925,0.0024925,0.0024925
912,22208.6,0.97882,0.8703,1.06272,0.91163,0.81211,0.88269,0.68227,0.92315,0.77745,1.08031,0.00248425,0.00248425,0.00248425
913,22232.5,0.99044,0.85962,1.0624,0.91162,0.81207,0.8829,0.68265,0.92314,0.77726,1.08016,0.002476,0.002476,0.002476
914,22256.7,0.98795,0.86657,1.06567,0.91402,0.81064,0.88301,0.6826,0.92296,0.77705,1.0801,0.00246775,0.00246775,0.00246775
915,22280.8,0.99368,0.87436,1.07169,0.91329,0.81064,0.88331,0.68242,0.92336,0.77717,1.08001,0.0024595,0.0024595,0.0024595
916,22305,0.98728,0.86096,1.06745,0.91569,0.80851,0.88348,0.68239,0.92325,0.77709,1.07987,0.00245125,0.00245125,0.00245125
917,22329.1,0.9886,0.86595,1.06151,0.91968,0.80392,0.88385,0.68231,0.9235,0.77685,1.07976,0.002443,0.002443,0.002443
918,22353.3,0.98094,0.86973,1.07284,0.91787,0.80843,0.88372,0.68333,0.92301,0.77707,1.07951,0.00243475,0.00243475,0.00243475
919,22377.9,0.97624,0.86601,1.06058,0.91812,0.81115,0.88387,0.68336,0.92287,0.77674,1.07948,0.0024265,0.0024265,0.0024265
920,22402.4,0.9984,0.88444,1.07145,0.91941,0.81064,0.88411,0.68366,0.92265,0.77643,1.07932,0.00241825,0.00241825,0.00241825
921,22427,0.99518,0.89044,1.07374,0.9204,0.81187,0.88468,0.68551,0.92222,0.77581,1.07908,0.00241,0.00241,0.00241
922,22451.6,0.9844,0.86676,1.06619,0.91915,0.81064,0.88477,0.68485,0.92145,0.77583,1.07874,0.00240175,0.00240175,0.00240175
923,22475.8,1.01392,0.90724,1.07553,0.91901,0.81064,0.88487,0.68519,0.92103,0.77506,1.07852,0.0023935,0.0023935,0.0023935
924,22499.9,0.9771,0.85734,1.05518,0.91942,0.81064,0.88492,0.68539,0.92074,0.7747,1.07831,0.00238525,0.00238525,0.00238525
925,22524,0.97742,0.8443,1.05461,0.922,0.81064,0.88498,0.68584,0.92059,0.77415,1.07824,0.002377,0.002377,0.002377
926,22548.7,0.98392,0.87792,1.05876,0.92367,0.81064,0.885,0.68561,0.92064,0.77421,1.07819,0.00236875,0.00236875,0.00236875
927,22572.8,0.9865,0.87892,1.0666,0.91771,0.81064,0.88489,0.68636,0.92045,0.77418,1.07782,0.0023605,0.0023605,0.0023605
928,22597.4,0.99183,0.87218,1.07193,0.91777,0.81064,0.8851,0.68641,0.92046,0.77383,1.07761,0.00235225,0.00235225,0.00235225
929,22622,1.00092,0.88313,1.07895,0.9186,0.81064,0.88515,0.68616,0.92032,0.77386,1.07752,0.002344,0.002344,0.002344
930,22646.1,1.00656,0.88312,1.06782,0.92215,0.81064,0.88521,0.68616,0.92003,0.77353,1.07707,0.00233575,0.00233575,0.00233575
931,22670.2,0.98221,0.85816,1.06319,0.92173,0.81064,0.88531,0.68658,0.91985,0.77354,1.07701,0.0023275,0.0023275,0.0023275
932,22694.8,0.95525,0.84411,1.05122,0.92076,0.81064,0.88538,0.68682,0.91965,0.77311,1.07676,0.00231925,0.00231925,0.00231925
933,22719.4,0.99362,0.87224,1.06696,0.92055,0.81347,0.88527,0.68719,0.91951,0.7727,1.07662,0.002311,0.002311,0.002311
934,22744,0.97701,0.86204,1.0574,0.92057,0.81371,0.88548,0.68768,0.91917,0.77231,1.07636,0.00230275,0.00230275,0.00230275
935,22768.7,0.98031,0.86388,1.06338,0.92127,0.81277,0.88583,0.68771,0.91894,0.77184,1.07625,0.0022945,0.0022945,0.0022945
936,22793.3,0.95185,0.83429,1.0514,0.92235,0.81277,0.88587,0.68786,0.91849,0.77133,1.07633,0.00228625,0.00228625,0.00228625
937,22817.8,0.97506,0.86276,1.05335,0.92263,0.81189,0.88588,0.68746,0.9183,0.77088,1.0761,0.002278,0.002278,0.002278
938,22841.9,0.97766,0.84787,1.05794,0.92245,0.80985,0.88601,0.68788,0.91791,0.77049,1.07566,0.00226975,0.00226975,0.00226975
939,22866.4,0.98318,0.85373,1.06885,0.92248,0.8102,0.88624,0.68722,0.91747,0.77001,1.0753,0.0022615,0.0022615,0.0022615
940,22890.6,0.98087,0.86197,1.05832,0.9224,0.80932,0.88634,0.68812,0.91702,0.76957,1.07503,0.00225325,0.00225325,0.00225325
941,22915.2,0.97645,0.86466,1.0663,0.92247,0.81009,0.88634,0.6883,0.91628,0.76926,1.07481,0.002245,0.002245,0.002245
942,22939.6,0.96577,0.83664,1.04831,0.92245,0.80985,0.88644,0.68903,0.91566,0.76805,1.07447,0.00223675,0.00223675,0.00223675
943,22964.2,0.97225,0.85744,1.05401,0.92475,0.8105,0.88653,0.68922,0.91502,0.76741,1.07401,0.0022285,0.0022285,0.0022285
944,22988.8,0.97393,0.86907,1.05765,0.92685,0.8087,0.88717,0.68945,0.91461,0.76681,1.07377,0.00222025,0.00222025,0.00222025
945,23013.5,0.97505,0.85908,1.06434,0.92687,0.80897,0.88721,0.68974,0.91422,0.76628,1.0735,0.002212,0.002212,0.002212
946,23038.1,0.96836,0.85584,1.05281,0.92476,0.81066,0.88698,0.6895,0.91379,0.76614,1.0733,0.00220375,0.00220375,0.00220375
947,23062.2,0.94267,0.8202,1.04027,0.92512,0.81064,0.88735,0.6901,0.91347,0.76606,1.07316,0.0021955,0.0021955,0.0021955
948,23086.9,0.94923,0.83071,1.04439,0.92749,0.81064,0.88779,0.6904,0.9132,0.7658,1.07303,0.00218725,0.00218725,0.00218725
949,23111.5,0.95857,0.84338,1.05417,0.92939,0.8122,0.88827,0.68989,0.91286,0.765,1.07297,0.002179,0.002179,0.002179
950,23135.7,0.96497,0.84776,1.05703,0.92916,0.81277,0.8885,0.69073,0.91255,0.7643,1.0726,0.00217075,0.00217075,0.00217075
951,23160.3,0.97535,0.86054,1.05706,0.93113,0.80551,0.88845,0.69126,0.91217,0.76376,1.07234,0.0021625,0.0021625,0.0021625
952,23184.9,0.97149,0.86351,1.05721,0.93101,0.81277,0.88904,0.69136,0.912,0.76317,1.07203,0.00215425,0.00215425,0.00215425
953,23209.6,0.9463,0.8339,1.04768,0.95702,0.78723,0.88869,0.69107,0.91181,0.76273,1.07177,0.002146,0.002146,0.002146
954,23233.8,0.96146,0.85851,1.0541,0.93328,0.80359,0.88889,0.6905,0.91165,0.76244,1.07139,0.00213775,0.00213775,0.00213775
955,23258,0.94667,0.84897,1.03804,0.9339,0.81166,0.8891,0.69126,0.91138,0.76224,1.07116,0.0021295,0.0021295,0.0021295
956,23282.1,0.96948,0.84719,1.05311,0.93389,0.81277,0.88901,0.69167,0.91103,0.76189,1.07087,0.00212125,0.00212125,0.00212125
957,23306.7,0.98312,0.86836,1.05914,0.93396,0.81239,0.88889,0.69186,0.91063,0.76167,1.07058,0.002113,0.002113,0.002113
958,23331.5,0.96353,0.83332,1.05255,0.93618,0.81147,0.88926,0.69209,0.90991,0.76203,1.07035,0.00210475,0.00210475,0.00210475
959,23356.2,0.97227,0.84884,1.04955,0.93618,0.81142,0.88949,0.69178,0.90953,0.76144,1.06998,0.0020965,0.0020965,0.0020965
960,23380.4,0.93403,0.81897,1.04707,0.94007,0.80097,0.8894,0.69226,0.9091,0.76134,1.06983,0.00208825,0.00208825,0.00208825
961,23405.1,0.95967,0.83531,1.04811,0.9401,0.8,0.88939,0.6918,0.90893,0.76097,1.06981,0.00208,0.00208,0.00208
962,23429.3,0.95969,0.8273,1.04255,0.94248,0.80185,0.88945,0.69246,0.90823,0.76071,1.06964,0.00207175,0.00207175,0.00207175
963,23454,0.97352,0.85499,1.05819,0.94248,0.80179,0.8896,0.69242,0.90795,0.7603,1.06949,0.0020635,0.0020635,0.0020635
964,23478.2,0.93564,0.82311,1.0428,0.94058,0.8,0.88932,0.69211,0.9077,0.75998,1.06918,0.00205525,0.00205525,0.00205525
965,23502.4,0.95598,0.83499,1.04428,0.95886,0.78723,0.88924,0.69175,0.90752,0.75994,1.06904,0.002047,0.002047,0.002047
966,23526.5,0.9313,0.83366,1.03943,0.94003,0.80044,0.8897,0.69183,0.90728,0.75983,1.06874,0.00203875,0.00203875,0.00203875
967,23550.7,0.95189,0.83287,1.04095,0.95173,0.79714,0.88956,0.69194,0.90725,0.75968,1.06862,0.0020305,0.0020305,0.0020305
968,23574.9,0.96389,0.83259,1.05021,0.95856,0.78752,0.88966,0.69208,0.90712,0.75982,1.06833,0.00202225,0.00202225,0.00202225
969,23599.1,0.94399,0.81832,1.04931,0.93767,0.80015,0.88981,0.69242,0.90653,0.75941,1.06793,0.002014,0.002014,0.002014
970,23623.7,0.95215,0.82862,1.04851,0.93767,0.80016,0.89005,0.69267,0.90621,0.7591,1.06771,0.00200575,0.00200575,0.00200575
971,23648.4,0.96444,0.84687,1.0519,0.96004,0.78723,0.8902,0.6927,0.9059,0.75893,1.06751,0.0019975,0.0019975,0.0019975
972,23673,0.95997,0.83311,1.04669,0.96025,0.78723,0.89029,0.69293,0.90554,0.75839,1.06727,0.00198925,0.00198925,0.00198925
973,23697.8,0.95045,0.83282,1.04921,0.94007,0.80095,0.89038,0.69299,0.90494,0.758,1.06682,0.001981,0.001981,0.001981
974,23722.4,0.95746,0.83732,1.04876,0.94007,0.80097,0.89047,0.69352,0.9044,0.75709,1.06629,0.00197275,0.00197275,0.00197275
975,23747.1,0.92388,0.79751,1.03536,0.9412,0.80638,0.89058,0.69286,0.90386,0.75673,1.0662,0.0019645,0.0019645,0.0019645
976,23771.2,0.93854,0.82425,1.04802,0.94284,0.80726,0.8906,0.69296,0.90355,0.75639,1.06608,0.00195625,0.00195625,0.00195625
977,23795.4,0.93083,0.81747,1.04004,0.94289,0.80789,0.89082,0.6931,0.90335,0.75622,1.06612,0.001948,0.001948,0.001948
978,23819.6,0.92167,0.79929,1.03736,0.94285,0.80728,0.89093,0.69306,0.90289,0.7558,1.06572,0.00193975,0.00193975,0.00193975
979,23843.7,0.91041,0.81223,1.03521,0.94278,0.80635,0.89093,0.69333,0.90242,0.75532,1.06543,0.0019315,0.0019315,0.0019315
980,23867.9,0.95668,0.84918,1.0557,0.94274,0.80564,0.89097,0.69385,0.902,0.75482,1.06525,0.00192325,0.00192325,0.00192325
981,23892.6,0.94153,0.82626,1.04285,0.94273,0.80557,0.89101,0.6946,0.90185,0.75487,1.0651,0.001915,0.001915,0.001915
982,23917.2,0.92523,0.80258,1.04181,0.94243,0.80112,0.89093,0.69459,0.90158,0.7545,1.06479,0.00190675,0.00190675,0.00190675
983,23941.5,0.92671,0.80366,1.03801,0.9427,0.80506,0.89101,0.69489,0.90118,0.754,1.06455,0.0018985,0.0018985,0.0018985
984,23966.2,0.94723,0.82605,1.05232,0.94154,0.80851,0.89113,0.69489,0.90075,0.75377,1.06431,0.00189025,0.00189025,0.00189025
985,23990.8,0.90545,0.79574,1.02814,0.94151,0.80851,0.89131,0.69426,0.90034,0.75323,1.06395,0.001882,0.001882,0.001882
986,24015.1,0.90251,0.78512,1.0252,0.94301,0.80975,0.89135,0.69469,0.89985,0.75297,1.06368,0.00187375,0.00187375,0.00187375
987,24039.4,0.95987,0.84915,1.04306,0.94301,0.80981,0.89131,0.69472,0.8995,0.75265,1.06362,0.0018655,0.0018655,0.0018655
988,24063.6,0.94106,0.81542,1.03433,0.94305,0.81029,0.89149,0.69437,0.899,0.75237,1.06338,0.00185725,0.00185725,0.00185725
989,24087.9,0.96501,0.83673,1.04782,0.94255,0.81064,0.89163,0.69506,0.89857,0.75159,1.06299,0.001849,0.001849,0.001849
990,24112.5,0.94772,0.83833,1.04956,0.94216,0.81064,0.89169,0.6948,0.89809,0.75101,1.0626,0.00184075,0.00184075,0.00184075
991,24136.8,0.93845,0.82777,1.03864,0.94303,0.80998,0.89176,0.69479,0.89782,0.75068,1.06236,0.0018325,0.0018325,0.0018325
992,24160.9,0.93758,0.82819,1.03676,0.94305,0.81034,0.89182,0.69449,0.89757,0.75038,1.06218,0.00182425,0.00182425,0.00182425
993,24185.1,0.92328,0.79674,1.0316,0.94304,0.81025,0.89196,0.69509,0.89716,0.74999,1.0621,0.001816,0.001816,0.001816
994,24209.7,0.9097,0.78812,1.02606,0.93587,0.81277,0.89229,0.69456,0.89675,0.74979,1.06183,0.00180775,0.00180775,0.00180775
995,24234,0.92083,0.79932,1.02837,0.94125,0.81277,0.8925,0.69521,0.89635,0.74913,1.06152,0.0017995,0.0017995,0.0017995
996,24258.6,0.92524,0.82758,1.04224,0.9455,0.81206,0.89256,0.69533,0.89618,0.74905,1.06138,0.00179125,0.00179125,0.00179125
997,24283,0.92827,0.8031,1.03622,0.94371,0.81064,0.89257,0.6954,0.89592,0.74865,1.06119,0.001783,0.001783,0.001783
998,24307.7,0.93121,0.80674,1.03129,0.94548,0.8118,0.8926,0.69534,0.89565,0.7484,1.06105,0.00177475,0.00177475,0.00177475
999,24332,0.91468,0.81863,1.0364,0.93625,0.81277,0.8927,0.69543,0.89541,0.74831,1.06095,0.0017665,0.0017665,0.0017665
1000,24356.5,0.93716,0.81057,1.03707,0.93662,0.81277,0.8938,0.69562,0.89521,0.74796,1.06081,0.00175825,0.00175825,0.00175825
1001,24381.1,0.90726,0.79441,1.0351,0.93894,0.81277,0.89365,0.69592,0.895,0.74757,1.06092,0.00175,0.00175,0.00175
1002,24405.8,0.93695,0.82341,1.04058,0.94129,0.81277,0.89368,0.69515,0.89476,0.74736,1.06073,0.00174175,0.00174175,0.00174175
1003,24429.9,0.90734,0.78284,1.01903,0.94185,0.81277,0.89371,0.6953,0.89457,0.74708,1.06052,0.0017335,0.0017335,0.0017335
1004,24454.1,0.92217,0.79609,1.03254,0.94318,0.81228,0.89365,0.69512,0.89423,0.74692,1.06046,0.00172525,0.00172525,0.00172525
1005,24478.2,0.95312,0.83759,1.05378,0.9443,0.81277,0.89378,0.69446,0.89388,0.74652,1.0603,0.001717,0.001717,0.001717
1006,24502.4,0.94232,0.82306,1.03833,0.94553,0.81254,0.89381,0.69573,0.89363,0.74624,1.06021,0.00170875,0.00170875,0.00170875
1007,24526.5,0.91825,0.81899,1.04065,0.94337,0.81064,0.89376,0.69652,0.89317,0.74574,1.05999,0.0017005,0.0017005,0.0017005
1008,24551.1,0.89235,0.78372,1.0195,0.94495,0.81064,0.89364,0.69613,0.8931,0.74578,1.05999,0.00169225,0.00169225,0.00169225
1009,24575.3,0.93442,0.81943,1.04241,0.94538,0.81024,0.89354,0.69596,0.89288,0.74529,1.05987,0.001684,0.001684,0.001684
1010,24599.4,0.91854,0.80935,1.03931,0.94409,0.81064,0.89381,0.69562,0.89261,0.74478,1.05969,0.00167575,0.00167575,0.00167575
1011,24623.6,0.91159,0.8053,1.03557,0.94538,0.81064,0.89387,0.69684,0.89235,0.74438,1.05959,0.0016675,0.0016675,0.0016675
1012,24648.3,0.90876,0.80359,1.02763,0.94445,0.81064,0.89388,0.69633,0.89197,0.74422,1.05934,0.00165925,0.00165925,0.00165925
1013,24672.4,0.91791,0.7934,1.03448,0.94539,0.81029,0.89398,0.6962,0.89121,0.7424,1.05895,0.001651,0.001651,0.001651
1014,24696.6,0.93549,0.81645,1.04068,0.93665,0.81791,0.89421,0.69649,0.8909,0.74191,1.05882,0.00164275,0.00164275,0.00164275
1015,24720.5,0.92685,0.8189,1.03572,0.93645,0.81517,0.89421,0.69581,0.89048,0.7417,1.05866,0.0016345,0.0016345,0.0016345
1016,24744.6,0.91457,0.79276,1.03155,0.93467,0.81489,0.89381,0.6954,0.89007,0.74161,1.05848,0.00162625,0.00162625,0.00162625
1017,24768.8,0.90204,0.79196,1.03155,0.93579,0.81489,0.8939,0.69582,0.88992,0.7412,1.05831,0.001618,0.001618,0.001618
1018,24792.9,0.93818,0.81955,1.03826,0.93861,0.81324,0.89384,0.69625,0.8895,0.74089,1.05814,0.00160975,0.00160975,0.00160975
1019,24817.2,0.90814,0.79975,1.02377,0.9326,0.82436,0.89408,0.69585,0.88907,0.74065,1.05795,0.0016015,0.0016015,0.0016015
1020,24841.4,0.91359,0.79393,1.02961,0.93255,0.8236,0.89409,0.69573,0.88892,0.74049,1.05788,0.00159325,0.00159325,0.00159325
1021,24865.7,0.89647,0.78416,1.02467,0.93474,0.82281,0.89403,0.69548,0.88859,0.74008,1.05764,0.001585,0.001585,0.001585
1022,24889.8,0.9153,0.79818,1.02175,0.93491,0.82553,0.89406,0.69656,0.88836,0.7397,1.05751,0.00157675,0.00157675,0.00157675
1023,24913.9,0.89926,0.79498,1.02476,0.94084,0.81206,0.89411,0.69716,0.88817,0.73957,1.05733,0.0015685,0.0015685,0.0015685
1024,24938.6,0.93587,0.82035,1.038,0.94089,0.81281,0.89448,0.69728,0.88778,0.73926,1.05711,0.00156025,0.00156025,0.00156025
1025,24963.6,0.88935,0.77453,1.02139,0.941,0.81438,0.89462,0.69737,0.88767,0.73917,1.05703,0.001552,0.001552,0.001552
1026,24988.1,0.92131,0.80144,1.03787,0.94106,0.8153,0.89453,0.69797,0.8875,0.73904,1.0569,0.00154375,0.00154375,0.00154375
1027,25012.8,0.8996,0.7939,1.02451,0.94115,0.8166,0.89451,0.69808,0.88727,0.73902,1.05682,0.0015355,0.0015355,0.0015355
1028,25037.5,0.89924,0.78975,1.0309,0.94346,0.81662,0.89477,0.69822,0.88672,0.73912,1.05661,0.00152725,0.00152725,0.00152725
1029,25062.1,0.89805,0.79302,1.02831,0.94346,0.81653,0.89487,0.6982,0.8866,0.73884,1.05648,0.001519,0.001519,0.001519
1030,25086.6,0.8897,0.77392,1.02127,0.94347,0.8167,0.89502,0.6979,0.88633,0.7384,1.05635,0.00151075,0.00151075,0.00151075
1031,25110.7,0.90358,0.79786,1.03313,0.94342,0.81594,0.89507,0.69805,0.8858,0.73813,1.05602,0.0015025,0.0015025,0.0015025
1032,25134.9,0.89532,0.77066,1.02214,0.94346,0.81654,0.89514,0.69818,0.88541,0.7381,1.05586,0.00149425,0.00149425,0.00149425
1033,25159.6,0.90862,0.79243,1.02144,0.93933,0.82355,0.89544,0.69841,0.88505,0.73808,1.05572,0.001486,0.001486,0.001486
1034,25184.2,0.90557,0.79295,1.03213,0.93993,0.8234,0.89551,0.69845,0.88479,0.7379,1.05554,0.00147775,0.00147775,0.00147775
1035,25208.9,0.90627,0.7975,1.0301,0.94084,0.8234,0.89568,0.69927,0.88442,0.73769,1.05539,0.0014695,0.0014695,0.0014695
1036,25233.6,0.89699,0.77864,1.01794,0.93951,0.82608,0.89566,0.69944,0.88416,0.73754,1.0552,0.00146125,0.00146125,0.00146125
1037,25258.3,0.886,0.78139,1.02795,0.93951,0.82608,0.8957,0.69933,0.88395,0.7373,1.05507,0.001453,0.001453,0.001453
1038,25282.6,0.88375,0.76592,1.01928,0.93942,0.82491,0.89585,0.69939,0.88362,0.73703,1.0549,0.00144475,0.00144475,0.00144475
1039,25306.7,0.88373,0.76773,1.02081,0.93943,0.82128,0.89586,0.69966,0.88331,0.73686,1.05466,0.0014365,0.0014365,0.0014365
1040,25331.3,0.90108,0.77383,1.01837,0.94163,0.82372,0.89602,0.7,0.88283,0.73662,1.05454,0.00142825,0.00142825,0.00142825
1041,25355.8,0.91233,0.78815,1.03338,0.94267,0.8234,0.89616,0.70003,0.88231,0.73659,1.05436,0.00142,0.00142,0.00142
1042,25380.4,0.88928,0.77041,1.0176,0.94388,0.82306,0.89629,0.70043,0.88199,0.73602,1.05412,0.00141175,0.00141175,0.00141175
1043,25405,0.89026,0.78674,1.02619,0.94342,0.8234,0.89631,0.70009,0.88163,0.73613,1.05399,0.0014035,0.0014035,0.0014035
1044,25429.2,0.89254,0.78605,1.01781,0.93956,0.82681,0.89651,0.70016,0.88145,0.73589,1.05382,0.00139525,0.00139525,0.00139525
1045,25453.3,0.88857,0.79462,1.02799,0.93984,0.82553,0.89664,0.70114,0.88117,0.7353,1.05364,0.001387,0.001387,0.001387
1046,25478,0.88799,0.76973,1.02611,0.93725,0.82622,0.89665,0.70102,0.88096,0.73512,1.05358,0.00137875,0.00137875,0.00137875
1047,25502.1,0.89566,0.76636,1.02864,0.93726,0.82766,0.89676,0.70106,0.88073,0.73493,1.0533,0.0013705,0.0013705,0.0013705
1048,25526.1,0.90302,0.79708,1.03259,0.93865,0.8234,0.89676,0.70098,0.88036,0.73457,1.0531,0.00136225,0.00136225,0.00136225
1049,25550.2,0.90337,0.77994,1.03064,0.93732,0.82718,0.89699,0.70155,0.87989,0.73456,1.05283,0.001354,0.001354,0.001354
1050,25574.8,0.88727,0.77563,1.02731,0.93511,0.82553,0.89701,0.7015,0.87956,0.73417,1.05263,0.00134575,0.00134575,0.00134575
1051,25598.8,0.88012,0.76267,1.01457,0.93706,0.8236,0.89711,0.7013,0.87937,0.73365,1.05243,0.0013375,0.0013375,0.0013375
1052,25622.9,0.88867,0.76959,1.01247,0.93695,0.8234,0.89727,0.70123,0.87891,0.73349,1.05225,0.00132925,0.00132925,0.00132925
1053,25647.1,0.8913,0.77045,1.02369,0.93656,0.8234,0.89725,0.70157,0.87853,0.73316,1.05217,0.001321,0.001321,0.001321
1054,25671.7,0.89851,0.78749,1.02707,0.93803,0.8234,0.89725,0.70196,0.87818,0.73298,1.05206,0.00131275,0.00131275,0.00131275
1055,25696.3,0.89274,0.76823,1.01942,0.93942,0.82483,0.89739,0.70218,0.8779,0.73261,1.05184,0.0013045,0.0013045,0.0013045
1056,25720.9,0.86445,0.74824,1.01131,0.93801,0.8234,0.89749,0.70179,0.87765,0.73253,1.05179,0.00129625,0.00129625,0.00129625
1057,25745.1,0.87518,0.76403,1.02018,0.93841,0.8234,0.8975,0.70205,0.87742,0.73254,1.05165,0.001288,0.001288,0.001288
1058,25769.3,0.88665,0.76617,1.01596,0.93769,0.8234,0.89746,0.70233,0.87706,0.73233,1.05151,0.00127975,0.00127975,0.00127975
1059,25794,0.87584,0.76496,1.01899,0.93947,0.8255,0.89755,0.70278,0.87669,0.73195,1.05133,0.0012715,0.0012715,0.0012715
1060,25818.7,0.87532,0.75224,1.01609,0.93927,0.82553,0.89749,0.70292,0.87662,0.7316,1.05121,0.00126325,0.00126325,0.00126325
1061,25843.3,0.87054,0.75439,1.01822,0.93926,0.82553,0.89761,0.70286,0.87636,0.73158,1.05103,0.001255,0.001255,0.001255
1062,25867.3,0.86511,0.7527,1.01825,0.93953,0.82641,0.89754,0.7027,0.87598,0.73134,1.05082,0.00124675,0.00124675,0.00124675
1063,25891.6,0.89434,0.77319,1.02345,0.93907,0.82766,0.89767,0.7042,0.87572,0.73109,1.05066,0.0012385,0.0012385,0.0012385
1064,25916.2,0.904,0.78866,1.02563,0.93963,0.82793,0.89765,0.70453,0.87551,0.73095,1.0506,0.00123025,0.00123025,0.00123025
1065,25940.5,0.88243,0.77293,1.01682,0.93966,0.82832,0.89786,0.70458,0.87534,0.73073,1.05043,0.001222,0.001222,0.001222
1066,25965.1,0.86687,0.7472,1.0138,0.93965,0.82818,0.89768,0.70463,0.87495,0.73047,1.05019,0.00121375,0.00121375,0.00121375
1067,25989.5,0.85076,0.74926,1.00791,0.93965,0.82815,0.89773,0.70488,0.87458,0.73021,1.04993,0.0012055,0.0012055,0.0012055
1068,26014.2,0.87694,0.76544,1.01609,0.93965,0.82817,0.89775,0.70466,0.87438,0.73009,1.04971,0.00119725,0.00119725,0.00119725
1069,26038.3,0.85421,0.73801,1.00703,0.93966,0.82838,0.89776,0.70498,0.87412,0.72989,1.04961,0.001189,0.001189,0.001189
1070,26062.9,0.88438,0.77892,1.01791,0.93963,0.82783,0.89772,0.70526,0.87391,0.72958,1.04941,0.00118075,0.00118075,0.00118075
1071,26087.4,0.87797,0.75765,1.0163,0.93959,0.82724,0.89783,0.70504,0.87362,0.72941,1.04908,0.0011725,0.0011725,0.0011725
1072,26111.5,0.89213,0.77176,1.02662,0.93963,0.82793,0.89779,0.70542,0.87318,0.72939,1.04895,0.00116425,0.00116425,0.00116425
1073,26136.1,0.86786,0.76061,1.01241,0.93963,0.82785,0.89775,0.70503,0.87322,0.72908,1.04886,0.001156,0.001156,0.001156
1074,26160.1,0.87155,0.75341,1.01827,0.93962,0.82774,0.89777,0.70474,0.87288,0.72906,1.0487,0.00114775,0.00114775,0.00114775
1075,26184.2,0.85068,0.73985,1.01323,0.94004,0.82766,0.89776,0.70485,0.87255,0.72886,1.04857,0.0011395,0.0011395,0.0011395
1076,26208.3,0.88674,0.77942,1.02214,0.94198,0.82904,0.89784,0.70493,0.87238,0.72875,1.04844,0.00113125,0.00113125,0.00113125
1077,26232.4,0.87585,0.76933,1.0122,0.94199,0.82919,0.89788,0.70524,0.87206,0.7285,1.04825,0.001123,0.001123,0.001123
1078,26256.6,0.87686,0.76429,1.01575,0.94192,0.82814,0.89786,0.70518,0.87168,0.72857,1.04811,0.00111475,0.00111475,0.00111475
1079,26280.6,0.8579,0.75212,1.0136,0.9419,0.82776,0.89789,0.70563,0.87146,0.7283,1.04797,0.0011065,0.0011065,0.0011065
1080,26305.1,0.85974,0.74343,1.00738,0.94193,0.8283,0.89794,0.70551,0.87116,0.72783,1.04781,0.00109825,0.00109825,0.00109825
1081,26329.2,0.85471,0.7601,1.01102,0.94194,0.82839,0.89804,0.70581,0.87089,0.72756,1.04767,0.00109,0.00109,0.00109
1082,26353.8,0.88334,0.77425,1.0173,0.94195,0.82857,0.89797,0.70587,0.87055,0.72759,1.0475,0.00108175,0.00108175,0.00108175
1083,26378.4,0.85352,0.7489,1.00543,0.94188,0.82751,0.89804,0.70578,0.87032,0.72734,1.04732,0.0010735,0.0010735,0.0010735
1084,26402.7,0.84345,0.72542,0.9999,0.94184,0.82696,0.89806,0.70604,0.87013,0.72717,1.04723,0.00106525,0.00106525,0.00106525
1085,26427.3,0.87362,0.76049,1.01487,0.94185,0.82709,0.89812,0.70585,0.86972,0.72685,1.04711,0.001057,0.001057,0.001057
1086,26451.5,0.84154,0.73072,1.00153,0.94186,0.82726,0.8982,0.70588,0.86943,0.72675,1.04691,0.00104875,0.00104875,0.00104875
1087,26475.5,0.86602,0.74831,1.01607,0.94191,0.82799,0.89816,0.70666,0.86932,0.72652,1.04686,0.0010405,0.0010405,0.0010405
1088,26500,0.88116,0.77423,1.01614,0.94183,0.82677,0.89821,0.70658,0.86899,0.72616,1.04661,0.00103225,0.00103225,0.00103225
1089,26523.9,0.86598,0.76106,1.01188,0.9419,0.82781,0.89834,0.70701,0.86877,0.72608,1.04648,0.001024,0.001024,0.001024
1090,26548.4,0.87139,0.75031,1.00762,0.94189,0.82763,0.8983,0.70691,0.86853,0.72605,1.04632,0.00101575,0.00101575,0.00101575
1091,26572.5,0.88639,0.77574,1.02358,0.94194,0.82839,0.89828,0.70726,0.86825,0.72572,1.0461,0.0010075,0.0010075,0.0010075
1092,26596.6,0.87147,0.76333,1.00991,0.94196,0.82878,0.89831,0.70721,0.86803,0.72558,1.04599,0.00099925,0.00099925,0.00099925
1093,26620.7,0.86718,0.75391,1.01807,0.94209,0.83069,0.89838,0.70732,0.86781,0.72536,1.04576,0.000991,0.000991,0.000991
1094,26645.3,0.87689,0.75649,1.01449,0.94208,0.83059,0.89844,0.70735,0.86753,0.72491,1.04559,0.00098275,0.00098275,0.00098275
1095,26670,0.86696,0.76515,1.01008,0.94438,0.83097,0.89868,0.70802,0.86719,0.72475,1.04546,0.0009745,0.0009745,0.0009745
1096,26694.7,0.85124,0.74102,1.00583,0.94428,0.82927,0.89864,0.70807,0.86697,0.72462,1.0453,0.00096625,0.00096625,0.00096625
1097,26719.2,0.87334,0.76223,1.01622,0.94446,0.83213,0.89869,0.70808,0.86669,0.72445,1.04517,0.000958,0.000958,0.000958
1098,26743.7,0.86311,0.73494,1.01187,0.9444,0.83126,0.89877,0.70818,0.86644,0.72424,1.04502,0.00094975,0.00094975,0.00094975
1099,26768.3,0.85098,0.74199,1.00406,0.94612,0.83191,0.89885,0.70845,0.8664,0.72419,1.04497,0.0009415,0.0009415,0.0009415
1100,26792.9,0.85448,0.76239,1.00875,0.94484,0.83191,0.89883,0.70797,0.86627,0.72392,1.04485,0.00093325,0.00093325,0.00093325
1101,26817.2,0.82735,0.72491,1.00115,0.94585,0.83191,0.89873,0.70804,0.86614,0.72377,1.04479,0.000925,0.000925,0.000925
1102,26841.3,0.84651,0.7383,1.00489,0.94675,0.83217,0.89887,0.7082,0.86592,0.72364,1.04469,0.00091675,0.00091675,0.00091675
1103,26865.5,0.845,0.72653,1.00384,0.94678,0.8327,0.89886,0.70805,0.86578,0.72361,1.04458,0.0009085,0.0009085,0.0009085
1104,26889.6,0.87087,0.76176,1.00586,0.94673,0.83186,0.89898,0.70878,0.86562,0.72331,1.04446,0.00090025,0.00090025,0.00090025
1105,26914.1,0.85995,0.74476,1.0073,0.94675,0.83225,0.89902,0.70882,0.86544,0.72314,1.04439,0.000892,0.000892,0.000892
1106,26938.6,0.81806,0.70767,0.98797,0.9468,0.83309,0.89915,0.70863,0.86523,0.723,1.0442,0.00088375,0.00088375,0.00088375
1107,26962.8,0.84856,0.7526,1.009,0.94664,0.83049,0.89917,0.70885,0.86506,0.72278,1.04405,0.0008755,0.0008755,0.0008755
1108,26987.4,0.87035,0.76584,1.01239,0.94658,0.82948,0.89921,0.70879,0.86478,0.7226,1.04399,0.00086725,0.00086725,0.00086725
1109,27011.5,0.85634,0.75048,1.00693,0.9466,0.82972,0.89928,0.7089,0.86459,0.72241,1.04391,0.000859,0.000859,0.000859
1110,27036.2,0.84575,0.74427,1.00296,0.94654,0.82882,0.89929,0.70925,0.86437,0.72209,1.04376,0.00085075,0.00085075,0.00085075
1111,27060.8,0.86331,0.74713,1.01893,0.94655,0.82893,0.89937,0.70923,0.86426,0.72175,1.0437,0.0008425,0.0008425,0.0008425
1112,27085,0.84788,0.74426,1.00081,0.94885,0.82885,0.89943,0.70924,0.86403,0.7216,1.0435,0.00083425,0.00083425,0.00083425
1113,27109.5,0.83425,0.73161,0.99679,0.94884,0.82876,0.89944,0.70983,0.86379,0.72161,1.04362,0.000826,0.000826,0.000826
1114,27134.1,0.85042,0.75119,1.00675,0.94884,0.82866,0.89956,0.70987,0.86352,0.7216,1.04356,0.00081775,0.00081775,0.00081775
1115,27158.7,0.82659,0.71797,0.99913,0.94884,0.82872,0.89952,0.7096,0.86324,0.72131,1.04339,0.0008095,0.0008095,0.0008095
1116,27182.7,0.83329,0.72662,1.00201,0.94881,0.82815,0.89961,0.70975,0.86307,0.72109,1.04335,0.00080125,0.00080125,0.00080125
1117,27206.9,0.84849,0.73675,0.9993,0.94886,0.82894,0.89971,0.7098,0.86295,0.72095,1.04319,0.000793,0.000793,0.000793
1118,27231,0.83077,0.71098,0.99839,0.94886,0.82905,0.89966,0.7099,0.86265,0.72094,1.0431,0.00078475,0.00078475,0.00078475
1119,27255.8,0.83145,0.73395,1.00009,0.94884,0.82876,0.89974,0.71003,0.86242,0.72089,1.04297,0.0007765,0.0007765,0.0007765
1120,27280.4,0.85686,0.76044,1.01691,0.94883,0.82857,0.8998,0.71028,0.86223,0.72056,1.04288,0.00076825,0.00076825,0.00076825
1121,27305,0.81996,0.698,0.99294,0.94881,0.82818,0.89984,0.70984,0.862,0.72044,1.04283,0.00076,0.00076,0.00076
1122,27329.2,0.82489,0.723,0.99675,0.94877,0.82755,0.89983,0.71029,0.86167,0.72027,1.04259,0.00075175,0.00075175,0.00075175
1123,27353.8,0.85114,0.7435,0.99984,0.94877,0.82754,0.89986,0.71034,0.86134,0.72047,1.04252,0.0007435,0.0007435,0.0007435
1124,27378.5,0.82344,0.7123,1.00016,0.94877,0.82753,0.89984,0.71032,0.86113,0.72007,1.04244,0.00073525,0.00073525,0.00073525
1125,27402.6,0.8494,0.73979,1.00396,0.94877,0.82748,0.89991,0.71035,0.86099,0.71982,1.04226,0.000727,0.000727,0.000727
1126,27427.2,0.82769,0.72729,0.99527,0.94877,0.82744,0.89989,0.71011,0.8609,0.71946,1.04211,0.00071875,0.00071875,0.00071875
1127,27451.3,0.83757,0.73297,1.0016,0.94877,0.82743,0.8999,0.71011,0.86069,0.7193,1.04197,0.0007105,0.0007105,0.0007105
1128,27475.5,0.86617,0.75836,1.01816,0.94876,0.82729,0.89993,0.71003,0.86056,0.71897,1.04193,0.00070225,0.00070225,0.00070225
1129,27499.6,0.8366,0.73388,1.00591,0.94877,0.8274,0.89988,0.71013,0.86024,0.71894,1.04177,0.000694,0.000694,0.000694
1130,27523.7,0.86376,0.76547,1.01093,0.94877,0.82741,0.89988,0.71018,0.86006,0.7186,1.04173,0.00068575,0.00068575,0.00068575
1131,27547.8,0.83463,0.73392,1.01063,0.94877,0.82742,0.89991,0.70972,0.85971,0.71818,1.04156,0.0006775,0.0006775,0.0006775
1132,27571.9,0.82172,0.71777,0.99881,0.94877,0.82745,0.90001,0.70936,0.85967,0.71811,1.04144,0.00066925,0.00066925,0.00066925
1133,27596,0.86492,0.75724,1.00811,0.94876,0.82738,0.89998,0.70884,0.85946,0.7178,1.04133,0.000661,0.000661,0.000661
1134,27620,0.83381,0.72613,1.01145,0.9488,0.82806,0.89993,0.70882,0.85938,0.71772,1.04128,0.00065275,0.00065275,0.00065275
1135,27644.2,0.79332,0.69649,0.99624,0.94878,0.82765,0.89993,0.70881,0.85922,0.71749,1.04123,0.0006445,0.0006445,0.0006445
1136,27668.4,0.83893,0.73344,1.00264,0.94877,0.82747,0.89995,0.70884,0.85901,0.71725,1.04109,0.00063625,0.00063625,0.00063625
1137,27692.5,0.8258,0.71961,1.00582,0.94877,0.82749,0.89992,0.70903,0.85877,0.71697,1.04098,0.000628,0.000628,0.000628
1138,27716.5,0.8399,0.73472,1.00727,0.94878,0.82759,0.90011,0.70889,0.85852,0.71674,1.04084,0.00061975,0.00061975,0.00061975
1139,27740.6,0.83,0.72586,0.99941,0.94877,0.8274,0.9,0.70902,0.85843,0.71653,1.04073,0.0006115,0.0006115,0.0006115
1140,27764.8,0.84504,0.73661,1.00802,0.94877,0.82757,0.90012,0.709,0.85814,0.71643,1.04063,0.00060325,0.00060325,0.00060325
1141,27789,0.83317,0.74308,1.00525,0.94877,0.82746,0.90007,0.70939,0.85792,0.71627,1.04047,0.000595,0.000595,0.000595
1142,27813.2,0.8311,0.72138,0.99778,0.94878,0.82766,0.90023,0.70956,0.85774,0.71617,1.04038,0.00058675,0.00058675,0.00058675
1143,27837.4,0.80147,0.69039,0.98688,0.94885,0.82877,0.90019,0.70952,0.85753,0.71591,1.04025,0.0005785,0.0005785,0.0005785
1144,27861.2,0.84317,0.75031,1.00553,0.94896,0.83065,0.90022,0.71016,0.85731,0.71573,1.04011,0.00057025,0.00057025,0.00057025
1145,27885.4,0.82021,0.7185,0.99788,0.94915,0.83404,0.90026,0.70979,0.85717,0.7157,1.04007,0.000562,0.000562,0.000562
1146,27909.5,0.8176,0.7062,0.99277,0.94907,0.83268,0.90024,0.70957,0.85692,0.71549,1.03993,0.00055375,0.00055375,0.00055375
1147,27933.6,0.81566,0.7116,0.99023,0.94903,0.83195,0.90025,0.7104,0.85677,0.71551,1.03986,0.0005455,0.0005455,0.0005455
1148,27958.2,0.83623,0.73085,0.99646,0.94894,0.83041,0.90029,0.71023,0.85659,0.71536,1.03975,0.00053725,0.00053725,0.00053725
1149,27982.4,0.83697,0.73178,1.00543,0.94903,0.83199,0.90026,0.71022,0.85645,0.71521,1.03971,0.000529,0.000529,0.000529
1150,28006.6,0.82155,0.71826,0.9941,0.94899,0.8312,0.9003,0.70899,0.85631,0.71496,1.03963,0.00052075,0.00052075,0.00052075
1151,28030.7,0.82258,0.72305,0.99726,0.94905,0.83229,0.90032,0.70954,0.85614,0.71471,1.03945,0.0005125,0.0005125,0.0005125
1152,28054.7,0.82016,0.70845,0.98901,0.94907,0.83267,0.90036,0.71013,0.85593,0.71461,1.03931,0.00050425,0.00050425,0.00050425
1153,28078.7,0.82381,0.7231,1.00412,0.94908,0.83281,0.90035,0.70992,0.85567,0.71446,1.0392,0.000496,0.000496,0.000496
1154,28102.9,0.81034,0.71822,0.9888,0.94905,0.83229,0.90037,0.70992,0.85549,0.714,1.0391,0.00048775,0.00048775,0.00048775
1155,28126.9,0.80874,0.7215,0.98228,0.94904,0.83211,0.90033,0.71,0.85517,0.71369,1.03896,0.0004795,0.0004795,0.0004795
1156,28151,0.8412,0.7314,0.99965,0.949,0.83148,0.90043,0.71048,0.85521,0.71337,1.03894,0.00047125,0.00047125,0.00047125
1157,28175.9,0.80564,0.70972,0.99105,0.949,0.83137,0.90043,0.71027,0.85499,0.71325,1.03882,0.000463,0.000463,0.000463
1158,28200.1,0.82569,0.723,0.99542,0.94899,0.8312,0.9005,0.70998,0.85484,0.71308,1.0387,0.00045475,0.00045475,0.00045475
1159,28224,0.83147,0.73214,1.00058,0.94904,0.83212,0.90051,0.71084,0.85458,0.71287,1.03864,0.0004465,0.0004465,0.0004465
1160,28248.5,0.80501,0.70803,0.98911,0.94904,0.83211,0.90054,0.71082,0.85444,0.71261,1.0385,0.00043825,0.00043825,0.00043825
1161,28272.5,0.83201,0.73837,1.00296,0.94903,0.83197,0.90043,0.71027,0.85422,0.71238,1.03835,0.00043,0.00043,0.00043
1162,28296.5,0.80081,0.70724,0.99658,0.94905,0.83236,0.90044,0.71103,0.85405,0.71214,1.03827,0.00042175,0.00042175,0.00042175
1163,28321,0.82703,0.73108,0.99675,0.94905,0.8322,0.90044,0.71047,0.85385,0.71201,1.03815,0.0004135,0.0004135,0.0004135
1164,28345.2,0.8332,0.72172,0.99032,0.94902,0.83183,0.90044,0.711,0.85356,0.71199,1.03806,0.00040525,0.00040525,0.00040525
1165,28369.4,0.82836,0.72826,1.00336,0.94907,0.83268,0.9005,0.71112,0.85346,0.71162,1.03794,0.000397,0.000397,0.000397
1166,28394,0.8205,0.72645,1.00341,0.94908,0.83277,0.90042,0.7111,0.85324,0.71138,1.03781,0.00038875,0.00038875,0.00038875
1167,28418.2,0.811,0.71153,0.99137,0.9491,0.83317,0.90039,0.711,0.85314,0.71126,1.03775,0.0003805,0.0003805,0.0003805
1168,28442.3,0.78764,0.69389,0.9836,0.94919,0.8347,0.90049,0.71135,0.85312,0.71099,1.03764,0.00037225,0.00037225,0.00037225
1169,28466.9,0.80352,0.7081,0.9964,0.94917,0.83437,0.90041,0.71136,0.85299,0.71089,1.03754,0.000364,0.000364,0.000364
1170,28491.1,0.78832,0.68864,0.98419,0.94919,0.83464,0.90065,0.71197,0.85254,0.71087,1.03767,0.00035575,0.00035575,0.00035575
1171,28515.7,0.79398,0.71006,0.98861,0.9492,0.83484,0.90061,0.71119,0.85234,0.71067,1.03749,0.0003475,0.0003475,0.0003475
1172,28539.8,0.80654,0.70973,0.98735,0.9492,0.83486,0.90058,0.71127,0.85214,0.71058,1.03736,0.00033925,0.00033925,0.00033925
1173,28564,0.82895,0.72886,1.0003,0.9492,0.83479,0.90058,0.71196,0.85194,0.71038,1.03725,0.000331,0.000331,0.000331
1174,28588.2,0.80464,0.69834,0.98667,0.94919,0.83461,0.90057,0.71225,0.85166,0.71024,1.03714,0.00032275,0.00032275,0.00032275
1175,28612.6,0.7835,0.6975,0.98777,0.94916,0.8342,0.90063,0.71217,0.85137,0.7101,1.037,0.0003145,0.0003145,0.0003145
1176,28636.7,0.82969,0.72992,0.99843,0.9492,0.83478,0.90067,0.7124,0.85129,0.70984,1.03693,0.00030625,0.00030625,0.00030625
1177,28661.3,0.80733,0.70805,0.99317,0.9492,0.83495,0.90061,0.71231,0.85115,0.70972,1.03681,0.000298,0.000298,0.000298
1178,28685.4,0.81016,0.71867,0.99558,0.94918,0.8345,0.90068,0.71282,0.85114,0.70951,1.03683,0.00028975,0.00028975,0.00028975
1179,28710,0.8191,0.70688,0.9965,0.94917,0.8343,0.90073,0.71257,0.85092,0.70943,1.03668,0.0002815,0.0002815,0.0002815
1180,28734.3,0.79125,0.70104,0.99419,0.94916,0.83424,0.90068,0.71266,0.85072,0.70918,1.03653,0.00027325,0.00027325,0.00027325
1181,28758.5,0.80115,0.70804,0.99465,0.94916,0.83404,0.90072,0.71258,0.85057,0.70914,1.03649,0.000265,0.000265,0.000265
1182,28782.7,0.7983,0.70585,0.98726,0.94915,0.83407,0.90079,0.71277,0.85045,0.70909,1.03644,0.00025675,0.00025675,0.00025675
1183,28806.9,0.81873,0.71863,1.00037,0.94945,0.83404,0.90084,0.7126,0.85022,0.70903,1.03636,0.0002485,0.0002485,0.0002485
1184,28831.1,0.78809,0.68875,0.98761,0.94935,0.83404,0.90081,0.71277,0.85003,0.7087,1.03623,0.00024025,0.00024025,0.00024025
1185,28855.1,0.82206,0.73405,1.00707,0.94922,0.83515,0.9008,0.71335,0.84987,0.70847,1.03612,0.000232,0.000232,0.000232
1186,28879.6,0.81429,0.72236,0.99302,0.94927,0.83404,0.90077,0.71287,0.84976,0.70851,1.03603,0.00022375,0.00022375,0.00022375
1187,28903.9,0.81216,0.71354,0.99382,0.9494,0.83404,0.90084,0.7128,0.8496,0.70829,1.03597,0.0002155,0.0002155,0.0002155
1188,28928.1,0.80079,0.6984,0.99106,0.94916,0.83404,0.90079,0.71296,0.84928,0.70796,1.03575,0.00020725,0.00020725,0.00020725
1189,28952.2,0.79489,0.69035,0.98643,0.94942,0.83404,0.90082,0.71294,0.84908,0.70784,1.03571,0.000199,0.000199,0.000199
1190,28976.3,0.79226,0.70447,0.9883,0.94944,0.83404,0.90066,0.71298,0.84901,0.70786,1.03567,0.00019075,0.00019075,0.00019075
1191,29001.3,0.76534,0.61393,0.97751,0.94973,0.83404,0.90086,0.71301,0.84886,0.70755,1.03558,0.0001825,0.0001825,0.0001825
1192,29025.4,0.71851,0.5819,0.95336,0.94976,0.83404,0.90089,0.71301,0.84847,0.7074,1.03543,0.00017425,0.00017425,0.00017425
1193,29049.4,0.74492,0.59358,0.96264,0.94981,0.83404,0.90077,0.71297,0.84827,0.70721,1.03526,0.000166,0.000166,0.000166
1194,29073.5,0.73235,0.58436,0.95153,0.94982,0.83404,0.90099,0.71361,0.84801,0.70711,1.03515,0.00015775,0.00015775,0.00015775
1195,29098.1,0.69841,0.56882,0.95269,0.94982,0.83404,0.90101,0.71388,0.84786,0.70705,1.03504,0.0001495,0.0001495,0.0001495
1196,29123,0.67544,0.55329,0.93429,0.95005,0.83404,0.90097,0.71378,0.8476,0.70684,1.03487,0.00014125,0.00014125,0.00014125
1197,29147.3,0.69692,0.56375,0.95643,0.94993,0.83404,0.90108,0.71357,0.84749,0.7066,1.03476,0.000133,0.000133,0.000133
1198,29171.5,0.68995,0.54936,0.94493,0.94963,0.83404,0.9011,0.71294,0.84734,0.70648,1.03463,0.00012475,0.00012475,0.00012475
1199,29195.5,0.66893,0.54165,0.93426,0.94956,0.83404,0.90117,0.71348,0.84721,0.70636,1.03456,0.0001165,0.0001165,0.0001165
1200,29219.5,0.67278,0.54586,0.93422,0.94904,0.83404,0.90114,0.71362,0.84692,0.70618,1.03442,0.00010825,0.00010825,0.00010825
