epoch,time,train/box_loss,train/cls_loss,train/dfl_loss,metrics/precision(B),metrics/recall(B),metrics/mAP50(B),metrics/mAP50-95(B),val/box_loss,val/cls_loss,val/dfl_loss,lr/pg0,lr/pg1,lr/pg2
1,9.24701,5.84475,9.39397,4.21764,1e-05,0.00213,1e-05,0,6.30405,11.5771,4.16642,0.00327778,0.00327778,0.00327778
2,139.607,5.8117,6.84691,4.13599,1e-05,0.00213,1e-05,0,6.26134,6.79151,4.04424,0.00660566,0.00660566,0.00660566
3,149.24,5.18993,4.8254,3.46491,1e-05,0.00213,1e-05,0,4.58455,4.84027,2.63385,0.00992804,0.00992804,0.00992804
4,158.808,4.36941,4.37624,2.85388,1e-05,0.00213,1e-05,0,2.60847,8.75182,9.93383,0.00997525,0.00997525,0.00997525
5,168.281,4.23272,4.42577,2.74242,1e-05,0.00213,1e-05,0,4.13336,12.2658,3.88806,0.009967,0.009967,0.009967
6,178.066,4.10418,4.32697,2.6041,0.00085,0.08936,0.00056,0.00012,4.09577,4.4012,2.36494,0.00995875,0.00995875,0.00995875
7,187.763,4.01722,4.24776,2.62922,0.00028,0.01702,0.00014,3e-05,4.11661,4.40974,2.25748,0.0099505,0.0099505,0.0099505
8,197.31,4.00258,4.24555,2.59774,0.00052,0.06383,0.00028,5e-05,4.10138,4.53475,2.48313,0.00994225,0.00994225,0.00994225
9,206.76,3.98657,4.24564,2.63899,0.00145,0.1766,0.0009,0.00022,3.8812,4.48431,2.52752,0.009934,0.009934,0.009934
10,216.333,3.85702,4.32807,2.66512,0.00065,0.09787,0.00041,8e-05,3.80973,4.53433,2.51299,0.00992575,0.00992575,0.00992575
11,225.237,3.70079,4.26017,2.60168,0.0012,0.09574,0.00072,0.00019,3.78226,4.50307,2.40209,0.0099175,0.0099175,0.0099175
12,234.577,3.7109,4.24124,2.60382,0.00183,0.0234,0.001,0.0002,4.05866,4.80168,2.64292,0.00990925,0.00990925,0.00990925
13,243.995,3.65313,4.23368,2.55505,0.00189,0.24043,0.00217,0.00045,3.73617,4.3499,2.38975,0.009901,0.009901,0.009901
14,253.744,3.58571,4.22811,2.48167,0.00193,0.21489,0.00161,0.00031,3.75429,4.3155,2.35147,0.00989275,0.00989275,0.00989275
15,263.052,3.60398,4.22563,2.4755,0.00142,0.21702,0.00133,0.00025,3.77386,4.2701,2.40121,0.0098845,0.0098845,0.0098845
16,272.589,3.56962,4.2208,2.4684,0.00208,0.27234,0.0024,0.00054,3.59958,4.16813,2.33258,0.00987625,0.00987625,0.00987625
17,282.431,3.54525,4.22106,2.47697,0.00153,0.23191,0.00143,0.00045,3.63866,4.31579,2.35181,0.009868,0.009868,0.009868
18,291.936,3.50049,4.20612,2.46201,0.00204,0.30851,0.00217,0.00051,3.62707,4.26397,2.38023,0.00985975,0.00985975,0.00985975
19,301.435,3.51887,4.19978,2.4544,0.0021,0.31489,0.00273,0.00061,3.62861,4.13229,2.38827,0.0098515,0.0098515,0.0098515
20,311.231,3.46946,4.16719,2.46311,0.00223,0.33404,0.00317,0.00075,3.52649,4.20479,2.34681,0.00984325,0.00984325,0.00984325
21,321.066,3.413,4.17969,2.41493,0.00237,0.35957,0.00319,0.00069,3.50326,4.20207,2.2939,0.009835,0.009835,0.009835
22,330.607,3.4024,4.17182,2.39407,0.00215,0.32128,0.00289,0.00066,3.48142,4.20215,2.2936,0.00982675,0.00982675,0.00982675
23,340.114,3.35806,4.13089,2.38088,0.00195,0.28723,0.00216,0.00057,3.54946,4.37826,2.34629,0.0098185,0.0098185,0.0098185
24,349.68,3.44019,4.21103,2.43078,0.00198,0.3,0.00274,0.00061,3.58467,4.34716,2.27254,0.00981025,0.00981025,0.00981025
25,359.288,3.39808,4.16718,2.40703,0.00242,0.3617,0.00378,0.00081,3.50243,4.23363,2.30218,0.009802,0.009802,0.009802
26,369.054,3.39297,4.14743,2.39837,0.00217,0.32553,0.0033,0.00064,3.52106,4.18994,2.27728,0.00979375,0.00979375,0.00979375
27,378.628,3.38843,4.16863,2.39066,0.00223,0.3383,0.00269,0.00059,3.50523,4.08237,2.31801,0.0097855,0.0097855,0.0097855
28,388.072,3.35119,4.13206,2.37866,0.00169,0.25532,0.00278,0.00078,3.55525,4.33446,2.26989,0.00977725,0.00977725,0.00977725
29,397.573,3.3383,4.16049,2.34288,0.0021,0.31064,0.00241,0.00061,3.37365,4.20407,2.21628,0.009769,0.009769,0.009769
30,407.165,3.30747,4.15719,2.34859,0.00246,0.32979,0.00299,0.00076,3.42145,4.16891,2.29175,0.00976075,0.00976075,0.00976075
31,416.797,3.32757,4.16105,2.3316,0.00231,0.34681,0.0033,0.0008,3.43903,4.15121,2.2688,0.0097525,0.0097525,0.0097525
32,426.057,3.32734,4.09865,2.35194,0.00219,0.32553,0.00818,0.00126,3.40093,4.16968,2.22445,0.00974425,0.00974425,0.00974425
33,435.416,3.32644,4.12664,2.31302,0.00251,0.37234,0.00395,0.00096,3.36677,4.15283,2.25243,0.009736,0.009736,0.009736
34,444.774,3.30138,4.1313,2.33549,0.00194,0.29362,0.00247,0.0006,3.47994,4.29854,2.24907,0.00972775,0.00972775,0.00972775
35,454.335,3.25464,4.10516,2.33574,0.00261,0.39362,0.00588,0.00169,3.36766,4.07441,2.25974,0.0097195,0.0097195,0.0097195
36,463.893,3.28785,4.11504,2.33655,0.01215,0.05106,0.00472,0.00118,3.40646,4.22632,2.24654,0.00971125,0.00971125,0.00971125
37,473.487,3.28564,4.13182,2.31754,0.00249,0.36596,0.00545,0.00135,3.38497,4.14173,2.24254,0.009703,0.009703,0.009703
38,483.089,3.2564,4.0641,2.28971,0.0021,0.30426,0.00395,0.00081,3.47312,4.11971,2.22548,0.00969475,0.00969475,0.00969475
39,492.635,3.30309,4.04915,2.30812,0.00168,0.2234,0.00366,0.00124,3.49266,4.25616,2.27793,0.0096865,0.0096865,0.0096865
40,502.199,3.2985,4.05648,2.3223,0.00236,0.34894,0.00374,0.00099,3.39145,4.18803,2.22759,0.00967825,0.00967825,0.00967825
41,511.661,3.28855,4.06535,2.31914,0.00204,0.30851,0.0029,0.00065,3.49008,4.2274,2.30594,0.00967,0.00967,0.00967
42,520.987,3.26434,4.05423,2.28595,0.00589,0.14255,0.00389,0.00073,3.47328,4.23549,2.32489,0.00966175,0.00966175,0.00966175
43,530.135,3.21766,3.99329,2.25479,0.0155,0.15106,0.01443,0.00314,3.36038,4.26484,2.17692,0.0096535,0.0096535,0.0096535
44,539.259,3.26076,4.00547,2.28322,0.00211,0.32128,0.00386,0.00085,3.46612,4.33513,2.2515,0.00964525,0.00964525,0.00964525
45,548.243,3.22877,3.95924,2.26972,0.00262,0.39574,0.00988,0.00159,3.34826,4.09519,2.28483,0.009637,0.009637,0.009637
46,557.815,3.2153,3.94967,2.27237,0.00521,0.29149,0.01243,0.00244,3.29847,4.39232,2.22147,0.00962875,0.00962875,0.00962875
47,567.221,3.20225,3.94169,2.27388,0.00082,0.12553,0.00127,0.00024,3.81013,5.46193,2.63576,0.0096205,0.0096205,0.0096205
48,576.519,3.20113,3.93712,2.24554,0.08171,0.05957,0.01627,0.00306,3.33705,3.99061,2.28096,0.00961225,0.00961225,0.00961225
49,586.31,3.23128,3.9132,2.31667,0.04375,0.09362,0.01755,0.0044,3.27979,4.08399,2.23096,0.009604,0.009604,0.009604
50,596.123,3.16774,3.89103,2.25161,0.04782,0.05106,0.01425,0.00519,3.2585,4.12132,2.19958,0.00959575,0.00959575,0.00959575
51,605.764,3.18546,3.83546,2.25405,0.0583,0.03404,0.01334,0.00279,3.35482,4.30377,2.22542,0.0095875,0.0095875,0.0095875
52,615.082,3.18796,3.87737,2.24471,0.01374,0.22979,0.01605,0.00405,3.21891,4.07582,2.18343,0.00957925,0.00957925,0.00957925
53,624.462,3.18182,3.85856,2.27052,0.01856,0.15532,0.01787,0.00545,3.33185,4.34909,2.20951,0.009571,0.009571,0.009571
54,634.193,3.17586,3.85411,2.25461,0.01732,0.18936,0.02257,0.00753,3.37508,4.49799,2.25899,0.00956275,0.00956275,0.00956275
55,643.494,3.14813,3.82389,2.23906,0.10644,0.06596,0.02451,0.00535,3.22792,3.8081,2.21257,0.0095545,0.0095545,0.0095545
56,652.833,3.13247,3.8024,2.21823,0.10902,0.07021,0.03153,0.00612,3.20039,3.90237,2.19162,0.00954625,0.00954625,0.00954625
57,662.391,3.10961,3.81207,2.23987,0.05126,0.02979,0.00945,0.00235,3.41931,4.61706,2.29757,0.009538,0.009538,0.009538
58,672.057,3.11039,3.82607,2.23287,0.14338,0.07872,0.03271,0.0078,3.24043,4.28772,2.1752,0.00952975,0.00952975,0.00952975
59,681.82,3.09632,3.76295,2.23039,0.16111,0.08723,0.04302,0.00935,3.20962,3.81122,2.17139,0.0095215,0.0095215,0.0095215
60,691.415,3.12338,3.78489,2.21223,0.14597,0.05346,0.03095,0.0077,3.20233,3.88436,2.17344,0.00951325,0.00951325,0.00951325
61,700.874,3.14419,3.75648,2.2202,0.1276,0.06809,0.03448,0.00775,3.21437,3.8295,2.18095,0.009505,0.009505,0.009505
62,710.336,3.09262,3.75655,2.19787,0.11444,0.08298,0.0326,0.00694,3.21271,3.80567,2.14125,0.00949675,0.00949675,0.00949675
63,719.713,3.08266,3.75355,2.20214,0.13916,0.05745,0.0294,0.00621,3.24369,3.74514,2.1619,0.0094885,0.0094885,0.0094885
64,729.353,3.06646,3.73294,2.20577,0.13958,0.05957,0.03107,0.00693,3.26661,4.07904,2.17481,0.00948025,0.00948025,0.00948025
65,738.891,3.0951,3.73671,2.2113,0.14904,0.07872,0.03436,0.00778,3.20283,3.86621,2.19065,0.009472,0.009472,0.009472
66,748.527,3.09658,3.7264,2.20253,0.11194,0.05319,0.03447,0.00858,3.18186,3.80438,2.12611,0.00946375,0.00946375,0.00946375
67,758.011,3.06102,3.72182,2.199,0.10094,0.05532,0.02716,0.00856,3.22896,4.07626,2.15658,0.0094555,0.0094555,0.0094555
68,767.578,3.07895,3.66982,2.19485,0.22421,0.08085,0.04575,0.01084,3.18695,3.72339,2.15987,0.00944725,0.00944725,0.00944725
69,777.15,3.0765,3.71475,2.20999,0.12336,0.09149,0.03535,0.00909,3.13665,3.81637,2.15964,0.009439,0.009439,0.009439
70,786.495,3.04954,3.66275,2.17974,0.13426,0.08511,0.03569,0.00875,3.219,3.76514,2.16577,0.00943075,0.00943075,0.00943075
71,796.06,3.0833,3.67437,2.18668,0.15112,0.0617,0.03486,0.0075,3.18466,3.81646,2.16779,0.0094225,0.0094225,0.0094225
72,805.626,3.05531,3.67919,2.19825,0.14031,0.08404,0.0482,0.01107,3.1964,3.69342,2.15224,0.00941425,0.00941425,0.00941425
73,815.5,3.02564,3.61173,2.17034,0.15839,0.05319,0.04058,0.01125,3.14976,3.69129,2.15186,0.009406,0.009406,0.009406
74,825.101,3.01009,3.59146,2.1571,0.18004,0.08936,0.05279,0.01233,3.17001,3.68933,2.16219,0.00939775,0.00939775,0.00939775
75,834.907,3.04326,3.59035,2.19582,0.19186,0.08298,0.04871,0.01158,3.17103,3.67881,2.13502,0.0093895,0.0093895,0.0093895
76,844.323,3.03235,3.64221,2.18743,0.17298,0.09574,0.03654,0.00937,3.24943,3.71048,2.23102,0.00938125,0.00938125,0.00938125
77,853.896,3.02396,3.62696,2.18255,0.13174,0.05106,0.02986,0.0075,3.1883,3.79623,2.17282,0.009373,0.009373,0.009373
78,863.517,3.02085,3.63425,2.17833,0.16349,0.08723,0.05568,0.01592,3.16209,3.6703,2.16261,0.00936475,0.00936475,0.00936475
79,873.302,3.03751,3.63753,2.18576,0.17678,0.07872,0.04898,0.01443,3.13673,3.70189,2.15858,0.0093565,0.0093565,0.0093565
80,882.778,3.01455,3.58754,2.1874,0.17988,0.08723,0.05092,0.0128,3.18196,3.64218,2.12641,0.00934825,0.00934825,0.00934825
81,892.288,3.0141,3.57637,2.16736,0.14322,0.07872,0.04866,0.01174,3.1092,3.70181,2.1462,0.00934,0.00934,0.00934
82,901.754,2.98039,3.56843,2.15352,0.15604,0.0617,0.03986,0.01023,3.152,3.72039,2.12633,0.00933175,0.00933175,0.00933175
83,911.292,3.00952,3.57121,2.17416,0.15795,0.08511,0.05956,0.01658,3.14284,3.66933,2.18073,0.0093235,0.0093235,0.0093235
84,921.233,3.0113,3.6053,2.16798,0.14953,0.08866,0.04484,0.01131,3.15235,3.67207,2.14009,0.00931525,0.00931525,0.00931525
85,930.755,2.969,3.55053,2.15889,0.19362,0.10166,0.06946,0.01899,3.11154,3.70596,2.16948,0.009307,0.009307,0.009307
86,940.534,2.99788,3.56038,2.1809,0.14905,0.08511,0.0521,0.01171,3.10386,3.6579,2.21896,0.00929875,0.00929875,0.00929875
87,950.035,2.938,3.56233,2.18888,0.22095,0.08936,0.0617,0.01968,3.04776,3.6776,2.18526,0.0092905,0.0092905,0.0092905
88,959.598,2.96494,3.58681,2.19729,0.16903,0.08723,0.05346,0.01371,3.08658,3.80433,2.23048,0.00928225,0.00928225,0.00928225
89,969.003,2.96672,3.56044,2.19497,0.19761,0.07021,0.05137,0.01508,3.19585,3.87999,2.21678,0.009274,0.009274,0.009274
90,978.462,2.96346,3.53246,2.18279,0.21033,0.09362,0.0573,0.01602,3.09281,3.75952,2.29078,0.00926575,0.00926575,0.00926575
91,987.992,2.94683,3.57811,2.20973,0.2346,0.10213,0.06597,0.01895,2.9902,3.64384,2.19582,0.0092575,0.0092575,0.0092575
92,997.56,2.92579,3.53148,2.18376,0.16436,0.11277,0.06002,0.01547,3.03667,3.60623,2.25423,0.00924925,0.00924925,0.00924925
93,1007.08,2.92194,3.53171,2.21195,0.20888,0.10426,0.06785,0.01991,3.0083,3.58137,2.26682,0.009241,0.009241,0.009241
94,1016.79,2.90398,3.50539,2.18978,0.20915,0.10638,0.06927,0.01997,2.97574,3.65329,2.22776,0.00923275,0.00923275,0.00923275
95,1026.51,2.91491,3.54541,2.20339,0.20642,0.11915,0.07268,0.02159,2.97152,3.63523,2.20548,0.0092245,0.0092245,0.0092245
96,1036.08,2.89282,3.49674,2.18786,0.21315,0.07872,0.05789,0.01458,2.99023,3.70171,2.22116,0.00921625,0.00921625,0.00921625
97,1045.58,2.86465,3.48129,2.17768,0.19451,0.1,0.06644,0.01806,2.93853,3.59132,2.22841,0.009208,0.009208,0.009208
98,1055.14,2.87043,3.50389,2.19287,0.1599,0.10213,0.05783,0.01507,2.97703,3.5968,2.25207,0.00919975,0.00919975,0.00919975
99,1064.61,2.87921,3.52336,2.19421,0.23529,0.0838,0.06501,0.01588,3.00521,3.60772,2.26466,0.0091915,0.0091915,0.0091915
100,1074.19,2.89416,3.45056,2.21332,0.18231,0.10426,0.06244,0.01938,2.98174,3.60811,2.21636,0.00918325,0.00918325,0.00918325
101,1083.67,2.88663,3.46089,2.18071,0.16476,0.1,0.06047,0.01742,2.98375,3.5959,2.23218,0.009175,0.009175,0.009175
102,1093.13,2.86941,3.4809,2.18266,0.19873,0.08723,0.05663,0.01585,2.95683,3.623,2.20478,0.00916675,0.00916675,0.00916675
103,1102.55,2.87078,3.43468,2.1762,0.18588,0.10638,0.06819,0.02003,2.96081,3.59162,2.22496,0.0091585,0.0091585,0.0091585
104,1112,2.88558,3.43991,2.18733,0.20734,0.09574,0.07238,0.02318,2.90262,3.58914,2.22854,0.00915025,0.00915025,0.00915025
105,1121.79,2.88015,3.46465,2.21067,0.18441,0.1,0.06438,0.01826,2.90421,3.61503,2.20747,0.009142,0.009142,0.009142
106,1131.32,2.85043,3.48603,2.20896,0.16558,0.09787,0.06613,0.02095,2.93713,3.55408,2.2391,0.00913375,0.00913375,0.00913375
107,1140.92,2.82514,3.43666,2.1832,0.18802,0.09607,0.06477,0.01763,2.87303,3.57447,2.19489,0.0091255,0.0091255,0.0091255
108,1150.4,2.84526,3.44577,2.1943,0.12812,0.12193,0.04938,0.0132,2.91184,3.5618,2.18862,0.00911725,0.00911725,0.00911725
109,1159.9,2.8059,3.42589,2.16209,0.20906,0.10851,0.07582,0.02069,2.91361,3.50321,2.19614,0.009109,0.009109,0.009109
110,1169.36,2.82104,3.41552,2.18162,0.21893,0.10213,0.06597,0.01908,2.992,3.59955,2.23034,0.00910075,0.00910075,0.00910075
111,1178.9,2.82074,3.41134,2.18101,0.21992,0.10426,0.06772,0.01977,2.91771,3.51464,2.24587,0.0090925,0.0090925,0.0090925
112,1188.2,2.7761,3.4124,2.16176,0.1855,0.12979,0.07597,0.02447,2.85681,3.44376,2.16538,0.00908425,0.00908425,0.00908425
113,1197.84,2.80264,3.38003,2.16736,0.2066,0.12128,0.0789,0.02597,2.84642,3.4801,2.1932,0.009076,0.009076,0.009076
114,1207.61,2.80677,3.40514,2.17013,0.20527,0.09508,0.07459,0.02124,2.8878,3.52389,2.18301,0.00906775,0.00906775,0.00906775
115,1217.17,2.76483,3.36605,2.14331,0.20927,0.10638,0.08071,0.02487,2.82783,3.43019,2.16927,0.0090595,0.0090595,0.0090595
116,1226.65,2.78015,3.36508,2.15392,0.18212,0.11702,0.06843,0.01901,2.85305,3.53431,2.20758,0.00905125,0.00905125,0.00905125
117,1236.21,2.74942,3.37796,2.17607,0.22781,0.11702,0.08438,0.02367,2.80263,3.4599,2.19621,0.009043,0.009043,0.009043
118,1245.65,2.7622,3.37088,2.17052,0.18117,0.11277,0.07548,0.02102,2.81505,3.54668,2.18081,0.00903475,0.00903475,0.00903475
119,1255.13,2.7633,3.35664,2.15166,0.2556,0.11489,0.08389,0.02086,2.88108,3.48746,2.23274,0.0090265,0.0090265,0.0090265
120,1264.46,2.77125,3.34475,2.1643,0.21635,0.14894,0.08452,0.02676,2.87387,3.46267,2.20579,0.00901825,0.00901825,0.00901825
121,1274.16,2.74201,3.33463,2.14219,0.18864,0.1234,0.08376,0.02506,2.80185,3.36591,2.18784,0.00901,0.00901,0.00901
122,1283.85,2.74706,3.30413,2.14103,0.21528,0.11702,0.09171,0.02529,2.80846,3.41738,2.18734,0.00900175,0.00900175,0.00900175
123,1293.43,2.76299,3.31753,2.15893,0.21939,0.12857,0.08612,0.02655,2.83791,3.39903,2.18559,0.0089935,0.0089935,0.0089935
124,1302.8,2.73875,3.34484,2.14618,0.22378,0.12979,0.08811,0.02753,2.81254,3.44552,2.18383,0.00898525,0.00898525,0.00898525
125,1312.7,2.74786,3.37016,2.15731,0.22846,0.11489,0.08213,0.02714,2.8218,3.43026,2.15051,0.008977,0.008977,0.008977
126,1322.22,2.7294,3.31843,2.13377,0.17117,0.12766,0.0736,0.02172,2.79316,3.36419,2.15784,0.00896875,0.00896875,0.00896875
127,1331.8,2.70068,3.27945,2.12231,0.24975,0.14468,0.08841,0.02713,2.73438,3.36079,2.12587,0.0089605,0.0089605,0.0089605
128,1341.32,2.682,3.32819,2.12861,0.24778,0.11277,0.09408,0.02697,2.75517,3.36044,2.16089,0.00895225,0.00895225,0.00895225
129,1351.24,2.71707,3.32023,2.12747,0.20397,0.12128,0.0858,0.02464,2.82028,3.36641,2.18868,0.008944,0.008944,0.008944
130,1360.7,2.70663,3.28027,2.12221,0.25233,0.12128,0.07979,0.02556,2.75544,3.41164,2.14214,0.00893575,0.00893575,0.00893575
131,1370.28,2.67679,3.25061,2.1182,0.19904,0.11064,0.07857,0.02382,2.78155,3.38628,2.17582,0.0089275,0.0089275,0.0089275
132,1379.53,2.687,3.25995,2.11629,0.18306,0.13617,0.0898,0.03014,2.76129,3.37159,2.16188,0.00891925,0.00891925,0.00891925
133,1389.17,2.68049,3.30777,2.11263,0.20186,0.12553,0.09152,0.02822,2.76878,3.33912,2.14385,0.008911,0.008911,0.008911
134,1398.76,2.66328,3.26317,2.10687,0.21677,0.12553,0.0852,0.02887,2.76001,3.39154,2.16189,0.00890275,0.00890275,0.00890275
135,1408.35,2.67521,3.22851,2.1241,0.23075,0.12553,0.08769,0.0276,2.81388,3.31762,2.19134,0.0088945,0.0088945,0.0088945
136,1417.94,2.67564,3.28165,2.1026,0.18829,0.14255,0.08243,0.02282,2.73359,3.35962,2.13883,0.00888625,0.00888625,0.00888625
137,1427.44,2.64523,3.26761,2.10018,0.2192,0.12553,0.08912,0.02656,2.75038,3.33025,2.16126,0.008878,0.008878,0.008878
138,1436.98,2.64699,3.28671,2.11411,0.24845,0.11702,0.08435,0.02838,2.78563,3.36932,2.16188,0.00886975,0.00886975,0.00886975
139,1446.44,2.66629,3.22506,2.13503,0.25563,0.12766,0.10419,0.03406,2.78278,3.42651,2.17013,0.0088615,0.0088615,0.0088615
140,1456.23,2.66313,3.26435,2.09251,0.26021,0.1234,0.09602,0.03281,2.7402,3.32219,2.14565,0.00885325,0.00885325,0.00885325
141,1465.73,2.63111,3.23286,2.1049,0.20215,0.14663,0.10785,0.03307,2.76953,3.26063,2.18003,0.008845,0.008845,0.008845
142,1475.22,2.64329,3.20415,2.10607,0.26296,0.12553,0.11927,0.03544,2.74973,3.33704,2.15246,0.00883675,0.00883675,0.00883675
143,1484.98,2.62349,3.22686,2.09334,0.25135,0.16383,0.11124,0.03586,2.70426,3.23798,2.1236,0.0088285,0.0088285,0.0088285
144,1494.25,2.62994,3.20508,2.08958,0.21145,0.14468,0.08936,0.02994,2.71433,3.34571,2.14769,0.00882025,0.00882025,0.00882025
145,1503.8,2.64359,3.19803,2.10498,0.19803,0.16809,0.10873,0.03319,2.70088,3.2632,2.14439,0.008812,0.008812,0.008812
146,1513.42,2.66288,3.22549,2.11149,0.22334,0.12553,0.08523,0.02547,2.74032,3.33667,2.19083,0.00880375,0.00880375,0.00880375
147,1522.79,2.60121,3.20231,2.09515,0.24655,0.14255,0.10795,0.03326,2.71686,3.25134,2.15292,0.0087955,0.0087955,0.0087955
148,1532.27,2.61607,3.18797,2.09843,0.22859,0.12128,0.09721,0.03326,2.75334,3.26112,2.15474,0.00878725,0.00878725,0.00878725
149,1541.82,2.62395,3.22135,2.09567,0.20841,0.15745,0.10246,0.0362,2.67906,3.20461,2.11782,0.008779,0.008779,0.008779
150,1551.16,2.6203,3.2083,2.08266,0.19046,0.15957,0.08773,0.02987,2.69386,3.30761,2.143,0.00877075,0.00877075,0.00877075
151,1560.55,2.61101,3.19223,2.09534,0.22188,0.15957,0.10114,0.03257,2.73124,3.26787,2.17855,0.0087625,0.0087625,0.0087625
152,1570.06,2.60684,3.20654,2.06161,0.18023,0.15745,0.10433,0.03636,2.70591,3.23991,2.13076,0.00875425,0.00875425,0.00875425
153,1579.6,2.55926,3.15891,2.06131,0.23674,0.14681,0.09965,0.03135,2.69341,3.2618,2.16762,0.008746,0.008746,0.008746
154,1589.01,2.58725,3.22078,2.07077,0.17635,0.14894,0.0915,0.02955,2.6912,3.31322,2.15156,0.00873775,0.00873775,0.00873775
155,1598.48,2.59875,3.17464,2.07827,0.2474,0.16297,0.11426,0.03746,2.65846,3.20693,2.12348,0.0087295,0.0087295,0.0087295
156,1608.31,2.57918,3.16261,2.08316,0.28032,0.13617,0.10759,0.04113,2.69921,3.26039,2.14895,0.00872125,0.00872125,0.00872125
157,1618.02,2.58561,3.17508,2.07355,0.23699,0.14468,0.10796,0.03498,2.69904,3.23129,2.12903,0.008713,0.008713,0.008713
158,1627.49,2.54573,3.17586,2.0498,0.203,0.15319,0.10429,0.03697,2.71781,3.18633,2.14744,0.00870475,0.00870475,0.00870475
159,1637.07,2.60234,3.16392,2.07763,0.26065,0.14043,0.13299,0.04386,2.68485,3.16361,2.15695,0.0086965,0.0086965,0.0086965
160,1646.9,2.61047,3.19387,2.08075,0.26979,0.14043,0.11482,0.03876,2.66669,3.22256,2.14522,0.00868825,0.00868825,0.00868825
161,1656.38,2.58581,3.19016,2.0689,0.24216,0.17447,0.11927,0.03707,2.65969,3.23886,2.1308,0.00868,0.00868,0.00868
162,1666.06,2.5692,3.13312,2.0632,0.2049,0.14681,0.11551,0.04395,2.70721,3.2022,2.14846,0.00867175,0.00867175,0.00867175
163,1675.45,2.56323,3.14197,2.06856,0.21549,0.15957,0.11429,0.03827,2.66231,3.15446,2.1472,0.0086635,0.0086635,0.0086635
164,1684.98,2.54686,3.12868,2.05464,0.27987,0.1617,0.12655,0.04236,2.64224,3.16362,2.13083,0.00865525,0.00865525,0.00865525
165,1694.52,2.57839,3.15806,2.0975,0.22473,0.17234,0.11793,0.03633,2.65738,3.2105,2.13535,0.008647,0.008647,0.008647
166,1704.07,2.5538,3.14018,2.06313,0.22805,0.15532,0.11315,0.03802,2.62918,3.23208,2.12718,0.00863875,0.00863875,0.00863875
167,1713.63,2.57483,3.18979,2.07089,0.26109,0.14255,0.11397,0.04039,2.65489,3.24704,2.13061,0.0086305,0.0086305,0.0086305
168,1723.12,2.52663,3.1301,2.05734,0.26976,0.14894,0.12794,0.04423,2.67556,3.14474,2.13368,0.00862225,0.00862225,0.00862225
169,1732.65,2.56844,3.12607,2.06573,0.19273,0.17872,0.11573,0.03858,2.63326,3.20675,2.12025,0.008614,0.008614,0.008614
170,1742.02,2.54051,3.11394,2.04184,0.26053,0.15367,0.13557,0.04435,2.62559,3.12786,2.1328,0.00860575,0.00860575,0.00860575
171,1751.84,2.51794,3.08094,2.0438,0.24414,0.18898,0.13024,0.04373,2.63615,3.10982,2.14507,0.0085975,0.0085975,0.0085975
172,1761.42,2.55917,3.13488,2.05801,0.28061,0.17234,0.12441,0.04272,2.64679,3.13191,2.13583,0.00858925,0.00858925,0.00858925
173,1770.9,2.52298,3.13188,2.05514,0.24616,0.15957,0.12788,0.04432,2.62306,3.1925,2.12292,0.008581,0.008581,0.008581
174,1780.49,2.54166,3.13395,2.05607,0.23858,0.1766,0.1179,0.04218,2.645,3.12159,2.14307,0.00857275,0.00857275,0.00857275
175,1789.94,2.52669,3.1024,2.05563,0.28149,0.1766,0.13983,0.04488,2.60587,3.09972,2.10402,0.0085645,0.0085645,0.0085645
176,1799.72,2.53165,3.10593,2.04385,0.2449,0.17234,0.12323,0.04229,2.6781,3.18609,2.12832,0.00855625,0.00855625,0.00855625
177,1809.16,2.54762,3.10511,2.03662,0.2514,0.17021,0.11762,0.04062,2.66066,3.18732,2.16321,0.008548,0.008548,0.008548
178,1818.2,2.5023,3.09532,2.02668,0.26437,0.18511,0.13805,0.04435,2.61734,3.14249,2.11525,0.00853975,0.00853975,0.00853975
179,1827.5,2.50514,3.07687,2.02796,0.24852,0.17234,0.11791,0.04056,2.66122,3.14636,2.15576,0.0085315,0.0085315,0.0085315
180,1837,2.51812,3.07345,2.00884,0.26919,0.15909,0.13165,0.04521,2.60587,3.13936,2.10898,0.00852325,0.00852325,0.00852325
181,1846.51,2.48399,3.05491,2.02008,0.25142,0.18298,0.12355,0.04568,2.59719,3.11038,2.12644,0.008515,0.008515,0.008515
182,1855.99,2.51163,3.06678,2.02453,0.26469,0.18085,0.12861,0.0457,2.58228,3.09966,2.10379,0.00850675,0.00850675,0.00850675
183,1865.53,2.47896,3.03511,2.01553,0.2285,0.1766,0.12806,0.04632,2.60718,3.12228,2.10672,0.0084985,0.0084985,0.0084985
184,1874.96,2.47667,3.04187,1.99871,0.26647,0.19362,0.13811,0.0446,2.59427,3.09733,2.12273,0.00849025,0.00849025,0.00849025
185,1884.52,2.48909,3.05564,2.02241,0.30678,0.16809,0.13773,0.0506,2.64045,3.07083,2.11401,0.008482,0.008482,0.008482
186,1894.21,2.50844,3.06769,2.02944,0.30455,0.17021,0.14496,0.04782,2.60771,3.09939,2.1142,0.00847375,0.00847375,0.00847375
187,1903.65,2.50301,3.08551,2.031,0.31098,0.18629,0.15282,0.05422,2.59285,3.06828,2.13652,0.0084655,0.0084655,0.0084655
188,1913.38,2.48671,3.05632,2.01107,0.2548,0.15745,0.14931,0.05267,2.60228,3.07768,2.11262,0.00845725,0.00845725,0.00845725
189,1922.84,2.48447,3.07026,2.03073,0.25524,0.17234,0.13465,0.04575,2.60907,3.13614,2.11446,0.008449,0.008449,0.008449
190,1932.34,2.49884,3.0787,2.01394,0.27211,0.22128,0.14137,0.04698,2.63899,3.10345,2.11576,0.00844075,0.00844075,0.00844075
191,1941.84,2.46777,3.05128,2.01234,0.23905,0.17447,0.12993,0.04942,2.57466,3.13401,2.09325,0.0084325,0.0084325,0.0084325
192,1951.29,2.4936,3.03636,2.00465,0.25334,0.15106,0.12026,0.04488,2.62448,3.1319,2.10327,0.00842425,0.00842425,0.00842425
193,1960.67,2.45863,3.04999,2.00378,0.26607,0.16809,0.13468,0.04873,2.57018,3.09111,2.08417,0.008416,0.008416,0.008416
194,1970.07,2.46372,3.03896,1.99851,0.26647,0.18511,0.13264,0.04705,2.55911,3.08849,2.09886,0.00840775,0.00840775,0.00840775
195,1979.62,2.50411,3.05645,2.03677,0.3254,0.16383,0.15326,0.05192,2.60361,3.05957,2.10739,0.0083995,0.0083995,0.0083995
196,1989.06,2.46687,3.04302,2.00064,0.31463,0.17234,0.14259,0.0501,2.55066,3.07351,2.09789,0.00839125,0.00839125,0.00839125
197,1998.66,2.45096,2.99118,2.00607,0.27161,0.17021,0.14172,0.04855,2.57817,3.13686,2.11537,0.008383,0.008383,0.008383
198,2008.09,2.45826,2.99496,1.9811,0.28364,0.18085,0.13875,0.04758,2.58045,3.10865,2.08581,0.00837475,0.00837475,0.00837475
199,2017.47,2.4752,3.0085,2.01214,0.25123,0.1766,0.14319,0.05189,2.55357,3.07452,2.07811,0.0083665,0.0083665,0.0083665
200,2026.87,2.4862,3.01503,2.0106,0.31551,0.16383,0.14369,0.052,2.58505,3.1419,2.10244,0.00835825,0.00835825,0.00835825
201,2036.25,2.45881,3.02534,2.00884,0.25991,0.16383,0.14302,0.0563,2.54961,3.11985,2.09702,0.00835,0.00835,0.00835
202,2046.01,2.4415,2.98769,1.99317,0.28875,0.17872,0.15125,0.05639,2.55691,3.06073,2.08721,0.00834175,0.00834175,0.00834175
203,2055.56,2.45328,3.00246,1.98911,0.24309,0.18298,0.14047,0.04984,2.58435,3.06321,2.08511,0.0083335,0.0083335,0.0083335
204,2065.06,2.45932,3.00823,1.99355,0.30229,0.16383,0.13743,0.04831,2.58097,3.07623,2.10288,0.00832525,0.00832525,0.00832525
205,2074.57,2.43397,2.97523,1.98294,0.30276,0.1766,0.14504,0.05157,2.61565,3.07621,2.11685,0.008317,0.008317,0.008317
206,2084.01,2.43198,2.96776,1.97347,0.29408,0.16383,0.14894,0.05231,2.57586,3.08173,2.1001,0.00830875,0.00830875,0.00830875
207,2093.56,2.4294,2.9874,1.99165,0.24727,0.19149,0.14981,0.0497,2.55395,3.04606,2.0796,0.0083005,0.0083005,0.0083005
208,2103.28,2.36854,2.92938,1.96609,0.27895,0.18723,0.14746,0.0532,2.57473,3.06241,2.09673,0.00829225,0.00829225,0.00829225
209,2112.86,2.39763,2.96085,1.97955,0.288,0.16596,0.15303,0.05177,2.55194,3.06871,2.09296,0.008284,0.008284,0.008284
210,2122.29,2.4218,2.95188,1.97502,0.33782,0.17447,0.16174,0.05976,2.54519,2.98982,2.09631,0.00827575,0.00827575,0.00827575
211,2132.06,2.41517,2.96187,1.9735,0.29493,0.1766,0.14047,0.05216,2.55796,3.07113,2.06802,0.0082675,0.0082675,0.0082675
212,2141.5,2.40106,2.97867,1.9813,0.25017,0.20587,0.15015,0.05148,2.52471,3.03923,2.07469,0.00825925,0.00825925,0.00825925
213,2151.02,2.41926,2.97173,1.98565,0.31715,0.18723,0.15549,0.05802,2.51022,3.01955,2.07173,0.008251,0.008251,0.008251
214,2160.14,2.42072,2.9383,1.96502,0.28127,0.19787,0.15102,0.05468,2.54086,2.99746,2.0773,0.00824275,0.00824275,0.00824275
215,2169.69,2.39281,2.93039,1.965,0.22955,0.19574,0.15011,0.05035,2.53466,3.02821,2.07848,0.0082345,0.0082345,0.0082345
216,2179.02,2.42485,2.96111,1.97624,0.27293,0.21565,0.15293,0.04969,2.5482,3.03082,2.07459,0.00822625,0.00822625,0.00822625
217,2188.62,2.3673,2.92641,1.96292,0.2443,0.23617,0.1493,0.05246,2.57729,2.99775,2.08223,0.008218,0.008218,0.008218
218,2198.24,2.45288,2.95557,1.9829,0.27076,0.18936,0.1612,0.05834,2.59259,2.9573,2.08364,0.00820975,0.00820975,0.00820975
219,2207.77,2.37306,2.90838,1.95507,0.27307,0.21915,0.16607,0.06,2.5499,2.96118,2.08696,0.0082015,0.0082015,0.0082015
220,2217.51,2.40773,2.96028,1.95651,0.27762,0.2,0.16577,0.05963,2.5388,2.94226,2.06092,0.00819325,0.00819325,0.00819325
221,2226.93,2.38589,2.89962,1.96181,0.29718,0.20638,0.16074,0.05515,2.58271,2.96038,2.09295,0.008185,0.008185,0.008185
222,2236.45,2.39121,2.92938,1.95056,0.25067,0.22553,0.15495,0.05603,2.54202,2.96118,2.06693,0.00817675,0.00817675,0.00817675
223,2245.93,2.38904,2.89323,1.95248,0.29133,0.20851,0.15637,0.05217,2.5412,3.00636,2.09171,0.0081685,0.0081685,0.0081685
224,2255.48,2.41465,2.91355,1.9725,0.33318,0.17541,0.14667,0.05,2.58253,2.9753,2.12107,0.00816025,0.00816025,0.00816025
225,2265.06,2.38501,2.91849,1.96498,0.293,0.20851,0.16728,0.05596,2.52934,2.98324,2.07694,0.008152,0.008152,0.008152
226,2274.62,2.40354,2.93141,1.95504,0.28151,0.20638,0.15558,0.05436,2.56163,2.97868,2.082,0.00814375,0.00814375,0.00814375
227,2284.15,2.36222,2.87338,1.93913,0.28332,0.18298,0.1543,0.05672,2.53515,2.96989,2.08317,0.0081355,0.0081355,0.0081355
228,2293.59,2.35808,2.84418,1.93161,0.31264,0.20426,0.17638,0.05974,2.5419,2.95576,2.09763,0.00812725,0.00812725,0.00812725
229,2303.25,2.3848,2.91141,1.95196,0.32635,0.19787,0.17135,0.06118,2.53123,2.93226,2.07949,0.008119,0.008119,0.008119
230,2313.07,2.34317,2.84854,1.92745,0.32298,0.2,0.17196,0.05834,2.5331,2.93642,2.0533,0.00811075,0.00811075,0.00811075
231,2322.55,2.36726,2.89693,1.94071,0.3041,0.21106,0.1837,0.0609,2.51427,2.97086,2.04787,0.0081025,0.0081025,0.0081025
232,2332.35,2.33749,2.82001,1.91311,0.29189,0.21489,0.17708,0.06347,2.54099,2.94846,2.07187,0.00809425,0.00809425,0.00809425
233,2342.13,2.36294,2.88353,1.94127,0.3318,0.19787,0.17915,0.061,2.52552,2.9181,2.06103,0.008086,0.008086,0.008086
234,2351.38,2.36305,2.84804,1.94721,0.31208,0.19574,0.18723,0.06342,2.54071,2.90472,2.08269,0.00807775,0.00807775,0.00807775
235,2361.18,2.3517,2.85352,1.94223,0.25223,0.21702,0.16911,0.06152,2.52006,2.93399,2.0733,0.0080695,0.0080695,0.0080695
236,2370.49,2.32646,2.86033,1.91992,0.28916,0.20253,0.1787,0.06567,2.50014,2.89767,2.06163,0.00806125,0.00806125,0.00806125
237,2380.26,2.32052,2.83193,1.91231,0.30995,0.19787,0.18354,0.06686,2.50788,2.90201,2.06625,0.008053,0.008053,0.008053
238,2389.94,2.3287,2.83205,1.9068,0.33382,0.20638,0.19477,0.07251,2.50667,2.86652,2.0607,0.00804475,0.00804475,0.00804475
239,2399.81,2.29489,2.81946,1.9033,0.31496,0.18936,0.17889,0.07276,2.52481,2.90435,2.07894,0.0080365,0.0080365,0.0080365
240,2409.31,2.32077,2.86179,1.90496,0.34367,0.19787,0.19636,0.07464,2.48549,2.88449,2.07008,0.00802825,0.00802825,0.00802825
241,2419.08,2.31805,2.85485,1.91622,0.30842,0.22128,0.18181,0.06378,2.4912,2.93148,2.07258,0.00802,0.00802,0.00802
242,2428.63,2.32006,2.82154,1.90938,0.33384,0.21702,0.19025,0.07114,2.48401,2.8844,2.06239,0.00801175,0.00801175,0.00801175
243,2438.22,2.35873,2.84637,1.93453,0.30502,0.21064,0.20109,0.0733,2.48584,2.85863,2.06047,0.0080035,0.0080035,0.0080035
244,2447.51,2.31305,2.79492,1.9038,0.3145,0.21064,0.19458,0.06744,2.47504,2.88067,2.03458,0.00799525,0.00799525,0.00799525
245,2456.96,2.3329,2.8318,1.91293,0.29435,0.21064,0.18749,0.06753,2.49561,2.87158,2.03661,0.007987,0.007987,0.007987
246,2466.07,2.31722,2.80199,1.91323,0.30752,0.21277,0.19233,0.07275,2.49943,2.85774,2.04139,0.00797875,0.00797875,0.00797875
247,2475.54,2.30881,2.78224,1.89858,0.32,0.21702,0.19262,0.06957,2.46737,2.86784,2.0617,0.0079705,0.0079705,0.0079705
248,2485.05,2.3165,2.81144,1.91439,0.33119,0.23191,0.20682,0.07871,2.48673,2.8529,2.04771,0.00796225,0.00796225,0.00796225
249,2494.9,2.28644,2.76109,1.88399,0.32372,0.22128,0.1968,0.07996,2.49618,2.82565,2.0473,0.007954,0.007954,0.007954
250,2504.5,2.31356,2.77333,1.88366,0.30066,0.25319,0.20008,0.07647,2.47412,2.82821,2.0614,0.00794575,0.00794575,0.00794575
251,2513.84,2.29288,2.74719,1.89529,0.31784,0.22979,0.20217,0.08052,2.45368,2.80617,2.0357,0.0079375,0.0079375,0.0079375
252,2523.5,2.29025,2.78761,1.89541,0.29416,0.23941,0.2097,0.08007,2.4444,2.77187,2.04696,0.00792925,0.00792925,0.00792925
253,2533.2,2.28793,2.77004,1.89256,0.30049,0.24769,0.20964,0.0781,2.48897,2.82533,2.0507,0.007921,0.007921,0.007921
254,2542.66,2.2924,2.77671,1.89984,0.28553,0.23214,0.21073,0.08168,2.46093,2.79748,2.0352,0.00791275,0.00791275,0.00791275
255,2552.31,2.31786,2.7778,1.89858,0.27292,0.22766,0.1952,0.07139,2.48328,2.84943,2.05958,0.0079045,0.0079045,0.0079045
256,2561.87,2.26592,2.73506,1.89212,0.34735,0.21915,0.21072,0.08051,2.4597,2.80795,2.04776,0.00789625,0.00789625,0.00789625
257,2571.35,2.2848,2.71444,1.87854,0.36059,0.22979,0.20701,0.07971,2.43837,2.7959,2.02117,0.007888,0.007888,0.007888
258,2580.97,2.29175,2.75403,1.89266,0.31808,0.22727,0.19592,0.07319,2.47639,2.82786,2.03134,0.00787975,0.00787975,0.00787975
259,2590.45,2.28526,2.75327,1.88007,0.30802,0.24894,0.20739,0.07865,2.50088,2.78764,2.05329,0.0078715,0.0078715,0.0078715
260,2599.97,2.28035,2.7084,1.87569,0.30162,0.22553,0.20681,0.08495,2.44816,2.77611,2.01884,0.00786325,0.00786325,0.00786325
261,2609.68,2.22238,2.65191,1.84735,0.34759,0.25319,0.22415,0.08948,2.41893,2.75003,2.0335,0.007855,0.007855,0.007855
262,2619.47,2.2641,2.73202,1.86785,0.34687,0.21702,0.21425,0.08295,2.40371,2.77666,2.02355,0.00784675,0.00784675,0.00784675
263,2629.04,2.24114,2.69533,1.86928,0.32994,0.2383,0.22001,0.0897,2.39356,2.71608,2.0125,0.0078385,0.0078385,0.0078385
264,2638.52,2.23408,2.66443,1.8585,0.34331,0.22553,0.21281,0.08332,2.42165,2.75444,2.00957,0.00783025,0.00783025,0.00783025
265,2648.11,2.26145,2.71214,1.86514,0.33218,0.24043,0.21044,0.08118,2.43059,2.76037,2.00397,0.007822,0.007822,0.007822
266,2657.78,2.22133,2.66476,1.85144,0.36553,0.24468,0.22836,0.09051,2.40812,2.76633,2.00757,0.00781375,0.00781375,0.00781375
267,2667.38,2.25815,2.67054,1.86062,0.35699,0.24043,0.22214,0.08377,2.43374,2.76993,2.01172,0.0078055,0.0078055,0.0078055
268,2676.83,2.23346,2.67138,1.85598,0.35708,0.25106,0.22632,0.08652,2.41176,2.78363,2.00521,0.00779725,0.00779725,0.00779725
269,2686.23,2.24847,2.66757,1.859,0.36865,0.24848,0.22896,0.08728,2.41549,2.73997,1.99707,0.007789,0.007789,0.007789
270,2695.74,2.21777,2.66617,1.85455,0.32889,0.22979,0.21259,0.08778,2.41958,2.75935,2.00102,0.00778075,0.00778075,0.00778075
271,2705.17,2.2191,2.62969,1.84656,0.38408,0.25319,0.24565,0.09269,2.39568,2.73789,1.99226,0.0077725,0.0077725,0.0077725
272,2714.83,2.2157,2.61943,1.8527,0.41413,0.23312,0.23357,0.09246,2.40116,2.74183,2.0105,0.00776425,0.00776425,0.00776425
273,2724.36,2.2188,2.66982,1.84399,0.44097,0.22128,0.23355,0.09561,2.39644,2.71633,1.99712,0.007756,0.007756,0.007756
274,2734.12,2.2242,2.59551,1.8425,0.37085,0.21915,0.23385,0.09366,2.40883,2.72758,1.99353,0.00774775,0.00774775,0.00774775
275,2743.5,2.21493,2.61713,1.83673,0.33797,0.2617,0.23338,0.09515,2.37436,2.69318,1.97849,0.0077395,0.0077395,0.0077395
276,2753.07,2.2261,2.60661,1.82642,0.38011,0.23614,0.23702,0.09252,2.38915,2.67116,1.98226,0.00773125,0.00773125,0.00773125
277,2762.57,2.21065,2.59898,1.8284,0.40626,0.22979,0.244,0.10158,2.39334,2.65904,1.96595,0.007723,0.007723,0.007723
278,2772.35,2.20339,2.60252,1.82811,0.35249,0.27234,0.24953,0.10473,2.38632,2.65783,1.97196,0.00771475,0.00771475,0.00771475
279,2782.12,2.18374,2.59394,1.82956,0.37248,0.25106,0.23831,0.09788,2.39146,2.68342,1.98349,0.0077065,0.0077065,0.0077065
280,2791.58,2.19261,2.55363,1.8143,0.37359,0.26267,0.24134,0.09201,2.3951,2.69939,1.99828,0.00769825,0.00769825,0.00769825
281,2801.14,2.18462,2.55793,1.81655,0.37919,0.25957,0.23218,0.0913,2.3878,2.69994,1.9815,0.00769,0.00769,0.00769
282,2810.62,2.20976,2.60353,1.8455,0.32612,0.24255,0.22607,0.08816,2.4196,2.70441,1.99786,0.00768175,0.00768175,0.00768175
283,2820.13,2.1913,2.59791,1.83031,0.35307,0.24894,0.23346,0.09952,2.34683,2.68196,1.96038,0.0076735,0.0076735,0.0076735
284,2829.61,2.18585,2.58675,1.82008,0.35443,0.25348,0.24081,0.10381,2.34541,2.68324,1.96956,0.00766525,0.00766525,0.00766525
285,2839.09,2.19089,2.54331,1.81798,0.36472,0.27447,0.24286,0.10212,2.33192,2.69708,1.94729,0.007657,0.007657,0.007657
286,2848.55,2.15866,2.56586,1.81471,0.37708,0.22979,0.24057,0.09818,2.37698,2.65887,1.9851,0.00764875,0.00764875,0.00764875
287,2857.93,2.14788,2.55113,1.79524,0.41437,0.24468,0.24825,0.10062,2.34106,2.61647,1.94861,0.0076405,0.0076405,0.0076405
288,2867.3,2.17076,2.52792,1.81602,0.35453,0.26177,0.25385,0.10462,2.33549,2.6237,1.94747,0.00763225,0.00763225,0.00763225
289,2876.92,2.13593,2.55251,1.79738,0.35039,0.28298,0.24853,0.11043,2.31702,2.6274,1.9748,0.007624,0.007624,0.007624
290,2886.52,2.16459,2.52311,1.80197,0.44182,0.25745,0.26536,0.11499,2.34007,2.63698,1.95503,0.00761575,0.00761575,0.00761575
291,2896.27,2.17354,2.56232,1.81284,0.42045,0.26395,0.26545,0.1155,2.33533,2.59894,1.94807,0.0076075,0.0076075,0.0076075
292,2906.06,2.12511,2.49718,1.78235,0.47992,0.25532,0.27678,0.11822,2.32739,2.5765,1.94486,0.00759925,0.00759925,0.00759925
293,2915.83,2.16971,2.50899,1.80233,0.36763,0.28511,0.26033,0.11397,2.30401,2.60259,1.95343,0.007591,0.007591,0.007591
294,2925.32,2.14695,2.48417,1.77732,0.37304,0.27234,0.26521,0.11235,2.34123,2.61189,1.95963,0.00758275,0.00758275,0.00758275
295,2934.75,2.12432,2.41835,1.76601,0.37992,0.29787,0.28015,0.11851,2.33014,2.56891,1.94725,0.0075745,0.0075745,0.0075745
296,2944.42,2.14744,2.52113,1.79297,0.42299,0.26809,0.26897,0.11892,2.30611,2.58078,1.93626,0.00756625,0.00756625,0.00756625
297,2953.78,2.15578,2.49225,1.78411,0.33266,0.2766,0.26328,0.11755,2.31462,2.58706,1.94464,0.007558,0.007558,0.007558
298,2963.23,2.1195,2.48046,1.77385,0.37858,0.26383,0.27035,0.11963,2.30089,2.53801,1.92932,0.00754975,0.00754975,0.00754975
299,2972.98,2.1481,2.47353,1.78638,0.41228,0.2617,0.26994,0.11713,2.32434,2.58521,1.94014,0.0075415,0.0075415,0.0075415
300,2982.5,2.11339,2.44474,1.7875,0.48542,0.24468,0.27731,0.12469,2.30435,2.58994,1.94264,0.00753325,0.00753325,0.00753325
301,2992.17,2.12673,2.48041,1.78694,0.50959,0.2383,0.27855,0.12925,2.29782,2.52988,1.92382,0.007525,0.007525,0.007525
302,3001.89,2.10798,2.43467,1.77397,0.46295,0.25957,0.28176,0.12976,2.32507,2.49938,1.95579,0.00751675,0.00751675,0.00751675
303,3011.48,2.09774,2.45064,1.75474,0.40254,0.28723,0.28049,0.1255,2.28749,2.53068,1.92574,0.0075085,0.0075085,0.0075085
304,3020.88,2.11347,2.45594,1.76195,0.52178,0.25106,0.29327,0.1338,2.27087,2.50597,1.90186,0.00750025,0.00750025,0.00750025
305,3030.42,2.10724,2.44314,1.76074,0.46355,0.2617,0.28587,0.13014,2.28759,2.54064,1.91551,0.007492,0.007492,0.007492
306,3039.84,2.0781,2.39139,1.73996,0.45892,0.27872,0.29248,0.13772,2.25346,2.4923,1.90696,0.00748375,0.00748375,0.00748375
307,3049.63,2.11216,2.42116,1.75798,0.51116,0.26698,0.29626,0.1314,2.27285,2.52317,1.89916,0.0074755,0.0074755,0.0074755
308,3059.06,2.07938,2.38347,1.72832,0.45278,0.30851,0.30743,0.13657,2.23519,2.4769,1.89551,0.00746725,0.00746725,0.00746725
309,3068.72,2.08799,2.39658,1.7517,0.45148,0.30638,0.30458,0.13407,2.23252,2.47006,1.91536,0.007459,0.007459,0.007459
310,3078.07,2.0827,2.3979,1.74983,0.44119,0.31064,0.30644,0.13627,2.24344,2.45997,1.91058,0.00745075,0.00745075,0.00745075
311,3087.47,2.07339,2.36531,1.73152,0.44815,0.28298,0.31164,0.13634,2.23301,2.44952,1.89703,0.0074425,0.0074425,0.0074425
312,3097.06,2.08036,2.39602,1.75251,0.45435,0.30213,0.31198,0.1428,2.20699,2.43488,1.87498,0.00743425,0.00743425,0.00743425
313,3106.68,2.06916,2.36266,1.72809,0.40857,0.30638,0.30839,0.14102,2.19753,2.45145,1.87448,0.007426,0.007426,0.007426
314,3116.16,2.07291,2.38445,1.74751,0.37535,0.32128,0.31417,0.14882,2.22288,2.4457,1.88783,0.00741775,0.00741775,0.00741775
315,3125.94,2.06314,2.34087,1.74261,0.46807,0.31064,0.31425,0.15347,2.18847,2.4356,1.87232,0.0074095,0.0074095,0.0074095
316,3135.63,2.05426,2.35228,1.71997,0.40349,0.3,0.2908,0.1362,2.22592,2.48497,1.89582,0.00740125,0.00740125,0.00740125
317,3145.05,2.06136,2.32888,1.74084,0.40988,0.32553,0.31491,0.14701,2.24548,2.44979,1.89701,0.007393,0.007393,0.007393
318,3154.58,2.05318,2.34504,1.72643,0.46608,0.31489,0.33318,0.15688,2.19651,2.37124,1.87569,0.00738475,0.00738475,0.00738475
319,3164.33,2.02641,2.33183,1.71494,0.4782,0.31702,0.33992,0.16141,2.16781,2.36796,1.86409,0.0073765,0.0073765,0.0073765
320,3174.03,2.03872,2.34259,1.73449,0.41255,0.33617,0.332,0.15974,2.16178,2.39193,1.8626,0.00736825,0.00736825,0.00736825
321,3183.55,1.98656,2.24921,1.70016,0.45733,0.35319,0.34215,0.16362,2.17207,2.38464,1.86287,0.00736,0.00736,0.00736
322,3193.23,2.03665,2.29198,1.71001,0.46678,0.34271,0.34805,0.16433,2.19533,2.37821,1.87138,0.00735175,0.00735175,0.00735175
323,3202.86,2.04479,2.27873,1.71657,0.48505,0.3617,0.35329,0.16989,2.17516,2.37174,1.87516,0.0073435,0.0073435,0.0073435
324,3212.63,2.01593,2.28036,1.70159,0.44389,0.34255,0.33561,0.16567,2.15654,2.35345,1.86206,0.00733525,0.00733525,0.00733525
325,3222.27,2.01062,2.29342,1.71209,0.46819,0.31702,0.32884,0.16715,2.1268,2.34743,1.84594,0.007327,0.007327,0.007327
326,3231.74,1.98359,2.233,1.69401,0.48951,0.31702,0.33801,0.1626,2.1365,2.31729,1.84146,0.00731875,0.00731875,0.00731875
327,3241.24,2.01463,2.25078,1.697,0.4951,0.33404,0.34132,0.16481,2.12841,2.32226,1.84473,0.0073105,0.0073105,0.0073105
328,3250.68,2.00542,2.23436,1.6889,0.49259,0.35745,0.36025,0.16821,2.13875,2.33503,1.82711,0.00730225,0.00730225,0.00730225
329,3260.13,2.0017,2.23662,1.6912,0.49579,0.35319,0.35974,0.17714,2.12103,2.27295,1.81833,0.007294,0.007294,0.007294
330,3269.81,1.98736,2.21235,1.70043,0.50804,0.35106,0.36397,0.17868,2.11513,2.29612,1.82564,0.00728575,0.00728575,0.00728575
331,3279.51,2.02987,2.26792,1.70411,0.51202,0.32766,0.35636,0.17786,2.12688,2.28455,1.83221,0.0072775,0.0072775,0.0072775
332,3288.93,2.00048,2.20878,1.67551,0.49203,0.35957,0.36733,0.17849,2.09958,2.25866,1.80902,0.00726925,0.00726925,0.00726925
333,3298.68,1.98276,2.25856,1.67865,0.53419,0.3383,0.37444,0.18482,2.12584,2.25209,1.82275,0.007261,0.007261,0.007261
334,3308.45,2.00492,2.22577,1.68356,0.57226,0.34255,0.38114,0.18649,2.11557,2.23156,1.8203,0.00725275,0.00725275,0.00725275
335,3318.2,1.99794,2.21967,1.68752,0.52236,0.35745,0.38302,0.19027,2.08819,2.2509,1.79944,0.0072445,0.0072445,0.0072445
336,3327.9,1.97542,2.20389,1.68121,0.49837,0.36809,0.38453,0.19127,2.08102,2.22581,1.80817,0.00723625,0.00723625,0.00723625
337,3337.57,1.98223,2.219,1.67376,0.53314,0.35231,0.38235,0.19209,2.06122,2.21655,1.79624,0.007228,0.007228,0.007228
338,3347.28,1.97365,2.18324,1.66668,0.51879,0.38085,0.39231,0.19451,2.09327,2.21822,1.79969,0.00721975,0.00721975,0.00721975
339,3356.97,1.97698,2.18495,1.67383,0.55272,0.35494,0.38124,0.19022,2.09016,2.21677,1.79382,0.0072115,0.0072115,0.0072115
340,3366.31,1.97502,2.21942,1.67293,0.52458,0.38511,0.39357,0.19528,2.07188,2.18124,1.78893,0.00720325,0.00720325,0.00720325
341,3375.9,1.97119,2.21353,1.66489,0.52346,0.38723,0.39967,0.19671,2.0578,2.21192,1.78336,0.007195,0.007195,0.007195
342,3385.56,1.95912,2.20281,1.65421,0.55694,0.34681,0.39174,0.19236,2.07666,2.24097,1.81936,0.00718675,0.00718675,0.00718675
343,3394.97,1.96533,2.20338,1.66253,0.58553,0.36809,0.40757,0.20514,2.07261,2.19375,1.78945,0.0071785,0.0071785,0.0071785
344,3404.69,1.92646,2.13238,1.64265,0.53895,0.35319,0.39793,0.20004,2.07654,2.23161,1.80073,0.00717025,0.00717025,0.00717025
345,3414.14,1.96422,2.14204,1.65477,0.54115,0.38085,0.40387,0.20722,2.04787,2.18376,1.78596,0.007162,0.007162,0.007162
346,3423.76,1.94948,2.13337,1.65406,0.55562,0.36712,0.40217,0.2083,2.0296,2.21184,1.75739,0.00715375,0.00715375,0.00715375
347,3433.3,1.91575,2.13909,1.64059,0.57762,0.41064,0.42894,0.21866,2.04246,2.16144,1.7525,0.0071455,0.0071455,0.0071455
348,3443.04,1.93428,2.15902,1.64763,0.60661,0.39787,0.43076,0.21348,2.05328,2.15306,1.75474,0.00713725,0.00713725,0.00713725
349,3452.5,1.93747,2.11613,1.64027,0.60665,0.37872,0.4363,0.22328,2.02279,2.11496,1.74524,0.007129,0.007129,0.007129
350,3462.27,1.91531,2.12072,1.63149,0.56647,0.38298,0.43054,0.21871,2.01589,2.1315,1.74991,0.00712075,0.00712075,0.00712075
351,3471.72,1.9548,2.1624,1.66758,0.5936,0.40851,0.44967,0.2277,2.02022,2.10727,1.75887,0.0071125,0.0071125,0.0071125
352,3481.4,1.92549,2.14511,1.63372,0.58682,0.39574,0.43474,0.22071,2.03751,2.1124,1.7689,0.00710425,0.00710425,0.00710425
353,3490.88,1.93916,2.12758,1.6574,0.58529,0.3766,0.41415,0.21117,2.02938,2.14047,1.76185,0.007096,0.007096,0.007096
354,3500.38,1.89288,2.08593,1.62358,0.57411,0.40213,0.43867,0.21977,2.02934,2.13546,1.77423,0.00708775,0.00708775,0.00708775
355,3509.84,1.89804,2.06272,1.62362,0.59981,0.36809,0.4357,0.21846,2.04129,2.13566,1.76415,0.0070795,0.0070795,0.0070795
356,3519.31,1.91633,2.08648,1.62276,0.54936,0.41277,0.44045,0.22127,1.98605,2.13871,1.74231,0.00707125,0.00707125,0.00707125
357,3528.83,1.89682,2.08714,1.61718,0.54908,0.40851,0.43977,0.2201,1.99131,2.124,1.73985,0.007063,0.007063,0.007063
358,3538.37,1.91403,2.04488,1.62782,0.58653,0.4234,0.45896,0.23053,1.99043,2.08047,1.7205,0.00705475,0.00705475,0.00705475
359,3548.06,1.91389,2.0814,1.63532,0.58309,0.41489,0.45863,0.23501,1.99901,2.05742,1.71861,0.0070465,0.0070465,0.0070465
360,3557.85,1.88018,2.05056,1.61084,0.58811,0.39149,0.43679,0.22817,2.00518,2.1166,1.73847,0.00703825,0.00703825,0.00703825
361,3567.25,1.90219,2.07096,1.62196,0.57296,0.40426,0.45449,0.24136,1.98636,2.08814,1.73293,0.00703,0.00703,0.00703
362,3577.03,1.85113,1.98685,1.60484,0.61762,0.42128,0.45822,0.24352,1.97452,2.07586,1.71655,0.00702175,0.00702175,0.00702175
363,3586.71,1.87669,2.0485,1.59943,0.62023,0.40426,0.46245,0.24298,1.96826,2.07771,1.70198,0.0070135,0.0070135,0.0070135
364,3596.16,1.89507,2.06537,1.61698,0.68349,0.39053,0.46762,0.2442,1.97178,2.0564,1.69977,0.00700525,0.00700525,0.00700525
365,3605.92,1.88607,2.03934,1.59701,0.63373,0.41064,0.46639,0.25677,1.95276,2.05322,1.70045,0.006997,0.006997,0.006997
366,3615.64,1.85733,2.03287,1.59878,0.64458,0.40851,0.46369,0.25602,1.94665,2.04521,1.69347,0.00698875,0.00698875,0.00698875
367,3625.1,1.85186,1.98027,1.59423,0.60235,0.42865,0.48178,0.25968,1.97527,2.02845,1.69579,0.0069805,0.0069805,0.0069805
368,3634.69,1.87336,2.00222,1.60738,0.59439,0.44255,0.488,0.266,1.96157,2.01319,1.6873,0.00697225,0.00697225,0.00697225
369,3644.36,1.84615,1.97825,1.59633,0.67997,0.40426,0.48655,0.25698,1.96273,2.00285,1.69148,0.006964,0.006964,0.006964
370,3653.78,1.86101,1.98317,1.57689,0.69338,0.41064,0.48853,0.25861,1.94169,2.01666,1.6825,0.00695575,0.00695575,0.00695575
371,3663.19,1.84397,1.99785,1.57819,0.6165,0.4234,0.46817,0.25426,1.94135,2.04215,1.67885,0.0069475,0.0069475,0.0069475
372,3672.63,1.86659,1.99312,1.57478,0.64771,0.42553,0.47851,0.25865,1.92149,1.99945,1.67262,0.00693925,0.00693925,0.00693925
373,3682.13,1.85208,1.98238,1.59431,0.61872,0.45532,0.49763,0.26902,1.91278,1.97958,1.67578,0.006931,0.006931,0.006931
374,3691.92,1.82539,1.98585,1.58229,0.63479,0.44043,0.49619,0.26529,1.90877,1.99253,1.67582,0.00692275,0.00692275,0.00692275
375,3701.45,1.80296,1.94379,1.57732,0.63234,0.41915,0.48159,0.26191,1.90938,1.99217,1.66483,0.0069145,0.0069145,0.0069145
376,3710.81,1.84535,1.9723,1.57466,0.67275,0.4234,0.49351,0.2673,1.90669,1.97549,1.66204,0.00690625,0.00690625,0.00690625
377,3720.26,1.79951,1.91409,1.55174,0.6399,0.43617,0.49186,0.26583,1.92146,1.98893,1.6834,0.006898,0.006898,0.006898
378,3729.67,1.83873,1.98576,1.58761,0.61449,0.44767,0.48863,0.26836,1.90863,1.95257,1.6729,0.00688975,0.00688975,0.00688975
379,3739.13,1.77797,1.90341,1.55517,0.65883,0.45106,0.50836,0.27974,1.88442,1.9383,1.6718,0.0068815,0.0068815,0.0068815
380,3748.91,1.82254,1.92724,1.57405,0.69442,0.45745,0.52026,0.28524,1.87991,1.93556,1.66779,0.00687325,0.00687325,0.00687325
381,3758.64,1.78996,1.87024,1.55023,0.66045,0.47872,0.52966,0.28547,1.88994,1.91978,1.67624,0.006865,0.006865,0.006865
382,3768.42,1.81112,1.93687,1.56212,0.66598,0.47021,0.53143,0.28424,1.87175,1.8909,1.66114,0.00685675,0.00685675,0.00685675
383,3777.73,1.79866,1.92387,1.55439,0.68399,0.45532,0.53208,0.28817,1.85924,1.89279,1.6513,0.0068485,0.0068485,0.0068485
384,3787.42,1.79902,1.9417,1.56639,0.66286,0.4766,0.53693,0.29265,1.84434,1.90337,1.6322,0.00684025,0.00684025,0.00684025
385,3797.18,1.82963,1.92268,1.56943,0.66981,0.47234,0.52917,0.29587,1.85534,1.90222,1.62859,0.006832,0.006832,0.006832
386,3806.86,1.77404,1.8444,1.52775,0.65567,0.48617,0.52795,0.29492,1.85162,1.91354,1.62678,0.00682375,0.00682375,0.00682375
387,3816.29,1.7558,1.83584,1.5375,0.68261,0.4617,0.53685,0.29925,1.84211,1.90264,1.6257,0.0068155,0.0068155,0.0068155
388,3826.12,1.77457,1.85135,1.54695,0.70504,0.45957,0.52883,0.29188,1.83803,1.91662,1.63072,0.00680725,0.00680725,0.00680725
389,3835.55,1.80081,1.89507,1.56516,0.72019,0.4617,0.53654,0.2905,1.84692,1.91661,1.63151,0.006799,0.006799,0.006799
390,3845,1.77534,1.87559,1.54462,0.69714,0.46038,0.53921,0.3013,1.8281,1.90175,1.62384,0.00679075,0.00679075,0.00679075
391,3854.7,1.74079,1.84647,1.53104,0.64759,0.477,0.53192,0.30218,1.81651,1.89996,1.61302,0.0067825,0.0067825,0.0067825
392,3864.39,1.77889,1.88894,1.52441,0.70049,0.45106,0.53767,0.30308,1.79947,1.87058,1.61198,0.00677425,0.00677425,0.00677425
393,3874.13,1.80174,1.88471,1.54298,0.663,0.47234,0.55026,0.30305,1.7977,1.86047,1.60575,0.006766,0.006766,0.006766
394,3883.83,1.76675,1.8651,1.52605,0.69983,0.45319,0.55006,0.30541,1.80863,1.86941,1.61116,0.00675775,0.00675775,0.00675775
395,3893.41,1.78959,1.86673,1.5348,0.65624,0.48335,0.56272,0.31388,1.81051,1.83533,1.61527,0.0067495,0.0067495,0.0067495
396,3903.11,1.75463,1.79121,1.51417,0.72572,0.46596,0.55545,0.30861,1.82821,1.83832,1.62915,0.00674125,0.00674125,0.00674125
397,3912.54,1.75428,1.78965,1.5132,0.70153,0.48936,0.55331,0.30744,1.81977,1.83828,1.62346,0.006733,0.006733,0.006733
398,3921.99,1.73056,1.78331,1.51762,0.72984,0.49149,0.56339,0.31121,1.81921,1.82836,1.61601,0.00672475,0.00672475,0.00672475
399,3931.44,1.74188,1.84369,1.51481,0.71849,0.48873,0.559,0.30676,1.83051,1.85506,1.60988,0.0067165,0.0067165,0.0067165
400,3940.68,1.756,1.83015,1.5174,0.7533,0.46596,0.55278,0.30699,1.83496,1.85705,1.60299,0.00670825,0.00670825,0.00670825
401,3950.02,1.78306,1.88081,1.54483,0.73758,0.47841,0.56482,0.31845,1.80299,1.81074,1.59387,0.0067,0.0067,0.0067
402,3959.7,1.7789,1.86585,1.53361,0.73281,0.48298,0.57345,0.32724,1.8008,1.80369,1.58759,0.00669175,0.00669175,0.00669175
403,3969.32,1.72553,1.79576,1.48926,0.70474,0.49149,0.56718,0.32374,1.80376,1.80465,1.58579,0.0066835,0.0066835,0.0066835
404,3978.59,1.73593,1.80932,1.51447,0.7325,0.47776,0.5662,0.32387,1.78808,1.81598,1.58252,0.00667525,0.00667525,0.00667525
405,3987.77,1.71963,1.76814,1.50184,0.6984,0.49787,0.57186,0.3269,1.79266,1.79684,1.57462,0.006667,0.006667,0.006667
406,3997.22,1.74635,1.81801,1.50403,0.72681,0.48936,0.57377,0.33014,1.77761,1.79537,1.57573,0.00665875,0.00665875,0.00665875
407,4006.9,1.73399,1.81643,1.50425,0.74172,0.49492,0.57345,0.33062,1.76984,1.79117,1.57377,0.0066505,0.0066505,0.0066505
408,4016.63,1.72696,1.79016,1.4974,0.7447,0.48298,0.57063,0.32449,1.77273,1.80335,1.57937,0.00664225,0.00664225,0.00664225
409,4025.85,1.74994,1.78765,1.50668,0.73163,0.49303,0.56604,0.32659,1.78494,1.81224,1.58826,0.006634,0.006634,0.006634
410,4035.1,1.70773,1.77332,1.49408,0.72461,0.49362,0.56721,0.32705,1.79334,1.81048,1.58417,0.00662575,0.00662575,0.00662575
411,4044.16,1.70977,1.77616,1.48683,0.76371,0.48723,0.5796,0.32809,1.77269,1.78457,1.57687,0.0066175,0.0066175,0.0066175
412,4053.51,1.71017,1.77744,1.49619,0.70695,0.49276,0.56809,0.32844,1.76417,1.77712,1.58052,0.00660925,0.00660925,0.00660925
413,4062.9,1.7161,1.76066,1.48708,0.72602,0.51702,0.5817,0.3381,1.75203,1.75437,1.57345,0.006601,0.006601,0.006601
414,4072.54,1.69123,1.74393,1.48066,0.76463,0.49766,0.58833,0.34648,1.75808,1.74757,1.57756,0.00659275,0.00659275,0.00659275
415,4082.28,1.73584,1.76411,1.5053,0.71814,0.51915,0.60174,0.35044,1.75035,1.72969,1.56722,0.0065845,0.0065845,0.0065845
416,4091.97,1.72373,1.76896,1.49862,0.74451,0.52702,0.60028,0.35153,1.75274,1.75426,1.56897,0.00657625,0.00657625,0.00657625
417,4101.61,1.67272,1.72731,1.47576,0.73663,0.52965,0.60032,0.34717,1.76188,1.73083,1.56622,0.006568,0.006568,0.006568
418,4111.08,1.69686,1.72922,1.48525,0.75455,0.51064,0.5976,0.34101,1.76826,1.72899,1.57839,0.00655975,0.00655975,0.00655975
419,4120.51,1.71024,1.72946,1.49378,0.71604,0.54043,0.61298,0.35278,1.75551,1.70502,1.58558,0.0065515,0.0065515,0.0065515
420,4130.18,1.66835,1.70882,1.46703,0.71825,0.54894,0.61918,0.35816,1.74157,1.70424,1.57554,0.00654325,0.00654325,0.00654325
421,4139.89,1.69546,1.7414,1.4896,0.76834,0.52979,0.6218,0.36995,1.73674,1.68976,1.55968,0.006535,0.006535,0.006535
422,4149.46,1.68452,1.74517,1.4682,0.77368,0.52368,0.61757,0.36269,1.73676,1.69833,1.56037,0.00652675,0.00652675,0.00652675
423,4158.69,1.67274,1.70412,1.4619,0.76939,0.51277,0.61884,0.3636,1.73423,1.69233,1.5572,0.0065185,0.0065185,0.0065185
424,4168.06,1.67159,1.7109,1.47607,0.7564,0.52553,0.61693,0.36702,1.74213,1.68971,1.55198,0.00651025,0.00651025,0.00651025
425,4177.11,1.6703,1.71624,1.45944,0.71909,0.56099,0.61727,0.3668,1.74135,1.69782,1.54956,0.006502,0.006502,0.006502
426,4186.52,1.68129,1.70197,1.4603,0.71855,0.56383,0.62462,0.36611,1.74038,1.69369,1.54636,0.00649375,0.00649375,0.00649375
427,4195.88,1.69128,1.72107,1.47175,0.78131,0.5383,0.6207,0.36984,1.70339,1.70863,1.53889,0.0064855,0.0064855,0.0064855
428,4205.05,1.66556,1.69472,1.47173,0.80135,0.53215,0.61999,0.36916,1.71994,1.72649,1.55979,0.00647725,0.00647725,0.00647725
429,4214.51,1.6582,1.69326,1.46361,0.77509,0.52553,0.61689,0.36372,1.71419,1.71761,1.55437,0.006469,0.006469,0.006469
430,4223.78,1.68392,1.72152,1.46351,0.80314,0.54043,0.63406,0.37218,1.71851,1.68641,1.54803,0.00646075,0.00646075,0.00646075
431,4233.48,1.6543,1.67597,1.45638,0.7754,0.55106,0.62828,0.36894,1.71543,1.69316,1.54855,0.0064525,0.0064525,0.0064525
432,4242.96,1.65952,1.66768,1.45355,0.79887,0.51702,0.62796,0.37182,1.70966,1.68145,1.54374,0.00644425,0.00644425,0.00644425
433,4252.43,1.67436,1.68327,1.46705,0.77634,0.51277,0.62075,0.37455,1.72005,1.67855,1.53343,0.006436,0.006436,0.006436
434,4262.1,1.6537,1.65186,1.4411,0.78711,0.52979,0.62748,0.37629,1.67856,1.6539,1.51657,0.00642775,0.00642775,0.00642775
435,4271.79,1.65815,1.665,1.45768,0.77528,0.54468,0.63081,0.38102,1.66701,1.65275,1.50409,0.0064195,0.0064195,0.0064195
436,4281.48,1.61009,1.58924,1.42785,0.82162,0.52766,0.63661,0.37516,1.68284,1.63849,1.50564,0.00641125,0.00641125,0.00641125
437,4290.86,1.64803,1.65839,1.4469,0.82875,0.51915,0.62998,0.37261,1.70366,1.64653,1.51173,0.006403,0.006403,0.006403
438,4300.27,1.63634,1.62865,1.43247,0.82048,0.52766,0.63364,0.37624,1.71102,1.65609,1.50789,0.00639475,0.00639475,0.00639475
439,4309.73,1.64415,1.62846,1.43427,0.80986,0.52562,0.63656,0.38139,1.70088,1.65279,1.50118,0.0063865,0.0063865,0.0063865
440,4319.29,1.64276,1.66197,1.44139,0.79755,0.52553,0.63872,0.38742,1.67944,1.62723,1.50075,0.00637825,0.00637825,0.00637825
441,4328.98,1.6476,1.64673,1.43815,0.77686,0.55556,0.63963,0.38562,1.68478,1.62276,1.50341,0.00637,0.00637,0.00637
442,4338.44,1.60721,1.59383,1.42979,0.79051,0.54597,0.63994,0.38073,1.6881,1.61917,1.51009,0.00636175,0.00636175,0.00636175
443,4347.92,1.63213,1.62914,1.42953,0.77825,0.56003,0.64428,0.38624,1.68458,1.604,1.51469,0.0063535,0.0063535,0.0063535
444,4357.34,1.62479,1.60655,1.43459,0.74752,0.55745,0.65012,0.38472,1.68792,1.60012,1.51358,0.00634525,0.00634525,0.00634525
445,4366.74,1.60717,1.57064,1.42441,0.76655,0.5383,0.63248,0.37976,1.68334,1.6044,1.51373,0.006337,0.006337,0.006337
446,4376.21,1.58427,1.59131,1.41677,0.79176,0.53404,0.63441,0.38584,1.67991,1.59964,1.50787,0.00632875,0.00632875,0.00632875
447,4385.63,1.60372,1.59319,1.42662,0.7682,0.54681,0.65269,0.3962,1.67784,1.58772,1.50037,0.0063205,0.0063205,0.0063205
448,4395.37,1.63449,1.62359,1.44223,0.84557,0.54468,0.66301,0.3992,1.67618,1.56326,1.48936,0.00631225,0.00631225,0.00631225
449,4405.1,1.6037,1.59335,1.41596,0.82461,0.56017,0.66274,0.39924,1.66475,1.55032,1.47897,0.006304,0.006304,0.006304
450,4414.82,1.63004,1.61545,1.4251,0.78824,0.57022,0.66182,0.39967,1.66854,1.55943,1.48488,0.00629575,0.00629575,0.00629575
451,4424.47,1.61374,1.60326,1.43666,0.84064,0.53191,0.66131,0.40427,1.65494,1.55343,1.48453,0.0062875,0.0062875,0.0062875
452,4434.2,1.62235,1.60969,1.43188,0.81114,0.53404,0.65921,0.40459,1.6296,1.56827,1.47022,0.00627925,0.00627925,0.00627925
453,4443.87,1.59356,1.59971,1.41092,0.83314,0.52979,0.66411,0.4062,1.62674,1.54813,1.45578,0.006271,0.006271,0.006271
454,4453.52,1.59419,1.59229,1.4188,0.80695,0.54253,0.66213,0.40469,1.63831,1.54961,1.46528,0.00626275,0.00626275,0.00626275
455,4462.96,1.58667,1.57717,1.42004,0.81402,0.53617,0.65833,0.39883,1.62253,1.55576,1.46445,0.0062545,0.0062545,0.0062545
456,4472.39,1.59087,1.57877,1.41269,0.78834,0.55319,0.664,0.40143,1.61158,1.54073,1.46261,0.00624625,0.00624625,0.00624625
457,4481.58,1.59734,1.56202,1.42259,0.81068,0.55745,0.67427,0.41169,1.60059,1.51459,1.44939,0.006238,0.006238,0.006238
458,4491.33,1.5967,1.55701,1.40854,0.84547,0.55319,0.67481,0.41826,1.59791,1.50104,1.44948,0.00622975,0.00622975,0.00622975
459,4501.12,1.62206,1.63738,1.42849,0.84853,0.56022,0.68226,0.42205,1.59649,1.49356,1.44436,0.0062215,0.0062215,0.0062215
460,4510.57,1.60478,1.58437,1.41823,0.8293,0.56852,0.67975,0.41966,1.6,1.48435,1.44364,0.00621325,0.00621325,0.00621325
461,4520,1.56774,1.54027,1.40295,0.86484,0.55532,0.6799,0.4152,1.60752,1.48926,1.44262,0.006205,0.006205,0.006205
462,4529.46,1.57276,1.52298,1.40849,0.82649,0.55741,0.68506,0.41893,1.59289,1.48437,1.43961,0.00619675,0.00619675,0.00619675
463,4538.89,1.60397,1.58174,1.4104,0.89775,0.54468,0.69392,0.42363,1.59095,1.49346,1.43789,0.0061885,0.0061885,0.0061885
464,4548.61,1.55374,1.52115,1.39839,0.79939,0.58298,0.68738,0.42381,1.59473,1.50235,1.44225,0.00618025,0.00618025,0.00618025
465,4558.09,1.56756,1.53728,1.38892,0.8305,0.58378,0.69736,0.43086,1.59801,1.48943,1.44297,0.006172,0.006172,0.006172
466,4567.73,1.57011,1.54449,1.40011,0.86243,0.5766,0.69906,0.43326,1.59724,1.47912,1.44254,0.00616375,0.00616375,0.00616375
467,4577.48,1.57967,1.54353,1.40049,0.88555,0.57617,0.69316,0.42577,1.58999,1.48924,1.44036,0.0061555,0.0061555,0.0061555
468,4586.84,1.55088,1.51735,1.38051,0.875,0.58085,0.69599,0.41649,1.5991,1.50129,1.43876,0.00614725,0.00614725,0.00614725
469,4596.19,1.58871,1.53286,1.40016,0.85633,0.5766,0.69366,0.42076,1.59819,1.48544,1.43038,0.006139,0.006139,0.006139
470,4605.66,1.5732,1.51157,1.38426,0.87235,0.57872,0.69427,0.42746,1.59898,1.47385,1.429,0.00613075,0.00613075,0.00613075
471,4615.08,1.5801,1.55741,1.4102,0.87409,0.58936,0.6953,0.42492,1.59265,1.47566,1.42813,0.0061225,0.0061225,0.0061225
472,4624.51,1.5337,1.50932,1.37476,0.88963,0.56809,0.69872,0.4296,1.58828,1.47086,1.43054,0.00611425,0.00611425,0.00611425
473,4633.98,1.54949,1.5158,1.39136,0.90173,0.56596,0.7013,0.4287,1.58539,1.47397,1.42985,0.006106,0.006106,0.006106
474,4643.4,1.51046,1.46058,1.36553,0.87799,0.57447,0.70017,0.4345,1.58074,1.46769,1.43327,0.00609775,0.00609775,0.00609775
475,4653.09,1.52632,1.50248,1.36848,0.81752,0.57191,0.69194,0.43402,1.58975,1.48672,1.43961,0.0060895,0.0060895,0.0060895
476,4662.53,1.5226,1.50078,1.3748,0.81001,0.58085,0.68858,0.42994,1.59213,1.50757,1.44367,0.00608125,0.00608125,0.00608125
477,4671.96,1.52732,1.48133,1.36914,0.86675,0.57234,0.6977,0.43708,1.60015,1.50392,1.44478,0.006073,0.006073,0.006073
478,4681.6,1.53066,1.47432,1.36523,0.81504,0.58085,0.7034,0.43642,1.58988,1.48126,1.44161,0.00606475,0.00606475,0.00606475
479,4691.04,1.53193,1.4655,1.35587,0.81871,0.60426,0.71003,0.44035,1.57567,1.4541,1.43307,0.0060565,0.0060565,0.0060565
480,4700.8,1.55956,1.52142,1.39004,0.80667,0.61255,0.70731,0.4373,1.57068,1.44993,1.43077,0.00604825,0.00604825,0.00604825
481,4710.23,1.53856,1.4998,1.39007,0.8224,0.59149,0.70945,0.44078,1.56449,1.42102,1.42674,0.00604,0.00604,0.00604
482,4719.77,1.55585,1.52708,1.38186,0.78349,0.61064,0.71006,0.44356,1.55517,1.41361,1.42191,0.00603175,0.00603175,0.00603175
483,4729.43,1.54196,1.50416,1.38306,0.83522,0.59316,0.70644,0.44595,1.55267,1.41984,1.41874,0.0060235,0.0060235,0.0060235
484,4739.17,1.55549,1.50303,1.37247,0.84796,0.58511,0.70552,0.44615,1.54416,1.4222,1.42204,0.00601525,0.00601525,0.00601525
485,4748.92,1.5253,1.47259,1.36223,0.85004,0.59096,0.70772,0.44525,1.54027,1.42143,1.42215,0.006007,0.006007,0.006007
486,4758.35,1.50646,1.45178,1.35177,0.85905,0.57872,0.70802,0.44799,1.53336,1.43236,1.41762,0.00599875,0.00599875,0.00599875
487,4768.05,1.52046,1.45546,1.3651,0.78077,0.63191,0.70826,0.45117,1.5381,1.42637,1.41613,0.0059905,0.0059905,0.0059905
488,4777.78,1.52702,1.47339,1.36146,0.7794,0.6234,0.7066,0.44708,1.54044,1.41951,1.41392,0.00598225,0.00598225,0.00598225
489,4787.4,1.51634,1.44356,1.35855,0.85554,0.60851,0.71301,0.45249,1.53117,1.40669,1.41489,0.005974,0.005974,0.005974
490,4797.09,1.53595,1.47353,1.37369,0.86297,0.61277,0.70865,0.45362,1.5375,1.41364,1.4146,0.00596575,0.00596575,0.00596575
491,4806.79,1.50705,1.42917,1.35849,0.82034,0.62128,0.71295,0.45606,1.53585,1.4052,1.40927,0.0059575,0.0059575,0.0059575
492,4816.48,1.54186,1.47694,1.37962,0.84159,0.60851,0.71677,0.4552,1.53785,1.41092,1.41731,0.00594925,0.00594925,0.00594925
493,4825.96,1.50574,1.42128,1.34877,0.822,0.60919,0.71418,0.45455,1.5354,1.41125,1.42029,0.005941,0.005941,0.005941
494,4835.38,1.49438,1.41631,1.34536,0.84102,0.59655,0.71136,0.45387,1.53319,1.41949,1.41403,0.00593275,0.00593275,0.00593275
495,4844.74,1.50456,1.43281,1.357,0.86423,0.60948,0.72046,0.45208,1.52533,1.375,1.40966,0.0059245,0.0059245,0.0059245
496,4853.82,1.49984,1.43353,1.35915,0.86861,0.60481,0.72119,0.44916,1.52608,1.37233,1.40644,0.00591625,0.00591625,0.00591625
497,4862.88,1.50545,1.43188,1.36095,0.88419,0.59787,0.71539,0.44668,1.54088,1.38703,1.41158,0.005908,0.005908,0.005908
498,4872.39,1.52015,1.44441,1.35348,0.83998,0.61426,0.72327,0.4551,1.52542,1.37447,1.40608,0.00589975,0.00589975,0.00589975
499,4882.18,1.50537,1.45289,1.36115,0.83361,0.61825,0.72596,0.45673,1.53636,1.37586,1.40886,0.0058915,0.0058915,0.0058915
500,4891.74,1.49212,1.43349,1.35948,0.83567,0.61673,0.72804,0.45206,1.5387,1.3756,1.40497,0.00588325,0.00588325,0.00588325
501,4901.12,1.4911,1.42608,1.36259,0.83525,0.62564,0.73074,0.45799,1.53404,1.36518,1.4036,0.005875,0.005875,0.005875
502,4910.86,1.51721,1.43752,1.35569,0.88716,0.60222,0.73019,0.45728,1.53231,1.36719,1.402,0.00586675,0.00586675,0.00586675
503,4920.28,1.48312,1.42004,1.34977,0.89522,0.5999,0.72428,0.45511,1.53005,1.38184,1.40393,0.0058585,0.0058585,0.0058585
504,4929.78,1.49633,1.4258,1.35152,0.82113,0.62553,0.72708,0.45631,1.52844,1.38141,1.40065,0.00585025,0.00585025,0.00585025
505,4939.24,1.45084,1.40577,1.33736,0.90163,0.58504,0.72751,0.45545,1.53448,1.39127,1.40108,0.005842,0.005842,0.005842
506,4948.71,1.49631,1.41303,1.34015,0.82364,0.62553,0.73225,0.45894,1.5367,1.38663,1.3934,0.00583375,0.00583375,0.00583375
507,4958.3,1.47613,1.40384,1.32819,0.85011,0.62553,0.72874,0.46035,1.52794,1.38795,1.39681,0.0058255,0.0058255,0.0058255
508,4967.83,1.47281,1.41136,1.34165,0.87418,0.61064,0.72811,0.4621,1.52062,1.38457,1.40043,0.00581725,0.00581725,0.00581725
509,4977.6,1.46785,1.40536,1.32451,0.87633,0.60638,0.72889,0.46167,1.50951,1.3721,1.39661,0.005809,0.005809,0.005809
510,4987.04,1.47031,1.39227,1.32842,0.86951,0.61702,0.73869,0.46784,1.50344,1.34982,1.38801,0.00580075,0.00580075,0.00580075
511,4996.65,1.47292,1.41348,1.34855,0.83721,0.63191,0.73893,0.46884,1.49993,1.3474,1.38817,0.0057925,0.0057925,0.0057925
512,5006.31,1.4553,1.36506,1.32975,0.84914,0.64043,0.73946,0.46901,1.50563,1.33917,1.39101,0.00578425,0.00578425,0.00578425
513,5016.01,1.46758,1.37451,1.32549,0.87526,0.62128,0.74018,0.46785,1.50615,1.33289,1.391,0.005776,0.005776,0.005776
514,5025.45,1.46315,1.36764,1.33647,0.91633,0.60581,0.74183,0.47069,1.50306,1.33176,1.38379,0.00576775,0.00576775,0.00576775
515,5035.15,1.43945,1.36816,1.32533,0.8148,0.63654,0.74554,0.46802,1.51027,1.33483,1.38263,0.0057595,0.0057595,0.0057595
516,5044.6,1.48964,1.39653,1.33069,0.84694,0.64043,0.74673,0.46957,1.50321,1.32206,1.38402,0.00575125,0.00575125,0.00575125
517,5054.06,1.44365,1.38805,1.31816,0.86181,0.63689,0.75133,0.47054,1.50214,1.31397,1.3814,0.005743,0.005743,0.005743
518,5063.8,1.47413,1.40553,1.34016,0.85792,0.64681,0.75398,0.47341,1.49397,1.30508,1.38095,0.00573475,0.00573475,0.00573475
519,5073.46,1.45847,1.38092,1.33243,0.82665,0.6595,0.74876,0.47299,1.49186,1.29954,1.38279,0.0057265,0.0057265,0.0057265
520,5082.94,1.45065,1.37053,1.32171,0.83892,0.62053,0.74552,0.47351,1.48881,1.30876,1.38037,0.00571825,0.00571825,0.00571825
521,5092.43,1.45389,1.35923,1.31516,0.86021,0.62128,0.74574,0.47328,1.49803,1.30461,1.38232,0.00571,0.00571,0.00571
522,5101.91,1.43294,1.36309,1.31367,0.8389,0.62979,0.74604,0.4704,1.49761,1.30249,1.37903,0.00570175,0.00570175,0.00570175
523,5111.45,1.42877,1.32579,1.30397,0.85782,0.62898,0.75001,0.47484,1.49261,1.28933,1.3755,0.0056935,0.0056935,0.0056935
524,5121.09,1.44554,1.34065,1.31963,0.87061,0.63191,0.75181,0.47546,1.49079,1.28938,1.37454,0.00568525,0.00568525,0.00568525
525,5130.85,1.43834,1.33923,1.31185,0.90074,0.61781,0.75059,0.48053,1.48534,1.28668,1.37201,0.005677,0.005677,0.005677
526,5140.31,1.46475,1.38079,1.33117,0.85512,0.64046,0.75528,0.48517,1.47131,1.28704,1.36885,0.00566875,0.00566875,0.00566875
527,5149.86,1.44204,1.36293,1.31802,0.84914,0.64894,0.75895,0.48651,1.45302,1.28349,1.36309,0.0056605,0.0056605,0.0056605
528,5159.18,1.43792,1.34273,1.31106,0.8696,0.6527,0.75928,0.48971,1.45685,1.28315,1.3624,0.00565225,0.00565225,0.00565225
529,5168.93,1.42284,1.32578,1.31181,0.83167,0.6617,0.76067,0.49026,1.46319,1.26977,1.36685,0.005644,0.005644,0.005644
530,5178.67,1.45594,1.35625,1.32412,0.88747,0.63404,0.76091,0.49138,1.46659,1.26775,1.36963,0.00563575,0.00563575,0.00563575
531,5188.38,1.4381,1.35224,1.31046,0.87761,0.64468,0.76338,0.48839,1.46553,1.25981,1.3723,0.0056275,0.0056275,0.0056275
532,5197.84,1.43792,1.33227,1.30499,0.89324,0.64468,0.76599,0.48998,1.45698,1.25436,1.36474,0.00561925,0.00561925,0.00561925
533,5207.39,1.42494,1.3182,1.31504,0.89665,0.6383,0.76014,0.48668,1.4593,1.25658,1.36783,0.005611,0.005611,0.005611
534,5216.87,1.44945,1.36078,1.32154,0.87694,0.64468,0.76006,0.48768,1.45783,1.24874,1.36506,0.00560275,0.00560275,0.00560275
535,5226.36,1.42092,1.32096,1.30695,0.85196,0.65745,0.76567,0.49128,1.4526,1.25482,1.36505,0.0055945,0.0055945,0.0055945
536,5236.07,1.4308,1.34665,1.3108,0.88288,0.64158,0.76428,0.49043,1.45266,1.25362,1.36691,0.00558625,0.00558625,0.00558625
537,5245.51,1.41834,1.32014,1.30202,0.872,0.64681,0.76384,0.49376,1.4434,1.24405,1.3661,0.005578,0.005578,0.005578
538,5255.23,1.38915,1.26989,1.28926,0.87491,0.64894,0.76596,0.49553,1.43379,1.23491,1.36225,0.00556975,0.00556975,0.00556975
539,5264.89,1.41632,1.34649,1.29459,0.86965,0.66596,0.7743,0.50002,1.42828,1.23942,1.35685,0.0055615,0.0055615,0.0055615
540,5274.62,1.44157,1.33226,1.30047,0.8683,0.65745,0.7698,0.49959,1.43393,1.24667,1.35274,0.00555325,0.00555325,0.00555325
541,5284.29,1.43951,1.35754,1.31429,0.84319,0.68298,0.77,0.49925,1.43298,1.24527,1.35054,0.005545,0.005545,0.005545
542,5293.92,1.41,1.3047,1.29124,0.83022,0.69362,0.76538,0.49889,1.42972,1.23894,1.3459,0.00553675,0.00553675,0.00553675
543,5303.5,1.4003,1.28613,1.28921,0.84659,0.69273,0.76667,0.50082,1.42364,1.2361,1.33802,0.0055285,0.0055285,0.0055285
544,5313.04,1.40676,1.30794,1.30038,0.84406,0.69098,0.76816,0.50149,1.41196,1.23237,1.32924,0.00552025,0.00552025,0.00552025
545,5322.29,1.40823,1.30998,1.29803,0.8656,0.68516,0.77323,0.50718,1.41293,1.21922,1.33017,0.005512,0.005512,0.005512
546,5331.37,1.40781,1.3045,1.29436,0.879,0.6766,0.77893,0.50853,1.41538,1.22035,1.33167,0.00550375,0.00550375,0.00550375
547,5340.91,1.39256,1.28408,1.28322,0.87043,0.68609,0.77943,0.50446,1.41807,1.20915,1.329,0.0054955,0.0054955,0.0054955
548,5350.4,1.40486,1.29125,1.2853,0.86101,0.68511,0.77875,0.5,1.4285,1.21731,1.32986,0.00548725,0.00548725,0.00548725
549,5360.02,1.40528,1.29296,1.28709,0.85731,0.68723,0.7781,0.50273,1.42878,1.22587,1.33108,0.005479,0.005479,0.005479
550,5369.67,1.41546,1.31942,1.29513,0.88522,0.68085,0.78001,0.5012,1.43462,1.22955,1.33643,0.00547075,0.00547075,0.00547075
551,5379.43,1.38666,1.2763,1.29077,0.87613,0.69226,0.77938,0.49987,1.43253,1.22339,1.33306,0.0054625,0.0054625,0.0054625
552,5388.95,1.41329,1.30091,1.29432,0.8875,0.68816,0.78466,0.50141,1.42436,1.21883,1.33126,0.00545425,0.00545425,0.00545425
553,5398.37,1.40381,1.29902,1.28965,0.87841,0.69167,0.7859,0.50663,1.41495,1.21514,1.32364,0.005446,0.005446,0.005446
554,5407.97,1.40416,1.29343,1.28539,0.8723,0.68298,0.78949,0.51006,1.41129,1.22253,1.32287,0.00543775,0.00543775,0.00543775
555,5417.84,1.38938,1.26274,1.27741,0.88803,0.67496,0.78611,0.50579,1.41356,1.23016,1.32609,0.0054295,0.0054295,0.0054295
556,5427.1,1.38251,1.27715,1.29168,0.90396,0.66596,0.78626,0.50858,1.4125,1.22039,1.32199,0.00542125,0.00542125,0.00542125
557,5436.6,1.39945,1.29146,1.28871,0.89777,0.67234,0.79037,0.51222,1.40909,1.21106,1.31753,0.005413,0.005413,0.005413
558,5446.44,1.37527,1.2614,1.2815,0.88408,0.68511,0.78626,0.51427,1.40455,1.21548,1.3123,0.00540475,0.00540475,0.00540475
559,5456.13,1.42308,1.31957,1.30554,0.85155,0.68723,0.78047,0.5147,1.40508,1.21729,1.31282,0.0053965,0.0053965,0.0053965
560,5465.81,1.36416,1.25603,1.27896,0.86281,0.68511,0.78108,0.51463,1.40816,1.23354,1.31434,0.00538825,0.00538825,0.00538825
561,5475.33,1.36795,1.26235,1.27243,0.84527,0.68936,0.78086,0.51575,1.4079,1.23256,1.31537,0.00538,0.00538,0.00538
562,5485.08,1.35996,1.24669,1.27583,0.89118,0.65745,0.77455,0.5142,1.41033,1.23409,1.31884,0.00537175,0.00537175,0.00537175
563,5494.51,1.39218,1.27177,1.27815,0.87483,0.66596,0.77524,0.51437,1.40699,1.22757,1.31936,0.0053635,0.0053635,0.0053635
564,5504.03,1.37932,1.26322,1.27949,0.85155,0.68511,0.77454,0.513,1.40338,1.21702,1.31841,0.00535525,0.00535525,0.00535525
565,5513.46,1.36536,1.23431,1.26374,0.86401,0.68936,0.77931,0.51536,1.3907,1.20548,1.3131,0.005347,0.005347,0.005347
566,5523.1,1.35573,1.25116,1.26458,0.87582,0.6766,0.78164,0.51835,1.38569,1.1984,1.3082,0.00533875,0.00533875,0.00533875
567,5532.94,1.36757,1.23153,1.26403,0.88911,0.68238,0.78818,0.52257,1.37448,1.1918,1.30266,0.0053305,0.0053305,0.0053305
568,5542.75,1.39748,1.27256,1.27678,0.87101,0.69362,0.7895,0.52131,1.37642,1.18682,1.29836,0.00532225,0.00532225,0.00532225
569,5552.28,1.37559,1.27031,1.27805,0.87363,0.67664,0.79098,0.51903,1.38142,1.18906,1.30032,0.005314,0.005314,0.005314
570,5561.71,1.35553,1.21729,1.25666,0.87913,0.68091,0.79806,0.52092,1.37457,1.18259,1.29373,0.00530575,0.00530575,0.00530575
571,5571.06,1.35153,1.2342,1.26343,0.91758,0.66321,0.79472,0.52172,1.37305,1.18234,1.29566,0.0052975,0.0052975,0.0052975
572,5580.65,1.35316,1.20867,1.25825,0.90214,0.67021,0.79544,0.52335,1.37598,1.18239,1.29908,0.00528925,0.00528925,0.00528925
573,5590.44,1.37452,1.25319,1.27141,0.89581,0.67685,0.79458,0.5224,1.38006,1.18035,1.30043,0.005281,0.005281,0.005281
574,5599.91,1.36928,1.2555,1.27974,0.90205,0.68723,0.79661,0.52797,1.37663,1.17746,1.29829,0.00527275,0.00527275,0.00527275
575,5609.54,1.37148,1.24928,1.27335,0.88757,0.68865,0.79506,0.5256,1.37108,1.16612,1.29824,0.0052645,0.0052645,0.0052645
576,5619.11,1.34139,1.21733,1.26232,0.8671,0.69149,0.7964,0.52638,1.36549,1.162,1.29741,0.00525625,0.00525625,0.00525625
577,5628.6,1.37994,1.25095,1.27572,0.88851,0.68298,0.79877,0.52854,1.36278,1.15652,1.29566,0.005248,0.005248,0.005248
578,5638.38,1.34626,1.22399,1.25809,0.90185,0.68723,0.80628,0.531,1.36401,1.14471,1.29613,0.00523975,0.00523975,0.00523975
579,5648.19,1.37483,1.23637,1.26461,0.89724,0.69787,0.80499,0.53152,1.36233,1.14747,1.29068,0.0052315,0.0052315,0.0052315
580,5657.97,1.38492,1.25933,1.27629,0.89967,0.69787,0.80217,0.53044,1.35803,1.1472,1.28972,0.00522325,0.00522325,0.00522325
581,5667.49,1.35954,1.22152,1.25567,0.91797,0.69046,0.80703,0.53557,1.36098,1.14771,1.29051,0.005215,0.005215,0.005215
582,5677.17,1.34611,1.21184,1.25968,0.90185,0.70377,0.80726,0.53565,1.36088,1.14826,1.29138,0.00520675,0.00520675,0.00520675
583,5686.89,1.35434,1.22851,1.27228,0.90669,0.69574,0.80839,0.53453,1.3581,1.14441,1.28948,0.0051985,0.0051985,0.0051985
584,5696.31,1.36237,1.22585,1.26534,0.8758,0.72128,0.80951,0.53779,1.35993,1.13852,1.29055,0.00519025,0.00519025,0.00519025
585,5706.13,1.33499,1.2234,1.25573,0.89241,0.71915,0.80714,0.54487,1.34914,1.14644,1.28731,0.005182,0.005182,0.005182
586,5715.84,1.36228,1.24105,1.2585,0.90135,0.71932,0.80933,0.54455,1.34237,1.1476,1.28587,0.00517375,0.00517375,0.00517375
587,5725.28,1.31139,1.19933,1.23936,0.89651,0.70851,0.80826,0.54263,1.3427,1.14974,1.28768,0.0051655,0.0051655,0.0051655
588,5734.69,1.33897,1.2025,1.25615,0.86916,0.71489,0.8088,0.54341,1.34288,1.15087,1.28905,0.00515725,0.00515725,0.00515725
589,5743.96,1.32139,1.19599,1.24615,0.90424,0.70322,0.81184,0.54568,1.33652,1.15078,1.28592,0.005149,0.005149,0.005149
590,5753.74,1.32172,1.18678,1.24923,0.912,0.70559,0.8162,0.54364,1.3356,1.14924,1.28704,0.00514075,0.00514075,0.00514075
591,5763.26,1.33302,1.20165,1.23572,0.91601,0.70213,0.81244,0.54328,1.33346,1.14089,1.28696,0.0051325,0.0051325,0.0051325
592,5772.87,1.32908,1.18238,1.24492,0.91779,0.6888,0.80817,0.54025,1.32988,1.1309,1.28548,0.00512425,0.00512425,0.00512425
593,5782.35,1.3124,1.18394,1.23914,0.85663,0.74255,0.81077,0.54584,1.32271,1.11692,1.28108,0.005116,0.005116,0.005116
594,5792.12,1.29795,1.19579,1.23761,0.88606,0.72805,0.81397,0.54605,1.31825,1.11023,1.27801,0.00510775,0.00510775,0.00510775
595,5801.69,1.31521,1.19492,1.24418,0.90674,0.72401,0.8166,0.54733,1.32142,1.11476,1.2791,0.0050995,0.0050995,0.0050995
596,5811.36,1.30258,1.18129,1.23505,0.90713,0.71489,0.81249,0.54585,1.31793,1.1122,1.27689,0.00509125,0.00509125,0.00509125
597,5820.72,1.30964,1.18249,1.2414,0.90854,0.71861,0.81037,0.54708,1.30804,1.11333,1.27325,0.005083,0.005083,0.005083
598,5830.14,1.33924,1.17361,1.25886,0.90618,0.71925,0.81007,0.54579,1.31168,1.10993,1.26984,0.00507475,0.00507475,0.00507475
599,5839.46,1.31902,1.17289,1.24761,0.90673,0.72397,0.80996,0.54671,1.31969,1.11196,1.27521,0.0050665,0.0050665,0.0050665
600,5848.89,1.3548,1.21448,1.26623,0.91019,0.71915,0.8109,0.54493,1.32372,1.11314,1.27563,0.00505825,0.00505825,0.00505825
601,5858.38,1.30515,1.18673,1.23451,0.89994,0.72553,0.81181,0.54734,1.32918,1.11961,1.27608,0.00505,0.00505,0.00505
602,5867.79,1.3233,1.18902,1.25404,0.90245,0.72553,0.81537,0.54509,1.3299,1.11913,1.27389,0.00504175,0.00504175,0.00504175
603,5877.25,1.33792,1.22119,1.24943,0.9011,0.72553,0.81593,0.54901,1.32832,1.11918,1.27094,0.0050335,0.0050335,0.0050335
604,5886.95,1.33591,1.19942,1.24545,0.89903,0.71064,0.81284,0.54568,1.32437,1.11873,1.26583,0.00502525,0.00502525,0.00502525
605,5896.5,1.32794,1.19457,1.24336,0.90697,0.70524,0.81138,0.54473,1.32394,1.11769,1.26598,0.005017,0.005017,0.005017
606,5906.03,1.30896,1.16191,1.2322,0.90856,0.70426,0.81273,0.54789,1.32028,1.11839,1.26572,0.00500875,0.00500875,0.00500875
607,5915.57,1.32446,1.16524,1.2413,0.88578,0.70949,0.81254,0.54968,1.32211,1.12004,1.26641,0.0050005,0.0050005,0.0050005
608,5925.32,1.29665,1.14792,1.22789,0.91972,0.70638,0.81554,0.55064,1.32094,1.11298,1.26773,0.00499225,0.00499225,0.00499225
609,5934.98,1.28611,1.16226,1.22338,0.90516,0.7107,0.8162,0.55108,1.31602,1.11697,1.26696,0.004984,0.004984,0.004984
610,5944.88,1.32367,1.17904,1.23695,0.91299,0.71441,0.81826,0.55121,1.31058,1.11274,1.26478,0.00497575,0.00497575,0.00497575
611,5954.74,1.3,1.13982,1.22431,0.92848,0.72553,0.82244,0.55482,1.30327,1.10183,1.2601,0.0049675,0.0049675,0.0049675
612,5964.32,1.32375,1.19373,1.24778,0.93599,0.71915,0.82331,0.55506,1.2983,1.09586,1.25899,0.00495925,0.00495925,0.00495925
613,5974.04,1.3097,1.17112,1.23345,0.92095,0.71889,0.82254,0.55246,1.29691,1.09463,1.25846,0.004951,0.004951,0.004951
614,5983.52,1.31569,1.15795,1.23169,0.9371,0.71489,0.82459,0.55423,1.2991,1.09678,1.25881,0.00494275,0.00494275,0.00494275
615,5992.97,1.31145,1.16155,1.23157,0.93808,0.70919,0.82482,0.55672,1.29916,1.08624,1.26111,0.0049345,0.0049345,0.0049345
616,6002.68,1.30135,1.16787,1.2437,0.94716,0.70213,0.82596,0.55904,1.29607,1.0801,1.25842,0.00492625,0.00492625,0.00492625
617,6012.43,1.28395,1.15233,1.21558,0.92756,0.70836,0.82814,0.56181,1.2942,1.07014,1.25925,0.004918,0.004918,0.004918
618,6022.26,1.28548,1.15673,1.22591,0.88648,0.73191,0.82546,0.56284,1.28992,1.06525,1.25866,0.00490975,0.00490975,0.00490975
619,6031.95,1.28945,1.14846,1.22899,0.89229,0.73404,0.83025,0.56376,1.29114,1.06621,1.26005,0.0049015,0.0049015,0.0049015
620,6041.65,1.27043,1.13066,1.21331,0.90243,0.73404,0.82954,0.56245,1.28996,1.06308,1.25929,0.00489325,0.00489325,0.00489325
621,6051.09,1.28332,1.13806,1.21587,0.91243,0.73404,0.82978,0.56334,1.28851,1.06369,1.2583,0.004885,0.004885,0.004885
622,6060.44,1.29655,1.15105,1.22493,0.9146,0.72918,0.82957,0.56253,1.28247,1.06212,1.25496,0.00487675,0.00487675,0.00487675
623,6069.86,1.27542,1.1395,1.2236,0.92154,0.72766,0.83046,0.56524,1.28085,1.06135,1.25279,0.0048685,0.0048685,0.0048685
624,6079.74,1.3112,1.16651,1.23818,0.91545,0.73617,0.83235,0.56725,1.27868,1.06013,1.2511,0.00486025,0.00486025,0.00486025
625,6089.72,1.29533,1.13912,1.22497,0.90782,0.73339,0.82826,0.56606,1.27854,1.06077,1.25014,0.004852,0.004852,0.004852
626,6099.44,1.30261,1.15011,1.22092,0.91235,0.73081,0.82654,0.56423,1.27791,1.06065,1.2489,0.00484375,0.00484375,0.00484375
627,6109.08,1.28815,1.15518,1.22299,0.9055,0.73398,0.8295,0.56695,1.27334,1.05748,1.24708,0.0048355,0.0048355,0.0048355
628,6118.5,1.26321,1.11481,1.20606,0.90865,0.72979,0.83183,0.56681,1.27364,1.05864,1.2488,0.00482725,0.00482725,0.00482725
629,6127.94,1.27217,1.12892,1.22253,0.89311,0.74666,0.83354,0.57102,1.27101,1.05362,1.25143,0.004819,0.004819,0.004819
630,6137.68,1.28564,1.152,1.21861,0.89038,0.75106,0.83623,0.57415,1.27129,1.05783,1.25093,0.00481075,0.00481075,0.00481075
631,6147.52,1.28989,1.13662,1.23251,0.89087,0.75319,0.83594,0.57151,1.26704,1.05753,1.24802,0.0048025,0.0048025,0.0048025
632,6157.01,1.27652,1.11598,1.21361,0.92162,0.72554,0.83476,0.57445,1.26376,1.05533,1.24425,0.00479425,0.00479425,0.00479425
633,6166.79,1.24918,1.09878,1.20581,0.92072,0.73404,0.83527,0.57253,1.26434,1.05306,1.24585,0.004786,0.004786,0.004786
634,6176.28,1.29143,1.13999,1.22486,0.91299,0.74255,0.83563,0.57242,1.26445,1.05064,1.24496,0.00477775,0.00477775,0.00477775
635,6185.94,1.26884,1.09459,1.21092,0.93183,0.73617,0.83756,0.57626,1.2635,1.04722,1.24527,0.0047695,0.0047695,0.0047695
636,6195.61,1.26235,1.11812,1.21108,0.92705,0.73404,0.837,0.5753,1.2611,1.04053,1.24411,0.00476125,0.00476125,0.00476125
637,6205.09,1.26181,1.10643,1.21373,0.92223,0.73174,0.83726,0.57586,1.26181,1.03606,1.24191,0.004753,0.004753,0.004753
638,6214.46,1.26369,1.12197,1.21629,0.92934,0.72979,0.83661,0.57822,1.2623,1.03522,1.24107,0.00474475,0.00474475,0.00474475
639,6224.13,1.27599,1.12958,1.21158,0.93328,0.72553,0.83973,0.57697,1.26273,1.03503,1.24125,0.0047365,0.0047365,0.0047365
640,6233.64,1.2454,1.09181,1.19116,0.92727,0.72128,0.83459,0.57556,1.26211,1.03411,1.24174,0.00472825,0.00472825,0.00472825
641,6243.35,1.26305,1.1112,1.2133,0.92851,0.71846,0.83543,0.57577,1.26219,1.03168,1.24027,0.00472,0.00472,0.00472
642,6252.8,1.25086,1.10616,1.21022,0.92848,0.7234,0.8359,0.57545,1.26116,1.0325,1.23768,0.00471175,0.00471175,0.00471175
643,6262.46,1.26338,1.12159,1.21331,0.91451,0.72835,0.83693,0.57497,1.26352,1.03076,1.23614,0.0047035,0.0047035,0.0047035
644,6272.35,1.27217,1.12199,1.22063,0.92743,0.7234,0.83889,0.57721,1.26429,1.03139,1.2352,0.00469525,0.00469525,0.00469525
645,6282.3,1.24975,1.09924,1.21433,0.92933,0.71915,0.83654,0.57643,1.26531,1.03084,1.23609,0.004687,0.004687,0.004687
646,6292.24,1.2938,1.13468,1.21619,0.92285,0.72766,0.83799,0.57718,1.26343,1.02934,1.23685,0.00467875,0.00467875,0.00467875
647,6302.07,1.26241,1.11327,1.20754,0.89761,0.7383,0.84005,0.57946,1.26188,1.02729,1.2363,0.0046705,0.0046705,0.0046705
648,6311.87,1.27893,1.12347,1.22209,0.89273,0.74894,0.84269,0.57812,1.26145,1.02318,1.23626,0.00466225,0.00466225,0.00466225
649,6321.42,1.23829,1.09464,1.19887,0.91267,0.7338,0.84167,0.57647,1.25795,1.02301,1.23575,0.004654,0.004654,0.004654
650,6330.82,1.26189,1.09635,1.20531,0.91006,0.74468,0.84212,0.57775,1.256,1.02269,1.23305,0.00464575,0.00464575,0.00464575
651,6340.22,1.23178,1.0571,1.19929,0.91175,0.74468,0.84081,0.57988,1.25386,1.02147,1.23208,0.0046375,0.0046375,0.0046375
652,6349.83,1.24681,1.09659,1.19762,0.93082,0.72766,0.83938,0.58082,1.2488,1.01915,1.22892,0.00462925,0.00462925,0.00462925
653,6359.65,1.24924,1.1118,1.2059,0.92123,0.74681,0.84007,0.58264,1.24469,1.02019,1.22619,0.004621,0.004621,0.004621
654,6369.29,1.28527,1.14318,1.22453,0.91894,0.74681,0.84115,0.5844,1.24254,1.01909,1.22573,0.00461275,0.00461275,0.00461275
655,6378.99,1.26339,1.10047,1.21611,0.92153,0.74468,0.84216,0.58348,1.23964,1.0124,1.22439,0.0046045,0.0046045,0.0046045
656,6388.91,1.25456,1.09522,1.21452,0.91405,0.74667,0.84298,0.58588,1.23676,1.00873,1.22266,0.00459625,0.00459625,0.00459625
657,6398.67,1.23624,1.08933,1.19133,0.92193,0.74894,0.8426,0.58429,1.23965,1.01111,1.22264,0.004588,0.004588,0.004588
658,6407.91,1.24078,1.06812,1.20913,0.90773,0.75353,0.84193,0.5862,1.23897,1.01244,1.22296,0.00457975,0.00457975,0.00457975
659,6417.64,1.24364,1.10432,1.19427,0.91514,0.76383,0.84498,0.5872,1.2379,1.01353,1.22129,0.0045715,0.0045715,0.0045715
660,6427.42,1.24919,1.0839,1.1956,0.91386,0.76751,0.84473,0.58486,1.23668,1.01252,1.21838,0.00456325,0.00456325,0.00456325
661,6436.54,1.23311,1.08329,1.19349,0.90584,0.76596,0.84441,0.58585,1.23615,1.01025,1.21817,0.004555,0.004555,0.004555
662,6446.11,1.21938,1.06955,1.18213,0.90417,0.76596,0.84434,0.58724,1.23692,1.00761,1.21783,0.00454675,0.00454675,0.00454675
663,6455.57,1.23248,1.07495,1.18638,0.90489,0.76926,0.84556,0.58989,1.23283,1.00761,1.21724,0.0045385,0.0045385,0.0045385
664,6465.33,1.23095,1.08044,1.19043,0.89371,0.77234,0.84575,0.59216,1.23205,1.01009,1.21727,0.00453025,0.00453025,0.00453025
665,6475.14,1.21611,1.08123,1.19723,0.91734,0.75555,0.84645,0.59172,1.23051,1.00914,1.21695,0.004522,0.004522,0.004522
666,6484.54,1.20387,1.05755,1.18341,0.89881,0.77021,0.84647,0.59184,1.22558,1.00749,1.21742,0.00451375,0.00451375,0.00451375
667,6494.05,1.20911,1.05616,1.1777,0.89845,0.76809,0.84666,0.59204,1.22254,1.0059,1.21649,0.0045055,0.0045055,0.0045055
668,6503.52,1.25599,1.09448,1.21179,0.91264,0.75532,0.84696,0.59178,1.22274,1.00923,1.21339,0.00449725,0.00449725,0.00449725
669,6512.98,1.23205,1.08374,1.18877,0.91211,0.75076,0.84857,0.59416,1.21952,1.00911,1.20995,0.004489,0.004489,0.004489
670,6522.88,1.23168,1.08927,1.19463,0.92528,0.75532,0.84601,0.59391,1.21393,1.00441,1.20768,0.00448075,0.00448075,0.00448075
671,6532.13,1.26342,1.10718,1.19678,0.92953,0.75745,0.84672,0.59361,1.21434,1.0019,1.20632,0.0044725,0.0044725,0.0044725
672,6541.47,1.21721,1.06221,1.18403,0.93188,0.75678,0.8488,0.59457,1.21194,0.99886,1.20611,0.00446425,0.00446425,0.00446425
673,6551.19,1.24623,1.08989,1.20152,0.93189,0.75693,0.84752,0.59629,1.21011,0.99409,1.20408,0.004456,0.004456,0.004456
674,6561.1,1.21517,1.06336,1.18183,0.92874,0.75957,0.84867,0.59517,1.20625,0.99248,1.20289,0.00444775,0.00444775,0.00444775
675,6570.54,1.19249,1.05111,1.18884,0.91763,0.75957,0.84923,0.59557,1.20757,0.98915,1.20474,0.0044395,0.0044395,0.0044395
676,6580.21,1.24218,1.08041,1.19571,0.92671,0.75745,0.85036,0.59479,1.20895,0.98984,1.20606,0.00443125,0.00443125,0.00443125
677,6589.7,1.22321,1.0508,1.18242,0.92697,0.75613,0.84905,0.59346,1.20884,0.99316,1.20536,0.004423,0.004423,0.004423
678,6599.17,1.21237,1.06427,1.1882,0.93011,0.74468,0.84758,0.59062,1.20997,0.99421,1.20374,0.00441475,0.00441475,0.00441475
679,6608.2,1.20841,1.05042,1.18518,0.92384,0.74468,0.84672,0.59045,1.20948,0.99374,1.20242,0.0044065,0.0044065,0.0044065
680,6617.28,1.22777,1.07825,1.18706,0.91952,0.75361,0.84703,0.59235,1.21042,0.99445,1.20077,0.00439825,0.00439825,0.00439825
681,6626.74,1.24768,1.08579,1.19923,0.90437,0.7617,0.84786,0.59309,1.20715,0.9917,1.19805,0.00439,0.00439,0.00439
682,6636.27,1.21964,1.05354,1.19301,0.91949,0.75745,0.85038,0.59451,1.20321,0.99122,1.1964,0.00438175,0.00438175,0.00438175
683,6645.58,1.23833,1.07891,1.19495,0.92634,0.75319,0.85166,0.59347,1.20087,0.98567,1.19427,0.0043735,0.0043735,0.0043735
684,6654.9,1.23981,1.06888,1.18983,0.90797,0.76596,0.85249,0.59247,1.20453,0.98558,1.1959,0.00436525,0.00436525,0.00436525
685,6664.4,1.21196,1.04763,1.18299,0.90702,0.76798,0.85241,0.59255,1.20548,0.9849,1.1969,0.004357,0.004357,0.004357
686,6673.95,1.1895,1.02781,1.1677,0.92135,0.76383,0.8527,0.5941,1.20383,0.98424,1.19684,0.00434875,0.00434875,0.00434875
687,6683.57,1.21173,1.0548,1.17794,0.92049,0.76361,0.85124,0.59222,1.20267,0.98433,1.19743,0.0043405,0.0043405,0.0043405
688,6693.24,1.21438,1.05034,1.17675,0.91677,0.76383,0.85161,0.591,1.20318,0.98173,1.19713,0.00433225,0.00433225,0.00433225
689,6702.77,1.19855,1.02798,1.17426,0.91207,0.76596,0.85362,0.59311,1.19973,0.97837,1.19667,0.004324,0.004324,0.004324
690,6712.32,1.2089,1.06105,1.19017,0.9185,0.76809,0.85496,0.5925,1.1979,0.9738,1.19539,0.00431575,0.00431575,0.00431575
691,6721.76,1.21873,1.0569,1.17983,0.91588,0.75957,0.85323,0.59188,1.19938,0.97204,1.19571,0.0043075,0.0043075,0.0043075
692,6731.26,1.21085,1.04139,1.18227,0.92024,0.75745,0.85372,0.59412,1.19752,0.96753,1.19459,0.00429925,0.00429925,0.00429925
693,6740.85,1.19529,1.03471,1.17786,0.91156,0.76809,0.85441,0.5947,1.19502,0.96755,1.1932,0.004291,0.004291,0.004291
694,6750.53,1.17216,1.01778,1.1702,0.90543,0.76809,0.8535,0.59545,1.19333,0.96983,1.19372,0.00428275,0.00428275,0.00428275
695,6760.36,1.19532,1.00841,1.16877,0.89795,0.77234,0.85399,0.59672,1.19413,0.96731,1.19412,0.0042745,0.0042745,0.0042745
696,6770.21,1.20033,1.01943,1.1752,0.90312,0.77354,0.85344,0.59821,1.19244,0.96529,1.19209,0.00426625,0.00426625,0.00426625
697,6779.81,1.23934,1.08486,1.19235,0.90709,0.76858,0.85331,0.59733,1.19473,0.96746,1.19304,0.004258,0.004258,0.004258
698,6789.28,1.19112,1.03322,1.17335,0.90188,0.76383,0.85331,0.5986,1.19746,0.9701,1.19444,0.00424975,0.00424975,0.00424975
699,6799.06,1.18556,1.02137,1.16839,0.88109,0.7725,0.85431,0.59727,1.20108,0.96887,1.19549,0.0042415,0.0042415,0.0042415
700,6808.52,1.17955,1.00029,1.16633,0.87641,0.78085,0.8534,0.59759,1.20313,0.97037,1.19641,0.00423325,0.00423325,0.00423325
701,6817.94,1.19422,1.04234,1.17725,0.87907,0.78085,0.85379,0.5975,1.20166,0.96738,1.19413,0.004225,0.004225,0.004225
702,6827.52,1.1705,1.01748,1.16556,0.87438,0.77872,0.85474,0.59645,1.19816,0.96058,1.19255,0.00421675,0.00421675,0.00421675
703,6836.98,1.19207,1.01266,1.16432,0.89124,0.77872,0.85639,0.59683,1.19689,0.95912,1.1921,0.0042085,0.0042085,0.0042085
704,6846.4,1.19358,1.02231,1.17223,0.89375,0.77234,0.85667,0.59783,1.19468,0.95665,1.19109,0.00420025,0.00420025,0.00420025
705,6855.77,1.17616,1.00328,1.16511,0.89285,0.78011,0.85631,0.59926,1.19475,0.95684,1.19203,0.004192,0.004192,0.004192
706,6865.54,1.18745,1.01087,1.15618,0.89895,0.77602,0.85719,0.60033,1.19268,0.9588,1.19181,0.00418375,0.00418375,0.00418375
707,6875.31,1.19246,1.00915,1.1673,0.89599,0.7766,0.85723,0.60217,1.19239,0.9579,1.1922,0.0041755,0.0041755,0.0041755
708,6885,1.20875,1.05009,1.18677,0.9004,0.76939,0.85768,0.60073,1.19194,0.95438,1.19242,0.00416725,0.00416725,0.00416725
709,6894.39,1.15945,1.00542,1.17373,0.89403,0.77184,0.85826,0.60219,1.19113,0.95227,1.19048,0.004159,0.004159,0.004159
710,6904.27,1.19552,1.0156,1.17377,0.88717,0.78631,0.85974,0.60295,1.18836,0.95052,1.1894,0.00415075,0.00415075,0.00415075
711,6913.39,1.18882,1.02276,1.17351,0.8704,0.78593,0.85931,0.60254,1.1887,0.94994,1.1881,0.0041425,0.0041425,0.0041425
712,6922.48,1.17463,0.99758,1.1623,0.87322,0.78723,0.8627,0.60281,1.18692,0.94722,1.18815,0.00413425,0.00413425,0.00413425
713,6932.15,1.18151,1.01985,1.17422,0.87237,0.78936,0.86239,0.60352,1.18473,0.94715,1.18752,0.004126,0.004126,0.004126
714,6941.46,1.17589,0.99172,1.16365,0.869,0.79035,0.86201,0.60267,1.18339,0.94604,1.1873,0.00411775,0.00411775,0.00411775
715,6950.69,1.17916,1.01018,1.16576,0.87321,0.78936,0.86492,0.60502,1.18282,0.94434,1.18719,0.0041095,0.0041095,0.0041095
716,6960.47,1.18161,1.02866,1.17122,0.87439,0.78495,0.86156,0.60545,1.18074,0.94334,1.18609,0.00410125,0.00410125,0.00410125
717,6970.37,1.14849,0.98544,1.16391,0.87903,0.78853,0.86363,0.6067,1.17837,0.94168,1.18488,0.004093,0.004093,0.004093
718,6980.28,1.17605,1.01152,1.16313,0.87725,0.79071,0.86553,0.60753,1.17782,0.94064,1.18518,0.00408475,0.00408475,0.00408475
719,6990.09,1.18084,1.01015,1.16746,0.87846,0.78936,0.86554,0.60722,1.17653,0.93893,1.18395,0.0040765,0.0040765,0.0040765
720,6999.51,1.18629,1.01853,1.16807,0.8769,0.78936,0.86646,0.60576,1.17687,0.9361,1.18257,0.00406825,0.00406825,0.00406825
721,7009.04,1.19219,1.0362,1.15824,0.87444,0.78531,0.86724,0.60829,1.17545,0.93243,1.18074,0.00406,0.00406,0.00406
722,7018.44,1.15883,0.99372,1.15354,0.88405,0.78511,0.86666,0.608,1.17151,0.93095,1.17878,0.00405175,0.00405175,0.00405175
723,7027.95,1.1669,0.97831,1.15971,0.87836,0.79362,0.8675,0.60982,1.17001,0.93048,1.17723,0.0040435,0.0040435,0.0040435
724,7037.73,1.15698,0.97903,1.15492,0.88166,0.79255,0.86707,0.61259,1.1669,0.92861,1.1764,0.00403525,0.00403525,0.00403525
725,7047.51,1.17156,0.99923,1.15482,0.88403,0.79473,0.86716,0.61231,1.16304,0.92716,1.17399,0.004027,0.004027,0.004027
726,7057.03,1.17334,1.00066,1.16259,0.88553,0.79002,0.86704,0.61338,1.16073,0.92736,1.17239,0.00401875,0.00401875,0.00401875
727,7066.77,1.15519,1.00447,1.1481,0.88745,0.78723,0.86914,0.61269,1.15722,0.92711,1.17081,0.0040105,0.0040105,0.0040105
728,7076.12,1.17165,0.98931,1.15847,0.88345,0.79023,0.86928,0.61411,1.15489,0.92513,1.16976,0.00400225,0.00400225,0.00400225
729,7085.87,1.19116,1.03315,1.17303,0.88236,0.79793,0.86947,0.61652,1.15211,0.92453,1.16885,0.003994,0.003994,0.003994
730,7095.77,1.16272,0.98335,1.15267,0.88438,0.80426,0.8697,0.61827,1.15358,0.92489,1.17208,0.00398575,0.00398575,0.00398575
731,7105.69,1.19004,1.01791,1.17013,0.88418,0.80213,0.8689,0.62068,1.15657,0.92639,1.17261,0.0039775,0.0039775,0.0039775
732,7115.34,1.14723,0.9675,1.15751,0.88285,0.80213,0.8708,0.62133,1.15599,0.92501,1.17268,0.00396925,0.00396925,0.00396925
733,7125.21,1.16295,0.99255,1.15094,0.88317,0.8,0.87026,0.62133,1.15749,0.92556,1.1738,0.003961,0.003961,0.003961
734,7134.54,1.12685,0.96175,1.13482,0.88442,0.79777,0.87153,0.62215,1.15918,0.9263,1.17387,0.00395275,0.00395275,0.00395275
735,7144.17,1.14001,0.98201,1.14332,0.88646,0.79737,0.87201,0.62302,1.15795,0.92544,1.17359,0.0039445,0.0039445,0.0039445
736,7154,1.1477,0.96964,1.14235,0.8821,0.79597,0.86868,0.62097,1.15679,0.9237,1.17104,0.00393625,0.00393625,0.00393625
737,7163.34,1.14312,0.9562,1.14336,0.86476,0.80213,0.86885,0.62076,1.15509,0.92219,1.17035,0.003928,0.003928,0.003928
738,7172.74,1.12154,0.94646,1.13575,0.87605,0.79702,0.86844,0.61915,1.15425,0.92109,1.17086,0.00391975,0.00391975,0.00391975
739,7182.08,1.13708,0.95172,1.13655,0.87552,0.79315,0.86867,0.61962,1.15328,0.91948,1.17033,0.0039115,0.0039115,0.0039115
740,7191.62,1.14786,0.9896,1.14407,0.92483,0.75745,0.86982,0.62041,1.15092,0.91894,1.16889,0.00390325,0.00390325,0.00390325
741,7201.08,1.13573,0.96378,1.14745,0.91347,0.76596,0.87147,0.6208,1.14981,0.91649,1.16898,0.003895,0.003895,0.003895
742,7210.52,1.13047,0.95931,1.14488,0.87908,0.8,0.87224,0.62087,1.14871,0.91455,1.16909,0.00388675,0.00388675,0.00388675
743,7219.79,1.14338,0.97296,1.14698,0.88633,0.79633,0.87289,0.62236,1.14999,0.91438,1.16935,0.0038785,0.0038785,0.0038785
744,7229.18,1.14097,0.96014,1.14512,0.89377,0.79362,0.87417,0.62104,1.14883,0.91134,1.16852,0.00387025,0.00387025,0.00387025
745,7238.73,1.1416,0.95524,1.13883,0.89449,0.79149,0.87477,0.622,1.14729,0.90715,1.16811,0.003862,0.003862,0.003862
746,7248.2,1.15425,0.98746,1.15287,0.89381,0.79149,0.87493,0.62048,1.14825,0.90547,1.16782,0.00385375,0.00385375,0.00385375
747,7257.62,1.1423,0.96681,1.14306,0.91881,0.77049,0.87441,0.62509,1.14604,0.90562,1.16796,0.0038455,0.0038455,0.0038455
748,7267.41,1.11568,0.95918,1.12994,0.91939,0.77651,0.8743,0.6258,1.14445,0.90655,1.16767,0.00383725,0.00383725,0.00383725
749,7277.11,1.13402,0.94891,1.13953,0.91637,0.7766,0.87518,0.62805,1.14416,0.907,1.16761,0.003829,0.003829,0.003829
750,7287.06,1.16258,0.98552,1.15592,0.91732,0.77872,0.87657,0.62646,1.14341,0.90631,1.16701,0.00382075,0.00382075,0.00382075
751,7296.5,1.15756,0.97919,1.15624,0.9196,0.77878,0.87645,0.62631,1.14368,0.90773,1.16641,0.0038125,0.0038125,0.0038125
752,7306,1.16086,0.97766,1.14461,0.91501,0.77882,0.87678,0.62827,1.14293,0.90784,1.16501,0.00380425,0.00380425,0.00380425
753,7315.37,1.13647,0.95134,1.13222,0.91425,0.78085,0.87846,0.62883,1.14057,0.90736,1.16375,0.003796,0.003796,0.003796
754,7325,1.12949,0.95944,1.13462,0.91269,0.77842,0.87905,0.62945,1.13859,0.90579,1.16332,0.00378775,0.00378775,0.00378775
755,7334.81,1.13205,0.95907,1.14617,0.90895,0.78591,0.88032,0.62905,1.13618,0.90635,1.16302,0.0037795,0.0037795,0.0037795
756,7344.24,1.13243,0.96041,1.14769,0.90862,0.78298,0.88069,0.62947,1.1343,0.9059,1.16277,0.00377125,0.00377125,0.00377125
757,7354.03,1.13341,0.95672,1.14629,0.90182,0.78172,0.87741,0.62994,1.13428,0.90612,1.1624,0.003763,0.003763,0.003763
758,7363.99,1.13187,0.96463,1.13734,0.89646,0.79211,0.87755,0.6312,1.13459,0.90466,1.16183,0.00375475,0.00375475,0.00375475
759,7373.91,1.11992,0.95499,1.13441,0.89014,0.79574,0.87761,0.63351,1.1321,0.90362,1.16097,0.0037465,0.0037465,0.0037465
760,7383.63,1.13075,0.95556,1.14063,0.88434,0.79714,0.878,0.63453,1.1318,0.9036,1.1607,0.00373825,0.00373825,0.00373825
761,7393.37,1.11707,0.94389,1.12883,0.87626,0.79856,0.87787,0.63476,1.13037,0.9047,1.15988,0.00373,0.00373,0.00373
762,7403.01,1.11164,0.94782,1.13821,0.86318,0.80541,0.87842,0.63608,1.12724,0.90349,1.15902,0.00372175,0.00372175,0.00372175
763,7412.71,1.13599,0.96008,1.13698,0.86167,0.80426,0.87825,0.63479,1.12664,0.90221,1.15744,0.0037135,0.0037135,0.0037135
764,7422.17,1.11426,0.9478,1.14391,0.86095,0.80362,0.87854,0.63528,1.12651,0.90319,1.15648,0.00370525,0.00370525,0.00370525
765,7431.76,1.12553,0.94938,1.1273,0.9228,0.7617,0.87846,0.63659,1.1264,0.90225,1.15535,0.003697,0.003697,0.003697
766,7441.67,1.11742,0.95121,1.13294,0.92262,0.76383,0.87834,0.63645,1.12546,0.90158,1.1547,0.00368875,0.00368875,0.00368875
767,7451.17,1.10326,0.93385,1.12475,0.89711,0.77918,0.87905,0.63728,1.12456,0.89916,1.15378,0.0036805,0.0036805,0.0036805
768,7461.1,1.10829,0.92279,1.12242,0.91911,0.77361,0.87977,0.6386,1.12394,0.89667,1.1527,0.00367225,0.00367225,0.00367225
769,7470.79,1.10032,0.92762,1.11614,0.93176,0.76809,0.88002,0.63832,1.1244,0.89772,1.15247,0.003664,0.003664,0.003664
770,7480.29,1.1289,0.93733,1.14245,0.93274,0.76715,0.8806,0.63794,1.12401,0.89752,1.15229,0.00365575,0.00365575,0.00365575
771,7489.79,1.12412,0.94725,1.13342,0.92952,0.76596,0.87955,0.63918,1.12177,0.89802,1.15203,0.0036475,0.0036475,0.0036475
772,7499.54,1.1468,0.97236,1.14339,0.92769,0.76425,0.88054,0.64167,1.12063,0.89658,1.15183,0.00363925,0.00363925,0.00363925
773,7509.33,1.12136,0.96116,1.13367,0.92114,0.77045,0.8809,0.6413,1.11924,0.89506,1.15186,0.003631,0.003631,0.003631
774,7518.63,1.11867,0.95206,1.13011,0.9292,0.76809,0.88155,0.64037,1.11818,0.8958,1.15182,0.00362275,0.00362275,0.00362275
775,7528.08,1.12611,0.95724,1.13578,0.92596,0.77234,0.87971,0.64069,1.11791,0.89515,1.15165,0.0036145,0.0036145,0.0036145
776,7537.49,1.12795,0.96401,1.14196,0.91695,0.7752,0.88034,0.64235,1.1151,0.89419,1.15126,0.00360625,0.00360625,0.00360625
777,7547.13,1.10231,0.92995,1.1219,0.91768,0.7766,0.88091,0.64314,1.11448,0.89338,1.15093,0.003598,0.003598,0.003598
778,7556.75,1.12638,0.96417,1.12961,0.92014,0.78444,0.88107,0.6427,1.11407,0.89324,1.15037,0.00358975,0.00358975,0.00358975
779,7566.11,1.09325,0.91971,1.10997,0.92499,0.78718,0.88116,0.64143,1.11371,0.89272,1.15064,0.0035815,0.0035815,0.0035815
780,7575.47,1.10232,0.93063,1.12704,0.92042,0.78511,0.88165,0.64153,1.11394,0.89128,1.15044,0.00357325,0.00357325,0.00357325
781,7585.11,1.11568,0.93379,1.14069,0.91807,0.78682,0.8817,0.64175,1.11322,0.88964,1.15005,0.003565,0.003565,0.003565
782,7594.59,1.10784,0.92817,1.12326,0.91467,0.78511,0.88278,0.64153,1.11498,0.89216,1.15002,0.00355675,0.00355675,0.00355675
783,7603.92,1.10591,0.93478,1.12374,0.9176,0.78184,0.88158,0.64148,1.11664,0.8932,1.14987,0.0035485,0.0035485,0.0035485
784,7613.22,1.10595,0.91792,1.12644,0.92191,0.77864,0.88204,0.64257,1.11655,0.89249,1.14951,0.00354025,0.00354025,0.00354025
785,7622.68,1.12203,0.9431,1.12743,0.91833,0.78085,0.88273,0.64148,1.1168,0.89043,1.14908,0.003532,0.003532,0.003532
786,7632.13,1.08963,0.91794,1.1164,0.91526,0.78134,0.88191,0.6409,1.11621,0.89035,1.1494,0.00352375,0.00352375,0.00352375
787,7641.6,1.10932,0.93253,1.1168,0.90413,0.78936,0.88264,0.64088,1.11754,0.88823,1.14898,0.0035155,0.0035155,0.0035155
788,7651.09,1.10655,0.92065,1.11714,0.88583,0.80426,0.88313,0.64174,1.11687,0.8883,1.14839,0.00350725,0.00350725,0.00350725
789,7660.41,1.10739,0.93852,1.12292,0.88926,0.80638,0.88504,0.6421,1.11338,0.88754,1.14742,0.003499,0.003499,0.003499
790,7669.24,1.11395,0.93837,1.12416,0.91363,0.78776,0.88513,0.64415,1.11164,0.88844,1.14703,0.00349075,0.00349075,0.00349075
791,7678.81,1.09424,0.90677,1.12119,0.92172,0.78085,0.88491,0.64582,1.11103,0.88835,1.14705,0.0034825,0.0034825,0.0034825
792,7688.52,1.10065,0.91853,1.11858,0.90136,0.78936,0.88458,0.64401,1.10978,0.88773,1.14653,0.00347425,0.00347425,0.00347425
793,7698,1.09939,0.9076,1.11456,0.90264,0.78901,0.88433,0.64531,1.10916,0.88463,1.14593,0.003466,0.003466,0.003466
794,7707.44,1.10218,0.91123,1.12745,0.88655,0.80426,0.88495,0.64665,1.10858,0.88227,1.14496,0.00345775,0.00345775,0.00345775
795,7717.13,1.10291,0.93288,1.12794,0.88549,0.80616,0.88474,0.64617,1.10836,0.87989,1.14495,0.0034495,0.0034495,0.0034495
796,7726.68,1.09878,0.9327,1.11904,0.90679,0.78651,0.88447,0.64687,1.10742,0.87892,1.14436,0.00344125,0.00344125,0.00344125
797,7736.18,1.10999,0.94756,1.12939,0.92355,0.7766,0.88371,0.64636,1.10694,0.87775,1.14322,0.003433,0.003433,0.003433
798,7745.55,1.09351,0.9215,1.12004,0.92871,0.7761,0.88393,0.64643,1.10769,0.87748,1.14358,0.00342475,0.00342475,0.00342475
799,7754.98,1.10406,0.93334,1.12469,0.9265,0.7778,0.88406,0.64602,1.10724,0.87657,1.14252,0.0034165,0.0034165,0.0034165
800,7764.53,1.09648,0.93206,1.12009,0.91517,0.78044,0.88443,0.64698,1.10714,0.87678,1.14241,0.00340825,0.00340825,0.00340825
801,7774.25,1.11576,0.94415,1.13797,0.90143,0.79774,0.88504,0.6477,1.10588,0.87694,1.14047,0.0034,0.0034,0.0034
802,7783.98,1.06771,0.88437,1.09813,0.89174,0.80616,0.88528,0.64714,1.10441,0.87362,1.14048,0.00339175,0.00339175,0.00339175
803,7793.39,1.11745,0.92998,1.12035,0.88993,0.80853,0.88576,0.64671,1.10283,0.87155,1.14027,0.0033835,0.0033835,0.0033835
804,7802.9,1.10057,0.92335,1.12394,0.90774,0.79149,0.88574,0.64727,1.10205,0.87119,1.14032,0.00337525,0.00337525,0.00337525
805,7812.46,1.08273,0.91667,1.11272,0.8905,0.81489,0.88658,0.64655,1.10202,0.87089,1.14061,0.003367,0.003367,0.003367
806,7821.92,1.08898,0.90352,1.11294,0.89284,0.81548,0.8868,0.64742,1.10186,0.86982,1.14013,0.00335875,0.00335875,0.00335875
807,7831.47,1.07859,0.91242,1.11722,0.91467,0.79362,0.88719,0.64973,1.10245,0.86812,1.14043,0.0033505,0.0033505,0.0033505
808,7841.15,1.07367,0.89797,1.11114,0.91558,0.79362,0.88578,0.648,1.10215,0.86841,1.13985,0.00334225,0.00334225,0.00334225
809,7850.41,1.09329,0.92679,1.11983,0.92026,0.79574,0.88677,0.64848,1.10159,0.86668,1.13972,0.003334,0.003334,0.003334
810,7859.61,1.07771,0.88855,1.10879,0.92029,0.79362,0.88671,0.649,1.10015,0.86743,1.13936,0.00332575,0.00332575,0.00332575
811,7868.69,1.0809,0.91517,1.11457,0.91948,0.79362,0.88733,0.65011,1.09974,0.86893,1.13876,0.0033175,0.0033175,0.0033175
812,7878.12,1.07512,0.91164,1.12472,0.9241,0.79362,0.88748,0.65038,1.09947,0.86901,1.13913,0.00330925,0.00330925,0.00330925
813,7887.89,1.08259,0.9076,1.10685,0.92856,0.79362,0.88789,0.65253,1.09899,0.8683,1.13867,0.003301,0.003301,0.003301
814,7897.56,1.07187,0.88963,1.10582,0.92515,0.79574,0.88811,0.65083,1.09797,0.86754,1.13793,0.00329275,0.00329275,0.00329275
815,7906.99,1.06235,0.88073,1.10471,0.92348,0.80213,0.88852,0.65104,1.09717,0.86611,1.13768,0.0032845,0.0032845,0.0032845
816,7916.46,1.0812,0.90189,1.11141,0.92272,0.80426,0.88908,0.65126,1.09565,0.86509,1.13717,0.00327625,0.00327625,0.00327625
817,7925.83,1.07913,0.90605,1.109,0.9233,0.80638,0.88886,0.65071,1.09467,0.86492,1.13709,0.003268,0.003268,0.003268
818,7935.31,1.08924,0.92004,1.10888,0.92624,0.80157,0.88969,0.65128,1.09371,0.86418,1.13659,0.00325975,0.00325975,0.00325975
819,7944.71,1.08608,0.91849,1.11419,0.92883,0.80531,0.88959,0.65103,1.09318,0.86401,1.13692,0.0032515,0.0032515,0.0032515
820,7954.15,1.0937,0.91687,1.11485,0.9236,0.80851,0.8896,0.65264,1.09255,0.86523,1.13715,0.00324325,0.00324325,0.00324325
821,7963.75,1.0679,0.88836,1.10603,0.91814,0.81489,0.88934,0.65319,1.0914,0.8654,1.13731,0.003235,0.003235,0.003235
822,7973.51,1.06306,0.87826,1.0982,0.92207,0.81489,0.88977,0.65344,1.09117,0.86466,1.13723,0.00322675,0.00322675,0.00322675
823,7983.28,1.08348,0.89652,1.11156,0.92256,0.81111,0.8899,0.65343,1.09067,0.8644,1.13744,0.0032185,0.0032185,0.0032185
824,7993.01,1.0626,0.8938,1.10509,0.92857,0.80213,0.89035,0.65386,1.0894,0.86352,1.13707,0.00321025,0.00321025,0.00321025
825,8002.79,1.09503,0.92693,1.12065,0.92664,0.80622,0.89085,0.65398,1.08881,0.86143,1.13717,0.003202,0.003202,0.003202
826,8012.46,1.08749,0.9119,1.11432,0.92678,0.80798,0.89115,0.65324,1.08734,0.86113,1.13689,0.00319375,0.00319375,0.00319375
827,8021.95,1.06501,0.88907,1.10031,0.92656,0.80526,0.89125,0.65374,1.08666,0.86078,1.13687,0.0031855,0.0031855,0.0031855
828,8031.37,1.08071,0.89852,1.1128,0.92708,0.80638,0.89086,0.65473,1.08601,0.85958,1.13672,0.00317725,0.00317725,0.00317725
829,8041.14,1.08471,0.89408,1.10359,0.91575,0.81489,0.89051,0.65511,1.08632,0.85922,1.13691,0.003169,0.003169,0.003169
830,8050.87,1.0568,0.87761,1.10606,0.91457,0.81277,0.89099,0.65403,1.08656,0.85788,1.13726,0.00316075,0.00316075,0.00316075
831,8060.33,1.06016,0.88955,1.10256,0.91613,0.81347,0.89118,0.65409,1.086,0.857,1.13717,0.0031525,0.0031525,0.0031525
832,8069.85,1.06347,0.88678,1.0963,0.91834,0.81353,0.89168,0.65449,1.08568,0.85649,1.13734,0.00314425,0.00314425,0.00314425
833,8079.22,1.07244,0.88916,1.1099,0.91475,0.81702,0.89173,0.65385,1.08628,0.85505,1.13709,0.003136,0.003136,0.003136
834,8088.67,1.05374,0.8656,1.10449,0.91515,0.82128,0.89112,0.65384,1.08633,0.8546,1.13702,0.00312775,0.00312775,0.00312775
835,8098.08,1.04335,0.86757,1.09764,0.91898,0.8205,0.89137,0.65379,1.0858,0.85405,1.13684,0.0031195,0.0031195,0.0031195
836,8107.46,1.03798,0.8552,1.08468,0.91637,0.81596,0.89131,0.65334,1.0871,0.85277,1.13658,0.00311125,0.00311125,0.00311125
837,8116.98,1.04437,0.85566,1.08891,0.91669,0.81941,0.89202,0.65402,1.08735,0.85381,1.13596,0.003103,0.003103,0.003103
838,8126.48,1.05633,0.87071,1.10245,0.9166,0.81839,0.89126,0.6538,1.08713,0.85513,1.13599,0.00309475,0.00309475,0.00309475
839,8135.84,1.04736,0.88004,1.09978,0.91659,0.81834,0.89077,0.65469,1.08736,0.85602,1.13582,0.0030865,0.0030865,0.0030865
840,8145.18,1.03878,0.85927,1.09749,0.91792,0.81702,0.89092,0.65418,1.08659,0.85584,1.13597,0.00307825,0.00307825,0.00307825
841,8154.63,1.05473,0.87073,1.10539,0.9167,0.81702,0.89219,0.65494,1.08615,0.8551,1.13569,0.00307,0.00307,0.00307
842,8164.35,1.06525,0.89283,1.10732,0.91698,0.82253,0.89331,0.65617,1.08598,0.85434,1.13539,0.00306175,0.00306175,0.00306175
843,8174.09,1.06262,0.88524,1.09432,0.91669,0.8194,0.89316,0.65597,1.08546,0.85365,1.13422,0.0030535,0.0030535,0.0030535
844,8183.45,1.0705,0.89219,1.10452,0.91676,0.82016,0.8928,0.65517,1.08464,0.85272,1.13279,0.00304525,0.00304525,0.00304525
845,8192.62,1.05998,0.87264,1.09283,0.91838,0.82128,0.89286,0.6552,1.08347,0.8512,1.13238,0.003037,0.003037,0.003037
846,8202,1.04265,0.86992,1.10088,0.91891,0.81977,0.8931,0.65629,1.08251,0.84978,1.1321,0.00302875,0.00302875,0.00302875
847,8211.76,1.05565,0.87661,1.09221,0.91655,0.81786,0.89337,0.65692,1.08102,0.84928,1.13093,0.0030205,0.0030205,0.0030205
848,8221.46,1.03124,0.8558,1.09676,0.91888,0.81939,0.89364,0.65777,1.07951,0.84994,1.13029,0.00301225,0.00301225,0.00301225
849,8231.26,1.05151,0.87286,1.09032,0.91883,0.81893,0.89381,0.65826,1.07916,0.84894,1.13011,0.003004,0.003004,0.003004
850,8240.97,1.03913,0.84424,1.08859,0.91721,0.81702,0.89379,0.65798,1.07768,0.84785,1.12896,0.00299575,0.00299575,0.00299575
851,8250.47,1.03379,0.86587,1.09068,0.91344,0.81702,0.89368,0.65814,1.07787,0.84833,1.12928,0.0029875,0.0029875,0.0029875
852,8259.93,1.06668,0.87627,1.09224,0.91311,0.81702,0.89366,0.65767,1.0756,0.84812,1.12891,0.00297925,0.00297925,0.00297925
853,8269.31,1.03603,0.84872,1.09316,0.91556,0.81702,0.89384,0.65749,1.07501,0.84798,1.12807,0.002971,0.002971,0.002971
854,8278.84,1.02123,0.83975,1.0838,0.91469,0.81702,0.89385,0.65764,1.07449,0.84848,1.12771,0.00296275,0.00296275,0.00296275
855,8288.3,1.02508,0.85299,1.08773,0.9143,0.81714,0.89408,0.65817,1.07438,0.84828,1.12802,0.0029545,0.0029545,0.0029545
856,8297.8,1.05019,0.8735,1.09091,0.91006,0.81812,0.89424,0.65914,1.07428,0.84952,1.12794,0.00294625,0.00294625,0.00294625
857,8307.6,1.04226,0.86458,1.08879,0.91006,0.81702,0.89501,0.66067,1.07413,0.85,1.12765,0.002938,0.002938,0.002938
858,8317.49,1.0393,0.85229,1.09668,0.90744,0.81915,0.89513,0.66106,1.0743,0.84947,1.12796,0.00292975,0.00292975,0.00292975
859,8327.49,1.0249,0.85485,1.08932,0.90803,0.82128,0.89602,0.6624,1.07383,0.8501,1.1286,0.0029215,0.0029215,0.0029215
860,8337.35,1.02734,0.85868,1.08982,0.91474,0.82179,0.89552,0.66135,1.073,0.85044,1.12868,0.00291325,0.00291325,0.00291325
861,8346.91,1.02387,0.84489,1.08792,0.9138,0.8234,0.89536,0.66309,1.07229,0.85017,1.12864,0.002905,0.002905,0.002905
862,8356.53,1.06085,0.86642,1.09255,0.90828,0.82173,0.89568,0.6633,1.07196,0.84999,1.12855,0.00289675,0.00289675,0.00289675
863,8366.2,1.03908,0.84696,1.09258,0.90837,0.81915,0.89572,0.66359,1.07148,0.84977,1.12801,0.0028885,0.0028885,0.0028885
864,8375.94,1.04338,0.87611,1.09411,0.90709,0.81915,0.89529,0.66341,1.07082,0.84879,1.128,0.00288025,0.00288025,0.00288025
865,8385.37,1.0522,0.86781,1.101,0.91474,0.81277,0.89568,0.66337,1.07024,0.84843,1.12822,0.002872,0.002872,0.002872
866,8394.87,1.02936,0.85339,1.08533,0.91593,0.81132,0.8956,0.66436,1.06932,0.8476,1.12833,0.00286375,0.00286375,0.00286375
867,8404.61,1.02473,0.84952,1.09545,0.91788,0.81064,0.89564,0.66485,1.06803,0.84648,1.12802,0.0028555,0.0028555,0.0028555
868,8414.45,1.04037,0.86083,1.09528,0.92107,0.81064,0.89583,0.6654,1.0668,0.84642,1.12766,0.00284725,0.00284725,0.00284725
869,8424.05,1.02775,0.84272,1.08262,0.9226,0.81155,0.89603,0.66604,1.06587,0.84573,1.127,0.002839,0.002839,0.002839
870,8433.68,1.04133,0.8552,1.09101,0.92863,0.81064,0.89607,0.66562,1.06475,0.84579,1.12658,0.00283075,0.00283075,0.00283075
871,8443.3,1.0205,0.84017,1.08819,0.92913,0.81277,0.89604,0.66554,1.06468,0.84565,1.12665,0.0028225,0.0028225,0.0028225
872,8452.83,1.04238,0.85503,1.09289,0.92932,0.81132,0.8965,0.66642,1.06408,0.84612,1.12594,0.00281425,0.00281425,0.00281425
873,8462.44,1.03257,0.85514,1.09449,0.92931,0.81115,0.89661,0.66731,1.06359,0.846,1.12593,0.002806,0.002806,0.002806
874,8472.27,1.05038,0.85539,1.09984,0.93009,0.81064,0.89693,0.66774,1.06265,0.84464,1.12543,0.00279775,0.00279775,0.00279775
875,8482.14,1.01492,0.84758,1.08786,0.9336,0.80851,0.89688,0.66731,1.06196,0.84426,1.12529,0.0027895,0.0027895,0.0027895
876,8491.73,1.03181,0.86357,1.08866,0.93603,0.80851,0.89697,0.6675,1.06054,0.8441,1.12465,0.00278125,0.00278125,0.00278125
877,8501.27,1.04138,0.85186,1.09746,0.9359,0.80851,0.89719,0.66714,1.05949,0.84391,1.12469,0.002773,0.002773,0.002773
878,8510.95,1.03582,0.85209,1.08912,0.9353,0.80851,0.89739,0.66715,1.05888,0.84317,1.12433,0.00276475,0.00276475,0.00276475
879,8520.31,1.04663,0.85684,1.0924,0.93597,0.80868,0.89697,0.66674,1.05846,0.84307,1.12399,0.0027565,0.0027565,0.0027565
880,8529.81,1.024,0.84835,1.08449,0.93615,0.8111,0.89713,0.66742,1.05788,0.8428,1.12371,0.00274825,0.00274825,0.00274825
881,8539.12,1.0277,0.86459,1.08637,0.93613,0.81277,0.89755,0.66703,1.05767,0.84261,1.12389,0.00274,0.00274,0.00274
882,8548.75,1.02887,0.85903,1.09194,0.9351,0.81277,0.8981,0.66794,1.05768,0.84242,1.12441,0.00273175,0.00273175,0.00273175
883,8558.51,1.00205,0.83702,1.08198,0.93848,0.81148,0.89948,0.66739,1.05795,0.8421,1.12482,0.0027235,0.0027235,0.0027235
884,8567.96,1.01413,0.8329,1.08399,0.93839,0.81015,0.89964,0.6679,1.05807,0.84175,1.12537,0.00271525,0.00271525,0.00271525
885,8577.7,1.02755,0.84659,1.08178,0.93389,0.81277,0.89838,0.66801,1.05755,0.84055,1.12521,0.002707,0.002707,0.002707
886,8587.24,1.01048,0.82778,1.08074,0.93565,0.81277,0.89914,0.66871,1.05653,0.83922,1.12491,0.00269875,0.00269875,0.00269875
887,8597.07,1.01332,0.83016,1.07192,0.93714,0.81277,0.89929,0.66812,1.05668,0.83842,1.12571,0.0026905,0.0026905,0.0026905
888,8606.6,1.0216,0.82892,1.07399,0.93746,0.81277,0.90022,0.66826,1.05638,0.83821,1.12564,0.00268225,0.00268225,0.00268225
889,8616.24,1.02857,0.83932,1.08754,0.9375,0.81489,0.90045,0.66916,1.05619,0.83675,1.12551,0.002674,0.002674,0.002674
890,8626.05,1.00801,0.83595,1.07221,0.93885,0.81662,0.90072,0.66862,1.05526,0.83549,1.12474,0.00266575,0.00266575,0.00266575
891,8635.57,1.01359,0.84757,1.07832,0.93679,0.81702,0.90067,0.66841,1.05474,0.83453,1.12423,0.0026575,0.0026575,0.0026575
892,8645.06,1.01505,0.83015,1.0776,0.93379,0.81702,0.90097,0.6678,1.05445,0.83275,1.12403,0.00264925,0.00264925,0.00264925
893,8654.29,1.00537,0.82243,1.07582,0.93214,0.81834,0.90127,0.66815,1.05365,0.83131,1.12379,0.002641,0.002641,0.002641
894,8663.69,1.00445,0.83394,1.08209,0.9344,0.81825,0.90189,0.66798,1.0526,0.83119,1.12336,0.00263275,0.00263275,0.00263275
895,8672.95,1.00474,0.81984,1.07078,0.9344,0.81829,0.90201,0.66885,1.05251,0.83021,1.12351,0.0026245,0.0026245,0.0026245
896,8682.22,1.00049,0.82816,1.07949,0.93439,0.81816,0.90172,0.66882,1.052,0.82878,1.12347,0.00261625,0.00261625,0.00261625
897,8691.7,0.99223,0.81684,1.07668,0.93346,0.81702,0.9013,0.67003,1.05213,0.82796,1.12354,0.002608,0.002608,0.002608
898,8701.52,1.01919,0.84607,1.0771,0.9342,0.81702,0.90164,0.67084,1.05137,0.82701,1.12302,0.00259975,0.00259975,0.00259975
899,8711.36,0.97853,0.80804,1.07396,0.93226,0.81702,0.90172,0.67009,1.0507,0.82633,1.12215,0.0025915,0.0025915,0.0025915
900,8720.86,0.97677,0.80887,1.06067,0.93303,0.81702,0.9004,0.67055,1.05013,0.82615,1.12131,0.00258325,0.00258325,0.00258325
901,8730.17,0.98627,0.79414,1.06755,0.93189,0.81702,0.89973,0.67072,1.04982,0.8263,1.12106,0.002575,0.002575,0.002575
902,8739.53,1.01087,0.83381,1.07548,0.93111,0.81702,0.90034,0.67126,1.04942,0.82567,1.12061,0.00256675,0.00256675,0.00256675
903,8748.96,0.98294,0.82201,1.07298,0.93102,0.81702,0.90056,0.67138,1.04903,0.82486,1.12023,0.0025585,0.0025585,0.0025585
904,8758.56,1.03084,0.84772,1.08301,0.93211,0.8179,0.90063,0.67143,1.04826,0.82441,1.11948,0.00255025,0.00255025,0.00255025
905,8768.25,0.9926,0.81799,1.07532,0.93098,0.81702,0.90083,0.67219,1.04735,0.82368,1.11882,0.002542,0.002542,0.002542
906,8778.01,1.01147,0.83315,1.07281,0.93413,0.81465,0.90183,0.67366,1.04664,0.82309,1.11843,0.00253375,0.00253375,0.00253375
907,8787.74,1.01469,0.83618,1.08812,0.93178,0.81367,0.90079,0.67393,1.04584,0.82295,1.11802,0.0025255,0.0025255,0.0025255
908,8797.42,1.01013,0.84051,1.07516,0.93178,0.81375,0.90099,0.67394,1.04522,0.822,1.11754,0.00251725,0.00251725,0.00251725
909,8807.26,1.00126,0.82448,1.07703,0.93174,0.8132,0.90149,0.67408,1.04499,0.82134,1.11716,0.002509,0.002509,0.002509
910,8817.13,0.98884,0.8049,1.07183,0.9317,0.81261,0.902,0.67367,1.04484,0.82045,1.1169,0.00250075,0.00250075,0.00250075
911,8826.52,1.00734,0.82156,1.08229,0.91655,0.83191,0.90216,0.67491,1.04456,0.81956,1.11648,0.0024925,0.0024925,0.0024925
912,8836.3,0.98605,0.79673,1.06474,0.91692,0.83191,0.9025,0.67596,1.04372,0.8191,1.11601,0.00248425,0.00248425,0.00248425
913,8846.09,0.97488,0.79454,1.05998,0.91889,0.83191,0.90242,0.6762,1.04315,0.8188,1.11559,0.002476,0.002476,0.002476
914,8855.81,1.00247,0.82428,1.07203,0.92967,0.81562,0.90245,0.67765,1.04171,0.8189,1.11494,0.00246775,0.00246775,0.00246775
915,8865.6,0.99043,0.81416,1.07083,0.92756,0.81734,0.90187,0.67809,1.04096,0.81786,1.11465,0.0024595,0.0024595,0.0024595
916,8875.2,0.97801,0.79963,1.07269,0.92754,0.81708,0.90225,0.67816,1.04037,0.81723,1.11409,0.00245125,0.00245125,0.00245125
917,8884.99,0.99813,0.81044,1.07848,0.92901,0.81702,0.90203,0.6781,1.03939,0.81667,1.11341,0.002443,0.002443,0.002443
918,8894.52,0.98293,0.79691,1.06518,0.92969,0.81702,0.90218,0.67805,1.03857,0.81581,1.11304,0.00243475,0.00243475,0.00243475
919,8903.99,1.00341,0.80168,1.06916,0.9297,0.816,0.90211,0.67796,1.03748,0.81489,1.11272,0.0024265,0.0024265,0.0024265
920,8913.42,0.9957,0.80284,1.0669,0.92976,0.81676,0.90227,0.67821,1.03648,0.81416,1.11237,0.00241825,0.00241825,0.00241825
921,8923.2,1.00275,0.8266,1.07171,0.92756,0.81733,0.90241,0.67791,1.03582,0.81343,1.11193,0.00241,0.00241,0.00241
922,8932.7,0.98916,0.82571,1.06982,0.93027,0.81702,0.90247,0.67832,1.03543,0.81311,1.11169,0.00240175,0.00240175,0.00240175
923,8942.53,0.96725,0.78951,1.06297,0.92991,0.81859,0.90267,0.67816,1.03517,0.81228,1.11179,0.0023935,0.0023935,0.0023935
924,8952.12,0.99801,0.81965,1.07519,0.92996,0.81925,0.90284,0.67955,1.03477,0.81167,1.11155,0.00238525,0.00238525,0.00238525
925,8961.91,0.98026,0.7992,1.06535,0.93667,0.81813,0.90262,0.67908,1.03462,0.81138,1.11125,0.002377,0.002377,0.002377
926,8971.56,0.99334,0.80367,1.0734,0.93661,0.81915,0.90254,0.67933,1.03429,0.81078,1.11094,0.00236875,0.00236875,0.00236875
927,8981.05,0.9788,0.80754,1.0654,0.94795,0.81374,0.90235,0.67991,1.03372,0.81048,1.1104,0.0023605,0.0023605,0.0023605
928,8990.83,0.95975,0.77811,1.05784,0.95031,0.81388,0.9032,0.67953,1.03376,0.81034,1.11039,0.00235225,0.00235225,0.00235225
929,9000.41,0.99282,0.80568,1.06879,0.95035,0.81445,0.90364,0.68085,1.03315,0.80986,1.11039,0.002344,0.002344,0.002344
930,9010.12,0.98843,0.82163,1.0719,0.95035,0.8145,0.90397,0.68057,1.03294,0.80915,1.1102,0.00233575,0.00233575,0.00233575
931,9019.63,0.9864,0.81045,1.07319,0.95037,0.81489,0.904,0.68044,1.03202,0.80868,1.10996,0.0023275,0.0023275,0.0023275
932,9029.09,0.98409,0.80305,1.06286,0.94975,0.81489,0.90431,0.68121,1.03141,0.80792,1.10976,0.00231925,0.00231925,0.00231925
933,9038.83,0.99612,0.80968,1.06314,0.95246,0.80999,0.90422,0.68136,1.03108,0.80774,1.10926,0.002311,0.002311,0.002311
934,9048.55,0.95195,0.78848,1.05376,0.95071,0.80851,0.90433,0.68187,1.03052,0.80745,1.10882,0.00230275,0.00230275,0.00230275
935,9058.16,0.98384,0.79377,1.06053,0.95243,0.8094,0.90444,0.68208,1.02999,0.80678,1.1088,0.0022945,0.0022945,0.0022945
936,9067.9,0.97469,0.80771,1.05689,0.95239,0.80861,0.90454,0.68208,1.02953,0.80714,1.10884,0.00228625,0.00228625,0.00228625
937,9077.6,0.97258,0.78401,1.06194,0.95254,0.81142,0.90462,0.68206,1.02923,0.80708,1.10858,0.002278,0.002278,0.002278
938,9087.31,0.98595,0.80694,1.05729,0.93305,0.81915,0.9048,0.68129,1.0289,0.80734,1.10843,0.00226975,0.00226975,0.00226975
939,9096.92,0.93395,0.76807,1.04747,0.93586,0.81915,0.90486,0.68077,1.02837,0.80712,1.10823,0.0022615,0.0022615,0.0022615
940,9106.43,0.97652,0.79831,1.07159,0.93368,0.81915,0.90487,0.68199,1.02799,0.8065,1.10847,0.00225325,0.00225325,0.00225325
941,9116.14,0.99426,0.80125,1.07569,0.93478,0.81915,0.90473,0.68168,1.0272,0.80621,1.10837,0.002245,0.002245,0.002245
942,9125.79,0.98574,0.80409,1.0687,0.93682,0.81915,0.90466,0.68171,1.02689,0.80627,1.10844,0.00223675,0.00223675,0.00223675
943,9135.54,0.98845,0.79867,1.06271,0.93759,0.81915,0.90461,0.6826,1.02639,0.80619,1.10821,0.0022285,0.0022285,0.0022285
944,9145.47,0.96835,0.79857,1.06661,0.93742,0.81915,0.90477,0.68268,1.02577,0.80559,1.10807,0.00222025,0.00222025,0.00222025
945,9155.34,0.95744,0.78437,1.05538,0.95471,0.80735,0.90485,0.68255,1.02565,0.80502,1.1079,0.002212,0.002212,0.002212
946,9164.95,0.96777,0.78053,1.06377,0.95483,0.80955,0.90498,0.68236,1.02514,0.80488,1.10765,0.00220375,0.00220375,0.00220375
947,9174.51,0.97031,0.79329,1.05434,0.95061,0.81896,0.90497,0.68311,1.02463,0.80499,1.10716,0.0021955,0.0021955,0.0021955
948,9184.4,0.97161,0.79152,1.06917,0.95511,0.81483,0.90484,0.68288,1.02419,0.80509,1.10685,0.00218725,0.00218725,0.00218725
949,9193.99,0.97836,0.79882,1.05983,0.95202,0.81702,0.90486,0.68252,1.02374,0.80522,1.10647,0.002179,0.002179,0.002179
950,9203.43,0.97824,0.80164,1.06692,0.95285,0.81687,0.90548,0.68242,1.02323,0.80492,1.10631,0.00217075,0.00217075,0.00217075
951,9212.87,0.96317,0.78738,1.06341,0.95274,0.81488,0.90578,0.68252,1.0227,0.80443,1.10606,0.0021625,0.0021625,0.0021625
952,9222.14,0.96572,0.78672,1.06275,0.95246,0.80998,0.9059,0.68244,1.02239,0.80431,1.10563,0.00215425,0.00215425,0.00215425
953,9231.67,0.96352,0.78734,1.06083,0.95235,0.80787,0.90662,0.68299,1.02192,0.80398,1.10537,0.002146,0.002146,0.002146
954,9241.56,0.97699,0.786,1.05244,0.91044,0.84681,0.90676,0.68371,1.02132,0.80391,1.10518,0.00213775,0.00213775,0.00213775
955,9251.41,0.95571,0.78643,1.05172,0.91082,0.84753,0.90706,0.68434,1.02102,0.80366,1.10504,0.0021295,0.0021295,0.0021295
956,9261.1,0.95141,0.77936,1.05031,0.91091,0.84841,0.90696,0.68383,1.02038,0.80386,1.10447,0.00212125,0.00212125,0.00212125
957,9270.72,0.95474,0.7787,1.05995,0.9109,0.84836,0.90697,0.6841,1.02033,0.80328,1.10428,0.002113,0.002113,0.002113
958,9280.18,0.97747,0.80597,1.06134,0.92269,0.83802,0.90705,0.68365,1.02018,0.80336,1.10397,0.00210475,0.00210475,0.00210475
959,9289.63,0.96105,0.77394,1.05073,0.92237,0.83422,0.90698,0.68395,1.02011,0.80349,1.10392,0.0020965,0.0020965,0.0020965
960,9299.15,0.94876,0.76467,1.05851,0.91047,0.84894,0.90702,0.68482,1.01983,0.80354,1.10387,0.00208825,0.00208825,0.00208825
961,9308.92,0.95281,0.77106,1.05101,0.91426,0.84894,0.90699,0.68523,1.01956,0.80343,1.10394,0.00208,0.00208,0.00208
962,9318.73,0.95592,0.77721,1.05518,0.91468,0.84894,0.907,0.68611,1.01917,0.80353,1.1037,0.00207175,0.00207175,0.00207175
963,9328.51,0.95372,0.77426,1.05184,0.91463,0.84894,0.90644,0.68642,1.01883,0.80372,1.10349,0.0020635,0.0020635,0.0020635
964,9338.2,0.96223,0.77904,1.06032,0.91458,0.84894,0.90627,0.68661,1.01871,0.80378,1.10344,0.00205525,0.00205525,0.00205525
965,9348.03,0.96534,0.79907,1.0626,0.91295,0.84796,0.9062,0.68633,1.0182,0.80374,1.10315,0.002047,0.002047,0.002047
966,9357.58,0.97185,0.79115,1.05701,0.91495,0.84694,0.90658,0.68623,1.01818,0.80319,1.10307,0.00203875,0.00203875,0.00203875
967,9367.11,0.95109,0.77633,1.05552,0.91803,0.84468,0.90643,0.68644,1.01806,0.80241,1.1028,0.0020305,0.0020305,0.0020305
968,9376.6,0.94996,0.78132,1.04734,0.91738,0.84468,0.90647,0.68648,1.01756,0.80225,1.10271,0.00202225,0.00202225,0.00202225
969,9386.11,0.96751,0.79186,1.05809,0.91495,0.84694,0.90641,0.68575,1.01735,0.80218,1.10256,0.002014,0.002014,0.002014
970,9395.68,0.94046,0.76828,1.05244,0.91495,0.84685,0.90629,0.68615,1.01723,0.80181,1.10248,0.00200575,0.00200575,0.00200575
971,9405.23,0.95605,0.77285,1.05693,0.91435,0.84894,0.90625,0.68599,1.01707,0.80153,1.10235,0.0019975,0.0019975,0.0019975
972,9414.89,0.95568,0.78115,1.048,0.91412,0.84894,0.90629,0.68605,1.0171,0.80114,1.10218,0.00198925,0.00198925,0.00198925
973,9424.48,0.96039,0.79378,1.05649,0.91289,0.84732,0.90684,0.68602,1.01675,0.80115,1.10205,0.001981,0.001981,0.001981
974,9434.08,0.96725,0.77471,1.06118,0.91297,0.84811,0.90669,0.6857,1.01624,0.80055,1.10181,0.00197275,0.00197275,0.00197275
975,9443.61,0.9539,0.77614,1.05168,0.91167,0.84681,0.9068,0.6862,1.01589,0.80079,1.10177,0.0019645,0.0019645,0.0019645
976,9452.97,0.9565,0.77172,1.05222,0.91504,0.84782,0.90691,0.6863,1.01584,0.80075,1.10152,0.00195625,0.00195625,0.00195625
977,9462.45,0.9429,0.75698,1.04874,0.91504,0.84787,0.90716,0.68682,1.01552,0.80091,1.10135,0.001948,0.001948,0.001948
978,9472.22,0.93462,0.75632,1.04546,0.915,0.84747,0.90725,0.68801,1.01523,0.80045,1.10111,0.00193975,0.00193975,0.00193975
979,9482.12,0.94736,0.78479,1.0439,0.91722,0.84866,0.90743,0.68852,1.01485,0.80022,1.1012,0.0019315,0.0019315,0.0019315
980,9492.09,0.95757,0.78601,1.05495,0.91714,0.84894,0.90737,0.68809,1.01469,0.79984,1.10102,0.00192325,0.00192325,0.00192325
981,9501.76,0.95718,0.78033,1.05879,0.91722,0.84868,0.90748,0.68849,1.01426,0.80037,1.10102,0.001915,0.001915,0.001915
982,9511.33,0.92743,0.75641,1.03987,0.91546,0.84681,0.9076,0.68831,1.01417,0.80023,1.10073,0.00190675,0.00190675,0.00190675
983,9520.91,0.9305,0.76689,1.05374,0.91495,0.84681,0.90766,0.68904,1.0139,0.79979,1.1007,0.0018985,0.0018985,0.0018985
984,9530.64,0.95421,0.77384,1.06089,0.91507,0.84894,0.90786,0.68876,1.01329,0.79968,1.1003,0.00189025,0.00189025,0.00189025
985,9540.22,0.92451,0.76335,1.04525,0.91487,0.84894,0.90796,0.68849,1.01301,0.7993,1.1,0.001882,0.001882,0.001882
986,9549.66,0.92768,0.74773,1.04469,0.91483,0.84894,0.90773,0.68877,1.01279,0.79904,1.09987,0.00187375,0.00187375,0.00187375
987,9559.29,0.94147,0.75763,1.04696,0.91514,0.84891,0.90775,0.68839,1.01232,0.79853,1.09961,0.0018655,0.0018655,0.0018655
988,9568.76,0.93238,0.76168,1.03831,0.91502,0.84763,0.9077,0.68856,1.01169,0.7982,1.09923,0.00185725,0.00185725,0.00185725
989,9578.27,0.94168,0.75331,1.04549,0.91436,0.84681,0.90772,0.68858,1.0114,0.79752,1.09885,0.001849,0.001849,0.001849
990,9587.89,0.93204,0.75143,1.04222,0.91449,0.84681,0.90769,0.6888,1.01085,0.79632,1.09853,0.00184075,0.00184075,0.00184075
991,9597.21,0.93868,0.75842,1.05177,0.91483,0.84468,0.90773,0.68933,1.01048,0.79519,1.09836,0.0018325,0.0018325,0.0018325
992,9607.09,0.96267,0.77506,1.05188,0.91501,0.84468,0.90782,0.68958,1.00997,0.79439,1.098,0.00182425,0.00182425,0.00182425
993,9616.78,0.9376,0.75594,1.04022,0.91885,0.84324,0.90802,0.6898,1.00984,0.79352,1.09776,0.001816,0.001816,0.001816
994,9626.57,0.93151,0.75874,1.04988,0.91881,0.84278,0.90814,0.69006,1.00914,0.79319,1.0974,0.00180775,0.00180775,0.00180775
995,9636.41,0.96089,0.77609,1.06028,0.91893,0.84407,0.90821,0.69017,1.00871,0.79273,1.09743,0.0017995,0.0017995,0.0017995
996,9646.05,0.93085,0.76531,1.04349,0.91888,0.84043,0.90833,0.69041,1.00834,0.79221,1.0971,0.00179125,0.00179125,0.00179125
997,9656.01,0.92326,0.75579,1.03784,0.92147,0.84043,0.90849,0.69051,1.00802,0.79208,1.09715,0.001783,0.001783,0.001783
998,9665.83,0.91527,0.74122,1.04214,0.92447,0.84043,0.9087,0.69031,1.00779,0.79166,1.09724,0.00177475,0.00177475,0.00177475
999,9675.5,0.93364,0.75456,1.05225,0.92475,0.84043,0.90899,0.69054,1.00755,0.79173,1.0973,0.0017665,0.0017665,0.0017665
1000,9685.4,0.92681,0.74814,1.03107,0.92503,0.84012,0.90917,0.69015,1.00711,0.79151,1.09731,0.00175825,0.00175825,0.00175825
1001,9694.86,0.94841,0.76051,1.0391,0.92501,0.8398,0.90922,0.68995,1.00695,0.79098,1.09685,0.00175,0.00175,0.00175
1002,9704.24,0.94334,0.77296,1.04295,0.92719,0.83991,0.90941,0.69013,1.00657,0.79128,1.09676,0.00174175,0.00174175,0.00174175
1003,9713.55,0.94135,0.76729,1.04979,0.92596,0.8383,0.90926,0.69003,1.00626,0.79077,1.09655,0.0017335,0.0017335,0.0017335
1004,9722.99,0.91478,0.72938,1.03696,0.92816,0.8383,0.90932,0.69032,1.006,0.79075,1.09624,0.00172525,0.00172525,0.00172525
1005,9732.35,0.95877,0.77928,1.05122,0.9249,0.8383,0.90923,0.69018,1.00562,0.78976,1.09584,0.001717,0.001717,0.001717
1006,9741.68,0.9344,0.74885,1.0315,0.92516,0.8383,0.90916,0.69031,1.00515,0.7894,1.09562,0.00170875,0.00170875,0.00170875
1007,9751.18,0.92682,0.74333,1.02816,0.95262,0.81284,0.90851,0.69008,1.00491,0.7892,1.09565,0.0017005,0.0017005,0.0017005
1008,9760.68,0.9347,0.75857,1.04106,0.95485,0.81003,0.90865,0.69048,1.00447,0.78874,1.09543,0.00169225,0.00169225,0.00169225
1009,9770.19,0.93449,0.75389,1.04755,0.95371,0.81277,0.90858,0.69089,1.0043,0.78857,1.0952,0.001684,0.001684,0.001684
1010,9779.85,0.92925,0.74387,1.04113,0.95313,0.81277,0.90858,0.69038,1.00389,0.78848,1.09484,0.00167575,0.00167575,0.00167575
1011,9789.32,0.92037,0.75156,1.0348,0.95264,0.81314,0.91016,0.68995,1.0036,0.78784,1.09508,0.0016675,0.0016675,0.0016675
1012,9798.81,0.91034,0.72655,1.03249,0.95989,0.80851,0.9095,0.69012,1.00315,0.78776,1.09474,0.00165925,0.00165925,0.00165925
1013,9808.24,0.91659,0.74699,1.03385,0.95888,0.80851,0.91036,0.69051,1.00273,0.78714,1.09437,0.001651,0.001651,0.001651
1014,9817.71,0.91958,0.74379,1.03595,0.96304,0.80851,0.90954,0.69044,1.00234,0.78672,1.09419,0.00164275,0.00164275,0.00164275
1015,9827.21,0.93284,0.75188,1.04148,0.96328,0.80851,0.90957,0.69092,1.002,0.78583,1.09438,0.0016345,0.0016345,0.0016345
1016,9836.96,0.93622,0.76272,1.03717,0.96354,0.80851,0.9096,0.69078,1.00168,0.78596,1.09407,0.00162625,0.00162625,0.00162625
1017,9846.41,0.91426,0.74683,1.03447,0.96378,0.80851,0.90961,0.69099,1.00151,0.78537,1.09383,0.001618,0.001618,0.001618
1018,9856.1,0.9308,0.76702,1.04378,0.96358,0.80851,0.90973,0.69168,1.00129,0.78495,1.09353,0.00160975,0.00160975,0.00160975
1019,9865.82,0.9368,0.77272,1.05124,0.96404,0.80851,0.90981,0.69177,1.00077,0.78441,1.09331,0.0016015,0.0016015,0.0016015
1020,9875.55,0.92778,0.74697,1.04189,0.96442,0.80851,0.90983,0.6917,1.0002,0.78417,1.0929,0.00159325,0.00159325,0.00159325
1021,9885.03,0.90414,0.72539,1.03141,0.96446,0.80823,0.90985,0.69208,1.00013,0.78425,1.09297,0.001585,0.001585,0.001585
1022,9894.42,0.92845,0.75749,1.04202,0.96445,0.8082,0.90987,0.69171,0.99995,0.78396,1.09274,0.00157675,0.00157675,0.00157675
1023,9903.91,0.91267,0.73346,1.03439,0.96443,0.80756,0.90986,0.69167,0.9998,0.78333,1.09254,0.0015685,0.0015685,0.0015685
1024,9913.43,0.91654,0.74123,1.04219,0.96443,0.80769,0.90934,0.69234,0.99967,0.78272,1.09238,0.00156025,0.00156025,0.00156025
1025,9923.12,0.90251,0.73166,1.03582,0.96443,0.80774,0.90952,0.69264,0.99934,0.78253,1.09221,0.001552,0.001552,0.001552
1026,9932.86,0.89605,0.71896,1.02993,0.96442,0.80748,0.90966,0.69301,0.99897,0.78254,1.09201,0.00154375,0.00154375,0.00154375
1027,9942.57,0.91861,0.74258,1.03576,0.96443,0.80753,0.9098,0.69304,0.99887,0.78201,1.09201,0.0015355,0.0015355,0.0015355
1028,9952.35,0.91875,0.73815,1.03946,0.96442,0.80749,0.9098,0.69362,0.99854,0.78139,1.09192,0.00152725,0.00152725,0.00152725
1029,9962.12,0.91102,0.73744,1.03449,0.96442,0.80733,0.90994,0.69432,0.99842,0.78089,1.09182,0.001519,0.001519,0.001519
1030,9971.84,0.90394,0.73703,1.03455,0.96443,0.80765,0.90999,0.69431,0.9983,0.78054,1.09173,0.00151075,0.00151075,0.00151075
1031,9981.01,0.90754,0.7246,1.02285,0.96444,0.8079,0.90992,0.69433,0.9984,0.78003,1.09165,0.0015025,0.0015025,0.0015025
1032,9990.65,0.91747,0.7384,1.03593,0.96448,0.8089,0.90999,0.69435,0.99837,0.78009,1.09159,0.00149425,0.00149425,0.00149425
1033,10000.4,0.90992,0.74242,1.03477,0.96471,0.81431,0.91001,0.69433,0.99822,0.77964,1.09144,0.001486,0.001486,0.001486
1034,10009.8,0.91157,0.76281,1.04513,0.96462,0.81204,0.90999,0.69414,0.99805,0.77959,1.09133,0.00147775,0.00147775,0.00147775
1035,10019.2,0.8962,0.73159,1.03258,0.96458,0.81107,0.90997,0.69418,0.99763,0.77942,1.09097,0.0014695,0.0014695,0.0014695
1036,10028.7,0.90451,0.73332,1.0338,0.96465,0.81286,0.90994,0.69405,0.9976,0.77936,1.0909,0.00146125,0.00146125,0.00146125
1037,10038.1,0.90976,0.74251,1.04089,0.9646,0.81175,0.90956,0.6947,0.99714,0.77933,1.09065,0.001453,0.001453,0.001453
1038,10047.8,0.93001,0.74473,1.03846,0.96482,0.81683,0.90937,0.69473,0.99687,0.77921,1.09038,0.00144475,0.00144475,0.00144475
1039,10057.5,0.89906,0.73916,1.03114,0.96454,0.81035,0.90937,0.69433,0.99673,0.77868,1.09021,0.0014365,0.0014365,0.0014365
1040,10066.9,0.92244,0.74419,1.04239,0.96453,0.80998,0.90933,0.69486,0.99669,0.77863,1.09018,0.00142825,0.00142825,0.00142825
1041,10076.7,0.92972,0.75744,1.03849,0.96146,0.81702,0.90934,0.69445,0.99642,0.77852,1.09013,0.00142,0.00142,0.00142
1042,10086.1,0.90411,0.73618,1.03076,0.9621,0.81702,0.90939,0.69444,0.99685,0.77873,1.08978,0.00141175,0.00141175,0.00141175
1043,10095.5,0.92123,0.75437,1.04049,0.96944,0.81,0.90942,0.69391,0.99668,0.77913,1.08947,0.0014035,0.0014035,0.0014035
1044,10104.9,0.89234,0.72752,1.0289,0.96471,0.81702,0.90956,0.69445,0.99643,0.77886,1.0893,0.00139525,0.00139525,0.00139525
1045,10114.4,0.8915,0.7249,1.02772,0.96249,0.81896,0.90926,0.69454,0.99643,0.7793,1.08932,0.001387,0.001387,0.001387
1046,10123.9,0.90057,0.72255,1.0287,0.96406,0.81702,0.90946,0.69455,0.99583,0.77916,1.0892,0.00137875,0.00137875,0.00137875
1047,10133.4,0.89719,0.72899,1.02258,0.96082,0.81702,0.90937,0.69462,0.9959,0.77961,1.08893,0.0013705,0.0013705,0.0013705
1048,10142.9,0.90383,0.72355,1.03189,0.96268,0.81702,0.90935,0.69473,0.99588,0.77923,1.08881,0.00136225,0.00136225,0.00136225
1049,10152.3,0.9102,0.73724,1.03287,0.96011,0.81934,0.90927,0.69476,0.99557,0.7796,1.08861,0.001354,0.001354,0.001354
1050,10161.7,0.8879,0.71726,1.02658,0.96011,0.81938,0.90914,0.69465,0.99536,0.7796,1.08849,0.00134575,0.00134575,0.00134575
1051,10171,0.90405,0.71865,1.03182,0.96011,0.81944,0.90912,0.69412,0.99532,0.77937,1.08846,0.0013375,0.0013375,0.0013375
1052,10180.1,0.90914,0.7358,1.03481,0.96011,0.81934,0.9091,0.69444,0.99508,0.77935,1.08862,0.00132925,0.00132925,0.00132925
1053,10189.5,0.88504,0.7165,1.02536,0.96758,0.81702,0.90911,0.69409,0.99482,0.77919,1.0885,0.001321,0.001321,0.001321
1054,10199,0.90253,0.74173,1.03148,0.96726,0.81915,0.90917,0.69455,0.99517,0.77889,1.08814,0.00131275,0.00131275,0.00131275
1055,10208.4,0.90626,0.74861,1.03447,0.96912,0.81915,0.90909,0.69449,0.99508,0.77883,1.08805,0.0013045,0.0013045,0.0013045
1056,10217.8,0.91416,0.74905,1.03706,0.96732,0.81915,0.90917,0.69437,0.99494,0.77903,1.08776,0.00129625,0.00129625,0.00129625
1057,10227,0.87545,0.7128,1.02596,0.96775,0.81915,0.9092,0.69492,0.99472,0.77902,1.08761,0.001288,0.001288,0.001288
1058,10236.8,0.88749,0.7259,1.03296,0.96014,0.81994,0.90915,0.69447,0.99437,0.7791,1.08748,0.00127975,0.00127975,0.00127975
1059,10246.2,0.86187,0.68729,1.00644,0.96013,0.81985,0.90911,0.69442,0.99429,0.77919,1.0873,0.0012715,0.0012715,0.0012715
1060,10255.6,0.90044,0.71704,1.01864,0.96013,0.81983,0.90912,0.69518,0.99416,0.77884,1.08703,0.00126325,0.00126325,0.00126325
1061,10265.3,0.89123,0.72594,1.02385,0.96013,0.81983,0.90926,0.69555,0.99409,0.77841,1.08687,0.001255,0.001255,0.001255
1062,10275,0.87094,0.70267,1.0175,0.96012,0.81968,0.90926,0.69602,0.99394,0.7782,1.08681,0.00124675,0.00124675,0.00124675
1063,10284.2,0.89281,0.72373,1.02771,0.96012,0.81965,0.90924,0.69555,0.99373,0.77846,1.0865,0.0012385,0.0012385,0.0012385
1064,10293.6,0.87824,0.72559,1.01994,0.96013,0.81976,0.90934,0.6961,0.99342,0.77807,1.08648,0.00123025,0.00123025,0.00123025
1065,10303.4,0.90037,0.73682,1.02557,0.96012,0.81965,0.90935,0.69643,0.99321,0.77766,1.08604,0.001222,0.001222,0.001222
1066,10313.1,0.90862,0.72218,1.03145,0.96011,0.81942,0.90925,0.69638,0.9928,0.77755,1.08588,0.00121375,0.00121375,0.00121375
1067,10322.6,0.88146,0.696,1.01619,0.9601,0.81924,0.90922,0.69659,0.99259,0.77742,1.08566,0.0012055,0.0012055,0.0012055
1068,10332.2,0.89909,0.73133,1.02614,0.96731,0.81841,0.90934,0.69647,0.99214,0.77688,1.08536,0.00119725,0.00119725,0.00119725
1069,10341.7,0.8859,0.7189,1.01812,0.9659,0.81702,0.90946,0.6966,0.99188,0.77686,1.08514,0.001189,0.001189,0.001189
1070,10351.5,0.90869,0.74132,1.03051,0.9667,0.81702,0.90963,0.6969,0.99175,0.7761,1.08493,0.00118075,0.00118075,0.00118075
1071,10361.2,0.88904,0.73187,1.02694,0.96716,0.81702,0.9096,0.69709,0.99142,0.77594,1.08466,0.0011725,0.0011725,0.0011725
1072,10371.1,0.90887,0.7477,1.03525,0.96725,0.81702,0.90971,0.69733,0.99108,0.77538,1.08459,0.00116425,0.00116425,0.00116425
1073,10380.9,0.88296,0.72132,1.02347,0.96664,0.81702,0.90965,0.69745,0.99084,0.775,1.08424,0.001156,0.001156,0.001156
1074,10390.6,0.87574,0.71795,1.02029,0.9666,0.81702,0.90962,0.69766,0.99044,0.77496,1.08382,0.00114775,0.00114775,0.00114775
1075,10400.3,0.8701,0.70954,1.0169,0.96664,0.81702,0.90959,0.6972,0.99019,0.77462,1.08361,0.0011395,0.0011395,0.0011395
1076,10409.7,0.89195,0.72237,1.02779,0.96657,0.81702,0.90955,0.69745,0.98989,0.77451,1.08349,0.00113125,0.00113125,0.00113125
1077,10419.2,0.89655,0.7163,1.02081,0.96725,0.81702,0.90947,0.69746,0.98953,0.77461,1.08312,0.001123,0.001123,0.001123
1078,10428.7,0.88396,0.70766,1.01532,0.96715,0.81702,0.90947,0.69674,0.98938,0.77443,1.08306,0.00111475,0.00111475,0.00111475
1079,10438.1,0.85848,0.70713,1.01556,0.96693,0.81702,0.90944,0.69658,0.98893,0.77411,1.08293,0.0011065,0.0011065,0.0011065
1080,10447.5,0.89479,0.72206,1.03232,0.96713,0.81702,0.90951,0.69656,0.98872,0.7741,1.08276,0.00109825,0.00109825,0.00109825
1081,10457.1,0.87578,0.71909,1.02038,0.96722,0.81608,0.90896,0.69664,0.98846,0.77387,1.0826,0.00109,0.00109,0.00109
1082,10466.6,0.89518,0.73064,1.03356,0.96744,0.81489,0.90896,0.69647,0.98833,0.77373,1.08252,0.00108175,0.00108175,0.00108175
1083,10476.1,0.89911,0.71853,1.0204,0.96968,0.81657,0.90896,0.6966,0.98837,0.77339,1.08238,0.0010735,0.0010735,0.0010735
1084,10485.6,0.86111,0.70496,1.0168,0.96953,0.81702,0.90894,0.69693,0.98797,0.77323,1.08206,0.00106525,0.00106525,0.00106525
1085,10495.1,0.8541,0.68352,1.00757,0.96968,0.81651,0.90882,0.69653,0.98799,0.77292,1.08214,0.001057,0.001057,0.001057
1086,10504.5,0.86149,0.70286,1.0208,0.96968,0.81668,0.90891,0.69713,0.98781,0.77296,1.08198,0.00104875,0.00104875,0.00104875
1087,10514,0.89591,0.72736,1.02677,0.96971,0.81735,0.90877,0.69684,0.98762,0.77251,1.08188,0.0010405,0.0010405,0.0010405
1088,10523.5,0.86745,0.7044,1.01628,0.96971,0.8175,0.90871,0.69723,0.98755,0.7725,1.08183,0.00103225,0.00103225,0.00103225
1089,10533,0.86274,0.69559,1.0099,0.96969,0.81692,0.90872,0.69733,0.9874,0.77235,1.08175,0.001024,0.001024,0.001024
1090,10542.5,0.87178,0.70376,1.01214,0.96969,0.81693,0.90884,0.69759,0.98696,0.77224,1.0813,0.00101575,0.00101575,0.00101575
1091,10552,0.84583,0.68783,1.01944,0.96948,0.82128,0.90886,0.6975,0.98665,0.77225,1.08124,0.0010075,0.0010075,0.0010075
1092,10561.3,0.85838,0.70655,1.01136,0.96946,0.82128,0.90888,0.69749,0.98627,0.77257,1.08113,0.00099925,0.00099925,0.00099925
1093,10570.6,0.88164,0.71846,1.02276,0.96923,0.82128,0.90902,0.69803,0.98604,0.77231,1.08106,0.000991,0.000991,0.000991
1094,10580.1,0.86897,0.7039,1.02365,0.96886,0.82128,0.90901,0.69804,0.98605,0.77207,1.08076,0.00098275,0.00098275,0.00098275
1095,10589.8,0.882,0.70632,1.01458,0.96891,0.82128,0.90886,0.69836,0.98587,0.77215,1.0806,0.0009745,0.0009745,0.0009745
1096,10599.5,0.87922,0.70797,1.02106,0.96893,0.82128,0.90887,0.69865,0.98573,0.77168,1.08043,0.00096625,0.00096625,0.00096625
1097,10609.2,0.88294,0.71013,1.01989,0.96899,0.82128,0.9106,0.69804,0.98548,0.77139,1.08027,0.000958,0.000958,0.000958
1098,10618.7,0.86605,0.69839,1.01474,0.969,0.82128,0.90908,0.69791,0.98545,0.77086,1.08036,0.00094975,0.00094975,0.00094975
1099,10628,0.85416,0.69799,1.0102,0.96899,0.82128,0.91052,0.69823,0.98507,0.77074,1.0802,0.0009415,0.0009415,0.0009415
1100,10637.3,0.88424,0.70214,1.0168,0.96892,0.82128,0.91056,0.69861,0.98482,0.77096,1.08004,0.00093325,0.00093325,0.00093325
1101,10647.1,0.87339,0.70638,1.01336,0.96881,0.82128,0.91081,0.6981,0.98469,0.77095,1.08002,0.000925,0.000925,0.000925
1102,10656.6,0.86254,0.69752,1.01446,0.96858,0.82128,0.9108,0.69773,0.98465,0.77068,1.07988,0.00091675,0.00091675,0.00091675
1103,10666.2,0.86611,0.70267,1.02181,0.96864,0.82128,0.91145,0.69765,0.98439,0.77067,1.07979,0.0009085,0.0009085,0.0009085
1104,10675.6,0.86834,0.70377,1.01574,0.96871,0.82128,0.91144,0.69758,0.9842,0.77061,1.07964,0.00090025,0.00090025,0.00090025
1105,10685.1,0.86529,0.70844,1.00863,0.96864,0.82128,0.91152,0.69789,0.98385,0.77036,1.0795,0.000892,0.000892,0.000892
1106,10694.6,0.85007,0.68365,1.00499,0.96878,0.82128,0.91146,0.69827,0.98391,0.77002,1.07942,0.00088375,0.00088375,0.00088375
1107,10704.1,0.8887,0.7173,1.02891,0.96879,0.82128,0.91151,0.69779,0.98368,0.76982,1.07924,0.0008755,0.0008755,0.0008755
1108,10713.5,0.84105,0.68794,1.00511,0.96891,0.82128,0.91135,0.6982,0.98338,0.77006,1.07914,0.00086725,0.00086725,0.00086725
1109,10722.9,0.86725,0.6992,1.01313,0.96883,0.82128,0.91146,0.69764,0.98314,0.76985,1.07905,0.000859,0.000859,0.000859
1110,10732.3,0.86348,0.69961,1.01777,0.96882,0.82128,0.91154,0.69737,0.98322,0.7696,1.079,0.00085075,0.00085075,0.00085075
1111,10741.4,0.85671,0.69126,1.0057,0.96915,0.82128,0.9116,0.69709,0.98296,0.76964,1.07884,0.0008425,0.0008425,0.0008425
1112,10750.6,0.87943,0.71633,1.01525,0.96909,0.82128,0.91168,0.69744,0.98291,0.76959,1.07877,0.00083425,0.00083425,0.00083425
1113,10760.2,0.85474,0.69784,1.01419,0.96906,0.82128,0.91159,0.69785,0.98273,0.76933,1.07866,0.000826,0.000826,0.000826
1114,10769.6,0.85564,0.69309,1.01077,0.96911,0.82128,0.91158,0.69775,0.98254,0.76921,1.07861,0.00081775,0.00081775,0.00081775
1115,10779.2,0.85036,0.68151,1.00537,0.96923,0.82128,0.91155,0.69781,0.98215,0.76906,1.07847,0.0008095,0.0008095,0.0008095
1116,10788.8,0.85012,0.69168,1.01292,0.96925,0.82128,0.91162,0.69786,0.98199,0.76897,1.07835,0.00080125,0.00080125,0.00080125
1117,10798.2,0.86544,0.70728,1.01655,0.96923,0.82128,0.91177,0.69791,0.98188,0.7689,1.07826,0.000793,0.000793,0.000793
1118,10807.4,0.84586,0.68948,1.00779,0.96884,0.82128,0.91182,0.69813,0.98172,0.76866,1.07839,0.00078475,0.00078475,0.00078475
1119,10816.8,0.85773,0.695,1.02148,0.96925,0.82128,0.91195,0.69823,0.9815,0.76876,1.07821,0.0007765,0.0007765,0.0007765
1120,10826.3,0.84694,0.68408,1.00681,0.96937,0.82128,0.91196,0.69826,0.98149,0.76847,1.07826,0.00076825,0.00076825,0.00076825
1121,10835.9,0.8562,0.69884,1.01534,0.96933,0.82128,0.91201,0.69816,0.98117,0.76832,1.07815,0.00076,0.00076,0.00076
1122,10845.1,0.8412,0.68557,1.00295,0.96927,0.82128,0.912,0.69788,0.98098,0.76845,1.07798,0.00075175,0.00075175,0.00075175
1123,10854.4,0.85662,0.69901,1.01344,0.96986,0.8217,0.91198,0.69796,0.98082,0.76818,1.07798,0.0007435,0.0007435,0.0007435
1124,10863.8,0.84795,0.67634,1.01449,0.96987,0.82175,0.91202,0.69802,0.98057,0.76843,1.07765,0.00073525,0.00073525,0.00073525
1125,10873.3,0.85483,0.69242,1.00984,0.96986,0.82167,0.91204,0.69806,0.98039,0.76835,1.07754,0.000727,0.000727,0.000727
1126,10882.7,0.84503,0.67689,1.00222,0.96986,0.82145,0.91206,0.69812,0.98025,0.76823,1.07736,0.00071875,0.00071875,0.00071875
1127,10892.1,0.85723,0.70557,1.00963,0.96986,0.82153,0.91209,0.6982,0.98022,0.76809,1.07741,0.0007105,0.0007105,0.0007105
1128,10901.5,0.85494,0.69133,1.00842,0.96985,0.82137,0.91211,0.69822,0.97997,0.7677,1.07726,0.00070225,0.00070225,0.00070225
1129,10911,0.85527,0.69375,1.00939,0.96985,0.82131,0.91215,0.69851,0.9799,0.7676,1.07721,0.000694,0.000694,0.000694
1130,10920.8,0.86383,0.7076,1.01831,0.96985,0.82144,0.91213,0.69851,0.97977,0.76762,1.07719,0.00068575,0.00068575,0.00068575
1131,10930.5,0.84426,0.69441,1.00351,0.96985,0.82136,0.91212,0.69815,0.97953,0.76759,1.07707,0.0006775,0.0006775,0.0006775
1132,10940,0.85697,0.71155,1.01464,0.96984,0.82099,0.91203,0.69843,0.9796,0.76712,1.07695,0.00066925,0.00066925,0.00066925
1133,10949.5,0.86678,0.70499,1.01927,0.96984,0.8209,0.91221,0.69818,0.97959,0.76704,1.07692,0.000661,0.000661,0.000661
1134,10958.8,0.85053,0.68387,1.00989,0.96982,0.8205,0.91191,0.69811,0.97953,0.76652,1.07689,0.00065275,0.00065275,0.00065275
1135,10968.2,0.84611,0.69999,1.00817,0.96982,0.8205,0.91208,0.69804,0.97935,0.76664,1.07675,0.0006445,0.0006445,0.0006445
1136,10977.7,0.86386,0.6948,1.01164,0.96981,0.82014,0.91211,0.6985,0.97908,0.76654,1.07657,0.00063625,0.00063625,0.00063625
1137,10987.1,0.84995,0.67783,1.01006,0.9698,0.81998,0.91206,0.69876,0.97903,0.7663,1.07654,0.000628,0.000628,0.000628
1138,10996.9,0.84799,0.6857,1.01219,0.9698,0.81999,0.91209,0.69874,0.97892,0.76636,1.07645,0.00061975,0.00061975,0.00061975
1139,11006.4,0.84366,0.68144,1.00444,0.9698,0.81988,0.91212,0.69878,0.97899,0.76638,1.07637,0.0006115,0.0006115,0.0006115
1140,11016.2,0.85915,0.68276,1.01359,0.9698,0.81994,0.91197,0.69886,0.97869,0.76627,1.07633,0.00060325,0.00060325,0.00060325
1141,11026,0.84938,0.68598,1.00374,0.96981,0.82011,0.91205,0.6988,0.97873,0.76622,1.07626,0.000595,0.000595,0.000595
1142,11035.2,0.84626,0.69681,1.00941,0.9698,0.81991,0.91206,0.69881,0.97841,0.7661,1.07602,0.00058675,0.00058675,0.00058675
1143,11044.7,0.84076,0.68193,1.00491,0.9698,0.81982,0.91203,0.69915,0.97826,0.76607,1.07588,0.0005785,0.0005785,0.0005785
1144,11054.4,0.85865,0.69164,1.00737,0.96979,0.81971,0.912,0.6993,0.97837,0.76612,1.07588,0.00057025,0.00057025,0.00057025
1145,11064.3,0.83041,0.66756,1.00802,0.96978,0.81921,0.91197,0.69919,0.97796,0.76587,1.07595,0.000562,0.000562,0.000562
1146,11073.3,0.82398,0.65855,0.99983,0.96983,0.81915,0.91193,0.69963,0.9779,0.76574,1.07588,0.00055375,0.00055375,0.00055375
1147,11083,0.83281,0.68471,1.0077,0.96997,0.81915,0.91189,0.69905,0.97771,0.76579,1.07584,0.0005455,0.0005455,0.0005455
1148,11092.5,0.84304,0.68243,1.00652,0.97,0.81915,0.9121,0.69953,0.9775,0.76556,1.07564,0.00053725,0.00053725,0.00053725
1149,11102,0.81513,0.66788,0.99478,0.97013,0.81915,0.91211,0.69946,0.97735,0.76532,1.0755,0.000529,0.000529,0.000529
1150,11111.5,0.84748,0.67608,1.01236,0.97014,0.81915,0.91216,0.6995,0.97734,0.76532,1.0755,0.00052075,0.00052075,0.00052075
1151,11120.9,0.82364,0.67622,0.99984,0.97017,0.81915,0.91213,0.69984,0.97701,0.76528,1.07539,0.0005125,0.0005125,0.0005125
1152,11130.6,0.80508,0.64638,0.98683,0.97047,0.81915,0.91215,0.70003,0.97697,0.76536,1.07535,0.00050425,0.00050425,0.00050425
1153,11140.3,0.82643,0.66979,0.99181,0.97062,0.81915,0.91222,0.70007,0.977,0.76517,1.07521,0.000496,0.000496,0.000496
1154,11150.1,0.84293,0.69031,1.00387,0.97067,0.81915,0.91219,0.70011,0.977,0.76497,1.07509,0.00048775,0.00048775,0.00048775
1155,11160.1,0.82147,0.67221,1.00004,0.9707,0.81915,0.91205,0.69921,0.97676,0.76495,1.07503,0.0004795,0.0004795,0.0004795
1156,11169.7,0.84748,0.68708,1.00442,0.97226,0.82038,0.91229,0.69925,0.97664,0.76483,1.0748,0.00047125,0.00047125,0.00047125
1157,11179.2,0.83243,0.67984,1.00521,0.97226,0.82042,0.91242,0.69973,0.97652,0.76482,1.07478,0.000463,0.000463,0.000463
1158,11188.7,0.82466,0.66838,1.00083,0.97227,0.8207,0.91241,0.69984,0.97631,0.76468,1.07474,0.00045475,0.00045475,0.00045475
1159,11197.9,0.84101,0.67899,1.01016,0.97227,0.82055,0.91243,0.7,0.97631,0.76465,1.07461,0.0004465,0.0004465,0.0004465
1160,11207.3,0.82484,0.67139,0.99638,0.97227,0.82056,0.91263,0.69989,0.97613,0.76443,1.07454,0.00043825,0.00043825,0.00043825
1161,11216.8,0.84344,0.69237,1.00355,0.97226,0.82038,0.91235,0.70007,0.9761,0.76444,1.0745,0.00043,0.00043,0.00043
1162,11226.3,0.80523,0.65942,0.99485,0.97226,0.82037,0.91252,0.69973,0.97604,0.76449,1.07436,0.00042175,0.00042175,0.00042175
1163,11235.8,0.8329,0.68528,1.00294,0.97066,0.81915,0.91255,0.6998,0.97585,0.7642,1.07429,0.0004135,0.0004135,0.0004135
1164,11245.1,0.82298,0.67223,1.00147,0.97081,0.81915,0.91258,0.6997,0.97586,0.7642,1.07428,0.00040525,0.00040525,0.00040525
1165,11254.5,0.82703,0.67567,1.0049,0.97081,0.81915,0.91258,0.69972,0.97556,0.76397,1.0741,0.000397,0.000397,0.000397
1166,11264,0.82478,0.67418,0.99413,0.97071,0.81915,0.91256,0.69992,0.97543,0.76392,1.07399,0.00038875,0.00038875,0.00038875
1167,11273.4,0.84111,0.69507,1.00505,0.97043,0.81915,0.9126,0.69979,0.97535,0.76379,1.07395,0.0003805,0.0003805,0.0003805
1168,11282.8,0.80105,0.65313,0.98795,0.97116,0.81915,0.91265,0.70001,0.97524,0.76373,1.07385,0.00037225,0.00037225,0.00037225
1169,11292.2,0.85857,0.69987,1.01366,0.97055,0.81915,0.91253,0.69991,0.97523,0.76377,1.07377,0.000364,0.000364,0.000364
1170,11301.7,0.80136,0.64632,0.98857,0.97137,0.81915,0.91263,0.70004,0.97558,0.76255,1.07394,0.00035575,0.00035575,0.00035575
1171,11311.2,0.82639,0.67797,1.00222,0.97108,0.81915,0.91267,0.69983,0.97536,0.76247,1.07396,0.0003475,0.0003475,0.0003475
1172,11320.6,0.83018,0.66774,1.00113,0.96978,0.81946,0.91271,0.70004,0.975,0.76253,1.07377,0.00033925,0.00033925,0.00033925
1173,11330.1,0.82849,0.66342,1.00042,0.96978,0.81947,0.9127,0.69979,0.97512,0.76237,1.07361,0.000331,0.000331,0.000331
1174,11339.6,0.83244,0.67024,0.99475,0.96974,0.81812,0.91271,0.70004,0.97511,0.76208,1.0736,0.00032275,0.00032275,0.00032275
1175,11349,0.84081,0.69575,1.01016,0.96971,0.81702,0.9128,0.69955,0.97498,0.762,1.07348,0.0003145,0.0003145,0.0003145
1176,11358.6,0.83715,0.68364,1.00257,0.96985,0.8213,0.91287,0.69963,0.97493,0.7619,1.07348,0.00030625,0.00030625,0.00030625
1177,11368.1,0.83135,0.67411,1.00232,0.96983,0.82065,0.91284,0.69997,0.97484,0.76177,1.07341,0.000298,0.000298,0.000298
1178,11377.6,0.83584,0.68053,1.0072,0.96985,0.82121,0.91278,0.69944,0.97483,0.76174,1.0734,0.00028975,0.00028975,0.00028975
1179,11387.1,0.81485,0.6631,0.99592,0.96985,0.82135,0.91286,0.70038,0.9747,0.7615,1.07329,0.0002815,0.0002815,0.0002815
1180,11396.9,0.80861,0.66714,0.99392,0.96986,0.82157,0.91287,0.69965,0.97479,0.76153,1.07328,0.00027325,0.00027325,0.00027325
1181,11406.4,0.84774,0.68504,1.00306,0.96985,0.82131,0.91288,0.69967,0.97466,0.76155,1.07318,0.000265,0.000265,0.000265
1182,11416.1,0.82774,0.68498,1.00818,0.96962,0.82128,0.91284,0.69963,0.97458,0.76134,1.07312,0.00025675,0.00025675,0.00025675
1183,11425.8,0.84257,0.68025,1.0069,0.96985,0.82124,0.91295,0.70024,0.97443,0.76108,1.073,0.0002485,0.0002485,0.0002485
1184,11435.3,0.81699,0.66596,0.99661,0.96983,0.82061,0.91284,0.69985,0.97448,0.76108,1.07296,0.00024025,0.00024025,0.00024025
1185,11444.8,0.8187,0.67086,0.99686,0.96983,0.82065,0.91278,0.70046,0.97451,0.7612,1.07302,0.000232,0.000232,0.000232
1186,11454.6,0.82716,0.66857,1.00077,0.96982,0.82052,0.91288,0.70044,0.97442,0.7609,1.07276,0.00022375,0.00022375,0.00022375
1187,11464.1,0.81719,0.66646,0.99665,0.96981,0.82024,0.91282,0.70027,0.9743,0.76079,1.07278,0.0002155,0.0002155,0.0002155
1188,11473.6,0.83667,0.67075,0.99886,0.96981,0.82019,0.91285,0.70027,0.97433,0.76038,1.07274,0.00020725,0.00020725,0.00020725
1189,11483.1,0.80924,0.6642,0.99314,0.9698,0.81989,0.91284,0.70037,0.97417,0.76041,1.07272,0.000199,0.000199,0.000199
1190,11492.6,0.81147,0.65886,0.99383,0.9698,0.81998,0.91282,0.70012,0.9743,0.76023,1.07255,0.00019075,0.00019075,0.00019075
1191,11503.8,0.87395,0.63319,1.00495,0.96979,0.81967,0.91281,0.70022,0.97428,0.7599,1.07255,0.0001825,0.0001825,0.0001825
1192,11513.3,0.81731,0.58512,0.97547,0.96999,0.81915,0.91278,0.70061,0.9742,0.7596,1.07241,0.00017425,0.00017425,0.00017425
1193,11523.1,0.79905,0.57873,0.96608,0.97069,0.81915,0.91279,0.69981,0.97443,0.75937,1.07244,0.000166,0.000166,0.000166
1194,11532.6,0.79033,0.55682,0.95767,0.97047,0.81915,0.91285,0.69935,0.97441,0.75929,1.07239,0.00015775,0.00015775,0.00015775
1195,11542.1,0.75828,0.54329,0.93867,0.97128,0.81915,0.91205,0.69919,0.97441,0.75915,1.07236,0.0001495,0.0001495,0.0001495
1196,11551.6,0.7645,0.55019,0.95627,0.97226,0.82039,0.91204,0.69906,0.97432,0.75892,1.0723,0.00014125,0.00014125,0.00014125
1197,11561.1,0.7563,0.53819,0.94101,0.97229,0.82117,0.91211,0.6991,0.97419,0.75883,1.07219,0.000133,0.000133,0.000133
1198,11570.6,0.7479,0.53951,0.94567,0.97228,0.82089,0.91213,0.69939,0.97405,0.75856,1.07207,0.00012475,0.00012475,0.00012475
1199,11580.2,0.72985,0.52319,0.93579,0.97129,0.82128,0.91221,0.69926,0.97395,0.75843,1.07204,0.0001165,0.0001165,0.0001165
1200,11589.7,0.72419,0.51983,0.94209,0.97101,0.82128,0.91215,0.69933,0.97402,0.75843,1.07199,0.00010825,0.00010825,0.00010825
