epoch,time,train/box_loss,train/cls_loss,train/dfl_loss,metrics/precision(B),metrics/recall(B),metrics/mAP50(B),metrics/mAP50-95(B),val/box_loss,val/cls_loss,val/dfl_loss,lr/pg0,lr/pg1,lr/pg2
1,12.3379,5.6643,9.37881,4.21874,1e-05,0.00213,1e-05,0,6.05963,11.5048,4.16737,0.00327778,0.00327778,0.00327778
2,22.8582,5.64885,6.63304,4.11436,1e-05,0.00213,1e-05,0,6.03783,6.53253,4.0317,0.00660566,0.00660566,0.00660566
3,37.6806,4.99618,4.70534,3.33313,0.00081,0.1,0.00049,0.00011,4.37179,4.96874,3.14066,0.00992804,0.00992804,0.00992804
4,52.3586,4.31807,4.33077,2.79537,0.00081,0.1,0.00049,0.00011,5.644,6.2414,5.38651,0.00997525,0.00997525,0.00997525
5,62.5247,4.12367,4.29746,2.67449,0.00081,0.1,0.00049,0.00011,5.87571,5.81848,3.81645,0.009967,0.009967,0.009967
6,72.6121,4.05664,4.39862,2.59395,0.00081,0.1,0.00049,0.00011,5.19702,9.74721,4.57175,0.00995875,0.00995875,0.00995875
7,82.5805,3.98229,4.40748,2.57902,0.00081,0.1,0.00049,0.00011,4.31077,4.72917,2.22895,0.0099505,0.0099505,0.0099505
8,97.1462,3.9826,4.46293,2.56442,0.00065,0.04681,0.00035,5e-05,4.19149,4.97883,2.47739,0.00994225,0.00994225,0.00994225
9,111.132,3.93443,4.41283,2.52567,0.00057,0.08298,0.00033,8e-05,3.98369,4.53854,2.1134,0.009934,0.009934,0.009934
10,121.474,3.88939,4.42936,2.51474,0.00059,0.07872,0.00041,0.0001,4.05351,4.48098,2.09942,0.00992575,0.00992575,0.00992575
11,131.616,3.83869,4.39572,2.5095,0.0006,0.09149,0.00035,8e-05,4.06417,4.78351,2.10417,0.0099175,0.0099175,0.0099175
12,141.961,3.83588,4.40033,2.49392,0.00053,0.07872,0.00029,8e-05,3.95501,4.5282,2.04636,0.00990925,0.00990925,0.00990925
13,158.093,3.84263,4.40424,2.49035,0.00048,0.06809,0.00027,7e-05,4.05755,4.41574,2.07253,0.009901,0.009901,0.009901
14,173.17,3.81049,4.34832,2.47311,0.00056,0.08298,0.00036,9e-05,3.8862,4.62295,2.09332,0.00989275,0.00989275,0.00989275
15,183.263,3.79932,4.33336,2.46098,0.00066,0.09787,0.00039,7e-05,3.83442,4.46072,2.34602,0.0098845,0.0098845,0.0098845
16,193.311,3.76074,4.3609,2.49052,0.00112,0.06809,0.00065,0.00015,3.93443,4.53114,2.40384,0.00987625,0.00987625,0.00987625
17,203.873,3.65426,4.302,2.52561,0.0013,0.19149,0.00112,0.00024,3.6575,4.33531,2.27531,0.009868,0.009868,0.009868
18,219.208,3.6689,4.29518,2.50391,0.00151,0.13191,0.00148,0.00035,3.78583,4.52192,2.34584,0.00985975,0.00985975,0.00985975
19,235.575,3.6338,4.30898,2.49061,0.00148,0.20213,0.00136,0.00027,3.83102,4.36248,2.29005,0.0098515,0.0098515,0.0098515
20,245.735,3.60402,4.27794,2.47761,0.00132,0.19149,0.0022,0.00059,3.79678,4.35649,2.35017,0.00984325,0.00984325,0.00984325
21,256.059,3.55219,4.26076,2.44599,0.0027,0.17872,0.0026,0.00065,3.69965,4.2772,2.31872,0.009835,0.009835,0.009835
22,266.445,3.5898,4.26499,2.4425,0.00196,0.29574,0.00209,0.00044,3.59871,4.19803,2.29935,0.00982675,0.00982675,0.00982675
23,280.974,3.5341,4.20873,2.4132,0.00176,0.2617,0.00155,0.00036,3.56021,4.31505,2.28971,0.0098185,0.0098185,0.0098185
24,297.076,3.58187,4.23776,2.45159,0.00129,0.19362,0.00096,0.0002,3.75161,4.27319,2.27289,0.00981025,0.00981025,0.00981025
25,307.907,3.49706,4.1985,2.42182,0.00192,0.27872,0.00259,0.0006,3.62617,4.24038,2.31149,0.009802,0.009802,0.009802
26,317.945,3.50675,4.17771,2.41608,0.00168,0.25319,0.00187,0.00047,3.56991,4.28727,2.3029,0.00979375,0.00979375,0.00979375
27,328.074,3.48715,4.20436,2.41056,0.00119,0.18085,0.00078,0.00017,3.60645,4.34522,2.23429,0.0097855,0.0097855,0.0097855
28,341.493,3.44536,4.22052,2.41938,0.00201,0.30638,0.00202,0.00047,3.54402,4.20231,2.2538,0.00977725,0.00977725,0.00977725
29,357.727,3.45915,4.19242,2.40252,0.0019,0.28723,0.00184,0.00042,3.50346,4.19712,2.25461,0.009769,0.009769,0.009769
30,369.254,3.43611,4.16462,2.39283,0.00188,0.28085,0.0017,0.00044,3.55687,4.24855,2.29586,0.00976075,0.00976075,0.00976075
31,379.319,3.43736,4.19693,2.37282,0.00213,0.25106,0.00232,0.00055,3.68384,4.20948,2.38625,0.0097525,0.0097525,0.0097525
32,389.415,3.41794,4.13269,2.39539,0.0019,0.28298,0.00244,0.00056,3.62236,4.12193,2.27772,0.00974425,0.00974425,0.00974425
33,403,3.41498,4.15052,2.35755,0.00226,0.34255,0.00226,0.00053,3.50361,4.18319,2.2755,0.009736,0.009736,0.009736
34,419.463,3.40196,4.17617,2.38589,0.00217,0.30426,0.00281,0.00058,3.57308,4.19907,2.29608,0.00972775,0.00972775,0.00972775
35,430.981,3.34769,4.12322,2.36735,0.00202,0.30213,0.00261,0.00052,3.52712,4.10783,2.28256,0.0097195,0.0097195,0.0097195
36,441.047,3.40042,4.13389,2.38706,0.00192,0.29362,0.00176,0.00038,3.52372,4.29134,2.24319,0.00971125,0.00971125,0.00971125
37,451.073,3.39363,4.15819,2.34326,0.00187,0.28511,0.00193,0.00042,3.53735,4.20546,2.27298,0.009703,0.009703,0.009703
38,463.123,3.35815,4.11693,2.33163,0.00229,0.34894,0.00306,0.00068,3.48481,4.12539,2.23973,0.00969475,0.00969475,0.00969475
39,480.381,3.36194,4.1084,2.33511,0.00214,0.31915,0.00362,0.00081,3.49674,4.10402,2.27576,0.0096865,0.0096865,0.0096865
40,493.279,3.35219,4.10797,2.33774,0.00232,0.34894,0.00379,0.00087,3.49796,4.14579,2.28593,0.00967825,0.00967825,0.00967825
41,503.658,3.33469,4.13419,2.3287,0.0022,0.32979,0.00373,0.00077,3.55058,4.10242,2.30921,0.00967,0.00967,0.00967
42,513.733,3.38336,4.14012,2.34958,0.00213,0.32553,0.00872,0.00381,3.46682,4.1875,2.27431,0.00966175,0.00966175,0.00966175
43,527.537,3.28596,4.1015,2.29391,0.0023,0.33404,0.00364,0.00082,3.42743,4.16833,2.25295,0.0096535,0.0096535,0.0096535
44,544.095,3.31656,4.11187,2.31972,0.00222,0.3383,0.00454,0.00088,3.47211,4.14497,2.25479,0.00964525,0.00964525,0.00964525
45,555.625,3.26744,4.11582,2.28529,0.00238,0.3617,0.00232,0.00055,3.43539,4.23946,2.23673,0.009637,0.009637,0.009637
46,565.688,3.2874,4.10305,2.28625,0.00188,0.26596,0.00358,0.00082,3.47179,4.2268,2.30245,0.00962875,0.00962875,0.00962875
47,575.789,3.29061,4.09674,2.31152,0.00203,0.30851,0.00343,0.00088,3.44156,4.21409,2.24295,0.0096205,0.0096205,0.0096205
48,587.99,3.28074,4.12246,2.25151,0.00234,0.35532,0.00436,0.00094,3.42914,4.12423,2.24493,0.00961225,0.00961225,0.00961225
49,604.57,3.3062,4.09643,2.31794,0.00223,0.3383,0.00356,0.00074,3.4557,4.1779,2.24076,0.009604,0.009604,0.009604
50,617.384,3.25616,4.0891,2.26685,0.00226,0.33617,0.00429,0.00103,3.43989,4.07972,2.24909,0.00959575,0.00959575,0.00959575
51,627.539,3.26106,4.06302,2.26184,0.00242,0.36809,0.00402,0.001,3.40874,4.09455,2.20992,0.0095875,0.0095875,0.0095875
52,637.665,3.26034,4.11701,2.25876,0.00212,0.3234,0.00365,0.00086,3.44693,4.13177,2.21226,0.00957925,0.00957925,0.00957925
53,649.39,3.2299,4.09024,2.25044,0.0025,0.36383,0.0048,0.0011,3.38334,4.08952,2.20616,0.009571,0.009571,0.009571
54,665.866,3.23037,4.08654,2.24978,0.00222,0.33617,0.00396,0.00093,3.3609,4.16721,2.21283,0.00956275,0.00956275,0.00956275
55,679.349,3.23806,4.07542,2.24178,0.00176,0.26809,0.00277,0.00068,3.40618,4.58376,2.2121,0.0095545,0.0095545,0.0095545
56,689.428,3.20006,4.04289,2.19462,0.00214,0.3234,0.00536,0.00108,3.37579,4.09143,2.19906,0.00954625,0.00954625,0.00954625
57,699.611,3.1809,4.05538,2.22086,0.00253,0.35319,0.00604,0.00116,3.40066,4.06893,2.2202,0.009538,0.009538,0.009538
58,711.523,3.19544,4.0819,2.24721,0.00237,0.35957,0.00372,0.00083,3.36986,4.12011,2.18586,0.00952975,0.00952975,0.00952975
59,728.068,3.16779,4.02592,2.20735,0.00248,0.3766,0.00486,0.00102,3.37879,4.10495,2.19639,0.0095215,0.0095215,0.0095215
60,741.355,3.20966,4.02361,2.22466,0.00266,0.4,0.00758,0.00168,3.36537,4.073,2.17644,0.00951325,0.00951325,0.00951325
61,751.47,3.19453,4.02519,2.20492,0.00254,0.38511,0.0055,0.0013,3.31771,4.09468,2.16449,0.009505,0.009505,0.009505
62,761.606,3.18391,4.05007,2.20961,0.00265,0.38298,0.00622,0.00152,3.35501,4.06839,2.1691,0.00949675,0.00949675,0.00949675
63,772.732,3.1697,4.05409,2.20382,0.00256,0.38936,0.00512,0.00116,3.36483,4.17544,2.17638,0.0094885,0.0094885,0.0094885
64,789.294,3.14435,4.03372,2.2092,0.00232,0.35106,0.00767,0.00183,3.40965,4.08708,2.22683,0.00948025,0.00948025,0.00948025
65,803.613,3.18911,4.03115,2.21944,0.0081,0.19574,0.00999,0.00222,3.40141,3.98809,2.21776,0.009472,0.009472,0.009472
66,813.709,3.17546,4.0474,2.19503,0.00249,0.37447,0.01051,0.0018,3.36369,4.10709,2.1744,0.00946375,0.00946375,0.00946375
67,823.839,3.13639,4.02124,2.19308,0.00664,0.20851,0.00759,0.00186,3.34503,4.05496,2.20185,0.0094555,0.0094555,0.0094555
68,834.021,3.16219,3.98322,2.18698,0.00768,0.22128,0.00907,0.0019,3.32254,4.04895,2.178,0.00944725,0.00944725,0.00944725
69,850.181,3.16114,4.01529,2.20632,0.0298,0.08085,0.00915,0.00232,3.29227,4.02598,2.16584,0.009439,0.009439,0.009439
70,865.483,3.156,3.97901,2.19932,0.03383,0.07872,0.01074,0.0024,3.28526,4.00148,2.17667,0.00943075,0.00943075,0.00943075
71,875.626,3.11041,3.99884,2.16616,0.01671,0.14468,0.00943,0.00233,3.34317,3.99495,2.18029,0.0094225,0.0094225,0.0094225
72,885.674,3.14748,3.96591,2.19625,0.04504,0.05532,0.00782,0.00192,3.29529,4.23957,2.17973,0.00941425,0.00941425,0.00941425
73,895.796,3.12346,3.94904,2.18128,0.02466,0.09362,0.01037,0.00228,3.33689,4.13719,2.22949,0.009406,0.009406,0.009406
74,910.681,3.07061,3.95413,2.15459,0.00274,0.40851,0.01327,0.00297,3.25643,4.02089,2.1458,0.00939775,0.00939775,0.00939775
75,927.061,3.14425,3.9532,2.19854,0.00247,0.36809,0.01025,0.00261,3.27079,4.12758,2.17193,0.0093895,0.0093895,0.0093895
76,937.388,3.10957,3.96345,2.19149,0.1346,0.04255,0.0188,0.00362,3.31064,4.00388,2.19504,0.00938125,0.00938125,0.00938125
77,947.735,3.08629,3.91939,2.17015,0.11918,0.04681,0.02028,0.0054,3.32542,4.01996,2.21244,0.009373,0.009373,0.009373
78,958.289,3.08634,3.93709,2.17981,0.04628,0.05319,0.00965,0.00242,3.30356,4.06155,2.1873,0.00936475,0.00936475,0.00936475
79,972.821,3.10671,3.92647,2.16933,0.16413,0.03191,0.02054,0.00458,3.24583,3.94828,2.17403,0.0093565,0.0093565,0.0093565
80,989.423,3.10542,3.89629,2.18971,0.09432,0.04681,0.01413,0.00335,3.26676,4.03331,2.17124,0.00934825,0.00934825,0.00934825
81,999.773,3.13368,3.91654,2.19525,0.1231,0.05532,0.02316,0.00531,3.29104,3.94243,2.18862,0.00934,0.00934,0.00934
82,1010.16,3.08241,3.87592,2.16507,0.17863,0.05957,0.03142,0.0071,3.21689,3.93506,2.16343,0.00933175,0.00933175,0.00933175
83,1020.46,3.08678,3.85507,2.18375,0.11753,0.04894,0.02194,0.00508,3.23552,3.99956,2.15124,0.0093235,0.0093235,0.0093235
84,1033.87,3.06744,3.87078,2.16435,0.12919,0.0617,0.02273,0.00563,3.23582,3.92169,2.15379,0.00931525,0.00931525,0.00931525
85,1050.64,3.04727,3.82079,2.16739,0.15294,0.0617,0.0307,0.00717,3.21598,3.86352,2.18879,0.009307,0.009307,0.009307
86,1066.73,3.08276,3.79967,2.16515,0.12043,0.06383,0.03809,0.01016,3.23223,3.90988,2.18148,0.00929875,0.00929875,0.00929875
87,1084.18,3.05356,3.78704,2.16927,0.16721,0.06809,0.03911,0.01071,3.1905,3.7489,2.15527,0.0092905,0.0092905,0.0092905
88,1095.2,3.05874,3.76315,2.16838,0.13215,0.08936,0.03521,0.0089,3.18511,3.9008,2.14778,0.00928225,0.00928225,0.00928225
89,1105.3,3.03848,3.76408,2.14837,0.11844,0.10851,0.03185,0.00757,3.22651,3.85767,2.17134,0.009274,0.009274,0.009274
90,1115.46,3.04509,3.73031,2.17043,0.15045,0.08723,0.04135,0.01093,3.1818,3.79048,2.16946,0.00926575,0.00926575,0.00926575
91,1125.91,3.02752,3.75567,2.15768,0.11889,0.05745,0.03498,0.00995,3.17994,3.82183,2.13192,0.0092575,0.0092575,0.0092575
92,1135.99,3.02466,3.7014,2.13952,0.17382,0.07234,0.03376,0.00783,3.20169,3.83909,2.11898,0.00924925,0.00924925,0.00924925
93,1146.1,3.0334,3.69118,2.17161,0.15713,0.09401,0.04881,0.01164,3.19549,3.80144,2.17611,0.009241,0.009241,0.009241
94,1156.52,3.00514,3.67512,2.14983,0.17136,0.09574,0.0539,0.01413,3.17844,3.73781,2.15759,0.00923275,0.00923275,0.00923275
95,1166.9,3.03238,3.70342,2.16841,0.12141,0.08723,0.03653,0.01151,3.18329,3.8518,2.16851,0.0092245,0.0092245,0.0092245
96,1177.07,3.00354,3.64646,2.15935,0.15058,0.07021,0.03226,0.00813,3.19924,3.88959,2.12606,0.00921625,0.00921625,0.00921625
97,1187.2,2.99873,3.65405,2.11835,0.13441,0.07872,0.04067,0.01067,3.15233,3.82283,2.12022,0.009208,0.009208,0.009208
98,1197.31,2.96059,3.63301,2.12496,0.14479,0.09362,0.03728,0.0102,3.08651,3.72103,2.1147,0.00919975,0.00919975,0.00919975
99,1207.5,2.96392,3.64325,2.12911,0.1896,0.07872,0.05062,0.01283,3.13178,3.67907,2.13715,0.0091915,0.0091915,0.0091915
100,1217.7,3.00275,3.61126,2.14513,0.16787,0.10426,0.04442,0.01255,3.154,3.72063,2.17448,0.00918325,0.00918325,0.00918325
101,1227.81,3.0184,3.61998,2.13544,0.17872,0.1,0.0488,0.01549,3.13933,3.73003,2.14674,0.009175,0.009175,0.009175
102,1238.14,2.99104,3.59095,2.12592,0.17366,0.0766,0.0406,0.01077,3.099,3.78003,2.1489,0.00916675,0.00916675,0.00916675
103,1248.18,2.99556,3.56415,2.12868,0.15238,0.08511,0.04906,0.01401,3.07151,3.66974,2.14767,0.0091585,0.0091585,0.0091585
104,1258.3,2.95846,3.54192,2.1044,0.19637,0.07021,0.03715,0.01166,3.11253,3.85172,2.16284,0.00915025,0.00915025,0.00915025
105,1268.42,2.98635,3.59544,2.15513,0.1653,0.07234,0.04216,0.01214,3.09953,3.66227,2.13937,0.009142,0.009142,0.009142
106,1278.59,2.99689,3.58139,2.13376,0.17941,0.09362,0.04631,0.01083,3.16985,3.8662,2.14686,0.00913375,0.00913375,0.00913375
107,1288.75,2.95685,3.54423,2.13409,0.19821,0.09574,0.04843,0.016,3.09481,3.76093,2.12698,0.0091255,0.0091255,0.0091255
108,1299.23,2.96642,3.57098,2.13268,0.1701,0.09787,0.04819,0.01313,3.09302,3.62663,2.15019,0.00911725,0.00911725,0.00911725
109,1309.33,2.94607,3.53804,2.11662,0.17602,0.05227,0.03309,0.0097,3.15475,3.99345,2.17175,0.009109,0.009109,0.009109
110,1319.42,2.95961,3.54125,2.11424,0.17698,0.09149,0.04922,0.01275,3.1374,3.62024,2.15236,0.00910075,0.00910075,0.00910075
111,1329.51,2.96671,3.54478,2.13368,0.17272,0.10528,0.05535,0.01556,3.14107,3.60737,2.16464,0.0090925,0.0090925,0.0090925
112,1340.03,2.91052,3.49952,2.10056,0.23267,0.10851,0.07317,0.02368,3.06916,3.56098,2.14283,0.00908425,0.00908425,0.00908425
113,1350.54,2.93284,3.48521,2.10157,0.1628,0.09362,0.05483,0.01633,3.07962,3.60629,2.11609,0.009076,0.009076,0.009076
114,1360.8,2.96826,3.5049,2.1103,0.1846,0.09574,0.05445,0.01777,3.05317,3.58422,2.12569,0.00906775,0.00906775,0.00906775
115,1370.95,2.93086,3.48395,2.09047,0.18574,0.08723,0.04729,0.01518,3.11305,3.77325,2.15685,0.0090595,0.0090595,0.0090595
116,1381.05,2.93998,3.4818,2.09742,0.22917,0.08085,0.05028,0.01498,3.12889,3.75903,2.1284,0.00905125,0.00905125,0.00905125
117,1391.23,2.91272,3.48432,2.11245,0.19695,0.09362,0.05683,0.01614,3.11407,3.55014,2.13777,0.009043,0.009043,0.009043
118,1401.32,2.90274,3.48621,2.11211,0.18641,0.11064,0.06856,0.02029,3.06714,3.54749,2.15293,0.00903475,0.00903475,0.00903475
119,1411.44,2.93927,3.46892,2.11167,0.20257,0.10638,0.06177,0.01711,3.05517,3.62578,2.14242,0.0090265,0.0090265,0.0090265
120,1421.54,2.92043,3.47467,2.12229,0.17714,0.1234,0.06714,0.01767,3.11594,3.55707,2.15263,0.00901825,0.00901825,0.00901825
121,1431.73,2.91707,3.46792,2.10197,0.16995,0.11915,0.0594,0.01731,3.04786,3.56193,2.12916,0.00901,0.00901,0.00901
122,1441.91,2.89199,3.44133,2.08992,0.19743,0.11702,0.07012,0.0206,3.00376,3.48224,2.11857,0.00900175,0.00900175,0.00900175
123,1452.06,2.94121,3.42934,2.11291,0.19762,0.1234,0.06804,0.02041,3.07336,3.57003,2.15891,0.0089935,0.0089935,0.0089935
124,1462.27,2.89411,3.43569,2.08679,0.24089,0.09149,0.05651,0.02133,3.0172,3.61963,2.09546,0.00898525,0.00898525,0.00898525
125,1472.43,2.92013,3.46256,2.11099,0.23365,0.10213,0.06329,0.02104,3.0644,3.60771,2.16046,0.008977,0.008977,0.008977
126,1482.57,2.89213,3.40818,2.09841,0.19657,0.09574,0.06006,0.01974,3.05533,3.61249,2.13029,0.00896875,0.00896875,0.00896875
127,1492.57,2.86628,3.39999,2.07097,0.17946,0.12766,0.06462,0.02027,3.01807,3.56105,2.09527,0.0089605,0.0089605,0.0089605
128,1502.67,2.85647,3.43958,2.07315,0.2018,0.11277,0.07471,0.02414,3.0101,3.46221,2.11487,0.00895225,0.00895225,0.00895225
129,1513.08,2.85366,3.42167,2.05614,0.21835,0.10638,0.07926,0.02443,3.01636,3.45418,2.11742,0.008944,0.008944,0.008944
130,1523.52,2.84179,3.41319,2.06563,0.21571,0.10426,0.06889,0.02324,2.97097,3.46349,2.08627,0.00893575,0.00893575,0.00893575
131,1533.81,2.81789,3.33728,2.087,0.21832,0.12553,0.08224,0.02076,2.9987,3.46541,2.10911,0.0089275,0.0089275,0.0089275
132,1543.95,2.88569,3.36652,2.07354,0.23851,0.11277,0.07882,0.02193,3.0442,3.46546,2.16224,0.00891925,0.00891925,0.00891925
133,1554.11,2.83794,3.40923,2.0817,0.20038,0.11915,0.07307,0.02416,2.99562,3.52337,2.07616,0.008911,0.008911,0.008911
134,1564.31,2.84197,3.37169,2.0612,0.24283,0.06892,0.05209,0.01683,3.10563,3.94978,2.11643,0.00890275,0.00890275,0.00890275
135,1574.36,2.85826,3.32409,2.06436,0.17505,0.13274,0.07385,0.02091,3.00319,3.47747,2.11069,0.0088945,0.0088945,0.0088945
136,1584.52,2.83648,3.34927,2.05348,0.1959,0.12979,0.07471,0.02368,2.97734,3.48846,2.09615,0.00888625,0.00888625,0.00888625
137,1594.65,2.83034,3.33602,2.04981,0.18328,0.10426,0.05616,0.0186,3.03622,3.69171,2.11565,0.008878,0.008878,0.008878
138,1604.78,2.8236,3.37705,2.07115,0.24958,0.06809,0.04589,0.0181,3.18019,4.09943,2.18135,0.00886975,0.00886975,0.00886975
139,1614.86,2.82061,3.29583,2.06651,0.14233,0.10213,0.06224,0.02021,2.97927,3.53057,2.10011,0.0088615,0.0088615,0.0088615
140,1625.01,2.80158,3.31578,2.04241,0.22348,0.10851,0.07776,0.02675,2.97577,3.41132,2.09353,0.00885325,0.00885325,0.00885325
141,1635.53,2.82211,3.29969,2.04237,0.21843,0.15106,0.08971,0.02578,2.95452,3.34924,2.08742,0.008845,0.008845,0.008845
142,1645.99,2.79905,3.28452,2.04827,0.2488,0.05638,0.04188,0.01139,3.27937,4.23298,2.21997,0.00883675,0.00883675,0.00883675
143,1656.02,2.78299,3.30275,2.03913,0.22551,0.12766,0.09292,0.02857,2.94023,3.30602,2.09266,0.0088285,0.0088285,0.0088285
144,1666.4,2.81039,3.30454,2.05188,0.20667,0.13404,0.07792,0.02541,2.95044,3.39364,2.09414,0.00882025,0.00882025,0.00882025
145,1676.52,2.79226,3.31094,2.03792,0.25589,0.11489,0.08432,0.02568,2.97239,3.46139,2.09221,0.008812,0.008812,0.008812
146,1686.56,2.8275,3.32766,2.04706,0.21412,0.1234,0.08414,0.02724,2.91964,3.42108,2.06959,0.00880375,0.00880375,0.00880375
147,1696.57,2.76588,3.30044,2.04574,0.24352,0.10638,0.0797,0.02389,3.05707,3.54618,2.15603,0.0087955,0.0087955,0.0087955
148,1706.67,2.76444,3.28829,2.04622,0.20116,0.13404,0.07204,0.02345,2.97858,3.47373,2.09817,0.00878725,0.00878725,0.00878725
149,1716.85,2.80716,3.30999,2.05163,0.22103,0.12979,0.09002,0.0286,2.9531,3.35192,2.07441,0.008779,0.008779,0.008779
150,1726.91,2.7783,3.28206,2.03934,0.22896,0.12766,0.08189,0.02617,2.93855,3.42619,2.07538,0.00877075,0.00877075,0.00877075
151,1737,2.77667,3.25696,2.04848,0.21782,0.11915,0.0799,0.02362,2.9739,3.4115,2.08604,0.0087625,0.0087625,0.0087625
152,1747.01,2.77568,3.29196,2.0067,0.20767,0.12979,0.08041,0.02541,2.94121,3.35338,2.07783,0.00875425,0.00875425,0.00875425
153,1757.05,2.74872,3.24748,2.03175,0.22165,0.11064,0.07334,0.02357,2.98278,3.46642,2.09508,0.008746,0.008746,0.008746
154,1767.18,2.76217,3.2963,2.0161,0.22617,0.14468,0.09131,0.02776,2.90014,3.31598,2.06575,0.00873775,0.00873775,0.00873775
155,1777.39,2.75641,3.2567,2.02256,0.22061,0.1383,0.1003,0.03138,2.88644,3.33331,2.06887,0.0087295,0.0087295,0.0087295
156,1787.85,2.765,3.27233,2.01385,0.24817,0.12553,0.08443,0.02761,2.92663,3.39991,2.0524,0.00872125,0.00872125,0.00872125
157,1797.94,2.75937,3.25236,2.02119,0.21961,0.13191,0.08431,0.02824,2.88465,3.34057,2.05958,0.008713,0.008713,0.008713
158,1808.04,2.72397,3.24974,2.01502,0.25848,0.1383,0.09676,0.03033,2.91417,3.37077,2.05658,0.00870475,0.00870475,0.00870475
159,1818.05,2.74612,3.22697,2.01347,0.19913,0.12979,0.09642,0.02904,2.87471,3.28828,2.03492,0.0086965,0.0086965,0.0086965
160,1828.08,2.73918,3.27342,2.01461,0.28732,0.1383,0.09658,0.02921,2.91333,3.31718,2.07051,0.00868825,0.00868825,0.00868825
161,1838.19,2.73659,3.2856,2.02073,0.25242,0.16383,0.11148,0.03162,2.87164,3.31359,2.06399,0.00868,0.00868,0.00868
162,1848.69,2.72698,3.21299,2.01758,0.2389,0.14255,0.1007,0.03159,2.86979,3.24367,2.07704,0.00867175,0.00867175,0.00867175
163,1858.83,2.74478,3.23566,2.01366,0.29041,0.15532,0.114,0.03586,2.8715,3.25529,2.07525,0.0086635,0.0086635,0.0086635
164,1869.06,2.71821,3.2066,2.01069,0.25504,0.14255,0.09893,0.02947,2.87138,3.30386,2.07229,0.00865525,0.00865525,0.00865525
165,1879.24,2.76266,3.25132,2.03469,0.26416,0.15319,0.10517,0.03243,2.85732,3.38786,2.05711,0.008647,0.008647,0.008647
166,1889.35,2.72082,3.21109,2.00858,0.23697,0.15532,0.09075,0.02975,2.84557,3.24428,2.07037,0.00863875,0.00863875,0.00863875
167,1899.24,2.75402,3.25062,2.02568,0.22495,0.13617,0.0873,0.0305,2.84022,3.28177,2.05169,0.0086305,0.0086305,0.0086305
168,1909.09,2.70539,3.18774,1.99412,0.24493,0.15319,0.09689,0.0338,2.86677,3.25958,2.06603,0.00862225,0.00862225,0.00862225
169,1919.14,2.69526,3.21149,2.01632,0.24761,0.13191,0.10694,0.03348,2.86775,3.2477,2.06287,0.008614,0.008614,0.008614
170,1929.27,2.67682,3.20453,1.995,0.24191,0.14894,0.09936,0.03224,2.84913,3.27291,2.04584,0.00860575,0.00860575,0.00860575
171,1939.34,2.72453,3.17946,1.98807,0.26927,0.15319,0.11133,0.03521,2.84165,3.22938,2.06224,0.0085975,0.0085975,0.0085975
172,1949.48,2.72384,3.20594,2.02504,0.2508,0.15319,0.11216,0.03864,2.86204,3.26357,2.08498,0.00858925,0.00858925,0.00858925
173,1959.97,2.70789,3.22521,2.01532,0.21451,0.15106,0.08747,0.03113,2.83538,3.26954,2.06054,0.008581,0.008581,0.008581
174,1970.19,2.70082,3.22645,2.01078,0.26732,0.14894,0.10467,0.02999,2.8195,3.24664,2.0753,0.00857275,0.00857275,0.00857275
175,1980.3,2.70627,3.16754,2.00084,0.25906,0.15532,0.10708,0.03389,2.82341,3.2183,2.04151,0.0085645,0.0085645,0.0085645
176,1990.33,2.69494,3.16531,1.99004,0.28624,0.15319,0.1103,0.03406,2.83507,3.21751,2.0426,0.00855625,0.00855625,0.00855625
177,2000.48,2.69678,3.17236,1.99563,0.2644,0.16383,0.10243,0.03093,2.79429,3.21912,2.02681,0.008548,0.008548,0.008548
178,2010.58,2.66865,3.15923,1.99165,0.28648,0.15121,0.10394,0.03354,2.87893,3.31989,2.0595,0.00853975,0.00853975,0.00853975
179,2020.69,2.69606,3.13555,1.98324,0.30336,0.15532,0.10909,0.0361,2.7956,3.22529,2.02941,0.0085315,0.0085315,0.0085315
180,2030.88,2.69868,3.15748,1.99641,0.24625,0.15532,0.10876,0.03534,2.8147,3.22494,2.06657,0.00852325,0.00852325,0.00852325
181,2041.02,2.68357,3.14442,1.98455,0.26005,0.14681,0.0987,0.03252,2.82638,3.26665,2.04863,0.008515,0.008515,0.008515
182,2051.2,2.66563,3.15073,1.95305,0.27566,0.15532,0.10042,0.03368,2.81695,3.22607,2.05456,0.00850675,0.00850675,0.00850675
183,2061.13,2.63828,3.11157,1.97131,0.30499,0.16383,0.11461,0.0374,2.79119,3.20256,2.03669,0.0084985,0.0084985,0.0084985
184,2070.62,2.6659,3.13039,1.9809,0.35855,0.14894,0.11777,0.03463,2.83159,3.20012,2.07007,0.00849025,0.00849025,0.00849025
185,2080.63,2.67421,3.13551,1.98333,0.28255,0.14043,0.11038,0.03635,2.83904,3.24833,2.07494,0.008482,0.008482,0.008482
186,2090.73,2.67187,3.14443,1.97554,0.27956,0.13191,0.10832,0.03625,2.81822,3.27282,2.0489,0.00847375,0.00847375,0.00847375
187,2100.9,2.699,3.17194,1.99451,0.22295,0.14468,0.10096,0.03531,2.84802,3.28994,2.05971,0.0084655,0.0084655,0.0084655
188,2111.04,2.66735,3.1641,1.99798,0.27359,0.15065,0.10936,0.03867,2.82403,3.23441,2.03686,0.00845725,0.00845725,0.00845725
189,2121.19,2.65791,3.15107,1.99644,0.24594,0.16932,0.10629,0.03472,2.8109,3.22841,2.06994,0.008449,0.008449,0.008449
190,2131.35,2.68073,3.16011,1.98296,0.25594,0.16383,0.11777,0.03713,2.80628,3.17833,2.04014,0.00844075,0.00844075,0.00844075
191,2141.45,2.64344,3.11059,1.97605,0.24994,0.15106,0.11303,0.03756,2.83406,3.22512,2.05538,0.0084325,0.0084325,0.0084325
192,2151.47,2.64789,3.11859,1.96967,0.26763,0.16383,0.10119,0.03145,2.85034,3.19604,2.04706,0.00842425,0.00842425,0.00842425
193,2161.58,2.68419,3.14793,1.97339,0.31433,0.15745,0.11631,0.04218,2.7998,3.18467,2.03591,0.008416,0.008416,0.008416
194,2172.04,2.63514,3.13676,1.96883,0.29226,0.16809,0.12707,0.04642,2.76881,3.19687,2.03459,0.00840775,0.00840775,0.00840775
195,2182.44,2.69169,3.13646,2.00231,0.27115,0.17021,0.12439,0.04328,2.78211,3.18836,2.04336,0.0083995,0.0083995,0.0083995
196,2192.59,2.64762,3.1173,1.96322,0.28957,0.16383,0.13301,0.0437,2.8003,3.15116,2.04721,0.00839125,0.00839125,0.00839125
197,2202.54,2.631,3.078,1.94448,0.30397,0.15106,0.12512,0.04147,2.79152,3.15141,2.05441,0.008383,0.008383,0.008383
198,2212.29,2.63315,3.10838,1.93899,0.22041,0.14978,0.11685,0.04177,2.78662,3.20125,2.02114,0.00837475,0.00837475,0.00837475
199,2222.26,2.68262,3.14667,1.9736,0.2679,0.15106,0.1118,0.04075,2.78799,3.20915,2.02243,0.0083665,0.0083665,0.0083665
200,2232.33,2.64346,3.0939,1.99921,0.2384,0.15745,0.10731,0.03686,2.78056,3.20059,2.028,0.00835825,0.00835825,0.00835825
201,2242.1,2.64028,3.11404,1.96742,0.25975,0.17447,0.12473,0.04177,2.78898,3.1036,2.04728,0.00835,0.00835,0.00835
202,2251.78,2.62882,3.08351,1.96465,0.28304,0.1617,0.12222,0.04162,2.76873,3.14839,2.04137,0.00834175,0.00834175,0.00834175
203,2261.91,2.64459,3.07804,1.95834,0.2445,0.16809,0.12622,0.0423,2.78451,3.17453,2.05695,0.0083335,0.0083335,0.0083335
204,2272.05,2.64303,3.09184,1.97565,0.25906,0.15251,0.12474,0.04443,2.7561,3.18926,2.01925,0.00832525,0.00832525,0.00832525
205,2282.21,2.60716,3.07655,1.95713,0.25207,0.16383,0.13184,0.04718,2.81806,3.21172,2.02592,0.008317,0.008317,0.008317
206,2292.65,2.62125,3.0635,1.96285,0.26868,0.17447,0.12007,0.03991,2.79674,3.1516,2.03748,0.00830875,0.00830875,0.00830875
207,2302.81,2.62394,3.08891,1.95337,0.24091,0.18511,0.11824,0.0404,2.79269,3.14097,2.01851,0.0083005,0.0083005,0.0083005
208,2312.88,2.58254,3.0169,1.94163,0.27702,0.16383,0.11951,0.04278,2.76526,3.13167,2.03817,0.00829225,0.00829225,0.00829225
209,2322.95,2.59947,3.07041,1.95844,0.26075,0.1766,0.12582,0.04285,2.75881,3.09848,2.03229,0.008284,0.008284,0.008284
210,2333.12,2.63414,3.07591,1.97537,0.25065,0.18085,0.12738,0.04513,2.7486,3.09111,2.04536,0.00827575,0.00827575,0.00827575
211,2343.26,2.61005,3.06444,1.95294,0.33469,0.14894,0.12727,0.0438,2.77961,3.0763,2.02743,0.0082675,0.0082675,0.0082675
212,2353.39,2.60029,3.08549,1.95117,0.28863,0.17447,0.1339,0.04511,2.74994,3.08994,2.03787,0.00825925,0.00825925,0.00825925
213,2363.59,2.61004,3.07382,1.94383,0.26542,0.17447,0.12645,0.04389,2.73976,3.10349,2.01933,0.008251,0.008251,0.008251
214,2373.78,2.62122,3.0613,1.94868,0.24478,0.15319,0.11149,0.03909,2.79989,3.16912,2.04902,0.00824275,0.00824275,0.00824275
215,2383.95,2.5875,3.05169,1.92986,0.27522,0.17872,0.13169,0.04309,2.74386,3.0777,2.01162,0.0082345,0.0082345,0.0082345
216,2394.05,2.61192,3.06694,1.93224,0.29134,0.16095,0.11924,0.03692,2.76826,3.13815,1.99109,0.00822625,0.00822625,0.00822625
217,2404.13,2.57057,3.06954,1.92402,0.32469,0.15319,0.13359,0.04455,2.76527,3.13395,2.0079,0.008218,0.008218,0.008218
218,2414.18,2.62926,3.09428,1.96091,0.29501,0.15745,0.13332,0.0454,2.74672,3.12022,2.02131,0.00820975,0.00820975,0.00820975
219,2424.29,2.57777,3.02495,1.92921,0.29556,0.19362,0.13568,0.04654,2.75071,3.11947,2.00132,0.0082015,0.0082015,0.0082015
220,2434.58,2.58609,3.09803,1.94231,0.26022,0.16596,0.12716,0.04417,2.72985,3.07516,1.99767,0.00819325,0.00819325,0.00819325
221,2444.74,2.57804,3.03233,1.94994,0.25171,0.16809,0.11889,0.04116,2.74726,3.13718,2.00458,0.008185,0.008185,0.008185
222,2454.95,2.58209,3.04487,1.94688,0.25991,0.19362,0.13133,0.0433,2.75706,3.11441,2.00947,0.00817675,0.00817675,0.00817675
223,2466.08,2.60085,3.03843,1.92412,0.27382,0.16768,0.12211,0.04178,2.76867,3.15472,2.0138,0.0081685,0.0081685,0.0081685
224,2476.15,2.60278,3.05502,1.94935,0.25762,0.2,0.12669,0.04099,2.74408,3.12594,1.99997,0.00816025,0.00816025,0.00816025
225,2486.21,2.57144,3.04147,1.92733,0.26683,0.18936,0.13472,0.0422,2.75618,3.11315,2.01353,0.008152,0.008152,0.008152
226,2496.58,2.60599,3.07496,1.96055,0.25706,0.18723,0.13122,0.0455,2.7589,3.1316,2.02755,0.00814375,0.00814375,0.00814375
227,2506.74,2.55323,3.01909,1.92021,0.29568,0.16596,0.13407,0.04499,2.7722,3.07939,2.02066,0.0081355,0.0081355,0.0081355
228,2516.88,2.55344,2.9854,1.93134,0.28307,0.18723,0.14902,0.04924,2.75864,3.12007,2.03972,0.00812725,0.00812725,0.00812725
229,2527.75,2.56526,3.04626,1.9355,0.28052,0.18298,0.13549,0.0449,2.77041,3.0659,2.0374,0.008119,0.008119,0.008119
230,2538.27,2.56593,2.9758,1.92484,0.26209,0.19149,0.13202,0.04373,2.75471,3.09534,2.00817,0.00811075,0.00811075,0.00811075
231,2548.4,2.58351,3.0297,1.9234,0.28466,0.16383,0.13257,0.04326,2.76139,3.11769,1.99591,0.0081025,0.0081025,0.0081025
232,2558.94,2.54486,2.97164,1.9107,0.29609,0.18085,0.15114,0.04831,2.772,3.07415,2.02571,0.00809425,0.00809425,0.00809425
233,2569.41,2.58634,3.05162,1.95205,0.31386,0.17234,0.12994,0.04587,2.75139,3.05699,1.99923,0.008086,0.008086,0.008086
234,2580.01,2.56677,2.99969,1.93916,0.23241,0.18936,0.1348,0.04898,2.74088,3.07511,2.0137,0.00807775,0.00807775,0.00807775
235,2590.09,2.58625,3.01099,1.9462,0.26884,0.18298,0.14645,0.04905,2.7522,3.05785,2.03783,0.0080695,0.0080695,0.0080695
236,2600.22,2.5404,3.0018,1.9078,0.25306,0.18165,0.12362,0.04537,2.74341,3.10028,2.02267,0.00806125,0.00806125,0.00806125
237,2610.7,2.54152,3.00202,1.91908,0.24055,0.2,0.13508,0.04585,2.73819,3.05626,2.0251,0.008053,0.008053,0.008053
238,2621.44,2.56143,2.98241,1.90506,0.27807,0.18723,0.1393,0.05147,2.746,3.05716,2.01482,0.00804475,0.00804475,0.00804475
239,2631.96,2.49821,2.97411,1.91579,0.28315,0.19574,0.14057,0.04955,2.7195,3.0759,2.02654,0.0080365,0.0080365,0.0080365
240,2642.27,2.55823,3.01974,1.92243,0.27482,0.16596,0.12685,0.04483,2.70083,3.06436,2.04818,0.00802825,0.00802825,0.00802825
241,2652.34,2.53963,3.02487,1.91791,0.30203,0.19574,0.13786,0.044,2.75695,3.08421,1.9985,0.00802,0.00802,0.00802
242,2663.35,2.53363,2.98812,1.91657,0.29977,0.17447,0.13447,0.04798,2.73809,3.08362,2.00417,0.00801175,0.00801175,0.00801175
243,2673.47,2.58323,2.98994,1.94882,0.28855,0.19149,0.13693,0.04611,2.71356,3.07181,2.01489,0.0080035,0.0080035,0.0080035
244,2683.63,2.52326,2.96137,1.9015,0.28798,0.20213,0.14553,0.04973,2.69537,3.03832,1.99691,0.00799525,0.00799525,0.00799525
245,2694.2,2.56604,2.99555,1.91399,0.37009,0.1617,0.1454,0.0515,2.69987,3.02661,1.99059,0.007987,0.007987,0.007987
246,2705.33,2.53531,2.95984,1.9204,0.26538,0.18936,0.14878,0.05445,2.70429,3.04963,1.99816,0.00797875,0.00797875,0.00797875
247,2716.31,2.53138,2.96445,1.90716,0.31897,0.19831,0.14621,0.0507,2.69634,3.03517,1.97694,0.0079705,0.0079705,0.0079705
248,2726.39,2.52149,2.96442,1.92657,0.26719,0.17067,0.13158,0.04736,2.70249,3.05507,1.98571,0.00796225,0.00796225,0.00796225
249,2736.85,2.50328,2.93066,1.90578,0.28936,0.18511,0.13437,0.0499,2.68456,3.05839,1.96914,0.007954,0.007954,0.007954
250,2746.95,2.52118,2.95561,1.89983,0.31004,0.19149,0.14869,0.05328,2.70174,2.99123,1.99748,0.00794575,0.00794575,0.00794575
251,2757.07,2.50963,2.94412,1.90135,0.2937,0.19149,0.15572,0.05914,2.67818,2.97618,1.99441,0.0079375,0.0079375,0.0079375
252,2768.17,2.50847,2.95903,1.9239,0.30784,0.18085,0.14328,0.05398,2.70303,3.02319,1.98835,0.00792925,0.00792925,0.00792925
253,2778.66,2.51873,2.97693,1.91328,0.2789,0.17447,0.14926,0.05641,2.67669,2.98507,1.98161,0.007921,0.007921,0.007921
254,2789.12,2.51227,2.96383,1.92586,0.27388,0.16809,0.13456,0.04975,2.72575,3.03624,1.98646,0.00791275,0.00791275,0.00791275
255,2799.57,2.54059,2.96754,1.90502,0.26732,0.20426,0.14507,0.05387,2.71552,3.01849,2.02026,0.0079045,0.0079045,0.0079045
256,2809.77,2.50924,2.92339,1.8937,0.27057,0.20213,0.16061,0.05762,2.63948,2.99003,1.98078,0.00789625,0.00789625,0.00789625
257,2820.21,2.4992,2.91716,1.8909,0.30246,0.20638,0.15956,0.05669,2.65791,2.97383,1.99617,0.007888,0.007888,0.007888
258,2830.69,2.49644,2.92168,1.91498,0.27427,0.1766,0.1443,0.05206,2.68417,2.97983,1.97784,0.00787975,0.00787975,0.00787975
259,2841.02,2.51015,2.94257,1.9158,0.3095,0.18936,0.15426,0.05625,2.68153,2.9944,1.96354,0.0078715,0.0078715,0.0078715
260,2851.45,2.50671,2.90772,1.88641,0.27362,0.20213,0.15236,0.05589,2.66602,3.00052,1.96805,0.00786325,0.00786325,0.00786325
261,2861.94,2.47241,2.87155,1.87994,0.3062,0.20213,0.15969,0.05671,2.70033,2.97132,2.00608,0.007855,0.007855,0.007855
262,2872.13,2.50169,2.93599,1.89295,0.30845,0.18723,0.1579,0.05553,2.67613,3.02122,1.97119,0.00784675,0.00784675,0.00784675
263,2882.27,2.50496,2.91589,1.9042,0.27975,0.21734,0.15089,0.05532,2.6708,2.96513,1.96344,0.0078385,0.0078385,0.0078385
264,2892.46,2.49142,2.86524,1.89172,0.29358,0.18723,0.14843,0.05457,2.66862,3.01372,1.96898,0.00783025,0.00783025,0.00783025
265,2901.99,2.49795,2.88941,1.89074,0.2753,0.20638,0.15321,0.05733,2.66038,2.94767,1.97479,0.007822,0.007822,0.007822
266,2912.05,2.45804,2.87056,1.89015,0.32426,0.18936,0.15322,0.0576,2.66954,2.99541,1.98085,0.00781375,0.00781375,0.00781375
267,2922.54,2.46265,2.87267,1.90154,0.28851,0.19149,0.15345,0.05461,2.68245,2.95661,1.97695,0.0078055,0.0078055,0.0078055
268,2932.65,2.47994,2.89942,1.88104,0.33124,0.18548,0.1607,0.05532,2.7014,2.95224,1.97996,0.00779725,0.00779725,0.00779725
269,2942.8,2.48856,2.87369,1.8728,0.30255,0.19574,0.15799,0.05625,2.67929,2.93627,1.98249,0.007789,0.007789,0.007789
270,2953.39,2.46325,2.89577,1.88164,0.3294,0.19787,0.16326,0.05967,2.68124,2.95039,1.99669,0.00778075,0.00778075,0.00778075
271,2964.28,2.45776,2.86934,1.88094,0.33595,0.16684,0.15981,0.06012,2.68843,2.99297,2.00184,0.0077725,0.0077725,0.0077725
272,2974.79,2.45735,2.88733,1.88865,0.28154,0.18723,0.15249,0.05635,2.72716,2.97485,1.9971,0.00776425,0.00776425,0.00776425
273,2984.9,2.47643,2.8941,1.89649,0.33,0.19149,0.16019,0.05934,2.68791,2.92744,1.97741,0.007756,0.007756,0.007756
274,2995.39,2.47444,2.85013,1.87209,0.32201,0.19787,0.16838,0.06188,2.66768,2.93095,1.98795,0.00774775,0.00774775,0.00774775
275,3005.83,2.47505,2.87092,1.88925,0.30154,0.20426,0.16114,0.06016,2.67277,2.90944,1.98951,0.0077395,0.0077395,0.0077395
276,3015.95,2.46782,2.84287,1.86317,0.31989,0.19362,0.16363,0.06073,2.6557,2.95566,1.99786,0.00773125,0.00773125,0.00773125
277,3026.06,2.44546,2.831,1.87233,0.30291,0.21489,0.16551,0.06053,2.6624,2.90119,1.98089,0.007723,0.007723,0.007723
278,3036.59,2.46074,2.85563,1.8763,0.31897,0.2,0.17069,0.06176,2.65254,2.90654,1.97523,0.00771475,0.00771475,0.00771475
279,3047.09,2.43528,2.86357,1.85563,0.30446,0.19093,0.16141,0.06304,2.61316,2.93152,1.97384,0.0077065,0.0077065,0.0077065
280,3057.55,2.45747,2.82635,1.86595,0.38119,0.17021,0.17209,0.06964,2.6361,2.92136,1.98917,0.00769825,0.00769825,0.00769825
281,3068.47,2.44705,2.82666,1.86706,0.31025,0.20213,0.18044,0.06611,2.62817,2.89401,1.98522,0.00769,0.00769,0.00769
282,3078.55,2.47191,2.86241,1.89144,0.32035,0.19574,0.16473,0.06138,2.65884,2.91498,1.97752,0.00768175,0.00768175,0.00768175
283,3088.73,2.42904,2.84659,1.86185,0.32607,0.20213,0.16197,0.06167,2.66378,2.90179,1.96257,0.0076735,0.0076735,0.0076735
284,3099.26,2.44955,2.84604,1.84558,0.32749,0.19149,0.1649,0.06774,2.63699,2.86647,1.96788,0.00766525,0.00766525,0.00766525
285,3109.36,2.46603,2.82499,1.8585,0.35491,0.18511,0.17303,0.0661,2.6348,2.88121,1.9801,0.007657,0.007657,0.007657
286,3119.48,2.42727,2.81731,1.85799,0.3252,0.20851,0.17033,0.06602,2.63036,2.88824,1.96738,0.00764875,0.00764875,0.00764875
287,3129.73,2.43245,2.83181,1.85233,0.30548,0.19362,0.17362,0.06944,2.63197,2.86348,1.98135,0.0076405,0.0076405,0.0076405
288,3140.27,2.43239,2.81054,1.87284,0.34424,0.2,0.17664,0.06999,2.63921,2.89735,1.99104,0.00763225,0.00763225,0.00763225
289,3150.73,2.42305,2.84084,1.85791,0.31185,0.1967,0.17108,0.06703,2.62158,2.86535,1.96625,0.007624,0.007624,0.007624
290,3160.87,2.41109,2.79567,1.84071,0.35609,0.18298,0.16608,0.06454,2.61858,2.90526,1.96501,0.00761575,0.00761575,0.00761575
291,3171.45,2.41376,2.83746,1.86742,0.32896,0.19574,0.16253,0.06434,2.64946,2.88935,1.96657,0.0076075,0.0076075,0.0076075
292,3181.51,2.42561,2.77753,1.8538,0.39836,0.17469,0.17101,0.06483,2.61757,2.87857,1.96649,0.00759925,0.00759925,0.00759925
293,3191.64,2.41034,2.76628,1.85565,0.32343,0.21258,0.16623,0.0627,2.63053,2.84624,1.98527,0.007591,0.007591,0.007591
294,3202.19,2.42371,2.77279,1.84094,0.32574,0.2025,0.16937,0.06168,2.6462,2.86004,1.95551,0.00758275,0.00758275,0.00758275
295,3212.61,2.41735,2.72833,1.85016,0.33662,0.2,0.18051,0.06749,2.60695,2.88081,1.94702,0.0075745,0.0075745,0.0075745
296,3222.69,2.42797,2.81294,1.84944,0.36347,0.18936,0.17142,0.06654,2.62327,2.86277,1.94821,0.00756625,0.00756625,0.00756625
297,3232.88,2.41383,2.79191,1.85375,0.34309,0.1766,0.1786,0.06899,2.59382,2.90095,1.94249,0.007558,0.007558,0.007558
298,3243.46,2.39365,2.78541,1.8542,0.32431,0.20638,0.17149,0.06671,2.58488,2.8705,1.94829,0.00754975,0.00754975,0.00754975
299,3253.65,2.41978,2.76615,1.84196,0.38709,0.18298,0.17559,0.06704,2.61745,2.86852,1.9515,0.0075415,0.0075415,0.0075415
300,3263.79,2.39659,2.77048,1.85953,0.32651,0.20638,0.1769,0.07063,2.6268,2.8183,1.95237,0.00753325,0.00753325,0.00753325
301,3274.78,2.39647,2.78211,1.84865,0.33326,0.21588,0.18077,0.06955,2.61521,2.83541,1.96132,0.007525,0.007525,0.007525
302,3284.97,2.3831,2.72148,1.85166,0.3722,0.18936,0.18475,0.0733,2.62458,2.82207,1.96534,0.00751675,0.00751675,0.00751675
303,3295.44,2.36171,2.74181,1.81428,0.30513,0.2,0.16691,0.06765,2.62328,2.80914,1.94115,0.0075085,0.0075085,0.0075085
304,3305.49,2.40509,2.76402,1.82958,0.34604,0.21277,0.18702,0.07322,2.6116,2.77359,1.9447,0.00750025,0.00750025,0.00750025
305,3316.66,2.39476,2.74736,1.82786,0.32356,0.21702,0.18239,0.07441,2.59742,2.78,1.94437,0.007492,0.007492,0.007492
306,3327.19,2.37381,2.72784,1.81709,0.34601,0.21489,0.1851,0.07574,2.59198,2.81663,1.94624,0.00748375,0.00748375,0.00748375
307,3337.47,2.39776,2.74775,1.82242,0.36801,0.23191,0.19235,0.07924,2.59188,2.79712,1.92574,0.0074755,0.0074755,0.0074755
308,3348.39,2.36287,2.7196,1.79873,0.35934,0.21702,0.18557,0.0779,2.581,2.8031,1.91564,0.00746725,0.00746725,0.00746725
309,3358.5,2.37623,2.72799,1.8466,0.38904,0.20638,0.19338,0.07728,2.57664,2.79716,1.92031,0.007459,0.007459,0.007459
310,3368.39,2.38455,2.73238,1.83238,0.33058,0.19362,0.17812,0.07555,2.57896,2.82534,1.91232,0.00745075,0.00745075,0.00745075
311,3379.36,2.38523,2.70413,1.81758,0.36227,0.18511,0.18878,0.07377,2.57257,2.78874,1.92867,0.0074425,0.0074425,0.0074425
312,3389.46,2.37605,2.69687,1.8494,0.41089,0.20213,0.20525,0.0786,2.58688,2.79115,1.92983,0.00743425,0.00743425,0.00743425
313,3399.96,2.37719,2.68282,1.81824,0.31142,0.22553,0.19217,0.07737,2.60043,2.78191,1.9511,0.007426,0.007426,0.007426
314,3409.99,2.36124,2.68597,1.82806,0.39411,0.19787,0.20152,0.08112,2.56132,2.78021,1.91021,0.00741775,0.00741775,0.00741775
315,3421.34,2.36361,2.65844,1.82746,0.38117,0.21489,0.20395,0.08464,2.55826,2.76762,1.91304,0.0074095,0.0074095,0.0074095
316,3431.77,2.37773,2.72104,1.80646,0.38841,0.20426,0.20021,0.07813,2.57263,2.76556,1.90325,0.00740125,0.00740125,0.00740125
317,3441.9,2.35439,2.6628,1.82528,0.46459,0.1994,0.20762,0.08321,2.5591,2.74382,1.90406,0.007393,0.007393,0.007393
318,3452.92,2.36984,2.67375,1.82731,0.38436,0.20426,0.19582,0.07818,2.57582,2.81501,1.91091,0.00738475,0.00738475,0.00738475
319,3463.08,2.33608,2.71221,1.81862,0.37192,0.21702,0.19526,0.08319,2.55484,2.7342,1.89976,0.0073765,0.0073765,0.0073765
320,3473.2,2.35149,2.68197,1.8269,0.41259,0.21064,0.2036,0.08581,2.55846,2.74319,1.90374,0.00736825,0.00736825,0.00736825
321,3484.61,2.32851,2.63356,1.80381,0.33214,0.22128,0.19912,0.08293,2.56698,2.74451,1.92055,0.00736,0.00736,0.00736
322,3494.71,2.3409,2.66445,1.8016,0.36714,0.2234,0.2071,0.08412,2.54301,2.70354,1.91601,0.00735175,0.00735175,0.00735175
323,3504.87,2.36188,2.64413,1.82178,0.37114,0.24468,0.21577,0.08761,2.5366,2.72709,1.9314,0.0073435,0.0073435,0.0073435
324,3515.24,2.34539,2.64546,1.82106,0.37481,0.23191,0.21315,0.08595,2.53148,2.70774,1.90792,0.00733525,0.00733525,0.00733525
325,3526.15,2.31819,2.65407,1.8013,0.36,0.21277,0.20202,0.08451,2.53096,2.72853,1.90698,0.007327,0.007327,0.007327
326,3536.32,2.29458,2.62362,1.8044,0.44053,0.21915,0.23082,0.09279,2.51201,2.6895,1.88695,0.00731875,0.00731875,0.00731875
327,3546.76,2.33897,2.64552,1.81234,0.41412,0.22128,0.22955,0.09425,2.51188,2.68384,1.89881,0.0073105,0.0073105,0.0073105
328,3557.95,2.33868,2.62734,1.78439,0.38992,0.23617,0.22625,0.09293,2.53008,2.70496,1.88863,0.00730225,0.00730225,0.00730225
329,3568.1,2.32439,2.6191,1.78319,0.44507,0.22766,0.23008,0.09583,2.52792,2.70461,1.88267,0.007294,0.007294,0.007294
330,3578.59,2.31843,2.58422,1.79917,0.39482,0.24847,0.23059,0.09661,2.54625,2.69803,1.9246,0.00728575,0.00728575,0.00728575
331,3589.89,2.34777,2.67539,1.81464,0.40564,0.21489,0.22227,0.09368,2.53212,2.6994,1.91267,0.0072775,0.0072775,0.0072775
332,3600.07,2.31017,2.60367,1.79172,0.41717,0.22766,0.22199,0.09553,2.51784,2.70731,1.89899,0.00726925,0.00726925,0.00726925
333,3610.19,2.29196,2.6193,1.7916,0.38233,0.23404,0.22291,0.09725,2.52379,2.67617,1.90612,0.007261,0.007261,0.007261
334,3620.31,2.30734,2.61642,1.78552,0.39769,0.2234,0.21705,0.09385,2.51298,2.66959,1.89227,0.00725275,0.00725275,0.00725275
335,3631.27,2.3365,2.60554,1.79723,0.38712,0.22443,0.21946,0.09747,2.53673,2.70493,1.9042,0.0072445,0.0072445,0.0072445
336,3641.34,2.32711,2.58991,1.78197,0.41089,0.20851,0.22544,0.10201,2.52598,2.71004,1.90897,0.00723625,0.00723625,0.00723625
337,3651.76,2.31035,2.64692,1.78123,0.37155,0.2617,0.23508,0.10173,2.49102,2.67223,1.8856,0.007228,0.007228,0.007228
338,3663.09,2.28409,2.54226,1.77451,0.44848,0.2234,0.23364,0.10228,2.51403,2.71669,1.89653,0.00721975,0.00721975,0.00721975
339,3673.52,2.29723,2.58557,1.77811,0.45564,0.2244,0.22947,0.10368,2.51111,2.69884,1.8995,0.0072115,0.0072115,0.0072115
340,3683.98,2.3054,2.61469,1.79642,0.45554,0.22979,0.23649,0.10649,2.51529,2.66985,1.90648,0.00720325,0.00720325,0.00720325
341,3695.31,2.28478,2.57244,1.78944,0.34591,0.24894,0.23239,0.10366,2.50858,2.64161,1.90183,0.007195,0.007195,0.007195
342,3705.38,2.30684,2.589,1.76019,0.36886,0.24894,0.23744,0.10217,2.51838,2.64323,1.91231,0.00718675,0.00718675,0.00718675
343,3715.41,2.27928,2.58499,1.79044,0.44617,0.22979,0.23332,0.10066,2.49171,2.65835,1.91244,0.0071785,0.0071785,0.0071785
344,3725.56,2.27708,2.52296,1.75905,0.38648,0.2383,0.23431,0.10414,2.50776,2.63216,1.91568,0.00717025,0.00717025,0.00717025
345,3736.52,2.27614,2.51376,1.76932,0.41896,0.24043,0.24173,0.10542,2.49835,2.61754,1.90605,0.007162,0.007162,0.007162
346,3746.7,2.27321,2.49649,1.77319,0.41457,0.23504,0.23914,0.10427,2.48317,2.58784,1.8979,0.00715375,0.00715375,0.00715375
347,3756.88,2.25414,2.53666,1.76021,0.41852,0.23584,0.24161,0.10932,2.46499,2.6032,1.90011,0.0071455,0.0071455,0.0071455
348,3768.27,2.27274,2.55521,1.79607,0.47864,0.21277,0.23242,0.10096,2.48527,2.63848,1.90555,0.00713725,0.00713725,0.00713725
349,3778.4,2.26861,2.5604,1.75548,0.56632,0.20426,0.23717,0.1031,2.48042,2.60313,1.8949,0.007129,0.007129,0.007129
350,3788.55,2.21766,2.48792,1.73667,0.39785,0.24894,0.25664,0.10913,2.46727,2.58934,1.87155,0.00712075,0.00712075,0.00712075
351,3800.59,2.27499,2.54976,1.78167,0.40449,0.24255,0.26009,0.11126,2.49867,2.5634,1.89054,0.0071125,0.0071125,0.0071125
352,3811.03,2.24614,2.52991,1.76644,0.40994,0.25957,0.24973,0.11101,2.48257,2.59403,1.88543,0.00710425,0.00710425,0.00710425
353,3821.12,2.25854,2.53902,1.77703,0.39039,0.24894,0.24261,0.10765,2.49428,2.59326,1.87965,0.007096,0.007096,0.007096
354,3831.26,2.23789,2.48047,1.76168,0.42328,0.24894,0.24969,0.11216,2.46235,2.57767,1.86917,0.00708775,0.00708775,0.00708775
355,3842.23,2.23717,2.44793,1.7436,0.44425,0.23191,0.25038,0.11452,2.45651,2.59352,1.87562,0.0070795,0.0070795,0.0070795
356,3852.68,2.24789,2.51494,1.75467,0.41037,0.24285,0.24392,0.11403,2.44066,2.59161,1.87265,0.00707125,0.00707125,0.00707125
357,3862.79,2.23028,2.48824,1.74243,0.42479,0.23404,0.24569,0.11113,2.42787,2.56922,1.86782,0.007063,0.007063,0.007063
358,3873.81,2.23005,2.45,1.74002,0.40491,0.24468,0.24985,0.11075,2.44426,2.57179,1.87374,0.00705475,0.00705475,0.00705475
359,3883.89,2.27771,2.47927,1.75463,0.42804,0.25636,0.25646,0.11186,2.4876,2.52843,1.87072,0.0070465,0.0070465,0.0070465
360,3893.99,2.23071,2.46681,1.72718,0.43702,0.25745,0.258,0.113,2.46153,2.52255,1.85175,0.00703825,0.00703825,0.00703825
361,3904.41,2.24111,2.48114,1.73109,0.42749,0.25745,0.27238,0.12024,2.45222,2.51712,1.85645,0.00703,0.00703,0.00703
362,3915.8,2.17209,2.38011,1.72062,0.50891,0.24043,0.27267,0.12512,2.42546,2.53014,1.86351,0.00702175,0.00702175,0.00702175
363,3926.18,2.22102,2.43181,1.7147,0.47513,0.24468,0.27222,0.11781,2.42144,2.49797,1.85825,0.0070135,0.0070135,0.0070135
364,3936.37,2.22471,2.46246,1.74545,0.4033,0.24681,0.26711,0.12073,2.41729,2.51833,1.84894,0.00700525,0.00700525,0.00700525
365,3947.4,2.19753,2.43586,1.72971,0.43666,0.25745,0.27368,0.11709,2.4071,2.50703,1.86112,0.006997,0.006997,0.006997
366,3957.51,2.22337,2.49253,1.73716,0.46797,0.24255,0.28064,0.12377,2.38597,2.4807,1.85515,0.00698875,0.00698875,0.00698875
367,3967.55,2.16844,2.40381,1.72212,0.46039,0.24255,0.2713,0.12339,2.38701,2.48054,1.85993,0.0069805,0.0069805,0.0069805
368,3978.45,2.2024,2.3927,1.74081,0.40262,0.3,0.279,0.12436,2.40836,2.47087,1.85822,0.00697225,0.00697225,0.00697225
369,3988.63,2.17742,2.38712,1.7337,0.42609,0.27234,0.29107,0.12938,2.3953,2.46009,1.85639,0.006964,0.006964,0.006964
370,3999.1,2.19915,2.4192,1.70525,0.39447,0.28723,0.28649,0.12919,2.40773,2.46682,1.8633,0.00695575,0.00695575,0.00695575
371,4009.59,2.20383,2.41914,1.72947,0.42897,0.25532,0.27867,0.12787,2.39428,2.44408,1.85547,0.0069475,0.0069475,0.0069475
372,4020.26,2.20506,2.41507,1.72413,0.45186,0.28085,0.28705,0.13194,2.41293,2.47704,1.86358,0.00693925,0.00693925,0.00693925
373,4030.73,2.20983,2.38475,1.72764,0.48642,0.26596,0.29941,0.13265,2.41574,2.44998,1.85893,0.006931,0.006931,0.006931
374,4041.26,2.15788,2.35868,1.70158,0.46014,0.2766,0.29344,0.13122,2.39364,2.46641,1.86894,0.00692275,0.00692275,0.00692275
375,4052.17,2.13958,2.36849,1.7117,0.41943,0.30426,0.29464,0.13716,2.41114,2.44296,1.86578,0.0069145,0.0069145,0.0069145
376,4062.72,2.1941,2.37782,1.70488,0.41358,0.28723,0.28466,0.13023,2.37024,2.40771,1.83267,0.00690625,0.00690625,0.00690625
377,4072.76,2.15581,2.35203,1.69851,0.38374,0.31277,0.29538,0.13495,2.35615,2.39633,1.82957,0.006898,0.006898,0.006898
378,4083.65,2.20084,2.40064,1.73697,0.40753,0.30733,0.29727,0.13665,2.35334,2.38044,1.8343,0.00688975,0.00688975,0.00688975
379,4093.76,2.11686,2.31972,1.68731,0.46314,0.27447,0.28995,0.13322,2.38419,2.39995,1.85562,0.0068815,0.0068815,0.0068815
380,4103.89,2.17962,2.34946,1.70581,0.45452,0.28511,0.29062,0.13352,2.38008,2.41692,1.83432,0.00687325,0.00687325,0.00687325
381,4114.97,2.15196,2.3046,1.69679,0.44277,0.30938,0.30147,0.13881,2.37099,2.38764,1.83789,0.006865,0.006865,0.006865
382,4125.48,2.14978,2.34614,1.70172,0.44301,0.28936,0.3075,0.1447,2.37468,2.39683,1.8258,0.00685675,0.00685675,0.00685675
383,4135.86,2.14701,2.33545,1.70574,0.48227,0.27447,0.30075,0.13805,2.36159,2.38649,1.82088,0.0068485,0.0068485,0.0068485
384,4146.02,2.12783,2.32491,1.70766,0.47145,0.2617,0.29348,0.13606,2.3677,2.40534,1.82741,0.00684025,0.00684025,0.00684025
385,4156.61,2.16851,2.35163,1.72039,0.4754,0.29501,0.31493,0.14576,2.34248,2.38719,1.81715,0.006832,0.006832,0.006832
386,4167.09,2.11051,2.26731,1.66003,0.43284,0.29574,0.31978,0.14825,2.32045,2.36711,1.8123,0.00682375,0.00682375,0.00682375
387,4177.54,2.09716,2.25886,1.68369,0.47065,0.28511,0.30584,0.14179,2.35312,2.36294,1.82352,0.0068155,0.0068155,0.0068155
388,4187.84,2.12883,2.28302,1.67988,0.48109,0.30426,0.31947,0.15157,2.34231,2.36313,1.82066,0.00680725,0.00680725,0.00680725
389,4198.34,2.12461,2.3233,1.68042,0.45808,0.31064,0.32532,0.15314,2.30359,2.32948,1.80216,0.006799,0.006799,0.006799
390,4208.84,2.13661,2.2879,1.68126,0.50638,0.30213,0.3346,0.15881,2.28377,2.31106,1.78751,0.00679075,0.00679075,0.00679075
391,4220.08,2.1066,2.29043,1.68978,0.44153,0.32465,0.32755,0.15298,2.29105,2.32636,1.79634,0.0067825,0.0067825,0.0067825
392,4230.18,2.11968,2.29461,1.65209,0.51878,0.31702,0.33347,0.15775,2.30757,2.31945,1.80202,0.00677425,0.00677425,0.00677425
393,4240.25,2.14511,2.29526,1.68137,0.53339,0.30638,0.32754,0.15636,2.29517,2.31322,1.7982,0.006766,0.006766,0.006766
394,4250.38,2.12248,2.29901,1.66554,0.47584,0.31915,0.32871,0.15449,2.26797,2.28656,1.78703,0.00675775,0.00675775,0.00675775
395,4261.29,2.1217,2.28613,1.67468,0.44966,0.30597,0.32267,0.15245,2.28316,2.31113,1.78105,0.0067495,0.0067495,0.0067495
396,4271.45,2.10796,2.2574,1.64751,0.47331,0.29787,0.32219,0.15075,2.29955,2.3456,1.77557,0.00674125,0.00674125,0.00674125
397,4281.53,2.11985,2.24277,1.66094,0.51979,0.3017,0.32613,0.15622,2.29259,2.30274,1.78277,0.006733,0.006733,0.006733
398,4292.39,2.06834,2.21253,1.66458,0.50523,0.31064,0.33232,0.15903,2.27884,2.282,1.76795,0.00672475,0.00672475,0.00672475
399,4302.4,2.07899,2.23448,1.65423,0.4829,0.32766,0.33417,0.15872,2.25998,2.26952,1.75962,0.0067165,0.0067165,0.0067165
400,4312.41,2.07316,2.22878,1.64403,0.45618,0.30426,0.3216,0.15269,2.27783,2.30544,1.77133,0.00670825,0.00670825,0.00670825
401,4323.15,2.11631,2.27214,1.67214,0.48376,0.31277,0.32643,0.15763,2.26332,2.28031,1.76748,0.0067,0.0067,0.0067
402,4333.72,2.12905,2.26088,1.67429,0.47679,0.30851,0.33443,0.15961,2.27092,2.25814,1.7763,0.00669175,0.00669175,0.00669175
403,4344.17,2.08611,2.22728,1.63191,0.49054,0.30638,0.33977,0.16283,2.25718,2.23402,1.76214,0.0066835,0.0066835,0.0066835
404,4354.67,2.06341,2.2162,1.65935,0.47094,0.32128,0.3468,0.16769,2.22909,2.22223,1.75377,0.00667525,0.00667525,0.00667525
405,4365.91,2.04998,2.17028,1.6318,0.52933,0.33191,0.36255,0.17134,2.23376,2.21104,1.74594,0.006667,0.006667,0.006667
406,4376.24,2.04301,2.18288,1.64693,0.52281,0.32128,0.3532,0.17016,2.24925,2.24337,1.74738,0.00665875,0.00665875,0.00665875
407,4386.28,2.04891,2.19629,1.64756,0.49745,0.31702,0.35224,0.17173,2.23655,2.21863,1.7364,0.0066505,0.0066505,0.0066505
408,4397.1,2.07408,2.16636,1.63664,0.53683,0.32553,0.35417,0.16706,2.25981,2.26887,1.76152,0.00664225,0.00664225,0.00664225
409,4407.13,2.06439,2.18204,1.63483,0.49349,0.31915,0.357,0.16453,2.25856,2.26909,1.75435,0.006634,0.006634,0.006634
410,4417.16,2.05248,2.1751,1.64782,0.49983,0.31702,0.35741,0.17251,2.25231,2.23594,1.74408,0.00662575,0.00662575,0.00662575
411,4428.59,2.03589,2.1655,1.63316,0.52373,0.3383,0.36283,0.17319,2.25994,2.21292,1.75222,0.0066175,0.0066175,0.0066175
412,4439.13,2.03158,2.14204,1.62604,0.4685,0.34894,0.36457,0.17405,2.25087,2.22174,1.75223,0.00660925,0.00660925,0.00660925
413,4449.68,2.06786,2.2041,1.63497,0.47491,0.34043,0.35779,0.16968,2.24039,2.23,1.75079,0.006601,0.006601,0.006601
414,4459.71,2.0252,2.12397,1.62397,0.52653,0.31702,0.36809,0.17396,2.22729,2.22204,1.74884,0.00659275,0.00659275,0.00659275
415,4470.85,2.05549,2.16381,1.62834,0.53277,0.33191,0.37047,0.17606,2.21638,2.21001,1.73956,0.0065845,0.0065845,0.0065845
416,4481.27,2.05654,2.17137,1.64415,0.53996,0.33191,0.37213,0.17971,2.21666,2.1886,1.74073,0.00657625,0.00657625,0.00657625
417,4491.72,2.00515,2.13573,1.63026,0.49847,0.3447,0.37195,0.18154,2.20959,2.21898,1.74126,0.006568,0.006568,0.006568
418,4502.96,2.01311,2.11822,1.60807,0.59288,0.32553,0.38798,0.18867,2.20656,2.17408,1.73756,0.00655975,0.00655975,0.00655975
419,4513.42,2.03509,2.14764,1.61773,0.55397,0.34681,0.39739,0.19424,2.19193,2.15093,1.73594,0.0065515,0.0065515,0.0065515
420,4523.98,2.01858,2.10172,1.60489,0.49194,0.37234,0.38519,0.18741,2.19469,2.14566,1.73019,0.00654325,0.00654325,0.00654325
421,4534.97,2.02968,2.18205,1.60901,0.51638,0.37257,0.39034,0.18878,2.19176,2.14736,1.72289,0.006535,0.006535,0.006535
422,4544.96,2.03433,2.1447,1.61651,0.55589,0.35687,0.39429,0.19318,2.17873,2.13089,1.71186,0.00652675,0.00652675,0.00652675
423,4555.03,2.00628,2.0904,1.60831,0.47974,0.39787,0.40098,0.1928,2.18122,2.11799,1.71589,0.0065185,0.0065185,0.0065185
424,4565.15,2.00806,2.11795,1.61268,0.50448,0.41064,0.4048,0.19656,2.19311,2.11122,1.72742,0.00651025,0.00651025,0.00651025
425,4576.83,2.01712,2.09342,1.60814,0.5039,0.38511,0.40173,0.19177,2.18319,2.10621,1.72166,0.006502,0.006502,0.006502
426,4587,1.99668,2.10848,1.60425,0.48049,0.38723,0.40129,0.20047,2.16011,2.09013,1.71198,0.00649375,0.00649375,0.00649375
427,4597.47,2.00363,2.07818,1.59915,0.58433,0.35532,0.40162,0.19584,2.16553,2.1188,1.71066,0.0064855,0.0064855,0.0064855
428,4608.44,1.99562,2.11044,1.60037,0.54577,0.38602,0.41129,0.20256,2.15529,2.0877,1.71542,0.00647725,0.00647725,0.00647725
429,4618.88,1.98299,2.10589,1.6154,0.54078,0.38936,0.40702,0.20139,2.16153,2.10683,1.70902,0.006469,0.006469,0.006469
430,4628.95,2.00229,2.08771,1.60463,0.50907,0.40213,0.40743,0.20067,2.16282,2.09959,1.70407,0.00646075,0.00646075,0.00646075
431,4639.89,2.00695,2.06886,1.60071,0.5482,0.38298,0.41541,0.20132,2.16545,2.1017,1.70603,0.0064525,0.0064525,0.0064525
432,4650.04,1.95811,2.06131,1.57539,0.57205,0.39362,0.42155,0.20258,2.15881,2.09889,1.69539,0.00644425,0.00644425,0.00644425
433,4660.47,2.00837,2.08987,1.60526,0.57272,0.39574,0.41785,0.20619,2.14128,2.08354,1.68223,0.006436,0.006436,0.006436
434,4671.75,1.99638,2.05618,1.58267,0.60567,0.37255,0.4235,0.21358,2.12251,2.0543,1.68009,0.00642775,0.00642775,0.00642775
435,4682.47,1.99526,2.07946,1.6162,0.60827,0.38511,0.43449,0.21859,2.11677,2.05214,1.67869,0.0064195,0.0064195,0.0064195
436,4692.88,1.94731,1.98396,1.57243,0.5852,0.41489,0.43486,0.21841,2.1122,2.04232,1.68025,0.00641125,0.00641125,0.00641125
437,4702.91,1.96782,2.03269,1.5909,0.53091,0.41277,0.42795,0.21703,2.12291,2.03281,1.67906,0.006403,0.006403,0.006403
438,4713.72,1.97144,2.05026,1.58232,0.55417,0.39671,0.42776,0.21977,2.11459,2.03005,1.67866,0.00639475,0.00639475,0.00639475
439,4724.14,1.95372,1.99558,1.55875,0.55316,0.41702,0.43169,0.22073,2.11226,2.0334,1.67043,0.0063865,0.0063865,0.0063865
440,4734.58,1.98608,2.11544,1.59404,0.58376,0.37234,0.44224,0.2215,2.12018,2.02911,1.66742,0.00637825,0.00637825,0.00637825
441,4745.83,1.99959,2.05496,1.58288,0.52193,0.40426,0.43732,0.22284,2.10841,2.02836,1.66453,0.00637,0.00637,0.00637
442,4756.25,1.92547,1.96362,1.56211,0.55143,0.41489,0.44702,0.22451,2.11967,2.01143,1.67053,0.00636175,0.00636175,0.00636175
443,4766.68,1.96856,2.04033,1.57147,0.56141,0.39787,0.43871,0.2148,2.13941,2.02677,1.68797,0.0063535,0.0063535,0.0063535
444,4777.69,1.93725,2.0013,1.55211,0.55018,0.42679,0.43803,0.22361,2.11536,2.02631,1.67787,0.00634525,0.00634525,0.00634525
445,4787.68,1.92995,1.96514,1.54578,0.54981,0.42615,0.44257,0.22657,2.10534,2.02261,1.66342,0.006337,0.006337,0.006337
446,4798.08,1.9015,1.94708,1.54136,0.56555,0.41702,0.44855,0.22875,2.10093,2.00433,1.66215,0.00632875,0.00632875,0.00632875
447,4808.57,1.93489,1.99192,1.55364,0.62787,0.39362,0.44523,0.23697,2.09808,1.99587,1.65823,0.0063205,0.0063205,0.0063205
448,4820.03,1.97177,2.0445,1.59109,0.59678,0.39992,0.44406,0.2294,2.1101,1.99932,1.66413,0.00631225,0.00631225,0.00631225
449,4830.12,1.92059,1.96333,1.54085,0.60557,0.38723,0.45026,0.23574,2.08841,1.97374,1.65302,0.006304,0.006304,0.006304
450,4840.24,1.9469,1.99289,1.55394,0.62868,0.39362,0.46452,0.24449,2.07552,1.95358,1.63789,0.00629575,0.00629575,0.00629575
451,4851.54,1.9091,1.94844,1.57087,0.59276,0.41277,0.46769,0.24647,2.0662,1.95911,1.63432,0.0062875,0.0062875,0.0062875
452,4862.01,1.93576,1.98211,1.56843,0.63842,0.40638,0.46439,0.24317,2.06786,1.95363,1.63809,0.00627925,0.00627925,0.00627925
453,4872.03,1.92471,1.98219,1.54748,0.60712,0.40426,0.46457,0.24038,2.07764,1.95693,1.65365,0.006271,0.006271,0.006271
454,4882.85,1.9096,1.93585,1.5583,0.64809,0.4,0.46498,0.23983,2.07581,1.96153,1.66021,0.00626275,0.00626275,0.00626275
455,4892.99,1.91678,1.9412,1.55589,0.60932,0.41277,0.46852,0.23902,2.08479,1.97974,1.65694,0.0062545,0.0062545,0.0062545
456,4903.08,1.92348,1.96701,1.55806,0.57192,0.41915,0.46298,0.24056,2.07247,1.97308,1.64187,0.00624625,0.00624625,0.00624625
457,4913.05,1.91324,1.9544,1.55526,0.6523,0.40426,0.47533,0.24568,2.06674,1.96123,1.63171,0.006238,0.006238,0.006238
458,4924.53,1.93731,1.96665,1.56685,0.6182,0.40638,0.47795,0.24496,2.06046,1.95891,1.6219,0.00622975,0.00622975,0.00622975
459,4934.72,1.92759,2.00691,1.54541,0.60347,0.42979,0.47811,0.24736,2.04713,1.95275,1.6097,0.0062215,0.0062215,0.0062215
460,4945.13,1.92498,1.97571,1.55017,0.62114,0.41064,0.46912,0.24827,2.05099,1.96739,1.6137,0.00621325,0.00621325,0.00621325
461,4955.97,1.90548,1.93864,1.53859,0.67626,0.39787,0.48219,0.25285,2.03701,1.94954,1.60355,0.006205,0.006205,0.006205
462,4966.42,1.88133,1.92863,1.55812,0.59966,0.42979,0.48222,0.25098,2.04488,1.94038,1.60556,0.00619675,0.00619675,0.00619675
463,4976.54,1.90219,1.95859,1.55377,0.60341,0.4383,0.48239,0.25488,2.04294,1.91746,1.59768,0.0061885,0.0061885,0.0061885
464,4987.85,1.86997,1.8953,1.53668,0.59974,0.41489,0.48622,0.25343,2.04676,1.91686,1.60364,0.00618025,0.00618025,0.00618025
465,4997.96,1.88797,1.92019,1.52949,0.57219,0.44255,0.48726,0.25332,2.04186,1.9097,1.61099,0.006172,0.006172,0.006172
466,5008.07,1.88003,1.88734,1.5197,0.62454,0.41408,0.48976,0.25542,2.02978,1.89932,1.60839,0.00616375,0.00616375,0.00616375
467,5018.98,1.917,1.92741,1.5517,0.63258,0.42128,0.49381,0.2572,2.02602,1.90852,1.60666,0.0061555,0.0061555,0.0061555
468,5030.11,1.87751,1.88571,1.51968,0.64985,0.41702,0.4912,0.2622,2.00949,1.89149,1.59527,0.00614725,0.00614725,0.00614725
469,5040.49,1.89171,1.91149,1.53831,0.64884,0.43245,0.49494,0.26418,2.00505,1.89127,1.59126,0.006139,0.006139,0.006139
470,5050.92,1.84024,1.879,1.50118,0.62682,0.42885,0.49197,0.2651,2.01403,1.89906,1.59103,0.00613075,0.00613075,0.00613075
471,5062.22,1.89915,1.92493,1.53516,0.61881,0.44894,0.49964,0.2637,2.01509,1.90234,1.59542,0.0061225,0.0061225,0.0061225
472,5072.27,1.85071,1.85373,1.49921,0.65771,0.43337,0.50296,0.26602,2.0196,1.91065,1.60238,0.00611425,0.00611425,0.00611425
473,5082.72,1.87506,1.89681,1.52994,0.63869,0.44043,0.49637,0.2655,2.01692,1.89966,1.60328,0.006106,0.006106,0.006106
474,5093.71,1.8448,1.86233,1.49692,0.63701,0.44681,0.50426,0.26831,2.00109,1.89991,1.59657,0.00609775,0.00609775,0.00609775
475,5104.11,1.85659,1.85965,1.51423,0.66279,0.43492,0.50173,0.2736,1.98287,1.87635,1.59175,0.0060895,0.0060895,0.0060895
476,5114.47,1.85603,1.85961,1.50877,0.63957,0.44929,0.50158,0.27118,1.99225,1.86011,1.5961,0.00608125,0.00608125,0.00608125
477,5125.36,1.85534,1.85282,1.50804,0.63151,0.44468,0.50593,0.26732,2.00831,1.86451,1.60001,0.006073,0.006073,0.006073
478,5135.44,1.85749,1.85219,1.5058,0.68127,0.42979,0.50707,0.26897,2.00439,1.85954,1.59778,0.00606475,0.00606475,0.00606475
479,5145.18,1.85008,1.84501,1.49268,0.62944,0.44894,0.51116,0.27047,2.00731,1.85063,1.60217,0.0060565,0.0060565,0.0060565
480,5155.26,1.8719,1.86001,1.52417,0.6356,0.44681,0.51944,0.27523,1.98996,1.85024,1.59357,0.00604825,0.00604825,0.00604825
481,5166.58,1.84889,1.8778,1.51362,0.60637,0.47447,0.51975,0.27945,1.97712,1.84301,1.59307,0.00604,0.00604,0.00604
482,5177.03,1.8564,1.89252,1.5081,0.63343,0.4617,0.51786,0.27995,1.97494,1.85386,1.58959,0.00603175,0.00603175,0.00603175
483,5187.46,1.83965,1.84425,1.51879,0.60279,0.47464,0.51134,0.281,1.97225,1.85047,1.58709,0.0060235,0.0060235,0.0060235
484,5198.64,1.85288,1.84343,1.50913,0.65136,0.4383,0.51477,0.28108,1.9635,1.83208,1.58432,0.00601525,0.00601525,0.00601525
485,5209.19,1.81986,1.81747,1.50597,0.65768,0.44147,0.51929,0.27877,1.96614,1.82784,1.59113,0.006007,0.006007,0.006007
486,5219.34,1.83135,1.82373,1.48749,0.7175,0.42979,0.52587,0.28159,1.96187,1.82515,1.59174,0.00599875,0.00599875,0.00599875
487,5230.63,1.8386,1.8539,1.48944,0.69387,0.43402,0.52513,0.28288,1.95649,1.81298,1.58581,0.0059905,0.0059905,0.0059905
488,5240.9,1.83893,1.85264,1.49749,0.647,0.47186,0.53319,0.28322,1.94395,1.80734,1.57969,0.00598225,0.00598225,0.00598225
489,5251.38,1.83396,1.82119,1.49353,0.62988,0.44894,0.52644,0.28392,1.94961,1.81694,1.5723,0.005974,0.005974,0.005974
490,5261.47,1.82088,1.79215,1.4889,0.63877,0.46809,0.53069,0.28723,1.9321,1.80019,1.5684,0.00596575,0.00596575,0.00596575
491,5273.25,1.80082,1.76737,1.48744,0.66632,0.4383,0.53015,0.28839,1.93449,1.80399,1.57075,0.0059575,0.0059575,0.0059575
492,5283.64,1.8261,1.82517,1.49446,0.72173,0.43043,0.53908,0.29085,1.92876,1.78393,1.56995,0.00594925,0.00594925,0.00594925
493,5294.02,1.80985,1.78632,1.47561,0.63964,0.47234,0.53886,0.28749,1.93444,1.79241,1.56474,0.005941,0.005941,0.005941
494,5304.8,1.80054,1.75981,1.49602,0.66441,0.48442,0.55181,0.29441,1.93798,1.78264,1.56303,0.00593275,0.00593275,0.00593275
495,5315.26,1.82352,1.7772,1.49737,0.72064,0.48085,0.55815,0.29661,1.94547,1.7749,1.56895,0.0059245,0.0059245,0.0059245
496,5325.15,1.79847,1.78167,1.48169,0.71554,0.47021,0.5658,0.29815,1.9403,1.77489,1.57199,0.00591625,0.00591625,0.00591625
497,5336.58,1.79447,1.76798,1.4991,0.75976,0.46429,0.56548,0.30312,1.92368,1.76626,1.56977,0.005908,0.005908,0.005908
498,5347.09,1.83464,1.79299,1.48512,0.73177,0.47598,0.56458,0.30238,1.92461,1.77077,1.57587,0.00589975,0.00589975,0.00589975
499,5357.15,1.8025,1.77528,1.49572,0.69305,0.49574,0.56207,0.29888,1.9267,1.77274,1.57399,0.0058915,0.0058915,0.0058915
500,5367.82,1.78925,1.7661,1.47143,0.68829,0.48723,0.56096,0.29878,1.92582,1.76907,1.56721,0.00588325,0.00588325,0.00588325
501,5378.19,1.79736,1.79038,1.47371,0.7141,0.47872,0.56885,0.3028,1.92639,1.74362,1.56416,0.005875,0.005875,0.005875
502,5388.62,1.80345,1.7949,1.47594,0.71022,0.50638,0.57518,0.30491,1.92434,1.74265,1.54974,0.00586675,0.00586675,0.00586675
503,5399.06,1.82745,1.76495,1.48441,0.75099,0.48125,0.57367,0.30771,1.91177,1.7256,1.54856,0.0058585,0.0058585,0.0058585
504,5410.27,1.81148,1.78215,1.48874,0.68816,0.49301,0.56901,0.30796,1.9111,1.71949,1.55107,0.00585025,0.00585025,0.00585025
505,5420.37,1.77251,1.7507,1.46758,0.69896,0.4617,0.56207,0.30741,1.91963,1.72288,1.55765,0.005842,0.005842,0.005842
506,5430.5,1.80992,1.77355,1.48831,0.73222,0.45961,0.56179,0.30977,1.91544,1.70655,1.55929,0.00583375,0.00583375,0.00583375
507,5441.75,1.75932,1.72257,1.44759,0.62424,0.51489,0.56237,0.31017,1.90253,1.70929,1.55169,0.0058255,0.0058255,0.0058255
508,5452.14,1.78169,1.75395,1.46442,0.71179,0.45106,0.56292,0.31511,1.89916,1.71852,1.53858,0.00581725,0.00581725,0.00581725
509,5462.56,1.77074,1.70716,1.4561,0.63921,0.49004,0.56096,0.3152,1.89321,1.71858,1.53035,0.005809,0.005809,0.005809
510,5472.66,1.79922,1.7572,1.461,0.68165,0.50851,0.569,0.31942,1.88131,1.70514,1.52642,0.00580075,0.00580075,0.00580075
511,5485.44,1.80555,1.76881,1.47515,0.65222,0.51872,0.56936,0.32036,1.87239,1.71042,1.51985,0.0057925,0.0057925,0.0057925
512,5498.61,1.75626,1.7159,1.45495,0.64973,0.51306,0.57326,0.32237,1.87025,1.69831,1.52418,0.00578425,0.00578425,0.00578425
513,5509.04,1.77175,1.712,1.45255,0.66844,0.50851,0.58186,0.32585,1.87911,1.7041,1.52829,0.005776,0.005776,0.005776
514,5519.48,1.75528,1.71493,1.4691,0.6735,0.53617,0.58849,0.32661,1.88381,1.70065,1.5293,0.00576775,0.00576775,0.00576775
515,5531.14,1.74341,1.69565,1.44307,0.66345,0.52011,0.58484,0.32565,1.87853,1.70414,1.52342,0.0057595,0.0057595,0.0057595
516,5546.19,1.77602,1.71788,1.45294,0.72552,0.48298,0.58384,0.32829,1.87015,1.70034,1.5195,0.00575125,0.00575125,0.00575125
517,5556.51,1.72389,1.71922,1.46381,0.71094,0.50638,0.58409,0.32402,1.86624,1.69711,1.52378,0.005743,0.005743,0.005743
518,5566.41,1.7793,1.71765,1.46689,0.68984,0.51915,0.58381,0.32762,1.86311,1.67071,1.51537,0.00573475,0.00573475,0.00573475
519,5576.46,1.76368,1.72523,1.4648,0.68883,0.52281,0.58859,0.32591,1.84832,1.67255,1.50701,0.0057265,0.0057265,0.0057265
520,5590.27,1.7344,1.67981,1.44896,0.69298,0.53404,0.586,0.32727,1.85502,1.68722,1.51317,0.00571825,0.00571825,0.00571825
521,5605.65,1.75655,1.70694,1.44181,0.71659,0.51064,0.58057,0.32968,1.84476,1.67887,1.50918,0.00571,0.00571,0.00571
522,5616.02,1.75428,1.70371,1.44589,0.69118,0.50213,0.57794,0.32657,1.84147,1.67409,1.51182,0.00570175,0.00570175,0.00570175
523,5626.11,1.73021,1.64666,1.43222,0.69326,0.51489,0.58555,0.32814,1.83518,1.65976,1.50789,0.0056935,0.0056935,0.0056935
524,5636.16,1.73773,1.68681,1.45967,0.70137,0.5197,0.5934,0.32859,1.83709,1.6541,1.50584,0.00568525,0.00568525,0.00568525
525,5651.48,1.73005,1.66725,1.43168,0.74727,0.49701,0.59798,0.32933,1.8308,1.6557,1.49778,0.005677,0.005677,0.005677
526,5663.99,1.73627,1.67107,1.43918,0.70571,0.50638,0.59451,0.33504,1.81546,1.66856,1.49171,0.00566875,0.00566875,0.00566875
527,5674.51,1.72643,1.6704,1.43852,0.75117,0.50213,0.5955,0.33531,1.8142,1.67118,1.48955,0.0056605,0.0056605,0.0056605
528,5684.96,1.73867,1.67806,1.43784,0.72325,0.5234,0.60543,0.33882,1.81158,1.65794,1.48971,0.00565225,0.00565225,0.00565225
529,5699.02,1.72485,1.65665,1.43116,0.70517,0.52128,0.60646,0.34092,1.80592,1.65232,1.48335,0.005644,0.005644,0.005644
530,5713.21,1.73317,1.67585,1.44772,0.69618,0.5234,0.60139,0.34064,1.81294,1.662,1.49237,0.00563575,0.00563575,0.00563575
531,5723.38,1.73654,1.68871,1.43563,0.74023,0.50638,0.59792,0.34108,1.81342,1.65569,1.49365,0.0056275,0.0056275,0.0056275
532,5733.43,1.7134,1.62974,1.42414,0.70119,0.49928,0.59388,0.33728,1.81916,1.65903,1.49627,0.00561925,0.00561925,0.00561925
533,5745.38,1.708,1.65168,1.42987,0.64475,0.53617,0.59207,0.33097,1.82206,1.65476,1.49562,0.005611,0.005611,0.005611
534,5760.69,1.72949,1.65447,1.44586,0.6649,0.54468,0.60045,0.33382,1.822,1.65052,1.48996,0.00560275,0.00560275,0.00560275
535,5770.26,1.71304,1.65145,1.42968,0.69161,0.52766,0.5998,0.33672,1.81343,1.63847,1.48253,0.0055945,0.0055945,0.0055945
536,5779.71,1.72228,1.6328,1.43378,0.66278,0.54894,0.60602,0.341,1.81552,1.63468,1.48605,0.00558625,0.00558625,0.00558625
537,5789.61,1.69762,1.6177,1.40798,0.74953,0.49362,0.6106,0.34929,1.80582,1.60855,1.47631,0.005578,0.005578,0.005578
538,5803.81,1.68589,1.58228,1.40344,0.70603,0.52553,0.61204,0.35037,1.79419,1.5968,1.46862,0.00556975,0.00556975,0.00556975
539,5816.86,1.71268,1.64959,1.40799,0.69528,0.5234,0.60966,0.34491,1.78904,1.58877,1.4719,0.0055615,0.0055615,0.0055615
540,5826.94,1.73533,1.62816,1.41674,0.65214,0.55745,0.61501,0.34751,1.78693,1.59358,1.47406,0.00555325,0.00555325,0.00555325
541,5837.02,1.70344,1.66705,1.43722,0.66134,0.54255,0.61251,0.3498,1.79218,1.59782,1.47568,0.005545,0.005545,0.005545
542,5849.32,1.69061,1.59281,1.40661,0.66562,0.54468,0.61181,0.34777,1.78668,1.59917,1.47436,0.00553675,0.00553675,0.00553675
543,5864.03,1.68895,1.61396,1.42744,0.64684,0.55745,0.60954,0.34607,1.78394,1.58978,1.46986,0.0055285,0.0055285,0.0055285
544,5874.14,1.68458,1.6082,1.41903,0.65852,0.5539,0.61794,0.34747,1.78123,1.57864,1.47363,0.00552025,0.00552025,0.00552025
545,5884.27,1.70046,1.61794,1.424,0.66725,0.55957,0.62259,0.3538,1.77724,1.57392,1.46869,0.005512,0.005512,0.005512
546,5894.99,1.69959,1.61397,1.4009,0.66777,0.5383,0.62046,0.35661,1.77593,1.58558,1.46792,0.00550375,0.00550375,0.00550375
547,5912.02,1.679,1.59511,1.41008,0.6701,0.54681,0.61918,0.35787,1.77852,1.58103,1.47044,0.0054955,0.0054955,0.0054955
548,5923.12,1.69148,1.61136,1.4036,0.71687,0.52128,0.61501,0.35183,1.78747,1.59124,1.47347,0.00548725,0.00548725,0.00548725
549,5933.2,1.69822,1.59639,1.40656,0.73121,0.5267,0.61215,0.35323,1.77815,1.5886,1.4739,0.005479,0.005479,0.005479
550,5943.16,1.70372,1.63082,1.41689,0.73628,0.52867,0.61666,0.35155,1.78778,1.58605,1.47749,0.00547075,0.00547075,0.00547075
551,5957.42,1.68219,1.59305,1.40547,0.74477,0.54468,0.62178,0.35474,1.78815,1.58292,1.47657,0.0054625,0.0054625,0.0054625
552,5970.33,1.69189,1.60833,1.40737,0.7155,0.54468,0.62076,0.35978,1.7854,1.58896,1.47597,0.00545425,0.00545425,0.00545425
553,5980.77,1.71286,1.63007,1.40877,0.73301,0.54326,0.61953,0.359,1.77614,1.58808,1.47374,0.005446,0.005446,0.005446
554,5990.91,1.71444,1.62081,1.41593,0.72132,0.55532,0.62675,0.36193,1.78272,1.5955,1.47,0.00543775,0.00543775,0.00543775
555,6004.09,1.69426,1.5626,1.41952,0.71133,0.54043,0.62617,0.36215,1.78405,1.59069,1.46762,0.0054295,0.0054295,0.0054295
556,6019.07,1.66427,1.56091,1.39165,0.74911,0.54633,0.63137,0.35988,1.78042,1.58064,1.46841,0.00542125,0.00542125,0.00542125
557,6029.1,1.6983,1.58221,1.40457,0.73697,0.5544,0.63297,0.36396,1.77436,1.56623,1.46406,0.005413,0.005413,0.005413
558,6039.55,1.64971,1.55193,1.39689,0.72428,0.55331,0.63181,0.36534,1.76506,1.55297,1.4578,0.00540475,0.00540475,0.00540475
559,6051.25,1.69661,1.62606,1.4187,0.69943,0.54462,0.63434,0.36437,1.75837,1.55012,1.45543,0.0053965,0.0053965,0.0053965
560,6067.34,1.6571,1.58724,1.39926,0.66277,0.56383,0.63481,0.36435,1.74942,1.55038,1.4518,0.00538825,0.00538825,0.00538825
561,6077.38,1.65263,1.57976,1.40002,0.7011,0.55532,0.6317,0.36788,1.74756,1.54838,1.44788,0.00538,0.00538,0.00538
562,6087.83,1.65888,1.5722,1.38988,0.71114,0.54475,0.63155,0.37214,1.74353,1.54385,1.45086,0.00537175,0.00537175,0.00537175
563,6098.22,1.68963,1.58535,1.39866,0.7037,0.55745,0.63284,0.37058,1.74827,1.55382,1.45077,0.0053635,0.0053635,0.0053635
564,6112.15,1.67526,1.58519,1.3894,0.722,0.58021,0.64026,0.37057,1.74619,1.54248,1.44633,0.00535525,0.00535525,0.00535525
565,6125.45,1.62355,1.53765,1.36387,0.74547,0.58936,0.64349,0.37094,1.74275,1.52454,1.44366,0.005347,0.005347,0.005347
566,6135.87,1.63012,1.53618,1.38107,0.74305,0.56606,0.64047,0.37557,1.73072,1.51502,1.44204,0.00533875,0.00533875,0.00533875
567,6146.42,1.66802,1.53977,1.38516,0.74164,0.57412,0.64244,0.37752,1.72667,1.51113,1.43663,0.0053305,0.0053305,0.0053305
568,6158.8,1.66325,1.5702,1.3946,0.74825,0.55319,0.64441,0.37918,1.71795,1.49815,1.43513,0.00532225,0.00532225,0.00532225
569,6174.36,1.64707,1.56943,1.38488,0.7627,0.54894,0.64426,0.3791,1.71543,1.49299,1.43116,0.005314,0.005314,0.005314
570,6184.52,1.64074,1.49807,1.37785,0.74456,0.54681,0.64523,0.37997,1.71061,1.49492,1.42631,0.00530575,0.00530575,0.00530575
571,6195.02,1.63458,1.53987,1.38373,0.74704,0.55106,0.64804,0.37995,1.69592,1.48681,1.41963,0.0052975,0.0052975,0.0052975
572,6205.35,1.62187,1.52658,1.38662,0.71625,0.57872,0.65184,0.38496,1.68986,1.47838,1.41886,0.00528925,0.00528925,0.00528925
573,6222.04,1.63734,1.50912,1.36717,0.72753,0.57947,0.65446,0.38843,1.68418,1.47732,1.4153,0.005281,0.005281,0.005281
574,6233.97,1.6296,1.52638,1.38408,0.74375,0.57872,0.65794,0.39185,1.67996,1.46786,1.41164,0.00527275,0.00527275,0.00527275
575,6244.46,1.66123,1.53775,1.38933,0.77718,0.55319,0.65584,0.39154,1.67808,1.46499,1.40669,0.0052645,0.0052645,0.0052645
576,6254.69,1.63739,1.52722,1.38229,0.74253,0.56452,0.6552,0.38912,1.68029,1.47141,1.40971,0.00525625,0.00525625,0.00525625
577,6268.32,1.65791,1.55951,1.3963,0.76097,0.56221,0.65495,0.38878,1.683,1.47241,1.40915,0.005248,0.005248,0.005248
578,6281.16,1.61378,1.50979,1.36024,0.75319,0.56596,0.65674,0.38854,1.68121,1.47062,1.40481,0.00523975,0.00523975,0.00523975
579,6291.33,1.68786,1.55993,1.38303,0.73755,0.5766,0.65543,0.38909,1.68125,1.46859,1.40149,0.0052315,0.0052315,0.0052315
580,6301.38,1.65357,1.56914,1.38939,0.7491,0.57172,0.65435,0.39098,1.68087,1.46203,1.40503,0.00522325,0.00522325,0.00522325
581,6313.16,1.63011,1.52166,1.36194,0.70956,0.59574,0.66122,0.39445,1.67497,1.45715,1.40691,0.005215,0.005215,0.005215
582,6328.39,1.60394,1.50174,1.36596,0.74236,0.58723,0.66219,0.39751,1.67743,1.45628,1.40228,0.00520675,0.00520675,0.00520675
583,6338.94,1.6281,1.53922,1.38985,0.75621,0.57234,0.6616,0.39791,1.67712,1.46117,1.4052,0.0051985,0.0051985,0.0051985
584,6349.31,1.61598,1.50921,1.36584,0.76167,0.57021,0.6622,0.39282,1.68179,1.46221,1.40566,0.00519025,0.00519025,0.00519025
585,6359.43,1.60343,1.49773,1.36515,0.76393,0.55319,0.65833,0.39328,1.67672,1.46039,1.40253,0.005182,0.005182,0.005182
586,6375.07,1.65437,1.53418,1.37646,0.79219,0.55745,0.66329,0.38962,1.67098,1.45417,1.40322,0.00517375,0.00517375,0.00517375
587,6385.18,1.61607,1.48742,1.36405,0.77492,0.56596,0.66122,0.39284,1.66455,1.4485,1.40138,0.0051655,0.0051655,0.0051655
588,6395.24,1.59814,1.4709,1.37146,0.71064,0.58723,0.65548,0.39553,1.65691,1.4384,1.39736,0.00515725,0.00515725,0.00515725
589,6405.28,1.59746,1.47847,1.35642,0.70951,0.59787,0.65602,0.39355,1.6585,1.43755,1.39724,0.005149,0.005149,0.005149
590,6419.5,1.60657,1.47571,1.35772,0.74262,0.58085,0.65926,0.39637,1.65481,1.44236,1.3969,0.00514075,0.00514075,0.00514075
591,6431.63,1.59442,1.48269,1.34348,0.78302,0.55319,0.6604,0.3965,1.65471,1.44236,1.39802,0.0051325,0.0051325,0.0051325
592,6441.74,1.58636,1.46468,1.36916,0.72037,0.58936,0.66126,0.3977,1.65351,1.4492,1.39611,0.00512425,0.00512425,0.00512425
593,6451.85,1.57421,1.43392,1.33783,0.78781,0.55296,0.6617,0.39858,1.65708,1.44113,1.39616,0.005116,0.005116,0.005116
594,6464.93,1.55161,1.44357,1.33946,0.7751,0.56809,0.6641,0.3984,1.65777,1.43721,1.39707,0.00510775,0.00510775,0.00510775
595,6478.35,1.59032,1.47771,1.34143,0.77931,0.571,0.66966,0.40344,1.65583,1.43355,1.39541,0.0050995,0.0050995,0.0050995
596,6488.65,1.58919,1.46243,1.35283,0.77988,0.59362,0.66961,0.40259,1.64951,1.43812,1.38877,0.00509125,0.00509125,0.00509125
597,6498.85,1.58267,1.46926,1.36068,0.78049,0.58723,0.67492,0.40539,1.64587,1.44059,1.38589,0.005083,0.005083,0.005083
598,6511.73,1.5903,1.44115,1.34959,0.7986,0.5737,0.67386,0.40373,1.64722,1.43672,1.38821,0.00507475,0.00507475,0.00507475
599,6524.72,1.58334,1.4723,1.34256,0.81255,0.57021,0.67563,0.40549,1.64845,1.42582,1.39008,0.0050665,0.0050665,0.0050665
600,6535.17,1.63074,1.50855,1.38075,0.83105,0.56809,0.6701,0.40426,1.64131,1.42057,1.39025,0.00505825,0.00505825,0.00505825
601,6545.44,1.54981,1.44631,1.32694,0.82234,0.57021,0.67032,0.40801,1.636,1.41662,1.3904,0.00505,0.00505,0.00505
602,6558.1,1.59665,1.45817,1.36097,0.80877,0.5766,0.67221,0.40938,1.63471,1.41188,1.38609,0.00504175,0.00504175,0.00504175
603,6571.9,1.59103,1.47297,1.353,0.79959,0.58511,0.67265,0.40974,1.63743,1.41481,1.38552,0.0050335,0.0050335,0.0050335
604,6582.2,1.5849,1.44106,1.34201,0.81801,0.58336,0.68033,0.41569,1.63652,1.41,1.38146,0.00502525,0.00502525,0.00502525
605,6592.53,1.61274,1.47926,1.3582,0.81448,0.58936,0.68008,0.41689,1.6321,1.40829,1.37533,0.005017,0.005017,0.005017
606,6605.09,1.56057,1.41335,1.33459,0.81407,0.58936,0.68191,0.41772,1.63019,1.40074,1.37592,0.00500875,0.00500875,0.00500875
607,6619.09,1.581,1.45163,1.34741,0.79565,0.59574,0.68268,0.41383,1.62837,1.39677,1.38016,0.0050005,0.0050005,0.0050005
608,6629.2,1.56017,1.41855,1.32721,0.81552,0.57872,0.68504,0.4126,1.6334,1.3964,1.38289,0.00499225,0.00499225,0.00499225
609,6639.36,1.54127,1.40787,1.32949,0.80623,0.59312,0.68774,0.41379,1.63131,1.39579,1.37961,0.004984,0.004984,0.004984
610,6650.37,1.58965,1.44788,1.34058,0.80423,0.59787,0.68817,0.4112,1.62997,1.40685,1.37753,0.00497575,0.00497575,0.00497575
611,6665.16,1.56842,1.42843,1.33541,0.84485,0.56596,0.68715,0.41147,1.62486,1.40773,1.37623,0.0049675,0.0049675,0.0049675
612,6675.31,1.5798,1.44995,1.34969,0.8109,0.58393,0.6908,0.41476,1.61775,1.40558,1.37378,0.00495925,0.00495925,0.00495925
613,6685.47,1.54352,1.41838,1.34091,0.79162,0.59814,0.69228,0.41867,1.61141,1.40666,1.37356,0.004951,0.004951,0.004951
614,6696.42,1.54157,1.41497,1.33903,0.82829,0.57473,0.69235,0.4224,1.61345,1.39435,1.37409,0.00494275,0.00494275,0.00494275
615,6712.15,1.55926,1.41751,1.33338,0.83454,0.58085,0.69065,0.42198,1.60989,1.38006,1.37173,0.0049345,0.0049345,0.0049345
616,6722.27,1.55064,1.40964,1.34965,0.83001,0.58723,0.69233,0.41981,1.61041,1.37341,1.37048,0.00492625,0.00492625,0.00492625
617,6732.33,1.53257,1.40551,1.33346,0.82219,0.58936,0.69875,0.42462,1.6084,1.35952,1.37071,0.004918,0.004918,0.004918
618,6742.82,1.55919,1.43047,1.33678,0.80068,0.60638,0.7006,0.42454,1.60814,1.35553,1.37076,0.00490975,0.00490975,0.00490975
619,6758.54,1.54313,1.40089,1.33112,0.78618,0.6102,0.69991,0.42647,1.61056,1.35418,1.37382,0.0049015,0.0049015,0.0049015
620,6769.26,1.50891,1.36012,1.30579,0.78909,0.60638,0.70148,0.42566,1.61221,1.35369,1.37271,0.00489325,0.00489325,0.00489325
621,6779.34,1.54758,1.38836,1.32052,0.78108,0.61489,0.7047,0.42866,1.61225,1.35485,1.37003,0.004885,0.004885,0.004885
622,6789.77,1.56062,1.42746,1.32832,0.7723,0.61915,0.70449,0.429,1.60654,1.35065,1.36823,0.00487675,0.00487675,0.00487675
623,6804.94,1.55867,1.42211,1.34053,0.76384,0.62128,0.70354,0.42891,1.59715,1.35017,1.36349,0.0048685,0.0048685,0.0048685
624,6815.64,1.56477,1.42452,1.34058,0.76161,0.63617,0.71006,0.43401,1.5932,1.34845,1.3596,0.00486025,0.00486025,0.00486025
625,6825.96,1.54759,1.41088,1.31786,0.76632,0.62798,0.71105,0.431,1.5859,1.34149,1.35475,0.004852,0.004852,0.004852
626,6836.11,1.5382,1.40725,1.33233,0.78353,0.62128,0.71186,0.43328,1.58771,1.34519,1.35609,0.00484375,0.00484375,0.00484375
627,6850.13,1.54124,1.41165,1.3268,0.78568,0.62397,0.71478,0.43463,1.58934,1.34194,1.35869,0.0048355,0.0048355,0.0048355
628,6861.93,1.54484,1.39244,1.31673,0.80367,0.61489,0.71495,0.4334,1.58656,1.34132,1.35832,0.00482725,0.00482725,0.00482725
629,6871.99,1.5322,1.38406,1.32207,0.82376,0.60213,0.71029,0.43474,1.58805,1.34392,1.3568,0.004819,0.004819,0.004819
630,6882.08,1.5376,1.39399,1.3115,0.81416,0.59574,0.7076,0.43444,1.58635,1.34106,1.35521,0.00481075,0.00481075,0.00481075
631,6895.65,1.55332,1.3929,1.33445,0.81682,0.61667,0.71333,0.43778,1.5775,1.33352,1.35107,0.0048025,0.0048025,0.0048025
632,6908.05,1.52459,1.35753,1.31028,0.80066,0.62386,0.71217,0.44005,1.57065,1.32899,1.34942,0.00479425,0.00479425,0.00479425
633,6918.48,1.49296,1.32408,1.29424,0.80725,0.61489,0.71296,0.4387,1.57147,1.32797,1.34968,0.004786,0.004786,0.004786
634,6928.4,1.56003,1.39756,1.33359,0.83803,0.60547,0.71248,0.43882,1.56639,1.32841,1.34901,0.00477775,0.00477775,0.00477775
635,6941.58,1.52388,1.34998,1.32213,0.82143,0.60683,0.71098,0.43926,1.56763,1.32845,1.34946,0.0047695,0.0047695,0.0047695
636,6954.02,1.52262,1.35527,1.30887,0.83245,0.60253,0.71074,0.43964,1.56746,1.32945,1.34797,0.00476125,0.00476125,0.00476125
637,6964.17,1.52245,1.35107,1.32508,0.8406,0.60213,0.71099,0.4415,1.56809,1.33069,1.34929,0.004753,0.004753,0.004753
638,6974.56,1.51954,1.38068,1.31551,0.82729,0.6115,0.71509,0.44171,1.56184,1.32394,1.34669,0.00474475,0.00474475,0.00474475
639,6986.9,1.52022,1.38165,1.30803,0.85193,0.60638,0.71739,0.44097,1.56411,1.31845,1.34435,0.0047365,0.0047365,0.0047365
640,7000.81,1.50935,1.34629,1.29776,0.82614,0.61277,0.717,0.44227,1.56296,1.31459,1.34252,0.00472825,0.00472825,0.00472825
641,7011.14,1.53004,1.37515,1.32844,0.83858,0.60638,0.71749,0.44377,1.56053,1.31274,1.3395,0.00472,0.00472,0.00472
642,7021.51,1.50071,1.33244,1.30867,0.83305,0.61915,0.71649,0.44419,1.55945,1.31141,1.33818,0.00471175,0.00471175,0.00471175
643,7032.76,1.51143,1.35892,1.32198,0.82187,0.62128,0.71655,0.44277,1.55709,1.30998,1.33799,0.0047035,0.0047035,0.0047035
644,7047.71,1.5301,1.37524,1.32857,0.83893,0.62553,0.7134,0.44265,1.56152,1.30835,1.3411,0.00469525,0.00469525,0.00469525
645,7057.86,1.49155,1.33337,1.29166,0.82515,0.62979,0.71638,0.44374,1.56087,1.30998,1.34143,0.004687,0.004687,0.004687
646,7067.99,1.53621,1.3948,1.3231,0.81815,0.62128,0.71169,0.44222,1.56031,1.30673,1.3446,0.00467875,0.00467875,0.00467875
647,7078.1,1.51739,1.36431,1.31185,0.80503,0.63252,0.71649,0.44625,1.55669,1.30796,1.34703,0.0046705,0.0046705,0.0046705
648,7092.84,1.52633,1.36726,1.32602,0.83589,0.61277,0.71858,0.44799,1.55117,1.30109,1.34649,0.00466225,0.00466225,0.00466225
649,7103.68,1.50043,1.31893,1.29623,0.83389,0.61064,0.72246,0.44818,1.55141,1.29473,1.3478,0.004654,0.004654,0.004654
650,7114.07,1.50489,1.35174,1.30373,0.83089,0.62724,0.72531,0.44847,1.55066,1.29163,1.34663,0.00464575,0.00464575,0.00464575
651,7124.46,1.48894,1.33043,1.29571,0.81753,0.63404,0.72639,0.449,1.54969,1.28647,1.34629,0.0046375,0.0046375,0.0046375
652,7139.15,1.48767,1.3205,1.29113,0.81838,0.63191,0.72426,0.45172,1.54482,1.28369,1.34483,0.00462925,0.00462925,0.00462925
653,7150.24,1.51225,1.36047,1.31544,0.82951,0.63404,0.72233,0.45183,1.54722,1.27704,1.34125,0.004621,0.004621,0.004621
654,7159.92,1.51394,1.37477,1.31092,0.82476,0.64681,0.72445,0.45436,1.54521,1.27023,1.33741,0.00461275,0.00461275,0.00461275
655,7171.95,1.49899,1.32699,1.29994,0.85982,0.63191,0.72821,0.45655,1.54141,1.27069,1.33301,0.0046045,0.0046045,0.0046045
656,7183.87,1.50492,1.34969,1.30985,0.86338,0.63617,0.72997,0.45993,1.53999,1.26752,1.33345,0.00459625,0.00459625,0.00459625
657,7194.33,1.48599,1.332,1.28319,0.85986,0.63966,0.72981,0.45922,1.53626,1.26501,1.33152,0.004588,0.004588,0.004588
658,7204.44,1.48304,1.29599,1.2933,0.83885,0.64468,0.73115,0.45898,1.53097,1.26034,1.33042,0.00457975,0.00457975,0.00457975
659,7217.7,1.49365,1.31172,1.29706,0.82829,0.65685,0.7359,0.46243,1.5276,1.25737,1.32868,0.0045715,0.0045715,0.0045715
660,7229,1.51715,1.34929,1.29976,0.83622,0.66264,0.73675,0.46394,1.52195,1.25375,1.32411,0.00456325,0.00456325,0.00456325
661,7239.57,1.47926,1.29505,1.27691,0.83804,0.65745,0.73792,0.46612,1.52035,1.24865,1.32181,0.004555,0.004555,0.004555
662,7250,1.46521,1.28509,1.28392,0.82291,0.66809,0.73781,0.46587,1.5191,1.24865,1.32012,0.00454675,0.00454675,0.00454675
663,7263.19,1.47856,1.30663,1.29012,0.82381,0.64894,0.7378,0.46557,1.51445,1.25272,1.31891,0.0045385,0.0045385,0.0045385
664,7273.26,1.48088,1.3212,1.29424,0.81161,0.66383,0.73759,0.46519,1.51009,1.25189,1.31795,0.00453025,0.00453025,0.00453025
665,7282.88,1.46304,1.3104,1.28651,0.82777,0.64423,0.73494,0.46578,1.50786,1.24864,1.31823,0.004522,0.004522,0.004522
666,7292.48,1.47109,1.29346,1.28504,0.8334,0.64894,0.73762,0.46648,1.51101,1.24678,1.31801,0.00451375,0.00451375,0.00451375
667,7305.98,1.46318,1.30513,1.27438,0.83429,0.65345,0.73884,0.46872,1.50806,1.24286,1.31451,0.0045055,0.0045055,0.0045055
668,7316.46,1.51618,1.32781,1.30399,0.82804,0.65571,0.74396,0.47022,1.50559,1.23941,1.31146,0.00449725,0.00449725,0.00449725
669,7326.98,1.48709,1.29537,1.28397,0.81455,0.66809,0.74169,0.47153,1.50761,1.23885,1.31312,0.004489,0.004489,0.004489
670,7337.45,1.49868,1.34851,1.28854,0.81581,0.66908,0.74551,0.47222,1.50593,1.22786,1.31098,0.00448075,0.00448075,0.00448075
671,7350.65,1.50751,1.35802,1.29454,0.81512,0.66596,0.74552,0.47422,1.5033,1.22611,1.31215,0.0044725,0.0044725,0.0044725
672,7361.11,1.48185,1.30135,1.28692,0.82207,0.6617,0.74839,0.47573,1.50233,1.2289,1.31215,0.00446425,0.00446425,0.00446425
673,7371.54,1.48293,1.31683,1.2815,0.81668,0.66349,0.7477,0.47365,1.49902,1.22209,1.30989,0.004456,0.004456,0.004456
674,7383.13,1.46857,1.29942,1.27864,0.83749,0.64693,0.74755,0.47209,1.49701,1.21981,1.30559,0.00444775,0.00444775,0.00444775
675,7395.08,1.451,1.29649,1.28252,0.83282,0.66383,0.7499,0.47419,1.49897,1.21693,1.30469,0.0044395,0.0044395,0.0044395
676,7405.11,1.50908,1.33842,1.29317,0.83713,0.67872,0.75302,0.47707,1.49775,1.219,1.30342,0.00443125,0.00443125,0.00443125
677,7415.47,1.45311,1.26657,1.28116,0.84695,0.67234,0.75185,0.48011,1.49612,1.22315,1.30175,0.004423,0.004423,0.004423
678,7428.72,1.46021,1.29359,1.28098,0.85368,0.67021,0.75258,0.48147,1.49038,1.22066,1.29947,0.00441475,0.00441475,0.00441475
679,7439.22,1.46372,1.28666,1.26578,0.86692,0.66809,0.7539,0.48088,1.48781,1.21803,1.29895,0.0044065,0.0044065,0.0044065
680,7449.27,1.48967,1.3025,1.28336,0.86474,0.66654,0.75602,0.48317,1.48625,1.216,1.30025,0.00439825,0.00439825,0.00439825
681,7459.76,1.49857,1.31964,1.29376,0.86522,0.66927,0.7552,0.48022,1.48734,1.22175,1.29992,0.00439,0.00439,0.00439
682,7472.79,1.46971,1.26706,1.28446,0.87403,0.66596,0.75472,0.47968,1.48872,1.22851,1.30149,0.00438175,0.00438175,0.00438175
683,7482.89,1.4747,1.32711,1.2803,0.87345,0.6617,0.75429,0.47887,1.48638,1.23319,1.30109,0.0043735,0.0043735,0.0043735
684,7492.91,1.48815,1.3276,1.28661,0.86936,0.6617,0.75597,0.47963,1.48402,1.22902,1.2985,0.00436525,0.00436525,0.00436525
685,7503.4,1.45724,1.28014,1.27532,0.86701,0.66578,0.75779,0.48323,1.47971,1.22203,1.29444,0.004357,0.004357,0.004357
686,7516.47,1.43937,1.24974,1.26253,0.86884,0.66809,0.75749,0.48545,1.47894,1.21802,1.29287,0.00434875,0.00434875,0.00434875
687,7526.92,1.44525,1.26645,1.27246,0.85211,0.66197,0.75518,0.48271,1.4781,1.21623,1.29188,0.0043405,0.0043405,0.0043405
688,7536.96,1.46636,1.26651,1.26766,0.84799,0.66465,0.75566,0.48142,1.47501,1.21768,1.28955,0.00433225,0.00433225,0.00433225
689,7549.18,1.44107,1.2639,1.26514,0.82722,0.67021,0.75414,0.48171,1.47157,1.21896,1.28597,0.004324,0.004324,0.004324
690,7560.14,1.4457,1.27748,1.27219,0.83286,0.66795,0.75447,0.48017,1.46786,1.21512,1.28487,0.00431575,0.00431575,0.00431575
691,7570.34,1.4609,1.26916,1.28308,0.84115,0.65344,0.75328,0.48388,1.46797,1.21693,1.28353,0.0043075,0.0043075,0.0043075
692,7580.41,1.46962,1.29771,1.27231,0.83915,0.6617,0.75243,0.48321,1.46714,1.21806,1.28364,0.00429925,0.00429925,0.00429925
693,7593.29,1.45357,1.28524,1.27958,0.84853,0.6617,0.75511,0.48384,1.46625,1.217,1.28484,0.004291,0.004291,0.004291
694,7603.37,1.40628,1.2416,1.24967,0.84531,0.66274,0.75436,0.48543,1.46657,1.21689,1.28475,0.00428275,0.00428275,0.00428275
695,7613.41,1.41427,1.24646,1.25993,0.84011,0.66383,0.75533,0.48572,1.46783,1.21335,1.28484,0.0042745,0.0042745,0.0042745
696,7623.85,1.46372,1.27367,1.27112,0.85004,0.6617,0.75605,0.48452,1.46904,1.21502,1.28484,0.00426625,0.00426625,0.00426625
697,7636.41,1.45666,1.31515,1.27525,0.8575,0.65957,0.75501,0.48504,1.47017,1.2176,1.28584,0.004258,0.004258,0.004258
698,7645.91,1.44315,1.27371,1.27283,0.8613,0.6606,0.75546,0.48598,1.46989,1.21623,1.28477,0.00424975,0.00424975,0.00424975
699,7656.14,1.4126,1.22941,1.26064,0.87014,0.65532,0.75993,0.48955,1.46942,1.2127,1.28386,0.0042415,0.0042415,0.0042415
700,7666.97,1.42781,1.22017,1.26145,0.86763,0.6617,0.76138,0.48837,1.46743,1.21555,1.28247,0.00423325,0.00423325,0.00423325
701,7679.81,1.44086,1.24988,1.2629,0.86606,0.65957,0.76249,0.49042,1.46548,1.21541,1.28407,0.004225,0.004225,0.004225
702,7690.22,1.41762,1.25967,1.25558,0.86417,0.66331,0.76075,0.49235,1.46365,1.21507,1.28352,0.00421675,0.00421675,0.00421675
703,7700.67,1.42355,1.2445,1.24614,0.86591,0.65957,0.75862,0.49168,1.46088,1.21491,1.28386,0.0042085,0.0042085,0.0042085
704,7713,1.44727,1.24854,1.26301,0.87553,0.65852,0.76061,0.49217,1.45941,1.21156,1.28418,0.00420025,0.00420025,0.00420025
705,7723.77,1.42278,1.24454,1.24694,0.87218,0.65333,0.76034,0.49179,1.45498,1.20901,1.28155,0.004192,0.004192,0.004192
706,7734.01,1.41627,1.24179,1.24252,0.86619,0.65745,0.76279,0.49243,1.45582,1.20817,1.28068,0.00418375,0.00418375,0.00418375
707,7744.46,1.425,1.22233,1.24774,0.8654,0.66596,0.75686,0.49301,1.45394,1.20709,1.2808,0.0041755,0.0041755,0.0041755
708,7757.29,1.47756,1.28996,1.27519,0.87298,0.6617,0.75803,0.49214,1.45437,1.20622,1.28103,0.00416725,0.00416725,0.00416725
709,7767.44,1.43565,1.2634,1.26512,0.85362,0.66809,0.75621,0.49184,1.45306,1.20679,1.2807,0.004159,0.004159,0.004159
710,7777.5,1.40912,1.2561,1.26304,0.85386,0.67129,0.7624,0.49292,1.45217,1.20777,1.27823,0.00415075,0.00415075,0.00415075
711,7787.91,1.42218,1.22245,1.25366,0.85088,0.66596,0.76099,0.49311,1.45236,1.20699,1.27743,0.0041425,0.0041425,0.0041425
712,7801.3,1.42797,1.21933,1.25138,0.84279,0.66383,0.75775,0.49645,1.4499,1.20238,1.27608,0.00413425,0.00413425,0.00413425
713,7811.78,1.42476,1.24095,1.266,0.85555,0.66791,0.76623,0.49677,1.44547,1.19439,1.27439,0.004126,0.004126,0.004126
714,7822.06,1.39377,1.19689,1.25894,0.85541,0.66716,0.76208,0.49772,1.44174,1.18932,1.27231,0.00411775,0.00411775,0.00411775
715,7834.01,1.41499,1.20933,1.2494,0.86316,0.66596,0.7624,0.49562,1.44214,1.19028,1.27124,0.0041095,0.0041095,0.0041095
716,7845.53,1.42233,1.21904,1.25619,0.86049,0.66928,0.76259,0.49695,1.43862,1.19091,1.26981,0.00410125,0.00410125,0.00410125
717,7855.36,1.39752,1.23237,1.25831,0.85836,0.67234,0.76268,0.49789,1.43343,1.18864,1.26841,0.004093,0.004093,0.004093
718,7865.29,1.41193,1.23531,1.24391,0.86462,0.67872,0.76803,0.50035,1.43001,1.18467,1.26686,0.00408475,0.00408475,0.00408475
719,7877.69,1.40682,1.20776,1.24792,0.86785,0.68468,0.76893,0.50165,1.42834,1.18008,1.26583,0.0040765,0.0040765,0.0040765
720,7888.69,1.42542,1.22858,1.2666,0.85895,0.68511,0.76926,0.50408,1.42588,1.17602,1.26532,0.00406825,0.00406825,0.00406825
721,7899.16,1.42704,1.24797,1.2442,0.87155,0.67851,0.77168,0.50615,1.42354,1.17534,1.26467,0.00406,0.00406,0.00406
722,7909.66,1.39083,1.21635,1.24709,0.86923,0.67886,0.7722,0.5069,1.42123,1.17253,1.26271,0.00405175,0.00405175,0.00405175
723,7922.91,1.38555,1.19249,1.24058,0.85914,0.68085,0.77099,0.50788,1.41975,1.17091,1.26251,0.0040435,0.0040435,0.0040435
724,7933.27,1.35623,1.18388,1.23354,0.84949,0.68723,0.77032,0.50859,1.42105,1.1691,1.26284,0.00403525,0.00403525,0.00403525
725,7943.55,1.39353,1.2237,1.23613,0.85079,0.68723,0.77037,0.50859,1.42024,1.16715,1.26126,0.004027,0.004027,0.004027
726,7954.77,1.40829,1.22155,1.25307,0.85074,0.69122,0.77228,0.50832,1.41828,1.16478,1.2606,0.00401875,0.00401875,0.00401875
727,7967.07,1.39293,1.22812,1.24312,0.84986,0.69362,0.77346,0.50945,1.41879,1.16368,1.2595,0.0040105,0.0040105,0.0040105
728,7977.54,1.39472,1.20216,1.24258,0.85926,0.68845,0.7748,0.50759,1.41951,1.1642,1.25978,0.00400225,0.00400225,0.00400225
729,7987.6,1.39911,1.21996,1.25534,0.86906,0.68511,0.77546,0.50707,1.41943,1.16301,1.26099,0.003994,0.003994,0.003994
730,7999.92,1.38348,1.19835,1.23484,0.85629,0.69362,0.77662,0.50971,1.41709,1.15659,1.26007,0.00398575,0.00398575,0.00398575
731,8011.36,1.39031,1.20494,1.23758,0.85842,0.69362,0.7764,0.50892,1.41752,1.15596,1.25986,0.0039775,0.0039775,0.0039775
732,8021.37,1.37615,1.18216,1.23874,0.86233,0.69299,0.7744,0.50899,1.41949,1.15697,1.25938,0.00396925,0.00396925,0.00396925
733,8031.48,1.40172,1.20013,1.23756,0.85411,0.69754,0.77523,0.50983,1.41708,1.15057,1.25731,0.003961,0.003961,0.003961
734,8044.28,1.3817,1.17825,1.22176,0.8561,0.69617,0.77787,0.51147,1.41342,1.14693,1.25518,0.00395275,0.00395275,0.00395275
735,8054.7,1.3742,1.17401,1.22799,0.84797,0.7,0.77735,0.51226,1.41191,1.14579,1.2531,0.0039445,0.0039445,0.0039445
736,8065.2,1.37718,1.17709,1.22341,0.8783,0.69098,0.78037,0.51343,1.40871,1.14511,1.25163,0.00393625,0.00393625,0.00393625
737,8075.84,1.37349,1.16097,1.22875,0.87384,0.69262,0.78101,0.51414,1.40564,1.14678,1.25046,0.003928,0.003928,0.003928
738,8089.14,1.36391,1.17044,1.2293,0.85809,0.70426,0.77946,0.51298,1.4064,1.1462,1.25035,0.00391975,0.00391975,0.00391975
739,8099.23,1.37491,1.15779,1.23225,0.85753,0.70437,0.78281,0.51438,1.40531,1.14493,1.24982,0.0039115,0.0039115,0.0039115
740,8109.7,1.37317,1.18163,1.22667,0.85514,0.70426,0.78366,0.51531,1.40351,1.14476,1.24814,0.00390325,0.00390325,0.00390325
741,8122.27,1.37739,1.17718,1.23588,0.86418,0.70426,0.78481,0.51527,1.40125,1.14283,1.24696,0.003895,0.003895,0.003895
742,8133.92,1.35091,1.15087,1.22232,0.85908,0.69787,0.78255,0.5168,1.39704,1.13898,1.24356,0.00388675,0.00388675,0.00388675
743,8144.54,1.38187,1.17804,1.23701,0.8629,0.69633,0.78237,0.51832,1.39482,1.13367,1.24134,0.0038785,0.0038785,0.0038785
744,8155.08,1.37579,1.1568,1.24073,0.86115,0.69938,0.78283,0.51876,1.3942,1.13202,1.24011,0.00387025,0.00387025,0.00387025
745,8168.28,1.36808,1.17868,1.22841,0.85708,0.70213,0.7834,0.51913,1.3923,1.13197,1.23938,0.003862,0.003862,0.003862
746,8178.74,1.37442,1.19479,1.23536,0.85647,0.69787,0.78492,0.52069,1.389,1.13135,1.23835,0.00385375,0.00385375,0.00385375
747,8189.22,1.38096,1.19302,1.2409,0.84827,0.70638,0.78601,0.52138,1.38544,1.13048,1.23771,0.0038455,0.0038455,0.0038455
748,8200.66,1.36146,1.18952,1.22339,0.85336,0.7,0.78538,0.52193,1.38289,1.12763,1.23648,0.00383725,0.00383725,0.00383725
749,8213.49,1.35313,1.15654,1.22756,0.85476,0.70124,0.7838,0.5213,1.3825,1.12631,1.23595,0.003829,0.003829,0.003829
750,8223.58,1.38753,1.18927,1.23819,0.85582,0.7,0.78377,0.51978,1.38318,1.12418,1.23556,0.00382075,0.00382075,0.00382075
751,8233.75,1.37065,1.19338,1.24019,0.85908,0.7004,0.78647,0.52158,1.3833,1.12483,1.23459,0.0038125,0.0038125,0.0038125
752,8246.51,1.35224,1.14661,1.22158,0.85442,0.69928,0.78636,0.52046,1.38563,1.1247,1.23398,0.00380425,0.00380425,0.00380425
753,8257.01,1.34794,1.14904,1.2143,0.85591,0.6951,0.78614,0.52335,1.38696,1.12337,1.23464,0.003796,0.003796,0.003796
754,8267.47,1.36216,1.15803,1.21827,0.86024,0.69411,0.78682,0.52335,1.38916,1.121,1.23437,0.00378775,0.00378775,0.00378775
755,8277.99,1.36006,1.17246,1.23071,0.85245,0.70066,0.78716,0.52165,1.39013,1.12093,1.23407,0.0037795,0.0037795,0.0037795
756,8290.85,1.36733,1.16995,1.22524,0.84807,0.71258,0.78841,0.52258,1.38985,1.12117,1.2334,0.00377125,0.00377125,0.00377125
757,8300.95,1.33915,1.16205,1.21876,0.84645,0.70374,0.78931,0.52253,1.38938,1.12291,1.23389,0.003763,0.003763,0.003763
758,8311.12,1.35671,1.1586,1.21943,0.88924,0.67447,0.78867,0.52276,1.3883,1.12047,1.23358,0.00375475,0.00375475,0.00375475
759,8321.32,1.32421,1.12791,1.21768,0.8836,0.67834,0.78858,0.5248,1.38812,1.12016,1.23434,0.0037465,0.0037465,0.0037465
760,8334.74,1.38372,1.17692,1.23749,0.88817,0.67872,0.78919,0.52322,1.38955,1.12181,1.23459,0.00373825,0.00373825,0.00373825
761,8344.8,1.3388,1.12263,1.2095,0.88728,0.67872,0.78844,0.52317,1.38942,1.1217,1.23517,0.00373,0.00373,0.00373
762,8354.81,1.36446,1.14997,1.2218,0.88333,0.67872,0.78957,0.52343,1.38812,1.11951,1.23458,0.00372175,0.00372175,0.00372175
763,8366.28,1.37527,1.15946,1.22987,0.86829,0.68298,0.7896,0.52632,1.38775,1.11884,1.23466,0.0037135,0.0037135,0.0037135
764,8378.41,1.36593,1.16541,1.22712,0.87065,0.68739,0.7911,0.52805,1.38614,1.11813,1.2332,0.00370525,0.00370525,0.00370525
765,8388.95,1.34887,1.14438,1.21148,0.8713,0.68723,0.79182,0.52854,1.38497,1.11686,1.2319,0.003697,0.003697,0.003697
766,8399.34,1.34573,1.15038,1.21299,0.85537,0.70465,0.79223,0.52735,1.3854,1.11733,1.231,0.00368875,0.00368875,0.00368875
767,8412.43,1.31234,1.11476,1.19629,0.86791,0.69901,0.79131,0.52769,1.38499,1.11638,1.23063,0.0036805,0.0036805,0.0036805
768,8422.52,1.33692,1.13274,1.20764,0.85527,0.70851,0.79178,0.52614,1.38506,1.11831,1.22921,0.00367225,0.00367225,0.00367225
769,8432.64,1.33479,1.1304,1.20568,0.84895,0.70556,0.79195,0.52787,1.38452,1.11957,1.22856,0.003664,0.003664,0.003664
770,8442.57,1.3391,1.12929,1.22692,0.86377,0.70149,0.79221,0.52775,1.38385,1.12157,1.2275,0.00365575,0.00365575,0.00365575
771,8455.44,1.34095,1.15515,1.21396,0.85144,0.70726,0.79279,0.5284,1.38272,1.12186,1.22686,0.0036475,0.0036475,0.0036475
772,8465.51,1.36878,1.17886,1.23522,0.86889,0.70501,0.79136,0.52908,1.3815,1.12155,1.22618,0.00363925,0.00363925,0.00363925
773,8475.98,1.32302,1.12338,1.20825,0.87789,0.70366,0.79206,0.53005,1.38057,1.1205,1.22555,0.003631,0.003631,0.003631
774,8487.36,1.34797,1.14385,1.20856,0.86903,0.70638,0.79378,0.52875,1.37997,1.12004,1.22452,0.00362275,0.00362275,0.00362275
775,8499.55,1.32249,1.13769,1.20922,0.86541,0.7,0.79338,0.52866,1.37807,1.11867,1.22398,0.0036145,0.0036145,0.0036145
776,8509.61,1.34237,1.16181,1.22311,0.86723,0.70879,0.79373,0.53034,1.37716,1.11617,1.22328,0.00360625,0.00360625,0.00360625
777,8520.04,1.32017,1.13874,1.20773,0.86715,0.70826,0.79331,0.52996,1.37734,1.11424,1.22336,0.003598,0.003598,0.003598
778,8532.43,1.35347,1.15155,1.21706,0.84911,0.71838,0.79306,0.52913,1.37682,1.11359,1.22249,0.00358975,0.00358975,0.00358975
779,8543.4,1.3165,1.11876,1.21284,0.85087,0.71489,0.79307,0.52765,1.37525,1.11201,1.22233,0.0035815,0.0035815,0.0035815
780,8553.49,1.31664,1.12209,1.2114,0.86147,0.70122,0.79261,0.52732,1.37189,1.11233,1.22102,0.00357325,0.00357325,0.00357325
781,8563.57,1.34003,1.1351,1.21732,0.8522,0.71152,0.79171,0.52776,1.37024,1.11073,1.22049,0.003565,0.003565,0.003565
782,8576.47,1.32888,1.10893,1.20296,0.86224,0.70851,0.79327,0.5284,1.36885,1.10868,1.22037,0.00355675,0.00355675,0.00355675
783,8586.51,1.33771,1.13735,1.21374,0.86252,0.71277,0.79257,0.52849,1.36646,1.10777,1.21909,0.0035485,0.0035485,0.0035485
784,8596.68,1.34301,1.11481,1.22014,0.8632,0.71277,0.7928,0.52937,1.36619,1.10643,1.21953,0.00354025,0.00354025,0.00354025
785,8606.75,1.32746,1.13125,1.20317,0.85686,0.71323,0.79189,0.52907,1.36631,1.10541,1.21894,0.003532,0.003532,0.003532
786,8619.6,1.32336,1.14326,1.19807,0.8623,0.71064,0.79202,0.52974,1.36505,1.10512,1.2182,0.00352375,0.00352375,0.00352375
787,8629.78,1.33658,1.12794,1.20289,0.86955,0.70912,0.79319,0.53029,1.36403,1.10431,1.21716,0.0035155,0.0035155,0.0035155
788,8639.87,1.31159,1.11271,1.18764,0.86975,0.71064,0.79458,0.53338,1.36302,1.10271,1.21624,0.00350725,0.00350725,0.00350725
789,8651.32,1.34955,1.12061,1.19804,0.87067,0.71619,0.79647,0.53393,1.3601,1.10162,1.21574,0.003499,0.003499,0.003499
790,8664,1.33964,1.12342,1.21499,0.86895,0.71951,0.79725,0.53367,1.35888,1.09891,1.21558,0.00349075,0.00349075,0.00349075
791,8674.05,1.29318,1.0633,1.18226,0.86741,0.72383,0.79609,0.53411,1.36005,1.09914,1.21644,0.0034825,0.0034825,0.0034825
792,8684.49,1.32511,1.10686,1.19498,0.8695,0.72296,0.79612,0.53599,1.35958,1.09919,1.21567,0.00347425,0.00347425,0.00347425
793,8697.85,1.30405,1.11601,1.20268,0.86624,0.72128,0.79708,0.53797,1.35937,1.0981,1.21612,0.003466,0.003466,0.003466
794,8708.41,1.30673,1.09949,1.20005,0.86987,0.71915,0.79646,0.53826,1.35758,1.09693,1.21563,0.00345775,0.00345775,0.00345775
795,8718.89,1.30596,1.11488,1.20388,0.87103,0.71847,0.7965,0.53843,1.35702,1.09581,1.21555,0.0034495,0.0034495,0.0034495
796,8729.35,1.31269,1.11911,1.19569,0.87051,0.71064,0.79633,0.53947,1.35616,1.0961,1.21458,0.00344125,0.00344125,0.00344125
797,8742.55,1.31139,1.10809,1.20538,0.86706,0.71489,0.79665,0.54015,1.35481,1.09677,1.21459,0.003433,0.003433,0.003433
798,8752.95,1.31866,1.09502,1.19441,0.8706,0.71489,0.79708,0.53997,1.35394,1.09675,1.21435,0.00342475,0.00342475,0.00342475
799,8763.04,1.30956,1.10182,1.1938,0.89002,0.7,0.79564,0.53959,1.35262,1.09518,1.21372,0.0034165,0.0034165,0.0034165
800,8774.04,1.3169,1.11387,1.19154,0.88594,0.7,0.79629,0.53807,1.35038,1.09407,1.21297,0.00340825,0.00340825,0.00340825
801,8786.32,1.32734,1.12341,1.20349,0.88708,0.7,0.79675,0.53827,1.34803,1.09384,1.2119,0.0034,0.0034,0.0034
802,8796.4,1.29998,1.07495,1.18919,0.88915,0.7,0.79826,0.53945,1.34618,1.09163,1.21063,0.00339175,0.00339175,0.00339175
803,8806.55,1.32832,1.1122,1.19438,0.88404,0.7,0.79872,0.53914,1.34494,1.09065,1.21038,0.0033835,0.0033835,0.0033835
804,8818.64,1.32848,1.11943,1.21161,0.86581,0.71064,0.79928,0.5418,1.34248,1.09013,1.20864,0.00337525,0.00337525,0.00337525
805,8830.15,1.30164,1.09764,1.18928,0.86979,0.70851,0.79972,0.54215,1.34128,1.08893,1.20736,0.003367,0.003367,0.003367
806,8840.61,1.28701,1.07452,1.18922,0.86689,0.71064,0.80006,0.54363,1.33973,1.08802,1.20613,0.00335875,0.00335875,0.00335875
807,8851.06,1.30941,1.0982,1.19657,0.87268,0.71064,0.80045,0.54287,1.33969,1.08654,1.20466,0.0033505,0.0033505,0.0033505
808,8863.71,1.30184,1.08932,1.19311,0.87256,0.70851,0.8012,0.54306,1.33983,1.08646,1.20328,0.00334225,0.00334225,0.00334225
809,8873.97,1.33237,1.098,1.20161,0.86942,0.71064,0.80197,0.54389,1.34039,1.08457,1.20303,0.003334,0.003334,0.003334
810,8884.46,1.28363,1.0752,1.17714,0.88238,0.70638,0.80197,0.54222,1.33951,1.08481,1.20235,0.00332575,0.00332575,0.00332575
811,8894.73,1.32114,1.11895,1.20163,0.8892,0.70638,0.80294,0.54355,1.33873,1.08252,1.20282,0.0033175,0.0033175,0.0033175
812,8907.62,1.29073,1.07671,1.19754,0.88987,0.70638,0.80369,0.54185,1.33746,1.08073,1.20241,0.00330925,0.00330925,0.00330925
813,8917.65,1.29348,1.09961,1.17805,0.89329,0.70638,0.8035,0.54286,1.33619,1.07895,1.20294,0.003301,0.003301,0.003301
814,8927.7,1.27883,1.07539,1.17921,0.88236,0.70851,0.80319,0.54216,1.33696,1.07765,1.20389,0.00329275,0.00329275,0.00329275
815,8939.09,1.28659,1.06789,1.17863,0.88531,0.70623,0.80349,0.54098,1.33727,1.07792,1.20387,0.0032845,0.0032845,0.0032845
816,8950.91,1.29791,1.10286,1.18667,0.88046,0.70523,0.80303,0.54039,1.33743,1.07632,1.20311,0.00327625,0.00327625,0.00327625
817,8960.98,1.29871,1.09237,1.18934,0.88272,0.70459,0.80357,0.54054,1.33629,1.0743,1.20308,0.003268,0.003268,0.003268
818,8971.04,1.31086,1.09637,1.19362,0.87973,0.70426,0.8043,0.54137,1.33466,1.07355,1.203,0.00325975,0.00325975,0.00325975
819,8983.75,1.31792,1.11059,1.19117,0.88463,0.70213,0.80455,0.54282,1.33362,1.07205,1.20193,0.0032515,0.0032515,0.0032515
820,8994.04,1.28177,1.07004,1.18709,0.88969,0.69574,0.80385,0.54186,1.33193,1.06907,1.20164,0.00324325,0.00324325,0.00324325
821,9004.11,1.28389,1.05983,1.18379,0.88961,0.69362,0.80619,0.54239,1.33058,1.06641,1.20092,0.003235,0.003235,0.003235
822,9014.08,1.26238,1.05775,1.17579,0.88853,0.7,0.80612,0.54245,1.32927,1.06355,1.19958,0.00322675,0.00322675,0.00322675
823,9026.9,1.29289,1.06608,1.17786,0.88536,0.70213,0.80639,0.54373,1.32794,1.06203,1.19912,0.0032185,0.0032185,0.0032185
824,9037.32,1.26915,1.06952,1.17583,0.885,0.70213,0.8062,0.54448,1.32724,1.06211,1.19928,0.00321025,0.00321025,0.00321025
825,9047.8,1.30052,1.11329,1.1876,0.87922,0.70851,0.80611,0.54589,1.32609,1.06143,1.19916,0.003202,0.003202,0.003202
826,9058.17,1.30046,1.08524,1.19273,0.87238,0.71064,0.80608,0.54535,1.32439,1.06044,1.19842,0.00319375,0.00319375,0.00319375
827,9071.11,1.2656,1.0561,1.17938,0.87482,0.71064,0.80642,0.54671,1.32253,1.05902,1.1977,0.0031855,0.0031855,0.0031855
828,9081.45,1.28327,1.07078,1.18559,0.86967,0.70988,0.80605,0.54684,1.32142,1.05865,1.19654,0.00317725,0.00317725,0.00317725
829,9091.86,1.29222,1.05447,1.17297,0.88762,0.70585,0.80775,0.54798,1.3199,1.05721,1.19575,0.003169,0.003169,0.003169
830,9104.08,1.27372,1.06012,1.18849,0.88769,0.70629,0.80812,0.54778,1.32027,1.05587,1.19624,0.00316075,0.00316075,0.00316075
831,9115.5,1.27084,1.06575,1.17504,0.89126,0.70426,0.80837,0.54891,1.32063,1.05509,1.19608,0.0031525,0.0031525,0.0031525
832,9125.98,1.27649,1.06623,1.17162,0.89724,0.70598,0.80906,0.55085,1.32076,1.05347,1.19592,0.00314425,0.00314425,0.00314425
833,9136.39,1.27166,1.06732,1.17706,0.89641,0.70638,0.80918,0.55104,1.32051,1.05297,1.1954,0.003136,0.003136,0.003136
834,9149.49,1.25978,1.05538,1.17476,0.89462,0.70445,0.8096,0.55043,1.32003,1.05174,1.19502,0.00312775,0.00312775,0.00312775
835,9159.54,1.23459,1.04427,1.17595,0.89763,0.70896,0.81154,0.55126,1.31891,1.04965,1.19466,0.0031195,0.0031195,0.0031195
836,9170.09,1.24065,1.01499,1.15234,0.89504,0.70762,0.81145,0.55138,1.31701,1.04774,1.19394,0.00311125,0.00311125,0.00311125
837,9180.65,1.24856,1.03275,1.16111,0.89712,0.70504,0.81092,0.55226,1.31521,1.04512,1.19346,0.003103,0.003103,0.003103
838,9194.08,1.26005,1.06312,1.17693,0.89728,0.70626,0.81128,0.55175,1.31321,1.04463,1.19289,0.00309475,0.00309475,0.00309475
839,9204.09,1.24305,1.05921,1.16828,0.89968,0.70638,0.81261,0.55194,1.31227,1.04373,1.19257,0.0030865,0.0030865,0.0030865
840,9214.07,1.25176,1.04205,1.17552,0.90066,0.70426,0.81265,0.55373,1.31081,1.04301,1.19262,0.00307825,0.00307825,0.00307825
841,9225.88,1.25337,1.058,1.1805,0.91326,0.69149,0.81324,0.55448,1.31053,1.04215,1.19265,0.00307,0.00307,0.00307
842,9238.19,1.26652,1.04691,1.18465,0.91364,0.68936,0.81347,0.55377,1.31051,1.04013,1.19273,0.00306175,0.00306175,0.00306175
843,9248.23,1.27615,1.06198,1.16506,0.91485,0.68936,0.81393,0.5541,1.30922,1.04046,1.19251,0.0030535,0.0030535,0.0030535
844,9258.28,1.27049,1.05595,1.18216,0.91116,0.69825,0.81416,0.55496,1.30834,1.03913,1.19215,0.00304525,0.00304525,0.00304525
845,9271.62,1.27879,1.0593,1.17727,0.91095,0.69649,0.81353,0.55535,1.30768,1.03844,1.19269,0.003037,0.003037,0.003037
846,9282.08,1.24932,1.04767,1.17396,0.91362,0.69574,0.81409,0.55566,1.30726,1.03741,1.19262,0.00302875,0.00302875,0.00302875
847,9292.54,1.24968,1.02204,1.1646,0.91087,0.69584,0.81335,0.55654,1.30688,1.03639,1.19233,0.0030205,0.0030205,0.0030205
848,9303.01,1.24452,1.02944,1.17579,0.90466,0.7,0.81312,0.55713,1.3055,1.03627,1.19158,0.00301225,0.00301225,0.00301225
849,9316.09,1.24824,1.03208,1.16497,0.90938,0.69787,0.81304,0.55787,1.3035,1.03525,1.19079,0.003004,0.003004,0.003004
850,9326.54,1.24597,1.03324,1.16077,0.90589,0.7,0.81323,0.55861,1.30197,1.03418,1.19042,0.00299575,0.00299575,0.00299575
851,9337.02,1.24425,1.02418,1.16103,0.89016,0.70693,0.81324,0.55904,1.30071,1.03246,1.18996,0.0029875,0.0029875,0.0029875
852,9348.82,1.27104,1.04206,1.16344,0.88793,0.70804,0.81376,0.55989,1.29854,1.03024,1.18942,0.00297925,0.00297925,0.00297925
853,9361.19,1.24888,1.03266,1.16621,0.88813,0.70943,0.81392,0.5596,1.29663,1.02813,1.18889,0.002971,0.002971,0.002971
854,9371.32,1.2432,1.01226,1.16683,0.88793,0.70802,0.81489,0.5601,1.29485,1.02797,1.18814,0.00296275,0.00296275,0.00296275
855,9381.4,1.23081,1.00735,1.16113,0.91434,0.69362,0.815,0.56073,1.2931,1.02731,1.18689,0.0029545,0.0029545,0.0029545
856,9394.41,1.25524,1.06099,1.16764,0.90608,0.69788,0.81501,0.56054,1.29219,1.02566,1.18593,0.00294625,0.00294625,0.00294625
857,9404.46,1.24363,1.03839,1.16166,0.89387,0.69891,0.8141,0.56096,1.29192,1.02497,1.18545,0.002938,0.002938,0.002938
858,9414.96,1.24938,1.02377,1.15725,0.90936,0.69574,0.8149,0.56121,1.29097,1.0256,1.18456,0.00292975,0.00292975,0.00292975
859,9425.44,1.24169,1.02486,1.17247,0.90814,0.69362,0.81539,0.56116,1.29062,1.02544,1.18418,0.0029215,0.0029215,0.0029215
860,9438.49,1.23954,1.036,1.16781,0.91372,0.69574,0.8158,0.5614,1.29044,1.0263,1.18419,0.00291325,0.00291325,0.00291325
861,9448.93,1.23923,1.01814,1.17034,0.92334,0.69189,0.81508,0.56245,1.2899,1.02667,1.18432,0.002905,0.002905,0.002905
862,9459.43,1.26105,1.04522,1.16609,0.91555,0.69362,0.81514,0.56292,1.28861,1.02578,1.18382,0.00289675,0.00289675,0.00289675
863,9470.88,1.22596,1.00684,1.15642,0.92011,0.69362,0.81573,0.56231,1.28797,1.02464,1.18285,0.0028885,0.0028885,0.0028885
864,9482.96,1.23161,1.01861,1.16276,0.92376,0.69362,0.81671,0.5616,1.28721,1.02147,1.18263,0.00288025,0.00288025,0.00288025
865,9493.04,1.24521,1.02377,1.16771,0.92948,0.68936,0.81695,0.56274,1.28671,1.01958,1.18215,0.002872,0.002872,0.002872
866,9503.61,1.24192,1.0128,1.16158,0.92902,0.68723,0.81726,0.56216,1.28652,1.01909,1.18171,0.00286375,0.00286375,0.00286375
867,9516.43,1.2384,1.02312,1.15804,0.92294,0.69362,0.81735,0.56204,1.28607,1.01857,1.18117,0.0028555,0.0028555,0.0028555
868,9527.02,1.22781,1.02799,1.15617,0.91338,0.69574,0.8158,0.56207,1.28618,1.01901,1.18129,0.00284725,0.00284725,0.00284725
869,9537.14,1.23265,1.00683,1.15599,0.91606,0.69574,0.81523,0.56097,1.28608,1.01902,1.18166,0.002839,0.002839,0.002839
870,9547.13,1.23347,1.0174,1.15948,0.92596,0.69149,0.81508,0.5614,1.28586,1.01924,1.18205,0.00283075,0.00283075,0.00283075
871,9559.96,1.23742,1.00969,1.15181,0.91899,0.69995,0.81589,0.56176,1.28614,1.01885,1.18207,0.0028225,0.0028225,0.0028225
872,9570.03,1.23527,1.02737,1.15921,0.91646,0.70022,0.81516,0.562,1.28613,1.01861,1.18193,0.00281425,0.00281425,0.00281425
873,9580.19,1.2283,1.02991,1.16115,0.92112,0.69569,0.81707,0.56297,1.28529,1.01814,1.18166,0.002806,0.002806,0.002806
874,9590.82,1.25808,1.03986,1.16811,0.92395,0.69149,0.81629,0.56247,1.28466,1.01694,1.18154,0.00279775,0.00279775,0.00279775
875,9603.9,1.21224,1.00299,1.15659,0.91661,0.70164,0.8167,0.56424,1.28397,1.01647,1.18064,0.0027895,0.0027895,0.0027895
876,9614.42,1.23368,1.02941,1.15315,0.92282,0.69362,0.81679,0.56453,1.2831,1.01523,1.17974,0.00278125,0.00278125,0.00278125
877,9624.91,1.2497,1.03943,1.16271,0.91676,0.69787,0.81719,0.56399,1.28157,1.01327,1.17904,0.002773,0.002773,0.002773
878,9636.83,1.23173,1.02025,1.14702,0.9093,0.70389,0.8171,0.56402,1.28037,1.01173,1.17845,0.00276475,0.00276475,0.00276475
879,9648.1,1.23975,1.0148,1.17074,0.90956,0.70617,0.81756,0.56466,1.27933,1.01152,1.17817,0.0027565,0.0027565,0.0027565
880,9658.61,1.24244,1.02112,1.15367,0.91132,0.70426,0.81799,0.5647,1.27893,1.00982,1.1781,0.00274825,0.00274825,0.00274825
881,9669.13,1.24316,1.02428,1.15199,0.90629,0.70426,0.81805,0.56406,1.27825,1.00948,1.17754,0.00274,0.00274,0.00274
882,9682,1.23201,1.01216,1.16555,0.90379,0.70213,0.81801,0.5647,1.27715,1.0083,1.17709,0.00273175,0.00273175,0.00273175
883,9692.49,1.22433,1.00623,1.15217,0.91459,0.7,0.81809,0.56427,1.27618,1.00732,1.17691,0.0027235,0.0027235,0.0027235
884,9702.64,1.20669,0.98649,1.14403,0.91118,0.70213,0.81833,0.56341,1.27548,1.00702,1.17668,0.00271525,0.00271525,0.00271525
885,9712.75,1.22773,1.02557,1.15641,0.91023,0.70213,0.8183,0.56435,1.27436,1.00619,1.17663,0.002707,0.002707,0.002707
886,9725.23,1.21094,0.99134,1.14741,0.91305,0.70213,0.81818,0.56523,1.27328,1.00674,1.17645,0.00269875,0.00269875,0.00269875
887,9735.73,1.20489,0.98449,1.13533,0.91905,0.70213,0.81858,0.56591,1.2726,1.00715,1.17614,0.0026905,0.0026905,0.0026905
888,9746.22,1.22041,1.00548,1.14481,0.91666,0.69787,0.81908,0.56557,1.2724,1.00665,1.17589,0.00268225,0.00268225,0.00268225
889,9757.36,1.2176,1.01082,1.14327,0.9067,0.70299,0.81916,0.56629,1.27174,1.00683,1.17588,0.002674,0.002674,0.002674
890,9769.96,1.21385,0.99017,1.14131,0.9111,0.70213,0.81968,0.56812,1.27128,1.00659,1.17604,0.00266575,0.00266575,0.00266575
891,9780.49,1.20253,0.98237,1.1363,0.91028,0.70213,0.81955,0.56781,1.27075,1.00678,1.17602,0.0026575,0.0026575,0.0026575
892,9790.6,1.21026,0.99467,1.14245,0.90428,0.70213,0.82118,0.56748,1.27055,1.00671,1.17604,0.00264925,0.00264925,0.00264925
893,9803.21,1.20394,0.97968,1.14039,0.91704,0.7,0.82113,0.56638,1.27056,1.00645,1.17623,0.002641,0.002641,0.002641
894,9813.25,1.19487,0.99628,1.13768,0.90502,0.70426,0.81939,0.56778,1.26995,1.00645,1.17586,0.00263275,0.00263275,0.00263275
895,9823.41,1.18867,0.97339,1.13718,0.91477,0.7,0.81897,0.5678,1.26938,1.00653,1.17562,0.0026245,0.0026245,0.0026245
896,9833.48,1.19752,0.98696,1.14687,0.90464,0.70426,0.81897,0.56787,1.26936,1.00508,1.17515,0.00261625,0.00261625,0.00261625
897,9846.11,1.1854,0.97571,1.14426,0.92153,0.69787,0.81901,0.56836,1.26948,1.00556,1.17454,0.002608,0.002608,0.002608
898,9856.41,1.19476,0.98381,1.1388,0.92641,0.69574,0.81907,0.56963,1.26935,1.00488,1.17452,0.00259975,0.00259975,0.00259975
899,9866.64,1.18701,0.98533,1.14954,0.93031,0.69787,0.81994,0.57002,1.26935,1.00478,1.17456,0.0025915,0.0025915,0.0025915
900,9877.16,1.19066,0.9784,1.12979,0.92937,0.69787,0.82024,0.57073,1.26901,1.00508,1.17429,0.00258325,0.00258325,0.00258325
901,9890.14,1.18061,0.96485,1.1326,0.92855,0.69787,0.82047,0.57056,1.26897,1.00503,1.17432,0.002575,0.002575,0.002575
902,9900.22,1.22686,1.00301,1.14148,0.91925,0.70239,0.8206,0.57018,1.26889,1.00567,1.17399,0.00256675,0.00256675,0.00256675
903,9910.34,1.18765,0.97747,1.14424,0.9202,0.70213,0.82039,0.57029,1.26843,1.00521,1.1736,0.0025585,0.0025585,0.0025585
904,9921.68,1.21813,0.99997,1.14447,0.91984,0.70213,0.82125,0.57065,1.2687,1.00505,1.17394,0.00255025,0.00255025,0.00255025
905,9934.05,1.20383,0.98506,1.14099,0.91585,0.70426,0.82137,0.57102,1.26907,1.00472,1.17422,0.002542,0.002542,0.002542
906,9944.51,1.21821,0.99108,1.1403,0.8931,0.71104,0.82231,0.57125,1.26849,1.00362,1.17392,0.00253375,0.00253375,0.00253375
907,9955.03,1.20877,0.99794,1.14587,0.91198,0.7054,0.82238,0.57135,1.26789,1.00235,1.17346,0.0025255,0.0025255,0.0025255
908,9967.76,1.21094,1.0076,1.15064,0.89792,0.71064,0.82263,0.57135,1.26769,1.0025,1.17329,0.00251725,0.00251725,0.00251725
909,9978.21,1.19566,0.98972,1.1432,0.9118,0.70638,0.82272,0.57228,1.26786,1.00147,1.17337,0.002509,0.002509,0.002509
910,9988.3,1.19747,0.96863,1.13112,0.90959,0.70641,0.82291,0.57225,1.26747,1.00095,1.17306,0.00250075,0.00250075,0.00250075
911,9998.3,1.19709,0.96857,1.13794,0.89914,0.70851,0.8231,0.57267,1.26693,1.00042,1.17261,0.0024925,0.0024925,0.0024925
912,10011.2,1.16313,0.95478,1.12707,0.90128,0.70851,0.82285,0.57214,1.26648,0.99965,1.17225,0.00248425,0.00248425,0.00248425
913,10021.4,1.16001,0.95956,1.13322,0.89577,0.71314,0.82284,0.5724,1.26581,0.99844,1.17182,0.002476,0.002476,0.002476
914,10031.6,1.17466,0.95538,1.13419,0.89559,0.71064,0.8229,0.57217,1.26595,0.99677,1.17213,0.00246775,0.00246775,0.00246775
915,10041.9,1.19478,0.9711,1.13004,0.89808,0.71243,0.82361,0.57202,1.26576,0.9958,1.17216,0.0024595,0.0024595,0.0024595
916,10054.1,1.17928,0.96617,1.13868,0.88989,0.72219,0.82468,0.5723,1.26592,0.99545,1.17263,0.00245125,0.00245125,0.00245125
917,10064.3,1.17542,0.95659,1.13608,0.89341,0.71338,0.82426,0.57257,1.26581,0.99483,1.17243,0.002443,0.002443,0.002443
918,10074.9,1.18305,0.95766,1.13277,0.86493,0.73574,0.82391,0.57313,1.26499,0.99394,1.17203,0.00243475,0.00243475,0.00243475
919,10087.8,1.19681,0.97766,1.14111,0.88861,0.71277,0.82432,0.57411,1.26468,0.99319,1.17199,0.0024265,0.0024265,0.0024265
920,10098.3,1.1887,0.97624,1.13234,0.86488,0.73617,0.8243,0.57424,1.26375,0.9929,1.17175,0.00241825,0.00241825,0.00241825
921,10108.8,1.19096,0.97619,1.13135,0.86401,0.73617,0.82405,0.5736,1.26341,0.99314,1.17149,0.00241,0.00241,0.00241
922,10119,1.18611,0.97287,1.12443,0.86084,0.73404,0.82445,0.57419,1.26288,0.99278,1.17129,0.00240175,0.00240175,0.00240175
923,10131.2,1.16084,0.94835,1.12734,0.86022,0.73617,0.82396,0.57351,1.26293,0.99237,1.17097,0.0023935,0.0023935,0.0023935
924,10141.2,1.18552,0.98835,1.13673,0.85862,0.73617,0.82533,0.57476,1.26163,0.99145,1.17077,0.00238525,0.00238525,0.00238525
925,10151.4,1.17523,0.95093,1.1363,0.86425,0.73617,0.82543,0.57447,1.26084,0.99091,1.17044,0.002377,0.002377,0.002377
926,10162.3,1.17148,0.93684,1.12766,0.86046,0.73617,0.82573,0.57483,1.26042,0.9911,1.17007,0.00236875,0.00236875,0.00236875
927,10174.6,1.178,0.983,1.13683,0.85912,0.73617,0.82584,0.57533,1.25965,0.99065,1.16976,0.0023605,0.0023605,0.0023605
928,10185,1.17212,0.95768,1.13366,0.85873,0.7372,0.82546,0.57647,1.25908,0.98923,1.16967,0.00235225,0.00235225,0.00235225
929,10195.3,1.16812,0.96457,1.1203,0.87214,0.72564,0.82555,0.57609,1.25787,0.98888,1.16911,0.002344,0.002344,0.002344
930,10206.9,1.18571,0.97814,1.13501,0.87217,0.72586,0.82553,0.57637,1.25675,0.98805,1.1689,0.00233575,0.00233575,0.00233575
931,10217,1.18394,0.97059,1.13744,0.87415,0.72766,0.82513,0.57649,1.25569,0.98726,1.16818,0.0023275,0.0023275,0.0023275
932,10226.7,1.17117,0.97838,1.12425,0.87102,0.72766,0.82556,0.57637,1.25477,0.98653,1.16752,0.00231925,0.00231925,0.00231925
933,10236.7,1.17099,0.96331,1.11877,0.87035,0.72553,0.82557,0.57721,1.2538,0.98631,1.16693,0.002311,0.002311,0.002311
934,10249.4,1.16826,0.93949,1.12723,0.87536,0.72553,0.826,0.5781,1.25275,0.9851,1.16635,0.00230275,0.00230275,0.00230275
935,10260,1.16971,0.95676,1.12674,0.87859,0.72553,0.82644,0.57851,1.25214,0.98438,1.16612,0.0022945,0.0022945,0.0022945
936,10270.5,1.17651,0.9518,1.12634,0.87609,0.72553,0.82675,0.57817,1.25103,0.98451,1.16577,0.00228625,0.00228625,0.00228625
937,10282.8,1.16312,0.94209,1.11929,0.87664,0.72553,0.82698,0.57777,1.24986,0.98379,1.16531,0.002278,0.002278,0.002278
938,10293.2,1.18329,0.97354,1.12813,0.88122,0.72609,0.82799,0.57833,1.24863,0.98296,1.1651,0.00226975,0.00226975,0.00226975
939,10303.3,1.12313,0.90822,1.11027,0.88343,0.7256,0.82873,0.57837,1.24779,0.98218,1.16477,0.0022615,0.0022615,0.0022615
940,10313.8,1.16926,0.94582,1.12493,0.88349,0.72606,0.82899,0.57935,1.24714,0.98084,1.16426,0.00225325,0.00225325,0.00225325
941,10326.4,1.17826,0.93889,1.12958,0.8876,0.72553,0.82885,0.58032,1.24589,0.98039,1.1635,0.002245,0.002245,0.002245
942,10336.9,1.18652,0.95905,1.13593,0.89049,0.72553,0.82909,0.57965,1.24548,0.97935,1.16336,0.00223675,0.00223675,0.00223675
943,10347,1.1695,0.94752,1.13118,0.89541,0.72553,0.82948,0.57995,1.24528,0.97824,1.16307,0.0022285,0.0022285,0.0022285
944,10358.4,1.15646,0.94502,1.13161,0.89521,0.72553,0.82868,0.58198,1.24514,0.97791,1.16305,0.00222025,0.00222025,0.00222025
945,10370.2,1.15253,0.95095,1.127,0.89432,0.72553,0.82949,0.58222,1.24466,0.97776,1.16245,0.002212,0.002212,0.002212
946,10380.6,1.16034,0.96085,1.12474,0.89236,0.72553,0.82986,0.58261,1.24394,0.9767,1.16172,0.00220375,0.00220375,0.00220375
947,10391,1.15141,0.93885,1.1158,0.89701,0.72553,0.83004,0.58279,1.24332,0.97591,1.16076,0.0021955,0.0021955,0.0021955
948,10403.6,1.17151,0.95744,1.13039,0.89845,0.72553,0.83051,0.58316,1.2429,0.97502,1.16027,0.00218725,0.00218725,0.00218725
949,10414,1.17819,0.95072,1.12001,0.89977,0.72553,0.8307,0.58311,1.24234,0.97496,1.15983,0.002179,0.002179,0.002179
950,10424.2,1.15813,0.95157,1.12882,0.90202,0.72476,0.83085,0.58295,1.2419,0.97472,1.15952,0.00217075,0.00217075,0.00217075
951,10435.3,1.16287,0.94615,1.12084,0.90099,0.72553,0.83165,0.58287,1.2412,0.9746,1.15863,0.0021625,0.0021625,0.0021625
952,10446.5,1.14621,0.92683,1.11517,0.9018,0.72553,0.83166,0.58339,1.24062,0.97408,1.1583,0.00215425,0.00215425,0.00215425
953,10457,1.16856,0.95236,1.12715,0.90206,0.72503,0.83106,0.58377,1.23966,0.97334,1.15788,0.002146,0.002146,0.002146
954,10467.4,1.14363,0.92926,1.10711,0.90161,0.72553,0.83237,0.58375,1.23857,0.97227,1.15711,0.00213775,0.00213775,0.00213775
955,10479.9,1.13913,0.92279,1.10717,0.90187,0.72351,0.83166,0.584,1.23749,0.97107,1.15664,0.0021295,0.0021295,0.0021295
956,10490.4,1.14695,0.93723,1.11829,0.9019,0.72374,0.83148,0.58385,1.23682,0.97033,1.15634,0.00212125,0.00212125,0.00212125
957,10500.5,1.15814,0.9651,1.12696,0.90368,0.7234,0.83165,0.5843,1.23663,0.9694,1.15615,0.002113,0.002113,0.002113
958,10511.5,1.14962,0.94087,1.12031,0.90229,0.72692,0.83214,0.5848,1.2361,0.96929,1.15558,0.00210475,0.00210475,0.00210475
959,10524,1.13552,0.92059,1.11109,0.90599,0.7234,0.8313,0.58504,1.23548,0.96905,1.15497,0.0020965,0.0020965,0.0020965
960,10534.5,1.14185,0.92558,1.12081,0.90747,0.7234,0.83139,0.58517,1.2354,0.9691,1.15449,0.00208825,0.00208825,0.00208825
961,10544.9,1.12755,0.90163,1.1066,0.91425,0.7234,0.83147,0.58514,1.23487,0.96915,1.15426,0.00208,0.00208,0.00208
962,10556.8,1.14076,0.92961,1.11852,0.91004,0.7234,0.83246,0.58578,1.23448,0.96911,1.15396,0.00207175,0.00207175,0.00207175
963,10567.3,1.15475,0.92835,1.11504,0.90659,0.7234,0.83374,0.58581,1.23434,0.96854,1.15361,0.0020635,0.0020635,0.0020635
964,10577.8,1.1496,0.94588,1.12529,0.91879,0.7234,0.83405,0.58594,1.2341,0.96796,1.15315,0.00205525,0.00205525,0.00205525
965,10588.4,1.1657,0.94844,1.13022,0.92135,0.72285,0.8337,0.58684,1.2337,0.96757,1.15232,0.002047,0.002047,0.002047
966,10600.9,1.1541,0.94807,1.12747,0.92118,0.72115,0.83376,0.58724,1.23346,0.96664,1.15254,0.00203875,0.00203875,0.00203875
967,10611.3,1.13598,0.92011,1.11286,0.92125,0.7218,0.83378,0.58844,1.23298,0.96635,1.15198,0.0020305,0.0020305,0.0020305
968,10621.7,1.14218,0.93046,1.09979,0.90204,0.72491,0.83405,0.58932,1.23216,0.96538,1.15149,0.00202225,0.00202225,0.00202225
969,10633.9,1.1596,0.95108,1.13319,0.90157,0.72553,0.83416,0.58839,1.23167,0.96561,1.15127,0.002014,0.002014,0.002014
970,10644.1,1.15835,0.94509,1.11565,0.90219,0.72612,0.83449,0.5882,1.23144,0.96531,1.15106,0.00200575,0.00200575,0.00200575
971,10654.3,1.12705,0.91183,1.1082,0.90229,0.72696,0.83471,0.58852,1.23133,0.96474,1.15094,0.0019975,0.0019975,0.0019975
972,10664.4,1.13927,0.94159,1.11301,0.90232,0.72766,0.83524,0.58876,1.23095,0.96448,1.15053,0.00198925,0.00198925,0.00198925
973,10676.4,1.15611,0.95291,1.1255,0.91642,0.7232,0.83535,0.58926,1.23058,0.96363,1.15028,0.001981,0.001981,0.001981
974,10687,1.1424,0.93203,1.11884,0.91606,0.7234,0.83542,0.59003,1.22966,0.96338,1.14962,0.00197275,0.00197275,0.00197275
975,10697.4,1.14558,0.93112,1.11089,0.9148,0.7234,0.83564,0.58968,1.22913,0.96311,1.14942,0.0019645,0.0019645,0.0019645
976,10708.7,1.13729,0.92912,1.10841,0.91564,0.7234,0.83568,0.58925,1.22885,0.96289,1.14921,0.00195625,0.00195625,0.00195625
977,10719.7,1.10906,0.90004,1.10459,0.91304,0.7234,0.83558,0.58947,1.22865,0.96242,1.14899,0.001948,0.001948,0.001948
978,10729.4,1.11608,0.90599,1.10062,0.91313,0.7234,0.83594,0.58907,1.22833,0.96167,1.14866,0.00193975,0.00193975,0.00193975
979,10739.2,1.12683,0.90684,1.10184,0.91259,0.7234,0.8362,0.59006,1.22764,0.96147,1.14845,0.0019315,0.0019315,0.0019315
980,10751.4,1.12064,0.91611,1.11442,0.91271,0.7234,0.8366,0.59032,1.22733,0.96111,1.14826,0.00192325,0.00192325,0.00192325
981,10762,1.13587,0.91362,1.11437,0.91236,0.7234,0.8368,0.59008,1.22683,0.9607,1.14797,0.001915,0.001915,0.001915
982,10772.2,1.12785,0.92411,1.10434,0.91337,0.7234,0.83695,0.58952,1.22657,0.95971,1.14773,0.00190675,0.00190675,0.00190675
983,10782.3,1.11863,0.91088,1.11013,0.91404,0.72399,0.83709,0.59103,1.226,0.95951,1.14751,0.0018985,0.0018985,0.0018985
984,10794.4,1.1523,0.93627,1.11989,0.9141,0.72449,0.83726,0.59121,1.22579,0.9596,1.14743,0.00189025,0.00189025,0.00189025
985,10804.9,1.11812,0.91638,1.10434,0.91406,0.72416,0.83748,0.59161,1.2254,0.9587,1.14722,0.001882,0.001882,0.001882
986,10815.4,1.11995,0.89571,1.10396,0.91215,0.72128,0.83761,0.59135,1.22506,0.95777,1.14712,0.00187375,0.00187375,0.00187375
987,10827.2,1.13364,0.9084,1.10484,0.91261,0.72128,0.83756,0.5908,1.2248,0.95694,1.14713,0.0018655,0.0018655,0.0018655
988,10837.3,1.13126,0.91065,1.10077,0.91928,0.72128,0.83772,0.59097,1.22408,0.95684,1.14685,0.00185725,0.00185725,0.00185725
989,10847.5,1.12848,0.90308,1.10747,0.92015,0.72128,0.83895,0.59169,1.22412,0.95569,1.14695,0.001849,0.001849,0.001849
990,10858,1.12733,0.90866,1.10384,0.9207,0.72128,0.83881,0.59164,1.22422,0.95514,1.14722,0.00184075,0.00184075,0.00184075
991,10869.6,1.12272,0.90685,1.11143,0.92117,0.72128,0.83882,0.59175,1.22422,0.95442,1.14749,0.0018325,0.0018325,0.0018325
992,10880.1,1.13838,0.91709,1.10942,0.92111,0.72128,0.8391,0.59229,1.22381,0.954,1.14735,0.00182425,0.00182425,0.00182425
993,10890.6,1.10794,0.88391,1.09805,0.92097,0.71905,0.83837,0.59197,1.22351,0.95341,1.14709,0.001816,0.001816,0.001816
994,10902.4,1.11991,0.9093,1.10307,0.91934,0.72128,0.83858,0.59237,1.22323,0.95331,1.147,0.00180775,0.00180775,0.00180775
995,10912.9,1.14463,0.9162,1.12379,0.92097,0.71905,0.8388,0.59163,1.22285,0.95322,1.14675,0.0017995,0.0017995,0.0017995
996,10923,1.11234,0.90132,1.10743,0.92095,0.71882,0.8389,0.59214,1.22243,0.95318,1.14635,0.00179125,0.00179125,0.00179125
997,10933.2,1.1122,0.88177,1.09239,0.92098,0.7191,0.83905,0.59226,1.22196,0.95312,1.14612,0.001783,0.001783,0.001783
998,10945,1.08403,0.90274,1.09866,0.9228,0.71915,0.83977,0.59298,1.22154,0.95283,1.14597,0.00177475,0.00177475,0.00177475
999,10955.4,1.14542,0.91894,1.10959,0.92136,0.71915,0.83996,0.5931,1.22118,0.9526,1.14572,0.0017665,0.0017665,0.0017665
1000,10966,1.133,0.90688,1.09325,0.91934,0.71915,0.84037,0.59359,1.22055,0.95277,1.1449,0.00175825,0.00175825,0.00175825
1001,10977.7,1.10505,0.89211,1.09914,0.91852,0.71956,0.84044,0.59393,1.21992,0.95243,1.14438,0.00175,0.00175,0.00175
1002,10988.2,1.1344,0.91412,1.1031,0.9183,0.71915,0.84046,0.59424,1.21967,0.95183,1.14415,0.00174175,0.00174175,0.00174175
1003,10998.7,1.14801,0.92268,1.11774,0.91978,0.71915,0.84076,0.59445,1.21907,0.95198,1.14381,0.0017335,0.0017335,0.0017335
1004,11010.6,1.10173,0.87513,1.10102,0.9207,0.71915,0.841,0.59425,1.21871,0.95187,1.14366,0.00172525,0.00172525,0.00172525
1005,11020.8,1.13989,0.92245,1.11548,0.92097,0.71915,0.8412,0.59437,1.2186,0.95141,1.14337,0.001717,0.001717,0.001717
1006,11030.8,1.13284,0.90676,1.09226,0.91374,0.72118,0.84166,0.59569,1.2183,0.95073,1.14296,0.00170875,0.00170875,0.00170875
1007,11041.4,1.10653,0.8973,1.1008,0.90883,0.7234,0.84198,0.59524,1.21838,0.95062,1.14259,0.0017005,0.0017005,0.0017005
1008,11052.6,1.11936,0.89893,1.10098,0.91103,0.7234,0.84214,0.59561,1.21815,0.95037,1.14223,0.00169225,0.00169225,0.00169225
1009,11062.6,1.12888,0.90884,1.10841,0.91147,0.7234,0.84236,0.59554,1.21784,0.9503,1.14183,0.001684,0.001684,0.001684
1010,11072.8,1.09953,0.88072,1.09428,0.91108,0.7234,0.84231,0.59569,1.21744,0.94979,1.14143,0.00167575,0.00167575,0.00167575
1011,11084.4,1.08885,0.8901,1.091,0.91101,0.7234,0.84229,0.59591,1.21733,0.94919,1.14119,0.0016675,0.0016675,0.0016675
1012,11094.9,1.06727,0.85559,1.07927,0.92204,0.72128,0.84234,0.59519,1.21728,0.94878,1.14094,0.00165925,0.00165925,0.00165925
1013,11104.9,1.10868,0.90065,1.08777,0.92296,0.72128,0.84236,0.59517,1.21704,0.94875,1.14068,0.001651,0.001651,0.001651
1014,11114.6,1.11074,0.91591,1.1002,0.92418,0.72128,0.84246,0.59554,1.21673,0.94848,1.14037,0.00164275,0.00164275,0.00164275
1015,11126.6,1.11375,0.90217,1.09786,0.92355,0.72128,0.84243,0.59592,1.21637,0.948,1.14018,0.0016345,0.0016345,0.0016345
1016,11137,1.12027,0.90758,1.09875,0.91208,0.72128,0.84249,0.59663,1.21594,0.94764,1.13968,0.00162625,0.00162625,0.00162625
1017,11147.6,1.08726,0.89138,1.0978,0.92441,0.72128,0.84246,0.59693,1.21559,0.94723,1.13968,0.001618,0.001618,0.001618
1018,11159.9,1.10532,0.89498,1.10436,0.92423,0.72128,0.84243,0.59705,1.21549,0.94705,1.13949,0.00160975,0.00160975,0.00160975
1019,11170.5,1.10757,0.9169,1.11292,0.92285,0.72128,0.84259,0.59714,1.2152,0.94705,1.13952,0.0016015,0.0016015,0.0016015
1020,11181.1,1.11684,0.90605,1.09612,0.91864,0.72128,0.84266,0.59712,1.2152,0.94702,1.13943,0.00159325,0.00159325,0.00159325
1021,11191.4,1.07194,0.86669,1.08922,0.91708,0.72128,0.84265,0.59696,1.21518,0.94691,1.13928,0.001585,0.001585,0.001585
1022,11203.1,1.11641,0.90341,1.10072,0.91682,0.72128,0.84279,0.59626,1.21477,0.94663,1.13886,0.00157675,0.00157675,0.00157675
1023,11213.1,1.09104,0.87572,1.08375,0.91942,0.72128,0.84313,0.59671,1.21456,0.94635,1.13866,0.0015685,0.0015685,0.0015685
1024,11223.3,1.10535,0.88335,1.09408,0.91965,0.72128,0.84333,0.59686,1.21423,0.94606,1.13861,0.00156025,0.00156025,0.00156025
1025,11234.3,1.0983,0.88202,1.08989,0.91931,0.72128,0.8434,0.59694,1.21409,0.94568,1.13864,0.001552,0.001552,0.001552
1026,11245.4,1.05914,0.86731,1.08623,0.91969,0.72128,0.84341,0.59753,1.21372,0.94556,1.13809,0.00154375,0.00154375,0.00154375
1027,11256,1.10813,0.88367,1.08584,0.92074,0.72128,0.84352,0.59735,1.2135,0.94505,1.13779,0.0015355,0.0015355,0.0015355
1028,11266.2,1.09614,0.88271,1.08843,0.92215,0.72128,0.84366,0.59705,1.21339,0.94485,1.13724,0.00152725,0.00152725,0.00152725
1029,11278,1.10794,0.88607,1.09481,0.92291,0.72128,0.84357,0.59764,1.21323,0.94501,1.13707,0.001519,0.001519,0.001519
1030,11288.5,1.09613,0.8802,1.093,0.92372,0.72128,0.84349,0.59774,1.21293,0.94486,1.13694,0.00151075,0.00151075,0.00151075
1031,11299,1.07558,0.86237,1.07579,0.9236,0.72128,0.84347,0.59798,1.21258,0.94468,1.13644,0.0015025,0.0015025,0.0015025
1032,11309.6,1.10774,0.88681,1.08867,0.92373,0.72128,0.84323,0.5976,1.21241,0.94439,1.13645,0.00149425,0.00149425,0.00149425
1033,11321.5,1.09293,0.89069,1.08708,0.9167,0.72585,0.84323,0.59778,1.21217,0.94437,1.13625,0.001486,0.001486,0.001486
1034,11331.5,1.08719,0.902,1.10529,0.92403,0.72128,0.84337,0.5979,1.21193,0.9443,1.13612,0.00147775,0.00147775,0.00147775
1035,11341.6,1.08643,0.88263,1.09087,0.91673,0.72616,0.8434,0.59804,1.21172,0.94405,1.13599,0.0014695,0.0014695,0.0014695
1036,11353.2,1.08408,0.86517,1.08381,0.91957,0.72128,0.84357,0.59786,1.21182,0.94365,1.13591,0.00146125,0.00146125,0.00146125
1037,11363.3,1.09346,0.89837,1.0994,0.92049,0.72128,0.8436,0.59805,1.21144,0.94371,1.1357,0.001453,0.001453,0.001453
1038,11373.8,1.10726,0.91122,1.10465,0.91677,0.72649,0.84388,0.59775,1.21127,0.94349,1.1355,0.00144475,0.00144475,0.00144475
1039,11383.9,1.08368,0.87588,1.0872,0.92182,0.72128,0.84387,0.59776,1.21101,0.94339,1.13548,0.0014365,0.0014365,0.0014365
1040,11395,1.123,0.89087,1.09885,0.92306,0.72128,0.84405,0.59813,1.2111,0.94339,1.13543,0.00142825,0.00142825,0.00142825
1041,11405.6,1.11218,0.90463,1.09549,0.92505,0.72128,0.84383,0.59777,1.21083,0.9431,1.13537,0.00142,0.00142,0.00142
1042,11415.4,1.08432,0.88098,1.09063,0.92461,0.72128,0.84406,0.59773,1.21049,0.94289,1.13517,0.00141175,0.00141175,0.00141175
1043,11426.3,1.10819,0.90893,1.09194,0.92468,0.72128,0.84387,0.59798,1.21034,0.94249,1.13524,0.0014035,0.0014035,0.0014035
1044,11436.4,1.07307,0.87164,1.08784,0.92453,0.72128,0.8439,0.59773,1.21008,0.94246,1.13517,0.00139525,0.00139525,0.00139525
1045,11446.4,1.08112,0.87784,1.08932,0.92444,0.72128,0.84361,0.59725,1.20997,0.94204,1.13495,0.001387,0.001387,0.001387
1046,11456.5,1.07379,0.85831,1.08216,0.91476,0.72979,0.84339,0.59813,1.20972,0.94143,1.1347,0.00137875,0.00137875,0.00137875
1047,11467.7,1.06727,0.85855,1.07627,0.91488,0.73182,0.84337,0.59847,1.20943,0.94144,1.13459,0.0013705,0.0013705,0.0013705
1048,11478.1,1.08506,0.87255,1.08588,0.9149,0.73193,0.84349,0.5987,1.2093,0.94071,1.13461,0.00136225,0.00136225,0.00136225
1049,11488.6,1.07597,0.8671,1.08287,0.9153,0.73191,0.84351,0.59907,1.20913,0.94001,1.13463,0.001354,0.001354,0.001354
1050,11500.2,1.06665,0.85643,1.08052,0.91519,0.73191,0.84355,0.59896,1.20871,0.93993,1.13453,0.00134575,0.00134575,0.00134575
1051,11510.4,1.07286,0.85589,1.08256,0.91534,0.73191,0.84361,0.59966,1.20827,0.93912,1.13446,0.0013375,0.0013375,0.0013375
1052,11520.9,1.08887,0.87134,1.0877,0.91719,0.73191,0.84364,0.59923,1.20802,0.93893,1.1344,0.00132925,0.00132925,0.00132925
1053,11531,1.09611,0.86918,1.09084,0.91716,0.73023,0.84368,0.59952,1.20757,0.93839,1.13409,0.001321,0.001321,0.001321
1054,11542.1,1.09413,0.88788,1.08634,0.91711,0.72975,0.84363,0.59954,1.207,0.93824,1.1338,0.00131275,0.00131275,0.00131275
1055,11552.3,1.07894,0.87425,1.09252,0.9147,0.73011,0.84411,0.6,1.20656,0.93809,1.13371,0.0013045,0.0013045,0.0013045
1056,11562.8,1.07798,0.86588,1.08717,0.91532,0.72979,0.84417,0.60046,1.2063,0.93705,1.13367,0.00129625,0.00129625,0.00129625
1057,11574.3,1.0422,0.85736,1.07872,0.91702,0.7289,0.84415,0.60075,1.20602,0.9365,1.13317,0.001288,0.001288,0.001288
1058,11584.8,1.06426,0.86413,1.08755,0.91702,0.72888,0.84416,0.59989,1.2058,0.93603,1.13303,0.00127975,0.00127975,0.00127975
1059,11595.1,1.04848,0.83893,1.06635,0.91562,0.72766,0.84421,0.59997,1.20515,0.93593,1.13277,0.0012715,0.0012715,0.0012715
1060,11605.2,1.06573,0.84778,1.07121,0.91599,0.72766,0.84308,0.60059,1.20446,0.93476,1.13251,0.00126325,0.00126325,0.00126325
1061,11616.2,1.06624,0.86795,1.07855,0.91696,0.72831,0.84307,0.60093,1.20411,0.93419,1.13185,0.001255,0.001255,0.001255
1062,11626.5,1.05813,0.8599,1.0787,0.91651,0.72766,0.84328,0.60087,1.20388,0.93358,1.1317,0.00124675,0.00124675,0.00124675
1063,11636.6,1.07456,0.8616,1.08803,0.91639,0.72766,0.84338,0.60186,1.20348,0.93321,1.13134,0.0012385,0.0012385,0.0012385
1064,11648.1,1.05862,0.86884,1.0796,0.91728,0.72766,0.84345,0.6022,1.20303,0.933,1.13123,0.00123025,0.00123025,0.00123025
1065,11658.7,1.0732,0.87815,1.07782,0.91754,0.72766,0.84353,0.60149,1.20271,0.93271,1.13101,0.001222,0.001222,0.001222
1066,11668.7,1.07851,0.85585,1.08162,0.91699,0.72862,0.84342,0.60224,1.20231,0.93249,1.13076,0.00121375,0.00121375,0.00121375
1067,11679.3,1.04627,0.81946,1.06949,0.9146,0.72918,0.84327,0.60164,1.20205,0.93192,1.13062,0.0012055,0.0012055,0.0012055
1068,11690.3,1.08745,0.87195,1.08608,0.91407,0.72979,0.84351,0.60228,1.20184,0.93187,1.13053,0.00119725,0.00119725,0.00119725
1069,11700.8,1.08806,0.86707,1.07962,0.91348,0.72979,0.84346,0.6022,1.2015,0.93168,1.13023,0.001189,0.001189,0.001189
1070,11710.9,1.09603,0.86753,1.08382,0.91694,0.72979,0.84358,0.6022,1.20113,0.93121,1.13003,0.00118075,0.00118075,0.00118075
1071,11722,1.05395,0.84314,1.07776,0.91254,0.73257,0.84342,0.60279,1.20095,0.93101,1.12983,0.0011725,0.0011725,0.0011725
1072,11732.6,1.07712,0.8804,1.08105,0.91687,0.72742,0.84356,0.60334,1.20082,0.93031,1.12971,0.00116425,0.00116425,0.00116425
1073,11743.1,1.04846,0.85942,1.07565,0.91731,0.73169,0.84362,0.6033,1.20063,0.93019,1.12952,0.001156,0.001156,0.001156
1074,11753.3,1.0506,0.85399,1.07051,0.91712,0.72988,0.84372,0.60292,1.20063,0.92966,1.12951,0.00114775,0.00114775,0.00114775
1075,11764.6,1.06439,0.85386,1.06856,0.91715,0.73014,0.84403,0.60421,1.20028,0.92933,1.12941,0.0011395,0.0011395,0.0011395
1076,11775.1,1.07633,0.86447,1.08335,0.91716,0.73025,0.84405,0.60422,1.19997,0.92906,1.12921,0.00113125,0.00113125,0.00113125
1077,11785.6,1.08819,0.86954,1.07354,0.91727,0.73132,0.84465,0.60409,1.19952,0.92872,1.12895,0.001123,0.001123,0.001123
1078,11796.7,1.06913,0.85031,1.07386,0.9173,0.73163,0.84469,0.60409,1.19929,0.92857,1.12879,0.00111475,0.00111475,0.00111475
1079,11806.9,1.05382,0.84987,1.06964,0.91736,0.73213,0.8448,0.60418,1.19904,0.92771,1.1286,0.0011065,0.0011065,0.0011065
1080,11817.4,1.06633,0.85312,1.08477,0.91747,0.73322,0.84474,0.60371,1.19889,0.92692,1.12829,0.00109825,0.00109825,0.00109825
1081,11827.6,1.0686,0.85635,1.07872,0.91714,0.73009,0.84444,0.60399,1.19865,0.9265,1.12801,0.00109,0.00109,0.00109
1082,11838.9,1.06399,0.87136,1.08679,0.91738,0.73234,0.84445,0.60404,1.19841,0.92624,1.12787,0.00108175,0.00108175,0.00108175
1083,11848.9,1.07419,0.85435,1.07142,0.91963,0.73035,0.84453,0.60442,1.19812,0.92576,1.12759,0.0010735,0.0010735,0.0010735
1084,11859.4,1.04538,0.84731,1.06755,0.92213,0.73066,0.84463,0.6041,1.19776,0.92533,1.12743,0.00106525,0.00106525,0.00106525
1085,11870.4,1.03361,0.82209,1.05774,0.92482,0.73286,0.84517,0.60496,1.19756,0.92513,1.1273,0.001057,0.001057,0.001057
1086,11881,1.03776,0.83817,1.07526,0.92483,0.73297,0.84527,0.60509,1.19726,0.92513,1.12689,0.00104875,0.00104875,0.00104875
1087,11891.5,1.07618,0.86259,1.07364,0.92485,0.73318,0.84518,0.60554,1.19703,0.92483,1.12669,0.0010405,0.0010405,0.0010405
1088,11902.8,1.03545,0.8419,1.07426,0.92486,0.73323,0.8452,0.6056,1.19663,0.92446,1.12643,0.00103225,0.00103225,0.00103225
1089,11914.2,1.05155,0.84303,1.06679,0.92489,0.73364,0.84519,0.60561,1.1964,0.92443,1.12617,0.001024,0.001024,0.001024
1090,11924.8,1.05198,0.84353,1.06791,0.92485,0.73319,0.84538,0.60626,1.19601,0.92384,1.12593,0.00101575,0.00101575,0.00101575
1091,11935.2,1.03551,0.82112,1.06844,0.92485,0.73318,0.84554,0.60578,1.19567,0.92345,1.1258,0.0010075,0.0010075,0.0010075
1092,11946.5,1.03586,0.83798,1.06232,0.92486,0.73331,0.84548,0.60622,1.19544,0.92281,1.1257,0.00099925,0.00099925,0.00099925
1093,11956.6,1.06676,0.84728,1.0777,0.92486,0.73325,0.84561,0.6063,1.19509,0.92244,1.12543,0.000991,0.000991,0.000991
1094,11967.2,1.04873,0.8344,1.06778,0.92485,0.73319,0.84558,0.60626,1.19476,0.92184,1.12523,0.00098275,0.00098275,0.00098275
1095,11978.6,1.06631,0.84299,1.07488,0.9249,0.73371,0.84589,0.60626,1.19459,0.92144,1.12535,0.0009745,0.0009745,0.0009745
1096,11988.6,1.07076,0.85677,1.0768,0.92485,0.73322,0.8461,0.60667,1.19446,0.92083,1.12505,0.00096625,0.00096625,0.00096625
1097,11999,1.06094,0.84971,1.08003,0.92484,0.73308,0.84703,0.6067,1.19392,0.92038,1.1247,0.000958,0.000958,0.000958
1098,12009.5,1.04323,0.83087,1.06689,0.92486,0.73327,0.84616,0.60719,1.19387,0.91982,1.12478,0.00094975,0.00094975,0.00094975
1099,12021,1.02795,0.8287,1.05904,0.92501,0.73487,0.84724,0.60765,1.1934,0.91924,1.12472,0.0009415,0.0009415,0.0009415
1100,12031.5,1.05312,0.84697,1.07218,0.92485,0.73191,0.84721,0.60783,1.19304,0.91889,1.12448,0.00093325,0.00093325,0.00093325
1101,12042,1.03003,0.83633,1.06165,0.92491,0.73617,0.84829,0.60847,1.19273,0.91861,1.12439,0.000925,0.000925,0.000925
1102,12053.3,1.06254,0.8381,1.06871,0.92741,0.73399,0.84827,0.60866,1.19241,0.91838,1.12427,0.00091675,0.00091675,0.00091675
1103,12063.8,1.04422,0.84571,1.07223,0.92741,0.73399,0.84715,0.60838,1.19242,0.91765,1.12411,0.0009085,0.0009085,0.0009085
1104,12074,1.04847,0.83799,1.06442,0.92544,0.73617,0.84845,0.60828,1.19207,0.9176,1.12402,0.00090025,0.00090025,0.00090025
1105,12084.2,1.03285,0.84557,1.05475,0.92494,0.73617,0.84834,0.60859,1.19198,0.91699,1.12399,0.000892,0.000892,0.000892
1106,12095,1.02697,0.81373,1.05702,0.92295,0.73617,0.84862,0.60856,1.19155,0.9165,1.12394,0.00088375,0.00088375,0.00088375
1107,12105.1,1.04916,0.85135,1.08549,0.9247,0.73617,0.8485,0.60848,1.19136,0.91626,1.12386,0.0008755,0.0008755,0.0008755
1108,12115.1,1.03427,0.83591,1.06886,0.92138,0.73617,0.84858,0.60818,1.19112,0.91585,1.12373,0.00086725,0.00086725,0.00086725
1109,12125.8,1.03517,0.82575,1.06011,0.92387,0.73617,0.8486,0.60879,1.19088,0.91571,1.12363,0.000859,0.000859,0.000859
1110,12136.3,1.03641,0.83211,1.06918,0.92378,0.73617,0.84863,0.60896,1.19042,0.91521,1.1234,0.00085075,0.00085075,0.00085075
1111,12146.8,1.03097,0.82108,1.05615,0.9222,0.73617,0.84871,0.60888,1.19009,0.91532,1.12331,0.0008425,0.0008425,0.0008425
1112,12157.8,1.06784,0.86118,1.073,0.92351,0.73617,0.84889,0.60902,1.18971,0.91456,1.12305,0.00083425,0.00083425,0.00083425
1113,12168.8,1.02324,0.8324,1.06205,0.92246,0.73617,0.84893,0.6096,1.18945,0.91463,1.1231,0.000826,0.000826,0.000826
1114,12179.9,1.0308,0.82187,1.05334,0.92028,0.73681,0.84895,0.60949,1.18946,0.91415,1.12302,0.00081775,0.00081775,0.00081775
1115,12190.4,1.01706,0.82037,1.06351,0.9248,0.73617,0.84905,0.60952,1.18909,0.91402,1.12275,0.0008095,0.0008095,0.0008095
1116,12200.5,1.02829,0.82013,1.06395,0.92041,0.73617,0.84913,0.60956,1.18858,0.91367,1.12264,0.00080125,0.00080125,0.00080125
1117,12211.3,1.03967,0.84525,1.07606,0.92075,0.73617,0.84924,0.60934,1.18839,0.91347,1.12253,0.000793,0.000793,0.000793
1118,12221.8,1.04495,0.84232,1.0689,0.92117,0.73617,0.8494,0.60956,1.18809,0.91308,1.12245,0.00078475,0.00078475,0.00078475
1119,12232.3,1.05484,0.84008,1.07533,0.9212,0.73617,0.84961,0.60952,1.18769,0.91285,1.12236,0.0007765,0.0007765,0.0007765
1120,12242.8,1.01084,0.82095,1.06268,0.9213,0.73617,0.84969,0.6098,1.18768,0.91256,1.1223,0.00076825,0.00076825,0.00076825
1121,12253.3,1.04288,0.82104,1.07139,0.92131,0.73617,0.8498,0.60947,1.18736,0.91226,1.12221,0.00076,0.00076,0.00076
1122,12263.3,1.03008,0.82932,1.05568,0.92146,0.73617,0.8499,0.6096,1.18696,0.91191,1.12183,0.00075175,0.00075175,0.00075175
1123,12273.9,1.03668,0.83969,1.06462,0.92138,0.73617,0.84985,0.60987,1.18695,0.9117,1.12192,0.0007435,0.0007435,0.0007435
1124,12284.5,1.01278,0.81193,1.05984,0.92191,0.73617,0.85002,0.60974,1.18673,0.91123,1.12174,0.00073525,0.00073525,0.00073525
1125,12294.6,1.02403,0.82295,1.06237,0.92172,0.73617,0.85,0.61046,1.18657,0.91112,1.1215,0.000727,0.000727,0.000727
1126,12305.1,0.9973,0.80068,1.05178,0.9227,0.73655,0.85022,0.61063,1.1863,0.91083,1.12168,0.00071875,0.00071875,0.00071875
1127,12316,1.01717,0.82772,1.05838,0.92667,0.73617,0.85011,0.61082,1.18609,0.91051,1.12176,0.0007105,0.0007105,0.0007105
1128,12326.5,1.02147,0.83037,1.05804,0.92283,0.73785,0.85028,0.61098,1.18578,0.91018,1.12142,0.00070225,0.00070225,0.00070225
1129,12336.9,1.02354,0.82011,1.06107,0.92041,0.73817,0.85022,0.61147,1.18559,0.90959,1.12141,0.000694,0.000694,0.000694
1130,12347.8,1.05687,0.85648,1.07872,0.92988,0.7336,0.85016,0.61147,1.18525,0.9095,1.12134,0.00068575,0.00068575,0.00068575
1131,12357.9,1.02605,0.82359,1.05512,0.92989,0.73369,0.85027,0.61089,1.18493,0.90896,1.12125,0.0006775,0.0006775,0.0006775
1132,12367.8,1.02418,0.83758,1.067,0.92991,0.73395,0.85034,0.61105,1.18476,0.90894,1.12128,0.00066925,0.00066925,0.00066925
1133,12378.2,1.04288,0.8408,1.07807,0.92995,0.73444,0.85053,0.611,1.18449,0.90865,1.12114,0.000661,0.000661,0.000661
1134,12388.3,1.03572,0.83615,1.06374,0.92625,0.73617,0.85061,0.61131,1.18428,0.90833,1.12093,0.00065275,0.00065275,0.00065275
1135,12398.4,1.0352,0.83399,1.05747,0.92779,0.73617,0.85081,0.61153,1.184,0.90793,1.12081,0.0006445,0.0006445,0.0006445
1136,12408.9,1.03898,0.83772,1.06637,0.92836,0.73617,0.85096,0.61119,1.18378,0.90754,1.12047,0.00063625,0.00063625,0.00063625
1137,12419.6,1.0327,0.81549,1.06525,0.92824,0.73617,0.85107,0.61113,1.18368,0.90714,1.12041,0.000628,0.000628,0.000628
1138,12429.6,1.02974,0.81867,1.05559,0.93006,0.73566,0.85081,0.61087,1.18344,0.90679,1.12036,0.00061975,0.00061975,0.00061975
1139,12439.7,1.02106,0.81694,1.05162,0.93006,0.73562,0.8513,0.61103,1.18325,0.90686,1.11997,0.0006115,0.0006115,0.0006115
1140,12450.2,1.02864,0.82126,1.06203,0.9301,0.73603,0.8514,0.61098,1.18312,0.90664,1.11998,0.00060325,0.00060325,0.00060325
1141,12460.4,1.04063,0.83946,1.05541,0.93002,0.73521,0.85137,0.61133,1.18283,0.90635,1.11973,0.000595,0.000595,0.000595
1142,12470.4,1.02674,0.84247,1.0584,0.92904,0.73617,0.85104,0.61115,1.18244,0.90603,1.11973,0.00058675,0.00058675,0.00058675
1143,12480.5,1.01879,0.82414,1.05877,0.9294,0.73617,0.851,0.61114,1.1821,0.90566,1.11956,0.0005785,0.0005785,0.0005785
1144,12491.3,1.05569,0.83593,1.06717,0.92927,0.73617,0.85109,0.61113,1.18194,0.90527,1.11956,0.00057025,0.00057025,0.00057025
1145,12501.3,1.01584,0.80711,1.05,0.92543,0.73617,0.851,0.61108,1.18177,0.905,1.11951,0.000562,0.000562,0.000562
1146,12511.3,0.99667,0.7881,1.04211,0.92421,0.73617,0.85099,0.61111,1.18157,0.90501,1.11931,0.00055375,0.00055375,0.00055375
1147,12521.8,1.01093,0.80725,1.06221,0.92585,0.73617,0.85106,0.61162,1.18124,0.90451,1.11921,0.0005455,0.0005455,0.0005455
1148,12532.3,1.01349,0.81835,1.05626,0.92584,0.73617,0.85095,0.61153,1.18091,0.90452,1.11901,0.00053725,0.00053725,0.00053725
1149,12542.5,0.99701,0.80199,1.05012,0.92561,0.73617,0.851,0.61161,1.18071,0.90419,1.11892,0.000529,0.000529,0.000529
1150,12553,1.00343,0.80723,1.05943,0.92667,0.73617,0.851,0.61173,1.1806,0.90386,1.1189,0.00052075,0.00052075,0.00052075
1151,12563.5,1.02265,0.81491,1.05576,0.92629,0.73617,0.851,0.61186,1.18031,0.90369,1.11869,0.0005125,0.0005125,0.0005125
1152,12573.9,0.97526,0.76945,1.03579,0.92717,0.73617,0.851,0.61236,1.18006,0.90334,1.11868,0.00050425,0.00050425,0.00050425
1153,12584.3,1.01085,0.81509,1.05284,0.93027,0.73617,0.85111,0.61196,1.17992,0.90316,1.11859,0.000496,0.000496,0.000496
1154,12594.7,1.0445,0.84728,1.06659,0.93064,0.73617,0.85111,0.61259,1.17983,0.90316,1.1184,0.00048775,0.00048775,0.00048775
1155,12605.1,0.99059,0.79068,1.04947,0.93068,0.73617,0.85119,0.61218,1.1795,0.90282,1.11833,0.0004795,0.0004795,0.0004795
1156,12615.2,1.03557,0.82989,1.05606,0.93099,0.73617,0.85114,0.61268,1.17945,0.90261,1.11833,0.00047125,0.00047125,0.00047125
1157,12626.2,1.00389,0.81812,1.05146,0.93103,0.73617,0.85123,0.61331,1.17919,0.90241,1.11811,0.000463,0.000463,0.000463
1158,12636.7,1.00028,0.80409,1.04849,0.93224,0.73182,0.85118,0.61341,1.17897,0.90225,1.11792,0.00045475,0.00045475,0.00045475
1159,12647.1,1.01488,0.82204,1.07104,0.93096,0.73617,0.85125,0.61325,1.17876,0.90187,1.11794,0.0004465,0.0004465,0.0004465
1160,12657.8,0.99641,0.80777,1.0496,0.93096,0.73617,0.85127,0.61365,1.17863,0.90179,1.11786,0.00043825,0.00043825,0.00043825
1161,12668.2,1.01336,0.81744,1.04994,0.93092,0.73617,0.85133,0.61314,1.17856,0.90156,1.11785,0.00043,0.00043,0.00043
1162,12678.3,0.99612,0.79993,1.0486,0.93273,0.73756,0.85127,0.61337,1.17855,0.90145,1.11793,0.00042175,0.00042175,0.00042175
1163,12688.3,1.00571,0.83607,1.05542,0.93274,0.73762,0.85134,0.61379,1.17827,0.90133,1.1177,0.0004135,0.0004135,0.0004135
1164,12699.4,0.99853,0.80952,1.05134,0.94468,0.72672,0.85139,0.61384,1.17813,0.90083,1.11771,0.00040525,0.00040525,0.00040525
1165,12709.9,1.00867,0.81652,1.05825,0.93268,0.73693,0.85131,0.61367,1.17799,0.90052,1.11751,0.000397,0.000397,0.000397
1166,12719.7,1.01269,0.81857,1.05193,0.93263,0.7363,0.8514,0.61373,1.17783,0.90038,1.11744,0.00038875,0.00038875,0.00038875
1167,12730.2,1.00065,0.81319,1.05504,0.93235,0.73309,0.85142,0.6137,1.17755,0.90025,1.11721,0.0003805,0.0003805,0.0003805
1168,12740.3,0.99003,0.78781,1.04407,0.94471,0.72706,0.85144,0.61361,1.1773,0.89988,1.11715,0.00037225,0.00037225,0.00037225
1169,12750.5,1.01731,0.81109,1.05268,0.94473,0.72742,0.85157,0.61364,1.17673,0.90008,1.11628,0.000364,0.000364,0.000364
1170,12760.4,0.98429,0.7723,1.03823,0.94474,0.72757,0.85161,0.61366,1.17664,0.90006,1.11615,0.00035575,0.00035575,0.00035575
1171,12770.2,0.98624,0.78976,1.04727,0.94414,0.72766,0.85169,0.61383,1.17672,0.89939,1.11693,0.0003475,0.0003475,0.0003475
1172,12780.6,0.99828,0.80036,1.04384,0.94442,0.72766,0.85178,0.61401,1.17626,0.89946,1.11598,0.00033925,0.00033925,0.00033925
1173,12791.1,1.00239,0.79656,1.05186,0.94443,0.72766,0.85188,0.61412,1.17618,0.89934,1.11582,0.000331,0.000331,0.000331
1174,12802.1,0.98978,0.79339,1.0373,0.94391,0.72766,0.85193,0.61422,1.17592,0.89896,1.11574,0.00032275,0.00032275,0.00032275
1175,12813,1.02312,0.8377,1.06018,0.94463,0.72766,0.85219,0.61433,1.17584,0.89884,1.11582,0.0003145,0.0003145,0.0003145
1176,12823.5,1.01181,0.81059,1.04883,0.94411,0.72766,0.85201,0.61423,1.17569,0.8988,1.11572,0.00030625,0.00030625,0.00030625
1177,12833.5,0.9953,0.8104,1.04987,0.94344,0.72766,0.85236,0.61432,1.17558,0.89835,1.11557,0.000298,0.000298,0.000298
1178,12844.3,1.00291,0.80659,1.04789,0.9434,0.72766,0.853,0.61454,1.17573,0.89783,1.11625,0.00028975,0.00028975,0.00028975
1179,12855.2,0.99761,0.80537,1.05274,0.94353,0.72766,0.85301,0.61464,1.17544,0.89819,1.11522,0.0002815,0.0002815,0.0002815
1180,12865.6,0.98049,0.78202,1.04118,0.94346,0.72766,0.85329,0.61464,1.17534,0.89792,1.11518,0.00027325,0.00027325,0.00027325
1181,12876.1,1.03057,0.82865,1.05201,0.94389,0.72766,0.85325,0.61455,1.17525,0.89772,1.11507,0.000265,0.000265,0.000265
1182,12886.6,1.0054,0.81918,1.06084,0.94341,0.72766,0.85335,0.61473,1.17524,0.89753,1.115,0.00025675,0.00025675,0.00025675
1183,12897,1.02314,0.8125,1.05703,0.94327,0.72766,0.85336,0.61491,1.17502,0.89745,1.11485,0.0002485,0.0002485,0.0002485
1184,12907.2,0.99125,0.80126,1.04624,0.93697,0.72979,0.85357,0.61504,1.17471,0.89737,1.11471,0.00024025,0.00024025,0.00024025
1185,12917.9,0.99233,0.80853,1.05181,0.9371,0.72979,0.85365,0.61471,1.17468,0.89712,1.11474,0.000232,0.000232,0.000232
1186,12927.9,0.98949,0.7999,1.05693,0.93712,0.72979,0.85424,0.61479,1.17441,0.89709,1.11452,0.00022375,0.00022375,0.00022375
1187,12938,1.00212,0.80944,1.05136,0.93686,0.72979,0.85361,0.61475,1.17427,0.89696,1.11451,0.0002155,0.0002155,0.0002155
1188,12948.6,1.01174,0.8007,1.04114,0.93667,0.72979,0.85366,0.61469,1.17398,0.89682,1.11434,0.00020725,0.00020725,0.00020725
1189,12960.4,0.98766,0.80626,1.0479,0.9368,0.72979,0.85434,0.6147,1.17382,0.89667,1.11416,0.000199,0.000199,0.000199
1190,12971.5,0.98231,0.79158,1.04112,0.93689,0.72979,0.85444,0.61478,1.17372,0.8964,1.11413,0.00019075,0.00019075,0.00019075
1191,12983.3,1.04065,0.7283,1.05458,0.93908,0.72979,0.85369,0.61538,1.17357,0.8961,1.11405,0.0001825,0.0001825,0.0001825
1192,12993.9,1.00059,0.67262,1.01725,0.93687,0.72979,0.85376,0.61482,1.17329,0.89576,1.11399,0.00017425,0.00017425,0.00017425
1193,13006,0.94905,0.65599,1.00712,0.93705,0.72979,0.85453,0.61501,1.17304,0.89535,1.11378,0.000166,0.000166,0.000166
1194,13016.9,0.96003,0.65799,0.99902,0.93932,0.72766,0.85455,0.61546,1.17248,0.89523,1.11292,0.00015775,0.00015775,0.00015775
1195,13027.4,0.91553,0.63233,0.97964,0.937,0.72777,0.85461,0.61536,1.17214,0.89481,1.11275,0.0001495,0.0001495,0.0001495
1196,13037.6,0.94487,0.64987,0.9973,0.93764,0.72766,0.85478,0.61611,1.17189,0.89422,1.11256,0.00014125,0.00014125,0.00014125
1197,13049.1,0.94235,0.635,0.9888,0.93705,0.72841,0.85491,0.61591,1.17159,0.89402,1.11247,0.000133,0.000133,0.000133
1198,13059.2,0.93988,0.64053,0.98777,0.93982,0.72766,0.85487,0.61602,1.17112,0.89349,1.11215,0.00012475,0.00012475,0.00012475
1199,13069.5,0.90756,0.61572,0.977,0.94209,0.72687,0.85502,0.61605,1.17081,0.89312,1.11199,0.0001165,0.0001165,0.0001165
1200,13080.2,0.91709,0.61867,0.97622,0.942,0.72766,0.85501,0.61607,1.17067,0.89286,1.11189,0.00010825,0.00010825,0.00010825
