epoch,time,train/box_loss,train/cls_loss,train/dfl_loss,metrics/precision(B),metrics/recall(B),metrics/mAP50(B),metrics/mAP50-95(B),val/box_loss,val/cls_loss,val/dfl_loss,lr/pg0,lr/pg1,lr/pg2
1,15.6559,5.83602,9.33687,4.21441,1e-05,0.00213,1e-05,0,6.30006,11.7366,4.1597,0.00327778,0.00327778,0.00327778
2,25.9027,5.83724,7.29377,4.14837,1e-05,0.00213,1e-05,0,6.277,7.65997,4.09765,0.00660566,0.00660566,0.00660566
3,36.1506,5.27639,5.03162,3.55597,0.00031,0.04255,0.00019,4e-05,4.74989,5.22167,2.78828,0.00992804,0.00992804,0.00992804
4,47.6588,4.3295,4.40443,2.81223,0.00026,0.00638,0.00013,4e-05,4.63422,4.99478,2.92782,0.00997525,0.00997525,0.00997525
5,58.1434,4.10994,4.3689,2.69019,0.00109,0.13191,0.00063,0.00014,3.9794,4.48679,2.64481,0.009967,0.009967,0.009967
6,68.6814,3.85431,4.37007,2.60741,0.00071,0.08511,0.00043,0.0001,4.61553,5.90958,2.78874,0.00995875,0.00995875,0.00995875
7,82.4431,3.65685,4.30951,2.52692,0.00059,0.01489,0.00031,0.0001,4.32634,4.6482,2.2379,0.0099505,0.0099505,0.0099505
8,93.155,3.57091,4.29257,2.50883,0.00014,0.01064,8e-05,1e-05,3.9887,4.62527,2.13771,0.00994225,0.00994225,0.00994225
9,106.532,3.63229,4.24426,2.54206,0.00142,0.20851,0.00129,0.00032,3.52319,4.42346,2.39052,0.009934,0.009934,0.009934
10,116.771,3.60112,4.24503,2.52058,0.00085,0.12979,0.0005,0.00012,3.5832,4.41559,2.28216,0.00992575,0.00992575,0.00992575
11,126.744,3.6291,4.22182,2.5324,0.00143,0.21702,0.00094,0.00022,3.65027,4.28187,2.30541,0.0099175,0.0099175,0.0099175
12,136.724,3.55098,4.22348,2.51033,0.00107,0.1617,0.00066,0.00015,3.6261,4.45284,2.4256,0.00990925,0.00990925,0.00990925
13,149.812,3.52047,4.19993,2.51687,0.00161,0.24043,0.00122,0.0003,3.5043,4.40345,2.27647,0.009901,0.009901,0.009901
14,160.334,3.52185,4.19267,2.54052,0.00191,0.21915,0.00158,0.0004,3.57782,4.19045,2.35194,0.00989275,0.00989275,0.00989275
15,170.64,3.52471,4.21036,2.50899,0.00155,0.23191,0.00122,0.00028,3.60652,4.35315,2.40116,0.0098845,0.0098845,0.0098845
16,180.535,3.47522,4.23483,2.51517,0.00196,0.2383,0.00189,0.00049,3.71273,4.33609,2.41461,0.00987625,0.00987625,0.00987625
17,193.215,3.44346,4.22428,2.46152,0.0016,0.24468,0.00631,0.0023,3.45624,4.2457,2.2861,0.009868,0.009868,0.009868
18,207.999,3.4209,4.16636,2.49861,0.00172,0.25957,0.00168,0.0004,3.59762,4.35964,2.31321,0.00985975,0.00985975,0.00985975
19,222.904,3.38494,4.18869,2.44719,0.00205,0.30638,0.00302,0.00064,3.49807,4.21002,2.33073,0.0098515,0.0098515,0.0098515
20,234.87,3.34604,4.14542,2.46727,0.00193,0.29149,0.00289,0.00064,3.43668,4.37634,2.32238,0.00984325,0.00984325,0.00984325
21,244.645,3.38928,4.15127,2.44261,0.00217,0.32979,0.00381,0.00074,3.48161,4.1555,2.30308,0.009835,0.009835,0.009835
22,254.649,3.31027,4.15072,2.40677,0.01005,0.02128,0.00364,0.00084,3.36878,4.25294,2.32425,0.00982675,0.00982675,0.00982675
23,266.812,3.27898,4.08198,2.40621,0.00508,0.28298,0.00594,0.00121,3.33443,4.08809,2.33736,0.0098185,0.0098185,0.0098185
24,281.127,3.30485,4.10587,2.44479,0.00247,0.37021,0.0036,0.00085,3.32978,4.21257,2.30076,0.00981025,0.00981025,0.00981025
25,291.291,3.26132,4.08303,2.37308,0.00261,0.39362,0.00748,0.00138,3.2917,4.1513,2.2338,0.009802,0.009802,0.009802
26,301.301,3.24099,4.04209,2.38873,0.00257,0.38511,0.00564,0.00117,3.33121,4.14866,2.25843,0.00979375,0.00979375,0.00979375
27,311.341,3.23193,4.02749,2.39928,0.02993,0.01277,0.00534,0.00121,3.32452,4.11732,2.28249,0.0097855,0.0097855,0.0097855
28,327.589,3.23019,4.05218,2.38608,0.04813,0.0383,0.01409,0.0036,3.22175,4.2776,2.25274,0.00977725,0.00977725,0.00977725
29,338.878,3.20404,4.03402,2.38199,0.05199,0.02979,0.00672,0.00178,3.28702,4.08056,2.31207,0.009769,0.009769,0.009769
30,348.935,3.19284,3.94971,2.36315,0.02103,0.14894,0.01677,0.00503,3.29086,4.04292,2.25938,0.00976075,0.00976075,0.00976075
31,359.171,3.19985,3.95001,2.35299,0.02121,0.15319,0.01382,0.00332,3.23134,4.01205,2.27546,0.0097525,0.0097525,0.0097525
32,372.215,3.15045,3.92428,2.34507,0.01303,0.18298,0.0089,0.00225,3.17331,3.99311,2.21173,0.00974425,0.00974425,0.00974425
33,385.99,3.14675,3.87833,2.34091,0.07393,0.05745,0.02422,0.00552,3.21073,4.81749,2.273,0.009736,0.009736,0.009736
34,396.196,3.13285,3.88332,2.36737,0.08261,0.03617,0.0151,0.00385,3.19082,3.91673,2.24105,0.00972775,0.00972775,0.00972775
35,406.194,3.08792,3.79952,2.32147,0.07664,0.04255,0.02211,0.00453,3.16562,3.84633,2.18069,0.0097195,0.0097195,0.0097195
36,417.723,3.09188,3.7909,2.33673,0.08136,0.04255,0.02,0.00402,3.23295,3.95089,2.28476,0.00971125,0.00971125,0.00971125
37,433.286,3.08556,3.81535,2.35026,0.04576,0.02128,0.00869,0.00159,3.31111,4.20275,2.26991,0.009703,0.009703,0.009703
38,443.133,3.04888,3.70377,2.31523,0.09233,0.05532,0.02062,0.00481,3.17309,3.99364,2.21973,0.00969475,0.00969475,0.00969475
39,453.024,3.04463,3.74144,2.32147,0.08109,0.04681,0.02275,0.00503,3.14603,3.87683,2.22392,0.0096865,0.0096865,0.0096865
40,462.926,3.0335,3.7109,2.31562,0.0934,0.09362,0.027,0.00579,3.11506,4.07488,2.18121,0.00967825,0.00967825,0.00967825
41,478.01,3.02229,3.68957,2.31168,0.07886,0.08085,0.0254,0.00625,3.08196,3.78469,2.19959,0.00967,0.00967,0.00967
42,490.345,3.01801,3.68272,2.28962,0.09825,0.0766,0.03051,0.00796,3.0666,3.7296,2.17324,0.00966175,0.00966175,0.00966175
43,500.684,2.96724,3.62482,2.2888,0.12863,0.05319,0.03216,0.0078,3.06377,3.69112,2.19506,0.0096535,0.0096535,0.0096535
44,510.872,2.99656,3.60258,2.28092,0.09897,0.04681,0.01874,0.00488,3.30243,3.9584,2.28823,0.00964525,0.00964525,0.00964525
45,523.819,2.95895,3.59208,2.28154,0.12977,0.03404,0.02755,0.00609,3.08052,3.77193,2.17891,0.009637,0.009637,0.009637
46,538.146,2.95255,3.6101,2.28593,0.10157,0.09362,0.02681,0.00602,3.06693,4.00293,2.1954,0.00962875,0.00962875,0.00962875
47,548.085,2.93326,3.57562,2.23435,0.14233,0.07234,0.0374,0.00785,3.0535,3.67513,2.18472,0.0096205,0.0096205,0.0096205
48,558.399,2.92628,3.56346,2.23427,0.12453,0.06596,0.03637,0.00949,3.03024,3.66991,2.17705,0.00961225,0.00961225,0.00961225
49,568.72,2.95807,3.60226,2.27172,0.13469,0.08511,0.03496,0.00753,2.98831,3.68217,2.18193,0.009604,0.009604,0.009604
50,583.543,2.89862,3.53777,2.24982,0.12366,0.08085,0.03979,0.00945,3.00476,3.62633,2.17403,0.00959575,0.00959575,0.00959575
51,595.649,2.89928,3.4877,2.24382,0.11866,0.08085,0.03955,0.00881,3.06906,3.62753,2.21204,0.0095875,0.0095875,0.0095875
52,605.715,2.89597,3.51082,2.20968,0.17722,0.08936,0.05684,0.0126,3.00027,3.63624,2.18582,0.00957925,0.00957925,0.00957925
53,615.984,2.89232,3.52029,2.24139,0.15428,0.10213,0.0488,0.01133,2.93163,3.65776,2.14991,0.009571,0.009571,0.009571
54,628.191,2.87823,3.50477,2.23165,0.14682,0.06596,0.03854,0.0095,2.93535,3.6048,2.12464,0.00956275,0.00956275,0.00956275
55,643.247,2.87249,3.46309,2.2144,0.15569,0.10213,0.05543,0.01381,2.92238,3.61493,2.16136,0.0095545,0.0095545,0.0095545
56,653.406,2.84134,3.41199,2.18673,0.14389,0.08298,0.05135,0.01167,2.97721,3.62573,2.16835,0.00954625,0.00954625,0.00954625
57,663.433,2.80189,3.43221,2.18627,0.1259,0.1,0.05575,0.01214,3.03607,3.7459,2.17694,0.009538,0.009538,0.009538
58,673.565,2.84203,3.45329,2.19425,0.17914,0.05957,0.04012,0.00922,2.99902,3.67907,2.17757,0.00952975,0.00952975,0.00952975
59,688.887,2.81066,3.39019,2.18956,0.18203,0.08936,0.05489,0.01439,2.91807,3.55285,2.15638,0.0095215,0.0095215,0.0095215
60,700.869,2.83554,3.42897,2.19338,0.11356,0.1,0.04246,0.01038,2.98256,3.59543,2.1537,0.00951325,0.00951325,0.00951325
61,710.968,2.82363,3.39547,2.20411,0.12222,0.09787,0.03954,0.00875,2.98015,3.76408,2.17513,0.009505,0.009505,0.009505
62,720.972,2.81727,3.42317,2.19649,0.15367,0.10851,0.05476,0.01428,2.94826,3.51471,2.15247,0.00949675,0.00949675,0.00949675
63,734.408,2.79795,3.39845,2.1839,0.16393,0.08723,0.05058,0.01338,3.03634,3.62081,2.16036,0.0094885,0.0094885,0.0094885
64,749.133,2.7594,3.39338,2.18185,0.17721,0.08085,0.06371,0.01568,2.97287,3.56693,2.15615,0.00948025,0.00948025,0.00948025
65,764.599,2.80457,3.36692,2.18266,0.16125,0.09695,0.05251,0.01328,2.98318,3.51927,2.18195,0.009472,0.009472,0.009472
66,778.121,2.79173,3.34187,2.19407,0.1518,0.11272,0.06129,0.0134,2.92784,3.49523,2.13529,0.00946375,0.00946375,0.00946375
67,788.06,2.76444,3.33124,2.17106,0.1776,0.08085,0.06162,0.01767,2.92523,3.57507,2.13963,0.0094555,0.0094555,0.0094555
68,798.178,2.78584,3.32655,2.16552,0.14823,0.13617,0.07179,0.01953,2.83761,3.41829,2.12366,0.00944725,0.00944725,0.00944725
69,809.069,2.80191,3.37662,2.1739,0.17966,0.10851,0.05692,0.0135,3.03137,3.63153,2.17749,0.009439,0.009439,0.009439
70,825.179,2.74247,3.29463,2.14612,0.21306,0.13191,0.08429,0.01983,2.85181,3.48395,2.09911,0.00943075,0.00943075,0.00943075
71,840.728,2.725,3.31988,2.13385,0.21332,0.11277,0.07266,0.01708,2.89179,3.44847,2.13197,0.0094225,0.0094225,0.0094225
72,853.267,2.7538,3.32035,2.17923,0.14539,0.1383,0.0563,0.01447,2.96336,3.44141,2.18787,0.00941425,0.00941425,0.00941425
73,862.994,2.70075,3.28269,2.14085,0.11942,0.11702,0.05389,0.01336,2.94433,3.56737,2.17274,0.009406,0.009406,0.009406
74,872.836,2.71433,3.29025,2.12205,0.17053,0.09787,0.05002,0.01349,3.0024,3.5876,2.14986,0.00939775,0.00939775,0.00939775
75,883.878,2.75328,3.26448,2.16178,0.17952,0.11702,0.07961,0.02154,2.93152,3.41951,2.12906,0.0093895,0.0093895,0.0093895
76,900.003,2.7276,3.32706,2.13263,0.19259,0.15957,0.07862,0.02037,2.84292,3.37026,2.10169,0.00938125,0.00938125,0.00938125
77,910.102,2.71601,3.27942,2.12356,0.14631,0.11915,0.06529,0.01751,2.88082,3.47946,2.11564,0.009373,0.009373,0.009373
78,920.02,2.74245,3.31738,2.13022,0.15026,0.12766,0.06346,0.01542,2.85152,3.45823,2.12456,0.00936475,0.00936475,0.00936475
79,929.862,2.74044,3.32854,2.14826,0.18368,0.14458,0.07633,0.01738,2.79517,3.50822,2.10213,0.0093565,0.0093565,0.0093565
80,943.115,2.69735,3.28639,2.14474,0.2109,0.14043,0.08846,0.02485,2.83621,3.41386,2.10617,0.00934825,0.00934825,0.00934825
81,957.046,2.69879,3.25483,2.1458,0.21151,0.15238,0.08214,0.02057,2.83974,3.37661,2.06842,0.00934,0.00934,0.00934
82,966.881,2.69929,3.27364,2.13197,0.12363,0.10213,0.04664,0.01285,2.94582,3.54019,2.13475,0.00933175,0.00933175,0.00933175
83,976.766,2.6798,3.2506,2.12806,0.19486,0.1383,0.07464,0.02106,2.82403,3.39555,2.09279,0.0093235,0.0093235,0.0093235
84,987.289,2.68345,3.2671,2.11447,0.19883,0.15745,0.08013,0.02231,2.82167,3.32392,2.10983,0.00931525,0.00931525,0.00931525
85,1002.31,2.69037,3.21948,2.11372,0.20158,0.14468,0.08463,0.02192,2.80163,3.38856,2.09125,0.009307,0.009307,0.009307
86,1013.38,2.66378,3.22102,2.1008,0.17865,0.1383,0.0854,0.02391,2.80534,3.34353,2.10477,0.00929875,0.00929875,0.00929875
87,1023.37,2.67161,3.22189,2.09093,0.18182,0.13617,0.08839,0.02484,2.8121,3.28233,2.09578,0.0092905,0.0092905,0.0092905
88,1033.35,2.68291,3.22762,2.10782,0.19351,0.0766,0.0567,0.01524,2.95901,3.48002,2.15486,0.00928225,0.00928225,0.00928225
89,1045.93,2.66379,3.22355,2.10895,0.18106,0.12766,0.07057,0.02155,2.79665,3.40428,2.08682,0.009274,0.009274,0.009274
90,1060.62,2.66198,3.22832,2.11313,0.19528,0.12128,0.07251,0.0181,2.92377,3.47664,2.14149,0.00926575,0.00926575,0.00926575
91,1070.58,2.66307,3.22298,2.1049,0.20236,0.14845,0.09307,0.02604,2.76173,3.34442,2.06141,0.0092575,0.0092575,0.0092575
92,1080.76,2.66066,3.2095,2.08391,0.25571,0.15532,0.11163,0.03293,2.76138,3.2907,2.08843,0.00924925,0.00924925,0.00924925
93,1091.2,2.66736,3.19448,2.10124,0.2175,0.17447,0.09649,0.02867,2.80987,3.2639,2.10171,0.009241,0.009241,0.009241
94,1106.18,2.63512,3.18951,2.09532,0.21517,0.15532,0.10581,0.03132,2.79429,3.27203,2.07722,0.00923275,0.00923275,0.00923275
95,1118.23,2.65731,3.21065,2.10806,0.22673,0.15319,0.10356,0.02731,2.79425,3.27285,2.05662,0.0092245,0.0092245,0.0092245
96,1128.26,2.61128,3.15283,2.08629,0.22314,0.15957,0.09754,0.02732,2.72262,3.28366,2.03643,0.00921625,0.00921625,0.00921625
97,1138.28,2.62932,3.17471,2.06122,0.23424,0.13404,0.08892,0.02398,2.84835,3.37758,2.08427,0.009208,0.009208,0.009208
98,1149.93,2.62521,3.1601,2.08175,0.25337,0.14043,0.09761,0.02868,2.74535,3.26493,2.07007,0.00919975,0.00919975,0.00919975
99,1165.62,2.62564,3.2198,2.08875,0.21198,0.1234,0.09326,0.02513,2.74834,3.30549,2.0551,0.0091915,0.0091915,0.0091915
100,1175.6,2.63059,3.18435,2.08032,0.24388,0.14043,0.1034,0.0264,2.77017,3.26566,2.08157,0.00918325,0.00918325,0.00918325
101,1185.45,2.63053,3.14833,2.06591,0.20745,0.17447,0.10094,0.02646,2.72472,3.25519,2.05785,0.009175,0.009175,0.009175
102,1195.61,2.62497,3.17474,2.10026,0.23845,0.15957,0.10743,0.02904,2.77143,3.22343,2.06355,0.00916675,0.00916675,0.00916675
103,1209.56,2.61413,3.13603,2.06577,0.25804,0.13191,0.09659,0.02794,2.74222,3.31642,2.07721,0.0091585,0.0091585,0.0091585
104,1222.68,2.58284,3.12007,2.06036,0.221,0.16383,0.09416,0.02634,2.76331,3.26673,2.06016,0.00915025,0.00915025,0.00915025
105,1232.71,2.61265,3.16542,2.08014,0.23827,0.15573,0.10379,0.02821,2.73339,3.24145,2.04788,0.009142,0.009142,0.009142
106,1242.76,2.62344,3.17262,2.10557,0.22042,0.1617,0.10345,0.02736,2.79339,3.22401,2.06763,0.00913375,0.00913375,0.00913375
107,1254.02,2.57118,3.12228,2.04451,0.23627,0.13404,0.09034,0.02423,2.73204,3.35932,2.0546,0.0091255,0.0091255,0.0091255
108,1269.3,2.60799,3.17475,2.07926,0.19307,0.15957,0.0958,0.02719,2.79776,3.25415,2.08359,0.00911725,0.00911725,0.00911725
109,1279.22,2.59064,3.15059,2.05392,0.21148,0.12128,0.08727,0.02412,2.92255,3.4018,2.15189,0.009109,0.009109,0.009109
110,1289.2,2.61385,3.16508,2.05743,0.22841,0.15872,0.10053,0.02833,2.74238,3.22867,2.04234,0.00910075,0.00910075,0.00910075
111,1299.19,2.59327,3.1433,2.03888,0.22883,0.18723,0.11423,0.0321,2.74804,3.1901,2.07016,0.0090925,0.0090925,0.0090925
112,1312.57,2.56152,3.12494,2.032,0.25871,0.17447,0.1235,0.0342,2.7474,3.11766,2.08066,0.00908425,0.00908425,0.00908425
113,1328.43,2.59585,3.09313,2.07209,0.28754,0.15745,0.11906,0.03407,2.753,3.20509,2.05585,0.009076,0.009076,0.009076
114,1338.39,2.56622,3.08027,2.04807,0.23292,0.15745,0.10321,0.02968,2.74534,3.22674,2.08587,0.00906775,0.00906775,0.00906775
115,1348.45,2.54847,3.09507,2.00599,0.22139,0.17021,0.11366,0.03202,2.69042,3.1869,2.05455,0.0090595,0.0090595,0.0090595
116,1358.31,2.58168,3.12179,2.02525,0.25644,0.13617,0.0993,0.02873,2.83687,3.36104,2.11534,0.00905125,0.00905125,0.00905125
117,1371.13,2.53853,3.07725,2.04878,0.23939,0.17021,0.1068,0.03083,2.71964,3.22342,2.06051,0.009043,0.009043,0.009043
118,1384.17,2.5601,3.12395,2.04088,0.28482,0.18723,0.13013,0.03596,2.70055,3.10465,2.0357,0.00903475,0.00903475,0.00903475
119,1394.49,2.55427,3.09598,2.03286,0.20519,0.11489,0.08058,0.02186,2.74125,3.50506,2.05434,0.0090265,0.0090265,0.0090265
120,1404.55,2.58942,3.10535,2.05612,0.21439,0.17021,0.10674,0.02983,2.73969,3.1807,2.04702,0.00901825,0.00901825,0.00901825
121,1415.22,2.5528,3.08448,2.04849,0.25908,0.15957,0.1174,0.03334,2.7601,3.18531,2.05426,0.00901,0.00901,0.00901
122,1431.25,2.55771,3.066,2.01081,0.23825,0.18936,0.12589,0.03729,2.68942,3.13361,2.0599,0.00900175,0.00900175,0.00900175
123,1442.24,2.5841,3.06667,2.04715,0.21337,0.12766,0.07105,0.01968,2.92828,3.56677,2.10738,0.0089935,0.0089935,0.0089935
124,1452.31,2.50745,3.08793,2.02687,0.26739,0.17021,0.12541,0.03754,2.72681,3.16823,2.06423,0.00898525,0.00898525,0.00898525
125,1462.56,2.55929,3.122,2.04779,0.23697,0.19574,0.12135,0.03559,2.64974,3.15897,2.00706,0.008977,0.008977,0.008977
126,1476.97,2.53733,3.0537,2.01387,0.24137,0.17872,0.12311,0.03632,2.65335,3.09803,2.03104,0.00896875,0.00896875,0.00896875
127,1489.54,2.49082,3.06534,2.00144,0.24803,0.19574,0.1234,0.0375,2.6776,3.11138,2.02963,0.0089605,0.0089605,0.0089605
128,1499.48,2.51696,3.09976,2.02142,0.29162,0.19362,0.14328,0.03764,2.65993,3.13259,2.01891,0.00895225,0.00895225,0.00895225
129,1509.82,2.50681,3.07142,2.00912,0.2592,0.19574,0.13466,0.03946,2.66532,3.07245,2.02689,0.008944,0.008944,0.008944
130,1522.46,2.49894,3.05489,2.00536,0.22877,0.18936,0.11754,0.03396,2.68206,3.17955,2.05073,0.00893575,0.00893575,0.00893575
131,1537.44,2.49391,3.01216,1.99164,0.26856,0.1766,0.13017,0.03488,2.63395,3.10833,2.02878,0.0089275,0.0089275,0.0089275
132,1547.52,2.49736,3.01478,2.02048,0.28246,0.18723,0.13495,0.03929,2.67145,3.08878,2.03739,0.00891925,0.00891925,0.00891925
133,1557.57,2.51165,3.07866,2.03218,0.26064,0.17234,0.1195,0.03571,2.66879,3.15076,2.01473,0.008911,0.008911,0.008911
134,1568.19,2.49721,3.03972,2.00479,0.30939,0.1766,0.13026,0.03587,2.67615,3.08136,2.0634,0.00890275,0.00890275,0.00890275
135,1585.59,2.51579,3.04387,2.02186,0.26765,0.16809,0.10781,0.03051,2.74632,3.19671,2.06754,0.0088945,0.0088945,0.0088945
136,1598.57,2.51018,3.04214,2.01074,0.25202,0.17635,0.11937,0.03463,2.66977,3.13147,2.02989,0.00888625,0.00888625,0.00888625
137,1608.71,2.4746,3.03924,1.97882,0.26344,0.19574,0.12744,0.036,2.61802,3.08826,2.02039,0.008878,0.008878,0.008878
138,1618.53,2.46988,3.04446,1.99182,0.27553,0.17447,0.1209,0.03404,2.64202,3.06739,2.00364,0.00886975,0.00886975,0.00886975
139,1629.67,2.47847,2.98903,1.98973,0.25679,0.17234,0.112,0.03373,2.70536,3.2325,2.03247,0.0088615,0.0088615,0.0088615
140,1644.63,2.4866,3.02684,1.98924,0.26857,0.17734,0.11676,0.03153,2.67958,3.24387,2.03097,0.00885325,0.00885325,0.00885325
141,1657.06,2.47631,2.98542,1.99446,0.272,0.21277,0.12284,0.03663,2.62356,3.06528,2.00965,0.008845,0.008845,0.008845
142,1667.19,2.46703,2.98982,1.9916,0.28351,0.19787,0.13487,0.04024,2.62284,3.10528,2.0148,0.00883675,0.00883675,0.00883675
143,1677.66,2.45357,3.01786,1.98141,0.28101,0.1766,0.12724,0.03922,2.62969,3.07363,2.01454,0.0088285,0.0088285,0.0088285
144,1688.73,2.46389,2.99573,1.98071,0.25526,0.16809,0.1174,0.03454,2.68999,3.14093,2.05921,0.00882025,0.00882025,0.00882025
145,1703.83,2.46996,2.96325,1.98868,0.28057,0.17447,0.1329,0.03874,2.6527,3.09552,2.02314,0.008812,0.008812,0.008812
146,1717.3,2.49017,3.02978,1.99533,0.29471,0.1617,0.11989,0.03378,2.64807,3.22538,2.04358,0.00880375,0.00880375,0.00880375
147,1727.33,2.44997,2.99088,1.98081,0.31953,0.18298,0.13946,0.04055,2.64074,3.08113,2.03672,0.0087955,0.0087955,0.0087955
148,1737.54,2.43774,2.98329,1.98267,0.25673,0.16609,0.12947,0.03933,2.62525,3.07832,1.99933,0.00878725,0.00878725,0.00878725
149,1748.84,2.48187,3.02191,1.97346,0.26162,0.20851,0.1257,0.03929,2.61836,3.10957,2.01392,0.008779,0.008779,0.008779
150,1764.7,2.47844,2.98615,1.97478,0.31926,0.19574,0.15595,0.04359,2.61213,3.05233,2.00148,0.00877075,0.00877075,0.00877075
151,1777.61,2.44946,2.95873,1.98998,0.27117,0.20266,0.13587,0.04208,2.63126,3.03903,2.03014,0.0087625,0.0087625,0.0087625
152,1787.73,2.45351,3.00362,1.94954,0.30048,0.21277,0.14224,0.03982,2.63679,3.08423,2.01469,0.00875425,0.00875425,0.00875425
153,1797.75,2.417,2.93829,1.95762,0.26061,0.2,0.14291,0.04114,2.64505,3.00821,2.02355,0.008746,0.008746,0.008746
154,1810.27,2.40622,2.99793,1.94869,0.25102,0.15745,0.10788,0.03261,2.67503,3.14289,2.04359,0.00873775,0.00873775,0.00873775
155,1825.96,2.42081,2.97766,1.95037,0.30665,0.17447,0.14232,0.04484,2.5784,3.02499,1.98668,0.0087295,0.0087295,0.0087295
156,1836.9,2.42437,2.94236,1.96317,0.27179,0.18511,0.12675,0.035,2.62652,3.04372,2.00779,0.00872125,0.00872125,0.00872125
157,1847.17,2.41069,2.9516,1.93956,0.28216,0.18936,0.13521,0.03816,2.60296,3.08857,2.00958,0.008713,0.008713,0.008713
158,1857.29,2.44049,2.9614,1.95244,0.26028,0.18085,0.12098,0.03489,2.64638,3.0936,2.02233,0.00870475,0.00870475,0.00870475
159,1870.2,2.44757,2.94891,1.95566,0.30709,0.19574,0.14106,0.04143,2.62245,3.01983,2.01792,0.0086965,0.0086965,0.0086965
160,1883.63,2.44248,2.98893,1.95557,0.29673,0.18723,0.13963,0.03927,2.59444,3.03628,2.0096,0.00868825,0.00868825,0.00868825
161,1893.87,2.43128,2.97756,1.94143,0.24454,0.18723,0.1269,0.03654,2.58615,3.05648,2.02795,0.00868,0.00868,0.00868
162,1904.04,2.43264,2.94193,1.94427,0.28269,0.19787,0.13952,0.04133,2.57536,2.97583,1.99342,0.00867175,0.00867175,0.00867175
163,1915.58,2.40408,2.92227,1.93102,0.23355,0.1766,0.11821,0.0328,2.7202,3.21991,2.07177,0.0086635,0.0086635,0.0086635
164,1930.43,2.36267,2.91862,1.92004,0.29868,0.18085,0.13641,0.04181,2.58043,2.95856,2.02731,0.00865525,0.00865525,0.00865525
165,1940.6,2.39354,2.93727,1.974,0.26813,0.20213,0.14289,0.04272,2.58582,3.00966,2.00713,0.008647,0.008647,0.008647
166,1950.67,2.43693,2.94971,1.95294,0.32307,0.21489,0.16487,0.0475,2.59362,2.99323,2.03076,0.00863875,0.00863875,0.00863875
167,1961.47,2.43843,2.95247,1.95169,0.29842,0.19149,0.15026,0.04647,2.58676,3.02365,2.00515,0.0086305,0.0086305,0.0086305
168,1977.04,2.37755,2.88712,1.93847,0.28819,0.17021,0.12233,0.03652,2.68735,3.15614,2.0419,0.00862225,0.00862225,0.00862225
169,1987.23,2.42033,2.8976,1.92959,0.32632,0.19574,0.15443,0.04859,2.65474,3.07025,2.03776,0.008614,0.008614,0.008614
170,1997.36,2.41345,2.91583,1.93672,0.29393,0.17021,0.13204,0.03709,2.69261,3.04263,2.02789,0.00860575,0.00860575,0.00860575
171,2007.41,2.38899,2.86167,1.95304,0.33478,0.21064,0.17541,0.05108,2.63932,2.97588,2.01035,0.0085975,0.0085975,0.0085975
172,2022.67,2.40227,2.93233,1.93375,0.27389,0.19362,0.1417,0.04342,2.68341,3.05989,2.03444,0.00858925,0.00858925,0.00858925
173,2034.04,2.40078,2.91582,1.92339,0.33175,0.1766,0.15848,0.0498,2.54738,2.9276,1.96165,0.008581,0.008581,0.008581
174,2044.05,2.383,2.8865,1.91753,0.24269,0.19024,0.13094,0.041,2.60899,2.97475,2.03,0.00857275,0.00857275,0.00857275
175,2054.02,2.35149,2.88029,1.92758,0.26082,0.1952,0.14522,0.04124,2.56228,2.99412,1.97667,0.0085645,0.0085645,0.0085645
176,2066.52,2.39188,2.88674,1.93438,0.29474,0.21277,0.1428,0.04246,2.58199,2.98629,1.96829,0.00855625,0.00855625,0.00855625
177,2079.52,2.36918,2.87161,1.91911,0.30123,0.20213,0.14438,0.04354,2.5665,2.97603,1.98451,0.008548,0.008548,0.008548
178,2089.57,2.33887,2.86842,1.90927,0.27112,0.18936,0.12854,0.03699,2.66016,3.1634,2.03116,0.00853975,0.00853975,0.00853975
179,2099.66,2.35379,2.87664,1.90519,0.33507,0.21277,0.1708,0.04904,2.56699,2.9241,1.98174,0.0085315,0.0085315,0.0085315
180,2110.82,2.35799,2.85724,1.90537,0.33949,0.19149,0.16501,0.04678,2.54978,2.94246,1.98027,0.00852325,0.00852325,0.00852325
181,2125.45,2.34633,2.84383,1.89609,0.29791,0.23617,0.16083,0.04637,2.55483,3.00531,1.98825,0.008515,0.008515,0.008515
182,2135.41,2.3298,2.86423,1.9085,0.26116,0.20682,0.15438,0.04913,2.55054,2.96066,1.98574,0.00850675,0.00850675,0.00850675
183,2145.38,2.33448,2.80579,1.90503,0.34053,0.20638,0.17235,0.05075,2.57129,2.9363,1.99502,0.0084985,0.0084985,0.0084985
184,2155.33,2.35167,2.81472,1.89393,0.34276,0.19787,0.1691,0.0501,2.58713,2.91508,1.99262,0.00849025,0.00849025,0.00849025
185,2170.44,2.3537,2.81412,1.88158,0.314,0.20638,0.1505,0.04634,2.59168,3.03678,2.01339,0.008482,0.008482,0.008482
186,2181.5,2.32887,2.82515,1.90196,0.31794,0.22128,0.17252,0.05171,2.56796,2.91807,1.99429,0.00847375,0.00847375,0.00847375
187,2191.93,2.35034,2.82307,1.91576,0.25,0.19149,0.1322,0.0376,2.7086,3.09335,2.05706,0.0084655,0.0084655,0.0084655
188,2201.94,2.34029,2.81868,1.88965,0.30732,0.20426,0.15966,0.04746,2.59144,2.9406,1.96406,0.00845725,0.00845725,0.00845725
189,2217.06,2.29258,2.79707,1.88781,0.30006,0.20638,0.16928,0.04888,2.60653,2.95952,1.9984,0.008449,0.008449,0.008449
190,2228.39,2.31906,2.84498,1.91083,0.28664,0.21064,0.1569,0.04953,2.5197,2.92449,1.95925,0.00844075,0.00844075,0.00844075
191,2238.59,2.33139,2.7943,1.89144,0.29645,0.2234,0.1678,0.0511,2.54594,2.89416,1.97063,0.0084325,0.0084325,0.0084325
192,2248.77,2.34359,2.81108,1.88504,0.28955,0.22553,0.1575,0.04815,2.59564,2.95435,1.99243,0.00842425,0.00842425,0.00842425
193,2262.1,2.33023,2.80346,1.90058,0.27949,0.22128,0.16858,0.05514,2.54409,2.87924,1.97604,0.008416,0.008416,0.008416
194,2275.02,2.30521,2.79482,1.88026,0.2995,0.21064,0.14384,0.04778,2.56001,2.93655,1.9889,0.00840775,0.00840775,0.00840775
195,2284.96,2.36643,2.8332,1.89416,0.33379,0.21489,0.17321,0.05419,2.56701,2.89529,1.95063,0.0083995,0.0083995,0.0083995
196,2294.91,2.31489,2.79718,1.88285,0.31879,0.22979,0.17052,0.05222,2.5549,2.97344,1.99289,0.00839125,0.00839125,0.00839125
197,2305.91,2.33676,2.79164,1.90273,0.32843,0.2,0.16007,0.04868,2.53335,2.92311,1.95624,0.008383,0.008383,0.008383
198,2317.16,2.291,2.77539,1.8595,0.33316,0.20851,0.16439,0.05025,2.57279,2.97078,1.98388,0.00837475,0.00837475,0.00837475
199,2327.05,2.31246,2.78448,1.89934,0.32833,0.2,0.16327,0.04974,2.54358,2.89931,1.96739,0.0083665,0.0083665,0.0083665
200,2337.19,2.32668,2.78277,1.89855,0.31022,0.18085,0.15727,0.04858,2.5078,2.90563,1.94022,0.00835825,0.00835825,0.00835825
201,2348.37,2.27649,2.76355,1.8727,0.33043,0.2058,0.17617,0.04934,2.56384,2.94618,2.01079,0.00835,0.00835,0.00835
202,2363.27,2.30726,2.73956,1.8843,0.38539,0.2228,0.19108,0.0572,2.53076,2.89268,1.9641,0.00834175,0.00834175,0.00834175
203,2373.38,2.31926,2.75376,1.87995,0.31559,0.21915,0.17508,0.05191,2.54984,2.96029,1.97499,0.0083335,0.0083335,0.0083335
204,2383.38,2.31508,2.76916,1.86946,0.34624,0.2,0.18475,0.0589,2.49955,2.84206,1.95343,0.00832525,0.00832525,0.00832525
205,2393.71,2.2727,2.71855,1.86567,0.33698,0.22493,0.17386,0.05252,2.5328,2.89701,1.9806,0.008317,0.008317,0.008317
206,2409.07,2.2698,2.72369,1.84574,0.34905,0.21449,0.17631,0.05418,2.56573,2.94419,1.98401,0.00830875,0.00830875,0.00830875
207,2419.28,2.26938,2.74534,1.86256,0.28575,0.2145,0.17442,0.05647,2.48888,2.87201,1.94681,0.0083005,0.0083005,0.0083005
208,2429.46,2.25621,2.68734,1.82277,0.33315,0.19787,0.18095,0.05632,2.50424,2.84206,1.93697,0.00829225,0.00829225,0.00829225
209,2439.44,2.2353,2.70528,1.85057,0.38444,0.2234,0.17881,0.05703,2.52127,2.86184,1.95575,0.008284,0.008284,0.008284
210,2453.57,2.26131,2.72983,1.85262,0.34613,0.20638,0.19156,0.06151,2.48664,2.84129,1.94613,0.00827575,0.00827575,0.00827575
211,2465.61,2.25722,2.70873,1.84535,0.33816,0.23404,0.19956,0.06436,2.50302,2.88192,1.95676,0.0082675,0.0082675,0.0082675
212,2475.92,2.25181,2.72053,1.84227,0.30398,0.17447,0.15192,0.04719,2.55934,2.95728,1.97138,0.00825925,0.00825925,0.00825925
213,2485.96,2.28676,2.70979,1.85353,0.31312,0.22128,0.17532,0.05612,2.5158,2.89851,1.9459,0.008251,0.008251,0.008251
214,2498.59,2.29717,2.70978,1.84409,0.36386,0.21702,0.19431,0.06081,2.47691,2.85019,1.92313,0.00824275,0.00824275,0.00824275
215,2511.95,2.25137,2.65849,1.82262,0.33009,0.23404,0.18591,0.06087,2.4417,2.80815,1.91551,0.0082345,0.0082345,0.0082345
216,2522.21,2.25132,2.71409,1.84195,0.35719,0.22818,0.19053,0.06282,2.49475,2.82525,1.95184,0.00822625,0.00822625,0.00822625
217,2532.42,2.2162,2.662,1.84059,0.29963,0.25319,0.17398,0.06147,2.50644,2.88183,1.94973,0.008218,0.008218,0.008218
218,2544.24,2.26627,2.73906,1.85257,0.36531,0.19962,0.17888,0.05622,2.46925,2.86494,1.9428,0.00820975,0.00820975,0.00820975
219,2558.57,2.21007,2.65933,1.82362,0.34131,0.21702,0.19671,0.06282,2.45663,2.84603,1.92978,0.0082015,0.0082015,0.0082015
220,2568.37,2.25191,2.73293,1.82757,0.30106,0.2383,0.19484,0.06502,2.44599,2.76804,1.92479,0.00819325,0.00819325,0.00819325
221,2578.4,2.21768,2.65116,1.85144,0.31991,0.22719,0.18627,0.0581,2.47803,2.8796,1.95196,0.008185,0.008185,0.008185
222,2588.31,2.24364,2.66933,1.83125,0.41114,0.25319,0.21584,0.06686,2.44976,2.79743,1.93459,0.00817675,0.00817675,0.00817675
223,2601.37,2.2113,2.62287,1.80825,0.37876,0.22979,0.19666,0.06222,2.50539,2.88646,1.98877,0.0081685,0.0081685,0.0081685
224,2611.38,2.23976,2.64502,1.83104,0.32346,0.25319,0.19758,0.06501,2.44853,2.77939,1.93646,0.00816025,0.00816025,0.00816025
225,2621.23,2.19512,2.61201,1.82629,0.28397,0.20426,0.14826,0.04769,2.65654,3.0604,2.05594,0.008152,0.008152,0.008152
226,2631.36,2.24183,2.6733,1.83348,0.31457,0.24894,0.19516,0.06897,2.44912,2.75812,1.92132,0.00814375,0.00814375,0.00814375
227,2645.36,2.20063,2.58592,1.81188,0.32681,0.21277,0.17337,0.05673,2.56222,2.98766,1.98333,0.0081355,0.0081355,0.0081355
228,2657.3,2.19484,2.59938,1.78305,0.33205,0.24255,0.18732,0.06206,2.44705,2.81916,1.93016,0.00812725,0.00812725,0.00812725
229,2667.43,2.20333,2.66423,1.81944,0.3321,0.23909,0.17464,0.0617,2.45144,2.86505,1.93824,0.008119,0.008119,0.008119
230,2677.48,2.17176,2.57374,1.79398,0.38943,0.23617,0.2119,0.07747,2.42842,2.76268,1.93716,0.00811075,0.00811075,0.00811075
231,2690.39,2.22596,2.59143,1.80622,0.38377,0.2383,0.22195,0.07216,2.43614,2.74334,1.93586,0.0081025,0.0081025,0.0081025
232,2702.78,2.18738,2.5503,1.78566,0.32457,0.23311,0.19516,0.06526,2.4918,2.81073,1.93757,0.00809425,0.00809425,0.00809425
233,2712.72,2.23139,2.61354,1.80796,0.31677,0.22128,0.19192,0.06498,2.46358,2.87116,1.9322,0.008086,0.008086,0.008086
234,2722.56,2.16447,2.59012,1.79904,0.35257,0.27021,0.21933,0.0794,2.40824,2.73545,1.90479,0.00807775,0.00807775,0.00807775
235,2734.01,2.18892,2.56628,1.80845,0.38233,0.23191,0.21316,0.07458,2.43151,2.77248,1.93175,0.0080695,0.0080695,0.0080695
236,2744.29,2.18109,2.54786,1.7894,0.37499,0.24468,0.23575,0.08093,2.38631,2.7309,1.91636,0.00806125,0.00806125,0.00806125
237,2754.76,2.16623,2.56355,1.7767,0.33921,0.27234,0.22229,0.07323,2.43833,2.78646,1.93188,0.008053,0.008053,0.008053
238,2764.86,2.189,2.54921,1.78814,0.36952,0.21489,0.19746,0.06894,2.49846,2.82306,1.9555,0.00804475,0.00804475,0.00804475
239,2776.71,2.12779,2.56192,1.77487,0.35937,0.22766,0.20097,0.07474,2.4444,2.7673,1.92842,0.0080365,0.0080365,0.0080365
240,2786.5,2.19671,2.57244,1.80075,0.38232,0.2766,0.24227,0.0858,2.43195,2.69786,1.9337,0.00802825,0.00802825,0.00802825
241,2796.8,2.16386,2.58576,1.79715,0.3913,0.25319,0.23265,0.07805,2.47048,2.7796,1.92199,0.00802,0.00802,0.00802
242,2806.79,2.14343,2.53081,1.76568,0.35929,0.24255,0.22658,0.08436,2.42255,2.72845,1.90479,0.00801175,0.00801175,0.00801175
243,2819.67,2.15708,2.53533,1.78965,0.35698,0.25532,0.22073,0.08312,2.41378,2.70483,1.92211,0.0080035,0.0080035,0.0080035
244,2829.46,2.12464,2.4751,1.75588,0.33343,0.24894,0.21164,0.07265,2.4371,2.74258,1.9329,0.00799525,0.00799525,0.00799525
245,2839.31,2.18854,2.56663,1.79718,0.4294,0.22979,0.21317,0.07321,2.44026,2.76618,1.91648,0.007987,0.007987,0.007987
246,2849.27,2.14365,2.49702,1.77168,0.35566,0.24681,0.21528,0.07437,2.44501,2.69012,1.91222,0.00797875,0.00797875,0.00797875
247,2862.04,2.13251,2.49055,1.76539,0.36648,0.24043,0.20403,0.06905,2.48988,2.81778,1.95876,0.0079705,0.0079705,0.0079705
248,2872.08,2.14711,2.53155,1.77056,0.40477,0.24681,0.23796,0.08201,2.42649,2.69569,1.89381,0.00796225,0.00796225,0.00796225
249,2882.01,2.124,2.50012,1.74421,0.44513,0.25532,0.23436,0.0828,2.44516,2.7628,1.95015,0.007954,0.007954,0.007954
250,2891.92,2.13016,2.49955,1.76253,0.4096,0.25957,0.21948,0.08079,2.3813,2.70159,1.89528,0.00794575,0.00794575,0.00794575
251,2904.74,2.10772,2.469,1.75196,0.39142,0.24894,0.21553,0.0749,2.43981,2.8032,1.91777,0.0079375,0.0079375,0.0079375
252,2914.59,2.11757,2.48608,1.77264,0.43513,0.26809,0.24694,0.09058,2.37126,2.66224,1.85413,0.00792925,0.00792925,0.00792925
253,2924.76,2.11752,2.47466,1.74545,0.34892,0.26809,0.22621,0.07903,2.40848,2.68007,1.87269,0.007921,0.007921,0.007921
254,2934.78,2.12837,2.49111,1.76062,0.39559,0.23404,0.22017,0.07752,2.46263,2.74733,1.90164,0.00791275,0.00791275,0.00791275
255,2947.77,2.11771,2.46056,1.75744,0.35415,0.28298,0.22681,0.08028,2.41804,2.70804,1.88947,0.0079045,0.0079045,0.0079045
256,2957.7,2.10003,2.40975,1.74068,0.37889,0.27256,0.24295,0.085,2.44965,2.69386,1.92422,0.00789625,0.00789625,0.00789625
257,2967.72,2.11499,2.44565,1.74888,0.3541,0.25957,0.23317,0.08185,2.40913,2.67211,1.90289,0.007888,0.007888,0.007888
258,2978.69,2.11582,2.44581,1.74099,0.41073,0.26843,0.24622,0.0887,2.39026,2.59471,1.90014,0.00787975,0.00787975,0.00787975
259,2990.63,2.10702,2.44515,1.74839,0.37931,0.27872,0.23788,0.08143,2.42331,2.69479,1.91,0.0078715,0.0078715,0.0078715
260,3000.49,2.09512,2.38806,1.72604,0.39257,0.28936,0.25895,0.09202,2.37551,2.64076,1.89494,0.00786325,0.00786325,0.00786325
261,3010.63,2.06967,2.38688,1.7073,0.32636,0.27447,0.231,0.08871,2.38827,2.6547,1.89589,0.007855,0.007855,0.007855
262,3022.57,2.10092,2.45305,1.72486,0.38509,0.2585,0.25738,0.08998,2.40803,2.64221,1.89039,0.00784675,0.00784675,0.00784675
263,3033.6,2.09224,2.41942,1.72088,0.43911,0.27234,0.25831,0.09403,2.36998,2.58196,1.89014,0.0078385,0.0078385,0.0078385
264,3043.89,2.06508,2.37408,1.69774,0.39928,0.28511,0.26263,0.0972,2.37356,2.62189,1.89008,0.00783025,0.00783025,0.00783025
265,3054.15,2.11011,2.41959,1.73546,0.42411,0.26383,0.25526,0.09666,2.35798,2.61005,1.87785,0.007822,0.007822,0.007822
266,3067.08,2.06319,2.34717,1.70549,0.40952,0.28298,0.26962,0.10324,2.35774,2.60889,1.88777,0.00781375,0.00781375,0.00781375
267,3077.4,2.0646,2.34368,1.72139,0.48967,0.25957,0.28195,0.10354,2.33454,2.5807,1.87641,0.0078055,0.0078055,0.0078055
268,3087.68,2.06264,2.37934,1.71233,0.39639,0.27872,0.24976,0.09552,2.39934,2.6609,1.87937,0.00779725,0.00779725,0.00779725
269,3097.62,2.05403,2.34999,1.70922,0.44157,0.26596,0.26023,0.10298,2.32562,2.5697,1.83634,0.007789,0.007789,0.007789
270,3110.78,2.02692,2.35611,1.69152,0.45564,0.25745,0.26657,0.10474,2.31594,2.56046,1.86241,0.00778075,0.00778075,0.00778075
271,3120.76,2.04459,2.3393,1.68427,0.44325,0.3,0.28409,0.10717,2.33256,2.59669,1.87914,0.0077725,0.0077725,0.0077725
272,3131.02,2.0444,2.30933,1.6901,0.42378,0.28085,0.29153,0.10842,2.33674,2.55598,1.87962,0.00776425,0.00776425,0.00776425
273,3142.33,2.06182,2.36531,1.72313,0.40417,0.28723,0.28214,0.10894,2.32684,2.54445,1.86148,0.007756,0.007756,0.007756
274,3154.52,2.03192,2.32192,1.67682,0.40294,0.28298,0.25179,0.0977,2.36372,2.62375,1.8812,0.00774775,0.00774775,0.00774775
275,3164.45,2.05221,2.33355,1.69634,0.45309,0.26809,0.25669,0.09856,2.35768,2.61004,1.87143,0.0077395,0.0077395,0.0077395
276,3174.41,2.02341,2.31189,1.68614,0.45984,0.25532,0.25282,0.09626,2.38696,2.62498,1.8981,0.00773125,0.00773125,0.00773125
277,3186.13,2.02582,2.30827,1.68579,0.4519,0.28085,0.28517,0.10577,2.31929,2.56344,1.85997,0.007723,0.007723,0.007723
278,3197.11,2.04289,2.30575,1.67159,0.50042,0.24894,0.27282,0.10575,2.34698,2.6187,1.8527,0.00771475,0.00771475,0.00771475
279,3207.02,2.0383,2.32194,1.67178,0.45914,0.30525,0.298,0.11628,2.27257,2.49465,1.82609,0.0077065,0.0077065,0.0077065
280,3217.17,2.00808,2.27823,1.68264,0.45027,0.27447,0.28777,0.1168,2.28945,2.51818,1.84785,0.00769825,0.00769825,0.00769825
281,3230.05,2.00019,2.24899,1.67174,0.5955,0.25999,0.29589,0.11553,2.28935,2.50392,1.84442,0.00769,0.00769,0.00769
282,3240.04,2.06838,2.30175,1.71694,0.45436,0.28085,0.28489,0.11192,2.29183,2.56225,1.83741,0.00768175,0.00768175,0.00768175
283,3249.87,2.03832,2.30609,1.68161,0.45533,0.29362,0.29191,0.11689,2.27347,2.45058,1.82866,0.0076735,0.0076735,0.0076735
284,3259.8,2.02826,2.29615,1.66892,0.4715,0.29362,0.28821,0.11464,2.26928,2.4876,1.84209,0.00766525,0.00766525,0.00766525
285,3272.91,2.02243,2.2452,1.68501,0.4434,0.31277,0.30577,0.11879,2.26962,2.49381,1.82564,0.007657,0.007657,0.007657
286,3283.15,2.01421,2.26954,1.68727,0.49635,0.31915,0.33485,0.12827,2.24764,2.46241,1.8301,0.00764875,0.00764875,0.00764875
287,3293.27,1.97486,2.25436,1.66555,0.47591,0.33191,0.3289,0.12999,2.27222,2.42671,1.81941,0.0076405,0.0076405,0.0076405
288,3303.53,2.01824,2.24282,1.6769,0.44418,0.33404,0.31283,0.12698,2.26603,2.4072,1.82783,0.00763225,0.00763225,0.00763225
289,3316,1.97812,2.22923,1.66942,0.52525,0.29574,0.32878,0.1286,2.25768,2.42743,1.81845,0.007624,0.007624,0.007624
290,3325.89,1.96918,2.21975,1.66209,0.53366,0.26809,0.29502,0.11598,2.26801,2.48359,1.81952,0.00761575,0.00761575,0.00761575
291,3335.79,2.00242,2.26199,1.65374,0.46685,0.31915,0.3298,0.12836,2.23569,2.43474,1.82078,0.0076075,0.0076075,0.0076075
292,3346.34,1.95224,2.19882,1.62451,0.42826,0.31915,0.30873,0.12132,2.27995,2.44108,1.83278,0.00759925,0.00759925,0.00759925
293,3358.51,1.98899,2.21402,1.64272,0.38634,0.25049,0.22911,0.08774,2.41739,2.70519,1.95869,0.007591,0.007591,0.007591
294,3368.57,1.95906,2.1698,1.63305,0.45589,0.31702,0.2983,0.11667,2.24561,2.41247,1.82203,0.00758275,0.00758275,0.00758275
295,3378.58,1.95932,2.15503,1.62879,0.45814,0.27447,0.2901,0.11306,2.27342,2.51264,1.82757,0.0075745,0.0075745,0.0075745
296,3389.98,1.99937,2.23527,1.68334,0.47269,0.31277,0.33026,0.12839,2.21676,2.39467,1.8038,0.00756625,0.00756625,0.00756625
297,3401.4,1.98554,2.24116,1.65878,0.53355,0.29935,0.32341,0.12975,2.24938,2.39678,1.82181,0.007558,0.007558,0.007558
298,3411.47,1.94526,2.13176,1.62528,0.46671,0.30426,0.30871,0.12495,2.27505,2.43956,1.85584,0.00754975,0.00754975,0.00754975
299,3421.58,1.96507,2.17011,1.64256,0.4383,0.31489,0.28707,0.10937,2.31917,2.4916,1.8624,0.0075415,0.0075415,0.0075415
300,3434.63,1.9634,2.17926,1.63401,0.53603,0.31277,0.33949,0.1353,2.20339,2.3741,1.79456,0.00753325,0.00753325,0.00753325
301,3444.86,1.97408,2.23884,1.65369,0.51828,0.32964,0.33782,0.13805,2.19631,2.34505,1.79095,0.007525,0.007525,0.007525
302,3455.11,1.9587,2.1764,1.6236,0.42128,0.3383,0.32916,0.1319,2.21324,2.37432,1.78921,0.00751675,0.00751675,0.00751675
303,3464.99,1.95319,2.15048,1.62758,0.43082,0.3092,0.28659,0.11652,2.26217,2.46351,1.82922,0.0075085,0.0075085,0.0075085
304,3477.73,1.97179,2.17743,1.62117,0.5672,0.24894,0.28619,0.11664,2.30913,2.58599,1.8723,0.00750025,0.00750025,0.00750025
305,3487.66,1.9479,2.14687,1.61457,0.5842,0.27801,0.32885,0.1405,2.20069,2.36791,1.78019,0.007492,0.007492,0.007492
306,3498,1.9441,2.10814,1.60773,0.47419,0.34347,0.34885,0.14283,2.20447,2.35478,1.79791,0.00748375,0.00748375,0.00748375
307,3507.97,1.95544,2.14571,1.6167,0.44853,0.34784,0.33191,0.1391,2.21529,2.36285,1.79906,0.0074755,0.0074755,0.0074755
308,3520.38,1.90345,2.09151,1.59013,0.46496,0.32979,0.32587,0.13791,2.20462,2.36266,1.78773,0.00746725,0.00746725,0.00746725
309,3530.21,1.92054,2.12423,1.60715,0.50092,0.32766,0.32688,0.13672,2.18422,2.4218,1.79726,0.007459,0.007459,0.007459
310,3540.15,1.9198,2.14292,1.61815,0.4452,0.36809,0.34133,0.14301,2.15717,2.30986,1.76712,0.00745075,0.00745075,0.00745075
311,3550.16,1.93235,2.09544,1.603,0.49024,0.32766,0.35022,0.14404,2.18687,2.35271,1.77682,0.0074425,0.0074425,0.0074425
312,3563.34,1.90512,2.11893,1.60535,0.52693,0.30638,0.32984,0.13853,2.20183,2.30038,1.78435,0.00743425,0.00743425,0.00743425
313,3573.22,1.90732,2.1019,1.59333,0.5653,0.33191,0.37384,0.15587,2.15651,2.2338,1.76514,0.007426,0.007426,0.007426
314,3583.46,1.90659,2.11521,1.59452,0.5446,0.33404,0.37568,0.16118,2.15214,2.28853,1.78123,0.00741775,0.00741775,0.00741775
315,3594.99,1.88673,2.05563,1.60245,0.51212,0.33191,0.36526,0.15656,2.16875,2.22285,1.76182,0.0074095,0.0074095,0.0074095
316,3605.58,1.88932,2.06008,1.59358,0.4701,0.32979,0.34275,0.13794,2.23113,2.33526,1.80393,0.00740125,0.00740125,0.00740125
317,3615.47,1.904,2.03979,1.58287,0.56859,0.32979,0.3834,0.16254,2.13939,2.24655,1.75164,0.007393,0.007393,0.007393
318,3625.69,1.90224,2.05863,1.58753,0.5446,0.35113,0.38132,0.16775,2.14329,2.22987,1.74981,0.00738475,0.00738475,0.00738475
319,3638.97,1.86211,2.06078,1.56563,0.59967,0.32553,0.37396,0.16498,2.12852,2.26076,1.76797,0.0073765,0.0073765,0.0073765
320,3648.86,1.91282,2.08835,1.59701,0.52792,0.32553,0.35902,0.15608,2.1734,2.2869,1.7709,0.00736825,0.00736825,0.00736825
321,3658.67,1.88477,1.9937,1.57754,0.49315,0.37447,0.37606,0.16624,2.13948,2.19702,1.74832,0.00736,0.00736,0.00736
322,3668.65,1.88108,2.02109,1.56832,0.5292,0.33617,0.35715,0.1475,2.17268,2.2808,1.78345,0.00735175,0.00735175,0.00735175
323,3681.2,1.88451,1.99115,1.58134,0.55018,0.34255,0.34735,0.14421,2.19105,2.2835,1.78158,0.0073435,0.0073435,0.0073435
324,3691.12,1.88233,2.03175,1.57361,0.56961,0.36596,0.38351,0.16449,2.15408,2.25293,1.75861,0.00733525,0.00733525,0.00733525
325,3701.06,1.88219,2.02357,1.57714,0.51944,0.36596,0.38617,0.16978,2.14089,2.17283,1.73559,0.007327,0.007327,0.007327
326,3711.28,1.86003,2.00989,1.55918,0.56838,0.34681,0.3948,0.17263,2.1325,2.166,1.71175,0.00731875,0.00731875,0.00731875
327,3724.37,1.8835,2.01759,1.5737,0.55567,0.34894,0.38916,0.16768,2.11738,2.19338,1.71469,0.0073105,0.0073105,0.0073105
328,3734.31,1.87767,2.00978,1.56088,0.47029,0.3617,0.38083,0.16671,2.11282,2.16096,1.7064,0.00730225,0.00730225,0.00730225
329,3744.3,1.86652,2.01514,1.54934,0.52635,0.34468,0.37424,0.16402,2.10849,2.18701,1.70916,0.007294,0.007294,0.007294
330,3755.47,1.85971,1.97495,1.57016,0.52155,0.37234,0.39409,0.16769,2.1107,2.15128,1.72446,0.00728575,0.00728575,0.00728575
331,3767.05,1.86883,2.01304,1.57031,0.50827,0.38085,0.40636,0.1748,2.13239,2.12616,1.73235,0.0072775,0.0072775,0.0072775
332,3777.14,1.85569,1.99382,1.551,0.53164,0.34295,0.40105,0.18258,2.09699,2.13227,1.70905,0.00726925,0.00726925,0.00726925
333,3787.37,1.84017,1.99164,1.55504,0.52939,0.38511,0.39596,0.1744,2.09773,2.17059,1.70488,0.007261,0.007261,0.007261
334,3798.97,1.8453,1.97578,1.53989,0.49966,0.36383,0.38717,0.1721,2.10463,2.18046,1.70732,0.00725275,0.00725275,0.00725275
335,3809.6,1.86057,1.99259,1.54827,0.50363,0.36809,0.39954,0.18024,2.09069,2.13282,1.71176,0.0072445,0.0072445,0.0072445
336,3819.47,1.86803,1.96891,1.54648,0.51079,0.38936,0.40292,0.18015,2.11493,2.14945,1.72998,0.00723625,0.00723625,0.00723625
337,3829.52,1.84529,1.9941,1.54983,0.5823,0.36187,0.412,0.1821,2.12289,2.11457,1.72408,0.007228,0.007228,0.007228
338,3842.4,1.83116,1.94676,1.53571,0.57129,0.35158,0.40112,0.18193,2.1061,2.12206,1.71581,0.00721975,0.00721975,0.00721975
339,3852.31,1.81792,1.94237,1.54309,0.52289,0.3591,0.40042,0.18018,2.10079,2.13494,1.72011,0.0072115,0.0072115,0.0072115
340,3862.29,1.85281,1.9608,1.54737,0.62063,0.36549,0.42737,0.18558,2.07936,2.07424,1.69767,0.00720325,0.00720325,0.00720325
341,3872.46,1.8237,1.94745,1.54769,0.6103,0.39362,0.44607,0.19546,2.07846,2.04066,1.68774,0.007195,0.007195,0.007195
342,3884.88,1.81937,1.95031,1.54448,0.50601,0.41064,0.41847,0.18191,2.10333,2.12209,1.70893,0.00718675,0.00718675,0.00718675
343,3894.78,1.83182,1.98336,1.55035,0.54513,0.35957,0.40844,0.1774,2.07173,2.12722,1.70023,0.0071785,0.0071785,0.0071785
344,3904.85,1.81656,1.91065,1.52162,0.58126,0.37234,0.42453,0.1939,2.04533,2.0567,1.67935,0.00717025,0.00717025,0.00717025
345,3914.73,1.83633,1.92672,1.52878,0.62872,0.39574,0.44703,0.20186,2.00878,2.0155,1.66918,0.007162,0.007162,0.007162
346,3927.35,1.80083,1.90289,1.51216,0.58549,0.37447,0.4255,0.19222,2.03386,2.0774,1.66923,0.00715375,0.00715375,0.00715375
347,3937.24,1.79262,1.91072,1.50982,0.56156,0.38936,0.42622,0.19254,2.02445,2.05439,1.66261,0.0071455,0.0071455,0.0071455
348,3947.14,1.81279,1.94004,1.5182,0.52385,0.3324,0.36492,0.15951,2.15105,2.25575,1.7637,0.00713725,0.00713725,0.00713725
349,3957,1.81165,1.8942,1.51505,0.55003,0.41277,0.4312,0.20193,2.01431,2.01294,1.64733,0.007129,0.007129,0.007129
350,3969.66,1.80159,1.86188,1.493,0.56177,0.38936,0.43294,0.2024,2.02539,2.03807,1.65471,0.00712075,0.00712075,0.00712075
351,3979.73,1.8145,1.9451,1.53591,0.54215,0.4383,0.45787,0.21068,2.03297,1.96223,1.6548,0.0071125,0.0071125,0.0071125
352,3989.84,1.79409,1.91298,1.50287,0.68721,0.37234,0.46633,0.21487,2.00668,1.93347,1.64975,0.00710425,0.00710425,0.00710425
353,4001.48,1.78958,1.89734,1.49915,0.63326,0.36596,0.44755,0.2052,2.02639,1.98928,1.66702,0.007096,0.007096,0.007096
354,4012.76,1.76253,1.84049,1.49642,0.58028,0.3824,0.44344,0.19863,2.04056,2.065,1.67105,0.00708775,0.00708775,0.00708775
355,4022.74,1.75754,1.8155,1.49285,0.54206,0.40851,0.42455,0.18407,2.07494,2.09694,1.69402,0.0070795,0.0070795,0.0070795
356,4032.64,1.79337,1.8429,1.49759,0.47952,0.36809,0.37497,0.16124,2.19209,2.2341,1.76799,0.00707125,0.00707125,0.00707125
357,4044.71,1.75454,1.83966,1.47893,0.53761,0.44043,0.44864,0.19984,2.05656,2.03166,1.69443,0.007063,0.007063,0.007063
358,4054.71,1.76314,1.84679,1.49283,0.55563,0.46291,0.46918,0.21638,1.99425,1.936,1.63834,0.00705475,0.00705475,0.00705475
359,4064.95,1.78105,1.85387,1.49165,0.64235,0.41489,0.48451,0.22308,1.98647,1.92925,1.62618,0.0070465,0.0070465,0.0070465
360,4075.25,1.76662,1.82973,1.49728,0.59427,0.41915,0.47885,0.21761,2.01801,1.98942,1.64394,0.00703825,0.00703825,0.00703825
361,4087.54,1.73312,1.81497,1.48539,0.56869,0.38723,0.43472,0.196,2.05869,2.04927,1.66959,0.00703,0.00703,0.00703
362,4097.51,1.7343,1.7801,1.48886,0.61918,0.43404,0.49012,0.22549,1.98511,1.91541,1.62818,0.00702175,0.00702175,0.00702175
363,4107.81,1.7539,1.83042,1.48192,0.58361,0.44043,0.48848,0.22659,1.98561,1.90632,1.63078,0.0070135,0.0070135,0.0070135
364,4118,1.75372,1.82415,1.49287,0.65254,0.41489,0.48497,0.22613,2.00258,1.90227,1.63997,0.00700525,0.00700525,0.00700525
365,4129.9,1.755,1.81494,1.46887,0.61428,0.44388,0.50109,0.23652,2.0101,1.88733,1.64264,0.006997,0.006997,0.006997
366,4140.05,1.74385,1.83069,1.48376,0.63257,0.44681,0.51017,0.23497,2.00251,1.91219,1.63209,0.00698875,0.00698875,0.00698875
367,4149.99,1.7568,1.78868,1.46043,0.61303,0.43617,0.49428,0.2267,2.02447,1.97395,1.65963,0.0069805,0.0069805,0.0069805
368,4159.82,1.7369,1.78114,1.46995,0.61076,0.44403,0.48746,0.23225,1.98212,1.91475,1.62872,0.00697225,0.00697225,0.00697225
369,4170.96,1.74977,1.78517,1.45907,0.55456,0.47679,0.49073,0.22929,1.97365,1.91618,1.6249,0.006964,0.006964,0.006964
370,4180.78,1.73325,1.79065,1.46238,0.61098,0.48119,0.52024,0.24635,1.94365,1.85325,1.60066,0.00695575,0.00695575,0.00695575
371,4190.97,1.72604,1.79245,1.46982,0.61207,0.44894,0.50939,0.24494,1.9328,1.83873,1.57856,0.0069475,0.0069475,0.0069475
372,4202.16,1.74183,1.77889,1.4579,0.63437,0.44681,0.503,0.24609,1.93894,1.87187,1.57911,0.00693925,0.00693925,0.00693925
373,4213.06,1.73036,1.79024,1.46998,0.65875,0.43404,0.51648,0.24593,1.95203,1.87554,1.58902,0.006931,0.006931,0.006931
374,4222.97,1.72615,1.77071,1.45219,0.66586,0.4,0.49533,0.23755,1.94649,1.8981,1.58451,0.00692275,0.00692275,0.00692275
375,4232.95,1.70437,1.75844,1.45369,0.58693,0.44744,0.4797,0.23248,1.96796,1.90158,1.61369,0.0069145,0.0069145,0.0069145
376,4245.01,1.6941,1.76027,1.44848,0.65301,0.45957,0.52617,0.25659,1.92697,1.81455,1.59157,0.00690625,0.00690625,0.00690625
377,4255.23,1.69957,1.75028,1.44434,0.60276,0.50213,0.53725,0.25914,1.90972,1.84498,1.59095,0.006898,0.006898,0.006898
378,4265.59,1.72376,1.78979,1.48054,0.60664,0.51064,0.53248,0.25983,1.91097,1.81597,1.59667,0.00688975,0.00688975,0.00688975
379,4275.84,1.68516,1.74708,1.42712,0.64375,0.48059,0.54332,0.26649,1.90546,1.79068,1.57876,0.0068815,0.0068815,0.0068815
380,4288.3,1.71236,1.76208,1.45446,0.66045,0.49787,0.56377,0.27564,1.87128,1.75964,1.56121,0.00687325,0.00687325,0.00687325
381,4298.63,1.67038,1.72324,1.43016,0.71147,0.50366,0.56585,0.27672,1.87547,1.75341,1.55694,0.006865,0.006865,0.006865
382,4308.82,1.70556,1.72364,1.43426,0.67621,0.49787,0.55837,0.27736,1.87434,1.76245,1.55683,0.00685675,0.00685675,0.00685675
383,4319.71,1.69853,1.73069,1.4405,0.76499,0.45319,0.55931,0.28107,1.86313,1.73891,1.54298,0.0068485,0.0068485,0.0068485
384,4330.85,1.68408,1.71283,1.44736,0.66656,0.50188,0.56827,0.28071,1.86087,1.72778,1.54542,0.00684025,0.00684025,0.00684025
385,4341.02,1.71952,1.75522,1.45013,0.69072,0.48723,0.56342,0.27767,1.85918,1.7332,1.54159,0.006832,0.006832,0.006832
386,4350.82,1.66682,1.68056,1.39783,0.63776,0.52068,0.55519,0.27524,1.85823,1.75717,1.53338,0.00682375,0.00682375,0.00682375
387,4362.36,1.66921,1.65314,1.39952,0.67682,0.51064,0.56609,0.28369,1.86416,1.71913,1.52782,0.0068155,0.0068155,0.0068155
388,4372.67,1.66036,1.68121,1.41691,0.64739,0.50391,0.5495,0.27501,1.88083,1.74889,1.54398,0.00680725,0.00680725,0.00680725
389,4382.48,1.68474,1.69564,1.42608,0.67333,0.49574,0.54502,0.27153,1.88118,1.74726,1.53608,0.006799,0.006799,0.006799
390,4392.33,1.67286,1.68476,1.42071,0.6992,0.50941,0.57329,0.28556,1.88626,1.71208,1.53031,0.00679075,0.00679075,0.00679075
391,4404.59,1.66488,1.6913,1.42012,0.68447,0.50851,0.58185,0.29525,1.86804,1.69701,1.53349,0.0067825,0.0067825,0.0067825
392,4414.7,1.65987,1.66613,1.40463,0.69516,0.52766,0.57728,0.2867,1.85888,1.67981,1.52314,0.00677425,0.00677425,0.00677425
393,4424.65,1.66961,1.67564,1.42486,0.67913,0.51915,0.57401,0.28711,1.85061,1.67766,1.52891,0.006766,0.006766,0.006766
394,4435.83,1.65002,1.68473,1.40752,0.67493,0.48936,0.57028,0.28343,1.85764,1.67629,1.53626,0.00675775,0.00675775,0.00675775
395,4446.73,1.68098,1.71177,1.42673,0.66759,0.51489,0.58082,0.2982,1.82531,1.66691,1.52212,0.0067495,0.0067495,0.0067495
396,4456.9,1.67026,1.64462,1.39683,0.71678,0.50213,0.57648,0.28847,1.87291,1.70026,1.55569,0.00674125,0.00674125,0.00674125
397,4466.86,1.65948,1.66786,1.39395,0.71803,0.51489,0.58542,0.29896,1.84482,1.72479,1.54151,0.006733,0.006733,0.006733
398,4479.04,1.63982,1.65249,1.40518,0.74639,0.51915,0.61376,0.32105,1.81191,1.6371,1.49845,0.00672475,0.00672475,0.00672475
399,4489.15,1.64303,1.63754,1.39263,0.73093,0.51702,0.60406,0.31377,1.81695,1.65364,1.5084,0.0067165,0.0067165,0.0067165
400,4498.89,1.6313,1.63159,1.38371,0.70951,0.53404,0.60351,0.30661,1.83867,1.67312,1.52539,0.00670825,0.00670825,0.00670825
401,4508.77,1.67702,1.706,1.41224,0.68524,0.56972,0.61712,0.31228,1.82139,1.62948,1.52943,0.0067,0.0067,0.0067
402,4520.62,1.66037,1.68785,1.41778,0.66997,0.5615,0.61212,0.31003,1.80563,1.61379,1.52318,0.00669175,0.00669175,0.00669175
403,4530.6,1.6193,1.62394,1.38928,0.73025,0.52553,0.61008,0.31338,1.81482,1.63277,1.52447,0.0066835,0.0066835,0.0066835
404,4540.48,1.61973,1.60596,1.38722,0.75148,0.5234,0.62102,0.32168,1.80875,1.60331,1.51444,0.00667525,0.00667525,0.00667525
405,4551.82,1.62825,1.60386,1.38251,0.75301,0.52979,0.61877,0.32064,1.80758,1.59464,1.508,0.006667,0.006667,0.006667
406,4562.86,1.62976,1.6506,1.37604,0.73526,0.52553,0.60189,0.31653,1.80742,1.63397,1.5063,0.00665875,0.00665875,0.00665875
407,4572.71,1.63553,1.65249,1.39979,0.73442,0.5413,0.61019,0.3223,1.79565,1.61284,1.50862,0.0066505,0.0066505,0.0066505
408,4582.41,1.62904,1.60122,1.38619,0.74471,0.51915,0.6135,0.31608,1.80089,1.6207,1.49889,0.00664225,0.00664225,0.00664225
409,4594.46,1.6384,1.60568,1.38978,0.76118,0.50183,0.60165,0.31375,1.76812,1.61687,1.47928,0.006634,0.006634,0.006634
410,4604.29,1.6455,1.59816,1.37388,0.70611,0.54186,0.61408,0.32018,1.75866,1.59816,1.46596,0.00662575,0.00662575,0.00662575
411,4614.17,1.60001,1.60078,1.36856,0.73376,0.53949,0.62151,0.32388,1.77887,1.61209,1.48369,0.0066175,0.0066175,0.0066175
412,4624.36,1.61308,1.60313,1.38052,0.70841,0.50657,0.60704,0.3183,1.80479,1.64876,1.51183,0.00660925,0.00660925,0.00660925
413,4636.01,1.63803,1.60858,1.38444,0.73793,0.54681,0.63461,0.34157,1.76943,1.58225,1.48834,0.006601,0.006601,0.006601
414,4646.23,1.58889,1.56085,1.35108,0.70762,0.55532,0.62825,0.33093,1.77769,1.61293,1.49312,0.00659275,0.00659275,0.00659275
415,4656.07,1.62366,1.59256,1.36619,0.7538,0.54681,0.6332,0.32954,1.77215,1.58737,1.47189,0.0065845,0.0065845,0.0065845
416,4666.14,1.6577,1.61958,1.38702,0.73755,0.57999,0.63775,0.3363,1.76096,1.58382,1.46971,0.00657625,0.00657625,0.00657625
417,4677.68,1.6078,1.6045,1.36346,0.74741,0.56033,0.63395,0.33906,1.75341,1.60288,1.47146,0.006568,0.006568,0.006568
418,4687.55,1.57966,1.55854,1.36262,0.7273,0.55319,0.62601,0.33679,1.77979,1.60409,1.47918,0.00655975,0.00655975,0.00655975
419,4697.51,1.58833,1.56078,1.37056,0.74702,0.55319,0.6356,0.33928,1.77598,1.56126,1.47631,0.0065515,0.0065515,0.0065515
420,4708.92,1.56838,1.53865,1.33108,0.74854,0.56596,0.64502,0.34845,1.76229,1.55387,1.4728,0.00654325,0.00654325,0.00654325
421,4719.92,1.5989,1.59967,1.36524,0.7967,0.54255,0.64861,0.35345,1.72664,1.5479,1.46709,0.006535,0.006535,0.006535
422,4730.08,1.60288,1.57414,1.35555,0.75282,0.55745,0.64372,0.34783,1.7236,1.53384,1.45657,0.00652675,0.00652675,0.00652675
423,4739.95,1.57833,1.54326,1.36224,0.78757,0.55218,0.6445,0.35114,1.71247,1.50167,1.45384,0.0065185,0.0065185,0.0065185
424,4751.57,1.59956,1.55557,1.35494,0.75368,0.55957,0.63865,0.35042,1.71654,1.51177,1.44793,0.00651025,0.00651025,0.00651025
425,4761.57,1.58952,1.55778,1.35563,0.74749,0.55532,0.63992,0.35514,1.70329,1.49517,1.43764,0.006502,0.006502,0.006502
426,4771.67,1.55252,1.50904,1.34043,0.7965,0.52463,0.63792,0.3467,1.72497,1.53038,1.44825,0.00649375,0.00649375,0.00649375
427,4781.61,1.58439,1.54375,1.36246,0.74008,0.56383,0.64994,0.35538,1.71619,1.52204,1.44892,0.0064855,0.0064855,0.0064855
428,4793.49,1.57667,1.54859,1.34965,0.75374,0.57021,0.65438,0.35957,1.70145,1.50219,1.44546,0.00647725,0.00647725,0.00647725
429,4803.6,1.58378,1.55834,1.34708,0.77335,0.56626,0.65959,0.36568,1.70004,1.50299,1.44138,0.006469,0.006469,0.006469
430,4813.73,1.59441,1.56247,1.34471,0.76435,0.58511,0.66676,0.36184,1.69734,1.48716,1.43868,0.00646075,0.00646075,0.00646075
431,4824.54,1.58111,1.5424,1.34764,0.7957,0.56596,0.6629,0.36365,1.70189,1.53041,1.44901,0.0064525,0.0064525,0.0064525
432,4835.26,1.5496,1.49886,1.32649,0.72553,0.59362,0.65991,0.36519,1.68226,1.49788,1.43479,0.00644425,0.00644425,0.00644425
433,4845.11,1.55434,1.54652,1.34778,0.81136,0.55822,0.66729,0.36852,1.69357,1.50847,1.43841,0.006436,0.006436,0.006436
434,4855.33,1.5386,1.48667,1.326,0.81421,0.55945,0.67239,0.37336,1.68872,1.49358,1.42087,0.00642775,0.00642775,0.00642775
435,4867.36,1.56762,1.5158,1.33721,0.77317,0.59468,0.67176,0.37425,1.67546,1.47353,1.41263,0.0064195,0.0064195,0.0064195
436,4877.32,1.52051,1.48295,1.31841,0.74939,0.59804,0.67754,0.37701,1.66896,1.45791,1.40798,0.00641125,0.00641125,0.00641125
437,4887.36,1.57353,1.52219,1.33141,0.77553,0.57872,0.66686,0.37539,1.66328,1.47457,1.41295,0.006403,0.006403,0.006403
438,4897.16,1.56587,1.49676,1.32931,0.80038,0.55957,0.6732,0.37121,1.67064,1.47775,1.41335,0.00639475,0.00639475,0.00639475
439,4908.84,1.52862,1.48543,1.30757,0.77369,0.60426,0.68143,0.37594,1.67363,1.48101,1.41448,0.0063865,0.0063865,0.0063865
440,4918.68,1.5503,1.51356,1.33364,0.83958,0.57872,0.68432,0.37545,1.68567,1.467,1.41535,0.00637825,0.00637825,0.00637825
441,4928.65,1.55169,1.4971,1.33251,0.77229,0.59895,0.67713,0.37727,1.68218,1.44002,1.40828,0.00637,0.00637,0.00637
442,4939.62,1.52714,1.43709,1.31325,0.70058,0.63224,0.68354,0.38341,1.67132,1.43371,1.3962,0.00636175,0.00636175,0.00636175
443,4951.01,1.54667,1.49598,1.33059,0.75343,0.58723,0.68436,0.38747,1.6542,1.41935,1.39218,0.0063535,0.0063535,0.0063535
444,4961.2,1.53492,1.48275,1.30625,0.76249,0.5806,0.68391,0.38652,1.65674,1.42022,1.39915,0.00634525,0.00634525,0.00634525
445,4971.19,1.53727,1.48459,1.3155,0.71756,0.61064,0.68523,0.38719,1.65393,1.41926,1.4066,0.006337,0.006337,0.006337
446,4982.61,1.5154,1.45102,1.29724,0.69449,0.62553,0.67926,0.38439,1.64753,1.41319,1.40413,0.00632875,0.00632875,0.00632875
447,4992.44,1.52181,1.45831,1.30856,0.8161,0.55709,0.68205,0.3826,1.65572,1.42229,1.3968,0.0063205,0.0063205,0.0063205
448,5002.46,1.53158,1.4862,1.3219,0.81879,0.56596,0.68547,0.38556,1.65129,1.43455,1.38737,0.00631225,0.00631225,0.00631225
449,5012.23,1.50618,1.44675,1.29789,0.76525,0.61036,0.68949,0.38741,1.64779,1.43083,1.38422,0.006304,0.006304,0.006304
450,5024.25,1.52578,1.47367,1.31332,0.7799,0.5956,0.68893,0.38967,1.6502,1.44437,1.38905,0.00629575,0.00629575,0.00629575
451,5034.59,1.55181,1.48099,1.31027,0.78325,0.59787,0.68925,0.3942,1.63824,1.419,1.3847,0.0062875,0.0062875,0.0062875
452,5044.96,1.51279,1.44913,1.30475,0.78772,0.60794,0.70124,0.40015,1.64084,1.40355,1.3843,0.00627925,0.00627925,0.00627925
453,5055.46,1.51526,1.42713,1.30255,0.76572,0.60851,0.70099,0.3953,1.63367,1.3958,1.3812,0.006271,0.006271,0.006271
454,5067.04,1.51839,1.44194,1.29872,0.80211,0.60368,0.69743,0.3929,1.62628,1.38872,1.37067,0.00626275,0.00626275,0.00626275
455,5076.97,1.5135,1.45005,1.3034,0.77938,0.61635,0.70444,0.39467,1.63177,1.38534,1.37096,0.0062545,0.0062545,0.0062545
456,5086.85,1.51779,1.44931,1.30889,0.74481,0.62553,0.69276,0.39458,1.63654,1.43094,1.37713,0.00624625,0.00624625,0.00624625
457,5098.49,1.50706,1.44572,1.30523,0.78266,0.62553,0.70026,0.39921,1.63219,1.4096,1.37043,0.006238,0.006238,0.006238
458,5108.9,1.50486,1.44478,1.30001,0.77257,0.63404,0.70638,0.40244,1.61291,1.39959,1.36076,0.00622975,0.00622975,0.00622975
459,5118.88,1.51818,1.44727,1.30514,0.77471,0.62191,0.70789,0.4046,1.5936,1.3858,1.34642,0.0062215,0.0062215,0.0062215
460,5129.05,1.53108,1.4716,1.31798,0.82595,0.61064,0.71066,0.40863,1.60302,1.38787,1.34601,0.00621325,0.00621325,0.00621325
461,5141.05,1.49712,1.43275,1.30088,0.78758,0.6234,0.70958,0.4119,1.58995,1.39034,1.34374,0.006205,0.006205,0.006205
462,5151.25,1.52595,1.43238,1.31133,0.82722,0.61277,0.71904,0.41894,1.58547,1.35253,1.34293,0.00619675,0.00619675,0.00619675
463,5161.51,1.50679,1.44689,1.29975,0.82251,0.59159,0.71108,0.41447,1.60157,1.34785,1.34532,0.0061885,0.0061885,0.0061885
464,5171.48,1.49642,1.40632,1.27916,0.77275,0.6383,0.71578,0.41968,1.59899,1.3217,1.35175,0.00618025,0.00618025,0.00618025
465,5183.7,1.48512,1.41155,1.28654,0.84813,0.61702,0.71679,0.41628,1.60582,1.34409,1.35961,0.006172,0.006172,0.006172
466,5193.46,1.49009,1.40562,1.29227,0.79991,0.6234,0.71604,0.41701,1.59463,1.3255,1.35329,0.00616375,0.00616375,0.00616375
467,5203.38,1.49053,1.41474,1.28388,0.83334,0.61704,0.72311,0.4231,1.58065,1.32274,1.34532,0.0061555,0.0061555,0.0061555
468,5215.29,1.48205,1.37543,1.28087,0.85466,0.60638,0.72484,0.4273,1.58938,1.32593,1.34462,0.00614725,0.00614725,0.00614725
469,5226,1.48598,1.39871,1.27608,0.85941,0.60851,0.72531,0.42575,1.59918,1.31969,1.34504,0.006139,0.006139,0.006139
470,5236.03,1.46978,1.40294,1.27413,0.82233,0.61702,0.7088,0.41445,1.62409,1.35471,1.35516,0.00613075,0.00613075,0.00613075
471,5246.05,1.51249,1.41575,1.28348,0.83184,0.63617,0.71892,0.43145,1.57011,1.3257,1.32258,0.0061225,0.0061225,0.0061225
472,5258.01,1.45156,1.36685,1.25781,0.82191,0.63826,0.71983,0.42494,1.57883,1.3256,1.32795,0.00611425,0.00611425,0.00611425
473,5267.88,1.48054,1.38859,1.28562,0.82766,0.63353,0.72152,0.4233,1.58634,1.33582,1.33464,0.006106,0.006106,0.006106
474,5277.91,1.44099,1.34582,1.25202,0.80933,0.65026,0.72874,0.42883,1.58796,1.33423,1.3314,0.00609775,0.00609775,0.00609775
475,5288,1.47789,1.37114,1.26121,0.81959,0.65957,0.73708,0.43089,1.58628,1.32298,1.3345,0.0060895,0.0060895,0.0060895
476,5300.52,1.47501,1.37998,1.26915,0.80424,0.64681,0.74016,0.43536,1.57822,1.29675,1.32966,0.00608125,0.00608125,0.00608125
477,5310.83,1.44671,1.35152,1.25852,0.78994,0.65609,0.73685,0.43401,1.58313,1.30218,1.33127,0.006073,0.006073,0.006073
478,5320.65,1.46186,1.36573,1.2696,0.79321,0.65532,0.73609,0.43241,1.56522,1.27287,1.32504,0.00606475,0.00606475,0.00606475
479,5332.62,1.46312,1.35994,1.25617,0.81004,0.63509,0.73106,0.43214,1.57052,1.30364,1.33138,0.0060565,0.0060565,0.0060565
480,5342.9,1.48863,1.38361,1.2826,0.82227,0.65952,0.73593,0.436,1.5509,1.27898,1.32852,0.00604825,0.00604825,0.00604825
481,5352.79,1.4616,1.35598,1.26122,0.81049,0.64608,0.72892,0.42991,1.56518,1.29863,1.33646,0.00604,0.00604,0.00604
482,5362.56,1.46673,1.39534,1.26006,0.8182,0.63199,0.72587,0.42721,1.57426,1.30081,1.3333,0.00603175,0.00603175,0.00603175
483,5374.3,1.459,1.35557,1.26587,0.81992,0.63617,0.72664,0.42942,1.57731,1.30931,1.32919,0.0060235,0.0060235,0.0060235
484,5384.25,1.44255,1.34448,1.26289,0.81791,0.64043,0.72865,0.42699,1.57694,1.32124,1.32418,0.00601525,0.00601525,0.00601525
485,5393.85,1.46583,1.34331,1.25772,0.80973,0.65106,0.73415,0.43117,1.56583,1.30405,1.32378,0.006007,0.006007,0.006007
486,5403.72,1.44264,1.31659,1.24879,0.82434,0.65319,0.74135,0.43775,1.5687,1.28275,1.32844,0.00599875,0.00599875,0.00599875
487,5415.56,1.42586,1.34152,1.24656,0.80375,0.66596,0.74115,0.43756,1.57517,1.27691,1.33451,0.0059905,0.0059905,0.0059905
488,5425.43,1.45816,1.35561,1.26387,0.83375,0.64894,0.74703,0.44162,1.56401,1.26754,1.32669,0.00598225,0.00598225,0.00598225
489,5435.4,1.45763,1.33659,1.23638,0.81486,0.66489,0.74772,0.44383,1.5474,1.26574,1.3244,0.005974,0.005974,0.005974
490,5445.79,1.45008,1.35926,1.24822,0.84046,0.65009,0.75227,0.44489,1.53608,1.25657,1.30998,0.00596575,0.00596575,0.00596575
491,5458.05,1.42048,1.33159,1.23726,0.84236,0.6617,0.75482,0.44464,1.53959,1.25167,1.31101,0.0059575,0.0059575,0.0059575
492,5468.34,1.46909,1.37405,1.26101,0.84369,0.65957,0.76062,0.44748,1.53409,1.22365,1.31178,0.00594925,0.00594925,0.00594925
493,5478.71,1.45478,1.32264,1.25083,0.8398,0.6692,0.75669,0.44631,1.54511,1.21917,1.31394,0.005941,0.005941,0.005941
494,5490.69,1.41138,1.3126,1.24159,0.83705,0.65745,0.75399,0.44698,1.54898,1.22905,1.30929,0.00593275,0.00593275,0.00593275
495,5500.6,1.42769,1.32031,1.25009,0.8667,0.65319,0.75879,0.44771,1.54387,1.22976,1.30833,0.0059245,0.0059245,0.0059245
496,5510.89,1.43266,1.33195,1.25217,0.82622,0.65957,0.75454,0.44558,1.54971,1.24052,1.29939,0.00591625,0.00591625,0.00591625
497,5520.99,1.40604,1.3005,1.23259,0.7826,0.69787,0.75953,0.45138,1.52226,1.2231,1.28641,0.005908,0.005908,0.005908
498,5533.02,1.4473,1.32349,1.23821,0.8284,0.67021,0.76276,0.45106,1.51599,1.20113,1.28914,0.00589975,0.00589975,0.00589975
499,5543.35,1.45092,1.3185,1.23843,0.82293,0.65532,0.76037,0.45171,1.51818,1.20188,1.2921,0.0058915,0.0058915,0.0058915
500,5553.16,1.42182,1.29314,1.23615,0.8017,0.68085,0.76134,0.4543,1.51974,1.19988,1.2942,0.00588325,0.00588325,0.00588325
501,5563.77,1.4277,1.32186,1.24395,0.84213,0.65319,0.761,0.45696,1.52635,1.21507,1.29629,0.005875,0.005875,0.005875
502,5575.03,1.42306,1.29543,1.23202,0.81846,0.65319,0.75894,0.45683,1.51846,1.21126,1.2932,0.00586675,0.00586675,0.00586675
503,5584.93,1.43262,1.28492,1.24246,0.82387,0.65685,0.75813,0.45948,1.51285,1.21541,1.29378,0.0058585,0.0058585,0.0058585
504,5595.35,1.44215,1.3175,1.23893,0.78952,0.68298,0.75824,0.46082,1.50882,1.21746,1.29107,0.00585025,0.00585025,0.00585025
505,5607.28,1.40282,1.28707,1.23158,0.79132,0.68298,0.75697,0.45924,1.51473,1.23392,1.29189,0.005842,0.005842,0.005842
506,5617.25,1.42,1.29524,1.22544,0.82674,0.67005,0.7625,0.46392,1.49817,1.209,1.28625,0.00583375,0.00583375,0.00583375
507,5627.4,1.36998,1.25023,1.21212,0.82814,0.67872,0.76637,0.46655,1.50028,1.1986,1.28774,0.0058255,0.0058255,0.0058255
508,5637.67,1.42117,1.308,1.23183,0.84309,0.6766,0.77181,0.47157,1.49549,1.19454,1.29144,0.00581725,0.00581725,0.00581725
509,5649.34,1.39294,1.27132,1.21095,0.81178,0.69149,0.76987,0.47193,1.49322,1.19456,1.28697,0.005809,0.005809,0.005809
510,5659.39,1.38092,1.2723,1.2084,0.82988,0.68298,0.76795,0.46954,1.48663,1.18498,1.27979,0.00580075,0.00580075,0.00580075
511,5669.17,1.41849,1.2916,1.23062,0.83541,0.67447,0.76054,0.46482,1.48293,1.18737,1.27598,0.0057925,0.0057925,0.0057925
512,5680.21,1.39488,1.24925,1.20919,0.84193,0.66861,0.76615,0.46602,1.47705,1.18551,1.27456,0.00578425,0.00578425,0.00578425
513,5690.95,1.38332,1.24978,1.21048,0.84798,0.66596,0.76924,0.4722,1.46513,1.17907,1.26685,0.005776,0.005776,0.005776
514,5701.21,1.4143,1.26526,1.22498,0.82633,0.66809,0.76774,0.47036,1.47589,1.18572,1.27257,0.00576775,0.00576775,0.00576775
515,5711.05,1.38627,1.25915,1.21071,0.80669,0.68936,0.7707,0.47025,1.46986,1.18084,1.26476,0.0057595,0.0057595,0.0057595
516,5722.51,1.3921,1.26631,1.21136,0.82507,0.67237,0.76464,0.46957,1.47212,1.1801,1.25736,0.00575125,0.00575125,0.00575125
517,5732.48,1.41341,1.29424,1.22067,0.84255,0.68511,0.76594,0.46842,1.47614,1.1756,1.26068,0.005743,0.005743,0.005743
518,5742.23,1.4128,1.28632,1.23432,0.85713,0.65957,0.76809,0.46363,1.48061,1.1889,1.26481,0.00573475,0.00573475,0.00573475
519,5752.26,1.39033,1.25973,1.21619,0.84714,0.6617,0.76437,0.46627,1.4682,1.17627,1.25358,0.0057265,0.0057265,0.0057265
520,5763.73,1.35645,1.24151,1.20162,0.82768,0.6766,0.76617,0.46405,1.47134,1.17942,1.26047,0.00571825,0.00571825,0.00571825
521,5773.43,1.37698,1.23517,1.19539,0.84251,0.66809,0.7657,0.46102,1.46802,1.18374,1.26192,0.00571,0.00571,0.00571
522,5783.45,1.3844,1.26204,1.20506,0.82793,0.66596,0.76286,0.46635,1.47008,1.19319,1.26541,0.00570175,0.00570175,0.00570175
523,5793.42,1.39217,1.23685,1.20466,0.80463,0.68511,0.76517,0.4633,1.47522,1.18165,1.26239,0.0056935,0.0056935,0.0056935
524,5804.65,1.38278,1.24323,1.19997,0.81257,0.68511,0.77008,0.46926,1.47426,1.16694,1.25965,0.00568525,0.00568525,0.00568525
525,5814.7,1.35204,1.23559,1.19005,0.80584,0.67447,0.77105,0.4724,1.46346,1.15971,1.25801,0.005677,0.005677,0.005677
526,5825.12,1.37168,1.23112,1.20988,0.83674,0.6617,0.76619,0.47244,1.45886,1.15716,1.25931,0.00566875,0.00566875,0.00566875
527,5836.38,1.3701,1.24086,1.19623,0.84977,0.64991,0.76822,0.47412,1.45424,1.15133,1.25835,0.0056605,0.0056605,0.0056605
528,5847.52,1.36541,1.21519,1.1922,0.84758,0.65957,0.7719,0.47474,1.4504,1.16165,1.25493,0.00565225,0.00565225,0.00565225
529,5857.76,1.36977,1.23399,1.18533,0.84461,0.65919,0.77694,0.47713,1.45308,1.16112,1.25635,0.005644,0.005644,0.005644
530,5868.08,1.36661,1.22701,1.21001,0.83901,0.66596,0.77555,0.47592,1.44842,1.15284,1.25975,0.00563575,0.00563575,0.00563575
531,5878.89,1.35481,1.21513,1.1891,0.82079,0.68936,0.78057,0.47973,1.44564,1.14903,1.26304,0.0056275,0.0056275,0.0056275
532,5888.87,1.32946,1.18409,1.19254,0.81239,0.69362,0.77979,0.48273,1.43887,1.15048,1.2582,0.00561925,0.00561925,0.00561925
533,5899.09,1.35696,1.20909,1.19244,0.77987,0.71489,0.78042,0.48341,1.4365,1.14745,1.25522,0.005611,0.005611,0.005611
534,5910.31,1.36888,1.22546,1.21097,0.76728,0.72954,0.77821,0.48664,1.43054,1.14313,1.2515,0.00560275,0.00560275,0.00560275
535,5920.72,1.38064,1.20458,1.20096,0.78553,0.73255,0.78565,0.49029,1.41922,1.135,1.24199,0.0055945,0.0055945,0.0055945
536,5930.99,1.36256,1.2296,1.19351,0.8299,0.70591,0.78548,0.4927,1.4235,1.13939,1.24478,0.00558625,0.00558625,0.00558625
537,5941.31,1.35285,1.19068,1.19222,0.84172,0.69574,0.78374,0.49615,1.40898,1.13122,1.24111,0.005578,0.005578,0.005578
538,5952.56,1.317,1.16803,1.17916,0.84131,0.69938,0.78775,0.49745,1.40145,1.1261,1.23756,0.00556975,0.00556975,0.00556975
539,5962.85,1.34346,1.20745,1.1752,0.80116,0.72009,0.79002,0.4936,1.40776,1.13721,1.23312,0.0055615,0.0055615,0.0055615
540,5972.85,1.33936,1.21017,1.18285,0.83859,0.69643,0.792,0.4933,1.41052,1.12704,1.23027,0.00555325,0.00555325,0.00555325
541,5982.75,1.3583,1.22882,1.19708,0.83605,0.69149,0.78973,0.49174,1.41505,1.12358,1.22695,0.005545,0.005545,0.005545
542,5993.89,1.33372,1.198,1.1723,0.80729,0.70851,0.79177,0.49443,1.41544,1.12378,1.22687,0.00553675,0.00553675,0.00553675
543,6003.78,1.33349,1.17398,1.166,0.80664,0.69574,0.7844,0.49035,1.4168,1.13302,1.22541,0.0055285,0.0055285,0.0055285
544,6013.87,1.34608,1.20608,1.17858,0.82755,0.68408,0.78343,0.48982,1.42031,1.15009,1.22429,0.00552025,0.00552025,0.00552025
545,6024.81,1.36108,1.20973,1.19012,0.86699,0.66809,0.78389,0.49541,1.41794,1.14417,1.22378,0.005512,0.005512,0.005512
546,6034.69,1.32649,1.14652,1.18012,0.82359,0.70526,0.7875,0.49759,1.41581,1.13274,1.22294,0.00550375,0.00550375,0.00550375
547,6045.04,1.34249,1.17484,1.1737,0.83693,0.70978,0.79122,0.50006,1.4169,1.12408,1.22755,0.0054955,0.0054955,0.0054955
548,6055.47,1.32359,1.15981,1.17291,0.82438,0.71064,0.79064,0.50011,1.41126,1.11339,1.22645,0.00548725,0.00548725,0.00548725
549,6066.62,1.31729,1.16072,1.16875,0.84,0.69787,0.78897,0.50085,1.41298,1.11738,1.22677,0.005479,0.005479,0.005479
550,6077.03,1.33636,1.19798,1.19073,0.84147,0.69787,0.78617,0.49368,1.41572,1.12111,1.22316,0.00547075,0.00547075,0.00547075
551,6087.04,1.32958,1.16762,1.17875,0.83622,0.69574,0.78848,0.49377,1.41384,1.1188,1.22493,0.0054625,0.0054625,0.0054625
552,6097.79,1.34856,1.19284,1.18643,0.83264,0.69362,0.79056,0.49625,1.41519,1.11302,1.22918,0.00545425,0.00545425,0.00545425
553,6108.3,1.34411,1.19119,1.1841,0.77565,0.71277,0.78846,0.49867,1.41793,1.11209,1.22892,0.005446,0.005446,0.005446
554,6118.14,1.33736,1.16809,1.18444,0.81197,0.71666,0.79477,0.49652,1.42207,1.09436,1.22783,0.00543775,0.00543775,0.00543775
555,6128.21,1.305,1.15582,1.17529,0.80983,0.72766,0.7968,0.49837,1.42445,1.08137,1.22429,0.0054295,0.0054295,0.0054295
556,6139.37,1.312,1.16613,1.16238,0.82214,0.71795,0.79798,0.49868,1.42845,1.08217,1.22501,0.00542125,0.00542125,0.00542125
557,6149.2,1.33325,1.15685,1.16617,0.84658,0.71277,0.79461,0.49866,1.42564,1.08171,1.2212,0.005413,0.005413,0.005413
558,6159.24,1.31296,1.15494,1.16732,0.85139,0.70426,0.79258,0.49769,1.42142,1.08226,1.21629,0.00540475,0.00540475,0.00540475
559,6169.11,1.35589,1.19768,1.18272,0.84216,0.69574,0.7865,0.49645,1.42526,1.09155,1.2178,0.0053965,0.0053965,0.0053965
560,6180.53,1.29835,1.13245,1.16145,0.84369,0.70638,0.78965,0.49586,1.41927,1.10011,1.21731,0.00538825,0.00538825,0.00538825
561,6190.37,1.3014,1.14636,1.16069,0.85529,0.70423,0.79146,0.49689,1.41045,1.08806,1.20789,0.00538,0.00538,0.00538
562,6200.29,1.31097,1.11865,1.15466,0.86069,0.70426,0.79337,0.49837,1.41407,1.08162,1.20524,0.00537175,0.00537175,0.00537175
563,6211.22,1.33577,1.17701,1.16599,0.848,0.70033,0.79567,0.49865,1.40314,1.09091,1.203,0.0053635,0.0053635,0.0053635
564,6221.07,1.30183,1.14868,1.16026,0.84764,0.69574,0.79425,0.50008,1.39783,1.09289,1.20084,0.00535525,0.00535525,0.00535525
565,6231.11,1.31291,1.15183,1.16477,0.82306,0.70268,0.79797,0.50492,1.3925,1.09023,1.19468,0.005347,0.005347,0.005347
566,6241.51,1.2821,1.14146,1.1484,0.83772,0.71391,0.80006,0.50674,1.38812,1.0789,1.19185,0.00533875,0.00533875,0.00533875
567,6253.06,1.30181,1.11261,1.15647,0.86181,0.68936,0.80174,0.50712,1.38457,1.07711,1.18709,0.0053305,0.0053305,0.0053305
568,6263.36,1.32778,1.15678,1.16111,0.85215,0.70638,0.80218,0.50656,1.38235,1.07504,1.18988,0.00532225,0.00532225,0.00532225
569,6273.12,1.31527,1.13755,1.16562,0.86611,0.68818,0.8021,0.50276,1.37566,1.07074,1.18561,0.005314,0.005314,0.005314
570,6284.42,1.29904,1.11674,1.15839,0.82049,0.70994,0.80168,0.50495,1.38009,1.07244,1.18635,0.00530575,0.00530575,0.00530575
571,6294.48,1.28439,1.1337,1.15196,0.88279,0.67308,0.80402,0.50793,1.37889,1.05819,1.18676,0.0052975,0.0052975,0.0052975
572,6304.89,1.30464,1.13706,1.15056,0.83229,0.70745,0.80451,0.51147,1.37675,1.06055,1.18471,0.00528925,0.00528925,0.00528925
573,6315.17,1.32257,1.14866,1.16708,0.8362,0.70213,0.80413,0.51032,1.38022,1.05559,1.18816,0.005281,0.005281,0.005281
574,6326.41,1.29823,1.13454,1.15087,0.83618,0.70592,0.80541,0.50766,1.38002,1.05847,1.19021,0.00527275,0.00527275,0.00527275
575,6336.54,1.31846,1.14623,1.16383,0.82335,0.7234,0.80502,0.50567,1.38392,1.05656,1.18613,0.0052645,0.0052645,0.0052645
576,6346.55,1.28274,1.14509,1.15735,0.82814,0.71702,0.80835,0.50972,1.381,1.05587,1.18163,0.00525625,0.00525625,0.00525625
577,6357.63,1.32893,1.16783,1.15674,0.83697,0.72093,0.80856,0.51089,1.37895,1.05769,1.18084,0.005248,0.005248,0.005248
578,6367.46,1.26971,1.11714,1.14553,0.85219,0.70638,0.80687,0.51246,1.37275,1.05259,1.17772,0.00523975,0.00523975,0.00523975
579,6377.67,1.3238,1.15309,1.17239,0.84491,0.70426,0.80789,0.51789,1.36814,1.05407,1.17997,0.0052315,0.0052315,0.0052315
580,6387.84,1.3293,1.15535,1.15942,0.86133,0.70042,0.80749,0.51745,1.36564,1.05351,1.17716,0.00522325,0.00522325,0.00522325
581,6398.88,1.29344,1.10463,1.15023,0.84747,0.70851,0.80866,0.5184,1.36361,1.05806,1.17787,0.005215,0.005215,0.005215
582,6409.21,1.27075,1.11168,1.1394,0.84697,0.71277,0.80776,0.51676,1.36254,1.05704,1.18144,0.00520675,0.00520675,0.00520675
583,6419.2,1.29426,1.12654,1.14924,0.81504,0.73617,0.80889,0.51481,1.36727,1.05073,1.18111,0.0051985,0.0051985,0.0051985
584,6430.47,1.2913,1.12234,1.14621,0.8349,0.71915,0.81205,0.51704,1.37144,1.05405,1.18506,0.00519025,0.00519025,0.00519025
585,6440.4,1.2872,1.12138,1.15284,0.86812,0.70213,0.81413,0.51917,1.37164,1.05842,1.18564,0.005182,0.005182,0.005182
586,6450.4,1.30105,1.13412,1.1432,0.85422,0.72128,0.81405,0.51745,1.37597,1.06246,1.18546,0.00517375,0.00517375,0.00517375
587,6460.23,1.23738,1.08131,1.13421,0.81427,0.74622,0.81392,0.51755,1.37535,1.06732,1.18592,0.0051655,0.0051655,0.0051655
588,6471.09,1.24317,1.08795,1.13422,0.80184,0.75532,0.81268,0.52002,1.3705,1.07312,1.18591,0.00515725,0.00515725,0.00515725
589,6481.2,1.25484,1.07648,1.12851,0.8035,0.74819,0.81106,0.52149,1.36532,1.06782,1.18458,0.005149,0.005149,0.005149
590,6491.45,1.26747,1.09117,1.13207,0.80678,0.74625,0.81608,0.5243,1.36334,1.05452,1.18796,0.00514075,0.00514075,0.00514075
591,6502.2,1.27294,1.10045,1.13746,0.82974,0.73619,0.81709,0.52434,1.36361,1.04477,1.18662,0.0051325,0.0051325,0.0051325
592,6513.13,1.28362,1.0899,1.13621,0.83511,0.73276,0.81835,0.52359,1.36231,1.04332,1.18429,0.00512425,0.00512425,0.00512425
593,6523.22,1.25813,1.07416,1.12457,0.8423,0.73867,0.82054,0.52492,1.35942,1.04339,1.18642,0.005116,0.005116,0.005116
594,6533.55,1.24154,1.07774,1.12903,0.85323,0.71741,0.81783,0.52226,1.35729,1.05133,1.18621,0.00510775,0.00510775,0.00510775
595,6544.6,1.25795,1.07883,1.13483,0.87075,0.71667,0.81973,0.51983,1.35258,1.04761,1.18399,0.0050995,0.0050995,0.0050995
596,6554.58,1.25508,1.06555,1.12905,0.85813,0.72071,0.8155,0.51917,1.35279,1.0464,1.18168,0.00509125,0.00509125,0.00509125
597,6564.52,1.25874,1.09901,1.13622,0.85202,0.72979,0.81889,0.52291,1.35405,1.05,1.18019,0.005083,0.005083,0.005083
598,6574.43,1.26814,1.07974,1.12742,0.85598,0.72128,0.81341,0.52191,1.35609,1.05308,1.18206,0.00507475,0.00507475,0.00507475
599,6585.47,1.29219,1.08608,1.13624,0.85778,0.71702,0.81214,0.52094,1.3543,1.05215,1.17824,0.0050665,0.0050665,0.0050665
600,6595.25,1.28538,1.10686,1.13954,0.80339,0.74767,0.81489,0.52592,1.34713,1.04138,1.17433,0.00505825,0.00505825,0.00505825
601,6605.53,1.2486,1.06676,1.11824,0.82274,0.73077,0.81563,0.52872,1.34438,1.02892,1.17417,0.00505,0.00505,0.00505
602,6616.4,1.28172,1.0875,1.12885,0.80495,0.75532,0.81879,0.53019,1.33795,1.02163,1.17429,0.00504175,0.00504175,0.00504175
603,6626.64,1.26691,1.08677,1.12953,0.80416,0.7617,0.82175,0.53176,1.33237,1.01153,1.17356,0.0050335,0.0050335,0.0050335
604,6636.93,1.2464,1.05821,1.11582,0.8169,0.7383,0.8198,0.53133,1.3354,1.01481,1.1764,0.00502525,0.00502525,0.00502525
605,6646.9,1.28463,1.09433,1.13109,0.83527,0.72553,0.82015,0.53212,1.34117,1.01852,1.1775,0.005017,0.005017,0.005017
606,6658.2,1.26265,1.06016,1.12425,0.86521,0.70851,0.81974,0.53312,1.33733,1.0115,1.17462,0.00500875,0.00500875,0.00500875
607,6668.66,1.24982,1.07708,1.12985,0.86611,0.71573,0.82226,0.53715,1.33663,1.01446,1.17336,0.0050005,0.0050005,0.0050005
608,6678.81,1.23753,1.03292,1.10352,0.84425,0.73404,0.82197,0.53561,1.34007,1.02242,1.17284,0.00499225,0.00499225,0.00499225
609,6689.71,1.23861,1.07087,1.10961,0.84242,0.73931,0.82122,0.53429,1.33695,1.01717,1.16711,0.004984,0.004984,0.004984
610,6699.84,1.26589,1.08241,1.11472,0.82621,0.75106,0.82169,0.53651,1.33533,1.01555,1.16289,0.00497575,0.00497575,0.00497575
611,6709.71,1.23955,1.05229,1.11279,0.84425,0.73809,0.82071,0.53455,1.33476,1.01738,1.15938,0.0049675,0.0049675,0.0049675
612,6719.66,1.25247,1.07529,1.12444,0.82394,0.74894,0.82132,0.53994,1.33324,1.02202,1.15821,0.00495925,0.00495925,0.00495925
613,6730.72,1.2599,1.0731,1.1269,0.84836,0.72553,0.8206,0.53852,1.33309,1.01784,1.15949,0.004951,0.004951,0.004951
614,6741.08,1.22345,1.03937,1.112,0.86321,0.72766,0.8191,0.53716,1.32998,1.01214,1.15957,0.00494275,0.00494275,0.00494275
615,6751.7,1.24509,1.05819,1.11823,0.8621,0.73159,0.82104,0.54121,1.32377,1.00255,1.15821,0.0049345,0.0049345,0.0049345
616,6761.86,1.22305,1.03506,1.11312,0.86099,0.72766,0.82316,0.54431,1.31523,0.98362,1.15304,0.00492625,0.00492625,0.00492625
617,6772.01,1.2302,1.02148,1.10612,0.86557,0.72608,0.82421,0.54736,1.31128,0.98061,1.14659,0.004918,0.004918,0.004918
618,6783.09,1.23346,1.04908,1.11551,0.86821,0.72766,0.82535,0.54596,1.30823,0.98068,1.14304,0.00490975,0.00490975,0.00490975
619,6792.88,1.23289,1.04475,1.12534,0.86971,0.72979,0.8269,0.54793,1.30852,0.97546,1.1411,0.0049015,0.0049015,0.0049015
620,6803.32,1.21376,1.01753,1.10442,0.86289,0.73191,0.82812,0.54896,1.30788,0.98425,1.14065,0.00489325,0.00489325,0.00489325
621,6813.61,1.23003,1.03558,1.10626,0.85194,0.73457,0.82789,0.54663,1.29985,0.98028,1.13726,0.004885,0.004885,0.004885
622,6824.49,1.22405,1.05148,1.10868,0.83634,0.75532,0.83074,0.55028,1.2947,0.97156,1.1355,0.00487675,0.00487675,0.00487675
623,6834.65,1.2111,1.03102,1.10143,0.84557,0.75957,0.831,0.55216,1.29588,0.97648,1.13505,0.0048685,0.0048685,0.0048685
624,6845,1.24803,1.06768,1.12081,0.82565,0.76809,0.82911,0.5528,1.29531,0.97802,1.13376,0.00486025,0.00486025,0.00486025
625,6856.4,1.22576,1.04044,1.11571,0.83094,0.76383,0.82863,0.55023,1.29827,0.9777,1.13234,0.004852,0.004852,0.004852
626,6866.38,1.22986,1.02532,1.10826,0.83469,0.76274,0.83129,0.54798,1.29717,0.97505,1.13099,0.00484375,0.00484375,0.00484375
627,6876.75,1.23644,1.03936,1.10919,0.84364,0.75532,0.8325,0.5491,1.29489,0.96814,1.13036,0.0048355,0.0048355,0.0048355
628,6887.83,1.20349,1.00716,1.10176,0.84553,0.75745,0.83287,0.54866,1.2992,0.96997,1.13254,0.00482725,0.00482725,0.00482725
629,6897.77,1.23523,1.04074,1.11384,0.86155,0.74894,0.83316,0.55047,1.30225,0.96801,1.13392,0.004819,0.004819,0.004819
630,6907.77,1.2305,1.03372,1.10499,0.86506,0.75021,0.83476,0.55058,1.30538,0.96868,1.13367,0.00481075,0.00481075,0.00481075
631,6917.75,1.24345,1.03367,1.11229,0.87054,0.74397,0.83745,0.55658,1.30465,0.96404,1.13384,0.0048025,0.0048025,0.0048025
632,6928.55,1.19955,0.99876,1.0956,0.86674,0.75106,0.83619,0.55562,1.30086,0.96519,1.13043,0.00479425,0.00479425,0.00479425
633,6938.45,1.206,1.00067,1.08434,0.86901,0.7481,0.83413,0.55458,1.29676,0.96331,1.12917,0.004786,0.004786,0.004786
634,6948.35,1.22818,1.02818,1.11034,0.85762,0.74255,0.83353,0.55524,1.30086,0.96631,1.12866,0.00477775,0.00477775,0.00477775
635,6958.23,1.22078,1.01941,1.10761,0.85887,0.75102,0.83296,0.55323,1.30445,0.96813,1.12998,0.0047695,0.0047695,0.0047695
636,6968.73,1.19561,1.00054,1.09849,0.86296,0.75027,0.83221,0.55204,1.30901,0.97692,1.13306,0.00476125,0.00476125,0.00476125
637,6978.65,1.21306,1.00816,1.10194,0.84647,0.75745,0.83556,0.55281,1.30609,0.97597,1.13231,0.004753,0.004753,0.004753
638,6988.61,1.20483,1.01827,1.10212,0.86285,0.7496,0.8344,0.55374,1.30174,0.97013,1.13111,0.00474475,0.00474475,0.00474475
639,6999.07,1.22535,1.03235,1.10133,0.85519,0.75745,0.83366,0.55736,1.29639,0.9637,1.12545,0.0047365,0.0047365,0.0047365
640,7009.32,1.18427,0.99649,1.09045,0.87006,0.75509,0.83692,0.55483,1.29595,0.96182,1.12478,0.00472825,0.00472825,0.00472825
641,7019.51,1.22285,1.02155,1.08918,0.86011,0.75319,0.8374,0.55504,1.29806,0.96522,1.12619,0.00472,0.00472,0.00472
642,7029.85,1.1915,0.99636,1.08449,0.86022,0.75943,0.83925,0.55587,1.2961,0.96663,1.12661,0.00471175,0.00471175,0.00471175
643,7040.59,1.21506,1.02181,1.11195,0.85493,0.7523,0.83709,0.55489,1.29678,0.96392,1.1282,0.0047035,0.0047035,0.0047035
644,7050.39,1.2396,1.03662,1.10054,0.82199,0.77616,0.83651,0.55431,1.29237,0.95928,1.12497,0.00469525,0.00469525,0.00469525
645,7060.45,1.19322,0.99217,1.07934,0.828,0.76817,0.83552,0.55777,1.28928,0.95615,1.12376,0.004687,0.004687,0.004687
646,7072.15,1.21956,1.02906,1.10063,0.82676,0.77168,0.84035,0.55845,1.29129,0.96074,1.12369,0.00467875,0.00467875,0.00467875
647,7082.38,1.20866,1.00399,1.09486,0.85508,0.75326,0.83998,0.55918,1.2875,0.95803,1.12143,0.0046705,0.0046705,0.0046705
648,7092.65,1.23281,1.04,1.11047,0.84265,0.75202,0.84034,0.56143,1.28353,0.95216,1.12037,0.00466225,0.00466225,0.00466225
649,7103.09,1.18575,0.9867,1.0895,0.84714,0.75462,0.8432,0.56101,1.27752,0.94896,1.11928,0.004654,0.004654,0.004654
650,7114.14,1.21891,0.99437,1.08157,0.86646,0.75745,0.84567,0.56266,1.27635,0.94386,1.11915,0.00464575,0.00464575,0.00464575
651,7124.31,1.18909,0.96437,1.07815,0.86676,0.75957,0.84716,0.56548,1.27558,0.93757,1.11741,0.0046375,0.0046375,0.0046375
652,7134.53,1.19157,0.9938,1.08564,0.82351,0.78085,0.84482,0.56377,1.27741,0.93394,1.11752,0.00462925,0.00462925,0.00462925
653,7145.07,1.18555,0.98649,1.08629,0.84162,0.77021,0.84692,0.56142,1.27869,0.93796,1.1184,0.004621,0.004621,0.004621
654,7155.96,1.22808,1.03518,1.10079,0.82767,0.78511,0.84893,0.56387,1.2805,0.94222,1.11751,0.00461275,0.00461275,0.00461275
655,7166.57,1.18619,0.99904,1.09089,0.82294,0.78936,0.84869,0.5658,1.28132,0.94341,1.1147,0.0046045,0.0046045,0.0046045
656,7176.75,1.21395,0.99919,1.09418,0.82502,0.79362,0.84763,0.56643,1.27891,0.93676,1.11137,0.00459625,0.00459625,0.00459625
657,7186.95,1.1865,0.99332,1.09342,0.82705,0.78723,0.84693,0.56586,1.27685,0.93808,1.11003,0.004588,0.004588,0.004588
658,7197.9,1.19423,0.99745,1.08394,0.84639,0.78511,0.8497,0.56916,1.27339,0.93195,1.10849,0.00457975,0.00457975,0.00457975
659,7208.11,1.20261,0.99452,1.0787,0.86037,0.77872,0.85439,0.57058,1.26902,0.92902,1.10702,0.0045715,0.0045715,0.0045715
660,7218.33,1.21243,0.99257,1.08377,0.85811,0.78494,0.85425,0.56977,1.26946,0.92366,1.10948,0.00456325,0.00456325,0.00456325
661,7228.48,1.19217,0.97963,1.08484,0.85426,0.78511,0.85537,0.56942,1.26736,0.92021,1.10892,0.004555,0.004555,0.004555
662,7239.28,1.18266,0.97784,1.08648,0.86544,0.77872,0.85563,0.57041,1.26034,0.9114,1.10582,0.00454675,0.00454675,0.00454675
663,7249.09,1.17854,0.97091,1.08806,0.8495,0.79362,0.85777,0.5698,1.25906,0.90737,1.10473,0.0045385,0.0045385,0.0045385
664,7259.04,1.17265,0.98135,1.08428,0.86405,0.78433,0.85805,0.57175,1.26049,0.90814,1.10614,0.00453025,0.00453025,0.00453025
665,7270.37,1.19735,0.99326,1.07956,0.85178,0.79479,0.85741,0.5732,1.25698,0.90688,1.10567,0.004522,0.004522,0.004522
666,7280.72,1.17365,0.99111,1.07619,0.84557,0.79362,0.85617,0.57356,1.25647,0.90492,1.1068,0.00451375,0.00451375,0.00451375
667,7291.04,1.16498,0.97028,1.06532,0.86653,0.76809,0.85746,0.573,1.26018,0.90896,1.10944,0.0045055,0.0045055,0.0045055
668,7300.98,1.20377,0.99295,1.09864,0.86929,0.76809,0.85722,0.57573,1.25774,0.91504,1.10895,0.00449725,0.00449725,0.00449725
669,7312.3,1.18294,0.97572,1.06871,0.87244,0.76383,0.85792,0.57542,1.25706,0.91391,1.10802,0.004489,0.004489,0.004489
670,7322.14,1.17837,0.99064,1.08337,0.86749,0.77234,0.85827,0.57436,1.25956,0.91306,1.10761,0.00448075,0.00448075,0.00448075
671,7331.89,1.2136,1.01372,1.08143,0.85311,0.77847,0.85832,0.57594,1.25912,0.91326,1.10705,0.0044725,0.0044725,0.0044725
672,7343.14,1.16588,0.96656,1.07702,0.82753,0.79629,0.85745,0.57538,1.26049,0.91963,1.10859,0.00446425,0.00446425,0.00446425
673,7353.1,1.1937,0.98972,1.08011,0.83744,0.80016,0.85724,0.57701,1.25919,0.92101,1.10647,0.004456,0.004456,0.004456
674,7363.33,1.16997,0.97675,1.07534,0.82906,0.80488,0.8569,0.57564,1.25652,0.9196,1.10313,0.00444775,0.00444775,0.00444775
675,7373.18,1.16753,0.95874,1.07599,0.82755,0.80213,0.85724,0.57668,1.25349,0.91541,1.09808,0.0044395,0.0044395,0.0044395
676,7384.08,1.17394,0.97375,1.07895,0.83953,0.7903,0.85749,0.57529,1.25402,0.91403,1.09679,0.00443125,0.00443125,0.00443125
677,7393.94,1.15675,0.94664,1.06366,0.84823,0.7967,0.85635,0.57515,1.25247,0.91277,1.09802,0.004423,0.004423,0.004423
678,7403.85,1.16843,0.96958,1.06767,0.83856,0.79571,0.8572,0.57618,1.24606,0.91165,1.09752,0.00441475,0.00441475,0.00441475
679,7414.4,1.15261,0.94199,1.06665,0.83546,0.78936,0.85648,0.57735,1.24321,0.91373,1.09686,0.0044065,0.0044065,0.0044065
680,7424.83,1.16306,0.97667,1.08684,0.84119,0.7889,0.85725,0.57517,1.24466,0.91294,1.09654,0.00439825,0.00439825,0.00439825
681,7434.61,1.17193,0.97848,1.08066,0.84089,0.78712,0.85655,0.57675,1.24546,0.91244,1.09651,0.00439,0.00439,0.00439
682,7444.57,1.16662,0.95904,1.07551,0.85292,0.77734,0.85615,0.57708,1.24408,0.91391,1.09391,0.00438175,0.00438175,0.00438175
683,7455.56,1.18923,0.98591,1.09262,0.85853,0.7766,0.85633,0.57987,1.2428,0.91713,1.09333,0.0043735,0.0043735,0.0043735
684,7465.84,1.18318,0.98071,1.07803,0.85863,0.7766,0.85664,0.58136,1.24256,0.91601,1.09217,0.00436525,0.00436525,0.00436525
685,7476,1.17487,0.95103,1.06274,0.86776,0.78085,0.85884,0.58285,1.23982,0.91183,1.09064,0.004357,0.004357,0.004357
686,7486.49,1.15614,0.95357,1.06937,0.87841,0.7766,0.85939,0.58527,1.23518,0.90684,1.08804,0.00434875,0.00434875,0.00434875
687,7497.59,1.14982,0.94419,1.06007,0.8779,0.78021,0.85963,0.58536,1.23669,0.90364,1.08846,0.0043405,0.0043405,0.0043405
688,7507.84,1.16058,0.94168,1.06685,0.87386,0.77447,0.86097,0.58862,1.23444,0.90059,1.08856,0.00433225,0.00433225,0.00433225
689,7518.17,1.1628,0.93034,1.07376,0.86553,0.77021,0.86026,0.5884,1.23168,0.8994,1.08784,0.004324,0.004324,0.004324
690,7529.07,1.17436,0.94694,1.07023,0.86867,0.77021,0.86069,0.59086,1.2321,0.90102,1.08734,0.00431575,0.00431575,0.00431575
691,7539.35,1.15874,0.95273,1.05949,0.87237,0.76809,0.858,0.58942,1.23318,0.90348,1.08815,0.0043075,0.0043075,0.0043075
692,7549.29,1.16428,0.9483,1.06761,0.82998,0.80851,0.8597,0.58872,1.23394,0.90237,1.08846,0.00429925,0.00429925,0.00429925
693,7559.38,1.16108,0.95707,1.05283,0.82544,0.81495,0.86012,0.59234,1.23138,0.89969,1.0874,0.004291,0.004291,0.004291
694,7570.83,1.13492,0.92746,1.05624,0.83675,0.80703,0.85725,0.59017,1.23084,0.90399,1.08842,0.00428275,0.00428275,0.00428275
695,7580.73,1.13966,0.93655,1.05842,0.85166,0.79149,0.85868,0.59054,1.22659,0.90161,1.08736,0.0042745,0.0042745,0.0042745
696,7590.72,1.15271,0.94084,1.05942,0.8499,0.79512,0.85822,0.59198,1.22347,0.90047,1.08604,0.00426625,0.00426625,0.00426625
697,7601.85,1.19699,0.9864,1.08694,0.83091,0.80851,0.85951,0.59377,1.22188,0.90266,1.08437,0.004258,0.004258,0.004258
698,7612.12,1.16196,0.95408,1.07636,0.82603,0.80213,0.85711,0.593,1.2243,0.90419,1.08263,0.00424975,0.00424975,0.00424975
699,7622.02,1.14547,0.92786,1.06416,0.81853,0.81573,0.85554,0.59238,1.22378,0.90804,1.08337,0.0042415,0.0042415,0.0042415
700,7632,1.12839,0.90824,1.05431,0.82508,0.81291,0.8608,0.59258,1.21804,0.90555,1.08397,0.00423325,0.00423325,0.00423325
701,7642.97,1.16202,0.93249,1.06116,0.83647,0.79574,0.85835,0.5955,1.21755,0.90285,1.08217,0.004225,0.004225,0.004225
702,7653.1,1.13669,0.92868,1.06409,0.8439,0.78936,0.85824,0.59468,1.21626,0.8978,1.07998,0.00421675,0.00421675,0.00421675
703,7662.94,1.13928,0.92452,1.06093,0.84396,0.78723,0.85932,0.5946,1.21439,0.89746,1.07966,0.0042085,0.0042085,0.0042085
704,7673.85,1.14514,0.93045,1.05528,0.83413,0.80638,0.86106,0.59505,1.20915,0.89613,1.07811,0.00420025,0.00420025,0.00420025
705,7683.69,1.14025,0.9204,1.05162,0.84084,0.79787,0.86048,0.59792,1.20578,0.89217,1.07599,0.004192,0.004192,0.004192
706,7693.96,1.13902,0.93277,1.05914,0.83766,0.80213,0.86022,0.59902,1.20352,0.89007,1.07462,0.00418375,0.00418375,0.00418375
707,7704.34,1.12366,0.9032,1.04958,0.82962,0.79574,0.85904,0.59858,1.20398,0.88843,1.07535,0.0041755,0.0041755,0.0041755
708,7715.16,1.16276,0.95506,1.07809,0.8351,0.79574,0.85696,0.5969,1.20255,0.8875,1.07515,0.00416725,0.00416725,0.00416725
709,7725.05,1.14283,0.91933,1.05518,0.83177,0.80638,0.85898,0.59613,1.2021,0.88704,1.07433,0.004159,0.004159,0.004159
710,7734.82,1.15741,0.93375,1.06543,0.83416,0.80851,0.86022,0.59557,1.20087,0.88715,1.07432,0.00415075,0.00415075,0.00415075
711,7745.49,1.16368,0.9385,1.06285,0.82691,0.81319,0.86166,0.5963,1.19808,0.89046,1.0744,0.0041425,0.0041425,0.0041425
712,7755.99,1.12025,0.90661,1.05406,0.82673,0.81702,0.86301,0.5956,1.19625,0.88504,1.07467,0.00413425,0.00413425,0.00413425
713,7765.97,1.15219,0.93464,1.06495,0.81949,0.81915,0.8597,0.59475,1.19271,0.88298,1.07377,0.004126,0.004126,0.004126
714,7775.8,1.13519,0.92277,1.05749,0.83624,0.81487,0.86105,0.59566,1.19245,0.88293,1.07257,0.00411775,0.00411775,0.00411775
715,7786.87,1.14375,0.92807,1.05797,0.83161,0.81489,0.86181,0.59648,1.1921,0.88231,1.07366,0.0041095,0.0041095,0.0041095
716,7796.94,1.14357,0.92862,1.0567,0.82828,0.81072,0.86325,0.59625,1.19161,0.88123,1.07423,0.00410125,0.00410125,0.00410125
717,7806.92,1.12544,0.91627,1.05639,0.82534,0.81277,0.86216,0.59808,1.19106,0.87898,1.07328,0.004093,0.004093,0.004093
718,7816.78,1.14896,0.93243,1.05629,0.82671,0.81204,0.86234,0.59673,1.18793,0.87714,1.07086,0.00408475,0.00408475,0.00408475
719,7827.9,1.13115,0.89902,1.05429,0.83219,0.80851,0.86277,0.59796,1.1841,0.8762,1.07004,0.0040765,0.0040765,0.0040765
720,7837.97,1.15081,0.92094,1.0603,0.83156,0.80881,0.86373,0.60137,1.18158,0.87531,1.06864,0.00406825,0.00406825,0.00406825
721,7848.26,1.12743,0.91867,1.05202,0.83112,0.81702,0.86337,0.60107,1.18143,0.87277,1.06868,0.00406,0.00406,0.00406
722,7859.36,1.11835,0.90735,1.0412,0.83391,0.81277,0.86366,0.59947,1.18137,0.87395,1.07038,0.00405175,0.00405175,0.00405175
723,7869.33,1.11635,0.89884,1.04812,0.83079,0.81064,0.86388,0.59986,1.1796,0.87202,1.06995,0.0040435,0.0040435,0.0040435
724,7879.18,1.11563,0.89366,1.04893,0.83642,0.80638,0.86462,0.59929,1.17739,0.86983,1.06816,0.00403525,0.00403525,0.00403525
725,7889.19,1.13716,0.92013,1.05049,0.83543,0.80851,0.86483,0.59943,1.17575,0.86593,1.06773,0.004027,0.004027,0.004027
726,7899.98,1.12795,0.90583,1.05025,0.84273,0.79809,0.86323,0.59978,1.17489,0.86267,1.06436,0.00401875,0.00401875,0.00401875
727,7909.96,1.10602,0.90208,1.04302,0.84742,0.8,0.865,0.60115,1.17519,0.85897,1.06488,0.0040105,0.0040105,0.0040105
728,7919.91,1.12185,0.90584,1.04938,0.84339,0.80213,0.86613,0.60171,1.17466,0.85769,1.06427,0.00400225,0.00400225,0.00400225
729,7931.25,1.1378,0.93312,1.057,0.83632,0.81277,0.86687,0.60172,1.17707,0.85711,1.0644,0.003994,0.003994,0.003994
730,7941.71,1.10799,0.89656,1.03959,0.82553,0.82128,0.86705,0.60084,1.17802,0.85694,1.06343,0.00398575,0.00398575,0.00398575
731,7951.52,1.11983,0.90382,1.05788,0.82972,0.81905,0.86529,0.60181,1.17747,0.8578,1.06245,0.0039775,0.0039775,0.0039775
732,7961.26,1.11956,0.89116,1.04188,0.84659,0.79841,0.86499,0.60086,1.17894,0.86033,1.06305,0.00396925,0.00396925,0.00396925
733,7972.41,1.10882,0.88553,1.03642,0.85363,0.79416,0.86565,0.60311,1.17866,0.86031,1.06288,0.003961,0.003961,0.003961
734,7982.54,1.11695,0.88051,1.03692,0.85451,0.79976,0.8646,0.60117,1.17919,0.85774,1.062,0.00395275,0.00395275,0.00395275
735,7992.37,1.09536,0.89272,1.03679,0.84816,0.80851,0.86666,0.60116,1.17916,0.85565,1.06254,0.0039445,0.0039445,0.0039445
736,8002.44,1.10358,0.88459,1.03549,0.84261,0.81702,0.86711,0.60245,1.17922,0.85493,1.06393,0.00393625,0.00393625,0.00393625
737,8013.4,1.10351,0.87795,1.03334,0.83925,0.81702,0.86766,0.60191,1.17757,0.85214,1.06339,0.003928,0.003928,0.003928
738,8023.31,1.08935,0.87288,1.03589,0.85817,0.7982,0.86754,0.60229,1.17774,0.85402,1.06244,0.00391975,0.00391975,0.00391975
739,8033.1,1.09837,0.88389,1.03967,0.85785,0.79609,0.86762,0.60317,1.17744,0.85554,1.06048,0.0039115,0.0039115,0.0039115
740,8044.3,1.11731,0.91305,1.04383,0.85865,0.79362,0.86854,0.6032,1.17783,0.856,1.06129,0.00390325,0.00390325,0.00390325
741,8054.5,1.0901,0.87304,1.04062,0.86037,0.79574,0.8669,0.60398,1.17687,0.85298,1.06148,0.003895,0.003895,0.003895
742,8064.67,1.06758,0.85088,1.03213,0.86002,0.79574,0.86738,0.60378,1.17581,0.85036,1.06094,0.00388675,0.00388675,0.00388675
743,8074.7,1.10682,0.89715,1.04186,0.85402,0.78936,0.86818,0.60529,1.17587,0.84656,1.05986,0.0038785,0.0038785,0.0038785
744,8086,1.11533,0.8791,1.03235,0.84959,0.79362,0.86869,0.60506,1.17569,0.84633,1.05781,0.00387025,0.00387025,0.00387025
745,8095.93,1.0983,0.87959,1.03172,0.81412,0.83404,0.87145,0.60437,1.17709,0.84909,1.05658,0.003862,0.003862,0.003862
746,8105.74,1.11447,0.89226,1.05364,0.82101,0.8234,0.8724,0.6048,1.17709,0.84764,1.05497,0.00385375,0.00385375,0.00385375
747,8116.97,1.10433,0.88539,1.03052,0.85046,0.79574,0.86986,0.60473,1.17461,0.84522,1.05416,0.0038455,0.0038455,0.0038455
748,8126.9,1.09571,0.8599,1.03032,0.86991,0.78252,0.8703,0.60599,1.17431,0.8417,1.05362,0.00383725,0.00383725,0.00383725
749,8137,1.07774,0.85651,1.02549,0.84851,0.80638,0.87105,0.60633,1.17584,0.83981,1.05359,0.003829,0.003829,0.003829
750,8147.35,1.09332,0.87671,1.0358,0.86341,0.79574,0.87255,0.60626,1.17716,0.83953,1.05321,0.00382075,0.00382075,0.00382075
751,8158.69,1.1186,0.89503,1.04557,0.86155,0.79787,0.87116,0.60612,1.17471,0.83797,1.05191,0.0038125,0.0038125,0.0038125
752,8168.62,1.10412,0.88207,1.03929,0.86231,0.79787,0.87138,0.60511,1.17378,0.83736,1.05022,0.00380425,0.00380425,0.00380425
753,8178.58,1.08877,0.86867,1.02678,0.86771,0.8,0.87234,0.60326,1.17283,0.83945,1.04826,0.003796,0.003796,0.003796
754,8189.63,1.08851,0.87291,1.02531,0.86614,0.8,0.87264,0.60435,1.17122,0.83822,1.04758,0.00378775,0.00378775,0.00378775
755,8199.99,1.09241,0.88232,1.03255,0.86115,0.79787,0.87082,0.60539,1.16948,0.8391,1.04748,0.0037795,0.0037795,0.0037795
756,8209.87,1.08869,0.88067,1.03287,0.86108,0.8,0.87084,0.60701,1.16668,0.83737,1.0452,0.00377125,0.00377125,0.00377125
757,8219.91,1.0876,0.85743,1.02615,0.86166,0.80213,0.87298,0.6069,1.16431,0.83678,1.04485,0.003763,0.003763,0.003763
758,8230.08,1.10051,0.87786,1.02983,0.86936,0.79787,0.87343,0.60609,1.16314,0.83682,1.04428,0.00375475,0.00375475,0.00375475
759,8240.76,1.10527,0.86924,1.0254,0.86549,0.8,0.87378,0.60845,1.16089,0.83605,1.04397,0.0037465,0.0037465,0.0037465
760,8251.18,1.08349,0.86673,1.03786,0.86573,0.80213,0.87572,0.60939,1.15842,0.83479,1.04277,0.00373825,0.00373825,0.00373825
761,8261.6,1.06146,0.84691,1.0193,0.86038,0.80851,0.87533,0.6092,1.15795,0.83382,1.04207,0.00373,0.00373,0.00373
762,8272.67,1.08645,0.86013,1.02272,0.86316,0.80851,0.8776,0.61072,1.1549,0.83014,1.04055,0.00372175,0.00372175,0.00372175
763,8282.9,1.0993,0.87251,1.03466,0.84577,0.81915,0.87773,0.61002,1.15203,0.82984,1.04004,0.0037135,0.0037135,0.0037135
764,8292.79,1.08066,0.86725,1.04251,0.8515,0.82128,0.87789,0.61003,1.15142,0.82951,1.04091,0.00370525,0.00370525,0.00370525
765,8302.47,1.0824,0.84741,1.02231,0.84883,0.82553,0.87781,0.61079,1.14988,0.82813,1.04016,0.003697,0.003697,0.003697
766,8313.9,1.08682,0.86357,1.03016,0.85529,0.81915,0.87667,0.61276,1.15004,0.82739,1.04029,0.00368875,0.00368875,0.00368875
767,8324.03,1.07215,0.85029,1.02119,0.85038,0.82232,0.87674,0.61345,1.14826,0.82605,1.03898,0.0036805,0.0036805,0.0036805
768,8334.22,1.07948,0.84976,1.02258,0.85348,0.81801,0.87703,0.61322,1.14613,0.82685,1.03852,0.00367225,0.00367225,0.00367225
769,8345.57,1.07229,0.84886,1.02592,0.83898,0.83143,0.87855,0.61391,1.14448,0.82672,1.03789,0.003664,0.003664,0.003664
770,8355.93,1.07837,0.84673,1.02947,0.84168,0.83404,0.87786,0.61485,1.14219,0.82682,1.03668,0.00365575,0.00365575,0.00365575
771,8366.24,1.08188,0.867,1.03146,0.84217,0.8288,0.87637,0.61563,1.13974,0.82776,1.03606,0.0036475,0.0036475,0.0036475
772,8376.59,1.10756,0.88076,1.0314,0.84398,0.83191,0.87672,0.61665,1.1392,0.82531,1.03498,0.00363925,0.00363925,0.00363925
773,8388.1,1.07146,0.8614,1.01646,0.8576,0.81277,0.87631,0.61818,1.13794,0.82522,1.03402,0.003631,0.003631,0.003631
774,8398.38,1.06652,0.8383,1.01151,0.83917,0.83404,0.87891,0.61841,1.13769,0.8232,1.03425,0.00362275,0.00362275,0.00362275
775,8408.71,1.07786,0.86599,1.02194,0.86185,0.81277,0.87836,0.61729,1.1386,0.82229,1.03422,0.0036145,0.0036145,0.0036145
776,8420.07,1.0728,0.8698,1.03276,0.862,0.81073,0.87806,0.61781,1.13913,0.8226,1.03439,0.00360625,0.00360625,0.00360625
777,8430.03,1.06489,0.84578,1.02797,0.87479,0.79787,0.87897,0.618,1.13939,0.82166,1.03508,0.003598,0.003598,0.003598
778,8440.04,1.09569,0.874,1.02237,0.87966,0.79787,0.87691,0.61767,1.1394,0.82116,1.03433,0.00358975,0.00358975,0.00358975
779,8449.95,1.05353,0.82826,1.01002,0.88605,0.79149,0.87856,0.6176,1.13926,0.81916,1.03396,0.0035815,0.0035815,0.0035815
780,8461.26,1.06409,0.83842,1.01383,0.88928,0.79362,0.87841,0.61837,1.13958,0.81628,1.03358,0.00357325,0.00357325,0.00357325
781,8471.15,1.08228,0.84863,1.02326,0.87101,0.80638,0.8779,0.61784,1.14025,0.81604,1.03331,0.003565,0.003565,0.003565
782,8480.93,1.07447,0.8591,1.02844,0.8708,0.80638,0.87841,0.61717,1.14191,0.8158,1.0333,0.00355675,0.00355675,0.00355675
783,8491.58,1.06139,0.84388,1.01698,0.87249,0.81525,0.87931,0.61855,1.14305,0.81708,1.03284,0.0035485,0.0035485,0.0035485
784,8502.31,1.07068,0.83463,1.02214,0.86735,0.81702,0.88048,0.6197,1.14353,0.81591,1.03279,0.00354025,0.00354025,0.00354025
785,8512.58,1.07065,0.85186,1.02123,0.86873,0.81668,0.88056,0.6175,1.14359,0.81549,1.0324,0.003532,0.003532,0.003532
786,8522.45,1.05179,0.85465,1.02194,0.87211,0.81702,0.88109,0.61786,1.14448,0.81379,1.03281,0.00352375,0.00352375,0.00352375
787,8533.59,1.07436,0.84336,1.0208,0.87029,0.81373,0.8784,0.61851,1.14282,0.8115,1.03311,0.0035155,0.0035155,0.0035155
788,8543.5,1.07041,0.85105,1.01181,0.8693,0.82078,0.87864,0.62015,1.14088,0.81083,1.03295,0.00350725,0.00350725,0.00350725
789,8553.9,1.04732,0.84377,1.01429,0.86816,0.8234,0.88053,0.62123,1.13958,0.80808,1.03217,0.003499,0.003499,0.003499
790,8564.89,1.09383,0.84877,1.02634,0.87111,0.82128,0.88272,0.62064,1.13907,0.80785,1.03235,0.00349075,0.00349075,0.00349075
791,8575.48,1.05926,0.81973,1.00961,0.87277,0.81736,0.88302,0.62189,1.13799,0.80753,1.03251,0.0034825,0.0034825,0.0034825
792,8585.63,1.06111,0.8452,1.01791,0.88171,0.81277,0.88487,0.62147,1.13687,0.8058,1.03206,0.00347425,0.00347425,0.00347425
793,8595.6,1.06094,0.82346,1.02165,0.88118,0.81277,0.88554,0.62433,1.13745,0.80628,1.03244,0.003466,0.003466,0.003466
794,8606.95,1.06346,0.84192,1.02021,0.88503,0.81277,0.88608,0.62505,1.13635,0.80657,1.03213,0.00345775,0.00345775,0.00345775
795,8617.12,1.06554,0.84101,1.00953,0.88481,0.81064,0.88612,0.62554,1.13498,0.80572,1.03264,0.0034495,0.0034495,0.0034495
796,8627.12,1.05787,0.83011,1.0155,0.85991,0.83584,0.88693,0.6267,1.13446,0.80495,1.03282,0.00344125,0.00344125,0.00344125
797,8637.48,1.05965,0.84727,1.00439,0.85806,0.83606,0.88717,0.62666,1.13365,0.8022,1.03213,0.003433,0.003433,0.003433
798,8648.45,1.06406,0.82873,1.01026,0.85484,0.83617,0.88772,0.62829,1.13302,0.79995,1.03177,0.00342475,0.00342475,0.00342475
799,8658.37,1.06282,0.83087,1.01684,0.85464,0.83812,0.88776,0.62883,1.13308,0.79861,1.0312,0.0034165,0.0034165,0.0034165
800,8668.79,1.04686,0.8258,1.00295,0.85605,0.8383,0.88822,0.62799,1.13245,0.7976,1.0309,0.00340825,0.00340825,0.00340825
801,8680.12,1.05654,0.82898,1.01924,0.88066,0.81648,0.88908,0.62608,1.13291,0.79683,1.03075,0.0034,0.0034,0.0034
802,8690.01,1.05057,0.81324,1.00069,0.86328,0.83292,0.8877,0.62611,1.13183,0.79804,1.03108,0.00339175,0.00339175,0.00339175
803,8699.82,1.05102,0.82835,1.01351,0.88086,0.81803,0.88757,0.62458,1.13145,0.79593,1.03092,0.0033835,0.0033835,0.0033835
804,8709.77,1.06685,0.84008,1.01101,0.88534,0.81277,0.8858,0.62448,1.13147,0.7959,1.03043,0.00337525,0.00337525,0.00337525
805,8721.13,1.04664,0.82573,1.00776,0.89034,0.81187,0.88702,0.62535,1.13136,0.79498,1.02959,0.003367,0.003367,0.003367
806,8731.33,1.05455,0.81841,1.00758,0.88527,0.81915,0.88763,0.62484,1.1312,0.79223,1.02966,0.00335875,0.00335875,0.00335875
807,8741.03,1.04418,0.82689,1.00223,0.87676,0.82128,0.88791,0.62538,1.12992,0.79083,1.0281,0.0033505,0.0033505,0.0033505
808,8752.11,1.0229,0.81837,1.01028,0.88076,0.81489,0.88881,0.62627,1.12862,0.78993,1.02738,0.00334225,0.00334225,0.00334225
809,8761.97,1.07693,0.84361,1.01413,0.87546,0.8234,0.88829,0.6266,1.12682,0.78936,1.02615,0.003334,0.003334,0.003334
810,8771.98,1.03692,0.80515,1.00142,0.87352,0.82128,0.88587,0.62784,1.12601,0.7885,1.02596,0.00332575,0.00332575,0.00332575
811,8782.1,1.05206,0.82301,1.00355,0.87533,0.82164,0.88628,0.62709,1.12525,0.78782,1.02553,0.0033175,0.0033175,0.0033175
812,8793.26,1.04788,0.81869,1.01033,0.87337,0.82179,0.88742,0.62836,1.12408,0.78705,1.02553,0.00330925,0.00330925,0.00330925
813,8803.24,1.0474,0.83128,1.00166,0.87291,0.81839,0.88748,0.62861,1.12332,0.78805,1.02443,0.003301,0.003301,0.003301
814,8813.03,1.03544,0.81065,1.00332,0.87458,0.816,0.88755,0.6287,1.12331,0.78756,1.02429,0.00329275,0.00329275,0.00329275
815,8823.69,1.01649,0.79718,1.01451,0.87894,0.81872,0.88818,0.63033,1.12258,0.78719,1.02381,0.0032845,0.0032845,0.0032845
816,8834.04,1.04316,0.83141,1.01598,0.86829,0.82766,0.88903,0.63032,1.12139,0.78505,1.02329,0.00327625,0.00327625,0.00327625
817,8844.35,1.03807,0.81038,0.99893,0.86985,0.82979,0.89191,0.63033,1.12003,0.78343,1.02267,0.003268,0.003268,0.003268
818,8854.85,1.0443,0.82673,1.01282,0.87531,0.82979,0.89178,0.63054,1.1197,0.78319,1.02264,0.00325975,0.00325975,0.00325975
819,8866.37,1.06735,0.84112,1.0187,0.8679,0.82979,0.89214,0.62954,1.11944,0.78259,1.02233,0.0032515,0.0032515,0.0032515
820,8876.19,1.0416,0.83153,1.0175,0.86866,0.83024,0.89208,0.63028,1.1186,0.78154,1.02216,0.00324325,0.00324325,0.00324325
821,8886.06,1.03103,0.80597,0.99284,0.86417,0.83191,0.89143,0.6312,1.11918,0.78138,1.02265,0.003235,0.003235,0.003235
822,8897.28,1.01736,0.78774,0.99501,0.86088,0.82945,0.88866,0.63144,1.11891,0.78131,1.02233,0.00322675,0.00322675,0.00322675
823,8907.89,1.03759,0.80384,1.00122,0.86438,0.82553,0.88876,0.63096,1.11917,0.78081,1.02195,0.0032185,0.0032185,0.0032185
824,8917.95,1.02214,0.80555,0.99292,0.88893,0.80032,0.88693,0.63086,1.11836,0.78126,1.02141,0.00321025,0.00321025,0.00321025
825,8927.89,1.03972,0.80986,1.00913,0.89759,0.8019,0.88902,0.63138,1.11795,0.78059,1.02083,0.003202,0.003202,0.003202
826,8939.14,1.04387,0.8182,1.00574,0.8923,0.80213,0.89159,0.63025,1.11785,0.78108,1.02065,0.00319375,0.00319375,0.00319375
827,8949.02,1.04311,0.81451,0.99462,0.8996,0.8,0.89066,0.63036,1.11764,0.78257,1.02091,0.0031855,0.0031855,0.0031855
828,8959.01,1.04002,0.82295,1.00265,0.89766,0.80213,0.89021,0.63051,1.11721,0.78329,1.02098,0.00317725,0.00317725,0.00317725
829,8969.15,1.05093,0.82058,1.00562,0.89163,0.80638,0.89097,0.63181,1.11708,0.78263,1.02046,0.003169,0.003169,0.003169
830,8980.57,1.01487,0.80514,0.9943,0.89182,0.80638,0.89133,0.6321,1.11718,0.78197,1.02064,0.00316075,0.00316075,0.00316075
831,8990.73,1.03329,0.80458,0.99614,0.86463,0.82766,0.89195,0.63267,1.11601,0.77965,1.02005,0.0031525,0.0031525,0.0031525
832,9000.86,1.01807,0.80046,0.99478,0.86847,0.82766,0.89172,0.63215,1.11399,0.77905,1.01945,0.00314425,0.00314425,0.00314425
833,9011.78,1.01912,0.79116,0.99679,0.86949,0.82766,0.89456,0.63276,1.11236,0.7796,1.01909,0.003136,0.003136,0.003136
834,9021.97,1.0166,0.79453,0.9981,0.8885,0.80851,0.89437,0.63255,1.11236,0.78076,1.01898,0.00312775,0.00312775,0.00312775
835,9031.77,1.01061,0.7873,0.98851,0.87077,0.83153,0.89453,0.633,1.11141,0.78073,1.01838,0.0031195,0.0031195,0.0031195
836,9041.83,1.01018,0.78474,0.99198,0.86822,0.83191,0.89439,0.63265,1.11069,0.7813,1.01831,0.00311125,0.00311125,0.00311125
837,9052.6,1.01974,0.77729,0.99452,0.86818,0.83191,0.89453,0.63318,1.11023,0.78129,1.01814,0.003103,0.003103,0.003103
838,9062.83,1.01232,0.79026,0.99824,0.86132,0.83253,0.89502,0.63348,1.10956,0.7807,1.01796,0.00309475,0.00309475,0.00309475
839,9073.09,1.01109,0.78599,0.99034,0.86244,0.8404,0.89808,0.63343,1.10941,0.78056,1.01823,0.0030865,0.0030865,0.0030865
840,9084.89,0.99772,0.77453,0.99038,0.8621,0.8383,0.89789,0.6338,1.10931,0.78141,1.01878,0.00307825,0.00307825,0.00307825
841,9095.05,1.02446,0.78263,0.99115,0.86025,0.83818,0.89748,0.63439,1.10964,0.78134,1.01915,0.00307,0.00307,0.00307
842,9105.23,1.013,0.79615,0.99844,0.85635,0.83404,0.89462,0.63448,1.10955,0.77985,1.01854,0.00306175,0.00306175,0.00306175
843,9115.06,1.01991,0.80556,0.99431,0.89026,0.81277,0.89376,0.63452,1.10933,0.77964,1.01856,0.0030535,0.0030535,0.0030535
844,9126.44,1.02473,0.7972,0.99523,0.88853,0.81277,0.89345,0.63498,1.10881,0.77964,1.01899,0.00304525,0.00304525,0.00304525
845,9136.61,1.01903,0.77707,0.98642,0.85434,0.84859,0.89381,0.63443,1.1075,0.77885,1.01866,0.003037,0.003037,0.003037
846,9146.51,1.01024,0.78111,0.99144,0.85365,0.84894,0.894,0.63476,1.10695,0.7776,1.01846,0.00302875,0.00302875,0.00302875
847,9157.29,0.99736,0.77522,0.99027,0.85209,0.84894,0.89394,0.63533,1.10679,0.77814,1.01844,0.0030205,0.0030205,0.0030205
848,9168.53,1.00961,0.77573,0.99099,0.85714,0.85106,0.89714,0.63532,1.10618,0.77665,1.01821,0.00301225,0.00301225,0.00301225
849,9178.82,1.03116,0.78425,0.97722,0.85819,0.84981,0.89566,0.63558,1.1054,0.77574,1.01773,0.003004,0.003004,0.003004
850,9188.94,0.99155,0.76195,0.98766,0.86206,0.85101,0.89442,0.63582,1.10432,0.77522,1.01735,0.00299575,0.00299575,0.00299575
851,9200.53,1.00648,0.78168,0.99048,0.86175,0.85106,0.89459,0.6358,1.10388,0.77428,1.01653,0.0029875,0.0029875,0.0029875
852,9210.89,1.01358,0.77433,0.99367,0.86199,0.85051,0.89458,0.63539,1.10347,0.77299,1.01609,0.00297925,0.00297925,0.00297925
853,9220.81,1.00992,0.77346,0.99386,0.85984,0.8484,0.89732,0.63618,1.10323,0.77271,1.01521,0.002971,0.002971,0.002971
854,9232.34,1.00097,0.75909,0.9843,0.85964,0.84468,0.89687,0.63701,1.10243,0.77156,1.01492,0.00296275,0.00296275,0.00296275
855,9243.01,1.00423,0.78415,0.98796,0.86104,0.84376,0.89749,0.63792,1.10154,0.77112,1.01421,0.0029545,0.0029545,0.0029545
856,9253.22,1.00355,0.79589,0.99126,0.86097,0.84255,0.89751,0.63789,1.10122,0.77102,1.01355,0.00294625,0.00294625,0.00294625
857,9263.22,0.99752,0.78941,0.98992,0.86104,0.84378,0.89686,0.6384,1.10049,0.77042,1.01281,0.002938,0.002938,0.002938
858,9274.73,0.99914,0.76934,0.98776,0.86109,0.84409,0.89446,0.63786,1.09964,0.76924,1.01193,0.00292975,0.00292975,0.00292975
859,9284.67,0.98974,0.77351,0.98412,0.86014,0.83747,0.89431,0.63882,1.09913,0.76873,1.01172,0.0029215,0.0029215,0.0029215
860,9294.84,1.00432,0.77963,0.98327,0.85794,0.84808,0.89426,0.64002,1.09907,0.76849,1.01139,0.00291325,0.00291325,0.00291325
861,9306.47,0.9915,0.75456,0.98323,0.85355,0.84468,0.89223,0.63924,1.09918,0.76866,1.01135,0.002905,0.002905,0.002905
862,9316.35,0.9886,0.78421,0.99352,0.85291,0.84468,0.89201,0.63947,1.09883,0.76864,1.0115,0.00289675,0.00289675,0.00289675
863,9326.28,0.99554,0.76556,0.9806,0.85175,0.84468,0.89215,0.64027,1.09841,0.76785,1.01121,0.0028885,0.0028885,0.0028885
864,9336.57,0.99678,0.77915,0.9875,0.89545,0.80851,0.89276,0.64002,1.09798,0.76606,1.01076,0.00288025,0.00288025,0.00288025
865,9347.64,1.01219,0.78004,0.99005,0.89776,0.80851,0.89248,0.63962,1.09792,0.76494,1.01033,0.002872,0.002872,0.002872
866,9357.57,1.00689,0.77806,0.97902,0.89805,0.80851,0.89227,0.6398,1.09782,0.76508,1.0102,0.00286375,0.00286375,0.00286375
867,9367.58,0.99049,0.7615,0.98268,0.90363,0.80426,0.89255,0.64053,1.09789,0.766,1.01044,0.0028555,0.0028555,0.0028555
868,9378.9,0.98616,0.75624,0.98276,0.90994,0.79574,0.89248,0.6397,1.0978,0.76587,1.01022,0.00284725,0.00284725,0.00284725
869,9389.36,0.98454,0.7491,0.97381,0.91189,0.79273,0.89215,0.64087,1.09823,0.76611,1.01039,0.002839,0.002839,0.002839
870,9399.6,0.98038,0.77031,0.99029,0.91182,0.79201,0.89279,0.64223,1.09791,0.7654,1.01018,0.00283075,0.00283075,0.00283075
871,9409.58,0.99206,0.76639,0.98047,0.91195,0.79362,0.89331,0.64175,1.09823,0.76495,1.0102,0.0028225,0.0028225,0.0028225
872,9420.9,1.01285,0.77337,0.98746,0.91023,0.78936,0.89342,0.64249,1.0982,0.76503,1.01028,0.00281425,0.00281425,0.00281425
873,9431.01,1.00845,0.77461,0.98925,0.91181,0.79196,0.89398,0.64525,1.09743,0.76421,1.00955,0.002806,0.002806,0.002806
874,9441.34,0.99807,0.78224,1.00214,0.9138,0.78936,0.89397,0.64503,1.09642,0.76354,1.00935,0.00279775,0.00279775,0.00279775
875,9452.24,0.9991,0.76226,0.97978,0.91229,0.7967,0.89435,0.64497,1.09544,0.76249,1.00881,0.0027895,0.0027895,0.0027895
876,9463,1.0017,0.78872,0.98434,0.91229,0.79666,0.89452,0.64419,1.09429,0.76135,1.00845,0.00278125,0.00278125,0.00278125
877,9473.01,0.99596,0.76026,0.98411,0.91653,0.79427,0.8949,0.64413,1.09303,0.75982,1.00773,0.002773,0.002773,0.002773
878,9482.89,0.98573,0.75652,0.97595,0.91857,0.79207,0.89553,0.64386,1.09262,0.75956,1.00704,0.00276475,0.00276475,0.00276475
879,9494.61,0.9971,0.77883,0.99192,0.91871,0.79353,0.89531,0.64417,1.09216,0.75907,1.0063,0.0027565,0.0027565,0.0027565
880,9504.65,0.98583,0.76734,0.98923,0.91905,0.79149,0.89562,0.64403,1.09243,0.75947,1.00612,0.00274825,0.00274825,0.00274825
881,9514.6,0.97312,0.76912,0.97635,0.92092,0.79291,0.89599,0.64509,1.09235,0.75933,1.00606,0.00274,0.00274,0.00274
882,9525.73,1.0093,0.77744,0.9823,0.91957,0.79574,0.89619,0.64523,1.09182,0.75863,1.00581,0.00273175,0.00273175,0.00273175
883,9537.05,0.98667,0.76128,0.97584,0.91854,0.79574,0.89621,0.64535,1.09136,0.75797,1.00535,0.0027235,0.0027235,0.0027235
884,9547.31,0.99981,0.75831,0.98275,0.91102,0.81064,0.89704,0.64558,1.09026,0.75693,1.00466,0.00271525,0.00271525,0.00271525
885,9557.52,0.99919,0.76265,0.98518,0.91341,0.80803,0.89735,0.64496,1.08962,0.75588,1.0042,0.002707,0.002707,0.002707
886,9568.93,0.9907,0.7601,0.98721,0.91099,0.81064,0.89863,0.64485,1.08916,0.75507,1.0038,0.00269875,0.00269875,0.00269875
887,9578.88,0.99788,0.76718,0.98346,0.91143,0.81015,0.89869,0.64526,1.08844,0.75539,1.00302,0.0026905,0.0026905,0.0026905
888,9588.85,0.97879,0.7557,0.98423,0.91046,0.81064,0.89976,0.64549,1.08851,0.75445,1.00276,0.00268225,0.00268225,0.00268225
889,9600.37,0.98087,0.75018,0.98015,0.90963,0.81064,0.89954,0.64604,1.08776,0.7548,1.00252,0.002674,0.002674,0.002674
890,9611.05,0.97944,0.74523,0.97441,0.90936,0.81064,0.89871,0.64608,1.08747,0.75457,1.0022,0.00266575,0.00266575,0.00266575
891,9620.95,0.98261,0.76424,0.97927,0.91164,0.81218,0.8984,0.64557,1.08678,0.75385,1.00084,0.0026575,0.0026575,0.0026575
892,9630.8,0.97888,0.75294,0.98156,0.91085,0.81277,0.89889,0.64626,1.0864,0.7537,1.00064,0.00264925,0.00264925,0.00264925
893,9642.48,0.95773,0.74401,0.97359,0.91094,0.81277,0.89904,0.64655,1.08615,0.75444,0.99981,0.002641,0.002641,0.002641
894,9652.58,0.98706,0.75154,0.97275,0.91085,0.81277,0.89907,0.64657,1.08503,0.75498,0.99928,0.00263275,0.00263275,0.00263275
895,9662.89,0.98631,0.75796,0.97808,0.90957,0.81326,0.89898,0.64702,1.08427,0.75608,0.99992,0.0026245,0.0026245,0.0026245
896,9675.02,0.98946,0.76996,0.98821,0.90945,0.81204,0.89902,0.64684,1.08366,0.75554,0.99964,0.00261625,0.00261625,0.00261625
897,9685.03,0.96611,0.74569,0.97335,0.9094,0.8115,0.90011,0.64689,1.08315,0.75654,0.99959,0.002608,0.002608,0.002608
898,9694.91,0.96842,0.73681,0.97055,0.90949,0.8124,0.89901,0.64744,1.08309,0.75629,0.99937,0.00259975,0.00259975,0.00259975
899,9705.36,0.96393,0.7342,0.96702,0.90953,0.81279,0.89969,0.6468,1.08254,0.75669,0.99869,0.0025915,0.0025915,0.0025915
900,9716.32,0.97068,0.73464,0.96272,0.90952,0.81268,0.89951,0.64671,1.08188,0.75693,0.99861,0.00258325,0.00258325,0.00258325
901,9726.31,0.94289,0.72192,0.95897,0.9091,0.80857,0.89966,0.64665,1.08163,0.75731,0.999,0.002575,0.002575,0.002575
902,9736.21,0.96485,0.73176,0.97313,0.90954,0.81291,0.89992,0.64686,1.08068,0.75799,0.99856,0.00256675,0.00256675,0.00256675
903,9747.17,0.97154,0.75524,0.97621,0.90854,0.81489,0.89982,0.64616,1.08004,0.75843,0.99834,0.0025585,0.0025585,0.0025585
904,9757.41,0.96245,0.76437,0.97674,0.90546,0.81513,0.89988,0.64737,1.07942,0.75826,0.99793,0.00255025,0.00255025,0.00255025
905,9767.62,0.95819,0.74483,0.97398,0.90459,0.81489,0.89934,0.64681,1.07899,0.75791,0.99752,0.002542,0.002542,0.002542
906,9777.06,0.97531,0.74475,0.97386,0.90482,0.81489,0.89943,0.647,1.07853,0.75724,0.99717,0.00253375,0.00253375,0.00253375
907,9788.03,0.94821,0.73527,0.97758,0.9055,0.81553,0.89924,0.6475,1.0786,0.75748,0.99708,0.0025255,0.0025255,0.0025255
908,9798.12,0.98302,0.75531,0.98312,0.90563,0.81702,0.89918,0.64684,1.07854,0.75769,0.99685,0.00251725,0.00251725,0.00251725
909,9807.99,0.95514,0.74132,0.98067,0.90464,0.81702,0.89895,0.6467,1.07832,0.75772,0.99651,0.002509,0.002509,0.002509
910,9817.75,0.95055,0.72241,0.96997,0.90276,0.81702,0.89894,0.6476,1.07765,0.75764,0.99599,0.00250075,0.00250075,0.00250075
911,9828.93,0.96542,0.74135,0.97516,0.90219,0.81702,0.89981,0.6477,1.07709,0.75779,0.99515,0.0024925,0.0024925,0.0024925
912,9839.17,0.95987,0.72207,0.96164,0.9029,0.81702,0.89985,0.64838,1.07665,0.75784,0.99419,0.00248425,0.00248425,0.00248425
913,9849.44,0.95665,0.72724,0.96815,0.90333,0.81702,0.89912,0.64876,1.07595,0.75756,0.99398,0.002476,0.002476,0.002476
914,9861.07,0.95213,0.73206,0.96214,0.90553,0.81702,0.89992,0.6491,1.07612,0.75649,0.99401,0.00246775,0.00246775,0.00246775
915,9871.33,0.95348,0.7248,0.96413,0.9062,0.81702,0.90001,0.64837,1.07619,0.75569,0.99385,0.0024595,0.0024595,0.0024595
916,9881.37,0.95731,0.72072,0.96543,0.90611,0.81702,0.89916,0.6489,1.0761,0.75495,0.99349,0.00245125,0.00245125,0.00245125
917,9891.27,0.96784,0.73689,0.9723,0.90774,0.81702,0.89926,0.64929,1.07581,0.75449,0.99321,0.002443,0.002443,0.002443
918,9902.79,0.96869,0.73572,0.97253,0.91164,0.81702,0.90027,0.64884,1.07516,0.75395,0.99283,0.00243475,0.00243475,0.00243475
919,9912.85,0.98071,0.73884,0.9681,0.91251,0.81489,0.90029,0.64926,1.07477,0.75388,0.99255,0.0024265,0.0024265,0.0024265
920,9923.11,0.96291,0.72884,0.96696,0.91351,0.80899,0.90044,0.6486,1.07488,0.75384,0.99236,0.00241825,0.00241825,0.00241825
921,9934.46,0.96794,0.74967,0.97584,0.91336,0.8075,0.90043,0.64725,1.07465,0.75418,0.99212,0.00241,0.00241,0.00241
922,9944.52,0.94292,0.73294,0.96827,0.91339,0.80776,0.9004,0.64738,1.07464,0.75456,0.99193,0.00240175,0.00240175,0.00240175
923,9954.5,0.95492,0.71885,0.95776,0.91537,0.80638,0.89936,0.64725,1.07407,0.75427,0.99186,0.0023935,0.0023935,0.0023935
924,9964.68,0.96486,0.75087,0.97512,0.91088,0.80464,0.90046,0.64737,1.07404,0.75399,0.99198,0.00238525,0.00238525,0.00238525
925,9976.35,0.9419,0.72089,0.96671,0.91529,0.80458,0.90269,0.64778,1.07396,0.75361,0.99163,0.002377,0.002377,0.002377
926,9986.35,0.95018,0.71009,0.96257,0.90818,0.82074,0.90397,0.64865,1.07373,0.75362,0.99158,0.00236875,0.00236875,0.00236875
927,9996.34,0.93911,0.72984,0.97297,0.90562,0.82128,0.90425,0.6489,1.0737,0.75294,0.99136,0.0023605,0.0023605,0.0023605
928,10008.1,0.95187,0.71686,0.95924,0.89885,0.82128,0.90436,0.64923,1.07336,0.75291,0.99117,0.00235225,0.00235225,0.00235225
929,10018.5,0.95021,0.73023,0.96397,0.89988,0.82128,0.90449,0.64901,1.07321,0.75277,0.9911,0.002344,0.002344,0.002344
930,10028.5,0.95844,0.7244,0.97192,0.89993,0.82275,0.90448,0.65048,1.07288,0.75261,0.99063,0.00233575,0.00233575,0.00233575
931,10038.8,0.95292,0.72545,0.97697,0.90416,0.82296,0.9047,0.65049,1.07278,0.75245,0.99051,0.0023275,0.0023275,0.0023275
932,10050.2,0.94485,0.73002,0.962,0.90251,0.82128,0.90508,0.65192,1.07257,0.75238,0.99049,0.00231925,0.00231925,0.00231925
933,10060.6,0.95481,0.73367,0.96402,0.89982,0.82179,0.90505,0.65173,1.07237,0.7522,0.99059,0.002311,0.002311,0.002311
934,10070.5,0.9427,0.72445,0.96219,0.89982,0.82177,0.90532,0.65126,1.07198,0.75122,0.99034,0.00230275,0.00230275,0.00230275
935,10081.6,0.95256,0.73119,0.96163,0.89918,0.82128,0.90536,0.65102,1.07136,0.75052,0.99009,0.0022945,0.0022945,0.0022945
936,10091.4,0.94453,0.72107,0.96233,0.89893,0.82128,0.90486,0.65136,1.07093,0.74997,0.98953,0.00228625,0.00228625,0.00228625
937,10101.5,0.93514,0.72352,0.96268,0.9029,0.82128,0.90516,0.65109,1.07079,0.7495,0.98944,0.002278,0.002278,0.002278
938,10111.3,0.94931,0.72713,0.96426,0.91022,0.82128,0.9049,0.65084,1.07031,0.74932,0.98916,0.00226975,0.00226975,0.00226975
939,10122.6,0.92768,0.70414,0.95798,0.91031,0.81915,0.90475,0.65136,1.06982,0.7493,0.98913,0.0022615,0.0022615,0.0022615
940,10132.5,0.95192,0.71937,0.96227,0.91347,0.81915,0.90477,0.65115,1.06964,0.74885,0.98914,0.00225325,0.00225325,0.00225325
941,10142.5,0.95964,0.72426,0.97316,0.91615,0.81915,0.90479,0.65229,1.06889,0.74874,0.98887,0.002245,0.002245,0.002245
942,10153.6,0.96374,0.72563,0.9658,0.90157,0.81915,0.90483,0.65227,1.06835,0.74801,0.98819,0.00223675,0.00223675,0.00223675
943,10163.5,0.94063,0.72028,0.96198,0.90007,0.81915,0.90506,0.65255,1.06823,0.74746,0.988,0.0022285,0.0022285,0.0022285
944,10173.8,0.93407,0.70932,0.96456,0.91098,0.81702,0.90496,0.65237,1.06784,0.74693,0.98781,0.00222025,0.00222025,0.00222025
945,10183.8,0.92762,0.71508,0.96098,0.90352,0.81915,0.9051,0.65149,1.06776,0.74659,0.9878,0.002212,0.002212,0.002212
946,10195,0.93678,0.69804,0.95932,0.89937,0.82128,0.90515,0.6515,1.06792,0.74647,0.98779,0.00220375,0.00220375,0.00220375
947,10205,0.91681,0.70163,0.95011,0.89978,0.82139,0.90546,0.65177,1.06791,0.74621,0.9877,0.0021955,0.0021955,0.0021955
948,10215,0.94634,0.71426,0.96066,0.89769,0.82145,0.90508,0.65178,1.06775,0.74638,0.98765,0.00218725,0.00218725,0.00218725
949,10225.4,0.95798,0.71856,0.96386,0.8978,0.82241,0.90524,0.65205,1.06712,0.74652,0.98735,0.002179,0.002179,0.002179
950,10236.2,0.93227,0.70853,0.95335,0.90627,0.82128,0.90492,0.65197,1.06682,0.74628,0.98711,0.00217075,0.00217075,0.00217075
951,10246.1,0.93897,0.71944,0.96708,0.90647,0.82128,0.90508,0.65224,1.06621,0.74613,0.98687,0.0021625,0.0021625,0.0021625
952,10256.1,0.95532,0.71596,0.96451,0.90407,0.82208,0.90508,0.65402,1.06582,0.74605,0.98698,0.00215425,0.00215425,0.00215425
953,10267.6,0.94551,0.71897,0.96662,0.90213,0.82128,0.90561,0.65418,1.06555,0.74548,0.98689,0.002146,0.002146,0.002146
954,10277.9,0.93468,0.71352,0.95699,0.90878,0.82128,0.90565,0.6534,1.06531,0.74544,0.98688,0.00213775,0.00213775,0.00213775
955,10287.9,0.91844,0.69625,0.95753,0.91021,0.82128,0.90522,0.65408,1.06486,0.74485,0.98693,0.0021295,0.0021295,0.0021295
956,10297.9,0.93189,0.71649,0.96004,0.91242,0.82013,0.90549,0.65386,1.06427,0.74429,0.98681,0.00212125,0.00212125,0.00212125
957,10309.2,0.93777,0.71551,0.96184,0.91234,0.81702,0.9062,0.65492,1.06391,0.74399,0.9868,0.002113,0.002113,0.002113
958,10319.2,0.93062,0.72289,0.95946,0.91447,0.81894,0.90649,0.65515,1.06367,0.74315,0.98648,0.00210475,0.00210475,0.00210475
959,10329.4,0.91737,0.69342,0.95369,0.91449,0.81911,0.9064,0.65518,1.06324,0.74284,0.98629,0.0020965,0.0020965,0.0020965
960,10341,0.92113,0.70104,0.95933,0.91445,0.81872,0.90645,0.65477,1.06303,0.74243,0.98633,0.00208825,0.00208825,0.00208825
961,10350.8,0.93199,0.70115,0.95532,0.91284,0.81702,0.90638,0.6543,1.06253,0.74234,0.98644,0.00208,0.00208,0.00208
962,10360.7,0.91949,0.68919,0.94806,0.91215,0.81738,0.90639,0.65542,1.0623,0.74177,0.98635,0.00207175,0.00207175,0.00207175
963,10370.9,0.91394,0.68863,0.94949,0.90598,0.82128,0.90647,0.65509,1.06212,0.74153,0.98626,0.0020635,0.0020635,0.0020635
964,10382,0.94123,0.69627,0.94821,0.90524,0.8234,0.90656,0.65508,1.06157,0.74055,0.9866,0.00205525,0.00205525,0.00205525
965,10391.9,0.93553,0.71292,0.96094,0.91259,0.82191,0.90671,0.65445,1.06119,0.7401,0.98656,0.002047,0.002047,0.002047
966,10401.8,0.92722,0.70642,0.9576,0.91227,0.82128,0.90705,0.65465,1.06114,0.73925,0.98662,0.00203875,0.00203875,0.00203875
967,10412.9,0.92388,0.69812,0.94907,0.91244,0.82034,0.90733,0.65454,1.06079,0.73894,0.98635,0.0020305,0.0020305,0.0020305
968,10422.7,0.91415,0.70257,0.95294,0.91229,0.82128,0.90749,0.65489,1.06023,0.7389,0.98613,0.00202225,0.00202225,0.00202225
969,10432.7,0.9373,0.71569,0.95892,0.89788,0.82553,0.90752,0.65552,1.05971,0.73859,0.98604,0.002014,0.002014,0.002014
970,10443,0.92155,0.70332,0.95637,0.89781,0.82553,0.90745,0.65513,1.05964,0.73855,0.98592,0.00200575,0.00200575,0.00200575
971,10454,0.91631,0.69981,0.952,0.89985,0.82553,0.90772,0.65441,1.05937,0.73848,0.98591,0.0019975,0.0019975,0.0019975
972,10463.9,0.91798,0.70805,0.95675,0.89815,0.82555,0.90769,0.65447,1.05901,0.7383,0.98571,0.00198925,0.00198925,0.00198925
973,10473.8,0.93357,0.70984,0.95633,0.89815,0.82554,0.90765,0.65419,1.05886,0.7379,0.98556,0.001981,0.001981,0.001981
974,10484.4,0.92502,0.70408,0.95474,0.89811,0.82553,0.9078,0.65419,1.05862,0.73769,0.98551,0.00197275,0.00197275,0.00197275
975,10494.7,0.91947,0.69736,0.95337,0.8982,0.82599,0.90793,0.65456,1.05856,0.73743,0.98549,0.0019645,0.0019645,0.0019645
976,10504.8,0.92072,0.69093,0.95359,0.88908,0.83568,0.90871,0.65517,1.05851,0.73732,0.98526,0.00195625,0.00195625,0.00195625
977,10514.8,0.90581,0.672,0.94988,0.88905,0.83404,0.90858,0.65494,1.05862,0.73775,0.98557,0.001948,0.001948,0.001948
978,10526.2,0.89268,0.67812,0.94996,0.88902,0.83519,0.90803,0.65512,1.05842,0.73787,0.98575,0.00193975,0.00193975,0.00193975
979,10536.3,0.91425,0.69548,0.94734,0.88902,0.83512,0.90806,0.65516,1.05821,0.73789,0.98589,0.0019315,0.0019315,0.0019315
980,10546.4,0.91671,0.70373,0.95488,0.89987,0.82979,0.90794,0.65503,1.05793,0.73766,0.9859,0.00192325,0.00192325,0.00192325
981,10557,0.90686,0.68653,0.94738,0.88898,0.8348,0.90798,0.65581,1.05768,0.73774,0.98579,0.001915,0.001915,0.001915
982,10568.1,0.90033,0.68574,0.9491,0.89108,0.83548,0.90791,0.65515,1.05761,0.73758,0.98601,0.00190675,0.00190675,0.00190675
983,10578,0.91705,0.69072,0.95146,0.90272,0.82921,0.90815,0.65515,1.05745,0.73736,0.98582,0.0018985,0.0018985,0.0018985
984,10588,0.93492,0.71341,0.96052,0.90253,0.82744,0.90828,0.65554,1.05728,0.73709,0.98577,0.00189025,0.00189025,0.00189025
985,10599,0.9122,0.69587,0.94606,0.90042,0.82723,0.90818,0.65555,1.05691,0.73652,0.98568,0.001882,0.001882,0.001882
986,10608.9,0.91709,0.69281,0.94831,0.89851,0.82553,0.90854,0.65641,1.05658,0.73586,0.98559,0.00187375,0.00187375,0.00187375
987,10619.2,0.89447,0.68397,0.95437,0.90046,0.82763,0.90878,0.65598,1.05644,0.73528,0.98548,0.0018655,0.0018655,0.0018655
988,10629,0.91804,0.69877,0.94907,0.90046,0.82759,0.90895,0.65733,1.05635,0.73516,0.98548,0.00185725,0.00185725,0.00185725
989,10640.2,0.90364,0.67881,0.94676,0.88811,0.83617,0.90859,0.65704,1.05625,0.73497,0.98543,0.001849,0.001849,0.001849
990,10650.1,0.90244,0.69152,0.94725,0.88989,0.83617,0.9086,0.65732,1.05608,0.73441,0.98546,0.00184075,0.00184075,0.00184075
991,10660,0.9203,0.68683,0.942,0.8912,0.83404,0.909,0.65715,1.05625,0.73439,0.98551,0.0018325,0.0018325,0.0018325
992,10670.9,0.91398,0.68119,0.94372,0.91835,0.81366,0.90901,0.65721,1.05577,0.73389,0.98553,0.00182425,0.00182425,0.00182425
993,10680.8,0.91489,0.69336,0.94804,0.91845,0.81475,0.90905,0.6572,1.0556,0.73376,0.98547,0.001816,0.001816,0.001816
994,10690.8,0.89901,0.67899,0.94527,0.91844,0.81462,0.9092,0.65728,1.05525,0.7337,0.98528,0.00180775,0.00180775,0.00180775
995,10700.7,0.92272,0.6994,0.96031,0.91789,0.81489,0.90928,0.65791,1.05487,0.73328,0.98509,0.0017995,0.0017995,0.0017995
996,10712.3,0.9024,0.68704,0.94832,0.89345,0.83404,0.90926,0.6589,1.05488,0.73316,0.98511,0.00179125,0.00179125,0.00179125
997,10722.3,0.89289,0.66551,0.9416,0.89319,0.83404,0.90928,0.65928,1.05484,0.73297,0.98515,0.001783,0.001783,0.001783
998,10732.5,0.89704,0.6773,0.94093,0.89311,0.83404,0.9095,0.65905,1.05465,0.73259,0.98514,0.00177475,0.00177475,0.00177475
999,10743.8,0.92709,0.69443,0.95112,0.91906,0.81489,0.90957,0.65888,1.0544,0.73235,0.98491,0.0017665,0.0017665,0.0017665
1000,10754,0.90491,0.69025,0.94511,0.90775,0.82553,0.91101,0.65878,1.05457,0.73193,0.98514,0.00175825,0.00175825,0.00175825
1001,10764.1,0.92013,0.68397,0.93873,0.90779,0.82553,0.91121,0.65883,1.05463,0.7318,0.98479,0.00175,0.00175,0.00175
1002,10774,0.91304,0.68981,0.94527,0.90268,0.8289,0.91122,0.65894,1.05477,0.73149,0.98477,0.00174175,0.00174175,0.00174175
1003,10785.3,0.92077,0.69579,0.94667,0.90369,0.82979,0.9113,0.65975,1.05465,0.73109,0.98444,0.0017335,0.0017335,0.0017335
1004,10795.5,0.89173,0.6731,0.94574,0.90865,0.82534,0.91129,0.65988,1.05463,0.73119,0.98428,0.00172525,0.00172525,0.00172525
1005,10805.8,0.90835,0.69265,0.9527,0.90676,0.82764,0.9117,0.66023,1.05462,0.73126,0.98402,0.001717,0.001717,0.001717
1006,10817.4,0.89046,0.67494,0.94457,0.90689,0.82894,0.91194,0.66048,1.05453,0.7312,0.98381,0.00170875,0.00170875,0.00170875
1007,10827.8,0.88182,0.67033,0.94497,0.89728,0.83632,0.91198,0.66064,1.05439,0.7313,0.98348,0.0017005,0.0017005,0.0017005
1008,10838,0.8902,0.66204,0.94456,0.90661,0.82979,0.91195,0.66089,1.0542,0.73104,0.98329,0.00169225,0.00169225,0.00169225
1009,10848.2,0.90483,0.68233,0.94811,0.9083,0.82766,0.91209,0.66064,1.05431,0.7309,0.9831,0.001684,0.001684,0.001684
1010,10859.4,0.88827,0.67261,0.94006,0.90807,0.82766,0.91237,0.6613,1.0544,0.7309,0.98326,0.00167575,0.00167575,0.00167575
1011,10869.6,0.89053,0.67715,0.93975,0.90727,0.82766,0.91223,0.66121,1.05375,0.73095,0.98314,0.0016675,0.0016675,0.0016675
1012,10879.5,0.87414,0.65895,0.93427,0.90682,0.82826,0.91245,0.66051,1.05353,0.73073,0.98306,0.00165925,0.00165925,0.00165925
1013,10890.4,0.88816,0.66595,0.94328,0.90283,0.83032,0.91265,0.6609,1.05336,0.73021,0.98302,0.001651,0.001651,0.001651
1014,10900.7,0.889,0.67471,0.94264,0.90281,0.83008,0.91258,0.66098,1.05335,0.72963,0.98286,0.00164275,0.00164275,0.00164275
1015,10910.8,0.88904,0.68425,0.94422,0.90076,0.83039,0.91259,0.66062,1.05285,0.72935,0.98287,0.0016345,0.0016345,0.0016345
1016,10920.6,0.9195,0.6876,0.94573,0.90075,0.83034,0.91273,0.6609,1.05316,0.72889,0.98268,0.00162625,0.00162625,0.00162625
1017,10931.7,0.88247,0.67221,0.9426,0.89383,0.8383,0.91288,0.66168,1.05313,0.72857,0.9826,0.001618,0.001618,0.001618
1018,10942,0.90255,0.6901,0.94919,0.89342,0.8383,0.91304,0.66144,1.05311,0.72822,0.98255,0.00160975,0.00160975,0.00160975
1019,10952,0.92081,0.70231,0.94296,0.89357,0.8383,0.91219,0.66063,1.05299,0.72778,0.98244,0.0016015,0.0016015,0.0016015
1020,10962,0.89334,0.68379,0.94331,0.89433,0.8383,0.91226,0.66098,1.05293,0.72737,0.98245,0.00159325,0.00159325,0.00159325
1021,10973.4,0.87008,0.66143,0.93614,0.89146,0.8383,0.91217,0.66155,1.05299,0.72699,0.98248,0.001585,0.001585,0.001585
1022,10983.4,0.89841,0.68978,0.9471,0.89466,0.8383,0.91248,0.66144,1.05285,0.72676,0.98242,0.00157675,0.00157675,0.00157675
1023,10993.2,0.87265,0.65406,0.93905,0.8934,0.83807,0.91322,0.66124,1.0531,0.72621,0.98243,0.0015685,0.0015685,0.0015685
1024,11004,0.88271,0.67185,0.95085,0.8953,0.83689,0.91255,0.66126,1.05296,0.72619,0.98244,0.00156025,0.00156025,0.00156025
1025,11014.1,0.88362,0.66468,0.93518,0.89745,0.83792,0.91274,0.66132,1.05294,0.72572,0.9824,0.001552,0.001552,0.001552
1026,11023.9,0.86633,0.65625,0.93699,0.89736,0.83705,0.91266,0.66129,1.05308,0.72547,0.98227,0.00154375,0.00154375,0.00154375
1027,11033.8,0.88376,0.65662,0.9388,0.89735,0.83698,0.91286,0.66154,1.05324,0.72472,0.98212,0.0015355,0.0015355,0.0015355
1028,11045.1,0.88882,0.66431,0.94341,0.89938,0.83675,0.913,0.66115,1.05327,0.72486,0.98219,0.00152725,0.00152725,0.00152725
1029,11055,0.88798,0.66535,0.93577,0.89741,0.83617,0.91356,0.6615,1.05335,0.72447,0.98197,0.001519,0.001519,0.001519
1030,11064.9,0.87121,0.65685,0.93952,0.89532,0.8371,0.9132,0.66188,1.05308,0.72452,0.98185,0.00151075,0.00151075,0.00151075
1031,11076.1,0.86429,0.6517,0.93487,0.89534,0.83731,0.91343,0.6618,1.05304,0.7243,0.98177,0.0015025,0.0015025,0.0015025
1032,11086.9,0.87938,0.6639,0.9396,0.89736,0.83708,0.91377,0.66184,1.05289,0.72445,0.98162,0.00149425,0.00149425,0.00149425
1033,11097.2,0.89462,0.68364,0.95302,0.89333,0.83752,0.91337,0.66179,1.05317,0.7245,0.98147,0.001486,0.001486,0.001486
1034,11107.1,0.89856,0.68419,0.94205,0.89336,0.83776,0.91352,0.66221,1.05305,0.72409,0.98126,0.00147775,0.00147775,0.00147775
1035,11118.9,0.87715,0.66319,0.94145,0.89212,0.83617,0.91336,0.66236,1.05287,0.72384,0.98107,0.0014695,0.0014695,0.0014695
1036,11129.1,0.86602,0.66058,0.94191,0.89128,0.83727,0.91338,0.66217,1.05274,0.7239,0.98101,0.00146125,0.00146125,0.00146125
1037,11139.1,0.89674,0.67418,0.94004,0.8913,0.83744,0.91329,0.66208,1.05263,0.72384,0.98091,0.001453,0.001453,0.001453
1038,11149.8,0.90628,0.6842,0.94614,0.89366,0.84041,0.9133,0.6618,1.05239,0.7236,0.98075,0.00144475,0.00144475,0.00144475
1039,11160,0.88165,0.66074,0.94249,0.8936,0.83982,0.91341,0.66183,1.05247,0.72338,0.98086,0.0014365,0.0014365,0.0014365
1040,11170,0.89462,0.67344,0.95362,0.89414,0.8383,0.91379,0.66217,1.05251,0.72329,0.98106,0.00142825,0.00142825,0.00142825
1041,11179.8,0.8883,0.67333,0.93695,0.89347,0.83873,0.91377,0.66227,1.0524,0.72339,0.98115,0.00142,0.00142,0.00142
1042,11191,0.86784,0.65783,0.94155,0.89353,0.83926,0.91387,0.66255,1.05209,0.72357,0.98126,0.00141175,0.00141175,0.00141175
1043,11201.2,0.90561,0.69144,0.94809,0.89343,0.83837,0.91386,0.66215,1.05222,0.7231,0.98119,0.0014035,0.0014035,0.0014035
1044,11211.1,0.86307,0.65313,0.93794,0.89398,0.8383,0.91385,0.66205,1.05184,0.72358,0.98098,0.00139525,0.00139525,0.00139525
1045,11220.9,0.86539,0.65713,0.93885,0.93791,0.80346,0.91382,0.66182,1.05188,0.7234,0.98085,0.001387,0.001387,0.001387
1046,11232,0.88296,0.66445,0.93495,0.93783,0.80233,0.91383,0.66228,1.0519,0.72285,0.98072,0.00137875,0.00137875,0.00137875
1047,11242.1,0.87784,0.66307,0.93754,0.93788,0.80213,0.91352,0.66201,1.05158,0.72266,0.98057,0.0013705,0.0013705,0.0013705
1048,11252,0.88486,0.6622,0.93641,0.93806,0.80213,0.91361,0.66196,1.05143,0.72221,0.98039,0.00136225,0.00136225,0.00136225
1049,11263.5,0.8785,0.66077,0.93745,0.94027,0.80382,0.91353,0.66139,1.0512,0.72215,0.98011,0.001354,0.001354,0.001354
1050,11273.6,0.85979,0.65476,0.93382,0.94261,0.80382,0.91367,0.66199,1.05086,0.72174,0.97992,0.00134575,0.00134575,0.00134575
1051,11283.4,0.86663,0.65563,0.93725,0.94263,0.80402,0.91354,0.66151,1.05075,0.72132,0.97953,0.0013375,0.0013375,0.0013375
1052,11293.3,0.8682,0.65899,0.93563,0.94263,0.80407,0.9137,0.66247,1.05077,0.72119,0.97929,0.00132925,0.00132925,0.00132925
1053,11304.8,0.85108,0.64967,0.92894,0.89374,0.84111,0.91371,0.66177,1.0506,0.72121,0.97921,0.001321,0.001321,0.001321
1054,11314.7,0.87821,0.65767,0.93953,0.8938,0.8416,0.91377,0.66183,1.05053,0.721,0.97915,0.00131275,0.00131275,0.00131275
1055,11324.7,0.88904,0.66581,0.93185,0.89382,0.84182,0.9139,0.66249,1.05047,0.72078,0.97914,0.0013045,0.0013045,0.0013045
1056,11335.6,0.8783,0.66138,0.93799,0.89378,0.84145,0.9139,0.6626,1.05035,0.7208,0.97901,0.00129625,0.00129625,0.00129625
1057,11346.1,0.85599,0.66255,0.93798,0.89009,0.84428,0.91382,0.66255,1.05049,0.72048,0.97951,0.001288,0.001288,0.001288
1058,11356,0.8817,0.66283,0.92974,0.94264,0.80424,0.9139,0.66267,1.05042,0.72051,0.97944,0.00127975,0.00127975,0.00127975
1059,11366.3,0.8338,0.62501,0.92208,0.94148,0.80426,0.91391,0.66214,1.05024,0.72016,0.9794,0.0012715,0.0012715,0.0012715
1060,11377.6,0.85388,0.64363,0.92821,0.89195,0.84468,0.91416,0.66253,1.05004,0.71993,0.97929,0.00126325,0.00126325,0.00126325
1061,11387.4,0.86031,0.66054,0.93861,0.90114,0.83391,0.91431,0.66262,1.04979,0.7197,0.97905,0.001255,0.001255,0.001255
1062,11397.6,0.82937,0.6334,0.92856,0.89208,0.84468,0.91438,0.66209,1.04983,0.71948,0.97913,0.00124675,0.00124675,0.00124675
1063,11408.9,0.86443,0.64992,0.9335,0.89211,0.84445,0.91455,0.66224,1.04965,0.71938,0.97912,0.0012385,0.0012385,0.0012385
1064,11419.2,0.85854,0.65495,0.92747,0.90123,0.83477,0.91459,0.66242,1.04941,0.71915,0.979,0.00123025,0.00123025,0.00123025
1065,11429.1,0.86388,0.65664,0.9371,0.89205,0.84395,0.91463,0.66245,1.04909,0.71875,0.97891,0.001222,0.001222,0.001222
1066,11438.9,0.85846,0.64025,0.92959,0.892,0.84352,0.91482,0.66258,1.04885,0.71862,0.97882,0.00121375,0.00121375,0.00121375
1067,11450.4,0.85006,0.62522,0.92278,0.89198,0.84337,0.91472,0.66256,1.04878,0.71841,0.97892,0.0012055,0.0012055,0.0012055
1068,11459.9,0.87481,0.66247,0.92956,0.90071,0.82999,0.9148,0.66286,1.0486,0.71813,0.97867,0.00119725,0.00119725,0.00119725
1069,11470.1,0.86437,0.65913,0.9223,0.94056,0.80797,0.91486,0.66314,1.04849,0.71787,0.97867,0.001189,0.001189,0.001189
1070,11481,0.88362,0.66311,0.93575,0.94057,0.8081,0.91481,0.66292,1.04833,0.71745,0.97862,0.00118075,0.00118075,0.00118075
1071,11491.8,0.86502,0.64306,0.9335,0.90192,0.82979,0.91483,0.66355,1.04817,0.71728,0.97852,0.0011725,0.0011725,0.0011725
1072,11502.1,0.88744,0.66277,0.92892,0.90142,0.82979,0.91486,0.66334,1.04854,0.71664,0.97862,0.00116425,0.00116425,0.00116425
1073,11512.1,0.86655,0.64496,0.93406,0.94059,0.80842,0.91471,0.66346,1.04839,0.71637,0.97861,0.001156,0.001156,0.001156
1074,11523.6,0.84963,0.6453,0.92893,0.93954,0.80851,0.91466,0.66301,1.04832,0.71632,0.9786,0.00114775,0.00114775,0.00114775
1075,11533.6,0.85067,0.64804,0.92097,0.89198,0.84468,0.91465,0.66335,1.04799,0.7162,0.97842,0.0011395,0.0011395,0.0011395
1076,11543.5,0.86078,0.65505,0.93882,0.8923,0.84468,0.91464,0.663,1.04812,0.71601,0.97848,0.00113125,0.00113125,0.00113125
1077,11553.4,0.85348,0.64122,0.92791,0.8921,0.84468,0.91473,0.6629,1.04798,0.71591,0.97847,0.001123,0.001123,0.001123
1078,11564.6,0.86015,0.64494,0.92585,0.8921,0.84468,0.91476,0.66286,1.04802,0.71571,0.9784,0.00111475,0.00111475,0.00111475
1079,11574.5,0.84279,0.64157,0.93106,0.88981,0.84468,0.91485,0.66387,1.04752,0.71544,0.97802,0.0011065,0.0011065,0.0011065
1080,11584.9,0.87809,0.66913,0.93705,0.8937,0.84468,0.91512,0.66365,1.04757,0.7152,0.97795,0.00109825,0.00109825,0.00109825
1081,11596,0.84304,0.64596,0.93208,0.89238,0.84468,0.91462,0.66347,1.04723,0.71528,0.97785,0.00109,0.00109,0.00109
1082,11606.1,0.86592,0.65246,0.92701,0.88706,0.84468,0.9147,0.66432,1.04712,0.71538,0.97782,0.00108175,0.00108175,0.00108175
1083,11616.2,0.86086,0.64281,0.93022,0.89441,0.84468,0.91464,0.6642,1.04714,0.71561,0.97779,0.0010735,0.0010735,0.0010735
1084,11626.1,0.84664,0.62634,0.92149,0.89326,0.84468,0.91448,0.66428,1.04716,0.7154,0.97781,0.00106525,0.00106525,0.00106525
1085,11637.2,0.82299,0.62327,0.92649,0.88619,0.8449,0.9147,0.66449,1.04689,0.71548,0.97786,0.001057,0.001057,0.001057
1086,11647.5,0.84508,0.62569,0.92423,0.89414,0.84468,0.91451,0.66522,1.04684,0.71542,0.97788,0.00104875,0.00104875,0.00104875
1087,11657.7,0.84871,0.64649,0.93108,0.88971,0.84468,0.91448,0.66506,1.04661,0.71518,0.97775,0.0010405,0.0010405,0.0010405
1088,11668.5,0.85182,0.6359,0.92719,0.88439,0.84468,0.91466,0.665,1.04658,0.71471,0.97759,0.00103225,0.00103225,0.00103225
1089,11678.2,0.843,0.6419,0.92556,0.88519,0.84468,0.91462,0.66496,1.0465,0.71447,0.97754,0.001024,0.001024,0.001024
1090,11688.1,0.85161,0.62888,0.92828,0.88481,0.84468,0.91465,0.66498,1.04625,0.71435,0.97729,0.00101575,0.00101575,0.00101575
1091,11698,0.84699,0.62203,0.93093,0.88656,0.84468,0.91433,0.66502,1.04614,0.71429,0.9772,0.0010075,0.0010075,0.0010075
1092,11709,0.84095,0.63413,0.92505,0.88668,0.84468,0.91433,0.6651,1.04568,0.71412,0.97704,0.00099925,0.00099925,0.00099925
1093,11719,0.86051,0.64506,0.92692,0.89894,0.83276,0.91422,0.66524,1.04562,0.71387,0.97697,0.000991,0.000991,0.000991
1094,11729.3,0.83998,0.628,0.92786,0.8867,0.84468,0.91421,0.66536,1.04553,0.71379,0.97703,0.00098275,0.00098275,0.00098275
1095,11740.7,0.83866,0.63527,0.92677,0.88644,0.84468,0.91533,0.66565,1.04548,0.71365,0.97711,0.0009745,0.0009745,0.0009745
1096,11751.1,0.84195,0.64123,0.92623,0.88632,0.84468,0.91536,0.66583,1.04517,0.71347,0.97695,0.00096625,0.00096625,0.00096625
1097,11761.5,0.83897,0.63806,0.92718,0.8864,0.84468,0.9153,0.66601,1.04511,0.71346,0.97686,0.000958,0.000958,0.000958
1098,11771.8,0.84947,0.64011,0.92413,0.88619,0.84492,0.91543,0.66591,1.04496,0.71342,0.97679,0.00094975,0.00094975,0.00094975
1099,11782.9,0.83202,0.63571,0.92414,0.88618,0.84488,0.91537,0.66609,1.04475,0.71323,0.97647,0.0009415,0.0009415,0.0009415
1100,11793.2,0.84383,0.63459,0.92273,0.88624,0.84537,0.91543,0.66601,1.04457,0.71306,0.97636,0.00093325,0.00093325,0.00093325
1101,11803.1,0.81997,0.61673,0.92017,0.88629,0.84579,0.9155,0.66597,1.04464,0.71291,0.97628,0.000925,0.000925,0.000925
1102,11814.2,0.8449,0.631,0.92776,0.88625,0.84547,0.91559,0.66589,1.0446,0.71289,0.97626,0.00091675,0.00091675,0.00091675
1103,11824.2,0.82693,0.63155,0.92915,0.8863,0.84584,0.91554,0.66599,1.04443,0.71295,0.97612,0.0009085,0.0009085,0.0009085
1104,11834.2,0.83029,0.62343,0.92404,0.88626,0.84554,0.91563,0.66603,1.04425,0.71277,0.97613,0.00090025,0.00090025,0.00090025
1105,11844.1,0.82419,0.63676,0.92831,0.88622,0.84518,0.91562,0.66598,1.04419,0.71286,0.9761,0.000892,0.000892,0.000892
1106,11855.1,0.81788,0.61258,0.91808,0.88622,0.8452,0.91554,0.66635,1.04393,0.71277,0.97605,0.00088375,0.00088375,0.00088375
1107,11865.4,0.84693,0.64475,0.92856,0.88622,0.8452,0.91558,0.66643,1.04376,0.71262,0.97598,0.0008755,0.0008755,0.0008755
1108,11875.5,0.82921,0.62879,0.92471,0.88619,0.84493,0.91556,0.66655,1.04382,0.71232,0.97577,0.00086725,0.00086725,0.00086725
1109,11886.4,0.84377,0.63439,0.92099,0.88622,0.8452,0.91554,0.6666,1.04358,0.71227,0.97571,0.000859,0.000859,0.000859
1110,11897.4,0.83441,0.63261,0.92668,0.8863,0.84468,0.91561,0.66672,1.04342,0.71232,0.97571,0.00085075,0.00085075,0.00085075
1111,11907.8,0.822,0.62091,0.9172,0.88638,0.84653,0.91554,0.66697,1.04322,0.71193,0.97551,0.0008425,0.0008425,0.0008425
1112,11918.1,0.8519,0.63718,0.92148,0.88625,0.84541,0.91547,0.66697,1.04313,0.71191,0.97543,0.00083425,0.00083425,0.00083425
1113,11928.8,0.81744,0.62266,0.91883,0.88619,0.84489,0.91558,0.66694,1.04285,0.7117,0.97538,0.000826,0.000826,0.000826
1114,11938.7,0.81978,0.61597,0.92249,0.88624,0.84533,0.91557,0.66681,1.04273,0.71165,0.97532,0.00081775,0.00081775,0.00081775
1115,11948.7,0.83197,0.61804,0.91816,0.88623,0.84528,0.91547,0.66683,1.04274,0.71118,0.97517,0.0008095,0.0008095,0.0008095
1116,11959.3,0.82004,0.62145,0.91146,0.88617,0.84474,0.9155,0.66684,1.04277,0.71099,0.97515,0.00080125,0.00080125,0.00080125
1117,11969.8,0.84767,0.64771,0.925,0.88713,0.84468,0.91533,0.66722,1.04261,0.71096,0.97498,0.000793,0.000793,0.000793
1118,11980.1,0.83029,0.62381,0.92521,0.88738,0.84468,0.91561,0.66737,1.04245,0.711,0.97483,0.00078475,0.00078475,0.00078475
1119,11990.4,0.82909,0.61792,0.92017,0.88773,0.84468,0.91569,0.66719,1.04225,0.71089,0.97481,0.0007765,0.0007765,0.0007765
1120,12001,0.83154,0.62398,0.91914,0.88788,0.84468,0.91643,0.66769,1.04204,0.7107,0.97465,0.00076825,0.00076825,0.00076825
1121,12011.2,0.83479,0.62118,0.91737,0.88797,0.84468,0.91651,0.66779,1.04199,0.71072,0.97461,0.00076,0.00076,0.00076
1122,12021.4,0.83074,0.62656,0.92014,0.8881,0.84468,0.91656,0.66817,1.04179,0.71063,0.97453,0.00075175,0.00075175,0.00075175
1123,12031.5,0.84591,0.63407,0.92899,0.88918,0.84468,0.91661,0.66792,1.04161,0.71051,0.97434,0.0007435,0.0007435,0.0007435
1124,12042.3,0.82118,0.61061,0.92798,0.88805,0.84468,0.9166,0.66782,1.04151,0.71044,0.97437,0.00073525,0.00073525,0.00073525
1125,12052.2,0.81511,0.61594,0.91969,0.88966,0.84468,0.9168,0.66826,1.04143,0.70998,0.97418,0.000727,0.000727,0.000727
1126,12062.6,0.81022,0.60907,0.91789,0.89213,0.84681,0.9176,0.66838,1.04125,0.71005,0.97406,0.00071875,0.00071875,0.00071875
1127,12073.7,0.81114,0.62716,0.92286,0.89259,0.84681,0.91757,0.66846,1.04105,0.70992,0.97398,0.0007105,0.0007105,0.0007105
1128,12084.1,0.82452,0.62863,0.92385,0.89554,0.84681,0.91756,0.66832,1.04065,0.70973,0.97376,0.00070225,0.00070225,0.00070225
1129,12094.1,0.82119,0.60897,0.9163,0.89291,0.84681,0.91752,0.66884,1.0406,0.70968,0.97372,0.000694,0.000694,0.000694
1130,12104.5,0.8475,0.63557,0.9256,0.89295,0.84681,0.9175,0.66828,1.04052,0.70953,0.97363,0.00068575,0.00068575,0.00068575
1131,12115.2,0.82041,0.62973,0.92279,0.8935,0.84681,0.91761,0.66825,1.04034,0.70926,0.97358,0.0006775,0.0006775,0.0006775
1132,12125,0.82895,0.62867,0.92517,0.89506,0.84681,0.91765,0.66763,1.04031,0.70896,0.97352,0.00066925,0.00066925,0.00066925
1133,12134.9,0.84255,0.63394,0.93077,0.89658,0.84681,0.91763,0.66877,1.04024,0.70904,0.97339,0.000661,0.000661,0.000661
1134,12145.6,0.81389,0.61291,0.92098,0.89508,0.84681,0.9177,0.66839,1.03987,0.70879,0.97329,0.00065275,0.00065275,0.00065275
1135,12155.5,0.80926,0.61066,0.92125,0.89645,0.84681,0.91767,0.66816,1.03982,0.70882,0.97318,0.0006445,0.0006445,0.0006445
1136,12165.5,0.80744,0.6159,0.92361,0.89703,0.84681,0.91772,0.6687,1.03981,0.7086,0.97301,0.00063625,0.00063625,0.00063625
1137,12176.1,0.80941,0.60162,0.91544,0.89699,0.84681,0.9177,0.66854,1.03957,0.70871,0.97312,0.000628,0.000628,0.000628
1138,12186.1,0.81664,0.61812,0.91826,0.89707,0.84681,0.91774,0.66863,1.03952,0.70873,0.97306,0.00061975,0.00061975,0.00061975
1139,12195.9,0.80301,0.6064,0.91616,0.89704,0.84681,0.91774,0.66831,1.03938,0.70844,0.97286,0.0006115,0.0006115,0.0006115
1140,12205.8,0.82454,0.61993,0.91915,0.89697,0.84681,0.9177,0.66845,1.03932,0.70844,0.97279,0.00060325,0.00060325,0.00060325
1141,12216.5,0.83768,0.62109,0.91605,0.8949,0.84468,0.91687,0.66874,1.03916,0.70834,0.9727,0.000595,0.000595,0.000595
1142,12226.4,0.82776,0.623,0.91193,0.89732,0.84681,0.91775,0.66901,1.03929,0.70842,0.97275,0.00058675,0.00058675,0.00058675
1143,12236.6,0.81873,0.6154,0.92018,0.89501,0.84468,0.91697,0.66868,1.03911,0.70858,0.97272,0.0005785,0.0005785,0.0005785
1144,12247.1,0.81427,0.61787,0.92228,0.89741,0.84681,0.91779,0.66857,1.03906,0.70848,0.9726,0.00057025,0.00057025,0.00057025
1145,12257,0.78679,0.59637,0.92028,0.8952,0.84468,0.91686,0.66909,1.03895,0.70821,0.97253,0.000562,0.000562,0.000562
1146,12266.9,0.80212,0.60199,0.91249,0.89742,0.84681,0.91775,0.66926,1.03877,0.70853,0.97247,0.00055375,0.00055375,0.00055375
1147,12278.1,0.82033,0.61054,0.91674,0.89743,0.84681,0.91783,0.66928,1.03871,0.70826,0.97251,0.0005455,0.0005455,0.0005455
1148,12288.8,0.83512,0.6208,0.92235,0.89755,0.84681,0.91786,0.66985,1.03851,0.70834,0.97234,0.00053725,0.00053725,0.00053725
1149,12299,0.79609,0.59418,0.90917,0.89747,0.84681,0.91785,0.6693,1.0385,0.70821,0.97231,0.000529,0.000529,0.000529
1150,12309,0.80837,0.60793,0.91691,0.89747,0.84681,0.91778,0.66928,1.0384,0.70863,0.97238,0.00052075,0.00052075,0.00052075
1151,12320,0.80645,0.60687,0.91632,0.89746,0.84681,0.91782,0.67028,1.03832,0.70825,0.97222,0.0005125,0.0005125,0.0005125
1152,12330.2,0.7911,0.58263,0.90173,0.89754,0.84681,0.91777,0.67027,1.03818,0.7082,0.97215,0.00050425,0.00050425,0.00050425
1153,12340.2,0.80176,0.59702,0.9086,0.89748,0.84681,0.91781,0.6699,1.03815,0.70802,0.97203,0.000496,0.000496,0.000496
1154,12350.4,0.81396,0.61529,0.91677,0.89749,0.84681,0.91783,0.6703,1.03777,0.70804,0.97199,0.00048775,0.00048775,0.00048775
1155,12361.7,0.8104,0.60039,0.90938,0.89515,0.84468,0.91701,0.66975,1.03758,0.70799,0.97185,0.0004795,0.0004795,0.0004795
1156,12372.1,0.80553,0.60682,0.91399,0.89733,0.84681,0.91772,0.6703,1.03762,0.70787,0.97173,0.00047125,0.00047125,0.00047125
1157,12382,0.82362,0.62825,0.91811,0.89739,0.84681,0.91775,0.67037,1.0375,0.70787,0.97166,0.000463,0.000463,0.000463
1158,12392.1,0.79361,0.60882,0.91982,0.89737,0.84681,0.91789,0.67015,1.03744,0.7078,0.97159,0.00045475,0.00045475,0.00045475
1159,12402,0.7999,0.61466,0.92263,0.89481,0.84468,0.91727,0.67065,1.03727,0.70768,0.97145,0.0004465,0.0004465,0.0004465
1160,12413,0.8046,0.5981,0.91075,0.8948,0.84468,0.91731,0.67038,1.03738,0.70771,0.97136,0.00043825,0.00043825,0.00043825
1161,12422.6,0.80151,0.60817,0.91659,0.89468,0.84468,0.91726,0.67116,1.03712,0.70745,0.97127,0.00043,0.00043,0.00043
1162,12432.8,0.80548,0.60533,0.914,0.89484,0.84468,0.91728,0.67122,1.03706,0.70739,0.97132,0.00042175,0.00042175,0.00042175
1163,12444.1,0.80846,0.61205,0.91392,0.89471,0.84468,0.91726,0.67146,1.03697,0.70735,0.97121,0.0004135,0.0004135,0.0004135
1164,12454.5,0.81853,0.60546,0.91623,0.8946,0.84468,0.91721,0.67147,1.03684,0.70731,0.97121,0.00040525,0.00040525,0.00040525
1165,12464.7,0.81382,0.621,0.92575,0.89461,0.84468,0.91718,0.67153,1.03688,0.70712,0.97107,0.000397,0.000397,0.000397
1166,12474.8,0.7858,0.59454,0.91842,0.89459,0.84468,0.91717,0.67108,1.03686,0.70713,0.97096,0.00038875,0.00038875,0.00038875
1167,12485.7,0.81004,0.61658,0.91663,0.89458,0.84468,0.91715,0.67106,1.03684,0.70709,0.97088,0.0003805,0.0003805,0.0003805
1168,12495.7,0.78992,0.58807,0.90562,0.8945,0.84468,0.91722,0.67118,1.0368,0.70703,0.97093,0.00037225,0.00037225,0.00037225
1169,12505.5,0.79356,0.60682,0.91621,0.8945,0.84468,0.91721,0.67128,1.03653,0.70699,0.97077,0.000364,0.000364,0.000364
1170,12516.4,0.79727,0.5869,0.90308,0.89452,0.84468,0.91669,0.67108,1.0364,0.70695,0.97075,0.00035575,0.00035575,0.00035575
1171,12526.3,0.79905,0.59508,0.90962,0.89449,0.84468,0.91667,0.67102,1.0364,0.70697,0.9707,0.0003475,0.0003475,0.0003475
1172,12536.3,0.80075,0.60652,0.91189,0.89444,0.84468,0.91667,0.6714,1.03628,0.70682,0.97048,0.00033925,0.00033925,0.00033925
1173,12546.3,0.79708,0.59296,0.91519,0.89447,0.84468,0.91671,0.67205,1.03621,0.70666,0.97042,0.000331,0.000331,0.000331
1174,12557.3,0.80564,0.60211,0.91562,0.89442,0.84468,0.9167,0.6723,1.03609,0.70671,0.97029,0.00032275,0.00032275,0.00032275
1175,12567.5,0.82562,0.62876,0.91485,0.89441,0.84468,0.91667,0.672,1.03615,0.70679,0.97025,0.0003145,0.0003145,0.0003145
1176,12577.2,0.8226,0.61335,0.91485,0.89438,0.84468,0.91675,0.67215,1.03596,0.70679,0.97022,0.00030625,0.00030625,0.00030625
1177,12587.3,0.78118,0.59396,0.90737,0.89436,0.84468,0.91691,0.67195,1.03581,0.70668,0.97012,0.000298,0.000298,0.000298
1178,12598.2,0.79482,0.60586,0.91448,0.89438,0.84468,0.91691,0.67194,1.0358,0.7068,0.97004,0.00028975,0.00028975,0.00028975
1179,12608,0.79972,0.60142,0.91589,0.89438,0.84468,0.91692,0.67196,1.03579,0.70658,0.97001,0.0002815,0.0002815,0.0002815
1180,12618.1,0.7794,0.59673,0.90826,0.89437,0.84468,0.91694,0.672,1.03564,0.70648,0.96989,0.00027325,0.00027325,0.00027325
1181,12628.8,0.81986,0.6157,0.91036,0.89432,0.84468,0.9169,0.67199,1.03551,0.70653,0.96982,0.000265,0.000265,0.000265
1182,12638.7,0.80633,0.61475,0.91848,0.89432,0.84468,0.91683,0.67202,1.03537,0.70654,0.96983,0.00025675,0.00025675,0.00025675
1183,12648.7,0.79788,0.60844,0.91425,0.89427,0.84468,0.91685,0.67192,1.0352,0.7065,0.96975,0.0002485,0.0002485,0.0002485
1184,12658.5,0.77177,0.59043,0.90975,0.89471,0.84468,0.9168,0.67209,1.03501,0.70647,0.96963,0.00024025,0.00024025,0.00024025
1185,12668.9,0.78682,0.59531,0.91729,0.89434,0.84468,0.91685,0.67207,1.03501,0.70629,0.96951,0.000232,0.000232,0.000232
1186,12678.8,0.7979,0.59517,0.91123,0.89486,0.84468,0.91681,0.67219,1.03482,0.70632,0.96943,0.00022375,0.00022375,0.00022375
1187,12688.7,0.80365,0.59817,0.91105,0.89485,0.84468,0.91677,0.67208,1.03486,0.70629,0.96938,0.0002155,0.0002155,0.0002155
1188,12699.3,0.80259,0.60257,0.91792,0.89488,0.84468,0.91675,0.67226,1.0347,0.70623,0.96935,0.00020725,0.00020725,0.00020725
1189,12709.4,0.80117,0.60406,0.90616,0.89491,0.84468,0.91656,0.6722,1.03451,0.70616,0.96923,0.000199,0.000199,0.000199
1190,12719.4,0.78953,0.59191,0.90156,0.89486,0.84468,0.91676,0.67228,1.03438,0.706,0.96905,0.00019075,0.00019075,0.00019075
1191,12730.5,0.93618,0.59511,0.88941,0.89477,0.84468,0.91679,0.67261,1.03421,0.70584,0.96891,0.0001825,0.0001825,0.0001825
1192,12741.9,0.88768,0.55659,0.8642,0.89494,0.84468,0.9166,0.67273,1.03425,0.70573,0.96899,0.00017425,0.00017425,0.00017425
1193,12752,0.8856,0.55435,0.85637,0.89506,0.84468,0.91671,0.67246,1.03402,0.70539,0.96887,0.000166,0.000166,0.000166
1194,12761.9,0.86085,0.5364,0.85659,0.89528,0.84468,0.91694,0.67253,1.03382,0.70484,0.96888,0.00015775,0.00015775,0.00015775
1195,12771.9,0.84291,0.52611,0.84355,0.8955,0.84468,0.91706,0.67249,1.03391,0.70498,0.96872,0.0001495,0.0001495,0.0001495
1196,12782.8,0.84801,0.52247,0.83784,0.89551,0.84468,0.91703,0.6723,1.03367,0.70495,0.96863,0.00014125,0.00014125,0.00014125
1197,12792.7,0.83284,0.52725,0.84234,0.8956,0.84468,0.917,0.67245,1.0334,0.70512,0.96851,0.000133,0.000133,0.000133
1198,12802.6,0.8298,0.52648,0.84396,0.89562,0.84468,0.91706,0.67247,1.03334,0.7051,0.96844,0.00012475,0.00012475,0.00012475
1199,12813.6,0.81511,0.51893,0.84524,0.89543,0.84468,0.91711,0.67249,1.03341,0.70473,0.96831,0.0001165,0.0001165,0.0001165
1200,12823.4,0.8231,0.51397,0.84239,0.89542,0.84468,0.91708,0.67273,1.03329,0.70465,0.96841,0.00010825,0.00010825,0.00010825
