epoch,time,train/box_loss,train/cls_loss,train/dfl_loss,metrics/precision(B),metrics/recall(B),metrics/mAP50(B),metrics/mAP50-95(B),val/box_loss,val/cls_loss,val/dfl_loss,lr/pg0,lr/pg1,lr/pg2
1,11.1651,5.86436,9.41067,4.21855,1e-05,0.00213,1e-05,0,6.30585,11.511,4.16668,0.00327778,0.00327778,0.00327778
2,21.5294,5.85774,6.74572,4.13998,1e-05,0.00213,1e-05,0,6.27766,6.71325,4.07034,0.00660566,0.00660566,0.00660566
3,31.3533,5.33743,4.81922,3.46571,0.00033,0.01702,0.00017,7e-05,4.59988,4.95904,3.26632,0.00992804,0.00992804,0.00992804
4,41.0079,4.62772,4.39144,2.8326,0.00033,0.01702,0.00017,7e-05,4.85833,10.8082,10.0122,0.00997525,0.00997525,0.00997525
5,51.9154,4.4512,4.29529,2.67918,0.00048,0.06596,0.00027,7e-05,4.76418,4.56898,2.54869,0.009967,0.009967,0.009967
6,61.8834,4.36655,4.28557,2.57364,0.00048,0.06596,0.00027,7e-05,4.62993,7.80608,3.89664,0.00995875,0.00995875,0.00995875
7,71.0772,4.33179,4.25961,2.61487,0.00046,0.01702,0.00024,4e-05,4.9348,4.88058,2.61467,0.0099505,0.0099505,0.0099505
8,80.0752,4.26707,4.29013,2.53086,0.00061,0.09149,0.00035,7e-05,4.32882,4.32743,2.10867,0.00994225,0.00994225,0.00994225
9,89.2907,4.23447,4.26281,2.52256,0.00068,0.08723,0.00042,8e-05,4.41976,4.44945,2.16748,0.009934,0.009934,0.009934
10,99.7043,4.15173,4.32024,2.48524,0.00055,0.08085,0.00032,7e-05,4.19811,4.51391,2.19546,0.00992575,0.00992575,0.00992575
11,109.19,4.10667,4.29022,2.49541,0.00055,0.08085,0.00034,0.0001,4.1616,4.59019,2.23702,0.0099175,0.0099175,0.0099175
12,118.785,4.04211,4.23054,2.47967,0.00075,0.11064,0.00053,0.00012,4.2731,4.45568,2.34917,0.00990925,0.00990925,0.00990925
13,128.039,4.05414,4.26248,2.48028,0.00148,0.22128,0.00147,0.00029,4.12419,4.34777,2.27248,0.009901,0.009901,0.009901
14,137.874,4.02314,4.21356,2.47502,0.00145,0.21915,0.00147,0.00031,4.10448,4.2819,2.26973,0.00989275,0.00989275,0.00989275
15,148.437,4.00289,4.22734,2.45088,0.00121,0.17447,0.00094,0.00023,4.18512,4.3187,2.30001,0.0098845,0.0098845,0.0098845
16,157.649,3.98589,4.20703,2.41548,0.00155,0.22766,0.0016,0.00037,4.09083,4.266,2.27279,0.00987625,0.00987625,0.00987625
17,167.067,3.92745,4.16074,2.41472,0.0015,0.22553,0.00173,0.00033,4.0618,4.2584,2.23267,0.009868,0.009868,0.009868
18,176.42,3.92906,4.16393,2.41003,0.00163,0.2383,0.00322,0.00062,4.07252,4.30435,2.33329,0.00985975,0.00985975,0.00985975
19,187.289,3.90931,4.17977,2.41483,0.00176,0.26383,0.00144,0.00037,3.9937,4.35928,2.27536,0.0098515,0.0098515,0.0098515
20,196.948,3.84233,4.16271,2.38687,0.00156,0.2383,0.00115,0.00031,3.88038,4.50231,2.22886,0.00984325,0.00984325,0.00984325
21,206.098,3.83711,4.14366,2.39326,0.00177,0.27021,0.00158,0.00037,3.91591,4.59349,2.18054,0.009835,0.009835,0.009835
22,215.144,3.8435,4.12531,2.36674,0.0081,0.00213,0.00191,0.0004,3.97254,4.44809,2.27266,0.00982675,0.00982675,0.00982675
23,224.302,3.78835,4.07692,2.33127,0.00207,0.30851,0.00316,0.00066,3.9247,4.10222,2.24313,0.0098185,0.0098185,0.0098185
24,234.813,3.80895,4.12292,2.37205,0.00184,0.28085,0.00145,0.00033,3.89878,4.33896,2.17093,0.00981025,0.00981025,0.00981025
25,244.597,3.74913,4.05395,2.35041,0.0022,0.33617,0.00277,0.00059,3.89143,4.15026,2.22241,0.009802,0.009802,0.009802
26,253.897,3.77937,3.99907,2.32191,0.00402,0.02128,0.00235,0.00057,3.88765,4.14686,2.2101,0.00979375,0.00979375,0.00979375
27,262.904,3.75344,3.99208,2.32506,0.00227,0.34468,0.00393,0.00076,3.90325,4.22527,2.24355,0.0097855,0.0097855,0.0097855
28,272.134,3.76976,4.01819,2.35431,0.0023,0.35106,0.00731,0.00137,3.88004,4.11258,2.22973,0.00977725,0.00977725,0.00977725
29,281.518,3.73219,4.00154,2.32663,0.0023,0.35106,0.00703,0.00239,3.85162,4.15165,2.17736,0.009769,0.009769,0.009769
30,291.814,3.72821,3.95635,2.3107,0.00236,0.3234,0.00751,0.00197,3.92083,4.12411,2.22344,0.00976075,0.00976075,0.00976075
31,302.113,3.75284,3.94864,2.30694,0.00232,0.35106,0.00501,0.00106,3.88843,4.03258,2.21175,0.0097525,0.0097525,0.0097525
32,311.24,3.69085,3.92467,2.29634,0.00197,0.29362,0.00659,0.00129,3.9027,4.26005,2.26421,0.00974425,0.00974425,0.00974425
33,320.231,3.67302,3.92186,2.2798,0.03544,0.01064,0.00357,0.00084,3.82532,4.33071,2.21498,0.009736,0.009736,0.009736
34,329.293,3.62708,3.92701,2.33648,0.01845,0.17021,0.00992,0.0023,3.7805,4.41858,2.39273,0.00972775,0.00972775,0.00972775
35,339.458,3.56952,3.87787,2.32016,0.02407,0.04468,0.00806,0.00167,3.73055,4.46799,2.39782,0.0097195,0.0097195,0.0097195
36,350.505,3.57906,3.85861,2.31913,0.08097,0.05106,0.01333,0.00253,3.75458,4.60594,2.39463,0.00971125,0.00971125,0.00971125
37,360.066,3.59521,3.86943,2.33169,0.00361,0.35319,0.01109,0.00219,3.75671,4.09974,2.35338,0.009703,0.009703,0.009703
38,369.052,3.60852,3.78521,2.31456,0.06787,0.04043,0.01066,0.0027,3.73958,3.93549,2.24067,0.00969475,0.00969475,0.00969475
39,378.028,3.63177,3.8038,2.3165,0.05563,0.03404,0.01082,0.00252,3.71031,3.86327,2.18835,0.0096865,0.0096865,0.0096865
40,387.148,3.60369,3.78306,2.30815,0.08203,0.0383,0.02121,0.00465,3.60119,4.19092,2.27707,0.00967825,0.00967825,0.00967825
41,397.888,3.59107,3.7765,2.32257,0.10856,0.08723,0.02262,0.0051,3.66051,3.80383,2.26078,0.00967,0.00967,0.00967
42,408.905,3.59581,3.78798,2.31515,0.00229,0.34894,0.00372,0.00082,3.89806,6.89801,2.49904,0.00966175,0.00966175,0.00966175
43,418.101,3.51187,3.76373,2.3062,0.06231,0.04894,0.01724,0.00352,3.71493,4.01112,2.23862,0.0096535,0.0096535,0.0096535
44,427.172,3.56139,3.73519,2.31718,0.13482,0.04681,0.02749,0.0061,3.72601,3.93442,2.23066,0.00964525,0.00964525,0.00964525
45,436.492,3.52364,3.7147,2.29744,0.11681,0.0515,0.01852,0.00462,3.60171,3.82588,2.24108,0.009637,0.009637,0.009637
46,446.607,3.51176,3.71561,2.31504,0.12048,0.0617,0.02566,0.00568,3.69184,3.80899,2.19515,0.00962875,0.00962875,0.00962875
47,457.294,3.47462,3.69274,2.30985,0.04972,0.10213,0.02206,0.00479,3.61395,4.09058,2.33478,0.0096205,0.0096205,0.0096205
48,466.327,3.49866,3.70583,2.3023,0.09269,0.05957,0.02482,0.00543,3.51387,3.79788,2.20898,0.00961225,0.00961225,0.00961225
49,475.384,3.48228,3.70766,2.32646,0.05816,0.1,0.02186,0.00498,3.54194,3.99358,2.26453,0.009604,0.009604,0.009604
50,484.215,3.44602,3.68312,2.30023,0.09751,0.04681,0.02598,0.00565,3.53375,3.72014,2.23638,0.00959575,0.00959575,0.00959575
51,493.227,3.46504,3.63039,2.30632,0.08412,0.0766,0.02496,0.00666,3.48582,3.84818,2.24754,0.0095875,0.0095875,0.0095875
52,503.943,3.45569,3.67357,2.30462,0.13149,0.07447,0.03141,0.00737,3.63611,3.87679,2.20458,0.00957925,0.00957925,0.00957925
53,514.555,3.48252,3.67901,2.32876,0.11114,0.00851,0.00648,0.00138,3.99754,5.16237,2.37754,0.009571,0.009571,0.009571
54,523.843,3.45664,3.66403,2.31866,0.09679,0.11702,0.02789,0.00653,3.44749,3.96565,2.29267,0.00956275,0.00956275,0.00956275
55,532.892,3.39615,3.6362,2.29554,0.07671,0.13617,0.02781,0.00573,3.45325,3.80673,2.22959,0.0095545,0.0095545,0.0095545
56,541.954,3.42146,3.58618,2.27068,0.06474,0.04255,0.01156,0.00404,3.73762,4.45294,2.19433,0.00954625,0.00954625,0.00954625
57,552.451,3.37109,3.61344,2.2801,0.13799,0.05319,0.02752,0.00771,3.51691,3.85859,2.29896,0.009538,0.009538,0.009538
58,563.292,3.40012,3.6205,2.27618,0.09083,0.12553,0.03477,0.00772,3.44422,3.75257,2.24847,0.00952975,0.00952975,0.00952975
59,572.739,3.37456,3.55501,2.27938,0.06542,0.02766,0.00533,0.0014,3.86469,4.5606,2.32227,0.0095215,0.0095215,0.0095215
60,581.765,3.39673,3.6057,2.25853,0.15298,0.08262,0.03389,0.00734,3.47781,3.63566,2.2378,0.00951325,0.00951325,0.00951325
61,590.913,3.38074,3.58829,2.26938,0.09988,0.1234,0.03794,0.00901,3.41323,3.74512,2.21394,0.009505,0.009505,0.009505
62,601.656,3.36751,3.58067,2.28186,0.14209,0.08298,0.03226,0.00713,3.62457,3.87762,2.16724,0.00949675,0.00949675,0.00949675
63,612.529,3.37554,3.58194,2.27353,0.12371,0.05106,0.02882,0.00633,3.48057,3.73982,2.1967,0.0094885,0.0094885,0.0094885
64,621.571,3.35697,3.56576,2.26206,0.08285,0.0383,0.01476,0.00454,3.7927,4.42962,2.22688,0.00948025,0.00948025,0.00948025
65,630.645,3.38378,3.55767,2.27418,0.10855,0.08298,0.02807,0.00701,3.47218,3.70772,2.27057,0.009472,0.009472,0.009472
66,639.826,3.34656,3.54379,2.2483,0.09417,0.10851,0.03009,0.00727,3.52551,3.7723,2.2054,0.00946375,0.00946375,0.00946375
67,649.052,3.32117,3.52942,2.25622,0.16135,0.02579,0.02131,0.00595,3.6954,4.44265,2.32412,0.0094555,0.0094555,0.0094555
68,660.588,3.32538,3.49662,2.27337,0.10507,0.08298,0.02709,0.00647,3.5441,3.77956,2.23375,0.00944725,0.00944725,0.00944725
69,670.667,3.34886,3.55513,2.27698,0.11879,0.12677,0.03954,0.00975,3.40728,3.61258,2.18759,0.009439,0.009439,0.009439
70,680.075,3.2844,3.51334,2.24783,0.12786,0.08298,0.04692,0.01131,3.36298,3.61486,2.20241,0.00943075,0.00943075,0.00943075
71,689.287,3.30061,3.51858,2.2319,0.12656,0.0766,0.03797,0.00999,3.53923,3.7353,2.19111,0.0094225,0.0094225,0.0094225
72,698.304,3.31472,3.49217,2.24042,0.1085,0.13404,0.03663,0.00863,3.36987,3.67382,2.20691,0.00941425,0.00941425,0.00941425
73,708.652,3.26477,3.4418,2.21794,0.1237,0.11064,0.03507,0.00946,3.49357,3.67643,2.20337,0.009406,0.009406,0.009406
74,718.975,3.24429,3.45572,2.21061,0.11763,0.08511,0.04685,0.0137,3.37901,3.60908,2.22208,0.00939775,0.00939775,0.00939775
75,728.162,3.29489,3.46568,2.22684,0.18449,0.09574,0.05189,0.01342,3.32745,3.54635,2.16825,0.0093895,0.0093895,0.0093895
76,737.502,3.29012,3.48797,2.23935,0.16773,0.06383,0.03501,0.00937,3.42527,3.62857,2.16285,0.00938125,0.00938125,0.00938125
77,746.573,3.26636,3.43876,2.20706,0.12257,0.0766,0.03139,0.00945,3.60071,3.98062,2.15221,0.009373,0.009373,0.009373
78,756.448,3.2633,3.4661,2.20393,0.13421,0.04189,0.02908,0.00739,3.5313,4.15,2.27532,0.00936475,0.00936475,0.00936475
79,766.826,3.25528,3.4546,2.19654,0.15781,0.0925,0.04128,0.01133,3.41657,3.77116,2.19409,0.0093565,0.0093565,0.0093565
80,775.909,3.24129,3.42684,2.21958,0.17135,0.10779,0.05731,0.01327,3.32343,3.55481,2.13081,0.00934825,0.00934825,0.00934825
81,785.173,3.25151,3.42832,2.22292,0.15934,0.12553,0.06077,0.01561,3.33849,3.49106,2.13705,0.00934,0.00934,0.00934
82,794.384,3.22904,3.44459,2.19724,0.15976,0.08936,0.03958,0.0109,3.32183,3.6093,2.15331,0.00933175,0.00933175,0.00933175
83,803.378,3.22757,3.41131,2.19636,0.14759,0.10213,0.06231,0.01781,3.36102,3.60022,2.17827,0.0093235,0.0093235,0.0093235
84,814.266,3.21976,3.41205,2.19842,0.17622,0.10213,0.05331,0.01619,3.27304,3.5572,2.13105,0.00931525,0.00931525,0.00931525
85,824.337,3.20006,3.42173,2.19556,0.18482,0.06809,0.05152,0.01284,3.25987,3.60734,2.11603,0.009307,0.009307,0.009307
86,833.359,3.18897,3.42433,2.17206,0.21495,0.08723,0.05415,0.01558,3.28426,3.63368,2.12789,0.00929875,0.00929875,0.00929875
87,842.427,3.18819,3.37259,2.17902,0.18493,0.10851,0.06116,0.01631,3.34134,3.54678,2.13306,0.0092905,0.0092905,0.0092905
88,851.448,3.20646,3.40772,2.18476,0.16354,0.13404,0.06492,0.01722,3.25248,3.46876,2.12776,0.00928225,0.00928225,0.00928225
89,861.311,3.20142,3.353,2.19285,0.17684,0.05319,0.04479,0.01368,3.38227,3.74484,2.16627,0.009274,0.009274,0.009274
90,872.043,3.18755,3.36091,2.18936,0.17843,0.11702,0.06488,0.01901,3.33014,3.46654,2.15419,0.00926575,0.00926575,0.00926575
91,881.602,3.20429,3.38853,2.19879,0.17227,0.11277,0.06684,0.0179,3.28349,3.46745,2.14117,0.0092575,0.0092575,0.0092575
92,890.635,3.19289,3.36145,2.1622,0.1647,0.10638,0.05174,0.01319,3.3849,3.54436,2.14961,0.00924925,0.00924925,0.00924925
93,899.721,3.20937,3.33404,2.2035,0.20742,0.10213,0.08195,0.01913,3.30148,3.44102,2.18229,0.009241,0.009241,0.009241
94,909.153,3.1664,3.32321,2.18041,0.13519,0.08085,0.05606,0.01513,3.44265,3.51952,2.17651,0.00923275,0.00923275,0.00923275
95,920.187,3.18865,3.35289,2.18467,0.15786,0.11702,0.05364,0.0143,3.22912,3.47106,2.14283,0.0092245,0.0092245,0.0092245
96,930.123,3.13779,3.31977,2.16748,0.18623,0.12766,0.06999,0.01938,3.24781,3.48946,2.14337,0.00921625,0.00921625,0.00921625
97,939.279,3.12668,3.30159,2.13467,0.19516,0.13621,0.07253,0.01762,3.21523,3.44503,2.12942,0.009208,0.009208,0.009208
98,948.257,3.14678,3.31889,2.17471,0.22554,0.11489,0.06475,0.01778,3.21757,3.45449,2.14524,0.00919975,0.00919975,0.00919975
99,957.267,3.14824,3.33753,2.16012,0.1655,0.09149,0.06525,0.01902,3.29052,3.49854,2.12973,0.0091915,0.0091915,0.0091915
100,967.323,3.1077,3.28966,2.15547,0.21466,0.13191,0.07769,0.02131,3.16561,3.46241,2.12644,0.00918325,0.00918325,0.00918325
101,978.68,3.15239,3.28657,2.1457,0.17577,0.11064,0.06166,0.0179,3.25864,3.4598,2.12464,0.009175,0.009175,0.009175
102,987.685,3.11487,3.33064,2.13734,0.20474,0.1234,0.07399,0.01852,3.21681,3.44646,2.11875,0.00916675,0.00916675,0.00916675
103,996.725,3.11046,3.2759,2.14001,0.23675,0.12144,0.08687,0.02247,3.16864,3.41741,2.14503,0.0091585,0.0091585,0.0091585
104,1006.1,3.08272,3.26991,2.13889,0.19952,0.14468,0.07671,0.02242,3.13349,3.40845,2.11129,0.00915025,0.00915025,0.00915025
105,1015.9,3.10972,3.29353,2.17339,0.22998,0.12766,0.07984,0.02368,3.19703,3.39358,2.10066,0.009142,0.009142,0.009142
106,1027.66,3.10806,3.29864,2.16715,0.19379,0.12553,0.07826,0.02292,3.12377,3.34057,2.07761,0.00913375,0.00913375,0.00913375
107,1037.02,3.0668,3.27464,2.13234,0.19659,0.14043,0.08094,0.02401,3.17304,3.33912,2.10436,0.0091255,0.0091255,0.0091255
108,1046.23,3.09714,3.31528,2.1683,0.1909,0.09538,0.06718,0.01834,3.21525,3.45182,2.12556,0.00911725,0.00911725,0.00911725
109,1055.25,3.09134,3.28285,2.14236,0.1829,0.12553,0.07438,0.02092,3.16429,3.38332,2.10223,0.009109,0.009109,0.009109
110,1064.31,3.07348,3.26537,2.14108,0.17927,0.15106,0.07411,0.02113,3.14822,3.35563,2.12414,0.00910075,0.00910075,0.00910075
111,1075.11,3.09078,3.25263,2.14264,0.16076,0.10638,0.07548,0.01948,3.19242,3.51193,2.12241,0.0090925,0.0090925,0.0090925
112,1085.45,3.04583,3.25209,2.12135,0.21925,0.12128,0.09762,0.02904,3.11696,3.32373,2.11998,0.00908425,0.00908425,0.00908425
113,1094.69,3.05164,3.21852,2.14089,0.20889,0.10638,0.08804,0.02727,3.14957,3.37638,2.09969,0.009076,0.009076,0.009076
114,1103.83,3.05135,3.21869,2.13317,0.19369,0.1383,0.08305,0.02614,3.16656,3.30621,2.10601,0.00906775,0.00906775,0.00906775
115,1112.86,3.06301,3.20714,2.12056,0.20786,0.11725,0.08348,0.02603,3.13174,3.36266,2.11704,0.0090595,0.0090595,0.0090595
116,1122.92,3.07111,3.23396,2.12831,0.16727,0.14681,0.07821,0.02101,3.17438,3.35224,2.14561,0.00905125,0.00905125,0.00905125
117,1133.56,3.01695,3.20614,2.12969,0.24572,0.14468,0.09544,0.02867,3.14944,3.28589,2.1287,0.009043,0.009043,0.009043
118,1142.73,3.03062,3.24634,2.13088,0.23324,0.14255,0.08807,0.02832,3.13715,3.36649,2.12404,0.00903475,0.00903475,0.00903475
119,1151.82,3.0275,3.18397,2.12771,0.18149,0.1383,0.0757,0.02436,3.13822,3.31274,2.14068,0.0090265,0.0090265,0.0090265
120,1160.87,3.05604,3.20347,2.13575,0.20122,0.14255,0.07476,0.02324,3.18389,3.33058,2.11718,0.00901825,0.00901825,0.00901825
121,1170.15,3.05379,3.20297,2.1301,0.20728,0.13191,0.0878,0.02727,3.163,3.37062,2.09663,0.00901,0.00901,0.00901
122,1181.78,3.00716,3.17918,2.08359,0.20416,0.1561,0.09499,0.02895,3.14895,3.28142,2.12349,0.00900175,0.00900175,0.00900175
123,1191.62,3.03282,3.17605,2.11591,0.18152,0.14255,0.07974,0.02216,3.1791,3.31907,2.10531,0.0089935,0.0089935,0.0089935
124,1200.61,3.02736,3.18049,2.11972,0.24728,0.12979,0.09403,0.02746,3.15955,3.32751,2.12731,0.00898525,0.00898525,0.00898525
125,1209.62,3.02819,3.23943,2.11704,0.21358,0.14043,0.10105,0.03195,3.09499,3.26865,2.10817,0.008977,0.008977,0.008977
126,1218.9,3.0098,3.18032,2.11563,0.29454,0.11915,0.10109,0.03215,3.12815,3.24912,2.13479,0.00896875,0.00896875,0.00896875
127,1229.72,3.00516,3.15481,2.11078,0.24444,0.14468,0.1172,0.03628,3.1388,3.20738,2.10253,0.0089605,0.0089605,0.0089605
128,1240.67,2.98249,3.197,2.11047,0.2122,0.11915,0.09054,0.02651,3.12574,3.29184,2.08175,0.00895225,0.00895225,0.00895225
129,1250.13,3.00381,3.17135,2.11124,0.24151,0.13191,0.10907,0.03487,3.09799,3.25472,2.09348,0.008944,0.008944,0.008944
130,1259.17,2.99251,3.16772,2.09918,0.25255,0.14255,0.09521,0.02953,3.12558,3.31386,2.1039,0.00893575,0.00893575,0.00893575
131,1268.19,2.97136,3.10234,2.08474,0.19101,0.16596,0.09447,0.02791,3.09335,3.244,2.11722,0.0089275,0.0089275,0.0089275
132,1277.45,2.98007,3.11174,2.10469,0.2322,0.1383,0.09507,0.02868,3.085,3.24281,2.1039,0.00891925,0.00891925,0.00891925
133,1287.34,2.96724,3.1638,2.1077,0.22229,0.13987,0.08383,0.02395,3.17062,3.3868,2.17173,0.008911,0.008911,0.008911
134,1299.13,2.95763,3.15943,2.09764,0.23791,0.14468,0.10398,0.03236,3.00822,3.23168,2.09,0.00890275,0.00890275,0.00890275
135,1308.75,2.95374,3.12284,2.09935,0.19757,0.15532,0.08848,0.0273,3.1277,3.22092,2.10824,0.0088945,0.0088945,0.0088945
136,1317.76,2.98779,3.14129,2.0854,0.23218,0.15532,0.08416,0.02446,3.12237,3.22872,2.0662,0.00888625,0.00888625,0.00888625
137,1326.75,2.9581,3.11015,2.09433,0.19547,0.1617,0.0882,0.02725,3.08917,3.30405,2.0966,0.008878,0.008878,0.008878
138,1335.75,2.97003,3.15382,2.08792,0.25461,0.15957,0.11192,0.03551,3.05798,3.1817,2.10737,0.00886975,0.00886975,0.00886975
139,1346.02,2.95715,3.08273,2.1048,0.24537,0.1617,0.11132,0.03263,3.05367,3.23512,2.06563,0.0088615,0.0088615,0.0088615
140,1357.19,2.97273,3.1318,2.08895,0.28895,0.14043,0.10431,0.03124,3.14971,3.28308,2.11063,0.00885325,0.00885325,0.00885325
141,1366.27,2.95331,3.09155,2.08758,0.24559,0.15532,0.11231,0.03415,3.04718,3.21045,2.12758,0.008845,0.008845,0.008845
142,1375.4,2.9255,3.06606,2.064,0.25999,0.15957,0.11586,0.03759,3.05445,3.16278,2.06832,0.00883675,0.00883675,0.00883675
143,1384.65,2.90217,3.1038,2.05948,0.24988,0.1383,0.10911,0.03566,3.08468,3.2486,2.09065,0.0088285,0.0088285,0.0088285
144,1393.63,2.92834,3.06553,2.06769,0.2185,0.13617,0.09527,0.02756,3.14651,3.31342,2.13097,0.00882025,0.00882025,0.00882025
145,1404.43,2.94391,3.07515,2.08098,0.23123,0.1766,0.11389,0.03797,3.06738,3.13795,2.06915,0.008812,0.008812,0.008812
146,1415.54,2.96967,3.10649,2.08808,0.22734,0.17021,0.11645,0.03991,3.04249,3.16277,2.08037,0.00880375,0.00880375,0.00880375
147,1424.83,2.92919,3.08494,2.08065,0.21774,0.14894,0.11576,0.04168,3.0133,3.19368,2.06152,0.0087955,0.0087955,0.0087955
148,1434.05,2.9241,3.07863,2.08782,0.20603,0.15319,0.09957,0.03163,3.05082,3.24631,2.11435,0.00878725,0.00878725,0.00878725
149,1443.25,2.92866,3.10034,2.06571,0.22401,0.15106,0.10344,0.03315,3.05352,3.23487,2.08448,0.008779,0.008779,0.008779
150,1453.15,2.94081,3.07563,2.07529,0.20848,0.1617,0.11369,0.03988,2.99372,3.10693,2.06196,0.00877075,0.00877075,0.00877075
151,1464.22,2.92282,3.07283,2.07065,0.21041,0.1766,0.10853,0.03497,2.99053,3.16211,2.06258,0.0087625,0.0087625,0.0087625
152,1473.85,2.883,3.08072,2.02655,0.30915,0.14468,0.13538,0.04411,3.03613,3.13042,2.08374,0.00875425,0.00875425,0.00875425
153,1483.02,2.88301,3.03876,2.05346,0.23538,0.15957,0.12373,0.04062,2.99128,3.15044,2.09939,0.008746,0.008746,0.008746
154,1492,2.91433,3.05558,2.05898,0.22706,0.16383,0.11625,0.03883,3.01997,3.11593,2.06043,0.00873775,0.00873775,0.00873775
155,1501.04,2.90554,3.05197,2.04595,0.25943,0.16809,0.12414,0.03791,3.0378,3.1465,2.06672,0.0087295,0.0087295,0.0087295
156,1511.25,2.88163,3.02646,2.04125,0.26856,0.16809,0.12921,0.03987,3.03605,3.16162,2.07304,0.00872125,0.00872125,0.00872125
157,1521.77,2.86544,3.02128,2.03894,0.24664,0.15957,0.11524,0.04008,3.01498,3.16444,2.07474,0.008713,0.008713,0.008713
158,1530.9,2.90669,3.03673,2.0617,0.23346,0.17872,0.12605,0.04459,3.03143,3.14868,2.07379,0.00870475,0.00870475,0.00870475
159,1539.97,2.88761,3.02094,2.04104,0.23207,0.18298,0.12012,0.03951,3.00919,3.08443,2.04648,0.0086965,0.0086965,0.0086965
160,1548.99,2.90805,3.05481,2.04779,0.23149,0.15532,0.1081,0.03462,3.03264,3.12925,2.07995,0.00868825,0.00868825,0.00868825
161,1558.62,2.88596,3.05206,2.04838,0.24403,0.17234,0.12122,0.04,2.96637,3.07192,2.07125,0.00868,0.00868,0.00868
162,1570.07,2.88056,3.01764,2.04363,0.23268,0.17234,0.12748,0.04585,2.98572,3.06946,2.06013,0.00867175,0.00867175,0.00867175
163,1580.61,2.86306,2.98641,2.03602,0.27743,0.17564,0.15116,0.05285,2.96172,3.02122,2.06617,0.0086635,0.0086635,0.0086635
164,1589.82,2.85611,2.99317,2.02575,0.2427,0.19149,0.12143,0.04343,2.97803,3.05413,2.08255,0.00865525,0.00865525,0.00865525
165,1598.96,2.88049,3.00408,2.04874,0.25238,0.18511,0.12418,0.04634,2.94982,3.0545,2.04536,0.008647,0.008647,0.008647
166,1607.99,2.88388,3.01401,2.05136,0.28975,0.18936,0.12761,0.04162,2.9594,3.11349,2.0775,0.00863875,0.00863875,0.00863875
167,1618.38,2.87222,3.02036,2.04429,0.2665,0.18298,0.12888,0.0478,2.9182,3.07424,2.03098,0.0086305,0.0086305,0.0086305
168,1629,2.82639,2.97324,2.03991,0.24364,0.16809,0.12816,0.04148,2.9762,3.0477,2.06664,0.00862225,0.00862225,0.00862225
169,1637.96,2.86644,2.98974,2.05413,0.28592,0.15532,0.13318,0.04889,2.9776,3.07003,2.06268,0.008614,0.008614,0.008614
170,1646.97,2.85166,2.9546,2.03872,0.27845,0.18511,0.15237,0.05243,2.95093,3.01896,2.03875,0.00860575,0.00860575,0.00860575
171,1655.91,2.85407,2.93668,2.02442,0.27235,0.1766,0.14781,0.05638,2.93576,3.00947,2.02929,0.0085975,0.0085975,0.0085975
172,1665.22,2.87109,2.98714,2.04856,0.24185,0.18085,0.14247,0.05135,2.9573,3.01332,2.03836,0.00858925,0.00858925,0.00858925
173,1676.07,2.8315,2.99671,2.03251,0.2662,0.17872,0.14362,0.05344,2.9163,3.03785,2.03304,0.008581,0.008581,0.008581
174,1686.62,2.83678,2.98878,2.02973,0.29424,0.20225,0.16691,0.05578,2.95274,3.00937,2.0514,0.00857275,0.00857275,0.00857275
175,1695.84,2.81201,2.93852,2.03804,0.26449,0.18723,0.13844,0.05005,2.9533,3.05128,2.05838,0.0085645,0.0085645,0.0085645
176,1704.88,2.82123,2.9525,2.02216,0.27165,0.2,0.14045,0.04986,2.92779,3.01565,2.03999,0.00855625,0.00855625,0.00855625
177,1713.85,2.84137,2.94698,2.01463,0.28467,0.16258,0.15108,0.05656,2.92097,3.01221,2.03963,0.008548,0.008548,0.008548
178,1723.66,2.81328,2.92626,1.99356,0.31924,0.17447,0.16379,0.06018,2.95724,3.00685,2.05275,0.00853975,0.00853975,0.00853975
179,1735.44,2.8004,2.90424,1.99489,0.26999,0.20426,0.14418,0.05441,2.93245,3.02417,2.03443,0.0085315,0.0085315,0.0085315
180,1745.4,2.82649,2.91504,2.00156,0.29484,0.2,0.15986,0.05813,2.88861,2.91661,2.0201,0.00852325,0.00852325,0.00852325
181,1754.44,2.78489,2.91238,2.00367,0.27786,0.20638,0.14697,0.053,2.91532,3.02504,2.04658,0.008515,0.008515,0.008515
182,1763.64,2.79745,2.91009,1.99223,0.28221,0.19787,0.16116,0.05504,2.93959,3.01598,2.04034,0.00850675,0.00850675,0.00850675
183,1772.69,2.73361,2.85301,1.99789,0.29073,0.21064,0.15287,0.05837,2.88268,2.94369,2.02863,0.0084985,0.0084985,0.0084985
184,1782.88,2.79217,2.90127,1.98047,0.33176,0.21702,0.18358,0.06299,2.91749,2.95988,2.0263,0.00849025,0.00849025,0.00849025
185,1793.69,2.79289,2.88446,1.99437,0.31883,0.19149,0.14931,0.05155,2.88855,2.99253,2.01476,0.008482,0.008482,0.008482
186,1802.69,2.796,2.88249,2.01122,0.25202,0.2,0.14282,0.05518,2.89908,3.0058,2.04606,0.00847375,0.00847375,0.00847375
187,1811.83,2.81075,2.91041,2.00008,0.30129,0.18511,0.15077,0.05218,2.94939,3.05314,2.0534,0.0084655,0.0084655,0.0084655
188,1821.04,2.81071,2.85928,2.00101,0.26847,0.2,0.15649,0.05772,2.96273,2.9757,2.04389,0.00845725,0.00845725,0.00845725
189,1830.04,2.75748,2.85221,2.00167,0.28505,0.17234,0.14378,0.05151,2.90876,2.97996,2.02897,0.008449,0.008449,0.008449
190,1840.94,2.81037,2.87405,1.99761,0.29036,0.22128,0.16836,0.06318,2.91084,2.91649,2.01088,0.00844075,0.00844075,0.00844075
191,1851.25,2.74576,2.84817,1.99037,0.26655,0.20638,0.16145,0.06112,2.88407,2.96375,2.03215,0.0084325,0.0084325,0.0084325
192,1860.3,2.77857,2.85884,1.97993,0.32803,0.21702,0.17042,0.06235,2.89959,2.90658,2.0058,0.00842425,0.00842425,0.00842425
193,1869.39,2.75934,2.85388,1.98545,0.30062,0.19938,0.16853,0.06159,2.87673,2.92896,2.00999,0.008416,0.008416,0.008416
194,1878.72,2.76225,2.83299,1.99318,0.3399,0.22979,0.17238,0.06473,2.83022,2.89827,1.99178,0.00840775,0.00840775,0.00840775
195,1888.93,2.80863,2.88125,2.01315,0.32464,0.20213,0.17032,0.06315,2.8705,2.90113,2.02999,0.0083995,0.0083995,0.0083995
196,1899.73,2.7624,2.83553,1.97169,0.3302,0.21064,0.16757,0.06383,2.88323,2.90546,2.0151,0.00839125,0.00839125,0.00839125
197,1909.59,2.75451,2.8479,1.98786,0.29641,0.21277,0.16494,0.06181,2.86511,2.95865,2.00041,0.008383,0.008383,0.008383
198,1918.71,2.75756,2.84246,1.94941,0.32319,0.2,0.16821,0.0571,2.88873,2.9263,2.01195,0.00837475,0.00837475,0.00837475
199,1927.85,2.77008,2.83219,1.99933,0.36495,0.18511,0.16197,0.0586,2.94393,3.0232,2.04351,0.0083665,0.0083665,0.0083665
200,1936.88,2.75179,2.81856,1.99047,0.33046,0.21915,0.18389,0.06789,2.87707,2.92323,2.00784,0.00835825,0.00835825,0.00835825
201,1947.99,2.73585,2.79755,1.97982,0.35305,0.22766,0.19202,0.07191,2.87217,2.9134,2.02299,0.00835,0.00835,0.00835
202,1958.98,2.73257,2.80344,1.99461,0.32449,0.24043,0.19464,0.07586,2.80961,2.91347,2.00922,0.00834175,0.00834175,0.00834175
203,1968.12,2.72513,2.80752,1.9706,0.35357,0.2118,0.19328,0.06927,2.83039,2.86564,2.00572,0.0083335,0.0083335,0.0083335
204,1977.1,2.71861,2.80023,1.96304,0.31632,0.19787,0.16913,0.06483,2.83928,2.88629,1.98776,0.00832525,0.00832525,0.00832525
205,1986.15,2.70863,2.74002,1.96748,0.33315,0.21702,0.19047,0.07442,2.81397,2.85536,1.97721,0.008317,0.008317,0.008317
206,1996.04,2.71847,2.75031,1.95647,0.34348,0.19574,0.18451,0.0666,2.89393,2.9848,2.01856,0.00830875,0.00830875,0.00830875
207,2006.95,2.69567,2.76558,1.94816,0.288,0.24043,0.18784,0.07487,2.8327,2.84628,1.98598,0.0083005,0.0083005,0.0083005
208,2016.84,2.67863,2.73028,1.94607,0.33502,0.22766,0.1938,0.07162,2.85127,2.84801,2.00399,0.00829225,0.00829225,0.00829225
209,2025.83,2.67247,2.72299,1.94083,0.32427,0.25532,0.2037,0.07905,2.8148,2.82031,2.02834,0.008284,0.008284,0.008284
210,2035.04,2.71099,2.76057,1.9474,0.33636,0.21064,0.20172,0.08186,2.80687,2.88066,1.98946,0.00827575,0.00827575,0.00827575
211,2044.29,2.69385,2.73445,1.93867,0.33359,0.25029,0.21062,0.08746,2.79378,2.81183,1.99936,0.0082675,0.0082675,0.0082675
212,2054.37,2.68253,2.76599,1.94522,0.36038,0.22297,0.20168,0.07179,2.85286,2.88665,2.02046,0.00825925,0.00825925,0.00825925
213,2066.58,2.68568,2.73787,1.9462,0.30744,0.22553,0.19365,0.07798,2.85677,2.81852,2.01728,0.008251,0.008251,0.008251
214,2075.98,2.68029,2.6986,1.9371,0.31729,0.20851,0.19337,0.07574,2.81416,2.81362,1.99322,0.00824275,0.00824275,0.00824275
215,2084.94,2.65947,2.68395,1.92005,0.33875,0.22766,0.19329,0.07298,2.79938,2.83579,1.9866,0.0082345,0.0082345,0.0082345
216,2093.92,2.68558,2.71636,1.92877,0.32634,0.2383,0.19945,0.07345,2.82457,2.84344,1.99778,0.00822625,0.00822625,0.00822625
217,2102.9,2.62663,2.64631,1.92374,0.37227,0.23404,0.19799,0.0747,2.79088,2.84666,1.99232,0.008218,0.008218,0.008218
218,2112.84,2.6952,2.73421,1.93732,0.37052,0.25106,0.22545,0.08738,2.78035,2.73164,1.97923,0.00820975,0.00820975,0.00820975
219,2122.07,2.64108,2.68405,1.91838,0.32576,0.23191,0.19288,0.07415,2.75641,2.84918,1.95348,0.0082015,0.0082015,0.0082015
220,2131.11,2.68704,2.74927,1.93892,0.36596,0.2234,0.21207,0.08709,2.76616,2.801,1.95584,0.00819325,0.00819325,0.00819325
221,2140.14,2.63967,2.62697,1.92917,0.33162,0.25319,0.21775,0.08445,2.82257,2.8111,2.01578,0.008185,0.008185,0.008185
222,2149.27,2.65736,2.68682,1.91484,0.38559,0.23404,0.22851,0.08976,2.77394,2.76578,1.97957,0.00817675,0.00817675,0.00817675
223,2159.59,2.66556,2.63761,1.90779,0.33477,0.24092,0.21645,0.08504,2.81445,2.75792,1.98202,0.0081685,0.0081685,0.0081685
224,2168.66,2.67011,2.68239,1.92523,0.37184,0.24043,0.21553,0.08625,2.73778,2.75162,1.95396,0.00816025,0.00816025,0.00816025
225,2177.79,2.64751,2.63101,1.91228,0.38813,0.25745,0.22304,0.09293,2.77589,2.77817,1.96946,0.008152,0.008152,0.008152
226,2187.07,2.64857,2.6738,1.91884,0.35445,0.27021,0.23738,0.09542,2.73521,2.71681,1.97598,0.00814375,0.00814375,0.00814375
227,2197.71,2.60658,2.59052,1.89055,0.33195,0.23617,0.22094,0.08756,2.85801,2.74355,2.0034,0.0081355,0.0081355,0.0081355
228,2206.93,2.59464,2.5764,1.88395,0.39209,0.2617,0.22881,0.09122,2.8078,2.737,1.96179,0.00812725,0.00812725,0.00812725
229,2215.95,2.642,2.6542,1.90477,0.37387,0.26425,0.22945,0.09273,2.74129,2.75825,1.98195,0.008119,0.008119,0.008119
230,2225.05,2.60653,2.58861,1.89256,0.34504,0.27238,0.23338,0.09713,2.7372,2.72619,1.95583,0.00811075,0.00811075,0.00811075
231,2234.37,2.62737,2.58665,1.89884,0.36231,0.24539,0.22768,0.09115,2.76933,2.69765,1.95408,0.0081025,0.0081025,0.0081025
232,2244.05,2.58952,2.53407,1.87315,0.37282,0.24468,0.21793,0.08856,2.73972,2.69114,1.95969,0.00809425,0.00809425,0.00809425
233,2253.02,2.61542,2.574,1.88222,0.42194,0.23606,0.23083,0.09544,2.7993,2.67675,1.95185,0.008086,0.008086,0.008086
234,2262.01,2.57774,2.56556,1.88867,0.34869,0.23404,0.21188,0.0896,2.78763,2.74778,1.98408,0.00807775,0.00807775,0.00807775
235,2271.03,2.57671,2.54331,1.88173,0.38397,0.25745,0.24102,0.10589,2.72344,2.68033,1.96463,0.0080695,0.0080695,0.0080695
236,2280.76,2.56168,2.52466,1.86788,0.35733,0.26596,0.24243,0.10371,2.71851,2.68543,1.9372,0.00806125,0.00806125,0.00806125
237,2291.63,2.58932,2.55715,1.87207,0.35716,0.26716,0.24812,0.1039,2.70357,2.67804,1.92925,0.008053,0.008053,0.008053
238,2301,2.58067,2.52208,1.87337,0.34845,0.24681,0.23223,0.09365,2.69756,2.67184,1.93951,0.00804475,0.00804475,0.00804475
239,2309.99,2.54521,2.5259,1.86355,0.39364,0.27021,0.24917,0.11163,2.71702,2.66759,1.92783,0.0080365,0.0080365,0.0080365
240,2319.15,2.57916,2.54557,1.88067,0.39461,0.25319,0.24261,0.10239,2.72244,2.67667,1.95014,0.00802825,0.00802825,0.00802825
241,2328.2,2.5712,2.54421,1.88568,0.4986,0.22553,0.24846,0.10383,2.73132,2.66277,1.95141,0.00802,0.00802,0.00802
242,2337.85,2.5475,2.49838,1.85431,0.42208,0.25319,0.24611,0.10748,2.68667,2.6527,1.92379,0.00801175,0.00801175,0.00801175
243,2346.7,2.58692,2.54631,1.88838,0.40669,0.25745,0.24666,0.09518,2.73587,2.68415,1.95561,0.0080035,0.0080035,0.0080035
244,2355.7,2.5618,2.47769,1.86127,0.39239,0.26383,0.24906,0.10206,2.69585,2.64135,1.92677,0.00799525,0.00799525,0.00799525
245,2364.7,2.58293,2.52798,1.86831,0.41018,0.25745,0.25321,0.11262,2.68657,2.6226,1.92098,0.007987,0.007987,0.007987
246,2374.83,2.54076,2.4646,1.85279,0.41095,0.26867,0.25249,0.10794,2.6905,2.62801,1.92798,0.00797875,0.00797875,0.00797875
247,2384.37,2.52067,2.46389,1.84724,0.44204,0.26596,0.27034,0.11673,2.65766,2.57589,1.92202,0.0079705,0.0079705,0.0079705
248,2393.6,2.54862,2.49868,1.86234,0.42138,0.26383,0.25985,0.11388,2.64341,2.5874,1.87825,0.00796225,0.00796225,0.00796225
249,2402.52,2.53345,2.4459,1.84642,0.42768,0.2383,0.24918,0.10768,2.69889,2.63829,1.93727,0.007954,0.007954,0.007954
250,2411.54,2.52335,2.45108,1.83142,0.41187,0.26383,0.25494,0.1087,2.66889,2.61463,1.9302,0.00794575,0.00794575,0.00794575
251,2421.56,2.51833,2.43942,1.83468,0.44843,0.25957,0.27655,0.11785,2.6257,2.53048,1.89235,0.0079375,0.0079375,0.0079375
252,2430.77,2.51346,2.45993,1.84838,0.45702,0.2617,0.25816,0.10616,2.69916,2.64481,1.94009,0.00792925,0.00792925,0.00792925
253,2439.76,2.50205,2.42499,1.82497,0.46624,0.2639,0.25484,0.10615,2.73722,2.69267,1.96536,0.007921,0.007921,0.007921
254,2448.72,2.50416,2.4434,1.84325,0.4366,0.28723,0.27552,0.1223,2.65368,2.54071,1.9033,0.00791275,0.00791275,0.00791275
255,2458.66,2.53408,2.43934,1.85206,0.46579,0.29149,0.28759,0.12595,2.65224,2.48392,1.89986,0.0079045,0.0079045,0.0079045
256,2468.93,2.49337,2.3916,1.82845,0.46477,0.27713,0.27464,0.11445,2.64925,2.51803,1.90053,0.00789625,0.00789625,0.00789625
257,2477.98,2.49308,2.42626,1.82246,0.46628,0.28068,0.28017,0.11641,2.70444,2.55014,1.9341,0.007888,0.007888,0.007888
258,2487.03,2.52213,2.41334,1.83347,0.46811,0.28723,0.2821,0.12183,2.6301,2.5415,1.88361,0.00787975,0.00787975,0.00787975
259,2496,2.49309,2.39289,1.83201,0.52844,0.26383,0.29038,0.12324,2.63486,2.55403,1.90198,0.0078715,0.0078715,0.0078715
260,2505.34,2.47944,2.36036,1.82169,0.46024,0.28723,0.2941,0.12546,2.62348,2.48342,1.87863,0.00786325,0.00786325,0.00786325
261,2516.92,2.44979,2.32179,1.80133,0.48455,0.2766,0.29974,0.12511,2.62011,2.52973,1.88113,0.007855,0.007855,0.007855
262,2526.28,2.46972,2.38651,1.8094,0.41899,0.29362,0.2865,0.1234,2.61386,2.51896,1.86421,0.00784675,0.00784675,0.00784675
263,2535.2,2.45297,2.36364,1.81416,0.4564,0.26974,0.27482,0.11888,2.64074,2.5178,1.91474,0.0078385,0.0078385,0.0078385
264,2544.18,2.44599,2.30668,1.79353,0.46135,0.28975,0.29711,0.13057,2.5992,2.4683,1.86822,0.00783025,0.00783025,0.00783025
265,2553.37,2.4748,2.35435,1.81595,0.49712,0.28723,0.3078,0.13153,2.63169,2.52095,1.88252,0.007822,0.007822,0.007822
266,2564.4,2.41327,2.28844,1.78277,0.49699,0.28298,0.29868,0.13464,2.61835,2.46636,1.89714,0.00781375,0.00781375,0.00781375
267,2574.8,2.43394,2.32087,1.7891,0.49492,0.30856,0.30959,0.13579,2.60894,2.47929,1.8778,0.0078055,0.0078055,0.0078055
268,2583.99,2.50011,2.37303,1.81196,0.50205,0.28936,0.30791,0.1417,2.63165,2.49012,1.88213,0.00779725,0.00779725,0.00779725
269,2593.16,2.45518,2.31835,1.79745,0.44005,0.29362,0.31098,0.14326,2.60803,2.47275,1.88047,0.007789,0.007789,0.007789
270,2602.34,2.39938,2.29902,1.77421,0.41998,0.3383,0.31541,0.1462,2.57869,2.43683,1.86095,0.00778075,0.00778075,0.00778075
271,2611.6,2.4169,2.30289,1.78586,0.46141,0.30638,0.31565,0.13853,2.58771,2.44453,1.86344,0.0077725,0.0077725,0.0077725
272,2621.81,2.42402,2.28992,1.78955,0.53878,0.28298,0.31503,0.1476,2.56367,2.44779,1.88007,0.00776425,0.00776425,0.00776425
273,2631.17,2.42392,2.31141,1.79435,0.51707,0.2766,0.30594,0.14111,2.62071,2.47142,1.88098,0.007756,0.007756,0.007756
274,2640.26,2.42778,2.23701,1.77679,0.49145,0.29787,0.30944,0.13897,2.6424,2.54234,1.89892,0.00774775,0.00774775,0.00774775
275,2649.21,2.44212,2.3131,1.77778,0.50396,0.31064,0.31779,0.14791,2.62877,2.48749,1.91482,0.0077395,0.0077395,0.0077395
276,2659.01,2.43524,2.27005,1.76819,0.52907,0.31075,0.3367,0.15369,2.57132,2.4192,1.85982,0.00773125,0.00773125,0.00773125
277,2669.04,2.4129,2.2631,1.7737,0.51743,0.28518,0.3378,0.15393,2.5409,2.4206,1.84609,0.007723,0.007723,0.007723
278,2678.2,2.40606,2.23992,1.76621,0.44414,0.31277,0.32532,0.15424,2.57165,2.4126,1.85575,0.00771475,0.00771475,0.00771475
279,2687.2,2.40191,2.2598,1.78091,0.55749,0.26596,0.31613,0.14961,2.56637,2.43597,1.85734,0.0077065,0.0077065,0.0077065
280,2696.13,2.37113,2.22011,1.75668,0.45134,0.31064,0.32054,0.14818,2.58409,2.39599,1.8598,0.00769825,0.00769825,0.00769825
281,2706.04,2.37689,2.2195,1.75382,0.43034,0.28289,0.31628,0.14814,2.5859,2.41331,1.8738,0.00769,0.00769,0.00769
282,2715,2.43797,2.29471,1.79693,0.52095,0.32979,0.33949,0.16045,2.53909,2.35967,1.82585,0.00768175,0.00768175,0.00768175
283,2724.17,2.38481,2.25169,1.76383,0.50617,0.31187,0.34052,0.16163,2.51068,2.36238,1.84427,0.0076735,0.0076735,0.0076735
284,2733.47,2.38563,2.23341,1.75015,0.56455,0.31064,0.35417,0.16645,2.5219,2.35329,1.83755,0.00766525,0.00766525,0.00766525
285,2742.71,2.40664,2.22644,1.76947,0.4904,0.33617,0.35375,0.16485,2.57055,2.36543,1.85097,0.007657,0.007657,0.007657
286,2752.56,2.36895,2.21765,1.74787,0.522,0.32296,0.34901,0.17003,2.53991,2.3171,1.8306,0.00764875,0.00764875,0.00764875
287,2761.84,2.37217,2.18241,1.75162,0.50892,0.31489,0.34846,0.17175,2.52514,2.30433,1.84766,0.0076405,0.0076405,0.0076405
288,2771.17,2.37658,2.19462,1.7564,0.55007,0.32128,0.36879,0.17762,2.51858,2.33228,1.84097,0.00763225,0.00763225,0.00763225
289,2780.35,2.33145,2.18336,1.73136,0.54502,0.30638,0.35397,0.17242,2.53344,2.30585,1.84986,0.007624,0.007624,0.007624
290,2790.47,2.36549,2.1664,1.74989,0.47809,0.34043,0.35369,0.17313,2.50129,2.34493,1.83414,0.00761575,0.00761575,0.00761575
291,2800.15,2.40068,2.21829,1.75225,0.50765,0.33346,0.35236,0.16933,2.49276,2.31947,1.8162,0.0076075,0.0076075,0.0076075
292,2809.04,2.31553,2.13142,1.71714,0.44995,0.34255,0.34959,0.16564,2.4742,2.30841,1.81258,0.00759925,0.00759925,0.00759925
293,2817.92,2.36287,2.15909,1.74006,0.48097,0.35292,0.35845,0.17301,2.51455,2.26949,1.83701,0.007591,0.007591,0.007591
294,2826.79,2.34166,2.14694,1.73892,0.49345,0.31915,0.34371,0.1642,2.51972,2.32614,1.82539,0.00758275,0.00758275,0.00758275
295,2836.61,2.33035,2.10615,1.71143,0.52557,0.34468,0.36327,0.17295,2.51226,2.27739,1.81626,0.0075745,0.0075745,0.0075745
296,2845.54,2.35295,2.15568,1.72665,0.5404,0.30426,0.35054,0.16717,2.52951,2.32631,1.81422,0.00756625,0.00756625,0.00756625
297,2854.47,2.34187,2.18268,1.73336,0.54782,0.34468,0.37127,0.18707,2.46897,2.28658,1.79951,0.007558,0.007558,0.007558
298,2863.62,2.30708,2.09213,1.71,0.59935,0.33404,0.38069,0.18562,2.46934,2.23575,1.7896,0.00754975,0.00754975,0.00754975
299,2873.15,2.32543,2.13568,1.71185,0.50836,0.35532,0.38535,0.19053,2.47317,2.22259,1.7985,0.0075415,0.0075415,0.0075415
300,2883.46,2.31386,2.11303,1.73512,0.49528,0.38511,0.3914,0.19227,2.46868,2.20066,1.79438,0.00753325,0.00753325,0.00753325
301,2892.86,2.33004,2.13894,1.71806,0.53923,0.36383,0.39333,0.19477,2.44055,2.20578,1.78793,0.007525,0.007525,0.007525
302,2901.9,2.30872,2.10677,1.71406,0.49523,0.38936,0.39398,0.18999,2.46838,2.20938,1.77487,0.00751675,0.00751675,0.00751675
303,2910.74,2.29207,2.08758,1.71426,0.63485,0.34043,0.41032,0.19774,2.45541,2.15167,1.75985,0.0075085,0.0075085,0.0075085
304,2920.38,2.34503,2.1243,1.7063,0.6166,0.33191,0.39349,0.19393,2.44565,2.19613,1.77583,0.00750025,0.00750025,0.00750025
305,2929.21,2.33291,2.09331,1.70814,0.49697,0.37872,0.39231,0.1921,2.4467,2.16841,1.77298,0.007492,0.007492,0.007492
306,2938.14,2.27595,2.04681,1.68795,0.51065,0.35969,0.40254,0.20534,2.41257,2.14425,1.77508,0.00748375,0.00748375,0.00748375
307,2947.31,2.29727,2.10496,1.70279,0.50987,0.37872,0.40344,0.20327,2.45051,2.15878,1.78069,0.0074755,0.0074755,0.0074755
308,2956.31,2.27004,2.06328,1.6812,0.50995,0.39574,0.41056,0.19725,2.43176,2.17327,1.77855,0.00746725,0.00746725,0.00746725
309,2966.57,2.3134,2.08539,1.70565,0.55244,0.36506,0.40765,0.20696,2.4372,2.14391,1.76569,0.007459,0.007459,0.007459
310,2975.74,2.29485,2.11454,1.71226,0.52469,0.37447,0.40681,0.20096,2.45465,2.18477,1.76365,0.00745075,0.00745075,0.00745075
311,2984.73,2.30818,2.05018,1.6846,0.5593,0.37447,0.40507,0.19726,2.46047,2.22124,1.7643,0.0074425,0.0074425,0.0074425
312,2993.64,2.2671,2.05922,1.68845,0.61331,0.37234,0.41841,0.20518,2.43675,2.17589,1.76929,0.00743425,0.00743425,0.00743425
313,3003.79,2.28528,2.04632,1.68222,0.59994,0.37332,0.42657,0.21404,2.41056,2.13458,1.74645,0.007426,0.007426,0.007426
314,3013.41,2.26035,2.03491,1.66967,0.61135,0.39574,0.43457,0.22318,2.36859,2.07086,1.73366,0.00741775,0.00741775,0.00741775
315,3022.61,2.27877,2.0286,1.69633,0.65439,0.35957,0.43134,0.21782,2.40708,2.12319,1.75073,0.0074095,0.0074095,0.0074095
316,3031.56,2.25374,2.0111,1.66966,0.64331,0.37991,0.43923,0.22141,2.39319,2.12912,1.75969,0.00740125,0.00740125,0.00740125
317,3040.52,2.27103,2.02577,1.68068,0.57382,0.38511,0.42793,0.22154,2.40554,2.12753,1.76102,0.007393,0.007393,0.007393
318,3050.46,2.24583,2.01998,1.68007,0.56204,0.39149,0.43743,0.22344,2.38647,2.09068,1.74521,0.00738475,0.00738475,0.00738475
319,3059.67,2.24591,2.04127,1.66655,0.54311,0.39202,0.42907,0.22433,2.35667,2.10125,1.71098,0.0073765,0.0073765,0.0073765
320,3068.73,2.26039,2.02124,1.69401,0.55584,0.43404,0.43805,0.22652,2.38741,2.13761,1.73838,0.00736825,0.00736825,0.00736825
321,3077.96,2.18853,1.94503,1.65273,0.63396,0.38936,0.43981,0.22802,2.34795,2.09916,1.71719,0.00736,0.00736,0.00736
322,3088.29,2.2103,1.99588,1.65219,0.62348,0.40426,0.4628,0.23446,2.34754,2.09093,1.72282,0.00735175,0.00735175,0.00735175
323,3097.88,2.23287,1.93334,1.66026,0.60008,0.41277,0.44052,0.22676,2.36892,2.08766,1.72133,0.0073435,0.0073435,0.0073435
324,3106.9,2.21116,1.9517,1.65122,0.62838,0.39362,0.45094,0.23429,2.3154,2.09628,1.70441,0.00733525,0.00733525,0.00733525
325,3115.88,2.21052,1.9824,1.6623,0.55981,0.41064,0.44636,0.23017,2.34854,2.07688,1.71468,0.007327,0.007327,0.007327
326,3124.85,2.2094,1.97001,1.64806,0.6507,0.39362,0.45806,0.23735,2.35984,2.07404,1.72339,0.00731875,0.00731875,0.00731875
327,3134.71,2.20648,1.95694,1.65078,0.58155,0.42876,0.46859,0.24404,2.33101,2.05036,1.70496,0.0073105,0.0073105,0.0073105
328,3143.89,2.23692,1.97283,1.65395,0.64242,0.41666,0.45977,0.24308,2.30172,2.01968,1.7023,0.00730225,0.00730225,0.00730225
329,3152.89,2.18642,1.93414,1.64165,0.61868,0.40213,0.45692,0.2352,2.28929,2.03935,1.70429,0.007294,0.007294,0.007294
330,3161.85,2.20938,1.94663,1.65628,0.64384,0.41489,0.47256,0.25156,2.30578,2.02008,1.70649,0.00728575,0.00728575,0.00728575
331,3171.42,2.24098,2.00884,1.67319,0.5427,0.45197,0.46783,0.24162,2.30933,2.02436,1.71043,0.0072775,0.0072775,0.0072775
332,3181.23,2.20157,1.95045,1.63936,0.62215,0.43404,0.47519,0.24405,2.2922,2.01096,1.70136,0.00726925,0.00726925,0.00726925
333,3190.46,2.19897,1.96132,1.64594,0.63266,0.43617,0.48441,0.24572,2.33104,2.02908,1.72779,0.007261,0.007261,0.007261
334,3199.49,2.20952,1.94075,1.645,0.66702,0.40916,0.47762,0.24995,2.30623,2.00834,1.70189,0.00725275,0.00725275,0.00725275
335,3208.68,2.22283,1.98929,1.64869,0.58559,0.41915,0.46641,0.23993,2.31934,2.04443,1.69252,0.0072445,0.0072445,0.0072445
336,3218.6,2.21774,1.93493,1.64629,0.57705,0.44468,0.47107,0.24654,2.32603,2.06275,1.70763,0.00723625,0.00723625,0.00723625
337,3227.62,2.20156,1.95812,1.64547,0.66589,0.39013,0.45836,0.24111,2.31907,2.03948,1.71007,0.007228,0.007228,0.007228
338,3236.71,2.1752,1.8858,1.62732,0.65043,0.41064,0.46551,0.24589,2.30187,2.0259,1.70889,0.00721975,0.00721975,0.00721975
339,3245.74,2.1854,1.9158,1.61964,0.58947,0.43404,0.47975,0.25316,2.29977,1.97872,1.71503,0.0072115,0.0072115,0.0072115
340,3255.1,2.20035,1.90205,1.64253,0.61198,0.45319,0.4916,0.25678,2.31324,1.96143,1.69698,0.00720325,0.00720325,0.00720325
341,3265.58,2.20081,1.93482,1.63895,0.64823,0.45481,0.49832,0.25956,2.33005,1.92459,1.68899,0.007195,0.007195,0.007195
342,3274.82,2.19309,1.91608,1.61269,0.63839,0.45532,0.49367,0.25586,2.28912,1.94023,1.66417,0.00718675,0.00718675,0.00718675
343,3284,2.1992,1.94249,1.63204,0.65858,0.43404,0.49207,0.25701,2.24777,1.92238,1.65455,0.0071785,0.0071785,0.0071785
344,3293.06,2.14645,1.87371,1.6173,0.68425,0.41915,0.49162,0.26412,2.25321,1.94518,1.66604,0.00717025,0.00717025,0.00717025
345,3303.26,2.14491,1.8683,1.61449,0.68306,0.45745,0.50887,0.26571,2.29168,1.93172,1.6632,0.007162,0.007162,0.007162
346,3312.69,2.13918,1.86017,1.60193,0.64563,0.4383,0.4919,0.25625,2.2911,1.95265,1.66709,0.00715375,0.00715375,0.00715375
347,3321.63,2.12939,1.87415,1.59946,0.65133,0.44468,0.50435,0.26445,2.24884,1.9103,1.66278,0.0071455,0.0071455,0.0071455
348,3330.54,2.14998,1.89708,1.62317,0.67194,0.44468,0.51333,0.26536,2.25439,1.91718,1.63989,0.00713725,0.00713725,0.00713725
349,3339.75,2.18425,1.86238,1.61828,0.71844,0.47447,0.54047,0.27763,2.24391,1.85549,1.65878,0.007129,0.007129,0.007129
350,3349.98,2.1407,1.84471,1.60375,0.73525,0.45745,0.53278,0.27844,2.24351,1.85069,1.65345,0.00712075,0.00712075,0.00712075
351,3359.09,2.17192,1.90251,1.61219,0.768,0.44468,0.53135,0.28137,2.23501,1.87523,1.65221,0.0071125,0.0071125,0.0071125
352,3368.26,2.13043,1.86837,1.59016,0.63156,0.46809,0.51721,0.27984,2.23158,1.86767,1.63646,0.00710425,0.00710425,0.00710425
353,3377.2,2.1294,1.85066,1.61677,0.672,0.44894,0.50576,0.26897,2.2551,1.89413,1.6441,0.007096,0.007096,0.007096
354,3386.96,2.1035,1.8075,1.58748,0.73461,0.44043,0.52788,0.28317,2.2344,1.86821,1.63643,0.00708775,0.00708775,0.00708775
355,3396.55,2.1098,1.79525,1.58179,0.66752,0.4617,0.52779,0.27668,2.21754,1.89157,1.63802,0.0070795,0.0070795,0.0070795
356,3405.37,2.1436,1.83412,1.60203,0.63008,0.47474,0.52903,0.28195,2.23331,1.87845,1.6448,0.00707125,0.00707125,0.00707125
357,3414.25,2.09818,1.81635,1.58305,0.63414,0.50213,0.54738,0.28867,2.21758,1.84947,1.6383,0.007063,0.007063,0.007063
358,3423.44,2.10407,1.81608,1.59114,0.69277,0.4766,0.53868,0.28524,2.20736,1.85876,1.62955,0.00705475,0.00705475,0.00705475
359,3433.54,2.13174,1.82806,1.59947,0.74691,0.43955,0.52833,0.285,2.22595,1.86713,1.63966,0.0070465,0.0070465,0.0070465
360,3442.43,2.11349,1.77746,1.58483,0.70025,0.43244,0.52683,0.28244,2.21917,1.85299,1.62666,0.00703825,0.00703825,0.00703825
361,3451.24,2.0926,1.78038,1.57307,0.64469,0.47447,0.52702,0.28583,2.22295,1.83951,1.62331,0.00703,0.00703,0.00703
362,3460.16,2.0841,1.74572,1.56484,0.67616,0.4617,0.52756,0.28695,2.21861,1.87423,1.63745,0.00702175,0.00702175,0.00702175
363,3469.05,2.08406,1.79173,1.57138,0.66485,0.48116,0.53824,0.2867,2.20713,1.87637,1.62311,0.0070135,0.0070135,0.0070135
364,3478.81,2.12347,1.80374,1.59467,0.71577,0.45957,0.54472,0.28727,2.19838,1.81995,1.61845,0.00700525,0.00700525,0.00700525
365,3487.64,2.12253,1.8152,1.58625,0.74793,0.47349,0.54719,0.28752,2.22014,1.82985,1.64344,0.006997,0.006997,0.006997
366,3496.5,2.06238,1.76406,1.55229,0.69867,0.49574,0.56337,0.29283,2.20505,1.82308,1.62663,0.00698875,0.00698875,0.00698875
367,3505.53,2.06618,1.76596,1.56568,0.68599,0.48085,0.55105,0.28528,2.18507,1.80125,1.59697,0.0069805,0.0069805,0.0069805
368,3515.01,2.07448,1.75358,1.58103,0.67462,0.48298,0.53713,0.29059,2.17606,1.80056,1.61336,0.00697225,0.00697225,0.00697225
369,3524.92,2.06863,1.75861,1.5661,0.70794,0.48511,0.56453,0.30629,2.16831,1.78341,1.60935,0.006964,0.006964,0.006964
370,3534.06,2.06158,1.74727,1.55213,0.74208,0.48972,0.56638,0.31261,2.16144,1.75971,1.59738,0.00695575,0.00695575,0.00695575
371,3543.2,2.07236,1.75475,1.56067,0.74029,0.46383,0.56321,0.30468,2.1691,1.76499,1.59234,0.0069475,0.0069475,0.0069475
372,3552.18,2.09687,1.77584,1.56194,0.74139,0.47021,0.57007,0.30989,2.14218,1.77291,1.58272,0.00693925,0.00693925,0.00693925
373,3562.08,2.09381,1.76923,1.5862,0.76236,0.45532,0.54954,0.30629,2.14054,1.80451,1.58984,0.006931,0.006931,0.006931
374,3571.14,2.06506,1.7507,1.56283,0.71001,0.46809,0.56361,0.31226,2.12702,1.75701,1.57544,0.00692275,0.00692275,0.00692275
375,3580.12,2.03904,1.73593,1.56419,0.67695,0.51274,0.57597,0.31594,2.132,1.75176,1.57138,0.0069145,0.0069145,0.0069145
376,3589.33,2.04415,1.75088,1.55067,0.72306,0.50851,0.57711,0.31946,2.11301,1.72428,1.5684,0.00690625,0.00690625,0.00690625
377,3598.67,2.03089,1.68161,1.54091,0.67852,0.52128,0.58181,0.32052,2.11629,1.74204,1.56392,0.006898,0.006898,0.006898
378,3609.98,2.06786,1.74653,1.56867,0.72225,0.50348,0.59182,0.32775,2.12459,1.70837,1.57501,0.00688975,0.00688975,0.00688975
379,3620.81,2.01515,1.70287,1.53194,0.72216,0.50638,0.59182,0.32823,2.12975,1.72991,1.57595,0.0068815,0.0068815,0.0068815
380,3630.36,2.04312,1.71868,1.54025,0.74639,0.51702,0.59908,0.32845,2.11553,1.69978,1.56316,0.00687325,0.00687325,0.00687325
381,3639.68,2.01013,1.68902,1.53152,0.67706,0.51277,0.57616,0.31813,2.155,1.71098,1.58371,0.006865,0.006865,0.006865
382,3648.93,2.02873,1.71786,1.53491,0.73094,0.4913,0.58371,0.31963,2.14786,1.73012,1.58447,0.00685675,0.00685675,0.00685675
383,3658,2.03867,1.7213,1.53943,0.76413,0.51007,0.59112,0.32775,2.12767,1.72192,1.5721,0.0068485,0.0068485,0.0068485
384,3669.12,2.02891,1.73189,1.55678,0.82065,0.50625,0.61362,0.34349,2.08794,1.69001,1.5563,0.00684025,0.00684025,0.00684025
385,3679.9,2.03562,1.72856,1.54843,0.75419,0.52878,0.61157,0.34608,2.06989,1.68816,1.55225,0.006832,0.006832,0.006832
386,3689.17,2.00145,1.65228,1.51065,0.76257,0.53984,0.61996,0.34144,2.09471,1.66539,1.55079,0.00682375,0.00682375,0.00682375
387,3698.55,1.9592,1.63223,1.51058,0.75625,0.5234,0.60475,0.34144,2.07975,1.66179,1.55868,0.0068155,0.0068155,0.0068155
388,3707.58,1.98296,1.62549,1.52023,0.7397,0.53404,0.61525,0.34818,2.07682,1.65916,1.55793,0.00680725,0.00680725,0.00680725
389,3717.76,2.03997,1.68114,1.54739,0.74366,0.52466,0.60958,0.34098,2.10718,1.70115,1.56918,0.006799,0.006799,0.006799
390,3728.53,2.0162,1.67274,1.52742,0.71458,0.54043,0.60923,0.34237,2.07259,1.65113,1.55803,0.00679075,0.00679075,0.00679075
391,3739.17,2.02136,1.68878,1.53469,0.74483,0.52169,0.59767,0.34191,2.07343,1.63858,1.55869,0.0067825,0.0067825,0.0067825
392,3748.37,2.01863,1.6795,1.51087,0.74698,0.54255,0.6062,0.35269,2.05285,1.63283,1.53225,0.00677425,0.00677425,0.00677425
393,3757.55,2.02854,1.65815,1.52894,0.74753,0.55106,0.62457,0.35571,2.05856,1.61038,1.5275,0.006766,0.006766,0.006766
394,3766.76,2.02223,1.6904,1.52509,0.75343,0.54043,0.61314,0.35945,2.06355,1.6093,1.52893,0.00675775,0.00675775,0.00675775
395,3776.12,2.03157,1.69999,1.52532,0.73225,0.54114,0.60635,0.34778,2.07228,1.65174,1.52504,0.0067495,0.0067495,0.0067495
396,3786.02,1.96099,1.62652,1.49828,0.70529,0.55502,0.60729,0.3532,2.03777,1.66288,1.52268,0.00674125,0.00674125,0.00674125
397,3796.3,1.98853,1.62619,1.50831,0.7449,0.55319,0.61046,0.35414,2.03975,1.65681,1.52327,0.006733,0.006733,0.006733
398,3806.17,1.95586,1.61664,1.50656,0.75629,0.51489,0.6052,0.34603,2.05447,1.67621,1.52612,0.00672475,0.00672475,0.00672475
399,3815.21,1.97461,1.62568,1.50926,0.72865,0.54468,0.60833,0.35796,2.03795,1.64955,1.52289,0.0067165,0.0067165,0.0067165
400,3824.21,1.97928,1.6211,1.50175,0.73223,0.55745,0.61349,0.3584,2.04583,1.65466,1.51769,0.00670825,0.00670825,0.00670825
401,3833.19,2.01982,1.6795,1.51923,0.76264,0.55745,0.61924,0.35376,2.05577,1.64441,1.51632,0.0067,0.0067,0.0067
402,3843.08,2.01467,1.67119,1.52137,0.76501,0.55957,0.62853,0.35706,2.0533,1.62672,1.5115,0.00669175,0.00669175,0.00669175
403,3853.42,1.95353,1.58588,1.48167,0.75109,0.57447,0.62957,0.36601,2.03846,1.65002,1.50061,0.0066835,0.0066835,0.0066835
404,3863.57,1.98576,1.6191,1.5055,0.76623,0.5766,0.63752,0.37255,1.9698,1.60205,1.46937,0.00667525,0.00667525,0.00667525
405,3872.86,1.95632,1.56854,1.4912,0.81193,0.56383,0.64506,0.37518,1.98195,1.5843,1.48156,0.006667,0.006667,0.006667
406,3882.16,1.96702,1.63817,1.5033,0.79659,0.56659,0.63572,0.37084,2.00879,1.58318,1.49381,0.00665875,0.00665875,0.00665875
407,3891.14,1.94968,1.63798,1.48567,0.77201,0.56596,0.6354,0.36589,2.00005,1.5864,1.48676,0.0066505,0.0066505,0.0066505
408,3901.28,1.96856,1.6035,1.4885,0.74722,0.5766,0.63985,0.36875,1.99438,1.58268,1.48568,0.00664225,0.00664225,0.00664225
409,3912.07,1.97375,1.60692,1.48098,0.75706,0.55694,0.63497,0.3671,2.0001,1.58772,1.48867,0.006634,0.006634,0.006634
410,3921.29,1.95606,1.60454,1.49115,0.85784,0.5234,0.63845,0.36971,1.99773,1.5822,1.49765,0.00662575,0.00662575,0.00662575
411,3930.3,1.94895,1.60074,1.49137,0.76675,0.54894,0.63212,0.36519,2.00266,1.60937,1.49715,0.0066175,0.0066175,0.0066175
412,3939.41,1.94766,1.58235,1.48331,0.77103,0.55106,0.63486,0.36694,1.99059,1.60184,1.50203,0.00660925,0.00660925,0.00660925
413,3948.54,1.94159,1.60375,1.48907,0.77623,0.56093,0.63941,0.37679,1.97304,1.58994,1.48468,0.006601,0.006601,0.006601
414,3959.54,1.91188,1.56493,1.4668,0.74038,0.55822,0.64113,0.37951,1.97131,1.58095,1.4901,0.00659275,0.00659275,0.00659275
415,3970.85,1.96178,1.58893,1.48685,0.79116,0.57228,0.65193,0.37917,1.98714,1.56025,1.49574,0.0065845,0.0065845,0.0065845
416,3980.1,1.99551,1.61057,1.50382,0.80282,0.56307,0.65767,0.37777,1.97001,1.51516,1.48911,0.00657625,0.00657625,0.00657625
417,3989.05,1.93456,1.57343,1.47489,0.80359,0.57234,0.65895,0.37862,1.97823,1.52524,1.48855,0.006568,0.006568,0.006568
418,3998.24,1.93843,1.5668,1.48369,0.81653,0.56813,0.66111,0.3754,1.98028,1.54803,1.48292,0.00655975,0.00655975,0.00655975
419,4008.07,1.92982,1.5655,1.48077,0.82391,0.56743,0.66429,0.37932,1.97113,1.52146,1.46843,0.0065515,0.0065515,0.0065515
420,4019.43,1.89892,1.55647,1.45695,0.81825,0.56809,0.65804,0.38447,1.96607,1.5127,1.46565,0.00654325,0.00654325,0.00654325
421,4029.66,1.93251,1.58446,1.4825,0.77889,0.59574,0.66013,0.38514,1.97855,1.52788,1.47642,0.006535,0.006535,0.006535
422,4038.83,1.92931,1.57834,1.4648,0.78559,0.60805,0.66769,0.3873,1.9407,1.51398,1.46313,0.00652675,0.00652675,0.00652675
423,4047.98,1.92868,1.54737,1.46479,0.81705,0.58914,0.66602,0.38609,1.94225,1.48461,1.4745,0.0065185,0.0065185,0.0065185
424,4056.97,1.92498,1.55337,1.47399,0.82242,0.57447,0.665,0.39399,1.93427,1.4853,1.47774,0.00651025,0.00651025,0.00651025
425,4067.98,1.928,1.55511,1.48349,0.7889,0.58085,0.6729,0.39252,1.94955,1.49422,1.47462,0.006502,0.006502,0.006502
426,4079,1.89938,1.53464,1.45646,0.82303,0.58383,0.68023,0.39568,1.93147,1.49478,1.45722,0.00649375,0.00649375,0.00649375
427,4088.15,1.94445,1.5501,1.46995,0.82977,0.58723,0.68721,0.40214,1.93284,1.47787,1.45114,0.0064855,0.0064855,0.0064855
428,4097.32,1.8882,1.52652,1.45581,0.81268,0.59574,0.68603,0.39955,1.93957,1.46076,1.45833,0.00647725,0.00647725,0.00647725
429,4106.42,1.91322,1.52283,1.45956,0.81153,0.61064,0.68903,0.39772,1.95155,1.47235,1.47379,0.006469,0.006469,0.006469
430,4115.59,1.92297,1.52837,1.45323,0.80707,0.60525,0.68589,0.40592,1.9402,1.48939,1.46349,0.00646075,0.00646075,0.00646075
431,4127.14,1.88891,1.49541,1.45121,0.80662,0.58298,0.67408,0.3986,1.94685,1.52201,1.45829,0.0064525,0.0064525,0.0064525
432,4137.29,1.90016,1.50813,1.44957,0.84791,0.58121,0.67939,0.40115,1.94612,1.49877,1.46151,0.00644425,0.00644425,0.00644425
433,4146.23,1.93002,1.55096,1.47195,0.8558,0.58723,0.6874,0.40727,1.93079,1.48516,1.45832,0.006436,0.006436,0.006436
434,4155.39,1.87542,1.5048,1.43721,0.84615,0.58085,0.69068,0.41001,1.91029,1.46385,1.44833,0.00642775,0.00642775,0.00642775
435,4164.52,1.89802,1.5336,1.46457,0.78253,0.61249,0.68908,0.40919,1.91288,1.44691,1.4476,0.0064195,0.0064195,0.0064195
436,4174.32,1.85268,1.46051,1.43502,0.83768,0.57872,0.68554,0.41255,1.91137,1.4689,1.43978,0.00641125,0.00641125,0.00641125
437,4185.39,1.89455,1.52335,1.4503,0.83702,0.59006,0.68857,0.41288,1.91096,1.47509,1.44256,0.006403,0.006403,0.006403
438,4195.75,1.89444,1.51694,1.45432,0.81644,0.58723,0.68289,0.406,1.92073,1.46828,1.4557,0.00639475,0.00639475,0.00639475
439,4204.86,1.87703,1.50162,1.4277,0.80761,0.59839,0.68367,0.40737,1.90704,1.47605,1.44753,0.0063865,0.0063865,0.0063865
440,4213.88,1.87451,1.5314,1.44324,0.82038,0.58936,0.68478,0.40049,1.90362,1.47052,1.45088,0.00637825,0.00637825,0.00637825
441,4222.93,1.90347,1.52479,1.46146,0.81362,0.59574,0.68817,0.40095,1.91158,1.46629,1.44471,0.00637,0.00637,0.00637
442,4234.11,1.86727,1.46297,1.44381,0.80379,0.59362,0.68997,0.406,1.91775,1.45993,1.44411,0.00636175,0.00636175,0.00636175
443,4244.89,1.87086,1.47623,1.43546,0.85684,0.59149,0.69285,0.40828,1.90828,1.45558,1.4391,0.0063535,0.0063535,0.0063535
444,4253.92,1.85494,1.47684,1.43481,0.83685,0.60025,0.68706,0.40901,1.91014,1.46071,1.44462,0.00634525,0.00634525,0.00634525
445,4262.98,1.84997,1.45013,1.42762,0.88447,0.57013,0.69352,0.41315,1.88879,1.46299,1.44057,0.006337,0.006337,0.006337
446,4272.45,1.8493,1.46724,1.42534,0.80879,0.61277,0.69276,0.42001,1.89205,1.45629,1.44283,0.00632875,0.00632875,0.00632875
447,4282.23,1.82416,1.42353,1.41549,0.86512,0.58298,0.69254,0.42424,1.88148,1.45074,1.43536,0.0063205,0.0063205,0.0063205
448,4293.54,1.89334,1.51601,1.45527,0.86427,0.58257,0.68943,0.42615,1.88288,1.46174,1.43656,0.00631225,0.00631225,0.00631225
449,4303.68,1.82436,1.43661,1.41028,0.85882,0.58243,0.68962,0.41972,1.8983,1.46622,1.44191,0.006304,0.006304,0.006304
450,4312.63,1.88913,1.47784,1.43611,0.8492,0.59362,0.69268,0.42315,1.88801,1.44422,1.42933,0.00629575,0.00629575,0.00629575
451,4321.61,1.83471,1.46031,1.43239,0.8717,0.57021,0.68868,0.42352,1.88336,1.45629,1.42863,0.0062875,0.0062875,0.0062875
452,4330.63,1.86693,1.47401,1.4313,0.85033,0.60851,0.69553,0.4205,1.88244,1.4349,1.42776,0.00627925,0.00627925,0.00627925
453,4340.37,1.83156,1.44321,1.41566,0.84161,0.60213,0.6968,0.41862,1.89159,1.42875,1.42153,0.006271,0.006271,0.006271
454,4351.17,1.86973,1.45949,1.42468,0.8174,0.59787,0.69344,0.41069,1.87636,1.43979,1.42367,0.00626275,0.00626275,0.00626275
455,4361.22,1.8389,1.43646,1.42843,0.85637,0.6234,0.70904,0.4188,1.86893,1.43379,1.42997,0.0062545,0.0062545,0.0062545
456,4370.16,1.84512,1.46025,1.43064,0.85283,0.61647,0.71563,0.42067,1.86696,1.41861,1.43127,0.00624625,0.00624625,0.00624625
457,4379.1,1.84106,1.44493,1.42979,0.82141,0.64587,0.71208,0.41889,1.87134,1.43407,1.41841,0.006238,0.006238,0.006238
458,4388.06,1.83835,1.41616,1.4218,0.82786,0.62128,0.71107,0.4283,1.86365,1.42057,1.40198,0.00622975,0.00622975,0.00622975
459,4398.89,1.85234,1.46376,1.43422,0.82398,0.61915,0.71174,0.42927,1.85163,1.40638,1.3896,0.0062215,0.0062215,0.0062215
460,4410.08,1.85309,1.45285,1.4278,0.82761,0.6234,0.71034,0.4249,1.86416,1.41868,1.38996,0.00621325,0.00621325,0.00621325
461,4419.08,1.83446,1.43374,1.40962,0.85008,0.62979,0.71305,0.4316,1.8552,1.41349,1.3922,0.006205,0.006205,0.006205
462,4428.26,1.84673,1.43908,1.43016,0.86689,0.61064,0.7107,0.4389,1.85014,1.39861,1.39111,0.00619675,0.00619675,0.00619675
463,4437.41,1.83979,1.45058,1.42506,0.84923,0.61702,0.71197,0.4389,1.83714,1.39048,1.38167,0.0061885,0.0061885,0.0061885
464,4447.7,1.81717,1.39011,1.41218,0.85448,0.62128,0.71279,0.44295,1.84228,1.39085,1.37914,0.00618025,0.00618025,0.00618025
465,4458.65,1.85084,1.42026,1.42069,0.82366,0.63602,0.71027,0.44049,1.84515,1.39338,1.38328,0.006172,0.006172,0.006172
466,4468.65,1.82617,1.41414,1.42339,0.84024,0.61548,0.70885,0.43668,1.84434,1.39721,1.38625,0.00616375,0.00616375,0.00616375
467,4477.79,1.82781,1.4284,1.40747,0.84634,0.59787,0.70805,0.43743,1.82305,1.38133,1.38192,0.0061555,0.0061555,0.0061555
468,4486.75,1.80711,1.38556,1.39709,0.86317,0.6,0.71239,0.44336,1.80152,1.35865,1.37234,0.00614725,0.00614725,0.00614725
469,4495.89,1.82817,1.43098,1.40484,0.83026,0.6234,0.7196,0.4486,1.79467,1.35667,1.37471,0.006139,0.006139,0.006139
470,4506.03,1.80202,1.37955,1.38774,0.85265,0.6279,0.7294,0.45167,1.79735,1.36377,1.37876,0.00613075,0.00613075,0.00613075
471,4516.74,1.82006,1.41721,1.40798,0.89209,0.62128,0.72516,0.45634,1.77964,1.3509,1.37096,0.0061225,0.0061225,0.0061225
472,4526.87,1.79362,1.40423,1.40057,0.86066,0.62553,0.72392,0.45673,1.78581,1.3581,1.35983,0.00611425,0.00611425,0.00611425
473,4536.03,1.79869,1.39385,1.41066,0.86023,0.63191,0.73099,0.46454,1.78173,1.34838,1.36385,0.006106,0.006106,0.006106
474,4545.2,1.7861,1.36712,1.38345,0.8506,0.64681,0.74085,0.46816,1.76812,1.33282,1.36516,0.00609775,0.00609775,0.00609775
475,4554.49,1.81627,1.40038,1.39029,0.85187,0.62402,0.738,0.46716,1.75658,1.32131,1.36316,0.0060895,0.0060895,0.0060895
476,4564.58,1.81211,1.41058,1.40703,0.86816,0.62979,0.73132,0.46784,1.7726,1.32437,1.37021,0.00608125,0.00608125,0.00608125
477,4576.18,1.78713,1.38849,1.3869,0.8827,0.61915,0.73073,0.46522,1.76607,1.34739,1.37642,0.006073,0.006073,0.006073
478,4585.14,1.78828,1.37452,1.38544,0.86676,0.62128,0.73335,0.46597,1.77415,1.35096,1.38042,0.00606475,0.00606475,0.00606475
479,4594.05,1.78302,1.39447,1.38115,0.91451,0.60426,0.73664,0.46618,1.77056,1.32604,1.37834,0.0060565,0.0060565,0.0060565
480,4603.01,1.8174,1.40045,1.40065,0.84547,0.6383,0.73752,0.46529,1.76032,1.32573,1.3751,0.00604825,0.00604825,0.00604825
481,4612.09,1.75531,1.36076,1.38048,0.88482,0.62109,0.73602,0.46538,1.75114,1.3285,1.36927,0.00604,0.00604,0.00604
482,4623.48,1.79885,1.39906,1.38811,0.88148,0.6234,0.73505,0.4606,1.76584,1.34059,1.36459,0.00603175,0.00603175,0.00603175
483,4633.95,1.75689,1.36411,1.37443,0.90249,0.60426,0.73105,0.46042,1.76437,1.35181,1.37561,0.0060235,0.0060235,0.0060235
484,4642.98,1.80158,1.39404,1.39484,0.87946,0.62095,0.72768,0.45709,1.76431,1.34092,1.36952,0.00601525,0.00601525,0.00601525
485,4652.05,1.79865,1.37748,1.39442,0.87635,0.63333,0.73615,0.46144,1.7606,1.33922,1.36626,0.006007,0.006007,0.006007
486,4661.11,1.75584,1.33425,1.36566,0.88997,0.61956,0.73694,0.45811,1.76871,1.33199,1.3689,0.00599875,0.00599875,0.00599875
487,4670.95,1.77965,1.36064,1.377,0.87637,0.61836,0.73728,0.45953,1.7643,1.33806,1.36738,0.0059905,0.0059905,0.0059905
488,4681.89,1.78869,1.38131,1.37639,0.87106,0.6234,0.73809,0.46036,1.75602,1.32786,1.35776,0.00598225,0.00598225,0.00598225
489,4691.73,1.7772,1.34617,1.37669,0.86094,0.64546,0.73958,0.46012,1.75762,1.31223,1.35582,0.005974,0.005974,0.005974
490,4700.75,1.78122,1.36256,1.38691,0.893,0.62153,0.74567,0.46568,1.75839,1.31001,1.35431,0.00596575,0.00596575,0.00596575
491,4709.85,1.75598,1.3512,1.37243,0.86305,0.6383,0.74281,0.46814,1.75514,1.31043,1.34734,0.0059575,0.0059575,0.0059575
492,4719.1,1.78352,1.38488,1.37935,0.85268,0.64035,0.74105,0.47333,1.74939,1.30041,1.34555,0.00594925,0.00594925,0.00594925
493,4729.47,1.78644,1.34406,1.38233,0.8566,0.62979,0.73571,0.4727,1.74758,1.29912,1.34373,0.005941,0.005941,0.005941
494,4740.51,1.7523,1.32606,1.37696,0.87079,0.62766,0.73436,0.47592,1.74111,1.31259,1.34742,0.00593275,0.00593275,0.00593275
495,4749.86,1.76132,1.34108,1.37372,0.83777,0.64825,0.7413,0.47963,1.74141,1.30066,1.35366,0.0059245,0.0059245,0.0059245
496,4759.18,1.76043,1.36646,1.37499,0.82673,0.64894,0.74395,0.48242,1.74163,1.28703,1.35492,0.00591625,0.00591625,0.00591625
497,4768.42,1.75635,1.3373,1.37088,0.87446,0.63617,0.75107,0.4857,1.73375,1.28458,1.34711,0.005908,0.005908,0.005908
498,4778.2,1.78054,1.35515,1.36653,0.83748,0.64689,0.75173,0.48107,1.72238,1.28099,1.34283,0.00589975,0.00589975,0.00589975
499,4789.32,1.75239,1.33518,1.37201,0.90162,0.63404,0.75516,0.48411,1.72294,1.27403,1.34196,0.0058915,0.0058915,0.0058915
500,4799.47,1.7369,1.33179,1.36488,0.85066,0.66657,0.7577,0.48317,1.72163,1.25815,1.34375,0.00588325,0.00588325,0.00588325
501,4808.55,1.74132,1.31913,1.37447,0.84674,0.66596,0.75692,0.48343,1.73212,1.27104,1.34551,0.005875,0.005875,0.005875
502,4817.57,1.74725,1.34156,1.36705,0.8628,0.66383,0.76123,0.4824,1.74755,1.26621,1.34264,0.00586675,0.00586675,0.00586675
503,4826.52,1.74615,1.31526,1.37029,0.85456,0.67872,0.76041,0.47549,1.75194,1.25985,1.34814,0.0058585,0.0058585,0.0058585
504,4836.32,1.76059,1.32416,1.36932,0.85997,0.66639,0.75562,0.48043,1.73869,1.24747,1.34086,0.00585025,0.00585025,0.00585025
505,4847.25,1.74001,1.32426,1.36334,0.87653,0.6495,0.75897,0.48526,1.73022,1.24219,1.33934,0.005842,0.005842,0.005842
506,4857.58,1.7446,1.31594,1.36306,0.90524,0.65045,0.7632,0.48596,1.73462,1.23855,1.33599,0.00583375,0.00583375,0.00583375
507,4866.8,1.71344,1.29776,1.34691,0.90521,0.66596,0.76951,0.48738,1.72003,1.22812,1.32847,0.0058255,0.0058255,0.0058255
508,4875.97,1.72824,1.31151,1.35368,0.89301,0.67234,0.77306,0.49269,1.70395,1.22524,1.32441,0.00581725,0.00581725,0.00581725
509,4885.17,1.72026,1.29788,1.33665,0.89285,0.67374,0.77152,0.49446,1.71261,1.24424,1.31882,0.005809,0.005809,0.005809
510,4895.59,1.73126,1.30718,1.36093,0.89572,0.67617,0.76786,0.49173,1.72381,1.24008,1.31452,0.00580075,0.00580075,0.00580075
511,4906.46,1.73607,1.31294,1.36777,0.86748,0.68723,0.76786,0.49285,1.72088,1.23514,1.31646,0.0057925,0.0057925,0.0057925
512,4915.5,1.69956,1.27547,1.34156,0.87227,0.68936,0.77093,0.4922,1.72555,1.24778,1.31839,0.00578425,0.00578425,0.00578425
513,4924.41,1.72586,1.3001,1.35585,0.89018,0.68298,0.77185,0.49775,1.70544,1.25629,1.31284,0.005776,0.005776,0.005776
514,4933.62,1.69346,1.27781,1.35013,0.85311,0.70434,0.77533,0.49739,1.69693,1.23976,1.3078,0.00576775,0.00576775,0.00576775
515,4942.92,1.70876,1.29039,1.34735,0.83569,0.70338,0.77313,0.5002,1.68701,1.23081,1.30944,0.0057595,0.0057595,0.0057595
516,4953.8,1.73444,1.32402,1.34195,0.89884,0.66165,0.77194,0.49549,1.69066,1.22328,1.30991,0.00575125,0.00575125,0.00575125
517,4965.34,1.73172,1.33125,1.35898,0.90484,0.67021,0.77214,0.49464,1.6996,1.23114,1.30834,0.005743,0.005743,0.005743
518,4974.73,1.73587,1.29697,1.36538,0.88756,0.66809,0.77165,0.49746,1.69861,1.22393,1.30334,0.00573475,0.00573475,0.00573475
519,4983.77,1.72655,1.30848,1.37132,0.88634,0.68024,0.77275,0.49713,1.69842,1.20913,1.30707,0.0057265,0.0057265,0.0057265
520,4992.98,1.71133,1.28286,1.34485,0.87513,0.68595,0.77609,0.49286,1.70048,1.21726,1.30829,0.00571825,0.00571825,0.00571825
521,5001.91,1.68541,1.25002,1.3242,0.85062,0.68936,0.77578,0.49402,1.7034,1.22138,1.30755,0.00571,0.00571,0.00571
522,5011.99,1.70706,1.29863,1.34817,0.89813,0.65651,0.77522,0.50114,1.70019,1.21391,1.30195,0.00570175,0.00570175,0.00570175
523,5023.51,1.70833,1.2586,1.33901,0.87443,0.68154,0.77367,0.49923,1.69379,1.21464,1.30379,0.0056935,0.0056935,0.0056935
524,5033.2,1.71314,1.28057,1.3376,0.88529,0.65106,0.76563,0.49756,1.68409,1.21861,1.30173,0.00568525,0.00568525,0.00568525
525,5042.15,1.69164,1.26397,1.33499,0.89559,0.65701,0.76633,0.49529,1.68546,1.21708,1.2991,0.005677,0.005677,0.005677
526,5051.09,1.69743,1.28176,1.339,0.89955,0.67021,0.77256,0.50015,1.68307,1.20489,1.29833,0.00566875,0.00566875,0.00566875
527,5060.24,1.69624,1.27512,1.33724,0.89753,0.6766,0.77817,0.50383,1.67246,1.192,1.29868,0.0056605,0.0056605,0.0056605
528,5070.58,1.68286,1.25823,1.34136,0.88447,0.68411,0.77681,0.50705,1.67305,1.19416,1.2995,0.00565225,0.00565225,0.00565225
529,5082.25,1.66842,1.26999,1.32954,0.89233,0.67004,0.77659,0.49782,1.68007,1.20734,1.3011,0.005644,0.005644,0.005644
530,5092.89,1.71012,1.28213,1.34272,0.90629,0.68085,0.77828,0.50898,1.67362,1.19994,1.29462,0.00563575,0.00563575,0.00563575
531,5102.04,1.69881,1.29319,1.32699,0.91604,0.67872,0.77669,0.50671,1.67126,1.19873,1.29159,0.0056275,0.0056275,0.0056275
532,5111.01,1.68799,1.25313,1.3262,0.90558,0.6766,0.78095,0.50727,1.65822,1.19407,1.28657,0.00561925,0.00561925,0.00561925
533,5119.97,1.68303,1.25085,1.33502,0.88564,0.69362,0.77832,0.51275,1.65817,1.18317,1.28714,0.005611,0.005611,0.005611
534,5130.14,1.69714,1.2632,1.33396,0.86819,0.70073,0.77842,0.51587,1.65902,1.19075,1.28808,0.00560275,0.00560275,0.00560275
535,5141.38,1.69578,1.23312,1.33253,0.87695,0.69752,0.77797,0.51453,1.65382,1.19465,1.28873,0.0055945,0.0055945,0.0055945
536,5151.4,1.68525,1.24907,1.32434,0.87602,0.68936,0.77822,0.51186,1.64758,1.19186,1.28417,0.00558625,0.00558625,0.00558625
537,5160.44,1.66827,1.22979,1.31936,0.86254,0.69423,0.78075,0.5179,1.65357,1.18872,1.27982,0.005578,0.005578,0.005578
538,5169.71,1.62463,1.19346,1.30745,0.8843,0.67872,0.78335,0.52006,1.65576,1.19564,1.28107,0.00556975,0.00556975,0.00556975
539,5178.89,1.69742,1.2717,1.32309,0.93312,0.66383,0.78386,0.51907,1.64788,1.19408,1.28101,0.0055615,0.0055615,0.0055615
540,5189.06,1.7102,1.25947,1.32171,0.89547,0.69265,0.78772,0.51892,1.63517,1.18927,1.27763,0.00555325,0.00555325,0.00555325
541,5200.68,1.68164,1.27785,1.32435,0.90066,0.67519,0.78694,0.52113,1.6299,1.17399,1.27111,0.005545,0.005545,0.005545
542,5210.85,1.66361,1.23748,1.3232,0.88056,0.67447,0.78489,0.52344,1.62595,1.17685,1.26547,0.00553675,0.00553675,0.00553675
543,5220.01,1.65892,1.22253,1.32547,0.903,0.6766,0.78549,0.52049,1.62529,1.17682,1.26498,0.0055285,0.0055285,0.0055285
544,5229.17,1.67743,1.25265,1.32702,0.88156,0.68085,0.78579,0.51776,1.62907,1.17151,1.26617,0.00552025,0.00552025,0.00552025
545,5238.13,1.671,1.23994,1.3233,0.90929,0.68252,0.7892,0.52329,1.61879,1.16677,1.26242,0.005512,0.005512,0.005512
546,5248.9,1.65568,1.2276,1.31125,0.92304,0.67234,0.79021,0.5209,1.61886,1.15946,1.26171,0.00550375,0.00550375,0.00550375
547,5259.9,1.6514,1.21214,1.30728,0.91373,0.67602,0.79058,0.52201,1.6154,1.15312,1.25655,0.0054955,0.0054955,0.0054955
548,5269.39,1.6748,1.22858,1.30946,0.90664,0.67021,0.79008,0.52375,1.61757,1.155,1.25455,0.00548725,0.00548725,0.00548725
549,5278.67,1.64258,1.19081,1.30875,0.86398,0.68923,0.79116,0.52533,1.62795,1.1563,1.25674,0.005479,0.005479,0.005479
550,5288.05,1.67106,1.23775,1.32039,0.92117,0.6617,0.79168,0.52599,1.6234,1.16133,1.25828,0.00547075,0.00547075,0.00547075
551,5297.31,1.63717,1.2145,1.30961,0.90651,0.66809,0.78952,0.52362,1.62183,1.16441,1.25905,0.0054625,0.0054625,0.0054625
552,5308.15,1.64855,1.21505,1.3193,0.89202,0.65957,0.78794,0.52191,1.60847,1.14486,1.25204,0.00545425,0.00545425,0.00545425
553,5319.63,1.66008,1.21459,1.31342,0.89732,0.66383,0.78723,0.52358,1.59657,1.14175,1.24641,0.005446,0.005446,0.005446
554,5329.22,1.6596,1.22417,1.31645,0.891,0.67021,0.7882,0.52492,1.59045,1.1285,1.25097,0.00543775,0.00543775,0.00543775
555,5338.15,1.64622,1.19528,1.31305,0.89376,0.68014,0.78879,0.5269,1.58438,1.12126,1.25056,0.0054295,0.0054295,0.0054295
556,5347.32,1.64408,1.22177,1.31429,0.88,0.6865,0.78759,0.52257,1.5826,1.12574,1.25188,0.00542125,0.00542125,0.00542125
557,5356.27,1.66136,1.23227,1.31331,0.88756,0.6886,0.78944,0.52916,1.58106,1.11959,1.24956,0.005413,0.005413,0.005413
558,5366.92,1.632,1.17387,1.30746,0.86774,0.69796,0.78594,0.5318,1.57991,1.12774,1.25328,0.00540475,0.00540475,0.00540475
559,5378.21,1.65753,1.21551,1.31746,0.87669,0.70851,0.79017,0.52969,1.58307,1.13005,1.25083,0.0053965,0.0053965,0.0053965
560,5387.64,1.63232,1.21262,1.30691,0.88306,0.70696,0.79137,0.53043,1.58535,1.12614,1.25123,0.00538825,0.00538825,0.00538825
561,5396.58,1.64293,1.20155,1.30456,0.88873,0.68511,0.78697,0.53026,1.58283,1.12683,1.25015,0.00538,0.00538,0.00538
562,5405.66,1.61598,1.16191,1.29143,0.86435,0.7,0.78708,0.53158,1.57794,1.13177,1.25111,0.00537175,0.00537175,0.00537175
563,5414.86,1.65673,1.19802,1.29668,0.89837,0.67709,0.78956,0.53078,1.56816,1.12288,1.24955,0.0053635,0.0053635,0.0053635
564,5425.59,1.65841,1.20864,1.30569,0.88708,0.68936,0.79006,0.53263,1.56812,1.11946,1.24986,0.00535525,0.00535525,0.00535525
565,5437.52,1.60578,1.17747,1.28036,0.87538,0.7,0.79096,0.53661,1.56186,1.11983,1.24866,0.005347,0.005347,0.005347
566,5447.23,1.62048,1.20665,1.29274,0.88165,0.70638,0.79544,0.54013,1.5659,1.10866,1.24811,0.00533875,0.00533875,0.00533875
567,5456.39,1.60841,1.17177,1.29143,0.8755,0.71277,0.7952,0.53768,1.5659,1.11656,1.25024,0.0053305,0.0053305,0.0053305
568,5465.5,1.64566,1.20835,1.29545,0.88185,0.69877,0.79468,0.53733,1.56718,1.12037,1.25165,0.00532225,0.00532225,0.00532225
569,5474.51,1.62697,1.1991,1.29844,0.87093,0.71064,0.79689,0.53657,1.566,1.11471,1.25315,0.005314,0.005314,0.005314
570,5484.99,1.6145,1.18422,1.29523,0.86637,0.7173,0.79893,0.53775,1.56552,1.11047,1.25033,0.00530575,0.00530575,0.00530575
571,5495.99,1.64248,1.20244,1.31059,0.85761,0.71766,0.79388,0.53488,1.56263,1.11585,1.24899,0.0052975,0.0052975,0.0052975
572,5505.38,1.60677,1.1846,1.2923,0.86095,0.72766,0.79416,0.53542,1.5649,1.11825,1.25116,0.00528925,0.00528925,0.00528925
573,5514.33,1.64507,1.18782,1.29692,0.87555,0.70851,0.79545,0.53864,1.56435,1.11254,1.25038,0.005281,0.005281,0.005281
574,5523.3,1.60688,1.1858,1.30143,0.8454,0.7383,0.80026,0.54018,1.56237,1.10479,1.24959,0.00527275,0.00527275,0.00527275
575,5532.48,1.63821,1.19117,1.29796,0.86746,0.73805,0.8014,0.54224,1.55883,1.10274,1.25246,0.0052645,0.0052645,0.0052645
576,5543.22,1.61269,1.17635,1.29281,0.87914,0.72741,0.80303,0.5456,1.56773,1.10797,1.2584,0.00525625,0.00525625,0.00525625
577,5554.32,1.63219,1.19959,1.29533,0.91874,0.69759,0.80316,0.54648,1.56203,1.10173,1.25572,0.005248,0.005248,0.005248
578,5563.45,1.59175,1.15756,1.27587,0.91359,0.70213,0.80229,0.54747,1.56446,1.10403,1.25415,0.00523975,0.00523975,0.00523975
579,5572.61,1.63458,1.19604,1.3028,0.89525,0.71277,0.80291,0.54564,1.56736,1.09645,1.25213,0.0052315,0.0052315,0.0052315
580,5581.46,1.62328,1.20552,1.30193,0.90379,0.70851,0.80371,0.54044,1.56738,1.09807,1.25069,0.00522325,0.00522325,0.00522325
581,5590.39,1.61151,1.17105,1.28138,0.88088,0.72766,0.80591,0.54062,1.56509,1.09321,1.24824,0.005215,0.005215,0.005215
582,5601.26,1.58602,1.17066,1.28472,0.89,0.72302,0.80446,0.54424,1.55261,1.07562,1.24328,0.00520675,0.00520675,0.00520675
583,5612.31,1.6217,1.18272,1.30048,0.89021,0.72128,0.80188,0.54539,1.55394,1.0812,1.24012,0.0051985,0.0051985,0.0051985
584,5621.51,1.60722,1.19451,1.29135,0.90435,0.70638,0.80523,0.54729,1.55814,1.08319,1.24104,0.00519025,0.00519025,0.00519025
585,5630.77,1.60266,1.17318,1.28486,0.87867,0.72553,0.80632,0.54857,1.54868,1.07076,1.23794,0.005182,0.005182,0.005182
586,5640.06,1.61838,1.17349,1.29084,0.87748,0.72766,0.80625,0.54856,1.54708,1.06835,1.23878,0.00517375,0.00517375,0.00517375
587,5649,1.57803,1.1535,1.27175,0.89296,0.71702,0.80574,0.55169,1.55119,1.07667,1.23981,0.0051655,0.0051655,0.0051655
588,5660.27,1.58922,1.16197,1.28024,0.88638,0.7137,0.80197,0.54867,1.54464,1.08346,1.23836,0.00515725,0.00515725,0.00515725
589,5671.56,1.59137,1.13883,1.26987,0.90621,0.69897,0.79851,0.55051,1.5408,1.08694,1.23878,0.005149,0.005149,0.005149
590,5680.7,1.59427,1.14698,1.28261,0.90593,0.69787,0.79721,0.55055,1.54294,1.08718,1.23994,0.00514075,0.00514075,0.00514075
591,5689.81,1.59898,1.14909,1.27521,0.90902,0.7015,0.79907,0.55136,1.54059,1.08248,1.23993,0.0051325,0.0051325,0.0051325
592,5698.75,1.5868,1.13234,1.2739,0.9116,0.70212,0.80095,0.55466,1.54527,1.08162,1.24051,0.00512425,0.00512425,0.00512425
593,5708.19,1.56072,1.12981,1.26558,0.9009,0.71277,0.80485,0.55638,1.55143,1.07779,1.24019,0.005116,0.005116,0.005116
594,5719.62,1.56141,1.13597,1.26898,0.91068,0.71589,0.80968,0.55354,1.54386,1.07674,1.23845,0.00510775,0.00510775,0.00510775
595,5730.13,1.56445,1.15204,1.26539,0.92699,0.71064,0.80902,0.55391,1.54341,1.07634,1.24011,0.0050995,0.0050995,0.0050995
596,5739.18,1.57976,1.12755,1.27462,0.9217,0.70132,0.8085,0.55448,1.54278,1.06676,1.23778,0.00509125,0.00509125,0.00509125
597,5748.18,1.57755,1.12984,1.27185,0.92444,0.70288,0.80977,0.55166,1.5429,1.05905,1.23766,0.005083,0.005083,0.005083
598,5757.19,1.57315,1.12023,1.26726,0.91953,0.70213,0.81141,0.55334,1.5444,1.0527,1.23461,0.00507475,0.00507475,0.00507475
599,5766.67,1.58825,1.12892,1.27426,0.92503,0.7,0.80992,0.55509,1.53295,1.05172,1.22903,0.0050665,0.0050665,0.0050665
600,5778.05,1.59162,1.16505,1.27265,0.91887,0.7,0.811,0.55671,1.52161,1.05529,1.22047,0.00505825,0.00505825,0.00505825
601,5788.98,1.56636,1.12597,1.26304,0.90628,0.70851,0.81192,0.5596,1.5213,1.05129,1.21909,0.00505,0.00505,0.00505
602,5798.14,1.60564,1.14945,1.27768,0.87389,0.73716,0.81174,0.5624,1.51806,1.05649,1.22032,0.00504175,0.00504175,0.00504175
603,5807.34,1.58724,1.14883,1.27173,0.90086,0.72553,0.8116,0.56143,1.5137,1.05726,1.21922,0.0050335,0.0050335,0.0050335
604,5816.47,1.58895,1.14249,1.27296,0.91335,0.71768,0.81036,0.56209,1.5162,1.06014,1.21848,0.00502525,0.00502525,0.00502525
605,5826.33,1.60676,1.18171,1.2737,0.91289,0.71348,0.80904,0.56119,1.51917,1.06475,1.22026,0.005017,0.005017,0.005017
606,5837.27,1.54909,1.10517,1.2537,0.90597,0.71748,0.80872,0.56307,1.51307,1.05254,1.21621,0.00500875,0.00500875,0.00500875
607,5848.08,1.597,1.13868,1.27154,0.90853,0.71064,0.80891,0.56391,1.50899,1.04726,1.21551,0.0050005,0.0050005,0.0050005
608,5857.41,1.54478,1.10473,1.2526,0.89463,0.72128,0.81409,0.56678,1.50231,1.04374,1.21332,0.00499225,0.00499225,0.00499225
609,5866.65,1.56258,1.11258,1.25529,0.89963,0.72553,0.81353,0.56503,1.50356,1.04471,1.2116,0.004984,0.004984,0.004984
610,5875.58,1.5954,1.13055,1.26865,0.90393,0.7234,0.81508,0.56821,1.5134,1.04531,1.21177,0.00497575,0.00497575,0.00497575
611,5885.9,1.55318,1.11602,1.25301,0.91668,0.7257,0.81592,0.56917,1.51496,1.04445,1.20844,0.0049675,0.0049675,0.0049675
612,5897.57,1.56498,1.11714,1.25669,0.92064,0.72553,0.81588,0.56979,1.51414,1.03696,1.20533,0.00495925,0.00495925,0.00495925
613,5908.19,1.56238,1.12488,1.25884,0.92797,0.7234,0.81731,0.57541,1.51233,1.03831,1.20243,0.004951,0.004951,0.004951
614,5917.34,1.54337,1.09987,1.25047,0.91727,0.7234,0.81801,0.57108,1.51104,1.03891,1.20305,0.00494275,0.00494275,0.00494275
615,5926.28,1.57588,1.12751,1.26254,0.91343,0.73404,0.82009,0.57226,1.50279,1.03616,1.20234,0.0049345,0.0049345,0.0049345
616,5935.2,1.56713,1.11545,1.2677,0.90697,0.74043,0.82193,0.57406,1.49763,1.0361,1.20149,0.00492625,0.00492625,0.00492625
617,5945.39,1.53541,1.11526,1.24754,0.90276,0.75061,0.82666,0.57349,1.49386,1.03266,1.20138,0.004918,0.004918,0.004918
618,5956.35,1.53633,1.09779,1.25313,0.91402,0.74638,0.82537,0.57398,1.49238,1.02388,1.20021,0.00490975,0.00490975,0.00490975
619,5966.61,1.55448,1.11482,1.25626,0.92166,0.74468,0.82714,0.57346,1.49403,1.0199,1.2045,0.0049015,0.0049015,0.0049015
620,5975.73,1.51171,1.08269,1.23341,0.92195,0.74043,0.8267,0.57796,1.48838,1.01889,1.20409,0.00489325,0.00489325,0.00489325
621,5985.01,1.54979,1.07407,1.24838,0.91424,0.74468,0.82745,0.57942,1.47975,1.01823,1.20333,0.004885,0.004885,0.004885
622,5994.3,1.54708,1.09642,1.24487,0.8949,0.76086,0.82849,0.58297,1.47588,1.01724,1.20247,0.00487675,0.00487675,0.00487675
623,6004.38,1.5595,1.09131,1.25346,0.88089,0.75533,0.82641,0.58135,1.47705,1.01802,1.2027,0.0048685,0.0048685,0.0048685
624,6014.28,1.56103,1.11614,1.26952,0.92253,0.73476,0.82909,0.57867,1.4755,1.01324,1.20152,0.00486025,0.00486025,0.00486025
625,6024.11,1.543,1.10793,1.24624,0.91193,0.74681,0.8284,0.58109,1.47611,1.00533,1.19876,0.004852,0.004852,0.004852
626,6033.99,1.5682,1.11013,1.25119,0.90881,0.75319,0.83049,0.58194,1.47394,1.00612,1.1957,0.00484375,0.00484375,0.00484375
627,6044.31,1.53667,1.08836,1.25266,0.9127,0.74681,0.83136,0.58372,1.46718,1.00056,1.19368,0.0048355,0.0048355,0.0048355
628,6054.01,1.50067,1.05405,1.23196,0.91182,0.74468,0.83032,0.58178,1.46564,1.00417,1.1947,0.00482725,0.00482725,0.00482725
629,6062.97,1.55134,1.1083,1.25369,0.9123,0.75251,0.83217,0.58366,1.46277,1.00673,1.19273,0.004819,0.004819,0.004819
630,6072.16,1.54512,1.10954,1.24226,0.90308,0.75336,0.83042,0.58392,1.45991,1.00398,1.19101,0.00481075,0.00481075,0.00481075
631,6081.67,1.54974,1.10357,1.2648,0.91114,0.74171,0.82958,0.58196,1.45726,1.00589,1.19148,0.0048025,0.0048025,0.0048025
632,6091.82,1.50528,1.05976,1.23014,0.90048,0.74255,0.82991,0.58557,1.45476,1.00018,1.19129,0.00479425,0.00479425,0.00479425
633,6102.68,1.51631,1.07213,1.23712,0.8833,0.75687,0.83056,0.58558,1.45146,1.00281,1.19057,0.004786,0.004786,0.004786
634,6111.92,1.54262,1.09696,1.24995,0.8777,0.75957,0.83015,0.58527,1.4509,1.00148,1.18857,0.00477775,0.00477775,0.00477775
635,6120.98,1.52307,1.06638,1.2388,0.89973,0.74458,0.82983,0.58574,1.45021,1.00082,1.18777,0.0047695,0.0047695,0.0047695
636,6130.56,1.51479,1.07402,1.23656,0.88539,0.75532,0.82981,0.58517,1.44974,1.00025,1.18798,0.00476125,0.00476125,0.00476125
637,6140.65,1.50046,1.04564,1.23503,0.92619,0.7383,0.83201,0.58346,1.45319,0.99599,1.18912,0.004753,0.004753,0.004753
638,6151.24,1.52077,1.07415,1.2334,0.92335,0.73617,0.83118,0.58478,1.45512,0.99922,1.19034,0.00474475,0.00474475,0.00474475
639,6160.23,1.54652,1.09378,1.25321,0.92715,0.74255,0.83288,0.58427,1.45131,1.00042,1.18783,0.0047365,0.0047365,0.0047365
640,6169.25,1.50031,1.04887,1.22456,0.90823,0.75319,0.83091,0.58255,1.44602,0.9964,1.18587,0.00472825,0.00472825,0.00472825
641,6178.25,1.50595,1.0699,1.23027,0.89453,0.75789,0.83368,0.58265,1.44182,0.99471,1.18409,0.00472,0.00472,0.00472
642,6187.34,1.50494,1.07132,1.23679,0.91171,0.74698,0.83499,0.58248,1.44052,0.99029,1.18305,0.00471175,0.00471175,0.00471175
643,6198,1.52692,1.07952,1.24815,0.90962,0.75106,0.83458,0.58404,1.43778,0.99286,1.1814,0.0047035,0.0047035,0.0047035
644,6208.32,1.51581,1.07989,1.25079,0.92262,0.73566,0.83404,0.58043,1.43606,1.00219,1.18106,0.00469525,0.00469525,0.00469525
645,6217.25,1.48497,1.03376,1.23023,0.95303,0.72766,0.83308,0.5815,1.43514,0.99269,1.1819,0.004687,0.004687,0.004687
646,6226.24,1.53281,1.083,1.24178,0.95513,0.72467,0.83243,0.58251,1.43994,0.99027,1.1805,0.00467875,0.00467875,0.00467875
647,6235.21,1.49554,1.0664,1.23277,0.9584,0.7234,0.82971,0.57966,1.4401,0.99023,1.17861,0.0046705,0.0046705,0.0046705
648,6245.41,1.53539,1.08807,1.2431,0.96083,0.72553,0.83061,0.57989,1.44232,0.99478,1.17846,0.00466225,0.00466225,0.00466225
649,6255.8,1.49804,1.04647,1.2278,0.96169,0.72128,0.82905,0.57773,1.44022,0.99461,1.17882,0.004654,0.004654,0.004654
650,6264.85,1.51342,1.05263,1.23386,0.96221,0.71915,0.83018,0.58141,1.43819,0.9937,1.17741,0.00464575,0.00464575,0.00464575
651,6273.81,1.46754,1.03101,1.23274,0.95744,0.71794,0.83253,0.58338,1.43802,0.98889,1.17843,0.0046375,0.0046375,0.0046375
652,6282.79,1.51586,1.06575,1.23996,0.89679,0.75796,0.83457,0.58943,1.43791,0.98461,1.17938,0.00462925,0.00462925,0.00462925
653,6292.07,1.49333,1.05311,1.23302,0.92492,0.7383,0.83346,0.58805,1.43152,0.98245,1.17784,0.004621,0.004621,0.004621
654,6303.49,1.52555,1.07877,1.23802,0.9155,0.74468,0.83447,0.58823,1.42805,0.98141,1.1752,0.00461275,0.00461275,0.00461275
655,6313.53,1.52395,1.08697,1.24352,0.94486,0.72979,0.83491,0.58921,1.42865,0.98268,1.17281,0.0046045,0.0046045,0.0046045
656,6322.66,1.49789,1.05304,1.24759,0.89362,0.76854,0.83668,0.59037,1.42982,0.98096,1.17377,0.00459625,0.00459625,0.00459625
657,6331.81,1.48557,1.06299,1.22172,0.89349,0.75957,0.83479,0.58989,1.42854,0.98269,1.17583,0.004588,0.004588,0.004588
658,6340.76,1.49507,1.03756,1.23009,0.89259,0.76809,0.83448,0.58845,1.42642,0.97541,1.17596,0.00457975,0.00457975,0.00457975
659,6350.99,1.50659,1.06081,1.23206,0.89293,0.77021,0.83408,0.59035,1.42658,0.97314,1.17391,0.0045715,0.0045715,0.0045715
660,6360.98,1.49811,1.05593,1.21822,0.9022,0.76544,0.83348,0.59124,1.42364,0.97402,1.17325,0.00456325,0.00456325,0.00456325
661,6370.21,1.48034,1.04362,1.2189,0.90631,0.75745,0.8343,0.59311,1.41821,0.9751,1.17371,0.004555,0.004555,0.004555
662,6379.42,1.48108,1.03799,1.22429,0.91477,0.75957,0.83639,0.59433,1.41358,0.97362,1.1743,0.00454675,0.00454675,0.00454675
663,6388.79,1.49049,1.05016,1.23004,0.91343,0.76325,0.83582,0.59244,1.41522,0.97756,1.17634,0.0045385,0.0045385,0.0045385
664,6398.76,1.47661,1.02326,1.22185,0.92148,0.74912,0.83623,0.59572,1.41136,0.97349,1.17474,0.00453025,0.00453025,0.00453025
665,6408.71,1.45919,1.04303,1.21587,0.93105,0.74702,0.83643,0.59749,1.41363,0.97283,1.17393,0.004522,0.004522,0.004522
666,6417.92,1.45805,1.03559,1.22359,0.9408,0.74468,0.8359,0.59734,1.41487,0.97652,1.17237,0.00451375,0.00451375,0.00451375
667,6426.95,1.45947,1.02088,1.20781,0.9384,0.74681,0.83807,0.59838,1.4156,0.97469,1.17001,0.0045055,0.0045055,0.0045055
668,6436.18,1.53217,1.06807,1.23827,0.94749,0.7383,0.83834,0.5972,1.41351,0.97703,1.16775,0.00449725,0.00449725,0.00449725
669,6445.99,1.49501,1.03416,1.21515,0.93555,0.74122,0.83683,0.59952,1.41059,0.97784,1.16665,0.004489,0.004489,0.004489
670,6456.51,1.4947,1.06463,1.23389,0.94306,0.74255,0.83814,0.60071,1.4061,0.96888,1.16363,0.00448075,0.00448075,0.00448075
671,6465.71,1.54327,1.08839,1.24156,0.94886,0.74043,0.83834,0.60283,1.4056,0.96622,1.16199,0.0044725,0.0044725,0.0044725
672,6474.98,1.47638,1.03748,1.21537,0.94319,0.74181,0.83993,0.60219,1.40233,0.95746,1.15871,0.00446425,0.00446425,0.00446425
673,6484.01,1.48855,1.06488,1.22147,0.92463,0.75699,0.84097,0.6027,1.40482,0.95447,1.15881,0.004456,0.004456,0.004456
674,6494.23,1.47632,1.04629,1.21339,0.94641,0.75106,0.84264,0.60465,1.40257,0.94875,1.15757,0.00444775,0.00444775,0.00444775
675,6504.81,1.44555,1.021,1.2096,0.94624,0.74468,0.84094,0.60482,1.40267,0.94925,1.15855,0.0044395,0.0044395,0.0044395
676,6513.75,1.47514,1.03913,1.21096,0.9284,0.74489,0.83895,0.60435,1.40106,0.94792,1.15804,0.00443125,0.00443125,0.00443125
677,6522.92,1.47789,1.01355,1.21459,0.93578,0.7441,0.83935,0.60385,1.40012,0.94942,1.15781,0.004423,0.004423,0.004423
678,6532.01,1.4783,1.03471,1.21467,0.93625,0.75,0.84119,0.60535,1.40009,0.94827,1.15847,0.00441475,0.00441475,0.00441475
679,6541.27,1.47986,1.02317,1.20671,0.9274,0.76103,0.8404,0.60559,1.39764,0.94574,1.15721,0.0044065,0.0044065,0.0044065
680,6552.52,1.49198,1.05021,1.22549,0.93469,0.76123,0.8408,0.60586,1.39454,0.94585,1.15559,0.00439825,0.00439825,0.00439825
681,6562.32,1.49175,1.0629,1.2321,0.91526,0.76596,0.83948,0.6089,1.39017,0.94363,1.15383,0.00439,0.00439,0.00439
682,6571.52,1.4736,1.02597,1.22096,0.90932,0.76383,0.83915,0.60687,1.38973,0.94456,1.15511,0.00438175,0.00438175,0.00438175
683,6580.5,1.49007,1.06078,1.22403,0.9156,0.7617,0.84013,0.60528,1.3905,0.94366,1.15453,0.0043735,0.0043735,0.0043735
684,6589.5,1.47818,1.04583,1.21473,0.9214,0.75745,0.83978,0.60719,1.38975,0.94153,1.15495,0.00436525,0.00436525,0.00436525
685,6599.75,1.44608,1.01871,1.20651,0.93386,0.75957,0.83943,0.60587,1.38913,0.94264,1.15466,0.004357,0.004357,0.004357
686,6609.7,1.4502,1.01581,1.20329,0.92849,0.75745,0.83821,0.60695,1.38819,0.94139,1.15379,0.00434875,0.00434875,0.00434875
687,6618.64,1.46072,1.00308,1.20111,0.92584,0.75745,0.83767,0.60642,1.38883,0.94277,1.1545,0.0043405,0.0043405,0.0043405
688,6627.66,1.45254,1.01376,1.19676,0.9315,0.75232,0.83792,0.60905,1.39346,0.94625,1.156,0.00433225,0.00433225,0.00433225
689,6636.61,1.45317,0.98893,1.20725,0.9417,0.75613,0.83997,0.6107,1.39126,0.94498,1.15611,0.004324,0.004324,0.004324
690,6646.4,1.4582,1.02295,1.21795,0.92564,0.75957,0.84169,0.61178,1.3891,0.94181,1.15557,0.00431575,0.00431575,0.00431575
691,6656.52,1.46991,1.00939,1.20188,0.91159,0.76785,0.84416,0.61208,1.38665,0.93911,1.15557,0.0043075,0.0043075,0.0043075
692,6665.57,1.4613,1.03218,1.20984,0.91291,0.76809,0.84284,0.60815,1.38328,0.93764,1.15589,0.00429925,0.00429925,0.00429925
693,6674.39,1.45578,1.00451,1.20982,0.91804,0.76259,0.84321,0.61078,1.38385,0.9369,1.15596,0.004291,0.004291,0.004291
694,6683.24,1.40742,0.98873,1.1925,0.92318,0.77447,0.84419,0.61105,1.38227,0.93286,1.15513,0.00428275,0.00428275,0.00428275
695,6692.25,1.42919,0.99067,1.19721,0.92378,0.7736,0.8449,0.61081,1.38183,0.93231,1.15282,0.0042745,0.0042745,0.0042745
696,6702.83,1.45153,1.00462,1.20025,0.92385,0.77447,0.84509,0.60964,1.38514,0.93344,1.15393,0.00426625,0.00426625,0.00426625
697,6712.67,1.4797,1.03504,1.22007,0.91437,0.77234,0.84573,0.60841,1.38758,0.9336,1.15494,0.004258,0.004258,0.004258
698,6721.64,1.46046,1.0021,1.21174,0.91882,0.77057,0.84661,0.60904,1.38946,0.93322,1.15486,0.00424975,0.00424975,0.00424975
699,6730.6,1.42824,0.98653,1.19852,0.91462,0.77492,0.8469,0.60991,1.38797,0.92805,1.15298,0.0042415,0.0042415,0.0042415
700,6739.5,1.41856,0.96759,1.18647,0.92029,0.77447,0.84786,0.60897,1.38689,0.92377,1.15188,0.00423325,0.00423325,0.00423325
701,6749.42,1.45543,1.00666,1.2025,0.93048,0.76883,0.84776,0.60812,1.38731,0.92001,1.15181,0.004225,0.004225,0.004225
702,6759.95,1.43031,0.99764,1.1989,0.93349,0.77641,0.84949,0.60874,1.38916,0.92029,1.15232,0.00421675,0.00421675,0.00421675
703,6769.07,1.43588,0.98688,1.18819,0.93096,0.77467,0.84941,0.60873,1.38893,0.91968,1.15231,0.0042085,0.0042085,0.0042085
704,6778.24,1.43865,0.99111,1.19704,0.9382,0.77234,0.85062,0.60865,1.38747,0.91903,1.15092,0.00420025,0.00420025,0.00420025
705,6787.26,1.42427,0.99242,1.19076,0.94331,0.77021,0.85079,0.60796,1.38908,0.9186,1.15089,0.004192,0.004192,0.004192
706,6796.33,1.43003,0.99008,1.18974,0.939,0.76596,0.85098,0.60761,1.38983,0.91681,1.15054,0.00418375,0.00418375,0.00418375
707,6807.39,1.41882,0.98454,1.18892,0.93285,0.76845,0.85051,0.60823,1.39065,0.91569,1.14986,0.0041755,0.0041755,0.0041755
708,6817.24,1.45485,1.01784,1.21264,0.93624,0.77021,0.85,0.6062,1.39047,0.91611,1.14873,0.00416725,0.00416725,0.00416725
709,6826.23,1.40376,0.97879,1.19769,0.93456,0.77021,0.84959,0.60651,1.38982,0.91875,1.14919,0.004159,0.004159,0.004159
710,6835.43,1.44477,1.01502,1.2101,0.93538,0.76809,0.8498,0.61015,1.38598,0.91764,1.14791,0.00415075,0.00415075,0.00415075
711,6844.44,1.43086,0.99363,1.20096,0.93572,0.76809,0.84992,0.60884,1.38406,0.9175,1.14688,0.0041425,0.0041425,0.0041425
712,6854.7,1.44991,0.97635,1.19508,0.93763,0.76763,0.84985,0.61018,1.38239,0.91636,1.14583,0.00413425,0.00413425,0.00413425
713,6865.03,1.43804,1.00125,1.20706,0.93566,0.76809,0.84986,0.60954,1.38332,0.91769,1.14429,0.004126,0.004126,0.004126
714,6874.2,1.41014,0.98078,1.18798,0.93852,0.76809,0.8513,0.6093,1.38028,0.91564,1.14243,0.00411775,0.00411775,0.00411775
715,6883.15,1.43479,0.9909,1.19756,0.93259,0.76537,0.8506,0.61004,1.37746,0.90922,1.14183,0.0041095,0.0041095,0.0041095
716,6892.12,1.4292,0.99149,1.19788,0.92888,0.75957,0.85004,0.6126,1.37515,0.90516,1.14175,0.00410125,0.00410125,0.00410125
717,6901.39,1.43228,0.98832,1.19986,0.94374,0.75319,0.85048,0.61209,1.37578,0.90368,1.14161,0.004093,0.004093,0.004093
718,6912.37,1.43734,1.00503,1.18985,0.94437,0.75852,0.85075,0.61194,1.37503,0.90209,1.14072,0.00408475,0.00408475,0.00408475
719,6922.29,1.3997,0.95734,1.18313,0.94942,0.75876,0.85193,0.6126,1.37514,0.90011,1.13978,0.0040765,0.0040765,0.0040765
720,6931.59,1.45529,0.99826,1.20331,0.94713,0.76232,0.85369,0.61313,1.37558,0.90093,1.14037,0.00406825,0.00406825,0.00406825
721,6940.79,1.41032,0.98973,1.18431,0.95159,0.76596,0.85354,0.61409,1.37735,0.90014,1.1405,0.00406,0.00406,0.00406
722,6949.98,1.39207,0.94916,1.1694,0.96247,0.7638,0.85212,0.61296,1.37964,0.90395,1.14191,0.00405175,0.00405175,0.00405175
723,6959.74,1.416,0.94829,1.1874,0.96247,0.76399,0.8533,0.61326,1.3796,0.9013,1.14204,0.0040435,0.0040435,0.0040435
724,6970.4,1.40334,0.94676,1.17888,0.95486,0.76507,0.85385,0.61146,1.37863,0.89823,1.14179,0.00403525,0.00403525,0.00403525
725,6979.37,1.40917,0.98274,1.18845,0.94634,0.76809,0.85387,0.61219,1.37873,0.89512,1.14187,0.004027,0.004027,0.004027
726,6988.35,1.43124,0.9787,1.19702,0.93551,0.76809,0.85415,0.61191,1.37744,0.89101,1.14142,0.00401875,0.00401875,0.00401875
727,6997.44,1.38776,0.96051,1.17903,0.93547,0.77106,0.85429,0.61146,1.37748,0.88631,1.14098,0.0040105,0.0040105,0.0040105
728,7006.58,1.41503,0.96438,1.18209,0.93835,0.77725,0.85456,0.61092,1.37807,0.88754,1.14112,0.00400225,0.00400225,0.00400225
729,7017.6,1.43487,0.99089,1.20221,0.92569,0.78085,0.85454,0.61095,1.38018,0.88982,1.14204,0.003994,0.003994,0.003994
730,7027.46,1.38982,0.94097,1.17174,0.92281,0.78298,0.85459,0.61131,1.37794,0.88593,1.14151,0.00398575,0.00398575,0.00398575
731,7036.67,1.42259,0.98222,1.20118,0.93174,0.78418,0.85555,0.61171,1.37558,0.88206,1.14204,0.0039775,0.0039775,0.0039775
732,7045.59,1.3975,0.95765,1.18448,0.92447,0.78131,0.85444,0.61237,1.3742,0.88046,1.14137,0.00396925,0.00396925,0.00396925
733,7054.43,1.41711,0.96916,1.18337,0.92408,0.78085,0.85587,0.6116,1.3731,0.88041,1.14105,0.003961,0.003961,0.003961
734,7064.52,1.40591,0.95401,1.17638,0.92656,0.77845,0.8565,0.61169,1.36967,0.87867,1.1399,0.00395275,0.00395275,0.00395275
735,7075.11,1.39333,0.95231,1.17722,0.93169,0.7766,0.85657,0.61249,1.36824,0.87678,1.13874,0.0039445,0.0039445,0.0039445
736,7084.02,1.38964,0.9511,1.17109,0.93295,0.78723,0.85626,0.61462,1.36601,0.87564,1.13758,0.00393625,0.00393625,0.00393625
737,7093.26,1.38788,0.9404,1.18529,0.93005,0.78723,0.85585,0.61396,1.36364,0.87742,1.13747,0.003928,0.003928,0.003928
738,7102.2,1.35968,0.93588,1.1762,0.9335,0.78298,0.85659,0.61585,1.36315,0.87624,1.13727,0.00391975,0.00391975,0.00391975
739,7112.13,1.37854,0.93524,1.17088,0.93224,0.78085,0.85715,0.6177,1.36213,0.8752,1.13708,0.0039115,0.0039115,0.0039115
740,7124.76,1.40125,0.97366,1.17585,0.93084,0.78085,0.85747,0.61873,1.36001,0.87932,1.1368,0.00390325,0.00390325,0.00390325
741,7134.66,1.39373,0.95259,1.17551,0.93825,0.78085,0.85898,0.61961,1.35773,0.87979,1.13625,0.003895,0.003895,0.003895
742,7144,1.38217,0.94021,1.18113,0.94126,0.7842,0.85924,0.61949,1.35634,0.87997,1.1373,0.00388675,0.00388675,0.00388675
743,7152.9,1.38756,0.94573,1.17665,0.94214,0.78298,0.85988,0.6208,1.355,0.87572,1.13677,0.0038785,0.0038785,0.0038785
744,7162.16,1.3977,0.94581,1.18029,0.9415,0.78761,0.86065,0.62173,1.3557,0.87583,1.13703,0.00387025,0.00387025,0.00387025
745,7173.19,1.4103,0.97301,1.18199,0.93676,0.78936,0.85956,0.62143,1.35601,0.87654,1.13666,0.003862,0.003862,0.003862
746,7183.46,1.40433,0.9608,1.17562,0.93148,0.78936,0.85915,0.61922,1.35484,0.87784,1.1363,0.00385375,0.00385375,0.00385375
747,7192.64,1.38733,0.95272,1.17878,0.93212,0.78889,0.85808,0.61873,1.35539,0.87807,1.13622,0.0038455,0.0038455,0.0038455
748,7201.7,1.36846,0.92527,1.15897,0.92864,0.78723,0.85954,0.61973,1.35566,0.87818,1.13521,0.00383725,0.00383725,0.00383725
749,7210.73,1.36527,0.91953,1.16669,0.93272,0.78723,0.85921,0.61916,1.35843,0.87939,1.13493,0.003829,0.003829,0.003829
750,7220.32,1.40183,0.96503,1.17968,0.93254,0.78936,0.85871,0.61977,1.3601,0.87934,1.13368,0.00382075,0.00382075,0.00382075
751,7231.38,1.41154,0.97785,1.19176,0.93008,0.78936,0.85832,0.62098,1.36064,0.87916,1.13361,0.0038125,0.0038125,0.0038125
752,7241,1.3935,0.95345,1.17263,0.93446,0.79362,0.85862,0.6217,1.35753,0.87818,1.13345,0.00380425,0.00380425,0.00380425
753,7249.95,1.37913,0.94219,1.16261,0.93632,0.79362,0.86042,0.62229,1.35497,0.87663,1.1329,0.003796,0.003796,0.003796
754,7259.34,1.3594,0.92766,1.15406,0.93018,0.79373,0.86174,0.6232,1.35202,0.87305,1.13082,0.00378775,0.00378775,0.00378775
755,7268.84,1.37609,0.94189,1.17238,0.93207,0.78822,0.86084,0.62409,1.35021,0.86822,1.12942,0.0037795,0.0037795,0.0037795
756,7280.08,1.37348,0.93944,1.17199,0.92314,0.79217,0.86133,0.62466,1.34628,0.86515,1.12717,0.00377125,0.00377125,0.00377125
757,7291.09,1.36271,0.92439,1.16064,0.92314,0.79219,0.86111,0.62567,1.34516,0.86289,1.1255,0.003763,0.003763,0.003763
758,7300.5,1.38116,0.94006,1.16832,0.9227,0.79574,0.86238,0.62719,1.34472,0.86189,1.12444,0.00375475,0.00375475,0.00375475
759,7309.73,1.37992,0.91604,1.17295,0.91738,0.79149,0.8608,0.62555,1.34323,0.86175,1.12396,0.0037465,0.0037465,0.0037465
760,7318.79,1.38577,0.92543,1.16923,0.92266,0.78511,0.86077,0.62574,1.34197,0.85951,1.12303,0.00373825,0.00373825,0.00373825
761,7328.53,1.33431,0.91883,1.14857,0.92252,0.78528,0.86292,0.62657,1.33842,0.85518,1.12134,0.00373,0.00373,0.00373
762,7339.51,1.36774,0.93574,1.16561,0.92785,0.78298,0.86383,0.6274,1.33693,0.85362,1.12092,0.00372175,0.00372175,0.00372175
763,7348.73,1.38786,0.941,1.16956,0.92254,0.78559,0.8642,0.62681,1.33514,0.85302,1.12073,0.0037135,0.0037135,0.0037135
764,7357.56,1.34708,0.93776,1.16504,0.91666,0.79567,0.86416,0.62896,1.33227,0.85166,1.12155,0.00370525,0.00370525,0.00370525
765,7366.73,1.38072,0.9357,1.16677,0.9055,0.79787,0.86405,0.62909,1.33006,0.85199,1.12111,0.003697,0.003697,0.003697
766,7375.87,1.35397,0.93118,1.16106,0.904,0.8,0.86429,0.62886,1.32939,0.85096,1.12105,0.00368875,0.00368875,0.00368875
767,7386.31,1.34249,0.91672,1.14717,0.89798,0.80851,0.86276,0.62894,1.32888,0.85068,1.12018,0.0036805,0.0036805,0.0036805
768,7396.76,1.36218,0.91604,1.15224,0.89657,0.80851,0.86359,0.6303,1.32695,0.85169,1.12017,0.00367225,0.00367225,0.00367225
769,7405.95,1.35219,0.9154,1.15527,0.90235,0.79362,0.86438,0.63108,1.32581,0.8511,1.11991,0.003664,0.003664,0.003664
770,7415.12,1.36361,0.91486,1.15843,0.9015,0.79838,0.86494,0.63072,1.32694,0.85211,1.12048,0.00365575,0.00365575,0.00365575
771,7424.18,1.3533,0.91835,1.15685,0.90422,0.80341,0.86606,0.63217,1.32596,0.85175,1.12078,0.0036475,0.0036475,0.0036475
772,7433.63,1.39799,0.95458,1.17533,0.9011,0.7948,0.86582,0.63199,1.32467,0.85075,1.11996,0.00363925,0.00363925,0.00363925
773,7444.51,1.34545,0.92913,1.15341,0.89919,0.80638,0.86543,0.63175,1.32402,0.8521,1.11904,0.003631,0.003631,0.003631
774,7454.79,1.34843,0.91614,1.15496,0.91379,0.78934,0.86388,0.63296,1.3237,0.85389,1.11888,0.00362275,0.00362275,0.00362275
775,7464.8,1.35205,0.92638,1.16049,0.90829,0.79574,0.86399,0.63381,1.32288,0.85556,1.1185,0.0036145,0.0036145,0.0036145
776,7474.11,1.37125,0.93869,1.16449,0.90783,0.79631,0.86437,0.63262,1.32172,0.85411,1.11799,0.00360625,0.00360625,0.00360625
777,7483.12,1.34343,0.92572,1.16225,0.90977,0.7938,0.86416,0.63271,1.32125,0.85313,1.11719,0.003598,0.003598,0.003598
778,7492.22,1.38231,0.948,1.16456,0.92762,0.77872,0.86388,0.63286,1.31943,0.85079,1.11632,0.00358975,0.00358975,0.00358975
779,7501.69,1.33503,0.91079,1.14945,0.92831,0.77872,0.86433,0.634,1.31951,0.85064,1.11545,0.0035815,0.0035815,0.0035815
780,7513.59,1.35189,0.91088,1.15536,0.90388,0.80213,0.86565,0.63473,1.31868,0.85009,1.11449,0.00357325,0.00357325,0.00357325
781,7524.49,1.3536,0.91929,1.16035,0.90255,0.80796,0.86664,0.63568,1.31832,0.85239,1.11415,0.003565,0.003565,0.003565
782,7535.4,1.3526,0.92106,1.1533,0.90596,0.80851,0.86568,0.63628,1.3177,0.85295,1.11347,0.00355675,0.00355675,0.00355675
783,7546.88,1.33076,0.90676,1.14745,0.90449,0.80638,0.86442,0.63561,1.3152,0.85057,1.11237,0.0035485,0.0035485,0.0035485
784,7556.62,1.34948,0.8957,1.14682,0.90475,0.80426,0.86474,0.63672,1.31385,0.84806,1.11204,0.00354025,0.00354025,0.00354025
785,7565.86,1.36713,0.92071,1.1573,0.90002,0.80426,0.86428,0.63684,1.3134,0.84666,1.11205,0.003532,0.003532,0.003532
786,7575.15,1.33637,0.9002,1.14741,0.90002,0.80213,0.86476,0.63562,1.31068,0.84584,1.11183,0.00352375,0.00352375,0.00352375
787,7584.13,1.33333,0.89306,1.14838,0.90095,0.80213,0.86463,0.63573,1.31031,0.84444,1.11114,0.0035155,0.0035155,0.0035155
788,7594.44,1.33326,0.89916,1.14118,0.90846,0.80234,0.86978,0.63546,1.31055,0.84142,1.1105,0.00350725,0.00350725,0.00350725
789,7605.91,1.3334,0.90709,1.15024,0.91339,0.8,0.86967,0.63725,1.31045,0.84267,1.1102,0.003499,0.003499,0.003499
790,7616.14,1.36027,0.90063,1.15399,0.91615,0.8,0.8693,0.63599,1.31117,0.8436,1.11002,0.00349075,0.00349075,0.00349075
791,7625.28,1.31382,0.87812,1.13494,0.91645,0.8,0.86928,0.6368,1.31007,0.8435,1.11006,0.0034825,0.0034825,0.0034825
792,7634.25,1.33215,0.90138,1.13689,0.91321,0.79787,0.86917,0.63642,1.30745,0.8425,1.10984,0.00347425,0.00347425,0.00347425
793,7643.22,1.33655,0.89821,1.1471,0.93467,0.7766,0.8698,0.6355,1.30658,0.84142,1.10987,0.003466,0.003466,0.003466
794,7653,1.3435,0.90556,1.14863,0.93321,0.7766,0.86972,0.63739,1.30745,0.84209,1.10981,0.00345775,0.00345775,0.00345775
795,7663.75,1.33748,0.91616,1.14841,0.92965,0.77872,0.86967,0.63767,1.30671,0.84188,1.10956,0.0034495,0.0034495,0.0034495
796,7674.02,1.32674,0.91342,1.15203,0.93516,0.77872,0.87034,0.63759,1.30532,0.8398,1.10951,0.00344125,0.00344125,0.00344125
797,7683.23,1.33052,0.90525,1.15564,0.9455,0.77522,0.87055,0.63826,1.30505,0.83806,1.10887,0.003433,0.003433,0.003433
798,7692.51,1.31104,0.87852,1.1345,0.94082,0.77803,0.87021,0.63891,1.30394,0.83605,1.10809,0.00342475,0.00342475,0.00342475
799,7701.92,1.34814,0.91421,1.15013,0.932,0.78732,0.87061,0.63968,1.30409,0.83538,1.1072,0.0034165,0.0034165,0.0034165
800,7712.45,1.31618,0.90834,1.13974,0.93161,0.78936,0.87082,0.63948,1.30272,0.83349,1.10677,0.00340825,0.00340825,0.00340825
801,7723.22,1.35274,0.91329,1.15451,0.93068,0.79149,0.87071,0.64009,1.30381,0.83194,1.10657,0.0034,0.0034,0.0034
802,7732.41,1.32014,0.87425,1.13375,0.93433,0.78706,0.8704,0.64199,1.30446,0.83112,1.10654,0.00339175,0.00339175,0.00339175
803,7741.57,1.31642,0.90253,1.13691,0.93227,0.78511,0.87068,0.64238,1.30279,0.82858,1.10619,0.0033835,0.0033835,0.0033835
804,7750.8,1.3255,0.90092,1.14606,0.92048,0.8,0.87309,0.643,1.30126,0.82623,1.10591,0.00337525,0.00337525,0.00337525
805,7760.1,1.33365,0.89569,1.14282,0.92381,0.79787,0.8735,0.64306,1.30115,0.82655,1.10579,0.003367,0.003367,0.003367
806,7771.28,1.33034,0.89361,1.14169,0.92628,0.79787,0.87441,0.64224,1.29991,0.82511,1.10571,0.00335875,0.00335875,0.00335875
807,7781.22,1.32823,0.895,1.1461,0.93028,0.79787,0.87439,0.64253,1.29975,0.8247,1.10604,0.0033505,0.0033505,0.0033505
808,7790.2,1.3077,0.87215,1.13648,0.93007,0.79787,0.87488,0.64472,1.29949,0.82523,1.10625,0.00334225,0.00334225,0.00334225
809,7799.41,1.3468,0.90755,1.14814,0.93286,0.79821,0.87545,0.64517,1.299,0.82549,1.10604,0.003334,0.003334,0.003334
810,7808.64,1.32683,0.86979,1.1428,0.93066,0.79964,0.87481,0.64525,1.29905,0.82679,1.10598,0.00332575,0.00332575,0.00332575
811,7818.68,1.33412,0.89457,1.14542,0.94247,0.78298,0.87451,0.64485,1.30024,0.82686,1.10559,0.0033175,0.0033175,0.0033175
812,7828.98,1.31459,0.88721,1.14779,0.92368,0.79823,0.87335,0.64369,1.30158,0.82637,1.10604,0.00330925,0.00330925,0.00330925
813,7838.61,1.33439,0.89296,1.13836,0.93164,0.79574,0.87339,0.64405,1.30096,0.82421,1.10603,0.003301,0.003301,0.003301
814,7847.52,1.32145,0.88632,1.13958,0.93709,0.79238,0.87428,0.64564,1.29984,0.82312,1.10574,0.00329275,0.00329275,0.00329275
815,7856.74,1.30037,0.86313,1.1347,0.94558,0.78298,0.87367,0.6456,1.29966,0.82289,1.10564,0.0032845,0.0032845,0.0032845
816,7865.7,1.32988,0.8891,1.14537,0.94607,0.78374,0.87341,0.6465,1.29704,0.82145,1.10458,0.00327625,0.00327625,0.00327625
817,7875.92,1.31003,0.88702,1.13722,0.94612,0.78459,0.87382,0.64605,1.29636,0.82152,1.10458,0.003268,0.003268,0.003268
818,7886.42,1.33282,0.90118,1.14375,0.93276,0.79695,0.87459,0.64653,1.29478,0.82188,1.10381,0.00325975,0.00325975,0.00325975
819,7895.63,1.33201,0.91621,1.1431,0.93298,0.79362,0.87527,0.64746,1.29308,0.82051,1.10283,0.0032515,0.0032515,0.0032515
820,7904.79,1.32434,0.89302,1.14053,0.93705,0.79185,0.87527,0.64721,1.29329,0.82025,1.10225,0.00324325,0.00324325,0.00324325
821,7913.88,1.30532,0.88338,1.1343,0.93681,0.79149,0.87548,0.64625,1.29242,0.82149,1.10153,0.003235,0.003235,0.003235
822,7923.55,1.28125,0.86845,1.12758,0.94777,0.78936,0.87494,0.64583,1.29218,0.82108,1.10167,0.00322675,0.00322675,0.00322675
823,7934.61,1.31756,0.87828,1.13702,0.94828,0.79149,0.87519,0.64656,1.29094,0.82182,1.10152,0.0032185,0.0032185,0.0032185
824,7944.16,1.28389,0.87606,1.13257,0.94902,0.79215,0.87524,0.64746,1.29044,0.82181,1.10147,0.00321025,0.00321025,0.00321025
825,7953.33,1.32721,0.89691,1.14411,0.95123,0.78843,0.87556,0.64793,1.28996,0.82095,1.10128,0.003202,0.003202,0.003202
826,7962.5,1.3164,0.88506,1.13757,0.95123,0.78845,0.87431,0.64887,1.28954,0.81987,1.10108,0.00319375,0.00319375,0.00319375
827,7971.64,1.30256,0.86888,1.12904,0.95042,0.78936,0.8741,0.64894,1.28908,0.81922,1.10079,0.0031855,0.0031855,0.0031855
828,7982.01,1.31301,0.87712,1.13374,0.94868,0.78511,0.87407,0.64938,1.28891,0.81919,1.10043,0.00317725,0.00317725,0.00317725
829,7992.51,1.30877,0.88011,1.13071,0.94685,0.78936,0.87259,0.64969,1.28887,0.81781,1.1004,0.003169,0.003169,0.003169
830,8001.68,1.28907,0.85853,1.13186,0.94669,0.7935,0.87352,0.65045,1.28878,0.81632,1.10007,0.00316075,0.00316075,0.00316075
831,8010.91,1.28487,0.86426,1.12673,0.95044,0.79362,0.87375,0.65069,1.28905,0.81534,1.10034,0.0031525,0.0031525,0.0031525
832,8020.29,1.29676,0.87382,1.124,0.94673,0.79403,0.8741,0.65254,1.28782,0.81381,1.10037,0.00314425,0.00314425,0.00314425
833,8030.33,1.29235,0.86298,1.13309,0.94799,0.8,0.87473,0.65304,1.28731,0.81452,1.09997,0.003136,0.003136,0.003136
834,8040.59,1.29421,0.87083,1.13223,0.93933,0.80213,0.87465,0.65219,1.28684,0.81442,1.10014,0.00312775,0.00312775,0.00312775
835,8049.57,1.27173,0.85027,1.12058,0.94003,0.80213,0.87486,0.65195,1.28549,0.81287,1.09976,0.0031195,0.0031195,0.0031195
836,8058.62,1.28019,0.84531,1.11256,0.94241,0.8,0.87465,0.65308,1.28598,0.813,1.09988,0.00311125,0.00311125,0.00311125
837,8067.96,1.27734,0.83961,1.11654,0.94566,0.8,0.87516,0.65361,1.28551,0.81276,1.09966,0.003103,0.003103,0.003103
838,8077.65,1.287,0.8671,1.11837,0.94295,0.8,0.87529,0.6526,1.28425,0.81142,1.09939,0.00309475,0.00309475,0.00309475
839,8088.89,1.26577,0.84693,1.11779,0.94479,0.8,0.87585,0.65309,1.28229,0.81151,1.09847,0.0030865,0.0030865,0.0030865
840,8098.09,1.26806,0.84598,1.12636,0.93546,0.80178,0.87566,0.6539,1.28183,0.81136,1.09813,0.00307825,0.00307825,0.00307825
841,8107.39,1.298,0.87144,1.13693,0.94189,0.8,0.8757,0.65521,1.28042,0.8105,1.09727,0.00307,0.00307,0.00307
842,8116.91,1.28791,0.86645,1.13364,0.95165,0.79571,0.87564,0.65447,1.27857,0.80927,1.09631,0.00306175,0.00306175,0.00306175
843,8125.88,1.29858,0.86891,1.12484,0.9468,0.79515,0.87631,0.65658,1.27597,0.80912,1.09542,0.0030535,0.0030535,0.0030535
844,8136.56,1.29929,0.87317,1.13028,0.94394,0.79574,0.8765,0.65632,1.27555,0.8093,1.09516,0.00304525,0.00304525,0.00304525
845,8146.52,1.27013,0.83524,1.10986,0.93619,0.79574,0.8768,0.65758,1.2751,0.80806,1.0943,0.003037,0.003037,0.003037
846,8155.6,1.27492,0.83373,1.12358,0.93657,0.79574,0.8769,0.65594,1.27429,0.80815,1.09359,0.00302875,0.00302875,0.00302875
847,8164.67,1.27956,0.84425,1.11698,0.9371,0.79574,0.8774,0.65594,1.27404,0.80802,1.09277,0.0030205,0.0030205,0.0030205
848,8173.62,1.24645,0.83714,1.1157,0.93854,0.79574,0.87652,0.65687,1.27264,0.80789,1.09187,0.00301225,0.00301225,0.00301225
849,8183.73,1.26747,0.84701,1.11176,0.94166,0.79362,0.87734,0.65754,1.27119,0.80937,1.09131,0.003004,0.003004,0.003004
850,8194.2,1.26167,0.8347,1.11939,0.94414,0.7912,0.87758,0.65776,1.27035,0.8106,1.0911,0.00299575,0.00299575,0.00299575
851,8203.42,1.27568,0.84265,1.12052,0.94158,0.79574,0.87778,0.65811,1.26997,0.80937,1.0909,0.0029875,0.0029875,0.0029875
852,8212.57,1.2844,0.84225,1.11599,0.94085,0.79574,0.87774,0.65711,1.26863,0.80848,1.09043,0.00297925,0.00297925,0.00297925
853,8221.5,1.26624,0.83687,1.11666,0.9418,0.79184,0.87813,0.65677,1.26717,0.80822,1.0901,0.002971,0.002971,0.002971
854,8230.92,1.26916,0.83172,1.11796,0.93769,0.79574,0.87793,0.6581,1.2667,0.80698,1.08943,0.00296275,0.00296275,0.00296275
855,8242.38,1.2422,0.82948,1.11355,0.95162,0.79512,0.87853,0.65867,1.26707,0.80645,1.08869,0.0029545,0.0029545,0.0029545
856,8251.78,1.27739,0.85914,1.11904,0.95128,0.78936,0.87875,0.65916,1.26712,0.80535,1.08809,0.00294625,0.00294625,0.00294625
857,8261.06,1.29732,0.86881,1.1229,0.95596,0.78085,0.87856,0.65786,1.26745,0.80478,1.08767,0.002938,0.002938,0.002938
858,8270.15,1.26832,0.84936,1.11369,0.95485,0.78085,0.87971,0.65797,1.26648,0.80479,1.08731,0.00292975,0.00292975,0.00292975
859,8279.48,1.2678,0.83866,1.1171,0.96024,0.78085,0.87998,0.6571,1.26615,0.80482,1.08707,0.0029215,0.0029215,0.0029215
860,8290.64,1.26026,0.84623,1.11231,0.96066,0.78085,0.87986,0.65726,1.26598,0.80433,1.0864,0.00291325,0.00291325,0.00291325
861,8299.74,1.25825,0.83594,1.1143,0.96377,0.78085,0.8801,0.65865,1.26537,0.80403,1.08608,0.002905,0.002905,0.002905
862,8308.74,1.28493,0.85407,1.11092,0.96545,0.78085,0.88158,0.65867,1.2647,0.80342,1.08562,0.00289675,0.00289675,0.00289675
863,8317.74,1.26008,0.82855,1.11133,0.96583,0.77872,0.88195,0.65929,1.26356,0.80265,1.08537,0.0028885,0.0028885,0.0028885
864,8326.96,1.26622,0.84534,1.1149,0.96573,0.77944,0.88222,0.65995,1.26237,0.80193,1.08466,0.00288025,0.00288025,0.00288025
865,8338.48,1.26892,0.83812,1.12019,0.96572,0.77932,0.8822,0.66004,1.26156,0.80147,1.08397,0.002872,0.002872,0.002872
866,8348.62,1.26635,0.84011,1.11593,0.96828,0.7795,0.88204,0.66048,1.26104,0.80096,1.08347,0.00286375,0.00286375,0.00286375
867,8357.87,1.24582,0.83094,1.11202,0.97088,0.78041,0.8822,0.66094,1.26088,0.8,1.08307,0.0028555,0.0028555,0.0028555
868,8367.14,1.23535,0.83019,1.11002,0.96827,0.77912,0.8824,0.66108,1.26134,0.7991,1.08326,0.00284725,0.00284725,0.00284725
869,8376.36,1.23314,0.82398,1.11059,0.94653,0.79149,0.88235,0.66031,1.26115,0.79928,1.08278,0.002839,0.002839,0.002839
870,8386.43,1.25269,0.84211,1.10682,0.9514,0.79135,0.88257,0.6617,1.26088,0.79874,1.08216,0.00283075,0.00283075,0.00283075
871,8396.92,1.23877,0.82001,1.10033,0.94735,0.79149,0.88253,0.66172,1.26119,0.79721,1.08186,0.0028225,0.0028225,0.0028225
872,8406.17,1.26057,0.84208,1.11115,0.9486,0.79149,0.88267,0.66086,1.26127,0.79668,1.08142,0.00281425,0.00281425,0.00281425
873,8415.31,1.24973,0.82443,1.1122,0.94937,0.79798,0.88309,0.66166,1.26064,0.79583,1.08072,0.002806,0.002806,0.002806
874,8424.78,1.27083,0.84112,1.11192,0.94723,0.80207,0.88324,0.66124,1.26074,0.79409,1.08019,0.00279775,0.00279775,0.00279775
875,8435,1.23711,0.81383,1.10833,0.94649,0.80426,0.88334,0.66239,1.26093,0.79342,1.07985,0.0027895,0.0027895,0.0027895
876,8445.54,1.24357,0.83721,1.10136,0.94714,0.80426,0.88362,0.66316,1.26057,0.79271,1.07953,0.00278125,0.00278125,0.00278125
877,8454.83,1.27295,0.8358,1.11058,0.95445,0.8,0.88378,0.66247,1.26013,0.79208,1.07911,0.002773,0.002773,0.002773
878,8463.91,1.26988,0.84803,1.1064,0.95535,0.8,0.8848,0.6613,1.2599,0.79097,1.07856,0.00276475,0.00276475,0.00276475
879,8473.17,1.27337,0.83696,1.11118,0.95463,0.8,0.88448,0.66181,1.25883,0.79058,1.07803,0.0027565,0.0027565,0.0027565
880,8483.53,1.26283,0.83361,1.11142,0.95691,0.8,0.88476,0.66231,1.25831,0.79019,1.07788,0.00274825,0.00274825,0.00274825
881,8493.31,1.26139,0.83484,1.11306,0.95634,0.8,0.88524,0.66339,1.25795,0.78962,1.07759,0.00274,0.00274,0.00274
882,8502.53,1.24899,0.84035,1.11317,0.95575,0.8,0.88533,0.66247,1.25788,0.78822,1.0776,0.00273175,0.00273175,0.00273175
883,8511.47,1.22822,0.83036,1.10244,0.95537,0.8,0.88536,0.66281,1.25742,0.78696,1.0775,0.0027235,0.0027235,0.0027235
884,8520.51,1.25961,0.82552,1.10946,0.9568,0.80119,0.88539,0.66352,1.25644,0.78656,1.07724,0.00271525,0.00271525,0.00271525
885,8531.35,1.25102,0.84819,1.11059,0.95923,0.801,0.88545,0.66284,1.25594,0.78567,1.07692,0.002707,0.002707,0.002707
886,8541.72,1.23539,0.81962,1.10314,0.96164,0.80001,0.88539,0.66219,1.25551,0.78531,1.07685,0.00269875,0.00269875,0.00269875
887,8550.73,1.25622,0.82375,1.1026,0.96124,0.80213,0.88535,0.66421,1.25529,0.78368,1.07638,0.0026905,0.0026905,0.0026905
888,8559.98,1.24471,0.82655,1.10091,0.96174,0.80231,0.88504,0.66422,1.25428,0.78212,1.0757,0.00268225,0.00268225,0.00268225
889,8568.92,1.24424,0.82892,1.10701,0.95668,0.80426,0.88508,0.6641,1.25395,0.78112,1.07541,0.002674,0.002674,0.002674
890,8578.85,1.22545,0.81465,1.09148,0.95615,0.80426,0.88523,0.66433,1.25292,0.77962,1.07521,0.00266575,0.00266575,0.00266575
891,8589.54,1.24249,0.82777,1.10218,0.95873,0.80426,0.88545,0.66437,1.25207,0.77842,1.07493,0.0026575,0.0026575,0.0026575
892,8598.73,1.22023,0.81191,1.09272,0.95777,0.80426,0.88585,0.6635,1.25108,0.777,1.07438,0.00264925,0.00264925,0.00264925
893,8607.69,1.23723,0.80156,1.09274,0.95149,0.80426,0.88589,0.66328,1.2505,0.77575,1.0741,0.002641,0.002641,0.002641
894,8616.77,1.22554,0.81261,1.10416,0.95117,0.80426,0.88581,0.66445,1.25003,0.77501,1.07392,0.00263275,0.00263275,0.00263275
895,8626.48,1.23629,0.81496,1.10064,0.94632,0.80426,0.88605,0.66452,1.2485,0.77384,1.07354,0.0026245,0.0026245,0.0026245
896,8638.23,1.22999,0.83217,1.10546,0.94849,0.80426,0.88638,0.66439,1.24778,0.77241,1.07308,0.00261625,0.00261625,0.00261625
897,8648.58,1.22576,0.81154,1.09938,0.94834,0.80426,0.88637,0.66449,1.24688,0.77122,1.0724,0.002608,0.002608,0.002608
898,8659.83,1.23545,0.81265,1.09189,0.94826,0.80426,0.88671,0.66506,1.24553,0.77116,1.07195,0.00259975,0.00259975,0.00259975
899,8669.02,1.21576,0.80674,1.09964,0.94795,0.80426,0.88695,0.66535,1.24516,0.77117,1.07206,0.0025915,0.0025915,0.0025915
900,8678.34,1.20751,0.80617,1.08778,0.95041,0.80426,0.88692,0.66622,1.24352,0.77164,1.07179,0.00258325,0.00258325,0.00258325
901,8687.61,1.19961,0.78273,1.08464,0.95036,0.80426,0.88702,0.66646,1.24335,0.77158,1.07156,0.002575,0.002575,0.002575
902,8697.72,1.25203,0.82904,1.10172,0.94893,0.80426,0.88728,0.66591,1.24297,0.7724,1.07151,0.00256675,0.00256675,0.00256675
903,8708.31,1.22248,0.8161,1.09365,0.94738,0.80437,0.88742,0.66533,1.24233,0.77198,1.07084,0.0025585,0.0025585,0.0025585
904,8717.36,1.231,0.8205,1.10192,0.94875,0.80426,0.88726,0.66479,1.2418,0.77184,1.0704,0.00255025,0.00255025,0.00255025
905,8726.35,1.21572,0.81656,1.09962,0.94533,0.80851,0.88749,0.66397,1.24178,0.77268,1.07035,0.002542,0.002542,0.002542
906,8735.32,1.22406,0.80941,1.09834,0.94311,0.81123,0.88936,0.66505,1.24118,0.77297,1.07004,0.00253375,0.00253375,0.00253375
907,8744.55,1.23268,0.81567,1.10337,0.94312,0.81145,0.88941,0.66534,1.24062,0.7729,1.06967,0.0025255,0.0025255,0.0025255
908,8755.71,1.22385,0.81591,1.09718,0.94432,0.81277,0.88949,0.66514,1.24054,0.77225,1.06956,0.00251725,0.00251725,0.00251725
909,8765.69,1.20547,0.81652,1.09475,0.95256,0.81163,0.88956,0.66564,1.2399,0.77126,1.06919,0.002509,0.002509,0.002509
910,8776.75,1.22603,0.81344,1.095,0.94533,0.81277,0.88956,0.66563,1.23854,0.7713,1.06879,0.00250075,0.00250075,0.00250075
911,8786.43,1.22851,0.8036,1.10074,0.95219,0.81277,0.88952,0.66593,1.23704,0.77124,1.06827,0.0024925,0.0024925,0.0024925
912,8795.39,1.1921,0.77069,1.08592,0.94945,0.81489,0.88971,0.66688,1.23613,0.77061,1.06788,0.00248425,0.00248425,0.00248425
913,8804.62,1.19303,0.79757,1.08724,0.95353,0.81277,0.88949,0.66761,1.23492,0.77081,1.06777,0.002476,0.002476,0.002476
914,8813.91,1.21232,0.8005,1.09202,0.95494,0.81166,0.88963,0.66778,1.23461,0.76992,1.06753,0.00246775,0.00246775,0.00246775
915,8824.47,1.20559,0.79806,1.09188,0.95332,0.81064,0.89015,0.66956,1.23403,0.76874,1.06727,0.0024595,0.0024595,0.0024595
916,8834.74,1.19083,0.77509,1.09228,0.95492,0.81127,0.89031,0.6694,1.23337,0.76834,1.06742,0.00245125,0.00245125,0.00245125
917,8843.88,1.22904,0.79999,1.10015,0.95252,0.81097,0.89001,0.66844,1.2324,0.7673,1.0672,0.002443,0.002443,0.002443
918,8853.07,1.19855,0.79372,1.09074,0.95246,0.80984,0.8901,0.66936,1.23171,0.76697,1.06695,0.00243475,0.00243475,0.00243475
919,8862.21,1.22548,0.80878,1.09397,0.9524,0.80893,0.89039,0.66937,1.23128,0.76648,1.06681,0.0024265,0.0024265,0.0024265
920,8872.91,1.21487,0.78745,1.0859,0.95239,0.80861,0.89039,0.66961,1.23087,0.76574,1.06646,0.00241825,0.00241825,0.00241825
921,8883.1,1.22374,0.80524,1.09319,0.94765,0.80888,0.89027,0.6698,1.23103,0.76506,1.06631,0.00241,0.00241,0.00241
922,8892.33,1.20013,0.7924,1.08553,0.9523,0.80851,0.89061,0.66924,1.23126,0.76468,1.06635,0.00240175,0.00240175,0.00240175
923,8901.39,1.19022,0.78211,1.08267,0.95207,0.80851,0.89058,0.66955,1.2317,0.76467,1.06623,0.0023935,0.0023935,0.0023935
924,8910.59,1.22872,0.82726,1.10199,0.95567,0.80851,0.89076,0.6703,1.23082,0.76426,1.06599,0.00238525,0.00238525,0.00238525
925,8922.41,1.19455,0.79226,1.08814,0.95346,0.80851,0.89046,0.67045,1.22989,0.76424,1.06599,0.002377,0.002377,0.002377
926,8931.76,1.20316,0.80007,1.09456,0.95483,0.80958,0.89098,0.67073,1.22973,0.76379,1.06589,0.00236875,0.00236875,0.00236875
927,8941.07,1.19619,0.80649,1.09213,0.95355,0.80851,0.89088,0.66993,1.22911,0.76331,1.06579,0.0023605,0.0023605,0.0023605
928,8950.12,1.19811,0.78397,1.08784,0.95482,0.80929,0.89101,0.67023,1.22828,0.76337,1.06573,0.00235225,0.00235225,0.00235225
929,8959.38,1.22424,0.80327,1.09164,0.9572,0.80892,0.89144,0.67079,1.2275,0.76359,1.06567,0.002344,0.002344,0.002344
930,8971.43,1.2116,0.81001,1.09339,0.95718,0.80844,0.89153,0.67081,1.22732,0.7636,1.06588,0.00233575,0.00233575,0.00233575
931,8980.98,1.2169,0.80261,1.09516,0.95715,0.80798,0.89149,0.67145,1.22685,0.76405,1.06591,0.0023275,0.0023275,0.0023275
932,8990.31,1.19853,0.79618,1.08676,0.95715,0.80797,0.8913,0.6717,1.22652,0.76385,1.06575,0.00231925,0.00231925,0.00231925
933,8999.66,1.19932,0.79865,1.08294,0.95721,0.80913,0.89132,0.67132,1.22569,0.76373,1.06554,0.002311,0.002311,0.002311
934,9008.81,1.18697,0.78457,1.0844,0.9572,0.80886,0.89145,0.67218,1.22514,0.76334,1.06535,0.00230275,0.00230275,0.00230275
935,9019.89,1.20402,0.79458,1.08031,0.95662,0.80851,0.89148,0.67276,1.22432,0.76301,1.06499,0.0022945,0.0022945,0.0022945
936,9029.95,1.20345,0.79807,1.07906,0.95553,0.80638,0.89149,0.67273,1.22405,0.76274,1.06494,0.00228625,0.00228625,0.00228625
937,9038.93,1.19248,0.79454,1.08883,0.95477,0.80638,0.89159,0.67266,1.22372,0.76285,1.06479,0.002278,0.002278,0.002278
938,9047.96,1.20814,0.80355,1.088,0.95467,0.80662,0.89149,0.67195,1.22364,0.76272,1.06461,0.00226975,0.00226975,0.00226975
939,9057.04,1.16229,0.77789,1.07654,0.95467,0.80659,0.89162,0.67321,1.22338,0.76249,1.06438,0.0022615,0.0022615,0.0022615
940,9068.28,1.18006,0.78276,1.08496,0.95712,0.80742,0.89201,0.67292,1.22315,0.76188,1.0643,0.00225325,0.00225325,0.00225325
941,9078.35,1.18165,0.78827,1.08359,0.96014,0.80851,0.8918,0.67301,1.22279,0.76182,1.06405,0.002245,0.002245,0.002245
942,9087.18,1.20599,0.78838,1.09046,0.96045,0.80851,0.8921,0.6735,1.22209,0.76142,1.06379,0.00223675,0.00223675,0.00223675
943,9096.58,1.19746,0.78129,1.08718,0.96082,0.80851,0.89224,0.67348,1.22172,0.76116,1.06365,0.0022285,0.0022285,0.0022285
944,9105.58,1.18448,0.77599,1.08109,0.96419,0.80851,0.8923,0.67351,1.22166,0.7611,1.06335,0.00222025,0.00222025,0.00222025
945,9115.92,1.1911,0.77918,1.08575,0.96444,0.80777,0.89316,0.6734,1.22096,0.76074,1.06301,0.002212,0.002212,0.002212
946,9126.7,1.18295,0.77177,1.08452,0.9644,0.80701,0.89309,0.67403,1.22014,0.76066,1.06255,0.00220375,0.00220375,0.00220375
947,9136.04,1.16861,0.76422,1.07042,0.96357,0.80638,0.89313,0.67456,1.2197,0.76007,1.06231,0.0021955,0.0021955,0.0021955
948,9145.44,1.17185,0.77706,1.08431,0.9633,0.80638,0.89317,0.67423,1.21965,0.75932,1.06216,0.00218725,0.00218725,0.00218725
949,9154.49,1.19817,0.77743,1.08161,0.96324,0.80638,0.89321,0.67353,1.21878,0.759,1.06178,0.002179,0.002179,0.002179
950,9163.46,1.16161,0.763,1.07222,0.96433,0.80529,0.89334,0.6747,1.21792,0.75876,1.0615,0.00217075,0.00217075,0.00217075
951,9175.37,1.17041,0.7742,1.07917,0.96343,0.80426,0.89332,0.67496,1.21707,0.75784,1.06128,0.0021625,0.0021625,0.0021625
952,9185.73,1.19511,0.76632,1.08149,0.96466,0.80426,0.8933,0.67493,1.2169,0.75686,1.06094,0.00215425,0.00215425,0.00215425
953,9194.86,1.18656,0.78229,1.08529,0.96446,0.80426,0.89303,0.67479,1.21656,0.75637,1.06061,0.002146,0.002146,0.002146
954,9203.84,1.18668,0.77587,1.07628,0.96488,0.80426,0.89304,0.67438,1.21662,0.7562,1.06051,0.00213775,0.00213775,0.00213775
955,9212.78,1.15791,0.76913,1.07283,0.96681,0.80562,0.89303,0.67447,1.21657,0.75622,1.0607,0.0021295,0.0021295,0.0021295
956,9222.65,1.16647,0.78127,1.07892,0.9693,0.8061,0.89315,0.67504,1.21653,0.75583,1.06059,0.00212125,0.00212125,0.00212125
957,9233.58,1.18072,0.77439,1.08211,0.96891,0.80638,0.89309,0.67466,1.21625,0.75573,1.06048,0.002113,0.002113,0.002113
958,9242.52,1.17648,0.77601,1.08477,0.96936,0.80638,0.89324,0.67451,1.21646,0.75567,1.06054,0.00210475,0.00210475,0.00210475
959,9251.47,1.16554,0.75867,1.07112,0.97099,0.80638,0.89322,0.67479,1.21631,0.75623,1.06063,0.0020965,0.0020965,0.0020965
960,9260.5,1.17309,0.77627,1.0835,0.96971,0.80638,0.89324,0.6753,1.21619,0.75603,1.0604,0.00208825,0.00208825,0.00208825
961,9272.84,1.17287,0.76433,1.0716,0.97119,0.80638,0.89418,0.67601,1.2155,0.75498,1.06001,0.00208,0.00208,0.00208
962,9284.09,1.15722,0.75439,1.0752,0.97115,0.80638,0.8943,0.67682,1.21505,0.7542,1.05976,0.00207175,0.00207175,0.00207175
963,9293.24,1.16324,0.76781,1.06652,0.97261,0.80638,0.89444,0.67621,1.21495,0.75359,1.05955,0.0020635,0.0020635,0.0020635
964,9302.5,1.16901,0.76557,1.07775,0.97285,0.80638,0.89454,0.67592,1.21462,0.75326,1.05932,0.00205525,0.00205525,0.00205525
965,9311.6,1.17591,0.77867,1.07594,0.97302,0.80638,0.89465,0.67611,1.21419,0.75218,1.0591,0.002047,0.002047,0.002047
966,9320.58,1.1784,0.77777,1.07782,0.97286,0.80638,0.89477,0.67616,1.21389,0.7511,1.05872,0.00203875,0.00203875,0.00203875
967,9331.87,1.17265,0.76259,1.07433,0.97263,0.80638,0.89487,0.67612,1.21352,0.75084,1.05851,0.0020305,0.0020305,0.0020305
968,9341.95,1.15322,0.76715,1.06642,0.97273,0.80638,0.89495,0.67534,1.21296,0.75052,1.05838,0.00202225,0.00202225,0.00202225
969,9350.98,1.18811,0.77661,1.08959,0.97269,0.80638,0.89502,0.67559,1.21285,0.75048,1.05819,0.002014,0.002014,0.002014
970,9359.93,1.15961,0.76205,1.07586,0.97244,0.80638,0.89506,0.67473,1.21264,0.7499,1.05809,0.00200575,0.00200575,0.00200575
971,9368.97,1.16649,0.76739,1.07443,0.9725,0.80638,0.89506,0.6746,1.2124,0.74954,1.0579,0.0019975,0.0019975,0.0019975
972,9379.04,1.16554,0.77562,1.0763,0.9729,0.80638,0.89512,0.67511,1.21222,0.74914,1.05769,0.00198925,0.00198925,0.00198925
973,9389.77,1.18051,0.78482,1.07972,0.97382,0.80638,0.89528,0.67492,1.2124,0.74869,1.05753,0.001981,0.001981,0.001981
974,9398.84,1.16674,0.77308,1.07083,0.9745,0.80638,0.89542,0.67563,1.2117,0.74829,1.05727,0.00197275,0.00197275,0.00197275
975,9407.78,1.14739,0.76503,1.06993,0.97512,0.80638,0.89559,0.6757,1.2115,0.74782,1.05711,0.0019645,0.0019645,0.0019645
976,9416.71,1.16545,0.76366,1.06971,0.97604,0.80638,0.89569,0.67592,1.2111,0.74771,1.05693,0.00195625,0.00195625,0.00195625
977,9425.64,1.15287,0.75307,1.0688,0.97547,0.80638,0.89613,0.67595,1.21126,0.74758,1.05679,0.001948,0.001948,0.001948
978,9436.82,1.14256,0.74876,1.05732,0.97531,0.80638,0.89622,0.67643,1.21113,0.74736,1.05653,0.00193975,0.00193975,0.00193975
979,9446.82,1.14374,0.75542,1.06413,0.97611,0.80638,0.89642,0.67618,1.21089,0.74754,1.05647,0.0019315,0.0019315,0.0019315
980,9455.78,1.15349,0.76847,1.06739,0.97567,0.80638,0.89651,0.67604,1.21104,0.74729,1.05633,0.00192325,0.00192325,0.00192325
981,9464.76,1.14508,0.76446,1.06816,0.97499,0.80638,0.89691,0.67638,1.21098,0.74717,1.05614,0.001915,0.001915,0.001915
982,9473.79,1.13363,0.75782,1.06347,0.9739,0.80638,0.89688,0.67712,1.21077,0.74687,1.05586,0.00190675,0.00190675,0.00190675
983,9483.96,1.14864,0.75203,1.06544,0.96568,0.80851,0.89677,0.67729,1.21015,0.74669,1.05546,0.0018985,0.0018985,0.0018985
984,9494.44,1.16905,0.76752,1.07722,0.9659,0.80851,0.89688,0.67732,1.20949,0.74654,1.05515,0.00189025,0.00189025,0.00189025
985,9503.6,1.14339,0.75638,1.06921,0.97003,0.80851,0.89695,0.67701,1.20875,0.74644,1.05482,0.001882,0.001882,0.001882
986,9512.54,1.13687,0.73722,1.05984,0.96693,0.80873,0.89719,0.67794,1.20861,0.74589,1.05457,0.00187375,0.00187375,0.00187375
987,9521.73,1.15258,0.74787,1.06643,0.96694,0.80889,0.89699,0.67836,1.2079,0.74558,1.05432,0.0018655,0.0018655,0.0018655
988,9531.45,1.12515,0.74453,1.05442,0.96694,0.80891,0.897,0.67849,1.20764,0.74516,1.05429,0.00185725,0.00185725,0.00185725
989,9542.91,1.14811,0.74673,1.06395,0.96694,0.80891,0.89706,0.67883,1.20659,0.74524,1.05412,0.001849,0.001849,0.001849
990,9552.63,1.15783,0.75632,1.06847,0.96694,0.80895,0.89703,0.67986,1.2063,0.745,1.05404,0.00184075,0.00184075,0.00184075
991,9561.87,1.15972,0.75601,1.06849,0.96699,0.81015,0.89746,0.67984,1.20612,0.74441,1.05395,0.0018325,0.0018325,0.0018325
992,9571.08,1.15495,0.76541,1.06725,0.96703,0.81122,0.89742,0.68017,1.20582,0.7442,1.05388,0.00182425,0.00182425,0.00182425
993,9580.35,1.15455,0.74947,1.06179,0.96702,0.81095,0.89743,0.67989,1.20559,0.74406,1.0538,0.001816,0.001816,0.001816
994,9591.12,1.14411,0.75278,1.07387,0.96703,0.81128,0.89749,0.67993,1.20507,0.74401,1.05374,0.00180775,0.00180775,0.00180775
995,9601.33,1.16754,0.77268,1.07774,0.97159,0.80851,0.89746,0.68093,1.20488,0.74364,1.05351,0.0017995,0.0017995,0.0017995
996,9610.54,1.13701,0.75235,1.05991,0.97283,0.80851,0.89748,0.68124,1.20438,0.74303,1.0534,0.00179125,0.00179125,0.00179125
997,9620.07,1.11798,0.72895,1.05519,0.97435,0.80835,0.89736,0.682,1.20402,0.74292,1.05342,0.001783,0.001783,0.001783
998,9629.35,1.1129,0.73294,1.058,0.97499,0.80638,0.89733,0.68223,1.2034,0.74268,1.05319,0.00177475,0.00177475,0.00177475
999,9639.48,1.15905,0.76808,1.06794,0.97452,0.80638,0.89756,0.68244,1.2033,0.74235,1.05313,0.0017665,0.0017665,0.0017665
1000,9650.27,1.14857,0.75115,1.06264,0.97432,0.80724,0.89775,0.68247,1.20267,0.74223,1.05306,0.00175825,0.00175825,0.00175825
1001,9659.44,1.14745,0.7432,1.06109,0.97434,0.80802,0.89765,0.68188,1.20225,0.74237,1.05322,0.00175,0.00175,0.00175
1002,9668.39,1.1447,0.74971,1.06328,0.97311,0.80851,0.89761,0.68263,1.20159,0.74262,1.05318,0.00174175,0.00174175,0.00174175
1003,9677.58,1.14235,0.75191,1.06683,0.9729,0.80851,0.89757,0.68148,1.2012,0.74231,1.05272,0.0017335,0.0017335,0.0017335
1004,9687,1.11371,0.73569,1.05297,0.97307,0.81064,0.89773,0.68234,1.20051,0.74208,1.05245,0.00172525,0.00172525,0.00172525
1005,9697.81,1.1647,0.75258,1.06387,0.97228,0.81064,0.89785,0.68283,1.20009,0.74194,1.0523,0.001717,0.001717,0.001717
1006,9707.62,1.14878,0.7481,1.05929,0.97225,0.81064,0.89786,0.6825,1.1999,0.74183,1.05197,0.00170875,0.00170875,0.00170875
1007,9716.58,1.12651,0.738,1.05455,0.9669,0.81064,0.89805,0.68284,1.19967,0.74149,1.05192,0.0017005,0.0017005,0.0017005
1008,9725.74,1.13849,0.74755,1.0641,0.96676,0.81064,0.89801,0.68317,1.19946,0.74106,1.05184,0.00169225,0.00169225,0.00169225
1009,9734.91,1.14958,0.75353,1.06408,0.96643,0.81064,0.89808,0.68291,1.19902,0.74092,1.0517,0.001684,0.001684,0.001684
1010,9745.67,1.12327,0.73155,1.05682,0.96577,0.81064,0.8981,0.68368,1.19871,0.74012,1.0515,0.00167575,0.00167575,0.00167575
1011,9756.23,1.11154,0.73027,1.04652,0.96624,0.81064,0.89825,0.68421,1.19826,0.73995,1.05125,0.0016675,0.0016675,0.0016675
1012,9765.56,1.11149,0.7239,1.05068,0.96694,0.81064,0.89832,0.68378,1.19792,0.73947,1.05111,0.00165925,0.00165925,0.00165925
1013,9774.51,1.12504,0.73571,1.05402,0.96681,0.81064,0.8983,0.68386,1.19752,0.7391,1.05089,0.001651,0.001651,0.001651
1014,9783.45,1.13087,0.74518,1.05563,0.96683,0.81064,0.89823,0.68384,1.19719,0.73906,1.05081,0.00164275,0.00164275,0.00164275
1015,9793.31,1.13237,0.73444,1.05633,0.96677,0.81064,0.8982,0.68534,1.19675,0.73911,1.05083,0.0016345,0.0016345,0.0016345
1016,9804.16,1.13027,0.74573,1.05559,0.96688,0.81064,0.89827,0.68491,1.1966,0.73931,1.0508,0.00162625,0.00162625,0.00162625
1017,9813.26,1.12329,0.73324,1.05376,0.96707,0.81064,0.89841,0.68391,1.19637,0.73904,1.05065,0.001618,0.001618,0.001618
1018,9822.42,1.13686,0.75198,1.06446,0.96748,0.81064,0.89823,0.68416,1.19608,0.73907,1.05059,0.00160975,0.00160975,0.00160975
1019,9831.47,1.1288,0.75684,1.06626,0.96733,0.81064,0.89819,0.68472,1.19578,0.73867,1.05052,0.0016015,0.0016015,0.0016015
1020,9840.49,1.13785,0.73937,1.05378,0.9674,0.81064,0.89815,0.6852,1.19544,0.73851,1.05031,0.00159325,0.00159325,0.00159325
1021,9851.82,1.10266,0.72224,1.04932,0.9675,0.81064,0.89826,0.68487,1.19509,0.73891,1.04998,0.001585,0.001585,0.001585
1022,9861.72,1.15759,0.76262,1.0677,0.96709,0.81064,0.89815,0.68528,1.19475,0.7388,1.04984,0.00157675,0.00157675,0.00157675
1023,9870.67,1.1139,0.72337,1.05504,0.96702,0.81095,0.89824,0.68529,1.19455,0.73823,1.04956,0.0015685,0.0015685,0.0015685
1024,9879.59,1.1262,0.7391,1.05901,0.96702,0.81108,0.89827,0.68499,1.19434,0.73791,1.04935,0.00156025,0.00156025,0.00156025
1025,9888.53,1.11187,0.72092,1.05508,0.96702,0.81091,0.89822,0.68534,1.19405,0.73791,1.04908,0.001552,0.001552,0.001552
1026,9898.61,1.10364,0.7173,1.04915,0.96702,0.81095,0.89721,0.68518,1.194,0.73735,1.04921,0.00154375,0.00154375,0.00154375
1027,9908.95,1.11136,0.71758,1.05805,0.96703,0.81122,0.89838,0.68481,1.1939,0.73771,1.0489,0.0015355,0.0015355,0.0015355
1028,9917.9,1.12082,0.72566,1.05597,0.96703,0.81138,0.89836,0.68499,1.1939,0.73782,1.04884,0.00152725,0.00152725,0.00152725
1029,9926.92,1.13638,0.7358,1.06092,0.96704,0.81148,0.89843,0.68491,1.19371,0.73769,1.04858,0.001519,0.001519,0.001519
1030,9936.16,1.09891,0.72921,1.05099,0.96705,0.81166,0.89855,0.68487,1.19369,0.73769,1.04862,0.00151075,0.00151075,0.00151075
1031,9945.68,1.10252,0.72328,1.04345,0.96707,0.81217,0.89874,0.6846,1.19333,0.73807,1.04821,0.0015025,0.0015025,0.0015025
1032,9957.18,1.11142,0.71818,1.05325,0.96701,0.81065,0.89883,0.68455,1.19295,0.7379,1.04805,0.00149425,0.00149425,0.00149425
1033,9966.86,1.11631,0.73201,1.05315,0.96765,0.81064,0.89895,0.6844,1.19268,0.73826,1.048,0.001486,0.001486,0.001486
1034,9976.04,1.11122,0.73893,1.06007,0.96717,0.81487,0.89924,0.68514,1.19257,0.73818,1.04792,0.00147775,0.00147775,0.00147775
1035,9985.2,1.1204,0.72784,1.06253,0.96702,0.81489,0.89958,0.68519,1.19237,0.7384,1.04789,0.0014695,0.0014695,0.0014695
1036,9994.58,1.10791,0.71779,1.04807,0.96624,0.81489,0.89938,0.68557,1.19233,0.7381,1.04791,0.00146125,0.00146125,0.00146125
1037,10005.2,1.10743,0.73288,1.05464,0.9662,0.81489,0.89973,0.68586,1.19228,0.73777,1.04803,0.001453,0.001453,0.001453
1038,10016.8,1.12663,0.72272,1.05843,0.96885,0.81489,0.89983,0.68627,1.1923,0.73789,1.04809,0.00144475,0.00144475,0.00144475
1039,10026.7,1.10143,0.72083,1.0473,0.96846,0.81489,0.89997,0.68667,1.1922,0.73775,1.04815,0.0014365,0.0014365,0.0014365
1040,10036.2,1.14979,0.73934,1.0626,0.96886,0.81489,0.90001,0.68696,1.19237,0.73764,1.04821,0.00142825,0.00142825,0.00142825
1041,10045.4,1.11943,0.73019,1.05514,0.969,0.81489,0.90004,0.68644,1.1922,0.73767,1.04826,0.00142,0.00142,0.00142
1042,10054.4,1.1019,0.71864,1.04791,0.96933,0.81489,0.9001,0.68692,1.19204,0.73777,1.04826,0.00141175,0.00141175,0.00141175
1043,10063.7,1.1317,0.74302,1.0548,0.96961,0.81449,0.90014,0.68658,1.19179,0.73761,1.04825,0.0014035,0.0014035,0.0014035
1044,10074.1,1.09765,0.71531,1.04055,0.9696,0.8143,0.9001,0.68632,1.1916,0.73765,1.0481,0.00139525,0.00139525,0.00139525
1045,10085.8,1.0968,0.72481,1.04859,0.9696,0.81438,0.90015,0.68679,1.1917,0.73745,1.04814,0.001387,0.001387,0.001387
1046,10095.4,1.09986,0.71346,1.04463,0.96959,0.81407,0.90023,0.68662,1.19146,0.73701,1.04805,0.00137875,0.00137875,0.00137875
1047,10104.6,1.09533,0.72877,1.04705,0.96958,0.81389,0.90028,0.68661,1.19136,0.73692,1.04792,0.0013705,0.0013705,0.0013705
1048,10113.7,1.09501,0.71006,1.04852,0.9687,0.81277,0.90013,0.68635,1.19097,0.73667,1.04792,0.00136225,0.00136225,0.00136225
1049,10122.8,1.11096,0.73373,1.05083,0.96823,0.81277,0.9003,0.68683,1.191,0.73638,1.0478,0.001354,0.001354,0.001354
1050,10133.5,1.10234,0.71443,1.04828,0.96715,0.81277,0.90036,0.68743,1.19059,0.73596,1.04776,0.00134575,0.00134575,0.00134575
1051,10144.7,1.09825,0.71239,1.04615,0.96709,0.81282,0.90032,0.6878,1.19045,0.73557,1.04761,0.0013375,0.0013375,0.0013375
1052,10153.9,1.11292,0.71377,1.04821,0.9671,0.81317,0.90027,0.68776,1.19031,0.73534,1.04769,0.00132925,0.00132925,0.00132925
1053,10162.9,1.10536,0.72045,1.0422,0.96712,0.81354,0.90022,0.68781,1.19028,0.73467,1.04787,0.001321,0.001321,0.001321
1054,10172.2,1.10293,0.72818,1.05143,0.9671,0.81299,0.90017,0.68689,1.19029,0.73476,1.04792,0.00131275,0.00131275,0.00131275
1055,10181.7,1.10843,0.72957,1.06363,0.9671,0.81315,0.90009,0.68643,1.18998,0.73459,1.04786,0.0013045,0.0013045,0.0013045
1056,10192.6,1.10716,0.72858,1.05411,0.96711,0.8132,0.90008,0.68644,1.18978,0.7343,1.04786,0.00129625,0.00129625,0.00129625
1057,10202.7,1.06903,0.70447,1.04425,0.96704,0.81147,0.90015,0.68672,1.18957,0.7339,1.04777,0.001288,0.001288,0.001288
1058,10211.7,1.0835,0.71609,1.04794,0.96738,0.81064,0.90018,0.68739,1.18936,0.73376,1.04774,0.00127975,0.00127975,0.00127975
1059,10220.7,1.04536,0.68578,1.02594,0.96733,0.81064,0.90015,0.6879,1.18923,0.73369,1.04771,0.0012715,0.0012715,0.0012715
1060,10230,1.09499,0.7017,1.03924,0.9678,0.81064,0.90017,0.68814,1.18881,0.73312,1.04759,0.00126325,0.00126325,0.00126325
1061,10240.7,1.09052,0.71897,1.04833,0.96791,0.81064,0.90092,0.68785,1.18839,0.73291,1.0475,0.001255,0.001255,0.001255
1062,10251.1,1.07453,0.70274,1.03855,0.96827,0.81064,0.90087,0.68776,1.1881,0.73269,1.04739,0.00124675,0.00124675,0.00124675
1063,10260.8,1.09311,0.71292,1.04491,0.96957,0.81064,0.90093,0.68847,1.18778,0.73232,1.04738,0.0012385,0.0012385,0.0012385
1064,10270.1,1.06377,0.7104,1.03574,0.96958,0.81064,0.90104,0.68849,1.1877,0.73214,1.04732,0.00123025,0.00123025,0.00123025
1065,10279.3,1.11428,0.72256,1.05179,0.96782,0.81064,0.90103,0.68891,1.18728,0.73203,1.04715,0.001222,0.001222,0.001222
1066,10288.5,1.08468,0.70242,1.0406,0.96927,0.81064,0.90116,0.68909,1.18702,0.73157,1.0471,0.00121375,0.00121375,0.00121375
1067,10298.7,1.06077,0.6854,1.0353,0.96947,0.81071,0.90128,0.68906,1.18695,0.73149,1.047,0.0012055,0.0012055,0.0012055
1068,10309.2,1.1053,0.70885,1.03977,0.96947,0.81076,0.90137,0.68946,1.18646,0.73116,1.04682,0.00119725,0.00119725,0.00119725
1069,10320.2,1.09916,0.71744,1.0394,0.96948,0.81105,0.90141,0.68909,1.1862,0.73093,1.04665,0.001189,0.001189,0.001189
1070,10330.3,1.12623,0.72753,1.04753,0.96948,0.81109,0.90151,0.6891,1.18585,0.73074,1.04663,0.00118075,0.00118075,0.00118075
1071,10339.4,1.07819,0.71088,1.04859,0.96949,0.8113,0.9016,0.68919,1.18504,0.73094,1.04629,0.0011725,0.0011725,0.0011725
1072,10348.4,1.1148,0.72667,1.05234,0.9686,0.81064,0.90165,0.68924,1.18459,0.73046,1.04622,0.00116425,0.00116425,0.00116425
1073,10357.4,1.07616,0.71724,1.04425,0.96947,0.81078,0.90162,0.68936,1.18415,0.73038,1.04622,0.001156,0.001156,0.001156
1074,10367.2,1.07533,0.70381,1.03555,0.96948,0.81109,0.90157,0.68978,1.18389,0.73007,1.04617,0.00114775,0.00114775,0.00114775
1075,10378.1,1.06253,0.7022,1.03551,0.96687,0.81489,0.90158,0.69052,1.18351,0.72981,1.04607,0.0011395,0.0011395,0.0011395
1076,10387.3,1.066,0.69416,1.04261,0.96608,0.81489,0.90165,0.69038,1.1828,0.72939,1.04601,0.00113125,0.00113125,0.00113125
1077,10396.3,1.08836,0.70458,1.03369,0.9663,0.81489,0.90153,0.6903,1.18221,0.729,1.04572,0.001123,0.001123,0.001123
1078,10405.2,1.07915,0.70833,1.03736,0.96618,0.81489,0.9016,0.69109,1.18155,0.72856,1.04557,0.00111475,0.00111475,0.00111475
1079,10414.4,1.06427,0.68932,1.03316,0.96686,0.81489,0.90163,0.69103,1.18137,0.72833,1.04547,0.0011065,0.0011065,0.0011065
1080,10424.7,1.08872,0.71543,1.04875,0.96699,0.81489,0.90152,0.69122,1.18109,0.72804,1.04545,0.00109825,0.00109825,0.00109825
1081,10435.3,1.07561,0.70811,1.0405,0.96714,0.81413,0.90156,0.69161,1.18076,0.72773,1.04524,0.00109,0.00109,0.00109
1082,10444.5,1.0864,0.72104,1.0488,0.96957,0.81361,0.90191,0.6922,1.18061,0.72723,1.04516,0.00108175,0.00108175,0.00108175
1083,10453.6,1.07471,0.70302,1.03265,0.96703,0.81136,0.9019,0.69203,1.18031,0.72694,1.04501,0.0010735,0.0010735,0.0010735
1084,10462.8,1.05231,0.68484,1.02651,0.96947,0.81084,0.90198,0.69173,1.18008,0.72663,1.0449,0.00106525,0.00106525,0.00106525
1085,10472.6,1.05897,0.68752,1.03118,0.96947,0.81067,0.90191,0.69219,1.17972,0.72655,1.0448,0.001057,0.001057,0.001057
1086,10482.9,1.05276,0.68801,1.03104,0.97019,0.81064,0.90196,0.69236,1.1792,0.72596,1.04464,0.00104875,0.00104875,0.00104875
1087,10492.2,1.09853,0.71114,1.04347,0.97026,0.81064,0.90198,0.69214,1.17891,0.72582,1.04448,0.0010405,0.0010405,0.0010405
1088,10501.2,1.05358,0.69269,1.03081,0.97116,0.81064,0.90206,0.69286,1.17874,0.72577,1.04442,0.00103225,0.00103225,0.00103225
1089,10510.4,1.07414,0.70977,1.03648,0.97018,0.81064,0.90214,0.69227,1.17811,0.72579,1.04424,0.001024,0.001024,0.001024
1090,10519.7,1.07393,0.70307,1.03081,0.97113,0.81064,0.90221,0.6925,1.1781,0.72517,1.04426,0.00101575,0.00101575,0.00101575
1091,10530.6,1.06083,0.68688,1.04339,0.97161,0.81064,0.90242,0.69332,1.17773,0.7253,1.04406,0.0010075,0.0010075,0.0010075
1092,10540.1,1.05442,0.69683,1.02901,0.97168,0.81064,0.90237,0.69345,1.17759,0.72498,1.04403,0.00099925,0.00099925,0.00099925
1093,10549.4,1.07605,0.70613,1.03484,0.97145,0.81064,0.9024,0.69375,1.17739,0.72483,1.04392,0.000991,0.000991,0.000991
1094,10558.6,1.06999,0.69312,1.03938,0.97136,0.81064,0.90245,0.69286,1.17706,0.72472,1.04368,0.00098275,0.00098275,0.00098275
1095,10567.6,1.06168,0.68922,1.02735,0.97196,0.81129,0.90238,0.69336,1.17667,0.72438,1.04361,0.0009745,0.0009745,0.0009745
1096,10578.4,1.08015,0.70849,1.03778,0.97195,0.81098,0.90241,0.69327,1.1763,0.72435,1.04349,0.00096625,0.00096625,0.00096625
1097,10588.3,1.08335,0.71213,1.03853,0.97196,0.81114,0.90244,0.6928,1.1762,0.72414,1.04337,0.000958,0.000958,0.000958
1098,10597.4,1.05576,0.68978,1.03117,0.97197,0.81155,0.90245,0.69367,1.1758,0.72432,1.04324,0.00094975,0.00094975,0.00094975
1099,10606.3,1.04799,0.68425,1.02713,0.97196,0.81114,0.9025,0.69368,1.17563,0.72393,1.04312,0.0009415,0.0009415,0.0009415
1100,10615.5,1.07697,0.69732,1.03538,0.93175,0.8423,0.90252,0.69412,1.17541,0.72366,1.04305,0.00093325,0.00093325,0.00093325
1101,10625.5,1.05487,0.69411,1.03403,0.93176,0.8425,0.90255,0.69371,1.17508,0.72372,1.04291,0.000925,0.000925,0.000925
1102,10635.2,1.05422,0.69226,1.03303,0.9317,0.84168,0.9026,0.69379,1.17499,0.72347,1.0428,0.00091675,0.00091675,0.00091675
1103,10644.2,1.0667,0.69401,1.04446,0.93169,0.8416,0.90256,0.69431,1.17502,0.72326,1.04278,0.0009085,0.0009085,0.0009085
1104,10653.5,1.068,0.69434,1.03392,0.93162,0.84067,0.9026,0.69405,1.17468,0.72294,1.0426,0.00090025,0.00090025,0.00090025
1105,10662.5,1.06782,0.70811,1.02494,0.93172,0.84043,0.90272,0.69411,1.17468,0.72274,1.04254,0.000892,0.000892,0.000892
1106,10672.2,1.02737,0.67607,1.02749,0.93174,0.84043,0.90254,0.69405,1.1745,0.72273,1.04243,0.00088375,0.00088375,0.00088375
1107,10682.4,1.08439,0.71447,1.04565,0.93181,0.84043,0.90253,0.69426,1.17438,0.72265,1.04243,0.0008755,0.0008755,0.0008755
1108,10691.3,1.04854,0.69343,1.02983,0.93175,0.84043,0.9025,0.69323,1.17419,0.7225,1.04239,0.00086725,0.00086725,0.00086725
1109,10700.3,1.04653,0.69668,1.02795,0.9317,0.84043,0.90259,0.69321,1.17391,0.72219,1.04227,0.000859,0.000859,0.000859
1110,10709.3,1.07695,0.69877,1.03718,0.93184,0.84043,0.90268,0.69282,1.17343,0.72184,1.04215,0.00085075,0.00085075,0.00085075
1111,10718.6,1.04219,0.68305,1.02154,0.93393,0.84208,0.90269,0.69322,1.17324,0.72192,1.04201,0.0008425,0.0008425,0.0008425
1112,10729.9,1.07052,0.70024,1.03266,0.93391,0.8419,0.9027,0.69324,1.17318,0.72176,1.04204,0.00083425,0.00083425,0.00083425
1113,10738.9,1.03725,0.68931,1.02998,0.93245,0.84043,0.90311,0.69384,1.17282,0.72171,1.04203,0.000826,0.000826,0.000826
1114,10748,1.05711,0.68878,1.02787,0.93389,0.84161,0.90166,0.69335,1.17262,0.72157,1.04189,0.00081775,0.00081775,0.00081775
1115,10757.1,1.03439,0.68155,1.02543,0.9339,0.84176,0.90177,0.69341,1.17244,0.72156,1.04184,0.0008095,0.0008095,0.0008095
1116,10766.2,1.03032,0.67237,1.02297,0.93388,0.8415,0.90167,0.69334,1.17244,0.72154,1.04176,0.00080125,0.00080125,0.00080125
1117,10776.7,1.0758,0.70611,1.0385,0.93388,0.84137,0.90172,0.69354,1.17235,0.72139,1.04169,0.000793,0.000793,0.000793
1118,10786.4,1.06336,0.69764,1.03531,0.93387,0.84126,0.90179,0.69319,1.17227,0.72132,1.04155,0.00078475,0.00078475,0.00078475
1119,10795.5,1.0447,0.68008,1.03375,0.93386,0.84123,0.90177,0.69328,1.17242,0.72104,1.0415,0.0007765,0.0007765,0.0007765
1120,10804.7,1.03309,0.67887,1.01823,0.93386,0.84114,0.9017,0.69368,1.17229,0.72097,1.04145,0.00076825,0.00076825,0.00076825
1121,10813.8,1.05028,0.68626,1.03224,0.93384,0.84083,0.90179,0.69421,1.17174,0.72096,1.0413,0.00076,0.00076,0.00076
1122,10823,1.04395,0.69525,1.03027,0.93382,0.84055,0.90175,0.69453,1.17153,0.72076,1.04118,0.00075175,0.00075175,0.00075175
1123,10834,1.05681,0.6884,1.03362,0.93486,0.84043,0.90179,0.69424,1.17127,0.72061,1.04099,0.0007435,0.0007435,0.0007435
1124,10844.4,1.01893,0.66511,1.02629,0.93392,0.84043,0.90181,0.69437,1.1711,0.72063,1.04087,0.00073525,0.00073525,0.00073525
1125,10853.4,1.03837,0.67551,1.02463,0.93423,0.84043,0.90179,0.69394,1.17118,0.72035,1.04076,0.000727,0.000727,0.000727
1126,10862.3,1.03061,0.66515,1.02225,0.93437,0.84043,0.90181,0.69403,1.17067,0.72065,1.0406,0.00071875,0.00071875,0.00071875
1127,10871.3,1.05428,0.69525,1.02934,0.93423,0.84043,0.9019,0.69462,1.17083,0.72053,1.04049,0.0007105,0.0007105,0.0007105
1128,10881.2,1.04541,0.68803,1.02642,0.93442,0.84043,0.9019,0.69515,1.17076,0.72042,1.04039,0.00070225,0.00070225,0.00070225
1129,10892.6,1.04168,0.68023,1.02275,0.93453,0.84043,0.90195,0.69517,1.17074,0.72032,1.04031,0.000694,0.000694,0.000694
1130,10901.9,1.05468,0.69419,1.03231,0.9345,0.84043,0.90216,0.6952,1.17053,0.72038,1.04014,0.00068575,0.00068575,0.00068575
1131,10911,1.03901,0.68401,1.0264,0.93457,0.84043,0.90218,0.69623,1.17047,0.7199,1.04014,0.0006775,0.0006775,0.0006775
1132,10920.3,1.05455,0.70822,1.03617,0.93471,0.84043,0.90226,0.69629,1.17034,0.71972,1.04,0.00066925,0.00066925,0.00066925
1133,10929.6,1.06678,0.69746,1.03791,0.93473,0.84043,0.90227,0.69637,1.17028,0.71975,1.03991,0.000661,0.000661,0.000661
1134,10940.3,1.0495,0.68391,1.0262,0.93482,0.84043,0.90229,0.69576,1.17019,0.71955,1.03978,0.00065275,0.00065275,0.00065275
1135,10950.5,1.04609,0.6922,1.02982,0.93478,0.84043,0.90231,0.69588,1.17025,0.71948,1.03971,0.0006445,0.0006445,0.0006445
1136,10959.5,1.05604,0.67843,1.02743,0.93489,0.84043,0.90231,0.69591,1.17006,0.71915,1.03955,0.00063625,0.00063625,0.00063625
1137,10968.5,1.02208,0.67164,1.02206,0.93487,0.84043,0.90223,0.69598,1.17022,0.71895,1.03965,0.000628,0.000628,0.000628
1138,10977.5,1.0267,0.67257,1.02331,0.93391,0.84183,0.90224,0.69669,1.17005,0.71872,1.03947,0.00061975,0.00061975,0.00061975
1139,10987.9,1.0387,0.68316,1.02448,0.93398,0.84273,0.90221,0.69616,1.16997,0.71863,1.03937,0.0006115,0.0006115,0.0006115
1140,10998.6,1.04402,0.68655,1.03102,0.93398,0.84277,0.90216,0.69597,1.16969,0.71871,1.03918,0.00060325,0.00060325,0.00060325
1141,11007.9,1.04692,0.6858,1.02264,0.93399,0.84291,0.90219,0.69645,1.16953,0.71871,1.03908,0.000595,0.000595,0.000595
1142,11016.9,1.0359,0.68772,1.02845,0.93401,0.84316,0.90218,0.69618,1.16953,0.71842,1.03904,0.00058675,0.00058675,0.00058675
1143,11025.8,1.02117,0.68062,1.02394,0.93399,0.8429,0.90228,0.69635,1.16949,0.7183,1.03899,0.0005785,0.0005785,0.0005785
1144,11034.8,1.04379,0.67379,1.02636,0.93399,0.84289,0.90222,0.69624,1.16941,0.71816,1.03896,0.00057025,0.00057025,0.00057025
1145,11045.3,1.00036,0.6561,1.01826,0.93397,0.84272,0.90236,0.69613,1.16908,0.71821,1.03881,0.000562,0.000562,0.000562
1146,11055.3,1.01231,0.66009,1.01289,0.93397,0.8426,0.90241,0.69591,1.16902,0.71809,1.0387,0.00055375,0.00055375,0.00055375
1147,11064.4,1.01429,0.67477,1.02609,0.934,0.84304,0.9024,0.69658,1.16881,0.71783,1.03869,0.0005455,0.0005455,0.0005455
1148,11073.6,1.04867,0.69473,1.03258,0.93397,0.84267,0.90243,0.6964,1.16844,0.71805,1.03854,0.00053725,0.00053725,0.00053725
1149,11082.6,0.99835,0.65791,1.01183,0.93614,0.84216,0.90246,0.69643,1.16844,0.71788,1.03848,0.000529,0.000529,0.000529
1150,11092.5,1.0428,0.68177,1.02735,0.93402,0.84331,0.90246,0.69616,1.16811,0.7179,1.03832,0.00052075,0.00052075,0.00052075
1151,11103.4,1.00626,0.66945,1.01761,0.93418,0.84551,0.90246,0.69635,1.16801,0.71787,1.03822,0.0005125,0.0005125,0.0005125
1152,11112.4,0.99594,0.64808,1.00887,0.9342,0.84585,0.90254,0.69642,1.16835,0.71707,1.03843,0.00050425,0.00050425,0.00050425
1153,11121.3,1.00729,0.6754,1.01729,0.9342,0.84579,0.90256,0.69626,1.16814,0.71717,1.03837,0.000496,0.000496,0.000496
1154,11130.2,1.03505,0.67905,1.02771,0.93422,0.84602,0.90268,0.69609,1.16806,0.71705,1.03834,0.00048775,0.00048775,0.00048775
1155,11139.2,1.00137,0.66022,1.01945,0.93384,0.84681,0.90272,0.69613,1.16783,0.71694,1.03822,0.0004795,0.0004795,0.0004795
1156,11150,1.02438,0.6805,1.0201,0.93426,0.84657,0.90273,0.69629,1.16768,0.71678,1.03809,0.00047125,0.00047125,0.00047125
1157,11160.2,1.03475,0.689,1.02102,0.93396,0.84681,0.90278,0.69652,1.16746,0.71668,1.03805,0.000463,0.000463,0.000463
1158,11169.2,1.00582,0.66829,1.0175,0.93418,0.84681,0.90283,0.6966,1.16723,0.7165,1.03795,0.00045475,0.00045475,0.00045475
1159,11178.2,1.01966,0.67587,1.02792,0.93423,0.84616,0.90282,0.69654,1.16706,0.7164,1.03781,0.0004465,0.0004465,0.0004465
1160,11187.5,1.0018,0.6611,1.01572,0.9342,0.84588,0.90292,0.69641,1.16694,0.71634,1.03763,0.00043825,0.00043825,0.00043825
1161,11197,1.02683,0.68102,1.02158,0.93422,0.84611,0.90291,0.69624,1.16687,0.71633,1.0376,0.00043,0.00043,0.00043
1162,11208.1,1.00267,0.66386,1.01632,0.93428,0.84689,0.90296,0.69618,1.16671,0.71602,1.03748,0.00042175,0.00042175,0.00042175
1163,11218,1.02526,0.68461,1.025,0.93425,0.84651,0.90301,0.69603,1.16665,0.71606,1.03745,0.0004135,0.0004135,0.0004135
1164,11227,1.0192,0.6591,1.01808,0.93436,0.84798,0.90308,0.69627,1.1665,0.71579,1.03733,0.00040525,0.00040525,0.00040525
1165,11235.9,1.01823,0.68685,1.02815,0.93429,0.84701,0.90312,0.69613,1.16635,0.71557,1.03727,0.000397,0.000397,0.000397
1166,11245,1.01002,0.67047,1.01781,0.93428,0.8469,0.90317,0.69619,1.16611,0.71558,1.03718,0.00038875,0.00038875,0.00038875
1167,11255.1,1.01974,0.67806,1.02589,0.93429,0.84708,0.90316,0.69636,1.16611,0.71541,1.03713,0.0003805,0.0003805,0.0003805
1168,11266.3,0.9799,0.63843,1.00152,0.93651,0.8473,0.90332,0.69619,1.16593,0.71526,1.03695,0.00037225,0.00037225,0.00037225
1169,11276.3,1.03307,0.67268,1.0234,0.93651,0.84742,0.90334,0.69627,1.16578,0.71509,1.03693,0.000364,0.000364,0.000364
1170,11285.3,0.97759,0.63217,1.00464,0.93651,0.84738,0.90357,0.69636,1.1655,0.71514,1.03682,0.00035575,0.00035575,0.00035575
1171,11294.4,0.99769,0.66344,1.01684,0.93653,0.84759,0.90368,0.69674,1.16537,0.71507,1.03678,0.0003475,0.0003475,0.0003475
1172,11303.6,1.02028,0.67805,1.01742,0.9366,0.84864,0.90356,0.69674,1.16532,0.71492,1.03672,0.00033925,0.00033925,0.00033925
1173,11313.8,1.02509,0.66227,1.02058,0.93661,0.84881,0.90369,0.69659,1.16473,0.71499,1.03665,0.000331,0.000331,0.000331
1174,11324.7,1.03311,0.67993,1.01778,0.9366,0.84858,0.90367,0.6965,1.16469,0.71486,1.03661,0.00032275,0.00032275,0.00032275
1175,11334.4,1.04918,0.69505,1.02715,0.93661,0.84885,0.90369,0.6965,1.16456,0.71481,1.0365,0.0003145,0.0003145,0.0003145
1176,11343.3,0.99824,0.65791,1.00792,0.93659,0.84847,0.90376,0.69672,1.16422,0.71453,1.03638,0.00030625,0.00030625,0.00030625
1177,11352.4,0.99432,0.65158,1.01201,0.93662,0.84899,0.90378,0.69675,1.16396,0.71438,1.03627,0.000298,0.000298,0.000298
1178,11361.7,1.00473,0.66293,1.01799,0.93609,0.84894,0.90377,0.69674,1.1639,0.71438,1.03623,0.00028975,0.00028975,0.00028975
1179,11372,1.01285,0.65541,1.02465,0.93667,0.8496,0.90388,0.69703,1.16365,0.71436,1.03613,0.0002815,0.0002815,0.0002815
1180,11383.1,1.00971,0.66215,1.01731,0.93668,0.84981,0.90383,0.69703,1.16345,0.71418,1.03605,0.00027325,0.00027325,0.00027325
1181,11392.3,1.02203,0.67665,1.01645,0.9367,0.85004,0.90385,0.69703,1.16329,0.71416,1.036,0.000265,0.000265,0.000265
1182,11401.5,1.02856,0.68208,1.02687,0.9367,0.85004,0.9039,0.69707,1.1632,0.71403,1.03594,0.00025675,0.00025675,0.00025675
1183,11410.7,1.02513,0.66688,1.01904,0.93667,0.84959,0.90394,0.69709,1.16334,0.71354,1.0362,0.0002485,0.0002485,0.0002485
1184,11420.3,0.99832,0.65781,1.01586,0.93669,0.8499,0.90392,0.69681,1.1632,0.71366,1.03611,0.00024025,0.00024025,0.00024025
1185,11431.4,0.98602,0.65686,1.01346,0.93668,0.8498,0.90394,0.69694,1.16324,0.71334,1.03605,0.000232,0.000232,0.000232
1186,11441.3,1.01988,0.66451,1.02026,0.93672,0.85035,0.90392,0.69693,1.16295,0.71349,1.03588,0.00022375,0.00022375,0.00022375
1187,11450.2,1.01141,0.66296,1.01576,0.93668,0.84985,0.90398,0.69696,1.16275,0.71336,1.03586,0.0002155,0.0002155,0.0002155
1188,11459.2,1.01796,0.66969,1.01493,0.93671,0.85018,0.90398,0.69695,1.16266,0.71329,1.03579,0.00020725,0.00020725,0.00020725
1189,11468.2,0.99353,0.65448,1.01218,0.93673,0.85049,0.90402,0.69699,1.16239,0.71318,1.03572,0.000199,0.000199,0.000199
1190,11478.6,0.97794,0.6463,1.00671,0.93674,0.8507,0.90403,0.69696,1.16234,0.71321,1.03566,0.00019075,0.00019075,0.00019075
1191,11490.3,0.9947,0.57652,0.97514,0.93667,0.8497,0.90402,0.69696,1.16223,0.71315,1.03566,0.0001825,0.0001825,0.0001825
1192,11499.4,0.95175,0.53997,0.95168,0.93668,0.84981,0.90408,0.6973,1.16202,0.71311,1.0356,0.00017425,0.00017425,0.00017425
1193,11509,0.93457,0.53935,0.95445,0.93672,0.85031,0.90409,0.69734,1.16203,0.71293,1.03554,0.000166,0.000166,0.000166
1194,11518.3,0.93823,0.54496,0.95493,0.93654,0.85106,0.90417,0.69747,1.16175,0.71281,1.03546,0.00015775,0.00015775,0.00015775
1195,11528.1,0.88355,0.51508,0.92873,0.93651,0.85106,0.90419,0.69752,1.16162,0.71276,1.03543,0.0001495,0.0001495,0.0001495
1196,11538.9,0.88785,0.51282,0.93725,0.93842,0.85106,0.90437,0.69745,1.16143,0.71284,1.03528,0.00014125,0.00014125,0.00014125
1197,11548.7,0.90563,0.51074,0.93654,0.9381,0.85106,0.90442,0.69744,1.16117,0.71274,1.03519,0.000133,0.000133,0.000133
1198,11557.6,0.90656,0.52451,0.93971,0.93789,0.85106,0.90448,0.69749,1.161,0.71261,1.03515,0.00012475,0.00012475,0.00012475
1199,11566.8,0.86311,0.50318,0.92512,0.93728,0.85106,0.90459,0.69737,1.16066,0.71251,1.03504,0.0001165,0.0001165,0.0001165
1200,11575.6,0.86641,0.50264,0.92905,0.93737,0.85106,0.90457,0.69749,1.16057,0.71244,1.03495,0.00010825,0.00010825,0.00010825
