epoch,time,train/box_loss,train/cls_loss,train/dfl_loss,metrics/precision(B),metrics/recall(B),metrics/mAP50(B),metrics/mAP50-95(B),val/box_loss,val/cls_loss,val/dfl_loss,lr/pg0,lr/pg1,lr/pg2
1,9.63791,5.84512,9.44797,4.21379,0,0,0,0,6.30197,11.8629,4.15773,0.00327778,0.00327778,0.00327778
2,140.489,5.83114,7.51314,4.16525,1e-05,0.00213,1e-05,0,6.27454,8.06158,4.06054,0.00660566,0.00660566,0.00660566
3,150.462,5.59719,5.33443,3.78572,0.00021,0.01489,0.00011,3e-05,4.41374,4.81167,4.67753,0.00992804,0.00992804,0.00992804
4,160.466,4.50507,4.45099,3.01378,0.00019,0.00426,5e-05,2e-05,4.2896,107.84,6.88975,0.00997525,0.00997525,0.00997525
5,170.139,4.2113,4.34166,2.74362,0.00019,0.00426,5e-05,2e-05,4.18903,5.42046,4.74982,0.009967,0.009967,0.009967
6,180.098,4.18485,4.35925,2.73738,0.00022,0.02128,0.00011,2e-05,4.16957,4.82569,4.29384,0.00995875,0.00995875,0.00995875
7,190.136,4.05482,4.31256,2.78615,0.00056,0.0766,0.00034,9e-05,4.05714,4.7157,2.45967,0.0099505,0.0099505,0.0099505
8,200.393,4.03093,4.35233,2.70831,0.00057,0.07447,0.00031,7e-05,4.14291,4.79108,2.69367,0.00994225,0.00994225,0.00994225
9,210.421,3.98069,4.35766,2.70445,0.00072,0.10426,0.00042,0.0001,4.13238,4.54778,2.3707,0.009934,0.009934,0.009934
10,220.515,3.99345,4.3692,2.72856,0.00118,0.09574,0.00071,0.00013,3.94592,4.44313,2.43107,0.00992575,0.00992575,0.00992575
11,230.886,3.91352,4.31861,2.70107,0.00106,0.15745,0.00083,0.00019,3.90659,4.48694,2.47271,0.0099175,0.0099175,0.0099175
12,241.203,3.82987,4.28973,2.70014,0.00154,0.19149,0.00113,0.00027,3.75907,4.35455,2.41833,0.00990925,0.00990925,0.00990925
13,251.343,3.80247,4.28929,2.70972,0.00199,0.17872,0.00172,0.00036,3.80481,4.38798,2.42543,0.009901,0.009901,0.009901
14,261.227,3.67817,4.31246,2.72675,0.00974,0.00213,0.00033,7e-05,3.88229,8.50708,2.42972,0.00989275,0.00989275,0.00989275
15,270.897,3.76421,4.33104,2.70036,0.00102,0.09362,0.00082,0.00022,3.81978,4.50812,2.48691,0.0098845,0.0098845,0.0098845
16,280.926,3.70525,4.32102,2.72594,0.00175,0.17447,0.00224,0.00063,3.72417,4.4223,2.47943,0.00987625,0.00987625,0.00987625
17,291.211,3.69401,4.32625,2.73357,0.0013,0.1617,0.00085,0.00021,3.67629,4.46981,2.47951,0.009868,0.009868,0.009868
18,301.242,3.63121,4.30933,2.70838,0.00174,0.25957,0.00175,0.00034,3.64575,4.50374,2.50712,0.00985975,0.00985975,0.00985975
19,311.31,3.69975,4.33429,2.69914,0.00169,0.24043,0.00159,0.00038,3.66489,4.5162,2.50935,0.0098515,0.0098515,0.0098515
20,321.148,3.6339,4.28723,2.70755,0.00169,0.24681,0.00179,0.00035,3.59739,4.48503,2.43901,0.00984325,0.00984325,0.00984325
21,330.964,3.66182,4.30772,2.68028,0.00188,0.27234,0.00182,0.00042,3.59522,4.41506,2.47857,0.009835,0.009835,0.009835
22,341.112,3.63312,4.32097,2.68542,0.00207,0.30851,0.00348,0.00081,3.5669,4.36557,2.45505,0.00982675,0.00982675,0.00982675
23,351.372,3.58982,4.28908,2.66791,0.00182,0.27021,0.0022,0.00051,3.58366,4.47072,2.39498,0.0098185,0.0098185,0.0098185
24,361.483,3.57888,4.34537,2.66319,0.00168,0.24894,0.00173,0.00045,3.50806,4.46792,2.40546,0.00981025,0.00981025,0.00981025
25,371.457,3.58429,4.36782,2.65193,0.00261,0.23617,0.00258,0.00066,3.55636,4.39272,2.37383,0.009802,0.009802,0.009802
26,381.492,3.57951,4.3302,2.65905,0.00188,0.28085,0.00222,0.00056,3.55636,4.41072,2.40328,0.00979375,0.00979375,0.00979375
27,391.498,3.56112,4.32711,2.63578,0.00178,0.24894,0.00151,0.00032,3.61533,4.42668,2.39786,0.0097855,0.0097855,0.0097855
28,401.536,3.5469,4.38478,2.67427,0.00295,0.22979,0.0047,0.00104,3.42328,4.3547,2.40484,0.00977725,0.00977725,0.00977725
29,411.909,3.5315,4.37366,2.66484,0.00204,0.30638,0.00214,0.00046,3.37381,4.32582,2.40683,0.009769,0.009769,0.009769
30,422.047,3.51424,4.31734,2.64061,0.00206,0.31489,0.00211,0.00048,3.46054,4.30693,2.4239,0.00976075,0.00976075,0.00976075
31,432.08,3.52785,4.3157,2.62355,0.00211,0.31702,0.00247,0.00054,3.42515,4.26452,2.37988,0.0097525,0.0097525,0.0097525
32,442.053,3.49481,4.29092,2.61445,0.0018,0.26809,0.00182,0.00037,3.5182,4.41747,2.33129,0.00974425,0.00974425,0.00974425
33,452.024,3.48746,4.28006,2.6037,0.00206,0.31489,0.00253,0.00058,3.40523,4.32081,2.34998,0.009736,0.009736,0.009736
34,462.139,3.46438,4.29086,2.60786,0.00216,0.32553,0.00252,0.00051,3.45465,4.30746,2.38546,0.00972775,0.00972775,0.00972775
35,472.104,3.45668,4.25049,2.60395,0.00218,0.28723,0.00194,0.0004,3.39586,4.36105,2.37275,0.0097195,0.0097195,0.0097195
36,482.042,3.44699,4.2436,2.60404,0.00202,0.30638,0.00184,0.00042,3.48687,4.40652,2.34541,0.00971125,0.00971125,0.00971125
37,492.15,3.45854,4.25329,2.59682,0.00205,0.30213,0.00239,0.0005,3.4177,4.28986,2.38295,0.009703,0.009703,0.009703
38,502.205,3.46291,4.18008,2.61629,0.0024,0.3383,0.00332,0.0007,3.45582,4.17841,2.40633,0.00969475,0.00969475,0.00969475
39,512.168,3.4431,4.19716,2.59955,0.00238,0.35532,0.00317,0.00065,3.4284,4.17176,2.39226,0.0096865,0.0096865,0.0096865
40,522.221,3.46776,4.19626,2.59749,0.00195,0.29787,0.00302,0.00061,3.48192,4.48711,2.35432,0.00967825,0.00967825,0.00967825
41,532.059,3.43101,4.19982,2.53695,0.00219,0.33191,0.00271,0.00063,3.4586,4.30341,2.32157,0.00967,0.00967,0.00967
42,541.993,3.4384,4.18126,2.56497,0.00283,0.3617,0.00421,0.0009,3.37011,4.17925,2.34202,0.00966175,0.00966175,0.00966175
43,551.824,3.39266,4.16507,2.58198,0.00263,0.30213,0.00351,0.00081,3.41136,4.17476,2.40479,0.0096535,0.0096535,0.0096535
44,561.803,3.3967,4.14079,2.54595,0.00224,0.27447,0.00557,0.00114,3.41721,4.24337,2.42195,0.00964525,0.00964525,0.00964525
45,572.035,3.39062,4.15307,2.54803,0.00281,0.3,0.00431,0.001,3.35272,4.21053,2.38239,0.009637,0.009637,0.009637
46,582.12,3.38378,4.15194,2.55717,0.00204,0.31064,0.00316,0.00068,3.26364,4.5391,2.30621,0.00962875,0.00962875,0.00962875
47,592.117,3.30441,4.1236,2.51932,0.00262,0.38936,0.0046,0.00106,3.26774,4.19766,2.34629,0.0096205,0.0096205,0.0096205
48,602.148,3.31687,4.11002,2.50448,0.00243,0.36596,0.00431,0.00092,3.28779,4.15223,2.32582,0.00961225,0.00961225,0.00961225
49,612.204,3.31062,4.09647,2.52847,0.00257,0.39149,0.00494,0.00105,3.20145,4.1754,2.29157,0.009604,0.009604,0.009604
50,622.199,3.23756,4.06926,2.47572,0.00265,0.40213,0.00723,0.00138,3.22558,4.08835,2.2819,0.00959575,0.00959575,0.00959575
51,632.512,3.23445,4.00758,2.4569,0.00288,0.4383,0.00756,0.00158,3.16191,4.11411,2.29464,0.0095875,0.0095875,0.0095875
52,642.516,3.22879,4.04454,2.48003,0.00238,0.35745,0.003,0.00068,3.26043,4.30079,2.34414,0.00957925,0.00957925,0.00957925
53,652.534,3.19642,4.02216,2.47072,0.00273,0.40851,0.00589,0.00144,3.22203,4.19086,2.35779,0.009571,0.009571,0.009571
54,662.443,3.18717,4.00544,2.46075,0.00303,0.4617,0.00984,0.00241,3.10338,4.04449,2.29777,0.00956275,0.00956275,0.00956275
55,672.686,3.1687,3.98624,2.42354,0.00305,0.46383,0.00971,0.00211,3.07696,4.15958,2.27523,0.0095545,0.0095545,0.0095545
56,682.747,3.14023,3.9267,2.40696,0.00286,0.43617,0.00837,0.00171,3.1879,4.12693,2.37425,0.00954625,0.00954625,0.00954625
57,692.872,3.10066,3.9567,2.40719,0.00292,0.44255,0.01126,0.0022,3.11905,4.0179,2.23311,0.009538,0.009538,0.009538
58,702.979,3.1132,3.94515,2.40733,0.00314,0.47872,0.01301,0.00277,3.10793,4.01031,2.28874,0.00952975,0.00952975,0.00952975
59,713.397,3.08864,3.87215,2.39267,0.02598,0.13191,0.01319,0.00269,3.06559,3.97632,2.25307,0.0095215,0.0095215,0.0095215
60,723.478,3.06366,3.89156,2.38752,0.00313,0.46596,0.01677,0.00363,3.08658,3.96471,2.25643,0.00951325,0.00951325,0.00951325
61,733.761,3.05447,3.84341,2.37768,0.01947,0.2,0.01172,0.00259,3.04627,3.92359,2.23899,0.009505,0.009505,0.009505
62,743.844,3.05535,3.84923,2.37938,0.0032,0.48723,0.01334,0.00289,3.04022,3.90242,2.24676,0.00949675,0.00949675,0.00949675
63,753.919,3.02867,3.83471,2.36792,0.00347,0.45532,0.01186,0.0029,3.06653,3.92525,2.26795,0.0094885,0.0094885,0.0094885
64,763.843,2.99034,3.83025,2.36599,0.02319,0.17447,0.01303,0.00319,3.00478,3.95667,2.26595,0.00948025,0.00948025,0.00948025
65,773.877,3.04534,3.83079,2.36544,0.09354,0.0617,0.01777,0.00427,3.06153,3.96359,2.31728,0.009472,0.009472,0.009472
66,784.231,3.0265,3.80669,2.36447,0.07233,0.04681,0.01279,0.00299,3.02739,3.94809,2.29607,0.00946375,0.00946375,0.00946375
67,794.274,3.00861,3.79563,2.34689,0.05937,0.07872,0.01771,0.00405,2.997,3.84968,2.24402,0.0094555,0.0094555,0.0094555
68,804.342,2.99538,3.77871,2.34312,0.12534,0.04681,0.02474,0.00587,3.07656,3.97605,2.26829,0.00944725,0.00944725,0.00944725
69,814.588,3.00727,3.79231,2.34975,0.03438,0.17021,0.01445,0.00344,3.01516,3.88897,2.25802,0.009439,0.009439,0.009439
70,824.611,2.97095,3.74047,2.33875,0.09141,0.07021,0.02157,0.00494,3.01184,3.84565,2.27551,0.00943075,0.00943075,0.00943075
71,834.592,2.96593,3.74547,2.31676,0.06651,0.05745,0.01603,0.0034,3.03075,3.88729,2.2269,0.0094225,0.0094225,0.0094225
72,844.582,2.98701,3.73462,2.32137,0.0373,0.11277,0.01898,0.00366,3.05791,3.88789,2.26035,0.00941425,0.00941425,0.00941425
73,854.667,2.94554,3.73083,2.30329,0.087,0.0594,0.02136,0.0048,2.98876,3.87209,2.21198,0.009406,0.009406,0.009406
74,864.618,2.92465,3.70119,2.29003,0.05069,0.15319,0.02017,0.00482,2.99099,3.84776,2.23392,0.00939775,0.00939775,0.00939775
75,874.615,2.98391,3.71473,2.32195,0.06895,0.08298,0.02528,0.00552,2.90453,3.79395,2.19498,0.0093895,0.0093895,0.0093895
76,884.549,2.96316,3.74387,2.32163,0.06171,0.09574,0.02542,0.00788,2.98473,3.81201,2.20678,0.00938125,0.00938125,0.00938125
77,894.769,2.9322,3.69012,2.29515,0.07895,0.07021,0.01864,0.00439,2.97697,3.83833,2.19488,0.009373,0.009373,0.009373
78,904.754,2.926,3.67471,2.30124,0.10932,0.07234,0.02355,0.00649,2.96606,3.79827,2.22338,0.00936475,0.00936475,0.00936475
79,914.757,2.93505,3.67014,2.30188,0.13076,0.05106,0.03353,0.00937,2.92954,3.74272,2.21645,0.0093565,0.0093565,0.0093565
80,925.018,2.90229,3.65101,2.30604,0.12145,0.08723,0.03262,0.0087,2.92065,3.77298,2.20706,0.00934825,0.00934825,0.00934825
81,935.129,2.94208,3.65034,2.30006,0.16182,0.05745,0.03089,0.00756,2.96518,3.76923,2.18834,0.00934,0.00934,0.00934
82,945.363,2.90481,3.65273,2.28327,0.1139,0.07447,0.02072,0.00509,2.93444,3.81379,2.2039,0.00933175,0.00933175,0.00933175
83,955.494,2.89238,3.645,2.26725,0.09563,0.10213,0.03238,0.00772,2.92183,3.72552,2.20888,0.0093235,0.0093235,0.0093235
84,965.395,2.91707,3.60578,2.27908,0.13663,0.07021,0.03924,0.01143,2.90727,3.74992,2.20879,0.00931525,0.00931525,0.00931525
85,975.65,2.87659,3.60697,2.26891,0.13626,0.09149,0.03506,0.01124,2.91651,3.7887,2.18764,0.009307,0.009307,0.009307
86,985.764,2.88397,3.61879,2.26281,0.22127,0.08298,0.0448,0.01259,2.87482,3.76345,2.17993,0.00929875,0.00929875,0.00929875
87,996.016,2.86384,3.5538,2.25138,0.16933,0.08511,0.04334,0.01171,2.93259,3.69278,2.18904,0.0092905,0.0092905,0.0092905
88,1005.79,2.87229,3.57157,2.25732,0.11893,0.0766,0.02897,0.00693,2.93802,3.75524,2.17996,0.00928225,0.00928225,0.00928225
89,1015.41,2.86491,3.54264,2.24899,0.13868,0.10638,0.04733,0.01331,2.91762,3.62324,2.22834,0.009274,0.009274,0.009274
90,1025.69,2.88433,3.54744,2.26654,0.15799,0.04681,0.03676,0.00944,2.9888,3.82836,2.23822,0.00926575,0.00926575,0.00926575
91,1035.51,2.87972,3.5694,2.26437,0.11175,0.09574,0.0441,0.0118,2.88604,3.78003,2.19968,0.0092575,0.0092575,0.0092575
92,1045.41,2.86065,3.54747,2.24122,0.15049,0.09787,0.04262,0.01103,2.90237,3.63577,2.21137,0.00924925,0.00924925,0.00924925
93,1055.4,2.86811,3.51261,2.24744,0.13644,0.10213,0.04446,0.0145,2.88549,3.56438,2.19351,0.009241,0.009241,0.009241
94,1065.68,2.83659,3.50338,2.23124,0.16711,0.0766,0.04888,0.01476,2.86784,3.5898,2.17578,0.00923275,0.00923275,0.00923275
95,1076.06,2.82559,3.53322,2.23291,0.15429,0.11702,0.04977,0.01372,2.85503,3.62314,2.17036,0.0092245,0.0092245,0.0092245
96,1086.17,2.84644,3.46456,2.24557,0.16117,0.08936,0.04917,0.01522,2.91034,3.62653,2.21527,0.00921625,0.00921625,0.00921625
97,1096.37,2.7915,3.48214,2.20378,0.1819,0.10213,0.05471,0.01599,2.88391,3.57814,2.19248,0.009208,0.009208,0.009208
98,1106.56,2.81,3.46622,2.22309,0.15819,0.10851,0.06099,0.01751,2.8757,3.64386,2.16535,0.00919975,0.00919975,0.00919975
99,1116.75,2.82218,3.49373,2.22056,0.17787,0.10213,0.05219,0.01508,2.88891,3.56245,2.195,0.0091915,0.0091915,0.0091915
100,1126.66,2.81508,3.45487,2.23011,0.16624,0.10851,0.05622,0.0149,2.91418,3.58329,2.19864,0.00918325,0.00918325,0.00918325
101,1136.72,2.81477,3.44574,2.20774,0.19734,0.09362,0.06489,0.01946,2.87014,3.59204,2.19424,0.009175,0.009175,0.009175
102,1146.98,2.79876,3.46737,2.22296,0.18532,0.10213,0.05901,0.01826,2.86783,3.65027,2.21273,0.00916675,0.00916675,0.00916675
103,1157.02,2.79287,3.42605,2.19952,0.18269,0.08936,0.06021,0.01882,2.83908,3.55225,2.15415,0.0091585,0.0091585,0.0091585
104,1167.1,2.78084,3.4188,2.2051,0.14435,0.08298,0.05438,0.01769,2.89804,3.73667,2.23105,0.00915025,0.00915025,0.00915025
105,1177.19,2.81106,3.44414,2.21405,0.15536,0.08723,0.05117,0.01695,2.83736,3.65203,2.16147,0.009142,0.009142,0.009142
106,1187.2,2.76147,3.43693,2.20941,0.16313,0.09787,0.05711,0.01802,2.82679,3.55062,2.16477,0.00913375,0.00913375,0.00913375
107,1197.18,2.73653,3.39597,2.19001,0.21612,0.09362,0.06091,0.01786,2.84258,3.52442,2.17422,0.0091255,0.0091255,0.0091255
108,1207.1,2.75392,3.42008,2.20998,0.18257,0.10502,0.05892,0.01848,2.82022,3.52037,2.17845,0.00911725,0.00911725,0.00911725
109,1217.04,2.7352,3.42101,2.17685,0.1508,0.11277,0.06619,0.02233,2.78942,3.58352,2.18416,0.009109,0.009109,0.009109
110,1227.29,2.75948,3.40668,2.1833,0.1421,0.06383,0.03027,0.0086,3.08576,3.85644,2.30617,0.00910075,0.00910075,0.00910075
111,1237.31,2.76862,3.39746,2.18774,0.17893,0.10638,0.07343,0.02195,2.85874,3.53591,2.19791,0.0090925,0.0090925,0.0090925
112,1247.57,2.7171,3.38421,2.16905,0.19415,0.1,0.07294,0.02162,2.85826,3.54105,2.20064,0.00908425,0.00908425,0.00908425
113,1257.62,2.73415,3.35781,2.1682,0.18321,0.10638,0.06721,0.02002,2.8261,3.50843,2.17511,0.009076,0.009076,0.009076
114,1267.7,2.7442,3.36436,2.17797,0.21352,0.10571,0.07805,0.02413,2.7777,3.49507,2.17451,0.00906775,0.00906775,0.00906775
115,1277.97,2.70859,3.33631,2.15647,0.25791,0.10638,0.08552,0.02516,2.7621,3.45546,2.16937,0.0090595,0.0090595,0.0090595
116,1288.31,2.71539,3.33458,2.16563,0.15171,0.11915,0.06017,0.01649,2.77761,3.63459,2.18158,0.00905125,0.00905125,0.00905125
117,1298.38,2.68644,3.34374,2.1706,0.21811,0.09362,0.07057,0.02318,2.81387,3.53094,2.17682,0.009043,0.009043,0.009043
118,1308.34,2.71138,3.36356,2.16497,0.21774,0.09787,0.06712,0.02096,2.81043,3.54152,2.15592,0.00903475,0.00903475,0.00903475
119,1318.4,2.71151,3.32192,2.16321,0.19431,0.12766,0.08109,0.02213,2.77231,3.46134,2.17942,0.0090265,0.0090265,0.0090265
120,1328.48,2.72377,3.35957,2.1612,0.18635,0.11064,0.07979,0.0229,2.83692,3.4883,2.19263,0.00901825,0.00901825,0.00901825
121,1338.56,2.71605,3.34988,2.16968,0.24112,0.12128,0.08275,0.02539,2.77206,3.43417,2.18001,0.00901,0.00901,0.00901
122,1348.5,2.69966,3.30675,2.14628,0.21212,0.10213,0.07495,0.02091,2.80089,3.51368,2.19714,0.00900175,0.00900175,0.00900175
123,1358.5,2.70098,3.28058,2.1432,0.22359,0.10784,0.07271,0.02267,2.80942,3.49836,2.19795,0.0089935,0.0089935,0.0089935
124,1368.49,2.65821,3.28575,2.12733,0.20293,0.12128,0.08712,0.0247,2.78418,3.44786,2.17906,0.00898525,0.00898525,0.00898525
125,1378.54,2.71016,3.34515,2.16422,0.24023,0.10638,0.08023,0.02537,2.79333,3.45589,2.16872,0.008977,0.008977,0.008977
126,1388.23,2.69265,3.30977,2.15247,0.21185,0.11915,0.0756,0.02611,2.75093,3.45282,2.15501,0.00896875,0.00896875,0.00896875
127,1398.25,2.64227,3.25354,2.1267,0.23184,0.12553,0.09413,0.03079,2.74769,3.40902,2.15949,0.0089605,0.0089605,0.0089605
128,1408.55,2.66181,3.32202,2.13851,0.17907,0.13404,0.06751,0.0218,2.74911,3.45892,2.1774,0.00895225,0.00895225,0.00895225
129,1418.44,2.65271,3.30845,2.1269,0.30846,0.10213,0.08541,0.02518,2.77392,3.47817,2.17283,0.008944,0.008944,0.008944
130,1428.65,2.6506,3.29088,2.12919,0.25487,0.11915,0.09694,0.02858,2.71845,3.46947,2.18179,0.00893575,0.00893575,0.00893575
131,1438.68,2.64645,3.25086,2.10869,0.26004,0.12979,0.10402,0.03658,2.7207,3.41738,2.15546,0.0089275,0.0089275,0.0089275
132,1448.75,2.6403,3.24784,2.12237,0.2569,0.11702,0.09278,0.02577,2.74614,3.41154,2.14852,0.00891925,0.00891925,0.00891925
133,1458.73,2.65248,3.28955,2.13252,0.2376,0.11064,0.07465,0.02164,2.78301,3.44693,2.1605,0.008911,0.008911,0.008911
134,1468.73,2.63065,3.29417,2.11066,0.20891,0.11915,0.0838,0.02496,2.74689,3.40658,2.18535,0.00890275,0.00890275,0.00890275
135,1478.72,2.63481,3.25088,2.11608,0.21085,0.12553,0.08136,0.02172,2.76735,3.36888,2.15784,0.0088945,0.0088945,0.0088945
136,1488.5,2.62157,3.25278,2.0937,0.18189,0.14681,0.07973,0.0234,2.71503,3.40683,2.13561,0.00888625,0.00888625,0.00888625
137,1498.46,2.59791,3.24476,2.09215,0.28421,0.11702,0.08871,0.02855,2.69736,3.38052,2.15093,0.008878,0.008878,0.008878
138,1508.34,2.61704,3.26634,2.10729,0.25418,0.11915,0.09155,0.02972,2.72759,3.32613,2.16033,0.00886975,0.00886975,0.00886975
139,1518.33,2.61734,3.18681,2.11172,0.21735,0.13191,0.08199,0.02646,2.72676,3.44032,2.12623,0.0088615,0.0088615,0.0088615
140,1528.39,2.60143,3.2417,2.0839,0.18715,0.1234,0.08746,0.0275,2.70439,3.34199,2.12689,0.00885325,0.00885325,0.00885325
141,1538.34,2.5922,3.23134,2.09228,0.27336,0.13404,0.1055,0.03299,2.69212,3.32103,2.15347,0.008845,0.008845,0.008845
142,1548.14,2.58409,3.20257,2.0889,0.27016,0.14255,0.10996,0.0376,2.66448,3.29975,2.11051,0.00883675,0.00883675,0.00883675
143,1558.22,2.59207,3.237,2.08504,0.26596,0.1234,0.09914,0.03184,2.71209,3.39685,2.1185,0.0088285,0.0088285,0.0088285
144,1568.23,2.58382,3.19833,2.0788,0.23666,0.1234,0.09168,0.02932,2.69348,3.33639,2.13018,0.00882025,0.00882025,0.00882025
145,1578.26,2.59034,3.20982,2.09119,0.25678,0.1234,0.1075,0.03484,2.71008,3.37298,2.1467,0.008812,0.008812,0.008812
146,1588.25,2.61495,3.23567,2.10224,0.21231,0.14468,0.10564,0.03365,2.69938,3.28328,2.1551,0.00880375,0.00880375,0.00880375
147,1598.26,2.57175,3.1943,2.08553,0.2121,0.14681,0.09861,0.03169,2.69583,3.29044,2.13223,0.0087955,0.0087955,0.0087955
148,1608.07,2.58281,3.1874,2.09955,0.23224,0.11199,0.08398,0.03025,2.66773,3.35531,2.12208,0.00878725,0.00878725,0.00878725
149,1618.03,2.60363,3.21756,2.08692,0.19944,0.14468,0.07966,0.02698,2.68044,3.34841,2.12374,0.008779,0.008779,0.008779
150,1628.11,2.58973,3.20268,2.07656,0.24259,0.11064,0.0904,0.03332,2.64938,3.29756,2.12838,0.00877075,0.00877075,0.00877075
151,1638.2,2.57927,3.20724,2.08929,0.17304,0.13191,0.07576,0.0252,2.70166,3.33249,2.12416,0.0087625,0.0087625,0.0087625
152,1648.24,2.57379,3.19466,2.06133,0.26708,0.12766,0.09664,0.03298,2.7105,3.3683,2.16052,0.00875425,0.00875425,0.00875425
153,1658.08,2.53669,3.16141,2.04804,0.16372,0.10638,0.06879,0.02355,2.77524,3.4403,2.18301,0.008746,0.008746,0.008746
154,1668.09,2.55631,3.20622,2.06333,0.26258,0.12652,0.0992,0.03532,2.64553,3.30108,2.11515,0.00873775,0.00873775,0.00873775
155,1678.08,2.56125,3.20097,2.07162,0.2233,0.1383,0.09241,0.03258,2.66782,3.34325,2.12896,0.0087295,0.0087295,0.0087295
156,1688.18,2.54434,3.16392,2.0657,0.21521,0.14255,0.0836,0.02808,2.67716,3.2878,2.13635,0.00872125,0.00872125,0.00872125
157,1698.26,2.56524,3.18738,2.06125,0.21817,0.1234,0.08644,0.02849,2.65736,3.3313,2.15147,0.008713,0.008713,0.008713
158,1707.91,2.54376,3.171,2.04987,0.26102,0.13404,0.09683,0.03367,2.64282,3.26188,2.12286,0.00870475,0.00870475,0.00870475
159,1717.77,2.54653,3.17043,2.05458,0.25679,0.14262,0.10029,0.03449,2.64467,3.24096,2.1204,0.0086965,0.0086965,0.0086965
160,1727.54,2.55208,3.19922,2.05459,0.22084,0.13191,0.08381,0.02813,2.67973,3.28074,2.12161,0.00868825,0.00868825,0.00868825
161,1737.65,2.54745,3.19572,2.06214,0.27498,0.14122,0.11411,0.03551,2.66904,3.23614,2.14458,0.00868,0.00868,0.00868
162,1747.69,2.55595,3.17093,2.06519,0.23352,0.14468,0.10306,0.03424,2.69379,3.25812,2.13592,0.00867175,0.00867175,0.00867175
163,1757.76,2.55249,3.16209,2.05855,0.2212,0.14681,0.09409,0.03229,2.63853,3.26203,2.12271,0.0086635,0.0086635,0.0086635
164,1767.65,2.54168,3.1567,2.03849,0.28373,0.12979,0.10589,0.03412,2.61705,3.3666,2.10732,0.00865525,0.00865525,0.00865525
165,1777.55,2.55479,3.16281,2.06486,0.20072,0.12979,0.08658,0.03282,2.67334,3.29658,2.11623,0.008647,0.008647,0.008647
166,1787.38,2.55666,3.14505,2.06089,0.20735,0.15106,0.09601,0.03183,2.63372,3.25466,2.12209,0.00863875,0.00863875,0.00863875
167,1797.23,2.55251,3.16538,2.06147,0.27133,0.10851,0.10208,0.03797,2.62762,3.26278,2.11041,0.0086305,0.0086305,0.0086305
168,1807.06,2.52279,3.12446,2.04201,0.27003,0.12986,0.10418,0.03334,2.6382,3.22861,2.12669,0.00862225,0.00862225,0.00862225
169,1816.6,2.51443,3.10011,2.03559,0.20993,0.13404,0.09103,0.03665,2.6078,3.26728,2.09894,0.008614,0.008614,0.008614
170,1826.35,2.50714,3.09423,2.03602,0.25938,0.15319,0.11769,0.04218,2.63553,3.22352,2.11841,0.00860575,0.00860575,0.00860575
171,1836.6,2.50769,3.0808,2.03552,0.246,0.15745,0.1119,0.03789,2.63352,3.1936,2.10783,0.0085975,0.0085975,0.0085975
172,1846.33,2.50906,3.12294,2.03126,0.28814,0.12553,0.10669,0.03696,2.65606,3.32534,2.1304,0.00858925,0.00858925,0.00858925
173,1856.3,2.49782,3.12079,2.03296,0.32193,0.12128,0.10569,0.0397,2.6385,3.24822,2.1205,0.008581,0.008581,0.008581
174,1866.38,2.48894,3.11042,2.02074,0.34432,0.12128,0.11507,0.03922,2.65428,3.20957,2.12244,0.00857275,0.00857275,0.00857275
175,1876.44,2.47686,3.08221,2.03613,0.2614,0.12979,0.10613,0.03541,2.65716,3.21285,2.12057,0.0085645,0.0085645,0.0085645
176,1886.31,2.50757,3.12288,2.02303,0.29574,0.12553,0.10551,0.03774,2.63334,3.24214,2.11227,0.00855625,0.00855625,0.00855625
177,1896.19,2.52022,3.10759,2.03357,0.23892,0.14894,0.10496,0.03484,2.64389,3.27725,2.10423,0.008548,0.008548,0.008548
178,1906.23,2.48433,3.0724,2.01542,0.2623,0.15509,0.12643,0.04129,2.62304,3.21006,2.11418,0.00853975,0.00853975,0.00853975
179,1916.38,2.48196,3.06603,2.012,0.27489,0.12553,0.11316,0.03667,2.61474,3.24445,2.1151,0.0085315,0.0085315,0.0085315
180,1926.33,2.50988,3.0742,2.02165,0.35701,0.14058,0.11552,0.03858,2.61184,3.23281,2.09456,0.00852325,0.00852325,0.00852325
181,1936.42,2.4875,3.06516,2.01505,0.22933,0.15319,0.11149,0.03676,2.62704,3.15427,2.11926,0.008515,0.008515,0.008515
182,1946.4,2.46967,3.06454,2.00735,0.23942,0.14043,0.10631,0.03903,2.6206,3.18099,2.10804,0.00850675,0.00850675,0.00850675
183,1956.42,2.45205,3.02853,2.00869,0.22998,0.14681,0.11266,0.04191,2.62841,3.19784,2.07573,0.0084985,0.0084985,0.0084985
184,1966.5,2.45095,3.03602,1.98535,0.25683,0.14255,0.11952,0.04146,2.60874,3.19356,2.06824,0.00849025,0.00849025,0.00849025
185,1976.58,2.47304,3.05057,2.00608,0.36736,0.12979,0.11507,0.04187,2.56797,3.22661,2.06682,0.008482,0.008482,0.008482
186,1986.59,2.45867,3.04563,2.01616,0.26427,0.14255,0.12277,0.04609,2.59835,3.17932,2.08574,0.00847375,0.00847375,0.00847375
187,1996.76,2.48967,3.04916,2.01186,0.26835,0.15319,0.12618,0.04523,2.64195,3.18397,2.12051,0.0084655,0.0084655,0.0084655
188,2006.79,2.45513,3.03832,2.00113,0.25023,0.15319,0.12787,0.05176,2.56803,3.13567,2.076,0.00845725,0.00845725,0.00845725
189,2016.9,2.46072,3.02118,2.00566,0.24026,0.15532,0.10482,0.0398,2.62795,3.17565,2.09932,0.008449,0.008449,0.008449
190,2026.74,2.47826,3.07288,2.00467,0.26033,0.16596,0.11387,0.03888,2.6038,3.14575,2.07077,0.00844075,0.00844075,0.00844075
191,2036.65,2.42444,3.0324,1.99545,0.24862,0.14468,0.10812,0.04022,2.59064,3.11482,2.08749,0.0084325,0.0084325,0.0084325
192,2046.54,2.47574,3.05402,1.99397,0.33603,0.14255,0.12846,0.04804,2.59975,3.1279,2.08634,0.00842425,0.00842425,0.00842425
193,2056.26,2.44845,3.06276,2.00452,0.2415,0.15532,0.12797,0.04944,2.60602,3.16655,2.09668,0.008416,0.008416,0.008416
194,2065.85,2.45832,3.04216,1.99261,0.29277,0.13388,0.1237,0.04618,2.57917,3.16853,2.07887,0.00840775,0.00840775,0.00840775
195,2075.59,2.49576,3.07471,2.02034,0.30626,0.1617,0.13944,0.04875,2.58001,3.09971,2.09337,0.0083995,0.0083995,0.0083995
196,2085.69,2.44638,3.03424,1.97832,0.23489,0.15745,0.1096,0.03841,2.63658,3.16466,2.11608,0.00839125,0.00839125,0.00839125
197,2095.72,2.45868,3.01482,1.98977,0.26917,0.13404,0.10806,0.03921,2.61274,3.21735,2.0967,0.008383,0.008383,0.008383
198,2105.8,2.446,3.00093,1.96732,0.42474,0.1234,0.12467,0.04548,2.60725,3.18527,2.0541,0.00837475,0.00837475,0.00837475
199,2115.69,2.44909,3.02041,1.9973,0.24759,0.16383,0.13405,0.04998,2.58315,3.14037,2.04403,0.0083665,0.0083665,0.0083665
200,2125.71,2.45871,3.01957,1.99753,0.25771,0.1383,0.10862,0.04053,2.60356,3.16839,2.09462,0.00835825,0.00835825,0.00835825
201,2135.75,2.44698,3.01759,1.99581,0.29748,0.15745,0.12714,0.04425,2.56877,3.13715,2.07409,0.00835,0.00835,0.00835
202,2145.69,2.41625,2.98752,1.97766,0.25136,0.1617,0.12644,0.04659,2.5455,3.08369,2.07948,0.00834175,0.00834175,0.00834175
203,2155.61,2.44867,2.99488,1.9674,0.27906,0.16383,0.13548,0.05104,2.54309,3.08589,2.05976,0.0083335,0.0083335,0.0083335
204,2165.71,2.44313,3.00319,1.98052,0.24976,0.17021,0.13708,0.05119,2.56016,3.0924,2.06527,0.00832525,0.00832525,0.00832525
205,2175.89,2.4078,2.97025,1.97208,0.26568,0.15242,0.13269,0.04696,2.59045,3.10406,2.07626,0.008317,0.008317,0.008317
206,2185.89,2.39642,2.95718,1.96011,0.22665,0.17234,0.14172,0.05276,2.54593,3.06652,2.0558,0.00830875,0.00830875,0.00830875
207,2196.21,2.38741,2.99216,1.95871,0.25906,0.17234,0.15545,0.05652,2.56201,3.07863,2.05441,0.0083005,0.0083005,0.0083005
208,2206.55,2.38277,2.92691,1.95759,0.2989,0.1524,0.14283,0.05205,2.56958,3.12448,2.04785,0.00829225,0.00829225,0.00829225
209,2216.51,2.37457,2.94522,1.95933,0.26245,0.16429,0.13658,0.0486,2.5812,3.07756,2.0612,0.008284,0.008284,0.008284
210,2226.51,2.4076,2.98971,1.96294,0.26412,0.18298,0.14186,0.05077,2.56499,3.07654,2.0532,0.00827575,0.00827575,0.00827575
211,2236.59,2.39503,2.96083,1.95241,0.35455,0.14043,0.13482,0.04781,2.54916,3.09053,2.05438,0.0082675,0.0082675,0.0082675
212,2246.58,2.37943,2.98954,1.95576,0.2727,0.15745,0.1361,0.05085,2.55036,3.08146,2.03946,0.00825925,0.00825925,0.00825925
213,2256.64,2.39482,2.98232,1.95325,0.20864,0.18723,0.12772,0.05054,2.54407,3.07864,2.06049,0.008251,0.008251,0.008251
214,2266.63,2.38866,2.924,1.94582,0.24468,0.14681,0.13527,0.05508,2.54748,3.1068,2.05781,0.00824275,0.00824275,0.00824275
215,2276.37,2.37703,2.94785,1.94508,0.25373,0.15532,0.13897,0.05274,2.53984,3.07339,2.04506,0.0082345,0.0082345,0.0082345
216,2286.38,2.38514,2.97292,1.94122,0.28793,0.18755,0.15003,0.05085,2.56636,3.0516,2.0692,0.00822625,0.00822625,0.00822625
217,2296.43,2.33393,2.92252,1.9376,0.26679,0.1617,0.14255,0.0543,2.52481,3.01565,2.04511,0.008218,0.008218,0.008218
218,2306.5,2.4136,2.97563,1.96066,0.2688,0.18298,0.13936,0.05029,2.53956,3.02915,2.05118,0.00820975,0.00820975,0.00820975
219,2316.61,2.35214,2.91592,1.93803,0.26674,0.17447,0.14612,0.06006,2.51779,3.01144,2.03605,0.0082015,0.0082015,0.0082015
220,2326.95,2.3881,2.97133,1.95134,0.27472,0.17872,0.1433,0.05169,2.52893,3.027,2.05426,0.00819325,0.00819325,0.00819325
221,2336.83,2.33565,2.8725,1.93505,0.26082,0.18298,0.13952,0.05167,2.55507,3.00909,2.06846,0.008185,0.008185,0.008185
222,2346.81,2.37675,2.93045,1.92959,0.2435,0.17447,0.14559,0.05601,2.53006,2.99433,2.05426,0.00817675,0.00817675,0.00817675
223,2356.73,2.37755,2.89704,1.93194,0.29084,0.18511,0.15226,0.06233,2.54407,2.95477,2.05837,0.0081685,0.0081685,0.0081685
224,2366.98,2.40594,2.9217,1.95981,0.25207,0.18511,0.14731,0.05906,2.53484,3.02129,2.06274,0.00816025,0.00816025,0.00816025
225,2377.01,2.35869,2.91046,1.94582,0.25546,0.16809,0.15056,0.05366,2.52999,3.00543,2.05314,0.008152,0.008152,0.008152
226,2387.02,2.37942,2.93668,1.9379,0.2704,0.18085,0.14813,0.05629,2.51266,3.01577,2.05324,0.00814375,0.00814375,0.00814375
227,2397.03,2.31705,2.83762,1.91467,0.25141,0.1766,0.1428,0.05406,2.50686,3.03028,2.05197,0.0081355,0.0081355,0.0081355
228,2407.11,2.32883,2.84353,1.90193,0.30115,0.1617,0.14481,0.05663,2.49067,2.98294,2.0418,0.00812725,0.00812725,0.00812725
229,2417.14,2.36487,2.92569,1.93579,0.28582,0.17234,0.15919,0.06482,2.50059,2.97148,2.04064,0.008119,0.008119,0.008119
230,2427.36,2.33078,2.84595,1.91029,0.30098,0.1766,0.16223,0.06625,2.49049,2.97688,2.01874,0.00811075,0.00811075,0.00811075
231,2437.67,2.35256,2.86008,1.92278,0.30673,0.1766,0.16433,0.06458,2.48342,2.96969,2.01591,0.0081025,0.0081025,0.0081025
232,2447.46,2.31362,2.80803,1.89159,0.29687,0.1766,0.14969,0.05676,2.47993,3.03789,2.03771,0.00809425,0.00809425,0.00809425
233,2457.29,2.33994,2.87681,1.91253,0.27709,0.19149,0.15823,0.06406,2.45582,2.95675,2.00451,0.008086,0.008086,0.008086
234,2467.37,2.30469,2.82903,1.9207,0.25412,0.17687,0.1517,0.0585,2.4628,2.96735,2.03168,0.00807775,0.00807775,0.00807775
235,2477.41,2.31651,2.83772,1.91832,0.28629,0.20213,0.15603,0.06237,2.46134,2.94259,2.00443,0.0080695,0.0080695,0.0080695
236,2487.43,2.29536,2.81698,1.89858,0.28159,0.19362,0.16652,0.06781,2.49779,2.94417,2.02857,0.00806125,0.00806125,0.00806125
237,2499.36,2.30497,2.82088,1.88698,0.2847,0.18085,0.17569,0.07076,2.49027,2.91828,2.01813,0.008053,0.008053,0.008053
238,2509.52,2.31453,2.82188,1.88555,0.28019,0.20291,0.16825,0.07023,2.4596,2.88033,1.99098,0.00804475,0.00804475,0.00804475
239,2519.43,2.25281,2.81444,1.883,0.28321,0.20213,0.17316,0.07152,2.46234,2.90625,1.98798,0.0080365,0.0080365,0.0080365
240,2529.6,2.32731,2.86722,1.9045,0.29947,0.19574,0.17317,0.06808,2.47434,2.89444,1.9979,0.00802825,0.00802825,0.00802825
241,2539.52,2.32556,2.85883,1.909,0.28917,0.2,0.17463,0.06845,2.45372,2.93211,2.02268,0.00802,0.00802,0.00802
242,2549.49,2.29995,2.8262,1.89035,0.35523,0.1766,0.18941,0.0752,2.45524,2.89045,2.00921,0.00801175,0.00801175,0.00801175
243,2559.8,2.31223,2.80142,1.90152,0.34652,0.21702,0.18413,0.06981,2.4673,2.91854,1.99094,0.0080035,0.0080035,0.0080035
244,2569.79,2.27915,2.77584,1.8766,0.33736,0.20213,0.18881,0.07427,2.4562,2.84892,2.00102,0.00799525,0.00799525,0.00799525
245,2579.8,2.31706,2.83733,1.89208,0.30962,0.21915,0.18713,0.07253,2.44904,2.8732,1.98821,0.007987,0.007987,0.007987
246,2589.76,2.31142,2.78309,1.89439,0.31332,0.17872,0.1695,0.06715,2.46873,2.92291,1.98625,0.00797875,0.00797875,0.00797875
247,2599.69,2.27799,2.76365,1.88283,0.29156,0.22128,0.1802,0.07658,2.4683,2.92016,2.02742,0.0079705,0.0079705,0.0079705
248,2609.87,2.28719,2.78919,1.89107,0.30048,0.23404,0.18424,0.07832,2.41678,2.84887,1.97262,0.00796225,0.00796225,0.00796225
249,2620.1,2.25846,2.75482,1.8702,0.28104,0.20044,0.17936,0.07149,2.4214,2.88716,1.98933,0.007954,0.007954,0.007954
250,2630.18,2.29603,2.7909,1.87207,0.32452,0.19149,0.19199,0.07783,2.42009,2.86563,1.98472,0.00794575,0.00794575,0.00794575
251,2640.37,2.24713,2.744,1.86071,0.3613,0.18723,0.18709,0.08157,2.41357,2.87236,1.98277,0.0079375,0.0079375,0.0079375
252,2650.52,2.25574,2.76124,1.87299,0.33382,0.20638,0.18453,0.07864,2.41002,2.86371,1.95903,0.00792925,0.00792925,0.00792925
253,2660.57,2.25067,2.76852,1.86015,0.34227,0.21064,0.1956,0.08025,2.41773,2.88481,1.98457,0.007921,0.007921,0.007921
254,2670.67,2.27464,2.74212,1.87631,0.32432,0.18723,0.1893,0.07955,2.44178,2.84729,1.99534,0.00791275,0.00791275,0.00791275
255,2680.73,2.26967,2.75078,1.87899,0.27609,0.21702,0.19275,0.0763,2.43362,2.84331,1.96879,0.0079045,0.0079045,0.0079045
256,2690.71,2.23252,2.72208,1.86315,0.27401,0.21702,0.18576,0.07777,2.40786,2.83855,1.98756,0.00789625,0.00789625,0.00789625
257,2700.74,2.25924,2.71153,1.87093,0.30977,0.20426,0.18839,0.07586,2.41987,2.86495,1.9778,0.007888,0.007888,0.007888
258,2710.8,2.26694,2.73549,1.86068,0.34294,0.21702,0.19269,0.0839,2.38082,2.82466,1.95504,0.00787975,0.00787975,0.00787975
259,2720.94,2.23953,2.73297,1.86137,0.3497,0.22766,0.19942,0.08863,2.41653,2.81669,1.96815,0.0078715,0.0078715,0.0078715
260,2731.27,2.23838,2.70236,1.84411,0.2786,0.22766,0.18762,0.08171,2.40272,2.86527,1.95427,0.00786325,0.00786325,0.00786325
261,2741.18,2.21669,2.65836,1.8275,0.31409,0.2,0.19298,0.08495,2.39595,2.81195,1.96343,0.007855,0.007855,0.007855
262,2751.13,2.24277,2.7429,1.85031,0.31879,0.21489,0.19659,0.08388,2.39812,2.78031,1.9548,0.00784675,0.00784675,0.00784675
263,2761.02,2.20758,2.70855,1.8376,0.3789,0.21936,0.20545,0.08287,2.40242,2.81164,1.97092,0.0078385,0.0078385,0.0078385
264,2770.98,2.20775,2.63575,1.82553,0.34139,0.2383,0.21491,0.08837,2.38099,2.77289,1.96432,0.00783025,0.00783025,0.00783025
265,2781.15,2.21974,2.69246,1.83779,0.37296,0.24043,0.21474,0.08414,2.3961,2.76619,1.96701,0.007822,0.007822,0.007822
266,2791.21,2.18785,2.61297,1.82348,0.32376,0.22553,0.19759,0.0891,2.40057,2.80983,1.96646,0.00781375,0.00781375,0.00781375
267,2801.25,2.21417,2.64098,1.82912,0.31956,0.22553,0.2009,0.08755,2.38592,2.7966,1.95692,0.0078055,0.0078055,0.0078055
268,2811.14,2.20478,2.65298,1.823,0.36812,0.22766,0.2146,0.09081,2.37533,2.74212,1.95242,0.00779725,0.00779725,0.00779725
269,2821.42,2.2135,2.63661,1.83026,0.35136,0.23191,0.21647,0.09897,2.38563,2.72779,1.95141,0.007789,0.007789,0.007789
270,2831.64,2.19798,2.64445,1.83353,0.32402,0.2383,0.21213,0.08956,2.34359,2.75945,1.94705,0.00778075,0.00778075,0.00778075
271,2841.61,2.17189,2.60678,1.8132,0.34274,0.22553,0.20316,0.08642,2.36054,2.7816,1.96101,0.0077725,0.0077725,0.0077725
272,2851.63,2.2065,2.6471,1.83981,0.31139,0.23404,0.19882,0.08436,2.36907,2.76874,1.95841,0.00776425,0.00776425,0.00776425
273,2861.65,2.20396,2.64512,1.83595,0.30319,0.25745,0.21236,0.09201,2.3647,2.76301,1.94569,0.007756,0.007756,0.007756
274,2871.59,2.20281,2.59122,1.82484,0.35717,0.23617,0.22573,0.09677,2.3355,2.73032,1.94018,0.00774775,0.00774775,0.00774775
275,2881.46,2.17376,2.6095,1.81334,0.32071,0.22904,0.22468,0.09767,2.36216,2.68205,1.94462,0.0077395,0.0077395,0.0077395
276,2891.51,2.18853,2.60227,1.80444,0.36136,0.22979,0.21494,0.09457,2.34444,2.6944,1.93356,0.00773125,0.00773125,0.00773125
277,2901.62,2.18851,2.5702,1.79928,0.32041,0.24681,0.20479,0.08466,2.35131,2.75503,1.93324,0.007723,0.007723,0.007723
278,2911.72,2.18556,2.58137,1.81921,0.34854,0.2234,0.21893,0.09039,2.36244,2.75557,1.94056,0.00771475,0.00771475,0.00771475
279,2921.72,2.16824,2.58448,1.81037,0.34967,0.24468,0.2195,0.09542,2.31116,2.72733,1.92256,0.0077065,0.0077065,0.0077065
280,2931.72,2.16548,2.57804,1.79939,0.3497,0.21702,0.22335,0.09071,2.3406,2.70217,1.93459,0.00769825,0.00769825,0.00769825
281,2941.68,2.16721,2.53877,1.80431,0.37929,0.24043,0.23604,0.09992,2.31865,2.63595,1.93,0.00769,0.00769,0.00769
282,2951.38,2.18344,2.60514,1.82841,0.40886,0.24894,0.2412,0.1003,2.33592,2.65589,1.93614,0.00768175,0.00768175,0.00768175
283,2961.34,2.15978,2.5834,1.81495,0.35682,0.24043,0.23309,0.09779,2.35457,2.68092,1.94243,0.0076735,0.0076735,0.0076735
284,2971.28,2.14393,2.54084,1.78495,0.40188,0.26809,0.24502,0.10325,2.33514,2.67012,1.9209,0.00766525,0.00766525,0.00766525
285,2981.59,2.15761,2.54827,1.80581,0.43728,0.24043,0.25157,0.10929,2.28653,2.67642,1.90534,0.007657,0.007657,0.007657
286,2991.8,2.13542,2.51447,1.79377,0.3805,0.24045,0.24915,0.11037,2.29543,2.63455,1.91891,0.00764875,0.00764875,0.00764875
287,3002.07,2.1127,2.50831,1.78461,0.37066,0.27819,0.24418,0.10355,2.28834,2.62024,1.90895,0.0076405,0.0076405,0.0076405
288,3011.97,2.1471,2.49376,1.796,0.3839,0.28511,0.23637,0.10225,2.29074,2.63842,1.92992,0.00763225,0.00763225,0.00763225
289,3022.01,2.12458,2.51373,1.79284,0.40141,0.25957,0.24511,0.10687,2.2824,2.61964,1.92536,0.007624,0.007624,0.007624
290,3032.09,2.12809,2.49427,1.7781,0.35545,0.25532,0.24132,0.10728,2.26655,2.6502,1.92997,0.00761575,0.00761575,0.00761575
291,3042.15,2.16258,2.53497,1.78748,0.37963,0.24468,0.25829,0.11407,2.26423,2.56665,1.90511,0.0076075,0.0076075,0.0076075
292,3052.28,2.10019,2.45904,1.76432,0.4044,0.25319,0.26044,0.11887,2.27322,2.5651,1.91721,0.00759925,0.00759925,0.00759925
293,3062.31,2.12203,2.4643,1.78037,0.33455,0.25532,0.22789,0.10066,2.30303,2.68043,1.91449,0.007591,0.007591,0.007591
294,3071.71,2.09927,2.45254,1.75831,0.45705,0.25745,0.26901,0.11416,2.25625,2.55274,1.88622,0.00758275,0.00758275,0.00758275
295,3081.16,2.09806,2.41084,1.75541,0.44723,0.25106,0.25906,0.11408,2.25901,2.56955,1.8976,0.0075745,0.0075745,0.0075745
296,3091.24,2.13385,2.49753,1.77103,0.41009,0.25319,0.25821,0.11162,2.24475,2.57339,1.88385,0.00756625,0.00756625,0.00756625
297,3101.22,2.12739,2.48079,1.78091,0.36982,0.28085,0.2664,0.11954,2.25156,2.57862,1.89369,0.007558,0.007558,0.007558
298,3111.58,2.06383,2.41284,1.74127,0.39326,0.27447,0.25569,0.11661,2.26198,2.56753,1.89862,0.00754975,0.00754975,0.00754975
299,3121.61,2.10824,2.44703,1.77474,0.39784,0.2766,0.26315,0.11681,2.25765,2.54096,1.89578,0.0075415,0.0075415,0.0075415
300,3131.66,2.07122,2.41388,1.75631,0.39433,0.29362,0.28292,0.1297,2.22511,2.49339,1.88148,0.00753325,0.00753325,0.00753325
301,3141.84,2.09714,2.43583,1.75928,0.3911,0.28085,0.2875,0.13138,2.22739,2.46888,1.86903,0.007525,0.007525,0.007525
302,3151.65,2.07261,2.40575,1.74464,0.38442,0.29149,0.2853,0.12467,2.23,2.47571,1.88577,0.00751675,0.00751675,0.00751675
303,3161.67,2.07728,2.40041,1.74356,0.45441,0.27872,0.28765,0.1285,2.21568,2.47928,1.87085,0.0075085,0.0075085,0.0075085
304,3171.56,2.11268,2.43944,1.75149,0.4107,0.30398,0.28929,0.13162,2.2039,2.46802,1.85069,0.00750025,0.00750025,0.00750025
305,3181.71,2.09704,2.39269,1.74791,0.4275,0.30187,0.29418,0.13297,2.20927,2.43461,1.86291,0.007492,0.007492,0.007492
306,3191.9,2.05583,2.34512,1.71638,0.4075,0.31755,0.29517,0.13689,2.19183,2.4053,1.85215,0.00748375,0.00748375,0.00748375
307,3202.15,2.0891,2.41703,1.73495,0.44145,0.31277,0.30353,0.13684,2.19532,2.40779,1.84127,0.0074755,0.0074755,0.0074755
308,3212.24,2.05108,2.34725,1.715,0.43037,0.3,0.31262,0.14619,2.18431,2.41464,1.83231,0.00746725,0.00746725,0.00746725
309,3222.44,2.0627,2.38272,1.73669,0.47145,0.30213,0.31166,0.14216,2.17214,2.40382,1.83865,0.007459,0.007459,0.007459
310,3232.35,2.06207,2.36068,1.72846,0.47838,0.29787,0.3084,0.14765,2.20624,2.41311,1.86134,0.00745075,0.00745075,0.00745075
311,3242.61,2.05669,2.37085,1.70841,0.44612,0.3,0.29592,0.13379,2.21206,2.46901,1.84735,0.0074425,0.0074425,0.0074425
312,3252.66,2.0481,2.36093,1.72623,0.39483,0.32979,0.30872,0.14321,2.18759,2.40859,1.83062,0.00743425,0.00743425,0.00743425
313,3262.69,2.03487,2.35206,1.71243,0.44875,0.33948,0.3203,0.14814,2.15802,2.40338,1.81391,0.007426,0.007426,0.007426
314,3272.95,2.02434,2.31712,1.71023,0.42716,0.34681,0.32133,0.15286,2.15951,2.40905,1.82593,0.00741775,0.00741775,0.00741775
315,3283.25,2.02045,2.32113,1.71285,0.47048,0.32128,0.32424,0.15647,2.16397,2.41716,1.82481,0.0074095,0.0074095,0.0074095
316,3293.43,2.02663,2.34205,1.70184,0.46405,0.33191,0.33532,0.16389,2.17018,2.39554,1.82127,0.00740125,0.00740125,0.00740125
317,3303.37,2.0311,2.2693,1.70853,0.46262,0.33617,0.33129,0.15576,2.17486,2.3974,1.81301,0.007393,0.007393,0.007393
318,3313.14,2.02557,2.32946,1.71694,0.46223,0.33404,0.33476,0.15423,2.1836,2.39561,1.82263,0.00738475,0.00738475,0.00738475
319,3322.98,1.99467,2.31092,1.70206,0.44666,0.3234,0.32196,0.15858,2.16805,2.40344,1.82511,0.0073765,0.0073765,0.0073765
320,3332.84,2.00846,2.3154,1.717,0.5306,0.33911,0.34425,0.16684,2.1315,2.36689,1.83035,0.00736825,0.00736825,0.00736825
321,3342.71,1.98105,2.2361,1.68969,0.51245,0.3234,0.35433,0.16713,2.13817,2.34385,1.81006,0.00736,0.00736,0.00736
322,3352.91,2.01226,2.30686,1.6981,0.49903,0.33912,0.34416,0.16472,2.14159,2.36604,1.8027,0.00735175,0.00735175,0.00735175
323,3362.91,2.00408,2.25779,1.69225,0.50499,0.34043,0.35397,0.16882,2.12544,2.30292,1.81008,0.0073435,0.0073435,0.0073435
324,3373.21,1.99616,2.26349,1.70012,0.53114,0.33404,0.35772,0.16709,2.13014,2.33925,1.81766,0.00733525,0.00733525,0.00733525
325,3383.19,2.00014,2.25825,1.69177,0.50862,0.33617,0.35262,0.16435,2.12656,2.31486,1.79469,0.007327,0.007327,0.007327
326,3393.11,1.97612,2.24099,1.6857,0.55699,0.32766,0.36604,0.1771,2.11709,2.29345,1.7975,0.00731875,0.00731875,0.00731875
327,3403.22,1.98998,2.24728,1.67461,0.47156,0.35532,0.37096,0.18139,2.1235,2.25053,1.78524,0.0073105,0.0073105,0.0073105
328,3413.35,2.00435,2.22353,1.67895,0.56295,0.34894,0.38998,0.18282,2.11619,2.2505,1.78775,0.00730225,0.00730225,0.00730225
329,3423.62,1.97805,2.21166,1.68063,0.51455,0.38114,0.3839,0.18193,2.08586,2.27135,1.77722,0.007294,0.007294,0.007294
330,3433.58,1.96921,2.19478,1.6839,0.5479,0.37021,0.39468,0.19188,2.09745,2.2357,1.78081,0.00728575,0.00728575,0.00728575
331,3443.86,2.01878,2.25931,1.69504,0.49006,0.40638,0.38598,0.19358,2.0721,2.25808,1.76949,0.0072775,0.0072775,0.0072775
332,3454.03,1.95569,2.17911,1.65509,0.50598,0.3617,0.38679,0.19717,2.06223,2.23329,1.75867,0.00726925,0.00726925,0.00726925
333,3464.31,1.97747,2.21563,1.67253,0.52881,0.3617,0.39499,0.20089,2.06253,2.22907,1.76329,0.007261,0.007261,0.007261
334,3474.59,1.96039,2.20851,1.66644,0.51322,0.3617,0.3963,0.20492,2.06251,2.21192,1.75551,0.00725275,0.00725275,0.00725275
335,3484.96,1.98414,2.20607,1.67247,0.56446,0.35957,0.39313,0.20039,2.05322,2.22962,1.74863,0.0072445,0.0072445,0.0072445
336,3495.12,1.96214,2.1875,1.65609,0.56486,0.32979,0.37792,0.18307,2.09617,2.30232,1.79302,0.00723625,0.00723625,0.00723625
337,3505.15,1.98738,2.19862,1.67329,0.52569,0.3766,0.39294,0.196,2.06365,2.22663,1.76479,0.007228,0.007228,0.007228
338,3515.09,1.93772,2.14382,1.65017,0.50322,0.37501,0.39957,0.20286,2.04571,2.19134,1.7572,0.00721975,0.00721975,0.00721975
339,3525.03,1.94688,2.16612,1.64431,0.50039,0.39787,0.40604,0.20342,2.05851,2.18544,1.76758,0.0072115,0.0072115,0.0072115
340,3534.83,1.9387,2.16178,1.64351,0.50374,0.38511,0.40853,0.2043,2.05194,2.16512,1.76531,0.00720325,0.00720325,0.00720325
341,3544.96,1.95201,2.17749,1.64802,0.53131,0.39362,0.41799,0.21317,2.03683,2.16828,1.76414,0.007195,0.007195,0.007195
342,3555.01,1.95736,2.19038,1.65004,0.55776,0.37021,0.42142,0.21693,2.03961,2.15076,1.75189,0.00718675,0.00718675,0.00718675
343,3565.29,1.95137,2.17346,1.64431,0.49607,0.41915,0.43162,0.21787,2.02526,2.11467,1.74285,0.0071785,0.0071785,0.0071785
344,3575.63,1.91241,2.10693,1.62815,0.61793,0.35319,0.43113,0.21749,2.00666,2.09503,1.73122,0.00717025,0.00717025,0.00717025
345,3585.5,1.9359,2.12416,1.65638,0.59245,0.37021,0.42746,0.21766,2.01166,2.11331,1.74665,0.007162,0.007162,0.007162
346,3595.49,1.91682,2.07792,1.64565,0.54286,0.40174,0.43218,0.224,1.96975,2.09125,1.73082,0.00715375,0.00715375,0.00715375
347,3605.72,1.89,2.11151,1.62393,0.59706,0.38936,0.43174,0.22255,1.96449,2.11059,1.71539,0.0071455,0.0071455,0.0071455
348,3615.63,1.93145,2.17306,1.6381,0.54785,0.39574,0.43439,0.2211,1.98101,2.11429,1.7158,0.00713725,0.00713725,0.00713725
349,3625.67,1.91906,2.11345,1.6285,0.55223,0.39787,0.43414,0.22372,2.00261,2.12666,1.73274,0.007129,0.007129,0.007129
350,3635.83,1.86969,2.0578,1.60845,0.53225,0.39362,0.43779,0.2283,1.98091,2.12579,1.71822,0.00712075,0.00712075,0.00712075
351,3646.08,1.93465,2.13616,1.64639,0.53497,0.38936,0.44416,0.23076,1.94687,2.05954,1.70252,0.0071125,0.0071125,0.0071125
352,3656.22,1.89126,2.08824,1.62203,0.55272,0.41489,0.44598,0.23083,1.9632,2.05845,1.71463,0.00710425,0.00710425,0.00710425
353,3666.33,1.9081,2.09582,1.64548,0.55555,0.41277,0.44867,0.23698,1.96091,2.05018,1.71196,0.007096,0.007096,0.007096
354,3676.64,1.86644,2.04961,1.61117,0.62138,0.40426,0.46044,0.23362,1.9702,2.07685,1.72106,0.00708775,0.00708775,0.00708775
355,3686.51,1.88222,2.03598,1.60989,0.6427,0.38655,0.45872,0.23848,1.98091,2.05105,1.72115,0.0070795,0.0070795,0.0070795
356,3696.74,1.90069,2.04646,1.61693,0.64132,0.41702,0.46802,0.24109,1.95892,2.04234,1.71433,0.00707125,0.00707125,0.00707125
357,3707.03,1.85808,2.04052,1.60421,0.63247,0.42553,0.47729,0.24078,1.96227,2.01468,1.70992,0.007063,0.007063,0.007063
358,3717.36,1.88625,2.05908,1.62409,0.59666,0.39972,0.45924,0.23949,1.95225,2.02208,1.69762,0.00705475,0.00705475,0.00705475
359,3727.43,1.91388,2.04997,1.62381,0.56293,0.43845,0.45811,0.24099,1.97737,2.03468,1.70988,0.0070465,0.0070465,0.0070465
360,3737.49,1.87456,2.01302,1.61141,0.51709,0.46383,0.46376,0.24111,1.97557,2.02722,1.70056,0.00703825,0.00703825,0.00703825
361,3747.38,1.85881,2.04345,1.60438,0.56684,0.41764,0.46367,0.24735,1.96045,2.00251,1.68018,0.00703,0.00703,0.00703
362,3757.7,1.81776,1.9546,1.57706,0.57184,0.43191,0.47441,0.25217,1.9493,1.9983,1.68283,0.00702175,0.00702175,0.00702175
363,3767.97,1.86207,1.99798,1.58662,0.54559,0.47234,0.49576,0.25905,1.94811,1.95693,1.69686,0.0070135,0.0070135,0.0070135
364,3778.24,1.86428,2.0142,1.59672,0.55718,0.45957,0.49402,0.26342,1.94791,1.95092,1.69048,0.00700525,0.00700525,0.00700525
365,3788.45,1.86747,2.01916,1.58582,0.6696,0.40851,0.49285,0.2618,1.9512,1.92995,1.68625,0.006997,0.006997,0.006997
366,3798.39,1.85121,2.00096,1.59837,0.5592,0.43617,0.48195,0.26133,1.91653,1.94208,1.68998,0.00698875,0.00698875,0.00698875
367,3808.23,1.82376,1.96156,1.57697,0.57552,0.42553,0.48572,0.26027,1.90741,1.95674,1.68161,0.0069805,0.0069805,0.0069805
368,3818.3,1.85108,1.96038,1.59134,0.65233,0.42979,0.50592,0.26812,1.90275,1.92658,1.67728,0.00697225,0.00697225,0.00697225
369,3828.74,1.8291,1.97655,1.58356,0.63068,0.4578,0.51489,0.27165,1.89793,1.91251,1.66534,0.006964,0.006964,0.006964
370,3839.17,1.82101,1.95832,1.56347,0.56374,0.48723,0.50543,0.27254,1.89949,1.89703,1.67367,0.00695575,0.00695575,0.00695575
371,3849.05,1.82667,1.93834,1.56586,0.68065,0.42979,0.51789,0.28383,1.88162,1.89104,1.65848,0.0069475,0.0069475,0.0069475
372,3859.36,1.85281,1.95383,1.57476,0.64289,0.44255,0.51379,0.28322,1.88362,1.90819,1.65245,0.00693925,0.00693925,0.00693925
373,3869.39,1.81722,1.9397,1.58108,0.65793,0.4234,0.50661,0.27918,1.87655,1.91745,1.64716,0.006931,0.006931,0.006931
374,3879.35,1.82227,1.96912,1.5826,0.62664,0.44637,0.50928,0.27826,1.87441,1.90539,1.65638,0.00692275,0.00692275,0.00692275
375,3889.5,1.78077,1.93799,1.56544,0.64865,0.42979,0.5122,0.27939,1.88394,1.90478,1.66946,0.0069145,0.0069145,0.0069145
376,3899.95,1.81088,1.93594,1.56936,0.68226,0.44894,0.53467,0.28494,1.88074,1.88805,1.65141,0.00690625,0.00690625,0.00690625
377,3910.26,1.77657,1.90359,1.54559,0.65887,0.45532,0.52517,0.28563,1.87277,1.8648,1.64148,0.006898,0.006898,0.006898
378,3920.28,1.83482,1.95794,1.57917,0.5796,0.48987,0.52891,0.29057,1.84871,1.83923,1.63659,0.00688975,0.00688975,0.00688975
379,3930.56,1.77302,1.88845,1.54186,0.58852,0.50211,0.53583,0.29409,1.82002,1.81874,1.63116,0.0068815,0.0068815,0.0068815
380,3940.83,1.79777,1.90521,1.55938,0.61119,0.48298,0.53226,0.29217,1.82564,1.81518,1.62522,0.00687325,0.00687325,0.00687325
381,3950.84,1.77687,1.87806,1.54804,0.6442,0.45106,0.53488,0.29786,1.81185,1.83382,1.61006,0.006865,0.006865,0.006865
382,3961.4,1.80065,1.91395,1.55772,0.66575,0.4383,0.53201,0.2992,1.83102,1.84999,1.61816,0.00685675,0.00685675,0.00685675
383,3971.57,1.78608,1.88271,1.55049,0.67079,0.47254,0.54815,0.30475,1.80644,1.80565,1.6078,0.0068485,0.0068485,0.0068485
384,3981.58,1.79479,1.89267,1.54869,0.65254,0.47872,0.54829,0.30669,1.80234,1.79791,1.60388,0.00684025,0.00684025,0.00684025
385,3991.93,1.81559,1.95644,1.56172,0.73741,0.4383,0.55326,0.3022,1.79875,1.81731,1.58805,0.006832,0.006832,0.006832
386,4001.81,1.76923,1.85771,1.51831,0.59596,0.51702,0.54925,0.30377,1.80325,1.82153,1.59199,0.00682375,0.00682375,0.00682375
387,4011.58,1.74971,1.8207,1.53527,0.70706,0.44894,0.55403,0.31312,1.78371,1.78831,1.58232,0.0068155,0.0068155,0.0068155
388,4021.8,1.75378,1.83583,1.5367,0.64688,0.48511,0.55388,0.31497,1.78487,1.79846,1.58342,0.00680725,0.00680725,0.00680725
389,4032.13,1.77254,1.867,1.53524,0.6754,0.47234,0.55873,0.31991,1.76459,1.75125,1.57761,0.006799,0.006799,0.006799
390,4042.3,1.75353,1.82556,1.53023,0.74656,0.45319,0.55766,0.32151,1.77486,1.77271,1.57465,0.00679075,0.00679075,0.00679075
391,4052.62,1.73833,1.8545,1.52364,0.67105,0.47234,0.55995,0.31989,1.7855,1.75733,1.57762,0.0067825,0.0067825,0.0067825
392,4062.65,1.73588,1.83711,1.49359,0.70739,0.48723,0.56985,0.31647,1.78888,1.77993,1.56714,0.00677425,0.00677425,0.00677425
393,4072.77,1.76645,1.85153,1.52612,0.72151,0.48936,0.58101,0.33021,1.77073,1.74997,1.55365,0.006766,0.006766,0.006766
394,4083.05,1.77203,1.82842,1.52666,0.74831,0.4681,0.57401,0.32573,1.76612,1.74285,1.55549,0.00675775,0.00675775,0.00675775
395,4093.13,1.76213,1.85145,1.52218,0.74712,0.48403,0.57948,0.32675,1.76027,1.72205,1.56086,0.0067495,0.0067495,0.0067495
396,4102.76,1.72457,1.77145,1.49137,0.65697,0.50851,0.57002,0.3244,1.76292,1.74133,1.56934,0.00674125,0.00674125,0.00674125
397,4112.41,1.73999,1.78362,1.50519,0.72547,0.48355,0.58432,0.33377,1.74797,1.72643,1.55735,0.006733,0.006733,0.006733
398,4122.54,1.71533,1.78197,1.51113,0.68747,0.49611,0.58963,0.34726,1.74205,1.69024,1.55478,0.00672475,0.00672475,0.00672475
399,4132.56,1.71302,1.78595,1.50591,0.69497,0.50851,0.58617,0.34287,1.73054,1.6935,1.54791,0.0067165,0.0067165,0.0067165
400,4142.56,1.72115,1.78732,1.49927,0.69668,0.50426,0.58209,0.33672,1.73376,1.72712,1.545,0.00670825,0.00670825,0.00670825
401,4152.53,1.75293,1.82804,1.52619,0.68318,0.53191,0.58771,0.34315,1.74443,1.71686,1.54958,0.0067,0.0067,0.0067
402,4162.03,1.74981,1.83358,1.51801,0.68861,0.52698,0.5887,0.34213,1.75169,1.70634,1.55456,0.00669175,0.00669175,0.00669175
403,4171.79,1.6944,1.77188,1.48295,0.71312,0.51064,0.59249,0.34821,1.73475,1.68675,1.5511,0.0066835,0.0066835,0.0066835
404,4181.76,1.69755,1.74886,1.4964,0.70445,0.51277,0.59099,0.34683,1.74527,1.69573,1.54984,0.00667525,0.00667525,0.00667525
405,4191.1,1.69873,1.75194,1.48573,0.71992,0.50851,0.59622,0.3484,1.73583,1.69647,1.54186,0.006667,0.006667,0.006667
406,4200.87,1.7175,1.77744,1.50313,0.70006,0.51702,0.59717,0.35013,1.7337,1.7023,1.54299,0.00665875,0.00665875,0.00665875
407,4211.09,1.71393,1.78281,1.49825,0.77166,0.50638,0.60745,0.35222,1.74977,1.69119,1.54461,0.0066505,0.0066505,0.0066505
408,4221.4,1.71133,1.75048,1.48574,0.72579,0.52128,0.60856,0.34973,1.73633,1.66737,1.53649,0.00664225,0.00664225,0.00664225
409,4231.42,1.7309,1.78803,1.49868,0.68488,0.53191,0.60804,0.35097,1.71443,1.65252,1.52472,0.006634,0.006634,0.006634
410,4241.4,1.67849,1.74335,1.48462,0.68692,0.52128,0.60486,0.35249,1.70265,1.64746,1.51217,0.00662575,0.00662575,0.00662575
411,4251.37,1.7123,1.71706,1.47096,0.69439,0.54043,0.60814,0.35442,1.71138,1.65023,1.51075,0.0066175,0.0066175,0.0066175
412,4261.6,1.71362,1.73818,1.49412,0.66506,0.51702,0.60337,0.35983,1.70109,1.64277,1.50273,0.00660925,0.00660925,0.00660925
413,4271.88,1.69165,1.74442,1.47898,0.72122,0.50426,0.60723,0.35914,1.68771,1.64735,1.49377,0.006601,0.006601,0.006601
414,4281.73,1.66414,1.72419,1.47339,0.74525,0.48298,0.61292,0.36272,1.68512,1.63692,1.49959,0.00659275,0.00659275,0.00659275
415,4292.1,1.69313,1.74478,1.48626,0.71804,0.52766,0.61617,0.36354,1.6859,1.61458,1.50248,0.0065845,0.0065845,0.0065845
416,4303.22,1.71583,1.74827,1.49129,0.7387,0.50524,0.615,0.37074,1.6775,1.59664,1.4997,0.00657625,0.00657625,0.00657625
417,4314.26,1.66585,1.71912,1.46064,0.70869,0.55106,0.62799,0.37425,1.68046,1.60707,1.49889,0.006568,0.006568,0.006568
418,4325.29,1.68545,1.73704,1.47308,0.7826,0.49785,0.62076,0.37431,1.67157,1.61284,1.50056,0.00655975,0.00655975,0.00655975
419,4335.75,1.68319,1.7002,1.47249,0.6985,0.53237,0.62251,0.37166,1.67862,1.61727,1.50666,0.0065515,0.0065515,0.0065515
420,4346.02,1.66875,1.68129,1.46322,0.76322,0.51438,0.6237,0.37575,1.66663,1.60093,1.50134,0.00654325,0.00654325,0.00654325
421,4356.49,1.68166,1.72034,1.46349,0.64281,0.58968,0.63273,0.38993,1.64422,1.58129,1.49052,0.006535,0.006535,0.006535
422,4367.02,1.70476,1.71697,1.46998,0.73444,0.54894,0.63514,0.39278,1.64252,1.57082,1.48323,0.00652675,0.00652675,0.00652675
423,4377.67,1.65664,1.69075,1.44819,0.71948,0.56383,0.64154,0.39244,1.65342,1.57902,1.48674,0.0065185,0.0065185,0.0065185
424,4387.85,1.66507,1.68198,1.47168,0.72199,0.55808,0.6378,0.38751,1.67303,1.58506,1.49556,0.00651025,0.00651025,0.00651025
425,4398.17,1.66278,1.6994,1.46754,0.73383,0.55725,0.64006,0.38797,1.67073,1.56825,1.49476,0.006502,0.006502,0.006502
426,4408.39,1.66261,1.68783,1.45436,0.75806,0.53404,0.63852,0.38752,1.66,1.55852,1.49235,0.00649375,0.00649375,0.00649375
427,4418.38,1.65865,1.67334,1.45649,0.7508,0.55127,0.63497,0.38697,1.65207,1.54807,1.49545,0.0064855,0.0064855,0.0064855
428,4428.46,1.64538,1.66913,1.44952,0.73721,0.54681,0.63386,0.37845,1.65352,1.53979,1.48869,0.00647725,0.00647725,0.00647725
429,4439.41,1.6487,1.67424,1.45295,0.70232,0.56809,0.63905,0.38346,1.66765,1.55057,1.49249,0.006469,0.006469,0.006469
430,4449.88,1.65662,1.67039,1.45602,0.74455,0.53333,0.6385,0.38911,1.64961,1.54208,1.48157,0.00646075,0.00646075,0.00646075
431,4459.94,1.62559,1.63815,1.44327,0.69334,0.55801,0.64382,0.39122,1.65095,1.52056,1.48085,0.0064525,0.0064525,0.0064525
432,4469.89,1.61074,1.60663,1.43692,0.74251,0.56383,0.65264,0.40077,1.65107,1.52082,1.48211,0.00644425,0.00644425,0.00644425
433,4480.84,1.65924,1.68325,1.45724,0.75134,0.5766,0.65113,0.39839,1.6486,1.53702,1.4726,0.006436,0.006436,0.006436
434,4491.88,1.62417,1.62967,1.44,0.73702,0.59032,0.65711,0.40232,1.62366,1.51764,1.47233,0.00642775,0.00642775,0.00642775
435,4502.07,1.64195,1.65965,1.45484,0.73783,0.60426,0.66558,0.40776,1.61804,1.50444,1.47085,0.0064195,0.0064195,0.0064195
436,4512.11,1.6097,1.58461,1.42133,0.76248,0.58056,0.66015,0.40466,1.63575,1.51058,1.47719,0.00641125,0.00641125,0.00641125
437,4522.61,1.63875,1.66874,1.44131,0.76568,0.5617,0.6635,0.4063,1.62418,1.49857,1.4674,0.006403,0.006403,0.006403
438,4534.63,1.63086,1.63207,1.43846,0.76943,0.56091,0.66441,0.40674,1.60756,1.49167,1.46097,0.00639475,0.00639475,0.00639475
439,4546.35,1.62834,1.62783,1.42396,0.77314,0.57872,0.67682,0.41428,1.59176,1.48147,1.44012,0.0063865,0.0063865,0.0063865
440,4559.05,1.63352,1.66948,1.4417,0.73652,0.59475,0.67397,0.41565,1.58765,1.47475,1.43761,0.00637825,0.00637825,0.00637825
441,4569.84,1.65676,1.64079,1.42845,0.80827,0.54043,0.67103,0.40743,1.59366,1.48553,1.43782,0.00637,0.00637,0.00637
442,4579.75,1.6106,1.58569,1.42936,0.75114,0.5766,0.6806,0.41979,1.58898,1.48092,1.43794,0.00636175,0.00636175,0.00636175
443,4589.95,1.60457,1.58778,1.4212,0.73029,0.59574,0.68049,0.42035,1.58928,1.47075,1.44008,0.0063535,0.0063535,0.0063535
444,4601.27,1.61205,1.59119,1.41743,0.77034,0.56596,0.67312,0.41718,1.60631,1.49516,1.45097,0.00634525,0.00634525,0.00634525
445,4613.48,1.60024,1.5672,1.41902,0.74559,0.57991,0.66984,0.41526,1.5929,1.4992,1.44232,0.006337,0.006337,0.006337
446,4623.9,1.59384,1.56908,1.42016,0.71346,0.60426,0.67175,0.41144,1.60538,1.50406,1.44039,0.00632875,0.00632875,0.00632875
447,4633.83,1.57783,1.55791,1.40384,0.77025,0.5766,0.67296,0.41244,1.59636,1.49283,1.44337,0.0063205,0.0063205,0.0063205
448,4643.61,1.62055,1.62896,1.43852,0.77155,0.57488,0.67289,0.41363,1.58316,1.48158,1.43224,0.00631225,0.00631225,0.00631225
449,4654.57,1.56568,1.55425,1.39489,0.78631,0.56809,0.68034,0.41685,1.58415,1.47234,1.42293,0.006304,0.006304,0.006304
450,4666.91,1.62285,1.61584,1.41917,0.75445,0.60141,0.6873,0.41713,1.59238,1.46909,1.42058,0.00629575,0.00629575,0.00629575
451,4677.23,1.5763,1.57285,1.41672,0.76086,0.58896,0.68138,0.41266,1.58966,1.46734,1.42458,0.0062875,0.0062875,0.0062875
452,4687.08,1.58562,1.58644,1.42405,0.76567,0.59092,0.67905,0.41274,1.57743,1.46778,1.43211,0.00627925,0.00627925,0.00627925
453,4697.02,1.58193,1.56653,1.40812,0.81772,0.57268,0.69106,0.42133,1.57903,1.46954,1.43422,0.006271,0.006271,0.006271
454,4707.71,1.58806,1.54164,1.40694,0.837,0.58511,0.69952,0.42533,1.57531,1.45821,1.42808,0.00626275,0.00626275,0.00626275
455,4717.36,1.58462,1.58148,1.41466,0.84244,0.56383,0.69545,0.42519,1.57324,1.45095,1.42718,0.0062545,0.0062545,0.0062545
456,4728.02,1.57491,1.56899,1.41321,0.83598,0.56596,0.69218,0.42882,1.57129,1.42388,1.4202,0.00624625,0.00624625,0.00624625
457,4739.2,1.5789,1.55956,1.42248,0.75246,0.60426,0.69513,0.42828,1.56517,1.41776,1.41704,0.006238,0.006238,0.006238
458,4749.2,1.60094,1.54621,1.41329,0.72516,0.62128,0.694,0.43078,1.5705,1.41398,1.41739,0.00622975,0.00622975,0.00622975
459,4759.94,1.58537,1.56472,1.40372,0.83403,0.57234,0.70429,0.4358,1.56183,1.42746,1.41032,0.0062215,0.0062215,0.0062215
460,4770.05,1.57884,1.5475,1.39609,0.85952,0.56809,0.70467,0.43526,1.55823,1.42215,1.40621,0.00621325,0.00621325,0.00621325
461,4780.14,1.54864,1.51317,1.395,0.82696,0.60213,0.70606,0.44382,1.55179,1.41324,1.40349,0.006205,0.006205,0.006205
462,4790.89,1.56013,1.53246,1.41096,0.8195,0.59574,0.70684,0.43958,1.5657,1.42572,1.40167,0.00619675,0.00619675,0.00619675
463,4801.78,1.5925,1.5876,1.41046,0.80658,0.60638,0.71094,0.44451,1.54695,1.39601,1.39274,0.0061885,0.0061885,0.0061885
464,4812.08,1.54926,1.49835,1.39095,0.80228,0.60851,0.71336,0.44967,1.52776,1.38121,1.39064,0.00618025,0.00618025,0.00618025
465,4822.36,1.55755,1.52913,1.3848,0.83586,0.60638,0.72247,0.45095,1.52855,1.37561,1.38937,0.006172,0.006172,0.006172
466,4832.91,1.54101,1.51353,1.39375,0.83868,0.61064,0.72742,0.45303,1.53288,1.36686,1.39302,0.00616375,0.00616375,0.00616375
467,4844.62,1.58363,1.56809,1.40271,0.82672,0.60638,0.71913,0.44481,1.54647,1.38123,1.39264,0.0061555,0.0061555,0.0061555
468,4854.64,1.54768,1.50982,1.38064,0.8258,0.61277,0.71979,0.44722,1.54276,1.39391,1.39469,0.00614725,0.00614725,0.00614725
469,4864.62,1.55605,1.51431,1.38986,0.79825,0.62766,0.7261,0.45122,1.51984,1.36486,1.38278,0.006139,0.006139,0.006139
470,4874.39,1.544,1.5083,1.37656,0.80383,0.62553,0.71797,0.44671,1.52313,1.35904,1.38095,0.00613075,0.00613075,0.00613075
471,4886.32,1.55612,1.52137,1.39018,0.84676,0.58298,0.72042,0.45149,1.53383,1.38362,1.38902,0.0061225,0.0061225,0.0061225
472,4896.45,1.52043,1.47899,1.37539,0.81696,0.60638,0.71719,0.44994,1.52593,1.39321,1.38687,0.00611425,0.00611425,0.00611425
473,4906.52,1.5421,1.49807,1.39212,0.81413,0.60426,0.71193,0.44951,1.5248,1.38301,1.38965,0.006106,0.006106,0.006106
474,4916.53,1.5193,1.45859,1.36503,0.82407,0.59574,0.71716,0.45273,1.51233,1.37086,1.38494,0.00609775,0.00609775,0.00609775
475,4928.13,1.53942,1.49952,1.38588,0.83193,0.59787,0.71767,0.45242,1.51282,1.35447,1.38671,0.0060895,0.0060895,0.0060895
476,4938.75,1.53527,1.50049,1.3888,0.82005,0.61277,0.71054,0.45048,1.50661,1.34819,1.38726,0.00608125,0.00608125,0.00608125
477,4948.66,1.51748,1.47798,1.36627,0.82702,0.58999,0.70676,0.45135,1.51586,1.34418,1.38577,0.006073,0.006073,0.006073
478,4958.66,1.52092,1.46752,1.37177,0.75504,0.61489,0.71196,0.45218,1.51602,1.34191,1.38595,0.00606475,0.00606475,0.00606475
479,4969.53,1.50569,1.47174,1.35179,0.86443,0.5766,0.71911,0.45716,1.50178,1.32217,1.37775,0.0060565,0.0060565,0.0060565
480,4981.25,1.54909,1.50823,1.38014,0.78627,0.61489,0.72014,0.46021,1.50688,1.33475,1.37369,0.00604825,0.00604825,0.00604825
481,4991.41,1.51833,1.47332,1.37247,0.78344,0.63404,0.72239,0.45801,1.50389,1.35274,1.37233,0.00604,0.00604,0.00604
482,5001.46,1.54157,1.50873,1.37744,0.83319,0.58511,0.71855,0.45746,1.49862,1.36099,1.3724,0.00603175,0.00603175,0.00603175
483,5012.02,1.52537,1.47615,1.37667,0.80391,0.61915,0.71981,0.45892,1.50443,1.35479,1.36773,0.0060235,0.0060235,0.0060235
484,5023.67,1.53347,1.48872,1.37485,0.80735,0.61277,0.72362,0.45966,1.49229,1.34423,1.36189,0.00601525,0.00601525,0.00601525
485,5033.71,1.50912,1.45048,1.36035,0.83802,0.61645,0.72837,0.46781,1.48272,1.33414,1.35725,0.006007,0.006007,0.006007
486,5043.98,1.48818,1.4509,1.35747,0.81861,0.62979,0.73132,0.47104,1.48221,1.31815,1.36204,0.00599875,0.00599875,0.00599875
487,5054.3,1.51299,1.47693,1.3664,0.82375,0.62649,0.73777,0.47537,1.48103,1.30551,1.35909,0.0059905,0.0059905,0.0059905
488,5066.82,1.50684,1.45764,1.35012,0.8192,0.63404,0.73024,0.47576,1.48372,1.30886,1.36112,0.00598225,0.00598225,0.00598225
489,5076.87,1.49159,1.43692,1.3528,0.80195,0.64681,0.73871,0.47974,1.47935,1.3018,1.35417,0.005974,0.005974,0.005974
490,5087.09,1.50067,1.45847,1.35615,0.80863,0.64731,0.74419,0.48718,1.46705,1.2887,1.34544,0.00596575,0.00596575,0.00596575
491,5097.22,1.49421,1.45018,1.35485,0.82589,0.6383,0.74604,0.4901,1.46871,1.29914,1.34894,0.0059575,0.0059575,0.0059575
492,5109.25,1.52238,1.47047,1.3656,0.83975,0.63191,0.74886,0.4899,1.46123,1.29369,1.34573,0.00594925,0.00594925,0.00594925
493,5120.13,1.5203,1.44546,1.35417,0.81996,0.64043,0.74782,0.49279,1.46024,1.29113,1.34294,0.005941,0.005941,0.005941
494,5129.8,1.48699,1.42475,1.35098,0.86704,0.61702,0.74878,0.49551,1.45654,1.28394,1.33794,0.00593275,0.00593275,0.00593275
495,5139.74,1.4924,1.43586,1.34724,0.84145,0.6234,0.75096,0.49434,1.43911,1.27918,1.33384,0.0059245,0.0059245,0.0059245
496,5150.77,1.49325,1.44957,1.35933,0.80466,0.64468,0.75107,0.48998,1.4419,1.27952,1.33208,0.00591625,0.00591625,0.00591625
497,5162.08,1.49001,1.40912,1.35824,0.82045,0.64255,0.74642,0.49191,1.44793,1.28269,1.33547,0.005908,0.005908,0.005908
498,5172.12,1.49919,1.43195,1.3421,0.80761,0.66095,0.74826,0.48857,1.44877,1.2947,1.33162,0.00589975,0.00589975,0.00589975
499,5181.9,1.49672,1.44032,1.35668,0.80737,0.65989,0.74866,0.48807,1.44501,1.29934,1.32876,0.0058915,0.0058915,0.0058915
500,5191.65,1.49409,1.40307,1.34621,0.81104,0.67234,0.7479,0.48872,1.44925,1.30206,1.33075,0.00588325,0.00588325,0.00588325
501,5203.24,1.47907,1.42217,1.34847,0.81593,0.66383,0.7474,0.48444,1.4433,1.29081,1.3307,0.005875,0.005875,0.005875
502,5213.28,1.50778,1.4408,1.34983,0.84784,0.63404,0.74612,0.4831,1.44772,1.28442,1.33323,0.00586675,0.00586675,0.00586675
503,5222.91,1.48494,1.4011,1.34827,0.86178,0.62553,0.74465,0.48289,1.4469,1.29105,1.33308,0.0058585,0.0058585,0.0058585
504,5232.97,1.50497,1.43542,1.36093,0.80101,0.65957,0.74671,0.48467,1.44436,1.28786,1.33068,0.00585025,0.00585025,0.00585025
505,5244.48,1.44908,1.39995,1.33336,0.7967,0.65532,0.74832,0.4946,1.43162,1.27538,1.32977,0.005842,0.005842,0.005842
506,5254.52,1.46518,1.39474,1.33926,0.83756,0.6383,0.74959,0.49747,1.43007,1.28854,1.33104,0.00583375,0.00583375,0.00583375
507,5264.71,1.44868,1.36965,1.32498,0.85291,0.63404,0.75145,0.49766,1.42652,1.2864,1.32563,0.0058255,0.0058255,0.0058255
508,5275.03,1.47534,1.41349,1.34579,0.81304,0.66621,0.75271,0.50585,1.4239,1.27288,1.3259,0.00581725,0.00581725,0.00581725
509,5286.93,1.47754,1.39665,1.32536,0.83021,0.65532,0.75201,0.50232,1.4209,1.27566,1.33249,0.005809,0.005809,0.005809
510,5296.91,1.50042,1.41131,1.35215,0.79786,0.65503,0.75135,0.50159,1.42002,1.27272,1.33351,0.00580075,0.00580075,0.00580075
511,5306.94,1.46781,1.41278,1.34387,0.78973,0.66324,0.75526,0.50194,1.41066,1.26347,1.33456,0.0057925,0.0057925,0.0057925
512,5316.82,1.44655,1.35376,1.32355,0.81499,0.65745,0.75335,0.50352,1.40668,1.25776,1.32294,0.00578425,0.00578425,0.00578425
513,5327.93,1.44664,1.36442,1.32431,0.80312,0.6617,0.75189,0.5064,1.40071,1.25234,1.32256,0.005776,0.005776,0.005776
514,5339.44,1.43923,1.37337,1.32511,0.82076,0.65532,0.75259,0.50586,1.3986,1.24686,1.3194,0.00576775,0.00576775,0.00576775
515,5349.5,1.42972,1.34856,1.31969,0.83398,0.65196,0.75337,0.50844,1.39634,1.25123,1.31265,0.0057595,0.0057595,0.0057595
516,5359.86,1.45893,1.38743,1.31853,0.88975,0.62766,0.754,0.51051,1.38806,1.23608,1.31233,0.00575125,0.00575125,0.00575125
517,5370.21,1.44485,1.38139,1.31781,0.87777,0.64043,0.76028,0.50884,1.37926,1.21751,1.31003,0.005743,0.005743,0.005743
518,5381.55,1.46604,1.3884,1.3325,0.88916,0.65532,0.76416,0.51136,1.37652,1.21802,1.30873,0.00573475,0.00573475,0.00573475
519,5392.87,1.45428,1.38083,1.32901,0.87481,0.63931,0.75894,0.50633,1.38117,1.22263,1.31201,0.0057265,0.0057265,0.0057265
520,5402.99,1.42887,1.34943,1.30963,0.87722,0.65364,0.76003,0.50715,1.39059,1.22694,1.31516,0.00571825,0.00571825,0.00571825
521,5412.99,1.44421,1.37373,1.30753,0.85956,0.65112,0.76255,0.50994,1.39164,1.24344,1.317,0.00571,0.00571,0.00571
522,5423.51,1.43468,1.35899,1.31982,0.86518,0.65745,0.76252,0.50789,1.39347,1.24724,1.31147,0.00570175,0.00570175,0.00570175
523,5435.4,1.41385,1.32886,1.29613,0.87513,0.65532,0.76332,0.51348,1.38879,1.2376,1.31045,0.0056935,0.0056935,0.0056935
524,5447.77,1.44836,1.35505,1.31409,0.89062,0.65957,0.76574,0.5199,1.37711,1.22526,1.30463,0.00568525,0.00568525,0.00568525
525,5458.56,1.43256,1.37375,1.3101,0.89719,0.64983,0.76498,0.51728,1.37273,1.22536,1.30355,0.005677,0.005677,0.005677
526,5468.25,1.45055,1.37276,1.32456,0.86648,0.65532,0.76562,0.51376,1.38647,1.23241,1.30587,0.00566875,0.00566875,0.00566875
527,5478.25,1.42787,1.39682,1.30894,0.85236,0.66596,0.76661,0.51514,1.3922,1.23223,1.30578,0.0056605,0.0056605,0.0056605
528,5488.29,1.42451,1.34547,1.30758,0.8384,0.67338,0.76575,0.51319,1.39919,1.23695,1.30034,0.00565225,0.00565225,0.00565225
529,5498.79,1.42985,1.34597,1.31688,0.81718,0.67522,0.75811,0.51054,1.40746,1.25064,1.29975,0.005644,0.005644,0.005644
530,5511.02,1.43792,1.35953,1.322,0.85438,0.65532,0.7623,0.50913,1.404,1.25787,1.30041,0.00563575,0.00563575,0.00563575
531,5522.4,1.44288,1.37185,1.31498,0.81972,0.67719,0.76072,0.50943,1.39279,1.25165,1.297,0.0056275,0.0056275,0.0056275
532,5532.2,1.41346,1.31648,1.30227,0.8305,0.68085,0.76225,0.51178,1.37693,1.24385,1.29197,0.00561925,0.00561925,0.00561925
533,5542.15,1.40681,1.31613,1.29993,0.86035,0.66596,0.75943,0.51459,1.36788,1.24268,1.29,0.005611,0.005611,0.005611
534,5552.12,1.42768,1.34486,1.31335,0.83449,0.67234,0.75965,0.51172,1.36544,1.23943,1.29156,0.00560275,0.00560275,0.00560275
535,5563.59,1.40546,1.31534,1.30125,0.86149,0.67234,0.76233,0.51556,1.36343,1.23244,1.29017,0.0055945,0.0055945,0.0055945
536,5575.74,1.41539,1.3315,1.29717,0.85098,0.6617,0.75878,0.51312,1.36556,1.23024,1.28353,0.00558625,0.00558625,0.00558625
537,5586.14,1.39528,1.28918,1.29025,0.8581,0.67872,0.76574,0.52117,1.36059,1.23494,1.27875,0.005578,0.005578,0.005578
538,5596.32,1.38816,1.27957,1.30339,0.86992,0.68298,0.77274,0.52088,1.36293,1.23265,1.27733,0.00556975,0.00556975,0.00556975
539,5606.5,1.42648,1.35951,1.29759,0.89152,0.68196,0.77947,0.52432,1.35478,1.21903,1.27321,0.0055615,0.0055615,0.0055615
540,5617.84,1.42974,1.32913,1.29398,0.90042,0.67872,0.78191,0.52904,1.36008,1.22234,1.27765,0.00555325,0.00555325,0.00555325
541,5630.54,1.41873,1.34908,1.31116,0.87183,0.67872,0.77992,0.52879,1.35731,1.21042,1.27881,0.005545,0.005545,0.005545
542,5641.19,1.39891,1.32962,1.2863,0.87011,0.68414,0.78003,0.52815,1.35399,1.21535,1.27436,0.00553675,0.00553675,0.00553675
543,5651.13,1.39305,1.32112,1.29443,0.85943,0.69149,0.77985,0.52458,1.36319,1.22402,1.27682,0.0055285,0.0055285,0.0055285
544,5661.02,1.40271,1.28416,1.29293,0.83701,0.70638,0.77942,0.52527,1.35907,1.22006,1.27267,0.00552025,0.00552025,0.00552025
545,5672.02,1.40543,1.31348,1.30545,0.87896,0.7,0.78383,0.52776,1.35541,1.2123,1.26873,0.005512,0.005512,0.005512
546,5684.02,1.40646,1.30351,1.28522,0.8854,0.69043,0.78211,0.52502,1.34756,1.20644,1.27187,0.00550375,0.00550375,0.00550375
547,5694.98,1.39516,1.29122,1.2789,0.9011,0.67849,0.78213,0.52926,1.34485,1.20948,1.27364,0.0054955,0.0054955,0.0054955
548,5705.44,1.37894,1.28712,1.27069,0.89848,0.66596,0.77779,0.52436,1.34918,1.2046,1.28044,0.00548725,0.00548725,0.00548725
549,5715.54,1.39107,1.28081,1.28962,0.87731,0.68511,0.78246,0.52884,1.34964,1.2028,1.27811,0.005479,0.005479,0.005479
550,5726.32,1.40883,1.31189,1.29625,0.88024,0.68811,0.78396,0.53157,1.33874,1.189,1.2741,0.00547075,0.00547075,0.00547075
551,5739.14,1.37296,1.27744,1.28147,0.88926,0.68339,0.78458,0.52861,1.35044,1.18478,1.27929,0.0054625,0.0054625,0.0054625
552,5750.2,1.40889,1.31196,1.29658,0.88384,0.67992,0.78422,0.53073,1.34429,1.17967,1.27505,0.00545425,0.00545425,0.00545425
553,5760.23,1.39605,1.3168,1.28837,0.87463,0.69766,0.78775,0.53302,1.3379,1.17397,1.26748,0.005446,0.005446,0.005446
554,5770.56,1.37704,1.30271,1.28857,0.88357,0.68936,0.78817,0.53808,1.33811,1.16906,1.26306,0.00543775,0.00543775,0.00543775
555,5781.43,1.39077,1.27858,1.28513,0.90639,0.68723,0.7916,0.54484,1.32816,1.15957,1.26216,0.0054295,0.0054295,0.0054295
556,5794.02,1.36228,1.26913,1.27851,0.89417,0.68313,0.79217,0.54433,1.32495,1.15209,1.26092,0.00542125,0.00542125,0.00542125
557,5804.97,1.38328,1.29348,1.27672,0.8943,0.68936,0.79448,0.54408,1.31969,1.14561,1.25833,0.005413,0.005413,0.005413
558,5814.99,1.37094,1.27711,1.27489,0.90334,0.68511,0.79154,0.5464,1.32308,1.15623,1.2614,0.00540475,0.00540475,0.00540475
559,5825.24,1.39762,1.2901,1.2937,0.86598,0.68085,0.78735,0.54438,1.31898,1.15162,1.25685,0.0053965,0.0053965,0.0053965
560,5835.84,1.35744,1.24917,1.27341,0.87086,0.68511,0.78934,0.54496,1.3138,1.14266,1.25568,0.00538825,0.00538825,0.00538825
561,5848.09,1.35134,1.26007,1.27421,0.87481,0.68394,0.79023,0.54394,1.30812,1.13625,1.25285,0.00538,0.00538,0.00538
562,5859.46,1.36129,1.25887,1.27801,0.86303,0.68371,0.78951,0.54753,1.30709,1.12945,1.25019,0.00537175,0.00537175,0.00537175
563,5869.66,1.39626,1.29154,1.28096,0.85464,0.70055,0.79046,0.54856,1.30782,1.13452,1.25167,0.0053635,0.0053635,0.0053635
564,5879.83,1.38322,1.28856,1.2834,0.88524,0.6893,0.7939,0.54763,1.30449,1.13904,1.25094,0.00535525,0.00535525,0.00535525
565,5890.17,1.34651,1.24911,1.26123,0.88893,0.69149,0.79635,0.55348,1.29927,1.13736,1.25162,0.005347,0.005347,0.005347
566,5902.9,1.36117,1.2611,1.2589,0.91359,0.67484,0.79691,0.55185,1.29952,1.14321,1.25262,0.00533875,0.00533875,0.00533875
567,5914.21,1.35659,1.24364,1.25826,0.89976,0.6766,0.79913,0.55221,1.29272,1.14158,1.24777,0.0053305,0.0053305,0.0053305
568,5924.2,1.39036,1.27437,1.27532,0.88011,0.68724,0.7984,0.55178,1.29304,1.14368,1.24997,0.00532225,0.00532225,0.00532225
569,5934.11,1.36193,1.26218,1.2656,0.88698,0.69787,0.80186,0.55208,1.29369,1.13373,1.25049,0.005314,0.005314,0.005314
570,5944.35,1.3634,1.24684,1.26865,0.90759,0.68085,0.80094,0.55388,1.29689,1.13043,1.25259,0.00530575,0.00530575,0.00530575
571,5956.84,1.35912,1.26176,1.27111,0.89842,0.68936,0.80101,0.55369,1.28961,1.11675,1.24515,0.0052975,0.0052975,0.0052975
572,5968.26,1.34529,1.24736,1.26786,0.8947,0.69574,0.80157,0.55419,1.28983,1.11662,1.2444,0.00528925,0.00528925,0.00528925
573,5978.48,1.36646,1.25866,1.2711,0.87731,0.7,0.79872,0.55293,1.29129,1.12562,1.24436,0.005281,0.005281,0.005281
574,5988.48,1.35626,1.26626,1.27602,0.87384,0.69149,0.79675,0.54948,1.28826,1.12374,1.24455,0.00527275,0.00527275,0.00527275
575,5998.31,1.37818,1.26271,1.28185,0.8965,0.68188,0.79856,0.55514,1.2798,1.11812,1.24304,0.0052645,0.0052645,0.0052645
576,6010.5,1.34109,1.2346,1.26224,0.89925,0.6766,0.79868,0.55315,1.28259,1.11925,1.24205,0.00525625,0.00525625,0.00525625
577,6022.1,1.35638,1.25002,1.27003,0.90256,0.6766,0.80089,0.55293,1.28193,1.11725,1.24135,0.005248,0.005248,0.005248
578,6032.11,1.34042,1.22588,1.25455,0.86138,0.69149,0.80165,0.55244,1.2825,1.11341,1.24307,0.00523975,0.00523975,0.00523975
579,6042.09,1.36853,1.26331,1.27436,0.87038,0.68298,0.80297,0.55816,1.27679,1.11358,1.24056,0.0052315,0.0052315,0.0052315
580,6052.27,1.36342,1.25568,1.27352,0.87297,0.68511,0.80574,0.55436,1.27692,1.11178,1.23775,0.00522325,0.00522325,0.00522325
581,6063.96,1.35349,1.24806,1.25682,0.89751,0.68936,0.80928,0.5589,1.28176,1.11109,1.23956,0.005215,0.005215,0.005215
582,6076.21,1.31681,1.22143,1.25684,0.87588,0.70426,0.8078,0.55812,1.27553,1.106,1.23535,0.00520675,0.00520675,0.00520675
583,6135.37,1.33668,1.24731,1.26369,0.89278,0.7,0.80778,0.55928,1.26961,1.10881,1.23267,0.0051985,0.0051985,0.0051985
584,6145.67,1.33661,1.23692,1.26464,0.87024,0.70426,0.80788,0.56303,1.26617,1.11177,1.22916,0.00519025,0.00519025,0.00519025
585,6157.27,1.35454,1.22223,1.26053,0.88321,0.70213,0.80863,0.56276,1.26202,1.10584,1.22582,0.005182,0.005182,0.005182
586,6169.48,1.35207,1.22873,1.25327,0.88436,0.71702,0.81002,0.56362,1.25928,1.1074,1.22331,0.00517375,0.00517375,0.00517375
587,6180.15,1.3219,1.21769,1.24853,0.89352,0.71277,0.81011,0.56613,1.2659,1.11524,1.22487,0.0051655,0.0051655,0.0051655
588,6190.28,1.32023,1.20236,1.2473,0.88738,0.71277,0.80901,0.56735,1.26564,1.11585,1.2251,0.00515725,0.00515725,0.00515725
589,6200.53,1.31841,1.20053,1.24154,0.87634,0.71489,0.81057,0.57006,1.2654,1.11819,1.2288,0.005149,0.005149,0.005149
590,6212.36,1.32112,1.21411,1.24968,0.8711,0.71915,0.811,0.57085,1.26842,1.11457,1.23033,0.00514075,0.00514075,0.00514075
591,6224.55,1.32828,1.21267,1.23872,0.87507,0.71277,0.80974,0.56591,1.27292,1.10948,1.22925,0.0051325,0.0051325,0.0051325
592,6234.55,1.30066,1.18069,1.23968,0.87268,0.71458,0.81295,0.56464,1.26843,1.09884,1.22977,0.00512425,0.00512425,0.00512425
593,6244.58,1.29321,1.18952,1.23297,0.87171,0.72553,0.81373,0.56999,1.26677,1.09251,1.23102,0.005116,0.005116,0.005116
594,6254.57,1.2912,1.18447,1.23672,0.87089,0.72128,0.81531,0.57143,1.26129,1.08401,1.22912,0.00510775,0.00510775,0.00510775
595,6375.28,1.32969,1.22531,1.25449,0.86025,0.72553,0.81571,0.57472,1.25796,1.08182,1.22568,0.0050995,0.0050995,0.0050995
596,6385.54,1.32034,1.20429,1.24344,0.86181,0.72766,0.81522,0.57411,1.26307,1.08773,1.22689,0.00509125,0.00509125,0.00509125
597,6397.84,1.31483,1.18599,1.23809,0.85305,0.73617,0.81656,0.57566,1.26423,1.09153,1.22568,0.005083,0.005083,0.005083
598,6409.6,1.30886,1.19054,1.24018,0.84855,0.73907,0.81587,0.57533,1.26062,1.10158,1.22454,0.00507475,0.00507475,0.00507475
599,6419.46,1.32944,1.1918,1.25138,0.85187,0.74468,0.81445,0.57207,1.26114,1.1036,1.22707,0.0050665,0.0050665,0.0050665
600,6429.36,1.36987,1.2352,1.26351,0.85698,0.74468,0.81628,0.57306,1.26356,1.10084,1.22667,0.00505825,0.00505825,0.00505825
601,6439.37,1.31442,1.18717,1.23873,0.85221,0.74468,0.81618,0.57197,1.2598,1.09994,1.22168,0.00505,0.00505,0.00505
602,6451.58,1.33121,1.20758,1.25464,0.84761,0.75106,0.81891,0.57366,1.25721,1.0935,1.22068,0.00504175,0.00504175,0.00504175
603,6462.85,1.32881,1.22236,1.24555,0.86303,0.7383,0.8186,0.57303,1.25316,1.09075,1.21806,0.0050335,0.0050335,0.0050335
604,6472.75,1.30208,1.19212,1.23487,0.85439,0.74255,0.81619,0.57497,1.24542,1.08767,1.21461,0.00502525,0.00502525,0.00502525
605,6482.78,1.34032,1.22898,1.25314,0.85711,0.74468,0.81517,0.5757,1.24146,1.08815,1.21603,0.005017,0.005017,0.005017
606,6492.92,1.29876,1.17851,1.22662,0.862,0.73191,0.81606,0.57367,1.24137,1.08282,1.21418,0.00500875,0.00500875,0.00500875
607,6505.18,1.30865,1.17488,1.2378,0.87291,0.72128,0.81652,0.57648,1.23942,1.07985,1.21274,0.0050005,0.0050005,0.0050005
608,6516.89,1.28205,1.15805,1.22548,0.89158,0.70851,0.81582,0.57743,1.24202,1.07706,1.2116,0.00499225,0.00499225,0.00499225
609,6527.17,1.2916,1.16765,1.23025,0.89271,0.7081,0.81699,0.57685,1.24138,1.07041,1.20994,0.004984,0.004984,0.004984
610,6536.74,1.29287,1.18468,1.2394,0.91422,0.70638,0.82236,0.57954,1.23809,1.06527,1.20679,0.00497575,0.00497575,0.00497575
611,6546.98,1.28363,1.16121,1.22782,0.93797,0.70426,0.8237,0.57736,1.23542,1.05823,1.20532,0.0049675,0.0049675,0.0049675
612,6559,1.29856,1.17165,1.22801,0.93991,0.69892,0.82381,0.58189,1.2286,1.0543,1.2028,0.00495925,0.00495925,0.00495925
613,6570.55,1.30006,1.19388,1.23355,0.93881,0.7,0.82285,0.58234,1.22507,1.0521,1.20345,0.004951,0.004951,0.004951
614,6580.83,1.29253,1.15864,1.221,0.94223,0.69574,0.82129,0.58294,1.22929,1.06187,1.2059,0.00494275,0.00494275,0.00494275
615,6591.11,1.30787,1.15528,1.23578,0.93158,0.70638,0.8235,0.58196,1.23003,1.05835,1.20837,0.0049345,0.0049345,0.0049345
616,6601.28,1.29764,1.16875,1.24267,0.92863,0.70638,0.82297,0.58316,1.23359,1.05535,1.20801,0.00492625,0.00492625,0.00492625
617,6613.96,1.29821,1.17205,1.22323,0.92239,0.70801,0.82379,0.58423,1.23417,1.05476,1.20924,0.004918,0.004918,0.004918
618,6625.51,1.28056,1.14887,1.22603,0.91492,0.70638,0.82537,0.58698,1.23029,1.05351,1.20976,0.00490975,0.00490975,0.00490975
619,6635.68,1.28824,1.16172,1.2331,0.92547,0.71333,0.82707,0.58725,1.22539,1.04618,1.20998,0.0049015,0.0049015,0.0049015
620,6645.98,1.27754,1.13933,1.21837,0.91963,0.71915,0.8308,0.58934,1.22593,1.04574,1.21208,0.00489325,0.00489325,0.00489325
621,6656.7,1.27522,1.14348,1.21095,0.91639,0.72288,0.83058,0.58964,1.22284,1.04738,1.21123,0.004885,0.004885,0.004885
622,6668.79,1.29442,1.1732,1.22404,0.91957,0.71702,0.8305,0.59117,1.22167,1.04393,1.21119,0.00487675,0.00487675,0.00487675
623,6679.7,1.27662,1.14645,1.22104,0.92873,0.71702,0.82793,0.59159,1.21904,1.04181,1.20983,0.0048685,0.0048685,0.0048685
624,6689.98,1.2952,1.18575,1.23293,0.92864,0.7234,0.82899,0.5889,1.21708,1.03879,1.20865,0.00486025,0.00486025,0.00486025
625,6699.98,1.27274,1.14722,1.21632,0.92661,0.72979,0.83221,0.58989,1.2212,1.0437,1.20895,0.004852,0.004852,0.004852
626,6710.56,1.29645,1.15041,1.21728,0.93709,0.72553,0.83301,0.5918,1.22114,1.04502,1.20878,0.00484375,0.00484375,0.00484375
627,6722.9,1.28936,1.16335,1.22384,0.93317,0.7234,0.8313,0.59216,1.22189,1.04885,1.20967,0.0048355,0.0048355,0.0048355
628,6734.3,1.2507,1.10614,1.20193,0.91265,0.72979,0.83232,0.59009,1.2225,1.0491,1.211,0.00482725,0.00482725,0.00482725
629,6744.32,1.25339,1.14008,1.21738,0.92124,0.73191,0.83321,0.59183,1.21681,1.04596,1.21012,0.004819,0.004819,0.004819
630,6754.3,1.2775,1.15776,1.22749,0.92767,0.73677,0.83365,0.59294,1.21538,1.04522,1.20919,0.00481075,0.00481075,0.00481075
631,6764.57,1.27732,1.14314,1.23543,0.92971,0.73173,0.83699,0.59645,1.21291,1.04279,1.20604,0.0048025,0.0048025,0.0048025
632,6777.16,1.28385,1.13551,1.22337,0.92271,0.73658,0.83772,0.59482,1.20583,1.03552,1.20222,0.00479425,0.00479425,0.00479425
633,6788.42,1.23918,1.1081,1.205,0.91839,0.73617,0.83466,0.59287,1.2071,1.03489,1.20182,0.004786,0.004786,0.004786
634,6798.29,1.29033,1.15639,1.22306,0.90224,0.75106,0.83454,0.59475,1.21221,1.03747,1.20097,0.00477775,0.00477775,0.00477775
635,7396.36,1.25935,1.1075,1.21027,0.92073,0.74141,0.83724,0.59405,1.21057,1.03091,1.19755,0.0047695,0.0047695,0.0047695
636,7408.07,1.24209,1.11053,1.19518,0.91675,0.74255,0.83987,0.59663,1.20648,1.02657,1.19526,0.00476125,0.00476125,0.00476125
637,7419.95,1.26694,1.12056,1.21311,0.91958,0.74468,0.84197,0.59789,1.20416,1.02716,1.19205,0.004753,0.004753,0.004753
638,7430.15,1.25492,1.12593,1.21133,0.92521,0.74468,0.84354,0.59932,1.2029,1.02692,1.19266,0.00474475,0.00474475,0.00474475
639,7440.17,1.26769,1.12681,1.21615,0.92074,0.74894,0.8443,0.60324,1.2019,1.02542,1.18964,0.0047365,0.0047365,0.0047365
640,7450.32,1.24715,1.1041,1.20059,0.93134,0.7504,0.84587,0.60284,1.19526,1.0216,1.18598,0.00472825,0.00472825,0.00472825
641,7462.31,1.27284,1.12212,1.21139,0.94136,0.75136,0.84883,0.60534,1.18941,1.02039,1.18444,0.00472,0.00472,0.00472
642,7474.25,1.25281,1.11854,1.21662,0.94401,0.75337,0.84922,0.60505,1.18777,1.02124,1.1837,0.00471175,0.00471175,0.00471175
643,7484.31,1.27323,1.14824,1.21729,0.9367,0.75564,0.84831,0.60142,1.18852,1.02238,1.184,0.0047035,0.0047035,0.0047035
644,7494.24,1.26684,1.138,1.22012,0.93917,0.75548,0.84746,0.60557,1.18754,1.01964,1.18244,0.00469525,0.00469525,0.00469525
645,7504.62,1.24515,1.0975,1.20626,0.92967,0.75936,0.8471,0.6026,1.18724,1.01811,1.18485,0.004687,0.004687,0.004687
646,7516.6,1.27732,1.14501,1.21611,0.93714,0.75319,0.84743,0.60411,1.18877,1.01462,1.18419,0.00467875,0.00467875,0.00467875
647,7528.02,1.26457,1.14705,1.21305,0.93732,0.76383,0.84731,0.60298,1.19318,1.01651,1.18456,0.0046705,0.0046705,0.0046705
648,7538.02,1.27442,1.13461,1.22224,0.93344,0.76383,0.8448,0.60389,1.19221,1.01725,1.18584,0.00466225,0.00466225,0.00466225
649,7548.03,1.21625,1.07828,1.19506,0.93021,0.7657,0.84431,0.60232,1.19173,1.01625,1.18777,0.004654,0.004654,0.004654
650,7558.4,1.24313,1.10228,1.19805,0.94517,0.75957,0.8459,0.60203,1.18985,1.01499,1.18682,0.00464575,0.00464575,0.00464575
651,7570.64,1.21441,1.07275,1.20079,0.9475,0.76794,0.84615,0.60513,1.18957,1.01494,1.18964,0.0046375,0.0046375,0.0046375
652,7581.93,1.25156,1.11117,1.2026,0.94295,0.77234,0.84841,0.60488,1.19095,1.01791,1.19114,0.00462925,0.00462925,0.00462925
653,7591.97,1.23882,1.1182,1.20363,0.93808,0.77356,0.84457,0.60407,1.18967,1.01575,1.19046,0.004621,0.004621,0.004621
654,7602.04,1.25456,1.13157,1.21757,0.93457,0.77872,0.84728,0.60696,1.18514,1.01349,1.1884,0.00461275,0.00461275,0.00461275
655,7612.84,1.27074,1.11909,1.21904,0.93339,0.77516,0.84844,0.61012,1.18211,1.01317,1.18608,0.0046045,0.0046045,0.0046045
656,7625.26,1.25121,1.11902,1.20952,0.93069,0.77138,0.84971,0.61289,1.17872,1.00857,1.18673,0.00459625,0.00459625,0.00459625
657,7636.49,1.2355,1.11234,1.19741,0.91684,0.77407,0.84993,0.61294,1.17525,1.00514,1.18783,0.004588,0.004588,0.004588
658,7646.77,1.22795,1.08771,1.20157,0.91098,0.7766,0.84894,0.61412,1.17388,1.00136,1.18588,0.00457975,0.00457975,0.00457975
659,7657.04,1.2362,1.09929,1.20052,0.90423,0.78344,0.849,0.61304,1.17062,0.99931,1.1825,0.0045715,0.0045715,0.0045715
660,7667.69,1.23968,1.0919,1.19407,0.91416,0.77038,0.84895,0.61296,1.17256,0.99472,1.182,0.00456325,0.00456325,0.00456325
661,7679.64,1.21913,1.0954,1.19549,0.91617,0.76736,0.84874,0.61242,1.17282,0.99178,1.18192,0.004555,0.004555,0.004555
662,7690.36,1.21904,1.07132,1.18875,0.91416,0.76809,0.84896,0.61257,1.17323,0.99189,1.18351,0.00454675,0.00454675,0.00454675
663,7700.28,1.24901,1.09772,1.20553,0.91779,0.77234,0.84704,0.61321,1.17304,0.9943,1.18318,0.0045385,0.0045385,0.0045385
664,7710.23,1.23394,1.09235,1.19069,0.92097,0.77021,0.84642,0.61159,1.17106,0.99418,1.18162,0.00453025,0.00453025,0.00453025
665,7721.13,1.21996,1.10016,1.19636,0.92296,0.76809,0.84685,0.6103,1.17019,0.9944,1.18117,0.004522,0.004522,0.004522
666,7733.15,1.22322,1.08896,1.19613,0.92027,0.76127,0.84632,0.61083,1.16964,0.99543,1.17979,0.00451375,0.00451375,0.00451375
667,7743.49,1.20155,1.07709,1.18158,0.91824,0.75957,0.84452,0.61136,1.1704,0.9969,1.17935,0.0045055,0.0045055,0.0045055
668,7753.49,1.25341,1.10535,1.21771,0.91107,0.76383,0.84349,0.61116,1.16673,0.99471,1.17498,0.00449725,0.00449725,0.00449725
669,7763.48,1.22009,1.08524,1.18804,0.90399,0.7617,0.84559,0.61322,1.16453,0.99421,1.17456,0.004489,0.004489,0.004489
670,7774.08,1.22997,1.11092,1.20306,0.92299,0.75532,0.84574,0.61298,1.16427,0.9964,1.17547,0.00448075,0.00448075,0.00448075
671,7786.51,1.27058,1.14,1.2039,0.91761,0.75831,0.84834,0.61165,1.16423,0.99254,1.17472,0.0044725,0.0044725,0.0044725
672,7797.3,1.21397,1.08093,1.18576,0.92764,0.75532,0.84802,0.61136,1.16403,0.99272,1.17374,0.00446425,0.00446425,0.00446425
673,7807.28,1.23487,1.0972,1.19406,0.93468,0.7611,0.85027,0.6156,1.16435,0.99588,1.17193,0.004456,0.004456,0.004456
674,7817.5,1.20582,1.07799,1.18358,0.942,0.76026,0.84989,0.61628,1.1647,0.99568,1.17084,0.00444775,0.00444775,0.00444775
675,7828.88,1.1869,1.07123,1.18326,0.95111,0.74502,0.84946,0.61593,1.16339,0.99604,1.16904,0.0044395,0.0044395,0.0044395
676,7841.29,1.24192,1.0861,1.20268,0.95046,0.75745,0.85087,0.61461,1.16556,0.99273,1.16803,0.00443125,0.00443125,0.00443125
677,7853.32,1.21052,1.05389,1.18153,0.93929,0.7617,0.85017,0.61444,1.16654,0.99087,1.16634,0.004423,0.004423,0.004423
678,7865.36,1.22438,1.08853,1.1956,0.93208,0.75921,0.85097,0.61345,1.167,0.99282,1.16569,0.00441475,0.00441475,0.00441475
679,7875.38,1.21004,1.08104,1.17799,0.94459,0.76165,0.85169,0.61245,1.16865,0.99302,1.16694,0.0044065,0.0044065,0.0044065
680,7885.2,1.23173,1.08342,1.19068,0.93225,0.76114,0.85273,0.61503,1.16522,0.98975,1.16563,0.00439825,0.00439825,0.00439825
681,7895.19,1.22149,1.08352,1.19512,0.92756,0.76284,0.85186,0.61617,1.16379,0.98661,1.16475,0.00439,0.00439,0.00439
682,7906.59,1.21894,1.06697,1.19564,0.9296,0.75957,0.85118,0.61669,1.16391,0.98619,1.16629,0.00438175,0.00438175,0.00438175
683,7919.29,1.24389,1.10286,1.20284,0.93163,0.7617,0.85168,0.61607,1.16311,0.98887,1.16683,0.0043735,0.0043735,0.0043735
684,7929.31,1.23542,1.10762,1.19307,0.94018,0.75957,0.85266,0.61451,1.16229,0.98827,1.16672,0.00436525,0.00436525,0.00436525
685,7939.38,1.18127,1.05573,1.17651,0.94204,0.76082,0.85232,0.61608,1.15809,0.98685,1.16589,0.004357,0.004357,0.004357
686,7949.49,1.2016,1.05812,1.17528,0.94312,0.75957,0.85149,0.61637,1.1548,0.98605,1.16459,0.00434875,0.00434875,0.00434875
687,7961.02,1.21142,1.0582,1.18312,0.93347,0.76596,0.85136,0.61647,1.15697,0.98557,1.16581,0.0043405,0.0043405,0.0043405
688,7973.05,1.20212,1.06574,1.18164,0.93847,0.75957,0.85269,0.61731,1.15497,0.98551,1.16623,0.00433225,0.00433225,0.00433225
689,7983.13,1.19444,1.03662,1.1805,0.94219,0.76291,0.85449,0.61831,1.1507,0.98159,1.16488,0.004324,0.004324,0.004324
690,7993.15,1.21035,1.06726,1.18673,0.92815,0.76957,0.85434,0.61915,1.15144,0.98329,1.16574,0.00431575,0.00431575,0.00431575
691,8003.42,1.21216,1.07182,1.17418,0.93053,0.76953,0.8547,0.61959,1.14962,0.98421,1.16498,0.0043075,0.0043075,0.0043075
692,8015.53,1.21559,1.08111,1.18199,0.93236,0.76809,0.85477,0.61984,1.14676,0.9816,1.1646,0.00429925,0.00429925,0.00429925
693,8027.72,1.19714,1.05775,1.17979,0.9328,0.76788,0.8557,0.6203,1.1462,0.97983,1.16401,0.004291,0.004291,0.004291
694,8038.04,1.16393,1.04118,1.16648,0.94001,0.7617,0.85484,0.61911,1.1463,0.97927,1.16565,0.00428275,0.00428275,0.00428275
695,8048,1.16744,1.0191,1.16412,0.94503,0.7617,0.8551,0.62114,1.14613,0.98161,1.1654,0.0042745,0.0042745,0.0042745
696,8058.31,1.19882,1.04276,1.16929,0.94043,0.76596,0.85428,0.62266,1.14292,0.98014,1.16448,0.00426625,0.00426625,0.00426625
697,8070.87,1.23197,1.07669,1.18455,0.93537,0.77234,0.85461,0.62234,1.14453,0.98211,1.16395,0.004258,0.004258,0.004258
698,8082.13,1.1997,1.04655,1.18695,0.94482,0.76509,0.85521,0.62085,1.14637,0.97986,1.16395,0.00424975,0.00424975,0.00424975
699,8092.13,1.17111,1.02534,1.17065,0.9392,0.76596,0.85479,0.62164,1.14545,0.97721,1.16403,0.0042415,0.0042415,0.0042415
700,8102.18,1.16545,1.00582,1.15774,0.91877,0.77021,0.85346,0.62009,1.14488,0.97767,1.16489,0.00423325,0.00423325,0.00423325
701,8112.22,1.19918,1.0592,1.17332,0.91363,0.76524,0.85373,0.61911,1.14453,0.97516,1.16493,0.004225,0.004225,0.004225
702,8123.95,1.18712,1.03452,1.17639,0.91408,0.76809,0.85377,0.6203,1.13998,0.97013,1.1623,0.00421675,0.00421675,0.00421675
703,8135.9,1.17971,1.032,1.16638,0.91628,0.76842,0.85552,0.62125,1.14011,0.96874,1.16214,0.0042085,0.0042085,0.0042085
704,8145.67,1.18731,1.03392,1.16496,0.92905,0.77021,0.85517,0.62381,1.13796,0.96711,1.162,0.00420025,0.00420025,0.00420025
705,8155.34,1.16487,1.02511,1.17192,0.93435,0.77021,0.85538,0.62208,1.13637,0.9681,1.16165,0.004192,0.004192,0.004192
706,8165.11,1.16518,1.02554,1.15785,0.93574,0.77021,0.85698,0.62308,1.13485,0.96911,1.16214,0.00418375,0.00418375,0.00418375
707,8176.43,1.16577,1.0176,1.16567,0.94036,0.77021,0.85759,0.6249,1.13452,0.96883,1.16133,0.0041755,0.0041755,0.0041755
708,8188.88,1.21827,1.08166,1.1858,0.9327,0.77021,0.85702,0.62507,1.13139,0.96572,1.15988,0.00416725,0.00416725,0.00416725
709,8199.03,1.18002,1.04147,1.1815,0.93757,0.76683,0.85678,0.62727,1.12796,0.96131,1.15843,0.004159,0.004159,0.004159
710,8209.26,1.22169,1.07934,1.19088,0.94276,0.76809,0.8565,0.62652,1.12461,0.96103,1.15587,0.00415075,0.00415075,0.00415075
711,8219.08,1.16434,1.02591,1.17206,0.94674,0.77021,0.85778,0.62982,1.12308,0.95838,1.15277,0.0041425,0.0041425,0.0041425
712,8230.91,1.17527,1.02107,1.16771,0.94566,0.76383,0.85801,0.62901,1.11908,0.95456,1.15008,0.00413425,0.00413425,0.00413425
713,8242.63,1.20493,1.05291,1.18377,0.94079,0.77234,0.85965,0.62846,1.11778,0.95396,1.14929,0.004126,0.004126,0.004126
714,8252.67,1.16618,1.00942,1.16451,0.9353,0.77447,0.85959,0.62891,1.11524,0.95446,1.14829,0.00411775,0.00411775,0.00411775
715,8262.72,1.18647,1.02921,1.17534,0.93602,0.77825,0.86012,0.62851,1.11358,0.95435,1.14777,0.0041095,0.0041095,0.0041095
716,8272.66,1.18017,1.03392,1.17188,0.92088,0.78298,0.85891,0.62946,1.11166,0.94928,1.14651,0.00410125,0.00410125,0.00410125
717,8284.29,1.16776,1.02502,1.17382,0.91534,0.78511,0.86082,0.63095,1.10881,0.94515,1.14611,0.004093,0.004093,0.004093
718,8296.08,1.17061,1.03841,1.16605,0.92692,0.78267,0.86413,0.63432,1.10571,0.94131,1.14431,0.00408475,0.00408475,0.00408475
719,8306.3,1.16619,1.01352,1.16745,0.92624,0.77485,0.86367,0.63464,1.10322,0.93849,1.14337,0.0040765,0.0040765,0.0040765
720,8316.53,1.18105,1.02819,1.17872,0.93061,0.77039,0.86306,0.63376,1.1041,0.93677,1.14396,0.00406825,0.00406825,0.00406825
721,8326.95,1.18001,1.0292,1.15846,0.93531,0.77872,0.86313,0.63382,1.10254,0.93352,1.1422,0.00406,0.00406,0.00406
722,8338.92,1.17063,1.01559,1.16206,0.93611,0.77942,0.86307,0.63497,1.10147,0.93088,1.14118,0.00405175,0.00405175,0.00405175
723,8349.67,1.15257,1.00186,1.16337,0.93021,0.7766,0.86424,0.63553,1.10009,0.92733,1.14049,0.0040435,0.0040435,0.0040435
724,8359.84,1.1439,0.97894,1.15167,0.91998,0.78298,0.86549,0.63505,1.09843,0.92551,1.14146,0.00403525,0.00403525,0.00403525
725,8369.7,1.17837,1.01232,1.15744,0.9272,0.78298,0.86317,0.6351,1.09868,0.92741,1.1419,0.004027,0.004027,0.004027
726,8380.23,1.16485,1.00716,1.16233,0.93764,0.7766,0.86443,0.63706,1.09888,0.92875,1.14112,0.00401875,0.00401875,0.00401875
727,8391.16,1.1502,1.00502,1.15011,0.93642,0.77447,0.8646,0.63449,1.10108,0.92867,1.14037,0.0040105,0.0040105,0.0040105
728,8401.11,1.17324,1.03036,1.15316,0.91153,0.78723,0.86378,0.63446,1.10359,0.93013,1.14164,0.00400225,0.00400225,0.00400225
729,8411.17,1.15972,1.02462,1.15979,0.90702,0.78872,0.86385,0.63447,1.10442,0.92981,1.14317,0.003994,0.003994,0.003994
730,8421.9,1.15572,0.99683,1.15537,0.91102,0.7842,0.86329,0.63449,1.10383,0.92869,1.14267,0.00398575,0.00398575,0.00398575
731,8432.18,1.15754,1.01095,1.15835,0.91471,0.77234,0.8638,0.63673,1.10317,0.92733,1.14243,0.0039775,0.0039775,0.0039775
732,8442.16,1.14597,0.97997,1.14942,0.91977,0.77021,0.86479,0.63713,1.10031,0.9246,1.14117,0.00396925,0.00396925,0.00396925
733,8452.2,1.1831,1.01736,1.15109,0.92157,0.775,0.86573,0.63935,1.0977,0.91948,1.14083,0.003961,0.003961,0.003961
734,8462.93,1.15077,0.9993,1.14551,0.9333,0.77409,0.86642,0.64087,1.09706,0.91613,1.14034,0.00395275,0.00395275,0.00395275
735,8473.49,1.15797,1.00226,1.15724,0.93099,0.77496,0.86632,0.64048,1.09568,0.91366,1.13978,0.0039445,0.0039445,0.0039445
736,8483.39,1.13073,0.98132,1.14284,0.94024,0.76989,0.86667,0.64181,1.09306,0.91022,1.13893,0.00393625,0.00393625,0.00393625
737,8493.55,1.14768,0.97767,1.1497,0.94169,0.76809,0.86753,0.64385,1.09168,0.91044,1.13893,0.003928,0.003928,0.003928
738,8504.11,1.13999,0.99193,1.15063,0.94423,0.77021,0.86806,0.64523,1.08984,0.90983,1.13838,0.00391975,0.00391975,0.00391975
739,8515.09,1.13557,0.97403,1.14448,0.94815,0.77021,0.86769,0.64547,1.08899,0.90799,1.13824,0.0039115,0.0039115,0.0039115
740,8525.87,1.14453,1.00469,1.1517,0.95022,0.77168,0.86788,0.64477,1.08693,0.90999,1.13858,0.00390325,0.00390325,0.00390325
741,8536.64,1.15067,0.98436,1.15911,0.9515,0.77234,0.86715,0.64503,1.08662,0.91079,1.13873,0.003895,0.003895,0.003895
742,8547.44,1.1268,0.98112,1.1499,0.95285,0.77404,0.86775,0.64613,1.08452,0.9088,1.13799,0.00388675,0.00388675,0.00388675
743,8557.65,1.16189,1.01623,1.15998,0.95273,0.7719,0.86779,0.64597,1.08498,0.90783,1.13665,0.0038785,0.0038785,0.0038785
744,8568,1.14593,0.99091,1.15022,0.95243,0.77234,0.86799,0.64496,1.08543,0.90643,1.13629,0.00387025,0.00387025,0.00387025
745,8577.95,1.14432,0.98349,1.14619,0.94299,0.77428,0.86707,0.6451,1.0853,0.9037,1.13543,0.003862,0.003862,0.003862
746,8587.79,1.15275,1.00198,1.15536,0.93641,0.77021,0.86756,0.6456,1.08569,0.9023,1.13486,0.00385375,0.00385375,0.00385375
747,8598.13,1.13564,0.98221,1.14482,0.93934,0.77234,0.86872,0.64583,1.08452,0.89925,1.13351,0.0038455,0.0038455,0.0038455
748,8608.73,1.12462,0.97511,1.13948,0.9457,0.77818,0.86955,0.64609,1.08164,0.89636,1.1302,0.00383725,0.00383725,0.00383725
749,8619.94,1.13126,0.96932,1.14042,0.94293,0.78298,0.86983,0.64752,1.08022,0.89549,1.12785,0.003829,0.003829,0.003829
750,8630.7,1.14738,1.00057,1.15315,0.93523,0.78085,0.8698,0.64922,1.0781,0.89419,1.12598,0.00382075,0.00382075,0.00382075
751,8641.73,1.14499,0.99929,1.1608,0.93614,0.77975,0.87145,0.65194,1.07556,0.8926,1.12549,0.0038125,0.0038125,0.0038125
752,8652.7,1.13046,0.97435,1.13875,0.93122,0.77447,0.87199,0.652,1.0742,0.89213,1.12452,0.00380425,0.00380425,0.00380425
753,8663.21,1.14289,0.98547,1.13885,0.92881,0.77721,0.87172,0.65279,1.07382,0.8922,1.1238,0.003796,0.003796,0.003796
754,8673.46,1.12751,0.987,1.14142,0.92899,0.77936,0.87085,0.65192,1.0724,0.89466,1.12292,0.00378775,0.00378775,0.00378775
755,8683.35,1.13109,0.98428,1.14531,0.93134,0.77923,0.87162,0.65162,1.07231,0.89641,1.12275,0.0037795,0.0037795,0.0037795
756,8693.7,1.13405,0.99653,1.15099,0.93361,0.77797,0.87138,0.65175,1.06985,0.89517,1.12187,0.00377125,0.00377125,0.00377125
757,8703.64,1.1194,0.98368,1.13962,0.93512,0.7766,0.87207,0.65188,1.06822,0.89395,1.1218,0.003763,0.003763,0.003763
758,8713.54,1.14379,0.98285,1.14453,0.95493,0.76642,0.87345,0.65253,1.06799,0.89239,1.1211,0.00375475,0.00375475,0.00375475
759,8723.57,1.12521,0.96804,1.14251,0.93641,0.77234,0.87331,0.65153,1.06729,0.89181,1.12118,0.0037465,0.0037465,0.0037465
760,8734.59,1.13308,0.99657,1.14346,0.94021,0.77234,0.87293,0.65111,1.06645,0.89101,1.11984,0.00373825,0.00373825,0.00373825
761,8744.96,1.11055,0.95666,1.13048,0.94052,0.77382,0.8735,0.65306,1.06541,0.8917,1.11878,0.00373,0.00373,0.00373
762,8755.93,1.13382,0.97454,1.14929,0.94162,0.77447,0.87438,0.65307,1.06458,0.89098,1.11845,0.00372175,0.00372175,0.00372175
763,8766.09,1.12787,0.98053,1.1392,0.94321,0.77234,0.87446,0.65456,1.06401,0.88976,1.11858,0.0037135,0.0037135,0.0037135
764,8776.34,1.14054,0.99634,1.16042,0.94608,0.77234,0.87527,0.65403,1.06283,0.88846,1.11779,0.00370525,0.00370525,0.00370525
765,8786.4,1.1289,0.97293,1.13648,0.94276,0.77447,0.8756,0.65515,1.06174,0.88703,1.11855,0.003697,0.003697,0.003697
766,8797.21,1.12079,0.97211,1.14604,0.93802,0.77287,0.87662,0.65484,1.05887,0.88523,1.1179,0.00368875,0.00368875,0.00368875
767,8807.25,1.12273,0.977,1.12956,0.94109,0.77234,0.87727,0.65509,1.05777,0.88524,1.11735,0.0036805,0.0036805,0.0036805
768,8817.74,1.10987,0.94096,1.12722,0.94442,0.77234,0.87765,0.65646,1.05559,0.88255,1.116,0.00367225,0.00367225,0.00367225
769,8828.45,1.10868,0.94854,1.12693,0.94667,0.77234,0.87666,0.65802,1.05451,0.88097,1.11438,0.003664,0.003664,0.003664
770,8839.15,1.12312,0.96257,1.14154,0.94173,0.77234,0.87652,0.65719,1.05453,0.87944,1.11335,0.00365575,0.00365575,0.00365575
771,8849.23,1.10816,0.96328,1.13385,0.94385,0.77234,0.8762,0.65574,1.05559,0.87954,1.11317,0.0036475,0.0036475,0.0036475
772,8859.31,1.14758,1.00004,1.15192,0.94198,0.77447,0.87715,0.65844,1.05407,0.87812,1.112,0.00363925,0.00363925,0.00363925
773,8870.01,1.12444,0.98974,1.13886,0.93771,0.7766,0.87953,0.65855,1.05278,0.87625,1.11181,0.003631,0.003631,0.003631
774,8880.61,1.11362,0.94529,1.13004,0.93986,0.77234,0.87957,0.65988,1.05178,0.87603,1.11226,0.00362275,0.00362275,0.00362275
775,8891.03,1.13053,0.97904,1.13865,0.90776,0.79574,0.87891,0.66151,1.04966,0.87517,1.11088,0.0036145,0.0036145,0.0036145
776,8901.54,1.11912,0.98987,1.14262,0.91506,0.79362,0.87797,0.66148,1.04853,0.87636,1.11084,0.00360625,0.00360625,0.00360625
777,8911.73,1.11472,0.96317,1.13554,0.91891,0.79565,0.87927,0.6607,1.04812,0.87663,1.11088,0.003598,0.003598,0.003598
778,8921.75,1.12796,0.98124,1.14071,0.92117,0.79561,0.87767,0.65945,1.04562,0.87554,1.11033,0.00358975,0.00358975,0.00358975
779,8931.72,1.08614,0.95053,1.11391,0.91824,0.79574,0.87831,0.65903,1.04459,0.87516,1.11036,0.0035815,0.0035815,0.0035815
780,8941.56,1.11009,0.95201,1.13773,0.91995,0.79574,0.87712,0.66049,1.04541,0.87459,1.11072,0.00357325,0.00357325,0.00357325
781,8951.69,1.10502,0.9586,1.1436,0.93402,0.7831,0.87721,0.66126,1.04603,0.87319,1.1111,0.003565,0.003565,0.003565
782,8962.09,1.10821,0.94915,1.13117,0.93832,0.77685,0.87705,0.6608,1.04491,0.87045,1.11055,0.00355675,0.00355675,0.00355675
783,8972.22,1.10482,0.95227,1.1299,0.93866,0.77447,0.87701,0.66076,1.04389,0.86684,1.10934,0.0035485,0.0035485,0.0035485
784,8982.33,1.10669,0.93419,1.12452,0.94489,0.77447,0.87681,0.65923,1.04211,0.86408,1.10827,0.00354025,0.00354025,0.00354025
785,8992.5,1.11411,0.96911,1.13319,0.95495,0.76678,0.87694,0.66028,1.04127,0.8627,1.10781,0.003532,0.003532,0.003532
786,9003.01,1.08587,0.93121,1.12145,0.95509,0.76927,0.8774,0.66038,1.04114,0.86272,1.1072,0.00352375,0.00352375,0.00352375
787,9013.77,1.10599,0.94383,1.1259,0.95506,0.76868,0.8775,0.66123,1.04093,0.86213,1.10661,0.0035155,0.0035155,0.0035155
788,9024.59,1.09126,0.93653,1.11659,0.95742,0.76547,0.87761,0.65986,1.04128,0.85914,1.10597,0.00350725,0.00350725,0.00350725
789,9035.33,1.10199,0.95765,1.12248,0.95749,0.76674,0.87841,0.66079,1.04111,0.85728,1.10558,0.003499,0.003499,0.003499
790,9046.04,1.13054,0.98177,1.13727,0.96004,0.76682,0.87953,0.65958,1.04202,0.85699,1.10508,0.00349075,0.00349075,0.00349075
791,9056.63,1.09252,0.92278,1.12377,0.94819,0.77886,0.87985,0.65974,1.04269,0.85669,1.10435,0.0034825,0.0034825,0.0034825
792,9067.28,1.09085,0.94361,1.1216,0.94647,0.7766,0.87925,0.66135,1.04265,0.85588,1.10329,0.00347425,0.00347425,0.00347425
793,9077.24,1.10622,0.94194,1.12491,0.94809,0.77719,0.879,0.65967,1.04235,0.85643,1.10238,0.003466,0.003466,0.003466
794,9087.65,1.10104,0.94817,1.12591,0.95308,0.77794,0.87937,0.66082,1.04248,0.85751,1.10187,0.00345775,0.00345775,0.00345775
795,9098.34,1.09015,0.94167,1.12473,0.95385,0.7766,0.8798,0.66082,1.04283,0.85585,1.10165,0.0034495,0.0034495,0.0034495
796,9109.07,1.09758,0.93623,1.12641,0.95551,0.77687,0.87959,0.66249,1.04413,0.85624,1.10203,0.00344125,0.00344125,0.00344125
797,9119.9,1.09707,0.93902,1.13181,0.95794,0.77536,0.87953,0.66081,1.04322,0.85654,1.10129,0.003433,0.003433,0.003433
798,9130.21,1.09461,0.93613,1.12157,0.9557,0.7766,0.87958,0.66146,1.04214,0.85568,1.1007,0.00342475,0.00342475,0.00342475
799,9140.64,1.10238,0.94238,1.12747,0.96215,0.7766,0.87934,0.66113,1.04131,0.85653,1.10091,0.0034165,0.0034165,0.0034165
800,9151.11,1.09863,0.94421,1.12148,0.96164,0.7766,0.87857,0.66078,1.04117,0.85597,1.10133,0.00340825,0.00340825,0.00340825
801,9161.64,1.11159,0.95796,1.1405,0.96305,0.77642,0.87896,0.66143,1.0421,0.85552,1.10152,0.0034,0.0034,0.0034
802,9171.97,1.06734,0.90984,1.11359,0.95841,0.7766,0.879,0.66255,1.04125,0.85587,1.10096,0.00339175,0.00339175,0.00339175
803,9182.5,1.08844,0.94199,1.11039,0.95929,0.7766,0.87897,0.66283,1.04158,0.85633,1.10043,0.0033835,0.0033835,0.0033835
804,9193.05,1.09083,0.94988,1.12727,0.96312,0.77447,0.87964,0.66348,1.04128,0.85763,1.10027,0.00337525,0.00337525,0.00337525
805,9203.78,1.09353,0.94251,1.12174,0.96354,0.77447,0.88035,0.66333,1.04139,0.85679,1.10022,0.003367,0.003367,0.003367
806,9214.49,1.07038,0.9268,1.11345,0.96298,0.77492,0.88077,0.66345,1.04123,0.85733,1.10018,0.00335875,0.00335875,0.00335875
807,9225.43,1.09541,0.93977,1.12656,0.9624,0.77447,0.88107,0.663,1.04187,0.8587,1.10029,0.0033505,0.0033505,0.0033505
808,9236.29,1.07821,0.93429,1.12069,0.96225,0.77447,0.88144,0.66331,1.04188,0.85854,1.10038,0.00334225,0.00334225,0.00334225
809,9246.81,1.11043,0.94424,1.13191,0.96295,0.77408,0.88145,0.66463,1.04049,0.85837,1.10012,0.003334,0.003334,0.003334
810,9258.27,1.07278,0.9056,1.11641,0.9555,0.77673,0.88079,0.66503,1.03854,0.85847,1.09982,0.00332575,0.00332575,0.00332575
811,9269.27,1.09277,0.91796,1.12605,0.9556,0.77846,0.88095,0.66486,1.03697,0.85851,1.09904,0.0033175,0.0033175,0.0033175
812,9279.24,1.08893,0.93109,1.13132,0.9531,0.78723,0.88116,0.66533,1.03617,0.85771,1.09865,0.00330925,0.00330925,0.00330925
813,9289.22,1.09286,0.93782,1.10996,0.95269,0.78511,0.88157,0.6657,1.03486,0.85698,1.09794,0.003301,0.003301,0.003301
814,9299.5,1.07839,0.91815,1.11363,0.9554,0.7766,0.88139,0.66545,1.03392,0.85695,1.09762,0.00329275,0.00329275,0.00329275
815,9310.01,1.07103,0.90702,1.11141,0.95807,0.77783,0.88221,0.66508,1.03373,0.85694,1.09757,0.0032845,0.0032845,0.0032845
816,9319.99,1.07974,0.93492,1.12353,0.95679,0.77872,0.88234,0.66543,1.03308,0.85636,1.09753,0.00327625,0.00327625,0.00327625
817,9329.86,1.06603,0.91937,1.11145,0.95368,0.77872,0.8825,0.66615,1.03232,0.8553,1.09755,0.003268,0.003268,0.003268
818,9340.39,1.09761,0.93256,1.1198,0.95575,0.78116,0.88294,0.66692,1.03136,0.85371,1.09685,0.00325975,0.00325975,0.00325975
819,9350.8,1.08787,0.95552,1.12729,0.96894,0.77872,0.88277,0.66639,1.03064,0.85175,1.09705,0.0032515,0.0032515,0.0032515
820,9360.9,1.08933,0.92997,1.12743,0.96744,0.77872,0.88313,0.66593,1.03028,0.84902,1.09727,0.00324325,0.00324325,0.00324325
821,9370.85,1.07987,0.932,1.11096,0.96765,0.77872,0.88314,0.66636,1.02879,0.84714,1.09671,0.003235,0.003235,0.003235
822,9381.51,1.07283,0.90925,1.10671,0.96435,0.77872,0.88339,0.66799,1.02777,0.84652,1.09628,0.00322675,0.00322675,0.00322675
823,9392.62,1.09022,0.91981,1.11908,0.96555,0.77872,0.88325,0.66753,1.02754,0.84552,1.09578,0.0032185,0.0032185,0.0032185
824,9403.26,1.06703,0.92962,1.11277,0.96852,0.77872,0.88408,0.66799,1.02792,0.84536,1.09577,0.00321025,0.00321025,0.00321025
825,9414.8,1.09289,0.9446,1.12661,0.96722,0.78298,0.88565,0.66922,1.02778,0.846,1.09562,0.003202,0.003202,0.003202
826,9426.14,1.08539,0.90919,1.11645,0.97089,0.78066,0.88574,0.66991,1.02674,0.84592,1.09588,0.00319375,0.00319375,0.00319375
827,9437.51,1.05543,0.9002,1.10363,0.96834,0.78079,0.88588,0.67025,1.02571,0.84586,1.09542,0.0031855,0.0031855,0.0031855
828,9448.82,1.07765,0.91948,1.12058,0.97116,0.77872,0.88614,0.67047,1.02474,0.84497,1.09539,0.00317725,0.00317725,0.00317725
829,9460.13,1.08433,0.92053,1.11892,0.97182,0.78298,0.8867,0.66946,1.02386,0.84445,1.0954,0.003169,0.003169,0.003169
830,9470.58,1.05589,0.91189,1.10973,0.96598,0.7854,0.88567,0.67036,1.02399,0.84388,1.09459,0.00316075,0.00316075,0.00316075
831,9480.52,1.0705,0.91012,1.11147,0.96601,0.786,0.88619,0.67046,1.02467,0.84309,1.09496,0.0031525,0.0031525,0.0031525
832,9490.47,1.05838,0.91352,1.09996,0.966,0.78584,0.88605,0.67124,1.0234,0.84076,1.09436,0.00314425,0.00314425,0.00314425
833,9501.35,1.03981,0.88803,1.1026,0.96455,0.78511,0.88692,0.67146,1.0224,0.83922,1.09391,0.003136,0.003136,0.003136
834,9512.51,1.07313,0.90902,1.11458,0.96733,0.78511,0.88702,0.67195,1.02174,0.83926,1.09413,0.00312775,0.00312775,0.00312775
835,9523.68,1.0488,0.89104,1.10409,0.96329,0.78511,0.88649,0.67229,1.02178,0.83801,1.09455,0.0031195,0.0031195,0.0031195
836,9535.25,1.04241,0.87708,1.09501,0.96563,0.78511,0.88766,0.6725,1.0221,0.83812,1.09499,0.00311125,0.00311125,0.00311125
837,9546.56,1.05537,0.89437,1.09791,0.96844,0.7834,0.88937,0.67313,1.02161,0.83765,1.0956,0.003103,0.003103,0.003103
838,9557.8,1.06432,0.9061,1.10879,0.97095,0.78238,0.8889,0.6726,1.0206,0.83645,1.09498,0.00309475,0.00309475,0.00309475
839,10666.5,1.04621,0.89644,1.10035,0.97211,0.78085,0.88818,0.6734,1.01997,0.83398,1.09428,0.0030865,0.0030865,0.0030865
840,10677.3,1.03881,0.88723,1.10622,0.97226,0.78085,0.88887,0.67299,1.0189,0.8319,1.09332,0.00307825,0.00307825,0.00307825
841,10689.8,1.05847,0.90125,1.11008,0.97148,0.78085,0.88899,0.67438,1.01837,0.83014,1.09339,0.00307,0.00307,0.00307
842,10701,1.06415,0.91196,1.1147,0.97092,0.78129,0.88883,0.67599,1.0171,0.82826,1.09328,0.00306175,0.00306175,0.00306175
843,10711.1,1.07143,0.90929,1.09893,0.97095,0.78227,0.88925,0.67519,1.01715,0.82702,1.09365,0.0030535,0.0030535,0.0030535
844,10720.9,1.07745,0.92914,1.11607,0.97099,0.78339,0.8892,0.67513,1.0159,0.82589,1.0934,0.00304525,0.00304525,0.00304525
845,10731.4,1.05289,0.8957,1.09642,0.9694,0.78298,0.88939,0.67553,1.01512,0.82517,1.09312,0.003037,0.003037,0.003037
846,10743.6,1.05707,0.8914,1.11136,0.96727,0.78511,0.88949,0.67662,1.01411,0.82519,1.09283,0.00302875,0.00302875,0.00302875
847,10754.5,1.0495,0.88355,1.1002,0.967,0.78511,0.89056,0.67626,1.01388,0.82503,1.0927,0.0030205,0.0030205,0.0030205
848,10764.3,1.01825,0.86783,1.0991,0.96488,0.78511,0.89048,0.67601,1.01321,0.82502,1.09236,0.00301225,0.00301225,0.00301225
849,10774.4,1.04453,0.8832,1.09164,0.96237,0.78511,0.89087,0.67746,1.01177,0.82239,1.09119,0.003004,0.003004,0.003004
850,10785.8,1.03887,0.88422,1.09303,0.95996,0.78511,0.89028,0.67836,1.01041,0.82026,1.09055,0.00299575,0.00299575,0.00299575
851,10798.8,1.04676,0.87597,1.10215,0.95878,0.78511,0.8906,0.67769,1.00862,0.81891,1.08994,0.0029875,0.0029875,0.0029875
852,10809.2,1.05902,0.88821,1.09439,0.95894,0.78511,0.89072,0.67842,1.00744,0.81673,1.08923,0.00297925,0.00297925,0.00297925
853,10819.3,1.04358,0.88814,1.11067,0.95801,0.78511,0.89033,0.67893,1.00682,0.81509,1.08862,0.002971,0.002971,0.002971
854,10829.6,1.02906,0.86821,1.09173,0.95746,0.78511,0.89114,0.68001,1.00622,0.81456,1.08847,0.00296275,0.00296275,0.00296275
855,10841.2,1.01464,0.86768,1.09753,0.95692,0.78511,0.89128,0.68099,1.00557,0.81485,1.0884,0.0029545,0.0029545,0.0029545
856,10853.8,1.04149,0.88365,1.09635,0.95473,0.78511,0.89131,0.6816,1.00507,0.81469,1.08839,0.00294625,0.00294625,0.00294625
857,10864.2,1.04442,0.89746,1.09691,0.95479,0.78511,0.89144,0.68185,1.00388,0.8132,1.08765,0.002938,0.002938,0.002938
858,10874.4,1.03989,0.88704,1.09749,0.95854,0.78705,0.89169,0.68125,1.00384,0.81273,1.08742,0.00292975,0.00292975,0.00292975
859,10884.2,1.03123,0.88359,1.09515,0.95683,0.78723,0.89196,0.6822,1.00378,0.81192,1.08729,0.0029215,0.0029215,0.0029215
860,10895.5,1.02979,0.88385,1.09136,0.9565,0.78723,0.89146,0.68205,1.00324,0.81097,1.08645,0.00291325,0.00291325,0.00291325
861,10907.2,1.04595,0.88261,1.10139,0.95616,0.7889,0.89139,0.6812,1.00231,0.80956,1.08594,0.002905,0.002905,0.002905
862,10919,1.05909,0.89318,1.09239,0.95616,0.78889,0.89134,0.68061,1.00172,0.80754,1.08542,0.00289675,0.00289675,0.00289675
863,10929.3,1.02647,0.8616,1.09103,0.95865,0.78924,0.89142,0.68076,1.00026,0.80544,1.08465,0.0028885,0.0028885,0.0028885
864,10939.3,1.05722,0.90898,1.10125,0.95718,0.78936,0.89164,0.68044,0.99902,0.80358,1.08401,0.00288025,0.00288025,0.00288025
865,10949.2,1.03247,0.87308,1.10293,0.95548,0.79149,0.89243,0.68057,0.99842,0.80255,1.08352,0.002872,0.002872,0.002872
866,10960,1.05179,0.8922,1.10428,0.95636,0.79266,0.89214,0.68098,0.99798,0.80247,1.08302,0.00286375,0.00286375,0.00286375
867,10970.2,1.01831,0.85935,1.08823,0.95629,0.79132,0.89225,0.68062,0.99792,0.80246,1.08294,0.0028555,0.0028555,0.0028555
868,10980.1,1.02254,0.87147,1.09206,0.95629,0.79128,0.89213,0.68093,0.99862,0.80285,1.08285,0.00284725,0.00284725,0.00284725
869,10990,1.02652,0.86771,1.09702,0.95418,0.78936,0.89217,0.68062,0.99914,0.80276,1.08256,0.002839,0.002839,0.002839
870,11000.4,1.04034,0.88492,1.09521,0.95232,0.78936,0.89212,0.68019,0.99943,0.80226,1.08276,0.00283075,0.00283075,0.00283075
871,11010.3,1.02389,0.86141,1.09044,0.92253,0.81076,0.8931,0.68018,0.99897,0.80276,1.08224,0.0028225,0.0028225,0.0028225
872,11020.8,1.04461,0.86757,1.09343,0.92255,0.81104,0.89343,0.68063,0.99898,0.80228,1.08189,0.00281425,0.00281425,0.00281425
873,11031.2,1.03095,0.86262,1.09418,0.92574,0.81064,0.89272,0.6802,0.99852,0.80195,1.08143,0.002806,0.002806,0.002806
874,11042.2,1.05551,0.88962,1.10976,0.95854,0.78936,0.89228,0.6798,0.99868,0.8013,1.08131,0.00279775,0.00279775,0.00279775
875,11052.9,1.00933,0.85464,1.08944,0.9631,0.78936,0.8923,0.68199,0.99861,0.80094,1.08121,0.0027895,0.0027895,0.0027895
876,11063.6,1.04623,0.8813,1.09626,0.96618,0.79024,0.89226,0.68092,0.999,0.80082,1.08127,0.00278125,0.00278125,0.00278125
877,11073.7,1.05828,0.88181,1.09834,0.96437,0.79149,0.89241,0.68126,0.99861,0.80028,1.08072,0.002773,0.002773,0.002773
878,11083.7,1.03219,0.86689,1.08715,0.96589,0.79149,0.89312,0.68124,0.9982,0.80041,1.08063,0.00276475,0.00276475,0.00276475
879,11093.7,1.04874,0.87599,1.099,0.96619,0.79045,0.89355,0.68226,0.99819,0.80029,1.0802,0.0027565,0.0027565,0.0027565
880,11104.4,1.04128,0.88786,1.09385,0.96614,0.78922,0.89359,0.68191,0.9982,0.80024,1.0802,0.00274825,0.00274825,0.00274825
881,11114.4,1.02313,0.88584,1.09518,0.96743,0.78936,0.89366,0.6826,0.99815,0.79989,1.08002,0.00274,0.00274,0.00274
882,11124.9,1.02752,0.86828,1.09896,0.96865,0.78881,0.894,0.68389,0.99753,0.79966,1.07927,0.00273175,0.00273175,0.00273175
883,11135.5,1.00397,0.86226,1.08604,0.97118,0.78936,0.89437,0.68324,0.99714,0.79938,1.0796,0.0027235,0.0027235,0.0027235
884,11145.7,1.01924,0.86828,1.08433,0.97074,0.78936,0.89406,0.68327,0.9964,0.79912,1.0798,0.00271525,0.00271525,0.00271525
885,11156,1.04251,0.90133,1.09823,0.97116,0.78803,0.89457,0.6832,0.99541,0.79976,1.07972,0.002707,0.002707,0.002707
886,11165.8,1.0188,0.85958,1.08452,0.97375,0.78917,0.89486,0.6835,0.99487,0.79946,1.07925,0.00269875,0.00269875,0.00269875
887,11175.8,1.01931,0.86078,1.08625,0.97307,0.78723,0.89508,0.68452,0.99436,0.7985,1.07884,0.0026905,0.0026905,0.0026905
888,11185.8,1.01797,0.86213,1.08079,0.97364,0.78582,0.89531,0.68509,0.99391,0.79779,1.07831,0.00268225,0.00268225,0.00268225
889,11196.3,1.01332,0.86032,1.08184,0.97113,0.78727,0.89505,0.68441,0.99381,0.79788,1.07827,0.002674,0.002674,0.002674
890,11206.3,1.02083,0.85143,1.08222,0.97061,0.79149,0.89463,0.68357,0.99323,0.79716,1.07806,0.00266575,0.00266575,0.00266575
891,11216,1.02481,0.86186,1.08627,0.96332,0.79574,0.89466,0.68335,0.99281,0.79663,1.07786,0.0026575,0.0026575,0.0026575
892,11226.1,1.02291,0.86886,1.08569,0.96154,0.79786,0.89489,0.68386,0.9923,0.79599,1.07737,0.00264925,0.00264925,0.00264925
893,11236.9,1.01082,0.84352,1.07895,0.96084,0.79787,0.89502,0.68385,0.99141,0.79498,1.07661,0.002641,0.002641,0.002641
894,11246.9,1.00375,0.85465,1.08419,0.9636,0.79787,0.8951,0.68428,0.99132,0.79476,1.07652,0.00263275,0.00263275,0.00263275
895,11256.9,1.00884,0.84706,1.07287,0.96472,0.79787,0.89524,0.6846,0.99087,0.79465,1.07604,0.0026245,0.0026245,0.0026245
896,11267.3,1.01553,0.85987,1.08358,0.95421,0.79803,0.89545,0.68508,0.99057,0.79466,1.07577,0.00261625,0.00261625,0.00261625
897,11277.9,1.00168,0.84698,1.08084,0.94977,0.80463,0.8958,0.68495,0.99029,0.79469,1.07562,0.002608,0.002608,0.002608
898,11287.5,1.01487,0.85727,1.07848,0.94983,0.80557,0.89619,0.68609,0.9901,0.79398,1.07512,0.00259975,0.00259975,0.00259975
899,11297.7,0.99666,0.84445,1.07968,0.94986,0.80609,0.89641,0.68532,0.99015,0.79329,1.07492,0.0025915,0.0025915,0.0025915
900,11308.1,1.00079,0.83571,1.07018,0.96095,0.8,0.89512,0.68548,0.9903,0.79381,1.07487,0.00258325,0.00258325,0.00258325
901,11318.3,0.98259,0.83048,1.07627,0.95207,0.80213,0.89532,0.68503,0.99069,0.79356,1.07466,0.002575,0.002575,0.002575
902,11327.9,1.02307,0.86607,1.0833,0.94513,0.80213,0.89498,0.68597,0.99067,0.79292,1.07432,0.00256675,0.00256675,0.00256675
903,11337.6,0.99316,0.8324,1.07813,0.9473,0.80322,0.89517,0.68645,0.99131,0.79274,1.07424,0.0025585,0.0025585,0.0025585
904,11347.8,1.02114,0.87141,1.08703,0.94688,0.80426,0.89533,0.68553,0.99093,0.79215,1.07396,0.00255025,0.00255025,0.00255025
905,11357.8,0.99271,0.83552,1.08397,0.94732,0.80342,0.89572,0.68521,0.9904,0.7917,1.07408,0.002542,0.002542,0.002542
906,11368.1,1.0182,0.8547,1.08262,0.94727,0.80263,0.89562,0.68643,0.98988,0.79055,1.07383,0.00253375,0.00253375,0.00253375
907,11378.8,1.00843,0.8631,1.08547,0.94724,0.80214,0.89578,0.68647,0.98937,0.79064,1.07307,0.0025255,0.0025255,0.0025255
908,11389,1.0162,0.86082,1.08199,0.94953,0.80054,0.89588,0.68618,0.98872,0.79063,1.07298,0.00251725,0.00251725,0.00251725
909,11399.5,1.00475,0.84504,1.08134,0.9495,0.80015,0.89594,0.68551,0.98811,0.79034,1.07301,0.002509,0.002509,0.002509
910,11410,0.99948,0.84561,1.07187,0.94719,0.80638,0.89594,0.68656,0.98756,0.78941,1.07265,0.00250075,0.00250075,0.00250075
911,11420.3,0.99952,0.83667,1.08596,0.94736,0.8041,0.89599,0.68699,0.98718,0.78866,1.07251,0.0024925,0.0024925,0.0024925
912,11430.6,0.98469,0.82355,1.07327,0.94513,0.80213,0.89636,0.68759,0.98654,0.78847,1.07257,0.00248425,0.00248425,0.00248425
913,11441.4,0.97724,0.8343,1.06943,0.94514,0.80648,0.89642,0.68793,0.98604,0.78741,1.07227,0.002476,0.002476,0.002476
914,11451.8,1.00295,0.83656,1.07629,0.94709,0.81064,0.89651,0.68782,0.98562,0.78612,1.07195,0.00246775,0.00246775,0.00246775
915,11461.8,1.00073,0.83226,1.07451,0.94765,0.81064,0.8964,0.68756,0.98541,0.78556,1.07179,0.0024595,0.0024595,0.0024595
916,11471.8,0.98827,0.8247,1.07804,0.94773,0.81009,0.89661,0.68808,0.98501,0.7848,1.07202,0.00245125,0.00245125,0.00245125
917,11482.9,1.00239,0.83283,1.08474,0.94771,0.80981,0.897,0.68891,0.98515,0.7839,1.07188,0.002443,0.002443,0.002443
918,11493.1,0.98043,0.83902,1.07933,0.94764,0.81064,0.89698,0.68853,0.98502,0.78411,1.07169,0.00243475,0.00243475,0.00243475
919,11503.2,0.98855,0.82911,1.07025,0.94747,0.81064,0.89667,0.68865,0.98477,0.78415,1.07144,0.0024265,0.0024265,0.0024265
920,11513.3,0.99416,0.8427,1.07338,0.94773,0.81015,0.89676,0.68826,0.984,0.78312,1.07096,0.00241825,0.00241825,0.00241825
921,11524.2,1.00396,0.84987,1.0804,0.94769,0.80941,0.89703,0.68793,0.98327,0.78236,1.07073,0.00241,0.00241,0.00241
922,11534,0.9864,0.84099,1.07569,0.94767,0.80912,0.89729,0.68802,0.98278,0.78196,1.07062,0.00240175,0.00240175,0.00240175
923,11544,0.98651,0.82966,1.07045,0.94767,0.80911,0.89754,0.68777,0.9827,0.7821,1.07093,0.0023935,0.0023935,0.0023935
924,11554,1.0084,0.86031,1.08091,0.94758,0.80773,0.8976,0.68773,0.98278,0.78177,1.07103,0.00238525,0.00238525,0.00238525
925,11564.9,0.97998,0.83055,1.07493,0.94564,0.81426,0.89766,0.68782,0.98212,0.78169,1.07072,0.002377,0.002377,0.002377
926,11575,0.98823,0.82278,1.08056,0.94514,0.81277,0.89763,0.68682,0.98195,0.78091,1.07085,0.00236875,0.00236875,0.00236875
927,11585,0.9866,0.83537,1.0716,0.94552,0.81238,0.89778,0.68826,0.98144,0.78051,1.0707,0.0023605,0.0023605,0.0023605
928,11595.4,0.97675,0.81089,1.06712,0.94554,0.81264,0.89805,0.68835,0.98101,0.77912,1.07059,0.00235225,0.00235225,0.00235225
929,11606.1,0.99018,0.82351,1.07176,0.94331,0.81489,0.89823,0.68808,0.98062,0.77889,1.07044,0.002344,0.002344,0.002344
930,11616.1,0.98829,0.84085,1.07676,0.94309,0.81277,0.89859,0.68915,0.98042,0.77799,1.07028,0.00233575,0.00233575,0.00233575
931,11626.3,1.00389,0.83563,1.08005,0.9421,0.81277,0.89875,0.68874,0.97966,0.77756,1.06967,0.0023275,0.0023275,0.0023275
932,11637,0.98375,0.8265,1.07635,0.94089,0.81285,0.89858,0.68878,0.97975,0.77745,1.06951,0.00231925,0.00231925,0.00231925
933,11647.5,0.98601,0.8359,1.07038,0.94328,0.81378,0.8987,0.68903,0.97946,0.77799,1.06918,0.002311,0.002311,0.002311
934,11657.6,0.97164,0.82545,1.06332,0.9456,0.81364,0.89872,0.68927,0.97894,0.77753,1.06866,0.00230275,0.00230275,0.00230275
935,11667.9,0.97608,0.81672,1.06152,0.94592,0.81277,0.89892,0.68788,0.9784,0.7767,1.06828,0.0022945,0.0022945,0.0022945
936,11678.7,0.99298,0.83232,1.06878,0.94789,0.81277,0.89898,0.68812,0.9781,0.77568,1.06802,0.00228625,0.00228625,0.00228625
937,11688.7,0.97908,0.80809,1.0705,0.94012,0.82128,0.89907,0.68725,0.97742,0.77467,1.0677,0.002278,0.002278,0.002278
938,11698.6,0.98403,0.85044,1.07351,0.94916,0.81277,0.89915,0.68854,0.97638,0.77361,1.06749,0.00226975,0.00226975,0.00226975
939,11708.5,0.95302,0.79875,1.06057,0.94956,0.81277,0.89944,0.68872,0.97597,0.77338,1.06737,0.0022615,0.0022615,0.0022615
940,11719.6,0.98034,0.82843,1.07715,0.94943,0.81277,0.89962,0.68885,0.97577,0.77277,1.06714,0.00225325,0.00225325,0.00225325
941,11729.7,0.99862,0.84368,1.07743,0.9494,0.81277,0.89974,0.68833,0.97513,0.77197,1.06695,0.002245,0.002245,0.002245
942,11739.6,0.99535,0.83547,1.07602,0.94842,0.81277,0.89983,0.68873,0.97451,0.77146,1.06686,0.00223675,0.00223675,0.00223675
943,11749.6,0.97942,0.82607,1.07065,0.94713,0.81277,0.89989,0.68882,0.97385,0.77072,1.0664,0.0022285,0.0022285,0.0022285
944,11760.5,0.9637,0.81893,1.07113,0.94647,0.81277,0.89996,0.68871,0.97319,0.76985,1.06618,0.00222025,0.00222025,0.00222025
945,11770.5,0.9827,0.83273,1.07489,0.94614,0.81277,0.90014,0.68872,0.97287,0.76978,1.06557,0.002212,0.002212,0.002212
946,11780.5,0.97671,0.81868,1.07175,0.94622,0.81277,0.90023,0.68868,0.97254,0.76926,1.06545,0.00220375,0.00220375,0.00220375
947,11791.2,0.97523,0.8242,1.0563,0.94609,0.81277,0.90013,0.68871,0.97211,0.7692,1.0654,0.0021955,0.0021955,0.0021955
948,11803.1,0.97934,0.8236,1.07073,0.94326,0.81355,0.90007,0.68925,0.9718,0.76921,1.06475,0.00218725,0.00218725,0.00218725
949,11814.4,0.97775,0.81661,1.06476,0.94608,0.81277,0.90023,0.68928,0.97128,0.76885,1.06447,0.002179,0.002179,0.002179
950,11824.6,0.97375,0.82529,1.06853,0.9461,0.81277,0.90056,0.69073,0.97058,0.76929,1.06417,0.00217075,0.00217075,0.00217075
951,11835,0.95545,0.80304,1.06509,0.94632,0.81277,0.90051,0.69107,0.9705,0.76948,1.0642,0.0021625,0.0021625,0.0021625
952,11846.1,0.96562,0.79164,1.06703,0.94742,0.81277,0.89892,0.69116,0.97023,0.76948,1.06409,0.00215425,0.00215425,0.00215425
953,11858.6,0.97756,0.83647,1.0702,0.95482,0.81064,0.90078,0.69072,0.96964,0.76893,1.06417,0.002146,0.002146,0.002146
954,11869,0.97766,0.82413,1.06192,0.95515,0.81064,0.89917,0.69083,0.96939,0.7685,1.06401,0.00213775,0.00213775,0.00213775
955,11879.1,0.95337,0.80083,1.05896,0.9556,0.81064,0.89929,0.69044,0.96889,0.76843,1.06368,0.0021295,0.0021295,0.0021295
956,11889.1,0.9613,0.80748,1.06321,0.9557,0.81064,0.89943,0.69231,0.96831,0.76797,1.06334,0.00212125,0.00212125,0.00212125
957,11900.5,0.95848,0.81232,1.06119,0.95607,0.81064,0.89947,0.69183,0.96778,0.76765,1.06321,0.002113,0.002113,0.002113
958,11912.3,0.96316,0.81658,1.06189,0.9563,0.81064,0.89939,0.69308,0.96709,0.76811,1.06273,0.00210475,0.00210475,0.00210475
959,11922.3,0.96629,0.80101,1.05705,0.95636,0.81064,0.89957,0.69311,0.9664,0.76811,1.06258,0.0020965,0.0020965,0.0020965
960,11932.3,0.96455,0.81655,1.0692,0.95624,0.81064,0.89964,0.6942,0.96576,0.76782,1.06248,0.00208825,0.00208825,0.00208825
961,11942.5,0.95681,0.78354,1.05116,0.95652,0.81064,0.89979,0.69461,0.96492,0.76717,1.06234,0.00208,0.00208,0.00208
962,11954.3,0.96341,0.80248,1.06789,0.95711,0.81064,0.89996,0.6938,0.96446,0.7664,1.06212,0.00207175,0.00207175,0.00207175
963,11965.3,0.96941,0.80212,1.05941,0.95725,0.80991,0.90018,0.69463,0.96404,0.76602,1.06203,0.0020635,0.0020635,0.0020635
964,11975.5,0.94956,0.79644,1.06235,0.95596,0.80851,0.90022,0.69497,0.96367,0.7657,1.06206,0.00205525,0.00205525,0.00205525
965,11985.9,0.96699,0.81364,1.06463,0.95608,0.80851,0.90012,0.69508,0.96327,0.76535,1.06217,0.002047,0.002047,0.002047
966,11996.5,0.97471,0.82127,1.06645,0.95833,0.80851,0.90024,0.69494,0.96255,0.76584,1.06254,0.00203875,0.00203875,0.00203875
967,12008.6,0.95064,0.79156,1.06694,0.95698,0.80851,0.9001,0.69488,0.96221,0.7664,1.06241,0.0020305,0.0020305,0.0020305
968,12019.1,0.96156,0.813,1.05667,0.95642,0.80851,0.90016,0.69391,0.9621,0.76699,1.06249,0.00202225,0.00202225,0.00202225
969,12029.2,0.97228,0.81886,1.07065,0.95625,0.80851,0.90007,0.69429,0.96183,0.76706,1.06251,0.002014,0.002014,0.002014
970,12039.2,0.96183,0.80129,1.06072,0.95741,0.80851,0.90013,0.6942,0.96124,0.76716,1.06242,0.00200575,0.00200575,0.00200575
971,12050.1,0.95334,0.80384,1.06108,0.95721,0.80851,0.9004,0.69419,0.96076,0.76684,1.06205,0.0019975,0.0019975,0.0019975
972,12062,0.97005,0.81867,1.05925,0.95233,0.81064,0.90042,0.69471,0.96038,0.76693,1.06198,0.00198925,0.00198925,0.00198925
973,12071.9,0.95348,0.82454,1.06261,0.95275,0.81064,0.90056,0.69524,0.95988,0.76668,1.06184,0.001981,0.001981,0.001981
974,12081.8,0.97534,0.81276,1.06559,0.95598,0.81064,0.90219,0.69492,0.95981,0.76622,1.06168,0.00197275,0.00197275,0.00197275
975,12091.7,0.95457,0.80809,1.05868,0.95348,0.81064,0.90207,0.69571,0.95934,0.76601,1.0615,0.0019645,0.0019645,0.0019645
976,12103.4,0.93864,0.79407,1.05184,0.95231,0.81064,0.90214,0.6959,0.95893,0.76565,1.06158,0.00195625,0.00195625,0.00195625
977,12115.2,0.94916,0.79685,1.05535,0.95041,0.81064,0.90219,0.69607,0.95878,0.76541,1.06165,0.001948,0.001948,0.001948
978,12125.3,0.93999,0.78719,1.0454,0.95084,0.81064,0.9023,0.69734,0.95833,0.76505,1.06141,0.00193975,0.00193975,0.00193975
979,12135.1,0.93591,0.78478,1.04252,0.95034,0.81064,0.90197,0.69717,0.95789,0.76492,1.06132,0.0019315,0.0019315,0.0019315
980,12145.2,0.95742,0.8091,1.05407,0.95038,0.81064,0.90179,0.69706,0.95762,0.7645,1.0612,0.00192325,0.00192325,0.00192325
981,12155.5,0.94508,0.7994,1.0523,0.95242,0.80918,0.90075,0.69814,0.95732,0.76413,1.06109,0.001915,0.001915,0.001915
982,12165.6,0.94002,0.80361,1.04682,0.94996,0.80785,0.90068,0.69806,0.95676,0.76391,1.06087,0.00190675,0.00190675,0.00190675
983,12175.5,0.93065,0.78107,1.04979,0.95233,0.80638,0.90087,0.69769,0.9564,0.76345,1.06066,0.0018985,0.0018985,0.0018985
984,12186,0.95771,0.80717,1.06566,0.95476,0.80638,0.90095,0.69812,0.95624,0.76313,1.0605,0.00189025,0.00189025,0.00189025
985,12196.3,0.9465,0.79757,1.05532,0.95479,0.80638,0.90097,0.69863,0.95589,0.76306,1.06034,0.001882,0.001882,0.001882
986,12206.5,0.94013,0.77913,1.05263,0.9523,0.80701,0.90092,0.69799,0.95589,0.76291,1.0602,0.00187375,0.00187375,0.00187375
987,12216.5,0.94826,0.79909,1.06174,0.95227,0.80659,0.90095,0.69829,0.95572,0.76254,1.06,0.0018655,0.0018655,0.0018655
988,12227,0.93786,0.78524,1.05085,0.95267,0.80638,0.90088,0.69816,0.95504,0.76224,1.05953,0.00185725,0.00185725,0.00185725
989,12237.5,0.94929,0.78874,1.05122,0.95476,0.80638,0.90126,0.69854,0.95494,0.7622,1.05937,0.001849,0.001849,0.001849
990,12248,0.93974,0.78639,1.04866,0.9501,0.80851,0.90119,0.69857,0.95481,0.76198,1.05924,0.00184075,0.00184075,0.00184075
991,12258.3,0.94886,0.79022,1.05573,0.95237,0.80836,0.90132,0.6989,0.95475,0.76176,1.05913,0.0018325,0.0018325,0.0018325
992,12269.2,0.95397,0.79944,1.05324,0.95169,0.80851,0.90141,0.69812,0.95439,0.76137,1.05876,0.00182425,0.00182425,0.00182425
993,12279.2,0.93222,0.78137,1.04541,0.95205,0.80638,0.90165,0.69814,0.95402,0.76105,1.05855,0.001816,0.001816,0.001816
994,12289.4,0.93201,0.78553,1.05019,0.95116,0.80851,0.90171,0.69891,0.95374,0.76073,1.05846,0.00180775,0.00180775,0.00180775
995,12299.7,0.97593,0.79988,1.06408,0.95235,0.80797,0.90176,0.69964,0.95358,0.7605,1.05832,0.0017995,0.0017995,0.0017995
996,12310,0.94571,0.79008,1.0454,0.95474,0.80789,0.90203,0.7005,0.95366,0.76043,1.05816,0.00179125,0.00179125,0.00179125
997,12320.3,0.92917,0.76822,1.04756,0.9546,0.80851,0.90233,0.7,0.95356,0.7599,1.05814,0.001783,0.001783,0.001783
998,12330.7,0.91518,0.77329,1.04427,0.95425,0.80851,0.90182,0.70001,0.95329,0.75997,1.05812,0.00177475,0.00177475,0.00177475
999,12341.1,0.95682,0.79127,1.05276,0.95482,0.80929,0.9019,0.69986,0.95332,0.75944,1.0582,0.0017665,0.0017665,0.0017665
1000,12351,0.94787,0.78273,1.04556,0.95487,0.81032,0.90204,0.70001,0.95329,0.75926,1.05806,0.00175825,0.00175825,0.00175825
1001,12361.1,0.9393,0.78833,1.04773,0.95482,0.8094,0.9023,0.70042,0.95317,0.75909,1.05776,0.00175,0.00175,0.00175
1002,12371.1,0.93466,0.78817,1.04755,0.95247,0.81006,0.9021,0.70075,0.95309,0.75863,1.05777,0.00174175,0.00174175,0.00174175
1003,12381.9,0.9653,0.7958,1.05496,0.9525,0.81058,0.90241,0.70111,0.95307,0.75888,1.0575,0.0017335,0.0017335,0.0017335
1004,12392.1,0.9296,0.77197,1.04422,0.95243,0.80939,0.9025,0.70157,0.95278,0.75837,1.05716,0.00172525,0.00172525,0.00172525
1005,12402.4,0.97088,0.81132,1.0569,0.95738,0.81258,0.90466,0.70083,0.95271,0.75812,1.05685,0.001717,0.001717,0.001717
1006,12413,0.95042,0.77863,1.04163,0.9566,0.81277,0.90483,0.70057,0.95269,0.75766,1.05681,0.00170875,0.00170875,0.00170875
1007,12422.8,0.93467,0.79008,1.0404,0.95486,0.81064,0.90502,0.70079,0.95277,0.75712,1.05675,0.0017005,0.0017005,0.0017005
1008,12432.7,0.92743,0.78022,1.05077,0.95298,0.81064,0.90514,0.70126,0.95213,0.75719,1.05645,0.00169225,0.00169225,0.00169225
1009,12442.7,0.94304,0.77909,1.05176,0.95258,0.81064,0.90524,0.7012,0.95235,0.7565,1.05631,0.001684,0.001684,0.001684
1010,12453.3,0.93088,0.77373,1.04767,0.95259,0.81064,0.9057,0.70179,0.95206,0.75609,1.05622,0.00167575,0.00167575,0.00167575
1011,12463.3,0.92349,0.77722,1.0432,0.95264,0.8132,0.90572,0.70213,0.95212,0.75566,1.05617,0.0016675,0.0016675,0.0016675
1012,12473.2,0.91051,0.75478,1.04047,0.9503,0.81702,0.90564,0.70246,0.95163,0.75492,1.05599,0.00165925,0.00165925,0.00165925
1013,12483.4,0.9265,0.79255,1.04472,0.94908,0.81702,0.90558,0.70171,0.95114,0.75462,1.05578,0.001651,0.001651,0.001651
1014,12494.6,0.92385,0.78452,1.0465,0.95116,0.81702,0.90584,0.70234,0.95094,0.75419,1.05563,0.00164275,0.00164275,0.00164275
1015,12506,0.9434,0.78552,1.04536,0.95178,0.81702,0.90518,0.70174,0.95059,0.75406,1.05557,0.0016345,0.0016345,0.0016345
1016,12516.7,0.9349,0.78964,1.04644,0.95054,0.81777,0.90584,0.70221,0.95031,0.75398,1.05544,0.00162625,0.00162625,0.00162625
1017,12527.1,0.92218,0.77948,1.04161,0.95052,0.81754,0.90595,0.70256,0.95013,0.75383,1.05517,0.001618,0.001618,0.001618
1018,12537,0.9308,0.78685,1.04947,0.95051,0.81734,0.90605,0.70299,0.95007,0.75363,1.05507,0.00160975,0.00160975,0.00160975
1019,12547,0.93814,0.79091,1.05273,0.9505,0.81718,0.906,0.70259,0.95007,0.75368,1.05502,0.0016015,0.0016015,0.0016015
1020,12556.9,0.93386,0.78085,1.04778,0.94998,0.81702,0.90587,0.70236,0.94959,0.75364,1.05491,0.00159325,0.00159325,0.00159325
1021,12569,0.90034,0.74859,1.03192,0.95028,0.81702,0.90538,0.70202,0.94936,0.753,1.05491,0.001585,0.001585,0.001585
1022,12581.2,0.93278,0.78673,1.04453,0.95131,0.81702,0.90608,0.70293,0.94903,0.75264,1.05475,0.00157675,0.00157675,0.00157675
1023,12591.6,0.93302,0.76746,1.04222,0.95284,0.81682,0.90598,0.70168,0.94915,0.75238,1.05528,0.0015685,0.0015685,0.0015685
1024,12601.5,0.93344,0.78626,1.05339,0.95048,0.81675,0.90587,0.7025,0.94895,0.75218,1.05518,0.00156025,0.00156025,0.00156025
1025,12611.5,0.9198,0.75929,1.04528,0.95203,0.81702,0.90603,0.70243,0.94878,0.75211,1.05502,0.001552,0.001552,0.001552
1026,12622.5,0.90819,0.74935,1.04124,0.95283,0.81651,0.90628,0.70227,0.94846,0.75188,1.05478,0.00154375,0.00154375,0.00154375
1027,12634.7,0.917,0.76096,1.0389,0.95041,0.81489,0.9063,0.703,0.94826,0.75164,1.05462,0.0015355,0.0015355,0.0015355
1028,12646.1,0.91277,0.76142,1.04098,0.95041,0.81554,0.9066,0.70252,0.94793,0.75171,1.05442,0.00152725,0.00152725,0.00152725
1029,12656.1,0.91874,0.77265,1.03965,0.94614,0.82228,0.90657,0.70313,0.94756,0.75166,1.05432,0.001519,0.001519,0.001519
1030,12666.5,0.90687,0.76175,1.03929,0.94612,0.82193,0.90657,0.70353,0.94761,0.75109,1.05415,0.00151075,0.00151075,0.00151075
1031,12677.5,0.90243,0.75081,1.02773,0.94611,0.82184,0.90658,0.70365,0.94734,0.75071,1.0539,0.0015025,0.0015025,0.0015025
1032,12690.1,0.92031,0.75803,1.04499,0.94502,0.82128,0.90663,0.70357,0.9473,0.7504,1.05368,0.00149425,0.00149425,0.00149425
1033,12701.4,0.9171,0.78051,1.04018,0.94497,0.82128,0.90662,0.70405,0.94718,0.75047,1.0535,0.001486,0.001486,0.001486
1034,12711.5,0.92823,0.78882,1.05364,0.94618,0.82299,0.90673,0.70404,0.94697,0.75044,1.05343,0.00147775,0.00147775,0.00147775
1035,12721.5,0.9143,0.76827,1.04477,0.94619,0.82306,0.90708,0.70434,0.94706,0.75053,1.05323,0.0014695,0.0014695,0.0014695
1036,12731.7,0.90794,0.75544,1.03049,0.94852,0.8232,0.90743,0.70524,0.94683,0.74998,1.05298,0.00146125,0.00146125,0.00146125
1037,12744.2,0.93292,0.78859,1.04982,0.94767,0.8234,0.90733,0.70508,0.94676,0.74995,1.05289,0.001453,0.001453,0.001453
1038,12756.5,0.94196,0.78936,1.04771,0.94779,0.8234,0.90736,0.70562,0.9463,0.74952,1.05267,0.00144475,0.00144475,0.00144475
1039,12766.9,0.90641,0.75957,1.03854,0.94638,0.8234,0.90738,0.7049,0.94612,0.7493,1.05256,0.0014365,0.0014365,0.0014365
1040,12776.8,0.93601,0.78403,1.04886,0.9419,0.8234,0.90736,0.70496,0.94605,0.74874,1.05235,0.00142825,0.00142825,0.00142825
1041,12786.8,0.93309,0.78633,1.04928,0.94299,0.8234,0.90734,0.70516,0.94581,0.74876,1.05209,0.00142,0.00142,0.00142
1042,12798.3,0.92532,0.7815,1.04046,0.94423,0.8234,0.90743,0.70548,0.94569,0.74835,1.0519,0.00141175,0.00141175,0.00141175
1043,12810.6,0.9286,0.78607,1.04929,0.94395,0.8234,0.90754,0.70565,0.94542,0.74843,1.05189,0.0014035,0.0014035,0.0014035
1044,12821.7,0.91282,0.76581,1.03797,0.93969,0.8234,0.90756,0.70604,0.94537,0.74823,1.05177,0.00139525,0.00139525,0.00139525
1045,12832,0.90062,0.75377,1.03239,0.9423,0.8234,0.9077,0.70574,0.94524,0.74763,1.05171,0.001387,0.001387,0.001387
1046,12842.1,0.91163,0.76187,1.04063,0.93934,0.82365,0.90778,0.70636,0.94536,0.74748,1.05155,0.00137875,0.00137875,0.00137875
1047,12853.2,0.92564,0.77066,1.03483,0.93983,0.8234,0.90783,0.70515,0.94531,0.74726,1.05141,0.0013705,0.0013705,0.0013705
1048,12865.3,0.91434,0.74902,1.03954,0.93943,0.8234,0.90782,0.70573,0.94529,0.74721,1.05127,0.00136225,0.00136225,0.00136225
1049,12877,0.9066,0.7538,1.03843,0.93939,0.8234,0.908,0.70585,0.94496,0.74704,1.05118,0.001354,0.001354,0.001354
1050,12889,0.90306,0.76873,1.03866,0.942,0.8234,0.90803,0.70533,0.94473,0.74728,1.05121,0.00134575,0.00134575,0.00134575
1051,12900,0.90663,0.75025,1.03101,0.94227,0.8234,0.908,0.70484,0.94474,0.74738,1.05117,0.0013375,0.0013375,0.0013375
1052,12910,0.91247,0.7532,1.03918,0.94807,0.8234,0.90827,0.70498,0.94452,0.74706,1.05088,0.00132925,0.00132925,0.00132925
1053,12920,0.90386,0.74725,1.03147,0.9492,0.8234,0.90828,0.70549,0.94454,0.74707,1.05094,0.001321,0.001321,0.001321
1054,12930.6,0.92043,0.78607,1.03915,0.94628,0.82445,0.90836,0.70528,0.94443,0.7466,1.05072,0.00131275,0.00131275,0.00131275
1055,12942.4,0.91553,0.7752,1.04628,0.94626,0.82422,0.90834,0.70589,0.9442,0.74634,1.05067,0.0013045,0.0013045,0.0013045
1056,12953.6,0.90041,0.74984,1.0387,0.9488,0.8234,0.90828,0.70637,0.94395,0.74637,1.05058,0.00129625,0.00129625,0.00129625
1057,12963.9,0.88302,0.7528,1.02603,0.94626,0.82413,0.90837,0.70681,0.94376,0.74638,1.05049,0.001288,0.001288,0.001288
1058,12974.2,0.89814,0.74909,1.03655,0.94626,0.82423,0.90839,0.70745,0.94358,0.74619,1.0503,0.00127975,0.00127975,0.00127975
1059,12984.9,0.87402,0.71869,1.0186,0.94628,0.82452,0.90833,0.70749,0.94343,0.74615,1.05024,0.0012715,0.0012715,0.0012715
1060,12997.7,0.89241,0.73151,1.01933,0.9463,0.82482,0.90837,0.70729,0.94336,0.746,1.05008,0.00126325,0.00126325,0.00126325
1061,13008.5,0.89988,0.75937,1.03077,0.94788,0.8234,0.90842,0.70801,0.94314,0.74591,1.04997,0.001255,0.001255,0.001255
1062,13018.7,0.89248,0.74163,1.03355,0.94672,0.8234,0.90853,0.70863,0.94291,0.74585,1.0498,0.00124675,0.00124675,0.00124675
1063,13029.1,0.90231,0.75227,1.03649,0.9469,0.8234,0.90859,0.70823,0.94274,0.7457,1.04962,0.0012385,0.0012385,0.0012385
1064,13040,0.89432,0.75327,1.03256,0.94721,0.8234,0.90854,0.70815,0.94266,0.74589,1.04957,0.00123025,0.00123025,0.00123025
1065,13052.1,0.91392,0.76773,1.04169,0.94691,0.8234,0.90855,0.70871,0.94285,0.74545,1.04963,0.001222,0.001222,0.001222
1066,13063.1,0.89163,0.73752,1.02816,0.94676,0.8234,0.90861,0.70854,0.94291,0.74548,1.04959,0.00121375,0.00121375,0.00121375
1067,13073.1,0.87286,0.7097,1.01323,0.94727,0.8234,0.9086,0.70882,0.94272,0.74574,1.0493,0.0012055,0.0012055,0.0012055
1068,13083.4,0.9132,0.76345,1.04054,0.94773,0.8234,0.90863,0.70821,0.9427,0.74593,1.04942,0.00119725,0.00119725,0.00119725
1069,13094.4,0.89422,0.74805,1.03103,0.94737,0.8234,0.90864,0.70897,0.94245,0.74579,1.04919,0.001189,0.001189,0.001189
1070,13107.2,0.91746,0.76998,1.0389,0.94858,0.82421,0.90875,0.70938,0.94232,0.74565,1.04902,0.00118075,0.00118075,0.00118075
1071,13117.5,0.88949,0.74641,1.03297,0.9485,0.82299,0.90874,0.70917,0.94207,0.74553,1.04878,0.0011725,0.0011725,0.0011725
1072,13127.5,0.90739,0.76407,1.04206,0.94839,0.82102,0.90873,0.70884,0.94218,0.74578,1.04877,0.00116425,0.00116425,0.00116425
1073,13137.6,0.87696,0.73793,1.03189,0.94836,0.82063,0.9087,0.70925,0.94199,0.74572,1.04869,0.001156,0.001156,0.001156
1074,13148.7,0.88844,0.74571,1.02462,0.94752,0.8234,0.90865,0.70949,0.94207,0.74514,1.04854,0.00114775,0.00114775,0.00114775
1075,13160.8,0.87333,0.737,1.01977,0.94622,0.82348,0.90875,0.70931,0.94179,0.74518,1.04837,0.0011395,0.0011395,0.0011395
1076,13170.8,0.89663,0.75441,1.03857,0.9461,0.82166,0.9088,0.71001,0.94145,0.74514,1.04819,0.00113125,0.00113125,0.00113125
1077,13181,0.89791,0.74235,1.02772,0.94611,0.82176,0.90884,0.71009,0.94135,0.74452,1.04811,0.001123,0.001123,0.001123
1078,13191.4,0.8979,0.73794,1.0268,0.94775,0.81915,0.9088,0.70999,0.94111,0.74448,1.04807,0.00111475,0.00111475,0.00111475
1079,13203.7,0.87128,0.73533,1.02452,0.94827,0.81903,0.90887,0.71004,0.94104,0.74451,1.04801,0.0011065,0.0011065,0.0011065
1080,13214.8,0.88479,0.75007,1.03514,0.94616,0.82252,0.90899,0.71026,0.9409,0.7442,1.04791,0.00109825,0.00109825,0.00109825
1081,13225.1,0.89385,0.75583,1.03099,0.94832,0.81983,0.90882,0.71044,0.94089,0.74378,1.04805,0.00109,0.00109,0.00109
1082,13235.4,0.89121,0.75743,1.03905,0.94834,0.82025,0.90882,0.71035,0.94065,0.74388,1.04799,0.00108175,0.00108175,0.00108175
1083,13245.8,0.89421,0.74666,1.02522,0.94839,0.82109,0.90885,0.71037,0.94069,0.74354,1.04795,0.0010735,0.0010735,0.0010735
1084,13257.6,0.87422,0.7291,1.02615,0.94613,0.82206,0.90883,0.71042,0.94063,0.74354,1.04786,0.00106525,0.00106525,0.00106525
1085,13268.3,0.86703,0.72234,1.01695,0.94612,0.82188,0.90876,0.71082,0.94041,0.74349,1.0478,0.001057,0.001057,0.001057
1086,13278.6,0.86801,0.72474,1.03042,0.94612,0.82187,0.90878,0.7109,0.94033,0.74352,1.04786,0.00104875,0.00104875,0.00104875
1087,13288.8,0.89344,0.76686,1.02957,0.94612,0.82193,0.90872,0.7109,0.94005,0.74351,1.04771,0.0010405,0.0010405,0.0010405
1088,13300,0.87044,0.7335,1.02413,0.9461,0.82155,0.90871,0.71066,0.93996,0.74333,1.04761,0.00103225,0.00103225,0.00103225
1089,13312.2,0.88027,0.74376,1.02265,0.94611,0.8218,0.90882,0.71071,0.93981,0.74317,1.04759,0.001024,0.001024,0.001024
1090,13322.1,0.88308,0.73437,1.02113,0.94611,0.82184,0.90874,0.71032,0.93952,0.74296,1.04748,0.00101575,0.00101575,0.00101575
1091,13332.1,0.87374,0.7273,1.03187,0.94611,0.8218,0.90879,0.71076,0.93959,0.7428,1.04751,0.0010075,0.0010075,0.0010075
1092,13342.1,0.87194,0.73198,1.01925,0.94611,0.82179,0.90883,0.71143,0.93937,0.74256,1.04732,0.00099925,0.00099925,0.00099925
1093,13353.9,0.89017,0.75117,1.02797,0.9461,0.82161,0.90893,0.71129,0.93915,0.74252,1.04725,0.000991,0.000991,0.000991
1094,13365.6,0.88748,0.73975,1.0307,0.94611,0.82178,0.90898,0.71104,0.93895,0.74247,1.04712,0.00098275,0.00098275,0.00098275
1095,13375.7,0.89595,0.74221,1.02843,0.94611,0.82186,0.90911,0.71105,0.93884,0.74227,1.04674,0.0009745,0.0009745,0.0009745
1096,13385.6,0.89452,0.74964,1.02881,0.94612,0.8219,0.90914,0.71109,0.93882,0.74235,1.04679,0.00096625,0.00096625,0.00096625
1097,13395.6,0.89137,0.73715,1.02569,0.94612,0.82192,0.9091,0.71096,0.93878,0.74218,1.04674,0.000958,0.000958,0.000958
1098,13407.6,0.88121,0.7321,1.02248,0.94613,0.82207,0.90917,0.71143,0.9387,0.74211,1.04668,0.00094975,0.00094975,0.00094975
1099,13419.1,0.85447,0.72215,1.01493,0.94613,0.82211,0.91024,0.71217,0.9385,0.74196,1.04639,0.0009415,0.0009415,0.0009415
1100,13429.4,0.87481,0.72986,1.0238,0.9462,0.82323,0.91035,0.71209,0.93843,0.74182,1.04627,0.00093325,0.00093325,0.00093325
1101,13439.4,0.86149,0.73638,1.01606,0.94449,0.82553,0.91039,0.71167,0.93837,0.7415,1.04635,0.000925,0.000925,0.000925
1102,13449.7,0.8758,0.7333,1.02255,0.94472,0.82553,0.91038,0.71148,0.93837,0.74178,1.04628,0.00091675,0.00091675,0.00091675
1103,13462,0.87118,0.7321,1.02463,0.94388,0.82553,0.91039,0.71166,0.93824,0.74175,1.04605,0.0009085,0.0009085,0.0009085
1104,13472.7,0.87396,0.73624,1.01851,0.94452,0.82553,0.91038,0.71152,0.93808,0.74165,1.04599,0.00090025,0.00090025,0.00090025
1105,13482.7,0.87689,0.7359,1.01447,0.94349,0.82553,0.91055,0.71124,0.938,0.74155,1.04593,0.000892,0.000892,0.000892
1106,13492.7,0.85432,0.71444,1.01103,0.94284,0.82553,0.91059,0.71107,0.9378,0.74131,1.04589,0.00088375,0.00088375,0.00088375
1107,13503.6,0.88071,0.74939,1.03014,0.94254,0.82553,0.91061,0.71101,0.93781,0.74095,1.04602,0.0008755,0.0008755,0.0008755
1108,13515.9,0.86073,0.7322,1.01941,0.94241,0.82553,0.91058,0.71122,0.93778,0.74064,1.04606,0.00086725,0.00086725,0.00086725
1109,13525.8,0.87025,0.73989,1.01648,0.94175,0.8256,0.91062,0.7112,0.93776,0.74072,1.04602,0.000859,0.000859,0.000859
1110,13535.8,0.86882,0.73166,1.02341,0.94176,0.8257,0.91067,0.71074,0.93767,0.74067,1.04598,0.00085075,0.00085075,0.00085075
1111,13545.8,0.87851,0.7294,1.01737,0.94176,0.82565,0.91069,0.71094,0.93746,0.74031,1.04576,0.0008425,0.0008425,0.0008425
1112,13557.3,0.87951,0.74133,1.01738,0.94176,0.82567,0.91064,0.71073,0.93747,0.74027,1.04582,0.00083425,0.00083425,0.00083425
1113,13568.9,0.86871,0.72559,1.01656,0.94176,0.82571,0.91059,0.71043,0.93723,0.74019,1.04569,0.000826,0.000826,0.000826
1114,13578.9,0.858,0.71729,1.01573,0.94162,0.82365,0.91068,0.71046,0.93733,0.74014,1.04571,0.00081775,0.00081775,0.00081775
1115,13588.8,0.84996,0.72184,1.01058,0.94162,0.82367,0.91062,0.71052,0.93719,0.74019,1.04567,0.0008095,0.0008095,0.0008095
1116,13598.8,0.85197,0.71085,1.01559,0.94166,0.8242,0.9107,0.71081,0.93691,0.74,1.04555,0.00080125,0.00080125,0.00080125
1117,13610.5,0.88113,0.73366,1.02936,0.94164,0.82391,0.9107,0.71096,0.93693,0.73988,1.04547,0.000793,0.000793,0.000793
1118,13621.8,0.86207,0.72376,1.02051,0.94169,0.82462,0.91076,0.71102,0.93692,0.73973,1.0454,0.00078475,0.00078475,0.00078475
1119,13631.8,0.85774,0.7274,1.02522,0.94165,0.82411,0.91076,0.71086,0.93691,0.73968,1.04526,0.0007765,0.0007765,0.0007765
1120,13641.7,0.86374,0.72741,1.0166,0.94166,0.82415,0.91075,0.71129,0.93685,0.73975,1.04515,0.00076825,0.00076825,0.00076825
1121,13652,0.86327,0.7192,1.0181,0.94394,0.82395,0.91083,0.71083,0.93673,0.73977,1.04509,0.00076,0.00076,0.00076
1122,13664.2,0.8558,0.72157,1.01279,0.94394,0.82404,0.91092,0.71071,0.93695,0.7398,1.04505,0.00075175,0.00075175,0.00075175
1123,13674.6,0.88057,0.72617,1.02657,0.94394,0.82395,0.91084,0.71088,0.93695,0.73972,1.04489,0.0007435,0.0007435,0.0007435
1124,13684.7,0.83777,0.70364,1.00993,0.94393,0.82378,0.91105,0.711,0.93662,0.73967,1.04468,0.00073525,0.00073525,0.00073525
1125,13694.8,0.85918,0.72108,1.01334,0.94393,0.82381,0.91116,0.71065,0.93635,0.73973,1.04465,0.000727,0.000727,0.000727
1126,13706,0.84006,0.693,1.01021,0.94393,0.82389,0.9112,0.71089,0.93649,0.73967,1.04465,0.00071875,0.00071875,0.00071875
1127,13717.6,0.86635,0.73771,1.01626,0.94395,0.82413,0.91126,0.71073,0.93632,0.73939,1.04455,0.0007105,0.0007105,0.0007105
1128,13727.4,0.863,0.72515,1.01676,0.94395,0.82408,0.9112,0.71038,0.93633,0.73963,1.0445,0.00070225,0.00070225,0.00070225
1129,13737.4,0.85554,0.7195,1.01166,0.94417,0.82755,0.91125,0.71081,0.936,0.73929,1.0443,0.000694,0.000694,0.000694
1130,13747.5,0.8649,0.73016,1.02165,0.94416,0.82741,0.91122,0.71128,0.9359,0.73937,1.04425,0.00068575,0.00068575,0.00068575
1131,13759.3,0.84923,0.72331,1.0105,0.94415,0.82731,0.91127,0.71082,0.93574,0.73901,1.04422,0.0006775,0.0006775,0.0006775
1132,13770.3,0.86857,0.75043,1.02475,0.94413,0.82701,0.91135,0.71123,0.93578,0.7389,1.04415,0.00066925,0.00066925,0.00066925
1133,13780.3,0.87963,0.73281,1.02289,0.94413,0.82703,0.91144,0.7117,0.93569,0.73887,1.04418,0.000661,0.000661,0.000661
1134,13790.3,0.86352,0.71315,1.01354,0.94415,0.82723,0.91143,0.71197,0.93548,0.73879,1.04404,0.00065275,0.00065275,0.00065275
1135,13800.9,0.85395,0.72208,1.01704,0.94412,0.82684,0.91157,0.71132,0.93519,0.73861,1.04385,0.0006445,0.0006445,0.0006445
1136,13813,0.86294,0.72581,1.01567,0.94413,0.82691,0.91169,0.71132,0.93499,0.73845,1.04371,0.00063625,0.00063625,0.00063625
1137,13823.1,0.84228,0.70795,1.00802,0.94412,0.82683,0.91171,0.71084,0.9349,0.73818,1.0437,0.000628,0.000628,0.000628
1138,13833.1,0.85542,0.72389,1.01916,0.9441,0.82645,0.91158,0.71142,0.93483,0.73806,1.04362,0.00061975,0.00061975,0.00061975
1139,13843.2,0.85184,0.71163,1.01509,0.94409,0.8263,0.91165,0.71119,0.93476,0.73784,1.04352,0.0006115,0.0006115,0.0006115
1140,13854.7,0.85163,0.7225,1.01792,0.94409,0.82626,0.91167,0.71179,0.93463,0.73774,1.0434,0.00060325,0.00060325,0.00060325
1141,13866.1,0.85552,0.71698,1.01274,0.94411,0.82661,0.9117,0.71219,0.9344,0.73745,1.04327,0.000595,0.000595,0.000595
1142,13876.4,0.85714,0.71886,1.00981,0.9441,0.82648,0.91181,0.7122,0.93429,0.73747,1.04318,0.00058675,0.00058675,0.00058675
1143,13886.5,0.86101,0.73,1.01729,0.94408,0.82614,0.91178,0.71138,0.93414,0.73752,1.04313,0.0005785,0.0005785,0.0005785
1144,13896.7,0.85816,0.72543,1.01395,0.94409,0.82634,0.91181,0.71245,0.93392,0.73721,1.04313,0.00057025,0.00057025,0.00057025
1145,13908.9,0.83758,0.70068,1.01024,0.94407,0.82604,0.91181,0.71272,0.93379,0.73712,1.04296,0.000562,0.000562,0.000562
1146,13919.6,0.83841,0.7022,1.00496,0.93979,0.83018,0.91199,0.71254,0.93377,0.73699,1.04291,0.00055375,0.00055375,0.00055375
1147,13929.5,0.82778,0.70197,1.01604,0.93983,0.82979,0.91199,0.71221,0.9335,0.73686,1.04277,0.0005455,0.0005455,0.0005455
1148,13939.6,0.85196,0.71536,1.01286,0.94403,0.82546,0.9126,0.71199,0.9335,0.7366,1.04269,0.00053725,0.00053725,0.00053725
1149,13951.2,0.82552,0.68708,1.00158,0.93938,0.83191,0.91269,0.71219,0.93324,0.73649,1.04249,0.000529,0.000529,0.000529
1150,13962.5,0.84165,0.71158,1.01256,0.93842,0.83191,0.91275,0.71179,0.93323,0.73622,1.04244,0.00052075,0.00052075,0.00052075
1151,13972.5,0.84061,0.70231,1.01335,0.93818,0.83191,0.91277,0.71181,0.93316,0.73602,1.04237,0.0005125,0.0005125,0.0005125
1152,13982.5,0.82401,0.68744,0.9959,0.94416,0.82742,0.9128,0.7119,0.9331,0.73573,1.04228,0.00050425,0.00050425,0.00050425
1153,13992.5,0.84209,0.70713,1.01206,0.94424,0.82861,0.91276,0.71222,0.93296,0.73537,1.04225,0.000496,0.000496,0.000496
1154,14004.9,0.867,0.73013,1.01715,0.94426,0.82907,0.91271,0.71206,0.93299,0.73554,1.04217,0.00048775,0.00048775,0.00048775
1155,14015.4,0.82865,0.69536,1.00787,0.94428,0.8293,0.91286,0.71257,0.93286,0.73515,1.04202,0.0004795,0.0004795,0.0004795
1156,14025.4,0.83581,0.71354,1.00435,0.94295,0.83191,0.91282,0.71217,0.93268,0.73487,1.04195,0.00047125,0.00047125,0.00047125
1157,14035.6,0.83331,0.71634,1.00704,0.9391,0.83191,0.91289,0.71202,0.93257,0.73495,1.0422,0.000463,0.000463,0.000463
1158,14046.7,0.84009,0.7033,1.01268,0.93786,0.83191,0.9127,0.71192,0.93267,0.73452,1.04188,0.00045475,0.00045475,0.00045475
1159,14058.4,0.84414,0.72138,1.01492,0.93949,0.83191,0.91286,0.71202,0.93252,0.73444,1.04176,0.0004465,0.0004465,0.0004465
1160,14068.4,0.82564,0.70135,1.00215,0.94416,0.82735,0.9127,0.71239,0.9325,0.73427,1.04168,0.00043825,0.00043825,0.00043825
1161,14078.4,0.84825,0.72135,1.017,0.94403,0.82543,0.91273,0.71232,0.9323,0.73403,1.04155,0.00043,0.00043,0.00043
1162,14088.5,0.82387,0.69125,1.00652,0.94404,0.82548,0.91277,0.71209,0.93228,0.73386,1.04141,0.00042175,0.00042175,0.00042175
1163,14100.6,0.85138,0.71521,1.01821,0.94175,0.82553,0.91262,0.71225,0.9321,0.73357,1.04126,0.0004135,0.0004135,0.0004135
1164,14111.1,0.83347,0.69696,1.0075,0.94184,0.82697,0.9127,0.71218,0.93202,0.73347,1.04132,0.00040525,0.00040525,0.00040525
1165,14121.1,0.83813,0.71266,1.01277,0.94181,0.82646,0.91279,0.71232,0.93182,0.73318,1.04107,0.000397,0.000397,0.000397
1166,14131.1,0.83961,0.70435,1.00698,0.94175,0.82552,0.91283,0.71235,0.93167,0.73276,1.04101,0.00038875,0.00038875,0.00038875
1167,14142.3,0.85309,0.72845,1.0159,0.94176,0.82575,0.91285,0.71232,0.9314,0.73262,1.04072,0.0003805,0.0003805,0.0003805
1168,14153.5,0.81831,0.69235,0.99962,0.94178,0.82606,0.91281,0.71229,0.93115,0.73264,1.04092,0.00037225,0.00037225,0.00037225
1169,14163.5,0.85151,0.71304,1.0159,0.94079,0.82553,0.91291,0.71228,0.9311,0.7321,1.04042,0.000364,0.000364,0.000364
1170,14173.4,0.81452,0.67885,0.99913,0.94056,0.82553,0.91289,0.71219,0.93095,0.73213,1.04034,0.00035575,0.00035575,0.00035575
1171,14183.7,0.82634,0.70255,1.00511,0.93947,0.82559,0.91285,0.71224,0.93097,0.73174,1.04029,0.0003475,0.0003475,0.0003475
1172,14195.6,0.83034,0.69055,0.99969,0.94174,0.8254,0.91283,0.71278,0.93062,0.73178,1.04047,0.00033925,0.00033925,0.00033925
1173,14206.1,0.82966,0.68841,1.0061,0.94174,0.82543,0.91286,0.71247,0.93057,0.73161,1.04044,0.000331,0.000331,0.000331
1174,14216.2,0.8442,0.71251,1.00609,0.94174,0.82538,0.91283,0.71336,0.9306,0.73125,1.04033,0.00032275,0.00032275,0.00032275
1175,14226.6,0.86198,0.73506,1.01772,0.94174,0.82539,0.91296,0.71356,0.93049,0.73136,1.04011,0.0003145,0.0003145,0.0003145
1176,14238.9,0.84273,0.71311,1.00432,0.94173,0.8253,0.91298,0.7131,0.93041,0.73096,1.04006,0.00030625,0.00030625,0.00030625
1177,14249.1,0.81648,0.69106,1.00201,0.9396,0.8234,0.91299,0.71288,0.93023,0.73095,1.03989,0.000298,0.000298,0.000298
1178,14259.1,0.84792,0.71175,1.0096,0.94173,0.82531,0.91298,0.71323,0.9302,0.73071,1.03989,0.00028975,0.00028975,0.00028975
1179,14269.1,0.82706,0.69545,1.00605,0.94173,0.82525,0.91302,0.71348,0.93007,0.73068,1.03987,0.0002815,0.0002815,0.0002815
1180,14280.5,0.82702,0.6926,1.00289,0.94172,0.82514,0.91299,0.71355,0.92997,0.73034,1.03974,0.00027325,0.00027325,0.00027325
1181,14291.2,0.84552,0.71257,1.01391,0.93959,0.8234,0.91296,0.71324,0.92967,0.73014,1.03953,0.000265,0.000265,0.000265
1182,14301.2,0.83246,0.71324,1.01221,0.93958,0.8234,0.91305,0.71299,0.92951,0.7301,1.03945,0.00025675,0.00025675,0.00025675
1183,14311.2,0.8492,0.70336,1.01723,0.93951,0.8234,0.91306,0.71356,0.92908,0.73026,1.03935,0.0002485,0.0002485,0.0002485
1184,14322.5,0.82098,0.69181,1.00094,0.94104,0.82553,0.91305,0.71338,0.92913,0.73002,1.03939,0.00024025,0.00024025,0.00024025
1185,14332.9,0.82752,0.69898,1.00551,0.94178,0.826,0.91307,0.71312,0.92888,0.73002,1.03917,0.000232,0.000232,0.000232
1186,14342.7,0.8328,0.70852,1.01305,0.94174,0.82548,0.91304,0.71354,0.92886,0.72965,1.03917,0.00022375,0.00022375,0.00022375
1187,14352.6,0.82448,0.69723,1.00458,0.94181,0.82649,0.91302,0.71375,0.92869,0.72949,1.03904,0.0002155,0.0002155,0.0002155
1188,14363.3,0.84984,0.70844,1.00759,0.93968,0.82553,0.91306,0.71382,0.92864,0.72915,1.03893,0.00020725,0.00020725,0.00020725
1189,14373.5,0.82642,0.70271,1.00131,0.93954,0.82553,0.91301,0.71413,0.92844,0.7288,1.03889,0.000199,0.000199,0.000199
1190,14383.7,0.8216,0.69543,1.00545,0.94187,0.82742,0.91328,0.71388,0.92841,0.72896,1.03882,0.00019075,0.00019075,0.00019075
1191,14395.5,0.87351,0.62243,1.00708,0.93462,0.82979,0.91331,0.71381,0.9282,0.72863,1.03864,0.0001825,0.0001825,0.0001825
1192,14405.5,0.7938,0.5644,0.95684,0.93412,0.82979,0.91341,0.71368,0.92812,0.72824,1.03864,0.00017425,0.00017425,0.00017425
1193,14415.7,0.77918,0.55334,0.95416,0.93454,0.82979,0.9134,0.71407,0.92799,0.72771,1.03858,0.000166,0.000166,0.000166
1194,14426.2,0.76072,0.54039,0.9393,0.93363,0.82979,0.9141,0.71451,0.92788,0.72716,1.03847,0.00015775,0.00015775,0.00015775
1195,14437,0.73931,0.52995,0.93311,0.93303,0.82999,0.91427,0.71462,0.9275,0.72675,1.03831,0.0001495,0.0001495,0.0001495
1196,14447.3,0.74435,0.53129,0.93961,0.93188,0.83191,0.91442,0.71462,0.9273,0.72621,1.03814,0.00014125,0.00014125,0.00014125
1197,14457.7,0.74322,0.53044,0.93419,0.92895,0.83456,0.91464,0.71471,0.92704,0.72601,1.03797,0.000133,0.000133,0.000133
1198,14467.9,0.72895,0.53031,0.93584,0.92898,0.83499,0.91482,0.71574,0.92681,0.72557,1.0378,0.00012475,0.00012475,0.00012475
1199,14478.5,0.71572,0.52803,0.92817,0.92898,0.83498,0.91491,0.7158,0.92644,0.72507,1.03768,0.0001165,0.0001165,0.0001165
1200,14488.8,0.70052,0.50562,0.92554,0.92897,0.83475,0.91499,0.71593,0.92624,0.72441,1.03741,0.00010825,0.00010825,0.00010825
