epoch,time,train/box_loss,train/cls_loss,train/dfl_loss,metrics/precision(B),metrics/recall(B),metrics/mAP50(B),metrics/mAP50-95(B),val/box_loss,val/cls_loss,val/dfl_loss,lr/pg0,lr/pg1,lr/pg2
1,13.339,5.84579,9.85325,4.22154,0,0,0,0,6.30264,11.8267,4.15984,0.00327778,0.00327778,0.00327778
2,147.005,5.84115,7.20939,4.16444,1e-05,0.00213,1e-05,0,6.27654,7.44763,4.07954,0.00660566,0.00660566,0.00660566
3,160.176,5.39534,4.97693,3.55227,1e-05,0.00213,1e-05,0,4.35537,4.89957,3.25837,0.00992804,0.00992804,0.00992804
4,173.286,4.29289,4.33187,2.80122,0.00143,0.00638,0.00073,0.00032,4.55628,4.62209,2.67766,0.00997525,0.00997525,0.00997525
5,186.387,4.16653,4.29659,2.6702,0.00047,0.02766,0.00025,6e-05,4.4047,4.75449,2.48498,0.009967,0.009967,0.009967
6,199.253,4.09625,4.32075,2.53505,0.00072,0.10638,0.00043,9e-05,4.23416,4.58617,2.28904,0.00995875,0.00995875,0.00995875
7,212.122,4.0674,4.29232,2.62447,0.00077,0.11277,0.00047,9e-05,4.14538,4.78242,2.42099,0.0099505,0.0099505,0.0099505
8,224.926,3.84581,4.32355,2.64096,0.00152,0.15532,0.00102,0.00023,3.97559,4.39372,2.51778,0.00994225,0.00994225,0.00994225
9,237.712,3.73025,4.23364,2.6149,0.00119,0.16809,0.00083,0.0002,3.96881,4.74236,2.46335,0.009934,0.009934,0.009934
10,250.641,3.67917,4.2442,2.58718,0.00127,0.18723,0.00077,0.00018,3.83033,4.4858,2.4096,0.00992575,0.00992575,0.00992575
11,263.561,3.64092,4.20538,2.57954,0.00143,0.21702,0.00096,0.00024,3.62062,4.68419,2.39931,0.0099175,0.0099175,0.0099175
12,276.465,3.64837,4.21827,2.58537,0.00146,0.21915,0.00106,0.00024,3.70355,4.37571,2.34287,0.00990925,0.00990925,0.00990925
13,289.3,3.63271,4.20409,2.6112,0.00145,0.2,0.00095,0.00023,3.65693,4.50385,2.42898,0.009901,0.009901,0.009901
14,302.171,3.59412,4.18005,2.60026,0.00039,0.05319,0.00023,5e-05,3.72786,4.40866,2.57714,0.00989275,0.00989275,0.00989275
15,315.185,3.61994,4.20793,2.54728,0.00163,0.24894,0.00109,0.00023,3.68685,4.57031,2.45313,0.0098845,0.0098845,0.0098845
16,328.024,3.55814,4.18817,2.53599,0.00177,0.27021,0.00141,0.00034,3.52536,4.23982,2.32278,0.00987625,0.00987625,0.00987625
17,341.12,3.55129,4.18941,2.53059,0.00152,0.22979,0.00144,0.00032,3.68459,4.26143,2.3856,0.009868,0.009868,0.009868
18,354.052,3.54007,4.16685,2.54282,0.00169,0.25745,0.00131,0.00029,3.64725,4.24499,2.45741,0.00985975,0.00985975,0.00985975
19,366.948,3.53197,4.21089,2.50697,0.00176,0.26809,0.00192,0.00042,3.63819,4.18208,2.34275,0.0098515,0.0098515,0.0098515
20,380.176,3.46128,4.16473,2.50913,0.00171,0.25532,0.00198,0.00044,3.56685,4.23993,2.31345,0.00984325,0.00984325,0.00984325
21,393.392,3.44762,4.19671,2.43421,0.00169,0.25745,0.00262,0.00046,3.60856,4.49192,2.30809,0.009835,0.009835,0.009835
22,406.469,3.44529,4.20578,2.41932,0.00203,0.30213,0.00288,0.00055,3.4925,4.11111,2.31156,0.00982675,0.00982675,0.00982675
23,419.628,3.39837,4.13327,2.41501,0.00169,0.25745,0.00208,0.00041,3.61805,4.41209,2.40853,0.0098185,0.0098185,0.0098185
24,432.47,3.44338,4.16443,2.4603,0.00223,0.16809,0.00181,0.00039,3.60539,4.19173,2.40889,0.00981025,0.00981025,0.00981025
25,445.301,3.42739,4.16482,2.43234,0.00233,0.20426,0.00255,0.00055,3.59313,4.25335,2.30108,0.009802,0.009802,0.009802
26,458.137,3.40717,4.14075,2.43232,0.00232,0.3234,0.00274,0.00057,3.46742,4.25314,2.33475,0.00979375,0.00979375,0.00979375
27,471.073,3.34961,4.13757,2.41428,0.00245,0.36809,0.00417,0.00087,3.50031,4.10008,2.35184,0.0097855,0.0097855,0.0097855
28,484.232,3.35249,4.13915,2.42031,0.01935,0.0766,0.00874,0.00196,3.43654,4.18001,2.3371,0.00977725,0.00977725,0.00977725
29,497.474,3.35765,4.13522,2.4354,0.00254,0.37447,0.00376,0.00082,3.46623,4.13289,2.3365,0.009769,0.009769,0.009769
30,510.413,3.36925,4.07056,2.41738,0.00929,0.1383,0.00648,0.00129,3.44808,4.19018,2.29818,0.00976075,0.00976075,0.00976075
31,523.317,3.33554,4.09637,2.38284,0.00257,0.39149,0.0052,0.00124,3.42618,4.31262,2.31384,0.0097525,0.0097525,0.0097525
32,536.083,3.29005,4.08846,2.38562,0.00266,0.39149,0.01004,0.00217,3.36144,4.05541,2.26214,0.00974425,0.00974425,0.00974425
33,549.328,3.31478,4.06348,2.38685,0.0491,0.01702,0.00683,0.00153,3.42716,4.29517,2.31681,0.009736,0.009736,0.009736
34,562.148,3.27608,4.0733,2.40285,0.056,0.04681,0.01103,0.00214,3.36012,4.04917,2.26174,0.00972775,0.00972775,0.00972775
35,575.241,3.21302,4.02242,2.3573,0.09771,0.02128,0.01353,0.00268,3.30253,4.01126,2.28466,0.0097195,0.0097195,0.0097195
36,588.373,3.23137,4.00772,2.37694,0.06137,0.02553,0.00846,0.00171,3.36332,4.12322,2.32788,0.00971125,0.00971125,0.00971125
37,601.308,3.2638,3.99557,2.38902,0.00317,0.45106,0.01478,0.00261,3.36636,4.0091,2.31939,0.009703,0.009703,0.009703
38,614.461,3.23075,3.93067,2.38353,0.10459,0.04896,0.02109,0.00491,3.30883,3.9874,2.28556,0.00969475,0.00969475,0.00969475
39,627.644,3.20909,3.92565,2.37191,0.12265,0.0383,0.02699,0.00477,3.26784,3.97986,2.25998,0.0096865,0.0096865,0.0096865
40,640.944,3.22768,3.88622,2.35792,0.08019,0.06596,0.01661,0.00329,3.32127,4.0973,2.30514,0.00967825,0.00967825,0.00967825
41,653.96,3.19136,3.91198,2.35576,0.10737,0.02559,0.01838,0.00419,3.22816,3.82952,2.22773,0.00967,0.00967,0.00967
42,666.748,3.23159,3.93055,2.35631,0.08312,0.02766,0.01594,0.00374,3.20551,3.86475,2.21676,0.00966175,0.00966175,0.00966175
43,679.398,3.15013,3.86259,2.35863,0.12992,0.03617,0.02335,0.0038,3.23317,3.8302,2.26586,0.0096535,0.0096535,0.0096535
44,692.125,3.19084,3.87818,2.35741,0.0963,0.0383,0.02039,0.00462,3.23703,3.95905,2.23806,0.00964525,0.00964525,0.00964525
45,704.926,3.1245,3.86297,2.31986,0.07128,0.03985,0.01828,0.00376,3.15438,4.08092,2.21795,0.009637,0.009637,0.009637
46,717.733,3.10526,3.84416,2.33145,0.09675,0.05957,0.02346,0.00467,3.16758,3.96027,2.23196,0.00962875,0.00962875,0.00962875
47,730.424,3.11154,3.7863,2.31618,0.11995,0.05106,0.0257,0.0058,3.17431,3.8776,2.22242,0.0096205,0.0096205,0.0096205
48,743.424,3.09674,3.80053,2.28142,0.11325,0.02799,0.02705,0.00546,3.21043,3.95475,2.23604,0.00961225,0.00961225,0.00961225
49,756.265,3.11003,3.80335,2.32422,0.08614,0.05319,0.02515,0.00488,3.21214,3.86018,2.23642,0.009604,0.009604,0.009604
50,768.986,3.1048,3.76858,2.31699,0.08319,0.01702,0.01857,0.00346,3.27245,3.98975,2.25008,0.00959575,0.00959575,0.00959575
51,781.88,3.10074,3.75159,2.31366,0.0799,0.06809,0.02166,0.00448,3.25118,3.81983,2.24103,0.0095875,0.0095875,0.0095875
52,794.81,3.10986,3.78211,2.29188,0.1328,0.06809,0.02521,0.00568,3.1838,3.83489,2.18432,0.00957925,0.00957925,0.00957925
53,807.687,3.10221,3.77872,2.30207,0.11714,0.07872,0.03153,0.0074,3.15406,3.88861,2.18342,0.009571,0.009571,0.009571
54,820.757,3.08013,3.76844,2.29322,0.14023,0.05957,0.02113,0.00432,3.16563,3.79139,2.20504,0.00956275,0.00956275,0.00956275
55,835.327,3.06857,3.76312,2.27892,0.12487,0.05738,0.02703,0.00594,3.11428,3.82078,2.18622,0.0095545,0.0095545,0.0095545
56,848.152,3.06467,3.67074,2.25919,0.11389,0.08085,0.0303,0.00652,3.08069,3.82909,2.17491,0.00954625,0.00954625,0.00954625
57,861.197,3.0074,3.7171,2.25335,0.16302,0.08164,0.04038,0.00847,3.14419,3.83027,2.19426,0.009538,0.009538,0.009538
58,874.251,3.04391,3.77998,2.25284,0.13234,0.06809,0.03062,0.00679,3.15393,3.86853,2.20067,0.00952975,0.00952975,0.00952975
59,887.207,3.00243,3.69905,2.25876,0.13547,0.08298,0.03614,0.00712,3.08795,3.79384,2.19878,0.0095215,0.0095215,0.0095215
60,900.04,3.05431,3.71593,2.27851,0.11335,0.0766,0.02656,0.00601,3.16886,3.77461,2.21908,0.00951325,0.00951325,0.00951325
61,912.949,3.0408,3.69578,2.27603,0.11109,0.08057,0.0361,0.00769,3.11186,3.72975,2.21272,0.009505,0.009505,0.009505
62,925.858,3.02369,3.69122,2.25599,0.10664,0.0617,0.0318,0.00692,3.10975,3.78933,2.17216,0.00949675,0.00949675,0.00949675
63,938.719,3.01274,3.69383,2.26888,0.10038,0.07447,0.02841,0.00621,3.1188,3.86409,2.21777,0.0094885,0.0094885,0.0094885
64,951.174,2.9662,3.6794,2.25982,0.10325,0.05106,0.02557,0.00509,3.14947,3.88896,2.22671,0.00948025,0.00948025,0.00948025
65,963.851,3.01511,3.68243,2.26559,0.10729,0.09362,0.03421,0.00758,3.07435,3.67235,2.17451,0.009472,0.009472,0.009472
66,976.645,2.96972,3.65033,2.25751,0.10781,0.07447,0.03002,0.00661,3.05993,3.79818,2.16912,0.00946375,0.00946375,0.00946375
67,989.43,2.96112,3.64201,2.24499,0.13572,0.09362,0.04203,0.0095,3.04415,3.74533,2.18994,0.0094555,0.0094555,0.0094555
68,1002.41,2.96924,3.6209,2.22966,0.11228,0.08936,0.03363,0.0072,3.07404,3.66818,2.19287,0.00944725,0.00944725,0.00944725
69,1015.2,2.97756,3.65395,2.24681,0.1198,0.08298,0.03335,0.00684,3.06842,3.78494,2.21415,0.009439,0.009439,0.009439
70,1027.95,2.94671,3.61155,2.22486,0.12532,0.1,0.03231,0.00701,3.11227,3.82514,2.17435,0.00943075,0.00943075,0.00943075
71,1040.75,2.95082,3.6255,2.22982,0.1159,0.09362,0.03672,0.00852,3.03169,3.73429,2.16226,0.0094225,0.0094225,0.0094225
72,1053.56,2.93781,3.61802,2.23719,0.1043,0.08298,0.03157,0.00716,3.05353,3.90203,2.16199,0.00941425,0.00941425,0.00941425
73,1066.4,2.92989,3.59173,2.23371,0.10933,0.07447,0.02971,0.00632,3.07153,3.76017,2.17683,0.009406,0.009406,0.009406
74,1079.18,2.91135,3.58186,2.20199,0.12488,0.0766,0.04023,0.00882,3.0385,3.70183,2.18118,0.00939775,0.00939775,0.00939775
75,1091.91,2.94136,3.58983,2.24167,0.11489,0.05319,0.03119,0.00645,3.1241,3.77147,2.20184,0.0093895,0.0093895,0.0093895
76,1104.69,2.93197,3.62557,2.22973,0.10731,0.05319,0.02868,0.00604,3.13135,3.85387,2.21648,0.00938125,0.00938125,0.00938125
77,1117.56,2.92271,3.58676,2.2252,0.11795,0.10413,0.04061,0.00934,3.00712,3.72441,2.16208,0.009373,0.009373,0.009373
78,1130.3,2.90706,3.58935,2.20586,0.11576,0.08298,0.03367,0.00789,3.02118,3.76224,2.14545,0.00936475,0.00936475,0.00936475
79,1142.98,2.92654,3.58687,2.22421,0.12621,0.1,0.03647,0.00802,3.06364,3.82131,2.16285,0.0093565,0.0093565,0.0093565
80,1155.66,2.88979,3.54511,2.23208,0.10948,0.11064,0.03908,0.00935,2.9965,3.60851,2.13417,0.00934825,0.00934825,0.00934825
81,1168.49,2.88889,3.54764,2.20413,0.10937,0.07447,0.03817,0.00791,3.00278,3.71328,2.15965,0.00934,0.00934,0.00934
82,1181.38,2.85591,3.55092,2.20449,0.11887,0.11915,0.03714,0.00817,3.02858,3.69789,2.17537,0.00933175,0.00933175,0.00933175
83,1194.21,2.88417,3.51963,2.22123,0.09708,0.11277,0.0384,0.01017,3.01877,3.66182,2.18892,0.0093235,0.0093235,0.0093235
84,1207.21,2.89143,3.53769,2.19377,0.11726,0.08677,0.04541,0.01012,2.99738,3.591,2.14275,0.00931525,0.00931525,0.00931525
85,1220.15,2.84936,3.51579,2.18545,0.12417,0.12128,0.03658,0.00834,2.98873,3.59765,2.1371,0.009307,0.009307,0.009307
86,1232.86,2.86972,3.52296,2.18474,0.15965,0.06383,0.04104,0.0096,2.99666,3.64314,2.15914,0.00929875,0.00929875,0.00929875
87,1245.58,2.85102,3.50141,2.16598,0.15179,0.11064,0.04878,0.01018,2.98845,3.56214,2.13079,0.0092905,0.0092905,0.0092905
88,1258.58,2.86387,3.50764,2.17436,0.1327,0.10213,0.04531,0.00962,2.9737,3.58237,2.12383,0.00928225,0.00928225,0.00928225
89,1271.25,2.85752,3.46672,2.1921,0.12443,0.1234,0.04454,0.00955,2.97885,3.61197,2.15283,0.009274,0.009274,0.009274
90,1283.85,2.84074,3.48777,2.16994,0.13841,0.0766,0.04575,0.00966,3.05198,3.61813,2.1506,0.00926575,0.00926575,0.00926575
91,1296.49,2.83378,3.49985,2.16946,0.1415,0.12553,0.04997,0.01144,2.97746,3.5582,2.15405,0.0092575,0.0092575,0.0092575
92,1309.53,2.85084,3.45587,2.16502,0.13585,0.11915,0.05241,0.01322,2.9292,3.55149,2.13031,0.00924925,0.00924925,0.00924925
93,1322.58,2.8299,3.45938,2.16872,0.11765,0.12553,0.04428,0.01099,2.99591,3.67375,2.14515,0.009241,0.009241,0.009241
94,1335.33,2.79443,3.40695,2.1714,0.14515,0.1234,0.05025,0.01063,3.01919,3.60354,2.16148,0.00923275,0.00923275,0.00923275
95,1348.12,2.83931,3.4408,2.18319,0.12291,0.13191,0.04796,0.01144,2.93138,3.50785,2.11902,0.0092245,0.0092245,0.0092245
96,1360.97,2.82969,3.40904,2.16555,0.12155,0.12979,0.04694,0.01113,2.95259,3.55621,2.14183,0.00921625,0.00921625,0.00921625
97,1373.74,2.80017,3.4191,2.12832,0.1304,0.12571,0.04888,0.01191,2.9167,3.49327,2.12535,0.009208,0.009208,0.009208
98,1386.41,2.81804,3.42048,2.16505,0.13902,0.11489,0.03945,0.00909,2.97463,3.53891,2.12811,0.00919975,0.00919975,0.00919975
99,1399.23,2.79514,3.44993,2.14636,0.11891,0.11702,0.04752,0.01116,2.93729,3.52105,2.11195,0.0091915,0.0091915,0.0091915
100,1412.05,2.8011,3.40968,2.13343,0.11143,0.11259,0.04341,0.01047,2.99594,3.59695,2.16768,0.00918325,0.00918325,0.00918325
101,1424.85,2.81904,3.42103,2.14503,0.15422,0.12553,0.06381,0.01551,2.90747,3.50387,2.12675,0.009175,0.009175,0.009175
102,1437.87,2.77587,3.41296,2.15216,0.15359,0.14043,0.0594,0.01335,2.9058,3.52064,2.12275,0.00916675,0.00916675,0.00916675
103,1450.63,2.77515,3.36204,2.1328,0.16037,0.13404,0.06094,0.01457,2.90242,3.45339,2.11991,0.0091585,0.0091585,0.0091585
104,1463.38,2.76938,3.36016,2.13286,0.1401,0.13191,0.05483,0.01214,2.92966,3.48771,2.12571,0.00915025,0.00915025,0.00915025
105,1476.14,2.78121,3.3918,2.14507,0.14518,0.11277,0.04837,0.01252,3.05461,3.50114,2.15324,0.009142,0.009142,0.009142
106,1488.87,2.77593,3.39353,2.16429,0.14416,0.1383,0.06316,0.01453,2.92577,3.45491,2.09818,0.00913375,0.00913375,0.00913375
107,1501.74,2.75216,3.3858,2.12971,0.14258,0.12553,0.06034,0.01546,2.85491,3.44983,2.10047,0.0091255,0.0091255,0.0091255
108,1514.57,2.7706,3.40917,2.13965,0.16143,0.11915,0.06834,0.01449,2.93107,3.46436,2.12355,0.00911725,0.00911725,0.00911725
109,1527.31,2.74704,3.3834,2.10608,0.14962,0.11915,0.05689,0.01299,2.9219,3.51372,2.13739,0.009109,0.009109,0.009109
110,1540.04,2.75354,3.3833,2.12184,0.14174,0.11277,0.05177,0.01241,2.89667,3.52556,2.12144,0.00910075,0.00910075,0.00910075
111,1552.75,2.76851,3.34275,2.12638,0.13473,0.14255,0.05623,0.01321,2.89184,3.48539,2.11098,0.0090925,0.0090925,0.0090925
112,1565.53,2.74159,3.33464,2.11061,0.15655,0.14255,0.0607,0.01552,2.85661,3.42736,2.09658,0.00908425,0.00908425,0.00908425
113,1578.24,2.73028,3.32846,2.13362,0.13199,0.14043,0.05127,0.01203,2.89093,3.44529,2.10537,0.009076,0.009076,0.009076
114,1591.02,2.76761,3.3454,2.11442,0.18212,0.12553,0.0715,0.01552,2.87997,3.43829,2.10858,0.00906775,0.00906775,0.00906775
115,1604.05,2.74632,3.33725,2.0852,0.17082,0.13404,0.06597,0.01558,2.87336,3.435,2.08595,0.0090595,0.0090595,0.0090595
116,1616.79,2.75635,3.3485,2.12305,0.15661,0.14043,0.0617,0.01458,2.8988,3.42965,2.11272,0.00905125,0.00905125,0.00905125
117,1629.64,2.74224,3.33525,2.1245,0.16558,0.15106,0.07227,0.01704,2.88329,3.49581,2.10276,0.009043,0.009043,0.009043
118,1642.66,2.72874,3.34063,2.12589,0.1488,0.1234,0.05771,0.01366,2.84189,3.41729,2.08662,0.00903475,0.00903475,0.00903475
119,1655.33,2.74115,3.31186,2.1137,0.13787,0.13617,0.05569,0.01228,2.90984,3.4711,2.12713,0.0090265,0.0090265,0.0090265
120,1668.12,2.73098,3.34494,2.11797,0.15135,0.14468,0.0614,0.01494,2.85527,3.42699,2.08749,0.00901825,0.00901825,0.00901825
121,1680.92,2.72814,3.30729,2.11994,0.14619,0.15745,0.06795,0.01646,2.86103,3.42303,2.08457,0.00901,0.00901,0.00901
122,1693.69,2.74,3.31242,2.09016,0.13873,0.14255,0.06269,0.01459,2.83677,3.41486,2.06624,0.00900175,0.00900175,0.00900175
123,1706.52,2.75066,3.31557,2.11318,0.14936,0.1617,0.07025,0.01514,2.8988,3.39612,2.09795,0.0089935,0.0089935,0.0089935
124,1719.08,2.69599,3.29601,2.09342,0.15657,0.1383,0.0721,0.01745,2.86213,3.38657,2.07788,0.00898525,0.00898525,0.00898525
125,1732.17,2.76401,3.34881,2.13729,0.16112,0.16142,0.07099,0.01511,2.85454,3.34579,2.05094,0.008977,0.008977,0.008977
126,1744.92,2.70582,3.29067,2.08727,0.13469,0.12979,0.06905,0.0164,2.83717,3.39733,2.05101,0.00896875,0.00896875,0.00896875
127,1757.7,2.68198,3.26097,2.08064,0.15232,0.14255,0.07147,0.01764,2.81771,3.32752,2.06197,0.0089605,0.0089605,0.0089605
128,1770.56,2.71351,3.30755,2.10034,0.14633,0.15319,0.06954,0.01822,2.80943,3.36872,2.0757,0.00895225,0.00895225,0.00895225
129,1783.46,2.70591,3.30649,2.09759,0.16101,0.15319,0.07385,0.01825,2.86435,3.38851,2.06643,0.008944,0.008944,0.008944
130,1796.45,2.69785,3.28293,2.08196,0.15308,0.15532,0.06936,0.01721,2.82716,3.41034,2.07475,0.00893575,0.00893575,0.00893575
131,1809.23,2.67,3.24266,2.05726,0.17149,0.15745,0.08183,0.01885,2.77888,3.34493,2.04935,0.0089275,0.0089275,0.0089275
132,1822.27,2.67581,3.26839,2.08656,0.15299,0.1617,0.08104,0.02044,2.80321,3.33588,2.04344,0.00891925,0.00891925,0.00891925
133,1835.27,2.67391,3.31571,2.09802,0.15492,0.16596,0.07112,0.01701,2.79079,3.37067,2.04407,0.008911,0.008911,0.008911
134,1847.73,2.66126,3.2896,2.06899,0.14215,0.14681,0.07462,0.01852,2.78919,3.31866,2.06355,0.00890275,0.00890275,0.00890275
135,1860.54,2.65271,3.26532,2.08464,0.13927,0.1617,0.0688,0.01663,2.8763,3.40844,2.10023,0.0088945,0.0088945,0.0088945
136,1873.31,2.68955,3.25922,2.07474,0.16895,0.17447,0.07527,0.01634,2.83551,3.37013,2.05528,0.00888625,0.00888625,0.00888625
137,1886.1,2.67008,3.26165,2.06247,0.17385,0.14468,0.07723,0.01844,2.7869,3.36736,2.06601,0.008878,0.008878,0.008878
138,1898.7,2.66405,3.28993,2.06166,0.16433,0.15957,0.07384,0.01707,2.80549,3.3283,2.07925,0.00886975,0.00886975,0.00886975
139,1911.15,2.67574,3.213,2.07958,0.14302,0.15532,0.0656,0.01626,2.79886,3.37606,2.03953,0.0088615,0.0088615,0.0088615
140,1923.93,2.65575,3.24123,2.07054,0.15808,0.17872,0.07174,0.0175,2.80182,3.32048,2.05464,0.00885325,0.00885325,0.00885325
141,1936.75,2.64935,3.20387,2.05897,0.15772,0.18085,0.07172,0.01734,2.81325,3.41689,2.09311,0.008845,0.008845,0.008845
142,1949.45,2.62184,3.20718,2.05495,0.18574,0.17447,0.10273,0.02407,2.76129,3.31822,2.07232,0.00883675,0.00883675,0.00883675
143,1962.55,2.62,3.24013,2.05167,0.14507,0.17021,0.07392,0.01673,2.812,3.32522,2.08167,0.0088285,0.0088285,0.0088285
144,1975.34,2.63498,3.21618,2.06432,0.15456,0.15106,0.07763,0.01996,2.75102,3.27511,2.04113,0.00882025,0.00882025,0.00882025
145,1988.11,2.62912,3.2084,2.06829,0.18618,0.18723,0.0885,0.02116,2.75328,3.28879,2.04355,0.008812,0.008812,0.008812
146,2000.86,2.66645,3.25508,2.07962,0.1827,0.18511,0.07599,0.01926,2.79278,3.26562,2.05899,0.00880375,0.00880375,0.00880375
147,2013.62,2.60673,3.21594,2.04653,0.15317,0.15957,0.07662,0.01924,2.78461,3.27029,2.06259,0.0087955,0.0087955,0.0087955
148,2026.37,2.62424,3.1988,2.06574,0.12819,0.14043,0.0624,0.0158,2.88102,3.38838,2.10552,0.00878725,0.00878725,0.00878725
149,2039.11,2.64542,3.24695,2.05503,0.13669,0.16809,0.06926,0.01678,2.77367,3.30297,2.0612,0.008779,0.008779,0.008779
150,2051.97,2.63201,3.2143,2.05473,0.19354,0.19787,0.09839,0.02451,2.72904,3.2579,2.05365,0.00877075,0.00877075,0.00877075
151,2064.67,2.62374,3.17805,2.05324,0.17678,0.2,0.08458,0.02165,2.80158,3.19177,2.05954,0.0087625,0.0087625,0.0087625
152,2077.26,2.6155,3.22233,2.02614,0.14639,0.14924,0.0837,0.02058,2.78304,3.2633,2.05962,0.00875425,0.00875425,0.00875425
153,2090.02,2.57381,3.1578,2.03792,0.177,0.19787,0.08968,0.02301,2.74243,3.26476,2.04463,0.008746,0.008746,0.008746
154,2102.78,2.57677,3.21305,2.03595,0.18113,0.19342,0.09235,0.02273,2.71612,3.24876,2.05357,0.00873775,0.00873775,0.00873775
155,2115.5,2.60716,3.19688,2.04574,0.16908,0.16596,0.08362,0.02282,2.71858,3.23417,2.02989,0.0087295,0.0087295,0.0087295
156,2128.33,2.5959,3.16121,2.03878,0.15908,0.17234,0.07679,0.02039,2.77471,3.29358,2.04608,0.00872125,0.00872125,0.00872125
157,2141.16,2.60172,3.17472,2.04021,0.18984,0.18085,0.08865,0.02417,2.73873,3.24846,2.02085,0.008713,0.008713,0.008713
158,2153.88,2.61489,3.18666,2.0391,0.19288,0.16809,0.09576,0.02407,2.71445,3.29024,2.02859,0.00870475,0.00870475,0.00870475
159,2166.54,2.59175,3.17151,2.02093,0.20413,0.15532,0.09145,0.02204,2.75713,3.22535,2.0472,0.0086965,0.0086965,0.0086965
160,2179.15,2.61984,3.20788,2.03023,0.18328,0.16383,0.08935,0.02412,2.7311,3.242,2.0417,0.00868825,0.00868825,0.00868825
161,2191.79,2.5765,3.20331,2.01179,0.18519,0.18511,0.09105,0.02451,2.73605,3.25757,2.02328,0.00868,0.00868,0.00868
162,2204.59,2.59064,3.13275,2.04114,0.18979,0.15957,0.09589,0.02477,2.76002,3.28621,2.05719,0.00867175,0.00867175,0.00867175
163,2217.25,2.61029,3.17753,2.03152,0.19546,0.18298,0.09949,0.027,2.76061,3.18897,2.04696,0.0086635,0.0086635,0.0086635
164,2230.2,2.55,3.15678,2.01894,0.16586,0.1617,0.08528,0.02227,2.75399,3.23335,2.05342,0.00865525,0.00865525,0.00865525
165,2242.93,2.58055,3.17341,2.04759,0.21052,0.15957,0.10675,0.02704,2.73638,3.23025,2.04795,0.008647,0.008647,0.008647
166,2255.78,2.57784,3.1469,2.01353,0.23227,0.17895,0.10579,0.02504,2.74188,3.20537,2.05307,0.00863875,0.00863875,0.00863875
167,2268.4,2.59458,3.15843,2.03114,0.19485,0.16809,0.10032,0.02546,2.72265,3.22093,2.02541,0.0086305,0.0086305,0.0086305
168,2281.03,2.54142,3.12239,2.01682,0.18993,0.17447,0.09599,0.02555,2.73738,3.25753,2.05457,0.00862225,0.00862225,0.00862225
169,2293.87,2.59491,3.15412,2.01537,0.22608,0.17021,0.10934,0.02779,2.76053,3.2787,2.04561,0.008614,0.008614,0.008614
170,2306.89,2.56513,3.11055,2.01358,0.21102,0.15745,0.10084,0.02623,2.70975,3.18065,2.01368,0.00860575,0.00860575,0.00860575
171,2319.75,2.57364,3.0957,2.03202,0.22819,0.18116,0.11746,0.03089,2.74691,3.1676,2.02908,0.0085975,0.0085975,0.0085975
172,2332.78,2.59388,3.14755,2.02862,0.18419,0.14468,0.08903,0.02319,2.73046,3.22242,2.04835,0.00858925,0.00858925,0.00858925
173,2345.4,2.57741,3.15543,1.99896,0.20455,0.15745,0.10531,0.02707,2.73204,3.18285,2.0304,0.008581,0.008581,0.008581
174,2358.18,2.56725,3.14506,2.00019,0.19598,0.16383,0.10366,0.02668,2.72916,3.18383,2.02929,0.00857275,0.00857275,0.00857275
175,2370.91,2.52861,3.10319,2.01627,0.18001,0.18298,0.08981,0.02318,2.69072,3.20525,2.04596,0.0085645,0.0085645,0.0085645
176,2383.62,2.53766,3.09439,2.00716,0.20531,0.1693,0.11447,0.03002,2.71261,3.16809,2.03094,0.00855625,0.00855625,0.00855625
177,2396.42,2.56621,3.09911,2.00868,0.17253,0.18298,0.09947,0.02777,2.70215,3.17862,2.01255,0.008548,0.008548,0.008548
178,2409.2,2.52452,3.09191,1.9989,0.20828,0.17872,0.10399,0.0261,2.71865,3.20731,2.0375,0.00853975,0.00853975,0.00853975
179,2422.04,2.53158,3.08577,1.98999,0.21707,0.17872,0.10601,0.02822,2.7004,3.16915,2.01476,0.0085315,0.0085315,0.0085315
180,2434.69,2.51989,3.0788,1.99492,0.19388,0.15957,0.08787,0.0222,2.69761,3.19406,2.02906,0.00852325,0.00852325,0.00852325
181,2447.44,2.51473,3.0778,1.98426,0.17397,0.17234,0.09754,0.0274,2.68007,3.14385,2.03491,0.008515,0.008515,0.008515
182,2460.19,2.54922,3.10556,2.00945,0.18917,0.15957,0.11142,0.03053,2.67982,3.14269,2.02354,0.00850675,0.00850675,0.00850675
183,2472.76,2.51914,3.05543,2.00195,0.22854,0.17234,0.11131,0.02957,2.69175,3.14223,2.03947,0.0084985,0.0084985,0.0084985
184,2485.4,2.54435,3.05851,1.98971,0.23061,0.16383,0.10421,0.02897,2.73209,3.14559,2.03053,0.00849025,0.00849025,0.00849025
185,2498.02,2.52519,3.09415,1.9848,0.19746,0.1617,0.09487,0.02721,2.70624,3.15214,2.00815,0.008482,0.008482,0.008482
186,2510.79,2.51143,3.07918,1.99513,0.22797,0.17021,0.11821,0.03495,2.68623,3.13451,2.01649,0.00847375,0.00847375,0.00847375
187,2523.84,2.52952,3.0839,2.00434,0.22239,0.15319,0.12332,0.03523,2.72589,3.14481,2.0524,0.0084655,0.0084655,0.0084655
188,2536.83,2.51403,3.07132,1.96557,0.22781,0.1617,0.12259,0.03412,2.69124,3.11708,2.01102,0.00845725,0.00845725,0.00845725
189,2549.37,2.51559,3.05222,2.00559,0.22131,0.17447,0.11893,0.03166,2.72948,3.15529,2.04537,0.008449,0.008449,0.008449
190,2562.1,2.52703,3.07252,2.00358,0.22678,0.2,0.11794,0.03268,2.69301,3.12931,2.03346,0.00844075,0.00844075,0.00844075
191,2574.97,2.49864,3.0518,1.98088,0.24486,0.18085,0.12048,0.03135,2.69944,3.09773,2.01975,0.0084325,0.0084325,0.0084325
192,2587.72,2.52884,3.06406,1.98876,0.22348,0.19362,0.125,0.03431,2.68719,3.08398,2.02361,0.00842425,0.00842425,0.00842425
193,2600.44,2.49427,3.04401,1.97883,0.24339,0.17234,0.12645,0.03665,2.6711,3.11155,2.03076,0.008416,0.008416,0.008416
194,2613.49,2.49748,3.04184,1.98012,0.23438,0.20426,0.13526,0.04029,2.67701,3.088,2.02214,0.00840775,0.00840775,0.00840775
195,2626.48,2.56064,3.0529,1.99665,0.296,0.19574,0.1448,0.04161,2.64879,3.03625,2.00236,0.0083995,0.0083995,0.0083995
196,2639.55,2.49396,3.04757,1.97583,0.28428,0.1766,0.13659,0.03656,2.65322,3.11055,2.01067,0.00839125,0.00839125,0.00839125
197,2652.26,2.51502,3.02434,1.97773,0.26308,0.18298,0.14403,0.03964,2.65911,3.08352,1.9948,0.008383,0.008383,0.008383
198,2665.05,2.47229,3.00986,1.9643,0.27829,0.19787,0.14595,0.04159,2.6509,3.0403,2.00231,0.00837475,0.00837475,0.00837475
199,2678.15,2.49909,3.05175,1.9813,0.22519,0.20638,0.12762,0.0334,2.63709,3.05971,1.99688,0.0083665,0.0083665,0.0083665
200,2690.9,2.49925,3.0344,1.97735,0.20578,0.20213,0.11572,0.03483,2.65592,3.09316,2.00184,0.00835825,0.00835825,0.00835825
201,2703.69,2.47207,3.01315,1.96125,0.24929,0.18085,0.11975,0.03379,2.6336,3.0476,1.97614,0.00835,0.00835,0.00835
202,2716.41,2.47785,2.9952,1.98397,0.26155,0.18723,0.13151,0.03468,2.65152,3.0612,1.99881,0.00834175,0.00834175,0.00834175
203,2729.16,2.50174,3.02779,1.97422,0.24519,0.17447,0.12599,0.03348,2.64415,3.08406,1.99577,0.0083335,0.0083335,0.0083335
204,2741.9,2.4784,3.03569,1.96044,0.24462,0.17021,0.12711,0.03434,2.65911,3.12597,1.99842,0.00832525,0.00832525,0.00832525
205,2754.67,2.46687,2.97594,1.97128,0.25457,0.19149,0.14291,0.04157,2.63535,3.02496,1.98503,0.008317,0.008317,0.008317
206,2767.43,2.46418,2.97077,1.95406,0.24067,0.20905,0.1337,0.03845,2.67638,3.02582,2.00588,0.00830875,0.00830875,0.00830875
207,2780.07,2.47683,3.00329,1.96187,0.24318,0.18511,0.14118,0.04319,2.61028,3.0178,1.9883,0.0083005,0.0083005,0.0083005
208,2793.13,2.43477,2.94629,1.92963,0.23622,0.18723,0.14162,0.03799,2.63099,3.03682,1.99543,0.00829225,0.00829225,0.00829225
209,2805.96,2.45172,2.97976,1.96127,0.24542,0.19787,0.13641,0.04324,2.60754,3.03624,1.98415,0.008284,0.008284,0.008284
210,2818.75,2.46567,2.99202,1.95255,0.25641,0.18562,0.14532,0.04297,2.62349,3.01394,1.99214,0.00827575,0.00827575,0.00827575
211,2831.78,2.45597,2.96541,1.95883,0.27836,0.19574,0.15535,0.04804,2.59441,3.00986,1.97453,0.0082675,0.0082675,0.0082675
212,2844.8,2.46132,2.99688,1.95511,0.31246,0.17018,0.15219,0.04811,2.57941,3.01562,1.97393,0.00825925,0.00825925,0.00825925
213,2857.63,2.4507,2.98889,1.94844,0.26199,0.19362,0.15581,0.04418,2.58447,3.03779,1.97508,0.008251,0.008251,0.008251
214,2870.39,2.46297,2.95027,1.9405,0.26377,0.20851,0.15181,0.04838,2.57735,2.99818,1.97493,0.00824275,0.00824275,0.00824275
215,2883.13,2.44342,2.94081,1.92837,0.25203,0.20213,0.14659,0.04364,2.6134,3.02298,1.99697,0.0082345,0.0082345,0.0082345
216,2895.8,2.46494,2.96601,1.96344,0.29571,0.19787,0.15013,0.04524,2.63332,2.99044,2.00107,0.00822625,0.00822625,0.00822625
217,2908.46,2.41692,2.92196,1.92926,0.2992,0.2,0.16422,0.04869,2.61267,2.98,1.97081,0.008218,0.008218,0.008218
218,2921.51,2.47091,2.99895,1.95637,0.28764,0.18723,0.16206,0.04679,2.60739,3.00799,1.9948,0.00820975,0.00820975,0.00820975
219,2934.13,2.41685,2.9493,1.93755,0.29264,0.20851,0.15427,0.0462,2.60403,2.95453,1.98457,0.0082015,0.0082015,0.0082015
220,2946.9,2.45109,2.99246,1.94659,0.24661,0.2,0.13437,0.04367,2.61014,2.98764,1.97957,0.00819325,0.00819325,0.00819325
221,2959.72,2.41002,2.91072,1.95093,0.23255,0.20213,0.14019,0.04036,2.59766,2.97795,1.97554,0.008185,0.008185,0.008185
222,2972.59,2.44314,2.96143,1.93646,0.23981,0.20851,0.1445,0.04698,2.59504,2.97166,1.97548,0.00817675,0.00817675,0.00817675
223,2985.27,2.44675,2.93032,1.94594,0.24471,0.20851,0.16832,0.0479,2.59066,2.99285,1.97108,0.0081685,0.0081685,0.0081685
224,2998.01,2.44478,2.93702,1.93965,0.23903,0.20426,0.14735,0.04365,2.57118,2.98438,1.96522,0.00816025,0.00816025,0.00816025
225,3010.73,2.40048,2.90901,1.94008,0.27381,0.2,0.16579,0.04704,2.59137,2.98632,2.00619,0.008152,0.008152,0.008152
226,3023.52,2.44312,2.96276,1.94135,0.29778,0.21064,0.16665,0.04599,2.5933,2.96629,1.9969,0.00814375,0.00814375,0.00814375
227,3036.24,2.39665,2.88147,1.93168,0.25239,0.19787,0.154,0.04568,2.57926,2.97221,1.97055,0.0081355,0.0081355,0.0081355
228,3048.96,2.38427,2.88223,1.89915,0.27907,0.19574,0.15927,0.0476,2.5797,2.96842,1.96996,0.00812725,0.00812725,0.00812725
229,3061.69,2.40643,2.94514,1.93229,0.27066,0.21064,0.15825,0.04808,2.57421,2.98728,1.98535,0.008119,0.008119,0.008119
230,3074.42,2.40043,2.89599,1.92132,0.24782,0.20426,0.15369,0.04646,2.58859,2.95975,1.98137,0.00811075,0.00811075,0.00811075
231,3087.18,2.40589,2.88768,1.91447,0.26273,0.20851,0.1629,0.04947,2.57183,2.96023,1.9976,0.0081025,0.0081025,0.0081025
232,3100.11,2.39249,2.85624,1.89538,0.25466,0.2234,0.16228,0.05181,2.57052,2.97459,1.9932,0.00809425,0.00809425,0.00809425
233,3113.05,2.4136,2.92328,1.9174,0.29004,0.22553,0.16288,0.04986,2.58633,2.93568,1.98622,0.008086,0.008086,0.008086
234,3125.78,2.37657,2.87416,1.92165,0.3257,0.20851,0.18062,0.05348,2.5706,2.89339,1.9854,0.00807775,0.00807775,0.00807775
235,3138.78,2.4055,2.88271,1.92843,0.27369,0.21064,0.16742,0.05,2.5837,2.91314,2.00042,0.0080695,0.0080695,0.0080695
236,3151.54,2.37914,2.87954,1.90545,0.28269,0.19574,0.17326,0.05789,2.55948,2.90306,1.9725,0.00806125,0.00806125,0.00806125
237,3164.68,2.40463,2.8888,1.91603,0.25948,0.19149,0.15443,0.04954,2.5789,2.90879,1.9771,0.008053,0.008053,0.008053
238,3177.45,2.41331,2.85879,1.9063,0.27898,0.22553,0.16591,0.05299,2.54254,2.8818,1.95333,0.00804475,0.00804475,0.00804475
239,3189.95,2.32533,2.85494,1.88863,0.2728,0.22269,0.16907,0.05469,2.54207,2.87614,1.98112,0.0080365,0.0080365,0.0080365
240,3202.53,2.35672,2.88773,1.90511,0.23065,0.21489,0.15724,0.05194,2.58096,2.90306,1.99054,0.00802825,0.00802825,0.00802825
241,3215.17,2.39654,2.89235,1.9193,0.25072,0.22766,0.16429,0.05208,2.56512,2.87416,1.97932,0.00802,0.00802,0.00802
242,3227.92,2.36653,2.84173,1.89314,0.32342,0.20426,0.17691,0.05663,2.54316,2.88744,1.97028,0.00801175,0.00801175,0.00801175
243,3240.65,2.37196,2.85508,1.92287,0.23342,0.20426,0.1498,0.0512,2.60414,2.93173,1.98394,0.0080035,0.0080035,0.0080035
244,3253.38,2.36027,2.82671,1.89332,0.26014,0.21702,0.16383,0.05393,2.53943,2.91264,1.98306,0.00799525,0.00799525,0.00799525
245,3266.06,2.3666,2.86445,1.91918,0.29885,0.21702,0.18644,0.05648,2.55127,2.86323,1.9734,0.007987,0.007987,0.007987
246,3279.02,2.33794,2.81382,1.88107,0.31012,0.22766,0.18117,0.0594,2.55024,2.86749,1.95091,0.00797875,0.00797875,0.00797875
247,3291.94,2.33357,2.8197,1.89513,0.30134,0.22979,0.18564,0.06149,2.5541,2.84715,1.98658,0.0079705,0.0079705,0.0079705
248,3304.79,2.355,2.85964,1.9003,0.32699,0.21489,0.17817,0.06065,2.51356,2.85613,1.95099,0.00796225,0.00796225,0.00796225
249,3317.51,2.34938,2.82064,1.8726,0.33239,0.20851,0.18837,0.06247,2.52207,2.85475,1.94079,0.007954,0.007954,0.007954
250,3330.43,2.35705,2.84827,1.89637,0.35688,0.19787,0.19062,0.05911,2.52218,2.86766,1.96499,0.00794575,0.00794575,0.00794575
251,3343.18,2.33721,2.83388,1.8861,0.33183,0.23774,0.19401,0.06154,2.52855,2.83996,1.94782,0.0079375,0.0079375,0.0079375
252,3355.98,2.34076,2.84182,1.91804,0.33428,0.23617,0.19409,0.0609,2.53807,2.86955,1.96351,0.00792925,0.00792925,0.00792925
253,3368.72,2.34136,2.83243,1.89646,0.28675,0.22553,0.17058,0.05615,2.50186,2.86166,1.95512,0.007921,0.007921,0.007921
254,3381.43,2.32545,2.82696,1.88059,0.28207,0.21915,0.17388,0.05348,2.51446,2.8682,1.95007,0.00791275,0.00791275,0.00791275
255,3394.06,2.35138,2.84239,1.88536,0.29363,0.2388,0.16887,0.05787,2.46667,2.82826,1.95275,0.0079045,0.0079045,0.0079045
256,3406.72,2.28301,2.76347,1.86588,0.30788,0.24043,0.18262,0.06222,2.49863,2.82958,1.94375,0.00789625,0.00789625,0.00789625
257,3419.47,2.34321,2.80298,1.88805,0.33862,0.2383,0.17969,0.05932,2.47685,2.82019,1.94328,0.007888,0.007888,0.007888
258,3432.08,2.34664,2.83258,1.88488,0.30762,0.2234,0.18685,0.06214,2.50664,2.85761,1.96785,0.00787975,0.00787975,0.00787975
259,3444.61,2.33905,2.81161,1.89561,0.31613,0.25745,0.17818,0.0583,2.51215,2.8432,1.94301,0.0078715,0.0078715,0.0078715
260,3457.34,2.32724,2.75613,1.86975,0.27155,0.2234,0.18092,0.05904,2.49468,2.80642,1.92831,0.00786325,0.00786325,0.00786325
261,3470.01,2.28638,2.73171,1.84899,0.3403,0.20851,0.18894,0.0652,2.46607,2.78533,1.93442,0.007855,0.007855,0.007855
262,3482.9,2.33888,2.80857,1.8629,0.35428,0.20638,0.18401,0.06238,2.48027,2.83202,1.94044,0.00784675,0.00784675,0.00784675
263,3495.66,2.30637,2.77604,1.85434,0.32097,0.21064,0.19722,0.0676,2.47831,2.78922,1.93945,0.0078385,0.0078385,0.0078385
264,3508.7,2.30417,2.7391,1.8488,0.33868,0.23404,0.18533,0.06082,2.50321,2.81033,1.95198,0.00783025,0.00783025,0.00783025
265,3521.47,2.31693,2.75022,1.85554,0.34148,0.2328,0.19354,0.06241,2.48705,2.8255,1.93455,0.007822,0.007822,0.007822
266,3534.2,2.29473,2.74351,1.84549,0.3106,0.2234,0.20104,0.06686,2.49342,2.84175,1.94544,0.00781375,0.00781375,0.00781375
267,3546.64,2.29623,2.74439,1.86128,0.30321,0.2234,0.18107,0.06327,2.474,2.82641,1.9336,0.0078055,0.0078055,0.0078055
268,3559.16,2.29193,2.74314,1.84746,0.30108,0.23617,0.18203,0.06071,2.46502,2.81742,1.92354,0.00779725,0.00779725,0.00779725
269,3571.84,2.28057,2.74332,1.85704,0.30384,0.24681,0.18928,0.0632,2.45658,2.80426,1.92112,0.007789,0.007789,0.007789
270,3584.43,2.2926,2.73436,1.86005,0.39764,0.24681,0.21387,0.06828,2.4691,2.78896,1.92052,0.00778075,0.00778075,0.00778075
271,3597.24,2.27902,2.72582,1.84705,0.36661,0.24894,0.2061,0.06726,2.49379,2.7701,1.94346,0.0077725,0.0077725,0.0077725
272,3609.81,2.28804,2.7225,1.85302,0.35337,0.22905,0.18409,0.06158,2.48641,2.77482,1.93584,0.00776425,0.00776425,0.00776425
273,3622.53,2.29771,2.73767,1.86077,0.37369,0.22979,0.19748,0.06425,2.49668,2.77108,1.91459,0.007756,0.007756,0.007756
274,3635.28,2.28446,2.6872,1.83799,0.29822,0.23404,0.19512,0.0657,2.49439,2.76698,1.92493,0.00774775,0.00774775,0.00774775
275,3648.09,2.30402,2.70398,1.84461,0.25223,0.24894,0.17552,0.05924,2.46812,2.78212,1.91976,0.0077395,0.0077395,0.0077395
276,3660.69,2.27882,2.68763,1.84003,0.27811,0.26383,0.18942,0.06595,2.43398,2.76501,1.91676,0.00773125,0.00773125,0.00773125
277,3673.44,2.28723,2.6975,1.84762,0.29733,0.24894,0.1922,0.06643,2.43075,2.76187,1.89822,0.007723,0.007723,0.007723
278,3686.21,2.29519,2.70477,1.83494,0.32719,0.24043,0.18965,0.06581,2.43035,2.75438,1.91348,0.00771475,0.00771475,0.00771475
279,3698.88,2.25323,2.68366,1.81328,0.31142,0.24153,0.19665,0.06673,2.40526,2.73186,1.8971,0.0077065,0.0077065,0.0077065
280,3711.63,2.26477,2.69181,1.85276,0.35243,0.24681,0.21244,0.0716,2.40828,2.7588,1.90417,0.00769825,0.00769825,0.00769825
281,3724.63,2.25152,2.64852,1.82521,0.2969,0.27872,0.21182,0.07007,2.44579,2.73323,1.92396,0.00769,0.00769,0.00769
282,3737.44,2.28197,2.70834,1.86755,0.3107,0.27021,0.21513,0.0674,2.42717,2.77224,1.91136,0.00768175,0.00768175,0.00768175
283,3750.34,2.2644,2.68951,1.82796,0.36384,0.22979,0.2171,0.07105,2.4383,2.74067,1.90667,0.0076735,0.0076735,0.0076735
284,3763.16,2.26314,2.67494,1.82861,0.33177,0.23617,0.21738,0.07305,2.44796,2.75276,1.90524,0.00766525,0.00766525,0.00766525
285,3776.19,2.25019,2.63071,1.83319,0.32664,0.25106,0.21769,0.0784,2.42544,2.72739,1.89228,0.007657,0.007657,0.007657
286,3789.12,2.25774,2.6676,1.84169,0.3214,0.26809,0.21736,0.07979,2.40519,2.72938,1.88829,0.00764875,0.00764875,0.00764875
287,3802.09,2.21641,2.65964,1.81534,0.40232,0.23918,0.21871,0.07814,2.4127,2.71253,1.91121,0.0076405,0.0076405,0.0076405
288,3814.88,2.24493,2.64696,1.82211,0.35753,0.26878,0.23098,0.07889,2.41835,2.70522,1.89635,0.00763225,0.00763225,0.00763225
289,3827.87,2.22778,2.63682,1.83223,0.33196,0.26596,0.23375,0.07996,2.41942,2.70686,1.89464,0.007624,0.007624,0.007624
290,3840.92,2.24929,2.63965,1.83533,0.3457,0.22766,0.22134,0.07653,2.43584,2.73029,1.92264,0.00761575,0.00761575,0.00761575
291,3853.7,2.2757,2.70139,1.821,0.30804,0.25957,0.21251,0.07412,2.41691,2.72518,1.91419,0.0076075,0.0076075,0.0076075
292,3866.44,2.21518,2.64505,1.79774,0.35919,0.25745,0.2236,0.08408,2.38184,2.71462,1.87034,0.00759925,0.00759925,0.00759925
293,3879.43,2.23761,2.62583,1.80603,0.40256,0.23617,0.23323,0.07866,2.40785,2.70401,1.90116,0.007591,0.007591,0.007591
294,3892.16,2.19687,2.61298,1.79489,0.32087,0.24043,0.21572,0.07875,2.41004,2.71464,1.8993,0.00758275,0.00758275,0.00758275
295,3904.78,2.21505,2.59237,1.78521,0.33385,0.22128,0.2091,0.07808,2.39079,2.69062,1.88388,0.0075745,0.0075745,0.0075745
296,3917.41,2.24356,2.64967,1.83578,0.35114,0.24681,0.21295,0.07564,2.37376,2.67754,1.88015,0.00756625,0.00756625,0.00756625
297,3930.2,2.21154,2.63325,1.8119,0.38439,0.24468,0.20816,0.07453,2.35244,2.68225,1.87246,0.007558,0.007558,0.007558
298,3942.94,2.18315,2.57615,1.78527,0.36808,0.2383,0.23296,0.08019,2.35531,2.65755,1.877,0.00754975,0.00754975,0.00754975
299,3955.77,2.21273,2.59341,1.7962,0.31206,0.25957,0.2228,0.08317,2.3539,2.63778,1.86396,0.0075415,0.0075415,0.0075415
300,3968.63,2.16994,2.59221,1.78801,0.32317,0.25745,0.21811,0.07772,2.38331,2.65571,1.88341,0.00753325,0.00753325,0.00753325
301,3981.44,2.22406,2.61627,1.82538,0.33119,0.27872,0.23272,0.08331,2.39167,2.65511,1.88437,0.007525,0.007525,0.007525
302,3994.54,2.21193,2.57683,1.7851,0.35776,0.26383,0.22898,0.08457,2.36218,2.6077,1.85923,0.00751675,0.00751675,0.00751675
303,4007.6,2.19298,2.54447,1.80016,0.36084,0.25957,0.23025,0.08314,2.39056,2.59703,1.86979,0.0075085,0.0075085,0.0075085
304,4020.38,2.22895,2.58901,1.78931,0.33834,0.27962,0.2242,0.07947,2.40156,2.65564,1.88492,0.00750025,0.00750025,0.00750025
305,4033.23,2.19292,2.5661,1.78868,0.30538,0.26596,0.22659,0.08298,2.37406,2.62368,1.88024,0.007492,0.007492,0.007492
306,4045.98,2.19361,2.52691,1.76924,0.37547,0.26596,0.24899,0.09247,2.37254,2.59682,1.86787,0.00748375,0.00748375,0.00748375
307,4059.05,2.21041,2.59541,1.79262,0.3727,0.28298,0.25496,0.09574,2.3377,2.62623,1.86159,0.0074755,0.0074755,0.0074755
308,4072.09,2.14815,2.51826,1.75471,0.34888,0.25106,0.23934,0.09241,2.33356,2.6444,1.86589,0.00746725,0.00746725,0.00746725
309,4084.76,2.19143,2.58107,1.79116,0.35111,0.25106,0.23624,0.08955,2.34484,2.62955,1.85928,0.007459,0.007459,0.007459
310,4097.32,2.1891,2.55491,1.78597,0.35891,0.27516,0.24894,0.09267,2.34192,2.61526,1.86369,0.00745075,0.00745075,0.00745075
311,4110.03,2.15935,2.50702,1.76257,0.35386,0.29149,0.24901,0.08838,2.33852,2.59599,1.86788,0.0074425,0.0074425,0.0074425
312,4122.22,2.18933,2.58053,1.78928,0.38253,0.27872,0.24556,0.08697,2.32388,2.60426,1.84715,0.00743425,0.00743425,0.00743425
313,4134.79,2.145,2.5011,1.7616,0.34053,0.29362,0.24028,0.08516,2.31361,2.58321,1.84295,0.007426,0.007426,0.007426
314,4147.59,2.16214,2.55293,1.7529,0.34625,0.27046,0.2451,0.09217,2.34198,2.58775,1.8596,0.00741775,0.00741775,0.00741775
315,4160.28,2.1582,2.49691,1.77795,0.33341,0.27243,0.23329,0.09192,2.34159,2.62235,1.85625,0.0074095,0.0074095,0.0074095
316,4173.04,2.16833,2.53061,1.76336,0.38531,0.25957,0.25026,0.09615,2.34915,2.61728,1.84046,0.00740125,0.00740125,0.00740125
317,4185.79,2.18597,2.50206,1.76244,0.38667,0.25532,0.24591,0.09593,2.34193,2.61756,1.85193,0.007393,0.007393,0.007393
318,4198.62,2.14818,2.51249,1.7683,0.36046,0.26809,0.24553,0.09456,2.34436,2.59934,1.85756,0.00738475,0.00738475,0.00738475
319,4211.41,2.14989,2.53632,1.75682,0.37482,0.28085,0.24393,0.09715,2.30133,2.56662,1.82618,0.0073765,0.0073765,0.0073765
320,4224.5,2.17119,2.53617,1.77684,0.39092,0.29362,0.24836,0.09479,2.31864,2.57904,1.84058,0.00736825,0.00736825,0.00736825
321,4237.31,2.13657,2.43349,1.75302,0.36608,0.29149,0.25014,0.09536,2.3265,2.62544,1.85683,0.00736,0.00736,0.00736
322,4250.08,2.174,2.46911,1.76079,0.36327,0.27872,0.2472,0.09309,2.33373,2.56413,1.83412,0.00735175,0.00735175,0.00735175
323,4262.86,2.14967,2.46548,1.76021,0.35877,0.28723,0.24968,0.09216,2.29706,2.56553,1.83459,0.0073435,0.0073435,0.0073435
324,4275.72,2.13965,2.48926,1.76739,0.38141,0.27234,0.25725,0.09684,2.28605,2.52234,1.84329,0.00733525,0.00733525,0.00733525
325,4288.73,2.13671,2.48314,1.766,0.39163,0.29037,0.26421,0.0969,2.30483,2.52942,1.83301,0.007327,0.007327,0.007327
326,4301.81,2.12792,2.45423,1.75097,0.37395,0.28298,0.26033,0.09554,2.31156,2.54953,1.84175,0.00731875,0.00731875,0.00731875
327,4314.55,2.14296,2.44752,1.75333,0.3436,0.28723,0.24791,0.09448,2.28926,2.55972,1.82119,0.0073105,0.0073105,0.0073105
328,4327.27,2.13706,2.42915,1.73234,0.33689,0.3,0.24469,0.09314,2.31533,2.54935,1.83055,0.00730225,0.00730225,0.00730225
329,4340.05,2.12496,2.45218,1.73407,0.32543,0.3,0.24627,0.09399,2.27067,2.54836,1.81422,0.007294,0.007294,0.007294
330,4352.86,2.11286,2.4253,1.73633,0.32608,0.29574,0.25477,0.09734,2.2934,2.53913,1.82795,0.00728575,0.00728575,0.00728575
331,4365.57,2.16041,2.48068,1.7618,0.37472,0.30213,0.2642,0.10056,2.28921,2.51643,1.81243,0.0072775,0.0072775,0.0072775
332,4378.62,2.12115,2.39327,1.73263,0.40913,0.25745,0.25896,0.10522,2.29254,2.51999,1.82565,0.00726925,0.00726925,0.00726925
333,4391.53,2.11092,2.42416,1.74091,0.40667,0.30426,0.28422,0.11213,2.31072,2.48337,1.83944,0.007261,0.007261,0.007261
334,4404.55,2.11822,2.43511,1.7318,0.43237,0.28298,0.27698,0.11039,2.29636,2.46463,1.83032,0.00725275,0.00725275,0.00725275
335,4417.32,2.11418,2.42386,1.72333,0.41235,0.29574,0.27901,0.10993,2.27171,2.47877,1.81725,0.0072445,0.0072445,0.0072445
336,4430.09,2.1361,2.40984,1.73175,0.40328,0.31915,0.29338,0.11771,2.25968,2.4606,1.80508,0.00723625,0.00723625,0.00723625
337,4443.14,2.12909,2.44667,1.73143,0.44347,0.31064,0.29353,0.11798,2.26412,2.45341,1.79628,0.007228,0.007228,0.007228
338,4456.2,2.10574,2.36381,1.73433,0.50751,0.27872,0.29966,0.11265,2.28603,2.45115,1.82191,0.00721975,0.00721975,0.00721975
339,4469,2.10422,2.38828,1.72093,0.40364,0.28945,0.2907,0.11194,2.27643,2.47822,1.8079,0.0072115,0.0072115,0.0072115
340,4481.78,2.10137,2.39798,1.7351,0.40267,0.32128,0.29288,0.1132,2.275,2.46104,1.80203,0.00720325,0.00720325,0.00720325
341,4494.57,2.08906,2.40883,1.72832,0.41031,0.31915,0.29313,0.12011,2.25767,2.4563,1.79113,0.007195,0.007195,0.007195
342,4507.67,2.07259,2.36571,1.7176,0.39484,0.31489,0.2815,0.11554,2.26037,2.43841,1.80551,0.00718675,0.00718675,0.00718675
343,4520.44,2.094,2.40788,1.73226,0.38504,0.30851,0.29109,0.11588,2.26266,2.43104,1.78691,0.0071785,0.0071785,0.0071785
344,4533.23,2.08144,2.34887,1.71171,0.38429,0.33404,0.30131,0.1191,2.25709,2.41125,1.78693,0.00717025,0.00717025,0.00717025
345,4546.02,2.09998,2.33056,1.71849,0.35529,0.33404,0.29386,0.11402,2.2696,2.41459,1.78942,0.007162,0.007162,0.007162
346,4558.58,2.08712,2.35157,1.71495,0.39029,0.31461,0.2828,0.11112,2.29561,2.44406,1.79694,0.00715375,0.00715375,0.00715375
347,4571.02,2.04403,2.33076,1.71019,0.44008,0.28085,0.28394,0.11289,2.26079,2.45243,1.79649,0.0071455,0.0071455,0.0071455
348,4583.74,2.09045,2.36045,1.72225,0.38614,0.3279,0.29126,0.11509,2.24152,2.4391,1.78882,0.00713725,0.00713725,0.00713725
349,4596.5,2.08613,2.34526,1.71596,0.35771,0.3383,0.29713,0.12139,2.25023,2.41645,1.79351,0.007129,0.007129,0.007129
350,4609.49,2.06107,2.30428,1.67576,0.4861,0.27447,0.31151,0.12836,2.23314,2.38311,1.77435,0.00712075,0.00712075,0.00712075
351,4622.49,2.07883,2.38826,1.71785,0.45501,0.31702,0.32198,0.13472,2.22601,2.37126,1.76803,0.0071125,0.0071125,0.0071125
352,4635.41,2.05497,2.34368,1.68871,0.45961,0.31702,0.32195,0.12647,2.22227,2.37047,1.77859,0.00710425,0.00710425,0.00710425
353,4648.18,2.08448,2.35282,1.71132,0.41328,0.33191,0.31238,0.12262,2.21555,2.37559,1.7769,0.007096,0.007096,0.007096
354,4660.91,2.04448,2.29785,1.70662,0.39714,0.30638,0.31791,0.13045,2.20098,2.36692,1.77317,0.00708775,0.00708775,0.00708775
355,4673.63,2.03099,2.26649,1.68404,0.41358,0.30213,0.30932,0.12766,2.22416,2.37073,1.78017,0.0070795,0.0070795,0.0070795
356,4686.5,2.0611,2.28886,1.68823,0.43606,0.29787,0.31311,0.13018,2.24229,2.37026,1.7723,0.00707125,0.00707125,0.00707125
357,4698.96,2.05223,2.31967,1.70272,0.42237,0.31427,0.31793,0.13119,2.22039,2.37739,1.7731,0.007063,0.007063,0.007063
358,4711.42,2.05005,2.28129,1.69225,0.37288,0.32259,0.32205,0.13226,2.2211,2.38481,1.77007,0.00705475,0.00705475,0.00705475
359,4724.17,2.04191,2.28027,1.69725,0.39806,0.35532,0.32443,0.13276,2.1972,2.35,1.77247,0.0070465,0.0070465,0.0070465
360,4736.91,2.06172,2.29206,1.71608,0.42582,0.35188,0.32556,0.13137,2.21408,2.3425,1.77816,0.00703825,0.00703825,0.00703825
361,4749.66,2.02496,2.26976,1.70573,0.45437,0.3579,0.34298,0.14352,2.20879,2.31351,1.78112,0.00703,0.00703,0.00703
362,4762.58,2.01601,2.2216,1.68251,0.42703,0.34727,0.33279,0.14205,2.19583,2.32737,1.75614,0.00702175,0.00702175,0.00702175
363,4774.83,2.02459,2.25419,1.69067,0.49627,0.35215,0.3532,0.14335,2.21071,2.31881,1.76114,0.0070135,0.0070135,0.0070135
364,4787.29,2.03573,2.26559,1.71004,0.47236,0.34468,0.34925,0.14278,2.19647,2.27822,1.77026,0.00700525,0.00700525,0.00700525
365,4799.99,2.04275,2.27099,1.68239,0.48985,0.3383,0.3471,0.13946,2.18851,2.28235,1.77111,0.006997,0.006997,0.006997
366,4812.43,2.01261,2.26643,1.67792,0.46833,0.35422,0.33982,0.13715,2.1902,2.2979,1.7756,0.00698875,0.00698875,0.00698875
367,4825.21,2.04176,2.24614,1.66891,0.4321,0.34255,0.34299,0.13895,2.20552,2.29692,1.77653,0.0069805,0.0069805,0.0069805
368,4838.03,2.0158,2.21522,1.67879,0.47917,0.34256,0.36298,0.15176,2.18367,2.25975,1.78136,0.00697225,0.00697225,0.00697225
369,4851.15,2.03216,2.20072,1.66295,0.52481,0.34894,0.36518,0.14791,2.19076,2.2548,1.77499,0.006964,0.006964,0.006964
370,4863.85,2.01552,2.22998,1.66928,0.52836,0.34085,0.36964,0.15403,2.19687,2.24825,1.76775,0.00695575,0.00695575,0.00695575
371,4876.86,1.97959,2.20283,1.66919,0.53217,0.34368,0.37232,0.15374,2.17771,2.24973,1.75078,0.0069475,0.0069475,0.0069475
372,4889.77,2.01133,2.23142,1.65211,0.45035,0.35319,0.36553,0.15381,2.16909,2.24444,1.75084,0.00693925,0.00693925,0.00693925
373,4902.62,2.02662,2.2144,1.66841,0.44263,0.37021,0.36511,0.15352,2.17397,2.21648,1.75489,0.006931,0.006931,0.006931
374,4915.42,1.99176,2.21059,1.64439,0.44612,0.3617,0.36169,0.15474,2.15984,2.21088,1.76077,0.00692275,0.00692275,0.00692275
375,4928.17,1.97286,2.18927,1.66173,0.45729,0.37447,0.36739,0.1504,2.18009,2.22529,1.75573,0.0069145,0.0069145,0.0069145
376,4940.93,1.98326,2.18115,1.65299,0.43718,0.37846,0.37013,0.15803,2.16812,2.22308,1.75115,0.00690625,0.00690625,0.00690625
377,4953.92,1.98482,2.16823,1.65012,0.42678,0.38936,0.36445,0.15964,2.15065,2.2128,1.73692,0.006898,0.006898,0.006898
378,4967.04,2.00414,2.23,1.67669,0.44902,0.37234,0.36142,0.15257,2.15111,2.2141,1.73487,0.00688975,0.00688975,0.00688975
379,4979.73,1.95414,2.14977,1.62107,0.44778,0.37872,0.3713,0.15697,2.15293,2.18657,1.7288,0.0068815,0.0068815,0.0068815
380,4992.57,1.98002,2.20384,1.65062,0.43034,0.38511,0.3702,0.15251,2.16049,2.20986,1.74309,0.00687325,0.00687325,0.00687325
381,5005.31,1.96736,2.16136,1.6407,0.46289,0.36596,0.36797,0.15662,2.15653,2.24337,1.75085,0.006865,0.006865,0.006865
382,5017.99,1.98552,2.18257,1.64341,0.47168,0.37234,0.37049,0.1605,2.14493,2.217,1.74193,0.00685675,0.00685675,0.00685675
383,5030.89,1.96077,2.14282,1.63739,0.51263,0.3782,0.3909,0.16534,2.14705,2.19562,1.73709,0.0068485,0.0068485,0.0068485
384,5043.96,1.98939,2.1796,1.65959,0.61642,0.34043,0.395,0.16729,2.13294,2.18341,1.71938,0.00684025,0.00684025,0.00684025
385,5056.88,2.01194,2.18142,1.65543,0.51944,0.37021,0.38693,0.16497,2.12183,2.17167,1.71312,0.006832,0.006832,0.006832
386,5069.64,1.95824,2.11869,1.62031,0.53832,0.38205,0.40111,0.17067,2.1161,2.17699,1.72574,0.00682375,0.00682375,0.00682375
387,5082.67,1.95636,2.10008,1.6249,0.5555,0.37758,0.39837,0.16965,2.0996,2.1236,1.71293,0.0068155,0.0068155,0.0068155
388,5095.45,1.94464,2.12614,1.6318,0.57688,0.38871,0.41325,0.17633,2.10096,2.11094,1.70523,0.00680725,0.00680725,0.00680725
389,5108.57,1.97402,2.17515,1.64225,0.58375,0.39089,0.42378,0.18798,2.09305,2.10872,1.69446,0.006799,0.006799,0.006799
390,5121.57,1.95189,2.12056,1.62666,0.57976,0.38298,0.42376,0.18458,2.09093,2.11387,1.69127,0.00679075,0.00679075,0.00679075
391,5134.39,1.96107,2.13587,1.64824,0.58014,0.39149,0.43103,0.18379,2.08532,2.10493,1.6891,0.0067825,0.0067825,0.0067825
392,5147.2,1.94541,2.12684,1.62156,0.58284,0.38723,0.42215,0.18082,2.08971,2.08951,1.68332,0.00677425,0.00677425,0.00677425
393,5160,1.95861,2.10815,1.64103,0.55943,0.38511,0.42399,0.18233,2.07856,2.07686,1.67116,0.006766,0.006766,0.006766
394,5172.73,1.95527,2.12337,1.63678,0.59752,0.39149,0.42026,0.18493,2.07861,2.06879,1.67815,0.00675775,0.00675775,0.00675775
395,5185.54,1.94667,2.09588,1.63398,0.56953,0.40213,0.42552,0.18645,2.08939,2.06744,1.69373,0.0067495,0.0067495,0.0067495
396,5198.32,1.94423,2.08776,1.60887,0.57726,0.41277,0.43332,0.19181,2.07974,2.06762,1.69897,0.00674125,0.00674125,0.00674125
397,5211.45,1.93557,2.06696,1.62099,0.56013,0.40099,0.42754,0.19117,2.06531,2.0585,1.68726,0.006733,0.006733,0.006733
398,5224.2,1.91108,2.05615,1.61343,0.54937,0.41489,0.43158,0.19211,2.07575,2.0926,1.69418,0.00672475,0.00672475,0.00672475
399,5237.22,1.91532,2.05119,1.61332,0.58116,0.42979,0.43845,0.19888,2.06909,2.08293,1.69097,0.0067165,0.0067165,0.0067165
400,5250.21,1.92892,2.05692,1.61406,0.56365,0.40426,0.42786,0.19329,2.0726,2.05989,1.68857,0.00670825,0.00670825,0.00670825
401,5263.01,1.96683,2.11716,1.62437,0.57896,0.38936,0.43011,0.19638,2.06152,2.03758,1.679,0.0067,0.0067,0.0067
402,5275.86,1.94033,2.11683,1.6266,0.52932,0.42128,0.43738,0.1984,2.05716,2.01885,1.67678,0.00669175,0.00669175,0.00669175
403,5288.63,1.88657,2.04767,1.5915,0.58457,0.41064,0.44139,0.20236,2.06647,2.01014,1.68761,0.0066835,0.0066835,0.0066835
404,5301.71,1.90317,2.0699,1.60813,0.56518,0.4093,0.44386,0.2009,2.0504,2.01957,1.68596,0.00667525,0.00667525,0.00667525
405,5314.39,1.90535,2.00717,1.60733,0.602,0.4,0.45029,0.20861,2.0413,2.02279,1.68349,0.006667,0.006667,0.006667
406,5327.29,1.89647,2.04603,1.59614,0.55916,0.40851,0.44818,0.20757,2.0321,2.0444,1.66722,0.00665875,0.00665875,0.00665875
407,5339.99,1.8955,2.05475,1.60166,0.56503,0.43404,0.44627,0.20716,2.04041,2.03687,1.67339,0.0066505,0.0066505,0.0066505
408,5352.71,1.89567,2.02235,1.5955,0.54287,0.4234,0.44408,0.20604,2.04399,2.011,1.67233,0.00664225,0.00664225,0.00664225
409,5365.45,1.90782,2.04198,1.60301,0.56449,0.42128,0.45156,0.20861,2.04412,1.9951,1.66645,0.006634,0.006634,0.006634
410,5378.45,1.89137,1.98354,1.57492,0.5567,0.4234,0.45103,0.20493,2.05091,1.99836,1.66364,0.00662575,0.00662575,0.00662575
411,5391.2,1.87677,1.99,1.58169,0.53854,0.43205,0.44587,0.20367,2.06118,1.98099,1.66894,0.0066175,0.0066175,0.0066175
412,5403.75,1.89592,2.0064,1.59679,0.50053,0.42766,0.45226,0.20619,2.05705,1.9855,1.66694,0.00660925,0.00660925,0.00660925
413,5416.53,1.90562,2.01388,1.59889,0.5353,0.42979,0.44803,0.20172,2.04379,1.9941,1.66468,0.006601,0.006601,0.006601
414,5429.33,1.89536,1.96696,1.57239,0.5649,0.40213,0.45407,0.20184,2.05168,2.0074,1.67787,0.00659275,0.00659275,0.00659275
415,5442.13,1.90741,1.99482,1.57957,0.62561,0.3766,0.45725,0.20428,2.04739,1.99899,1.67994,0.0065845,0.0065845,0.0065845
416,5454.78,1.89244,2.02036,1.58621,0.54017,0.44894,0.46448,0.20282,2.05606,1.9984,1.67512,0.00657625,0.00657625,0.00657625
417,5467.54,1.88189,1.97946,1.56747,0.579,0.42553,0.46783,0.20655,2.04802,1.99597,1.66969,0.006568,0.006568,0.006568
418,5480.22,1.87165,1.98354,1.58741,0.57843,0.43206,0.46049,0.2071,2.03801,1.97282,1.65963,0.00655975,0.00655975,0.00655975
419,5492.96,1.89444,1.99051,1.60558,0.56508,0.42979,0.45828,0.21,2.0321,1.97106,1.65466,0.0065515,0.0065515,0.0065515
420,5506,1.86879,1.96694,1.57035,0.57636,0.42841,0.45861,0.21425,2.00872,1.95626,1.64556,0.00654325,0.00654325,0.00654325
421,5518.98,1.87791,2.03827,1.57598,0.57616,0.41702,0.45434,0.2178,1.99464,1.93511,1.64309,0.006535,0.006535,0.006535
422,5531.99,1.88159,2.00785,1.56914,0.57324,0.44583,0.47244,0.23028,1.98717,1.91357,1.63618,0.00652675,0.00652675,0.00652675
423,5545.09,1.83369,1.92417,1.5695,0.58008,0.44255,0.47732,0.23191,1.99162,1.90468,1.64107,0.0065185,0.0065185,0.0065185
424,5558.1,1.8778,1.97106,1.57157,0.59867,0.45106,0.48525,0.23687,1.99196,1.92082,1.63382,0.00651025,0.00651025,0.00651025
425,5571.16,1.85322,1.96066,1.57159,0.59808,0.4617,0.49465,0.23611,1.97919,1.94701,1.62756,0.006502,0.006502,0.006502
426,5584.22,1.85887,1.94619,1.57079,0.59203,0.44681,0.48802,0.23309,1.98414,1.93417,1.6408,0.00649375,0.00649375,0.00649375
427,5596.99,1.83099,1.94707,1.56579,0.59337,0.47021,0.49398,0.23001,1.98191,1.92073,1.64482,0.0064855,0.0064855,0.0064855
428,5609.83,1.83978,1.9403,1.5509,0.64629,0.45532,0.49562,0.23383,1.97907,1.91883,1.63589,0.00647725,0.00647725,0.00647725
429,5622.55,1.86215,1.96648,1.5701,0.65342,0.45745,0.50583,0.23736,1.9856,1.91027,1.63272,0.006469,0.006469,0.006469
430,5635.45,1.8356,1.93742,1.55069,0.6794,0.45532,0.51124,0.23861,1.99498,1.89877,1.62694,0.00646075,0.00646075,0.00646075
431,5648.5,1.83689,1.91176,1.55608,0.63998,0.45319,0.51252,0.24259,1.99197,1.89236,1.62906,0.0064525,0.0064525,0.0064525
432,5661.46,1.84014,1.93251,1.5485,0.68427,0.4519,0.52051,0.24433,1.98299,1.86914,1.63597,0.00644425,0.00644425,0.00644425
433,5674.48,1.84817,1.9645,1.56971,0.68793,0.45027,0.51765,0.24285,1.98753,1.87567,1.63238,0.006436,0.006436,0.006436
434,5687.14,1.85003,1.91928,1.56499,0.63946,0.45662,0.51433,0.24026,1.9915,1.86684,1.61565,0.00642775,0.00642775,0.00642775
435,5699.89,1.84612,1.94493,1.5639,0.62569,0.48085,0.5165,0.23994,1.9879,1.87681,1.60831,0.0064195,0.0064195,0.0064195
436,5712.62,1.78827,1.84287,1.5396,0.6102,0.47629,0.52063,0.23918,1.99549,1.89179,1.61119,0.00641125,0.00641125,0.00641125
437,5725.37,1.82937,1.91637,1.52408,0.60358,0.49149,0.51735,0.23847,1.98711,1.88672,1.60295,0.006403,0.006403,0.006403
438,5738.14,1.81858,1.86643,1.54979,0.58247,0.48298,0.51787,0.24471,1.97059,1.85714,1.60565,0.00639475,0.00639475,0.00639475
439,5751.2,1.83802,1.90671,1.53715,0.57876,0.49787,0.51183,0.24091,1.97888,1.8657,1.6218,0.0063865,0.0063865,0.0063865
440,5764,1.85672,1.95498,1.55401,0.58633,0.4766,0.51639,0.24991,1.96391,1.84419,1.61445,0.00637825,0.00637825,0.00637825
441,5777.04,1.82913,1.92523,1.55558,0.65688,0.47872,0.52257,0.25428,1.95056,1.85065,1.60726,0.00637,0.00637,0.00637
442,5790.01,1.80139,1.84852,1.53153,0.67244,0.45862,0.51772,0.25682,1.92562,1.83212,1.59501,0.00636175,0.00636175,0.00636175
443,5803.05,1.80836,1.86721,1.53805,0.6409,0.47234,0.52322,0.25878,1.92676,1.83171,1.59193,0.0063535,0.0063535,0.0063535
444,5816.17,1.82471,1.86664,1.52718,0.61285,0.51195,0.53389,0.26078,1.91289,1.82134,1.58875,0.00634525,0.00634525,0.00634525
445,5829.28,1.81423,1.85225,1.52651,0.67258,0.47872,0.54138,0.26271,1.91498,1.80504,1.58912,0.006337,0.006337,0.006337
446,5842.34,1.79249,1.83999,1.51372,0.70245,0.4621,0.54332,0.26315,1.91719,1.81067,1.586,0.00632875,0.00632875,0.00632875
447,5855.38,1.78039,1.82483,1.52211,0.67036,0.5,0.55331,0.26683,1.93902,1.80566,1.59764,0.0063205,0.0063205,0.0063205
448,5868.39,1.81773,1.89554,1.54944,0.66487,0.48542,0.55035,0.26438,1.94034,1.81261,1.59518,0.00631225,0.00631225,0.00631225
449,5881.23,1.78577,1.82842,1.52094,0.6516,0.50138,0.54592,0.26235,1.92357,1.79186,1.58546,0.006304,0.006304,0.006304
450,5894.02,1.79819,1.87824,1.52362,0.70652,0.46098,0.55151,0.26858,1.91927,1.76539,1.59072,0.00629575,0.00629575,0.00629575
451,5907.02,1.81808,1.84898,1.53068,0.74292,0.46115,0.55128,0.26706,1.9239,1.76849,1.58575,0.0062875,0.0062875,0.0062875
452,5919.87,1.81382,1.87436,1.54173,0.69169,0.48511,0.55242,0.27241,1.92226,1.78613,1.57339,0.00627925,0.00627925,0.00627925
453,5932.87,1.80526,1.84253,1.53181,0.69232,0.48833,0.555,0.26872,1.93663,1.79013,1.57396,0.006271,0.006271,0.006271
454,5945.62,1.79974,1.84225,1.51807,0.70132,0.48085,0.55693,0.27057,1.92072,1.78886,1.56414,0.00626275,0.00626275,0.00626275
455,5958.37,1.78019,1.8261,1.52851,0.64053,0.51915,0.56732,0.27748,1.91757,1.77741,1.56751,0.0062545,0.0062545,0.0062545
456,5971.04,1.79141,1.82658,1.52569,0.68952,0.51064,0.56727,0.2779,1.90934,1.76346,1.56896,0.00624625,0.00624625,0.00624625
457,5983.75,1.77129,1.83214,1.52554,0.63803,0.5363,0.56972,0.27948,1.91273,1.74848,1.57761,0.006238,0.006238,0.006238
458,5996.24,1.77783,1.80967,1.51911,0.70705,0.51489,0.57392,0.27824,1.9127,1.73848,1.57087,0.00622975,0.00622975,0.00622975
459,6008.98,1.7978,1.85074,1.51505,0.65192,0.53617,0.57335,0.2836,1.91894,1.72227,1.56956,0.0062215,0.0062215,0.0062215
460,6022,1.78819,1.85767,1.53188,0.66872,0.52128,0.57585,0.28342,1.91801,1.69973,1.56489,0.00621325,0.00621325,0.00621325
461,6035,1.7807,1.79997,1.50899,0.71745,0.48723,0.57649,0.28568,1.91666,1.702,1.56755,0.006205,0.006205,0.006205
462,6048.05,1.76005,1.8061,1.50877,0.70162,0.49362,0.57817,0.28856,1.9035,1.69736,1.56304,0.00619675,0.00619675,0.00619675
463,6060.76,1.76763,1.8162,1.50749,0.69555,0.5,0.57765,0.28845,1.9037,1.71926,1.56521,0.0061885,0.0061885,0.0061885
464,6073.59,1.75398,1.76931,1.49676,0.68427,0.50213,0.57367,0.28715,1.89964,1.70954,1.56611,0.00618025,0.00618025,0.00618025
465,6086.36,1.76072,1.79131,1.51181,0.7013,0.49362,0.58563,0.29599,1.88066,1.69638,1.55532,0.006172,0.006172,0.006172
466,6099.36,1.75762,1.77244,1.5007,0.69872,0.49574,0.57951,0.29311,1.8613,1.68942,1.54678,0.00616375,0.00616375,0.00616375
467,6112.19,1.76628,1.80772,1.50559,0.76614,0.47399,0.58527,0.29587,1.84841,1.67593,1.5416,0.0061555,0.0061555,0.0061555
468,6124.97,1.75772,1.77436,1.50209,0.73017,0.51489,0.59444,0.30058,1.85328,1.68764,1.54189,0.00614725,0.00614725,0.00614725
469,6138.04,1.7631,1.7765,1.50324,0.73345,0.49787,0.58779,0.2978,1.84971,1.6962,1.53735,0.006139,0.006139,0.006139
470,6150.55,1.73422,1.78105,1.49031,0.77864,0.49396,0.58753,0.30281,1.84916,1.69133,1.53536,0.00613075,0.00613075,0.00613075
471,6163.55,1.7761,1.78233,1.50138,0.76308,0.49787,0.58877,0.30166,1.8596,1.69588,1.53228,0.0061225,0.0061225,0.0061225
472,6176.3,1.72891,1.75349,1.4749,0.72474,0.50419,0.58415,0.30116,1.85158,1.67766,1.52701,0.00611425,0.00611425,0.00611425
473,6189.09,1.74867,1.76583,1.50664,0.72662,0.49787,0.5905,0.3086,1.8362,1.67716,1.52437,0.006106,0.006106,0.006106
474,6202.18,1.70892,1.70793,1.4797,0.75189,0.49149,0.58519,0.30966,1.8346,1.6736,1.51704,0.00609775,0.00609775,0.00609775
475,6215.25,1.76376,1.77873,1.50332,0.69656,0.53404,0.59065,0.31012,1.82324,1.67024,1.51834,0.0060895,0.0060895,0.0060895
476,6228.31,1.72519,1.77246,1.47849,0.70011,0.54141,0.59778,0.31099,1.81737,1.65862,1.52102,0.00608125,0.00608125,0.00608125
477,6241.36,1.70311,1.7098,1.4743,0.71402,0.54043,0.60284,0.31207,1.82027,1.6348,1.51316,0.006073,0.006073,0.006073
478,6254.38,1.68822,1.708,1.46293,0.70732,0.55319,0.60684,0.31317,1.83654,1.65526,1.527,0.00606475,0.00606475,0.00606475
479,6267.44,1.71686,1.75104,1.46935,0.72492,0.54255,0.61001,0.31741,1.84854,1.66065,1.53217,0.0060565,0.0060565,0.0060565
480,6280.44,1.74583,1.76311,1.48764,0.71414,0.52979,0.61271,0.31742,1.84659,1.63866,1.53016,0.00604825,0.00604825,0.00604825
481,6293.47,1.72671,1.7382,1.468,0.73136,0.54255,0.61305,0.32048,1.83438,1.63302,1.52447,0.00604,0.00604,0.00604
482,6306.52,1.75392,1.76877,1.47363,0.78219,0.54894,0.63098,0.32529,1.82867,1.62521,1.52414,0.00603175,0.00603175,0.00603175
483,6319.53,1.71251,1.74788,1.48124,0.74323,0.54681,0.61979,0.3219,1.81616,1.61972,1.51119,0.0060235,0.0060235,0.0060235
484,6332.19,1.71351,1.71572,1.47911,0.73687,0.54255,0.62251,0.31973,1.81776,1.60826,1.50725,0.00601525,0.00601525,0.00601525
485,6344.99,1.71831,1.70224,1.47411,0.75439,0.55319,0.61768,0.3242,1.81819,1.60966,1.50195,0.006007,0.006007,0.006007
486,6357.6,1.69371,1.70754,1.4647,0.76838,0.51702,0.61979,0.32926,1.8162,1.60481,1.50428,0.00599875,0.00599875,0.00599875
487,6370.61,1.71527,1.72487,1.46822,0.72815,0.5414,0.62196,0.32703,1.81843,1.60404,1.50475,0.0059905,0.0059905,0.0059905
488,6383.39,1.72945,1.72328,1.47536,0.68889,0.55594,0.62482,0.33206,1.82275,1.61326,1.50144,0.00598225,0.00598225,0.00598225
489,6396.27,1.70715,1.68934,1.44667,0.71979,0.52553,0.61835,0.33193,1.81451,1.60812,1.49591,0.005974,0.005974,0.005974
490,6409.02,1.71241,1.70626,1.46944,0.70732,0.52448,0.60924,0.32914,1.79052,1.60026,1.48546,0.00596575,0.00596575,0.00596575
491,6421.82,1.69748,1.67766,1.46284,0.69378,0.54894,0.61112,0.33001,1.79768,1.60321,1.49333,0.0059575,0.0059575,0.0059575
492,6434.45,1.7107,1.73914,1.46426,0.68358,0.55532,0.61025,0.33318,1.78764,1.60482,1.49168,0.00594925,0.00594925,0.00594925
493,6447.28,1.70697,1.66304,1.46445,0.6744,0.56383,0.6062,0.33095,1.78048,1.60861,1.49127,0.005941,0.005941,0.005941
494,6460.08,1.67227,1.64742,1.46156,0.69734,0.55745,0.60583,0.32704,1.78864,1.60172,1.48833,0.00593275,0.00593275,0.00593275
495,6472.91,1.67995,1.67309,1.46228,0.71907,0.5383,0.60434,0.32424,1.78259,1.61877,1.48216,0.0059245,0.0059245,0.0059245
496,6485.63,1.67515,1.67441,1.45404,0.68658,0.5593,0.61361,0.32959,1.78024,1.61225,1.47621,0.00591625,0.00591625,0.00591625
497,6498.37,1.69217,1.66162,1.46187,0.73474,0.52979,0.62639,0.33388,1.77312,1.59604,1.47967,0.005908,0.005908,0.005908
498,6511.42,1.67713,1.65747,1.44472,0.75712,0.53617,0.63114,0.33538,1.77684,1.59092,1.48152,0.00589975,0.00589975,0.00589975
499,6524.51,1.69316,1.66182,1.43891,0.74903,0.53617,0.63592,0.34116,1.78478,1.57026,1.48415,0.0058915,0.0058915,0.0058915
500,6537.51,1.68455,1.6611,1.46166,0.70794,0.56216,0.633,0.3407,1.7844,1.57277,1.48436,0.00588325,0.00588325,0.00588325
501,6550.24,1.69069,1.66528,1.45867,0.71891,0.56596,0.62995,0.33104,1.78795,1.57709,1.48185,0.005875,0.005875,0.005875
502,6562.6,1.6867,1.67897,1.44814,0.70604,0.55319,0.62419,0.3265,1.79175,1.5923,1.48102,0.00586675,0.00586675,0.00586675
503,6575.1,1.68567,1.66937,1.46139,0.71342,0.53191,0.61927,0.32613,1.79798,1.60022,1.48127,0.0058585,0.0058585,0.0058585
504,6587.82,1.68949,1.65311,1.44252,0.7012,0.56422,0.6275,0.33246,1.7888,1.58261,1.47544,0.00585025,0.00585025,0.00585025
505,6600.62,1.65516,1.6381,1.45134,0.67323,0.59362,0.63332,0.3338,1.78163,1.58012,1.47261,0.005842,0.005842,0.005842
506,6613.35,1.68529,1.64843,1.43547,0.6826,0.58511,0.63878,0.33601,1.77452,1.57106,1.47353,0.00583375,0.00583375,0.00583375
507,6626.16,1.6435,1.62395,1.42257,0.71348,0.56383,0.6444,0.34354,1.76045,1.57363,1.47945,0.0058255,0.0058255,0.0058255
508,6639.12,1.66658,1.66155,1.44266,0.70591,0.59243,0.64994,0.35132,1.76351,1.56812,1.47481,0.00581725,0.00581725,0.00581725
509,6652.14,1.65651,1.64661,1.43596,0.75151,0.58085,0.64763,0.35062,1.76062,1.55644,1.47391,0.005809,0.005809,0.005809
510,6664.74,1.65933,1.64705,1.43845,0.78525,0.56014,0.64615,0.35245,1.75857,1.5641,1.47495,0.00580075,0.00580075,0.00580075
511,6677.88,1.70929,1.67152,1.45047,0.77883,0.56941,0.64812,0.35486,1.75651,1.54308,1.46615,0.0057925,0.0057925,0.0057925
512,6690.95,1.64501,1.59751,1.42674,0.78376,0.57021,0.65415,0.35552,1.758,1.53986,1.46462,0.00578425,0.00578425,0.00578425
513,6704.01,1.65871,1.61402,1.44022,0.75683,0.54962,0.65527,0.35234,1.75982,1.52754,1.46804,0.005776,0.005776,0.005776
514,6716.79,1.65484,1.61475,1.43254,0.78195,0.54681,0.65537,0.35168,1.75156,1.52864,1.46839,0.00576775,0.00576775,0.00576775
515,6729.56,1.64182,1.60082,1.42453,0.71373,0.59149,0.65746,0.35179,1.75378,1.52925,1.46586,0.0057595,0.0057595,0.0057595
516,6742.35,1.66328,1.62523,1.42461,0.77742,0.55106,0.65144,0.35243,1.7462,1.52659,1.45949,0.00575125,0.00575125,0.00575125
517,6755.1,1.65159,1.63035,1.42302,0.70457,0.58723,0.64664,0.35363,1.74816,1.51738,1.4624,0.005743,0.005743,0.005743
518,6767.84,1.66502,1.60488,1.43564,0.75399,0.55745,0.65222,0.35463,1.74643,1.51343,1.45729,0.00573475,0.00573475,0.00573475
519,6780.61,1.66517,1.59566,1.43999,0.76046,0.57872,0.65803,0.35263,1.74295,1.51024,1.45036,0.0057265,0.0057265,0.0057265
520,6793.17,1.62597,1.60613,1.42124,0.7426,0.58085,0.6527,0.35241,1.73356,1.5272,1.44625,0.00571825,0.00571825,0.00571825
521,6805.89,1.64011,1.60149,1.41321,0.73697,0.58511,0.64682,0.35429,1.72892,1.53078,1.44259,0.00571,0.00571,0.00571
522,6818.67,1.63809,1.59598,1.42726,0.76123,0.59362,0.65584,0.35942,1.73145,1.53117,1.4453,0.00570175,0.00570175,0.00570175
523,6831.57,1.62209,1.56006,1.41058,0.75583,0.59934,0.66334,0.36606,1.72443,1.52131,1.44222,0.0056935,0.0056935,0.0056935
524,6844.43,1.62896,1.57575,1.42127,0.75061,0.58916,0.66394,0.3682,1.71992,1.51322,1.43772,0.00568525,0.00568525,0.00568525
525,6857.45,1.61525,1.58879,1.41427,0.75579,0.57287,0.6633,0.36837,1.71334,1.51237,1.43297,0.005677,0.005677,0.005677
526,6870.29,1.63109,1.60535,1.42272,0.75782,0.57921,0.66235,0.37236,1.7128,1.51637,1.43001,0.00566875,0.00566875,0.00566875
527,6883.26,1.64717,1.61651,1.41429,0.72103,0.59362,0.66471,0.37399,1.71214,1.50376,1.42745,0.0056605,0.0056605,0.0056605
528,6896.31,1.61658,1.56584,1.40936,0.70345,0.60638,0.66079,0.37068,1.71318,1.50507,1.42289,0.00565225,0.00565225,0.00565225
529,6909.04,1.62623,1.57983,1.41506,0.71066,0.61143,0.66269,0.36756,1.7186,1.52447,1.42257,0.005644,0.005644,0.005644
530,6921.9,1.60587,1.57659,1.41244,0.73007,0.58511,0.66513,0.36911,1.72071,1.52198,1.42452,0.00563575,0.00563575,0.00563575
531,6935.04,1.6277,1.58661,1.42028,0.73066,0.58723,0.66671,0.37082,1.71435,1.5137,1.4179,0.0056275,0.0056275,0.0056275
532,6948.1,1.57241,1.53004,1.40875,0.76866,0.56596,0.66679,0.37156,1.71624,1.49906,1.41891,0.00561925,0.00561925,0.00561925
533,6961.11,1.61209,1.56201,1.41167,0.76102,0.58947,0.67019,0.37298,1.71647,1.49684,1.41804,0.005611,0.005611,0.005611
534,6974.1,1.61714,1.58153,1.41515,0.7704,0.57826,0.67195,0.37294,1.71288,1.4844,1.42006,0.00560275,0.00560275,0.00560275
535,6986.97,1.60155,1.55569,1.39708,0.75033,0.60106,0.67232,0.3738,1.70332,1.46973,1.42115,0.0055945,0.0055945,0.0055945
536,7000.22,1.61069,1.57181,1.40252,0.74529,0.61634,0.67947,0.37349,1.69765,1.46512,1.41795,0.00558625,0.00558625,0.00558625
537,7013.27,1.59772,1.5438,1.39906,0.74544,0.60638,0.67359,0.37533,1.69769,1.4626,1.41238,0.005578,0.005578,0.005578
538,7026.28,1.58113,1.49056,1.40086,0.72642,0.60213,0.66976,0.37507,1.69697,1.45796,1.40999,0.00556975,0.00556975,0.00556975
539,7039.14,1.59282,1.54412,1.3858,0.75893,0.59149,0.67788,0.37443,1.69931,1.44579,1.41374,0.0055615,0.0055615,0.0055615
540,7051.88,1.59944,1.56511,1.40031,0.76116,0.59669,0.67702,0.37572,1.69735,1.44706,1.41289,0.00555325,0.00555325,0.00555325
541,7065.01,1.58447,1.57502,1.40941,0.75261,0.60197,0.6761,0.37432,1.69701,1.44307,1.41297,0.005545,0.005545,0.005545
542,7077.75,1.59729,1.56657,1.38763,0.77082,0.60851,0.68511,0.37732,1.6956,1.45265,1.41377,0.00553675,0.00553675,0.00553675
543,7090.82,1.57663,1.52059,1.38128,0.77363,0.60352,0.68677,0.38089,1.68801,1.44686,1.41278,0.0055285,0.0055285,0.0055285
544,7103.93,1.59817,1.53821,1.38277,0.77609,0.59787,0.68813,0.3809,1.68727,1.43704,1.40572,0.00552025,0.00552025,0.00552025
545,7117.05,1.61568,1.54764,1.40143,0.77603,0.59787,0.69078,0.38055,1.69092,1.4403,1.40573,0.005512,0.005512,0.005512
546,7129.76,1.58867,1.52097,1.39919,0.76639,0.60638,0.68819,0.37779,1.68788,1.42667,1.40725,0.00550375,0.00550375,0.00550375
547,7142.6,1.59578,1.52438,1.38475,0.76581,0.61702,0.68904,0.38174,1.68214,1.42274,1.40639,0.0054955,0.0054955,0.0054955
548,7155.69,1.57736,1.52216,1.38203,0.7793,0.61277,0.69237,0.38634,1.67489,1.4269,1.40768,0.00548725,0.00548725,0.00548725
549,7168.71,1.57625,1.51492,1.387,0.80622,0.60195,0.69861,0.38981,1.66442,1.42813,1.40857,0.005479,0.005479,0.005479
550,7181.51,1.58676,1.53007,1.40089,0.75244,0.61434,0.68863,0.38912,1.65998,1.42973,1.40537,0.00547075,0.00547075,0.00547075
551,7194.03,1.5755,1.50156,1.37849,0.77382,0.62128,0.69299,0.3853,1.66738,1.43468,1.40343,0.0054625,0.0054625,0.0054625
552,7206.8,1.60231,1.5418,1.40132,0.81075,0.59248,0.69651,0.38719,1.6708,1.4406,1.40059,0.00545425,0.00545425,0.00545425
553,7219.58,1.59542,1.5467,1.39693,0.79717,0.59362,0.69728,0.38986,1.67223,1.43095,1.39435,0.005446,0.005446,0.005446
554,7232.42,1.58086,1.52552,1.39407,0.76741,0.61277,0.70101,0.39387,1.66565,1.431,1.38568,0.00543775,0.00543775,0.00543775
555,7245.6,1.57655,1.47877,1.39142,0.80549,0.61064,0.7054,0.3975,1.65955,1.41598,1.38632,0.0054295,0.0054295,0.0054295
556,7258.69,1.55442,1.49272,1.37577,0.80748,0.60851,0.70545,0.40014,1.65721,1.4138,1.38818,0.00542125,0.00542125,0.00542125
557,7271.46,1.57722,1.50217,1.37898,0.80004,0.62128,0.70482,0.40005,1.65584,1.40421,1.39295,0.005413,0.005413,0.005413
558,7284.17,1.58094,1.50137,1.38439,0.78038,0.62128,0.7052,0.39985,1.65524,1.40888,1.3927,0.00540475,0.00540475,0.00540475
559,7296.85,1.59955,1.53112,1.39652,0.83735,0.60245,0.70806,0.40164,1.64939,1.39765,1.39023,0.0053965,0.0053965,0.0053965
560,7309.97,1.54623,1.48144,1.37044,0.79531,0.62128,0.70627,0.40247,1.64839,1.37931,1.39241,0.00538825,0.00538825,0.00538825
561,7323.07,1.55597,1.51172,1.36866,0.82096,0.60488,0.70991,0.40191,1.65625,1.38235,1.39531,0.00538,0.00538,0.00538
562,7335.92,1.55036,1.48308,1.36943,0.79138,0.63404,0.70972,0.40744,1.65274,1.37749,1.39117,0.00537175,0.00537175,0.00537175
563,7348.94,1.56693,1.49088,1.3679,0.79364,0.6219,0.71009,0.40504,1.6528,1.37689,1.38648,0.0053635,0.0053635,0.0053635
564,7361.71,1.55795,1.48035,1.38249,0.80561,0.63487,0.71369,0.40607,1.64754,1.36747,1.38407,0.00535525,0.00535525,0.00535525
565,7374.57,1.54206,1.47409,1.35934,0.80338,0.63191,0.7135,0.40627,1.64363,1.36358,1.38142,0.005347,0.005347,0.005347
566,7387.15,1.52189,1.45407,1.35579,0.81477,0.6234,0.7156,0.40936,1.64253,1.3555,1.38077,0.00533875,0.00533875,0.00533875
567,7400.18,1.52019,1.45331,1.35833,0.84063,0.60638,0.71292,0.40579,1.64164,1.35248,1.37665,0.0053305,0.0053305,0.0053305
568,7412.91,1.56723,1.51129,1.36891,0.80974,0.61577,0.71172,0.40623,1.64498,1.35489,1.37921,0.00532225,0.00532225,0.00532225
569,7425.5,1.57015,1.49408,1.37064,0.80049,0.61064,0.71303,0.40841,1.63915,1.35729,1.37992,0.005314,0.005314,0.005314
570,7438.18,1.51306,1.4361,1.35027,0.78778,0.61605,0.71073,0.40642,1.63615,1.3555,1.37999,0.00530575,0.00530575,0.00530575
571,7450.96,1.54151,1.46097,1.35785,0.79993,0.61277,0.71106,0.40838,1.63015,1.35297,1.38063,0.0052975,0.0052975,0.0052975
572,7463.83,1.53792,1.44852,1.35787,0.78439,0.61924,0.71471,0.41263,1.62744,1.35757,1.38156,0.00528925,0.00528925,0.00528925
573,7476.93,1.56513,1.44054,1.35801,0.82791,0.61415,0.72022,0.41422,1.62017,1.3583,1.38103,0.005281,0.005281,0.005281
574,7489.87,1.55658,1.46731,1.35575,0.80373,0.62733,0.71665,0.41471,1.61805,1.36005,1.38272,0.00527275,0.00527275,0.00527275
575,7502.91,1.57225,1.4704,1.38056,0.80852,0.62553,0.71599,0.41432,1.621,1.35313,1.38413,0.0052645,0.0052645,0.0052645
576,7515.7,1.53778,1.46525,1.368,0.81388,0.6234,0.71848,0.41632,1.62101,1.34389,1.38374,0.00525625,0.00525625,0.00525625
577,7528.56,1.58313,1.48703,1.36924,0.81999,0.62766,0.71968,0.41863,1.61844,1.34816,1.37896,0.005248,0.005248,0.005248
578,7541.57,1.5227,1.42931,1.35551,0.81634,0.61915,0.7206,0.41635,1.61632,1.34182,1.37959,0.00523975,0.00523975,0.00523975
579,7554.3,1.55407,1.47549,1.36142,0.79642,0.63617,0.7213,0.41342,1.62314,1.33201,1.38157,0.0052315,0.0052315,0.0052315
580,7567.03,1.54041,1.4567,1.35602,0.83,0.61489,0.72214,0.41098,1.62959,1.33174,1.38399,0.00522325,0.00522325,0.00522325
581,7579.81,1.52252,1.44203,1.34627,0.82448,0.62553,0.72286,0.41079,1.63612,1.33185,1.37848,0.005215,0.005215,0.005215
582,7592.57,1.50193,1.41646,1.34892,0.82012,0.63053,0.72568,0.41249,1.62669,1.33021,1.37182,0.00520675,0.00520675,0.00520675
583,7605.32,1.5411,1.4699,1.36225,0.80536,0.62979,0.72292,0.411,1.6185,1.319,1.36806,0.0051985,0.0051985,0.0051985
584,7618.07,1.53228,1.44505,1.34175,0.82166,0.6383,0.72722,0.41448,1.60803,1.30874,1.36028,0.00519025,0.00519025,0.00519025
585,7630.79,1.50911,1.42914,1.34105,0.83865,0.64143,0.72974,0.41775,1.60401,1.29918,1.35426,0.005182,0.005182,0.005182
586,7643.83,1.53945,1.43503,1.34132,0.83781,0.63191,0.73006,0.42132,1.59855,1.29313,1.35094,0.00517375,0.00517375,0.00517375
587,7657,1.49401,1.41395,1.35334,0.81719,0.62766,0.73616,0.42472,1.59647,1.29292,1.34765,0.0051655,0.0051655,0.0051655
588,7670.16,1.49979,1.39494,1.34554,0.78949,0.64255,0.73879,0.42566,1.59584,1.28947,1.34493,0.00515725,0.00515725,0.00515725
589,7683.32,1.50664,1.41611,1.33875,0.78197,0.65319,0.73768,0.42639,1.59177,1.29059,1.34191,0.005149,0.005149,0.005149
590,7696.23,1.50335,1.40154,1.33809,0.81627,0.65222,0.73928,0.42594,1.58724,1.28416,1.34023,0.00514075,0.00514075,0.00514075
591,7709.02,1.51533,1.41861,1.34252,0.82944,0.6383,0.73808,0.42447,1.5869,1.29366,1.34002,0.0051325,0.0051325,0.0051325
592,7721.79,1.49567,1.39954,1.3314,0.82879,0.63857,0.73581,0.42435,1.58898,1.30702,1.34228,0.00512425,0.00512425,0.00512425
593,7734.6,1.47327,1.3693,1.31603,0.81587,0.65049,0.73455,0.42546,1.58416,1.30694,1.33926,0.005116,0.005116,0.005116
594,7747.32,1.50228,1.39103,1.34058,0.79761,0.64043,0.73251,0.42469,1.58455,1.30719,1.34359,0.00510775,0.00510775,0.00510775
595,7760,1.50227,1.41331,1.33818,0.80373,0.64894,0.73717,0.42362,1.58654,1.30361,1.34715,0.0050995,0.0050995,0.0050995
596,7772.85,1.47994,1.37533,1.32536,0.77621,0.67157,0.73657,0.42597,1.58053,1.29532,1.34567,0.00509125,0.00509125,0.00509125
597,7785.43,1.47906,1.39482,1.32625,0.80833,0.64255,0.73798,0.42741,1.579,1.29004,1.3465,0.005083,0.005083,0.005083
598,7798.37,1.50752,1.38751,1.33575,0.84218,0.63617,0.74306,0.42907,1.58034,1.28987,1.34632,0.00507475,0.00507475,0.00507475
599,7811.24,1.52814,1.42445,1.34019,0.79703,0.66003,0.74021,0.42711,1.5834,1.29238,1.34982,0.0050665,0.0050665,0.0050665
600,7823.96,1.51213,1.43277,1.33734,0.81619,0.64244,0.73729,0.42755,1.58704,1.28323,1.35362,0.00505825,0.00505825,0.00505825
601,7836.59,1.49604,1.36969,1.3158,0.82558,0.64452,0.73486,0.42666,1.59264,1.28271,1.35804,0.00505,0.00505,0.00505
602,7849.33,1.50793,1.39886,1.33793,0.82912,0.64255,0.73691,0.42891,1.59199,1.28635,1.35521,0.00504175,0.00504175,0.00504175
603,7862.04,1.51769,1.41658,1.3333,0.82225,0.64681,0.74058,0.43101,1.59334,1.29293,1.35432,0.0050335,0.0050335,0.0050335
604,7875.01,1.4922,1.37667,1.32957,0.81823,0.65319,0.74117,0.43195,1.59225,1.28421,1.34979,0.00502525,0.00502525,0.00502525
605,7888.06,1.50297,1.41636,1.33085,0.84829,0.64245,0.74509,0.42934,1.58582,1.27533,1.34455,0.005017,0.005017,0.005017
606,7900.86,1.47875,1.38131,1.33038,0.84723,0.6383,0.74917,0.43368,1.58124,1.27086,1.34167,0.00500875,0.00500875,0.00500875
607,7913.9,1.49211,1.38159,1.32998,0.83967,0.64628,0.75061,0.43766,1.57674,1.26061,1.33828,0.0050005,0.0050005,0.0050005
608,7926.87,1.48707,1.3575,1.31808,0.83101,0.63824,0.74948,0.43727,1.5719,1.25337,1.33123,0.00499225,0.00499225,0.00499225
609,7939.64,1.48037,1.38498,1.30295,0.80524,0.65532,0.7496,0.43529,1.57049,1.25291,1.32839,0.004984,0.004984,0.004984
610,7952.37,1.50621,1.39876,1.32727,0.80859,0.64715,0.74803,0.43483,1.56471,1.25254,1.32325,0.00497575,0.00497575,0.00497575
611,7965.09,1.45754,1.33955,1.30323,0.80361,0.65106,0.74974,0.43701,1.56,1.25487,1.32448,0.0049675,0.0049675,0.0049675
612,7977.83,1.48783,1.3811,1.32699,0.81747,0.64468,0.75124,0.43898,1.55676,1.24982,1.32152,0.00495925,0.00495925,0.00495925
613,7990.98,1.50011,1.38793,1.33769,0.84775,0.62553,0.75006,0.44072,1.55401,1.24741,1.32071,0.004951,0.004951,0.004951
614,8004.13,1.48801,1.3869,1.32972,0.87339,0.61702,0.7486,0.44148,1.55293,1.24593,1.3205,0.00494275,0.00494275,0.00494275
615,8017.31,1.4831,1.35785,1.32711,0.84087,0.63404,0.75166,0.44497,1.54963,1.24078,1.31941,0.0049345,0.0049345,0.0049345
616,8030.14,1.46521,1.35347,1.3285,0.83547,0.6383,0.75277,0.44538,1.54408,1.23739,1.3188,0.00492625,0.00492625,0.00492625
617,8043.15,1.46558,1.36663,1.30601,0.84128,0.64283,0.75383,0.44632,1.54247,1.23631,1.31548,0.004918,0.004918,0.004918
618,8056.28,1.44247,1.33929,1.31383,0.83534,0.64763,0.75748,0.44783,1.54273,1.23094,1.31453,0.00490975,0.00490975,0.00490975
619,8069.23,1.469,1.34035,1.31654,0.84647,0.64468,0.76042,0.44646,1.54386,1.2333,1.31399,0.0049015,0.0049015,0.0049015
620,8082.03,1.43894,1.30099,1.30996,0.84315,0.64048,0.76061,0.4458,1.54257,1.23131,1.31234,0.00489325,0.00489325,0.00489325
621,8094.84,1.47002,1.34967,1.31046,0.83422,0.64255,0.76225,0.44644,1.54437,1.2274,1.31082,0.004885,0.004885,0.004885
622,8107.56,1.46509,1.35551,1.31012,0.82693,0.64894,0.76429,0.4476,1.5466,1.22656,1.30787,0.00487675,0.00487675,0.00487675
623,8120.59,1.45609,1.35259,1.31632,0.83,0.65745,0.76817,0.45055,1.54533,1.2265,1.30503,0.0048685,0.0048685,0.0048685
624,8133.57,1.46986,1.37539,1.313,0.8404,0.64894,0.76619,0.4517,1.54485,1.2275,1.30449,0.00486025,0.00486025,0.00486025
625,8146.57,1.4715,1.34616,1.3113,0.81247,0.67447,0.76613,0.44925,1.54384,1.22091,1.30207,0.004852,0.004852,0.004852
626,8159.33,1.46938,1.33716,1.30337,0.817,0.66491,0.76562,0.45179,1.54016,1.21573,1.30037,0.00484375,0.00484375,0.00484375
627,8172.3,1.46587,1.35194,1.31147,0.81695,0.65745,0.76582,0.45075,1.53043,1.20871,1.29652,0.0048355,0.0048355,0.0048355
628,8184.65,1.43134,1.31659,1.29196,0.84014,0.65957,0.7694,0.45491,1.52343,1.20033,1.29223,0.00482725,0.00482725,0.00482725
629,8197.38,1.47585,1.36468,1.31234,0.84109,0.65745,0.76799,0.45531,1.52155,1.19835,1.29219,0.004819,0.004819,0.004819
630,8210.26,1.43373,1.33519,1.29412,0.81978,0.66779,0.76861,0.4556,1.51869,1.19444,1.2899,0.00481075,0.00481075,0.00481075
631,8223.35,1.45585,1.33569,1.30424,0.82254,0.66809,0.76823,0.45669,1.51487,1.19681,1.28869,0.0048025,0.0048025,0.0048025
632,8236.51,1.4354,1.3034,1.29282,0.84308,0.66301,0.77091,0.45766,1.51373,1.19541,1.28556,0.00479425,0.00479425,0.00479425
633,8249.56,1.42076,1.26757,1.27017,0.85746,0.65957,0.77484,0.45963,1.51442,1.19655,1.28503,0.004786,0.004786,0.004786
634,8262.58,1.47287,1.34899,1.31199,0.88145,0.64468,0.77481,0.46152,1.51259,1.2003,1.28408,0.00477775,0.00477775,0.00477775
635,8275.65,1.43528,1.30142,1.2895,0.89644,0.64464,0.77521,0.46345,1.50676,1.2025,1.28004,0.0047695,0.0047695,0.0047695
636,8288.61,1.4268,1.30614,1.28162,0.90869,0.64681,0.77656,0.46246,1.50375,1.20004,1.28266,0.00476125,0.00476125,0.00476125
637,8301.42,1.44606,1.32148,1.30096,0.89857,0.65532,0.77659,0.46166,1.50727,1.19846,1.28638,0.004753,0.004753,0.004753
638,8314.23,1.43979,1.32217,1.30298,0.89652,0.66383,0.77886,0.46225,1.50855,1.19738,1.28611,0.00474475,0.00474475,0.00474475
639,8326.79,1.46569,1.34336,1.3031,0.88287,0.65753,0.7783,0.46202,1.50446,1.19228,1.2854,0.0047365,0.0047365,0.0047365
640,8339.45,1.39096,1.28895,1.28351,0.86158,0.66596,0.77902,0.46548,1.50275,1.19634,1.28357,0.00472825,0.00472825,0.00472825
641,8352.47,1.42197,1.31198,1.27866,0.86138,0.65957,0.77792,0.46502,1.5009,1.19676,1.28231,0.00472,0.00472,0.00472
642,8365.27,1.41997,1.29395,1.27829,0.86236,0.66383,0.77706,0.46603,1.49498,1.1929,1.27995,0.00471175,0.00471175,0.00471175
643,8378.17,1.43571,1.30418,1.29468,0.86611,0.66063,0.77649,0.46798,1.49065,1.18624,1.27811,0.0047035,0.0047035,0.0047035
644,8391.33,1.46029,1.33388,1.29572,0.87646,0.66414,0.77478,0.46976,1.48777,1.17887,1.27834,0.00469525,0.00469525,0.00469525
645,8404.46,1.43798,1.28554,1.28505,0.85951,0.67021,0.77488,0.46955,1.4826,1.17521,1.27808,0.004687,0.004687,0.004687
646,8417.2,1.45169,1.3325,1.3039,0.87995,0.66809,0.77968,0.47076,1.47815,1.17409,1.2766,0.00467875,0.00467875,0.00467875
647,8430.2,1.43883,1.31312,1.29082,0.87341,0.67447,0.78168,0.4727,1.47836,1.17577,1.27643,0.0046705,0.0046705,0.0046705
648,8443.25,1.42969,1.32961,1.2908,0.87805,0.67403,0.78007,0.47587,1.47552,1.17524,1.27575,0.00466225,0.00466225,0.00466225
649,8456.29,1.41164,1.29036,1.2834,0.85575,0.68298,0.78381,0.47729,1.47401,1.17039,1.27384,0.004654,0.004654,0.004654
650,8469.3,1.44566,1.28541,1.27821,0.83385,0.68723,0.78303,0.47562,1.47551,1.16731,1.27366,0.00464575,0.00464575,0.00464575
651,8482.08,1.41002,1.26736,1.27244,0.844,0.67021,0.77942,0.47704,1.4721,1.16498,1.27107,0.0046375,0.0046375,0.0046375
652,8494.73,1.42851,1.30331,1.28604,0.86488,0.6617,0.78185,0.47813,1.4691,1.16359,1.26939,0.00462925,0.00462925,0.00462925
653,8508.01,1.43185,1.3188,1.28456,0.85858,0.66809,0.78174,0.47852,1.46306,1.16051,1.26836,0.004621,0.004621,0.004621
654,8521.27,1.42658,1.30322,1.28442,0.85818,0.67021,0.78167,0.48317,1.45845,1.15646,1.26485,0.00461275,0.00461275,0.00461275
655,8534.32,1.42143,1.29805,1.28784,0.88487,0.65413,0.78395,0.48224,1.45753,1.15631,1.26505,0.0046045,0.0046045,0.0046045
656,8547.03,1.43425,1.28629,1.2812,0.84982,0.67447,0.78457,0.48158,1.45463,1.15049,1.26157,0.00459625,0.00459625,0.00459625
657,8559.79,1.42141,1.30325,1.29135,0.86121,0.67447,0.78344,0.47887,1.45467,1.14455,1.26073,0.004588,0.004588,0.004588
658,8572.68,1.41785,1.25433,1.27283,0.88604,0.65957,0.7851,0.48205,1.45543,1.13915,1.25934,0.00457975,0.00457975,0.00457975
659,8585.48,1.41261,1.27376,1.26837,0.86052,0.67234,0.78509,0.48325,1.45212,1.13774,1.25692,0.0045715,0.0045715,0.0045715
660,8598.43,1.44426,1.28301,1.27509,0.8591,0.67458,0.78631,0.48296,1.449,1.13399,1.25526,0.00456325,0.00456325,0.00456325
661,8611.15,1.41643,1.27669,1.2732,0.86893,0.67447,0.78613,0.48239,1.45073,1.13175,1.25351,0.004555,0.004555,0.004555
662,8624.06,1.39397,1.25886,1.27538,0.85717,0.67676,0.78543,0.48236,1.45292,1.13487,1.25481,0.00454675,0.00454675,0.00454675
663,8636.81,1.39963,1.27541,1.27495,0.85981,0.67858,0.78488,0.48398,1.44934,1.1388,1.25101,0.0045385,0.0045385,0.0045385
664,8649.99,1.39161,1.25716,1.26812,0.84229,0.67872,0.78387,0.4808,1.44768,1.13421,1.25187,0.00453025,0.00453025,0.00453025
665,8662.8,1.39583,1.26336,1.26989,0.85268,0.67729,0.78674,0.48113,1.45191,1.13199,1.25388,0.004522,0.004522,0.004522
666,8675.68,1.39708,1.26486,1.2729,0.83372,0.68298,0.7848,0.47971,1.45233,1.13008,1.25248,0.00451375,0.00451375,0.00451375
667,8688.51,1.38033,1.25486,1.26254,0.85356,0.66969,0.78503,0.47922,1.45367,1.13014,1.25358,0.0045055,0.0045055,0.0045055
668,8701.37,1.43166,1.28403,1.28373,0.85795,0.66823,0.78612,0.48015,1.45577,1.13113,1.2551,0.00449725,0.00449725,0.00449725
669,8714.22,1.40079,1.26631,1.26439,0.86023,0.68091,0.78721,0.4841,1.45627,1.12851,1.25893,0.004489,0.004489,0.004489
670,8726.93,1.39999,1.28873,1.27814,0.87214,0.66759,0.78733,0.4845,1.44815,1.12808,1.25015,0.00448075,0.00448075,0.00448075
671,8740.11,1.4418,1.31393,1.2774,0.86731,0.66754,0.78615,0.48711,1.44425,1.12514,1.24738,0.0044725,0.0044725,0.0044725
672,8753.27,1.40668,1.25847,1.26434,0.83081,0.68936,0.78806,0.48761,1.44118,1.12039,1.25044,0.00446425,0.00446425,0.00446425
673,8766.36,1.40478,1.26462,1.27217,0.83605,0.68085,0.7909,0.48989,1.44019,1.11646,1.25072,0.004456,0.004456,0.004456
674,8779.48,1.37645,1.22756,1.2587,0.83711,0.68887,0.79034,0.48889,1.44017,1.11182,1.25035,0.00444775,0.00444775,0.00444775
675,8792.1,1.38292,1.25233,1.26739,0.84191,0.70254,0.7953,0.49091,1.43962,1.10584,1.24843,0.0044395,0.0044395,0.0044395
676,8805.12,1.4275,1.27407,1.27808,0.85423,0.69824,0.79623,0.49054,1.43915,1.10564,1.24982,0.00443125,0.00443125,0.00443125
677,8817.96,1.40057,1.24106,1.26652,0.85012,0.70426,0.79636,0.4913,1.43884,1.10266,1.24817,0.004423,0.004423,0.004423
678,8831.26,1.39732,1.25121,1.25676,0.84821,0.7,0.79606,0.49149,1.43395,1.10016,1.24256,0.00441475,0.00441475,0.00441475
679,8844.51,1.38052,1.22858,1.26163,0.85467,0.7,0.79796,0.49285,1.43037,1.09965,1.24066,0.0044065,0.0044065,0.0044065
680,8857.61,1.38564,1.24892,1.27211,0.83903,0.71064,0.80034,0.49495,1.43027,1.10282,1.23967,0.00439825,0.00439825,0.00439825
681,8870.83,1.392,1.25919,1.26193,0.84558,0.69787,0.79824,0.49419,1.43109,1.10547,1.24234,0.00439,0.00439,0.00439
682,8883.65,1.37952,1.22769,1.25173,0.85012,0.69996,0.79869,0.49308,1.43145,1.1045,1.24238,0.00438175,0.00438175,0.00438175
683,8896.51,1.39765,1.27328,1.27488,0.84625,0.7,0.79826,0.4917,1.42914,1.10315,1.24129,0.0043735,0.0043735,0.0043735
684,8909.42,1.41576,1.28334,1.26635,0.84531,0.7,0.797,0.49419,1.42901,1.1086,1.24032,0.00436525,0.00436525,0.00436525
685,8922.16,1.39073,1.24857,1.25234,0.8565,0.69846,0.7988,0.49605,1.4319,1.10959,1.2411,0.004357,0.004357,0.004357
686,8935.42,1.37728,1.22035,1.25161,0.85618,0.7,0.79762,0.49523,1.43495,1.11307,1.24258,0.00434875,0.00434875,0.00434875
687,8948.26,1.38318,1.25163,1.25066,0.85125,0.69402,0.79639,0.4949,1.43708,1.11519,1.24242,0.0043405,0.0043405,0.0043405
688,8961.12,1.37501,1.23474,1.24328,0.85662,0.69574,0.7971,0.49287,1.43436,1.11282,1.24117,0.00433225,0.00433225,0.00433225
689,8973.96,1.36351,1.20583,1.24629,0.85549,0.70534,0.79912,0.49334,1.43354,1.11011,1.24047,0.004324,0.004324,0.004324
690,8986.8,1.37905,1.23937,1.25879,0.86557,0.69871,0.80033,0.49377,1.43315,1.11258,1.23926,0.00431575,0.00431575,0.00431575
691,8999.55,1.36804,1.22489,1.25089,0.8618,0.70322,0.80024,0.49563,1.43306,1.10912,1.23857,0.0043075,0.0043075,0.0043075
692,9012.13,1.42055,1.26196,1.26421,0.84587,0.70213,0.79893,0.49521,1.43256,1.10854,1.23946,0.00429925,0.00429925,0.00429925
693,9024.63,1.38376,1.2209,1.24418,0.84567,0.70638,0.79966,0.49492,1.43049,1.10602,1.2382,0.004291,0.004291,0.004291
694,9037.48,1.3495,1.20537,1.24213,0.86073,0.69693,0.80008,0.49236,1.43044,1.10653,1.2389,0.00428275,0.00428275,0.00428275
695,9050.21,1.36077,1.21367,1.24285,0.87769,0.68707,0.80254,0.49499,1.43204,1.10679,1.23983,0.0042745,0.0042745,0.0042745
696,9063.14,1.37116,1.23334,1.24874,0.87765,0.68723,0.80312,0.49461,1.43107,1.10329,1.23903,0.00426625,0.00426625,0.00426625
697,9075.94,1.4031,1.25788,1.26576,0.88098,0.68723,0.8032,0.49578,1.42623,1.10362,1.23621,0.004258,0.004258,0.004258
698,9089.03,1.36806,1.22119,1.24744,0.86744,0.69617,0.80179,0.49548,1.42685,1.10198,1.23473,0.00424975,0.00424975,0.00424975
699,9101.83,1.35895,1.19832,1.23663,0.86274,0.69541,0.80199,0.49652,1.42675,1.1053,1.23447,0.0042415,0.0042415,0.0042415
700,9114.94,1.38054,1.21948,1.24942,0.84596,0.70213,0.80107,0.49723,1.42283,1.10335,1.23259,0.00423325,0.00423325,0.00423325
701,9128.11,1.383,1.21044,1.24166,0.85678,0.69787,0.8025,0.49677,1.4196,1.10706,1.23078,0.004225,0.004225,0.004225
702,9140.83,1.36825,1.23531,1.24847,0.8444,0.70638,0.80245,0.49679,1.41892,1.10578,1.22847,0.00421675,0.00421675,0.00421675
703,9153.66,1.33909,1.19716,1.23819,0.82171,0.70638,0.79798,0.49674,1.41983,1.10205,1.23003,0.0042085,0.0042085,0.0042085
704,9166.57,1.36444,1.21104,1.24131,0.81966,0.70638,0.80029,0.49548,1.41766,1.10226,1.22985,0.00420025,0.00420025,0.00420025
705,9179.45,1.35273,1.20263,1.23363,0.86698,0.66809,0.80007,0.49773,1.41831,1.10405,1.22964,0.004192,0.004192,0.004192
706,9192.61,1.34143,1.19078,1.23467,0.862,0.67783,0.7962,0.49502,1.42023,1.10659,1.22991,0.00418375,0.00418375,0.00418375
707,9205.6,1.32724,1.18704,1.23877,0.87026,0.68506,0.80028,0.49491,1.4205,1.10462,1.22963,0.0041755,0.0041755,0.0041755
708,9218.5,1.37236,1.23583,1.24836,0.83212,0.70657,0.80054,0.49588,1.4215,1.10289,1.22967,0.00416725,0.00416725,0.00416725
709,9231.29,1.36292,1.20513,1.23997,0.84545,0.70638,0.80155,0.49481,1.42007,1.10562,1.22818,0.004159,0.004159,0.004159
710,9244.17,1.37486,1.24875,1.25376,0.83383,0.72553,0.80448,0.49916,1.41874,1.10336,1.22698,0.00415075,0.00415075,0.00415075
711,9257.17,1.35804,1.20642,1.23526,0.83176,0.72579,0.80483,0.49971,1.41699,1.09839,1.22577,0.0041425,0.0041425,0.0041425
712,9270.37,1.33957,1.16441,1.24477,0.84308,0.7234,0.80747,0.50397,1.41351,1.0954,1.22414,0.00413425,0.00413425,0.00413425
713,9283.45,1.36345,1.22217,1.24728,0.84025,0.7274,0.80947,0.50395,1.41094,1.09101,1.22379,0.004126,0.004126,0.004126
714,9296.67,1.33963,1.20294,1.23484,0.84907,0.72128,0.80905,0.50532,1.40908,1.09031,1.22284,0.00411775,0.00411775,0.00411775
715,9309.93,1.34852,1.1934,1.24112,0.84126,0.71915,0.80612,0.50487,1.40562,1.08848,1.2211,0.0041095,0.0041095,0.0041095
716,9322.78,1.3807,1.21486,1.2473,0.8544,0.71277,0.80555,0.50735,1.40197,1.08413,1.22008,0.00410125,0.00410125,0.00410125
717,9335.91,1.33123,1.19502,1.23579,0.86333,0.71235,0.8096,0.50784,1.40006,1.08048,1.21801,0.004093,0.004093,0.004093
718,9349.06,1.34431,1.19757,1.22737,0.85814,0.72075,0.8106,0.50954,1.39946,1.0816,1.21725,0.00408475,0.00408475,0.00408475
719,9362.18,1.33668,1.17608,1.22775,0.8584,0.72979,0.81284,0.51032,1.39737,1.08125,1.21586,0.0040765,0.0040765,0.0040765
720,9375.02,1.36729,1.19005,1.24449,0.84114,0.73227,0.81264,0.51234,1.39655,1.0806,1.21502,0.00406825,0.00406825,0.00406825
721,9388.05,1.34769,1.20271,1.24306,0.86413,0.71489,0.81303,0.51318,1.39505,1.07635,1.21428,0.00406,0.00406,0.00406
722,9401.24,1.33889,1.16982,1.2271,0.86411,0.71277,0.81431,0.51454,1.39056,1.07317,1.20996,0.00405175,0.00405175,0.00405175
723,9414.33,1.34117,1.17522,1.23814,0.85285,0.72757,0.81524,0.51427,1.38776,1.06973,1.20689,0.0040435,0.0040435,0.0040435
724,9427.16,1.32007,1.15554,1.22755,0.84033,0.73191,0.81487,0.51399,1.38413,1.06727,1.20426,0.00403525,0.00403525,0.00403525
725,9439.92,1.34806,1.18643,1.22964,0.84411,0.73734,0.81618,0.51554,1.38288,1.0663,1.20252,0.004027,0.004027,0.004027
726,9452.98,1.33926,1.16705,1.22637,0.85729,0.72853,0.81633,0.51582,1.38301,1.06572,1.20121,0.00401875,0.00401875,0.00401875
727,9465.86,1.32231,1.16554,1.22979,0.85091,0.72766,0.81792,0.51516,1.38256,1.06386,1.19899,0.0040105,0.0040105,0.0040105
728,9478.22,1.33279,1.16328,1.22286,0.85854,0.7234,0.81793,0.5169,1.38308,1.05914,1.19927,0.00400225,0.00400225,0.00400225
729,9490.85,1.35212,1.20801,1.23248,0.85919,0.72553,0.81893,0.51703,1.38327,1.0584,1.19908,0.003994,0.003994,0.003994
730,9503.74,1.3163,1.16391,1.22328,0.85111,0.72976,0.81914,0.51897,1.38231,1.05901,1.19797,0.00398575,0.00398575,0.00398575
731,9516.8,1.33027,1.18347,1.22742,0.85139,0.73404,0.81863,0.51764,1.3829,1.05884,1.1976,0.0039775,0.0039775,0.0039775
732,9529.72,1.31537,1.14644,1.21619,0.84197,0.73404,0.81855,0.51871,1.3823,1.05903,1.1984,0.00396925,0.00396925,0.00396925
733,9542.67,1.32779,1.16612,1.2185,0.83385,0.73681,0.81717,0.52029,1.38027,1.05883,1.19805,0.003961,0.003961,0.003961
734,9555.8,1.32867,1.14872,1.21966,0.83742,0.73404,0.81662,0.51956,1.3781,1.05534,1.19856,0.00395275,0.00395275,0.00395275
735,9568.71,1.31789,1.16783,1.22368,0.8455,0.73617,0.81804,0.5181,1.37636,1.05333,1.19808,0.0039445,0.0039445,0.0039445
736,9581.61,1.31163,1.14041,1.2102,0.85492,0.73191,0.81867,0.51885,1.37311,1.05154,1.19751,0.00393625,0.00393625,0.00393625
737,9594.24,1.32405,1.14025,1.21378,0.85379,0.73191,0.82041,0.51817,1.36998,1.04922,1.1958,0.003928,0.003928,0.003928
738,9607.01,1.29373,1.13236,1.21079,0.85337,0.73056,0.82109,0.51951,1.3655,1.04542,1.19256,0.00391975,0.00391975,0.00391975
739,9619.89,1.29798,1.12344,1.21531,0.85616,0.73452,0.82249,0.52019,1.36349,1.04235,1.19021,0.0039115,0.0039115,0.0039115
740,9633.09,1.32819,1.16109,1.22603,0.85458,0.73772,0.82269,0.5221,1.36207,1.04067,1.18969,0.00390325,0.00390325,0.00390325
741,9646.29,1.30127,1.14671,1.21754,0.86117,0.74043,0.82245,0.52247,1.36119,1.0373,1.18997,0.003895,0.003895,0.003895
742,9659.49,1.29115,1.13362,1.22198,0.87127,0.73404,0.82271,0.52448,1.36035,1.03436,1.18969,0.00388675,0.00388675,0.00388675
743,9672.48,1.31425,1.14308,1.22067,0.86977,0.73892,0.82421,0.5253,1.36111,1.03284,1.18977,0.0038785,0.0038785,0.0038785
744,9685.14,1.31545,1.14237,1.21388,0.86687,0.7383,0.82544,0.52576,1.35967,1.03346,1.18832,0.00387025,0.00387025,0.00387025
745,9698.31,1.31276,1.14313,1.21539,0.86653,0.73404,0.82746,0.52779,1.35758,1.0328,1.18626,0.003862,0.003862,0.003862
746,9711.37,1.31559,1.16127,1.22213,0.87141,0.73531,0.82687,0.52717,1.35644,1.03163,1.1858,0.00385375,0.00385375,0.00385375
747,9724.15,1.30428,1.14435,1.20417,0.87799,0.73494,0.82687,0.52662,1.35439,1.03243,1.18481,0.0038455,0.0038455,0.0038455
748,9737.09,1.30058,1.13341,1.2064,0.8717,0.72979,0.8269,0.52721,1.35444,1.03232,1.18465,0.00383725,0.00383725,0.00383725
749,9750.01,1.28691,1.11494,1.2039,0.87601,0.72766,0.82769,0.52707,1.3557,1.03159,1.18557,0.003829,0.003829,0.003829
750,9762.97,1.30308,1.14623,1.20757,0.87467,0.72758,0.82969,0.52566,1.3554,1.03086,1.18646,0.00382075,0.00382075,0.00382075
751,9775.87,1.32916,1.15922,1.21626,0.86009,0.73248,0.82995,0.52544,1.3548,1.02956,1.18681,0.0038125,0.0038125,0.0038125
752,9788.8,1.32232,1.15555,1.21759,0.86062,0.72979,0.82984,0.52591,1.35232,1.02806,1.18452,0.00380425,0.00380425,0.00380425
753,9801.64,1.28821,1.12664,1.20569,0.86411,0.73191,0.83054,0.52761,1.35285,1.02475,1.1846,0.003796,0.003796,0.003796
754,9814.79,1.27737,1.114,1.19408,0.87996,0.72128,0.82984,0.52825,1.35391,1.02461,1.18498,0.00378775,0.00378775,0.00378775
755,9827.76,1.29865,1.1255,1.20214,0.8793,0.72128,0.83011,0.52789,1.35461,1.02366,1.1856,0.0037795,0.0037795,0.0037795
756,9840.54,1.29809,1.15354,1.20721,0.8676,0.725,0.82962,0.52903,1.35469,1.02446,1.18494,0.00377125,0.00377125,0.00377125
757,9853.55,1.29135,1.11851,1.2039,0.87604,0.72553,0.83029,0.52992,1.35417,1.02383,1.18529,0.003763,0.003763,0.003763
758,9866.75,1.29888,1.13244,1.20668,0.88567,0.72766,0.83123,0.52925,1.35318,1.02298,1.18397,0.00375475,0.00375475,0.00375475
759,9879.65,1.29988,1.11076,1.19882,0.87955,0.73019,0.83082,0.52964,1.35249,1.02419,1.1837,0.0037465,0.0037465,0.0037465
760,9892.53,1.29389,1.1288,1.20883,0.88033,0.73565,0.83064,0.5294,1.35358,1.02447,1.1849,0.00373825,0.00373825,0.00373825
761,9905.4,1.26194,1.09107,1.19423,0.8738,0.73191,0.8308,0.53058,1.35355,1.02363,1.18491,0.00373,0.00373,0.00373
762,9918.48,1.29311,1.115,1.19398,0.87515,0.73077,0.83151,0.53143,1.35233,1.02526,1.18432,0.00372175,0.00372175,0.00372175
763,9931.64,1.28681,1.13668,1.20544,0.86574,0.73617,0.8307,0.53246,1.34958,1.02474,1.18307,0.0037135,0.0037135,0.0037135
764,9944.68,1.28317,1.11764,1.21468,0.86951,0.73726,0.83225,0.53181,1.34803,1.0237,1.18248,0.00370525,0.00370525,0.00370525
765,9957.32,1.28347,1.12674,1.19991,0.86994,0.74,0.8325,0.53258,1.34655,1.02154,1.18134,0.003697,0.003697,0.003697
766,9970.47,1.28253,1.11178,1.20376,0.87998,0.7332,0.8329,0.53323,1.34584,1.01947,1.18095,0.00368875,0.00368875,0.00368875
767,9983.12,1.26257,1.09284,1.18799,0.87835,0.73617,0.83291,0.53373,1.34502,1.02155,1.18023,0.0036805,0.0036805,0.0036805
768,9996.04,1.29272,1.12517,1.19913,0.87969,0.73119,0.83277,0.53448,1.34463,1.02409,1.18,0.00367225,0.00367225,0.00367225
769,10009.1,1.26797,1.09229,1.18849,0.8726,0.74894,0.83433,0.53461,1.34414,1.02593,1.17959,0.003664,0.003664,0.003664
770,10022,1.26071,1.09824,1.19146,0.87326,0.74894,0.83405,0.5347,1.34423,1.02501,1.17854,0.00365575,0.00365575,0.00365575
771,10035.1,1.28423,1.10973,1.20215,0.87733,0.74562,0.83523,0.53477,1.34477,1.02451,1.17711,0.0036475,0.0036475,0.0036475
772,10048.3,1.30994,1.1412,1.21322,0.88169,0.74526,0.83533,0.53312,1.34622,1.02561,1.17545,0.00363925,0.00363925,0.00363925
773,10061.2,1.27995,1.10544,1.19799,0.87931,0.74043,0.83553,0.53504,1.34718,1.02754,1.17468,0.003631,0.003631,0.003631
774,10074.3,1.28062,1.11132,1.19766,0.87947,0.74518,0.83573,0.53505,1.34566,1.02819,1.17337,0.00362275,0.00362275,0.00362275
775,10087.4,1.27815,1.11381,1.19435,0.87467,0.74894,0.83546,0.53519,1.34491,1.02866,1.17259,0.0036145,0.0036145,0.0036145
776,10100.6,1.26916,1.09861,1.20044,0.87722,0.74487,0.83486,0.53512,1.34282,1.02627,1.17112,0.00360625,0.00360625,0.00360625
777,10113.5,1.26484,1.09335,1.20139,0.89456,0.74006,0.83502,0.53668,1.34073,1.02424,1.17025,0.003598,0.003598,0.003598
778,10126.6,1.31092,1.11548,1.19506,0.89459,0.7403,0.83653,0.53685,1.33827,1.02165,1.16921,0.00358975,0.00358975,0.00358975
779,10139.6,1.27075,1.09565,1.18524,0.89377,0.7383,0.83697,0.53613,1.33835,1.01956,1.16912,0.0035815,0.0035815,0.0035815
780,10152.5,1.27723,1.10175,1.19483,0.88349,0.74214,0.83801,0.53799,1.33888,1.01791,1.16966,0.00357325,0.00357325,0.00357325
781,10165.6,1.28099,1.10076,1.19074,0.89143,0.7383,0.8386,0.53713,1.33801,1.01443,1.16895,0.003565,0.003565,0.003565
782,10178.4,1.25116,1.08913,1.18558,0.91269,0.73401,0.8377,0.53746,1.3378,1.01234,1.16863,0.00355675,0.00355675,0.00355675
783,10191.2,1.26351,1.09969,1.19112,0.91264,0.73346,0.83809,0.53571,1.33812,1.01243,1.1682,0.0035485,0.0035485,0.0035485
784,10204,1.26402,1.0717,1.18965,0.91228,0.73617,0.84229,0.5361,1.33786,1.01119,1.16705,0.00354025,0.00354025,0.00354025
785,10216.9,1.29858,1.13817,1.2029,0.9073,0.73617,0.8415,0.53694,1.33749,1.00878,1.16605,0.003532,0.003532,0.003532
786,10229.8,1.25958,1.10716,1.19255,0.88747,0.74894,0.84197,0.53818,1.33693,1.00781,1.16513,0.00352375,0.00352375,0.00352375
787,10242.9,1.2685,1.10468,1.18672,0.88902,0.74894,0.84215,0.53861,1.33688,1.0085,1.16518,0.0035155,0.0035155,0.0035155
788,10256.1,1.25877,1.08451,1.17156,0.87841,0.75319,0.84201,0.54005,1.33596,1.00732,1.16521,0.00350725,0.00350725,0.00350725
789,10269.2,1.26304,1.0943,1.1887,0.90199,0.7383,0.84261,0.5404,1.33448,1.00713,1.16551,0.003499,0.003499,0.003499
790,10282.3,1.29274,1.10432,1.19456,0.91305,0.72979,0.84263,0.54001,1.33423,1.00694,1.16685,0.00349075,0.00349075,0.00349075
791,10295,1.2566,1.05774,1.17175,0.91717,0.73034,0.84342,0.54009,1.33345,1.00472,1.16636,0.0034825,0.0034825,0.0034825
792,10307.8,1.24728,1.07651,1.16967,0.91472,0.73191,0.84332,0.5407,1.33295,1.00379,1.16585,0.00347425,0.00347425,0.00347425
793,10320.9,1.25583,1.09132,1.18566,0.91014,0.73273,0.8428,0.54126,1.33313,1.00447,1.16517,0.003466,0.003466,0.003466
794,10334.1,1.26019,1.07816,1.17934,0.91243,0.73191,0.84395,0.54114,1.33199,1.0049,1.16524,0.00345775,0.00345775,0.00345775
795,10347.2,1.28114,1.11391,1.19221,0.90959,0.72979,0.84517,0.54061,1.33211,1.00463,1.16577,0.0034495,0.0034495,0.0034495
796,10360.1,1.25696,1.09598,1.18259,0.8881,0.75532,0.84465,0.53935,1.33124,1.00541,1.1649,0.00344125,0.00344125,0.00344125
797,10372.9,1.27202,1.10286,1.17791,0.89068,0.75532,0.84482,0.54038,1.33132,1.00366,1.16426,0.003433,0.003433,0.003433
798,10385.6,1.25678,1.07024,1.17824,0.9043,0.74386,0.84446,0.53948,1.32967,1.00057,1.16333,0.00342475,0.00342475,0.00342475
799,10398.4,1.26177,1.09271,1.18789,0.90349,0.73697,0.84504,0.53896,1.32938,1.00031,1.16342,0.0034165,0.0034165,0.0034165
800,10411.2,1.24192,1.08151,1.17136,0.88805,0.75532,0.84526,0.53968,1.3303,1.0001,1.16421,0.00340825,0.00340825,0.00340825
801,10424,1.25906,1.09799,1.18812,0.88856,0.75319,0.84524,0.54026,1.33209,1.00019,1.16488,0.0034,0.0034,0.0034
802,10436.5,1.24662,1.06506,1.16246,0.89642,0.75319,0.84552,0.53968,1.33147,0.99886,1.16492,0.00339175,0.00339175,0.00339175
803,10449.3,1.24461,1.08608,1.17777,0.89899,0.75319,0.84549,0.5404,1.32963,0.99565,1.16387,0.0033835,0.0033835,0.0033835
804,10462.2,1.25021,1.08142,1.17562,0.90243,0.74781,0.84517,0.54002,1.32879,0.99273,1.16335,0.00337525,0.00337525,0.00337525
805,10475,1.23495,1.0599,1.16795,0.9037,0.73872,0.84532,0.54029,1.32883,0.99107,1.16295,0.003367,0.003367,0.003367
806,10487.8,1.25712,1.06765,1.17417,0.90824,0.73705,0.84372,0.5401,1.32901,0.99017,1.16332,0.00335875,0.00335875,0.00335875
807,10500.7,1.27328,1.08691,1.18799,0.89896,0.73826,0.84383,0.54296,1.32786,0.99021,1.16199,0.0033505,0.0033505,0.0033505
808,10513.8,1.23902,1.06843,1.18672,0.90131,0.73839,0.844,0.54269,1.32651,0.98969,1.16142,0.00334225,0.00334225,0.00334225
809,10526.7,1.27312,1.082,1.19126,0.90125,0.73787,0.84412,0.54381,1.32627,0.98884,1.1613,0.003334,0.003334,0.003334
810,10539.8,1.23615,1.0617,1.17001,0.90351,0.73716,0.84375,0.54461,1.32539,0.98796,1.16099,0.00332575,0.00332575,0.00332575
811,10553,1.24139,1.07845,1.1739,0.90678,0.73617,0.84394,0.54724,1.32427,0.98674,1.16042,0.0033175,0.0033175,0.0033175
812,10566,1.23517,1.0474,1.17435,0.90889,0.73617,0.84404,0.5466,1.32323,0.98538,1.16097,0.00330925,0.00330925,0.00330925
813,10578.9,1.23887,1.04797,1.16761,0.90949,0.7383,0.8445,0.54757,1.32107,0.98264,1.16034,0.003301,0.003301,0.003301
814,10592,1.23933,1.05808,1.167,0.91105,0.7383,0.84494,0.54804,1.3205,0.98068,1.16019,0.00329275,0.00329275,0.00329275
815,10605.2,1.22732,1.05418,1.18055,0.91818,0.74019,0.84595,0.54803,1.3195,0.97873,1.1598,0.0032845,0.0032845,0.0032845
816,10618.3,1.22621,1.06681,1.17069,0.91626,0.7383,0.84586,0.54857,1.31926,0.97775,1.15972,0.00327625,0.00327625,0.00327625
817,10631.4,1.22854,1.07676,1.17175,0.91724,0.7383,0.84605,0.54798,1.31682,0.97697,1.15901,0.003268,0.003268,0.003268
818,10644.2,1.24052,1.06362,1.17584,0.91472,0.7383,0.84683,0.54934,1.31569,0.9764,1.15813,0.00325975,0.00325975,0.00325975
819,10657.3,1.25179,1.09124,1.17663,0.91212,0.7383,0.84603,0.5479,1.31376,0.97495,1.15662,0.0032515,0.0032515,0.0032515
820,10670.2,1.24478,1.0642,1.17862,0.91005,0.7383,0.84711,0.54908,1.313,0.9733,1.15621,0.00324325,0.00324325,0.00324325
821,10682.9,1.23914,1.0583,1.16093,0.91524,0.73514,0.84806,0.5502,1.31071,0.97098,1.15447,0.003235,0.003235,0.003235
822,10696,1.22941,1.05304,1.16128,0.91777,0.73618,0.84851,0.55099,1.30955,0.97,1.15271,0.00322675,0.00322675,0.00322675
823,10709.2,1.21963,1.06385,1.16798,0.91846,0.7383,0.84852,0.55125,1.30913,0.96804,1.1517,0.0032185,0.0032185,0.0032185
824,10722.2,1.22356,1.05264,1.16228,0.91922,0.7383,0.84893,0.55144,1.30785,0.96693,1.15151,0.00321025,0.00321025,0.00321025
825,10735.3,1.25746,1.08636,1.17262,0.91822,0.7383,0.84842,0.55251,1.30691,0.96494,1.15143,0.003202,0.003202,0.003202
826,10748.4,1.23643,1.0616,1.17215,0.92225,0.74043,0.84947,0.55348,1.30616,0.96311,1.151,0.00319375,0.00319375,0.00319375
827,10761.4,1.23819,1.0515,1.15937,0.92143,0.74043,0.84906,0.55415,1.30585,0.96226,1.15044,0.0031855,0.0031855,0.0031855
828,10774.5,1.24669,1.07558,1.17322,0.92289,0.73844,0.85053,0.55385,1.30512,0.96055,1.14974,0.00317725,0.00317725,0.00317725
829,10787.1,1.25003,1.05082,1.15999,0.92074,0.7415,0.85178,0.55374,1.30371,0.96105,1.14971,0.003169,0.003169,0.003169
830,10799.9,1.22658,1.04956,1.16352,0.91887,0.74255,0.8535,0.55318,1.30336,0.9608,1.14984,0.00316075,0.00316075,0.00316075
831,10812.8,1.22431,1.04205,1.15949,0.92023,0.74043,0.85212,0.55329,1.30284,0.96029,1.1498,0.0031525,0.0031525,0.0031525
832,10825.6,1.20899,1.04766,1.16046,0.92127,0.74043,0.85187,0.55404,1.30205,0.95891,1.14921,0.00314425,0.00314425,0.00314425
833,10838.7,1.22389,1.03636,1.16272,0.92495,0.74255,0.85104,0.55401,1.30161,0.95802,1.1492,0.003136,0.003136,0.003136
834,10851.6,1.23204,1.05199,1.16983,0.9221,0.74255,0.84956,0.55321,1.30086,0.95745,1.14933,0.00312775,0.00312775,0.00312775
835,10864.2,1.19984,1.04003,1.14812,0.92531,0.73808,0.85028,0.5531,1.29952,0.95814,1.1492,0.0031195,0.0031195,0.0031195
836,10877,1.20265,1.01467,1.15502,0.91468,0.74255,0.85085,0.55429,1.2995,0.95767,1.1493,0.00311125,0.00311125,0.00311125
837,10890,1.19607,1.00909,1.15276,0.92034,0.73748,0.85098,0.55486,1.29896,0.95593,1.14914,0.003103,0.003103,0.003103
838,10903.2,1.20063,1.02887,1.16096,0.91193,0.74043,0.85122,0.55509,1.29803,0.95401,1.14862,0.00309475,0.00309475,0.00309475
839,10916.3,1.19238,1.01966,1.14537,0.91659,0.74043,0.8513,0.5558,1.29716,0.95228,1.14838,0.0030865,0.0030865,0.0030865
840,10929.6,1.18439,1.01447,1.15755,0.89818,0.74681,0.85124,0.55627,1.29561,0.95155,1.14817,0.00307825,0.00307825,0.00307825
841,10942.8,1.20917,1.04842,1.15328,0.89592,0.75094,0.85223,0.55385,1.2946,0.94955,1.14782,0.00307,0.00307,0.00307
842,10955.5,1.20407,1.02858,1.15596,0.88937,0.75957,0.85269,0.55463,1.29311,0.94757,1.14705,0.00306175,0.00306175,0.00306175
843,10968.3,1.23212,1.04755,1.16599,0.89201,0.75745,0.85332,0.55528,1.29276,0.9457,1.14632,0.0030535,0.0030535,0.0030535
844,10981.1,1.23683,1.06174,1.15941,0.89238,0.75859,0.85387,0.55586,1.291,0.94537,1.14548,0.00304525,0.00304525,0.00304525
845,10993.9,1.22287,1.02743,1.15763,0.89101,0.75957,0.85339,0.55579,1.28981,0.94449,1.14464,0.003037,0.003037,0.003037
846,11006.6,1.2175,1.03632,1.15233,0.8903,0.75975,0.8531,0.55701,1.28863,0.94364,1.14353,0.00302875,0.00302875,0.00302875
847,11019.7,1.19035,1.01389,1.16093,0.87777,0.76395,0.85226,0.55616,1.28857,0.94352,1.14328,0.0030205,0.0030205,0.0030205
848,11032.6,1.19275,1.02238,1.15105,0.88603,0.7609,0.85249,0.55675,1.28767,0.94316,1.14281,0.00301225,0.00301225,0.00301225
849,11045.5,1.21389,1.0262,1.13127,0.88646,0.7617,0.85277,0.55702,1.2871,0.94236,1.14237,0.003004,0.003004,0.003004
850,11058.4,1.19606,1.00614,1.1538,0.88813,0.76013,0.85287,0.55728,1.28685,0.94324,1.14217,0.00299575,0.00299575,0.00299575
851,11071.5,1.20364,1.01204,1.14716,0.89602,0.75319,0.85314,0.55732,1.28646,0.94303,1.14205,0.0029875,0.0029875,0.0029875
852,11084.7,1.22173,1.02885,1.15819,0.89831,0.75184,0.85453,0.55808,1.28573,0.94262,1.14157,0.00297925,0.00297925,0.00297925
853,11097.7,1.20003,1.00108,1.14708,0.90263,0.74954,0.85511,0.5586,1.28462,0.94324,1.14055,0.002971,0.002971,0.002971
854,11110.8,1.1907,0.99303,1.13589,0.89642,0.75499,0.8548,0.55866,1.28338,0.94286,1.13958,0.00296275,0.00296275,0.00296275
855,11123.7,1.20347,1.01865,1.14906,0.90355,0.75319,0.85494,0.55907,1.28268,0.94201,1.13939,0.0029545,0.0029545,0.0029545
856,11136.8,1.20082,1.04056,1.15335,0.90533,0.75283,0.85475,0.56012,1.28171,0.94077,1.13803,0.00294625,0.00294625,0.00294625
857,11149.8,1.17531,1.00107,1.15034,0.90535,0.75297,0.8552,0.56017,1.28042,0.94113,1.13726,0.002938,0.002938,0.002938
858,11163,1.18585,1.00306,1.13762,0.90809,0.75679,0.85762,0.56143,1.27943,0.94101,1.13693,0.00292975,0.00292975,0.00292975
859,11176.2,1.17464,1.00155,1.14328,0.90549,0.7542,0.85747,0.56206,1.27803,0.94051,1.13676,0.0029215,0.0029215,0.0029215
860,11189.4,1.20563,1.02683,1.14805,0.90326,0.75486,0.85762,0.56236,1.27701,0.94021,1.13599,0.00291325,0.00291325,0.00291325
861,11202.3,1.19596,1.01345,1.14701,0.90213,0.75532,0.85792,0.56264,1.27572,0.94002,1.13538,0.002905,0.002905,0.002905
862,11215.3,1.18541,1.0113,1.1549,0.9024,0.75745,0.858,0.56295,1.27508,0.93997,1.13493,0.00289675,0.00289675,0.00289675
863,11228.3,1.1918,0.99692,1.14526,0.904,0.75745,0.85825,0.56433,1.27352,0.94027,1.13338,0.0028885,0.0028885,0.0028885
864,11241.5,1.18947,1.00911,1.1492,0.90803,0.75622,0.85899,0.5651,1.27237,0.94048,1.13296,0.00288025,0.00288025,0.00288025
865,11254.6,1.18703,1.00608,1.15272,0.90689,0.75532,0.85933,0.5633,1.27154,0.93891,1.13226,0.002872,0.002872,0.002872
866,11267.3,1.19537,0.99635,1.14004,0.91143,0.75532,0.85959,0.5639,1.2717,0.9382,1.13293,0.00286375,0.00286375,0.00286375
867,11280.2,1.18371,0.99884,1.14594,0.91311,0.75532,0.85974,0.56452,1.27081,0.93705,1.1324,0.0028555,0.0028555,0.0028555
868,11293,1.17144,0.99976,1.13179,0.91445,0.75532,0.85986,0.56512,1.27,0.93638,1.13177,0.00284725,0.00284725,0.00284725
869,11306.1,1.19397,0.99725,1.13931,0.91499,0.75574,0.86028,0.56614,1.26943,0.93742,1.13093,0.002839,0.002839,0.002839
870,11319.4,1.17639,1.0154,1.14679,0.91015,0.7617,0.86113,0.56568,1.26907,0.93792,1.13023,0.00283075,0.00283075,0.00283075
871,11332.1,1.18854,0.9951,1.139,0.91109,0.7617,0.86084,0.56494,1.26924,0.93919,1.12998,0.0028225,0.0028225,0.0028225
872,11345,1.21123,1.01089,1.15102,0.91357,0.76466,0.86083,0.56529,1.26905,0.93914,1.1297,0.00281425,0.00281425,0.00281425
873,11357.8,1.19944,1.01022,1.15056,0.91328,0.76596,0.86089,0.56559,1.26848,0.93861,1.12835,0.002806,0.002806,0.002806
874,11370.6,1.20513,1.02047,1.15908,0.91262,0.76596,0.86056,0.56518,1.26794,0.93841,1.12807,0.00279775,0.00279775,0.00279775
875,11383.5,1.18755,0.98481,1.13402,0.91266,0.76596,0.86017,0.56628,1.26705,0.93905,1.1275,0.0027895,0.0027895,0.0027895
876,11396.6,1.19677,1.00974,1.14635,0.91369,0.76579,0.86034,0.56746,1.26629,0.93831,1.12696,0.00278125,0.00278125,0.00278125
877,11409.6,1.19281,1.0056,1.14034,0.91369,0.76596,0.86048,0.56766,1.2656,0.93867,1.12642,0.002773,0.002773,0.002773
878,11422.6,1.20358,1.00701,1.14472,0.91093,0.76158,0.86054,0.5671,1.26512,0.93817,1.12614,0.00276475,0.00276475,0.00276475
879,11435.3,1.1816,1.01304,1.14019,0.90888,0.76402,0.85964,0.56647,1.26438,0.93718,1.12604,0.0027565,0.0027565,0.0027565
880,11448.2,1.1777,1.0146,1.14375,0.90875,0.76383,0.85989,0.56673,1.26357,0.93624,1.12558,0.00274825,0.00274825,0.00274825
881,11461,1.17802,1.00542,1.13411,0.90736,0.76383,0.86028,0.56656,1.26244,0.93495,1.1252,0.00274,0.00274,0.00274
882,11474,1.18732,1.0028,1.1338,0.90679,0.7659,0.86003,0.56691,1.26162,0.93268,1.12495,0.00273175,0.00273175,0.00273175
883,11486.8,1.173,0.97368,1.12641,0.90359,0.76596,0.85994,0.56713,1.26102,0.93174,1.12454,0.0027235,0.0027235,0.0027235
884,11499.6,1.18439,1.00155,1.1362,0.89914,0.76596,0.86011,0.56699,1.26042,0.93081,1.12417,0.00271525,0.00271525,0.00271525
885,11512.4,1.19046,1.00737,1.14102,0.89952,0.76809,0.86055,0.56795,1.25989,0.93029,1.12396,0.002707,0.002707,0.002707
886,11525.4,1.17574,0.98843,1.1352,0.89502,0.76809,0.86045,0.56773,1.26026,0.92926,1.12409,0.00269875,0.00269875,0.00269875
887,11538.2,1.17456,0.97013,1.12752,0.89564,0.77234,0.86075,0.56777,1.26049,0.9295,1.12413,0.0026905,0.0026905,0.0026905
888,11551,1.17184,0.99082,1.13897,0.89536,0.77234,0.86125,0.56905,1.26051,0.9294,1.12416,0.00268225,0.00268225,0.00268225
889,11564.2,1.17929,1.00785,1.13386,0.89566,0.77234,0.86096,0.56897,1.26078,0.92869,1.12473,0.002674,0.002674,0.002674
890,11577,1.15174,0.96835,1.12181,0.89684,0.77234,0.86106,0.56945,1.26061,0.92764,1.12424,0.00266575,0.00266575,0.00266575
891,11590.1,1.16962,0.99069,1.13453,0.89767,0.77234,0.86169,0.5697,1.26041,0.92674,1.12388,0.0026575,0.0026575,0.0026575
892,11602.9,1.17385,1.00374,1.13814,0.90081,0.7729,0.86191,0.56985,1.25892,0.92589,1.12361,0.00264925,0.00264925,0.00264925
893,11616,1.15681,0.98433,1.13841,0.90302,0.77262,0.86438,0.57142,1.25809,0.92579,1.12342,0.002641,0.002641,0.002641
894,11629.3,1.17656,0.9819,1.13742,0.90538,0.77367,0.86487,0.57115,1.25745,0.92477,1.12329,0.00263275,0.00263275,0.00263275
895,11642.1,1.15569,0.97228,1.12623,0.90524,0.7724,0.86695,0.57068,1.25741,0.92424,1.12326,0.0026245,0.0026245,0.0026245
896,11654.9,1.17058,0.97983,1.13598,0.90515,0.77157,0.86719,0.57113,1.25685,0.92413,1.12312,0.00261625,0.00261625,0.00261625
897,11667.9,1.17105,0.96902,1.12745,0.9052,0.77198,0.8671,0.57137,1.25625,0.92426,1.12306,0.002608,0.002608,0.002608
898,11681.1,1.14166,0.97454,1.12125,0.90723,0.77234,0.86764,0.57159,1.25503,0.92414,1.1228,0.00259975,0.00259975,0.00259975
899,11694.1,1.15653,0.96724,1.11645,0.90734,0.77234,0.86767,0.57202,1.2551,0.92404,1.12276,0.0025915,0.0025915,0.0025915
900,11707.3,1.15529,0.96712,1.11798,0.90716,0.76918,0.86763,0.57344,1.25408,0.92343,1.12235,0.00258325,0.00258325,0.00258325
901,11720.4,1.1464,0.94239,1.11264,0.90692,0.76702,0.86837,0.57426,1.2532,0.9226,1.1218,0.002575,0.002575,0.002575
902,11733.4,1.17104,0.99187,1.13254,0.91019,0.76596,0.86812,0.57451,1.25259,0.92159,1.12131,0.00256675,0.00256675,0.00256675
903,11746.5,1.14017,0.96586,1.12412,0.90683,0.76621,0.86801,0.57455,1.25166,0.9206,1.12083,0.0025585,0.0025585,0.0025585
904,11759.5,1.16484,0.99229,1.13456,0.90638,0.76809,0.86792,0.57562,1.25071,0.92004,1.12033,0.00255025,0.00255025,0.00255025
905,11772.6,1.1359,0.96255,1.12237,0.9075,0.77238,0.86876,0.57547,1.25057,0.91919,1.12035,0.002542,0.002542,0.002542
906,11785.3,1.15293,0.9682,1.12722,0.9061,0.77234,0.86886,0.57665,1.2502,0.9183,1.12008,0.00253375,0.00253375,0.00253375
907,11798.4,1.15268,0.97359,1.13693,0.9094,0.77234,0.86939,0.57946,1.24964,0.91835,1.11999,0.0025255,0.0025255,0.0025255
908,11811.5,1.15597,0.97399,1.12547,0.91016,0.77234,0.86958,0.57798,1.24917,0.91751,1.11989,0.00251725,0.00251725,0.00251725
909,11824.2,1.141,0.96455,1.13357,0.91057,0.77447,0.87026,0.57793,1.2492,0.91696,1.11981,0.002509,0.002509,0.002509
910,11837,1.15057,0.95866,1.12614,0.90747,0.77447,0.87018,0.57782,1.24835,0.91713,1.11942,0.00250075,0.00250075,0.00250075
911,11850,1.16353,0.96464,1.13397,0.90613,0.77447,0.87073,0.57875,1.2479,0.91696,1.11889,0.0024925,0.0024925,0.0024925
912,11862.9,1.14467,0.94146,1.10851,0.90701,0.77447,0.86973,0.5794,1.2475,0.9168,1.11874,0.00248425,0.00248425,0.00248425
913,11875.7,1.12964,0.9363,1.11611,0.90538,0.77447,0.87164,0.57894,1.24708,0.91659,1.11873,0.002476,0.002476,0.002476
914,11888.5,1.15104,0.95941,1.11757,0.90642,0.77447,0.87156,0.57939,1.24656,0.91605,1.11861,0.00246775,0.00246775,0.00246775
915,11901.6,1.13847,0.94242,1.11061,0.90658,0.77447,0.87205,0.57948,1.24618,0.91558,1.11827,0.0024595,0.0024595,0.0024595
916,11914.7,1.13891,0.94629,1.10897,0.91977,0.77447,0.87187,0.57978,1.24546,0.91559,1.11808,0.00245125,0.00245125,0.00245125
917,11927.8,1.1531,0.95318,1.12281,0.9185,0.77447,0.87209,0.58135,1.24476,0.91523,1.11753,0.002443,0.002443,0.002443
918,11940.9,1.15104,0.96057,1.1123,0.91505,0.77447,0.8719,0.58071,1.24392,0.91493,1.11706,0.00243475,0.00243475,0.00243475
919,11953.7,1.1651,0.95763,1.11567,0.92051,0.77447,0.87223,0.58084,1.24355,0.91479,1.11692,0.0024265,0.0024265,0.0024265
920,11966.5,1.15253,0.95411,1.12224,0.91958,0.77856,0.87226,0.58114,1.2433,0.914,1.11679,0.00241825,0.00241825,0.00241825
921,11979.2,1.15879,0.97611,1.12546,0.91663,0.77872,0.87206,0.58141,1.24301,0.91287,1.11691,0.00241,0.00241,0.00241
922,11992.4,1.13798,0.96153,1.12189,0.91628,0.77872,0.8725,0.58253,1.24304,0.91265,1.11725,0.00240175,0.00240175,0.00240175
923,12005.4,1.14141,0.94276,1.10397,0.91787,0.7766,0.87273,0.58202,1.24261,0.91199,1.11731,0.0023935,0.0023935,0.0023935
924,12018.3,1.14749,0.97733,1.12399,0.91722,0.7766,0.87303,0.58142,1.24274,0.91126,1.11764,0.00238525,0.00238525,0.00238525
925,12030.9,1.11022,0.92734,1.11104,0.91777,0.7766,0.87284,0.58149,1.24258,0.91097,1.11736,0.002377,0.002377,0.002377
926,12043.8,1.14323,0.94019,1.11848,0.92038,0.7766,0.87265,0.58275,1.24174,0.91085,1.11693,0.00236875,0.00236875,0.00236875
927,12056.9,1.13322,0.95262,1.13254,0.92398,0.77583,0.87273,0.58302,1.24137,0.90987,1.11661,0.0023605,0.0023605,0.0023605
928,12070.1,1.14181,0.93214,1.10549,0.91918,0.77433,0.8723,0.58253,1.24106,0.90968,1.11663,0.00235225,0.00235225,0.00235225
929,12083,1.1326,0.94232,1.11396,0.91916,0.77418,0.87214,0.5833,1.24057,0.90926,1.11624,0.002344,0.002344,0.002344
930,12096.1,1.12886,0.95831,1.11485,0.92486,0.77234,0.87263,0.58369,1.23985,0.90888,1.11594,0.00233575,0.00233575,0.00233575
931,12109.2,1.14456,0.96771,1.12478,0.91938,0.77234,0.87316,0.58351,1.2396,0.90811,1.11552,0.0023275,0.0023275,0.0023275
932,12121.8,1.13302,0.94902,1.11318,0.92458,0.77234,0.87353,0.58414,1.23881,0.90742,1.11495,0.00231925,0.00231925,0.00231925
933,12135,1.12918,0.95313,1.11762,0.91201,0.77234,0.8731,0.58469,1.23852,0.90692,1.11457,0.002311,0.002311,0.002311
934,12148.1,1.12693,0.9525,1.10623,0.9127,0.77234,0.87297,0.58424,1.23841,0.90674,1.11425,0.00230275,0.00230275,0.00230275
935,12160.9,1.14932,0.96387,1.11749,0.92213,0.77021,0.87353,0.58414,1.23799,0.90608,1.11396,0.0022945,0.0022945,0.0022945
936,12173.8,1.12776,0.94143,1.11118,0.9211,0.77021,0.87447,0.58531,1.23762,0.90524,1.1137,0.00228625,0.00228625,0.00228625
937,12186.8,1.13586,0.94145,1.11462,0.92132,0.77021,0.87404,0.5852,1.23727,0.9047,1.11339,0.002278,0.002278,0.002278
938,12199.8,1.13939,0.96575,1.1124,0.91889,0.77021,0.8742,0.58514,1.23654,0.90419,1.11308,0.00226975,0.00226975,0.00226975
939,12212.6,1.09877,0.9175,1.09366,0.91951,0.77021,0.87485,0.58593,1.23684,0.90405,1.11307,0.0022615,0.0022615,0.0022615
940,12225.9,1.1313,0.93224,1.10798,0.91991,0.77021,0.87499,0.58623,1.2362,0.90298,1.11289,0.00225325,0.00225325,0.00225325
941,12239.1,1.14315,0.92843,1.11063,0.92247,0.77021,0.8752,0.58664,1.23551,0.90285,1.11258,0.002245,0.002245,0.002245
942,12252.4,1.15265,0.954,1.1196,0.9251,0.77021,0.87537,0.58609,1.23524,0.9024,1.11235,0.00223675,0.00223675,0.00223675
943,12265.1,1.12543,0.94056,1.11048,0.92858,0.76809,0.87554,0.5871,1.23493,0.90223,1.11216,0.0022285,0.0022285,0.0022285
944,12278.3,1.11325,0.92349,1.10704,0.93765,0.76798,0.87598,0.58766,1.23469,0.90215,1.1117,0.00222025,0.00222025,0.00222025
945,12291.6,1.12015,0.94319,1.10799,0.93511,0.76596,0.87572,0.58696,1.23485,0.90173,1.11181,0.002212,0.002212,0.002212
946,12304.5,1.11554,0.92206,1.10587,0.93796,0.76809,0.87589,0.58672,1.23437,0.90101,1.11156,0.00220375,0.00220375,0.00220375
947,12317.4,1.10335,0.92492,1.10001,0.93666,0.76809,0.87569,0.58711,1.23434,0.90057,1.11136,0.0021955,0.0021955,0.0021955
948,12330.3,1.12477,0.93333,1.11047,0.93737,0.76422,0.87604,0.58722,1.23403,0.8999,1.11117,0.00218725,0.00218725,0.00218725
949,12343.2,1.12441,0.93264,1.10729,0.93762,0.77021,0.87661,0.58842,1.23389,0.8995,1.11104,0.002179,0.002179,0.002179
950,12356.4,1.13253,0.93395,1.10604,0.93759,0.76711,0.87649,0.5891,1.23391,0.90004,1.11093,0.00217075,0.00217075,0.00217075
951,12369.6,1.12839,0.93836,1.11334,0.93915,0.76383,0.87658,0.58908,1.23302,0.89902,1.11082,0.0021625,0.0021625,0.0021625
952,12382.5,1.11903,0.92556,1.1043,0.93525,0.76383,0.87614,0.58964,1.23285,0.89926,1.11084,0.00215425,0.00215425,0.00215425
953,12395.7,1.12753,0.94411,1.12091,0.93754,0.76651,0.87657,0.58951,1.23274,0.89861,1.11079,0.002146,0.002146,0.002146
954,12408.5,1.10433,0.91757,1.10029,0.93739,0.76457,0.87653,0.58971,1.23254,0.89793,1.11056,0.00213775,0.00213775,0.00213775
955,12421.6,1.11359,0.92738,1.10155,0.93782,0.76809,0.87706,0.58951,1.2324,0.89806,1.11035,0.0021295,0.0021295,0.0021295
956,12434.4,1.10428,0.91477,1.10495,0.93898,0.76809,0.8771,0.59025,1.23232,0.89723,1.11048,0.00212125,0.00212125,0.00212125
957,12447.5,1.13088,0.93379,1.10796,0.94012,0.76833,0.87748,0.58971,1.23191,0.89694,1.11027,0.002113,0.002113,0.002113
958,12460.4,1.11682,0.93543,1.1088,0.93801,0.76809,0.8775,0.58908,1.23138,0.89691,1.10996,0.00210475,0.00210475,0.00210475
959,12473.4,1.10349,0.90097,1.10526,0.94005,0.76741,0.87773,0.59009,1.23099,0.89645,1.10944,0.0020965,0.0020965,0.0020965
960,12486.3,1.108,0.91652,1.10147,0.94146,0.76809,0.87784,0.59079,1.23073,0.89583,1.10933,0.00208825,0.00208825,0.00208825
961,12499.4,1.10889,0.89793,1.09307,0.94043,0.76809,0.87845,0.59105,1.23038,0.89536,1.10912,0.00208,0.00208,0.00208
962,12512.5,1.11128,0.91661,1.09386,0.94122,0.76809,0.87799,0.59099,1.2302,0.89517,1.10894,0.00207175,0.00207175,0.00207175
963,12525.3,1.09562,0.9238,1.09658,0.9426,0.76864,0.87809,0.59115,1.2298,0.89422,1.10889,0.0020635,0.0020635,0.0020635
964,12538.6,1.13113,0.93398,1.09747,0.94063,0.77021,0.87818,0.59092,1.22932,0.89392,1.10858,0.00205525,0.00205525,0.00205525
965,12551.4,1.12507,0.94729,1.10659,0.91713,0.77706,0.8782,0.59103,1.22889,0.89354,1.10839,0.002047,0.002047,0.002047
966,12564.1,1.1288,0.94514,1.11467,0.91736,0.77936,0.8782,0.59134,1.2281,0.89316,1.108,0.00203875,0.00203875,0.00203875
967,12577.3,1.10347,0.90583,1.09644,0.91665,0.78085,0.87775,0.59166,1.22762,0.89265,1.10771,0.0020305,0.0020305,0.0020305
968,12590.5,1.08637,0.91715,1.09947,0.94025,0.77005,0.87808,0.59212,1.22728,0.8925,1.10744,0.00202225,0.00202225,0.00202225
969,12603.6,1.1265,0.93475,1.11099,0.91529,0.78298,0.87821,0.59219,1.22713,0.89223,1.10704,0.002014,0.002014,0.002014
970,12616.9,1.08866,0.91851,1.09673,0.91467,0.78298,0.87847,0.59228,1.22689,0.89166,1.10684,0.00200575,0.00200575,0.00200575
971,12630.1,1.10828,0.9063,1.09585,0.91597,0.78298,0.8786,0.59355,1.22709,0.89102,1.10654,0.0019975,0.0019975,0.0019975
972,12643.3,1.11561,0.92998,1.09966,0.93187,0.77021,0.87877,0.59353,1.22694,0.89065,1.10626,0.00198925,0.00198925,0.00198925
973,12656.5,1.11868,0.93602,1.10666,0.93311,0.77021,0.87894,0.5929,1.22672,0.89059,1.10609,0.001981,0.001981,0.001981
974,12669.5,1.11374,0.92601,1.10237,0.92836,0.77202,0.87916,0.59215,1.2266,0.89063,1.10607,0.00197275,0.00197275,0.00197275
975,12682.3,1.10905,0.91936,1.09719,0.93114,0.77678,0.87955,0.59273,1.22654,0.89044,1.10586,0.0019645,0.0019645,0.0019645
976,12695.2,1.09936,0.91488,1.10088,0.93343,0.77563,0.88046,0.59358,1.22591,0.89007,1.10503,0.00195625,0.00195625,0.00195625
977,12708.4,1.08393,0.89273,1.08427,0.91152,0.78936,0.88057,0.59307,1.22539,0.88988,1.10469,0.001948,0.001948,0.001948
978,12721.3,1.08787,0.90548,1.09963,0.91163,0.79015,0.88055,0.59399,1.22521,0.88984,1.10459,0.00193975,0.00193975,0.00193975
979,12734.5,1.09585,0.90098,1.08624,0.90718,0.79023,0.88028,0.59392,1.22495,0.88973,1.10427,0.0019315,0.0019315,0.0019315
980,12747.3,1.09881,0.91524,1.09703,0.93336,0.77482,0.88043,0.5944,1.22402,0.88918,1.10365,0.00192325,0.00192325,0.00192325
981,12760.2,1.09683,0.91983,1.09343,0.90683,0.79149,0.88044,0.59425,1.22343,0.88843,1.10329,0.001915,0.001915,0.001915
982,12772.9,1.0943,0.91297,1.0944,0.90915,0.78936,0.8807,0.59471,1.22307,0.88805,1.10284,0.00190675,0.00190675,0.00190675
983,12786,1.09468,0.89975,1.09064,0.90862,0.78936,0.88066,0.59461,1.22258,0.88819,1.10244,0.0018985,0.0018985,0.0018985
984,12798.9,1.10744,0.9133,1.1031,0.91365,0.78936,0.88086,0.59562,1.22229,0.88767,1.10225,0.00189025,0.00189025,0.00189025
985,12812,1.09887,0.90913,1.08897,0.91892,0.78936,0.88075,0.595,1.2221,0.88754,1.10213,0.001882,0.001882,0.001882
986,12824.7,1.09428,0.89275,1.08241,0.92037,0.78693,0.88074,0.59518,1.22181,0.88748,1.10203,0.00187375,0.00187375,0.00187375
987,12837.5,1.08913,0.91205,1.10172,0.92048,0.78814,0.88101,0.59537,1.22152,0.88718,1.10169,0.0018655,0.0018655,0.0018655
988,12850.4,1.08919,0.89947,1.08251,0.92038,0.78707,0.88116,0.59502,1.22129,0.88724,1.10144,0.00185725,0.00185725,0.00185725
989,12863.3,1.08571,0.89893,1.08714,0.92043,0.78936,0.8811,0.59622,1.22067,0.88702,1.10096,0.001849,0.001849,0.001849
990,12876.5,1.08937,0.89275,1.08976,0.91996,0.78936,0.88103,0.59703,1.22006,0.88707,1.10058,0.00184075,0.00184075,0.00184075
991,12889.2,1.10355,0.9137,1.09245,0.92094,0.78723,0.88106,0.59648,1.21945,0.88694,1.10034,0.0018325,0.0018325,0.0018325
992,12902,1.10262,0.91214,1.08579,0.92508,0.78815,0.88116,0.59695,1.21878,0.88689,1.10015,0.00182425,0.00182425,0.00182425
993,12914.9,1.10179,0.8953,1.09625,0.92505,0.78778,0.88115,0.59616,1.21798,0.88662,1.09977,0.001816,0.001816,0.001816
994,12927.9,1.08422,0.88872,1.08292,0.92165,0.79149,0.88128,0.59687,1.21749,0.88597,1.09951,0.00180775,0.00180775,0.00180775
995,12940.8,1.09573,0.90329,1.09184,0.92135,0.79149,0.88142,0.59686,1.21708,0.88564,1.09937,0.0017995,0.0017995,0.0017995
996,12953.7,1.0882,0.89628,1.09249,0.92175,0.79149,0.88171,0.59779,1.21627,0.88574,1.09918,0.00179125,0.00179125,0.00179125
997,12966.9,1.07002,0.87928,1.0835,0.92243,0.79149,0.88169,0.5974,1.21556,0.88533,1.09896,0.001783,0.001783,0.001783
998,12979.7,1.08585,0.90557,1.07885,0.92295,0.79008,0.88181,0.59725,1.21513,0.88481,1.09859,0.00177475,0.00177475,0.00177475
999,12992.6,1.11914,0.91625,1.09512,0.92521,0.78957,0.88223,0.59855,1.21439,0.88453,1.0983,0.0017665,0.0017665,0.0017665
1000,13005.8,1.08049,0.89235,1.07913,0.92758,0.79027,0.8828,0.59796,1.21372,0.88433,1.09801,0.00175825,0.00175825,0.00175825
1001,13018.7,1.11056,0.89683,1.07855,0.92763,0.79094,0.88286,0.59808,1.21357,0.88382,1.09796,0.00175,0.00175,0.00175
1002,13031.6,1.09602,0.89127,1.0792,0.92683,0.79149,0.88274,0.59827,1.21319,0.88388,1.09771,0.00174175,0.00174175,0.00174175
1003,13044.4,1.08884,0.90451,1.08688,0.92679,0.79149,0.88286,0.59892,1.21273,0.88342,1.09736,0.0017335,0.0017335,0.0017335
1004,13057.4,1.0737,0.88185,1.08114,0.92721,0.79149,0.88305,0.59891,1.21235,0.88303,1.09713,0.00172525,0.00172525,0.00172525
1005,13070.5,1.09092,0.92055,1.09227,0.92671,0.79149,0.88316,0.60023,1.21155,0.88284,1.09684,0.001717,0.001717,0.001717
1006,13083.8,1.07591,0.88944,1.08091,0.9235,0.79149,0.88332,0.60054,1.21123,0.88272,1.09665,0.00170875,0.00170875,0.00170875
1007,13097,1.06202,0.87564,1.0808,0.92439,0.79149,0.88345,0.60062,1.21075,0.88258,1.09631,0.0017005,0.0017005,0.0017005
1008,13110.2,1.07688,0.89149,1.09228,0.9239,0.79149,0.88363,0.601,1.21028,0.8824,1.0962,0.00169225,0.00169225,0.00169225
1009,13123.2,1.08353,0.89521,1.08162,0.92534,0.79149,0.88388,0.6012,1.20969,0.88198,1.09599,0.001684,0.001684,0.001684
1010,13136.4,1.07435,0.88972,1.08037,0.92182,0.79149,0.88359,0.60194,1.209,0.8814,1.09577,0.00167575,0.00167575,0.00167575
1011,13149.5,1.06375,0.88579,1.07552,0.92264,0.79149,0.8837,0.60175,1.20812,0.88092,1.09547,0.0016675,0.0016675,0.0016675
1012,13162.3,1.04687,0.86264,1.07243,0.9221,0.79149,0.88376,0.60108,1.20783,0.8805,1.09503,0.00165925,0.00165925,0.00165925
1013,13175,1.06848,0.88815,1.08329,0.92329,0.79149,0.88369,0.6015,1.20704,0.87999,1.09483,0.001651,0.001651,0.001651
1014,13187.9,1.07401,0.90228,1.08535,0.91998,0.79149,0.88382,0.60281,1.20672,0.87971,1.09462,0.00164275,0.00164275,0.00164275
1015,13200.9,1.07648,0.89723,1.0893,0.91989,0.79149,0.8837,0.60286,1.20641,0.8794,1.09442,0.0016345,0.0016345,0.0016345
1016,13214.1,1.09467,0.90464,1.08558,0.9168,0.78936,0.88279,0.60309,1.20602,0.87894,1.09421,0.00162625,0.00162625,0.00162625
1017,13227.2,1.08974,0.90844,1.09124,0.9195,0.78936,0.88295,0.60328,1.20562,0.87878,1.094,0.001618,0.001618,0.001618
1018,13240.2,1.09203,0.91128,1.08409,0.91712,0.78936,0.8826,0.60281,1.2051,0.87873,1.09372,0.00160975,0.00160975,0.00160975
1019,13253.1,1.11224,0.91214,1.09104,0.91716,0.78936,0.88258,0.60259,1.20487,0.87857,1.09362,0.0016015,0.0016015,0.0016015
1020,13266,1.07217,0.89366,1.08181,0.91984,0.78936,0.88273,0.60221,1.20455,0.87865,1.09327,0.00159325,0.00159325,0.00159325
1021,13278.8,1.05471,0.85376,1.07122,0.91975,0.78936,0.88262,0.60294,1.20379,0.87815,1.09287,0.001585,0.001585,0.001585
1022,13291.7,1.09265,0.90193,1.08805,0.91716,0.78936,0.88252,0.60326,1.20364,0.87788,1.09276,0.00157675,0.00157675,0.00157675
1023,13304.6,1.04478,0.85081,1.0712,0.9172,0.78936,0.8826,0.60353,1.20337,0.87729,1.09264,0.0015685,0.0015685,0.0015685
1024,13317.9,1.05335,0.86976,1.08166,0.91647,0.78936,0.88271,0.60371,1.20335,0.8769,1.09254,0.00156025,0.00156025,0.00156025
1025,13331,1.04738,0.86637,1.07001,0.91694,0.78936,0.88312,0.60401,1.20294,0.87676,1.09236,0.001552,0.001552,0.001552
1026,13344.2,1.03764,0.86665,1.06943,0.91915,0.78936,0.88349,0.60369,1.20253,0.87663,1.09223,0.00154375,0.00154375,0.00154375
1027,13357.1,1.07887,0.87853,1.08221,0.91715,0.78936,0.88341,0.60508,1.20208,0.8763,1.09195,0.0015355,0.0015355,0.0015355
1028,13370.3,1.0828,0.89097,1.08063,0.91745,0.78936,0.88326,0.60515,1.20178,0.87594,1.09166,0.00152725,0.00152725,0.00152725
1029,13383.5,1.05427,0.86213,1.06937,0.91729,0.78936,0.8832,0.60526,1.20151,0.87587,1.09157,0.001519,0.001519,0.001519
1030,13396.6,1.04555,0.87371,1.07615,0.91713,0.78936,0.88335,0.60562,1.20083,0.87594,1.09138,0.00151075,0.00151075,0.00151075
1031,13409.8,1.03544,0.8459,1.06846,0.91684,0.78936,0.88334,0.6053,1.20026,0.87588,1.09108,0.0015025,0.0015025,0.0015025
1032,13422.8,1.05425,0.86541,1.06762,0.91729,0.78936,0.88306,0.60555,1.1999,0.87584,1.09092,0.00149425,0.00149425,0.00149425
1033,13435.7,1.06507,0.87852,1.08234,0.91758,0.78936,0.88329,0.60515,1.1997,0.8756,1.09073,0.001486,0.001486,0.001486
1034,13448.5,1.06109,0.88964,1.07282,0.91829,0.78904,0.88349,0.6054,1.1993,0.87552,1.09042,0.00147775,0.00147775,0.00147775
1035,13461.4,1.05276,0.86735,1.07449,0.91386,0.78723,0.88368,0.60609,1.19892,0.87555,1.09008,0.0014695,0.0014695,0.0014695
1036,13474.6,1.06009,0.87135,1.07822,0.9141,0.78723,0.88364,0.60604,1.19863,0.87559,1.08984,0.00146125,0.00146125,0.00146125
1037,13487.5,1.06865,0.87841,1.07884,0.91419,0.78723,0.88368,0.6065,1.19828,0.87565,1.08964,0.001453,0.001453,0.001453
1038,13500.5,1.08205,0.89721,1.08177,0.91405,0.78723,0.88389,0.60669,1.19811,0.8758,1.0895,0.00144475,0.00144475,0.00144475
1039,13513.7,1.05568,0.86359,1.07627,0.91195,0.79327,0.88406,0.60664,1.19792,0.87583,1.0893,0.0014365,0.0014365,0.0014365
1040,13526.6,1.06452,0.88889,1.093,0.91194,0.79323,0.88422,0.60747,1.19756,0.87555,1.08903,0.00142825,0.00142825,0.00142825
1041,13539.9,1.0896,0.89467,1.07963,0.92035,0.78669,0.88419,0.60771,1.1972,0.87531,1.08891,0.00142,0.00142,0.00142
1042,13553.1,1.04793,0.87424,1.07594,0.92021,0.78523,0.88554,0.60793,1.19684,0.87501,1.08872,0.00141175,0.00141175,0.00141175
1043,13566.2,1.07646,0.9017,1.08085,0.92023,0.78547,0.88546,0.60774,1.1965,0.87484,1.08852,0.0014035,0.0014035,0.0014035
1044,13579.1,1.0485,0.86091,1.07189,0.91939,0.78511,0.88551,0.60815,1.19585,0.87467,1.08831,0.00139525,0.00139525,0.00139525
1045,13592.1,1.03438,0.86447,1.0766,0.91915,0.78511,0.88547,0.60777,1.19539,0.8743,1.08816,0.001387,0.001387,0.001387
1046,13604.9,1.04852,0.86122,1.06559,0.91834,0.78511,0.88545,0.60714,1.19515,0.87404,1.08808,0.00137875,0.00137875,0.00137875
1047,13617.7,1.07696,0.88303,1.08685,0.91872,0.78511,0.88592,0.60781,1.1948,0.87395,1.08783,0.0013705,0.0013705,0.0013705
1048,13630.4,1.06162,0.85881,1.06509,0.9196,0.78511,0.88594,0.60799,1.19443,0.8739,1.08764,0.00136225,0.00136225,0.00136225
1049,13643.3,1.05332,0.87164,1.07636,0.9203,0.78511,0.88608,0.60742,1.19402,0.87363,1.08746,0.001354,0.001354,0.001354
1050,13656.3,1.02395,0.85798,1.06467,0.91775,0.78511,0.88612,0.60783,1.19389,0.87343,1.08726,0.00134575,0.00134575,0.00134575
1051,13669,1.03782,0.8559,1.07435,0.92063,0.78511,0.88638,0.60836,1.19353,0.87315,1.08711,0.0013375,0.0013375,0.0013375
1052,13682.1,1.04622,0.87266,1.06963,0.93311,0.7766,0.88631,0.60831,1.19339,0.87297,1.08694,0.00132925,0.00132925,0.00132925
1053,13695,1.03292,0.85526,1.06634,0.93128,0.77852,0.8864,0.60856,1.19302,0.87284,1.08674,0.001321,0.001321,0.001321
1054,13708.1,1.0379,0.85943,1.06929,0.93145,0.7766,0.88643,0.60855,1.19289,0.87286,1.0866,0.00131275,0.00131275,0.00131275
1055,13721,1.07078,0.8797,1.07231,0.92992,0.7766,0.88625,0.60758,1.19282,0.87272,1.08647,0.0013045,0.0013045,0.0013045
1056,13733.9,1.04747,0.86604,1.07307,0.92994,0.7766,0.88605,0.60732,1.19263,0.87271,1.08631,0.00129625,0.00129625,0.00129625
1057,13746.6,1.02282,0.85181,1.0643,0.92885,0.7766,0.88615,0.60739,1.19227,0.87236,1.08603,0.001288,0.001288,0.001288
1058,13759.3,1.06076,0.85867,1.06143,0.92915,0.7766,0.88629,0.6078,1.19211,0.87237,1.08587,0.00127975,0.00127975,0.00127975
1059,13772.2,1.00875,0.80772,1.05089,0.93012,0.7766,0.88619,0.6081,1.1919,0.87228,1.08573,0.0012715,0.0012715,0.0012715
1060,13785,1.03085,0.85017,1.05878,0.92934,0.7766,0.88655,0.6078,1.19148,0.87212,1.08563,0.00126325,0.00126325,0.00126325
1061,13797.7,1.02584,0.86111,1.06927,0.92903,0.7766,0.88661,0.60758,1.19111,0.87212,1.08547,0.001255,0.001255,0.001255
1062,13810.4,1.01805,0.83581,1.06448,0.93114,0.7766,0.88654,0.60746,1.19097,0.87178,1.08537,0.00124675,0.00124675,0.00124675
1063,13823.2,1.05428,0.85368,1.06759,0.93077,0.7766,0.88666,0.60777,1.19069,0.87189,1.08525,0.0012385,0.0012385,0.0012385
1064,13835.9,1.04108,0.85469,1.06266,0.93082,0.7766,0.88661,0.60827,1.19054,0.87144,1.08517,0.00123025,0.00123025,0.00123025
1065,13848.8,1.03931,0.86763,1.06697,0.93104,0.7766,0.88675,0.60869,1.19039,0.87133,1.08482,0.001222,0.001222,0.001222
1066,13861.9,1.04799,0.84998,1.06833,0.93104,0.7766,0.88676,0.60738,1.1901,0.87122,1.08473,0.00121375,0.00121375,0.00121375
1067,13874.8,1.02551,0.8222,1.05481,0.93108,0.7766,0.88678,0.60833,1.18941,0.87164,1.0845,0.0012055,0.0012055,0.0012055
1068,13887.4,1.05072,0.86567,1.06985,0.93114,0.7766,0.88663,0.60842,1.18942,0.87182,1.08453,0.00119725,0.00119725,0.00119725
1069,13900.3,1.04912,0.85951,1.05509,0.93113,0.77673,0.88671,0.6081,1.1895,0.8715,1.08436,0.001189,0.001189,0.001189
1070,13913.1,1.05537,0.86274,1.0651,0.93114,0.7768,0.88673,0.60822,1.1893,0.87132,1.08416,0.00118075,0.00118075,0.00118075
1071,13926,1.03772,0.84082,1.06293,0.93115,0.77687,0.88676,0.60877,1.18918,0.87088,1.08403,0.0011725,0.0011725,0.0011725
1072,13939.1,1.05614,0.86486,1.05475,0.93115,0.7769,0.88654,0.60877,1.18905,0.87082,1.08391,0.00116425,0.00116425,0.00116425
1073,13951.9,1.05216,0.86778,1.07357,0.93114,0.77684,0.88657,0.60918,1.18888,0.8706,1.08372,0.001156,0.001156,0.001156
1074,13965.1,1.01917,0.85087,1.05984,0.93116,0.77705,0.88665,0.60936,1.1888,0.87047,1.08355,0.00114775,0.00114775,0.00114775
1075,13978.2,1.02992,0.84407,1.05342,0.93115,0.77699,0.88666,0.60965,1.18852,0.87019,1.08328,0.0011395,0.0011395,0.0011395
1076,13991.4,1.04116,0.85589,1.06636,0.93116,0.77705,0.88684,0.60931,1.18837,0.87013,1.08311,0.00113125,0.00113125,0.00113125
1077,14004.3,1.02745,0.83896,1.05587,0.93118,0.7773,0.88675,0.60881,1.18806,0.87,1.08296,0.001123,0.001123,0.001123
1078,14017.2,1.0354,0.85633,1.06002,0.93116,0.77711,0.88677,0.60939,1.18779,0.86977,1.08273,0.00111475,0.00111475,0.00111475
1079,14030.1,1.01067,0.83691,1.05786,0.93151,0.7766,0.88686,0.61006,1.18756,0.86935,1.08255,0.0011065,0.0011065,0.0011065
1080,14043.2,1.05828,0.86671,1.06923,0.9359,0.77658,0.88692,0.61011,1.18759,0.86918,1.08246,0.00109825,0.00109825,0.00109825
1081,14056.3,1.02733,0.85391,1.06584,0.93588,0.77639,0.8873,0.61057,1.18713,0.86887,1.08219,0.00109,0.00109,0.00109
1082,14069.4,1.04472,0.86381,1.05836,0.9359,0.77658,0.88738,0.61076,1.18689,0.86845,1.08199,0.00108175,0.00108175,0.00108175
1083,14082.5,1.02711,0.83175,1.05475,0.93567,0.7766,0.88736,0.61096,1.18684,0.86812,1.08178,0.0010735,0.0010735,0.0010735
1084,14095.7,1.00137,0.82281,1.04772,0.93534,0.7766,0.88765,0.61086,1.18653,0.86782,1.08162,0.00106525,0.00106525,0.00106525
1085,14108.5,1.001,0.81244,1.05784,0.93585,0.7766,0.88771,0.61041,1.18641,0.86783,1.08153,0.001057,0.001057,0.001057
1086,14121.4,1.0098,0.82577,1.05293,0.93573,0.7766,0.88774,0.61083,1.1863,0.86733,1.08145,0.00104875,0.00104875,0.00104875
1087,14133.8,1.04237,0.86297,1.0671,0.93589,0.77646,0.88771,0.6103,1.18602,0.86741,1.08132,0.0010405,0.0010405,0.0010405
1088,14146.6,1.01692,0.83442,1.04982,0.93587,0.7763,0.88771,0.61068,1.18623,0.86692,1.08122,0.00103225,0.00103225,0.00103225
1089,14159.3,1.03525,0.85404,1.06021,0.93348,0.77635,0.88739,0.61089,1.18601,0.8668,1.08113,0.001024,0.001024,0.001024
1090,14172.1,1.03576,0.8384,1.06054,0.93349,0.77644,0.88739,0.61104,1.18576,0.86652,1.08091,0.00101575,0.00101575,0.00101575
1091,14185.3,1.01752,0.8324,1.05831,0.9335,0.77649,0.88748,0.61091,1.18553,0.86655,1.08077,0.0010075,0.0010075,0.0010075
1092,14198.2,1.0164,0.83561,1.04708,0.93349,0.77636,0.88746,0.61113,1.18499,0.86664,1.08058,0.00099925,0.00099925,0.00099925
1093,14211.3,1.03735,0.84629,1.05232,0.93348,0.77634,0.8874,0.61111,1.18475,0.86643,1.08044,0.000991,0.000991,0.000991
1094,14224.2,1.02053,0.83423,1.05692,0.93347,0.77616,0.88745,0.61145,1.18435,0.86633,1.08032,0.00098275,0.00098275,0.00098275
1095,14237.4,1.01748,0.83737,1.05201,0.93347,0.77614,0.88746,0.61148,1.1841,0.86583,1.08015,0.0009745,0.0009745,0.0009745
1096,14250.6,1.01521,0.84316,1.05253,0.93346,0.77604,0.88755,0.61154,1.1839,0.86582,1.08012,0.00096625,0.00096625,0.00096625
1097,14263.7,1.0185,0.83896,1.06068,0.93347,0.77611,0.88748,0.61197,1.18359,0.86556,1.07999,0.000958,0.000958,0.000958
1098,14276.8,1.02839,0.84534,1.05029,0.93346,0.77609,0.88747,0.61218,1.18333,0.86524,1.07973,0.00094975,0.00094975,0.00094975
1099,14290,1.01971,0.83591,1.05458,0.93346,0.77606,0.88758,0.61225,1.18308,0.86503,1.07961,0.0009415,0.0009415,0.0009415
1100,14303.2,1.02322,0.8458,1.05036,0.93345,0.77589,0.88761,0.61229,1.18282,0.86477,1.07949,0.00093325,0.00093325,0.00093325
1101,14316.3,0.99201,0.82946,1.04739,0.93344,0.77575,0.8876,0.61226,1.18237,0.86451,1.07927,0.000925,0.000925,0.000925
1102,14329.1,1.01643,0.83367,1.0484,0.93207,0.77447,0.88766,0.61222,1.18204,0.8641,1.07914,0.00091675,0.00091675,0.00091675
1103,14342,0.99413,0.82922,1.05557,0.93343,0.77564,0.88769,0.61222,1.18173,0.86392,1.07897,0.0009085,0.0009085,0.0009085
1104,14354.9,1.02864,0.83904,1.05493,0.93215,0.77447,0.88775,0.6122,1.18168,0.86365,1.07892,0.00090025,0.00090025,0.00090025
1105,14367.7,1.01059,0.84032,1.0553,0.93199,0.77447,0.88772,0.6123,1.18142,0.86344,1.07867,0.000892,0.000892,0.000892
1106,14380.8,1.0008,0.82258,1.04548,0.93423,0.77447,0.88791,0.6123,1.18119,0.86317,1.0785,0.00088375,0.00088375,0.00088375
1107,14393.8,1.02281,0.84523,1.05478,0.93582,0.77557,0.8881,0.61255,1.18095,0.86288,1.07835,0.0008755,0.0008755,0.0008755
1108,14406.9,1.00785,0.82669,1.05416,0.93583,0.77569,0.88808,0.61277,1.18065,0.86275,1.07817,0.00086725,0.00086725,0.00086725
1109,14419.6,1.02221,0.84856,1.04428,0.93582,0.7756,0.88803,0.61287,1.18066,0.86236,1.07806,0.000859,0.000859,0.000859
1110,14432.1,1.00369,0.83361,1.05082,0.93582,0.77563,0.88806,0.61282,1.18037,0.86249,1.078,0.00085075,0.00085075,0.00085075
1111,14444.6,1.00385,0.81559,1.04921,0.93584,0.77582,0.88808,0.61299,1.18005,0.86247,1.07774,0.0008425,0.0008425,0.0008425
1112,14457.8,1.01262,0.83756,1.05458,0.93585,0.77592,0.88803,0.613,1.17984,0.86203,1.07765,0.00083425,0.00083425,0.00083425
1113,14471.1,1.0075,0.82937,1.0547,0.93585,0.77593,0.88803,0.61324,1.17965,0.86165,1.0775,0.000826,0.000826,0.000826
1114,14484.2,1.00229,0.82598,1.05061,0.93586,0.7761,0.88804,0.61352,1.17935,0.86153,1.07734,0.00081775,0.00081775,0.00081775
1115,14497.4,1.01539,0.8264,1.04676,0.93589,0.77654,0.88811,0.61349,1.17915,0.86132,1.07725,0.0008095,0.0008095,0.0008095
1116,14510.1,0.99736,0.82294,1.04918,0.93348,0.77626,0.88798,0.61329,1.17916,0.86141,1.07712,0.00080125,0.00080125,0.00080125
1117,14522.9,1.03055,0.83605,1.05483,0.93349,0.77637,0.88771,0.61355,1.17915,0.86121,1.07708,0.000793,0.000793,0.000793
1118,14535.8,1.00469,0.82795,1.05347,0.93349,0.77644,0.88766,0.61339,1.17894,0.8609,1.07686,0.00078475,0.00078475,0.00078475
1119,14548.7,1.01161,0.82823,1.05824,0.93351,0.77669,0.88777,0.61326,1.17876,0.86072,1.07676,0.0007765,0.0007765,0.0007765
1120,14561.4,0.99155,0.8306,1.04677,0.93352,0.77678,0.88751,0.61325,1.17854,0.86025,1.07654,0.00076825,0.00076825,0.00076825
1121,14574.3,1.01799,0.82752,1.04964,0.93354,0.77702,0.88754,0.6136,1.17834,0.86018,1.07635,0.00076,0.00076,0.00076
1122,14587.4,1.01176,0.82621,1.04568,0.93356,0.77732,0.88734,0.6133,1.17808,0.86033,1.07627,0.00075175,0.00075175,0.00075175
1123,14600.2,1.01552,0.83587,1.05316,0.93354,0.7771,0.88749,0.61345,1.17797,0.86029,1.07607,0.0007435,0.0007435,0.0007435
1124,14613.1,0.98409,0.81283,1.04401,0.93357,0.77743,0.88732,0.6137,1.17767,0.86005,1.07586,0.00073525,0.00073525,0.00073525
1125,14626.1,0.98277,0.80279,1.03773,0.93356,0.77733,0.88743,0.61398,1.17711,0.86007,1.07564,0.000727,0.000727,0.000727
1126,14639.3,0.98112,0.80856,1.04639,0.93244,0.7766,0.88747,0.61417,1.17701,0.86014,1.07553,0.00071875,0.00071875,0.00071875
1127,14652.4,0.99175,0.82559,1.05165,0.93212,0.7766,0.88742,0.61413,1.17698,0.85998,1.07539,0.0007105,0.0007105,0.0007105
1128,14665.1,1.01074,0.83655,1.05459,0.93173,0.7766,0.88737,0.61414,1.17674,0.85957,1.07527,0.00070225,0.00070225,0.00070225
1129,14677.9,1.00291,0.82172,1.04697,0.9318,0.7766,0.8874,0.6142,1.17656,0.85943,1.07507,0.000694,0.000694,0.000694
1130,14691.3,1.02608,0.83414,1.05549,0.93178,0.7766,0.88735,0.61362,1.17666,0.85892,1.07507,0.00068575,0.00068575,0.00068575
1131,14704.3,0.98766,0.82378,1.0419,0.93437,0.7766,0.88773,0.61474,1.1764,0.85848,1.0749,0.0006775,0.0006775,0.0006775
1132,14717.5,0.99232,0.83806,1.04981,0.93375,0.7766,0.88791,0.61425,1.17623,0.85848,1.07483,0.00066925,0.00066925,0.00066925
1133,14730.3,1.02454,0.84568,1.0603,0.93313,0.7766,0.88792,0.61463,1.17584,0.85804,1.07468,0.000661,0.000661,0.000661
1134,14742.9,0.98843,0.8159,1.0459,0.93391,0.7766,0.88797,0.61435,1.17594,0.85787,1.07455,0.00065275,0.00065275,0.00065275
1135,14755.5,0.98809,0.81658,1.05248,0.93313,0.7766,0.88795,0.61466,1.17584,0.85792,1.07443,0.0006445,0.0006445,0.0006445
1136,14768.3,0.9932,0.81396,1.05021,0.93438,0.7766,0.88801,0.61456,1.17813,0.85922,1.08066,0.00063625,0.00063625,0.00063625
1137,14781.2,0.99929,0.81688,1.04551,0.93441,0.7766,0.88835,0.61457,1.17799,0.859,1.08052,0.000628,0.000628,0.000628
1138,14793.9,1.00436,0.82409,1.04304,0.93516,0.7766,0.88837,0.61496,1.17776,0.85872,1.08044,0.00061975,0.00061975,0.00061975
1139,14807.2,0.98409,0.80938,1.04772,0.93751,0.7766,0.88886,0.61549,1.17763,0.85857,1.08025,0.0006115,0.0006115,0.0006115
1140,14820.4,1.00983,0.82949,1.0509,0.93519,0.7766,0.88851,0.61502,1.17756,0.85857,1.08018,0.00060325,0.00060325,0.00060325
1141,14833.2,0.99721,0.8171,1.04154,0.93473,0.7766,0.88858,0.61533,1.17748,0.85842,1.07995,0.000595,0.000595,0.000595
1142,14846,1.0017,0.82427,1.03912,0.93837,0.77754,0.88882,0.6151,1.17729,0.85835,1.07996,0.00058675,0.00058675,0.00058675
1143,14858.8,0.98535,0.81226,1.03981,0.93598,0.77765,0.88857,0.61498,1.177,0.85848,1.07984,0.0005785,0.0005785,0.0005785
1144,14871.7,0.98993,0.82111,1.0468,0.93599,0.77776,0.88857,0.61539,1.17703,0.85836,1.07972,0.00057025,0.00057025,0.00057025
1145,14884.5,0.96465,0.79846,1.0404,0.93601,0.77812,0.88858,0.61509,1.17691,0.85806,1.07955,0.000562,0.000562,0.000562
1146,14897.3,0.98165,0.80434,1.041,0.93602,0.77814,0.8885,0.6151,1.17683,0.85793,1.07974,0.00055375,0.00055375,0.00055375
1147,14910.2,0.98401,0.8111,1.04174,0.93497,0.77872,0.8887,0.61529,1.17658,0.85803,1.07969,0.0005455,0.0005455,0.0005455
1148,14923,1.00564,0.81268,1.04004,0.93476,0.77872,0.88863,0.61539,1.17623,0.85802,1.07952,0.00053725,0.00053725,0.00053725
1149,14936,0.96094,0.78938,1.0318,0.93442,0.77872,0.88866,0.61591,1.17613,0.85805,1.07943,0.000529,0.000529,0.000529
1150,14949.1,0.99469,0.81646,1.04332,0.93413,0.77872,0.88878,0.61579,1.17586,0.85769,1.07931,0.00052075,0.00052075,0.00052075
1151,14961.9,0.97991,0.81335,1.04188,0.93421,0.77872,0.88879,0.61533,1.17562,0.85784,1.07922,0.0005125,0.0005125,0.0005125
1152,14974.7,0.96953,0.78162,1.02378,0.93421,0.77872,0.88895,0.61629,1.17551,0.85782,1.0791,0.00050425,0.00050425,0.00050425
1153,14987.9,0.9847,0.80848,1.02759,0.9337,0.77872,0.88902,0.61647,1.17539,0.85768,1.07903,0.000496,0.000496,0.000496
1154,15001,0.99303,0.81877,1.04699,0.93383,0.77872,0.88915,0.61621,1.1751,0.85744,1.0789,0.00048775,0.00048775,0.00048775
1155,15013.9,0.99181,0.80648,1.03454,0.93609,0.7791,0.88934,0.61647,1.17493,0.85744,1.0788,0.0004795,0.0004795,0.0004795
1156,15027.1,0.98219,0.81716,1.03822,0.9359,0.78511,0.88946,0.61652,1.17479,0.85738,1.07864,0.00047125,0.00047125,0.00047125
1157,15040.2,1.00559,0.82382,1.03438,0.93641,0.78511,0.88949,0.61657,1.17462,0.85734,1.07853,0.000463,0.000463,0.000463
1158,15053.3,0.95407,0.79099,1.03606,0.93649,0.78427,0.88925,0.61619,1.17449,0.85715,1.07847,0.00045475,0.00045475,0.00045475
1159,15066.2,0.9842,0.8214,1.04778,0.93646,0.7839,0.88951,0.61677,1.17437,0.85712,1.07838,0.0004465,0.0004465,0.0004465
1160,15079.2,0.97731,0.79609,1.0295,0.93648,0.78421,0.88942,0.61661,1.17424,0.85713,1.07828,0.00043825,0.00043825,0.00043825
1161,15091.8,0.98176,0.81569,1.04539,0.93632,0.78511,0.88938,0.61645,1.17421,0.85714,1.07826,0.00043,0.00043,0.00043
1162,15104.6,0.96427,0.78385,1.03377,0.93636,0.78511,0.88944,0.61669,1.17387,0.85707,1.07799,0.00042175,0.00042175,0.00042175
1163,15117.5,0.97835,0.81645,1.03669,0.93612,0.78511,0.88921,0.61661,1.174,0.85675,1.07806,0.0004135,0.0004135,0.0004135
1164,15130.3,0.99438,0.80052,1.03717,0.93583,0.78511,0.88964,0.6166,1.17367,0.8569,1.07789,0.00040525,0.00040525,0.00040525
1165,15143.2,0.98596,0.80973,1.04876,0.93573,0.78511,0.88937,0.61695,1.17364,0.85674,1.07784,0.000397,0.000397,0.000397
1166,15156.4,0.96378,0.80494,1.03804,0.93576,0.78511,0.88945,0.61671,1.17349,0.85674,1.07762,0.00038875,0.00038875,0.00038875
1167,15169.3,0.98238,0.82294,1.03158,0.93554,0.78511,0.88967,0.61664,1.17335,0.85663,1.07759,0.0003805,0.0003805,0.0003805
1168,15182,0.95681,0.77767,1.01688,0.93537,0.78511,0.8897,0.61668,1.17321,0.85652,1.07744,0.00037225,0.00037225,0.00037225
1169,15194.8,0.97838,0.80908,1.04113,0.93501,0.78511,0.88947,0.61657,1.17306,0.85638,1.07738,0.000364,0.000364,0.000364
1170,15207.2,0.9671,0.78498,1.02686,0.93523,0.78511,0.88967,0.61657,1.17312,0.85613,1.07729,0.00035575,0.00035575,0.00035575
1171,15220.1,0.97917,0.80572,1.03216,0.93515,0.78511,0.88945,0.61658,1.17303,0.85605,1.07718,0.0003475,0.0003475,0.0003475
1172,15232.9,0.98627,0.8055,1.03593,0.93491,0.78511,0.88951,0.61641,1.17289,0.85598,1.07706,0.00033925,0.00033925,0.00033925
1173,15245.8,0.9786,0.78908,1.03411,0.93502,0.78511,0.8895,0.61689,1.17269,0.85609,1.07706,0.000331,0.000331,0.000331
1174,15258.6,0.97459,0.80796,1.0373,0.93491,0.78511,0.88935,0.61688,1.17263,0.85601,1.07699,0.00032275,0.00032275,0.00032275
1175,15271.5,1.00671,0.83618,1.04665,0.93428,0.78511,0.88935,0.61664,1.17264,0.85588,1.07695,0.0003145,0.0003145,0.0003145
1176,15284.4,0.99348,0.80603,1.03028,0.93418,0.78519,0.88939,0.61668,1.17229,0.8558,1.07681,0.00030625,0.00030625,0.00030625
1177,15297.2,0.9612,0.80116,1.02473,0.93426,0.78621,0.88926,0.61671,1.17231,0.85567,1.07682,0.000298,0.000298,0.000298
1178,15310.1,0.96787,0.80613,1.0334,0.93433,0.78723,0.88937,0.61682,1.172,0.85584,1.07676,0.00028975,0.00028975,0.00028975
1179,15322.9,0.96309,0.78395,1.03158,0.93433,0.787,0.88941,0.6171,1.17187,0.85566,1.07672,0.0002815,0.0002815,0.0002815
1180,15336,0.94678,0.78493,1.03282,0.9343,0.78668,0.88937,0.61712,1.17164,0.85555,1.07646,0.00027325,0.00027325,0.00027325
1181,15349.3,0.99016,0.8143,1.03558,0.9343,0.78669,0.88939,0.61696,1.17165,0.85556,1.07644,0.000265,0.000265,0.000265
1182,15362.2,0.9803,0.81214,1.03633,0.93431,0.78676,0.8894,0.61716,1.1714,0.85525,1.0763,0.00025675,0.00025675,0.00025675
1183,15375.3,0.98308,0.79831,1.04101,0.93434,0.78725,0.8894,0.61735,1.17132,0.85537,1.07625,0.0002485,0.0002485,0.0002485
1184,15388.6,0.96047,0.79302,1.03487,0.93436,0.78742,0.88944,0.61738,1.17131,0.85519,1.07616,0.00024025,0.00024025,0.00024025
1185,15401.7,0.96217,0.80563,1.0401,0.93435,0.78735,0.88938,0.61727,1.17118,0.85505,1.07609,0.000232,0.000232,0.000232
1186,15414.6,0.97633,0.80667,1.03351,0.93437,0.78757,0.88944,0.61733,1.17105,0.85496,1.07599,0.00022375,0.00022375,0.00022375
1187,15427.5,0.98294,0.80134,1.02966,0.93438,0.78772,0.8894,0.61719,1.1709,0.85488,1.076,0.0002155,0.0002155,0.0002155
1188,15440.4,0.97671,0.79899,1.03902,0.93439,0.78781,0.88941,0.61737,1.1706,0.85479,1.0759,0.00020725,0.00020725,0.00020725
1189,15453.3,0.97962,0.8019,1.0275,0.93438,0.78771,0.88954,0.61768,1.17047,0.85466,1.07578,0.000199,0.000199,0.000199
1190,15466.5,0.96924,0.79049,1.02484,0.9344,0.788,0.88946,0.61808,1.17025,0.85451,1.07566,0.00019075,0.00019075,0.00019075
1191,15480.8,1.08012,0.72306,1.00882,0.93442,0.78825,0.88947,0.6182,1.17022,0.85433,1.07559,0.0001825,0.0001825,0.0001825
1192,15493.8,1.04471,0.67905,0.97678,0.93442,0.7882,0.8894,0.61851,1.16993,0.85427,1.07545,0.00017425,0.00017425,0.00017425
1193,15506.6,1.03806,0.68414,0.97016,0.93446,0.78873,0.88925,0.6185,1.16981,0.85426,1.07539,0.000166,0.000166,0.000166
1194,15518.8,1.01057,0.67437,0.9646,0.93443,0.78831,0.88931,0.61832,1.16977,0.85389,1.07522,0.00015775,0.00015775,0.00015775
1195,15531.7,0.99056,0.65893,0.95233,0.93384,0.78936,0.88925,0.61848,1.16939,0.85379,1.07509,0.0001495,0.0001495,0.0001495
1196,15544.5,1.02116,0.65603,0.95091,0.93453,0.7896,0.88925,0.61864,1.16937,0.85348,1.07508,0.00014125,0.00014125,0.00014125
1197,15557.7,0.97522,0.65201,0.94406,0.93453,0.78963,0.88938,0.61882,1.16911,0.85342,1.07486,0.000133,0.000133,0.000133
1198,15571,0.98154,0.65475,0.95721,0.93458,0.7903,0.88945,0.61897,1.16874,0.8531,1.07484,0.00012475,0.00012475,0.00012475
1199,15583.9,0.96601,0.64408,0.94405,0.93458,0.79034,0.8894,0.61926,1.16859,0.853,1.07487,0.0001165,0.0001165,0.0001165
1200,15597,0.96633,0.64341,0.94039,0.93458,0.79032,0.88923,0.61935,1.16847,0.85278,1.07472,0.00010825,0.00010825,0.00010825
