epoch,time,train/box_loss,train/cls_loss,train/dfl_loss,metrics/precision(B),metrics/recall(B),metrics/mAP50(B),metrics/mAP50-95(B),val/box_loss,val/cls_loss,val/dfl_loss,lr/pg0,lr/pg1,lr/pg2
1,13.2014,5.86382,10.514,4.21694,1e-05,0.00213,1e-05,0,6.3039,12.3723,4.15624,0.00327778,0.00327778,0.00327778
2,27.4095,5.86663,9.37896,4.20707,1e-05,0.00213,1e-05,0,6.29829,12.3626,4.17831,0.00660566,0.00660566,0.00660566
3,40.9991,5.92387,7.56698,4.18958,1e-05,0.00213,1e-05,0,6.23956,6.59809,4.63729,0.00992804,0.00992804,0.00992804
4,54.5059,5.1885,4.82543,3.4909,1e-05,0.00213,1e-05,0,4.3589,5.34921,3.17246,0.00997525,0.00997525,0.00997525
5,67.9025,4.22478,4.48354,2.82975,1e-05,0.00213,1e-05,0,4.50776,5.75185,3.24749,0.009967,0.009967,0.009967
6,81.4906,4.09942,4.4362,2.70001,0.0008,0.07234,0.00049,0.0001,4.36123,4.724,2.48594,0.00995875,0.00995875,0.00995875
7,95.2709,3.96557,4.42126,2.75712,0.00084,0.12128,0.00058,9e-05,3.93834,4.72605,2.39955,0.0099505,0.0099505,0.0099505
8,109.02,3.89592,4.45706,2.70042,0.00107,0.10213,0.00065,0.00013,3.90145,4.66434,2.35102,0.00994225,0.00994225,0.00994225
9,122.91,3.90985,4.39302,2.68657,0.00093,0.10851,0.00057,0.00013,3.92711,4.61894,2.63205,0.009934,0.009934,0.009934
10,135.819,3.83111,4.45489,2.71124,0.00106,0.13404,0.00069,0.00012,3.97012,4.70094,2.54235,0.00992575,0.00992575,0.00992575
11,149.486,3.78787,4.46317,2.66911,0.00054,0.02553,0.00029,6e-05,4.0652,4.94341,3.64022,0.0099175,0.0099175,0.0099175
12,162.486,3.79278,4.44197,2.65866,0.00493,0.00213,0.00257,0.00026,4.27963,6.30899,2.56503,0.00990925,0.00990925,0.00990925
13,175.966,3.74683,4.46644,2.67531,0.0012,0.01702,0.00071,0.00016,3.8022,4.78597,2.33375,0.009901,0.009901,0.009901
14,188.881,3.66352,4.46668,2.66246,0.00118,0.17021,0.00073,0.00018,3.68657,4.68066,2.35878,0.00989275,0.00989275,0.00989275
15,201.898,3.63137,4.49922,2.60572,0.00186,0.25745,0.00148,0.00035,3.54132,4.64069,2.27067,0.0098845,0.0098845,0.0098845
16,214.889,3.59432,4.52274,2.63441,0.00158,0.20426,0.00109,0.00027,3.54007,4.54517,2.34335,0.00987625,0.00987625,0.00987625
17,227.932,3.58488,4.49366,2.63238,0.00135,0.09787,0.00079,0.00018,3.64009,4.6021,2.39148,0.009868,0.009868,0.009868
18,240.952,3.5612,4.47753,2.62879,0.00147,0.21489,0.00104,0.00025,3.58937,4.6194,2.29093,0.00985975,0.00985975,0.00985975
19,253.868,3.58801,4.52753,2.59496,0.00177,0.16809,0.00126,0.00031,3.58205,4.5722,2.31209,0.0098515,0.0098515,0.0098515
20,266.938,3.53268,4.51214,2.59258,0.00143,0.08298,0.00083,0.00017,3.59634,4.60782,2.30443,0.00984325,0.00984325,0.00984325
21,279.952,3.56493,4.52123,2.59289,0.00136,0.18085,0.00118,0.00029,3.54657,4.56617,2.32989,0.009835,0.009835,0.009835
22,292.861,3.58323,4.52164,2.6054,0.00148,0.05745,0.00082,0.0002,3.52118,4.6357,2.32627,0.00982675,0.00982675,0.00982675
23,305.593,3.51495,4.51327,2.59339,0.00148,0.05745,0.00082,0.0002,4.86889,6.09519,4.41347,0.0098185,0.0098185,0.0098185
24,318.604,3.52917,4.51975,2.58569,0.00182,0.11489,0.00192,0.00053,3.56741,4.57248,2.30844,0.00981025,0.00981025,0.00981025
25,332.188,3.55484,4.5106,2.5995,0.00143,0.20851,0.00103,0.00023,3.54612,4.67489,2.23496,0.009802,0.009802,0.009802
26,345.263,3.52248,4.50391,2.58765,0.00157,0.20426,0.00119,0.00029,3.49162,4.61193,2.24823,0.00979375,0.00979375,0.00979375
27,358.346,3.50135,4.52364,2.57482,0.00204,0.2383,0.00164,0.00037,3.56656,4.55739,2.2618,0.0097855,0.0097855,0.0097855
28,371.104,3.51497,4.53261,2.58777,0.00134,0.01915,0.0008,0.00013,3.75711,4.6462,2.37679,0.00977725,0.00977725,0.00977725
29,383.622,3.53162,4.5683,2.61266,0.00134,0.01915,0.0008,0.00013,4.06474,5.0177,2.45039,0.009769,0.009769,0.009769
30,396.718,3.54585,4.56283,2.57661,0.00065,0.0766,0.00035,7e-05,3.81253,5.34893,2.50847,0.00976075,0.00976075,0.00976075
31,409.417,3.53655,4.55642,2.5569,0.00204,0.01915,0.00104,0.00021,3.4644,4.64521,2.28964,0.0097525,0.0097525,0.0097525
32,422.392,3.53867,4.54026,2.60173,0.00224,0.05106,0.00127,0.00028,3.48983,4.61741,2.24583,0.00974425,0.00974425,0.00974425
33,435.399,3.57302,4.53665,2.59454,0.00179,0.06809,0.00098,0.00025,3.55443,4.65758,2.29419,0.009736,0.009736,0.009736
34,448.228,3.52583,4.55589,2.61101,0.00179,0.06809,0.00098,0.00025,3.69927,4.65212,2.29453,0.00972775,0.00972775,0.00972775
35,460.93,3.50906,4.51226,2.58134,0.0017,0.03191,0.00089,0.00019,3.55058,4.6878,2.28239,0.0097195,0.0097195,0.0097195
36,473.919,3.53711,4.5618,2.5865,0.0022,0.00638,0.00112,0.00015,3.57781,4.65424,2.23759,0.00971125,0.00971125,0.00971125
37,486.472,3.5092,4.55061,2.58576,0.0022,0.00638,0.00112,0.00015,3.73439,4.71476,2.27182,0.009703,0.009703,0.009703
38,498.688,3.53122,4.49287,2.5754,0.0022,0.00638,0.00112,0.00015,3.72972,4.6386,2.2983,0.00969475,0.00969475,0.00969475
39,511.59,3.50594,4.51254,2.58005,0.00312,0.01489,0.00159,0.00043,3.66976,4.61559,2.26692,0.0096865,0.0096865,0.0096865
40,524.587,3.53597,4.50948,2.58162,0.00131,0.15106,0.00082,0.0002,3.67269,4.68905,2.25186,0.00967825,0.00967825,0.00967825
41,537.213,3.51898,4.51474,2.52755,0.00131,0.15106,0.00082,0.0002,3.62115,4.58817,2.23539,0.00967,0.00967,0.00967
42,549.929,3.56096,4.51552,2.55242,0.00378,0.00426,0.00191,0.00038,3.75071,4.83027,2.31289,0.00966175,0.00966175,0.00966175
43,562.835,3.5162,4.48977,2.572,0.00122,0.15745,0.00085,0.00021,3.57427,4.67485,2.19205,0.0096535,0.0096535,0.0096535
44,575.807,3.52998,4.50708,2.55431,0.00102,0.14894,0.00067,0.00016,3.61931,4.67298,2.20587,0.00964525,0.00964525,0.00964525
45,588.93,3.53555,4.49941,2.56579,0.00134,0.09149,0.00084,0.0002,3.71347,4.66508,2.31561,0.009637,0.009637,0.009637
46,601.833,3.53381,4.50512,2.58596,0.00178,0.04468,0.00094,0.00024,3.63025,4.67296,2.24908,0.00962875,0.00962875,0.00962875
47,614.893,3.5003,4.4865,2.55277,0.00157,0.12979,0.00092,0.00022,3.62294,4.59498,2.23081,0.0096205,0.0096205,0.0096205
48,627.731,3.52404,4.49421,2.55739,0.0008,0.00638,0.00041,5e-05,4.06351,5.29196,2.77019,0.00961225,0.00961225,0.00961225
49,640.762,3.51809,4.4736,2.56467,0.0018,0.09787,0.00124,0.0003,3.5869,4.67415,2.19532,0.009604,0.009604,0.009604
50,653.292,3.48068,4.51305,2.52381,0.0018,0.09787,0.00124,0.0003,4.48433,5.73135,2.95153,0.00959575,0.00959575,0.00959575
51,666.152,3.48723,4.45232,2.50326,0.00076,0.02979,0.00039,0.0001,3.57553,4.57273,2.19248,0.0095875,0.0095875,0.0095875
52,679.337,3.5354,4.46438,2.48785,0.00121,0.18511,0.00095,0.00024,3.58964,4.63885,2.21312,0.00957925,0.00957925,0.00957925
53,692.093,3.52854,4.46905,2.528,0.00147,0.21064,0.00132,0.00035,3.75009,4.41891,2.36121,0.009571,0.009571,0.009571
54,705.154,3.52809,4.41273,2.51328,0.00141,0.21489,0.00122,0.00031,3.57293,4.66766,2.20323,0.00956275,0.00956275,0.00956275
55,718.145,3.50655,4.42156,2.49049,0.00144,0.21915,0.00105,0.00026,3.5479,4.69135,2.20637,0.0095545,0.0095545,0.0095545
56,731.233,3.47941,4.35347,2.45931,0.00167,0.24681,0.00144,0.00034,3.57602,4.47123,2.21835,0.00954625,0.00954625,0.00954625
57,744.246,3.44207,4.36347,2.48064,0.00144,0.21915,0.00124,0.00031,3.63726,4.5505,2.26213,0.009538,0.009538,0.009538
58,757.079,3.49294,4.414,2.46462,0.00173,0.20638,0.00108,0.00031,3.55369,4.48429,2.20184,0.00952975,0.00952975,0.00952975
59,770.149,3.50219,4.3701,2.47169,0.00162,0.24255,0.00141,0.00035,3.55742,4.44567,2.20477,0.0095215,0.0095215,0.0095215
60,783.056,3.49839,4.38662,2.49769,0.00152,0.2234,0.00124,0.00034,3.532,4.5252,2.19528,0.00951325,0.00951325,0.00951325
61,796.08,3.50265,4.37883,2.50189,0.00143,0.20851,0.00113,0.0003,3.47664,4.54637,2.15304,0.009505,0.009505,0.009505
62,809.075,3.49695,4.42495,2.47572,0.00148,0.21489,0.00143,0.00038,3.53002,4.39606,2.17726,0.00949675,0.00949675,0.00949675
63,822.114,3.48287,4.40448,2.50699,0.00161,0.19787,0.00101,0.00024,3.97372,4.8114,2.62518,0.0094885,0.0094885,0.0094885
64,835.169,3.44369,4.35152,2.47751,6e-05,0.00426,3e-05,1e-05,4.06201,4.7622,2.65226,0.00948025,0.00948025,0.00948025
65,848.205,3.48411,4.37175,2.45143,0.002,0.08511,0.00112,0.00027,3.93572,4.6293,2.51122,0.009472,0.009472,0.009472
66,861.034,3.46535,4.34614,2.4624,0.00176,0.07447,0.00098,0.00026,3.73887,4.53585,2.38332,0.00946375,0.00946375,0.00946375
67,874.019,3.46342,4.3582,2.45346,0.00151,0.22128,0.00108,0.00026,3.5534,4.38963,2.20618,0.0094555,0.0094555,0.0094555
68,887.127,3.45816,4.35454,2.44796,0.00164,0.24043,0.00127,0.00033,3.57608,4.41198,2.20397,0.00944725,0.00944725,0.00944725
69,900.158,3.49538,4.36965,2.47937,0.00176,0.25745,0.00153,0.00037,3.49032,4.40748,2.15782,0.009439,0.009439,0.009439
70,913.112,3.44915,4.33859,2.43425,0.00173,0.17872,0.00121,0.0003,3.57079,4.38209,2.18251,0.00943075,0.00943075,0.00943075
71,926.196,3.43751,4.34247,2.41331,0.00179,0.21277,0.00146,0.00037,3.56553,4.40258,2.16731,0.0094225,0.0094225,0.0094225
72,939.135,3.42078,4.31486,2.44499,0.00185,0.24681,0.0014,0.00036,3.54104,4.43693,2.18698,0.00941425,0.00941425,0.00941425
73,951.983,3.41636,4.29481,2.42422,0.00174,0.25745,0.00145,0.00036,3.4895,4.40327,2.13876,0.009406,0.009406,0.009406
74,964.766,3.38876,4.31497,2.38747,0.00137,0.20851,0.00099,0.00024,3.50282,4.45778,2.08235,0.00939775,0.00939775,0.00939775
75,977.827,3.42132,4.30466,2.40534,0.00159,0.2383,0.00154,0.00037,3.46063,4.46127,2.12844,0.0093895,0.0093895,0.0093895
76,990.73,3.39707,4.29483,2.37919,0.00166,0.24894,0.00155,0.00034,3.46423,4.49112,2.14454,0.00938125,0.00938125,0.00938125
77,1003.62,3.36838,4.28679,2.37563,0.00163,0.24681,0.00142,0.00036,3.44669,4.52307,2.11536,0.009373,0.009373,0.009373
78,1016.48,3.36149,4.25936,2.37461,0.00151,0.22979,0.00137,0.00034,3.42639,4.56082,2.10976,0.00936475,0.00936475,0.00936475
79,1029.44,3.3962,4.30104,2.35238,0.00192,0.28723,0.00333,0.00066,3.41199,4.39105,2.11862,0.0093565,0.0093565,0.0093565
80,1043.17,3.3589,4.261,2.37494,0.0016,0.24043,0.00168,0.00038,3.453,4.50514,2.15651,0.00934825,0.00934825,0.00934825
81,1055.99,3.40523,4.27853,2.38985,0.00168,0.25319,0.00129,0.00034,3.50926,4.52366,2.21782,0.00934,0.00934,0.00934
82,1068.97,3.36721,4.2511,2.3675,0.0017,0.25319,0.00199,0.00055,3.53368,4.46158,2.21798,0.00933175,0.00933175,0.00933175
83,1081.88,3.36179,4.24095,2.37449,0.00169,0.25319,0.00186,0.00045,3.43427,4.51024,2.09808,0.0093235,0.0093235,0.0093235
84,1094.99,3.36715,4.24778,2.34349,0.00166,0.24468,0.00154,0.00039,3.40809,4.49351,2.12127,0.00931525,0.00931525,0.00931525
85,1107.64,3.38434,4.23342,2.36011,0.00182,0.25319,0.0027,0.00064,3.41679,4.47201,2.13549,0.009307,0.009307,0.009307
86,1120.63,3.3637,4.23739,2.35342,0.00193,0.26383,0.00264,0.00059,3.49638,4.38913,2.15888,0.00929875,0.00929875,0.00929875
87,1133.62,3.34696,4.21607,2.34528,0.0018,0.26809,0.0029,0.00071,3.45966,4.37635,2.13338,0.0092905,0.0092905,0.0092905
88,1147.18,3.37329,4.21337,2.35927,0.00184,0.23404,0.00195,0.00051,3.71054,4.44702,2.24089,0.00928225,0.00928225,0.00928225
89,1160.3,3.35663,4.19244,2.35692,0.00173,0.2617,0.00223,0.0005,3.42676,4.41496,2.13822,0.009274,0.009274,0.009274
90,1173.36,3.36995,4.22338,2.36811,0.00177,0.27021,0.00227,0.00053,3.41505,4.41335,2.1194,0.00926575,0.00926575,0.00926575
91,1186.07,3.34612,4.22592,2.35212,0.00194,0.26383,0.00221,0.00049,3.49016,4.40695,2.10679,0.0092575,0.0092575,0.0092575
92,1199.02,3.34243,4.18815,2.33226,0.0018,0.27234,0.00295,0.00072,3.41201,4.38524,2.10203,0.00924925,0.00924925,0.00924925
93,1212.57,3.35516,4.21288,2.38159,0.00167,0.25532,0.00246,0.00053,3.45381,4.48213,2.12224,0.009241,0.009241,0.009241
94,1225.53,3.37664,4.21705,2.38858,0.00143,0.21489,0.00194,0.00048,3.42965,4.53566,2.16857,0.00923275,0.00923275,0.00923275
95,1238.42,3.36838,4.20891,2.37896,0.0019,0.28936,0.00274,0.00064,3.43242,4.44532,2.12447,0.0092245,0.0092245,0.0092245
96,1251.46,3.32602,4.15461,2.35241,0.00194,0.29149,0.0032,0.00065,3.46961,4.37171,2.11617,0.00921625,0.00921625,0.00921625
97,1264.39,3.33332,4.18073,2.30982,0.0021,0.28936,0.00362,0.00075,3.45058,4.36233,2.19187,0.009208,0.009208,0.009208
98,1277.91,3.33092,4.15713,2.3633,0.00182,0.26383,0.00251,0.00056,3.53432,4.43317,2.20289,0.00919975,0.00919975,0.00919975
99,1290.97,3.35386,4.19701,2.36879,0.00215,0.25532,0.00252,0.00056,3.47097,4.33756,2.14397,0.0091915,0.0091915,0.0091915
100,1303.98,3.363,4.2046,2.36975,0.002,0.27447,0.00308,0.00071,3.45262,4.41779,2.19407,0.00918325,0.00918325,0.00918325
101,1317,3.38325,4.21127,2.38154,0.0019,0.27447,0.00211,0.00047,3.48882,4.39341,2.25651,0.009175,0.009175,0.009175
102,1330.13,3.36874,4.2174,2.38269,0.00208,0.30638,0.00304,0.00063,3.45944,4.46373,2.20204,0.00916675,0.00916675,0.00916675
103,1343.02,3.32452,4.16919,2.32463,0.00223,0.2234,0.00294,0.00066,3.46523,4.38962,2.15916,0.0091585,0.0091585,0.0091585
104,1356.1,3.2903,4.12706,2.34575,0.00215,0.31702,0.00794,0.00113,3.41016,4.28463,2.16132,0.00915025,0.00915025,0.00915025
105,1369.84,3.32003,4.14188,2.36987,0.00217,0.30426,0.00343,0.00071,3.38587,4.29122,2.11019,0.009142,0.009142,0.009142
106,1382.81,3.29988,4.13459,2.36843,0.00185,0.24255,0.00302,0.00056,3.53133,4.40991,2.18865,0.00913375,0.00913375,0.00913375
107,1395.93,3.2731,4.11565,2.32403,0.00208,0.3,0.00288,0.00067,3.44528,4.34483,2.12657,0.0091255,0.0091255,0.0091255
108,1408.96,3.26631,4.12695,2.32561,0.00228,0.32128,0.00402,0.00084,3.3662,4.31285,2.15065,0.00911725,0.00911725,0.00911725
109,1421.69,3.23643,4.1057,2.33047,0.00209,0.31702,0.00427,0.00085,3.34304,4.29565,2.08942,0.009109,0.009109,0.009109
110,1434.31,3.24185,4.09193,2.30772,0.00224,0.3383,0.00326,0.00066,3.33709,4.31447,2.08062,0.00910075,0.00910075,0.00910075
111,1447.38,3.29468,4.10068,2.33726,0.00201,0.30426,0.00447,0.00085,3.3485,4.33704,2.10757,0.0090925,0.0090925,0.0090925
112,1460.13,3.19248,4.09304,2.30005,0.00214,0.32553,0.00445,0.00091,3.27787,4.23384,2.17018,0.00908425,0.00908425,0.00908425
113,1473.11,3.2059,4.05529,2.32558,0.00209,0.31702,0.00598,0.001,3.24564,4.2294,2.17392,0.009076,0.009076,0.009076
114,1486.17,3.21231,4.08029,2.29217,0.00222,0.3383,0.00442,0.00092,3.25943,4.20213,2.1562,0.00906775,0.00906775,0.00906775
115,1498.8,3.17567,4.03313,2.28659,0.00223,0.3383,0.00363,0.00091,3.29745,4.20824,2.0883,0.0090595,0.0090595,0.0090595
116,1511.81,3.20347,4.01226,2.32606,0.00257,0.39149,0.00465,0.00109,3.23173,4.20428,2.17964,0.00905125,0.00905125,0.00905125
117,1524.93,3.15122,4.00448,2.32459,0.00252,0.38511,0.00461,0.00097,3.23407,4.1241,2.19776,0.009043,0.009043,0.009043
118,1537.84,3.15013,4.01543,2.31566,0.0025,0.38085,0.00389,0.00089,3.20702,4.16678,2.17859,0.00903475,0.00903475,0.00903475
119,1550.81,3.16851,4.01697,2.30797,0.00257,0.39149,0.00445,0.00096,3.18739,4.11834,2.15691,0.0090265,0.0090265,0.0090265
120,1563.91,3.15793,4.01323,2.29417,0.00252,0.38298,0.00523,0.00106,3.20156,4.08242,2.15316,0.00901825,0.00901825,0.00901825
121,1577.05,3.15525,3.98843,2.30553,0.00263,0.38936,0.00534,0.00111,3.19173,4.06533,2.19358,0.00901,0.00901,0.00901
122,1590.1,3.1608,3.98479,2.27364,0.00264,0.40213,0.00491,0.00107,3.1831,4.08674,2.13473,0.00900175,0.00900175,0.00900175
123,1603.12,3.17671,3.9671,2.307,0.00264,0.40213,0.00513,0.00101,3.22314,4.02629,2.15958,0.0089935,0.0089935,0.0089935
124,1616.24,3.14324,3.95151,2.29008,0.00465,0.31489,0.00626,0.00121,3.19573,4.10439,2.18112,0.00898525,0.00898525,0.00898525
125,1629.19,3.14386,3.98916,2.30493,0.00269,0.41064,0.00491,0.0011,3.16437,4.07793,2.15972,0.008977,0.008977,0.008977
126,1642.12,3.10225,3.94146,2.27747,0.003,0.44043,0.00639,0.00138,3.15652,4.01502,2.15045,0.00896875,0.00896875,0.00896875
127,1655.92,3.10225,3.91838,2.28046,0.00285,0.43404,0.00739,0.00148,3.13948,4.08883,2.13804,0.0089605,0.0089605,0.0089605
128,1669.22,3.09542,3.95099,2.25641,0.00293,0.44255,0.00715,0.00157,3.1478,4.01144,2.18645,0.00895225,0.00895225,0.00895225
129,1682.87,3.09662,3.951,2.26721,0.00279,0.42553,0.00666,0.00134,3.16403,4.07194,2.16621,0.008944,0.008944,0.008944
130,1695.87,3.0997,3.9363,2.26297,0.00265,0.40426,0.00637,0.00135,3.15941,4.06572,2.14018,0.00893575,0.00893575,0.00893575
131,1708.83,3.11769,3.87586,2.25147,0.00282,0.42979,0.00749,0.00175,3.14654,3.99017,2.14606,0.0089275,0.0089275,0.0089275
132,1722.5,3.10818,3.89135,2.26766,0.0029,0.44255,0.00956,0.00217,3.17993,3.94923,2.15752,0.00891925,0.00891925,0.00891925
133,1736.1,3.07596,3.90235,2.26844,0.00297,0.45319,0.01066,0.00227,3.12255,3.9688,2.13263,0.008911,0.008911,0.008911
134,1749.48,3.05297,3.87217,2.25714,0.00283,0.42766,0.00729,0.0015,3.13821,3.99846,2.13023,0.00890275,0.00890275,0.00890275
135,1762.22,3.08045,3.87799,2.27606,0.00286,0.43617,0.00736,0.00162,3.11943,4.01351,2.14745,0.0088945,0.0088945,0.0088945
136,1775.06,3.06839,3.85268,2.25575,0.00296,0.44894,0.00877,0.00176,3.13536,3.97952,2.12076,0.00888625,0.00888625,0.00888625
137,1788.03,3.04539,3.86208,2.2434,0.01694,0.18936,0.00961,0.002,3.1444,4.00449,2.13418,0.008878,0.008878,0.008878
138,1800.95,3.04774,3.89761,2.24422,0.02262,0.14468,0.01227,0.00262,3.14122,3.91401,2.14351,0.00886975,0.00886975,0.00886975
139,1814.54,3.04819,3.84363,2.24652,0.00301,0.45745,0.0112,0.00233,3.15725,3.92456,2.13716,0.0088615,0.0088615,0.0088615
140,1827.25,3.02318,3.84525,2.24045,0.07889,0.03191,0.01291,0.00297,3.10106,3.97479,2.12479,0.00885325,0.00885325,0.00885325
141,1840.8,3.04304,3.82704,2.24515,0.027,0.11277,0.01426,0.00338,3.09922,3.95135,2.11599,0.008845,0.008845,0.008845
142,1854.41,3.03553,3.81263,2.23775,0.00576,0.3766,0.01595,0.00341,3.12235,3.92414,2.1496,0.00883675,0.00883675,0.00883675
143,1867.98,3.03554,3.8462,2.23791,0.03423,0.05532,0.01053,0.00231,3.0824,3.9171,2.0849,0.0088285,0.0088285,0.0088285
144,1880.86,3.02839,3.79251,2.2265,0.05989,0.03617,0.01576,0.00277,3.10722,3.87313,2.1131,0.00882025,0.00882025,0.00882025
145,1893.92,3.00716,3.79278,2.23861,0.00879,0.33404,0.01363,0.003,3.11323,3.89068,2.12114,0.008812,0.008812,0.008812
146,1906.8,3.05235,3.82005,2.24875,0.03701,0.0766,0.0188,0.00512,3.13629,3.92975,2.15601,0.00880375,0.00880375,0.00880375
147,1920.22,3.02778,3.78204,2.24078,0.00621,0.38085,0.01005,0.00226,3.12671,3.94375,2.16384,0.0087955,0.0087955,0.0087955
148,1933.14,3.02209,3.77801,2.23993,0.02543,0.15532,0.0133,0.00311,3.10702,3.93007,2.11233,0.00878725,0.00878725,0.00878725
149,1946.14,3.05358,3.82387,2.24167,0.06801,0.0617,0.01777,0.00489,3.10911,3.84325,2.1432,0.008779,0.008779,0.008779
150,1958.87,3.00616,3.79479,2.23105,0.07379,0.04681,0.01537,0.00361,3.08388,3.92241,2.13211,0.00877075,0.00877075,0.00877075
151,1971.85,2.9969,3.75171,2.24198,0.0262,0.11915,0.012,0.00288,3.12433,3.95827,2.16601,0.0087625,0.0087625,0.0087625
152,1984.75,2.99426,3.76502,2.215,0.04425,0.10426,0.01457,0.00307,3.10133,3.86249,2.12907,0.00875425,0.00875425,0.00875425
153,1997.59,2.96342,3.71609,2.21148,0.13294,0.03617,0.02216,0.00516,3.04783,3.81393,2.11302,0.008746,0.008746,0.008746
154,2010.44,2.95403,3.74877,2.20632,0.08183,0.0421,0.02101,0.00458,3.06714,3.84593,2.08467,0.00873775,0.00873775,0.00873775
155,2023.44,2.9665,3.73017,2.20884,0.07089,0.05106,0.01621,0.00394,3.05649,3.86563,2.13562,0.0087295,0.0087295,0.0087295
156,2036.36,2.97975,3.71714,2.20691,0.05189,0.06809,0.01769,0.00425,3.09744,3.80129,2.13075,0.00872125,0.00872125,0.00872125
157,2049.39,3.00198,3.71275,2.2226,0.08758,0.05532,0.02271,0.00446,3.07457,3.8085,2.13199,0.008713,0.008713,0.008713
158,2062.23,2.94905,3.70206,2.19955,0.08668,0.03191,0.02085,0.00466,3.07393,3.87381,2.14386,0.00870475,0.00870475,0.00870475
159,2075.19,2.96727,3.67526,2.1867,0.08319,0.0383,0.02173,0.00532,3.06225,3.78935,2.10068,0.0086965,0.0086965,0.0086965
160,2088.79,2.9722,3.72659,2.19173,0.0874,0.07872,0.02533,0.0063,3.04384,3.81345,2.11394,0.00868825,0.00868825,0.00868825
161,2102.27,2.94817,3.73123,2.21192,0.09433,0.05106,0.02767,0.00664,3.06212,3.84184,2.13549,0.00868,0.00868,0.00868
162,2115.77,2.94939,3.70498,2.17189,0.08645,0.05745,0.01722,0.00396,3.0701,3.93448,2.11679,0.00867175,0.00867175,0.00867175
163,2128.7,2.95347,3.7074,2.19234,0.10384,0.05106,0.02025,0.00472,3.05059,3.81428,2.1493,0.0086635,0.0086635,0.0086635
164,2141.51,2.90077,3.68292,2.17852,0.09692,0.07447,0.02588,0.00682,2.99637,3.77645,2.08758,0.00865525,0.00865525,0.00865525
165,2154.32,2.89956,3.67144,2.19752,0.09606,0.06383,0.02359,0.00614,3.01524,3.80169,2.09824,0.008647,0.008647,0.008647
166,2167.26,2.90388,3.67028,2.17494,0.15028,0.05957,0.03138,0.0073,3.0032,3.74277,2.11265,0.00863875,0.00863875,0.00863875
167,2180.71,2.92639,3.67752,2.20519,0.08591,0.05319,0.0219,0.00454,3.05374,3.95268,2.12851,0.0086305,0.0086305,0.0086305
168,2193.67,2.90573,3.65471,2.18822,0.06342,0.02766,0.0196,0.0036,3.04805,3.84634,2.12838,0.00862225,0.00862225,0.00862225
169,2206.55,2.89726,3.65538,2.17665,0.07893,0.02766,0.02159,0.00465,3.00838,3.78946,2.09279,0.008614,0.008614,0.008614
170,2219.48,2.88082,3.64995,2.15708,0.12491,0.0383,0.02465,0.00574,3.02481,3.77744,2.09327,0.00860575,0.00860575,0.00860575
171,2232.37,2.89214,3.59558,2.18279,0.10775,0.05957,0.02161,0.00457,3.0411,3.79652,2.08627,0.0085975,0.0085975,0.0085975
172,2245.36,2.89764,3.64053,2.18538,0.07848,0.07234,0.02412,0.00708,2.97428,3.82379,2.08396,0.00858925,0.00858925,0.00858925
173,2258.26,2.88918,3.65706,2.16133,0.11489,0.04198,0.02907,0.00593,2.99774,3.75568,2.09518,0.008581,0.008581,0.008581
174,2271.03,2.90697,3.66616,2.17572,0.07911,0.04468,0.0212,0.00448,3.0503,3.80183,2.14584,0.00857275,0.00857275,0.00857275
175,2284.08,2.8785,3.60239,2.18243,0.09507,0.06809,0.02279,0.00521,3.03642,3.75567,2.12448,0.0085645,0.0085645,0.0085645
176,2296.81,2.86378,3.6143,2.17099,0.09536,0.09149,0.02436,0.00539,3.03615,3.837,2.09552,0.00855625,0.00855625,0.00855625
177,2309.58,2.91174,3.61367,2.17989,0.07265,0.10426,0.02541,0.0059,2.9922,3.82062,2.0999,0.008548,0.008548,0.008548
178,2322.59,2.87338,3.60286,2.15642,0.07269,0.09362,0.02184,0.00525,2.99381,3.88311,2.09527,0.00853975,0.00853975,0.00853975
179,2335.58,2.8842,3.58561,2.15905,0.10088,0.05745,0.0295,0.00675,2.97331,3.78251,2.09531,0.0085315,0.0085315,0.0085315
180,2348.43,2.85325,3.5476,2.16897,0.10614,0.05745,0.02752,0.00684,2.94337,3.70507,2.07404,0.00852325,0.00852325,0.00852325
181,2361.32,2.8532,3.53735,2.16498,0.10632,0.06809,0.03121,0.0064,3.00142,3.78083,2.1362,0.008515,0.008515,0.008515
182,2374.29,2.82133,3.55667,2.15685,0.1041,0.0617,0.0306,0.00681,2.95596,3.71145,2.08873,0.00850675,0.00850675,0.00850675
183,2387.01,2.83772,3.53359,2.1584,0.20308,0.04894,0.03817,0.00895,2.96662,3.69088,2.09497,0.0084985,0.0084985,0.0084985
184,2400.44,2.84234,3.57293,2.13437,0.12852,0.09149,0.03762,0.00928,2.95112,3.72868,2.08386,0.00849025,0.00849025,0.00849025
185,2413.98,2.8426,3.54848,2.13671,0.15556,0.07021,0.04094,0.00915,2.95232,3.75752,2.10331,0.008482,0.008482,0.008482
186,2427.58,2.84824,3.56656,2.15701,0.16876,0.08298,0.04286,0.00947,2.95929,3.65848,2.08625,0.00847375,0.00847375,0.00847375
187,2441.1,2.84394,3.57835,2.16872,0.16565,0.06809,0.04321,0.00981,2.98834,3.68337,2.12067,0.0084655,0.0084655,0.0084655
188,2454.52,2.82024,3.5448,2.14143,0.10474,0.09149,0.03775,0.01008,2.93875,3.72911,2.07534,0.00845725,0.00845725,0.00845725
189,2467.28,2.84099,3.53288,2.16511,0.12171,0.06596,0.04172,0.00911,2.93502,3.84118,2.07621,0.008449,0.008449,0.008449
190,2480.22,2.824,3.55411,2.16509,0.14298,0.05532,0.03449,0.00894,2.95028,3.69074,2.07528,0.00844075,0.00844075,0.00844075
191,2493.2,2.8071,3.50955,2.13767,0.13391,0.04468,0.02677,0.00624,3.00449,3.76118,2.08774,0.0084325,0.0084325,0.0084325
192,2506.14,2.83401,3.50041,2.13416,0.13075,0.07021,0.03416,0.00868,2.92459,3.69222,2.0537,0.00842425,0.00842425,0.00842425
193,2519.05,2.8132,3.52253,2.13744,0.13209,0.05957,0.0414,0.01018,2.93439,3.66209,2.07781,0.008416,0.008416,0.008416
194,2532.49,2.82785,3.51616,2.14246,0.11147,0.07447,0.03876,0.01001,2.92711,3.6239,2.05673,0.00840775,0.00840775,0.00840775
195,2545.34,2.85867,3.53561,2.13991,0.12249,0.08511,0.04085,0.01046,2.92124,3.62714,2.04878,0.0083995,0.0083995,0.0083995
196,2558.83,2.81229,3.52063,2.12754,0.13124,0.07872,0.03993,0.00924,2.9234,3.61464,2.06244,0.00839125,0.00839125,0.00839125
197,2571.75,2.80384,3.46857,2.13532,0.17195,0.08511,0.05621,0.01284,2.89242,3.65115,2.06871,0.008383,0.008383,0.008383
198,2585.42,2.79071,3.4581,2.12864,0.15537,0.06596,0.04895,0.01345,2.89433,3.62711,2.0419,0.00837475,0.00837475,0.00837475
199,2598.35,2.80975,3.50053,2.1318,0.15364,0.07234,0.04642,0.01146,2.89811,3.67595,2.04924,0.0083665,0.0083665,0.0083665
200,2611.33,2.82436,3.46972,2.15271,0.13201,0.08298,0.04229,0.01011,2.93829,3.59287,2.05967,0.00835825,0.00835825,0.00835825
201,2624.07,2.76724,3.47977,2.14103,0.14544,0.08511,0.05483,0.01153,2.91034,3.61659,2.06176,0.00835,0.00835,0.00835
202,2636.96,2.7634,3.45288,2.15231,0.16023,0.08936,0.05969,0.01581,2.91716,3.63388,2.08118,0.00834175,0.00834175,0.00834175
203,2650.53,2.76452,3.427,2.11868,0.14054,0.07872,0.05527,0.0119,2.90698,3.59522,2.06316,0.0083335,0.0083335,0.0083335
204,2663.51,2.78881,3.46,2.12405,0.17385,0.07447,0.05218,0.01194,2.91682,3.60947,2.07023,0.00832525,0.00832525,0.00832525
205,2676.35,2.76016,3.4202,2.13362,0.16532,0.09574,0.05831,0.01567,2.88324,3.58737,2.0587,0.008317,0.008317,0.008317
206,2689.16,2.74248,3.40929,2.11696,0.16129,0.07979,0.05563,0.01329,2.90326,3.58263,2.05722,0.00830875,0.00830875,0.00830875
207,2701.92,2.75689,3.4373,2.1092,0.19662,0.10638,0.06083,0.01556,2.90112,3.56819,2.06167,0.0083005,0.0083005,0.0083005
208,2714.86,2.72298,3.37031,2.07964,0.16184,0.10426,0.062,0.01561,2.86721,3.58413,2.03474,0.00829225,0.00829225,0.00829225
209,2728.26,2.70864,3.42581,2.11462,0.18486,0.09787,0.05838,0.01716,2.89697,3.5326,2.06821,0.008284,0.008284,0.008284
210,2741.82,2.74204,3.41476,2.09339,0.20095,0.06809,0.05671,0.01575,2.87905,3.56961,2.03984,0.00827575,0.00827575,0.00827575
211,2754.78,2.73966,3.41093,2.10283,0.17978,0.09362,0.06138,0.01811,2.86436,3.55477,2.02273,0.0082675,0.0082675,0.0082675
212,2768.37,2.73921,3.41361,2.10795,0.15103,0.08511,0.04947,0.01274,2.88863,3.56735,2.03864,0.00825925,0.00825925,0.00825925
213,2781.2,2.74465,3.42994,2.09947,0.16589,0.10638,0.05784,0.01496,2.88181,3.52079,2.04854,0.008251,0.008251,0.008251
214,2794.14,2.73246,3.35223,2.07507,0.18621,0.10213,0.06221,0.01629,2.84946,3.49504,2.03631,0.00824275,0.00824275,0.00824275
215,2806.99,2.72793,3.35621,2.09748,0.1949,0.09574,0.06498,0.0173,2.87077,3.52848,2.03712,0.0082345,0.0082345,0.0082345
216,2820.1,2.73125,3.39533,2.10771,0.17638,0.10426,0.06312,0.01714,2.88367,3.52298,2.03584,0.00822625,0.00822625,0.00822625
217,2833.08,2.69079,3.36456,2.08527,0.16314,0.11702,0.06818,0.01669,2.86042,3.44413,2.02873,0.008218,0.008218,0.008218
218,2846.15,2.75908,3.40027,2.08257,0.15675,0.11915,0.05775,0.01485,2.84705,3.45684,2.03309,0.00820975,0.00820975,0.00820975
219,2858.88,2.69203,3.35839,2.06227,0.16807,0.10213,0.0711,0.0182,2.81847,3.44124,2.01859,0.0082015,0.0082015,0.0082015
220,2872.45,2.70801,3.3745,2.07316,0.19256,0.10426,0.06606,0.01778,2.85811,3.47334,2.00674,0.00819325,0.00819325,0.00819325
221,2885.29,2.69947,3.34313,2.10383,0.18747,0.11277,0.07266,0.01809,2.84926,3.43394,2.03273,0.008185,0.008185,0.008185
222,2898.87,2.70692,3.37398,2.07998,0.17935,0.11064,0.06632,0.01836,2.84271,3.43015,2.01702,0.00817675,0.00817675,0.00817675
223,2911.87,2.71222,3.31861,2.08948,0.16771,0.11915,0.0741,0.01774,2.85117,3.40992,2.04417,0.0081685,0.0081685,0.0081685
224,2924.85,2.71067,3.35358,2.1022,0.16476,0.10851,0.07412,0.02106,2.84643,3.45556,2.01896,0.00816025,0.00816025,0.00816025
225,2938.23,2.6764,3.32581,2.09733,0.1868,0.11489,0.06762,0.01758,2.8428,3.41706,2.0297,0.008152,0.008152,0.008152
226,2951.23,2.73231,3.35406,2.09394,0.21699,0.11489,0.08497,0.02135,2.84519,3.37056,2.02489,0.00814375,0.00814375,0.00814375
227,2964.69,2.67379,3.28338,2.08202,0.19918,0.10213,0.0835,0.02075,2.84299,3.3923,2.04835,0.0081355,0.0081355,0.0081355
228,2977.68,2.67441,3.26718,2.04444,0.20716,0.11915,0.07887,0.02227,2.81836,3.40292,2.01107,0.00812725,0.00812725,0.00812725
229,2991.25,2.69277,3.33774,2.0754,0.18857,0.10532,0.06697,0.01984,2.82072,3.4593,2.00188,0.008119,0.008119,0.008119
230,3004.3,2.65662,3.26995,2.06419,0.24101,0.13404,0.0942,0.02515,2.81164,3.34601,2.01549,0.00811075,0.00811075,0.00811075
231,3017.51,2.7001,3.27576,2.06546,0.18199,0.11489,0.0683,0.01778,2.82071,3.41484,2.04049,0.0081025,0.0081025,0.0081025
232,3030.5,2.70714,3.2433,2.05485,0.21409,0.11702,0.08799,0.02281,2.82552,3.35861,2.02495,0.00809425,0.00809425,0.00809425
233,3043.36,2.69613,3.32452,2.0721,0.24249,0.11489,0.09223,0.02632,2.78176,3.35724,2.0036,0.008086,0.008086,0.008086
234,3057.01,2.65181,3.29065,2.07172,0.15983,0.1,0.07555,0.02472,2.79045,3.45583,2.02537,0.00807775,0.00807775,0.00807775
235,3069.81,2.67895,3.26247,2.05149,0.2098,0.13191,0.09768,0.02617,2.80411,3.35834,2.00915,0.0080695,0.0080695,0.0080695
236,3083.35,2.65948,3.28274,2.05142,0.17681,0.12338,0.08547,0.02447,2.79372,3.32276,1.99729,0.00806125,0.00806125,0.00806125
237,3096.19,2.66055,3.25614,2.05095,0.22611,0.13404,0.10514,0.02951,2.81951,3.30304,2.02702,0.008053,0.008053,0.008053
238,3109.76,2.64846,3.25796,2.03979,0.20052,0.12128,0.08716,0.02431,2.82265,3.32371,2.05106,0.00804475,0.00804475,0.00804475
239,3122.62,2.61329,3.24853,2.04003,0.23136,0.12979,0.09786,0.0256,2.79847,3.29259,2.03302,0.0080365,0.0080365,0.0080365
240,3135.49,2.65811,3.28983,2.06441,0.19946,0.12128,0.0813,0.0207,2.8062,3.34023,2.03002,0.00802825,0.00802825,0.00802825
241,3148.48,2.66321,3.28086,2.05015,0.21722,0.13191,0.08434,0.02514,2.78632,3.37038,2.01198,0.00802,0.00802,0.00802
242,3161.39,2.66251,3.28548,2.06123,0.23703,0.12766,0.10012,0.02761,2.80474,3.3672,1.99707,0.00801175,0.00801175,0.00801175
243,3173.51,2.67655,3.26358,2.07668,0.23284,0.14255,0.104,0.02996,2.78822,3.33393,1.99955,0.0080035,0.0080035,0.0080035
244,3186.35,2.62388,3.23668,2.03245,0.24539,0.14255,0.10006,0.02742,2.81642,3.32012,2.00615,0.00799525,0.00799525,0.00799525
245,3199.25,2.63819,3.22387,2.04738,0.27456,0.13617,0.10332,0.02898,2.76156,3.26908,2.00865,0.007987,0.007987,0.007987
246,3212.26,2.6149,3.19573,2.03662,0.21446,0.14043,0.07858,0.02093,2.77124,3.3276,2.002,0.00797875,0.00797875,0.00797875
247,3225.29,2.63499,3.23544,2.0472,0.23468,0.13701,0.10278,0.02905,2.78882,3.29268,1.99242,0.0079705,0.0079705,0.0079705
248,3238.37,2.62414,3.25766,2.03356,0.21171,0.1383,0.09457,0.02749,2.79582,3.28081,2.00416,0.00796225,0.00796225,0.00796225
249,3251.18,2.63677,3.22153,2.0407,0.20037,0.14043,0.09329,0.0288,2.80722,3.31924,2.01339,0.007954,0.007954,0.007954
250,3264.14,2.62875,3.23109,2.03472,0.21834,0.1234,0.09136,0.02716,2.78709,3.32776,1.97454,0.00794575,0.00794575,0.00794575
251,3277.01,2.60064,3.2122,2.04928,0.25568,0.12979,0.10746,0.03114,2.76434,3.29403,2.00509,0.0079375,0.0079375,0.0079375
252,3290.53,2.61804,3.24862,2.05727,0.22487,0.14043,0.10145,0.02832,2.76431,3.29627,1.99827,0.00792925,0.00792925,0.00792925
253,3303.5,2.6106,3.23342,2.03879,0.2414,0.1383,0.11314,0.03218,2.74434,3.27251,1.97628,0.007921,0.007921,0.007921
254,3317.08,2.63462,3.22776,2.03804,0.24861,0.14468,0.1033,0.03054,2.76028,3.22234,1.98198,0.00791275,0.00791275,0.00791275
255,3329.87,2.63558,3.2121,2.04827,0.22057,0.14255,0.10009,0.02622,2.73176,3.22989,2.00568,0.0079045,0.0079045,0.0079045
256,3342.79,2.58734,3.16845,2.03459,0.29114,0.13617,0.11554,0.03309,2.78542,3.21717,2.00774,0.00789625,0.00789625,0.00789625
257,3356.36,2.61184,3.19408,2.04973,0.23676,0.13134,0.10537,0.02814,2.81124,3.27176,2.02308,0.007888,0.007888,0.007888
258,3369.39,2.63266,3.21479,2.04971,0.22449,0.14894,0.09462,0.02528,2.74121,3.25641,2.01623,0.00787975,0.00787975,0.00787975
259,3382.45,2.58267,3.22182,2.04212,0.22567,0.13191,0.09534,0.02611,2.76243,3.29419,1.99441,0.0078715,0.0078715,0.0078715
260,3395.56,2.61601,3.17488,2.03926,0.22576,0.12553,0.09938,0.02731,2.7659,3.29565,2.02096,0.00786325,0.00786325,0.00786325
261,3408.54,2.55524,3.12119,2.02153,0.27691,0.12766,0.11506,0.03496,2.75791,3.2288,2.02552,0.007855,0.007855,0.007855
262,3422.17,2.60408,3.21164,2.03779,0.24744,0.14894,0.1141,0.0329,2.73841,3.23228,2.04692,0.00784675,0.00784675,0.00784675
263,3435.14,2.58186,3.19219,2.03319,0.24585,0.15106,0.11639,0.03376,2.68562,3.21647,2.01591,0.0078385,0.0078385,0.0078385
264,3448.11,2.56957,3.15218,2.02412,0.22246,0.14043,0.11029,0.03102,2.68176,3.22849,1.99384,0.00783025,0.00783025,0.00783025
265,3461.21,2.58479,3.1733,2.03609,0.23968,0.15561,0.12344,0.03373,2.71419,3.18488,2.03364,0.007822,0.007822,0.007822
266,3474.27,2.58103,3.15887,2.02088,0.22901,0.15106,0.10955,0.03212,2.72361,3.21547,2.01731,0.00781375,0.00781375,0.00781375
267,3487.18,2.55887,3.15893,2.02961,0.26159,0.14043,0.11519,0.03492,2.68791,3.25896,2.00456,0.0078055,0.0078055,0.0078055
268,3500.13,2.5781,3.16863,2.02732,0.2655,0.15532,0.12001,0.03424,2.67961,3.18154,2.01693,0.00779725,0.00779725,0.00779725
269,3513.12,2.5417,3.13189,2.04654,0.25755,0.13507,0.113,0.03091,2.69288,3.2493,2.02505,0.007789,0.007789,0.007789
270,3526.07,2.54443,3.17897,2.03262,0.27579,0.14261,0.11278,0.03335,2.68736,3.25625,1.99803,0.00778075,0.00778075,0.00778075
271,3539.1,2.55087,3.14945,2.01583,0.27886,0.14681,0.1203,0.03396,2.69293,3.22888,2.03113,0.0077725,0.0077725,0.0077725
272,3552.12,2.53703,3.10102,2.0273,0.30478,0.14894,0.12161,0.03635,2.68397,3.21827,2.00588,0.00776425,0.00776425,0.00776425
273,3565.72,2.55564,3.17116,2.03764,0.28597,0.15532,0.11265,0.0327,2.69052,3.24355,2.02417,0.007756,0.007756,0.007756
274,3578.55,2.55825,3.10584,2.02187,0.25804,0.14043,0.11978,0.03219,2.70449,3.19084,2.03849,0.00774775,0.00774775,0.00774775
275,3591.67,2.56864,3.14384,2.02928,0.25369,0.14681,0.11659,0.03019,2.69023,3.20255,2.01704,0.0077395,0.0077395,0.0077395
276,3604.56,2.55562,3.10973,2.02184,0.25188,0.15957,0.12154,0.03484,2.67946,3.19553,2.02069,0.00773125,0.00773125,0.00773125
277,3617.48,2.53861,3.0872,2.01293,0.28765,0.14681,0.12716,0.03729,2.65426,3.19005,1.99842,0.007723,0.007723,0.007723
278,3631.13,2.5288,3.13825,2.00019,0.25742,0.15637,0.12793,0.03734,2.64524,3.19541,1.99222,0.00771475,0.00771475,0.00771475
279,3644.77,2.55467,3.15366,2.00169,0.27018,0.13191,0.12243,0.03491,2.63952,3.2126,1.98912,0.0077065,0.0077065,0.0077065
280,3657.81,2.52258,3.09926,2.02695,0.23925,0.14587,0.11182,0.03257,2.64282,3.19929,2.00244,0.00769825,0.00769825,0.00769825
281,3670.91,2.54908,3.08907,2.02425,0.26326,0.14826,0.11106,0.03214,2.63424,3.17876,1.96624,0.00769,0.00769,0.00769
282,3683.31,2.55408,3.14185,2.02962,0.24136,0.15106,0.10156,0.03319,2.68096,3.23823,1.99381,0.00768175,0.00768175,0.00768175
283,3696.33,2.52425,3.12966,2.01367,0.28533,0.14043,0.11595,0.03228,2.66655,3.19529,2.01333,0.0076735,0.0076735,0.0076735
284,3709.39,2.5061,3.09192,1.98608,0.28338,0.15745,0.1162,0.03349,2.65522,3.20164,1.98635,0.00766525,0.00766525,0.00766525
285,3722.32,2.53989,3.07661,2.01068,0.29796,0.14894,0.12625,0.0363,2.6522,3.17796,2.0026,0.007657,0.007657,0.007657
286,3735.28,2.51215,3.05764,2.00887,0.28198,0.17021,0.11788,0.03376,2.65669,3.18527,2.00196,0.00764875,0.00764875,0.00764875
287,3748.37,2.51137,3.10347,2.02083,0.28702,0.15745,0.12504,0.03478,2.67378,3.19443,2.00365,0.0076405,0.0076405,0.0076405
288,3761.46,2.52933,3.08342,2.01017,0.30507,0.15745,0.1226,0.03754,2.64537,3.20449,1.98869,0.00763225,0.00763225,0.00763225
289,3774.39,2.49888,3.06551,2.01592,0.30824,0.15532,0.13064,0.03976,2.63029,3.19789,1.99344,0.007624,0.007624,0.007624
290,3788.18,2.50572,3.0537,2.0102,0.32259,0.1617,0.15043,0.04513,2.70525,3.18043,2.02243,0.00761575,0.00761575,0.00761575
291,3801.71,2.49038,3.12381,2.00004,0.32704,0.14681,0.13846,0.04421,2.63212,3.20365,1.98042,0.0076075,0.0076075,0.0076075
292,3814.75,2.5039,3.06691,1.98923,0.29235,0.15319,0.1346,0.0421,2.63858,3.17444,1.99238,0.00759925,0.00759925,0.00759925
293,3827.7,2.5107,3.06768,1.99173,0.24814,0.14255,0.12079,0.0366,2.65356,3.17608,1.99621,0.007591,0.007591,0.007591
294,3840.61,2.48925,3.03539,1.99768,0.33396,0.1617,0.13704,0.04407,2.64848,3.16474,2.02379,0.00758275,0.00758275,0.00758275
295,3853.68,2.47262,2.99541,1.96457,0.30723,0.15319,0.13172,0.04207,2.65537,3.11934,1.9957,0.0075745,0.0075745,0.0075745
296,3866.69,2.49595,3.04696,2.00932,0.29783,0.17234,0.14347,0.04798,2.65075,3.1144,1.99434,0.00756625,0.00756625,0.00756625
297,3879.97,2.49552,3.0454,1.99938,0.31663,0.16383,0.14354,0.04692,2.63968,3.10408,2.02101,0.007558,0.007558,0.007558
298,3892.98,2.46014,3.04181,1.98398,0.32126,0.13617,0.13222,0.04314,2.6186,3.11789,1.98441,0.00754975,0.00754975,0.00754975
299,3905.91,2.49732,3.04226,1.99903,0.30409,0.15745,0.13678,0.04251,2.62306,3.11638,1.9738,0.0075415,0.0075415,0.0075415
300,3918.54,2.47195,3.00914,1.97726,0.34183,0.17239,0.13856,0.04342,2.608,3.11741,1.97103,0.00753325,0.00753325,0.00753325
301,3931.56,2.45596,3.00457,1.99017,0.33213,0.1617,0.14479,0.04412,2.57247,3.11667,1.9462,0.007525,0.007525,0.007525
302,3944.43,2.47905,2.99574,1.97467,0.28491,0.15106,0.13127,0.03974,2.60981,3.15234,1.97312,0.00751675,0.00751675,0.00751675
303,3957.47,2.462,2.96972,1.97099,0.33704,0.1617,0.13602,0.0427,2.63369,3.13181,1.9855,0.0075085,0.0075085,0.0075085
304,3970.35,2.47716,3.02905,1.94821,0.31647,0.15532,0.14418,0.04435,2.60463,3.10434,1.97596,0.00750025,0.00750025,0.00750025
305,3983.19,2.47991,3.00375,1.97359,0.36459,0.15748,0.1594,0.04722,2.62545,3.10201,1.96254,0.007492,0.007492,0.007492
306,3996.82,2.48276,2.99203,1.95691,0.32472,0.16383,0.14996,0.04799,2.59821,3.09188,1.96416,0.00748375,0.00748375,0.00748375
307,4009.59,2.48781,3.01961,1.97085,0.28243,0.15319,0.12949,0.04143,2.62158,3.11956,1.96513,0.0074755,0.0074755,0.0074755
308,4022.67,2.43233,2.987,1.95965,0.28048,0.16596,0.13858,0.04349,2.60409,3.08467,1.9764,0.00746725,0.00746725,0.00746725
309,4035.69,2.48199,3.02246,1.97406,0.3248,0.1617,0.13936,0.04544,2.613,3.07752,1.96686,0.007459,0.007459,0.007459
310,4048.87,2.46515,2.99975,1.97373,0.34855,0.17447,0.15239,0.04613,2.61831,3.04261,1.96463,0.00745075,0.00745075,0.00745075
311,4062.03,2.45765,2.98435,1.96561,0.36661,0.16596,0.15136,0.04641,2.62787,3.08684,1.96811,0.0074425,0.0074425,0.0074425
312,4075.18,2.46579,3.02825,1.97192,0.30919,0.16596,0.13476,0.04127,2.61458,3.0456,1.97836,0.00743425,0.00743425,0.00743425
313,4088.26,2.43198,2.95665,1.96377,0.36746,0.17447,0.1627,0.04944,2.59063,3.06107,1.97092,0.007426,0.007426,0.007426
314,4102,2.4448,2.9868,1.9561,0.38999,0.16596,0.15117,0.04299,2.59229,3.10395,1.99481,0.00741775,0.00741775,0.00741775
315,4115.08,2.42725,2.94754,1.98157,0.37532,0.18025,0.15957,0.04632,2.59929,3.07514,1.99014,0.0074095,0.0074095,0.0074095
316,4127.18,2.45691,3.00648,1.97199,0.31088,0.18085,0.15919,0.04756,2.59851,3.02447,1.96413,0.00740125,0.00740125,0.00740125
317,4140.31,2.43513,2.93125,1.94527,0.42676,0.15957,0.16485,0.05014,2.5893,3.02336,1.96284,0.007393,0.007393,0.007393
318,4154.17,2.43111,2.95536,1.95999,0.30527,0.17021,0.15967,0.04968,2.5833,3.01074,1.96503,0.00738475,0.00738475,0.00738475
319,4167.22,2.38866,2.96492,1.93842,0.3789,0.17021,0.15413,0.04561,2.58044,3.04733,1.96619,0.0073765,0.0073765,0.0073765
320,4180.31,2.42986,2.97389,1.95738,0.33079,0.17234,0.15237,0.04762,2.58897,3.05417,1.97726,0.00736825,0.00736825,0.00736825
321,4193.35,2.41287,2.8823,1.94891,0.31618,0.17021,0.1551,0.0502,2.57849,3.01953,1.97305,0.00736,0.00736,0.00736
322,4206.24,2.43289,2.94366,1.94297,0.29564,0.16809,0.14911,0.04614,2.58356,3.02716,1.95342,0.00735175,0.00735175,0.00735175
323,4219.18,2.42794,2.90083,1.95358,0.31996,0.17234,0.17094,0.0541,2.55968,3.01698,1.94785,0.0073435,0.0073435,0.0073435
324,4232.9,2.38189,2.89182,1.93642,0.34702,0.18298,0.16906,0.05407,2.54378,3.00933,1.9476,0.00733525,0.00733525,0.00733525
325,4245.91,2.40895,2.95109,1.95151,0.30596,0.17447,0.15874,0.05166,2.5809,3.04017,1.96459,0.007327,0.007327,0.007327
326,4258.95,2.40216,2.92012,1.94403,0.367,0.19362,0.17385,0.0553,2.55178,3.00872,1.95496,0.00731875,0.00731875,0.00731875
327,4272.6,2.39754,2.91205,1.93511,0.34634,0.1766,0.17239,0.05251,2.55972,3.00639,1.97073,0.0073105,0.0073105,0.0073105
328,4285.57,2.40947,2.91306,1.92435,0.4217,0.16383,0.1736,0.05607,2.54986,2.98231,1.95209,0.00730225,0.00730225,0.00730225
329,4299.34,2.38541,2.8641,1.93189,0.35482,0.2,0.18008,0.05464,2.56458,3.01491,1.96997,0.007294,0.007294,0.007294
330,4312.4,2.36406,2.84796,1.92659,0.31801,0.19574,0.17722,0.05784,2.54774,2.96349,1.9551,0.00728575,0.00728575,0.00728575
331,4326.14,2.43301,2.94867,1.94971,0.36802,0.18511,0.17449,0.05396,2.54816,2.96546,1.9561,0.0072775,0.0072775,0.0072775
332,4339.12,2.38079,2.87042,1.92101,0.39842,0.18936,0.18418,0.0592,2.50403,2.95046,1.92499,0.00726925,0.00726925,0.00726925
333,4352.81,2.38504,2.89879,1.94378,0.36066,0.19787,0.18503,0.063,2.51911,2.94243,1.93462,0.007261,0.007261,0.007261
334,4366.37,2.37769,2.87451,1.91705,0.3895,0.19787,0.18298,0.06028,2.54122,2.97268,1.973,0.00725275,0.00725275,0.00725275
335,4379.39,2.40049,2.89193,1.91521,0.34148,0.18085,0.16269,0.05424,2.5639,2.99567,1.96997,0.0072445,0.0072445,0.0072445
336,4392.27,2.39619,2.84825,1.9204,0.30278,0.20213,0.17275,0.05628,2.54401,2.96755,1.95753,0.00723625,0.00723625,0.00723625
337,4405.23,2.39873,2.91898,1.92588,0.37026,0.17639,0.17859,0.05675,2.55147,2.96157,1.9365,0.007228,0.007228,0.007228
338,4418.3,2.37005,2.81188,1.91792,0.33821,0.19787,0.17809,0.05817,2.54457,2.95745,1.95535,0.00721975,0.00721975,0.00721975
339,4431.26,2.3825,2.84766,1.92414,0.36644,0.20213,0.18387,0.06018,2.53285,2.9448,1.93553,0.0072115,0.0072115,0.0072115
340,4444.12,2.3975,2.88465,1.94275,0.33647,0.20283,0.1764,0.05799,2.54134,2.9788,1.95271,0.00720325,0.00720325,0.00720325
341,4457.03,2.3873,2.88153,1.92508,0.35836,0.19574,0.18793,0.06089,2.53196,2.89618,1.94698,0.007195,0.007195,0.007195
342,4470.11,2.34871,2.83484,1.91953,0.37892,0.21489,0.19264,0.06204,2.54756,2.91567,1.96137,0.00718675,0.00718675,0.00718675
343,4483.13,2.3649,2.85952,1.91692,0.37723,0.19574,0.18542,0.05739,2.54963,2.91379,1.96781,0.0071785,0.0071785,0.0071785
344,4496.25,2.34895,2.80151,1.89669,0.37955,0.20851,0.18075,0.05606,2.51804,2.89783,1.95659,0.00717025,0.00717025,0.00717025
345,4509.25,2.38459,2.81574,1.92458,0.40299,0.2,0.19585,0.06077,2.54053,2.90124,1.95861,0.007162,0.007162,0.007162
346,4522.11,2.36531,2.81399,1.91033,0.36664,0.19787,0.19387,0.06088,2.53491,2.89512,1.95807,0.00715375,0.00715375,0.00715375
347,4535.2,2.32982,2.80157,1.89763,0.36929,0.2093,0.1892,0.05863,2.53104,2.90694,1.94538,0.0071455,0.0071455,0.0071455
348,4548.22,2.3698,2.85427,1.9147,0.34871,0.19594,0.17123,0.05492,2.52141,2.91749,1.93736,0.00713725,0.00713725,0.00713725
349,4561.11,2.35937,2.81924,1.91931,0.41163,0.17234,0.18699,0.065,2.49831,2.89946,1.92795,0.007129,0.007129,0.007129
350,4574.89,2.35374,2.76083,1.89287,0.38709,0.18678,0.19341,0.06447,2.46805,2.92553,1.93266,0.00712075,0.00712075,0.00712075
351,4588.63,2.36121,2.85091,1.90649,0.38623,0.21702,0.21278,0.0687,2.46842,2.88928,1.912,0.0071125,0.0071125,0.0071125
352,4602.1,2.33344,2.8093,1.89309,0.34493,0.22183,0.20575,0.06739,2.51487,2.87863,1.93221,0.00710425,0.00710425,0.00710425
353,4615.16,2.36884,2.80614,1.9252,0.38296,0.23109,0.19997,0.06548,2.51398,2.89128,1.91242,0.007096,0.007096,0.007096
354,4628.15,2.32093,2.78521,1.89982,0.448,0.21412,0.20385,0.06852,2.51027,2.9121,1.91806,0.00708775,0.00708775,0.00708775
355,4641.22,2.32734,2.73861,1.8931,0.39553,0.22553,0.20464,0.06919,2.50779,2.89185,1.93103,0.0070795,0.0070795,0.0070795
356,4654.23,2.33898,2.77057,1.89588,0.40713,0.23404,0.21525,0.0734,2.48626,2.84026,1.89764,0.00707125,0.00707125,0.00707125
357,4667.71,2.3137,2.75135,1.89515,0.43682,0.23191,0.22109,0.07164,2.49086,2.84399,1.89871,0.007063,0.007063,0.007063
358,4680.61,2.30753,2.75806,1.89364,0.38302,0.22553,0.21254,0.06977,2.49883,2.85027,1.91307,0.00705475,0.00705475,0.00705475
359,4693.69,2.33192,2.75888,1.89551,0.38255,0.24255,0.20596,0.06985,2.49489,2.83951,1.92165,0.0070465,0.0070465,0.0070465
360,4706.51,2.3224,2.77818,1.89615,0.38261,0.22547,0.20756,0.06948,2.50783,2.8225,1.93144,0.00703825,0.00703825,0.00703825
361,4719.58,2.29374,2.73806,1.90616,0.38809,0.22979,0.2203,0.07331,2.51659,2.80951,1.92802,0.00703,0.00703,0.00703
362,4733.23,2.27329,2.68145,1.871,0.38727,0.24468,0.22115,0.07585,2.48245,2.77228,1.91633,0.00702175,0.00702175,0.00702175
363,4746.87,2.29978,2.73361,1.88043,0.39198,0.23404,0.22145,0.0728,2.48593,2.76367,1.90804,0.0070135,0.0070135,0.0070135
364,4759.77,2.30523,2.76297,1.89195,0.42682,0.23404,0.22145,0.07252,2.47702,2.76568,1.90753,0.00700525,0.00700525,0.00700525
365,4772.77,2.29672,2.71997,1.87332,0.38099,0.23048,0.21702,0.07371,2.47464,2.79572,1.91057,0.006997,0.006997,0.006997
366,4785.69,2.2943,2.76861,1.88209,0.38911,0.22766,0.21987,0.07193,2.48372,2.7646,1.89973,0.00698875,0.00698875,0.00698875
367,4798.67,2.30727,2.71722,1.86225,0.41506,0.22766,0.22741,0.0792,2.46381,2.75571,1.88447,0.0069805,0.0069805,0.0069805
368,4812.31,2.30013,2.69102,1.88922,0.43635,0.24043,0.24192,0.07994,2.43199,2.78321,1.88824,0.00697225,0.00697225,0.00697225
369,4825.96,2.27036,2.68867,1.87641,0.4218,0.22128,0.23108,0.08177,2.43946,2.77643,1.89296,0.006964,0.006964,0.006964
370,4839.48,2.28445,2.71523,1.87104,0.46804,0.22766,0.23717,0.0834,2.4318,2.76918,1.87623,0.00695575,0.00695575,0.00695575
371,4853.09,2.2524,2.66182,1.87443,0.51397,0.21375,0.23848,0.07905,2.44622,2.76551,1.88081,0.0069475,0.0069475,0.0069475
372,4866.05,2.28143,2.71677,1.84672,0.5023,0.21473,0.23373,0.08034,2.46105,2.75093,1.8961,0.00693925,0.00693925,0.00693925
373,4879.19,2.29126,2.66557,1.86077,0.48484,0.21827,0.23629,0.08425,2.46577,2.74977,1.89551,0.006931,0.006931,0.006931
374,4892.87,2.27749,2.64589,1.84722,0.43548,0.23191,0.2374,0.08243,2.45762,2.744,1.90106,0.00692275,0.00692275,0.00692275
375,4905.85,2.28481,2.69139,1.8715,0.43726,0.22766,0.23551,0.08319,2.44715,2.73831,1.88154,0.0069145,0.0069145,0.0069145
376,4918.56,2.24879,2.66747,1.85027,0.40218,0.2383,0.2338,0.08234,2.44026,2.73376,1.87305,0.00690625,0.00690625,0.00690625
377,4931.45,2.25341,2.64009,1.84567,0.3972,0.24681,0.22336,0.08299,2.4255,2.73693,1.87716,0.006898,0.006898,0.006898
378,4944.56,2.2585,2.68935,1.86336,0.43506,0.24894,0.23062,0.08436,2.4293,2.71812,1.87452,0.00688975,0.00688975,0.00688975
379,4957.55,2.25943,2.65288,1.84412,0.39698,0.25532,0.23243,0.08395,2.4362,2.71575,1.87192,0.0068815,0.0068815,0.0068815
380,4970.48,2.25641,2.6079,1.85194,0.42221,0.25106,0.24431,0.08766,2.43718,2.70975,1.85894,0.00687325,0.00687325,0.00687325
381,4984.13,2.24557,2.64666,1.84568,0.41281,0.2617,0.25952,0.08965,2.42649,2.71538,1.86743,0.006865,0.006865,0.006865
382,4997.66,2.26155,2.66585,1.84018,0.45588,0.24894,0.25886,0.09153,2.42045,2.68701,1.84819,0.00685675,0.00685675,0.00685675
383,5011.35,2.2493,2.64529,1.85493,0.44699,0.24468,0.25315,0.08903,2.42466,2.68386,1.85409,0.0068485,0.0068485,0.0068485
384,5024.44,2.22176,2.63696,1.85008,0.4612,0.25532,0.27439,0.09593,2.42034,2.65173,1.85948,0.00684025,0.00684025,0.00684025
385,5038.07,2.25806,2.66527,1.85351,0.48626,0.24681,0.25815,0.09055,2.43251,2.67965,1.85474,0.006832,0.006832,0.006832
386,5051.1,2.21919,2.60728,1.82062,0.46288,0.25319,0.25502,0.09096,2.43847,2.67452,1.85536,0.00682375,0.00682375,0.00682375
387,5064.02,2.2042,2.53466,1.81978,0.45526,0.26139,0.26208,0.0979,2.42234,2.67305,1.85647,0.0068155,0.0068155,0.0068155
388,5077.65,2.21576,2.57749,1.83333,0.4507,0.24043,0.25299,0.09489,2.4382,2.68466,1.86256,0.00680725,0.00680725,0.00680725
389,5090.66,2.2362,2.63317,1.83873,0.45797,0.24255,0.24544,0.09101,2.43642,2.67954,1.85522,0.006799,0.006799,0.006799
390,5103.62,2.2273,2.59609,1.83471,0.42792,0.25305,0.24365,0.09302,2.38916,2.69573,1.84814,0.00679075,0.00679075,0.00679075
391,5116.63,2.21809,2.59915,1.83955,0.45771,0.24782,0.25555,0.09846,2.3789,2.68329,1.82881,0.0067825,0.0067825,0.0067825
392,5129.62,2.19841,2.57612,1.80145,0.46345,0.27234,0.26555,0.09828,2.3639,2.6457,1.82502,0.00677425,0.00677425,0.00677425
393,5143.2,2.21324,2.57641,1.83682,0.46786,0.25745,0.25315,0.09562,2.38048,2.64742,1.83063,0.006766,0.006766,0.006766
394,5156.2,2.21269,2.58922,1.82418,0.43757,0.25745,0.25731,0.09941,2.36599,2.64234,1.82738,0.00675775,0.00675775,0.00675775
395,5169.88,2.23064,2.58057,1.81549,0.43892,0.27447,0.27215,0.09962,2.35298,2.61405,1.83466,0.0067495,0.0067495,0.0067495
396,5183.54,2.18847,2.54333,1.80265,0.4344,0.27447,0.27864,0.10043,2.36748,2.59715,1.83953,0.00674125,0.00674125,0.00674125
397,5197.14,2.19621,2.53602,1.81021,0.42387,0.28085,0.27765,0.10351,2.37603,2.59933,1.84731,0.006733,0.006733,0.006733
398,5210.76,2.17011,2.49646,1.80428,0.50732,0.27021,0.28732,0.10745,2.36959,2.58906,1.83037,0.00672475,0.00672475,0.00672475
399,5224.28,2.17657,2.5073,1.8033,0.45133,0.27234,0.28694,0.10479,2.38591,2.59439,1.82294,0.0067165,0.0067165,0.0067165
400,5237.2,2.1716,2.49657,1.80064,0.4658,0.27447,0.28073,0.10429,2.39063,2.5785,1.83384,0.00670825,0.00670825,0.00670825
401,5250.21,2.21993,2.56892,1.80034,0.48788,0.2617,0.27603,0.10335,2.39866,2.58622,1.83511,0.0067,0.0067,0.0067
402,5263.23,2.18723,2.56583,1.79556,0.45559,0.25462,0.28202,0.10479,2.37464,2.54679,1.8237,0.00669175,0.00669175,0.00669175
403,5275.85,2.14369,2.48173,1.79807,0.4951,0.26596,0.28194,0.10781,2.36518,2.5762,1.8244,0.0066835,0.0066835,0.0066835
404,5288.92,2.15937,2.48793,1.79892,0.51589,0.2766,0.28977,0.10669,2.35368,2.54975,1.83617,0.00667525,0.00667525,0.00667525
405,5301.86,2.16919,2.48337,1.78501,0.4589,0.27969,0.29135,0.11062,2.33492,2.55411,1.83739,0.006667,0.006667,0.006667
406,5315.44,2.15573,2.49976,1.78919,0.48378,0.25957,0.28742,0.11209,2.34571,2.55146,1.83919,0.00665875,0.00665875,0.00665875
407,5329.05,2.14923,2.4825,1.79427,0.45318,0.27872,0.29197,0.11108,2.34151,2.54524,1.84315,0.0066505,0.0066505,0.0066505
408,5341.98,2.17329,2.48313,1.8,0.41933,0.29362,0.29085,0.11253,2.31822,2.54502,1.83638,0.00664225,0.00664225,0.00664225
409,5355.38,2.16738,2.46535,1.78535,0.48028,0.27447,0.28181,0.11311,2.32906,2.54877,1.83186,0.006634,0.006634,0.006634
410,5368.32,2.15911,2.44649,1.78374,0.526,0.28085,0.29884,0.11313,2.36134,2.53923,1.83536,0.00662575,0.00662575,0.00662575
411,5381.84,2.12566,2.45124,1.77322,0.47506,0.28936,0.29949,0.11729,2.34046,2.50987,1.83849,0.0066175,0.0066175,0.0066175
412,5395.46,2.14295,2.45911,1.78536,0.45612,0.28511,0.29201,0.11643,2.32997,2.51362,1.83132,0.00660925,0.00660925,0.00660925
413,5408.43,2.17229,2.48288,1.79699,0.48896,0.28723,0.29723,0.1179,2.34165,2.50649,1.82995,0.006601,0.006601,0.006601
414,5422.02,2.14453,2.40725,1.76119,0.51894,0.29787,0.31351,0.12366,2.32958,2.47935,1.82949,0.00659275,0.00659275,0.00659275
415,5435.56,2.17101,2.47237,1.77446,0.53111,0.29362,0.31643,0.12595,2.30994,2.47109,1.81047,0.0065845,0.0065845,0.0065845
416,5449.24,2.18994,2.49504,1.7893,0.52649,0.29574,0.3145,0.12462,2.30285,2.49607,1.81194,0.00657625,0.00657625,0.00657625
417,5462.09,2.13007,2.40312,1.77221,0.51403,0.28936,0.3073,0.11954,2.31523,2.52061,1.81573,0.006568,0.006568,0.006568
418,5475.01,2.1498,2.43104,1.78715,0.52426,0.28936,0.30925,0.12048,2.33263,2.51339,1.83237,0.00655975,0.00655975,0.00655975
419,5487.99,2.13225,2.41606,1.77877,0.53132,0.30426,0.32039,0.12496,2.32518,2.46337,1.82424,0.0065515,0.0065515,0.0065515
420,5500.84,2.12122,2.41266,1.76384,0.47532,0.29491,0.32206,0.12765,2.32316,2.45018,1.81506,0.00654325,0.00654325,0.00654325
421,5514.54,2.15879,2.47032,1.78002,0.465,0.30426,0.32131,0.12762,2.30732,2.45547,1.80908,0.006535,0.006535,0.006535
422,5527.67,2.14865,2.46732,1.76928,0.48744,0.31702,0.31348,0.12749,2.2914,2.45427,1.79629,0.00652675,0.00652675,0.00652675
423,5540.46,2.11558,2.39248,1.76507,0.54227,0.30638,0.32274,0.12952,2.2952,2.45909,1.80201,0.0065185,0.0065185,0.0065185
424,5554.03,2.11042,2.40256,1.75453,0.52982,0.30213,0.32581,0.12831,2.29745,2.45413,1.81065,0.00651025,0.00651025,0.00651025
425,5566.86,2.1326,2.39916,1.76892,0.5271,0.3,0.31776,0.12683,2.29257,2.45941,1.80721,0.006502,0.006502,0.006502
426,5579.83,2.13138,2.42785,1.76926,0.53772,0.29946,0.31956,0.12827,2.30466,2.44691,1.80091,0.00649375,0.00649375,0.00649375
427,5592.51,2.11451,2.36473,1.75817,0.51199,0.29911,0.32186,0.13223,2.28461,2.44717,1.79499,0.0064855,0.0064855,0.0064855
428,5606.09,2.1121,2.40473,1.74949,0.48523,0.31064,0.32226,0.12864,2.2818,2.41647,1.79823,0.00647725,0.00647725,0.00647725
429,5618.88,2.09312,2.37695,1.73919,0.5244,0.29325,0.31309,0.12767,2.29522,2.42585,1.80981,0.006469,0.006469,0.006469
430,5631.86,2.11794,2.39841,1.74789,0.53582,0.29574,0.31316,0.12592,2.26878,2.41925,1.79374,0.00646075,0.00646075,0.00646075
431,5644.83,2.08783,2.3672,1.73383,0.52964,0.29574,0.32083,0.13012,2.2645,2.42751,1.80459,0.0064525,0.0064525,0.0064525
432,5657.78,2.08149,2.35817,1.73651,0.5391,0.30113,0.33041,0.13516,2.25804,2.4213,1.81484,0.00644425,0.00644425,0.00644425
433,5671.31,2.11749,2.43066,1.76451,0.50691,0.31489,0.3332,0.14025,2.28972,2.41921,1.80785,0.006436,0.006436,0.006436
434,5684.99,2.09162,2.38005,1.74574,0.49597,0.33498,0.34098,0.13922,2.26699,2.38656,1.789,0.00642775,0.00642775,0.00642775
435,5697.8,2.09788,2.37545,1.74147,0.49795,0.3271,0.34634,0.13773,2.27332,2.35824,1.79455,0.0064195,0.0064195,0.0064195
436,5710.75,2.06705,2.30589,1.73385,0.55492,0.29976,0.34218,0.13532,2.28217,2.38612,1.79581,0.00641125,0.00641125,0.00641125
437,5723.67,2.09197,2.36322,1.73095,0.51959,0.32979,0.34674,0.14093,2.25461,2.36127,1.7721,0.006403,0.006403,0.006403
438,5737.34,2.0967,2.34071,1.74085,0.5274,0.30851,0.34003,0.14329,2.24791,2.36947,1.77014,0.00639475,0.00639475,0.00639475
439,5750.95,2.091,2.33756,1.7246,0.56872,0.30426,0.34026,0.14185,2.25392,2.36076,1.77632,0.0063865,0.0063865,0.0063865
440,5763.95,2.10544,2.40238,1.74684,0.55673,0.30851,0.34784,0.1493,2.23762,2.36501,1.76974,0.00637825,0.00637825,0.00637825
441,5777.35,2.09095,2.36609,1.73317,0.52592,0.33191,0.35283,0.15158,2.23803,2.35439,1.78379,0.00637,0.00637,0.00637
442,5790.86,2.08398,2.29534,1.72461,0.54368,0.32553,0.35559,0.1485,2.23351,2.3542,1.78543,0.00636175,0.00636175,0.00636175
443,5803.79,2.08795,2.31877,1.72781,0.54415,0.31064,0.3487,0.1481,2.23292,2.33801,1.78863,0.0063535,0.0063535,0.0063535
444,5816.72,2.06405,2.30531,1.7107,0.55873,0.30638,0.34574,0.14684,2.22214,2.34377,1.77703,0.00634525,0.00634525,0.00634525
445,5829.56,2.06006,2.30909,1.71009,0.57042,0.3234,0.35497,0.15218,2.21301,2.32331,1.76808,0.006337,0.006337,0.006337
446,5843.1,2.02298,2.24373,1.69247,0.58126,0.29829,0.35981,0.15064,2.2331,2.33637,1.77617,0.00632875,0.00632875,0.00632875
447,5855.03,2.04645,2.2619,1.71488,0.56122,0.33474,0.36549,0.15051,2.23311,2.31525,1.77708,0.0063205,0.0063205,0.0063205
448,5867.87,2.06699,2.35565,1.71078,0.54446,0.35093,0.36273,0.1519,2.23983,2.28852,1.77326,0.00631225,0.00631225,0.00631225
449,5881.29,2.02349,2.25107,1.69187,0.54475,0.34681,0.3647,0.15167,2.24303,2.29738,1.78126,0.006304,0.006304,0.006304
450,5893.48,2.06862,2.29492,1.71351,0.57688,0.32199,0.36774,0.15125,2.2412,2.28453,1.77196,0.00629575,0.00629575,0.00629575
451,5906.42,2.0558,2.25331,1.70306,0.58372,0.32766,0.37134,0.15166,2.23868,2.27964,1.77046,0.0062875,0.0062875,0.0062875
452,5920.02,2.05223,2.311,1.71268,0.55743,0.33404,0.37005,0.15526,2.23806,2.28214,1.77219,0.00627925,0.00627925,0.00627925
453,5933.46,2.05211,2.27227,1.71313,0.53201,0.32766,0.36163,0.15593,2.24878,2.29599,1.77377,0.006271,0.006271,0.006271
454,5946.38,2.03742,2.25623,1.70254,0.52112,0.34961,0.36188,0.15611,2.24635,2.29113,1.76625,0.00626275,0.00626275,0.00626275
455,5959.32,2.03444,2.25975,1.70901,0.54789,0.34808,0.36902,0.15291,2.2416,2.2948,1.77209,0.0062545,0.0062545,0.0062545
456,5972.34,2.05379,2.27086,1.70793,0.52174,0.34681,0.36797,0.15425,2.24088,2.27687,1.78174,0.00624625,0.00624625,0.00624625
457,5985.25,2.03583,2.29225,1.71567,0.57021,0.32553,0.36135,0.15467,2.22584,2.26073,1.76829,0.006238,0.006238,0.006238
458,5997.91,2.04578,2.27851,1.71177,0.55808,0.33617,0.36163,0.15619,2.21331,2.25979,1.75906,0.00622975,0.00622975,0.00622975
459,6011.3,2.04492,2.25012,1.69902,0.54574,0.36553,0.37126,0.16028,2.21143,2.24714,1.75128,0.0062215,0.0062215,0.0062215
460,6024.88,2.01346,2.23877,1.70228,0.61496,0.31489,0.37598,0.16456,2.211,2.23112,1.7585,0.00621325,0.00621325,0.00621325
461,6038.35,2.03742,2.23907,1.70031,0.54619,0.35745,0.37806,0.16299,2.19,2.22121,1.73907,0.006205,0.006205,0.006205
462,6051.36,2.03342,2.24494,1.70064,0.50896,0.37447,0.38679,0.16847,2.18664,2.22229,1.73157,0.00619675,0.00619675,0.00619675
463,6064.8,2.03929,2.29348,1.71051,0.56642,0.35532,0.39253,0.17312,2.18609,2.22007,1.72898,0.0061885,0.0061885,0.0061885
464,6078.3,2.0155,2.22589,1.68836,0.58689,0.35319,0.39846,0.17541,2.18808,2.21624,1.72899,0.00618025,0.00618025,0.00618025
465,6091.7,1.988,2.21413,1.68277,0.59376,0.35532,0.40151,0.17854,2.17081,2.19573,1.71069,0.006172,0.006172,0.006172
466,6104.9,2.04149,2.22264,1.6997,0.59754,0.34255,0.40356,0.17897,2.16006,2.18212,1.72185,0.00616375,0.00616375,0.00616375
467,6118.47,2.03232,2.2136,1.6824,0.55309,0.35532,0.40828,0.181,2.16652,2.16822,1.73109,0.0061555,0.0061555,0.0061555
468,6132.04,2.0004,2.19298,1.66785,0.58622,0.35745,0.41351,0.17723,2.15499,2.17391,1.73228,0.00614725,0.00614725,0.00614725
469,6145.03,2.04078,2.25197,1.69452,0.56303,0.3766,0.41398,0.17674,2.15695,2.19109,1.73197,0.006139,0.006139,0.006139
470,6158.06,1.97709,2.20051,1.66413,0.58747,0.37447,0.41062,0.17415,2.16169,2.19328,1.73668,0.00613075,0.00613075,0.00613075
471,6170.91,2.03589,2.2383,1.68247,0.54106,0.37124,0.407,0.17476,2.14628,2.2048,1.72731,0.0061225,0.0061225,0.0061225
472,6183.92,1.98662,2.15082,1.65714,0.53315,0.38511,0.40224,0.17805,2.15194,2.19434,1.73243,0.00611425,0.00611425,0.00611425
473,6196.88,1.98513,2.17654,1.68125,0.53671,0.39574,0.40982,0.18236,2.15638,2.17633,1.74135,0.006106,0.006106,0.006106
474,6210.5,1.97803,2.14686,1.67784,0.52073,0.39574,0.41174,0.18564,2.15392,2.15941,1.73082,0.00609775,0.00609775,0.00609775
475,6224.17,2.01832,2.18858,1.67509,0.52237,0.38723,0.41335,0.1859,2.15045,2.16846,1.7265,0.0060895,0.0060895,0.0060895
476,6237.84,2.00438,2.19178,1.6633,0.63738,0.35957,0.41165,0.18317,2.15648,2.15958,1.72885,0.00608125,0.00608125,0.00608125
477,6250.82,1.96561,2.14483,1.67308,0.58871,0.35106,0.41197,0.18567,2.1554,2.15765,1.72927,0.006073,0.006073,0.006073
478,6263.77,1.99126,2.17054,1.66637,0.49888,0.4,0.40631,0.18416,2.16059,2.17815,1.73193,0.00606475,0.00606475,0.00606475
479,6276.64,1.98946,2.17828,1.65304,0.51866,0.37872,0.40062,0.1852,2.15473,2.17081,1.7191,0.0060565,0.0060565,0.0060565
480,6289.54,2.0096,2.21544,1.68544,0.54617,0.37447,0.40449,0.18803,2.14286,2.15654,1.71224,0.00604825,0.00604825,0.00604825
481,6303.06,2.01031,2.15803,1.65372,0.54084,0.38596,0.40844,0.18615,2.13901,2.13827,1.70922,0.00604,0.00604,0.00604
482,6315.93,1.97532,2.20577,1.65492,0.54601,0.37872,0.41355,0.18381,2.13073,2.15724,1.7042,0.00603175,0.00603175,0.00603175
483,6328.76,1.96982,2.17816,1.65903,0.57672,0.38936,0.41385,0.18622,2.12316,2.16153,1.70031,0.0060235,0.0060235,0.0060235
484,6341.74,1.97267,2.15831,1.67979,0.56853,0.39149,0.41462,0.18642,2.11368,2.12292,1.68801,0.00601525,0.00601525,0.00601525
485,6354.55,1.98577,2.15589,1.65748,0.59468,0.38397,0.4164,0.18913,2.11236,2.11344,1.69004,0.006007,0.006007,0.006007
486,6368.22,1.9553,2.14422,1.6714,0.56266,0.39418,0.42285,0.19039,2.11326,2.10954,1.69174,0.00599875,0.00599875,0.00599875
487,6381.96,1.93503,2.1341,1.63933,0.60374,0.40197,0.43431,0.19475,2.10317,2.09715,1.69435,0.0059905,0.0059905,0.0059905
488,6395.63,1.96749,2.15267,1.65556,0.622,0.39362,0.4376,0.1989,2.09592,2.10326,1.69175,0.00598225,0.00598225,0.00598225
489,6409.12,1.95179,2.14329,1.62996,0.62253,0.38723,0.43346,0.19832,2.11244,2.11589,1.70716,0.005974,0.005974,0.005974
490,6422.24,1.95907,2.12517,1.64569,0.63543,0.37872,0.43375,0.1982,2.09925,2.09784,1.69792,0.00596575,0.00596575,0.00596575
491,6435.2,1.94673,2.10342,1.63918,0.60267,0.39149,0.43701,0.2041,2.09779,2.07877,1.69456,0.0059575,0.0059575,0.0059575
492,6448.79,1.98185,2.18452,1.65843,0.58673,0.41277,0.44276,0.20428,2.09663,2.08384,1.69414,0.00594925,0.00594925,0.00594925
493,6462.41,1.96739,2.11874,1.64556,0.61113,0.40426,0.44365,0.20521,2.08236,2.07071,1.68358,0.005941,0.005941,0.005941
494,6476.09,1.92784,2.08237,1.6429,0.67895,0.39574,0.4472,0.20614,2.08104,2.07181,1.67979,0.00593275,0.00593275,0.00593275
495,6489.66,1.94724,2.09291,1.64783,0.6771,0.40213,0.46227,0.21197,2.08005,2.05789,1.68053,0.0059245,0.0059245,0.0059245
496,6503.53,1.95314,2.1134,1.65102,0.68309,0.39362,0.45947,0.21055,2.08301,2.0496,1.68822,0.00591625,0.00591625,0.00591625
497,6516.58,1.94106,2.09948,1.64908,0.63083,0.40851,0.45597,0.20944,2.09062,2.04482,1.68805,0.005908,0.005908,0.005908
498,6529.57,1.95368,2.06999,1.62851,0.6011,0.43617,0.45541,0.2098,2.09331,2.03808,1.68481,0.00589975,0.00589975,0.00589975
499,6542.63,1.9591,2.10572,1.6059,0.62578,0.42553,0.45412,0.20997,2.07833,2.03462,1.68009,0.0058915,0.0058915,0.0058915
500,6555.38,1.9538,2.12896,1.6459,0.58775,0.44043,0.4607,0.21349,2.07491,2.03212,1.67739,0.00588325,0.00588325,0.00588325
501,6568.84,1.94111,2.08793,1.63354,0.59848,0.42766,0.45698,0.21483,2.07669,2.01752,1.67317,0.005875,0.005875,0.005875
502,6582.55,1.967,2.11547,1.63081,0.62446,0.44578,0.46265,0.21501,2.0747,2.0165,1.67263,0.00586675,0.00586675,0.00586675
503,6596.24,1.95863,2.09168,1.64057,0.62129,0.41702,0.46444,0.21749,2.07661,2.00921,1.67032,0.0058585,0.0058585,0.0058585
504,6609.7,1.94416,2.09552,1.63696,0.60271,0.42606,0.46231,0.21741,2.07084,2.01044,1.67145,0.00585025,0.00585025,0.00585025
505,6622.47,1.8886,2.06875,1.61032,0.61286,0.42553,0.46691,0.21927,2.06934,2.00365,1.66441,0.005842,0.005842,0.005842
506,6636.08,1.96034,2.09789,1.63294,0.60339,0.4383,0.45877,0.22027,2.06684,2.00256,1.65942,0.00583375,0.00583375,0.00583375
507,6649.63,1.90052,2.04978,1.60639,0.59115,0.44468,0.45968,0.21997,2.06654,1.99028,1.65826,0.0058255,0.0058255,0.0058255
508,6662.63,1.93263,2.06864,1.62771,0.59787,0.43404,0.46741,0.22309,2.05917,1.99134,1.66123,0.00581725,0.00581725,0.00581725
509,6676.17,1.92367,2.04978,1.60851,0.62426,0.40851,0.46395,0.22034,2.0583,1.97695,1.66631,0.005809,0.005809,0.005809
510,6689.09,1.92993,2.07255,1.62298,0.55709,0.44424,0.46579,0.22275,2.05793,1.97877,1.66578,0.00580075,0.00580075,0.00580075
511,6702.04,1.96781,2.08238,1.63045,0.57313,0.44564,0.46655,0.22134,2.05468,1.97946,1.66297,0.0057925,0.0057925,0.0057925
512,6714.89,1.909,2.0453,1.60231,0.59216,0.42766,0.46822,0.22373,2.04986,1.97587,1.66586,0.00578425,0.00578425,0.00578425
513,6728.35,1.90189,2.02858,1.6072,0.60734,0.4234,0.47456,0.2271,2.04861,1.97981,1.67034,0.005776,0.005776,0.005776
514,6742.03,1.9236,2.03,1.61587,0.59416,0.44468,0.47412,0.22689,2.0402,1.95323,1.66104,0.00576775,0.00576775,0.00576775
515,6754.92,1.89161,1.99679,1.58523,0.61729,0.44255,0.48047,0.23212,2.03363,1.94042,1.66095,0.0057595,0.0057595,0.0057595
516,6768.59,1.91841,2.03622,1.60091,0.65252,0.43191,0.48262,0.23091,2.03832,1.9392,1.66037,0.00575125,0.00575125,0.00575125
517,6781.48,1.89866,2.01866,1.5848,0.67981,0.41915,0.48573,0.23315,2.02651,1.94566,1.65415,0.005743,0.005743,0.005743
518,6795.1,1.91517,2.02108,1.61044,0.65552,0.44131,0.49237,0.23891,2.01182,1.9445,1.64342,0.00573475,0.00573475,0.00573475
519,6808.59,1.89226,2.03076,1.60447,0.64232,0.43404,0.4892,0.23751,2.00385,1.9405,1.63418,0.0057265,0.0057265,0.0057265
520,6821.64,1.88603,2.01719,1.60614,0.63347,0.45319,0.49282,0.23646,2.00668,1.9518,1.6374,0.00571825,0.00571825,0.00571825
521,6834.37,1.89607,2.0092,1.59018,0.62961,0.45957,0.49609,0.23719,2.00229,1.94956,1.63855,0.00571,0.00571,0.00571
522,6847.47,1.89741,2.02901,1.59619,0.66217,0.45957,0.49031,0.23558,1.99931,1.94477,1.6361,0.00570175,0.00570175,0.00570175
523,6860.54,1.87444,1.97799,1.58921,0.65657,0.45957,0.4931,0.23745,1.98496,1.94067,1.62884,0.0056935,0.0056935,0.0056935
524,6873.53,1.906,2.01633,1.60419,0.64286,0.45576,0.49715,0.2398,1.97163,1.92102,1.61994,0.00568525,0.00568525,0.00568525
525,6887.05,1.87468,2.01359,1.59366,0.66448,0.43617,0.50127,0.24233,1.98671,1.92302,1.62179,0.005677,0.005677,0.005677
526,6900.72,1.87697,1.97044,1.59206,0.652,0.45046,0.50476,0.24263,1.9807,1.92246,1.61199,0.00566875,0.00566875,0.00566875
527,6914.25,1.88566,2.03131,1.58247,0.67528,0.43804,0.50799,0.24647,1.98655,1.92315,1.61465,0.0056605,0.0056605,0.0056605
528,6927.81,1.89999,1.98794,1.59164,0.69796,0.43191,0.50598,0.25002,1.98035,1.91309,1.6089,0.00565225,0.00565225,0.00565225
529,6941.27,1.87384,1.96613,1.59246,0.65843,0.44894,0.5102,0.24699,1.97925,1.91111,1.61167,0.005644,0.005644,0.005644
530,6953.74,1.86598,1.99352,1.59979,0.64619,0.45319,0.51125,0.24623,1.98001,1.91553,1.611,0.00563575,0.00563575,0.00563575
531,6966.35,1.88351,1.96056,1.58619,0.68454,0.44043,0.5124,0.25048,1.98557,1.91678,1.61673,0.0056275,0.0056275,0.0056275
532,6979.83,1.84347,1.94198,1.5795,0.67405,0.45759,0.51797,0.25237,1.98141,1.90206,1.61443,0.00561925,0.00561925,0.00561925
533,6993.44,1.85478,1.93804,1.57771,0.77891,0.40426,0.51762,0.25383,1.97671,1.90767,1.60999,0.005611,0.005611,0.005611
534,7007.07,1.88148,2.00168,1.58989,0.60795,0.47234,0.51416,0.25325,1.96506,1.89043,1.60471,0.00560275,0.00560275,0.00560275
535,7020.05,1.8685,1.97721,1.58312,0.59966,0.47234,0.51039,0.25426,1.97171,1.88012,1.61198,0.0055945,0.0055945,0.0055945
536,7032.89,1.88242,2.00482,1.59768,0.66243,0.44257,0.5105,0.2544,1.96891,1.87974,1.60591,0.00558625,0.00558625,0.00558625
537,7045.82,1.862,1.93905,1.57027,0.63754,0.4617,0.51732,0.25325,1.9638,1.86324,1.60413,0.005578,0.005578,0.005578
538,7058.73,1.82616,1.8819,1.57205,0.63464,0.44894,0.51512,0.25301,1.96722,1.86355,1.61378,0.00556975,0.00556975,0.00556975
539,7071.73,1.84926,1.95574,1.56049,0.58339,0.48298,0.51456,0.2529,1.96567,1.86096,1.60542,0.0055615,0.0055615,0.0055615
540,7084.73,1.88174,1.98155,1.58893,0.6067,0.48723,0.51786,0.25532,1.95565,1.85809,1.59467,0.00555325,0.00555325,0.00555325
541,7098.42,1.87399,1.98005,1.58646,0.63565,0.47234,0.52057,0.25808,1.95101,1.84898,1.59203,0.005545,0.005545,0.005545
542,7111.95,1.83575,1.91632,1.56021,0.64791,0.46383,0.52078,0.25911,1.95063,1.85871,1.59268,0.00553675,0.00553675,0.00553675
543,7125.37,1.85903,1.94947,1.57467,0.62171,0.47447,0.52242,0.26209,1.9435,1.84348,1.5885,0.0055285,0.0055285,0.0055285
544,7138.98,1.85637,1.92262,1.5548,0.61158,0.48936,0.51527,0.26184,1.93835,1.83665,1.58561,0.00552025,0.00552025,0.00552025
545,7151.93,1.87108,1.95144,1.56554,0.64952,0.46596,0.51415,0.25961,1.94851,1.83319,1.58775,0.005512,0.005512,0.005512
546,7164.62,1.84612,1.94,1.55892,0.66306,0.46383,0.51719,0.25831,1.94246,1.82758,1.58418,0.00550375,0.00550375,0.00550375
547,7177.47,1.87002,1.92442,1.56386,0.69837,0.46383,0.52025,0.26223,1.95161,1.82983,1.58519,0.0054955,0.0054955,0.0054955
548,7190.26,1.83642,1.92861,1.55341,0.73579,0.45319,0.52973,0.26811,1.95357,1.83153,1.58557,0.00548725,0.00548725,0.00548725
549,7203.83,1.83454,1.92571,1.54508,0.69966,0.46095,0.5348,0.26945,1.94254,1.83239,1.57891,0.005479,0.005479,0.005479
550,7217.54,1.86121,1.95315,1.58705,0.68289,0.48085,0.53623,0.26966,1.93551,1.82818,1.58203,0.00547075,0.00547075,0.00547075
551,7231.11,1.83855,1.90821,1.56087,0.68633,0.48298,0.53382,0.26884,1.9403,1.82363,1.58141,0.0054625,0.0054625,0.0054625
552,7243.99,1.85765,1.94377,1.57059,0.66519,0.47872,0.53187,0.26548,1.9377,1.82469,1.57664,0.00545425,0.00545425,0.00545425
553,7256.71,1.85311,1.96495,1.55774,0.69639,0.4617,0.5266,0.26498,1.94089,1.82863,1.57697,0.005446,0.005446,0.005446
554,7269.25,1.88759,1.97462,1.58899,0.66462,0.47223,0.53013,0.26477,1.9523,1.82838,1.58198,0.00543775,0.00543775,0.00543775
555,7282.14,1.82008,1.90376,1.56748,0.70362,0.45965,0.54057,0.26691,1.95282,1.81382,1.58475,0.0054295,0.0054295,0.0054295
556,7295.04,1.84487,1.89669,1.57167,0.6434,0.49787,0.54689,0.26833,1.95379,1.79849,1.58383,0.00542125,0.00542125,0.00542125
557,7308,1.81836,1.89504,1.53746,0.65753,0.48936,0.54371,0.27119,1.94845,1.78208,1.58597,0.005413,0.005413,0.005413
558,7321.67,1.83565,1.91568,1.55571,0.65425,0.49149,0.54018,0.27213,1.94129,1.78893,1.58276,0.00540475,0.00540475,0.00540475
559,7335.36,1.84875,1.94226,1.56219,0.72005,0.45968,0.54346,0.27372,1.93331,1.78585,1.57988,0.0053965,0.0053965,0.0053965
560,7348.87,1.80473,1.88712,1.55849,0.71864,0.46383,0.54247,0.27192,1.92722,1.78481,1.57548,0.00538825,0.00538825,0.00538825
561,7361.74,1.81159,1.90175,1.5453,0.6983,0.46784,0.5378,0.2712,1.92188,1.78207,1.57024,0.00538,0.00538,0.00538
562,7374.7,1.81172,1.84597,1.54126,0.74355,0.46268,0.54855,0.27636,1.91714,1.76917,1.56632,0.00537175,0.00537175,0.00537175
563,7388.31,1.84374,1.89802,1.5481,0.74813,0.47021,0.55436,0.27919,1.909,1.75862,1.55919,0.0053635,0.0053635,0.0053635
564,7402.02,1.81946,1.87375,1.54331,0.67269,0.49413,0.55564,0.27843,1.89383,1.75187,1.55356,0.00535525,0.00535525,0.00535525
565,7415.11,1.79013,1.86727,1.53765,0.72374,0.46809,0.55967,0.27921,1.88593,1.75248,1.55222,0.005347,0.005347,0.005347
566,7428.68,1.7785,1.86771,1.52614,0.77149,0.45957,0.55839,0.2828,1.87836,1.75675,1.54959,0.00533875,0.00533875,0.00533875
567,7442.24,1.79855,1.83773,1.53042,0.78193,0.45957,0.56534,0.28716,1.87057,1.74887,1.54869,0.0053305,0.0053305,0.0053305
568,7455.75,1.84857,1.9043,1.5474,0.76621,0.46383,0.563,0.28671,1.87015,1.74851,1.54591,0.00532225,0.00532225,0.00532225
569,7468.74,1.80903,1.88033,1.53882,0.70351,0.48936,0.56061,0.28754,1.86964,1.74998,1.54391,0.005314,0.005314,0.005314
570,7481.79,1.76596,1.80295,1.51181,0.72212,0.47447,0.55613,0.28601,1.86898,1.73947,1.54102,0.00530575,0.00530575,0.00530575
571,7494.78,1.79162,1.86074,1.53408,0.72434,0.47521,0.56094,0.28526,1.86456,1.73478,1.53948,0.0052975,0.0052975,0.0052975
572,7507.58,1.79299,1.8344,1.52068,0.74108,0.4617,0.55814,0.28432,1.87199,1.72787,1.54504,0.00528925,0.00528925,0.00528925
573,7520.48,1.81221,1.86756,1.52997,0.73436,0.4617,0.56124,0.28706,1.87794,1.72736,1.5491,0.005281,0.005281,0.005281
574,7533.42,1.79553,1.85473,1.51737,0.72682,0.46985,0.56101,0.28874,1.87665,1.71849,1.5426,0.00527275,0.00527275,0.00527275
575,7547.06,1.81097,1.84963,1.54149,0.706,0.47872,0.55746,0.28798,1.87613,1.71607,1.54185,0.0052645,0.0052645,0.0052645
576,7560.05,1.7769,1.85613,1.52857,0.69057,0.48936,0.56356,0.29011,1.87791,1.72385,1.54246,0.00525625,0.00525625,0.00525625
577,7573.7,1.82585,1.87272,1.51831,0.67122,0.50388,0.56495,0.28743,1.88274,1.72609,1.54151,0.005248,0.005248,0.005248
578,7586.63,1.75925,1.82798,1.51788,0.72533,0.48723,0.57093,0.28849,1.87846,1.71772,1.54144,0.00523975,0.00523975,0.00523975
579,7599.56,1.82218,1.85857,1.52521,0.74613,0.47872,0.57195,0.29218,1.87618,1.70796,1.5419,0.0052315,0.0052315,0.0052315
580,7613.01,1.81677,1.88751,1.5348,0.72517,0.4766,0.57279,0.29367,1.87525,1.70001,1.54311,0.00522325,0.00522325,0.00522325
581,7626.32,1.79507,1.83729,1.52434,0.74947,0.48298,0.57394,0.29462,1.87209,1.69774,1.54591,0.005215,0.005215,0.005215
582,7639.95,1.79739,1.83846,1.53632,0.76415,0.48936,0.57801,0.29508,1.86242,1.69857,1.54388,0.00520675,0.00520675,0.00520675
583,7653.56,1.78366,1.8561,1.5245,0.75807,0.48936,0.57619,0.29496,1.85391,1.70287,1.54229,0.0051985,0.0051985,0.0051985
584,7666.42,1.77262,1.80589,1.51327,0.75578,0.4766,0.57798,0.29474,1.84317,1.69489,1.53656,0.00519025,0.00519025,0.00519025
585,7679.35,1.77349,1.82572,1.52066,0.74644,0.48298,0.58115,0.30095,1.83516,1.68595,1.52641,0.005182,0.005182,0.005182
586,7692.91,1.79508,1.83997,1.50553,0.69004,0.51915,0.58428,0.30261,1.83719,1.67931,1.5303,0.00517375,0.00517375,0.00517375
587,7706.63,1.74564,1.79948,1.51611,0.70814,0.51489,0.59007,0.30552,1.84075,1.6753,1.5324,0.0051655,0.0051655,0.0051655
588,7720.36,1.75184,1.76807,1.51104,0.78316,0.4918,0.59087,0.30557,1.8401,1.67602,1.53039,0.00515725,0.00515725,0.00515725
589,7733.96,1.76434,1.79947,1.51154,0.78677,0.48085,0.5911,0.30449,1.84182,1.68144,1.53185,0.005149,0.005149,0.005149
590,7746.9,1.77265,1.78831,1.50938,0.78095,0.48547,0.58775,0.30699,1.83879,1.68382,1.53022,0.00514075,0.00514075,0.00514075
591,7760.48,1.78649,1.83036,1.50659,0.80523,0.48936,0.595,0.30788,1.83599,1.68588,1.52773,0.0051325,0.0051325,0.0051325
592,7774.13,1.75274,1.7841,1.50236,0.79672,0.48298,0.59188,0.30811,1.83561,1.68681,1.52834,0.00512425,0.00512425,0.00512425
593,7787.12,1.72862,1.74002,1.48425,0.74841,0.5,0.59531,0.3105,1.82844,1.67932,1.52123,0.005116,0.005116,0.005116
594,7800.77,1.73922,1.76621,1.50702,0.70355,0.52766,0.59504,0.31264,1.83093,1.68162,1.52365,0.00510775,0.00510775,0.00510775
595,7814.55,1.73591,1.784,1.49466,0.78523,0.49009,0.59673,0.315,1.82406,1.67886,1.5167,0.0050995,0.0050995,0.0050995
596,7827.96,1.75574,1.79174,1.51115,0.76217,0.50213,0.59553,0.31426,1.81486,1.67082,1.51117,0.00509125,0.00509125,0.00509125
597,7840.91,1.74689,1.80218,1.49502,0.73213,0.51915,0.60143,0.31851,1.81088,1.66672,1.50962,0.005083,0.005083,0.005083
598,7854.34,1.75024,1.7681,1.4906,0.7412,0.51489,0.60003,0.31872,1.8095,1.66237,1.51068,0.00507475,0.00507475,0.00507475
599,7868.09,1.76927,1.79311,1.49685,0.76763,0.50606,0.59548,0.31552,1.81383,1.66073,1.50881,0.0050665,0.0050665,0.0050665
600,7881.11,1.79256,1.81285,1.50916,0.74547,0.51489,0.59221,0.31442,1.81265,1.66115,1.5048,0.00505825,0.00505825,0.00505825
601,7894.11,1.73112,1.74589,1.46388,0.75535,0.51915,0.59126,0.3122,1.81714,1.65791,1.50503,0.00505,0.00505,0.00505
602,7906.75,1.77346,1.77806,1.49866,0.73634,0.53191,0.59754,0.31175,1.81743,1.65526,1.50265,0.00504175,0.00504175,0.00504175
603,7919.75,1.77003,1.80614,1.50249,0.73161,0.52553,0.59618,0.31172,1.8187,1.65703,1.50445,0.0050335,0.0050335,0.0050335
604,7932.78,1.76363,1.77869,1.50282,0.75086,0.51702,0.59226,0.3128,1.81607,1.65244,1.50171,0.00502525,0.00502525,0.00502525
605,7945.68,1.73839,1.77385,1.47462,0.74761,0.51064,0.58866,0.31633,1.81329,1.64508,1.49761,0.005017,0.005017,0.005017
606,7958.64,1.75718,1.75786,1.48893,0.73544,0.52049,0.59376,0.32114,1.80864,1.63918,1.49459,0.00500875,0.00500875,0.00500875
607,7972.12,1.75126,1.78019,1.51295,0.74201,0.51277,0.59277,0.32011,1.80054,1.63794,1.49225,0.0050005,0.0050005,0.0050005
608,7984.96,1.73609,1.75322,1.48353,0.75565,0.50663,0.59424,0.3219,1.79011,1.63454,1.48885,0.00499225,0.00499225,0.00499225
609,7998.4,1.75051,1.77161,1.47173,0.75919,0.49637,0.59748,0.32365,1.7838,1.63153,1.49069,0.004984,0.004984,0.004984
610,8012,1.76292,1.78098,1.49293,0.76427,0.50357,0.59766,0.3224,1.78449,1.62869,1.4913,0.00497575,0.00497575,0.00497575
611,8025.01,1.70918,1.71487,1.45259,0.73588,0.51702,0.60134,0.32535,1.78286,1.61956,1.49265,0.0049675,0.0049675,0.0049675
612,8038.72,1.7367,1.74203,1.48323,0.76239,0.51277,0.6045,0.32686,1.7836,1.61651,1.49599,0.00495925,0.00495925,0.00495925
613,8052.34,1.75891,1.77039,1.50038,0.76369,0.50213,0.59965,0.32894,1.77895,1.61375,1.49509,0.004951,0.004951,0.004951
614,8065.76,1.72334,1.73563,1.48661,0.73334,0.50426,0.60071,0.32596,1.77527,1.61705,1.49124,0.00494275,0.00494275,0.00494275
615,8078.74,1.72783,1.7156,1.48086,0.73163,0.50426,0.60285,0.32573,1.78267,1.61588,1.49301,0.0049345,0.0049345,0.0049345
616,8091.71,1.72054,1.72025,1.48005,0.65909,0.55319,0.60805,0.32918,1.78081,1.60078,1.49319,0.00492625,0.00492625,0.00492625
617,8105.38,1.71583,1.73715,1.46886,0.67436,0.55532,0.61167,0.33014,1.77446,1.59226,1.49234,0.004918,0.004918,0.004918
618,8119.05,1.71673,1.739,1.49035,0.76147,0.51489,0.61051,0.33163,1.76655,1.59115,1.48731,0.00490975,0.00490975,0.00490975
619,8132.58,1.71328,1.72248,1.46947,0.73172,0.52979,0.60989,0.33383,1.76328,1.59324,1.48514,0.0049015,0.0049015,0.0049015
620,8146.15,1.689,1.67853,1.46307,0.75994,0.51702,0.61284,0.33562,1.75958,1.58807,1.48406,0.00489325,0.00489325,0.00489325
621,8159.79,1.70342,1.70293,1.45833,0.7349,0.52553,0.61698,0.33552,1.76183,1.58337,1.48075,0.004885,0.004885,0.004885
622,8173.36,1.71966,1.73012,1.47394,0.71018,0.55106,0.6171,0.33653,1.76118,1.57986,1.47754,0.00487675,0.00487675,0.00487675
623,8187.07,1.70692,1.72086,1.4738,0.71434,0.54681,0.61838,0.33636,1.75874,1.57696,1.47443,0.0048685,0.0048685,0.0048685
624,8200.07,1.72072,1.74178,1.47651,0.7437,0.51861,0.61681,0.33637,1.75952,1.58153,1.47602,0.00486025,0.00486025,0.00486025
625,8212.86,1.71606,1.72637,1.46239,0.75976,0.51277,0.61816,0.33544,1.7604,1.57841,1.47926,0.004852,0.004852,0.004852
626,8225.78,1.74118,1.74352,1.47239,0.71858,0.54468,0.61811,0.33811,1.76034,1.57247,1.47645,0.00484375,0.00484375,0.00484375
627,8239.43,1.73344,1.71782,1.47037,0.77288,0.51702,0.61801,0.33768,1.75343,1.57169,1.47222,0.0048355,0.0048355,0.0048355
628,8252.35,1.69211,1.69252,1.44469,0.77561,0.51489,0.61902,0.33783,1.75284,1.56897,1.47184,0.00482725,0.00482725,0.00482725
629,8265.4,1.71801,1.71306,1.4584,0.76191,0.51702,0.62302,0.34036,1.75306,1.56776,1.47306,0.004819,0.004819,0.004819
630,8279.08,1.69034,1.67372,1.44914,0.67019,0.57071,0.62227,0.34006,1.75397,1.57538,1.47115,0.00481075,0.00481075,0.00481075
631,8291.97,1.71726,1.73167,1.46851,0.70989,0.55106,0.61967,0.34045,1.75477,1.57325,1.47197,0.0048025,0.0048025,0.0048025
632,8304.82,1.69131,1.68609,1.45684,0.78752,0.50851,0.62589,0.33869,1.75292,1.56738,1.47099,0.00479425,0.00479425,0.00479425
633,8317.78,1.66857,1.65572,1.43308,0.75613,0.53404,0.62658,0.33939,1.75083,1.56424,1.47032,0.004786,0.004786,0.004786
634,8330.4,1.7427,1.72742,1.47534,0.75337,0.54468,0.62614,0.34215,1.74618,1.56188,1.46786,0.00477775,0.00477775,0.00477775
635,8344.01,1.69474,1.6779,1.4509,0.73972,0.54894,0.62208,0.34171,1.74607,1.56074,1.46639,0.0047695,0.0047695,0.0047695
636,8357.1,1.69187,1.67777,1.44768,0.73114,0.56124,0.62823,0.34366,1.74803,1.55428,1.46517,0.00476125,0.00476125,0.00476125
637,8370.7,1.68542,1.68266,1.45935,0.74381,0.55319,0.62864,0.34523,1.74306,1.5463,1.46036,0.004753,0.004753,0.004753
638,8384.05,1.6732,1.686,1.454,0.74127,0.55745,0.62744,0.34529,1.74322,1.54469,1.45749,0.00474475,0.00474475,0.00474475
639,8396.98,1.72143,1.71437,1.45155,0.7516,0.55532,0.63168,0.34627,1.74626,1.54423,1.46164,0.0047365,0.0047365,0.0047365
640,8410.43,1.65367,1.65664,1.44175,0.77516,0.55745,0.63319,0.34773,1.73986,1.53875,1.46054,0.00472825,0.00472825,0.00472825
641,8424.05,1.7041,1.67972,1.42926,0.78138,0.56274,0.63597,0.348,1.73553,1.53391,1.45985,0.00472,0.00472,0.00472
642,8437.76,1.68573,1.67907,1.44287,0.76578,0.56383,0.63499,0.35033,1.72902,1.53137,1.4552,0.00471175,0.00471175,0.00471175
643,8451.42,1.70799,1.67996,1.45732,0.76765,0.55533,0.63112,0.35074,1.72417,1.52705,1.45183,0.0047035,0.0047035,0.0047035
644,8464.24,1.70772,1.70437,1.46045,0.77201,0.55319,0.62981,0.35081,1.71851,1.53127,1.44895,0.00469525,0.00469525,0.00469525
645,8477.3,1.69186,1.6859,1.44404,0.77802,0.5593,0.63721,0.35295,1.71724,1.53348,1.44906,0.004687,0.004687,0.004687
646,8491.1,1.69932,1.6787,1.45697,0.78479,0.54894,0.63695,0.35532,1.71664,1.5289,1.44782,0.00467875,0.00467875,0.00467875
647,8504.69,1.68327,1.69366,1.44415,0.78922,0.54894,0.64023,0.35643,1.71252,1.51905,1.44909,0.0046705,0.0046705,0.0046705
648,8518.59,1.68484,1.69193,1.44803,0.76959,0.55957,0.64323,0.35883,1.70636,1.51736,1.4476,0.00466225,0.00466225,0.00466225
649,8531.28,1.66849,1.65704,1.43429,0.75352,0.55745,0.6352,0.35852,1.7026,1.51563,1.44576,0.004654,0.004654,0.004654
650,8543.57,1.6931,1.67135,1.42851,0.75375,0.5617,0.63951,0.36273,1.69525,1.50862,1.44196,0.00464575,0.00464575,0.00464575
651,8557.13,1.65716,1.61897,1.42368,0.72774,0.5766,0.64306,0.3634,1.69098,1.50331,1.44092,0.0046375,0.0046375,0.0046375
652,8570.78,1.70504,1.66379,1.44316,0.74352,0.56596,0.64401,0.36447,1.69143,1.50709,1.44207,0.00462925,0.00462925,0.00462925
653,8584.32,1.67834,1.664,1.4394,0.73758,0.56596,0.64481,0.3658,1.68508,1.50535,1.44022,0.004621,0.004621,0.004621
654,8597.9,1.68794,1.71148,1.44616,0.72641,0.57234,0.64561,0.36701,1.68288,1.50941,1.44269,0.00461275,0.00461275,0.00461275
655,8611.56,1.68379,1.65312,1.44564,0.76581,0.55745,0.6432,0.36767,1.6827,1.51251,1.44261,0.0046045,0.0046045,0.0046045
656,8625.12,1.70235,1.66234,1.43709,0.77853,0.56094,0.6441,0.36939,1.68159,1.50979,1.44003,0.00459625,0.00459625,0.00459625
657,8638.74,1.66382,1.64124,1.4349,0.78252,0.56383,0.64593,0.37086,1.6799,1.50648,1.43626,0.004588,0.004588,0.004588
658,8652.32,1.663,1.57544,1.41572,0.77417,0.5766,0.64599,0.37257,1.68002,1.5061,1.43431,0.00457975,0.00457975,0.00457975
659,8665.96,1.66076,1.63267,1.418,0.79461,0.57447,0.64973,0.37329,1.67756,1.50408,1.43413,0.0045715,0.0045715,0.0045715
660,8679.6,1.67887,1.63888,1.4355,0.791,0.5766,0.65175,0.37583,1.67979,1.5007,1.43331,0.00456325,0.00456325,0.00456325
661,8692.93,1.67471,1.64177,1.43545,0.7544,0.57872,0.64669,0.37495,1.68259,1.49522,1.43279,0.004555,0.004555,0.004555
662,8705.75,1.64209,1.61305,1.42456,0.76748,0.57587,0.64823,0.37535,1.67956,1.49222,1.43074,0.00454675,0.00454675,0.00454675
663,8718.75,1.65731,1.6209,1.43198,0.77557,0.5735,0.64982,0.37418,1.6794,1.48548,1.43092,0.0045385,0.0045385,0.0045385
664,8731.62,1.64899,1.61934,1.42693,0.77182,0.57021,0.65265,0.37442,1.67661,1.47998,1.43075,0.00453025,0.00453025,0.00453025
665,8744.71,1.63739,1.62059,1.4058,0.78359,0.57234,0.65568,0.37764,1.67595,1.47814,1.43121,0.004522,0.004522,0.004522
666,8758.37,1.64296,1.60395,1.41875,0.76567,0.57872,0.65639,0.37606,1.67411,1.47689,1.42872,0.00451375,0.00451375,0.00451375
667,8771.2,1.65666,1.60766,1.41836,0.77087,0.5798,0.6546,0.37516,1.67251,1.47175,1.426,0.0045055,0.0045055,0.0045055
668,8784.09,1.67966,1.64922,1.43315,0.72891,0.58926,0.65496,0.37558,1.67042,1.46927,1.42522,0.00449725,0.00449725,0.00449725
669,8797.01,1.65512,1.60082,1.40709,0.72645,0.58763,0.65875,0.37768,1.67015,1.46581,1.42512,0.004489,0.004489,0.004489
670,8810.67,1.64241,1.63362,1.43345,0.72722,0.57872,0.65629,0.37754,1.67158,1.46066,1.42653,0.00448075,0.00448075,0.00448075
671,8823.67,1.68872,1.65388,1.4231,0.70334,0.59149,0.6568,0.37888,1.66904,1.45347,1.42444,0.0044725,0.0044725,0.0044725
672,8837.25,1.64907,1.61292,1.41958,0.74143,0.57349,0.65619,0.37874,1.67053,1.45047,1.42251,0.00446425,0.00446425,0.00446425
673,8850.06,1.66196,1.62592,1.41679,0.75691,0.56809,0.65737,0.37719,1.66764,1.44476,1.41911,0.004456,0.004456,0.004456
674,8862.96,1.6426,1.58259,1.40709,0.78615,0.56383,0.66126,0.37922,1.66476,1.44091,1.41561,0.00444775,0.00444775,0.00444775
675,8876.46,1.64301,1.58217,1.41104,0.80186,0.55532,0.66429,0.37937,1.66273,1.4379,1.4165,0.0044395,0.0044395,0.0044395
676,8890.14,1.66855,1.62379,1.42378,0.78795,0.55342,0.66533,0.38059,1.66047,1.43877,1.41682,0.00443125,0.00443125,0.00443125
677,8903.78,1.64476,1.57801,1.41062,0.78363,0.56251,0.66404,0.38276,1.6584,1.43778,1.41572,0.004423,0.004423,0.004423
678,8917.46,1.64173,1.57905,1.40466,0.79444,0.54894,0.66156,0.38353,1.65618,1.44259,1.41322,0.00441475,0.00441475,0.00441475
679,8930.96,1.658,1.5952,1.41615,0.81198,0.55129,0.66534,0.3846,1.65196,1.43782,1.41032,0.0044065,0.0044065,0.0044065
680,8944.63,1.62864,1.58389,1.42192,0.81245,0.55319,0.66639,0.38597,1.65211,1.43874,1.40984,0.00439825,0.00439825,0.00439825
681,8958.28,1.6508,1.6187,1.4179,0.80559,0.55319,0.66293,0.38684,1.65332,1.44051,1.41018,0.00439,0.00439,0.00439
682,8971.83,1.63493,1.5906,1.4064,0.79996,0.56156,0.66393,0.38758,1.65035,1.43683,1.40965,0.00438175,0.00438175,0.00438175
683,8985.44,1.65923,1.65264,1.43638,0.80883,0.54894,0.66544,0.38764,1.65247,1.43036,1.40942,0.0043735,0.0043735,0.0043735
684,8998.97,1.68724,1.63784,1.42968,0.80487,0.55957,0.66606,0.38837,1.65507,1.42918,1.41154,0.00436525,0.00436525,0.00436525
685,9012.43,1.64203,1.59924,1.39709,0.79036,0.56596,0.66864,0.38979,1.65053,1.42792,1.40847,0.004357,0.004357,0.004357
686,9026.1,1.62065,1.53373,1.40353,0.79544,0.5626,0.67517,0.391,1.64745,1.42634,1.40599,0.00434875,0.00434875,0.00434875
687,9039.75,1.63132,1.59563,1.402,0.7673,0.59635,0.67727,0.39271,1.64863,1.42097,1.40639,0.0043405,0.0043405,0.0043405
688,9053.26,1.62228,1.5819,1.3942,0.76632,0.59787,0.68089,0.39136,1.64842,1.41842,1.40549,0.00433225,0.00433225,0.00433225
689,9066.38,1.6196,1.55459,1.40312,0.78842,0.59463,0.68241,0.39161,1.64767,1.41828,1.40619,0.004324,0.004324,0.004324
690,9079.24,1.63203,1.59004,1.40825,0.791,0.60213,0.68359,0.39331,1.64534,1.41567,1.40554,0.00431575,0.00431575,0.00431575
691,9092.94,1.63298,1.57949,1.39845,0.79045,0.60638,0.68703,0.39553,1.64646,1.41786,1.40541,0.0043075,0.0043075,0.0043075
692,9106.61,1.64454,1.60139,1.40827,0.79197,0.59787,0.68834,0.39558,1.64754,1.41834,1.40731,0.00429925,0.00429925,0.00429925
693,9120.36,1.64848,1.59607,1.38791,0.77402,0.61064,0.6851,0.39436,1.64693,1.41447,1.40644,0.004291,0.004291,0.004291
694,9133.16,1.5931,1.54399,1.38338,0.78294,0.61277,0.68695,0.39504,1.64526,1.41367,1.40717,0.00428275,0.00428275,0.00428275
695,9146.33,1.60013,1.53875,1.37966,0.78063,0.61277,0.6867,0.39486,1.64519,1.41393,1.40853,0.0042745,0.0042745,0.0042745
696,9159.12,1.62037,1.57179,1.39494,0.77952,0.61686,0.6895,0.39596,1.6449,1.41614,1.40977,0.00426625,0.00426625,0.00426625
697,9172.73,1.68717,1.64945,1.43815,0.77614,0.61064,0.68451,0.39575,1.64348,1.41362,1.40748,0.004258,0.004258,0.004258
698,9185.69,1.63586,1.58567,1.40417,0.76655,0.61481,0.68243,0.39373,1.64061,1.41183,1.40429,0.00424975,0.00424975,0.00424975
699,9198.58,1.59767,1.49969,1.38755,0.75888,0.61489,0.68192,0.39377,1.6405,1.41005,1.40536,0.0042415,0.0042415,0.0042415
700,9211.82,1.61823,1.53264,1.39281,0.76416,0.61915,0.67991,0.39468,1.63827,1.41112,1.40442,0.00423325,0.00423325,0.00423325
701,9224.96,1.6187,1.53084,1.40096,0.76426,0.62128,0.67966,0.39424,1.6383,1.40799,1.40338,0.004225,0.004225,0.004225
702,9237.92,1.58836,1.55046,1.38134,0.76548,0.63191,0.68241,0.39733,1.64016,1.40558,1.40576,0.00421675,0.00421675,0.00421675
703,9251.54,1.61846,1.56603,1.39913,0.76645,0.6284,0.68218,0.39896,1.64059,1.40587,1.40685,0.0042085,0.0042085,0.0042085
704,9265.16,1.60061,1.53962,1.37389,0.75857,0.62766,0.68124,0.39773,1.63821,1.4059,1.40493,0.00420025,0.00420025,0.00420025
705,9278.1,1.61089,1.54546,1.38235,0.75934,0.62766,0.68216,0.39829,1.63994,1.40533,1.40558,0.004192,0.004192,0.004192
706,9291.12,1.61332,1.54878,1.38699,0.74979,0.63191,0.68242,0.39897,1.63689,1.39818,1.4035,0.00418375,0.00418375,0.00418375
707,9305.03,1.58355,1.537,1.3915,0.76135,0.62446,0.68478,0.39716,1.63626,1.39497,1.402,0.0041755,0.0041755,0.0041755
708,9318.1,1.62907,1.58084,1.40321,0.76374,0.61915,0.68434,0.39828,1.63443,1.3942,1.40002,0.00416725,0.00416725,0.00416725
709,9330.96,1.60112,1.53707,1.37297,0.7604,0.62553,0.68505,0.39867,1.63278,1.39541,1.40077,0.004159,0.004159,0.004159
710,9344.01,1.62604,1.56767,1.39153,0.73832,0.63633,0.68122,0.39852,1.62744,1.39285,1.39849,0.00415075,0.00415075,0.00415075
711,9356.97,1.62198,1.53642,1.38362,0.74696,0.62979,0.6831,0.39966,1.62452,1.39218,1.39683,0.0041425,0.0041425,0.0041425
712,9370.75,1.59907,1.52069,1.39548,0.75856,0.62766,0.6812,0.39951,1.62618,1.39258,1.39657,0.00413425,0.00413425,0.00413425
713,9383.8,1.63538,1.56207,1.40118,0.74959,0.62979,0.68322,0.39924,1.627,1.39067,1.39804,0.004126,0.004126,0.004126
714,9396.83,1.59864,1.55744,1.38687,0.75971,0.63191,0.68325,0.4,1.62548,1.38918,1.39617,0.00411775,0.00411775,0.00411775
715,9410.42,1.59195,1.53777,1.3762,0.75078,0.63455,0.68477,0.40168,1.62372,1.3835,1.3944,0.0041095,0.0041095,0.0041095
716,9424.24,1.60604,1.53299,1.37683,0.75038,0.63958,0.6858,0.40257,1.6237,1.37843,1.39365,0.00410125,0.00410125,0.00410125
717,9438,1.59245,1.54571,1.3955,0.75565,0.6383,0.6841,0.40048,1.6249,1.37791,1.39397,0.004093,0.004093,0.004093
718,9450.85,1.60286,1.52083,1.37021,0.76672,0.63635,0.68655,0.40241,1.62158,1.37609,1.391,0.00408475,0.00408475,0.00408475
719,9463.73,1.57545,1.52108,1.37492,0.77116,0.63811,0.68651,0.40336,1.61712,1.37289,1.38593,0.0040765,0.0040765,0.0040765
720,9477.4,1.634,1.54177,1.38861,0.77662,0.64255,0.69152,0.40484,1.61573,1.36673,1.38367,0.00406825,0.00406825,0.00406825
721,9491.07,1.59921,1.52764,1.38452,0.76647,0.64245,0.69099,0.40608,1.61175,1.36449,1.3786,0.00406,0.00406,0.00406
722,9504.92,1.57109,1.50456,1.35403,0.75763,0.65106,0.69093,0.40625,1.60834,1.36449,1.3772,0.00405175,0.00405175,0.00405175
723,9518.56,1.57405,1.49971,1.37678,0.76453,0.64681,0.69311,0.40531,1.6067,1.36522,1.37998,0.0040435,0.0040435,0.0040435
724,9531.65,1.57483,1.48056,1.37187,0.7732,0.64556,0.69563,0.40516,1.60901,1.3654,1.38175,0.00403525,0.00403525,0.00403525
725,9544.73,1.59229,1.52059,1.35883,0.76995,0.64468,0.69603,0.40527,1.60837,1.36436,1.37872,0.004027,0.004027,0.004027
726,9557.86,1.57653,1.50681,1.37122,0.76267,0.64953,0.69684,0.40686,1.60702,1.36528,1.37629,0.00401875,0.00401875,0.00401875
727,9571.52,1.56956,1.54253,1.37189,0.7652,0.64894,0.69795,0.40776,1.60757,1.36412,1.37582,0.0040105,0.0040105,0.0040105
728,9585.21,1.61214,1.52375,1.37385,0.76184,0.64468,0.69552,0.40622,1.60686,1.36099,1.37333,0.00400225,0.00400225,0.00400225
729,9598.2,1.58294,1.53314,1.36281,0.76095,0.64255,0.69672,0.40664,1.60438,1.36243,1.37054,0.003994,0.003994,0.003994
730,9611.11,1.58868,1.51567,1.38462,0.76783,0.6383,0.69445,0.40979,1.59932,1.35967,1.36639,0.00398575,0.00398575,0.00398575
731,9624.69,1.57672,1.52253,1.37488,0.77212,0.64255,0.6941,0.40879,1.59469,1.35658,1.36227,0.0039775,0.0039775,0.0039775
732,9637.71,1.56554,1.46479,1.36493,0.77856,0.64043,0.69381,0.40901,1.59266,1.35355,1.3616,0.00396925,0.00396925,0.00396925
733,9650.71,1.58695,1.49958,1.36578,0.77398,0.63617,0.69192,0.40756,1.59022,1.35211,1.36032,0.003961,0.003961,0.003961
734,9663.57,1.5678,1.45977,1.35836,0.77943,0.63404,0.69569,0.40953,1.58552,1.34803,1.35985,0.00395275,0.00395275,0.00395275
735,9676.59,1.55411,1.5038,1.35161,0.77499,0.62979,0.69662,0.40994,1.58206,1.34497,1.35858,0.0039445,0.0039445,0.0039445
736,9690.26,1.56685,1.48168,1.34848,0.76809,0.63421,0.69765,0.41149,1.57855,1.34292,1.35914,0.00393625,0.00393625,0.00393625
737,9704.02,1.55512,1.44565,1.34659,0.76546,0.63886,0.69625,0.41271,1.57556,1.34286,1.35923,0.003928,0.003928,0.003928
738,9717.88,1.55421,1.47193,1.36264,0.76666,0.63613,0.69833,0.41328,1.57357,1.34045,1.3578,0.00391975,0.00391975,0.00391975
739,9731.89,1.51993,1.42261,1.34246,0.77314,0.63811,0.7005,0.41571,1.5716,1.33704,1.35702,0.0039115,0.0039115,0.0039115
740,9746.31,1.55606,1.48869,1.35622,0.77344,0.64645,0.69899,0.41697,1.57215,1.33561,1.35761,0.00390325,0.00390325,0.00390325
741,9760.09,1.56127,1.44901,1.35488,0.77236,0.64255,0.6997,0.41719,1.57351,1.33231,1.35791,0.003895,0.003895,0.003895
742,9773.85,1.52176,1.43659,1.34856,0.78053,0.64468,0.69854,0.41669,1.57593,1.33141,1.35896,0.00388675,0.00388675,0.00388675
743,9787.08,1.54521,1.46349,1.35015,0.77879,0.6442,0.70019,0.41707,1.57686,1.3295,1.36024,0.0038785,0.0038785,0.0038785
744,9800.28,1.55563,1.45544,1.35155,0.7731,0.64522,0.69954,0.41753,1.57565,1.32973,1.35888,0.00387025,0.00387025,0.00387025
745,9814,1.55582,1.47438,1.35833,0.78192,0.64843,0.70424,0.41818,1.57548,1.32822,1.3587,0.003862,0.003862,0.003862
746,9827.86,1.57007,1.49623,1.36798,0.78482,0.64409,0.70419,0.41885,1.57642,1.32554,1.35801,0.00385375,0.00385375,0.00385375
747,9841.8,1.56444,1.44635,1.35195,0.78695,0.64444,0.70538,0.42023,1.57717,1.3258,1.35699,0.0038455,0.0038455,0.0038455
748,9855.63,1.53748,1.43906,1.34591,0.79476,0.65106,0.70618,0.42093,1.57739,1.32303,1.35547,0.00383725,0.00383725,0.00383725
749,9869.36,1.52413,1.435,1.32886,0.79652,0.64966,0.70918,0.42255,1.57732,1.3219,1.35408,0.003829,0.003829,0.003829
750,9883.03,1.55232,1.46574,1.34477,0.78968,0.64255,0.70825,0.41994,1.57684,1.32025,1.35421,0.00382075,0.00382075,0.00382075
751,9896,1.56322,1.48414,1.36491,0.78976,0.64255,0.7084,0.42142,1.57551,1.32458,1.3528,0.0038125,0.0038125,0.0038125
752,9909.25,1.54037,1.46521,1.34106,0.80612,0.63404,0.70846,0.42411,1.57453,1.32214,1.35199,0.00380425,0.00380425,0.00380425
753,9922.96,1.52907,1.44346,1.33923,0.7897,0.63917,0.70887,0.42591,1.57357,1.32032,1.3511,0.003796,0.003796,0.003796
754,9936.73,1.53045,1.44463,1.3314,0.79719,0.6383,0.70877,0.42601,1.56955,1.31622,1.3476,0.00378775,0.00378775,0.00378775
755,9950.62,1.53669,1.45079,1.33888,0.795,0.63536,0.70765,0.42632,1.56853,1.31495,1.34691,0.0037795,0.0037795,0.0037795
756,9964.43,1.5513,1.46258,1.3567,0.81444,0.62568,0.70786,0.4251,1.56938,1.31781,1.34805,0.00377125,0.00377125,0.00377125
757,9977.71,1.52198,1.44939,1.33321,0.8043,0.63404,0.70832,0.42503,1.56947,1.31949,1.34761,0.003763,0.003763,0.003763
758,9990.98,1.55315,1.47266,1.33555,0.80658,0.63191,0.70705,0.42352,1.56961,1.32215,1.34801,0.00375475,0.00375475,0.00375475
759,10004.1,1.54275,1.42369,1.32952,0.82,0.62034,0.70775,0.42619,1.56832,1.31766,1.34712,0.0037465,0.0037465,0.0037465
760,10017.6,1.52992,1.45253,1.34814,0.81627,0.6234,0.70821,0.42618,1.56873,1.31547,1.34724,0.00373825,0.00373825,0.00373825
761,10030.9,1.51539,1.40541,1.32824,0.81598,0.6234,0.7082,0.42506,1.56696,1.31479,1.34516,0.00373,0.00373,0.00373
762,10044,1.53884,1.4586,1.33959,0.81615,0.62337,0.70898,0.42687,1.56494,1.31346,1.3441,0.00372175,0.00372175,0.00372175
763,10057.8,1.52516,1.45375,1.34594,0.81628,0.62393,0.71023,0.4267,1.56247,1.30893,1.34236,0.0037135,0.0037135,0.0037135
764,10070.9,1.5193,1.44089,1.34225,0.82803,0.61915,0.71128,0.42795,1.56195,1.30668,1.34145,0.00370525,0.00370525,0.00370525
765,10084.9,1.52939,1.4308,1.3311,0.83359,0.61818,0.71202,0.42665,1.56071,1.30634,1.34104,0.003697,0.003697,0.003697
766,10098,1.54611,1.42836,1.35003,0.83308,0.61702,0.71356,0.42603,1.55895,1.3035,1.33956,0.00368875,0.00368875,0.00368875
767,10111.3,1.52256,1.43287,1.33152,0.83286,0.61702,0.71513,0.42643,1.55771,1.30094,1.33793,0.0036805,0.0036805,0.0036805
768,10124.6,1.5106,1.41627,1.32675,0.83298,0.62128,0.71558,0.42703,1.55542,1.29928,1.33774,0.00367225,0.00367225,0.00367225
769,10137.7,1.51393,1.39985,1.32354,0.83217,0.61915,0.71546,0.42762,1.55343,1.29805,1.33679,0.003664,0.003664,0.003664
770,10151.4,1.52859,1.39942,1.32892,0.82861,0.61915,0.71572,0.42985,1.55227,1.29704,1.33721,0.00365575,0.00365575,0.00365575
771,10165.2,1.53598,1.44594,1.34172,0.83096,0.62128,0.71838,0.43044,1.55037,1.29653,1.33662,0.0036475,0.0036475,0.0036475
772,10179,1.54954,1.45729,1.33796,0.84168,0.61915,0.71949,0.43029,1.54759,1.29481,1.33526,0.00363925,0.00363925,0.00363925
773,10192.2,1.53336,1.46103,1.3335,0.84155,0.61915,0.71938,0.42917,1.548,1.2905,1.33501,0.003631,0.003631,0.003631
774,10205.5,1.53805,1.43551,1.33176,0.83675,0.62162,0.71967,0.42889,1.54926,1.28914,1.33543,0.00362275,0.00362275,0.00362275
775,10218.6,1.51935,1.40745,1.33246,0.83249,0.62387,0.7202,0.42854,1.54994,1.28815,1.33579,0.0036145,0.0036145,0.0036145
776,10232.1,1.54204,1.46757,1.35005,0.84655,0.61702,0.71861,0.43024,1.55072,1.28707,1.33484,0.00360625,0.00360625,0.00360625
777,10245.4,1.49936,1.4121,1.3229,0.84598,0.61938,0.72033,0.43047,1.54869,1.28756,1.33283,0.003598,0.003598,0.003598
778,10259.2,1.56374,1.43406,1.33032,0.8492,0.62306,0.71919,0.43017,1.54788,1.28898,1.33244,0.00358975,0.00358975,0.00358975
779,10272.5,1.49063,1.39108,1.31025,0.84171,0.62228,0.71886,0.43262,1.54534,1.29102,1.33078,0.0035815,0.0035815,0.0035815
780,10286.5,1.51381,1.39366,1.32601,0.84566,0.62954,0.7191,0.43328,1.5431,1.28989,1.32982,0.00357325,0.00357325,0.00357325
781,10300.4,1.54912,1.43329,1.32855,0.84885,0.62766,0.71888,0.43288,1.54328,1.29095,1.33084,0.003565,0.003565,0.003565
782,10313.8,1.49831,1.40157,1.3245,0.84415,0.62766,0.7188,0.4333,1.54293,1.2918,1.33084,0.00355675,0.00355675,0.00355675
783,10327.4,1.49663,1.40442,1.31226,0.83812,0.62792,0.717,0.43295,1.54333,1.29197,1.33139,0.0035485,0.0035485,0.0035485
784,10340.6,1.51317,1.39801,1.32512,0.84893,0.6234,0.71666,0.43134,1.54286,1.29222,1.33139,0.00354025,0.00354025,0.00354025
785,10353.7,1.53609,1.44843,1.32546,0.8567,0.61915,0.71504,0.4306,1.54125,1.29261,1.33056,0.003532,0.003532,0.003532
786,10366.8,1.49364,1.39982,1.31395,0.85252,0.61495,0.71616,0.43265,1.54057,1.28938,1.33005,0.00352375,0.00352375,0.00352375
787,10380.2,1.51039,1.41114,1.31015,0.84928,0.62128,0.71657,0.43186,1.53877,1.28474,1.32872,0.0035155,0.0035155,0.0035155
788,10393.9,1.50429,1.37581,1.30045,0.8337,0.62766,0.71693,0.43334,1.53935,1.28649,1.33007,0.00350725,0.00350725,0.00350725
789,10407.5,1.50467,1.40228,1.32318,0.83676,0.62553,0.71789,0.4349,1.53622,1.28191,1.32799,0.003499,0.003499,0.003499
790,10422,1.54815,1.44069,1.32462,0.80699,0.64049,0.71787,0.43481,1.53696,1.28059,1.3274,0.00349075,0.00349075,0.00349075
791,10435.3,1.50335,1.37544,1.29786,0.81177,0.64043,0.71703,0.43461,1.53817,1.28331,1.32889,0.0034825,0.0034825,0.0034825
792,10448.7,1.49456,1.38123,1.30892,0.80745,0.64468,0.71691,0.43566,1.53894,1.28361,1.32908,0.00347425,0.00347425,0.00347425
793,10462.7,1.48701,1.39044,1.30554,0.81192,0.64255,0.71647,0.43375,1.53558,1.27968,1.3265,0.003466,0.003466,0.003466
794,10475.9,1.51269,1.40226,1.32661,0.81247,0.64468,0.71632,0.43565,1.53517,1.27829,1.32619,0.00345775,0.00345775,0.00345775
795,10489.2,1.52278,1.42923,1.30993,0.82157,0.64681,0.71736,0.43696,1.53529,1.28194,1.32633,0.0034495,0.0034495,0.0034495
796,10503.2,1.50463,1.42078,1.31829,0.826,0.64255,0.71854,0.43649,1.53366,1.27762,1.32551,0.00344125,0.00344125,0.00344125
797,10516.5,1.50468,1.3803,1.30121,0.81967,0.64681,0.71836,0.43662,1.53209,1.27749,1.3227,0.003433,0.003433,0.003433
798,10529.6,1.51017,1.39611,1.3231,0.80954,0.65532,0.71772,0.43957,1.53239,1.27694,1.3219,0.00342475,0.00342475,0.00342475
799,10543.5,1.50438,1.39265,1.31432,0.80628,0.65319,0.71803,0.43901,1.53213,1.27481,1.32146,0.0034165,0.0034165,0.0034165
800,10556.6,1.48895,1.35975,1.30023,0.81262,0.65513,0.71885,0.44009,1.53149,1.27439,1.32107,0.00340825,0.00340825,0.00340825
801,10570.7,1.51343,1.39871,1.32408,0.81328,0.6487,0.719,0.4403,1.53232,1.27367,1.32273,0.0034,0.0034,0.0034
802,10584.9,1.49151,1.3498,1.28669,0.82771,0.64681,0.7192,0.43999,1.53152,1.27309,1.32251,0.00339175,0.00339175,0.00339175
803,10598.3,1.48938,1.38523,1.30627,0.82797,0.64255,0.72052,0.44026,1.53054,1.27009,1.32223,0.0033835,0.0033835,0.0033835
804,10612.2,1.51962,1.41306,1.32494,0.82627,0.64468,0.7217,0.44251,1.52878,1.26832,1.32156,0.00337525,0.00337525,0.00337525
805,10626.3,1.5122,1.39822,1.31314,0.81756,0.65745,0.72196,0.44254,1.52943,1.26764,1.32176,0.003367,0.003367,0.003367
806,10640.4,1.49285,1.36127,1.29201,0.81264,0.65745,0.72226,0.44245,1.52942,1.2673,1.32155,0.00335875,0.00335875,0.00335875
807,10653.5,1.50968,1.37433,1.3151,0.82012,0.6617,0.72246,0.44277,1.52869,1.26667,1.31967,0.0033505,0.0033505,0.0033505
808,10667.3,1.45678,1.34658,1.30587,0.81236,0.6617,0.72214,0.44407,1.52835,1.26609,1.32105,0.00334225,0.00334225,0.00334225
809,10681.2,1.49691,1.38285,1.30958,0.81599,0.66046,0.72221,0.44527,1.52783,1.2649,1.32183,0.003334,0.003334,0.003334
810,10695.5,1.49265,1.35371,1.29296,0.82258,0.66094,0.72533,0.44599,1.52771,1.26203,1.32194,0.00332575,0.00332575,0.00332575
811,10709.5,1.48649,1.38082,1.30069,0.82721,0.66207,0.72563,0.44633,1.52723,1.25947,1.32145,0.0033175,0.0033175,0.0033175
812,10723.6,1.47765,1.37315,1.30276,0.82717,0.66189,0.72633,0.44586,1.52759,1.2572,1.32171,0.00330925,0.00330925,0.00330925
813,10736.7,1.47074,1.36229,1.28839,0.83714,0.6617,0.72709,0.44656,1.52611,1.257,1.32126,0.003301,0.003301,0.003301
814,10750.7,1.4793,1.33056,1.29117,0.84082,0.65957,0.7282,0.44643,1.52627,1.25482,1.3205,0.00329275,0.00329275,0.00329275
815,10764.5,1.49282,1.39578,1.31897,0.83194,0.65532,0.72598,0.44552,1.52503,1.25418,1.32039,0.0032845,0.0032845,0.0032845
816,10777.8,1.46504,1.35531,1.28975,0.83135,0.65532,0.72724,0.44532,1.52382,1.25348,1.31897,0.00327625,0.00327625,0.00327625
817,10791.1,1.46876,1.38509,1.29756,0.83245,0.65532,0.72772,0.44612,1.52353,1.25182,1.31879,0.003268,0.003268,0.003268
818,10804.2,1.49327,1.38743,1.31003,0.83383,0.65532,0.72698,0.44596,1.52321,1.25155,1.31799,0.00325975,0.00325975,0.00325975
819,10817.5,1.50299,1.40253,1.31182,0.84082,0.65532,0.72713,0.44831,1.52118,1.25239,1.31755,0.0032515,0.0032515,0.0032515
820,10831.4,1.47973,1.35507,1.31042,0.83341,0.65532,0.72705,0.44754,1.52034,1.25273,1.31714,0.00324325,0.00324325,0.00324325
821,10844.8,1.46037,1.34488,1.28332,0.8422,0.65532,0.73104,0.4491,1.51924,1.25238,1.31677,0.003235,0.003235,0.003235
822,10858.9,1.45515,1.35525,1.28881,0.83694,0.65532,0.73104,0.45013,1.51816,1.25136,1.31575,0.00322675,0.00322675,0.00322675
823,10873.1,1.47037,1.35438,1.29546,0.83053,0.65532,0.72882,0.44786,1.51667,1.25117,1.31458,0.0032185,0.0032185,0.0032185
824,10886.5,1.49158,1.35572,1.29441,0.82522,0.65745,0.72913,0.44985,1.51953,1.25373,1.3168,0.00321025,0.00321025,0.00321025
825,10899.9,1.47275,1.36096,1.2938,0.82706,0.65745,0.72888,0.44964,1.51967,1.25453,1.31702,0.003202,0.003202,0.003202
826,10913.6,1.49057,1.3764,1.31356,0.82769,0.65957,0.73231,0.45028,1.51894,1.25309,1.31579,0.00319375,0.00319375,0.00319375
827,10927.8,1.47158,1.335,1.2843,0.83022,0.65957,0.73305,0.45031,1.51862,1.25302,1.31653,0.0031855,0.0031855,0.0031855
828,10941.3,1.47985,1.35462,1.30421,0.83392,0.65957,0.73349,0.45098,1.51917,1.25345,1.31663,0.00317725,0.00317725,0.00317725
829,10955.3,1.47759,1.36909,1.27984,0.84034,0.65957,0.73367,0.45109,1.51826,1.25225,1.31506,0.003169,0.003169,0.003169
830,10969.1,1.42578,1.31742,1.27353,0.84298,0.65957,0.73429,0.4514,1.51673,1.24994,1.31363,0.00316075,0.00316075,0.00316075
831,10983.2,1.47192,1.33461,1.28824,0.84258,0.65957,0.73477,0.45193,1.51516,1.24866,1.313,0.0031525,0.0031525,0.0031525
832,10997.2,1.46657,1.33829,1.28631,0.83988,0.65957,0.73567,0.45189,1.51368,1.2482,1.31207,0.00314425,0.00314425,0.00314425
833,11011.2,1.46466,1.33917,1.29097,0.84188,0.65957,0.73599,0.45246,1.51219,1.24675,1.31117,0.003136,0.003136,0.003136
834,11025.1,1.45831,1.34087,1.28955,0.84154,0.65537,0.73667,0.45346,1.51032,1.2451,1.30999,0.00312775,0.00312775,0.00312775
835,11039.1,1.46709,1.33837,1.28411,0.8503,0.65957,0.73926,0.45587,1.51027,1.24377,1.30978,0.0031195,0.0031195,0.0031195
836,11052.9,1.43998,1.28541,1.2749,0.85371,0.6617,0.73998,0.45641,1.50935,1.24333,1.30855,0.00311125,0.00311125,0.00311125
837,11066.7,1.45133,1.3299,1.29273,0.85404,0.65957,0.7409,0.45575,1.50929,1.24196,1.30765,0.003103,0.003103,0.003103
838,11079.8,1.45947,1.35037,1.29207,0.85518,0.6659,0.74125,0.45682,1.50866,1.24091,1.3062,0.00309475,0.00309475,0.00309475
839,11093.9,1.44601,1.31153,1.27965,0.85044,0.66539,0.74137,0.45849,1.50868,1.2399,1.30519,0.0030865,0.0030865,0.0030865
840,11107.7,1.4483,1.3382,1.28887,0.8525,0.66596,0.74212,0.45809,1.50805,1.23779,1.30493,0.00307825,0.00307825,0.00307825
841,11121,1.46078,1.32029,1.28297,0.85153,0.66596,0.74299,0.45895,1.50669,1.23728,1.30368,0.00307,0.00307,0.00307
842,11134.9,1.44872,1.32568,1.29137,0.85067,0.6666,0.74345,0.46003,1.50622,1.23538,1.30272,0.00306175,0.00306175,0.00306175
843,11148.7,1.46311,1.33955,1.27397,0.85172,0.66809,0.74447,0.45933,1.50568,1.23418,1.3017,0.0030535,0.0030535,0.0030535
844,11161.8,1.48371,1.35576,1.28728,0.8344,0.67447,0.74468,0.45931,1.50411,1.23028,1.29984,0.00304525,0.00304525,0.00304525
845,11175.1,1.44978,1.33342,1.279,0.83873,0.675,0.74502,0.4602,1.50336,1.22839,1.29925,0.003037,0.003037,0.003037
846,11189,1.44939,1.30095,1.27184,0.85089,0.67021,0.74585,0.46015,1.5017,1.22678,1.2979,0.00302875,0.00302875,0.00302875
847,11203.2,1.43411,1.28284,1.2878,0.84675,0.67021,0.74543,0.45948,1.50276,1.22836,1.29747,0.0030205,0.0030205,0.0030205
848,11216.4,1.42524,1.29252,1.27572,0.83856,0.67447,0.74576,0.45961,1.50115,1.22396,1.29584,0.00301225,0.00301225,0.00301225
849,11229.9,1.45791,1.30053,1.24864,0.83582,0.66596,0.74679,0.46156,1.50096,1.22474,1.29637,0.003004,0.003004,0.003004
850,11244,1.42399,1.2903,1.27372,0.83992,0.6698,0.74696,0.46208,1.4995,1.22405,1.29535,0.00299575,0.00299575,0.00299575
851,11257.9,1.44017,1.30612,1.26912,0.83295,0.66837,0.74602,0.46265,1.4989,1.22342,1.29505,0.0029875,0.0029875,0.0029875
852,11271.6,1.47067,1.31566,1.28457,0.83526,0.66884,0.74615,0.46248,1.49874,1.22328,1.29286,0.00297925,0.00297925,0.00297925
853,11284.9,1.44768,1.29758,1.26914,0.83709,0.66691,0.74663,0.46211,1.49873,1.22257,1.29228,0.002971,0.002971,0.002971
854,11298.1,1.42623,1.28907,1.25978,0.83754,0.6691,0.74699,0.46344,1.49931,1.22133,1.29259,0.00296275,0.00296275,0.00296275
855,11312.3,1.42574,1.2958,1.26266,0.85032,0.66478,0.74999,0.46416,1.49966,1.22109,1.29234,0.0029545,0.0029545,0.0029545
856,11326.4,1.45397,1.33849,1.27497,0.85148,0.66383,0.74991,0.46536,1.49875,1.22081,1.29182,0.00294625,0.00294625,0.00294625
857,11340.5,1.4346,1.28797,1.27216,0.85448,0.6617,0.75051,0.46588,1.49878,1.22023,1.29154,0.002938,0.002938,0.002938
858,11354.4,1.43315,1.29343,1.26536,0.86903,0.66356,0.75161,0.46559,1.49762,1.22061,1.29126,0.00292975,0.00292975,0.00292975
859,11367.7,1.42277,1.29071,1.27844,0.85924,0.66383,0.75172,0.46707,1.4971,1.22089,1.2916,0.0029215,0.0029215,0.0029215
860,11381.6,1.4491,1.30139,1.26947,0.8619,0.66383,0.7518,0.46733,1.49753,1.22073,1.29165,0.00291325,0.00291325,0.00291325
861,11395.6,1.4272,1.27404,1.26804,0.86076,0.66596,0.7519,0.4676,1.49738,1.22008,1.29159,0.002905,0.002905,0.002905
862,11409.5,1.44366,1.32009,1.28292,0.87007,0.6617,0.75234,0.46688,1.49718,1.21867,1.29105,0.00289675,0.00289675,0.00289675
863,11422.7,1.43351,1.28962,1.27161,0.86853,0.66383,0.75226,0.46804,1.49682,1.21792,1.29002,0.0028885,0.0028885,0.0028885
864,11436.4,1.43088,1.30675,1.27779,0.87397,0.66383,0.75295,0.46682,1.49573,1.2192,1.28837,0.00288025,0.00288025,0.00288025
865,11449.5,1.4358,1.31984,1.2763,0.87382,0.66305,0.75227,0.4672,1.49522,1.21927,1.28896,0.002872,0.002872,0.002872
866,11462.7,1.42971,1.26421,1.26297,0.87144,0.6634,0.75298,0.46715,1.49584,1.21811,1.2897,0.00286375,0.00286375,0.00286375
867,11475.8,1.41033,1.25121,1.26021,0.87863,0.66232,0.75319,0.46708,1.49548,1.21716,1.28904,0.0028555,0.0028555,0.0028555
868,11489,1.41225,1.29869,1.26197,0.87393,0.66596,0.75323,0.46725,1.49532,1.21676,1.28856,0.00284725,0.00284725,0.00284725
869,11502.3,1.42318,1.29474,1.25411,0.87002,0.6617,0.75189,0.46837,1.49505,1.21632,1.28737,0.002839,0.002839,0.002839
870,11516.2,1.40186,1.28625,1.26307,0.86893,0.66383,0.7521,0.46841,1.49506,1.21526,1.28613,0.00283075,0.00283075,0.00283075
871,11530.3,1.41547,1.27778,1.25264,0.87343,0.66596,0.75328,0.46861,1.49494,1.2142,1.28546,0.0028225,0.0028225,0.0028225
872,11544.4,1.43318,1.29603,1.26608,0.86711,0.66641,0.75374,0.46892,1.49521,1.21362,1.28492,0.00281425,0.00281425,0.00281425
873,11558.5,1.41136,1.28564,1.26165,0.86935,0.66543,0.75359,0.46932,1.49463,1.21268,1.28447,0.002806,0.002806,0.002806
874,11572.3,1.43671,1.30709,1.28183,0.86214,0.66528,0.75397,0.46915,1.49427,1.21279,1.28399,0.00279775,0.00279775,0.00279775
875,11585.5,1.40046,1.26392,1.24668,0.86211,0.65957,0.75296,0.46958,1.49445,1.2126,1.28349,0.0027895,0.0027895,0.0027895
876,11599.4,1.42204,1.28873,1.25508,0.86154,0.66196,0.75347,0.46951,1.49476,1.21265,1.28318,0.00278125,0.00278125,0.00278125
877,11612.6,1.4344,1.27442,1.25657,0.86297,0.65957,0.75397,0.46917,1.49492,1.21158,1.28268,0.002773,0.002773,0.002773
878,11625.8,1.43253,1.27914,1.25778,0.85928,0.65957,0.7541,0.47003,1.4944,1.21107,1.28183,0.00276475,0.00276475,0.00276475
879,11639.8,1.43467,1.28672,1.2742,0.86384,0.6617,0.75397,0.46936,1.49365,1.21172,1.28131,0.0027565,0.0027565,0.0027565
880,11652.8,1.4193,1.27147,1.27045,0.86266,0.6617,0.75458,0.46948,1.49429,1.20992,1.28171,0.00274825,0.00274825,0.00274825
881,11665.9,1.40972,1.29634,1.26536,0.86166,0.66264,0.75479,0.46906,1.49467,1.2097,1.28179,0.00274,0.00274,0.00274
882,11679.1,1.44186,1.29617,1.26504,0.86027,0.66808,0.75516,0.46917,1.49475,1.20876,1.28167,0.00273175,0.00273175,0.00273175
883,11692.5,1.39862,1.2653,1.23926,0.8561,0.67089,0.7557,0.46867,1.49489,1.20864,1.28177,0.0027235,0.0027235,0.0027235
884,11705.9,1.42549,1.27547,1.25352,0.86078,0.67089,0.75762,0.46845,1.49535,1.20857,1.28192,0.00271525,0.00271525,0.00271525
885,11719.4,1.41329,1.27357,1.2591,0.86036,0.66809,0.75699,0.46851,1.49319,1.20464,1.27993,0.002707,0.002707,0.002707
886,11732.7,1.40912,1.25462,1.25745,0.86085,0.67128,0.75762,0.46907,1.49313,1.20454,1.28017,0.00269875,0.00269875,0.00269875
887,11746,1.38958,1.23092,1.23335,0.86041,0.67234,0.75763,0.47027,1.49525,1.2082,1.28222,0.0026905,0.0026905,0.0026905
888,11759.9,1.42294,1.27156,1.26435,0.85694,0.67234,0.7574,0.47103,1.49557,1.20793,1.28234,0.00268225,0.00268225,0.00268225
889,11774,1.40867,1.26188,1.25123,0.85803,0.67234,0.75752,0.47052,1.49558,1.20722,1.2825,0.002674,0.002674,0.002674
890,11787.2,1.40609,1.24719,1.25131,0.86009,0.67234,0.75768,0.47031,1.495,1.20577,1.28326,0.00266575,0.00266575,0.00266575
891,11800.7,1.41019,1.24791,1.25245,0.86087,0.67234,0.75783,0.46984,1.49486,1.2044,1.28251,0.0026575,0.0026575,0.0026575
892,11814.2,1.405,1.24209,1.24976,0.86269,0.66836,0.75764,0.46996,1.49472,1.20238,1.28265,0.00264925,0.00264925,0.00264925
893,11827.6,1.3804,1.23351,1.24068,0.86557,0.66809,0.75792,0.47,1.49426,1.20085,1.28236,0.002641,0.002641,0.002641
894,11841,1.41175,1.26538,1.25194,0.8699,0.66809,0.75818,0.47047,1.49231,1.19596,1.27995,0.00263275,0.00263275,0.00263275
895,11854.5,1.38277,1.23025,1.24826,0.86556,0.6712,0.75861,0.47045,1.4936,1.19864,1.28135,0.0026245,0.0026245,0.0026245
896,11868,1.40102,1.2453,1.26001,0.87065,0.67234,0.75869,0.47109,1.49332,1.19871,1.2809,0.00261625,0.00261625,0.00261625
897,11881.9,1.41466,1.24675,1.25044,0.87179,0.67234,0.75887,0.47112,1.49291,1.19876,1.28071,0.002608,0.002608,0.002608
898,11895.8,1.40589,1.25728,1.24426,0.87211,0.67234,0.75874,0.47163,1.49261,1.19829,1.28086,0.00259975,0.00259975,0.00259975
899,11909.8,1.38567,1.23632,1.23599,0.87024,0.67234,0.75884,0.47173,1.49253,1.1971,1.28047,0.0025915,0.0025915,0.0025915
900,11923.6,1.39715,1.2419,1.23209,0.86898,0.67234,0.75907,0.47171,1.49166,1.19601,1.27999,0.00258325,0.00258325,0.00258325
901,11937.6,1.37278,1.21659,1.22496,0.86716,0.67234,0.75957,0.47145,1.49092,1.19524,1.2791,0.002575,0.002575,0.002575
902,11950.7,1.39344,1.26124,1.23397,0.86585,0.67234,0.75964,0.47139,1.49067,1.19247,1.27878,0.00256675,0.00256675,0.00256675
903,11963.9,1.36725,1.22337,1.23253,0.86924,0.67447,0.76017,0.47183,1.49095,1.19101,1.27838,0.0025585,0.0025585,0.0025585
904,11977.8,1.39855,1.2754,1.24763,0.8662,0.67493,0.76067,0.47224,1.49034,1.18998,1.27776,0.00255025,0.00255025,0.00255025
905,11991.7,1.36022,1.20222,1.22272,0.86598,0.67365,0.76108,0.47274,1.49074,1.18906,1.27744,0.002542,0.002542,0.002542
906,12005.4,1.38692,1.24294,1.24145,0.86579,0.67255,0.76128,0.47271,1.49047,1.18768,1.27678,0.00253375,0.00253375,0.00253375
907,12018.5,1.37196,1.2637,1.25007,0.86575,0.67235,0.76139,0.47385,1.48997,1.18659,1.27638,0.0025255,0.0025255,0.0025255
908,12032.5,1.38439,1.25936,1.24087,0.86347,0.6728,0.76154,0.47398,1.48966,1.18563,1.27597,0.00251725,0.00251725,0.00251725
909,12046.5,1.37117,1.2225,1.2424,0.86553,0.67234,0.76206,0.47434,1.489,1.18384,1.27502,0.002509,0.002509,0.002509
910,12060.6,1.38307,1.24085,1.24728,0.86522,0.67234,0.7631,0.47546,1.48829,1.18233,1.27419,0.00250075,0.00250075,0.00250075
911,12074.4,1.39369,1.23323,1.24882,0.86718,0.67234,0.7631,0.47499,1.48785,1.18155,1.27351,0.0024925,0.0024925,0.0024925
912,12087.7,1.36695,1.21483,1.22454,0.86594,0.67234,0.7632,0.47521,1.4874,1.18164,1.27353,0.00248425,0.00248425,0.00248425
913,12100.6,1.35941,1.20318,1.22997,0.86731,0.67021,0.76097,0.47561,1.48652,1.18049,1.27244,0.002476,0.002476,0.002476
914,12113.6,1.38685,1.23701,1.22983,0.86613,0.67021,0.76115,0.47606,1.48619,1.17977,1.27175,0.00246775,0.00246775,0.00246775
915,12127.3,1.38005,1.2194,1.22554,0.86591,0.67021,0.76161,0.47585,1.48512,1.17953,1.27118,0.0024595,0.0024595,0.0024595
916,12140.6,1.37123,1.21561,1.23039,0.86807,0.672,0.76136,0.4761,1.48479,1.17868,1.27055,0.00245125,0.00245125,0.00245125
917,12154.4,1.39851,1.23625,1.24967,0.87066,0.67021,0.7613,0.47575,1.48425,1.17887,1.26969,0.002443,0.002443,0.002443
918,12167.7,1.38764,1.23137,1.22976,0.86984,0.66829,0.76145,0.47563,1.48402,1.17797,1.26895,0.00243475,0.00243475,0.00243475
919,12180.8,1.40281,1.22606,1.23176,0.87488,0.66951,0.76322,0.47632,1.48352,1.17636,1.268,0.0024265,0.0024265,0.0024265
920,12194.8,1.38144,1.22403,1.22858,0.87487,0.66943,0.76323,0.47638,1.48322,1.17532,1.26751,0.00241825,0.00241825,0.00241825
921,12208.8,1.39406,1.25504,1.25256,0.8745,0.66716,0.76372,0.47605,1.48358,1.17511,1.26718,0.00241,0.00241,0.00241
922,12222,1.36508,1.22228,1.23692,0.87504,0.66809,0.76382,0.47561,1.48397,1.17575,1.267,0.00240175,0.00240175,0.00240175
923,12235.2,1.38196,1.2259,1.21887,0.88321,0.67021,0.7639,0.47551,1.48378,1.17515,1.26671,0.0023935,0.0023935,0.0023935
924,12248.4,1.3862,1.25229,1.24332,0.87965,0.67021,0.76476,0.47578,1.48395,1.17365,1.26553,0.00238525,0.00238525,0.00238525
925,12261.6,1.35209,1.20597,1.22764,0.88098,0.67021,0.76507,0.47554,1.48372,1.17412,1.26518,0.002377,0.002377,0.002377
926,12274.8,1.37557,1.21199,1.2226,0.88299,0.67021,0.76313,0.4759,1.48378,1.17384,1.26519,0.00236875,0.00236875,0.00236875
927,12288.1,1.35887,1.21352,1.2397,0.88165,0.67021,0.76316,0.47568,1.48424,1.17314,1.26513,0.0023605,0.0023605,0.0023605
928,12301.3,1.36858,1.19547,1.22436,0.88186,0.67234,0.76356,0.47624,1.4836,1.17204,1.26495,0.00235225,0.00235225,0.00235225
929,12314.5,1.35943,1.21517,1.22335,0.88164,0.67234,0.76409,0.47665,1.48246,1.1708,1.2647,0.002344,0.002344,0.002344
930,12328.4,1.36869,1.23562,1.23739,0.8824,0.67234,0.7643,0.47723,1.48171,1.1705,1.26402,0.00233575,0.00233575,0.00233575
931,12342.3,1.37212,1.21512,1.23784,0.88208,0.67234,0.76434,0.47813,1.48007,1.16869,1.26354,0.0023275,0.0023275,0.0023275
932,12356.1,1.37146,1.22031,1.23035,0.88541,0.67404,0.76474,0.47849,1.47941,1.16744,1.26288,0.00231925,0.00231925,0.00231925
933,12369.8,1.36938,1.22207,1.23271,0.88293,0.67393,0.76475,0.47923,1.47822,1.16673,1.26232,0.002311,0.002311,0.002311
934,12383.5,1.35989,1.20366,1.21416,0.88249,0.67447,0.76478,0.47961,1.47749,1.16623,1.26202,0.00230275,0.00230275,0.00230275
935,12397.4,1.38018,1.2201,1.22224,0.88294,0.67399,0.76503,0.48047,1.47637,1.16521,1.26173,0.0022945,0.0022945,0.0022945
936,12411.3,1.36536,1.21769,1.22916,0.88092,0.67234,0.76534,0.47991,1.47547,1.16514,1.26037,0.00228625,0.00228625,0.00228625
937,12424.5,1.3698,1.20364,1.22478,0.88294,0.67404,0.76546,0.47974,1.47496,1.16544,1.25978,0.002278,0.002278,0.002278
938,12437.5,1.35853,1.2059,1.21881,0.88274,0.6727,0.76548,0.48023,1.47452,1.16551,1.25934,0.00226975,0.00226975,0.00226975
939,12450.6,1.3455,1.17734,1.21784,0.88531,0.67338,0.76546,0.48001,1.47331,1.16465,1.25863,0.0022615,0.0022615,0.0022615
940,12463.9,1.36927,1.20123,1.22697,0.88536,0.6737,0.76615,0.48041,1.4726,1.16439,1.2579,0.00225325,0.00225325,0.00225325
941,12477.8,1.37283,1.21155,1.22747,0.88791,0.67414,0.76619,0.48144,1.47228,1.16401,1.25727,0.002245,0.002245,0.002245
942,12491.7,1.37172,1.21827,1.22739,0.89037,0.67234,0.76749,0.48166,1.47214,1.16435,1.25679,0.00223675,0.00223675,0.00223675
943,12505.6,1.36772,1.21681,1.23859,0.8923,0.67447,0.76715,0.48123,1.47227,1.16418,1.25667,0.0022285,0.0022285,0.0022285
944,12518.9,1.34249,1.17683,1.21476,0.88826,0.67447,0.76792,0.48132,1.47173,1.16357,1.25605,0.00222025,0.00222025,0.00222025
945,12532.3,1.34203,1.19742,1.2142,0.89069,0.67614,0.76758,0.48158,1.47161,1.16281,1.25679,0.002212,0.002212,0.002212
946,12545.7,1.34803,1.20418,1.21878,0.8906,0.6766,0.76974,0.48209,1.47101,1.16232,1.25667,0.00220375,0.00220375,0.00220375
947,12559.6,1.35175,1.19357,1.21515,0.89074,0.67447,0.76899,0.48196,1.46918,1.15949,1.25466,0.0021955,0.0021955,0.0021955
948,12572.7,1.35724,1.19877,1.22257,0.8608,0.6842,0.76933,0.48134,1.4683,1.15904,1.25435,0.00218725,0.00218725,0.00218725
949,12585.8,1.35885,1.20698,1.20973,0.86232,0.68298,0.76957,0.4817,1.468,1.15753,1.25472,0.002179,0.002179,0.002179
950,12599,1.36869,1.19735,1.22005,0.89062,0.67566,0.77012,0.48195,1.46769,1.15652,1.2545,0.00217075,0.00217075,0.00217075
951,12612.1,1.36984,1.20422,1.22746,0.89059,0.67542,0.77033,0.4822,1.46743,1.1556,1.25451,0.0021625,0.0021625,0.0021625
952,12626,1.35888,1.19571,1.21965,0.88987,0.67447,0.77061,0.48276,1.46699,1.15535,1.25412,0.00215425,0.00215425,0.00215425
953,12640,1.37635,1.20945,1.23437,0.86357,0.68298,0.76978,0.48276,1.46806,1.15762,1.25488,0.002146,0.002146,0.002146
954,12652.9,1.34615,1.17316,1.21243,0.88527,0.67447,0.76987,0.48345,1.46729,1.15744,1.25447,0.00213775,0.00213775,0.00213775
955,12667.1,1.35396,1.18095,1.21432,0.86235,0.68298,0.7705,0.48373,1.46694,1.15691,1.2542,0.0021295,0.0021295,0.0021295
956,12681.2,1.34388,1.17405,1.21904,0.8654,0.68298,0.77074,0.48343,1.46696,1.15606,1.25427,0.00212125,0.00212125,0.00212125
957,12694.4,1.35469,1.19734,1.21399,0.86382,0.68298,0.77034,0.4832,1.46697,1.15596,1.2546,0.002113,0.002113,0.002113
958,12707.6,1.34282,1.21415,1.22401,0.86304,0.68379,0.77053,0.48295,1.46678,1.15546,1.25459,0.00210475,0.00210475,0.00210475
959,12720.9,1.32889,1.16883,1.21763,0.86304,0.68374,0.7712,0.48368,1.46668,1.15569,1.25482,0.0020965,0.0020965,0.0020965
960,12734.7,1.34073,1.16584,1.20614,0.88979,0.67234,0.77132,0.48411,1.46657,1.15542,1.25484,0.00208825,0.00208825,0.00208825
961,12748.6,1.34824,1.19125,1.20886,0.89016,0.67246,0.77119,0.48437,1.46625,1.15472,1.25467,0.00208,0.00208,0.00208
962,12762.3,1.33641,1.16035,1.20343,0.88951,0.67234,0.77089,0.48483,1.46596,1.15475,1.25433,0.00207175,0.00207175,0.00207175
963,12776.2,1.33134,1.17567,1.20871,0.88764,0.67236,0.77086,0.48479,1.46567,1.15438,1.25442,0.0020635,0.0020635,0.0020635
964,12789.7,1.38526,1.20117,1.21294,0.88808,0.67234,0.7709,0.48528,1.46535,1.1541,1.25415,0.00205525,0.00205525,0.00205525
965,12803.6,1.35304,1.22179,1.2142,0.88681,0.67234,0.77119,0.48624,1.46506,1.15352,1.25396,0.002047,0.002047,0.002047
966,12817.7,1.35773,1.19068,1.22863,0.88556,0.67234,0.77129,0.48631,1.46533,1.15265,1.25428,0.00203875,0.00203875,0.00203875
967,12831.8,1.34649,1.16861,1.21168,0.82879,0.71067,0.77159,0.48658,1.465,1.15185,1.25413,0.0020305,0.0020305,0.0020305
968,12845.6,1.33892,1.18304,1.20157,0.83318,0.71064,0.77147,0.48729,1.46509,1.15176,1.25431,0.00202225,0.00202225,0.00202225
969,12859.4,1.35837,1.19654,1.22053,0.83739,0.70851,0.77163,0.48717,1.46525,1.15096,1.25452,0.002014,0.002014,0.002014
970,12872.4,1.3278,1.17894,1.20879,0.84617,0.70221,0.77176,0.48659,1.46421,1.15114,1.25413,0.00200575,0.00200575,0.00200575
971,12885.5,1.32623,1.17772,1.20257,0.84875,0.70444,0.77349,0.48758,1.46368,1.14988,1.2539,0.0019975,0.0019975,0.0019975
972,12899.5,1.35071,1.19973,1.21413,0.84872,0.70424,0.77383,0.4885,1.46315,1.14882,1.25314,0.00198925,0.00198925,0.00198925
973,12913.4,1.35018,1.17672,1.2161,0.83981,0.70851,0.77209,0.4889,1.46158,1.14809,1.25204,0.001981,0.001981,0.001981
974,12927.2,1.37092,1.18878,1.22296,0.84144,0.70851,0.77327,0.48945,1.46144,1.14773,1.25178,0.00197275,0.00197275,0.00197275
975,12941.2,1.32778,1.1826,1.21127,0.84965,0.70426,0.77341,0.48911,1.46055,1.14771,1.25131,0.0019645,0.0019645,0.0019645
976,12954.4,1.32384,1.16913,1.19911,0.84305,0.70851,0.7736,0.48864,1.46103,1.14677,1.25092,0.00195625,0.00195625,0.00195625
977,12967.5,1.30958,1.14971,1.19687,0.85363,0.70426,0.774,0.48937,1.46046,1.14626,1.25056,0.001948,0.001948,0.001948
978,12980.7,1.3272,1.17153,1.20435,0.85533,0.70426,0.77354,0.4882,1.45992,1.1459,1.25013,0.00193975,0.00193975,0.00193975
979,12993.7,1.32905,1.13975,1.19461,0.85639,0.70426,0.77352,0.48866,1.45935,1.14549,1.24973,0.0019315,0.0019315,0.0019315
980,13006.9,1.31926,1.17907,1.20871,0.85987,0.70502,0.77421,0.48893,1.45857,1.14513,1.24885,0.00192325,0.00192325,0.00192325
981,13019.9,1.32772,1.17539,1.20599,0.85461,0.70851,0.77465,0.48921,1.45844,1.14469,1.24881,0.001915,0.001915,0.001915
982,13033,1.32914,1.16872,1.20276,0.85822,0.70834,0.77465,0.48983,1.45828,1.14356,1.24853,0.00190675,0.00190675,0.00190675
983,13046.7,1.32275,1.13995,1.20705,0.85801,0.70713,0.77486,0.48955,1.45769,1.14265,1.24842,0.0018985,0.0018985,0.0018985
984,13059.9,1.3407,1.17861,1.21198,0.85784,0.70614,0.77563,0.48971,1.45768,1.14261,1.24841,0.00189025,0.00189025,0.00189025
985,13072.9,1.32219,1.13226,1.19942,0.85559,0.70594,0.77561,0.48958,1.45692,1.14289,1.24786,0.001882,0.001882,0.001882
986,13086.2,1.33208,1.15762,1.19806,0.85638,0.70426,0.77571,0.48975,1.45698,1.14244,1.24759,0.00187375,0.00187375,0.00187375
987,13100.5,1.31671,1.17593,1.21184,0.85858,0.70638,0.77917,0.4911,1.45683,1.14212,1.24738,0.0018655,0.0018655,0.0018655
988,13114.4,1.32975,1.16724,1.19281,0.85876,0.71149,0.77946,0.49098,1.45639,1.14191,1.24718,0.00185725,0.00185725,0.00185725
989,13128,1.31365,1.15639,1.19609,0.85851,0.71003,0.77924,0.49135,1.4558,1.1416,1.24743,0.001849,0.001849,0.001849
990,13142.1,1.32045,1.1549,1.19706,0.86235,0.71064,0.77979,0.49218,1.45532,1.14168,1.24699,0.00184075,0.00184075,0.00184075
991,13156,1.33583,1.15704,1.19785,0.86617,0.7023,0.77991,0.49273,1.45538,1.14076,1.24766,0.0018325,0.0018325,0.0018325
992,13169.7,1.32374,1.14626,1.18779,0.8643,0.70469,0.77984,0.49182,1.45517,1.14044,1.24743,0.00182425,0.00182425,0.00182425
993,13182.6,1.32512,1.14478,1.20514,0.86211,0.70503,0.77972,0.49175,1.45521,1.14047,1.24752,0.001816,0.001816,0.001816
994,13195.5,1.34166,1.16258,1.20981,0.86121,0.70638,0.77979,0.49203,1.45482,1.13969,1.24712,0.00180775,0.00180775,0.00180775
995,13208.4,1.33684,1.16689,1.20663,0.86104,0.70638,0.77977,0.4929,1.45475,1.13956,1.24706,0.0017995,0.0017995,0.0017995
996,13222.1,1.33069,1.16026,1.20303,0.86179,0.70638,0.77982,0.49265,1.4541,1.13922,1.24671,0.00179125,0.00179125,0.00179125
997,13235.4,1.30713,1.1302,1.18395,0.86253,0.70752,0.77984,0.49363,1.45392,1.13869,1.24652,0.001783,0.001783,0.001783
998,13249.1,1.31807,1.14533,1.18127,0.86068,0.70638,0.78,0.49388,1.45366,1.13785,1.24627,0.00177475,0.00177475,0.00177475
999,13262.9,1.33841,1.16971,1.20365,0.86031,0.7076,0.78005,0.49328,1.45346,1.13781,1.24621,0.0017665,0.0017665,0.0017665
1000,13275.7,1.30768,1.12416,1.18836,0.85993,0.70638,0.78007,0.49311,1.45313,1.13719,1.24591,0.00175825,0.00175825,0.00175825
1001,13288.5,1.32898,1.13821,1.1808,0.85088,0.71277,0.7802,0.49302,1.45259,1.13656,1.24545,0.00175,0.00175,0.00175
1002,13301.5,1.32413,1.15134,1.18202,0.84873,0.71277,0.78022,0.493,1.45181,1.13598,1.24481,0.00174175,0.00174175,0.00174175
1003,13314.6,1.33826,1.17164,1.20049,0.85086,0.71277,0.78048,0.49313,1.45153,1.13561,1.24451,0.0017335,0.0017335,0.0017335
1004,13327.7,1.2814,1.1043,1.17687,0.85005,0.71277,0.78082,0.49288,1.45113,1.13521,1.24447,0.00172525,0.00172525,0.00172525
1005,13340.8,1.32754,1.16922,1.19812,0.84668,0.71064,0.7811,0.49345,1.45092,1.13467,1.24417,0.001717,0.001717,0.001717
1006,13353.6,1.30667,1.12857,1.18088,0.84778,0.71098,0.78115,0.49281,1.45069,1.13414,1.24426,0.00170875,0.00170875,0.00170875
1007,13366.7,1.2848,1.14117,1.18788,0.84762,0.70851,0.78117,0.49299,1.4501,1.13359,1.24417,0.0017005,0.0017005,0.0017005
1008,13379.9,1.30045,1.15196,1.19685,0.8437,0.70851,0.78101,0.49414,1.45025,1.13333,1.24426,0.00169225,0.00169225,0.00169225
1009,13393.7,1.32832,1.16197,1.19376,0.84441,0.70851,0.78124,0.495,1.44986,1.13215,1.24426,0.001684,0.001684,0.001684
1010,13407.6,1.29497,1.12071,1.17753,0.84543,0.70986,0.78142,0.49475,1.44932,1.13233,1.24432,0.00167575,0.00167575,0.00167575
1011,13420.8,1.28908,1.11298,1.17477,0.84551,0.71029,0.78172,0.4949,1.44938,1.13193,1.24394,0.0016675,0.0016675,0.0016675
1012,13433.9,1.27928,1.11793,1.16992,0.84531,0.70925,0.78193,0.49478,1.44913,1.13214,1.24381,0.00165925,0.00165925,0.00165925
1013,13446.9,1.27108,1.1201,1.18336,0.84803,0.71239,0.78326,0.49487,1.44859,1.13169,1.24374,0.001651,0.001651,0.001651
1014,13460.5,1.31308,1.14256,1.19546,0.84792,0.71175,0.78324,0.49463,1.44736,1.13132,1.24302,0.00164275,0.00164275,0.00164275
1015,13473.7,1.30714,1.1352,1.1852,0.84793,0.7118,0.7833,0.49526,1.44694,1.13081,1.24304,0.0016345,0.0016345,0.0016345
1016,13487.5,1.30922,1.14523,1.19136,0.84541,0.70978,0.78329,0.49573,1.44658,1.13036,1.24271,0.00162625,0.00162625,0.00162625
1017,13501.2,1.29269,1.15476,1.19174,0.84759,0.70996,0.78359,0.49509,1.44579,1.13014,1.24228,0.001618,0.001618,0.001618
1018,13514.1,1.31452,1.15505,1.19078,0.8501,0.71189,0.78393,0.49485,1.44464,1.12956,1.24159,0.00160975,0.00160975,0.00160975
1019,13527.1,1.32582,1.14706,1.19055,0.84982,0.71036,0.7841,0.49592,1.4446,1.12878,1.24156,0.0016015,0.0016015,0.0016015
1020,13540.7,1.29072,1.12821,1.1809,0.84977,0.71006,0.78445,0.49549,1.44403,1.12784,1.24099,0.00159325,0.00159325,0.00159325
1021,13553.9,1.26245,1.08117,1.17175,0.84974,0.70989,0.78457,0.49528,1.44384,1.12779,1.24082,0.001585,0.001585,0.001585
1022,13566.9,1.31025,1.15838,1.1917,0.84647,0.70851,0.78485,0.49576,1.4436,1.12718,1.24065,0.00157675,0.00157675,0.00157675
1023,13579.8,1.29624,1.11214,1.1807,0.84761,0.71008,0.7851,0.49638,1.44362,1.12641,1.24038,0.0015685,0.0015685,0.0015685
1024,13593.5,1.27264,1.12281,1.18606,0.88959,0.68085,0.78509,0.49537,1.44394,1.1255,1.24077,0.00156025,0.00156025,0.00156025
1025,13606.4,1.29003,1.12601,1.18573,0.88975,0.68085,0.78513,0.49542,1.44356,1.12545,1.24013,0.001552,0.001552,0.001552
1026,13619.6,1.2625,1.08351,1.17412,0.8899,0.68085,0.78502,0.49563,1.4435,1.12477,1.23997,0.00154375,0.00154375,0.00154375
1027,13632.6,1.30051,1.12784,1.18916,0.89001,0.68085,0.7851,0.49584,1.44297,1.12397,1.24008,0.0015355,0.0015355,0.0015355
1028,13645.5,1.29982,1.1183,1.18435,0.89207,0.68085,0.7855,0.49557,1.44246,1.12368,1.2398,0.00152725,0.00152725,0.00152725
1029,13658.3,1.29332,1.11858,1.18434,0.89202,0.68085,0.78507,0.49573,1.4423,1.12232,1.23962,0.001519,0.001519,0.001519
1030,13671.6,1.2721,1.10296,1.1816,0.84687,0.70851,0.78535,0.49549,1.44226,1.12209,1.2396,0.00151075,0.00151075,0.00151075
1031,13684.9,1.25814,1.07345,1.16198,0.85101,0.70851,0.78567,0.49576,1.44204,1.12105,1.23954,0.0015025,0.0015025,0.0015025
1032,13698.3,1.28343,1.11499,1.17479,0.84977,0.71005,0.78602,0.49669,1.44144,1.12131,1.23917,0.00149425,0.00149425,0.00149425
1033,13712.2,1.30648,1.12389,1.18862,0.84614,0.70851,0.78601,0.4965,1.44123,1.12068,1.23911,0.001486,0.001486,0.001486
1034,13725,1.30082,1.13753,1.1829,0.8476,0.71,0.7863,0.49653,1.44118,1.12028,1.23897,0.00147775,0.00147775,0.00147775
1035,13738.4,1.29814,1.13095,1.18269,0.85179,0.70851,0.78624,0.49673,1.44087,1.11985,1.23889,0.0014695,0.0014695,0.0014695
1036,13752.3,1.28347,1.11268,1.18559,0.84572,0.71147,0.78644,0.49669,1.44074,1.12017,1.23852,0.00146125,0.00146125,0.00146125
1037,13765.1,1.29135,1.1364,1.17764,0.84615,0.71381,0.78648,0.49669,1.44058,1.11958,1.23818,0.001453,0.001453,0.001453
1038,13778.3,1.32204,1.15385,1.19691,0.84613,0.71372,0.78685,0.49734,1.44081,1.1189,1.23824,0.00144475,0.00144475,0.00144475
1039,13792.2,1.26049,1.0991,1.16777,0.84572,0.71146,0.78676,0.49787,1.43947,1.11959,1.23726,0.0014365,0.0014365,0.0014365
1040,13806.1,1.30609,1.16227,1.2091,0.84542,0.70981,0.78668,0.49744,1.43915,1.11916,1.23701,0.00142825,0.00142825,0.00142825
1041,13819.4,1.28498,1.118,1.17251,0.84558,0.71069,0.78679,0.49794,1.43881,1.11881,1.23685,0.00142,0.00142,0.00142
1042,13833.1,1.27048,1.13442,1.18619,0.84553,0.71042,0.78687,0.4978,1.439,1.11841,1.2369,0.00141175,0.00141175,0.00141175
1043,13846.1,1.27833,1.12264,1.17908,0.84321,0.70941,0.78551,0.49766,1.43882,1.11828,1.23684,0.0014035,0.0014035,0.0014035
1044,13859.2,1.27284,1.1135,1.18514,0.84542,0.70982,0.78568,0.49771,1.43857,1.11798,1.2369,0.00139525,0.00139525,0.00139525
1045,13872.4,1.26272,1.10444,1.18717,0.84539,0.70966,0.78555,0.49757,1.43869,1.1173,1.23663,0.001387,0.001387,0.001387
1046,13885.3,1.29514,1.10942,1.18072,0.84539,0.70967,0.78545,0.49793,1.43861,1.11714,1.23661,0.00137875,0.00137875,0.00137875
1047,13898.5,1.29633,1.11111,1.18196,0.84547,0.71009,0.78536,0.49748,1.43888,1.11623,1.23664,0.0013705,0.0013705,0.0013705
1048,13911.6,1.28133,1.08798,1.16735,0.84546,0.71005,0.78539,0.4971,1.43833,1.11617,1.23662,0.00136225,0.00136225,0.00136225
1049,13925.1,1.28779,1.11387,1.17865,0.84559,0.71073,0.78541,0.49764,1.43802,1.11626,1.23654,0.001354,0.001354,0.001354
1050,13938.6,1.25901,1.09543,1.1754,0.84567,0.71119,0.78529,0.49747,1.43801,1.11586,1.23658,0.00134575,0.00134575,0.00134575
1051,13952.2,1.27827,1.10763,1.1765,0.84565,0.71108,0.78511,0.49775,1.43795,1.11529,1.23652,0.0013375,0.0013375,0.0013375
1052,13964.8,1.26902,1.09507,1.17079,0.84568,0.71126,0.78533,0.49814,1.43739,1.11519,1.23636,0.00132925,0.00132925,0.00132925
1053,13978.5,1.27716,1.08786,1.17909,0.84533,0.70936,0.78529,0.49818,1.43766,1.11399,1.23631,0.001321,0.001321,0.001321
1054,13992.1,1.28579,1.10576,1.18089,0.84735,0.71064,0.78545,0.498,1.43759,1.11359,1.23636,0.00131275,0.00131275,0.00131275
1055,14005,1.29246,1.12611,1.18335,0.84776,0.71088,0.7856,0.49885,1.43719,1.11332,1.23614,0.0013045,0.0013045,0.0013045
1056,14018.5,1.30531,1.1328,1.19545,0.84763,0.71064,0.78554,0.49829,1.43675,1.11309,1.2358,0.00129625,0.00129625,0.00129625
1057,14031.6,1.26247,1.09562,1.17536,0.84693,0.71064,0.78559,0.49931,1.43668,1.11233,1.23575,0.001288,0.001288,0.001288
1058,14045.3,1.29616,1.11248,1.16692,0.84797,0.71205,0.78582,0.49831,1.43642,1.11169,1.23573,0.00127975,0.00127975,0.00127975
1059,14058.3,1.22433,1.034,1.15303,0.84816,0.71309,0.78674,0.49929,1.43654,1.11124,1.23574,0.0012715,0.0012715,0.0012715
1060,14072,1.26059,1.0768,1.16295,0.84733,0.70851,0.78669,0.49977,1.43675,1.11084,1.23594,0.00126325,0.00126325,0.00126325
1061,14085.6,1.24809,1.09931,1.16193,0.84769,0.71048,0.78643,0.50004,1.43631,1.11077,1.23578,0.001255,0.001255,0.001255
1062,14099.3,1.22752,1.07887,1.16896,0.84996,0.71114,0.78594,0.49959,1.43617,1.11011,1.23552,0.00124675,0.00124675,0.00124675
1063,14112.3,1.27548,1.09579,1.16976,0.84995,0.7111,0.78724,0.50053,1.43573,1.10963,1.23524,0.0012385,0.0012385,0.0012385
1064,14125.9,1.25448,1.08497,1.16717,0.84996,0.71111,0.78704,0.50059,1.43537,1.1094,1.23498,0.00123025,0.00123025,0.00123025
1065,14139.6,1.24574,1.08963,1.1688,0.85238,0.71256,0.78762,0.50094,1.43473,1.1089,1.2347,0.001222,0.001222,0.001222
1066,14153.3,1.25875,1.08743,1.16058,0.85063,0.71488,0.78811,0.50031,1.43424,1.10805,1.23444,0.00121375,0.00121375,0.00121375
1067,14166.4,1.25722,1.06483,1.15468,0.8506,0.7147,0.78814,0.49989,1.43384,1.10785,1.23423,0.0012055,0.0012055,0.0012055
1068,14179.5,1.27762,1.11089,1.16837,0.85072,0.71537,0.78817,0.50016,1.43353,1.10712,1.2339,0.00119725,0.00119725,0.00119725
1069,14192.5,1.28117,1.09905,1.15423,0.85277,0.71478,0.78836,0.4999,1.43324,1.10663,1.2337,0.001189,0.001189,0.001189
1070,14205.6,1.30093,1.11645,1.17831,0.85277,0.71476,0.78866,0.50011,1.43289,1.10623,1.23336,0.00118075,0.00118075,0.00118075
1071,14218.7,1.25515,1.09416,1.17692,0.85052,0.71425,0.78859,0.50065,1.43293,1.10604,1.2333,0.0011725,0.0011725,0.0011725
1072,14231.9,1.2842,1.11681,1.16262,0.8505,0.71414,0.78863,0.50138,1.43259,1.10599,1.23301,0.00116425,0.00116425,0.00116425
1073,14245.8,1.25224,1.0779,1.16927,0.84949,0.71277,0.78864,0.50127,1.43227,1.10554,1.23292,0.001156,0.001156,0.001156
1074,14259.1,1.24648,1.07895,1.16164,0.85267,0.71277,0.78869,0.50224,1.43206,1.10514,1.23288,0.00114775,0.00114775,0.00114775
1075,14273.1,1.24897,1.07249,1.15715,0.85454,0.70851,0.7889,0.50248,1.43164,1.10502,1.23272,0.0011395,0.0011395,0.0011395
1076,14287,1.2866,1.10594,1.17782,0.8541,0.70851,0.78887,0.5012,1.4314,1.10466,1.23268,0.00113125,0.00113125,0.00113125
1077,14300.2,1.26441,1.08823,1.17081,0.85608,0.70873,0.78919,0.50277,1.43136,1.10434,1.23243,0.001123,0.001123,0.001123
1078,14314,1.26314,1.07878,1.16307,0.85747,0.70851,0.7894,0.50171,1.4312,1.1039,1.23235,0.00111475,0.00111475,0.00111475
1079,14327,1.24033,1.09002,1.16616,0.8583,0.70879,0.78979,0.5013,1.43097,1.10373,1.23212,0.0011065,0.0011065,0.0011065
1080,14340.3,1.28544,1.10495,1.17429,0.86159,0.71064,0.78981,0.50243,1.43087,1.10324,1.23189,0.00109825,0.00109825,0.00109825
1081,14353.2,1.25625,1.10237,1.17156,0.86109,0.71221,0.78995,0.50259,1.43086,1.10308,1.23185,0.00109,0.00109,0.00109
1082,14366.7,1.28435,1.12375,1.16764,0.86292,0.70988,0.78987,0.5028,1.43026,1.10223,1.23143,0.00108175,0.00108175,0.00108175
1083,14380.7,1.25326,1.0905,1.15212,0.86113,0.71277,0.78966,0.50346,1.42986,1.10229,1.23114,0.0010735,0.0010735,0.0010735
1084,14394.7,1.2296,1.0516,1.14669,0.86179,0.71277,0.78965,0.50287,1.42911,1.10211,1.23063,0.00106525,0.00106525,0.00106525
1085,14407.9,1.21864,1.05098,1.15718,0.86336,0.71252,0.78965,0.50358,1.4289,1.10208,1.23042,0.001057,0.001057,0.001057
1086,14421.8,1.24179,1.0536,1.15137,0.86494,0.71064,0.78966,0.50261,1.42863,1.1019,1.23031,0.00104875,0.00104875,0.00104875
1087,14434.7,1.26259,1.09087,1.16751,0.85951,0.71594,0.79017,0.50298,1.42836,1.10182,1.23008,0.0010405,0.0010405,0.0010405
1088,14447.8,1.24548,1.06982,1.15146,0.86537,0.71277,0.78976,0.50327,1.42808,1.10138,1.22989,0.00103225,0.00103225,0.00103225
1089,14460.8,1.24105,1.06676,1.1495,0.85949,0.71584,0.79009,0.50342,1.4277,1.10118,1.22963,0.001024,0.001024,0.001024
1090,14473.9,1.25666,1.07877,1.17204,0.85952,0.71597,0.79111,0.50307,1.42748,1.10105,1.22933,0.00101575,0.00101575,0.00101575
1091,14487,1.25969,1.07507,1.1641,0.85937,0.7151,0.79114,0.50353,1.42721,1.10078,1.22926,0.0010075,0.0010075,0.0010075
1092,14500.9,1.23878,1.04445,1.14364,0.85954,0.71609,0.79099,0.50379,1.42678,1.10011,1.22906,0.00099925,0.00099925,0.00099925
1093,14514.8,1.2756,1.08888,1.15494,0.85953,0.71605,0.7911,0.50471,1.42686,1.10028,1.22895,0.000991,0.000991,0.000991
1094,14528.7,1.24798,1.0613,1.1586,0.85951,0.71594,0.79104,0.50387,1.42662,1.09977,1.22897,0.00098275,0.00098275,0.00098275
1095,14541.9,1.24659,1.07354,1.15898,0.8595,0.71587,0.79097,0.50376,1.42682,1.09991,1.22887,0.0009745,0.0009745,0.0009745
1096,14555,1.23359,1.06705,1.14838,0.85953,0.71607,0.79111,0.5038,1.4264,1.09957,1.22848,0.00096625,0.00096625,0.00096625
1097,14568.2,1.22897,1.06294,1.1561,0.86121,0.71489,0.7911,0.50383,1.42621,1.09951,1.22838,0.000958,0.000958,0.000958
1098,14581.1,1.25157,1.05547,1.15514,0.86594,0.71277,0.79101,0.50389,1.42614,1.09949,1.22819,0.00094975,0.00094975,0.00094975
1099,14594.1,1.22693,1.04165,1.14811,0.85957,0.71628,0.79128,0.50306,1.42611,1.09906,1.22804,0.0009415,0.0009415,0.0009415
1100,14607.3,1.24851,1.08037,1.1533,0.86233,0.71489,0.79124,0.50456,1.42604,1.09816,1.22805,0.00093325,0.00093325,0.00093325
1101,14620.4,1.22063,1.06723,1.14514,0.85589,0.72026,0.79129,0.50404,1.42582,1.09773,1.22801,0.000925,0.000925,0.000925
1102,14633.6,1.23983,1.05555,1.14468,0.85186,0.72187,0.79132,0.50391,1.42578,1.09762,1.2278,0.00091675,0.00091675,0.00091675
1103,14646.8,1.21751,1.06897,1.15837,0.8589,0.71702,0.79103,0.50451,1.42559,1.09733,1.22736,0.0009085,0.0009085,0.0009085
1104,14659.7,1.22466,1.05,1.15265,0.85593,0.71702,0.79086,0.50488,1.42527,1.09715,1.22708,0.00090025,0.00090025,0.00090025
1105,14673.7,1.22293,1.05308,1.1498,0.86002,0.71899,0.79121,0.50424,1.42508,1.09704,1.22692,0.000892,0.000892,0.000892
1106,14687.1,1.19592,1.02598,1.13173,0.85477,0.71915,0.79098,0.50482,1.42506,1.09666,1.22684,0.00088375,0.00088375,0.00088375
1107,14700.2,1.23991,1.0796,1.15868,0.85461,0.71915,0.79109,0.50484,1.42474,1.09592,1.22654,0.0008755,0.0008755,0.0008755
1108,14713.1,1.23108,1.06046,1.1616,0.86819,0.7147,0.7913,0.50503,1.42433,1.09575,1.22619,0.00086725,0.00086725,0.00086725
1109,14726.6,1.25451,1.08483,1.14811,0.86644,0.71489,0.79134,0.50486,1.42428,1.09563,1.2259,0.000859,0.000859,0.000859
1110,14739.9,1.21967,1.06449,1.14186,0.85418,0.71915,0.79135,0.50512,1.42419,1.09537,1.22575,0.00085075,0.00085075,0.00085075
1111,14753.9,1.23034,1.04635,1.15193,0.86686,0.71489,0.7913,0.50505,1.42392,1.09485,1.22559,0.0008425,0.0008425,0.0008425
1112,14767,1.25344,1.0909,1.16073,0.85417,0.71915,0.7914,0.5048,1.42389,1.09486,1.22546,0.00083425,0.00083425,0.00083425
1113,14780.4,1.22963,1.07805,1.157,0.86818,0.71468,0.79168,0.50517,1.42355,1.09394,1.22521,0.000826,0.000826,0.000826
1114,14793.3,1.21498,1.03529,1.15079,0.85477,0.71915,0.79166,0.50518,1.42329,1.09362,1.22492,0.00081775,0.00081775,0.00081775
1115,14806.9,1.24036,1.06284,1.1457,0.85635,0.71915,0.79189,0.50549,1.42311,1.09304,1.22469,0.0008095,0.0008095,0.0008095
1116,14820.9,1.21879,1.03642,1.13942,0.86606,0.71277,0.79186,0.50535,1.42302,1.09271,1.22462,0.00080125,0.00080125,0.00080125
1117,14834.2,1.25841,1.08545,1.16248,0.86634,0.71277,0.79197,0.50571,1.42228,1.08985,1.22348,0.000793,0.000793,0.000793
1118,14848.2,1.21933,1.04016,1.1504,0.86628,0.71277,0.79285,0.50556,1.42218,1.08977,1.2232,0.00078475,0.00078475,0.00078475
1119,14861.3,1.23126,1.05387,1.15159,0.86565,0.7129,0.7922,0.50637,1.42204,1.08972,1.22316,0.0007765,0.0007765,0.0007765
1120,14875.1,1.22438,1.05431,1.14877,0.86589,0.71433,0.79232,0.50645,1.4219,1.08953,1.22305,0.00076825,0.00076825,0.00076825
1121,14888.8,1.24262,1.04836,1.14759,0.86588,0.71429,0.79298,0.50602,1.42175,1.08897,1.22294,0.00076,0.00076,0.00076
1122,14902,1.24354,1.061,1.14514,0.86598,0.71489,0.79234,0.50699,1.42143,1.08835,1.22263,0.00075175,0.00075175,0.00075175
1123,14915.8,1.26072,1.0743,1.161,0.86585,0.71413,0.79325,0.50722,1.42121,1.08804,1.22249,0.0007435,0.0007435,0.0007435
1124,14929.6,1.21404,1.02741,1.14123,0.86581,0.71383,0.79327,0.50753,1.42084,1.08765,1.22225,0.00073525,0.00073525,0.00073525
1125,14943.6,1.22074,1.0304,1.13182,0.86567,0.71299,0.7928,0.50767,1.42072,1.08741,1.22223,0.000727,0.000727,0.000727
1126,14957.3,1.18894,1.0179,1.13585,0.86574,0.71344,0.79323,0.50773,1.4207,1.08714,1.22202,0.00071875,0.00071875,0.00071875
1127,14970.9,1.21897,1.05316,1.15514,0.86583,0.714,0.79346,0.50759,1.42045,1.08672,1.22191,0.0007105,0.0007105,0.0007105
1128,14984.1,1.21601,1.04545,1.14784,0.86628,0.71277,0.79346,0.50768,1.42017,1.08617,1.22145,0.00070225,0.00070225,0.00070225
1129,14997.4,1.2251,1.04158,1.14412,0.86518,0.71277,0.79372,0.50798,1.41979,1.08583,1.22157,0.000694,0.000694,0.000694
1130,15011.6,1.24209,1.05842,1.14842,0.86396,0.71277,0.79382,0.50784,1.41953,1.08548,1.22133,0.00068575,0.00068575,0.00068575
1131,15024.8,1.22292,1.05623,1.14605,0.86493,0.71277,0.79379,0.508,1.41941,1.08504,1.22114,0.0006775,0.0006775,0.0006775
1132,15038.9,1.22361,1.06356,1.14692,0.86492,0.71277,0.79376,0.50802,1.41915,1.08489,1.22072,0.00066925,0.00066925,0.00066925
1133,15052.5,1.25809,1.08681,1.16179,0.86796,0.71277,0.79384,0.50811,1.41884,1.08419,1.22075,0.000661,0.000661,0.000661
1134,15066.3,1.21166,1.0517,1.14748,0.86803,0.71277,0.79392,0.50822,1.41876,1.08361,1.22071,0.00065275,0.00065275,0.00065275
1135,15080.3,1.21457,1.06125,1.14445,0.86585,0.71277,0.79409,0.50874,1.41879,1.08342,1.22058,0.0006445,0.0006445,0.0006445
1136,15094.4,1.20793,1.046,1.14782,0.86803,0.71277,0.79394,0.50866,1.41855,1.08297,1.22044,0.00063625,0.00063625,0.00063625
1137,15107.6,1.20394,1.03832,1.1373,0.86874,0.71277,0.79414,0.50843,1.41839,1.0826,1.22038,0.000628,0.000628,0.000628
1138,15120.6,1.23456,1.05876,1.15414,0.87068,0.71277,0.79447,0.50868,1.41825,1.08198,1.22009,0.00061975,0.00061975,0.00061975
1139,15133.7,1.20005,1.03467,1.14509,0.87077,0.71277,0.79448,0.50889,1.41815,1.08131,1.21999,0.0006115,0.0006115,0.0006115
1140,15147.5,1.23167,1.0575,1.15155,0.87074,0.71277,0.79449,0.50907,1.41792,1.08111,1.21989,0.00060325,0.00060325,0.00060325
1141,15161.2,1.23579,1.06534,1.13785,0.8703,0.71277,0.79457,0.50907,1.41743,1.08084,1.2198,0.000595,0.000595,0.000595
1142,15174.9,1.22652,1.05501,1.1397,0.87057,0.71277,0.79477,0.50919,1.41754,1.08048,1.21982,0.00058675,0.00058675,0.00058675
1143,15188.6,1.20883,1.03201,1.13524,0.87042,0.71277,0.79459,0.50916,1.41723,1.0804,1.21954,0.0005785,0.0005785,0.0005785
1144,15201.6,1.20257,1.03135,1.14087,0.87053,0.71277,0.79495,0.50941,1.41725,1.07922,1.22007,0.00057025,0.00057025,0.00057025
1145,15215.2,1.16688,1.00628,1.13627,0.87038,0.71277,0.79493,0.50934,1.41676,1.0793,1.21928,0.000562,0.000562,0.000562
1146,15228.5,1.19798,1.01499,1.13706,0.86998,0.71277,0.79492,0.50978,1.41661,1.07898,1.21909,0.00055375,0.00055375,0.00055375
1147,15242.5,1.21574,1.04242,1.14784,0.87014,0.71281,0.79591,0.51002,1.4164,1.07902,1.21899,0.0005455,0.0005455,0.0005455
1148,15256.2,1.23018,1.04035,1.13553,0.86935,0.71277,0.79575,0.5096,1.4162,1.07882,1.21896,0.00053725,0.00053725,0.00053725
1149,15269.4,1.18828,1.00597,1.12905,0.87015,0.71292,0.7959,0.50974,1.41591,1.0783,1.21882,0.000529,0.000529,0.000529
1150,15282.5,1.20287,1.03193,1.14346,0.86916,0.71277,0.7959,0.5101,1.41602,1.07721,1.21936,0.00052075,0.00052075,0.00052075
1151,15296.4,1.20128,1.03193,1.14019,0.86839,0.71277,0.79605,0.51019,1.41597,1.07628,1.21895,0.0005125,0.0005125,0.0005125
1152,15310.4,1.18693,0.98392,1.12006,0.85999,0.73191,0.79606,0.51009,1.41551,1.0765,1.21886,0.00050425,0.00050425,0.00050425
1153,15323.9,1.20327,1.01947,1.12504,0.86235,0.73191,0.79603,0.50971,1.41547,1.07571,1.21877,0.000496,0.000496,0.000496
1154,15337,1.21044,1.05071,1.14016,0.86251,0.73191,0.7961,0.51006,1.41544,1.07551,1.2187,0.00048775,0.00048775,0.00048775
1155,15350.2,1.20822,1.0406,1.13153,0.86196,0.73191,0.79612,0.50996,1.41458,1.07522,1.21833,0.0004795,0.0004795,0.0004795
1156,15363.2,1.20826,1.02876,1.13009,0.86266,0.73191,0.79607,0.51041,1.41469,1.07438,1.21814,0.00047125,0.00047125,0.00047125
1157,15377.1,1.20854,1.03344,1.12731,0.86239,0.73191,0.7963,0.51009,1.41462,1.07443,1.21797,0.000463,0.000463,0.000463
1158,15390.5,1.17085,1.00476,1.13109,0.86252,0.73191,0.79616,0.50987,1.4143,1.07434,1.218,0.00045475,0.00045475,0.00045475
1159,15403.7,1.18347,1.03902,1.14513,0.86322,0.73191,0.79638,0.51027,1.41424,1.07379,1.21756,0.0004465,0.0004465,0.0004465
1160,15417,1.18955,1.02037,1.12527,0.86235,0.73191,0.79644,0.51024,1.41377,1.07338,1.21736,0.00043825,0.00043825,0.00043825
1161,15430.4,1.21444,1.05165,1.14166,0.86265,0.73191,0.7965,0.5104,1.41385,1.07314,1.21727,0.00043,0.00043,0.00043
1162,15444,1.18267,1.00042,1.13106,0.86124,0.73191,0.79664,0.50982,1.41357,1.07276,1.21707,0.00042175,0.00042175,0.00042175
1163,15457.1,1.22292,1.05731,1.14403,0.8592,0.73191,0.79665,0.50992,1.41333,1.07245,1.21735,0.0004135,0.0004135,0.0004135
1164,15469.8,1.20259,1.03046,1.13187,0.86358,0.73191,0.79723,0.5101,1.41325,1.07206,1.21688,0.00040525,0.00040525,0.00040525
1165,15483,1.19271,1.02832,1.1414,0.86392,0.73191,0.79714,0.5099,1.41316,1.07174,1.21668,0.000397,0.000397,0.000397
1166,15496,1.17008,1.01249,1.13106,0.86165,0.73191,0.797,0.51031,1.41309,1.07158,1.21657,0.00038875,0.00038875,0.00038875
1167,15509,1.20388,1.03085,1.13102,0.8638,0.73191,0.79715,0.51015,1.41261,1.07119,1.2162,0.0003805,0.0003805,0.0003805
1168,15522,1.19269,1.01901,1.1233,0.86356,0.73191,0.79711,0.50998,1.41273,1.07138,1.21633,0.00037225,0.00037225,0.00037225
1169,15535.1,1.20835,1.04456,1.14673,0.86309,0.73191,0.79726,0.50997,1.41238,1.07095,1.2161,0.000364,0.000364,0.000364
1170,15548.3,1.20396,1.0231,1.12634,0.8634,0.73191,0.79721,0.50992,1.41209,1.07056,1.21581,0.00035575,0.00035575,0.00035575
1171,15561.3,1.18147,1.00556,1.12461,0.86311,0.73191,0.79724,0.51008,1.41184,1.07043,1.2157,0.0003475,0.0003475,0.0003475
1172,15574.4,1.19126,1.02096,1.13273,0.86239,0.73191,0.79731,0.5101,1.41147,1.07001,1.21544,0.00033925,0.00033925,0.00033925
1173,15587.7,1.20045,1.0213,1.12641,0.86238,0.73191,0.79753,0.51017,1.4114,1.06994,1.21538,0.000331,0.000331,0.000331
1174,15600.8,1.1963,1.02498,1.1361,0.86102,0.73191,0.79756,0.51049,1.41088,1.06957,1.21508,0.00032275,0.00032275,0.00032275
1175,15614.5,1.23307,1.06363,1.1368,0.8614,0.73191,0.79752,0.50983,1.41067,1.06915,1.21495,0.0003145,0.0003145,0.0003145
1176,15627.6,1.21467,1.0353,1.13309,0.86133,0.73191,0.79766,0.51066,1.41082,1.06853,1.21536,0.00030625,0.00030625,0.00030625
1177,15641.4,1.1554,0.99642,1.12241,0.86083,0.73191,0.79748,0.51039,1.41081,1.06894,1.21551,0.000298,0.000298,0.000298
1178,15654.6,1.19578,1.03554,1.13002,0.86109,0.73191,0.79753,0.511,1.41004,1.06896,1.21472,0.00028975,0.00028975,0.00028975
1179,15668.6,1.17955,1.00968,1.13035,0.85908,0.73191,0.79766,0.5107,1.41,1.06863,1.21527,0.0002815,0.0002815,0.0002815
1180,15681.8,1.17243,1.00759,1.13058,0.85913,0.73191,0.79765,0.51115,1.40997,1.06824,1.21502,0.00027325,0.00027325,0.00027325
1181,15695.8,1.21571,1.05408,1.14134,0.85993,0.73191,0.79765,0.51137,1.40989,1.06856,1.21441,0.000265,0.000265,0.000265
1182,15709.8,1.1879,1.02922,1.13027,0.85894,0.73191,0.79777,0.51082,1.40979,1.06817,1.21481,0.00025675,0.00025675,0.00025675
1183,15723,1.21406,1.0367,1.14843,0.85968,0.73191,0.79791,0.51086,1.40924,1.06806,1.21406,0.0002485,0.0002485,0.0002485
1184,15736.3,1.16894,1.00158,1.12304,0.85981,0.73191,0.79783,0.51049,1.4093,1.06818,1.21406,0.00024025,0.00024025,0.00024025
1185,15749.4,1.19697,1.03547,1.14016,0.85962,0.73191,0.79819,0.51054,1.40922,1.06797,1.21399,0.000232,0.000232,0.000232
1186,15762.6,1.18798,1.02406,1.13047,0.85999,0.73187,0.79799,0.5103,1.40888,1.06737,1.2138,0.00022375,0.00022375,0.00022375
1187,15776,1.18933,1.02646,1.12022,0.85967,0.7299,0.79814,0.51063,1.40922,1.067,1.21427,0.0002155,0.0002155,0.0002155
1188,15789.4,1.186,1.0089,1.12975,0.85976,0.73049,0.79823,0.51133,1.40894,1.06658,1.2142,0.00020725,0.00020725,0.00020725
1189,15803.5,1.20053,1.01595,1.12578,0.85968,0.72998,0.79843,0.511,1.40884,1.06616,1.21413,0.000199,0.000199,0.000199
1190,15817.1,1.16306,0.99696,1.11264,0.8599,0.73128,0.79833,0.51133,1.40843,1.06586,1.21394,0.00019075,0.00019075,0.00019075
1191,15832.8,1.25322,0.87193,1.09245,0.85982,0.73082,0.79869,0.51145,1.40829,1.06533,1.21381,0.0001825,0.0001825,0.0001825
1192,15846.5,1.201,0.81594,1.0333,0.85993,0.7315,0.79909,0.51184,1.40788,1.06517,1.21363,0.00017425,0.00017425,0.00017425
1193,15860.8,1.18547,0.81472,1.0355,0.85962,0.73191,0.79858,0.51182,1.40767,1.06547,1.21287,0.000166,0.000166,0.000166
1194,15874.4,1.1764,0.79992,1.03907,0.85987,0.7311,0.79896,0.51213,1.40786,1.0656,1.21337,0.00015775,0.00015775,0.00015775
1195,15888.5,1.14778,0.78708,1.0233,0.8588,0.73191,0.79897,0.51222,1.40762,1.06502,1.21332,0.0001495,0.0001495,0.0001495
1196,15902.5,1.15446,0.77656,1.00236,0.85984,0.73095,0.79896,0.51235,1.40694,1.06561,1.2124,0.00014125,0.00014125,0.00014125
1197,15916.1,1.13753,0.76554,0.999,0.85789,0.73191,0.799,0.51226,1.40685,1.06556,1.2122,0.000133,0.000133,0.000133
1198,15929.2,1.13634,0.7748,1.01478,0.85946,0.72766,0.79863,0.51217,1.40716,1.06524,1.21269,0.00012475,0.00012475,0.00012475
1199,15942.1,1.12651,0.76296,1.00898,0.85686,0.73191,0.79868,0.51176,1.40666,1.06568,1.21238,0.0001165,0.0001165,0.0001165
1200,15955.1,1.11865,0.74817,0.99812,0.85988,0.73191,0.79887,0.51175,1.40628,1.06541,1.21145,0.00010825,0.00010825,0.00010825
