epoch,time,train/box_loss,train/cls_loss,train/dfl_loss,metrics/precision(B),metrics/recall(B),metrics/mAP50(B),metrics/mAP50-95(B),val/box_loss,val/cls_loss,val/dfl_loss,lr/pg0,lr/pg1,lr/pg2
1,10.9246,5.83964,10.032,4.22141,1e-05,0.00213,1e-05,0,6.30243,11.4595,4.16459,0.00327778,0.00327778,0.00327778
2,20.2733,5.77431,6.58029,4.11222,1e-05,0.00213,1e-05,0,6.27944,6.81927,4.09139,0.00660566,0.00660566,0.00660566
3,29.5758,5.29175,4.94368,3.55884,1e-05,0.00213,1e-05,0,5.24933,5.56021,6.25265,0.00992804,0.00992804,0.00992804
4,39.7284,4.43153,4.54373,2.98847,1e-05,0.00213,1e-05,0,4.74965,10.0178,6.88743,0.00997525,0.00997525,0.00997525
5,49.8805,4.09179,4.47847,2.67496,0.00049,0.05957,0.00027,6e-05,4.48189,5.03915,2.78103,0.009967,0.009967,0.009967
6,58.9776,3.93864,4.4851,2.51113,0.00037,0.00638,0.00019,4e-05,4.10255,4.9618,2.43311,0.00995875,0.00995875,0.00995875
7,67.8272,3.91548,4.47869,2.52238,0.00018,0.00213,9e-05,3e-05,4.22505,4.85758,2.21761,0.0099505,0.0099505,0.0099505
8,76.5508,3.82196,4.48855,2.4982,0.0007,0.00426,0.00036,5e-05,4.36914,5.20401,2.84427,0.00994225,0.00994225,0.00994225
9,86.8152,3.74227,4.42731,2.59096,0.00092,0.01915,0.00069,0.00012,4.08084,4.77172,2.31171,0.009934,0.009934,0.009934
10,95.9045,3.64866,4.41834,2.56681,0.001,0.07234,0.00064,0.00015,4.04598,4.64086,2.29664,0.00992575,0.00992575,0.00992575
11,104.82,3.63584,4.41226,2.58338,0.001,0.07234,0.00064,0.00015,3.9898,6.07926,2.24028,0.0099175,0.0099175,0.0099175
12,114.146,3.55913,4.38831,2.56442,0.00147,0.09574,0.001,0.00024,3.69395,4.55319,2.23984,0.00990925,0.00990925,0.00990925
13,123.921,3.54222,4.39661,2.5633,0.00175,0.23191,0.00182,0.00043,3.52131,4.3895,2.22655,0.009901,0.009901,0.009901
14,133.122,3.51642,4.3625,2.56962,0.0017,0.25319,0.00146,0.00033,3.51892,4.52446,2.2907,0.00989275,0.00989275,0.00989275
15,142.142,3.50166,4.35566,2.51881,0.00144,0.20426,0.00124,0.00029,3.60029,4.49593,2.41847,0.0098845,0.0098845,0.0098845
16,151.081,3.48535,4.37023,2.508,0.00167,0.25106,0.00127,0.00033,3.51416,4.46625,2.22661,0.00987625,0.00987625,0.00987625
17,160.907,3.454,4.36483,2.50141,0.0017,0.25532,0.00149,0.00036,3.5268,4.49885,2.24505,0.009868,0.009868,0.009868
18,169.841,3.42137,4.31156,2.49379,0.00159,0.23191,0.00138,0.00035,3.48665,4.44411,2.16469,0.00985975,0.00985975,0.00985975
19,178.853,3.4214,4.3512,2.46315,0.00175,0.26596,0.00149,0.00034,3.43739,4.45513,2.19906,0.0098515,0.0098515,0.0098515
20,187.988,3.34951,4.28842,2.46339,0.00192,0.28723,0.0018,0.00046,3.48484,4.40514,2.15399,0.00984325,0.00984325,0.00984325
21,197.129,3.36035,4.30127,2.43704,0.00174,0.26383,0.00141,0.00035,3.43569,4.45442,2.15234,0.009835,0.009835,0.009835
22,206.145,3.36521,4.29279,2.44524,0.0018,0.27447,0.00199,0.00056,3.47296,4.46596,2.1988,0.00982675,0.00982675,0.00982675
23,215.661,3.3157,4.2575,2.40977,0.00186,0.28298,0.00181,0.00047,3.39521,4.50775,2.17161,0.0098185,0.0098185,0.0098185
24,224.604,3.35984,4.27968,2.44627,0.00189,0.28085,0.00183,0.00043,3.44857,4.36396,2.20101,0.00981025,0.00981025,0.00981025
25,233.587,3.31888,4.26413,2.41496,0.00192,0.2766,0.00158,0.00042,3.39528,4.37143,2.13366,0.009802,0.009802,0.009802
26,242.581,3.34135,4.22632,2.43591,0.00179,0.27021,0.00155,0.00034,3.45107,4.3875,2.18231,0.00979375,0.00979375,0.00979375
27,251.597,3.33293,4.23331,2.4415,0.00184,0.2766,0.00234,0.00071,3.48385,4.42638,2.22969,0.0097855,0.0097855,0.0097855
28,260.821,3.36979,4.26829,2.44441,0.0017,0.25957,0.00132,0.00033,3.47559,4.45951,2.21757,0.00977725,0.00977725,0.00977725
29,269.743,3.33446,4.27564,2.43753,0.00201,0.28936,0.00154,0.00039,3.38062,4.35903,2.18226,0.009769,0.009769,0.009769
30,278.801,3.31404,4.21965,2.42185,0.00162,0.24681,0.00142,0.00035,3.44123,4.41058,2.24304,0.00976075,0.00976075,0.00976075
31,287.702,3.33026,4.22875,2.41326,0.00174,0.25532,0.0013,0.00032,3.45818,4.39419,2.26113,0.0097525,0.0097525,0.0097525
32,296.67,3.2912,4.19481,2.4277,0.00186,0.28298,0.00166,0.00042,3.33572,4.32687,2.18341,0.00974425,0.00974425,0.00974425
33,305.527,3.25188,4.18766,2.38198,0.00205,0.29787,0.00192,0.00047,3.35763,4.33613,2.24047,0.009736,0.009736,0.009736
34,314.472,3.23511,4.22062,2.41203,0.00167,0.24894,0.00129,0.00032,3.33762,4.36212,2.22684,0.00972775,0.00972775,0.00972775
35,323.377,3.25577,4.19643,2.38444,0.00192,0.25957,0.0018,0.0005,3.40195,4.33462,2.21363,0.0097195,0.0097195,0.0097195
36,332.427,3.25889,4.19147,2.39003,0.00173,0.26383,0.00175,0.00042,3.31691,4.33665,2.2228,0.00971125,0.00971125,0.00971125
37,341.406,3.26405,4.18278,2.40639,0.00187,0.28511,0.00159,0.00037,3.33743,4.35054,2.25356,0.009703,0.009703,0.009703
38,350.321,3.22342,4.10722,2.38672,0.00205,0.31277,0.0019,0.00046,3.25536,4.30562,2.19656,0.00969475,0.00969475,0.00969475
39,359.22,3.22267,4.12459,2.38753,0.00209,0.30426,0.00202,0.0005,3.30767,4.22455,2.26535,0.0096865,0.0096865,0.0096865
40,368.13,3.22884,4.09003,2.3908,0.00223,0.34043,0.00245,0.0006,3.32961,4.23958,2.26554,0.00967825,0.00967825,0.00967825
41,377.024,3.23419,4.11266,2.38572,0.0019,0.28936,0.00183,0.00049,3.3406,4.37884,2.24412,0.00967,0.00967,0.00967
42,385.897,3.22395,4.11487,2.38137,0.00239,0.35532,0.00292,0.00075,3.30234,4.18598,2.24654,0.00966175,0.00966175,0.00966175
43,394.993,3.16539,4.0783,2.37361,0.00214,0.32553,0.00259,0.00062,3.30524,4.2582,2.26463,0.0096535,0.0096535,0.0096535
44,403.956,3.18016,4.04876,2.37136,0.00226,0.34468,0.00265,0.00064,3.2813,4.25715,2.20839,0.00964525,0.00964525,0.00964525
45,412.934,3.15378,4.06586,2.37953,0.00215,0.32766,0.00183,0.00051,3.2925,4.25532,2.25831,0.009637,0.009637,0.009637
46,422.076,3.14784,4.06658,2.37135,0.00237,0.35957,0.00258,0.00061,3.24662,4.16599,2.2546,0.00962875,0.00962875,0.00962875
47,431.259,3.11971,4.05997,2.33194,0.00223,0.34043,0.00254,0.00059,3.23833,4.18472,2.23625,0.0096205,0.0096205,0.0096205
48,440.223,3.14251,4.04642,2.34863,0.00233,0.35532,0.00276,0.00077,3.21959,4.16864,2.21695,0.00961225,0.00961225,0.00961225
49,449.533,3.15237,4.04165,2.36929,0.00231,0.35106,0.00199,0.0005,3.20624,4.22071,2.20223,0.009604,0.009604,0.009604
50,458.42,3.09934,4.03637,2.33461,0.00238,0.35532,0.00308,0.00073,3.21193,4.10219,2.19921,0.00959575,0.00959575,0.00959575
51,467.531,3.11452,4.01741,2.34507,0.00229,0.34894,0.00241,0.00072,3.22013,4.26365,2.21358,0.0095875,0.0095875,0.0095875
52,476.577,3.11569,4.04007,2.32235,0.00242,0.36596,0.00313,0.00078,3.17667,4.11217,2.23132,0.00957925,0.00957925,0.00957925
53,485.848,3.09269,4.03052,2.36109,0.00255,0.38936,0.00427,0.00097,3.15342,4.18485,2.21071,0.009571,0.009571,0.009571
54,495.099,3.10923,4.00229,2.34146,0.0026,0.38723,0.00405,0.00095,3.17276,4.15325,2.25894,0.00956275,0.00956275,0.00956275
55,504.206,3.09818,4.02052,2.34292,0.00263,0.39574,0.00613,0.00135,3.12713,4.09434,2.17832,0.0095545,0.0095545,0.0095545
56,513.55,3.07382,3.95472,2.3044,0.00277,0.42128,0.00376,0.00091,3.11546,4.12207,2.2047,0.00954625,0.00954625,0.00954625
57,522.531,3.05403,3.99592,2.31191,0.00271,0.38723,0.00435,0.00112,3.18442,4.05808,2.20419,0.009538,0.009538,0.009538
58,531.412,3.11887,3.98779,2.35544,0.00239,0.30213,0.0025,0.00064,3.32203,4.17271,2.20352,0.00952975,0.00952975,0.00952975
59,540.316,3.07734,3.94081,2.32137,0.00324,0.34043,0.0045,0.00092,3.13857,4.12815,2.19622,0.0095215,0.0095215,0.0095215
60,549.286,3.04872,3.96793,2.30198,0.00258,0.37872,0.00554,0.00125,3.18225,4.05105,2.22938,0.00951325,0.00951325,0.00951325
61,558.392,3.07228,3.9329,2.33518,0.0188,0.03191,0.00574,0.00148,3.12825,4.02228,2.19058,0.009505,0.009505,0.009505
62,567.508,3.06428,3.97906,2.3329,0.00255,0.36809,0.00404,0.00095,3.17511,4.10506,2.19373,0.00949675,0.00949675,0.00949675
63,576.533,3.04673,3.96525,2.31162,0.00277,0.39362,0.00771,0.00142,3.22209,4.17074,2.22132,0.0094885,0.0094885,0.0094885
64,585.797,3.02706,3.93317,2.33011,0.00258,0.38511,0.00321,0.00073,3.21578,4.17259,2.23768,0.00948025,0.00948025,0.00948025
65,594.677,3.07106,3.96707,2.34309,0.00291,0.43617,0.00477,0.00123,3.17527,4.0353,2.24162,0.009472,0.009472,0.009472
66,603.744,3.0329,3.94584,2.30936,0.00217,0.30426,0.00222,0.00053,3.1671,4.35121,2.20691,0.00946375,0.00946375,0.00946375
67,612.668,3.01564,3.93849,2.304,0.00277,0.41277,0.00559,0.00116,3.13146,4.14899,2.20835,0.0094555,0.0094555,0.0094555
68,621.571,3.00715,3.91811,2.28969,0.01063,0.11915,0.00537,0.00133,3.07394,4.10213,2.18927,0.00944725,0.00944725,0.00944725
69,630.628,3.01128,3.95227,2.29093,0.0111,0.09362,0.00631,0.00139,3.10547,4.06778,2.17868,0.009439,0.009439,0.009439
70,639.613,3.00738,3.91353,2.29435,0.0046,0.35106,0.00555,0.00134,3.08494,4.02174,2.19662,0.00943075,0.00943075,0.00943075
71,648.522,3.00465,3.92924,2.2853,0.01841,0.09362,0.008,0.00194,3.06156,4.0226,2.1867,0.0094225,0.0094225,0.0094225
72,657.924,3.02511,3.88792,2.32565,0.00292,0.44255,0.01099,0.00329,3.07842,4.07377,2.17915,0.00941425,0.00941425,0.00941425
73,667.052,2.97401,3.88553,2.27156,0.00271,0.4,0.00733,0.00153,3.17186,4.10308,2.18895,0.009406,0.009406,0.009406
74,675.955,2.97258,3.88787,2.25811,0.00302,0.44255,0.00714,0.00169,3.08722,4.07303,2.2133,0.00939775,0.00939775,0.00939775
75,684.861,3.02596,3.8941,2.29115,0.00307,0.45745,0.00656,0.0015,3.0627,4.05216,2.1856,0.0093895,0.0093895,0.0093895
76,693.771,2.98173,3.90201,2.28359,0.00323,0.46809,0.00834,0.00205,3.1028,3.99008,2.21724,0.00938125,0.00938125,0.00938125
77,702.681,3.00046,3.86745,2.29119,0.01348,0.17872,0.00838,0.00188,3.04815,4.00636,2.17875,0.009373,0.009373,0.009373
78,711.619,2.97209,3.86694,2.26871,0.04858,0.03617,0.00894,0.00193,3.07143,3.99501,2.21406,0.00936475,0.00936475,0.00936475
79,720.573,2.99569,3.86876,2.28738,0.05941,0.01702,0.01067,0.00253,3.03899,4.01838,2.17846,0.0093565,0.0093565,0.0093565
80,729.68,2.97194,3.84507,2.30565,0.02962,0.04894,0.01093,0.0023,3.10556,3.98587,2.19978,0.00934825,0.00934825,0.00934825
81,738.569,2.98706,3.83156,2.29344,0.06879,0.02128,0.00952,0.0021,3.06944,3.97597,2.17414,0.00934,0.00934,0.00934
82,747.447,2.95643,3.84026,2.26669,0.03065,0.04894,0.00681,0.00158,3.05117,3.98599,2.18516,0.00933175,0.00933175,0.00933175
83,756.32,2.94531,3.84055,2.27802,0.05319,0.02766,0.00998,0.00222,3.03823,3.98081,2.18083,0.0093235,0.0093235,0.0093235
84,765.454,2.98684,3.84832,2.27447,0.0602,0.01702,0.00994,0.00222,3.08337,3.98327,2.18172,0.00931525,0.00931525,0.00931525
85,774.473,2.95681,3.81141,2.2665,0.04429,0.04043,0.01374,0.00288,3.07937,3.96116,2.19171,0.009307,0.009307,0.009307
86,783.641,2.98154,3.84541,2.25914,0.01633,0.04894,0.00746,0.00178,3.04158,4.00606,2.17966,0.00929875,0.00929875,0.00929875
87,792.556,2.93975,3.78503,2.24661,0.02603,0.00638,0.00886,0.00263,3.04947,4.01833,2.19684,0.0092905,0.0092905,0.0092905
88,801.43,2.95308,3.84564,2.25085,0.0421,0.05319,0.01447,0.0048,3.04779,4.00015,2.16699,0.00928225,0.00928225,0.00928225
89,810.49,2.9363,3.80007,2.23841,0.00335,0.45319,0.00801,0.00183,3.04697,4.05367,2.16861,0.009274,0.009274,0.009274
90,819.398,2.9491,3.80001,2.26188,0.0034,0.51064,0.01058,0.00255,3.0518,3.94477,2.19386,0.00926575,0.00926575,0.00926575
91,828.296,2.94167,3.81501,2.25651,0.03055,0.09362,0.01207,0.003,3.03919,3.96904,2.19189,0.0092575,0.0092575,0.0092575
92,837.179,2.92455,3.78978,2.20786,0.03712,0.09362,0.01227,0.00267,3.03965,3.90984,2.19501,0.00924925,0.00924925,0.00924925
93,846.072,2.92657,3.76671,2.23153,0.04078,0.04255,0.00873,0.00195,3.0486,3.96565,2.15985,0.009241,0.009241,0.009241
94,854.971,2.90013,3.73868,2.23392,0.05662,0.03617,0.01269,0.00303,3.01354,4.00542,2.19673,0.00923275,0.00923275,0.00923275
95,863.954,2.92077,3.7611,2.24292,0.05295,0.04043,0.0128,0.00283,3.02036,3.96868,2.17947,0.0092245,0.0092245,0.0092245
96,872.938,2.88726,3.7172,2.22709,0.00314,0.39149,0.00424,0.00105,3.05683,4.19854,2.16729,0.00921625,0.00921625,0.00921625
97,881.859,2.88304,3.74173,2.18742,0.11556,0.03617,0.02478,0.00511,3.02267,3.90995,2.15116,0.009208,0.009208,0.009208
98,891.104,2.86687,3.69666,2.21095,0.12205,0.04894,0.01972,0.00419,3.00204,3.8884,2.16559,0.00919975,0.00919975,0.00919975
99,900.272,2.88453,3.74167,2.2206,0.08834,0.04681,0.01851,0.00393,2.9936,3.84188,2.13828,0.0091915,0.0091915,0.0091915
100,909.333,2.90794,3.72922,2.23507,0.07941,0.08298,0.01674,0.00403,3.00062,3.94493,2.18092,0.00918325,0.00918325,0.00918325
101,918.344,2.89285,3.69634,2.21216,0.11232,0.03617,0.0243,0.00562,2.98638,3.90444,2.14763,0.009175,0.009175,0.009175
102,927.56,2.88315,3.70791,2.2245,0.11341,0.06809,0.02575,0.0056,3.02338,3.83589,2.15943,0.00916675,0.00916675,0.00916675
103,936.665,2.8673,3.69834,2.19483,0.16449,0.02979,0.03023,0.00698,2.96083,3.79711,2.15911,0.0091585,0.0091585,0.0091585
104,945.897,2.85115,3.65033,2.19523,0.07909,0.04255,0.02424,0.00415,2.99522,3.92509,2.12177,0.00915025,0.00915025,0.00915025
105,954.821,2.87846,3.70794,2.21253,0.08024,0.07021,0.02018,0.00473,2.96397,3.89783,2.14652,0.009142,0.009142,0.009142
106,963.717,2.84539,3.6621,2.22871,0.12779,0.05106,0.02627,0.006,3.01088,3.81008,2.15107,0.00913375,0.00913375,0.00913375
107,972.608,2.86367,3.67528,2.19714,0.10907,0.03048,0.01942,0.00463,2.96904,3.8686,2.11295,0.0091255,0.0091255,0.0091255
108,981.468,2.83997,3.66321,2.21001,0.11019,0.05106,0.02342,0.00462,2.98568,3.85563,2.17031,0.00911725,0.00911725,0.00911725
109,990.375,2.84182,3.6716,2.18724,0.11776,0.04255,0.02358,0.00586,2.95802,3.85757,2.14691,0.009109,0.009109,0.009109
110,999.244,2.84214,3.6545,2.18271,0.13555,0.06596,0.02891,0.00673,2.93421,3.80086,2.12059,0.00910075,0.00910075,0.00910075
111,1008.15,2.85454,3.62491,2.19089,0.08889,0.05319,0.02962,0.00617,2.95286,3.80477,2.13702,0.0090925,0.0090925,0.0090925
112,1017.22,2.81396,3.62731,2.17597,0.10031,0.0766,0.02502,0.00538,2.98375,3.87215,2.14555,0.00908425,0.00908425,0.00908425
113,1026.05,2.80978,3.5886,2.19244,0.14734,0.05745,0.03482,0.00769,2.94588,3.79772,2.14292,0.009076,0.009076,0.009076
114,1035.17,2.86328,3.62229,2.19093,0.1245,0.07872,0.03609,0.00862,2.91713,3.76939,2.1462,0.00906775,0.00906775,0.00906775
115,1044.36,2.8002,3.59531,2.14086,0.10526,0.07021,0.02632,0.0058,2.93251,3.82448,2.14264,0.0090595,0.0090595,0.0090595
116,1053.32,2.82127,3.61389,2.17139,0.07311,0.02979,0.02213,0.00559,2.9259,3.93697,2.15366,0.00905125,0.00905125,0.00905125
117,1062.21,2.78851,3.57668,2.1841,0.08075,0.07872,0.02436,0.00467,2.98938,4.0597,2.18209,0.009043,0.009043,0.009043
118,1071.24,2.78313,3.57887,2.1715,0.15233,0.05621,0.03064,0.00649,2.91516,3.79653,2.10434,0.00903475,0.00903475,0.00903475
119,1080.25,2.79465,3.57827,2.16804,0.09881,0.07234,0.01921,0.00458,2.98532,3.81962,2.17435,0.0090265,0.0090265,0.0090265
120,1089.14,2.8101,3.55403,2.15792,0.12439,0.07234,0.03407,0.00774,2.95189,3.67303,2.11342,0.00901825,0.00901825,0.00901825
121,1097.97,2.78652,3.53351,2.15881,0.1039,0.08723,0.03889,0.00983,2.95529,3.66594,2.12413,0.00901,0.00901,0.00901
122,1107.22,2.77813,3.52177,2.12581,0.13379,0.08085,0.03701,0.00808,2.94647,3.76955,2.127,0.00900175,0.00900175,0.00900175
123,1116.29,2.82026,3.52386,2.16509,0.11467,0.08511,0.03066,0.00642,2.94625,3.67906,2.13671,0.0089935,0.0089935,0.0089935
124,1125.23,2.75751,3.52121,2.15239,0.12192,0.09149,0.03937,0.00887,2.91444,3.63717,2.12704,0.00898525,0.00898525,0.00898525
125,1134.12,2.78737,3.56971,2.1621,0.13963,0.09787,0.04129,0.0106,2.89826,3.65751,2.10385,0.008977,0.008977,0.008977
126,1143.33,2.79152,3.52933,2.13534,0.12833,0.11915,0.0472,0.0106,2.88218,3.69819,2.11219,0.00896875,0.00896875,0.00896875
127,1152.65,2.75119,3.48271,2.14047,0.1107,0.09787,0.03313,0.00706,2.94762,3.76489,2.13719,0.0089605,0.0089605,0.0089605
128,1161.54,2.74385,3.50916,2.1158,0.12888,0.05106,0.03378,0.0082,2.87533,3.74525,2.09591,0.00895225,0.00895225,0.00895225
129,1170.49,2.76742,3.52966,2.13861,0.13609,0.12979,0.03849,0.00977,2.90519,3.67901,2.09576,0.008944,0.008944,0.008944
130,1179.38,2.75493,3.50901,2.13092,0.14738,0.13191,0.04775,0.01137,2.87182,3.69995,2.11898,0.00893575,0.00893575,0.00893575
131,1188.5,2.74425,3.46652,2.12151,0.10216,0.09574,0.0378,0.00908,2.90468,3.66076,2.11377,0.0089275,0.0089275,0.0089275
132,1197.35,2.73655,3.474,2.14335,0.12238,0.11277,0.03806,0.00901,2.88445,3.65541,2.10209,0.00891925,0.00891925,0.00891925
133,1206.28,2.73409,3.51387,2.14403,0.13166,0.11702,0.04324,0.01061,2.88304,3.58515,2.09066,0.008911,0.008911,0.008911
134,1215.19,2.73797,3.46598,2.12448,0.16189,0.06596,0.04855,0.01186,2.91494,3.68072,2.11134,0.00890275,0.00890275,0.00890275
135,1224.37,2.73164,3.42919,2.13916,0.13111,0.09787,0.04652,0.01069,2.90067,3.57618,2.12095,0.0088945,0.0088945,0.0088945
136,1233.35,2.72856,3.45094,2.09968,0.10562,0.08936,0.03676,0.00816,2.88847,3.65412,2.08824,0.00888625,0.00888625,0.00888625
137,1242.24,2.72484,3.42978,2.10243,0.11316,0.1,0.05157,0.01146,2.88995,3.57232,2.07321,0.008878,0.008878,0.008878
138,1251.15,2.73277,3.46964,2.11681,0.12156,0.08511,0.03625,0.00953,2.87095,3.7532,2.05857,0.00886975,0.00886975,0.00886975
139,1260.29,2.72001,3.41422,2.13112,0.15795,0.12766,0.0564,0.01225,2.86755,3.58505,2.08453,0.0088615,0.0088615,0.0088615
140,1269.64,2.69174,3.46404,2.09875,0.12005,0.10638,0.03796,0.00924,2.91873,3.73449,2.1011,0.00885325,0.00885325,0.00885325
141,1278.54,2.69196,3.42449,2.10737,0.10928,0.09574,0.03467,0.00845,2.89494,3.76615,2.09244,0.008845,0.008845,0.008845
142,1287.43,2.67976,3.42848,2.11567,0.14612,0.10213,0.04427,0.01118,2.86682,3.62295,2.10422,0.00883675,0.00883675,0.00883675
143,1296.31,2.68441,3.4485,2.10766,0.15219,0.14043,0.05352,0.0119,2.86086,3.5875,2.10812,0.0088285,0.0088285,0.0088285
144,1305.33,2.69004,3.41082,2.102,0.14161,0.1383,0.05654,0.01404,2.88174,3.57549,2.08798,0.00882025,0.00882025,0.00882025
145,1314.47,2.68478,3.42123,2.10313,0.10953,0.09787,0.03711,0.00834,2.88635,3.67269,2.07033,0.008812,0.008812,0.008812
146,1323.4,2.70276,3.42254,2.11736,0.12689,0.15106,0.05072,0.01212,2.87471,3.51695,2.09316,0.00880375,0.00880375,0.00880375
147,1332.57,2.68292,3.4059,2.1256,0.12898,0.10638,0.05115,0.01189,2.88805,3.58434,2.12026,0.0087955,0.0087955,0.0087955
148,1341.66,2.68181,3.37613,2.12769,0.14138,0.11277,0.05227,0.01248,2.85904,3.51527,2.05748,0.00878725,0.00878725,0.00878725
149,1350.95,2.72803,3.44202,2.10439,0.10689,0.08936,0.03355,0.00818,2.85597,3.65177,2.09838,0.008779,0.008779,0.008779
150,1360.21,2.70249,3.40449,2.10302,0.17001,0.14468,0.04973,0.01159,2.82349,3.51371,2.07618,0.00877075,0.00877075,0.00877075
151,1369.1,2.69016,3.39102,2.13069,0.13672,0.13191,0.05627,0.01403,2.87884,3.49018,2.11374,0.0087625,0.0087625,0.0087625
152,1378.61,2.67437,3.4131,2.07175,0.11563,0.08936,0.04389,0.00991,2.87945,3.71377,2.09177,0.00875425,0.00875425,0.00875425
153,1387.71,2.65673,3.36223,2.09243,0.14163,0.12128,0.04685,0.01052,2.87461,3.51184,2.08772,0.008746,0.008746,0.008746
154,1396.79,2.65902,3.41744,2.09558,0.15503,0.10426,0.05674,0.01386,2.83013,3.53439,2.07029,0.00873775,0.00873775,0.00873775
155,1405.76,2.66828,3.37896,2.09642,0.15739,0.11915,0.05261,0.01223,2.83642,3.59917,2.10883,0.0087295,0.0087295,0.0087295
156,1415.26,2.67448,3.35575,2.10389,0.15785,0.11277,0.05025,0.01057,2.87348,3.56489,2.08957,0.00872125,0.00872125,0.00872125
157,1424.35,2.6644,3.37505,2.08813,0.12828,0.13404,0.04884,0.01207,2.83523,3.49396,2.09882,0.008713,0.008713,0.008713
158,1433.27,2.65753,3.36579,2.06876,0.15507,0.14681,0.05825,0.01444,2.82203,3.46643,2.09187,0.00870475,0.00870475,0.00870475
159,1442.46,2.66682,3.33766,2.07516,0.17486,0.1258,0.06158,0.01426,2.81963,3.50629,2.08619,0.0086965,0.0086965,0.0086965
160,1452.16,2.66954,3.37876,2.06667,0.15825,0.10426,0.05889,0.01514,2.78551,3.46709,2.04851,0.00868825,0.00868825,0.00868825
161,1461.25,2.63368,3.37206,2.06731,0.12577,0.14255,0.05298,0.0139,2.79199,3.49211,2.0613,0.00868,0.00868,0.00868
162,1470.16,2.6524,3.32175,2.08109,0.12812,0.1234,0.05328,0.01228,2.83044,3.43377,2.06184,0.00867175,0.00867175,0.00867175
163,1479.04,2.67074,3.33402,2.08597,0.17928,0.08511,0.05283,0.01338,2.87056,3.6713,2.09245,0.0086635,0.0086635,0.0086635
164,1488.64,2.61689,3.33727,2.07049,0.16781,0.12979,0.05633,0.01286,2.83132,3.47032,2.0904,0.00865525,0.00865525,0.00865525
165,1497.53,2.64568,3.33225,2.08811,0.14773,0.14681,0.0572,0.01484,2.82016,3.42658,2.07745,0.008647,0.008647,0.008647
166,1506.4,2.6323,3.31839,2.06722,0.17046,0.10755,0.06636,0.01586,2.80649,3.45658,2.08668,0.00863875,0.00863875,0.00863875
167,1515.48,2.66455,3.34926,2.08428,0.14532,0.13404,0.06012,0.01431,2.79226,3.45007,2.05732,0.0086305,0.0086305,0.0086305
168,1524.75,2.58777,3.28515,2.05757,0.15714,0.11064,0.0554,0.01254,2.84573,3.47212,2.11378,0.00862225,0.00862225,0.00862225
169,1533.63,2.62937,3.30972,2.07146,0.13997,0.12979,0.05383,0.01413,2.80308,3.48614,2.08798,0.008614,0.008614,0.008614
170,1542.53,2.61117,3.30418,2.07244,0.16202,0.14468,0.06305,0.01629,2.80257,3.42504,2.07106,0.00860575,0.00860575,0.00860575
171,1551.74,2.59869,3.25912,2.07235,0.14929,0.11064,0.06785,0.01882,2.80242,3.44962,2.06422,0.0085975,0.0085975,0.0085975
172,1561.07,2.62317,3.30522,2.0675,0.1467,0.12766,0.06143,0.01534,2.81814,3.38819,2.06864,0.00858925,0.00858925,0.00858925
173,1569.97,2.61496,3.31934,2.04673,0.14207,0.14255,0.06,0.01462,2.78898,3.39575,2.0434,0.008581,0.008581,0.008581
174,1578.83,2.60922,3.31274,2.05418,0.15006,0.1234,0.06687,0.01632,2.81963,3.44041,2.06507,0.00857275,0.00857275,0.00857275
175,1587.59,2.57964,3.2483,2.06687,0.15023,0.11915,0.05755,0.01539,2.7674,3.3872,2.03541,0.0085645,0.0085645,0.0085645
176,1596.79,2.57652,3.25481,2.05266,0.16231,0.14043,0.07189,0.01922,2.75683,3.38589,2.02069,0.00855625,0.00855625,0.00855625
177,1606.1,2.6073,3.27845,2.05398,0.1481,0.11702,0.05948,0.01644,2.82556,3.55733,2.06295,0.008548,0.008548,0.008548
178,1615.14,2.59014,3.26318,2.04882,0.16675,0.1383,0.06967,0.01783,2.78223,3.39176,2.07017,0.00853975,0.00853975,0.00853975
179,1624.03,2.5938,3.24523,2.02754,0.14541,0.11277,0.06413,0.01502,2.82206,3.40947,2.06506,0.0085315,0.0085315,0.0085315
180,1633.34,2.59774,3.23907,2.04306,0.12305,0.10851,0.04769,0.01402,2.79652,3.43057,2.06012,0.00852325,0.00852325,0.00852325
181,1642.27,2.5908,3.22008,2.04725,0.13331,0.14894,0.06215,0.0151,2.7783,3.45202,2.03926,0.008515,0.008515,0.008515
182,1651.14,2.56983,3.23265,2.03926,0.15927,0.13617,0.07062,0.01825,2.7871,3.45596,2.06116,0.00850675,0.00850675,0.00850675
183,1660.05,2.58597,3.22094,2.05272,0.16445,0.15957,0.06807,0.0172,2.79074,3.41753,2.04063,0.0084985,0.0084985,0.0084985
184,1669.36,2.56404,3.20907,2.01773,0.17813,0.12553,0.06958,0.01831,2.77156,3.46901,2.03544,0.00849025,0.00849025,0.00849025
185,1678.24,2.572,3.24406,2.01925,0.1514,0.15943,0.05863,0.01469,2.8128,3.45597,2.05381,0.008482,0.008482,0.008482
186,1687.1,2.56142,3.21757,2.0467,0.1513,0.14468,0.06827,0.01792,2.75545,3.39031,2.02399,0.00847375,0.00847375,0.00847375
187,1696.08,2.60291,3.22412,2.06142,0.15157,0.14468,0.07104,0.01854,2.77145,3.36685,2.02018,0.0084655,0.0084655,0.0084655
188,1705.48,2.5507,3.20572,2.004,0.18378,0.14043,0.06853,0.01698,2.85136,3.35104,2.07804,0.00845725,0.00845725,0.00845725
189,1714.51,2.55581,3.19728,2.04531,0.15027,0.14894,0.06518,0.01679,2.7687,3.37595,2.03908,0.008449,0.008449,0.008449
190,1723.45,2.56391,3.23575,2.04833,0.16525,0.15957,0.06832,0.01898,2.73923,3.33155,2.04665,0.00844075,0.00844075,0.00844075
191,1733.24,2.51648,3.17487,2.00999,0.17467,0.1383,0.06747,0.01899,2.74915,3.34471,2.01308,0.0084325,0.0084325,0.0084325
192,1742.54,2.5583,3.19685,2.02177,0.15826,0.15319,0.06288,0.01683,2.76331,3.35302,2.02817,0.00842425,0.00842425,0.00842425
193,1751.57,2.5589,3.21487,2.02874,0.17853,0.15532,0.07268,0.01879,2.79342,3.31707,2.06177,0.008416,0.008416,0.008416
194,1760.67,2.51904,3.18071,2.00242,0.16846,0.16596,0.07546,0.02038,2.7016,3.30731,2.00001,0.00840775,0.00840775,0.00840775
195,1770.35,2.60489,3.20791,2.04081,0.1742,0.12766,0.07511,0.02007,2.73371,3.31703,2.02016,0.0083995,0.0083995,0.0083995
196,1779.28,2.53581,3.1929,2.00303,0.17601,0.14681,0.07732,0.01996,2.79075,3.37255,2.03905,0.00839125,0.00839125,0.00839125
197,1788.22,2.53685,3.15196,2.0183,0.16058,0.15532,0.06796,0.01731,2.74069,3.38499,2.03491,0.008383,0.008383,0.008383
198,1797.14,2.5212,3.14298,2.00209,0.15283,0.14894,0.07195,0.02067,2.74495,3.32035,1.99819,0.00837475,0.00837475,0.00837475
199,1806.35,2.54637,3.17628,2.01497,0.16809,0.15106,0.07111,0.02008,2.73069,3.28445,1.99566,0.0083665,0.0083665,0.0083665
200,1815.26,2.52539,3.14897,2.01677,0.14659,0.1383,0.07319,0.02263,2.72008,3.28735,2.00682,0.00835825,0.00835825,0.00835825
201,1824.52,2.50075,3.16082,2.01035,0.16893,0.13191,0.07578,0.02183,2.73484,3.27611,2.0202,0.00835,0.00835,0.00835
202,1833.51,2.50398,3.12487,2.01492,0.13861,0.13191,0.06896,0.01976,2.71457,3.32557,2.01974,0.00834175,0.00834175,0.00834175
203,1843.22,2.50875,3.13819,1.99882,0.18432,0.14043,0.08057,0.02206,2.69483,3.26856,2.00815,0.0083335,0.0083335,0.0083335
204,1852.53,2.51385,3.16785,1.99351,0.14949,0.13191,0.07645,0.02047,2.72938,3.30218,1.99087,0.00832525,0.00832525,0.00832525
205,1861.44,2.50024,3.09757,2.00979,0.155,0.14894,0.07101,0.01912,2.74915,3.27031,2.031,0.008317,0.008317,0.008317
206,1870.45,2.49848,3.11765,1.98448,0.18102,0.14043,0.08324,0.0235,2.68986,3.26978,2.00374,0.00830875,0.00830875,0.00830875
207,1880.18,2.48912,3.13491,1.99304,0.17013,0.1617,0.08543,0.02484,2.7065,3.24511,1.99645,0.0083005,0.0083005,0.0083005
208,1889.26,2.49802,3.07553,1.97634,0.16584,0.15319,0.07705,0.02078,2.68466,3.28131,1.99987,0.00829225,0.00829225,0.00829225
209,1898.17,2.47606,3.10065,2.00694,0.15154,0.14468,0.07901,0.02146,2.70131,3.22952,2.02845,0.008284,0.008284,0.008284
210,1907.59,2.48294,3.13029,1.98814,0.14604,0.12553,0.08857,0.02158,2.74739,3.21071,2.02031,0.00827575,0.00827575,0.00827575
211,1916.76,2.4604,3.09867,1.99008,0.16523,0.13617,0.083,0.02245,2.71263,3.20416,1.9977,0.0082675,0.0082675,0.0082675
212,1925.66,2.46419,3.12228,1.98762,0.18875,0.14894,0.08366,0.02316,2.67982,3.2541,2.00429,0.00825925,0.00825925,0.00825925
213,1934.61,2.48247,3.08813,1.98379,0.18114,0.15957,0.08034,0.02,2.71713,3.2582,2.00889,0.008251,0.008251,0.008251
214,1943.97,2.48221,3.08456,1.96753,0.19354,0.15745,0.08543,0.02425,2.68088,3.25322,1.99554,0.00824275,0.00824275,0.00824275
215,1953.08,2.44772,3.07429,1.96002,0.14326,0.14681,0.0765,0.0201,2.74409,3.29048,2.02833,0.0082345,0.0082345,0.0082345
216,1962.02,2.47833,3.09239,1.98997,0.14661,0.15957,0.09059,0.02385,2.68603,3.25468,2.00463,0.00822625,0.00822625,0.00822625
217,1970.88,2.44681,3.07634,1.96858,0.16539,0.17021,0.08811,0.0252,2.66895,3.19974,2.00555,0.008218,0.008218,0.008218
218,1980.32,2.4796,3.10165,1.97854,0.2196,0.16596,0.09983,0.02846,2.65881,3.18019,1.97063,0.00820975,0.00820975,0.00820975
219,1989.44,2.46115,3.06575,1.96362,0.1724,0.1766,0.08778,0.02813,2.61354,3.15095,1.98325,0.0082015,0.0082015,0.0082015
220,1998.36,2.46235,3.08429,1.96408,0.17197,0.16596,0.08323,0.02479,2.65685,3.17197,1.986,0.00819325,0.00819325,0.00819325
221,2007.24,2.43639,3.0357,1.98133,0.17688,0.15957,0.08671,0.02583,2.66621,3.17694,1.98485,0.008185,0.008185,0.008185
222,2016.75,2.46814,3.04536,1.95966,0.1807,0.16809,0.09022,0.02488,2.6817,3.1844,2.00591,0.00817675,0.00817675,0.00817675
223,2026.5,2.46151,3.04815,1.96882,0.22042,0.1766,0.09919,0.02893,2.67094,3.12538,1.9867,0.0081685,0.0081685,0.0081685
224,2035.77,2.47345,3.06221,1.97779,0.16602,0.16596,0.08608,0.02702,2.68097,3.25092,2.0104,0.00816025,0.00816025,0.00816025
225,2044.72,2.4503,3.0474,1.97875,0.1652,0.16596,0.08288,0.02442,2.69582,3.17412,2.00087,0.008152,0.008152,0.008152
226,2053.99,2.4443,3.06746,1.95977,0.18874,0.15957,0.09305,0.02709,2.64195,3.13438,1.98431,0.00814375,0.00814375,0.00814375
227,2063.82,2.42601,3.01158,1.96344,0.20586,0.15745,0.10295,0.02717,2.67051,3.11777,1.98434,0.0081355,0.0081355,0.0081355
228,2072.75,2.43892,2.99833,1.94242,0.18674,0.16596,0.09556,0.02692,2.65827,3.1175,1.97048,0.00812725,0.00812725,0.00812725
229,2081.72,2.4528,3.05391,1.96738,0.17821,0.15532,0.09513,0.03022,2.65794,3.16857,1.98696,0.008119,0.008119,0.008119
230,2091.46,2.41961,3.01692,1.95432,0.20323,0.18936,0.1103,0.03231,2.64106,3.10366,1.97001,0.00811075,0.00811075,0.00811075
231,2101.43,2.44805,3.00381,1.95623,0.21485,0.18723,0.10139,0.02743,2.65281,3.12371,1.98485,0.0081025,0.0081025,0.0081025
232,2110.31,2.42953,2.97486,1.92937,0.20221,0.17096,0.09681,0.02725,2.63419,3.1399,1.974,0.00809425,0.00809425,0.00809425
233,2119.22,2.42334,3.04594,1.93449,0.20816,0.17021,0.09146,0.02386,2.62653,3.1901,1.9649,0.008086,0.008086,0.008086
234,2128.55,2.39974,2.98984,1.94808,0.21261,0.1766,0.10021,0.02653,2.62127,3.14282,1.95999,0.00807775,0.00807775,0.00807775
235,2138.36,2.4273,2.99445,1.94423,0.19124,0.18936,0.09882,0.02767,2.65206,3.13727,1.97745,0.0080695,0.0080695,0.0080695
236,2147.41,2.40113,2.96725,1.92692,0.23339,0.18785,0.10237,0.02949,2.61163,3.10242,1.97305,0.00806125,0.00806125,0.00806125
237,2156.26,2.3975,2.98875,1.93201,0.22326,0.18224,0.11124,0.03153,2.60435,3.08712,1.95605,0.008053,0.008053,0.008053
238,2165.64,2.40487,2.96865,1.92904,0.20583,0.20638,0.10596,0.03125,2.58217,3.0919,1.94027,0.00804475,0.00804475,0.00804475
239,2175.2,2.37061,2.98435,1.92458,0.20789,0.18511,0.1098,0.03207,2.61954,3.13729,1.97915,0.0080365,0.0080365,0.0080365
240,2183.98,2.3916,2.99293,1.93469,0.20436,0.18511,0.10119,0.02901,2.63949,3.14423,1.98821,0.00802825,0.00802825,0.00802825
241,2192.72,2.41036,2.98434,1.94012,0.2041,0.21064,0.10198,0.03011,2.57984,3.07149,1.9325,0.00802,0.00802,0.00802
242,2201.79,2.39123,2.96253,1.92514,0.19506,0.19077,0.10274,0.03042,2.59805,3.11399,1.95243,0.00801175,0.00801175,0.00801175
243,2211.2,2.3984,2.95266,1.95206,0.23337,0.18977,0.11973,0.03419,2.57618,3.06795,1.9733,0.0080035,0.0080035,0.0080035
244,2220.25,2.36389,2.93381,1.91555,0.23006,0.17928,0.11766,0.03473,2.59906,3.09827,1.95378,0.00799525,0.00799525,0.00799525
245,2229.32,2.40603,2.93901,1.94308,0.22155,0.17021,0.11401,0.03541,2.62516,3.02976,1.95751,0.007987,0.007987,0.007987
246,2238.7,2.3675,2.90315,1.91283,0.20341,0.16517,0.11362,0.03309,2.6079,3.04696,1.93501,0.00797875,0.00797875,0.00797875
247,2248.13,2.34904,2.91215,1.91467,0.20525,0.18085,0.11761,0.03484,2.58253,3.08286,1.93775,0.0079705,0.0079705,0.0079705
248,2256.9,2.37094,2.94712,1.92938,0.23617,0.20262,0.13208,0.03858,2.56043,3.04121,1.92605,0.00796225,0.00796225,0.00796225
249,2265.8,2.37752,2.91177,1.9026,0.23858,0.19574,0.13975,0.04103,2.596,3.03778,1.92974,0.007954,0.007954,0.007954
250,2274.98,2.38724,2.91798,1.91502,0.20843,0.20638,0.12324,0.03806,2.60799,3.02769,1.92723,0.00794575,0.00794575,0.00794575
251,2284.7,2.35662,2.89775,1.90882,0.21444,0.19149,0.105,0.03136,2.59449,3.08459,1.93419,0.0079375,0.0079375,0.0079375
252,2293.75,2.34508,2.89498,1.91749,0.22564,0.2234,0.1279,0.04197,2.57637,3.01004,1.92597,0.00792925,0.00792925,0.00792925
253,2302.67,2.35156,2.90389,1.89976,0.24305,0.19574,0.13966,0.04275,2.55798,2.9734,1.90523,0.007921,0.007921,0.007921
254,2312.02,2.35036,2.88866,1.9044,0.28319,0.18298,0.14189,0.04268,2.53425,2.9754,1.90298,0.00791275,0.00791275,0.00791275
255,2321.91,2.36007,2.89618,1.90512,0.22252,0.19362,0.12604,0.04037,2.55474,2.99535,1.90866,0.0079045,0.0079045,0.0079045
256,2330.8,2.28934,2.83098,1.8766,0.20732,0.20924,0.12383,0.03603,2.55026,3.00008,1.92255,0.00789625,0.00789625,0.00789625
257,2339.65,2.35873,2.8398,1.9089,0.22839,0.18723,0.13115,0.04299,2.54275,3.02202,1.91685,0.007888,0.007888,0.007888
258,2348.89,2.33221,2.83768,1.89909,0.2542,0.18936,0.13833,0.04262,2.54411,2.99139,1.89765,0.00787975,0.00787975,0.00787975
259,2358.49,2.33308,2.84849,1.89292,0.22776,0.20638,0.12808,0.03904,2.58537,2.99648,1.92669,0.0078715,0.0078715,0.0078715
260,2367.4,2.3547,2.81371,1.89232,0.26237,0.20213,0.13311,0.03853,2.58411,2.98949,1.94502,0.00786325,0.00786325,0.00786325
261,2376.29,2.30057,2.77319,1.86421,0.22532,0.20851,0.12877,0.04553,2.52584,2.98837,1.9058,0.007855,0.007855,0.007855
262,2385.73,2.33098,2.8373,1.88968,0.24631,0.22128,0.13863,0.0459,2.5195,2.96526,1.90297,0.00784675,0.00784675,0.00784675
263,2395.66,2.31761,2.81729,1.87728,0.25611,0.22195,0.13621,0.04046,2.54048,2.95944,1.90204,0.0078385,0.0078385,0.0078385
264,2404.54,2.32903,2.76496,1.8692,0.24414,0.20426,0.1408,0.04367,2.52064,2.93166,1.90251,0.00783025,0.00783025,0.00783025
265,2413.38,2.32819,2.79772,1.86957,0.24373,0.20213,0.13138,0.04049,2.55207,2.94991,1.90906,0.007822,0.007822,0.007822
266,2422.66,2.27667,2.75247,1.85779,0.2544,0.21489,0.13905,0.04406,2.52692,2.9111,1.9103,0.00781375,0.00781375,0.00781375
267,2432.62,2.29388,2.72766,1.88235,0.25875,0.21064,0.14729,0.04536,2.51691,2.88539,1.91287,0.0078055,0.0078055,0.0078055
268,2441.78,2.30188,2.7746,1.86362,0.24965,0.20213,0.14678,0.04688,2.49319,2.91013,1.91293,0.00779725,0.00779725,0.00779725
269,2450.86,2.27125,2.77527,1.86639,0.24035,0.19052,0.14177,0.04591,2.55089,2.97199,1.93108,0.007789,0.007789,0.007789
270,2460.2,2.2787,2.76476,1.85827,0.23717,0.21489,0.13065,0.04463,2.49511,2.96252,1.90054,0.00778075,0.00778075,0.00778075
271,2469.7,2.27786,2.76216,1.84594,0.24324,0.19574,0.13603,0.04228,2.56605,2.97146,1.93245,0.0077725,0.0077725,0.0077725
272,2478.61,2.27596,2.73002,1.86096,0.25415,0.24043,0.14194,0.04636,2.51364,2.89853,1.9186,0.00776425,0.00776425,0.00776425
273,2487.47,2.25412,2.72007,1.85241,0.25992,0.22128,0.16049,0.05121,2.49687,2.9118,1.87621,0.007756,0.007756,0.007756
274,2496.95,2.27854,2.72103,1.8388,0.25338,0.20426,0.14152,0.04814,2.51317,2.93132,1.89418,0.00774775,0.00774775,0.00774775
275,2506.76,2.26559,2.69912,1.84175,0.24447,0.24923,0.15419,0.05223,2.4871,2.86555,1.90703,0.0077395,0.0077395,0.0077395
276,2516.21,2.2682,2.71322,1.84364,0.25754,0.22766,0.16425,0.05624,2.4401,2.87413,1.87447,0.00773125,0.00773125,0.00773125
277,2525.55,2.26736,2.71515,1.83174,0.2721,0.22979,0.15643,0.05279,2.42651,2.90823,1.869,0.007723,0.007723,0.007723
278,2535.37,2.2578,2.7169,1.83649,0.28654,0.24043,0.16945,0.05821,2.46368,2.86486,1.899,0.00771475,0.00771475,0.00771475
279,2545.06,2.26377,2.69057,1.82062,0.28439,0.22979,0.17225,0.05558,2.42904,2.86631,1.86745,0.0077065,0.0077065,0.0077065
280,2553.97,2.25918,2.66507,1.84036,0.28309,0.2383,0.17582,0.05788,2.40058,2.84133,1.83887,0.00769825,0.00769825,0.00769825
281,2563.22,2.25177,2.63488,1.82828,0.28539,0.27021,0.1651,0.06007,2.43357,2.80263,1.86013,0.00769,0.00769,0.00769
282,2573.06,2.29932,2.70595,1.87151,0.29293,0.24043,0.17682,0.05994,2.41838,2.80075,1.85838,0.00768175,0.00768175,0.00768175
283,2582.28,2.23588,2.6655,1.82336,0.28546,0.24894,0.17599,0.06053,2.414,2.80452,1.86423,0.0076735,0.0076735,0.0076735
284,2591.4,2.25152,2.66655,1.82394,0.31761,0.24255,0.18326,0.06512,2.46918,2.77933,1.88814,0.00766525,0.00766525,0.00766525
285,2600.48,2.25432,2.62728,1.83063,0.28408,0.20516,0.1726,0.06091,2.4412,2.80938,1.86888,0.007657,0.007657,0.007657
286,2609.98,2.2286,2.65304,1.8185,0.27634,0.25745,0.17176,0.0628,2.41215,2.75513,1.83562,0.00764875,0.00764875,0.00764875
287,2618.87,2.1958,2.63378,1.81749,0.31624,0.23617,0.18898,0.06256,2.39973,2.77302,1.8413,0.0076405,0.0076405,0.0076405
288,2627.7,2.23386,2.61575,1.82086,0.32153,0.25106,0.21022,0.07394,2.37363,2.71176,1.83344,0.00763225,0.00763225,0.00763225
289,2636.8,2.18166,2.61285,1.81369,0.2943,0.27021,0.1884,0.06683,2.41381,2.73467,1.84924,0.007624,0.007624,0.007624
290,2646.58,2.20877,2.5846,1.82282,0.29809,0.22766,0.19027,0.06549,2.41185,2.76677,1.85842,0.00761575,0.00761575,0.00761575
291,2656.26,2.24695,2.66395,1.82702,0.32536,0.24043,0.20128,0.06994,2.40382,2.73141,1.83406,0.0076075,0.0076075,0.0076075
292,2665.34,2.19374,2.58695,1.79122,0.36527,0.2155,0.1954,0.06436,2.43175,2.81411,1.8375,0.00759925,0.00759925,0.00759925
293,2674.41,2.1933,2.58514,1.79261,0.33686,0.22766,0.19752,0.07385,2.3883,2.73796,1.85066,0.007591,0.007591,0.007591
294,2683.32,2.15774,2.5221,1.78857,0.3409,0.25957,0.21323,0.07746,2.37291,2.68538,1.82766,0.00758275,0.00758275,0.00758275
295,2692.56,2.16952,2.52431,1.77214,0.30208,0.27021,0.22918,0.07746,2.37249,2.65653,1.82283,0.0075745,0.0075745,0.0075745
296,2701.86,2.19209,2.57748,1.80003,0.33935,0.27234,0.21814,0.07717,2.36938,2.64913,1.78844,0.00756625,0.00756625,0.00756625
297,2710.82,2.20202,2.57812,1.80336,0.32374,0.2766,0.22374,0.07855,2.38397,2.64357,1.82895,0.007558,0.007558,0.007558
298,2719.96,2.15976,2.53115,1.77381,0.32869,0.2719,0.21244,0.07582,2.38889,2.63775,1.81997,0.00754975,0.00754975,0.00754975
299,2728.86,2.16885,2.53947,1.78175,0.30117,0.26596,0.21384,0.07666,2.34261,2.65588,1.79344,0.0075415,0.0075415,0.0075415
300,2738.06,2.16723,2.53442,1.78967,0.35956,0.2843,0.21843,0.07724,2.30215,2.593,1.78946,0.00753325,0.00753325,0.00753325
301,2746.94,2.16853,2.54943,1.78947,0.332,0.28511,0.20759,0.0749,2.3308,2.63514,1.80881,0.007525,0.007525,0.007525
302,2755.82,2.15812,2.48665,1.74576,0.29883,0.29787,0.22264,0.07862,2.33839,2.60953,1.80111,0.00751675,0.00751675,0.00751675
303,2764.73,2.13902,2.47324,1.77246,0.36041,0.28535,0.25026,0.08876,2.32326,2.54121,1.78612,0.0075085,0.0075085,0.0075085
304,2773.95,2.18601,2.508,1.77144,0.33796,0.29325,0.24804,0.09254,2.34555,2.55339,1.77759,0.00750025,0.00750025,0.00750025
305,2783.11,2.15076,2.48709,1.75653,0.36694,0.2617,0.24592,0.09184,2.2939,2.54145,1.77164,0.007492,0.007492,0.007492
306,2791.97,2.13897,2.44257,1.74743,0.3578,0.27872,0.26537,0.0933,2.30483,2.52252,1.80323,0.00748375,0.00748375,0.00748375
307,2801.04,2.13602,2.45901,1.74805,0.33981,0.26809,0.24495,0.09123,2.29423,2.52237,1.7829,0.0074755,0.0074755,0.0074755
308,2810.17,2.12454,2.4204,1.73958,0.42379,0.2629,0.25739,0.09295,2.32745,2.52275,1.80719,0.00746725,0.00746725,0.00746725
309,2819.13,2.15078,2.47977,1.75512,0.39229,0.2766,0.25868,0.09714,2.30301,2.50967,1.79565,0.007459,0.007459,0.007459
310,2828.35,2.12604,2.46619,1.75102,0.39915,0.29574,0.2565,0.09711,2.28221,2.49011,1.77645,0.00745075,0.00745075,0.00745075
311,2837.26,2.12555,2.43533,1.73373,0.40794,0.29467,0.27721,0.10293,2.28789,2.47642,1.75978,0.0074425,0.0074425,0.0074425
312,2846.45,2.10512,2.45943,1.73149,0.3835,0.28936,0.26002,0.09647,2.27814,2.51075,1.76824,0.00743425,0.00743425,0.00743425
313,2855.33,2.10846,2.42115,1.74089,0.40125,0.31702,0.28012,0.10336,2.27186,2.43982,1.75237,0.007426,0.007426,0.007426
314,2864.52,2.10446,2.4261,1.72105,0.33845,0.29149,0.24868,0.09647,2.28349,2.49807,1.76445,0.00741775,0.00741775,0.00741775
315,2873.64,2.11346,2.38141,1.75022,0.36725,0.30379,0.26279,0.09714,2.27879,2.46697,1.73436,0.0074095,0.0074095,0.0074095
316,2882.73,2.09392,2.39671,1.73443,0.37737,0.31336,0.28175,0.1095,2.223,2.46419,1.74538,0.00740125,0.00740125,0.00740125
317,2891.81,2.11292,2.35281,1.72153,0.43299,0.28511,0.29995,0.11712,2.24523,2.41767,1.74801,0.007393,0.007393,0.007393
318,2900.89,2.07889,2.35761,1.72354,0.42425,0.29787,0.30599,0.12367,2.2224,2.42286,1.73709,0.00738475,0.00738475,0.00738475
319,2910.32,2.09475,2.39177,1.73534,0.45941,0.30638,0.30696,0.12641,2.21582,2.39912,1.72612,0.0073765,0.0073765,0.0073765
320,2919.74,2.12094,2.41459,1.74431,0.40222,0.33191,0.29762,0.12148,2.22563,2.38244,1.7508,0.00736825,0.00736825,0.00736825
321,2928.68,2.07851,2.29508,1.71653,0.42559,0.32553,0.3112,0.12437,2.26391,2.33696,1.74666,0.00736,0.00736,0.00736
322,2937.8,2.08628,2.33447,1.70276,0.43762,0.34255,0.31653,0.12772,2.27627,2.35998,1.74809,0.00735175,0.00735175,0.00735175
323,2947.05,2.08356,2.32191,1.71776,0.42737,0.30638,0.31323,0.12878,2.24152,2.40706,1.74734,0.0073435,0.0073435,0.0073435
324,2956.36,2.07273,2.34883,1.71439,0.48493,0.33191,0.33338,0.13833,2.18064,2.33437,1.69837,0.00733525,0.00733525,0.00733525
325,2965.61,2.05386,2.34917,1.70743,0.46628,0.32766,0.32467,0.13438,2.20128,2.3889,1.70815,0.007327,0.007327,0.007327
326,2974.58,2.05822,2.32342,1.6999,0.43665,0.30426,0.30509,0.12681,2.2369,2.40347,1.72699,0.00731875,0.00731875,0.00731875
327,2983.71,2.06915,2.30576,1.69839,0.4123,0.3617,0.31731,0.12917,2.22009,2.33754,1.71407,0.0073105,0.0073105,0.0073105
328,2992.55,2.05885,2.28319,1.6927,0.4585,0.33191,0.32527,0.13256,2.19352,2.32649,1.71604,0.00730225,0.00730225,0.00730225
329,3001.28,2.04844,2.30454,1.6819,0.44605,0.32551,0.32033,0.13157,2.20077,2.30932,1.72082,0.007294,0.007294,0.007294
330,3010.15,2.06377,2.2894,1.69781,0.4209,0.31489,0.31071,0.1318,2.19,2.32521,1.71348,0.00728575,0.00728575,0.00728575
331,3019.17,2.08313,2.31815,1.70791,0.41592,0.33635,0.32063,0.1372,2.17582,2.35236,1.70153,0.0072775,0.0072775,0.0072775
332,3028.07,2.0389,2.25021,1.68276,0.40778,0.38723,0.34217,0.14619,2.17186,2.29415,1.68363,0.00726925,0.00726925,0.00726925
333,3037.37,2.04148,2.25751,1.69668,0.41846,0.36284,0.34993,0.14878,2.15429,2.27453,1.68387,0.007261,0.007261,0.007261
334,3046.46,2.05708,2.2802,1.691,0.47405,0.32553,0.35055,0.14903,2.17112,2.25584,1.67518,0.00725275,0.00725275,0.00725275
335,3055.61,2.04447,2.26066,1.6654,0.48982,0.32766,0.34853,0.14707,2.15669,2.23956,1.68688,0.0072445,0.0072445,0.0072445
336,3064.71,2.04837,2.22268,1.67137,0.43152,0.36809,0.35866,0.15047,2.21076,2.26316,1.7071,0.00723625,0.00723625,0.00723625
337,3073.62,2.03286,2.26377,1.68478,0.47075,0.36809,0.35513,0.15366,2.15738,2.21697,1.67522,0.007228,0.007228,0.007228
338,3082.85,2.01932,2.19219,1.66926,0.49113,0.34087,0.35718,0.15359,2.14918,2.24137,1.66101,0.00721975,0.00721975,0.00721975
339,3092.73,1.98704,2.19742,1.66727,0.51583,0.31489,0.36909,0.1598,2.12883,2.20571,1.65123,0.0072115,0.0072115,0.0072115
340,3102.13,2.00299,2.22388,1.66019,0.46314,0.36383,0.37369,0.15961,2.13508,2.18318,1.65515,0.00720325,0.00720325,0.00720325
341,3111.32,2.00396,2.21004,1.66069,0.4766,0.39362,0.37037,0.15731,2.15841,2.15908,1.67342,0.007195,0.007195,0.007195
342,3120.37,1.98532,2.19814,1.66048,0.45837,0.39149,0.37807,0.16339,2.1528,2.16634,1.66707,0.00718675,0.00718675,0.00718675
343,3130.04,2.02726,2.21659,1.66426,0.43811,0.39362,0.36407,0.15436,2.12991,2.18049,1.65611,0.0071785,0.0071785,0.0071785
344,3139.19,1.99901,2.16227,1.63794,0.50712,0.36809,0.37563,0.15555,2.12022,2.18385,1.65713,0.00717025,0.00717025,0.00717025
345,3148.33,1.99253,2.15898,1.64456,0.55028,0.37447,0.40944,0.17684,2.11472,2.13202,1.65745,0.007162,0.007162,0.007162
346,3157.53,2.00309,2.1725,1.6615,0.51554,0.35547,0.39563,0.17085,2.10127,2.13712,1.64838,0.00715375,0.00715375,0.00715375
347,3166.61,1.94719,2.12521,1.63158,0.55801,0.36809,0.41702,0.17492,2.10501,2.14066,1.64591,0.0071455,0.0071455,0.0071455
348,3175.48,1.98784,2.14574,1.64331,0.55802,0.37447,0.41595,0.16952,2.10233,2.14032,1.64682,0.00713725,0.00713725,0.00713725
349,3184.66,1.96275,2.12801,1.62062,0.52102,0.38882,0.40934,0.17337,2.08777,2.12684,1.63807,0.007129,0.007129,0.007129
350,3193.65,1.99579,2.13893,1.63392,0.5201,0.38511,0.42791,0.18444,2.05545,2.07601,1.60706,0.00712075,0.00712075,0.00712075
351,3202.83,1.98689,2.15876,1.65281,0.49434,0.40638,0.42048,0.18294,2.06678,2.10177,1.62973,0.0071125,0.0071125,0.0071125
352,3211.68,1.97475,2.1418,1.64158,0.57979,0.35319,0.40572,0.17016,2.09728,2.12482,1.64561,0.00710425,0.00710425,0.00710425
353,3220.63,1.98004,2.13036,1.62776,0.54998,0.3766,0.40589,0.17863,2.11019,2.15999,1.66078,0.007096,0.007096,0.007096
354,3229.78,1.91335,2.06946,1.61378,0.54888,0.40213,0.43087,0.18841,2.07069,2.07857,1.62208,0.00708775,0.00708775,0.00708775
355,3238.91,1.9215,2.06106,1.60875,0.57514,0.40851,0.43309,0.18994,2.08131,2.07435,1.62671,0.0070795,0.0070795,0.0070795
356,3248.15,1.96493,2.11797,1.61783,0.54463,0.39362,0.43039,0.18949,2.06225,2.04184,1.6269,0.00707125,0.00707125,0.00707125
357,3257.04,1.93583,2.08709,1.60293,0.53123,0.40851,0.4231,0.18227,2.05077,2.05223,1.61653,0.007063,0.007063,0.007063
358,3266.03,1.94406,2.09532,1.61879,0.54709,0.40213,0.43695,0.18814,2.06162,2.06479,1.62305,0.00705475,0.00705475,0.00705475
359,3275.08,1.94447,2.07981,1.62298,0.60972,0.40638,0.45626,0.19684,2.04325,1.99106,1.60028,0.0070465,0.0070465,0.0070465
360,3284.14,1.94453,2.07802,1.62582,0.54108,0.4234,0.44755,0.1954,2.04394,2.00512,1.60868,0.00703825,0.00703825,0.00703825
361,3293.01,1.91551,2.07724,1.619,0.57098,0.42979,0.44546,0.19847,2.0465,1.99094,1.60288,0.00703,0.00703,0.00703
362,3302.37,1.8964,2.03089,1.59731,0.55945,0.44255,0.46734,0.21602,2.0376,1.98857,1.58083,0.00702175,0.00702175,0.00702175
363,3312.46,1.90464,2.0485,1.59388,0.59363,0.43617,0.4723,0.2125,2.04891,2.00757,1.58144,0.0070135,0.0070135,0.0070135
364,3321.44,1.92714,2.05239,1.61951,0.56368,0.43404,0.47522,0.21279,2.05663,1.98457,1.57803,0.00700525,0.00700525,0.00700525
365,3330.43,1.91412,2.04397,1.58333,0.59542,0.42128,0.47489,0.2109,2.02425,1.98085,1.58528,0.006997,0.006997,0.006997
366,3339.45,1.909,2.06125,1.60238,0.62283,0.42863,0.48751,0.22382,2.00782,1.96013,1.57372,0.00698875,0.00698875,0.00698875
367,3349.28,1.91061,2.03381,1.58315,0.59338,0.43158,0.48007,0.21971,1.98904,1.93465,1.56656,0.0069805,0.0069805,0.0069805
368,3358.18,1.90649,2.00086,1.58689,0.53632,0.48298,0.49415,0.22745,1.97543,1.9108,1.55049,0.00697225,0.00697225,0.00697225
369,3367.25,1.89974,2.00033,1.58237,0.64226,0.45074,0.50256,0.2274,2.0104,1.95001,1.55537,0.006964,0.006964,0.006964
370,3376.34,1.88976,1.98348,1.57349,0.64513,0.44894,0.51629,0.23589,1.99864,1.8963,1.549,0.00695575,0.00695575,0.00695575
371,3386.13,1.87574,1.96824,1.5795,0.56376,0.47447,0.48392,0.22432,2.00284,1.92424,1.55878,0.0069475,0.0069475,0.0069475
372,3395.2,1.91184,1.99893,1.56737,0.59624,0.45745,0.49334,0.22916,2.013,1.92663,1.54749,0.00693925,0.00693925,0.00693925
373,3404.22,1.89786,1.99663,1.58382,0.5922,0.46383,0.51036,0.23638,1.98951,1.88622,1.53131,0.006931,0.006931,0.006931
374,3413.2,1.88434,1.96622,1.5639,0.63017,0.47447,0.5179,0.24075,1.95541,1.85932,1.51771,0.00692275,0.00692275,0.00692275
375,3423.2,1.88865,1.95674,1.57129,0.63087,0.45957,0.52227,0.23763,1.98379,1.85924,1.52572,0.0069145,0.0069145,0.0069145
376,3432.48,1.85264,1.94759,1.56486,0.68122,0.44043,0.52255,0.24824,1.9527,1.86316,1.50962,0.00690625,0.00690625,0.00690625
377,3441.61,1.83993,1.92291,1.55227,0.64541,0.46383,0.52556,0.24956,1.95257,1.88059,1.50402,0.006898,0.006898,0.006898
378,3450.68,1.87777,1.99577,1.58563,0.62629,0.47872,0.52935,0.2448,1.94776,1.86444,1.51649,0.00688975,0.00688975,0.00688975
379,3459.99,1.85198,1.93667,1.53688,0.67258,0.44255,0.53555,0.26121,1.93081,1.83324,1.49839,0.0068815,0.0068815,0.0068815
380,3470.34,1.87314,1.93604,1.55883,0.62575,0.45892,0.54187,0.26075,1.9069,1.84157,1.48397,0.00687325,0.00687325,0.00687325
381,3479.42,1.8486,1.91654,1.5498,0.63216,0.50095,0.54519,0.25827,1.91357,1.84874,1.50295,0.006865,0.006865,0.006865
382,3488.28,1.8561,1.92137,1.55457,0.63606,0.48511,0.54368,0.25513,1.92521,1.80905,1.51174,0.00685675,0.00685675,0.00685675
383,3497.67,1.84948,1.91412,1.56075,0.62829,0.49787,0.55041,0.26866,1.89779,1.79744,1.5026,0.0068485,0.0068485,0.0068485
384,3507.6,1.84911,1.92851,1.55996,0.65889,0.49149,0.55282,0.26477,1.92813,1.79429,1.50623,0.00684025,0.00684025,0.00684025
385,3516.47,1.85944,1.91624,1.55529,0.65025,0.48656,0.55841,0.26753,1.91585,1.78316,1.50026,0.006832,0.006832,0.006832
386,3525.37,1.84571,1.89151,1.53004,0.65761,0.50851,0.55961,0.26606,1.91277,1.76701,1.49001,0.00682375,0.00682375,0.00682375
387,3534.95,1.80925,1.86166,1.52062,0.60048,0.51489,0.55224,0.26243,1.92504,1.78003,1.47752,0.0068155,0.0068155,0.0068155
388,3544.46,1.83845,1.8641,1.55476,0.62968,0.48085,0.55192,0.2701,1.91327,1.7775,1.46922,0.00680725,0.00680725,0.00680725
389,3553.63,1.85348,1.88331,1.5417,0.65301,0.48085,0.55774,0.27198,1.89539,1.77247,1.47654,0.006799,0.006799,0.006799
390,3562.72,1.81318,1.86037,1.53198,0.67091,0.50851,0.5627,0.27439,1.85512,1.77388,1.46868,0.00679075,0.00679075,0.00679075
391,3572.78,1.82797,1.89254,1.5428,0.71939,0.48511,0.57643,0.28459,1.83822,1.74803,1.46144,0.0067825,0.0067825,0.0067825
392,3582.2,1.82765,1.8603,1.51805,0.71419,0.47447,0.57337,0.28007,1.84516,1.72873,1.45947,0.00677425,0.00677425,0.00677425
393,3591.04,1.80555,1.84895,1.52071,0.70339,0.49574,0.57435,0.28234,1.84252,1.73996,1.45922,0.006766,0.006766,0.006766
394,3600.03,1.8206,1.87463,1.5368,0.75705,0.48298,0.57776,0.28218,1.83921,1.721,1.45338,0.00675775,0.00675775,0.00675775
395,3609.32,1.83389,1.85498,1.53786,0.70809,0.50213,0.58939,0.29008,1.83949,1.68662,1.45149,0.0067495,0.0067495,0.0067495
396,3619.31,1.80875,1.8231,1.50418,0.71461,0.51915,0.594,0.2912,1.83895,1.71258,1.45234,0.00674125,0.00674125,0.00674125
397,3628.41,1.82459,1.83792,1.51176,0.71619,0.5,0.5897,0.28992,1.84674,1.68999,1.43908,0.006733,0.006733,0.006733
398,3637.22,1.77986,1.82137,1.50344,0.70073,0.51277,0.59812,0.29855,1.8489,1.68682,1.44792,0.00672475,0.00672475,0.00672475
399,3646.74,1.80418,1.83093,1.52916,0.68329,0.53249,0.60082,0.30256,1.83604,1.67693,1.43888,0.0067165,0.0067165,0.0067165
400,3656.74,1.79939,1.81344,1.50788,0.66171,0.53272,0.60319,0.30214,1.83855,1.67912,1.44391,0.00670825,0.00670825,0.00670825
401,3665.68,1.80909,1.83945,1.50902,0.69889,0.53191,0.60696,0.30602,1.82949,1.67009,1.43986,0.0067,0.0067,0.0067
402,3674.79,1.81061,1.84786,1.51811,0.69641,0.55532,0.61629,0.30374,1.84429,1.67,1.44165,0.00669175,0.00669175,0.00669175
403,3684.19,1.75171,1.79227,1.48933,0.72867,0.54854,0.61267,0.30598,1.81718,1.64575,1.43993,0.0066835,0.0066835,0.0066835
404,3694.01,1.77279,1.79194,1.50872,0.66551,0.5383,0.6072,0.3075,1.81177,1.65101,1.44103,0.00667525,0.00667525,0.00667525
405,3703.07,1.75855,1.76125,1.48865,0.68206,0.54255,0.60329,0.30753,1.8182,1.67285,1.43741,0.006667,0.006667,0.006667
406,3712.04,1.77557,1.79863,1.50156,0.72195,0.5234,0.6082,0.31341,1.81303,1.658,1.45427,0.00665875,0.00665875,0.00665875
407,3721.81,1.75496,1.78653,1.48924,0.69913,0.52979,0.61376,0.31797,1.81187,1.63843,1.44229,0.0066505,0.0066505,0.0066505
408,3731.67,1.76709,1.75966,1.49397,0.6949,0.54276,0.62242,0.31885,1.80607,1.63986,1.43755,0.00664225,0.00664225,0.00664225
409,3740.83,1.78127,1.79297,1.49826,0.67228,0.54255,0.60519,0.31102,1.8165,1.65286,1.44434,0.006634,0.006634,0.006634
410,3749.7,1.76618,1.77881,1.48074,0.68509,0.54681,0.6144,0.31976,1.80425,1.61393,1.42817,0.00662575,0.00662575,0.00662575
411,3759.64,1.74862,1.73411,1.47365,0.64819,0.58019,0.62791,0.32525,1.81663,1.61042,1.42759,0.0066175,0.0066175,0.0066175
412,3768.86,1.75711,1.75548,1.4741,0.70001,0.53619,0.63513,0.32673,1.80325,1.59907,1.40944,0.00660925,0.00660925,0.00660925
413,3777.94,1.76848,1.75149,1.48522,0.70358,0.55745,0.63445,0.32937,1.78339,1.57798,1.40305,0.006601,0.006601,0.006601
414,3787.01,1.73632,1.72024,1.46096,0.70016,0.54255,0.63297,0.32896,1.77156,1.56674,1.40297,0.00659275,0.00659275,0.00659275
415,3796.28,1.75853,1.76057,1.46752,0.67776,0.55532,0.62854,0.32047,1.78411,1.57811,1.40542,0.0065845,0.0065845,0.0065845
416,3805.92,1.77053,1.76176,1.49161,0.72411,0.54468,0.63279,0.33013,1.77017,1.58099,1.40492,0.00657625,0.00657625,0.00657625
417,3815.03,1.73749,1.72637,1.46912,0.73381,0.52766,0.63388,0.33,1.78273,1.58299,1.40781,0.006568,0.006568,0.006568
418,3823.97,1.7126,1.71262,1.46006,0.72589,0.57021,0.64191,0.33035,1.77321,1.56463,1.4083,0.00655975,0.00655975,0.00655975
419,3833.62,1.71861,1.69838,1.47347,0.73362,0.57425,0.64946,0.341,1.75533,1.54498,1.40667,0.0065515,0.0065515,0.0065515
420,3843.54,1.73289,1.71872,1.45825,0.74375,0.57872,0.65282,0.34369,1.74663,1.55266,1.40278,0.00654325,0.00654325,0.00654325
421,3852.62,1.74216,1.74256,1.4637,0.72083,0.57683,0.64311,0.33975,1.76092,1.54953,1.39837,0.006535,0.006535,0.006535
422,3861.51,1.74846,1.72886,1.46483,0.75949,0.55532,0.65218,0.34449,1.75716,1.53414,1.38759,0.00652675,0.00652675,0.00652675
423,3871.43,1.71289,1.67406,1.45177,0.78201,0.53617,0.65378,0.34274,1.7442,1.52026,1.38097,0.0065185,0.0065185,0.0065185
424,3880.87,1.72491,1.69564,1.45663,0.76421,0.55167,0.64775,0.33806,1.74221,1.52181,1.38663,0.00651025,0.00651025,0.00651025
425,3889.78,1.73603,1.69932,1.46698,0.73875,0.56383,0.65319,0.33857,1.74373,1.52217,1.38226,0.006502,0.006502,0.006502
426,3898.71,1.69681,1.66315,1.44838,0.77504,0.56444,0.64087,0.33438,1.7576,1.53431,1.38005,0.00649375,0.00649375,0.00649375
427,3908.73,1.72487,1.68925,1.46375,0.7365,0.58511,0.63896,0.33192,1.75397,1.53201,1.38247,0.0064855,0.0064855,0.0064855
428,3918.03,1.71454,1.68261,1.45235,0.71603,0.57872,0.64203,0.33734,1.75312,1.52401,1.38449,0.00647725,0.00647725,0.00647725
429,3926.9,1.70602,1.67517,1.44024,0.7518,0.57234,0.65304,0.33793,1.74766,1.50965,1.37544,0.006469,0.006469,0.006469
430,3935.73,1.73455,1.69408,1.45817,0.73672,0.58511,0.65117,0.3387,1.74547,1.50483,1.3734,0.00646075,0.00646075,0.00646075
431,3944.96,1.69913,1.6504,1.43581,0.75098,0.58389,0.66097,0.34447,1.72315,1.50837,1.37238,0.0064525,0.0064525,0.0064525
432,3955.05,1.71639,1.65649,1.44522,0.76168,0.57121,0.65648,0.35317,1.70154,1.50383,1.36705,0.00644425,0.00644425,0.00644425
433,3964.2,1.71054,1.68549,1.45467,0.68157,0.59202,0.64546,0.34392,1.70248,1.49529,1.36198,0.006436,0.006436,0.006436
434,3973.06,1.69779,1.64511,1.43001,0.76003,0.5766,0.65467,0.34732,1.71097,1.49855,1.36706,0.00642775,0.00642775,0.00642775
435,3982.36,1.72307,1.66534,1.45029,0.73636,0.57021,0.65036,0.34825,1.70147,1.50475,1.36002,0.0064195,0.0064195,0.0064195
436,3991.98,1.65659,1.62534,1.41883,0.78286,0.54468,0.65824,0.35455,1.68386,1.48681,1.3443,0.00641125,0.00641125,0.00641125
437,4001.06,1.69691,1.66025,1.43443,0.75927,0.5704,0.6695,0.35917,1.67765,1.47661,1.33581,0.006403,0.006403,0.006403
438,4010.31,1.68436,1.63412,1.42991,0.74721,0.57231,0.66929,0.36283,1.67745,1.44789,1.3388,0.00639475,0.00639475,0.00639475
439,4020.05,1.67539,1.63786,1.40611,0.77081,0.55957,0.67043,0.36681,1.66131,1.4465,1.33836,0.0063865,0.0063865,0.0063865
440,4029.86,1.67249,1.6519,1.42525,0.76287,0.5617,0.67025,0.36928,1.65909,1.45936,1.33551,0.00637825,0.00637825,0.00637825
441,4039.06,1.69357,1.66089,1.43734,0.76099,0.5766,0.67517,0.36693,1.65325,1.4525,1.32867,0.00637,0.00637,0.00637
442,4048.04,1.67011,1.61321,1.41796,0.75019,0.56809,0.67178,0.36355,1.65451,1.45261,1.32821,0.00636175,0.00636175,0.00636175
443,4058.22,1.66693,1.63568,1.41774,0.78718,0.5745,0.68449,0.37697,1.65447,1.43122,1.31919,0.0063535,0.0063535,0.0063535
444,4067.85,1.68144,1.61281,1.42355,0.76682,0.58775,0.6925,0.38168,1.64581,1.43157,1.32065,0.00634525,0.00634525,0.00634525
445,4077.04,1.67108,1.60099,1.4196,0.78433,0.58085,0.68915,0.37934,1.64242,1.43334,1.31779,0.006337,0.006337,0.006337
446,4085.93,1.66388,1.60223,1.41704,0.78833,0.57845,0.69465,0.3728,1.65329,1.43175,1.32001,0.00632875,0.00632875,0.00632875
447,4095.57,1.64083,1.58187,1.42019,0.74573,0.59905,0.68586,0.37492,1.66889,1.42667,1.32888,0.0063205,0.0063205,0.0063205
448,4104.49,1.6922,1.66336,1.43682,0.78446,0.57872,0.68931,0.37253,1.66935,1.43884,1.32639,0.00631225,0.00631225,0.00631225
449,4113.34,1.63342,1.5648,1.39919,0.80089,0.58085,0.69577,0.37957,1.66676,1.43183,1.32711,0.006304,0.006304,0.006304
450,4122.2,1.65716,1.5992,1.40877,0.77256,0.58936,0.69223,0.37959,1.66015,1.43132,1.3285,0.00629575,0.00629575,0.00629575
451,4131.85,1.66869,1.59716,1.40851,0.7667,0.59149,0.68904,0.38096,1.64303,1.42013,1.30613,0.0062875,0.0062875,0.0062875
452,4141.78,1.66443,1.60473,1.41463,0.74084,0.60638,0.70221,0.38155,1.64274,1.4179,1.30533,0.00627925,0.00627925,0.00627925
453,4151.13,1.6291,1.55851,1.40501,0.76104,0.61489,0.70111,0.38227,1.62527,1.40193,1.30152,0.006271,0.006271,0.006271
454,4160.41,1.64933,1.57233,1.41328,0.79352,0.61277,0.6985,0.38356,1.62408,1.3833,1.30691,0.00626275,0.00626275,0.00626275
455,4169.48,1.6234,1.58165,1.4018,0.75881,0.61277,0.69161,0.38007,1.63615,1.40522,1.30464,0.0062545,0.0062545,0.0062545
456,4178.34,1.64257,1.57886,1.39834,0.75439,0.64043,0.70475,0.38157,1.65179,1.39356,1.3137,0.00624625,0.00624625,0.00624625
457,4187.2,1.61073,1.5865,1.39965,0.7351,0.63191,0.70483,0.3836,1.63331,1.39106,1.30681,0.006238,0.006238,0.006238
458,4196.35,1.6256,1.55334,1.39114,0.77458,0.62766,0.70389,0.39009,1.63024,1.37836,1.30491,0.00622975,0.00622975,0.00622975
459,4205.5,1.66913,1.59767,1.40045,0.7869,0.60497,0.70707,0.39675,1.63001,1.37565,1.30589,0.0062215,0.0062215,0.0062215
460,4214.6,1.64197,1.56647,1.41395,0.77372,0.63191,0.70994,0.39452,1.62115,1.36832,1.29947,0.00621325,0.00621325,0.00621325
461,4223.47,1.61641,1.54727,1.38718,0.79277,0.61277,0.70857,0.39586,1.60563,1.3571,1.28866,0.006205,0.006205,0.006205
462,4232.32,1.64186,1.56136,1.40582,0.7738,0.6234,0.71443,0.40435,1.59483,1.35857,1.2873,0.00619675,0.00619675,0.00619675
463,4241.36,1.6425,1.58107,1.39563,0.77688,0.62766,0.71397,0.40451,1.59135,1.34567,1.28882,0.0061885,0.0061885,0.0061885
464,4250.45,1.59854,1.49455,1.3695,0.78564,0.62553,0.7216,0.40468,1.58526,1.34618,1.27801,0.00618025,0.00618025,0.00618025
465,4259.6,1.60243,1.52734,1.38842,0.79393,0.63937,0.72524,0.40518,1.58839,1.34934,1.28224,0.006172,0.006172,0.006172
466,4268.71,1.60452,1.53308,1.37662,0.79357,0.64681,0.72662,0.40486,1.57886,1.337,1.28175,0.00616375,0.00616375,0.00616375
467,4277.56,1.63023,1.5782,1.38551,0.77077,0.64894,0.72663,0.40659,1.59382,1.34615,1.28726,0.0061555,0.0061555,0.0061555
468,4286.7,1.59756,1.50769,1.37083,0.80136,0.64376,0.73454,0.40981,1.58924,1.34268,1.27865,0.00614725,0.00614725,0.00614725
469,4296.09,1.62762,1.53684,1.38793,0.78639,0.65745,0.73466,0.41739,1.57148,1.34122,1.26975,0.006139,0.006139,0.006139
470,4305.18,1.57749,1.52187,1.37053,0.77908,0.66777,0.73794,0.41065,1.57431,1.33543,1.2692,0.00613075,0.00613075,0.00613075
471,4314.05,1.63788,1.52018,1.38832,0.79871,0.65106,0.74131,0.41226,1.58087,1.33103,1.28033,0.0061225,0.0061225,0.0061225
472,4322.92,1.58668,1.48781,1.3496,0.78348,0.65443,0.74386,0.41438,1.58734,1.32653,1.28043,0.00611425,0.00611425,0.00611425
473,4331.75,1.58369,1.489,1.36398,0.75447,0.65957,0.73858,0.41255,1.58374,1.33438,1.28028,0.006106,0.006106,0.006106
474,4340.61,1.56239,1.45877,1.36456,0.80865,0.63617,0.73619,0.41177,1.5923,1.32765,1.28344,0.00609775,0.00609775,0.00609775
475,4349.48,1.60934,1.51978,1.37698,0.78591,0.65319,0.73873,0.41296,1.58721,1.3177,1.27918,0.0060895,0.0060895,0.0060895
476,4358.31,1.58775,1.51002,1.36694,0.84067,0.60622,0.74412,0.42236,1.5781,1.3135,1.27777,0.00608125,0.00608125,0.00608125
477,4367.41,1.56647,1.46163,1.35737,0.85143,0.62186,0.75288,0.42406,1.5652,1.30855,1.27315,0.006073,0.006073,0.006073
478,4376.56,1.58416,1.48076,1.35892,0.84578,0.62553,0.75008,0.42616,1.5518,1.30778,1.26683,0.00606475,0.00606475,0.00606475
479,4385.64,1.59285,1.47783,1.36181,0.78969,0.67109,0.75362,0.42824,1.54505,1.29221,1.25966,0.0060565,0.0060565,0.0060565
480,4394.63,1.603,1.51097,1.37541,0.83141,0.64007,0.75122,0.43042,1.55382,1.28594,1.26169,0.00604825,0.00604825,0.00604825
481,4403.76,1.58296,1.48223,1.34705,0.82558,0.63617,0.75326,0.43153,1.55976,1.291,1.25794,0.00604,0.00604,0.00604
482,4412.93,1.5975,1.51302,1.35734,0.8129,0.6748,0.75569,0.43189,1.56562,1.28126,1.26408,0.00603175,0.00603175,0.00603175
483,4422.16,1.61422,1.51806,1.38161,0.81557,0.67447,0.75809,0.43532,1.56272,1.28782,1.2562,0.0060235,0.0060235,0.0060235
484,4431.4,1.57417,1.47057,1.36125,0.83729,0.65319,0.7568,0.43562,1.5555,1.28232,1.25078,0.00601525,0.00601525,0.00601525
485,4440.75,1.58823,1.46707,1.35128,0.83016,0.6617,0.75632,0.43546,1.54628,1.27726,1.24517,0.006007,0.006007,0.006007
486,4449.83,1.55135,1.45292,1.34069,0.8322,0.65532,0.75441,0.43408,1.53582,1.27587,1.24602,0.00599875,0.00599875,0.00599875
487,4458.62,1.55376,1.44669,1.33396,0.80934,0.64468,0.75325,0.43705,1.52858,1.27214,1.24317,0.0059905,0.0059905,0.0059905
488,4467.73,1.56157,1.46872,1.34813,0.80236,0.67872,0.75991,0.43896,1.529,1.25797,1.24376,0.00598225,0.00598225,0.00598225
489,4477.13,1.56568,1.43756,1.32415,0.77418,0.70753,0.76275,0.43828,1.53625,1.25602,1.24418,0.005974,0.005974,0.005974
490,4486.18,1.57368,1.4504,1.35786,0.80605,0.67872,0.76353,0.4368,1.53854,1.24907,1.24319,0.00596575,0.00596575,0.00596575
491,4495.44,1.55394,1.43834,1.33617,0.79692,0.70133,0.77075,0.44188,1.52136,1.24312,1.23961,0.0059575,0.0059575,0.0059575
492,4504.72,1.58272,1.48824,1.35545,0.81267,0.71073,0.76869,0.44953,1.51311,1.23497,1.23395,0.00594925,0.00594925,0.00594925
493,4513.82,1.57323,1.4557,1.35648,0.78585,0.71051,0.77198,0.449,1.51833,1.2251,1.23909,0.005941,0.005941,0.005941
494,4522.65,1.55489,1.43661,1.33968,0.79077,0.71064,0.77652,0.44912,1.50914,1.22949,1.23813,0.00593275,0.00593275,0.00593275
495,4531.72,1.55039,1.436,1.3325,0.79899,0.69787,0.77509,0.45212,1.50154,1.23475,1.23504,0.0059245,0.0059245,0.0059245
496,4540.84,1.5633,1.45014,1.33629,0.81412,0.71064,0.78006,0.45035,1.49552,1.22948,1.2321,0.00591625,0.00591625,0.00591625
497,4549.74,1.53142,1.40749,1.33293,0.83701,0.71489,0.78067,0.4528,1.49211,1.23909,1.22197,0.005908,0.005908,0.005908
498,4559.01,1.55394,1.4299,1.33923,0.83412,0.69574,0.77654,0.45359,1.48941,1.23978,1.21732,0.00589975,0.00589975,0.00589975
499,4568.32,1.56796,1.42991,1.33594,0.82942,0.68278,0.77467,0.4503,1.494,1.23296,1.21902,0.0058915,0.0058915,0.0058915
500,4577.29,1.53765,1.41069,1.33339,0.83352,0.68085,0.77327,0.45221,1.48082,1.22955,1.21102,0.00588325,0.00588325,0.00588325
501,4586.17,1.55113,1.42783,1.34781,0.83049,0.67021,0.76849,0.45026,1.48247,1.23205,1.21259,0.005875,0.005875,0.005875
502,4595.33,1.55774,1.44162,1.34152,0.78632,0.70465,0.77466,0.45287,1.48048,1.23705,1.20741,0.00586675,0.00586675,0.00586675
503,4604.46,1.53453,1.39863,1.33366,0.80147,0.70435,0.77449,0.45679,1.4738,1.2329,1.20325,0.0058585,0.0058585,0.0058585
504,4613.74,1.56359,1.42052,1.33413,0.81045,0.7005,0.77806,0.45816,1.48094,1.22539,1.20487,0.00585025,0.00585025,0.00585025
505,4622.91,1.52276,1.41377,1.32817,0.84072,0.70754,0.78049,0.4616,1.48048,1.21967,1.20481,0.005842,0.005842,0.005842
506,4631.92,1.56924,1.41946,1.33271,0.8389,0.70909,0.78257,0.46304,1.47577,1.23108,1.2062,0.00583375,0.00583375,0.00583375
507,4641.11,1.49923,1.36745,1.30737,0.83127,0.68511,0.77563,0.45959,1.47572,1.2434,1.21111,0.0058255,0.0058255,0.0058255
508,4650.02,1.54017,1.42212,1.32539,0.83537,0.69149,0.78316,0.45484,1.479,1.24322,1.2141,0.00581725,0.00581725,0.00581725
509,4658.86,1.52103,1.39771,1.31316,0.81548,0.70851,0.78227,0.45763,1.47652,1.23044,1.21331,0.005809,0.005809,0.005809
510,4667.7,1.52354,1.40345,1.31807,0.81734,0.71402,0.78292,0.45814,1.47364,1.2248,1.21129,0.00580075,0.00580075,0.00580075
511,4676.54,1.54066,1.41533,1.32637,0.81928,0.71379,0.78167,0.46231,1.46838,1.22823,1.21063,0.0057925,0.0057925,0.0057925
512,4685.62,1.52497,1.36076,1.29778,0.82211,0.70213,0.77747,0.46125,1.4734,1.21958,1.20837,0.00578425,0.00578425,0.00578425
513,4694.55,1.52261,1.38495,1.31889,0.81272,0.71489,0.7791,0.45913,1.46579,1.2073,1.20643,0.005776,0.005776,0.005776
514,4703.41,1.51496,1.36941,1.31107,0.8258,0.72128,0.78365,0.4587,1.47091,1.20445,1.20344,0.00576775,0.00576775,0.00576775
515,4712.45,1.47892,1.34733,1.28977,0.83764,0.71349,0.78493,0.46033,1.47669,1.2007,1.20432,0.0057595,0.0057595,0.0057595
516,4721.56,1.50438,1.38582,1.3006,0.82979,0.71572,0.78331,0.46263,1.4712,1.19523,1.19967,0.00575125,0.00575125,0.00575125
517,4730.45,1.50411,1.37638,1.2951,0.82376,0.69616,0.77934,0.46358,1.47381,1.1853,1.19891,0.005743,0.005743,0.005743
518,4739.6,1.52113,1.38158,1.31301,0.8118,0.70666,0.78515,0.46885,1.47553,1.17647,1.19809,0.00573475,0.00573475,0.00573475
519,4748.98,1.51329,1.38822,1.30836,0.83192,0.70555,0.79277,0.47137,1.4629,1.17478,1.1937,0.0057265,0.0057265,0.0057265
520,4758.04,1.49864,1.35672,1.30336,0.80768,0.71489,0.79177,0.47271,1.4706,1.18297,1.19144,0.00571825,0.00571825,0.00571825
521,4767.09,1.49083,1.34707,1.28451,0.82083,0.70426,0.79392,0.47357,1.47342,1.17456,1.19297,0.00571,0.00571,0.00571
522,4776.14,1.50451,1.35606,1.29908,0.8585,0.68936,0.79608,0.47477,1.47262,1.17336,1.1908,0.00570175,0.00570175,0.00570175
523,4785.22,1.48789,1.33927,1.29122,0.85059,0.69043,0.79795,0.47508,1.47019,1.17123,1.18484,0.0056935,0.0056935,0.0056935
524,4794.36,1.49284,1.37828,1.29908,0.85257,0.69149,0.79684,0.47368,1.46773,1.16913,1.18092,0.00568525,0.00568525,0.00568525
525,4803.3,1.47974,1.34118,1.293,0.87297,0.68298,0.79307,0.47225,1.46463,1.16796,1.18443,0.005677,0.005677,0.005677
526,4812.22,1.49105,1.35275,1.30544,0.85403,0.68464,0.78884,0.47318,1.45289,1.1594,1.18537,0.00566875,0.00566875,0.00566875
527,4821.1,1.48004,1.36717,1.2812,0.85575,0.70213,0.79856,0.47846,1.44483,1.14798,1.18039,0.0056605,0.0056605,0.0056605
528,4830.21,1.48887,1.33267,1.28599,0.88728,0.68723,0.80481,0.48234,1.44581,1.15058,1.18076,0.00565225,0.00565225,0.00565225
529,4839.36,1.48228,1.33697,1.28706,0.89464,0.68511,0.80625,0.48408,1.44581,1.14071,1.17621,0.005644,0.005644,0.005644
530,4848.49,1.4841,1.34786,1.29597,0.87867,0.69339,0.80587,0.48198,1.43791,1.13833,1.17467,0.00563575,0.00563575,0.00563575
531,4857.37,1.47478,1.34244,1.2915,0.8572,0.70426,0.80299,0.48088,1.43478,1.14347,1.17574,0.0056275,0.0056275,0.0056275
532,4866.27,1.45649,1.30545,1.29311,0.85553,0.70638,0.80432,0.484,1.44359,1.14989,1.17544,0.00561925,0.00561925,0.00561925
533,4875.21,1.47406,1.33606,1.29212,0.85973,0.69787,0.80274,0.48403,1.44554,1.15369,1.17675,0.005611,0.005611,0.005611
534,4884.07,1.47219,1.33663,1.29125,0.86808,0.70213,0.81216,0.48819,1.43846,1.14691,1.1776,0.00560275,0.00560275,0.00560275
535,4893.16,1.48084,1.30794,1.28269,0.84153,0.72979,0.81387,0.48981,1.42762,1.1337,1.17289,0.0055945,0.0055945,0.0055945
536,4902.24,1.47394,1.32957,1.29086,0.85488,0.70638,0.81213,0.49134,1.42272,1.12772,1.17056,0.00558625,0.00558625,0.00558625
537,4911.32,1.46119,1.2812,1.27886,0.86204,0.70638,0.81732,0.4894,1.41925,1.12051,1.16947,0.005578,0.005578,0.005578
538,4920.3,1.43386,1.25611,1.27736,0.87194,0.70426,0.81439,0.48845,1.41385,1.12189,1.16376,0.00556975,0.00556975,0.00556975
539,4929.23,1.45323,1.32972,1.27497,0.83591,0.72766,0.81044,0.48822,1.41688,1.13098,1.16375,0.0055615,0.0055615,0.0055615
540,4938.08,1.46325,1.32722,1.27614,0.84511,0.70213,0.81154,0.4875,1.42375,1.12883,1.16977,0.00555325,0.00555325,0.00555325
541,4947.1,1.4682,1.33183,1.29048,0.89341,0.69554,0.8173,0.48866,1.42939,1.1236,1.17257,0.005545,0.005545,0.005545
542,4956.18,1.47729,1.31693,1.27771,0.87602,0.7,0.81456,0.48738,1.42653,1.12036,1.17196,0.00553675,0.00553675,0.00553675
543,4965.35,1.46042,1.30853,1.27832,0.87896,0.67985,0.8116,0.48559,1.42619,1.13121,1.16715,0.0055285,0.0055285,0.0055285
544,4974.2,1.47655,1.31276,1.2699,0.87523,0.67161,0.8093,0.48763,1.42408,1.12956,1.15925,0.00552025,0.00552025,0.00552025
545,4983.06,1.48618,1.3245,1.28653,0.85872,0.71128,0.80821,0.48921,1.42199,1.12347,1.15488,0.005512,0.005512,0.005512
546,4991.91,1.44398,1.26831,1.26969,0.87903,0.71118,0.81187,0.48717,1.41537,1.11354,1.14806,0.00550375,0.00550375,0.00550375
547,5000.75,1.44114,1.29123,1.27441,0.87578,0.705,0.81568,0.49284,1.41189,1.1044,1.14691,0.0054955,0.0054955,0.0054955
548,5009.92,1.45073,1.28465,1.26478,0.89196,0.70266,0.8211,0.49866,1.40748,1.10585,1.15348,0.00548725,0.00548725,0.00548725
549,5019.02,1.46601,1.30681,1.2742,0.87879,0.7096,0.82008,0.49886,1.40466,1.1159,1.15529,0.005479,0.005479,0.005479
550,5028.11,1.45158,1.29733,1.2864,0.88321,0.71702,0.82153,0.50076,1.40531,1.11628,1.15451,0.00547075,0.00547075,0.00547075
551,5037.16,1.45062,1.2936,1.27034,0.89423,0.7195,0.82425,0.50414,1.40133,1.11356,1.15136,0.0054625,0.0054625,0.0054625
552,5046.23,1.46894,1.30927,1.28277,0.88935,0.70851,0.81931,0.50277,1.40455,1.11241,1.14921,0.00545425,0.00545425,0.00545425
553,5055.07,1.4382,1.31027,1.27433,0.8726,0.71409,0.82225,0.50589,1.39376,1.10461,1.14906,0.005446,0.005446,0.005446
554,5064.12,1.46543,1.3107,1.26976,0.86342,0.72128,0.82189,0.50555,1.38691,1.10138,1.1472,0.00543775,0.00543775,0.00543775
555,5072.94,1.42216,1.26142,1.27186,0.83372,0.73612,0.82504,0.50809,1.38282,1.10241,1.1475,0.0054295,0.0054295,0.0054295
556,5082.11,1.42689,1.26086,1.26312,0.84181,0.72766,0.82563,0.51081,1.38069,1.09539,1.14356,0.00542125,0.00542125,0.00542125
557,5091.18,1.44325,1.28353,1.26182,0.85244,0.72553,0.82621,0.51478,1.37333,1.09108,1.14059,0.005413,0.005413,0.005413
558,5100.27,1.42785,1.26921,1.25916,0.86307,0.72766,0.82816,0.51482,1.37324,1.08629,1.14098,0.00540475,0.00540475,0.00540475
559,5109.33,1.46461,1.29793,1.28149,0.86131,0.72553,0.82845,0.51394,1.3787,1.0944,1.14426,0.0053965,0.0053965,0.0053965
560,5118.2,1.41473,1.25707,1.26462,0.84397,0.73653,0.82468,0.51199,1.38187,1.09579,1.14677,0.00538825,0.00538825,0.00538825
561,5127.06,1.42685,1.29145,1.25903,0.85205,0.72292,0.82476,0.51244,1.37964,1.09549,1.14615,0.00538,0.00538,0.00538
562,5135.9,1.42609,1.25929,1.25799,0.85588,0.74549,0.83203,0.51713,1.37818,1.09702,1.14678,0.00537175,0.00537175,0.00537175
563,5144.97,1.45327,1.27888,1.25449,0.86452,0.73617,0.83102,0.51807,1.38166,1.10276,1.14678,0.0053635,0.0053635,0.0053635
564,5154.04,1.41664,1.25762,1.25005,0.8569,0.73404,0.82763,0.5165,1.38733,1.10583,1.14833,0.00535525,0.00535525,0.00535525
565,5162.93,1.42994,1.26455,1.24847,0.87692,0.74043,0.82999,0.51678,1.38454,1.09865,1.14232,0.005347,0.005347,0.005347
566,5171.95,1.41016,1.28082,1.25508,0.88168,0.74518,0.82893,0.51817,1.37611,1.09316,1.13867,0.00533875,0.00533875,0.00533875
567,5180.8,1.40277,1.23662,1.24905,0.88223,0.72553,0.82466,0.51804,1.37228,1.08493,1.13917,0.0053305,0.0053305,0.0053305
568,5189.66,1.42325,1.26234,1.24733,0.87223,0.74043,0.83036,0.52099,1.37172,1.08475,1.1372,0.00532225,0.00532225,0.00532225
569,5198.93,1.43127,1.26286,1.25697,0.84164,0.75745,0.82877,0.52006,1.37335,1.08847,1.13581,0.005314,0.005314,0.005314
570,5207.79,1.39944,1.232,1.25248,0.85035,0.75532,0.83088,0.51514,1.37656,1.08078,1.13314,0.00530575,0.00530575,0.00530575
571,5216.8,1.39612,1.24497,1.2483,0.87874,0.74008,0.8312,0.51938,1.3688,1.07543,1.13158,0.0052975,0.0052975,0.0052975
572,5225.48,1.4016,1.23018,1.23738,0.88416,0.74703,0.83528,0.52111,1.36565,1.07246,1.12851,0.00528925,0.00528925,0.00528925
573,5234.68,1.41917,1.2396,1.24441,0.87608,0.75957,0.83944,0.5277,1.36381,1.06898,1.12811,0.005281,0.005281,0.005281
574,5243.78,1.43128,1.27181,1.25356,0.85834,0.76596,0.83875,0.53232,1.36023,1.07301,1.12905,0.00527275,0.00527275,0.00527275
575,5252.94,1.4428,1.26818,1.26098,0.86614,0.7572,0.84008,0.52898,1.36295,1.07376,1.13042,0.0052645,0.0052645,0.0052645
576,5261.91,1.41037,1.25064,1.25651,0.86066,0.76809,0.842,0.53142,1.36553,1.07106,1.13428,0.00525625,0.00525625,0.00525625
577,5270.79,1.44716,1.26658,1.24825,0.85679,0.77649,0.84465,0.53159,1.36939,1.07197,1.13694,0.005248,0.005248,0.005248
578,5279.67,1.38495,1.22247,1.24036,0.88508,0.73741,0.84467,0.53414,1.36554,1.06901,1.13124,0.00523975,0.00523975,0.00523975
579,5288.77,1.42283,1.24924,1.24612,0.87474,0.75779,0.84701,0.53342,1.35981,1.06285,1.12579,0.0052315,0.0052315,0.0052315
580,5297.64,1.43267,1.25947,1.25307,0.87835,0.76383,0.84763,0.53447,1.35895,1.05376,1.11923,0.00522325,0.00522325,0.00522325
581,5306.93,1.411,1.23298,1.23579,0.87821,0.76711,0.84778,0.53662,1.35724,1.04781,1.11526,0.005215,0.005215,0.005215
582,5316.27,1.39945,1.23224,1.24887,0.87437,0.75319,0.84467,0.53478,1.35691,1.04815,1.11392,0.00520675,0.00520675,0.00520675
583,5325.17,1.40482,1.23605,1.24549,0.87667,0.75957,0.84555,0.53531,1.35233,1.04189,1.11308,0.0051985,0.0051985,0.0051985
584,5334.01,1.41057,1.21649,1.24408,0.88648,0.78723,0.85081,0.53726,1.35142,1.04606,1.11783,0.00519025,0.00519025,0.00519025
585,5343.06,1.40909,1.22887,1.24505,0.88504,0.78627,0.84951,0.53763,1.35324,1.05364,1.1198,0.005182,0.005182,0.005182
586,5352.07,1.41237,1.23391,1.2419,0.88382,0.78936,0.84921,0.53589,1.35348,1.05544,1.12264,0.00517375,0.00517375,0.00517375
587,5360.93,1.35312,1.18724,1.22397,0.87948,0.77631,0.84835,0.53822,1.34783,1.05144,1.12283,0.0051655,0.0051655,0.0051655
588,5369.95,1.36937,1.19444,1.23042,0.88044,0.77447,0.85012,0.53836,1.34525,1.04452,1.12308,0.00515725,0.00515725,0.00515725
589,5379.12,1.38676,1.20421,1.22459,0.88359,0.77516,0.85084,0.5375,1.34108,1.04074,1.11905,0.005149,0.005149,0.005149
590,5388.31,1.37444,1.20188,1.23198,0.91347,0.76367,0.85215,0.54031,1.34109,1.03745,1.11945,0.00514075,0.00514075,0.00514075
591,5397.68,1.41295,1.24934,1.23755,0.90092,0.75452,0.8511,0.53567,1.34114,1.03969,1.12222,0.0051325,0.0051325,0.0051325
592,5406.56,1.37643,1.19861,1.22646,0.89583,0.7502,0.84982,0.53546,1.34304,1.04294,1.1201,0.00512425,0.00512425,0.00512425
593,5415.44,1.38982,1.20143,1.22637,0.8555,0.77872,0.84678,0.53509,1.34213,1.04617,1.11971,0.005116,0.005116,0.005116
594,5424.29,1.35717,1.19722,1.22777,0.88122,0.76809,0.84635,0.53103,1.34336,1.04968,1.11863,0.00510775,0.00510775,0.00510775
595,5433.16,1.37394,1.20024,1.23363,0.87184,0.77447,0.84735,0.53332,1.3417,1.03819,1.11757,0.0050995,0.0050995,0.0050995
596,5442.03,1.36058,1.17112,1.22122,0.88224,0.77872,0.84786,0.53361,1.33995,1.02522,1.11921,0.00509125,0.00509125,0.00509125
597,5450.89,1.3596,1.17851,1.22299,0.88294,0.78085,0.8502,0.53604,1.33513,1.02549,1.11824,0.005083,0.005083,0.005083
598,5459.65,1.3767,1.16123,1.2185,0.87173,0.77872,0.85186,0.53628,1.33161,1.02104,1.11694,0.00507475,0.00507475,0.00507475
599,5468.61,1.39662,1.18566,1.22711,0.86651,0.78723,0.8538,0.54112,1.3277,1.02,1.11515,0.0050665,0.0050665,0.0050665
600,5477.62,1.40578,1.22992,1.23686,0.85183,0.78284,0.8513,0.53959,1.33098,1.02419,1.11597,0.00505825,0.00505825,0.00505825
601,5486.36,1.36486,1.19031,1.20682,0.85435,0.77234,0.849,0.53909,1.33139,1.02727,1.11441,0.00505,0.00505,0.00505
602,5495.17,1.39134,1.19834,1.22289,0.86505,0.7774,0.8489,0.5418,1.33422,1.03078,1.11242,0.00504175,0.00504175,0.00504175
603,5504.1,1.39645,1.21368,1.22184,0.8698,0.78085,0.85025,0.53999,1.33069,1.03296,1.10816,0.0050335,0.0050335,0.0050335
604,5512.8,1.37171,1.18804,1.22237,0.86239,0.78672,0.85074,0.5404,1.32227,1.03149,1.1039,0.00502525,0.00502525,0.00502525
605,5521.47,1.39901,1.21547,1.22251,0.86702,0.79149,0.85475,0.54251,1.31674,1.02392,1.10438,0.005017,0.005017,0.005017
606,5530.48,1.37274,1.16937,1.2218,0.87442,0.78511,0.85555,0.5469,1.31613,1.01863,1.10519,0.00500875,0.00500875,0.00500875
607,5539.53,1.36455,1.18706,1.22149,0.8806,0.78462,0.85508,0.54837,1.31317,1.01862,1.10426,0.0050005,0.0050005,0.0050005
608,5548.6,1.35166,1.15008,1.20106,0.90724,0.76995,0.85615,0.54845,1.3184,1.01468,1.10702,0.00499225,0.00499225,0.00499225
609,5557.68,1.37917,1.19088,1.2113,0.87927,0.77872,0.85778,0.55402,1.31557,1.00811,1.11006,0.004984,0.004984,0.004984
610,5566.83,1.37152,1.19164,1.22042,0.8941,0.77243,0.85651,0.5564,1.3137,1.01595,1.10703,0.00497575,0.00497575,0.00497575
611,5576.08,1.35747,1.15852,1.2085,0.87886,0.77872,0.85685,0.55302,1.31942,1.02266,1.1058,0.0049675,0.0049675,0.0049675
612,5585.11,1.3829,1.19076,1.22358,0.88471,0.78373,0.85781,0.55518,1.31942,1.02377,1.10302,0.00495925,0.00495925,0.00495925
613,5593.93,1.37222,1.19619,1.21866,0.89953,0.78102,0.85902,0.55763,1.31232,1.02424,1.09796,0.004951,0.004951,0.004951
614,5603.08,1.32679,1.14973,1.20142,0.88527,0.78298,0.85917,0.55727,1.3044,1.02217,1.09256,0.00494275,0.00494275,0.00494275
615,5612.02,1.36136,1.16262,1.20772,0.88911,0.78298,0.85939,0.55667,1.30128,1.02115,1.0913,0.0049345,0.0049345,0.0049345
616,5620.91,1.35137,1.17449,1.21515,0.89132,0.78936,0.85784,0.55866,1.29977,1.0169,1.09138,0.00492625,0.00492625,0.00492625
617,5630.11,1.34583,1.16189,1.20336,0.88408,0.79149,0.85653,0.55931,1.29901,1.0121,1.09031,0.004918,0.004918,0.004918
618,5639.32,1.34613,1.1585,1.21537,0.89061,0.78936,0.85635,0.55709,1.29934,1.00663,1.09052,0.00490975,0.00490975,0.00490975
619,5648.26,1.35415,1.1429,1.21432,0.87133,0.79246,0.85667,0.5581,1.30138,1.00114,1.08893,0.0049015,0.0049015,0.0049015
620,5657.16,1.32192,1.12871,1.19372,0.87432,0.79362,0.85944,0.55828,1.30618,0.99916,1.0888,0.00489325,0.00489325,0.00489325
621,5666,1.345,1.13818,1.20645,0.87144,0.79149,0.85904,0.55884,1.3142,1.00034,1.0922,0.004885,0.004885,0.004885
622,5675,1.35914,1.16302,1.21559,0.8757,0.79362,0.86321,0.55886,1.3143,1.00349,1.09597,0.00487675,0.00487675,0.00487675
623,5684.08,1.34508,1.14854,1.19894,0.89393,0.79574,0.86577,0.56,1.31322,1.00296,1.09807,0.0048685,0.0048685,0.0048685
624,5693.16,1.35424,1.17289,1.21192,0.89599,0.79362,0.86735,0.55994,1.31638,1.00354,1.099,0.00486025,0.00486025,0.00486025
625,5702.27,1.34305,1.15703,1.20222,0.89818,0.78936,0.86612,0.55989,1.31764,1.00504,1.09854,0.004852,0.004852,0.004852
626,5711.16,1.35803,1.16658,1.20758,0.89999,0.79362,0.8653,0.56086,1.31176,1.00493,1.09715,0.00484375,0.00484375,0.00484375
627,5720.27,1.35795,1.15813,1.20316,0.886,0.8,0.86323,0.56421,1.30981,1.00725,1.09632,0.0048355,0.0048355,0.0048355
628,5729.39,1.33111,1.12516,1.19189,0.89197,0.78511,0.86131,0.56157,1.31056,1.00635,1.09527,0.00482725,0.00482725,0.00482725
629,5738.22,1.34534,1.14939,1.19785,0.88223,0.79694,0.86205,0.56141,1.30895,1.00108,1.09541,0.004819,0.004819,0.004819
630,5747.08,1.33971,1.1364,1.19224,0.87978,0.80426,0.86265,0.56345,1.31154,0.99779,1.09636,0.00481075,0.00481075,0.00481075
631,5755.99,1.3443,1.13196,1.19656,0.89108,0.80067,0.8642,0.56505,1.31293,0.99821,1.09443,0.0048025,0.0048025,0.0048025
632,5765.08,1.31191,1.10646,1.18549,0.89486,0.79682,0.8652,0.56125,1.30888,0.99276,1.09103,0.00479425,0.00479425,0.00479425
633,5774.16,1.31807,1.09601,1.17705,0.90232,0.79787,0.86665,0.56368,1.30281,0.9866,1.08746,0.004786,0.004786,0.004786
634,5782.95,1.32897,1.14439,1.18975,0.89784,0.80402,0.86711,0.56463,1.2959,0.98375,1.08586,0.00477775,0.00477775,0.00477775
635,5791.92,1.32723,1.11827,1.19626,0.90476,0.80213,0.86945,0.56524,1.29569,0.98311,1.08509,0.0047695,0.0047695,0.0047695
636,5801.24,1.30671,1.11414,1.17758,0.90834,0.80127,0.86835,0.56702,1.29474,0.98785,1.08409,0.00476125,0.00476125,0.00476125
637,5810.48,1.32484,1.13275,1.19153,0.89895,0.80426,0.86906,0.56973,1.29118,0.98532,1.08362,0.004753,0.004753,0.004753
638,5819.73,1.30939,1.1076,1.19278,0.89214,0.80638,0.86868,0.56769,1.28896,0.98357,1.08162,0.00474475,0.00474475,0.00474475
639,5828.88,1.34848,1.12443,1.1977,0.90817,0.79787,0.8709,0.56916,1.28708,0.98038,1.07953,0.0047365,0.0047365,0.0047365
640,5837.86,1.29589,1.09469,1.184,0.89444,0.8,0.87052,0.56903,1.28115,0.97594,1.07821,0.00472825,0.00472825,0.00472825
641,5846.74,1.33485,1.1243,1.1767,0.89508,0.79869,0.87152,0.56961,1.27664,0.97647,1.07797,0.00472,0.00472,0.00472
642,5855.87,1.30696,1.12175,1.18155,0.88184,0.8098,0.87299,0.56968,1.27558,0.98289,1.0758,0.00471175,0.00471175,0.00471175
643,5864.96,1.31572,1.12591,1.19717,0.88301,0.81277,0.87453,0.57236,1.2756,0.98944,1.07633,0.0047035,0.0047035,0.0047035
644,5874.13,1.33938,1.14962,1.19319,0.91736,0.7766,0.87302,0.57259,1.27245,0.9837,1.07565,0.00469525,0.00469525,0.00469525
645,5883.15,1.31952,1.10393,1.17305,0.90116,0.78723,0.87062,0.57092,1.27127,0.98884,1.07588,0.004687,0.004687,0.004687
646,5891.96,1.33253,1.13498,1.18505,0.89005,0.78936,0.87033,0.57049,1.27325,0.99019,1.0753,0.00467875,0.00467875,0.00467875
647,5900.88,1.31698,1.1306,1.18621,0.89584,0.78685,0.87026,0.57071,1.27395,0.99589,1.07675,0.0046705,0.0046705,0.0046705
648,5909.67,1.34891,1.14992,1.20292,0.891,0.79149,0.87058,0.57304,1.27241,0.99386,1.07621,0.00466225,0.00466225,0.00466225
649,5918.72,1.29236,1.07641,1.17633,0.91062,0.78042,0.86975,0.57126,1.26797,0.9895,1.07557,0.004654,0.004654,0.004654
650,5927.65,1.33758,1.09824,1.17401,0.90397,0.7811,0.86875,0.57174,1.26503,0.98815,1.07408,0.00464575,0.00464575,0.00464575
651,5936.6,1.30772,1.06798,1.17459,0.8988,0.8,0.8705,0.57437,1.26493,0.98437,1.07216,0.0046375,0.0046375,0.0046375
652,5945.71,1.31986,1.12083,1.18629,0.90378,0.79941,0.87245,0.57434,1.26188,0.98493,1.07006,0.00462925,0.00462925,0.00462925
653,5954.99,1.31189,1.11788,1.1861,0.91248,0.79854,0.87211,0.57384,1.26231,0.9858,1.07106,0.004621,0.004621,0.004621
654,5963.83,1.32324,1.13121,1.19049,0.91324,0.8,0.8726,0.57461,1.2636,0.98153,1.07249,0.00461275,0.00461275,0.00461275
655,5972.94,1.30417,1.12252,1.18462,0.92637,0.79362,0.874,0.57699,1.26462,0.98134,1.07347,0.0046045,0.0046045,0.0046045
656,5982.18,1.32134,1.11611,1.17918,0.92564,0.79461,0.87444,0.57677,1.26576,0.97971,1.07516,0.00459625,0.00459625,0.00459625
657,5991.01,1.30248,1.09946,1.18269,0.92374,0.79899,0.87426,0.57736,1.26556,0.97597,1.07516,0.004588,0.004588,0.004588
658,6000.11,1.3055,1.08174,1.17061,0.92445,0.80213,0.87638,0.58037,1.26375,0.97374,1.07266,0.00457975,0.00457975,0.00457975
659,6009.29,1.31529,1.09928,1.16707,0.90269,0.81277,0.87406,0.5802,1.25892,0.97046,1.07117,0.0045715,0.0045715,0.0045715
660,6018.22,1.32704,1.088,1.17292,0.90456,0.80662,0.87539,0.57982,1.25445,0.96641,1.07177,0.00456325,0.00456325,0.00456325
661,6027.22,1.30807,1.1091,1.17502,0.90808,0.80851,0.87469,0.58111,1.24964,0.96453,1.07074,0.004555,0.004555,0.004555
662,6036.38,1.29075,1.08032,1.17432,0.90446,0.81702,0.87745,0.58168,1.24964,0.96305,1.06856,0.00454675,0.00454675,0.00454675
663,6045.55,1.28538,1.07909,1.17362,0.90818,0.81489,0.87755,0.58394,1.244,0.95511,1.06131,0.0045385,0.0045385,0.0045385
664,6054.76,1.27916,1.07442,1.16515,0.90574,0.81915,0.87693,0.58383,1.24662,0.95664,1.0613,0.00453025,0.00453025,0.00453025
665,6063.61,1.28899,1.07808,1.16773,0.91788,0.80851,0.87741,0.58266,1.24928,0.95993,1.05973,0.004522,0.004522,0.004522
666,6072.4,1.29078,1.08169,1.16981,0.92045,0.80851,0.87849,0.58415,1.24669,0.96033,1.05969,0.00451375,0.00451375,0.00451375
667,6081.46,1.29393,1.07495,1.16669,0.93334,0.80638,0.87929,0.58387,1.24529,0.96039,1.06012,0.0045055,0.0045055,0.0045055
668,6090.43,1.30733,1.10588,1.18516,0.94003,0.80039,0.87975,0.58296,1.24243,0.95667,1.05721,0.00449725,0.00449725,0.00449725
669,6099.75,1.29087,1.06871,1.15107,0.94368,0.80426,0.87907,0.58229,1.2432,0.95537,1.05677,0.004489,0.004489,0.004489
670,6108.83,1.28607,1.09044,1.17782,0.9401,0.80142,0.87926,0.58203,1.24947,0.95549,1.05988,0.00448075,0.00448075,0.00448075
671,6117.66,1.33229,1.13043,1.17667,0.94099,0.80213,0.87992,0.58369,1.2489,0.95184,1.05915,0.0044725,0.0044725,0.0044725
672,6126.09,1.30059,1.09329,1.16843,0.93359,0.80426,0.87959,0.58313,1.24917,0.94868,1.06061,0.00446425,0.00446425,0.00446425
673,6134.94,1.30045,1.08649,1.17445,0.93125,0.80213,0.87959,0.58502,1.25045,0.94527,1.06218,0.004456,0.004456,0.004456
674,6143.99,1.29443,1.07479,1.16264,0.93501,0.80426,0.88112,0.58612,1.24763,0.93845,1.05965,0.00444775,0.00444775,0.00444775
675,6153.06,1.25973,1.05211,1.15944,0.92542,0.80638,0.88103,0.58646,1.24446,0.93354,1.05679,0.0044395,0.0044395,0.0044395
676,6162.21,1.29992,1.07481,1.16296,0.92676,0.80768,0.88045,0.58657,1.2409,0.93431,1.05621,0.00443125,0.00443125,0.00443125
677,6171.47,1.28465,1.06387,1.16592,0.91755,0.80502,0.87929,0.58413,1.23884,0.93506,1.05458,0.004423,0.004423,0.004423
678,6180.3,1.29909,1.07783,1.16815,0.90979,0.81489,0.87779,0.58501,1.23715,0.93361,1.05457,0.00441475,0.00441475,0.00441475
679,6189.33,1.28544,1.0611,1.16285,0.92196,0.81064,0.879,0.58628,1.23681,0.92938,1.05325,0.0044065,0.0044065,0.0044065
680,6198.43,1.27678,1.08291,1.17612,0.91966,0.80851,0.87967,0.58539,1.23469,0.9278,1.05436,0.00439825,0.00439825,0.00439825
681,6207.31,1.29247,1.10301,1.17515,0.91761,0.81064,0.88201,0.58936,1.23159,0.92706,1.05648,0.00439,0.00439,0.00439
682,6216.26,1.27629,1.07316,1.16767,0.92472,0.80851,0.88089,0.58908,1.22861,0.92197,1.05546,0.00438175,0.00438175,0.00438175
683,6225.1,1.30109,1.10739,1.18243,0.92898,0.80706,0.88064,0.59002,1.22789,0.92309,1.05544,0.0043735,0.0043735,0.0043735
684,6234.14,1.30572,1.09372,1.1705,0.93193,0.80638,0.88239,0.58976,1.2293,0.92507,1.05461,0.00436525,0.00436525,0.00436525
685,6243.12,1.28332,1.07683,1.15815,0.92503,0.81064,0.88233,0.59075,1.22906,0.92415,1.05694,0.004357,0.004357,0.004357
686,6252.45,1.27689,1.0512,1.15668,0.92178,0.81277,0.8827,0.59417,1.22656,0.9225,1.0563,0.00434875,0.00434875,0.00434875
687,6261.65,1.27189,1.06108,1.15049,0.92682,0.80845,0.88323,0.59315,1.22392,0.92155,1.05595,0.0043405,0.0043405,0.0043405
688,6270.48,1.27133,1.04663,1.15303,0.92403,0.81277,0.88356,0.59404,1.22483,0.92378,1.05583,0.00433225,0.00433225,0.00433225
689,6279.5,1.26216,1.04219,1.15245,0.91354,0.80929,0.88403,0.59316,1.2274,0.92596,1.05629,0.004324,0.004324,0.004324
690,6288.35,1.26007,1.05532,1.15167,0.91483,0.81064,0.88481,0.59343,1.22779,0.92636,1.05548,0.00431575,0.00431575,0.00431575
691,6297.3,1.2812,1.07735,1.16236,0.92671,0.80714,0.88483,0.59566,1.22483,0.92218,1.05336,0.0043075,0.0043075,0.0043075
692,6306.64,1.27723,1.04632,1.15505,0.9403,0.8,0.88606,0.59648,1.22291,0.91854,1.05252,0.00429925,0.00429925,0.00429925
693,6315.94,1.28341,1.0664,1.15402,0.92961,0.81489,0.88768,0.59498,1.22316,0.91828,1.05357,0.004291,0.004291,0.004291
694,6325.15,1.2503,1.04953,1.14004,0.92437,0.81489,0.88711,0.59373,1.22157,0.91756,1.05324,0.00428275,0.00428275,0.00428275
695,6334.05,1.25445,1.02742,1.14638,0.93183,0.81439,0.88792,0.59322,1.22178,0.91571,1.05323,0.0042745,0.0042745,0.0042745
696,6343.1,1.2658,1.03509,1.15272,0.91392,0.81325,0.88586,0.59356,1.22032,0.91613,1.05164,0.00426625,0.00426625,0.00426625
697,6352.2,1.30118,1.07756,1.16488,0.90838,0.82271,0.88521,0.59402,1.21914,0.91659,1.04995,0.004258,0.004258,0.004258
698,6361.24,1.28517,1.05154,1.169,0.90655,0.82128,0.88361,0.59664,1.21765,0.91728,1.04898,0.00424975,0.00424975,0.00424975
699,6370.07,1.25941,1.04261,1.14896,0.9099,0.82553,0.88629,0.59775,1.21845,0.91754,1.04782,0.0042415,0.0042415,0.0042415
700,6379.21,1.26476,1.01632,1.14665,0.90967,0.81417,0.88331,0.59733,1.21941,0.91587,1.04936,0.00423325,0.00423325,0.00423325
701,6388.05,1.27872,1.03894,1.14756,0.90259,0.82553,0.88226,0.59981,1.21842,0.91585,1.04906,0.004225,0.004225,0.004225
702,6397.26,1.23612,1.04541,1.14718,0.90418,0.8234,0.88284,0.59823,1.21632,0.91535,1.04772,0.00421675,0.00421675,0.00421675
703,6406.13,1.23365,1.03177,1.1419,0.90103,0.8234,0.88205,0.59981,1.21496,0.91635,1.04837,0.0042085,0.0042085,0.0042085
704,6415,1.26926,1.05166,1.14251,0.91443,0.82766,0.88406,0.60132,1.21621,0.91651,1.04958,0.00420025,0.00420025,0.00420025
705,6424.1,1.25382,1.02985,1.14504,0.91439,0.81806,0.88324,0.60016,1.21672,0.91644,1.04985,0.004192,0.004192,0.004192
706,6432.93,1.25658,1.04061,1.14836,0.91502,0.81702,0.88301,0.5992,1.21695,0.9178,1.05047,0.00418375,0.00418375,0.00418375
707,6441.78,1.23649,1.0081,1.14435,0.91005,0.81799,0.88358,0.59935,1.21433,0.915,1.04913,0.0041755,0.0041755,0.0041755
708,6450.66,1.27604,1.07811,1.16582,0.90851,0.81277,0.88339,0.60019,1.21566,0.91322,1.05008,0.00416725,0.00416725,0.00416725
709,6459.53,1.25326,1.02679,1.14651,0.91367,0.81489,0.88558,0.60177,1.21663,0.91232,1.04916,0.004159,0.004159,0.004159
710,6468.6,1.28584,1.06571,1.15788,0.92889,0.80603,0.88493,0.60067,1.21849,0.911,1.04841,0.00415075,0.00415075,0.00415075
711,6477.45,1.26105,1.03154,1.14518,0.9245,0.81064,0.88662,0.60238,1.21672,0.91001,1.04583,0.0041425,0.0041425,0.0041425
712,6486.79,1.24013,1.02454,1.1507,0.91642,0.81277,0.88695,0.6029,1.21626,0.90887,1.04446,0.00413425,0.00413425,0.00413425
713,6495.87,1.26208,1.05263,1.15153,0.91836,0.81379,0.88667,0.60209,1.21552,0.90757,1.0447,0.004126,0.004126,0.004126
714,6504.72,1.24217,1.02141,1.14218,0.92098,0.81834,0.88621,0.60306,1.2145,0.90616,1.0438,0.00411775,0.00411775,0.00411775
715,6513.75,1.24943,1.04083,1.14214,0.9209,0.81738,0.88824,0.60384,1.21253,0.90533,1.0414,0.0041095,0.0041095,0.0041095
716,6522.78,1.27259,1.03655,1.15009,0.92969,0.81489,0.88826,0.60489,1.21096,0.90384,1.04008,0.00410125,0.00410125,0.00410125
717,6531.82,1.22868,1.02396,1.14439,0.92786,0.8234,0.88734,0.60616,1.2085,0.90155,1.03889,0.004093,0.004093,0.004093
718,6540.96,1.25108,1.03159,1.13743,0.92902,0.81277,0.88854,0.60664,1.20991,0.90176,1.0394,0.00408475,0.00408475,0.00408475
719,6550.27,1.24612,1.02639,1.14164,0.92319,0.81834,0.88788,0.60717,1.21036,0.90051,1.0398,0.0040765,0.0040765,0.0040765
720,6559.46,1.26088,1.0404,1.15011,0.91624,0.81455,0.88816,0.60835,1.20978,0.89881,1.03945,0.00406825,0.00406825,0.00406825
721,6568.69,1.24161,1.02247,1.14406,0.9201,0.81277,0.88719,0.60945,1.20843,0.89602,1.03817,0.00406,0.00406,0.00406
722,6577.78,1.22431,1.00407,1.12415,0.92074,0.81568,0.88708,0.61074,1.20668,0.89512,1.03702,0.00405175,0.00405175,0.00405175
723,6586.94,1.23592,0.99384,1.13835,0.91504,0.81702,0.88608,0.6108,1.20561,0.89394,1.03809,0.0040435,0.0040435,0.0040435
724,6595.97,1.22612,0.97717,1.13763,0.92373,0.81277,0.88509,0.60963,1.20776,0.89423,1.04015,0.00403525,0.00403525,0.00403525
725,6605.07,1.2587,1.02935,1.14538,0.91903,0.81277,0.88501,0.6106,1.20894,0.89397,1.03915,0.004027,0.004027,0.004027
726,6614,1.22604,0.99547,1.13095,0.92062,0.81425,0.8851,0.60907,1.20894,0.88996,1.03817,0.00401875,0.00401875,0.00401875
727,6623.05,1.20685,1.00211,1.13173,0.91554,0.8234,0.88719,0.60951,1.2113,0.88841,1.03814,0.0040105,0.0040105,0.0040105
728,6632.19,1.23779,1.00105,1.13436,0.92979,0.81702,0.88839,0.61068,1.21027,0.88717,1.03675,0.00400225,0.00400225,0.00400225
729,6641.47,1.23354,1.0225,1.14149,0.936,0.809,0.88815,0.61132,1.20837,0.88598,1.03543,0.003994,0.003994,0.003994
730,6650.51,1.21804,0.98874,1.12976,0.93351,0.80659,0.88799,0.61153,1.20636,0.88581,1.03478,0.00398575,0.00398575,0.00398575
731,6659.54,1.22202,1.00537,1.13733,0.93436,0.80426,0.88765,0.61245,1.20549,0.88427,1.03394,0.0039775,0.0039775,0.0039775
732,6668.78,1.21705,0.98094,1.12654,0.92884,0.80533,0.88884,0.61166,1.20688,0.88244,1.03373,0.00396925,0.00396925,0.00396925
733,6677.86,1.24665,1.00891,1.13161,0.92719,0.81702,0.88954,0.61117,1.20376,0.87823,1.03038,0.003961,0.003961,0.003961
734,6686.7,1.22347,0.99443,1.12282,0.92279,0.8234,0.88974,0.61161,1.20211,0.87283,1.02874,0.00395275,0.00395275,0.00395275
735,6695.51,1.21693,0.9976,1.13371,0.93145,0.80946,0.89003,0.61065,1.1988,0.86991,1.02706,0.0039445,0.0039445,0.0039445
736,6704.38,1.20399,0.99486,1.12529,0.93166,0.81217,0.88903,0.60915,1.19589,0.86829,1.02561,0.00393625,0.00393625,0.00393625
737,6713.2,1.21053,0.97885,1.12273,0.93351,0.80653,0.8896,0.60965,1.19354,0.8679,1.02289,0.003928,0.003928,0.003928
738,6722.01,1.19269,0.9701,1.12196,0.93433,0.80638,0.88964,0.61138,1.19088,0.86529,1.02163,0.00391975,0.00391975,0.00391975
739,6730.87,1.19749,0.98267,1.12396,0.93315,0.80188,0.8894,0.61218,1.19064,0.86419,1.02448,0.0039115,0.0039115,0.0039115
740,6739.81,1.21551,0.99094,1.12996,0.9379,0.80334,0.88968,0.61324,1.18899,0.86403,1.0238,0.00390325,0.00390325,0.00390325
741,6749.06,1.21719,0.98789,1.12769,0.93834,0.80944,0.89055,0.61359,1.18795,0.86398,1.02343,0.003895,0.003895,0.003895
742,6758.43,1.19717,0.99015,1.12935,0.94065,0.80931,0.89146,0.61263,1.18445,0.8631,1.01952,0.00388675,0.00388675,0.00388675
743,6767.46,1.21561,0.99855,1.12957,0.93581,0.80653,0.89,0.61296,1.18377,0.86344,1.0204,0.0038785,0.0038785,0.0038785
744,6776.34,1.22843,0.99456,1.12737,0.91692,0.82186,0.89073,0.61402,1.18477,0.86405,1.02337,0.00387025,0.00387025,0.00387025
745,6785.53,1.21433,0.98407,1.12207,0.91753,0.82855,0.89351,0.61342,1.18514,0.86338,1.02428,0.003862,0.003862,0.003862
746,6794.65,1.2201,1.00011,1.13541,0.92261,0.82979,0.89415,0.61389,1.1839,0.86264,1.02438,0.00385375,0.00385375,0.00385375
747,6803.83,1.20611,0.99076,1.11876,0.93271,0.83191,0.89666,0.61501,1.18213,0.86136,1.02142,0.0038455,0.0038455,0.0038455
748,6812.91,1.20287,0.97176,1.11689,0.92628,0.82871,0.89508,0.61411,1.18263,0.86114,1.02322,0.00383725,0.00383725,0.00383725
749,6821.79,1.18278,0.96488,1.10984,0.924,0.82777,0.89506,0.6156,1.1824,0.85939,1.02282,0.003829,0.003829,0.003829
750,6830.86,1.2131,0.98256,1.12464,0.92651,0.8315,0.897,0.61552,1.18074,0.8593,1.02235,0.00382075,0.00382075,0.00382075
751,6840.01,1.22763,0.98838,1.13237,0.93559,0.82553,0.89769,0.61664,1.17857,0.85769,1.02209,0.0038125,0.0038125,0.0038125
752,6849.12,1.22731,0.99389,1.13589,0.93756,0.82553,0.89534,0.61566,1.17676,0.85427,1.0217,0.00380425,0.00380425,0.00380425
753,6857.96,1.21773,0.99637,1.11857,0.93911,0.82553,0.89466,0.61494,1.17485,0.85222,1.02122,0.003796,0.003796,0.003796
754,6866.79,1.2033,0.97903,1.11697,0.93949,0.82553,0.89468,0.61583,1.1747,0.85209,1.02053,0.00378775,0.00378775,0.00378775
755,6875.73,1.20465,0.97329,1.12267,0.94418,0.82553,0.8949,0.61549,1.17436,0.85211,1.02034,0.0037795,0.0037795,0.0037795
756,6884.78,1.20594,0.98028,1.12389,0.95109,0.82741,0.89611,0.61854,1.17356,0.85253,1.0212,0.00377125,0.00377125,0.00377125
757,6894,1.20908,0.98468,1.11395,0.95123,0.8234,0.89592,0.61823,1.17531,0.85498,1.02225,0.003763,0.003763,0.003763
758,6902.87,1.20046,0.99448,1.11681,0.94854,0.8234,0.89606,0.61898,1.17603,0.85756,1.02294,0.00375475,0.00375475,0.00375475
759,6912.14,1.20105,0.96887,1.10779,0.94748,0.82766,0.8965,0.61925,1.17389,0.85724,1.02155,0.0037465,0.0037465,0.0037465
760,6921.24,1.19441,0.98864,1.12119,0.94521,0.82766,0.89643,0.61978,1.17256,0.85724,1.02098,0.00373825,0.00373825,0.00373825
761,6930.22,1.17134,0.96495,1.10582,0.94711,0.82979,0.89784,0.62007,1.17088,0.85462,1.02036,0.00373,0.00373,0.00373
762,6939.42,1.20795,0.97515,1.1322,0.94141,0.82979,0.89917,0.62075,1.16777,0.85138,1.01926,0.00372175,0.00372175,0.00372175
763,6948.5,1.20758,0.98072,1.1253,0.94121,0.82979,0.89911,0.62149,1.1668,0.85058,1.01926,0.0037135,0.0037135,0.0037135
764,6957.71,1.194,0.97868,1.1206,0.9405,0.82553,0.89721,0.62069,1.16544,0.8503,1.01832,0.00370525,0.00370525,0.00370525
765,6966.62,1.19604,0.96952,1.1123,0.93955,0.82671,0.89737,0.62266,1.16481,0.84923,1.0177,0.003697,0.003697,0.003697
766,6975.84,1.19344,0.96481,1.11752,0.94386,0.82277,0.89888,0.6251,1.16314,0.84715,1.01609,0.00368875,0.00368875,0.00368875
767,6985.01,1.20129,0.98715,1.11538,0.95021,0.82128,0.90038,0.62449,1.16331,0.84507,1.0158,0.0036805,0.0036805,0.0036805
768,6994.08,1.17225,0.96076,1.1062,0.95167,0.81915,0.90149,0.62605,1.16353,0.84501,1.01701,0.00367225,0.00367225,0.00367225
769,7003.3,1.1734,0.95041,1.09744,0.95518,0.81628,0.90168,0.6263,1.16283,0.84477,1.01637,0.003664,0.003664,0.003664
770,7012.45,1.18398,0.95778,1.11286,0.9505,0.81712,0.90161,0.62847,1.1626,0.84346,1.01612,0.00365575,0.00365575,0.00365575
771,7021.59,1.20169,0.97293,1.11704,0.9392,0.82171,0.90185,0.62831,1.16147,0.84227,1.01651,0.0036475,0.0036475,0.0036475
772,7030.53,1.19643,0.97846,1.11595,0.93722,0.82587,0.90299,0.62778,1.15871,0.84155,1.01608,0.00363925,0.00363925,0.00363925
773,7039.63,1.19726,0.97484,1.12065,0.94817,0.8234,0.90364,0.62695,1.15717,0.84209,1.01548,0.003631,0.003631,0.003631
774,7048.47,1.18565,0.9382,1.1043,0.9537,0.82128,0.90289,0.62737,1.15445,0.84188,1.01416,0.00362275,0.00362275,0.00362275
775,7057.57,1.18997,0.97018,1.11325,0.95387,0.8234,0.90215,0.62754,1.15337,0.84114,1.01278,0.0036145,0.0036145,0.0036145
776,7066.54,1.19942,0.97931,1.11824,0.94849,0.82128,0.90064,0.62659,1.15268,0.84216,1.01252,0.00360625,0.00360625,0.00360625
777,7075.41,1.18037,0.96114,1.11585,0.95164,0.8234,0.90212,0.62728,1.15123,0.84077,1.01169,0.003598,0.003598,0.003598
778,7084.21,1.21889,0.96646,1.11612,0.95006,0.82553,0.90237,0.62571,1.14871,0.83885,1.00852,0.00358975,0.00358975,0.00358975
779,7092.97,1.17892,0.94539,1.09987,0.95124,0.8234,0.90247,0.62616,1.15011,0.83772,1.01093,0.0035815,0.0035815,0.0035815
780,7101.78,1.18656,0.94735,1.11028,0.95342,0.82128,0.90258,0.62664,1.15033,0.83753,1.01126,0.00357325,0.00357325,0.00357325
781,7110.71,1.20253,0.96113,1.11598,0.95161,0.82128,0.90253,0.6272,1.14781,0.83664,1.00716,0.003565,0.003565,0.003565
782,7119.74,1.18891,0.96292,1.11372,0.94794,0.8234,0.90235,0.62628,1.14772,0.83627,1.00565,0.00355675,0.00355675,0.00355675
783,7128.89,1.1727,0.94569,1.10479,0.94851,0.82309,0.9026,0.62818,1.14631,0.83588,1.00506,0.0035485,0.0035485,0.0035485
784,7137.8,1.16655,0.93081,1.10249,0.93917,0.84043,0.90238,0.62843,1.14492,0.83447,1.0052,0.00354025,0.00354025,0.00354025
785,7146.75,1.20194,0.97313,1.11634,0.93889,0.8383,0.90255,0.62722,1.14328,0.83414,1.00449,0.003532,0.003532,0.003532
786,7155.54,1.16406,0.93905,1.10146,0.94048,0.83617,0.90262,0.62869,1.14287,0.83448,1.00488,0.00352375,0.00352375,0.00352375
787,7164.72,1.1836,0.96367,1.11182,0.93941,0.84255,0.90203,0.62946,1.14379,0.83421,1.00602,0.0035155,0.0035155,0.0035155
788,7173.96,1.17198,0.93302,1.0921,0.93841,0.84284,0.90211,0.63192,1.14405,0.8357,1.00706,0.00350725,0.00350725,0.00350725
789,7183.27,1.17415,0.94439,1.1061,0.94088,0.84647,0.90251,0.63063,1.14303,0.83667,1.00678,0.003499,0.003499,0.003499
790,7192.21,1.19993,0.95979,1.11893,0.9437,0.84468,0.9028,0.6318,1.14266,0.83607,1.00843,0.00349075,0.00349075,0.00349075
791,7201.26,1.17174,0.91862,1.09776,0.94492,0.84681,0.90437,0.632,1.14164,0.83501,1.00888,0.0034825,0.0034825,0.0034825
792,7210.39,1.17069,0.94762,1.09916,0.93752,0.84894,0.90478,0.63276,1.1415,0.83581,1.00936,0.00347425,0.00347425,0.00347425
793,7219.74,1.16991,0.9319,1.10264,0.93033,0.84255,0.90349,0.63289,1.14124,0.83456,1.00864,0.003466,0.003466,0.003466
794,7228.56,1.18473,0.95558,1.10335,0.92986,0.84255,0.90388,0.633,1.14056,0.83231,1.00837,0.00345775,0.00345775,0.00345775
795,7237.72,1.18626,0.94477,1.09386,0.92946,0.84099,0.90193,0.63389,1.13859,0.83113,1.00714,0.0034495,0.0034495,0.0034495
796,7247.35,1.18582,0.95026,1.09961,0.92767,0.84588,0.90321,0.63303,1.13777,0.83011,1.00632,0.00344125,0.00344125,0.00344125
797,7256.31,1.18601,0.94983,1.09719,0.94133,0.83617,0.90167,0.6334,1.13796,0.82942,1.00666,0.003433,0.003433,0.003433
798,7265.21,1.1751,0.93746,1.10049,0.93789,0.83533,0.90218,0.63407,1.1383,0.82921,1.0063,0.00342475,0.00342475,0.00342475
799,7274.13,1.17649,0.94385,1.10482,0.94028,0.83191,0.90277,0.6337,1.13861,0.82854,1.00585,0.0034165,0.0034165,0.0034165
800,7282.83,1.1792,0.95887,1.10547,0.94763,0.82553,0.90252,0.6324,1.13772,0.82831,1.00482,0.00340825,0.00340825,0.00340825
801,7291.66,1.17193,0.95864,1.10642,0.94456,0.82553,0.90168,0.63144,1.13703,0.82759,1.00439,0.0034,0.0034,0.0034
802,7300.48,1.17228,0.92198,1.08816,0.95585,0.82128,0.90154,0.63274,1.13516,0.82742,1.00347,0.00339175,0.00339175,0.00339175
803,7309.4,1.15962,0.92613,1.09694,0.96498,0.82069,0.90071,0.63217,1.13193,0.82606,1.00012,0.0033835,0.0033835,0.0033835
804,7318.32,1.17884,0.94038,1.1031,0.954,0.82128,0.90078,0.63233,1.13155,0.82599,0.99921,0.00337525,0.00337525,0.00337525
805,7327.3,1.15673,0.93312,1.09966,0.95204,0.82553,0.89968,0.63143,1.13062,0.82572,0.9986,0.003367,0.003367,0.003367
806,7336.18,1.16641,0.9296,1.09112,0.95215,0.82553,0.89983,0.63069,1.12956,0.82575,0.99798,0.00335875,0.00335875,0.00335875
807,7345.13,1.1584,0.93283,1.09657,0.94672,0.8317,0.90278,0.63197,1.12916,0.82593,0.9974,0.0033505,0.0033505,0.0033505
808,7354.12,1.15615,0.91144,1.09937,0.94676,0.83245,0.90311,0.63288,1.12981,0.82517,1.00024,0.00334225,0.00334225,0.00334225
809,7363.02,1.16851,0.93338,1.0966,0.94179,0.83191,0.90303,0.63127,1.12873,0.82488,1.0001,0.003334,0.003334,0.003334
810,7371.92,1.15817,0.91208,1.08806,0.94681,0.8332,0.90319,0.63117,1.12843,0.82618,0.9997,0.00332575,0.00332575,0.00332575
811,7380.93,1.15934,0.94934,1.09552,0.94864,0.83404,0.9033,0.63166,1.12721,0.8272,0.99836,0.0033175,0.0033175,0.0033175
812,7389.81,1.15427,0.91399,1.09015,0.94649,0.83191,0.90274,0.63251,1.12703,0.82622,0.99707,0.00330925,0.00330925,0.00330925
813,7398.65,1.14333,0.92471,1.08943,0.94685,0.83388,0.90287,0.63308,1.12736,0.8245,0.99716,0.003301,0.003301,0.003301
814,7407.46,1.15629,0.92215,1.093,0.94681,0.83327,0.90473,0.63256,1.12645,0.8243,0.9968,0.00329275,0.00329275,0.00329275
815,7416.27,1.13565,0.90474,1.09593,0.94679,0.83284,0.90531,0.63269,1.12494,0.82439,0.99616,0.0032845,0.0032845,0.0032845
816,7425.25,1.15151,0.93096,1.09528,0.94671,0.83159,0.9056,0.63315,1.12364,0.82303,0.99526,0.00327625,0.00327625,0.00327625
817,7434.2,1.14634,0.92229,1.0888,0.9506,0.83191,0.90597,0.63344,1.1222,0.82217,0.99484,0.003268,0.003268,0.003268
818,7442.97,1.14678,0.92108,1.09309,0.95137,0.83253,0.9061,0.63442,1.12115,0.81989,0.99479,0.00325975,0.00325975,0.00325975
819,7452,1.15798,0.94768,1.09214,0.9504,0.82979,0.90615,0.63509,1.11969,0.81909,0.99445,0.0032515,0.0032515,0.0032515
820,7461.07,1.15489,0.93224,1.09995,0.9489,0.82976,0.90582,0.63477,1.11803,0.81831,0.99431,0.00324325,0.00324325,0.00324325
821,7470.04,1.16138,0.9274,1.089,0.94028,0.83748,0.90518,0.63707,1.11732,0.81722,0.99386,0.003235,0.003235,0.003235
822,7479.29,1.14291,0.9013,1.08334,0.95012,0.82979,0.90504,0.6375,1.11759,0.81646,0.99367,0.00322675,0.00322675,0.00322675
823,7488.42,1.15099,0.92147,1.08846,0.95621,0.82979,0.90565,0.63806,1.11696,0.81572,0.9939,0.0032185,0.0032185,0.0032185
824,7497.73,1.14215,0.91829,1.08504,0.95642,0.82766,0.90566,0.63857,1.11644,0.81518,0.99311,0.00321025,0.00321025,0.00321025
825,7506.78,1.18184,0.93544,1.09715,0.95805,0.82766,0.90586,0.63881,1.1155,0.81409,0.9923,0.003202,0.003202,0.003202
826,7515.85,1.15439,0.92548,1.09054,0.95701,0.82979,0.90596,0.63907,1.1152,0.81291,0.99181,0.00319375,0.00319375,0.00319375
827,7524.93,1.16604,0.90568,1.07662,0.95409,0.82979,0.90604,0.63881,1.11429,0.81127,0.99102,0.0031855,0.0031855,0.0031855
828,7533.77,1.13964,0.92368,1.09097,0.94875,0.82717,0.90559,0.63894,1.11397,0.81004,0.99058,0.00317725,0.00317725,0.00317725
829,7542.64,1.16188,0.90921,1.08245,0.95409,0.8234,0.90553,0.63852,1.11447,0.80927,0.99042,0.003169,0.003169,0.003169
830,7551.78,1.12137,0.89603,1.07386,0.96028,0.8234,0.90586,0.63852,1.11455,0.80871,0.99008,0.00316075,0.00316075,0.00316075
831,7560.76,1.15256,0.90641,1.08423,0.96446,0.82128,0.90515,0.63847,1.11493,0.80927,0.98963,0.0031525,0.0031525,0.0031525
832,7569.64,1.1375,0.90602,1.08104,0.95568,0.82573,0.90505,0.63889,1.11425,0.80879,0.98931,0.00314425,0.00314425,0.00314425
833,7578.54,1.14616,0.91219,1.09229,0.95764,0.81773,0.90502,0.63925,1.11276,0.80654,0.98898,0.003136,0.003136,0.003136
834,7587.85,1.13859,0.9137,1.0871,0.95961,0.81915,0.90491,0.63987,1.11165,0.80418,0.98822,0.00312775,0.00312775,0.00312775
835,7597.1,1.12431,0.88291,1.0724,0.95558,0.81915,0.9057,0.64104,1.11035,0.80314,0.98743,0.0031195,0.0031195,0.0031195
836,7606.28,1.11113,0.8687,1.0737,0.95353,0.81915,0.90572,0.64179,1.10951,0.80387,0.98707,0.00311125,0.00311125,0.00311125
837,7615.43,1.11546,0.86248,1.07222,0.95605,0.82128,0.90582,0.64274,1.10872,0.80333,0.98645,0.003103,0.003103,0.003103
838,7624.57,1.12648,0.88575,1.08131,0.95719,0.82128,0.9062,0.64346,1.10708,0.80179,0.98533,0.00309475,0.00309475,0.00309475
839,7633.67,1.12211,0.87576,1.07685,0.9637,0.82128,0.9065,0.64303,1.1063,0.8002,0.98415,0.0030865,0.0030865,0.0030865
840,7642.61,1.11476,0.876,1.07888,0.96428,0.8234,0.90638,0.64337,1.10569,0.8003,0.98366,0.00307825,0.00307825,0.00307825
841,7651.5,1.1515,0.90152,1.08681,0.96515,0.82491,0.90644,0.64395,1.10471,0.80047,0.98321,0.00307,0.00307,0.00307
842,7660.74,1.10947,0.89742,1.08491,0.96221,0.82553,0.90654,0.64406,1.10388,0.7995,0.98278,0.00306175,0.00306175,0.00306175
843,7669.87,1.12861,0.89935,1.07778,0.95996,0.82553,0.90825,0.64402,1.10339,0.79913,0.9826,0.0030535,0.0030535,0.0030535
844,7678.94,1.1545,0.91004,1.08048,0.96104,0.82553,0.90816,0.64335,1.10301,0.79823,0.9823,0.00304525,0.00304525,0.00304525
845,7687.86,1.13684,0.89118,1.0823,0.96034,0.82553,0.909,0.64468,1.1023,0.79745,0.98189,0.003037,0.003037,0.003037
846,7697.01,1.13286,0.89202,1.07506,0.96199,0.82553,0.90899,0.64377,1.10108,0.7972,0.98127,0.00302875,0.00302875,0.00302875
847,7705.87,1.10248,0.87763,1.07305,0.95656,0.82766,0.90953,0.64429,1.09981,0.79603,0.98054,0.0030205,0.0030205,0.0030205
848,7714.76,1.13479,0.88753,1.084,0.95559,0.82766,0.90893,0.64493,1.09885,0.79529,0.97984,0.00301225,0.00301225,0.00301225
849,7723.93,1.13713,0.88472,1.06155,0.95344,0.82781,0.90935,0.64314,1.09731,0.79382,0.9796,0.003004,0.003004,0.003004
850,7732.88,1.10112,0.8578,1.0714,0.94266,0.84255,0.90957,0.64323,1.09643,0.79306,0.97906,0.00299575,0.00299575,0.00299575
851,7741.99,1.1168,0.87139,1.06826,0.93451,0.84255,0.90848,0.64522,1.09551,0.79263,0.97834,0.0029875,0.0029875,0.0029875
852,7751.05,1.12488,0.8896,1.07193,0.93984,0.8383,0.90737,0.64545,1.0941,0.79242,0.97788,0.00297925,0.00297925,0.00297925
853,7760.15,1.1255,0.88964,1.07435,0.93825,0.84043,0.90796,0.64627,1.09227,0.79149,0.97693,0.002971,0.002971,0.002971
854,7769.09,1.11402,0.88322,1.06246,0.93383,0.84078,0.90747,0.64643,1.09083,0.78991,0.97656,0.00296275,0.00296275,0.00296275
855,7778.31,1.12397,0.88223,1.06862,0.93662,0.84043,0.90667,0.64606,1.08989,0.78977,0.97593,0.0029545,0.0029545,0.0029545
856,7787.36,1.12374,0.88784,1.07143,0.94902,0.83184,0.90695,0.64659,1.09001,0.79026,0.97579,0.00294625,0.00294625,0.00294625
857,7796.42,1.09402,0.8803,1.06896,0.95131,0.83149,0.90575,0.64684,1.09022,0.78936,0.97553,0.002938,0.002938,0.002938
858,7805.46,1.11859,0.88174,1.06995,0.94881,0.8282,0.9087,0.64822,1.09,0.78877,0.97512,0.00292975,0.00292975,0.00292975
859,7814.5,1.0975,0.87608,1.07115,0.9358,0.83734,0.90836,0.64873,1.08913,0.78824,0.97499,0.0029215,0.0029215,0.0029215
860,7823.57,1.10786,0.87358,1.05764,0.93581,0.83749,0.90867,0.64901,1.08859,0.78685,0.97489,0.00291325,0.00291325,0.00291325
861,7832.63,1.11399,0.86411,1.06851,0.93351,0.83642,0.90885,0.64914,1.08816,0.78706,0.97447,0.002905,0.002905,0.002905
862,7841.71,1.12404,0.88914,1.08794,0.93584,0.83793,0.91007,0.64901,1.08752,0.78632,0.97393,0.00289675,0.00289675,0.00289675
863,7850.78,1.12316,0.87718,1.07299,0.93583,0.83776,0.91026,0.64928,1.08692,0.78539,0.97341,0.0028885,0.0028885,0.0028885
864,7860,1.10466,0.88315,1.06841,0.93617,0.83617,0.90946,0.64879,1.08529,0.78457,0.97098,0.00288025,0.00288025,0.00288025
865,7868.9,1.11759,0.88184,1.07279,0.93374,0.83955,0.90942,0.64897,1.0843,0.78388,0.97069,0.002872,0.002872,0.002872
866,7877.74,1.12477,0.88266,1.06408,0.93591,0.83894,0.90965,0.64948,1.08364,0.78304,0.96999,0.00286375,0.00286375,0.00286375
867,7886.78,1.09855,0.86466,1.06743,0.93603,0.84054,0.91222,0.65039,1.08357,0.78175,0.96977,0.0028555,0.0028555,0.0028555
868,7895.87,1.09883,0.85964,1.06411,0.93858,0.84533,0.91562,0.65028,1.08316,0.78041,0.96918,0.00284725,0.00284725,0.00284725
869,7904.98,1.1015,0.85557,1.05757,0.94069,0.84372,0.9161,0.65056,1.08311,0.7797,0.96881,0.002839,0.002839,0.002839
870,7914.18,1.09821,0.87773,1.07302,0.93808,0.84255,0.91598,0.65207,1.08283,0.77911,0.96867,0.00283075,0.00283075,0.00283075
871,7923.46,1.10913,0.86865,1.06297,0.93837,0.84043,0.91599,0.65305,1.08281,0.77851,0.96814,0.0028225,0.0028225,0.0028225
872,7932.59,1.10911,0.87616,1.0659,0.94042,0.83966,0.91503,0.65324,1.08279,0.77794,0.96797,0.00281425,0.00281425,0.00281425
873,7941.67,1.11106,0.8721,1.07655,0.94267,0.8396,0.91537,0.65266,1.08186,0.77707,0.96757,0.002806,0.002806,0.002806
874,7950.52,1.11357,0.87094,1.07949,0.94286,0.8383,0.91542,0.65294,1.08117,0.77714,0.96733,0.00279775,0.00279775,0.00279775
875,7959.38,1.0992,0.84714,1.05132,0.94844,0.83617,0.91562,0.6531,1.08066,0.77586,0.96736,0.0027895,0.0027895,0.0027895
876,7968.26,1.10461,0.87579,1.06345,0.94707,0.83752,0.9153,0.65344,1.0802,0.7751,0.9677,0.00278125,0.00278125,0.00278125
877,7977.35,1.10849,0.8673,1.06235,0.94738,0.84275,0.91523,0.65421,1.08006,0.77481,0.96804,0.002773,0.002773,0.002773
878,7986.45,1.13514,0.88302,1.07694,0.94534,0.84629,0.91514,0.65358,1.08017,0.77418,0.96779,0.00276475,0.00276475,0.00276475
879,7995.33,1.11187,0.88288,1.06944,0.92834,0.85106,0.91509,0.65371,1.08033,0.77381,0.96794,0.0027565,0.0027565,0.0027565
880,8004.21,1.10319,0.86223,1.07134,0.94854,0.83404,0.91536,0.6555,1.08016,0.77331,0.9679,0.00274825,0.00274825,0.00274825
881,8013.28,1.09214,0.8744,1.06697,0.94463,0.8349,0.91542,0.65484,1.07983,0.77328,0.96761,0.00274,0.00274,0.00274
882,8022.11,1.10729,0.88324,1.06552,0.94481,0.83778,0.91575,0.65576,1.07935,0.77374,0.96761,0.00273175,0.00273175,0.00273175
883,8031.29,1.09858,0.87617,1.06403,0.94703,0.8383,0.91586,0.65623,1.07895,0.774,0.96716,0.0027235,0.0027235,0.0027235
884,8040.43,1.10596,0.85662,1.06312,0.95156,0.83598,0.91569,0.65547,1.07917,0.77406,0.96732,0.00271525,0.00271525,0.00271525
885,8049.36,1.09462,0.87553,1.06272,0.94977,0.84043,0.91539,0.65555,1.0792,0.77444,0.96746,0.002707,0.002707,0.002707
886,8058.49,1.0875,0.85921,1.05765,0.94855,0.84043,0.91612,0.65576,1.07866,0.77467,0.96698,0.00269875,0.00269875,0.00269875
887,8067.44,1.07902,0.84623,1.05703,0.94832,0.84043,0.91624,0.65632,1.07858,0.77424,0.96671,0.0026905,0.0026905,0.0026905
888,8076.7,1.0926,0.85952,1.06374,0.94729,0.84121,0.91769,0.65685,1.07815,0.77383,0.96646,0.00268225,0.00268225,0.00268225
889,8085.87,1.09401,0.87185,1.06158,0.94611,0.84043,0.91785,0.65714,1.07769,0.77287,0.96625,0.002674,0.002674,0.002674
890,8095,1.08743,0.85125,1.05764,0.94963,0.84229,0.91791,0.6577,1.07788,0.77254,0.96588,0.00266575,0.00266575,0.00266575
891,8104.18,1.11041,0.87041,1.06208,0.94488,0.84255,0.91823,0.65778,1.07731,0.77259,0.96556,0.0026575,0.0026575,0.0026575
892,8113.31,1.09092,0.86043,1.05586,0.94398,0.84255,0.91861,0.65683,1.07743,0.77224,0.96575,0.00264925,0.00264925,0.00264925
893,8122.12,1.072,0.84481,1.06123,0.9519,0.84255,0.91851,0.65765,1.0772,0.77159,0.96572,0.002641,0.002641,0.002641
894,8131.13,1.10501,0.86459,1.06203,0.94517,0.84358,0.91883,0.65753,1.0774,0.77055,0.96555,0.00263275,0.00263275,0.00263275
895,8140.15,1.08278,0.85233,1.05292,0.94294,0.84379,0.91901,0.65734,1.07723,0.76921,0.96528,0.0026245,0.0026245,0.0026245
896,8149.27,1.08692,0.85203,1.06364,0.94081,0.84548,0.919,0.65623,1.0772,0.76817,0.96548,0.00261625,0.00261625,0.00261625
897,8158.33,1.0845,0.84399,1.05476,0.94286,0.84468,0.91927,0.65715,1.07739,0.76761,0.9655,0.002608,0.002608,0.002608
898,8167.17,1.08811,0.84502,1.05013,0.9434,0.85113,0.91979,0.65799,1.07803,0.76762,0.96563,0.00259975,0.00259975,0.00259975
899,8176.33,1.09787,0.85407,1.05699,0.94788,0.85127,0.9201,0.65791,1.07783,0.76763,0.96537,0.0025915,0.0025915,0.0025915
900,8185.41,1.06274,0.82093,1.0335,0.94791,0.85185,0.92025,0.65725,1.07757,0.76707,0.96474,0.00258325,0.00258325,0.00258325
901,8194.47,1.07689,0.82584,1.045,0.94748,0.85319,0.92037,0.6567,1.07676,0.76678,0.96439,0.002575,0.002575,0.002575
902,8203.35,1.07694,0.84949,1.0424,0.94565,0.8515,0.92018,0.65666,1.07623,0.76608,0.96438,0.00256675,0.00256675,0.00256675
903,8212.21,1.07785,0.84016,1.0521,0.94788,0.85132,0.92033,0.65702,1.07522,0.76482,0.96417,0.0025585,0.0025585,0.0025585
904,8221.09,1.08699,0.85441,1.06447,0.94772,0.84854,0.92088,0.65752,1.07431,0.76365,0.96382,0.00255025,0.00255025,0.00255025
905,8229.98,1.07632,0.8485,1.05918,0.94767,0.84761,0.92092,0.65854,1.07378,0.7636,0.96344,0.002542,0.002542,0.002542
906,8239.24,1.07635,0.84913,1.05563,0.93947,0.85856,0.92158,0.65949,1.07333,0.76237,0.96375,0.00253375,0.00253375,0.00253375
907,8248.35,1.07799,0.84535,1.0618,0.93844,0.85745,0.92173,0.66023,1.0726,0.76068,0.96348,0.0025255,0.0025255,0.0025255
908,8257.4,1.09029,0.84585,1.05794,0.94787,0.85106,0.92202,0.66056,1.07172,0.75958,0.963,0.00251725,0.00251725,0.00251725
909,8266.52,1.06835,0.83909,1.0601,0.93811,0.85532,0.92074,0.66153,1.07152,0.75908,0.96271,0.002509,0.002509,0.002509
910,8275.6,1.07003,0.82882,1.04696,0.9457,0.85319,0.92061,0.66186,1.07093,0.75916,0.96269,0.00250075,0.00250075,0.00250075
911,8284.94,1.0699,0.82003,1.05467,0.94566,0.85158,0.9199,0.66257,1.07069,0.75894,0.96261,0.0024925,0.0024925,0.0024925
912,8294.22,1.06646,0.82412,1.04109,0.93933,0.85656,0.92035,0.66221,1.07015,0.75837,0.96241,0.00248425,0.00248425,0.00248425
913,8303.1,1.07051,0.83584,1.05301,0.93634,0.85745,0.92058,0.66184,1.0699,0.75788,0.96237,0.002476,0.002476,0.002476
914,8311.92,1.07317,0.82898,1.04459,0.93707,0.85745,0.92077,0.66188,1.06994,0.75751,0.96205,0.00246775,0.00246775,0.00246775
915,8320.86,1.07459,0.83494,1.04491,0.93278,0.85745,0.92083,0.66216,1.06982,0.75754,0.96207,0.0024595,0.0024595,0.0024595
916,8329.79,1.0703,0.81727,1.04664,0.93084,0.85906,0.92073,0.66116,1.06955,0.75741,0.96163,0.00245125,0.00245125,0.00245125
917,8338.61,1.07898,0.83021,1.04887,0.92896,0.8617,0.92094,0.66193,1.06883,0.75707,0.96145,0.002443,0.002443,0.002443
918,8347.45,1.0693,0.83314,1.04201,0.92765,0.86383,0.92184,0.66332,1.068,0.75669,0.9613,0.00243475,0.00243475,0.00243475
919,8356.65,1.08988,0.83764,1.04943,0.92669,0.86596,0.92225,0.66307,1.06745,0.75573,0.96111,0.0024265,0.0024265,0.0024265
920,8365.58,1.07382,0.83672,1.04862,0.92583,0.86596,0.92212,0.66173,1.06746,0.75535,0.96153,0.00241825,0.00241825,0.00241825
921,8374.43,1.07355,0.83642,1.05434,0.92366,0.86596,0.92215,0.66204,1.06711,0.75485,0.96186,0.00241,0.00241,0.00241
922,8383.28,1.06458,0.82581,1.051,0.92822,0.86596,0.92199,0.662,1.0668,0.75453,0.96192,0.00240175,0.00240175,0.00240175
923,8392.13,1.04933,0.82501,1.03471,0.93001,0.86596,0.92198,0.66314,1.0669,0.7548,0.96221,0.0023935,0.0023935,0.0023935
924,8400.96,1.0804,0.86195,1.05546,0.93023,0.86596,0.92209,0.66409,1.06683,0.75415,0.96237,0.00238525,0.00238525,0.00238525
925,8410.03,1.05585,0.81875,1.04598,0.93148,0.86774,0.92211,0.66321,1.06616,0.75402,0.96235,0.002377,0.002377,0.002377
926,8418.88,1.07787,0.83675,1.05536,0.93144,0.86722,0.92236,0.66306,1.06615,0.75392,0.9625,0.00236875,0.00236875,0.00236875
927,8428.42,1.04015,0.82477,1.05386,0.93119,0.86596,0.92234,0.66206,1.06577,0.75444,0.96236,0.0023605,0.0023605,0.0023605
928,8437.53,1.06994,0.82677,1.03646,0.92931,0.86707,0.92248,0.6624,1.06583,0.75448,0.96274,0.00235225,0.00235225,0.00235225
929,8446.57,1.07256,0.83956,1.0516,0.93124,0.87021,0.92359,0.66251,1.0656,0.75394,0.96251,0.002344,0.002344,0.002344
930,8455.4,1.0706,0.83893,1.0557,0.93134,0.87021,0.9237,0.66361,1.06537,0.75413,0.96251,0.00233575,0.00233575,0.00233575
931,8464.53,1.069,0.83516,1.05363,0.92947,0.87021,0.92375,0.66376,1.06518,0.75361,0.96246,0.0023275,0.0023275,0.0023275
932,8473.48,1.0639,0.84188,1.04783,0.93093,0.87021,0.92394,0.6641,1.06438,0.75334,0.96239,0.00231925,0.00231925,0.00231925
933,8482.76,1.0554,0.82633,1.04303,0.9312,0.87021,0.92252,0.66439,1.06438,0.75221,0.96196,0.002311,0.002311,0.002311
934,8491.96,1.04918,0.80669,1.03127,0.93144,0.87021,0.92236,0.6637,1.06402,0.75241,0.96204,0.00230275,0.00230275,0.00230275
935,8500.86,1.06097,0.82184,1.03561,0.93175,0.87021,0.92233,0.66383,1.06391,0.75236,0.96189,0.0022945,0.0022945,0.0022945
936,8509.84,1.05525,0.82258,1.04207,0.93223,0.87021,0.92254,0.6646,1.06348,0.75216,0.96183,0.00228625,0.00228625,0.00228625
937,8518.96,1.0602,0.8302,1.04454,0.93065,0.87021,0.92205,0.66596,1.06306,0.75153,0.96121,0.002278,0.002278,0.002278
938,8528.06,1.06803,0.83594,1.03886,0.93268,0.87021,0.92236,0.6664,1.06269,0.75143,0.96106,0.00226975,0.00226975,0.00226975
939,8537.13,1.04096,0.8042,1.03555,0.93047,0.87021,0.92223,0.66626,1.06278,0.75105,0.96074,0.0022615,0.0022615,0.0022615
940,8546.01,1.05556,0.82993,1.03646,0.93215,0.87021,0.92221,0.66592,1.06267,0.75111,0.9604,0.00225325,0.00225325,0.00225325
941,8554.93,1.08322,0.83972,1.0523,0.93371,0.87021,0.92234,0.66615,1.06271,0.75136,0.96029,0.002245,0.002245,0.002245
942,8563.78,1.06818,0.83964,1.04378,0.93162,0.86969,0.92236,0.6656,1.06242,0.75203,0.95987,0.00223675,0.00223675,0.00223675
943,8572.61,1.05937,0.82737,1.04213,0.93157,0.86892,0.92252,0.66603,1.06235,0.75209,0.95967,0.0022285,0.0022285,0.0022285
944,8581.61,1.05549,0.81875,1.05059,0.93147,0.86755,0.92265,0.66599,1.06198,0.75251,0.95931,0.00222025,0.00222025,0.00222025
945,8590.64,1.04487,0.81709,1.03743,0.93356,0.86693,0.92288,0.66562,1.06174,0.75263,0.95926,0.002212,0.002212,0.002212
946,8599.58,1.05924,0.81648,1.03667,0.9335,0.86617,0.92286,0.66531,1.06191,0.75208,0.95904,0.00220375,0.00220375,0.00220375
947,8608.49,1.02937,0.80094,1.02292,0.93141,0.86671,0.92275,0.66429,1.06205,0.75185,0.95868,0.0021955,0.0021955,0.0021955
948,8617.32,1.05181,0.80005,1.03738,0.9318,0.86596,0.9228,0.6643,1.06209,0.75166,0.95831,0.00218725,0.00218725,0.00218725
949,8626.34,1.05611,0.80501,1.04015,0.93819,0.86383,0.92309,0.66417,1.06213,0.7518,0.95822,0.002179,0.002179,0.002179
950,8635.23,1.05615,0.81269,1.03433,0.93796,0.86383,0.92322,0.66421,1.06198,0.75183,0.95787,0.00217075,0.00217075,0.00217075
951,8644.35,1.05961,0.80846,1.04307,0.94525,0.86383,0.92371,0.66544,1.06177,0.75159,0.95724,0.0021625,0.0021625,0.0021625
952,8653.38,1.05325,0.80812,1.04137,0.94606,0.85745,0.9238,0.66543,1.06116,0.75125,0.95699,0.00215425,0.00215425,0.00215425
953,8662.34,1.04707,0.81663,1.04723,0.94617,0.86596,0.92384,0.66649,1.06071,0.75046,0.95687,0.002146,0.002146,0.002146
954,8671.43,1.03401,0.81605,1.03347,0.94583,0.86596,0.92387,0.66598,1.06057,0.75041,0.9568,0.00213775,0.00213775,0.00213775
955,8680.27,1.03264,0.80105,1.03446,0.94617,0.86596,0.92403,0.66629,1.06013,0.74953,0.95669,0.0021295,0.0021295,0.0021295
956,8689.15,1.03748,0.80785,1.04149,0.94695,0.86383,0.92445,0.66668,1.05996,0.74896,0.9563,0.00212125,0.00212125,0.00212125
957,8698.23,1.04861,0.81654,1.03616,0.94589,0.86383,0.92405,0.66596,1.06132,0.7493,0.95923,0.002113,0.002113,0.002113
958,8707.14,1.05011,0.81329,1.03495,0.93572,0.86728,0.92409,0.66734,1.06056,0.74908,0.95898,0.00210475,0.00210475,0.00210475
959,8716.32,1.03734,0.80052,1.03572,0.94624,0.85745,0.92413,0.66813,1.06042,0.74915,0.95877,0.0020965,0.0020965,0.0020965
960,8725.63,1.03721,0.81006,1.03104,0.94978,0.85957,0.92462,0.66804,1.06047,0.74867,0.95849,0.00208825,0.00208825,0.00208825
961,8734.68,1.04646,0.79326,1.03189,0.94614,0.85964,0.92409,0.66872,1.06008,0.74852,0.95826,0.00208,0.00208,0.00208
962,8744.06,1.04597,0.80096,1.03059,0.94831,0.85878,0.92444,0.66874,1.05963,0.74803,0.95806,0.00207175,0.00207175,0.00207175
963,8753.36,1.01818,0.79092,1.02664,0.94904,0.85745,0.92431,0.66886,1.05955,0.7478,0.95798,0.0020635,0.0020635,0.0020635
964,8762.65,1.06461,0.82066,1.02892,0.94914,0.85745,0.92431,0.66832,1.05901,0.74759,0.95788,0.00205525,0.00205525,0.00205525
965,8771.49,1.03822,0.80854,1.0314,0.94791,0.85957,0.92431,0.66825,1.05835,0.74737,0.95767,0.002047,0.002047,0.002047
966,8780.34,1.03626,0.81064,1.0414,0.94773,0.85957,0.92441,0.66855,1.05807,0.74705,0.95761,0.00203875,0.00203875,0.00203875
967,8789.32,1.03152,0.79344,1.02449,0.94838,0.85997,0.9245,0.66729,1.0577,0.74693,0.9573,0.0020305,0.0020305,0.0020305
968,8798.23,1.01807,0.80921,1.03082,0.94834,0.85957,0.92452,0.66805,1.05755,0.74667,0.95716,0.00202225,0.00202225,0.00202225
969,8807.1,1.05866,0.81839,1.04102,0.94835,0.85949,0.92461,0.66805,1.05781,0.74678,0.9572,0.002014,0.002014,0.002014
970,8815.93,1.03161,0.80275,1.0345,0.94827,0.85807,0.92417,0.66821,1.05756,0.74621,0.95692,0.00200575,0.00200575,0.00200575
971,8824.85,1.02396,0.79636,1.02947,0.94827,0.858,0.92426,0.66856,1.05716,0.74585,0.95674,0.0019975,0.0019975,0.0019975
972,8833.86,1.0468,0.81311,1.03696,0.9482,0.85691,0.92618,0.66806,1.05697,0.74551,0.95667,0.00198925,0.00198925,0.00198925
973,8842.78,1.04494,0.82021,1.04108,0.95479,0.8538,0.92636,0.66853,1.05686,0.74491,0.95656,0.001981,0.001981,0.001981
974,8851.98,1.04309,0.81091,1.04184,0.94821,0.85702,0.92652,0.66879,1.05654,0.74431,0.95659,0.00197275,0.00197275,0.00197275
975,8861.16,1.03217,0.79669,1.02535,0.95481,0.85421,0.92652,0.66959,1.05625,0.74388,0.95635,0.0019645,0.0019645,0.0019645
976,8870.39,1.03957,0.80652,1.03251,0.95479,0.85372,0.92662,0.66928,1.05626,0.74348,0.95632,0.00195625,0.00195625,0.00195625
977,8879.38,1.01562,0.77978,1.02643,0.95477,0.85319,0.92678,0.6699,1.05621,0.74356,0.95654,0.001948,0.001948,0.001948
978,8888.7,1.02106,0.79488,1.02801,0.96264,0.85319,0.92675,0.67028,1.05582,0.74352,0.95639,0.00193975,0.00193975,0.00193975
979,8897.9,1.04015,0.79413,1.02951,0.96243,0.85319,0.92671,0.67024,1.05542,0.74288,0.95625,0.0019315,0.0019315,0.0019315
980,8906.9,1.0314,0.81687,1.03539,0.96253,0.85319,0.92675,0.66984,1.05516,0.74299,0.95628,0.00192325,0.00192325,0.00192325
981,8915.71,1.02158,0.78748,1.02689,0.96211,0.85319,0.92676,0.66916,1.0551,0.74296,0.95632,0.001915,0.001915,0.001915
982,8924.55,1.03399,0.79867,1.02853,0.96115,0.85319,0.92669,0.66909,1.05538,0.7424,0.9563,0.00190675,0.00190675,0.00190675
983,8933.59,1.02383,0.77942,1.02095,0.96101,0.85319,0.92676,0.66939,1.05517,0.74193,0.95619,0.0018985,0.0018985,0.0018985
984,8942.64,1.01739,0.78315,1.03504,0.96077,0.85319,0.92655,0.66917,1.05485,0.74193,0.95632,0.00189025,0.00189025,0.00189025
985,8951.49,1.02812,0.79679,1.02261,0.9644,0.85319,0.92653,0.66957,1.05465,0.7415,0.95631,0.001882,0.001882,0.001882
986,8960.37,1.03423,0.78253,1.0325,0.97092,0.8524,0.92657,0.66959,1.05445,0.74132,0.95621,0.00187375,0.00187375,0.00187375
987,8969.18,1.01058,0.78236,1.0296,0.9699,0.85106,0.92662,0.66933,1.05426,0.74119,0.95625,0.0018655,0.0018655,0.0018655
988,8977.98,1.0202,0.78916,1.01907,0.97089,0.8516,0.92668,0.67006,1.05406,0.7406,0.95619,0.00185725,0.00185725,0.00185725
989,8987.08,1.02407,0.79127,1.02943,0.97089,0.8515,0.92674,0.67025,1.05364,0.74002,0.95602,0.001849,0.001849,0.001849
990,8995.98,1.02671,0.77521,1.02291,0.97036,0.85106,0.92681,0.67022,1.05318,0.73948,0.95592,0.00184075,0.00184075,0.00184075
991,9004.82,1.02827,0.78736,1.02057,0.9709,0.85179,0.92688,0.66959,1.05277,0.73877,0.95576,0.0018325,0.0018325,0.0018325
992,9013.71,1.02029,0.77868,1.02144,0.97091,0.85226,0.927,0.66999,1.05264,0.73871,0.95572,0.00182425,0.00182425,0.00182425
993,9022.63,1.01476,0.77349,1.0244,0.97328,0.85239,0.92742,0.67086,1.05252,0.73792,0.9557,0.001816,0.001816,0.001816
994,9031.73,1.00849,0.77606,1.01874,0.97179,0.84894,0.92562,0.67042,1.05242,0.73784,0.95575,0.00180775,0.00180775,0.00180775
995,9040.61,1.02708,0.80852,1.03081,0.97322,0.85059,0.9257,0.67068,1.05211,0.73761,0.95558,0.0017995,0.0017995,0.0017995
996,9049.47,1.03025,0.79129,1.02621,0.97088,0.85115,0.92565,0.6705,1.05162,0.73686,0.95548,0.00179125,0.00179125,0.00179125
997,9058.33,1.01354,0.77794,1.0239,0.97092,0.85259,0.92575,0.66987,1.05111,0.73647,0.9551,0.001783,0.001783,0.001783
998,9067.21,1.02283,0.77863,1.01699,0.97047,0.85319,0.92658,0.67035,1.05092,0.73624,0.95504,0.00177475,0.00177475,0.00177475
999,9076.07,1.03079,0.79485,1.03284,0.97205,0.85319,0.92665,0.67137,1.05079,0.73569,0.95513,0.0017665,0.0017665,0.0017665
1000,9085.37,1.01004,0.78094,1.01764,0.97236,0.85319,0.92674,0.67043,1.05052,0.73525,0.95477,0.00175825,0.00175825,0.00175825
1001,9094.26,1.03219,0.77664,1.01427,0.97264,0.85319,0.92684,0.66964,1.05034,0.73472,0.95465,0.00175,0.00175,0.00175
1002,9103.41,1.028,0.79638,1.02036,0.97562,0.85131,0.92709,0.67004,1.05007,0.73387,0.95442,0.00174175,0.00174175,0.00174175
1003,9112.33,1.02806,0.79557,1.02862,0.97564,0.852,0.92713,0.66992,1.04995,0.73376,0.95452,0.0017335,0.0017335,0.0017335
1004,9121.25,0.99349,0.76184,1.01902,0.9756,0.85086,0.92732,0.66973,1.04953,0.73357,0.95434,0.00172525,0.00172525,0.00172525
1005,9130.31,1.02344,0.79335,1.03042,0.97561,0.85105,0.92745,0.67015,1.04907,0.73309,0.95412,0.001717,0.001717,0.001717
1006,9139.26,1.00667,0.77046,1.01271,0.97564,0.85226,0.92629,0.66976,1.04893,0.73275,0.95397,0.00170875,0.00170875,0.00170875
1007,9148.32,1.00133,0.76671,1.02114,0.97487,0.85319,0.92651,0.66956,1.04873,0.73231,0.95361,0.0017005,0.0017005,0.0017005
1008,9157.23,1.00105,0.77222,1.02465,0.97528,0.85319,0.92668,0.66984,1.04861,0.73226,0.9534,0.00169225,0.00169225,0.00169225
1009,9166.08,1.02688,0.78612,1.02811,0.97433,0.85319,0.92669,0.66992,1.04848,0.73155,0.95328,0.001684,0.001684,0.001684
1010,9174.95,1.00192,0.78581,1.01842,0.97388,0.85319,0.92667,0.66995,1.04844,0.7313,0.95313,0.00167575,0.00167575,0.00167575
1011,9183.89,1.0006,0.7752,1.01968,0.97432,0.85319,0.9267,0.66979,1.04853,0.73106,0.95311,0.0016675,0.0016675,0.0016675
1012,9192.75,0.97642,0.73699,1.00845,0.97498,0.85319,0.92667,0.66969,1.04818,0.7311,0.95297,0.00165925,0.00165925,0.00165925
1013,9201.57,0.99297,0.75344,1.01778,0.97273,0.85319,0.92657,0.67002,1.0483,0.73077,0.95291,0.001651,0.001651,0.001651
1014,9210.41,0.99131,0.76895,1.01483,0.97323,0.85093,0.92668,0.6699,1.04819,0.73026,0.95275,0.00164275,0.00164275,0.00164275
1015,9219.32,1.00262,0.78225,1.02076,0.97284,0.85319,0.9268,0.66985,1.04786,0.72973,0.95273,0.0016345,0.0016345,0.0016345
1016,9228.2,1.01765,0.78395,1.01689,0.97206,0.85319,0.92639,0.67061,1.04753,0.72968,0.95263,0.00162625,0.00162625,0.00162625
1017,9237.01,0.99511,0.77594,1.01693,0.97095,0.85329,0.92769,0.67093,1.04718,0.72922,0.95232,0.001618,0.001618,0.001618
1018,9245.9,0.99586,0.77375,1.01707,0.97094,0.85319,0.92774,0.67096,1.04726,0.72885,0.95216,0.00160975,0.00160975,0.00160975
1019,9254.73,1.0274,0.79867,1.02132,0.97035,0.85319,0.92796,0.67109,1.04709,0.72865,0.95182,0.0016015,0.0016015,0.0016015
1020,9263.76,0.99829,0.78349,1.01603,0.96974,0.85319,0.928,0.67175,1.04657,0.7282,0.95158,0.00159325,0.00159325,0.00159325
1021,9272.91,0.9802,0.75189,1.00539,0.96991,0.85319,0.92791,0.67128,1.04639,0.72835,0.95145,0.001585,0.001585,0.001585
1022,9281.74,1.01671,0.78857,1.02231,0.97099,0.85455,0.92793,0.67163,1.04596,0.72763,0.95131,0.00157675,0.00157675,0.00157675
1023,9290.56,0.98102,0.7509,1.01364,0.96978,0.85319,0.92798,0.67227,1.04583,0.72708,0.95133,0.0015685,0.0015685,0.0015685
1024,9299.62,0.99578,0.77281,1.0262,0.97098,0.85422,0.92813,0.67285,1.04544,0.7268,0.95106,0.00156025,0.00156025,0.00156025
1025,9308.71,0.98732,0.75673,1.01386,0.97084,0.85319,0.92821,0.6726,1.04533,0.72688,0.95111,0.001552,0.001552,0.001552
1026,9317.65,1.00628,0.76511,1.01653,0.97068,0.85319,0.92838,0.6729,1.04529,0.72631,0.95095,0.00154375,0.00154375,0.00154375
1027,9326.85,0.99473,0.76009,1.01354,0.97189,0.85319,0.92862,0.6737,1.04486,0.72619,0.9507,0.0015355,0.0015355,0.0015355
1028,9336.07,1.00282,0.75499,1.01655,0.96963,0.85319,0.92838,0.67321,1.04488,0.7263,0.95062,0.00152725,0.00152725,0.00152725
1029,9345,0.99988,0.7645,1.01982,0.97098,0.85428,0.92823,0.67336,1.04481,0.72629,0.95047,0.001519,0.001519,0.001519
1030,9353.8,0.9791,0.75747,1.01362,0.97012,0.85319,0.9283,0.67321,1.04473,0.72609,0.95044,0.00151075,0.00151075,0.00151075
1031,9362.66,0.98021,0.75198,1.01036,0.97063,0.85319,0.92835,0.67441,1.04443,0.72603,0.95044,0.0015025,0.0015025,0.0015025
1032,9371.83,0.99995,0.74918,1.01455,0.97092,0.85247,0.92909,0.67552,1.04427,0.72574,0.95037,0.00149425,0.00149425,0.00149425
1033,9380.94,0.99169,0.77133,1.01814,0.9695,0.85106,0.92903,0.6755,1.04402,0.72595,0.95011,0.001486,0.001486,0.001486
1034,9389.76,1.0011,0.779,1.01626,0.96853,0.8512,0.92907,0.67565,1.04359,0.72568,0.95,0.00147775,0.00147775,0.00147775
1035,9398.87,1.00255,0.77889,1.02113,0.96791,0.85319,0.92909,0.67528,1.04333,0.72575,0.94992,0.0014695,0.0014695,0.0014695
1036,9407.71,0.97511,0.74454,1.01144,0.96756,0.85319,0.9283,0.67549,1.04301,0.72546,0.94977,0.00146125,0.00146125,0.00146125
1037,9416.75,1.00431,0.768,1.01846,0.96979,0.85319,0.92832,0.67526,1.0429,0.72544,0.94955,0.001453,0.001453,0.001453
1038,9425.62,1.00928,0.77203,1.01845,0.97086,0.8508,0.9283,0.67518,1.04245,0.72549,0.94962,0.00144475,0.00144475,0.00144475
1039,9434.45,0.98373,0.75771,1.00878,0.97093,0.8527,0.92855,0.67534,1.04236,0.72536,0.94955,0.0014365,0.0014365,0.0014365
1040,9443.34,1.02463,0.77997,1.03885,0.9698,0.85106,0.92852,0.67606,1.04233,0.72508,0.94955,0.00142825,0.00142825,0.00142825
1041,9452.41,1.00098,0.77588,1.01364,0.96894,0.85106,0.9292,0.67605,1.04242,0.72474,0.94945,0.00142,0.00142,0.00142
1042,9461.52,0.9928,0.76963,1.02026,0.96885,0.85106,0.92915,0.67603,1.04227,0.72449,0.94935,0.00141175,0.00141175,0.00141175
1043,9470.37,1.00282,0.78042,1.01709,0.96859,0.85281,0.92929,0.67573,1.04202,0.72438,0.94919,0.0014035,0.0014035,0.0014035
1044,9479.28,0.96942,0.75339,1.00699,0.96893,0.85106,0.92971,0.67679,1.04176,0.72407,0.94906,0.00139525,0.00139525,0.00139525
1045,9488.36,0.9626,0.75295,1.01182,0.96854,0.85166,0.92976,0.6766,1.04154,0.72359,0.94892,0.001387,0.001387,0.001387
1046,9497.23,0.98991,0.75455,1.00852,0.96856,0.85223,0.9321,0.67677,1.04131,0.72349,0.94872,0.00137875,0.00137875,0.00137875
1047,9506.29,0.99105,0.7631,1.01024,0.96857,0.85227,0.93211,0.67709,1.04139,0.72313,0.94852,0.0013705,0.0013705,0.0013705
1048,9515.44,1.00571,0.76219,1.00896,0.96858,0.85265,0.93212,0.67659,1.0409,0.72298,0.94824,0.00136225,0.00136225,0.00136225
1049,9524.3,0.99296,0.75659,1.01338,0.96485,0.85532,0.93211,0.67609,1.04071,0.72289,0.94804,0.001354,0.001354,0.001354
1050,9533.17,0.96934,0.73839,1.00812,0.96563,0.85532,0.93205,0.67629,1.04047,0.72269,0.94773,0.00134575,0.00134575,0.00134575
1051,9542.01,0.9758,0.74982,1.00784,0.96575,0.85532,0.93206,0.67616,1.04043,0.72256,0.94764,0.0013375,0.0013375,0.0013375
1052,9550.91,0.97967,0.74967,1.00923,0.96406,0.85606,0.93215,0.67603,1.04011,0.72236,0.94746,0.00132925,0.00132925,0.00132925
1053,9559.74,0.96743,0.7425,1.00198,0.96408,0.8565,0.93218,0.67546,1.04001,0.72254,0.9474,0.001321,0.001321,0.001321
1054,9568.6,0.98625,0.75828,1.0141,0.96405,0.85576,0.93217,0.67591,1.03967,0.72248,0.94714,0.00131275,0.00131275,0.00131275
1055,9577.43,0.9948,0.76921,1.00929,0.95512,0.86029,0.93162,0.67581,1.03974,0.72216,0.94706,0.0013045,0.0013045,0.0013045
1056,9586.29,0.97763,0.76049,1.01374,0.95513,0.86046,0.93157,0.67564,1.03962,0.722,0.94679,0.00129625,0.00129625,0.00129625
1057,9595.18,0.95358,0.74656,1.00625,0.96856,0.85222,0.9316,0.67544,1.03944,0.72194,0.94658,0.001288,0.001288,0.001288
1058,9604.03,0.99002,0.75069,1.00154,0.96849,0.85024,0.93161,0.67635,1.03934,0.72172,0.94664,0.00127975,0.00127975,0.00127975
1059,9612.91,0.95485,0.70564,0.99528,0.96847,0.84971,0.93159,0.67664,1.03919,0.7217,0.94637,0.0012715,0.0012715,0.0012715
1060,9621.74,0.9611,0.73288,1.00267,0.95525,0.86291,0.93153,0.67772,1.03883,0.72154,0.94624,0.00126325,0.00126325,0.00126325
1061,9630.85,0.97464,0.74988,1.00466,0.9552,0.86192,0.93146,0.67771,1.03865,0.72155,0.94605,0.001255,0.001255,0.001255
1062,9639.69,0.94314,0.72796,1.00616,0.9664,0.84894,0.93152,0.67747,1.03819,0.72115,0.94589,0.00124675,0.00124675,0.00124675
1063,9648.5,0.99609,0.76234,1.00866,0.96624,0.84894,0.93154,0.67803,1.03789,0.72087,0.94573,0.0012385,0.0012385,0.0012385
1064,9657.6,0.97699,0.75698,1.00431,0.959,0.8617,0.93154,0.678,1.03762,0.72073,0.94566,0.00123025,0.00123025,0.00123025
1065,9666.72,0.96932,0.75315,1.00728,0.96757,0.85319,0.93146,0.67863,1.03598,0.72073,0.94517,0.001222,0.001222,0.001222
1066,9675.94,0.97688,0.74207,1.00342,0.95528,0.86352,0.93143,0.67906,1.03569,0.7209,0.94514,0.00121375,0.00121375,0.00121375
1067,9685.08,0.96384,0.72836,0.99408,0.95883,0.8617,0.93153,0.67879,1.03563,0.72079,0.94508,0.0012055,0.0012055,0.0012055
1068,9695.78,0.98962,0.75127,1.00955,0.9597,0.86145,0.93156,0.6796,1.03531,0.72031,0.94489,0.00119725,0.00119725,0.00119725
1069,9706.28,0.98409,0.75653,0.99357,0.95935,0.85957,0.93157,0.67981,1.03519,0.7202,0.94502,0.001189,0.001189,0.001189
1070,9715.4,0.99114,0.7585,1.00926,0.95763,0.85957,0.93155,0.67888,1.03506,0.71983,0.94526,0.00118075,0.00118075,0.00118075
1071,9724.29,0.97164,0.75073,1.00841,0.96666,0.85532,0.93162,0.6793,1.03464,0.71992,0.94502,0.0011725,0.0011725,0.0011725
1072,9733.17,1.00833,0.77301,1.00764,0.96592,0.85532,0.9323,0.67969,1.03426,0.71986,0.9449,0.00116425,0.00116425,0.00116425
1073,9742.02,0.96926,0.74561,1.00655,0.96532,0.85532,0.93239,0.6798,1.03401,0.71952,0.94485,0.001156,0.001156,0.001156
1074,9751.16,0.97087,0.74866,1.00826,0.96639,0.85646,0.93236,0.68022,1.03375,0.71956,0.94474,0.00114775,0.00114775,0.00114775
1075,9760.42,0.96411,0.7358,0.99555,0.96637,0.85599,0.93235,0.67993,1.03354,0.71914,0.94463,0.0011395,0.0011395,0.0011395
1076,9769.4,0.99105,0.76494,1.00936,0.96373,0.85745,0.93236,0.67973,1.03345,0.71902,0.94462,0.00113125,0.00113125,0.00113125
1077,9778.38,0.97546,0.7458,1.00958,0.96182,0.85753,0.93237,0.67994,1.03312,0.71869,0.94444,0.001123,0.001123,0.001123
1078,9787.23,0.97756,0.74918,1.00879,0.96182,0.85745,0.93244,0.68003,1.03325,0.71855,0.94458,0.00111475,0.00111475,0.00111475
1079,9796.07,0.95046,0.73358,1.00312,0.96348,0.85745,0.93247,0.68025,1.03318,0.7183,0.9445,0.0011065,0.0011065,0.0011065
1080,9805.16,0.99279,0.75658,1.01225,0.96293,0.85745,0.93251,0.68033,1.03297,0.7181,0.94443,0.00109825,0.00109825,0.00109825
1081,9814.28,0.96107,0.75133,1.00584,0.96392,0.85745,0.93249,0.67971,1.03278,0.71798,0.94434,0.00109,0.00109,0.00109
1082,9823.11,0.97833,0.753,1.00127,0.96174,0.8557,0.9324,0.67979,1.03277,0.71786,0.94429,0.00108175,0.00108175,0.00108175
1083,9832.01,0.97561,0.73907,1.00166,0.96179,0.85679,0.93246,0.68039,1.0325,0.71753,0.94414,0.0010735,0.0010735,0.0010735
1084,9841.12,0.95241,0.72998,0.99729,0.9641,0.85705,0.93265,0.68007,1.03213,0.71731,0.94408,0.00106525,0.00106525,0.00106525
1085,9849.98,0.92381,0.71573,0.9959,0.96374,0.85745,0.93261,0.68027,1.03207,0.71717,0.94393,0.001057,0.001057,0.001057
1086,9859.16,0.95306,0.72077,0.99297,0.9636,0.85745,0.93266,0.68071,1.03192,0.71684,0.94387,0.00104875,0.00104875,0.00104875
1087,9868.32,0.95814,0.74095,1.00059,0.96342,0.85745,0.93255,0.68061,1.03178,0.71664,0.94379,0.0010405,0.0010405,0.0010405
1088,9877.25,0.96338,0.72954,1.00185,0.96395,0.85745,0.93261,0.68095,1.03173,0.71653,0.94362,0.00103225,0.00103225,0.00103225
1089,9886.52,0.94846,0.72717,0.99265,0.9658,0.85745,0.93267,0.68129,1.03134,0.71631,0.94342,0.001024,0.001024,0.001024
1090,9895.64,0.96934,0.72894,1.01246,0.96406,0.85612,0.93261,0.68126,1.03134,0.71584,0.94345,0.00101575,0.00101575,0.00101575
1091,9904.48,0.9539,0.72215,0.99783,0.96405,0.85588,0.9327,0.68166,1.03118,0.71536,0.94334,0.0010075,0.0010075,0.0010075
1092,9913.6,0.94527,0.73256,0.99348,0.96409,0.85688,0.93258,0.6816,1.03113,0.71524,0.9432,0.00099925,0.00099925,0.00099925
1093,9922.6,0.97282,0.73814,0.99638,0.9667,0.85532,0.93262,0.68173,1.03089,0.7148,0.94294,0.000991,0.000991,0.000991
1094,9931.8,0.94679,0.71449,0.99545,0.9666,0.85532,0.93266,0.68148,1.03087,0.71474,0.94295,0.00098275,0.00098275,0.00098275
1095,9940.6,0.95841,0.73105,0.99997,0.96672,0.85532,0.93263,0.68155,1.03103,0.71465,0.94305,0.0009745,0.0009745,0.0009745
1096,9949.41,0.94913,0.73262,0.99854,0.96663,0.85532,0.93263,0.68124,1.0309,0.71463,0.94303,0.00096625,0.00096625,0.00096625
1097,9958.49,0.94573,0.72379,1.00534,0.96659,0.85532,0.93259,0.68107,1.03068,0.71409,0.94276,0.000958,0.000958,0.000958
1098,9967.56,0.95626,0.73274,0.99012,0.96676,0.85532,0.93267,0.68135,1.03076,0.71382,0.94276,0.00094975,0.00094975,0.00094975
1099,9976.57,0.94612,0.72352,0.99576,0.96875,0.85734,0.93272,0.68172,1.03056,0.71384,0.94272,0.0009415,0.0009415,0.0009415
1100,9985.61,0.96292,0.73398,0.9991,0.9664,0.85532,0.93269,0.68027,1.03084,0.71326,0.94284,0.00093325,0.00093325,0.00093325
1101,9994.41,0.94405,0.72446,0.99738,0.9662,0.85745,0.93272,0.68152,1.03094,0.71309,0.94297,0.000925,0.000925,0.000925
1102,10003.5,0.945,0.7354,0.98924,0.96639,0.85532,0.93266,0.68166,1.03081,0.71296,0.9429,0.00091675,0.00091675,0.00091675
1103,10012.4,0.94969,0.73769,1.00629,0.96851,0.85745,0.93268,0.6815,1.03047,0.71289,0.94277,0.0009085,0.0009085,0.0009085
1104,10021.3,0.95355,0.72874,0.99924,0.96822,0.85745,0.93266,0.6813,1.03014,0.71288,0.94261,0.00090025,0.00090025,0.00090025
1105,10030.1,0.94222,0.73611,0.99958,0.9677,0.85745,0.93277,0.68159,1.03016,0.71258,0.94251,0.000892,0.000892,0.000892
1106,10039,0.94489,0.71524,0.99112,0.96756,0.85745,0.93271,0.68177,1.02992,0.7125,0.94258,0.00088375,0.00088375,0.00088375
1107,10048,0.96476,0.73024,0.99861,0.96804,0.85745,0.93269,0.68169,1.02981,0.71227,0.94245,0.0008755,0.0008755,0.0008755
1108,10057,0.94615,0.72214,1.00255,0.9678,0.85745,0.93279,0.68158,1.0297,0.71229,0.9424,0.00086725,0.00086725,0.00086725
1109,10065.8,0.94533,0.72695,0.99062,0.96836,0.85745,0.93285,0.68077,1.02964,0.71182,0.94241,0.000859,0.000859,0.000859
1110,10074.7,0.92603,0.72227,0.99606,0.96811,0.85745,0.93288,0.68167,1.02951,0.71192,0.94233,0.00085075,0.00085075,0.00085075
1111,10083.6,0.93322,0.71219,0.98683,0.96846,0.85745,0.93334,0.68156,1.02943,0.71163,0.9422,0.0008425,0.0008425,0.0008425
1112,10092.4,0.96025,0.73006,0.99584,0.96616,0.85745,0.93349,0.68197,1.02905,0.71171,0.9421,0.00083425,0.00083425,0.00083425
1113,10101.7,0.94262,0.72304,0.99158,0.96617,0.85745,0.93305,0.68195,1.02898,0.71132,0.94201,0.000826,0.000826,0.000826
1114,10110.8,0.94538,0.72773,0.99907,0.96616,0.85745,0.93441,0.68195,1.02868,0.71157,0.94187,0.00081775,0.00081775,0.00081775
1115,10120.3,0.93916,0.71914,0.98198,0.96601,0.85745,0.93443,0.68213,1.02841,0.71138,0.94176,0.0008095,0.0008095,0.0008095
1116,10129.5,0.93366,0.71827,0.98466,0.96643,0.85752,0.93439,0.6821,1.02849,0.71128,0.94181,0.00080125,0.00080125,0.00080125
1117,10138.3,0.97537,0.74246,0.99775,0.96644,0.85769,0.93443,0.68227,1.02844,0.71065,0.94168,0.000793,0.000793,0.000793
1118,10147.5,0.9273,0.70474,0.9916,0.96643,0.85762,0.93454,0.6827,1.02832,0.71033,0.94152,0.00078475,0.00078475,0.00078475
1119,10156.7,0.93638,0.71362,0.99185,0.96644,0.85768,0.93532,0.68227,1.02817,0.71002,0.94147,0.0007765,0.0007765,0.0007765
1120,10165.6,0.92722,0.7155,0.98429,0.96645,0.85802,0.93531,0.68226,1.02841,0.70992,0.94154,0.00076825,0.00076825,0.00076825
1121,10174.6,0.94617,0.70862,0.99079,0.96645,0.85814,0.93547,0.68263,1.02815,0.70949,0.94141,0.00076,0.00076,0.00076
1122,10183.7,0.95068,0.72079,0.98893,0.96646,0.85837,0.93512,0.68245,1.02801,0.70919,0.9413,0.00075175,0.00075175,0.00075175
1123,10192.7,0.95796,0.73142,1.00086,0.96522,0.85745,0.93502,0.68251,1.02776,0.70901,0.94116,0.0007435,0.0007435,0.0007435
1124,10201.6,0.92154,0.69569,0.99014,0.965,0.85745,0.93514,0.68234,1.0276,0.70891,0.94101,0.00073525,0.00073525,0.00073525
1125,10210.6,0.92788,0.71155,0.99131,0.95281,0.86809,0.93523,0.68185,1.02748,0.70862,0.94097,0.000727,0.000727,0.000727
1126,10219.4,0.91912,0.70089,0.98532,0.95286,0.86809,0.9353,0.68245,1.02747,0.70847,0.9411,0.00071875,0.00071875,0.00071875
1127,10228.3,0.93345,0.73177,0.9987,0.96529,0.85745,0.93513,0.68265,1.02729,0.70824,0.94097,0.0007105,0.0007105,0.0007105
1128,10237.1,0.92709,0.72117,0.98802,0.96599,0.85745,0.93519,0.68237,1.02709,0.70837,0.94108,0.00070225,0.00070225,0.00070225
1129,10245.8,0.94051,0.70503,0.98678,0.9532,0.86673,0.9354,0.68247,1.02702,0.70815,0.94099,0.000694,0.000694,0.000694
1130,10254.6,0.95128,0.72849,0.99567,0.95416,0.86809,0.93537,0.68241,1.02706,0.70804,0.94103,0.00068575,0.00068575,0.00068575
1131,10263.5,0.93054,0.71542,0.98822,0.95328,0.86828,0.93538,0.68278,1.02685,0.70777,0.94084,0.0006775,0.0006775,0.0006775
1132,10273,0.93602,0.71815,0.99142,0.95549,0.86775,0.93542,0.68249,1.02691,0.70769,0.94086,0.00066925,0.00066925,0.00066925
1133,10281.9,0.96271,0.73114,0.99949,0.95281,0.86809,0.93535,0.68209,1.02673,0.70765,0.94083,0.000661,0.000661,0.000661
1134,10290.7,0.93188,0.7062,0.99177,0.9534,0.8617,0.93529,0.68251,1.02674,0.70738,0.94069,0.00065275,0.00065275,0.00065275
1135,10299.8,0.92653,0.71123,0.99527,0.95315,0.86568,0.93527,0.6827,1.02695,0.70688,0.94064,0.0006445,0.0006445,0.0006445
1136,10308.8,0.91926,0.71222,0.99697,0.96444,0.85532,0.93532,0.68262,1.02675,0.70702,0.94063,0.00063625,0.00063625,0.00063625
1137,10317.8,0.92691,0.71418,0.98419,0.95318,0.8617,0.93527,0.68257,1.02693,0.70666,0.94069,0.000628,0.000628,0.000628
1138,10326.8,0.94567,0.73153,0.99393,0.95407,0.8617,0.93529,0.68257,1.02673,0.70668,0.94068,0.00061975,0.00061975,0.00061975
1139,10335.8,0.91272,0.70745,0.98983,0.96191,0.8598,0.93541,0.68265,1.02644,0.70639,0.94053,0.0006115,0.0006115,0.0006115
1140,10344.7,0.92576,0.71692,0.99309,0.95432,0.8617,0.93533,0.68261,1.02647,0.70623,0.94038,0.00060325,0.00060325,0.00060325
1141,10353.6,0.94776,0.72232,0.98607,0.95538,0.8617,0.93536,0.68223,1.02657,0.70624,0.94044,0.000595,0.000595,0.000595
1142,10362.6,0.94262,0.72059,0.98908,0.95678,0.8617,0.9354,0.68209,1.02615,0.70594,0.94026,0.00058675,0.00058675,0.00058675
1143,10371.4,0.92531,0.7029,0.98293,0.95638,0.8617,0.93537,0.68209,1.02644,0.70586,0.94032,0.0005785,0.0005785,0.0005785
1144,10380.5,0.92763,0.70964,0.99328,0.95547,0.8617,0.93539,0.68242,1.02636,0.70549,0.94026,0.00057025,0.00057025,0.00057025
1145,10389.4,0.90014,0.6901,0.98685,0.95454,0.8617,0.93541,0.68273,1.02628,0.70534,0.94018,0.000562,0.000562,0.000562
1146,10398.2,0.91447,0.702,0.98687,0.95433,0.8617,0.93539,0.68277,1.0259,0.7053,0.93997,0.00055375,0.00055375,0.00055375
1147,10407.1,0.9182,0.70984,0.98546,0.95745,0.8617,0.93544,0.68287,1.02574,0.70519,0.93983,0.0005455,0.0005455,0.0005455
1148,10416.2,0.94997,0.71507,0.98719,0.96008,0.8617,0.93544,0.68244,1.02569,0.70461,0.93983,0.00053725,0.00053725,0.00053725
1149,10425,0.90828,0.68781,0.97974,0.96039,0.8617,0.93546,0.68266,1.02563,0.7047,0.93988,0.000529,0.000529,0.000529
1150,10433.9,0.90689,0.69871,0.98439,0.96173,0.85555,0.93548,0.68327,1.02551,0.70447,0.93984,0.00052075,0.00052075,0.00052075
1151,10443.2,0.91801,0.69681,0.98554,0.96179,0.85532,0.93543,0.68324,1.0252,0.70413,0.93949,0.0005125,0.0005125,0.0005125
1152,10452.1,0.90246,0.68178,0.96653,0.962,0.85532,0.93547,0.6831,1.02487,0.70423,0.93929,0.00050425,0.00050425,0.00050425
1153,10461,0.91918,0.70868,0.97439,0.96174,0.85575,0.93551,0.6832,1.02506,0.70401,0.93939,0.000496,0.000496,0.000496
1154,10469.9,0.93103,0.71885,0.98923,0.96173,0.85542,0.93553,0.68357,1.02477,0.70355,0.93935,0.00048775,0.00048775,0.00048775
1155,10479,0.92278,0.69556,0.97581,0.94255,0.87273,0.93554,0.68386,1.02464,0.70343,0.93923,0.0004795,0.0004795,0.0004795
1156,10488.1,0.93688,0.70471,0.98162,0.94256,0.87289,0.93558,0.68385,1.0242,0.70375,0.93909,0.00047125,0.00047125,0.00047125
1157,10497.1,0.93123,0.70976,0.97768,0.94094,0.87872,0.93748,0.68406,1.02419,0.70359,0.93903,0.000463,0.000463,0.000463
1158,10506.2,0.88585,0.69148,0.985,0.94051,0.88085,0.93749,0.68423,1.02432,0.70333,0.93911,0.00045475,0.00045475,0.00045475
1159,10515.3,0.91153,0.7095,0.99173,0.94066,0.88085,0.93745,0.68436,1.02418,0.70324,0.93911,0.0004465,0.0004465,0.0004465
1160,10524.4,0.91859,0.70136,0.97752,0.94082,0.87938,0.93749,0.6844,1.02395,0.70301,0.93894,0.00043825,0.00043825,0.00043825
1161,10533.5,0.92287,0.71131,0.99054,0.9408,0.87872,0.93746,0.68421,1.02379,0.70285,0.9389,0.00043,0.00043,0.00043
1162,10542.5,0.9047,0.68759,0.97693,0.94089,0.88057,0.93739,0.6842,1.02389,0.70262,0.93882,0.00042175,0.00042175,0.00042175
1163,10551.4,0.92727,0.71475,0.98494,0.94082,0.88085,0.93738,0.6844,1.02401,0.70222,0.93885,0.0004135,0.0004135,0.0004135
1164,10560.3,0.91079,0.69968,0.97598,0.9409,0.88075,0.93738,0.68402,1.02383,0.70227,0.93882,0.00040525,0.00040525,0.00040525
1165,10569.1,0.92336,0.71856,0.99261,0.94068,0.88085,0.9374,0.6841,1.02376,0.70183,0.93864,0.000397,0.000397,0.000397
1166,10578,0.89627,0.68611,0.98667,0.94071,0.88085,0.93735,0.68419,1.02393,0.70163,0.93868,0.00038875,0.00038875,0.00038875
1167,10587,0.92492,0.71207,0.97999,0.94039,0.88085,0.93748,0.68417,1.02372,0.70169,0.93859,0.0003805,0.0003805,0.0003805
1168,10596,0.90199,0.67483,0.96769,0.94055,0.88085,0.93751,0.6844,1.02358,0.70161,0.93853,0.00037225,0.00037225,0.00037225
1169,10605.2,0.91364,0.71292,0.98957,0.94051,0.88085,0.93745,0.68403,1.02352,0.70141,0.9385,0.000364,0.000364,0.000364
1170,10614.2,0.89693,0.66819,0.9674,0.94266,0.88085,0.93768,0.68434,1.02341,0.7014,0.93849,0.00035575,0.00035575,0.00035575
1171,10623.1,0.91051,0.68369,0.97582,0.94265,0.88085,0.93771,0.68443,1.02345,0.70118,0.93832,0.0003475,0.0003475,0.0003475
1172,10632.3,0.92086,0.69995,0.98349,0.9426,0.88085,0.93775,0.68458,1.0235,0.70089,0.93833,0.00033925,0.00033925,0.00033925
1173,10641.6,0.90821,0.68817,0.97736,0.94305,0.8808,0.93771,0.68477,1.02329,0.70087,0.93831,0.000331,0.000331,0.000331
1174,10650.8,0.91067,0.69573,0.98445,0.94303,0.88085,0.93764,0.68448,1.02327,0.70073,0.93828,0.00032275,0.00032275,0.00032275
1175,10659.9,0.95255,0.74519,0.98965,0.94295,0.88085,0.93756,0.684,1.02307,0.70071,0.93815,0.0003145,0.0003145,0.0003145
1176,10668.9,0.92206,0.69423,0.97112,0.94287,0.88085,0.93762,0.68393,1.02301,0.70045,0.93821,0.00030625,0.00030625,0.00030625
1177,10677.8,0.89446,0.68923,0.97324,0.94305,0.88078,0.93764,0.68392,1.02313,0.70044,0.93818,0.000298,0.000298,0.000298
1178,10686.7,0.91428,0.70489,0.98506,0.94295,0.87925,0.93761,0.6841,1.02306,0.70019,0.93799,0.00028975,0.00028975,0.00028975
1179,10695.6,0.90213,0.68269,0.97467,0.94294,0.87895,0.93764,0.68425,1.02308,0.70012,0.93795,0.0002815,0.0002815,0.0002815
1180,10704.5,0.89415,0.69424,0.9868,0.94294,0.87901,0.93761,0.6851,1.02292,0.70004,0.93793,0.00027325,0.00027325,0.00027325
1181,10713.6,0.92689,0.71559,0.98146,0.94294,0.87907,0.9376,0.68473,1.02291,0.70008,0.9378,0.000265,0.000265,0.000265
1182,10722.7,0.91243,0.70402,0.97924,0.94295,0.87916,0.93757,0.68523,1.02292,0.7,0.93772,0.00025675,0.00025675,0.00025675
1183,10731.9,0.92019,0.70835,0.98419,0.94296,0.87929,0.93753,0.68541,1.02273,0.69992,0.93764,0.0002485,0.0002485,0.0002485
1184,10741.1,0.88242,0.67644,0.97495,0.94297,0.87951,0.93758,0.68498,1.02268,0.6999,0.93761,0.00024025,0.00024025,0.00024025
1185,10750,0.91778,0.70611,0.9907,0.94296,0.87932,0.93754,0.68509,1.02262,0.69966,0.93755,0.000232,0.000232,0.000232
1186,10758.8,0.90283,0.69548,0.97933,0.94298,0.87963,0.93756,0.68523,1.02245,0.69941,0.93753,0.00022375,0.00022375,0.00022375
1187,10767.7,0.91989,0.70567,0.97666,0.94298,0.87973,0.93757,0.68519,1.02244,0.69947,0.93746,0.0002155,0.0002155,0.0002155
1188,10776.5,0.91594,0.69892,0.98601,0.94297,0.87955,0.93755,0.68507,1.02232,0.69946,0.93748,0.00020725,0.00020725,0.00020725
1189,10785.4,0.91098,0.68291,0.97534,0.94299,0.8798,0.93756,0.68534,1.02225,0.69929,0.93744,0.000199,0.000199,0.000199
1190,10794.2,0.90328,0.68951,0.96987,0.943,0.87996,0.93756,0.68592,1.02218,0.69903,0.93734,0.00019075,0.00019075,0.00019075
1191,10804.5,0.98142,0.59553,0.92829,0.94301,0.88008,0.93756,0.68509,1.0221,0.69899,0.93726,0.0001825,0.0001825,0.0001825
1192,10813.4,0.94924,0.57421,0.90054,0.94303,0.88043,0.93758,0.68549,1.02214,0.69907,0.93733,0.00017425,0.00017425,0.00017425
1193,10822.2,0.928,0.57021,0.88611,0.94303,0.88054,0.93758,0.68507,1.02187,0.69907,0.93715,0.000166,0.000166,0.000166
1194,10831.1,0.90646,0.56791,0.88931,0.94303,0.88053,0.93761,0.68478,1.02172,0.69883,0.93691,0.00015775,0.00015775,0.00015775
1195,10840.1,0.91049,0.55773,0.88271,0.94303,0.88048,0.93767,0.68524,1.02185,0.69887,0.93726,0.0001495,0.0001495,0.0001495
1196,10848.9,0.91186,0.54993,0.87412,0.94307,0.88122,0.93766,0.68482,1.02168,0.69872,0.9372,0.00014125,0.00014125,0.00014125
1197,10857.8,0.90423,0.55593,0.88058,0.94302,0.88026,0.93771,0.68449,1.02138,0.69859,0.93714,0.000133,0.000133,0.000133
1198,10866.6,0.89127,0.55996,0.8817,0.94302,0.88032,0.93778,0.68477,1.02123,0.69871,0.93705,0.00012475,0.00012475,0.00012475
1199,10875.4,0.87823,0.54305,0.87448,0.94305,0.88089,0.93781,0.68485,1.02113,0.69837,0.93687,0.0001165,0.0001165,0.0001165
1200,10884.1,0.89637,0.54938,0.87714,0.94284,0.87736,0.93596,0.68497,1.02094,0.6984,0.93674,0.00010825,0.00010825,0.00010825
