epoch,time,train/box_loss,train/cls_loss,train/dfl_loss,metrics/precision(B),metrics/recall(B),metrics/mAP50(B),metrics/mAP50-95(B),val/box_loss,val/cls_loss,val/dfl_loss,lr/pg0,lr/pg1,lr/pg2
1,14.3068,5.83083,11.634,4.33852,0,0,0,0,6.30757,12.7182,4.15455,0.00327778,0.00327778,0.00327778
2,27.7855,5.84992,8.90983,4.28649,0,0,0,0,6.30421,10.3471,4.14293,0.00660566,0.00660566,0.00660566
3,41.0521,5.75518,5.85557,4.03785,0.0001,0.00213,5e-05,1e-05,5.5479,5.32944,3.53782,0.00992804,0.00992804,0.00992804
4,54.3595,4.46914,4.44329,3.01965,0.00058,0.07872,0.00037,8e-05,4.35662,5.02301,2.8102,0.00997525,0.00997525,0.00997525
5,67.7228,4.01593,4.33687,2.68119,0.00054,0.07872,0.00029,7e-05,3.9218,5.0919,2.34438,0.009967,0.009967,0.009967
6,80.4216,3.89437,4.38447,2.57048,0.00065,0.08936,0.00042,9e-05,4.03024,4.54287,2.25714,0.00995875,0.00995875,0.00995875
7,93.8214,3.82752,4.34844,2.53318,0.00066,0.09787,0.00056,0.00011,3.9232,4.6764,2.11764,0.0099505,0.0099505,0.0099505
8,107.163,3.84485,4.33008,2.5104,0.00941,0.00426,0.00168,0.00049,3.97805,4.60806,2.16104,0.00994225,0.00994225,0.00994225
9,120.629,3.82666,4.31169,2.45879,0.00067,0.09149,0.00042,8e-05,3.9333,4.45294,2.12059,0.009934,0.009934,0.009934
10,133.566,3.72727,4.31258,2.40196,0.00076,0.10638,0.00047,0.0001,3.91048,4.38831,2.11099,0.00992575,0.00992575,0.00992575
11,146.46,3.69533,4.22913,2.39365,0.00127,0.01277,0.00075,0.00018,3.94272,4.40393,2.1546,0.0099175,0.0099175,0.0099175
12,159.248,3.6032,4.1814,2.42148,0.00142,0.16596,0.00173,0.00038,3.76604,4.38706,2.39829,0.00990925,0.00990925,0.00990925
13,172.011,3.50554,4.18463,2.42505,0.00203,0.29362,0.00228,0.0005,3.46068,4.24856,2.30641,0.009901,0.009901,0.009901
14,185.425,3.4842,4.17246,2.41909,0.01382,0.01915,0.00607,0.00123,3.40997,4.36726,2.28545,0.00989275,0.00989275,0.00989275
15,198.853,3.48487,4.13198,2.44078,0.00205,0.29574,0.00272,0.00053,3.51489,4.22228,2.26389,0.0098845,0.0098845,0.0098845
16,212.197,3.42044,4.06253,2.40992,0.01165,0.10426,0.00614,0.00118,3.48617,4.28462,2.29232,0.00987625,0.00987625,0.00987625
17,225.399,3.33606,4.0337,2.39255,0.00264,0.40213,0.00805,0.00179,3.37391,4.16571,2.27156,0.009868,0.009868,0.009868
18,238.697,3.31017,4.00771,2.4102,0.06843,0.03617,0.01152,0.00281,3.3376,3.9579,2.30217,0.00985975,0.00985975,0.00985975
19,252.226,3.28822,4.00837,2.37452,0.08455,0.04894,0.01473,0.00296,3.32775,4.03954,2.28644,0.0098515,0.0098515,0.0098515
20,265.519,3.24797,3.94766,2.34303,0.10648,0.06596,0.0193,0.00409,3.32276,3.8858,2.2949,0.00984325,0.00984325,0.00984325
21,278.92,3.22049,3.89901,2.33891,0.03155,0.03191,0.00755,0.00209,3.38092,4.22262,2.26993,0.009835,0.009835,0.009835
22,292.056,3.20577,3.90541,2.32796,0.12052,0.04927,0.01762,0.00511,3.27986,4.19166,2.27886,0.00982675,0.00982675,0.00982675
23,305.479,3.12531,3.82016,2.28572,0.15561,0.08723,0.03172,0.00876,3.18087,3.85645,2.2763,0.0098185,0.0098185,0.0098185
24,318.733,3.12534,3.8435,2.3347,0.07592,0.09362,0.02109,0.00486,3.10317,4.08312,2.34395,0.00981025,0.00981025,0.00981025
25,331.602,3.06732,3.80484,2.34067,0.18658,0.08085,0.03605,0.00845,3.09551,3.92743,2.31934,0.009802,0.009802,0.009802
26,344.878,3.06579,3.73978,2.34707,0.12452,0.0617,0.02778,0.00875,3.09451,3.84282,2.34287,0.00979375,0.00979375,0.00979375
27,357.625,3.04147,3.72485,2.34587,0.18075,0.08085,0.04788,0.01173,3.10563,3.78733,2.33777,0.0097855,0.0097855,0.0097855
28,371.109,3.03564,3.69203,2.34626,0.13957,0.08298,0.04047,0.00987,3.09375,3.73124,2.33942,0.00977725,0.00977725,0.00977725
29,383.612,3.01194,3.68734,2.31477,0.14231,0.0617,0.03189,0.00715,2.99981,3.76161,2.26426,0.009769,0.009769,0.009769
30,396.301,3.0436,3.66104,2.3354,0.00659,0.17447,0.00752,0.00203,3.28544,4.44065,2.33383,0.00976075,0.00976075,0.00976075
31,409.157,3.02921,3.6449,2.32066,0.16656,0.09362,0.0499,0.01579,3.01941,3.7671,2.31866,0.0097525,0.0097525,0.0097525
32,422.523,2.96835,3.59926,2.30961,0.28667,0.03592,0.03532,0.00894,3.06839,3.70381,2.30481,0.00974425,0.00974425,0.00974425
33,435.422,2.9458,3.58071,2.29689,0.15356,0.10213,0.06122,0.01462,3.00962,3.62243,2.30485,0.009736,0.009736,0.009736
34,448.913,2.94042,3.5968,2.27645,0.20794,0.07234,0.06052,0.0154,3.03189,3.56296,2.25197,0.00972775,0.00972775,0.00972775
35,462.355,2.90188,3.53799,2.25865,0.16277,0.09362,0.05535,0.01544,3.0229,3.61764,2.31216,0.0097195,0.0097195,0.0097195
36,475.097,2.91254,3.56792,2.27705,0.17615,0.12553,0.07144,0.01677,2.92824,3.79896,2.252,0.00971125,0.00971125,0.00971125
37,488.578,2.90468,3.53655,2.2679,0.18176,0.12553,0.07125,0.01961,2.95043,3.57319,2.28757,0.009703,0.009703,0.009703
38,502.005,2.89898,3.47834,2.25097,0.24062,0.09787,0.07113,0.02066,2.98506,3.55701,2.23957,0.00969475,0.00969475,0.00969475
39,515.375,2.87095,3.49028,2.24458,0.21268,0.09362,0.07182,0.02082,2.92255,3.55226,2.25271,0.0096865,0.0096865,0.0096865
40,528.419,2.89038,3.49307,2.26651,0.08184,0.05106,0.02427,0.00602,3.2085,4.12156,2.40007,0.00967825,0.00967825,0.00967825
41,540.84,2.85383,3.45462,2.23406,0.20267,0.11064,0.06646,0.01981,2.91419,3.49292,2.25694,0.00967,0.00967,0.00967
42,553.78,2.87374,3.46003,2.23075,0.22369,0.1,0.05888,0.01977,2.92758,3.48013,2.25475,0.00966175,0.00966175,0.00966175
43,566.355,2.83521,3.42449,2.2213,0.20018,0.1,0.06109,0.01863,2.92743,3.47376,2.22613,0.0096535,0.0096535,0.0096535
44,578.977,2.83479,3.40873,2.21666,0.19922,0.08723,0.05754,0.01673,2.94677,3.61371,2.22243,0.00964525,0.00964525,0.00964525
45,591.668,2.78631,3.4364,2.20726,0.20636,0.1234,0.07725,0.02353,2.86307,3.42565,2.23935,0.009637,0.009637,0.009637
46,604.764,2.80997,3.4051,2.20332,0.11699,0.09149,0.03035,0.00734,3.10296,3.96229,2.36597,0.00962875,0.00962875,0.00962875
47,617.642,2.77412,3.37591,2.2004,0.2788,0.11702,0.09416,0.02551,2.92286,3.5651,2.24827,0.0096205,0.0096205,0.0096205
48,631.124,2.78202,3.38136,2.18375,0.26513,0.13617,0.08535,0.02476,2.85785,3.48761,2.21017,0.00961225,0.00961225,0.00961225
49,643.995,2.77727,3.37247,2.21265,0.21531,0.11489,0.09171,0.0321,2.77978,3.364,2.18371,0.009604,0.009604,0.009604
50,657.47,2.71886,3.32873,2.16949,0.20538,0.11064,0.0732,0.02123,2.8499,3.42308,2.20055,0.00959575,0.00959575,0.00959575
51,670.322,2.76263,3.33482,2.18318,0.23681,0.12979,0.08832,0.02499,2.8664,3.4072,2.21603,0.0095875,0.0095875,0.0095875
52,683.186,2.76085,3.33362,2.17225,0.22893,0.11489,0.08222,0.02551,2.81932,3.45249,2.21935,0.00957925,0.00957925,0.00957925
53,696.08,2.75407,3.3339,2.18018,0.21601,0.15106,0.09149,0.02806,2.83804,3.32526,2.20485,0.009571,0.009571,0.009571
54,708.959,2.75905,3.32485,2.17419,0.27157,0.13617,0.09713,0.02555,2.83206,3.388,2.19837,0.00956275,0.00956275,0.00956275
55,721.668,2.72976,3.31856,2.15052,0.26512,0.12766,0.09841,0.02737,2.81942,3.37746,2.20322,0.0095545,0.0095545,0.0095545
56,734.587,2.7092,3.25927,2.13845,0.25417,0.12128,0.09001,0.02773,2.81594,3.31131,2.16578,0.00954625,0.00954625,0.00954625
57,747.412,2.65134,3.28604,2.12497,0.21355,0.12979,0.08349,0.02699,2.80717,3.30457,2.19433,0.009538,0.009538,0.009538
58,760.37,2.72907,3.31816,2.14067,0.2274,0.13617,0.10543,0.03515,2.77889,3.29933,2.18433,0.00952975,0.00952975,0.00952975
59,773.814,2.66469,3.19691,2.12208,0.27711,0.12979,0.09537,0.03017,2.77513,3.33674,2.16529,0.0095215,0.0095215,0.0095215
60,786.835,2.71349,3.27947,2.14232,0.1919,0.10213,0.07679,0.02539,2.83351,3.466,2.162,0.00951325,0.00951325,0.00951325
61,799.875,2.68295,3.22072,2.1339,0.21027,0.13191,0.09713,0.02945,2.83206,3.31606,2.20582,0.009505,0.009505,0.009505
62,812.881,2.66407,3.22917,2.14523,0.25024,0.1383,0.10661,0.02944,2.77096,3.25929,2.17058,0.00949675,0.00949675,0.00949675
63,825.906,2.65638,3.22805,2.11744,0.25416,0.14936,0.09806,0.02865,2.7843,3.2691,2.15785,0.0094885,0.0094885,0.0094885
64,838.874,2.63169,3.22283,2.12481,0.28311,0.14468,0.1103,0.03383,2.81126,3.45538,2.18925,0.00948025,0.00948025,0.00948025
65,851.616,2.65411,3.22427,2.12913,0.21227,0.13617,0.08068,0.02224,2.78497,3.30209,2.17844,0.009472,0.009472,0.009472
66,864.488,2.65008,3.1963,2.12526,0.21778,0.15401,0.09426,0.02817,2.78115,3.20395,2.15758,0.00946375,0.00946375,0.00946375
67,877.2,2.61605,3.17749,2.10094,0.19998,0.15957,0.09201,0.02877,2.73477,3.24628,2.15212,0.0094555,0.0094555,0.0094555
68,890.032,2.61959,3.17251,2.11869,0.34161,0.1383,0.10808,0.02635,2.81515,3.29625,2.20407,0.00944725,0.00944725,0.00944725
69,902.558,2.64026,3.21835,2.13934,0.21329,0.15319,0.09074,0.02615,2.81165,3.28658,2.19867,0.009439,0.009439,0.009439
70,915.191,2.58734,3.17349,2.10013,0.32672,0.15745,0.13155,0.0352,2.707,3.1911,2.17286,0.00943075,0.00943075,0.00943075
71,928.131,2.62176,3.18053,2.09649,0.25193,0.16123,0.11224,0.03046,2.73016,3.24597,2.14344,0.0094225,0.0094225,0.0094225
72,941.055,2.61995,3.21027,2.12151,0.25869,0.15745,0.11131,0.0354,2.66608,3.20875,2.14438,0.00941425,0.00941425,0.00941425
73,953.553,2.59644,3.13682,2.098,0.27465,0.1617,0.12779,0.0395,2.68676,3.21453,2.14284,0.009406,0.009406,0.009406
74,966.473,2.57514,3.15578,2.07552,0.29493,0.13191,0.10826,0.03374,2.75958,3.3104,2.15819,0.00939775,0.00939775,0.00939775
75,979.445,2.60828,3.17118,2.1027,0.23449,0.14894,0.09157,0.02555,2.74845,3.26748,2.15649,0.0093895,0.0093895,0.0093895
76,992.342,2.58267,3.20297,2.10575,0.2328,0.16383,0.09467,0.02763,2.70679,3.2025,2.14061,0.00938125,0.00938125,0.00938125
77,1005.13,2.58508,3.16899,2.10064,0.23201,0.18936,0.09811,0.02639,2.70927,3.29119,2.13251,0.009373,0.009373,0.009373
78,1017.92,2.59518,3.17211,2.11028,0.28978,0.14043,0.10801,0.03296,2.73371,3.19036,2.14378,0.00936475,0.00936475,0.00936475
79,1030.75,2.6032,3.2049,2.07228,0.20151,0.15319,0.10363,0.0359,2.70365,3.29325,2.17749,0.0093565,0.0093565,0.0093565
80,1043.65,2.56922,3.14883,2.09086,0.27325,0.14255,0.1234,0.04015,2.70994,3.2055,2.17093,0.00934825,0.00934825,0.00934825
81,1057.04,2.56254,3.13387,2.09345,0.22991,0.18511,0.12389,0.03688,2.72565,3.18202,2.11746,0.00934,0.00934,0.00934
82,1069.8,2.54841,3.13107,2.06979,0.24472,0.18511,0.11128,0.03896,2.67375,3.20832,2.12561,0.00933175,0.00933175,0.00933175
83,1082.77,2.57805,3.1343,2.07797,0.2282,0.17021,0.1014,0.03437,2.69584,3.17147,2.14421,0.0093235,0.0093235,0.0093235
84,1095.75,2.56295,3.11556,2.07604,0.21646,0.17021,0.09862,0.03043,2.80683,3.27342,2.21059,0.00931525,0.00931525,0.00931525
85,1108.75,2.5419,3.0901,2.07937,0.24363,0.17234,0.11965,0.0387,2.64768,3.10939,2.11665,0.009307,0.009307,0.009307
86,1121.79,2.52494,3.099,2.0526,0.32987,0.12979,0.11723,0.03751,2.6491,3.25624,2.09887,0.00929875,0.00929875,0.00929875
87,1134.8,2.53479,3.10733,2.05536,0.35908,0.16383,0.1308,0.04434,2.6422,3.14769,2.11471,0.0092905,0.0092905,0.0092905
88,1148.07,2.53142,3.12144,2.05443,0.26279,0.18085,0.11108,0.03579,2.62399,3.16458,2.12162,0.00928225,0.00928225,0.00928225
89,1161.03,2.53135,3.0976,2.05529,0.26649,0.16596,0.12961,0.04186,2.64228,3.17266,2.13124,0.009274,0.009274,0.009274
90,1173.9,2.52632,3.09969,2.04204,0.29967,0.15319,0.11631,0.03744,2.67478,3.17357,2.1155,0.00926575,0.00926575,0.00926575
91,1186.65,2.53414,3.11019,2.07048,0.21575,0.19149,0.11075,0.03618,2.62527,3.15124,2.11564,0.0092575,0.0092575,0.0092575
92,1199.35,2.54219,3.0902,2.03779,0.28099,0.18936,0.14184,0.04238,2.62292,3.12414,2.12423,0.00924925,0.00924925,0.00924925
93,1212.2,2.52044,3.09143,2.05071,0.25515,0.18936,0.12617,0.03866,2.64171,3.10161,2.08363,0.009241,0.009241,0.009241
94,1225.09,2.49553,3.05616,2.0418,0.29048,0.15532,0.13034,0.03696,2.6723,3.06546,2.14738,0.00923275,0.00923275,0.00923275
95,1237.98,2.51983,3.08701,2.06106,0.33758,0.20213,0.15015,0.047,2.62491,3.07881,2.14176,0.0092245,0.0092245,0.0092245
96,1251.25,2.48837,3.02822,2.03142,0.30855,0.16383,0.13646,0.04266,2.63182,3.03688,2.0969,0.00921625,0.00921625,0.00921625
97,1264.08,2.44865,3.0377,2.00136,0.2507,0.2,0.12995,0.04087,2.60535,3.07951,2.10711,0.009208,0.009208,0.009208
98,1276.98,2.47126,3.02389,2.02183,0.33418,0.16596,0.14244,0.04921,2.593,3.04805,2.10392,0.00919975,0.00919975,0.00919975
99,1290.47,2.49465,3.07223,2.03381,0.33144,0.16809,0.14555,0.04662,2.62997,3.06297,2.09793,0.0091915,0.0091915,0.0091915
100,1303.33,2.47206,3.0308,2.02227,0.34873,0.18511,0.15965,0.05109,2.57978,3.02969,2.10331,0.00918325,0.00918325,0.00918325
101,1316.66,2.50217,3.03705,2.02501,0.3381,0.1728,0.15512,0.05172,2.57901,3.02775,2.12715,0.009175,0.009175,0.009175
102,1330.03,2.47692,3.06263,2.02805,0.32417,0.17234,0.13348,0.04271,2.63926,3.04082,2.09792,0.00916675,0.00916675,0.00916675
103,1342.92,2.47212,3.01771,2.02745,0.41056,0.17021,0.14733,0.04892,2.5952,3.03711,2.08652,0.0091585,0.0091585,0.0091585
104,1355.63,2.45145,2.96148,2.01498,0.27704,0.21064,0.1492,0.04659,2.59251,2.97599,2.09832,0.00915025,0.00915025,0.00915025
105,1368.42,2.48002,3.01781,2.01931,0.28695,0.20426,0.14721,0.0441,2.59722,3.01158,2.09856,0.009142,0.009142,0.009142
106,1381.26,2.46393,3.02337,2.03249,0.30035,0.17021,0.12972,0.04319,2.61551,3.06386,2.09123,0.00913375,0.00913375,0.00913375
107,1394.36,2.44083,3.00031,1.99649,0.28698,0.18936,0.13941,0.04307,2.60012,3.02711,2.09936,0.0091255,0.0091255,0.0091255
108,1407.47,2.46352,3.04439,2.02934,0.29749,0.20638,0.13414,0.04298,2.58738,3.04845,2.09203,0.00911725,0.00911725,0.00911725
109,1420.49,2.43732,2.98846,2.00903,0.25829,0.21265,0.14152,0.04572,2.59272,2.96701,2.0985,0.009109,0.009109,0.009109
110,1433.51,2.45146,3.01154,1.99638,0.29221,0.17447,0.14574,0.05178,2.603,3.04052,2.11657,0.00910075,0.00910075,0.00910075
111,1446.47,2.47693,3.0208,2.00637,0.27286,0.20918,0.13083,0.04262,2.5618,3.06339,2.0809,0.0090925,0.0090925,0.0090925
112,1459.38,2.40313,2.98047,1.99116,0.2553,0.20213,0.14068,0.0449,2.60523,2.9817,2.07914,0.00908425,0.00908425,0.00908425
113,1472.38,2.43576,2.9571,1.99692,0.29514,0.20638,0.15967,0.05049,2.54371,2.98773,2.05612,0.009076,0.009076,0.009076
114,1485.46,2.4214,2.95719,1.9948,0.29578,0.18936,0.16537,0.05567,2.54647,2.97203,2.09032,0.00906775,0.00906775,0.00906775
115,1498.91,2.40785,2.97331,1.97172,0.31187,0.18298,0.15286,0.0493,2.52245,3.01979,2.08257,0.0090595,0.0090595,0.0090595
116,1511.85,2.41902,2.97937,1.975,0.27831,0.19574,0.15549,0.05138,2.55638,2.97188,2.07028,0.00905125,0.00905125,0.00905125
117,1524.71,2.39691,2.95811,1.99533,0.30601,0.20426,0.16308,0.05361,2.55816,2.96389,2.08353,0.009043,0.009043,0.009043
118,1537.61,2.42044,2.97625,1.98673,0.25805,0.19574,0.13678,0.04685,2.58561,3.05801,2.08625,0.00903475,0.00903475,0.00903475
119,1550.53,2.37949,2.93515,1.97149,0.30938,0.20426,0.16126,0.05346,2.55394,2.96914,2.05872,0.0090265,0.0090265,0.0090265
120,1563.46,2.43038,2.93972,2.0011,0.29667,0.20213,0.16789,0.05874,2.50832,2.93565,2.03516,0.00901825,0.00901825,0.00901825
121,1576.87,2.40699,2.92938,1.98138,0.28034,0.18936,0.15443,0.05345,2.4915,2.94333,2.05104,0.00901,0.00901,0.00901
122,1589.82,2.38374,2.90439,1.95733,0.3079,0.20067,0.16764,0.0607,2.4782,2.94286,2.03974,0.00900175,0.00900175,0.00900175
123,1603.29,2.40535,2.90433,1.97179,0.29899,0.19574,0.16455,0.0568,2.52923,2.91713,2.07419,0.0089935,0.0089935,0.0089935
124,1616.23,2.36579,2.91005,1.94368,0.27662,0.21642,0.16604,0.05927,2.48522,2.91274,2.04598,0.00898525,0.00898525,0.00898525
125,1629,2.41788,2.9708,1.98309,0.28172,0.19193,0.14264,0.04664,2.53195,2.96268,2.0463,0.008977,0.008977,0.008977
126,1641.91,2.38219,2.91356,1.96071,0.30701,0.19362,0.14945,0.04992,2.51606,2.91823,2.04065,0.00896875,0.00896875,0.00896875
127,1654.84,2.37427,2.88447,1.94458,0.36792,0.18298,0.18327,0.06213,2.48475,2.89073,2.02718,0.0089605,0.0089605,0.0089605
128,1668.24,2.36269,2.91058,1.95884,0.33842,0.19373,0.16888,0.05995,2.48399,2.89739,2.0666,0.00895225,0.00895225,0.00895225
129,1681.14,2.35993,2.90961,1.94683,0.29148,0.21064,0.15248,0.05069,2.5054,2.91759,2.05319,0.008944,0.008944,0.008944
130,1693.98,2.36288,2.91685,1.9434,0.29829,0.21915,0.17424,0.06319,2.49108,2.87463,2.07057,0.00893575,0.00893575,0.00893575
131,1707.36,2.31075,2.8112,1.92382,0.29176,0.21915,0.17135,0.06486,2.49173,2.84339,2.0519,0.0089275,0.0089275,0.0089275
132,1720.42,2.35347,2.84807,1.94965,0.36286,0.16596,0.16777,0.06285,2.47023,2.85377,2.05634,0.00891925,0.00891925,0.00891925
133,1733.39,2.34536,2.90505,1.93241,0.35611,0.19149,0.1677,0.06348,2.41978,2.91084,2.0002,0.008911,0.008911,0.008911
134,1746.34,2.32228,2.85818,1.92792,0.32164,0.21064,0.17687,0.06225,2.44192,2.91933,2.02039,0.00890275,0.00890275,0.00890275
135,1759.24,2.32745,2.86381,1.9304,0.32512,0.2,0.19659,0.07066,2.47861,2.89225,2.01344,0.0088945,0.0088945,0.0088945
136,1772.68,2.33834,2.82278,1.91856,0.3281,0.20851,0.17142,0.06689,2.44046,2.93081,2.01733,0.00888625,0.00888625,0.00888625
137,1785.7,2.30494,2.81906,1.90541,0.34268,0.21064,0.18417,0.06838,2.4694,2.84782,2.02901,0.008878,0.008878,0.008878
138,1798.63,2.30993,2.84609,1.92214,0.31341,0.20638,0.17141,0.06359,2.48734,2.9241,2.04334,0.00886975,0.00886975,0.00886975
139,1811.59,2.2879,2.751,1.92037,0.35534,0.23617,0.19363,0.07352,2.44045,2.81835,2.02219,0.0088615,0.0088615,0.0088615
140,1824.98,2.28783,2.81313,1.90679,0.41543,0.20213,0.18492,0.06775,2.47137,2.86104,2.0463,0.00885325,0.00885325,0.00885325
141,1837.83,2.30001,2.77889,1.91372,0.37292,0.21702,0.18953,0.07207,2.45316,2.85998,2.01705,0.008845,0.008845,0.008845
142,1850.73,2.30375,2.74206,1.9008,0.36365,0.21915,0.18824,0.06935,2.4805,2.84761,2.02825,0.00883675,0.00883675,0.00883675
143,1863.55,2.26119,2.78371,1.88991,0.33338,0.21702,0.18382,0.06711,2.43687,2.86449,2.00365,0.0088285,0.0088285,0.0088285
144,1876.25,2.26936,2.76007,1.88231,0.34648,0.21277,0.19471,0.07229,2.46109,2.81219,2.02469,0.00882025,0.00882025,0.00882025
145,1888.89,2.28374,2.73686,1.90188,0.34121,0.24255,0.19091,0.06547,2.4559,2.77177,2.01819,0.008812,0.008812,0.008812
146,1901.81,2.31545,2.78447,1.89736,0.3796,0.22128,0.19198,0.07505,2.40134,2.82651,1.98324,0.00880375,0.00880375,0.00880375
147,1915.07,2.26973,2.77111,1.90559,0.32011,0.21702,0.17138,0.06456,2.39075,2.7974,1.9958,0.0087955,0.0087955,0.0087955
148,1927.9,2.25759,2.73494,1.8851,0.32489,0.214,0.18184,0.07014,2.41651,2.7832,1.98614,0.00878725,0.00878725,0.00878725
149,1940.93,2.27215,2.76292,1.88168,0.35528,0.23191,0.19161,0.07496,2.37106,2.73987,1.98877,0.008779,0.008779,0.008779
150,1953.77,2.27521,2.70177,1.88467,0.43175,0.22979,0.21994,0.08433,2.40425,2.75983,1.99178,0.00877075,0.00877075,0.00877075
151,1967.05,2.2641,2.69035,1.89671,0.33294,0.24255,0.20729,0.0767,2.39952,2.77278,1.99097,0.0087625,0.0087625,0.0087625
152,1978.84,2.26117,2.73858,1.84775,0.36646,0.23404,0.21244,0.08318,2.38465,2.71186,1.97313,0.00875425,0.00875425,0.00875425
153,1991.24,2.21996,2.64182,1.86003,0.39526,0.21489,0.21191,0.0784,2.36766,2.69153,1.99063,0.008746,0.008746,0.008746
154,2002.92,2.21985,2.69919,1.84638,0.35567,0.22979,0.20672,0.07926,2.41835,2.75029,1.97801,0.00873775,0.00873775,0.00873775
155,2015.68,2.22222,2.6765,1.84641,0.32911,0.23617,0.21247,0.08288,2.37018,2.73664,2.00567,0.0087295,0.0087295,0.0087295
156,2028.49,2.21694,2.64863,1.85975,0.34243,0.23191,0.21347,0.08624,2.38506,2.68888,1.97737,0.00872125,0.00872125,0.00872125
157,2041.78,2.19894,2.65949,1.85675,0.3481,0.25745,0.22514,0.09014,2.38299,2.67043,1.98202,0.008713,0.008713,0.008713
158,2055.27,2.20853,2.62086,1.8431,0.32912,0.2617,0.23967,0.09545,2.36742,2.63407,1.97518,0.00870475,0.00870475,0.00870475
159,2068.75,2.21012,2.62413,1.83505,0.42802,0.24468,0.23748,0.09077,2.37422,2.62356,1.97576,0.0086965,0.0086965,0.0086965
160,2081.73,2.22145,2.65422,1.85468,0.37729,0.26596,0.24179,0.09293,2.39247,2.67771,1.99488,0.00868825,0.00868825,0.00868825
161,2094.66,2.21591,2.6521,1.83953,0.39585,0.24815,0.22505,0.0876,2.39148,2.70042,1.97667,0.00868,0.00868,0.00868
162,2107.63,2.22441,2.6224,1.85249,0.36121,0.27234,0.23858,0.09669,2.3179,2.65136,1.94464,0.00867175,0.00867175,0.00867175
163,2120.99,2.20594,2.61143,1.84234,0.31965,0.26596,0.23464,0.09372,2.33703,2.62988,1.97208,0.0086635,0.0086635,0.0086635
164,2133.87,2.17188,2.57107,1.80963,0.36776,0.27234,0.22756,0.09257,2.34567,2.6212,1.95333,0.00865525,0.00865525,0.00865525
165,2146.86,2.18699,2.59007,1.83007,0.34137,0.27021,0.24219,0.10352,2.31728,2.56032,1.94753,0.008647,0.008647,0.008647
166,2160.39,2.1896,2.59432,1.82277,0.38671,0.26383,0.23211,0.09375,2.32269,2.61128,1.96607,0.00863875,0.00863875,0.00863875
167,2173.26,2.17372,2.58972,1.83321,0.39048,0.27872,0.25301,0.10693,2.3374,2.57018,1.98251,0.0086305,0.0086305,0.0086305
168,2186.74,2.16023,2.55189,1.81669,0.39572,0.28298,0.25794,0.10773,2.33546,2.53082,1.96931,0.00862225,0.00862225,0.00862225
169,2200.12,2.17688,2.52809,1.81782,0.38906,0.26286,0.25409,0.11348,2.27194,2.55404,1.9131,0.008614,0.008614,0.008614
170,2213.54,2.14457,2.54807,1.81191,0.41072,0.25532,0.25865,0.11411,2.28884,2.53852,1.91939,0.00860575,0.00860575,0.00860575
171,2226.94,2.15425,2.49639,1.80132,0.42208,0.27349,0.26578,0.11877,2.28577,2.5,1.92634,0.0085975,0.0085975,0.0085975
172,2240.17,2.13355,2.5117,1.79325,0.34691,0.27447,0.25228,0.10587,2.34333,2.59987,1.96741,0.00858925,0.00858925,0.00858925
173,2253.07,2.13646,2.53771,1.80001,0.44346,0.26596,0.28399,0.121,2.29242,2.4914,1.9445,0.008581,0.008581,0.008581
174,2266.43,2.11402,2.4881,1.78713,0.44594,0.2757,0.28421,0.12075,2.29144,2.51257,1.94058,0.00857275,0.00857275,0.00857275
175,2279.42,2.10788,2.4848,1.78201,0.38695,0.29574,0.2797,0.12333,2.26921,2.49292,1.90157,0.0085645,0.0085645,0.0085645
176,2292.79,2.10594,2.44105,1.76286,0.39231,0.29787,0.28281,0.12311,2.2674,2.47178,1.90121,0.00855625,0.00855625,0.00855625
177,2305.95,2.09751,2.43028,1.76772,0.43399,0.27896,0.27692,0.1271,2.19739,2.45385,1.85909,0.008548,0.008548,0.008548
178,2319.34,2.10513,2.46149,1.77135,0.44158,0.29612,0.28543,0.12872,2.25751,2.43754,1.89118,0.00853975,0.00853975,0.00853975
179,2332.71,2.109,2.4394,1.77107,0.4692,0.29574,0.30608,0.13787,2.28982,2.47845,1.8922,0.0085315,0.0085315,0.0085315
180,2346.04,2.1143,2.42144,1.75626,0.47823,0.29787,0.31151,0.14033,2.26161,2.44465,1.89647,0.00852325,0.00852325,0.00852325
181,2359.27,2.07738,2.3859,1.75215,0.47599,0.31489,0.31973,0.14233,2.21002,2.38033,1.8648,0.008515,0.008515,0.008515
182,2372.72,2.06796,2.37297,1.73424,0.51475,0.30851,0.33855,0.15989,2.17921,2.35088,1.85419,0.00850675,0.00850675,0.00850675
183,2386.24,2.03683,2.34792,1.72906,0.46238,0.30851,0.318,0.1376,2.21648,2.35371,1.89181,0.0084985,0.0084985,0.0084985
184,2399.27,2.04361,2.35267,1.71987,0.47296,0.34368,0.34647,0.15698,2.19631,2.3369,1.86505,0.00849025,0.00849025,0.00849025
185,2412.27,2.04935,2.3332,1.72908,0.4457,0.33617,0.31304,0.14214,2.19554,2.38512,1.85509,0.008482,0.008482,0.008482
186,2425.25,2.02456,2.33493,1.72404,0.40283,0.34255,0.30676,0.14512,2.19756,2.39975,1.83506,0.00847375,0.00847375,0.00847375
187,2438.22,2.06908,2.36881,1.73688,0.52497,0.30213,0.32318,0.14334,2.22191,2.40791,1.84719,0.0084655,0.0084655,0.0084655
188,2451.21,2.04394,2.29339,1.72447,0.51704,0.33256,0.34935,0.15337,2.19748,2.34436,1.84333,0.00845725,0.00845725,0.00845725
189,2464.1,2.01091,2.29086,1.71053,0.51154,0.3383,0.35166,0.16159,2.18134,2.32201,1.86924,0.008449,0.008449,0.008449
190,2477.5,2.0448,2.32162,1.71406,0.46155,0.33617,0.35351,0.16891,2.16707,2.27236,1.83427,0.00844075,0.00844075,0.00844075
191,2490.75,2.03508,2.33847,1.72245,0.47021,0.3766,0.37619,0.16984,2.14564,2.22846,1.8232,0.0084325,0.0084325,0.0084325
192,2504.08,2.01002,2.25771,1.69149,0.49435,0.36809,0.37782,0.16974,2.16797,2.23172,1.83151,0.00842425,0.00842425,0.00842425
193,2517.33,2.01523,2.26575,1.70539,0.46565,0.34894,0.36125,0.16382,2.15383,2.26892,1.8034,0.008416,0.008416,0.008416
194,2529.95,2.00445,2.26201,1.68867,0.6414,0.30064,0.36763,0.17173,2.09564,2.25775,1.78841,0.00840775,0.00840775,0.00840775
195,2543.2,2.03731,2.26778,1.72029,0.6025,0.34468,0.39438,0.19211,2.09907,2.23149,1.8072,0.0083995,0.0083995,0.0083995
196,2556.41,1.99675,2.23067,1.68307,0.55361,0.34681,0.39232,0.18146,2.13322,2.25978,1.82075,0.00839125,0.00839125,0.00839125
197,2569.24,2.01375,2.24532,1.70174,0.59553,0.35399,0.40581,0.19168,2.1024,2.22087,1.81421,0.008383,0.008383,0.008383
198,2582.55,2.00323,2.19874,1.6595,0.55051,0.36596,0.39499,0.18452,2.13196,2.21565,1.81271,0.00837475,0.00837475,0.00837475
199,2595.12,2.00286,2.23289,1.69104,0.51165,0.37447,0.39989,0.1882,2.13139,2.21669,1.7991,0.0083665,0.0083665,0.0083665
200,2607.6,1.97767,2.22064,1.67972,0.49444,0.38085,0.38373,0.18708,2.07018,2.20907,1.77977,0.00835825,0.00835825,0.00835825
201,2620.41,1.95842,2.17691,1.65561,0.5285,0.36383,0.40909,0.19801,2.11276,2.13816,1.8053,0.00835,0.00835,0.00835
202,2634.1,1.95509,2.15948,1.65752,0.53143,0.34043,0.3738,0.1728,2.15536,2.24932,1.84028,0.00834175,0.00834175,0.00834175
203,2647.05,1.94627,2.16787,1.65235,0.53178,0.38723,0.42497,0.21184,2.09241,2.11502,1.78682,0.0083335,0.0083335,0.0083335
204,2660.39,1.96318,2.18927,1.66518,0.56996,0.39149,0.44698,0.22095,2.04277,2.08135,1.75242,0.00832525,0.00832525,0.00832525
205,2673.45,1.92999,2.13742,1.65411,0.51544,0.4,0.43529,0.21945,2.06248,2.0797,1.74952,0.008317,0.008317,0.008317
206,2686.2,1.92136,2.1341,1.64377,0.57337,0.38936,0.43807,0.22006,2.0353,2.12809,1.70687,0.00830875,0.00830875,0.00830875
207,2699.17,1.90463,2.12915,1.63385,0.52914,0.4,0.42807,0.2162,2.06832,2.10841,1.74056,0.0083005,0.0083005,0.0083005
208,2711.96,1.87817,2.06272,1.6175,0.60282,0.39787,0.44784,0.22319,2.04644,2.10495,1.75694,0.00829225,0.00829225,0.00829225
209,2725.37,1.88608,2.08092,1.62459,0.63257,0.40213,0.4586,0.22624,2.04373,2.03732,1.73202,0.008284,0.008284,0.008284
210,2738.88,1.90636,2.12058,1.62925,0.57025,0.4122,0.46899,0.2328,2.02643,2.00708,1.73713,0.00827575,0.00827575,0.00827575
211,2752.34,1.90915,2.086,1.62885,0.5783,0.4,0.4529,0.23221,2.0278,2.03342,1.72798,0.0082675,0.0082675,0.0082675
212,2765.47,1.91701,2.0957,1.63035,0.57322,0.38511,0.4277,0.21808,2.02348,2.1003,1.72297,0.00825925,0.00825925,0.00825925
213,2778.53,1.87952,2.07139,1.59911,0.53771,0.41489,0.44793,0.234,2.00722,2.06563,1.7102,0.008251,0.008251,0.008251
214,2791.63,1.88544,2.02637,1.60461,0.60961,0.41277,0.4771,0.23899,1.97952,1.98211,1.6693,0.00824275,0.00824275,0.00824275
215,2805.17,1.87235,2.03249,1.58977,0.59144,0.4234,0.46849,0.23749,2.0101,1.98195,1.69741,0.0082345,0.0082345,0.0082345
216,2817.98,1.89906,2.04173,1.5979,0.62052,0.43617,0.47675,0.24185,1.9624,2.00801,1.66833,0.00822625,0.00822625,0.00822625
217,2830.97,1.83613,1.98329,1.58265,0.57819,0.45106,0.49467,0.24899,1.96471,1.97374,1.67418,0.008218,0.008218,0.008218
218,2844.48,1.90133,2.04844,1.60717,0.54672,0.45319,0.48969,0.25168,1.96104,1.95097,1.67208,0.00820975,0.00820975,0.00820975
219,2857.67,1.84453,1.97627,1.5819,0.60582,0.45127,0.50388,0.26129,1.94737,1.9541,1.67394,0.0082015,0.0082015,0.0082015
220,2871.22,1.8505,2.02282,1.58476,0.63703,0.43617,0.50472,0.25929,1.94062,1.9709,1.65588,0.00819325,0.00819325,0.00819325
221,2883.83,1.82998,1.9731,1.57799,0.61519,0.41489,0.48782,0.25157,1.94521,1.96908,1.64865,0.008185,0.008185,0.008185
222,2896.55,1.84971,2.01195,1.5837,0.60476,0.46596,0.51429,0.26725,1.93371,1.87255,1.65174,0.00817675,0.00817675,0.00817675
223,2909.94,1.84055,1.9773,1.56385,0.65537,0.45532,0.51871,0.28022,1.8764,1.88983,1.61667,0.0081685,0.0081685,0.0081685
224,2923.18,1.86832,2.00907,1.59209,0.60556,0.45532,0.50268,0.26059,1.95868,1.97899,1.68245,0.00816025,0.00816025,0.00816025
225,2936.27,1.84757,1.98027,1.5732,0.68496,0.43617,0.52231,0.27265,1.92704,1.89612,1.67022,0.008152,0.008152,0.008152
226,2949.18,1.84761,1.99363,1.5703,0.66188,0.45399,0.51934,0.27197,1.89581,1.87043,1.63785,0.00814375,0.00814375,0.00814375
227,2962.12,1.79595,1.898,1.54213,0.68143,0.45532,0.53828,0.28332,1.89241,1.87693,1.61083,0.0081355,0.0081355,0.0081355
228,2975.48,1.80838,1.90502,1.54431,0.66725,0.46505,0.53136,0.27627,1.91076,1.88973,1.62746,0.00812725,0.00812725,0.00812725
229,2988.33,1.84205,1.95367,1.56462,0.67989,0.44255,0.51487,0.27189,1.90487,1.91084,1.64593,0.008119,0.008119,0.008119
230,3001.37,1.80613,1.889,1.53981,0.73462,0.45957,0.54403,0.29388,1.88509,1.86328,1.62985,0.00811075,0.00811075,0.00811075
231,3014.65,1.81479,1.93489,1.54224,0.72178,0.46365,0.55821,0.30442,1.86121,1.81952,1.59805,0.0081025,0.0081025,0.0081025
232,3028.04,1.785,1.86907,1.52079,0.70618,0.46809,0.5522,0.29429,1.87019,1.82826,1.59575,0.00809425,0.00809425,0.00809425
233,3040.98,1.8006,1.92642,1.54069,0.6255,0.4617,0.53764,0.28838,1.87786,1.86261,1.64066,0.008086,0.008086,0.008086
234,3053.91,1.76395,1.86277,1.52927,0.69948,0.45562,0.54101,0.29248,1.8722,1.83324,1.62554,0.00807775,0.00807775,0.00807775
235,3066.88,1.76194,1.8512,1.52371,0.64099,0.49149,0.53658,0.28707,1.8768,1.86215,1.63186,0.0080695,0.0080695,0.0080695
236,3079.4,1.7722,1.85357,1.53006,0.70949,0.49574,0.55907,0.29449,1.90979,1.79946,1.6409,0.00806125,0.00806125,0.00806125
237,3092.48,1.78492,1.88181,1.52381,0.73111,0.47021,0.57262,0.30679,1.84383,1.77403,1.59749,0.008053,0.008053,0.008053
238,3106.08,1.78169,1.8425,1.50284,0.66478,0.46809,0.55502,0.29512,1.87279,1.81304,1.59394,0.00804475,0.00804475,0.00804475
239,3119.13,1.71389,1.84029,1.50882,0.65634,0.47872,0.56116,0.3123,1.82204,1.78138,1.57077,0.0080365,0.0080365,0.0080365
240,3132.26,1.77159,1.88169,1.52368,0.69598,0.47245,0.55116,0.29726,1.83654,1.78746,1.57158,0.00802825,0.00802825,0.00802825
241,3145.17,1.77093,1.86624,1.52458,0.72444,0.45957,0.57882,0.30818,1.83672,1.74985,1.56757,0.00802,0.00802,0.00802
242,3157.98,1.73852,1.81982,1.5046,0.61578,0.51489,0.55983,0.31624,1.81399,1.75518,1.56794,0.00801175,0.00801175,0.00801175
243,3171.09,1.77663,1.82594,1.50959,0.64416,0.51064,0.57137,0.30932,1.85378,1.76403,1.57288,0.0080035,0.0080035,0.0080035
244,3183.83,1.70824,1.78328,1.46901,0.73032,0.48723,0.58601,0.32211,1.80353,1.71273,1.55302,0.00799525,0.00799525,0.00799525
245,3197.08,1.76561,1.86328,1.51567,0.70448,0.46809,0.55988,0.30781,1.82985,1.75585,1.5565,0.007987,0.007987,0.007987
246,3208.78,1.72928,1.78218,1.48637,0.76781,0.50426,0.61221,0.34574,1.77154,1.67674,1.51296,0.00797875,0.00797875,0.00797875
247,3222.16,1.71867,1.78704,1.49356,0.80984,0.5,0.61224,0.34867,1.77821,1.66251,1.5367,0.0079705,0.0079705,0.0079705
248,3235.52,1.72972,1.82236,1.4991,0.67189,0.52718,0.58874,0.32759,1.79398,1.69084,1.5193,0.00796225,0.00796225,0.00796225
249,3248.42,1.72898,1.77548,1.47498,0.72492,0.48936,0.56508,0.3108,1.82309,1.77035,1.55712,0.007954,0.007954,0.007954
250,3261.22,1.72869,1.7725,1.47787,0.71035,0.53224,0.60207,0.34168,1.78298,1.69982,1.5517,0.00794575,0.00794575,0.00794575
251,3274.11,1.72141,1.77926,1.47057,0.71659,0.51277,0.59979,0.34728,1.74926,1.70017,1.52696,0.0079375,0.0079375,0.0079375
252,3287.03,1.68936,1.75329,1.4681,0.80763,0.49129,0.60591,0.34445,1.78134,1.69473,1.52703,0.00792925,0.00792925,0.00792925
253,3299.86,1.68615,1.75456,1.45955,0.74801,0.49894,0.59007,0.33733,1.83544,1.75394,1.55918,0.007921,0.007921,0.007921
254,3312.81,1.70299,1.76437,1.4753,0.76129,0.50891,0.60868,0.33053,1.79153,1.67009,1.53539,0.00791275,0.00791275,0.00791275
255,3325.63,1.69954,1.73662,1.47439,0.72298,0.51642,0.6021,0.33961,1.74254,1.64376,1.48985,0.0079045,0.0079045,0.0079045
256,3338.57,1.66369,1.6967,1.45232,0.72225,0.54468,0.61353,0.35459,1.72049,1.64066,1.48663,0.00789625,0.00789625,0.00789625
257,3351.74,1.69088,1.73865,1.45693,0.70022,0.54043,0.60527,0.34095,1.76925,1.67286,1.51556,0.007888,0.007888,0.007888
258,3364.58,1.69342,1.70632,1.45914,0.73262,0.52766,0.60756,0.34667,1.76036,1.65629,1.49388,0.00787975,0.00787975,0.00787975
259,3377.36,1.69797,1.72656,1.46561,0.7388,0.53617,0.6144,0.35488,1.75341,1.66447,1.49457,0.0078715,0.0078715,0.0078715
260,3390.7,1.65588,1.67161,1.43087,0.68882,0.54894,0.60402,0.34064,1.7659,1.68693,1.49924,0.00786325,0.00786325,0.00786325
261,3403.65,1.63501,1.66444,1.42471,0.73666,0.51915,0.62292,0.33901,1.79359,1.65277,1.51138,0.007855,0.007855,0.007855
262,3416.05,1.66283,1.70812,1.43896,0.79124,0.51915,0.63789,0.36285,1.73934,1.62827,1.4901,0.00784675,0.00784675,0.00784675
263,3429.4,1.6507,1.66009,1.43636,0.77917,0.52979,0.63262,0.35851,1.72665,1.64672,1.47322,0.0078385,0.0078385,0.0078385
264,3442.31,1.62998,1.61273,1.41175,0.7304,0.55914,0.63536,0.36986,1.72138,1.58522,1.4886,0.00783025,0.00783025,0.00783025
265,3455.64,1.66764,1.69139,1.43634,0.79858,0.52128,0.63625,0.36435,1.71107,1.59145,1.4989,0.007822,0.007822,0.007822
266,3468.58,1.62803,1.61637,1.41785,0.78011,0.56809,0.65229,0.37372,1.69508,1.56402,1.46678,0.00781375,0.00781375,0.00781375
267,3482.05,1.65301,1.64297,1.42294,0.78991,0.5766,0.66165,0.37092,1.7251,1.58856,1.46751,0.0078055,0.0078055,0.0078055
268,3494.8,1.67142,1.67962,1.43084,0.75789,0.57234,0.65899,0.37381,1.71141,1.58415,1.47211,0.00779725,0.00779725,0.00779725
269,3508.1,1.63427,1.68995,1.42029,0.80107,0.53979,0.64586,0.37304,1.70069,1.59234,1.44668,0.007789,0.007789,0.007789
270,3520.8,1.60679,1.60542,1.40701,0.797,0.56803,0.65658,0.37797,1.71997,1.55348,1.46238,0.00778075,0.00778075,0.00778075
271,3534.15,1.59585,1.59352,1.39349,0.78339,0.57021,0.66551,0.38883,1.67974,1.53531,1.43371,0.0077725,0.0077725,0.0077725
272,3547.47,1.63534,1.62919,1.42631,0.74725,0.57872,0.66585,0.37784,1.67543,1.54483,1.43409,0.00776425,0.00776425,0.00776425
273,3560.27,1.63837,1.63071,1.43066,0.76076,0.55745,0.64422,0.37926,1.69361,1.5985,1.45078,0.007756,0.007756,0.007756
274,3573.09,1.60155,1.58071,1.39975,0.73609,0.56809,0.65462,0.38267,1.6762,1.54374,1.44338,0.00774775,0.00774775,0.00774775
275,3586.08,1.615,1.6233,1.40384,0.78991,0.55957,0.65479,0.37995,1.6477,1.53993,1.44502,0.0077395,0.0077395,0.0077395
276,3598.79,1.62096,1.59321,1.39199,0.78201,0.58511,0.67749,0.39503,1.65778,1.50319,1.4344,0.00773125,0.00773125,0.00773125
277,3612.3,1.58798,1.58304,1.39868,0.86915,0.5653,0.69333,0.39978,1.6523,1.47865,1.41958,0.007723,0.007723,0.007723
278,3625.51,1.58427,1.58445,1.39104,0.80041,0.60582,0.69501,0.40466,1.63339,1.47731,1.41536,0.00771475,0.00771475,0.00771475
279,3638.76,1.60919,1.57992,1.40404,0.85258,0.55106,0.67458,0.40149,1.63902,1.5075,1.42294,0.0077065,0.0077065,0.0077065
280,3651.3,1.57716,1.54597,1.37499,0.82387,0.58085,0.68432,0.40846,1.62231,1.50089,1.40141,0.00769825,0.00769825,0.00769825
281,3664.45,1.5873,1.53729,1.37745,0.84664,0.57872,0.67952,0.40357,1.60476,1.5096,1.41614,0.00769,0.00769,0.00769
282,3677.36,1.59115,1.56672,1.39483,0.80158,0.59362,0.71042,0.42161,1.59347,1.44706,1.40666,0.00768175,0.00768175,0.00768175
283,3690.43,1.5815,1.55468,1.383,0.78717,0.62128,0.718,0.42456,1.58952,1.41349,1.3868,0.0076735,0.0076735,0.0076735
284,3703.75,1.58013,1.55733,1.3742,0.82241,0.57447,0.69427,0.41344,1.62576,1.45745,1.41103,0.00766525,0.00766525,0.00766525
285,3716.67,1.60745,1.55602,1.39774,0.81909,0.58936,0.70846,0.42885,1.59403,1.43478,1.39096,0.007657,0.007657,0.007657
286,4186.75,1.55517,1.51531,1.3747,0.84362,0.60851,0.70512,0.42008,1.60472,1.47327,1.39843,0.00764875,0.00764875,0.00764875
287,4199.46,1.55386,1.5297,1.36699,0.8281,0.59574,0.7067,0.4216,1.62293,1.43094,1.40432,0.0076405,0.0076405,0.0076405
288,4212.27,1.59425,1.56598,1.3866,0.83752,0.60322,0.72572,0.42605,1.60697,1.4072,1.399,0.00763225,0.00763225,0.00763225
289,4225.16,1.5409,1.51731,1.35965,0.85382,0.59654,0.71228,0.41756,1.62181,1.40034,1.41349,0.007624,0.007624,0.007624
290,4237.89,1.56677,1.51527,1.36056,0.8437,0.60638,0.72343,0.42192,1.60913,1.41044,1.38324,0.00761575,0.00761575,0.00761575
291,4250.73,1.57716,1.56176,1.37012,0.82743,0.6019,0.71421,0.42307,1.58861,1.41399,1.38595,0.0076075,0.0076075,0.0076075
292,4263.43,1.54676,1.48569,1.34705,0.79266,0.6182,0.7183,0.4171,1.62947,1.40502,1.38488,0.00759925,0.00759925,0.00759925
293,4276.27,1.57966,1.50977,1.36916,0.83108,0.60716,0.72501,0.42683,1.59799,1.40522,1.37902,0.007591,0.007591,0.007591
294,4289.15,1.52041,1.47278,1.33678,0.75107,0.60638,0.70298,0.42873,1.58651,1.42945,1.37893,0.00758275,0.00758275,0.00758275
295,4301.94,1.55529,1.49838,1.34859,0.86552,0.57516,0.71785,0.42845,1.57273,1.4072,1.37243,0.0075745,0.0075745,0.0075745
296,4315.36,1.55646,1.52083,1.36251,0.85776,0.59787,0.71677,0.43336,1.57998,1.39062,1.37113,0.00756625,0.00756625,0.00756625
297,4328.79,1.56433,1.50986,1.36981,0.82635,0.6234,0.72731,0.43891,1.56079,1.36788,1.35832,0.007558,0.007558,0.007558
298,4342.21,1.53065,1.47718,1.33907,0.82763,0.60426,0.72297,0.4366,1.57549,1.37398,1.37539,0.00754975,0.00754975,0.00754975
299,4355.08,1.52721,1.46806,1.34739,0.8651,0.58936,0.7258,0.45116,1.54146,1.35024,1.37086,0.0075415,0.0075415,0.0075415
300,4368.41,1.53874,1.47355,1.3575,0.87825,0.60638,0.73735,0.45366,1.512,1.32275,1.33166,0.00753325,0.00753325,0.00753325
301,4381.78,1.53883,1.4764,1.3506,0.86071,0.59574,0.72432,0.45698,1.52524,1.33258,1.35435,0.007525,0.007525,0.007525
302,4395.17,1.51261,1.47007,1.34074,0.85056,0.58936,0.72965,0.44152,1.52608,1.36431,1.3591,0.00751675,0.00751675,0.00751675
303,4407.7,1.51656,1.44054,1.33262,0.84515,0.60638,0.72439,0.43889,1.54715,1.3603,1.34962,0.0075085,0.0075085,0.0075085
304,4420.63,1.53296,1.4697,1.34508,0.83871,0.60426,0.72796,0.44442,1.53224,1.35178,1.34508,0.00750025,0.00750025,0.00750025
305,4433.58,1.53336,1.4472,1.33187,0.90304,0.58511,0.74023,0.45164,1.53193,1.35023,1.35293,0.007492,0.007492,0.007492
306,4446.47,1.48926,1.4328,1.30908,0.88845,0.60426,0.74086,0.45545,1.51681,1.34505,1.35014,0.00748375,0.00748375,0.00748375
307,4459.92,1.4883,1.43785,1.32446,0.83995,0.62528,0.74544,0.45735,1.5174,1.31449,1.34587,0.0074755,0.0074755,0.0074755
308,4473.16,1.48902,1.40944,1.30405,0.82571,0.64468,0.75042,0.46095,1.50494,1.29325,1.33028,0.00746725,0.00746725,0.00746725
309,4486.45,1.53005,1.45638,1.34542,0.86471,0.62556,0.75466,0.46768,1.48034,1.28142,1.32839,0.007459,0.007459,0.007459
310,4500.03,1.50127,1.42231,1.31894,0.86197,0.62451,0.74896,0.46012,1.49684,1.303,1.33614,0.00745075,0.00745075,0.00745075
311,4512.9,1.50553,1.4321,1.32499,0.84854,0.61277,0.74094,0.46334,1.48619,1.30036,1.33021,0.0074425,0.0074425,0.0074425
312,4525.94,1.50262,1.42361,1.32822,0.83398,0.62979,0.74845,0.46975,1.49006,1.28359,1.3175,0.00743425,0.00743425,0.00743425
313,4539.48,1.49271,1.41797,1.31187,0.88291,0.6383,0.7603,0.47564,1.48037,1.27468,1.31963,0.007426,0.007426,0.007426
314,4552.67,1.45861,1.38738,1.30933,0.86335,0.65106,0.7666,0.48047,1.48053,1.25689,1.3194,0.00741775,0.00741775,0.00741775
315,4565.92,1.4916,1.40491,1.32281,0.85382,0.6462,0.75511,0.47019,1.44898,1.2877,1.31256,0.0074095,0.0074095,0.0074095
316,4578.96,1.4783,1.40367,1.30485,0.81003,0.67134,0.75757,0.47998,1.46986,1.28295,1.33102,0.00740125,0.00740125,0.00740125
317,4591.85,1.47853,1.40205,1.31727,0.8326,0.66668,0.76205,0.48279,1.48399,1.28648,1.32379,0.007393,0.007393,0.007393
318,4605.21,1.46479,1.38845,1.31202,0.79,0.68511,0.76591,0.47706,1.47643,1.27044,1.31905,0.00738475,0.00738475,0.00738475
319,4618.11,1.47005,1.38779,1.31396,0.84439,0.64655,0.76871,0.47663,1.49563,1.26609,1.31971,0.0073765,0.0073765,0.0073765
320,4630.98,1.47799,1.38427,1.31311,0.85616,0.63319,0.75517,0.47317,1.49371,1.2628,1.32832,0.00736825,0.00736825,0.00736825
321,4643.76,1.44318,1.34568,1.28967,0.86528,0.65532,0.76825,0.49155,1.45241,1.23402,1.29051,0.00736,0.00736,0.00736
322,4657.06,1.47378,1.37931,1.30229,0.88939,0.63303,0.7614,0.47814,1.48769,1.25826,1.30778,0.00735175,0.00735175,0.00735175
323,4669.71,1.46061,1.35467,1.29791,0.87437,0.64681,0.75983,0.47037,1.48609,1.2573,1.30927,0.0073435,0.0073435,0.0073435
324,4682.59,1.45744,1.3692,1.29326,0.86881,0.64815,0.76423,0.47352,1.48648,1.26735,1.31086,0.00733525,0.00733525,0.00733525
325,4695.3,1.45007,1.36384,1.29871,0.84216,0.64708,0.74772,0.46322,1.50259,1.28905,1.31142,0.007327,0.007327,0.007327
326,4707.73,1.44952,1.36556,1.29523,0.81546,0.6766,0.75796,0.47542,1.48088,1.25942,1.30984,0.00731875,0.00731875,0.00731875
327,4720.74,1.4454,1.34581,1.29088,0.89113,0.66809,0.78566,0.49215,1.44559,1.22312,1.29962,0.0073105,0.0073105,0.0073105
328,4734.1,1.45116,1.33671,1.27961,0.84863,0.67872,0.7719,0.49206,1.44391,1.25117,1.28695,0.00730225,0.00730225,0.00730225
329,4746.92,1.43838,1.34323,1.27615,0.8735,0.64642,0.76696,0.48801,1.43723,1.23926,1.28009,0.007294,0.007294,0.007294
330,4759.34,1.44086,1.3361,1.2897,0.91773,0.6234,0.76513,0.4796,1.47273,1.24916,1.29895,0.00728575,0.00728575,0.00728575
331,4772.06,1.45639,1.33777,1.28526,0.86803,0.66596,0.77148,0.48899,1.43495,1.23071,1.28635,0.0072775,0.0072775,0.0072775
332,4784.96,1.44175,1.33547,1.29075,0.83304,0.68936,0.77714,0.49523,1.42093,1.18868,1.27833,0.00726925,0.00726925,0.00726925
333,4798.29,1.44042,1.34209,1.28508,0.8797,0.64043,0.7761,0.49822,1.42277,1.20155,1.28693,0.007261,0.007261,0.007261
334,4811.6,1.44081,1.34985,1.28657,0.88254,0.6714,0.7831,0.50726,1.40983,1.20938,1.27726,0.00725275,0.00725275,0.00725275
335,4824.83,1.44544,1.34339,1.27793,0.90427,0.6617,0.78494,0.5094,1.40477,1.20475,1.27951,0.0072445,0.0072445,0.0072445
336,4838.33,1.42849,1.32999,1.26734,0.90561,0.6532,0.78293,0.50155,1.41807,1.19162,1.28379,0.00723625,0.00723625,0.00723625
337,4851.13,1.44948,1.34902,1.27365,0.891,0.64894,0.77963,0.49026,1.43656,1.20254,1.28494,0.007228,0.007228,0.007228
338,4864.02,1.42812,1.30751,1.27621,0.87305,0.6877,0.7898,0.49909,1.43332,1.18472,1.28238,0.00721975,0.00721975,0.00721975
339,4876.83,1.43133,1.29351,1.26356,0.88963,0.66884,0.79083,0.50728,1.41491,1.18191,1.28104,0.0072115,0.0072115,0.0072115
340,4889.78,1.4235,1.30632,1.27269,0.84634,0.71485,0.79467,0.50817,1.41973,1.19893,1.27355,0.00720325,0.00720325,0.00720325
341,4902.59,1.40659,1.29929,1.26882,0.83493,0.70638,0.79144,0.50337,1.41466,1.19388,1.2684,0.007195,0.007195,0.007195
342,4915.24,1.42179,1.31107,1.25713,0.88048,0.67234,0.79205,0.50838,1.41745,1.19501,1.2683,0.00718675,0.00718675,0.00718675
343,4927.4,1.40769,1.29544,1.26802,0.88964,0.66888,0.79283,0.50674,1.39817,1.1762,1.26269,0.0071785,0.0071785,0.0071785
344,4940.23,1.38461,1.26047,1.25343,0.89019,0.68723,0.79901,0.51622,1.39343,1.16761,1.26816,0.00717025,0.00717025,0.00717025
345,4953.6,1.41586,1.28464,1.26779,0.85088,0.68723,0.78955,0.50683,1.38096,1.18579,1.26133,0.007162,0.007162,0.007162
346,4966.5,1.40922,1.29714,1.26703,0.84139,0.70213,0.79707,0.51243,1.39599,1.16858,1.27836,0.00715375,0.00715375,0.00715375
347,4979.33,1.39611,1.28492,1.25653,0.87168,0.69375,0.81059,0.52284,1.38193,1.14544,1.26269,0.0071455,0.0071455,0.0071455
348,4992.63,1.40695,1.29332,1.26353,0.90621,0.68298,0.80341,0.52164,1.38203,1.14188,1.2556,0.00713725,0.00713725,0.00713725
349,5005.42,1.37759,1.24564,1.24171,0.86735,0.70213,0.81548,0.5236,1.3862,1.14086,1.25346,0.007129,0.007129,0.007129
350,5018.67,1.40632,1.26966,1.25973,0.87041,0.70022,0.80758,0.52246,1.38391,1.15846,1.24138,0.00712075,0.00712075,0.00712075
351,5031.63,1.39999,1.27463,1.2638,0.9083,0.69362,0.80645,0.52915,1.37529,1.14285,1.24087,0.0071125,0.0071125,0.0071125
352,5044.92,1.40214,1.26398,1.24888,0.87727,0.70213,0.81387,0.52552,1.39468,1.12326,1.24908,0.00710425,0.00710425,0.00710425
353,5057.75,1.39603,1.29626,1.26134,0.90018,0.69076,0.81296,0.53577,1.36697,1.11555,1.24603,0.007096,0.007096,0.007096
354,5071.05,1.35168,1.25388,1.24052,0.90145,0.70061,0.81537,0.53798,1.37087,1.11121,1.24607,0.00708775,0.00708775,0.00708775
355,5084.61,1.36032,1.21905,1.22995,0.91949,0.67234,0.80903,0.53,1.36714,1.09893,1.24455,0.0070795,0.0070795,0.0070795
356,5097.59,1.3979,1.25009,1.24585,0.89785,0.69192,0.80817,0.53182,1.3591,1.10269,1.24042,0.00707125,0.00707125,0.00707125
357,5110.31,1.38488,1.27924,1.25007,0.87899,0.69547,0.80766,0.52699,1.36167,1.13069,1.23793,0.007063,0.007063,0.007063
358,5123.37,1.3686,1.22858,1.23571,0.87391,0.71702,0.80783,0.53608,1.3456,1.11369,1.22963,0.00705475,0.00705475,0.00705475
359,5136.23,1.38003,1.25412,1.24778,0.9179,0.68988,0.81138,0.54047,1.34276,1.09491,1.23778,0.0070465,0.0070465,0.0070465
360,5149.58,1.36572,1.2289,1.23368,0.91206,0.68511,0.81115,0.54377,1.33577,1.09869,1.23016,0.00703825,0.00703825,0.00703825
361,5163.07,1.34852,1.23094,1.22718,0.88618,0.70426,0.81157,0.54113,1.35245,1.12021,1.22364,0.00703,0.00703,0.00703
362,5176.08,1.35087,1.19297,1.22883,0.89202,0.72553,0.81882,0.54388,1.3511,1.12719,1.22487,0.00702175,0.00702175,0.00702175
363,5189.26,1.36155,1.21152,1.22515,0.87541,0.74255,0.82658,0.55139,1.33708,1.0903,1.22205,0.0070135,0.0070135,0.0070135
364,5202.7,1.37124,1.21477,1.22819,0.8911,0.73617,0.82747,0.55231,1.33658,1.06841,1.2312,0.00700525,0.00700525,0.00700525
365,5216,1.3852,1.23487,1.24112,0.90229,0.72979,0.82716,0.54811,1.34629,1.08583,1.23787,0.006997,0.006997,0.006997
366,5229,1.33911,1.21382,1.22449,0.91727,0.70638,0.82681,0.54753,1.33761,1.10167,1.22531,0.00698875,0.00698875,0.00698875
367,5241.75,1.34249,1.21597,1.22553,0.8722,0.72979,0.82449,0.55189,1.33914,1.08857,1.22313,0.0069805,0.0069805,0.0069805
368,5254.47,1.34209,1.21392,1.22594,0.92052,0.70213,0.81752,0.55035,1.33073,1.0981,1.22335,0.00697225,0.00697225,0.00697225
369,5267.45,1.33908,1.20787,1.22437,0.90718,0.71489,0.82717,0.55032,1.33446,1.07324,1.22863,0.006964,0.006964,0.006964
370,5280.21,1.35074,1.22572,1.20519,0.89269,0.73191,0.82606,0.54541,1.33311,1.08265,1.23324,0.00695575,0.00695575,0.00695575
371,5293.2,1.36429,1.1923,1.22669,0.89619,0.72766,0.82619,0.54324,1.3252,1.0846,1.23034,0.0069475,0.0069475,0.0069475
372,5305.85,1.34811,1.20212,1.22312,0.90998,0.71702,0.82336,0.54702,1.32691,1.09571,1.21914,0.00693925,0.00693925,0.00693925
373,5318.53,1.33634,1.20394,1.22359,0.90401,0.71915,0.82378,0.54794,1.31576,1.07748,1.20734,0.006931,0.006931,0.006931
374,5331.48,1.33417,1.19137,1.21718,0.88832,0.72772,0.82344,0.55709,1.31148,1.08746,1.21021,0.00692275,0.00692275,0.00692275
375,5344.32,1.32092,1.17479,1.21371,0.90426,0.72345,0.83158,0.56289,1.31618,1.06963,1.20352,0.0069145,0.0069145,0.0069145
376,5357.61,1.35791,1.21293,1.22597,0.89691,0.73404,0.83262,0.55899,1.30369,1.0464,1.2018,0.00690625,0.00690625,0.00690625
377,5370.6,1.31715,1.18251,1.206,0.87537,0.7383,0.83273,0.55539,1.30891,1.06792,1.19458,0.006898,0.006898,0.006898
378,5383.48,1.3588,1.22706,1.22986,0.85915,0.7787,0.84551,0.55633,1.31372,1.04152,1.20295,0.00688975,0.00688975,0.00688975
379,5396.28,1.31329,1.19133,1.20927,0.88476,0.75532,0.84922,0.56182,1.31432,1.04774,1.20719,0.0068815,0.0068815,0.0068815
380,5409.64,1.34357,1.17844,1.2235,0.88578,0.74468,0.83707,0.55971,1.30282,1.05907,1.19984,0.00687325,0.00687325,0.00687325
381,5422.54,1.2944,1.15224,1.19969,0.86853,0.73404,0.83669,0.5607,1.30073,1.06452,1.19488,0.006865,0.006865,0.006865
382,5435.38,1.33207,1.18275,1.21604,0.89121,0.74951,0.83924,0.5547,1.2931,1.04866,1.19296,0.00685675,0.00685675,0.00685675
383,5448.87,1.3179,1.18377,1.20933,0.89954,0.74681,0.83972,0.55604,1.29276,1.04633,1.1991,0.0068485,0.0068485,0.0068485
384,5462.26,1.3313,1.17824,1.21551,0.90164,0.74043,0.84161,0.55789,1.28353,1.02108,1.19209,0.00684025,0.00684025,0.00684025
385,5474.99,1.32942,1.16252,1.21404,0.89154,0.75204,0.84331,0.55628,1.29209,1.01876,1.19556,0.006832,0.006832,0.006832
386,5487.95,1.32146,1.16587,1.19495,0.89806,0.75745,0.84427,0.56076,1.30138,1.01816,1.19876,0.00682375,0.00682375,0.00682375
387,5502.06,1.27974,1.13779,1.19963,0.92929,0.72704,0.84977,0.56095,1.29804,1.01342,1.19533,0.0068155,0.0068155,0.0068155
388,5515.15,1.28073,1.12755,1.18957,0.89008,0.75957,0.85124,0.56808,1.28798,1.0056,1.18677,0.00680725,0.00680725,0.00680725
389,5528.42,1.3105,1.16508,1.20991,0.92231,0.72979,0.85236,0.56426,1.27448,1.0051,1.18256,0.006799,0.006799,0.006799
390,5542.45,1.30906,1.15905,1.20141,0.89487,0.74681,0.85232,0.56848,1.29768,1.01163,1.19099,0.00679075,0.00679075,0.00679075
391,5556.17,1.29294,1.13716,1.19741,0.90624,0.73617,0.84281,0.56229,1.30567,1.03232,1.19473,0.0067825,0.0067825,0.0067825
392,5568.84,1.31289,1.15632,1.18449,0.92915,0.72544,0.84519,0.56239,1.29904,1.00935,1.18348,0.00677425,0.00677425,0.00677425
393,5583.01,1.32139,1.1584,1.19397,0.88248,0.76383,0.84685,0.56178,1.28916,0.99421,1.17846,0.006766,0.006766,0.006766
394,5595.99,1.30441,1.15552,1.19514,0.92137,0.74796,0.85432,0.56928,1.27975,1.00059,1.17609,0.00675775,0.00675775,0.00675775
395,5609.32,1.29481,1.16216,1.19254,0.89704,0.74468,0.84821,0.56836,1.28472,1.00038,1.18657,0.0067495,0.0067495,0.0067495
396,5623.72,1.28683,1.12464,1.17645,0.90503,0.72996,0.84475,0.56948,1.2847,0.99259,1.18372,0.00674125,0.00674125,0.00674125
397,5636.54,1.30847,1.12915,1.18963,0.9073,0.7383,0.84686,0.57897,1.25402,0.96881,1.17988,0.006733,0.006733,0.006733
398,5649.86,1.26897,1.11969,1.18027,0.91651,0.74468,0.84508,0.58054,1.25304,0.97716,1.18015,0.00672475,0.00672475,0.00672475
399,5664.63,1.28807,1.13648,1.18886,0.90191,0.75957,0.8517,0.58194,1.25458,0.98529,1.17411,0.0067165,0.0067165,0.0067165
400,5678.01,1.28584,1.13508,1.18321,0.88573,0.77872,0.85622,0.58828,1.25205,0.98022,1.18073,0.00670825,0.00670825,0.00670825
401,5692.85,1.32178,1.16016,1.19869,0.92371,0.74894,0.85602,0.587,1.25023,0.99327,1.17729,0.0067,0.0067,0.0067
402,5705.75,1.30618,1.16704,1.19854,0.91918,0.77435,0.86254,0.58977,1.23912,0.98433,1.16338,0.00669175,0.00669175,0.00669175
403,5719.16,1.2483,1.10083,1.16024,0.91509,0.75666,0.84842,0.5823,1.22999,0.99612,1.15249,0.0066835,0.0066835,0.0066835
404,5734,1.2941,1.12668,1.19475,0.89684,0.76596,0.85154,0.58439,1.22606,0.97945,1.15421,0.00667525,0.00667525,0.00667525
405,5746.8,1.25463,1.10348,1.17218,0.93296,0.74022,0.85339,0.579,1.22543,0.9737,1.15408,0.006667,0.006667,0.006667
406,5759.7,1.29122,1.13389,1.19278,0.91893,0.74468,0.84997,0.5804,1.23223,0.98444,1.16061,0.00665875,0.00665875,0.00665875
407,5773.88,1.26522,1.12012,1.18367,0.91778,0.75996,0.85364,0.58659,1.21841,0.96935,1.14789,0.0066505,0.0066505,0.0066505
408,5786.76,1.27912,1.10977,1.17804,0.92624,0.78085,0.86026,0.5917,1.24527,0.96705,1.16779,0.00664225,0.00664225,0.00664225
409,5800.77,1.28904,1.11469,1.18137,0.91,0.7766,0.8661,0.59757,1.2351,0.95679,1.1669,0.006634,0.006634,0.006634
410,5814.6,1.25863,1.07752,1.17061,0.93627,0.76596,0.86969,0.60008,1.22794,0.94895,1.16982,0.00662575,0.00662575,0.00662575
411,5828.1,1.27655,1.1048,1.16364,0.93506,0.7659,0.87086,0.59599,1.22257,0.94263,1.16401,0.0066175,0.0066175,0.0066175
412,5842.66,1.26733,1.09993,1.17006,0.93171,0.78085,0.87273,0.60023,1.22244,0.94125,1.15701,0.00660925,0.00660925,0.00660925
413,5856.16,1.26832,1.09269,1.16603,0.91953,0.77447,0.87056,0.60267,1.22917,0.95285,1.15322,0.006601,0.006601,0.006601
414,5869.48,1.2454,1.07584,1.16499,0.90481,0.79574,0.86989,0.60041,1.22469,0.94271,1.15204,0.00659275,0.00659275,0.00659275
415,5883.85,1.27462,1.1093,1.1742,0.92821,0.77028,0.85967,0.59496,1.22796,0.95889,1.14368,0.0065845,0.0065845,0.0065845
416,5896.54,1.28348,1.11812,1.18144,0.92023,0.7766,0.8543,0.59243,1.23041,0.94477,1.14505,0.00657625,0.00657625,0.00657625
417,5909.06,1.24644,1.10747,1.16874,0.92295,0.78085,0.86504,0.59723,1.23414,0.94351,1.14689,0.006568,0.006568,0.006568
418,5923.54,1.26567,1.09725,1.17118,0.91642,0.76986,0.86435,0.59378,1.23333,0.94264,1.15271,0.00655975,0.00655975,0.00655975
419,5936.27,1.25567,1.0881,1.17345,0.90779,0.79362,0.87135,0.59898,1.2325,0.93427,1.14672,0.0065515,0.0065515,0.0065515
420,5950.1,1.22743,1.07304,1.15104,0.91623,0.7912,0.87192,0.60338,1.21319,0.92836,1.14538,0.00654325,0.00654325,0.00654325
421,5963.52,1.26977,1.10476,1.16796,0.90649,0.77872,0.86197,0.60341,1.21156,0.94702,1.15058,0.006535,0.006535,0.006535
422,5975.86,1.25073,1.07641,1.15089,0.87469,0.802,0.86607,0.604,1.20092,0.94014,1.14308,0.00652675,0.00652675,0.00652675
423,5989.98,1.25649,1.06863,1.15473,0.91944,0.80213,0.87554,0.60871,1.2019,0.92062,1.14614,0.0065185,0.0065185,0.0065185
424,6003.33,1.2546,1.08845,1.16709,0.90536,0.81418,0.87137,0.60666,1.21064,0.9312,1.14819,0.00651025,0.00651025,0.00651025
425,6016.25,1.24739,1.0966,1.1663,0.90695,0.80426,0.86899,0.60586,1.20303,0.93237,1.1387,0.006502,0.006502,0.006502
426,6030.62,1.23044,1.07207,1.15075,0.91845,0.79149,0.86273,0.60595,1.20577,0.94461,1.14186,0.00649375,0.00649375,0.00649375
427,6043.44,1.25966,1.07731,1.15931,0.91182,0.78511,0.86988,0.60706,1.19938,0.93356,1.13489,0.0064855,0.0064855,0.0064855
428,6056.34,1.25191,1.06362,1.15538,0.91991,0.80651,0.88073,0.62287,1.19262,0.92714,1.13522,0.00647725,0.00647725,0.00647725
429,6071.03,1.22259,1.06223,1.15264,0.93961,0.79448,0.87768,0.61377,1.202,0.92513,1.13539,0.006469,0.006469,0.006469
430,6084.11,1.24345,1.07168,1.15184,0.9484,0.78216,0.87465,0.61563,1.19371,0.9307,1.13546,0.00646075,0.00646075,0.00646075
431,6097.73,1.23973,1.06367,1.15685,0.9073,0.79574,0.87754,0.62123,1.19829,0.9278,1.13861,0.0064525,0.0064525,0.0064525
432,6112.08,1.22094,1.03843,1.15099,0.94263,0.76915,0.87879,0.62026,1.19343,0.92189,1.13934,0.00644425,0.00644425,0.00644425
433,6124.63,1.23673,1.07936,1.15425,0.93513,0.77447,0.8789,0.61855,1.19161,0.92384,1.13464,0.006436,0.006436,0.006436
434,6138.87,1.21625,1.03563,1.14249,0.92269,0.78722,0.87793,0.61498,1.20982,0.92281,1.13645,0.00642775,0.00642775,0.00642775
435,6152.36,1.24026,1.0828,1.16459,0.93911,0.79574,0.88084,0.61748,1.20789,0.9269,1.13353,0.0064195,0.0064195,0.0064195
436,6165.26,1.19361,1.02291,1.13356,0.94041,0.77872,0.87535,0.61474,1.19882,0.92587,1.13206,0.00641125,0.00641125,0.00641125
437,6180.17,1.2194,1.04483,1.1511,0.92474,0.77872,0.87324,0.60659,1.19712,0.92004,1.12882,0.006403,0.006403,0.006403
438,6193.1,1.23449,1.04891,1.15126,0.91515,0.79362,0.87363,0.61506,1.18817,0.90184,1.12212,0.00639475,0.00639475,0.00639475
439,6205.91,1.22888,1.0474,1.14492,0.93918,0.78848,0.87124,0.60998,1.19195,0.91351,1.12638,0.0063865,0.0063865,0.0063865
440,6221.03,1.22057,1.06161,1.139,0.92589,0.79743,0.87725,0.6119,1.17063,0.90113,1.11872,0.00637825,0.00637825,0.00637825
441,6233.8,1.26794,1.09147,1.15329,0.93423,0.78577,0.8759,0.61434,1.17645,0.90398,1.1173,0.00637,0.00637,0.00637
442,6246.67,1.20809,1.04083,1.14302,0.90641,0.783,0.87633,0.61754,1.18305,0.89771,1.12159,0.00636175,0.00636175,0.00636175
443,6261.58,1.21858,1.03456,1.1495,0.9066,0.78475,0.87693,0.62132,1.18522,0.90728,1.12831,0.0063535,0.0063535,0.0063535
444,6274.43,1.20159,1.0205,1.13976,0.92308,0.78511,0.88133,0.6228,1.18628,0.89966,1.12366,0.00634525,0.00634525,0.00634525
445,6287.59,1.20798,1.01186,1.13743,0.93468,0.79161,0.88167,0.62336,1.17467,0.90139,1.11654,0.006337,0.006337,0.006337
446,6303.67,1.1908,1.00201,1.13032,0.92912,0.79574,0.88044,0.62606,1.17156,0.88058,1.11714,0.00632875,0.00632875,0.00632875
447,6317.16,1.20219,1.00895,1.13016,0.92934,0.7835,0.8803,0.62263,1.17007,0.877,1.11581,0.0063205,0.0063205,0.0063205
448,6330.66,1.25004,1.06472,1.1631,0.8989,0.80638,0.88203,0.62256,1.17307,0.87718,1.11854,0.00631225,0.00631225,0.00631225
449,6345.43,1.18595,0.9962,1.1223,0.9394,0.78936,0.88083,0.62417,1.14973,0.88433,1.11421,0.006304,0.006304,0.006304
450,6358.5,1.21987,1.02897,1.1392,0.92559,0.80213,0.8801,0.62909,1.14169,0.87571,1.10962,0.00629575,0.00629575,0.00629575
451,6373.97,1.19443,0.99826,1.14201,0.9243,0.79362,0.88162,0.63017,1.15247,0.87037,1.10979,0.0062875,0.0062875,0.0062875
452,6387.52,1.20967,1.01856,1.13836,0.94059,0.77482,0.88257,0.62535,1.1615,0.87103,1.11111,0.00627925,0.00627925,0.00627925
453,6400.49,1.2122,1.01792,1.13317,0.94629,0.78723,0.88409,0.62898,1.14863,0.88101,1.11332,0.006271,0.006271,0.006271
454,6415.3,1.18641,1.00771,1.13525,0.93394,0.78214,0.88368,0.63071,1.14626,0.88161,1.11253,0.00626275,0.00626275,0.00626275
455,6428.61,1.19035,1.00087,1.13212,0.94727,0.78298,0.88718,0.63048,1.14299,0.87374,1.10873,0.0062545,0.0062545,0.0062545
456,6442.07,1.20826,1.02118,1.13459,0.94008,0.78085,0.88423,0.63092,1.13808,0.88185,1.10905,0.00624625,0.00624625,0.00624625
457,6457.54,1.2088,1.01217,1.14132,0.92687,0.78209,0.88405,0.6381,1.12604,0.87624,1.10508,0.006238,0.006238,0.006238
458,6470.94,1.20437,1.01103,1.12878,0.95319,0.77021,0.88206,0.63309,1.14578,0.87447,1.10685,0.00622975,0.00622975,0.00622975
459,6483.89,1.22179,1.0226,1.13713,0.89373,0.8052,0.881,0.62751,1.14554,0.87439,1.10215,0.0062215,0.0062215,0.0062215
460,6498.67,1.21685,1.02672,1.13243,0.91336,0.80752,0.8881,0.63015,1.16022,0.88469,1.11084,0.00621325,0.00621325,0.00621325
461,6511.44,1.19388,0.99681,1.13309,0.91423,0.81642,0.89155,0.63468,1.15377,0.87099,1.11049,0.006205,0.006205,0.006205
462,6524.87,1.17698,0.9833,1.13265,0.95118,0.8,0.89407,0.64099,1.13008,0.85697,1.10342,0.00619675,0.00619675,0.00619675
463,6540.33,1.20932,1.02232,1.14006,0.9377,0.80638,0.89197,0.63648,1.12065,0.86447,1.10155,0.0061885,0.0061885,0.0061885
464,6553.25,1.16357,0.96768,1.11567,0.92279,0.81378,0.89034,0.63783,1.12566,0.87098,1.10801,0.00618025,0.00618025,0.00618025
465,6568.18,1.19168,0.99998,1.12458,0.92829,0.79876,0.88828,0.63893,1.13274,0.8686,1.10984,0.006172,0.006172,0.006172
466,6581.19,1.16617,0.98862,1.1194,0.9133,0.81489,0.88744,0.64196,1.12923,0.86152,1.10711,0.00616375,0.00616375,0.00616375
467,6594.61,1.17372,1.00558,1.11924,0.91827,0.81489,0.88878,0.64551,1.12016,0.85047,1.09793,0.0061555,0.0061555,0.0061555
468,6610.02,1.17452,0.9691,1.11429,0.91772,0.80683,0.89186,0.64215,1.12313,0.84693,1.09663,0.00614725,0.00614725,0.00614725
469,6622.93,1.18935,0.99869,1.12176,0.90985,0.80638,0.89237,0.64309,1.11276,0.8544,1.09444,0.006139,0.006139,0.006139
470,6635.9,1.17047,0.98006,1.11675,0.9034,0.8,0.89286,0.64356,1.11582,0.8468,1.09668,0.00613075,0.00613075,0.00613075
471,6651.07,1.18953,1.00939,1.13035,0.90774,0.81064,0.89515,0.64379,1.12276,0.84989,1.09603,0.0061225,0.0061225,0.0061225
472,6663.85,1.17289,0.98216,1.10763,0.91505,0.81064,0.89979,0.64491,1.12733,0.84163,1.09189,0.00611425,0.00611425,0.00611425
473,6677.28,1.17116,0.98559,1.12205,0.94222,0.79787,0.90027,0.64673,1.12349,0.84661,1.08763,0.006106,0.006106,0.006106
474,6692.73,1.14752,0.94465,1.10225,0.93649,0.80638,0.89628,0.64128,1.1139,0.84758,1.08425,0.00609775,0.00609775,0.00609775
475,6705.59,1.16436,0.96243,1.11288,0.92168,0.83191,0.89913,0.64761,1.10636,0.83561,1.08093,0.0060895,0.0060895,0.0060895
476,6718.91,1.18128,0.99367,1.11847,0.93541,0.83202,0.90042,0.65422,1.10654,0.8271,1.081,0.00608125,0.00608125,0.00608125
477,6734.34,1.15541,0.96872,1.10407,0.93977,0.83191,0.90313,0.65111,1.10717,0.82911,1.08038,0.006073,0.006073,0.006073
478,6747.17,1.15556,0.95858,1.104,0.93201,0.82128,0.90698,0.65154,1.09837,0.82507,1.07506,0.00606475,0.00606475,0.00606475
479,6759.9,1.17432,0.96748,1.09754,0.93753,0.80851,0.90035,0.64895,1.10807,0.84152,1.08263,0.0060565,0.0060565,0.0060565
480,6774.88,1.20067,1.00646,1.11985,0.9359,0.80772,0.89546,0.64285,1.10344,0.84914,1.09124,0.00604825,0.00604825,0.00604825
481,6787.9,1.15847,0.97183,1.12151,0.94574,0.81582,0.89894,0.65117,1.09926,0.84647,1.0908,0.00604,0.00604,0.00604
482,6802.32,1.1694,0.98907,1.1189,0.94032,0.82553,0.90557,0.65633,1.08949,0.83196,1.08465,0.00603175,0.00603175,0.00603175
483,6816.88,1.1687,0.96428,1.11341,0.97197,0.81489,0.90598,0.66061,1.08561,0.82711,1.08427,0.0060235,0.0060235,0.0060235
484,6830.34,1.16666,0.96726,1.10936,0.93425,0.81633,0.9034,0.65503,1.09358,0.82884,1.0856,0.00601525,0.00601525,0.00601525
485,6845.45,1.17519,0.96902,1.10546,0.91592,0.82553,0.89788,0.65455,1.0982,0.83612,1.0879,0.006007,0.006007,0.006007
486,6858.22,1.14638,0.94719,1.0998,0.91833,0.81915,0.9012,0.65435,1.08833,0.83226,1.08577,0.00599875,0.00599875,0.00599875
487,6871.31,1.15157,0.96646,1.1074,0.95755,0.79787,0.9019,0.64975,1.09364,0.83757,1.08703,0.0059905,0.0059905,0.0059905
488,6886.29,1.17435,0.97078,1.10227,0.93772,0.81277,0.90592,0.65283,1.09736,0.83367,1.08755,0.00598225,0.00598225,0.00598225
489,6898.93,1.14462,0.93807,1.09639,0.94995,0.80765,0.90763,0.6524,1.09717,0.82116,1.08382,0.005974,0.005974,0.005974
490,6911.88,1.15826,0.9614,1.10445,0.93543,0.8234,0.90592,0.65348,1.08862,0.81397,1.08126,0.00596575,0.00596575,0.00596575
491,6926.91,1.13975,0.96526,1.10114,0.94851,0.81702,0.89964,0.65224,1.08449,0.81757,1.07854,0.0059575,0.0059575,0.0059575
492,6939.75,1.15282,0.97493,1.10558,0.93061,0.82748,0.90542,0.66295,1.07154,0.80007,1.06752,0.00594925,0.00594925,0.00594925
493,6953.05,1.16533,0.96874,1.09962,0.91805,0.83404,0.90403,0.66261,1.06336,0.80038,1.06337,0.005941,0.005941,0.005941
494,6968.37,1.14514,0.95069,1.10088,0.91488,0.84681,0.90155,0.6648,1.04791,0.79908,1.05911,0.00593275,0.00593275,0.00593275
495,6982.09,1.15265,0.94493,1.10863,0.91423,0.84255,0.90009,0.6649,1.04482,0.80436,1.05883,0.0059245,0.0059245,0.0059245
496,6996.47,1.13915,0.94671,1.10927,0.91913,0.82216,0.89965,0.66142,1.05342,0.80976,1.06192,0.00591625,0.00591625,0.00591625
497,7010.7,1.12559,0.92042,1.10122,0.91775,0.82553,0.90161,0.65865,1.05585,0.79599,1.0607,0.005908,0.005908,0.005908
498,7023.7,1.17048,0.96089,1.10053,0.90402,0.8383,0.90667,0.65905,1.06128,0.78942,1.0616,0.00589975,0.00589975,0.00589975
499,7038.64,1.15048,0.94035,1.10596,0.90784,0.8383,0.90583,0.65512,1.06958,0.79305,1.06606,0.0058915,0.0058915,0.0058915
500,7051.38,1.13645,0.93935,1.09929,0.91548,0.85266,0.90787,0.65509,1.07135,0.79289,1.0635,0.00588325,0.00588325,0.00588325
501,7063.96,1.15494,0.96992,1.11227,0.94443,0.83617,0.91156,0.65751,1.06937,0.79055,1.06272,0.005875,0.005875,0.005875
502,7078.95,1.1505,0.96485,1.09822,0.92995,0.85319,0.91201,0.66339,1.06205,0.79258,1.06245,0.00586675,0.00586675,0.00586675
503,7091.87,1.15288,0.94285,1.10555,0.93603,0.82128,0.9105,0.66844,1.04898,0.78913,1.059,0.0058585,0.0058585,0.0058585
504,7105.31,1.14872,0.93876,1.09604,0.93253,0.82766,0.90744,0.66675,1.05125,0.80087,1.06271,0.00585025,0.00585025,0.00585025
505,7120.29,1.13493,0.95063,1.09445,0.91834,0.84255,0.90892,0.66961,1.05252,0.80176,1.06094,0.005842,0.005842,0.005842
506,7133.59,1.11953,0.93131,1.08576,0.9393,0.82313,0.9091,0.66714,1.05615,0.79264,1.05971,0.00583375,0.00583375,0.00583375
507,7146.6,1.10568,0.9203,1.07701,0.92893,0.84894,0.91043,0.66825,1.05322,0.78596,1.05733,0.0058255,0.0058255,0.0058255
508,7161.62,1.13952,0.92627,1.09918,0.9109,0.84043,0.90796,0.66838,1.04509,0.78137,1.04991,0.00581725,0.00581725,0.00581725
509,7174.49,1.11273,0.89985,1.0762,0.90168,0.85319,0.90986,0.6706,1.0477,0.77552,1.04953,0.005809,0.005809,0.005809
510,7187.97,1.13653,0.94377,1.09549,0.90529,0.85419,0.91274,0.6679,1.04928,0.76456,1.05126,0.00580075,0.00580075,0.00580075
511,7202.78,1.13991,0.93648,1.09893,0.91449,0.84195,0.9145,0.6708,1.04715,0.7649,1.04786,0.0057925,0.0057925,0.0057925
512,7215.98,1.1056,0.903,1.08513,0.92101,0.84349,0.9148,0.67374,1.05042,0.77099,1.05123,0.00578425,0.00578425,0.00578425
513,7230.67,1.11033,0.91071,1.08016,0.9285,0.8383,0.91038,0.67248,1.05299,0.76887,1.05674,0.005776,0.005776,0.005776
514,7244.29,1.11807,0.91606,1.08554,0.92819,0.84043,0.91188,0.6729,1.04643,0.76875,1.05188,0.00576775,0.00576775,0.00576775
515,7257.15,1.09908,0.90895,1.07771,0.93974,0.82553,0.91169,0.67372,1.0454,0.773,1.04994,0.0057595,0.0057595,0.0057595
516,7272.27,1.12881,0.93347,1.08727,0.91661,0.8383,0.91065,0.68027,1.0357,0.77965,1.04933,0.00575125,0.00575125,0.00575125
517,7285.69,1.11909,0.91326,1.08594,0.928,0.8383,0.91258,0.68418,1.02582,0.76734,1.04613,0.005743,0.005743,0.005743
518,7299.15,1.13388,0.93278,1.09688,0.93471,0.85291,0.91677,0.68332,1.02547,0.77101,1.04521,0.00573475,0.00573475,0.00573475
519,7314.42,1.12054,0.92799,1.09308,0.95006,0.85319,0.91847,0.6809,1.02706,0.76622,1.04716,0.0057265,0.0057265,0.0057265
520,7327.34,1.10697,0.91785,1.08132,0.96008,0.85106,0.92107,0.68292,1.0264,0.77113,1.04334,0.00571825,0.00571825,0.00571825
521,7340.29,1.11887,0.90436,1.07264,0.94872,0.84255,0.91997,0.68261,1.02551,0.76769,1.0395,0.00571,0.00571,0.00571
522,7355.33,1.11043,0.9042,1.0841,0.93624,0.84357,0.92006,0.68135,1.02726,0.76627,1.04058,0.00570175,0.00570175,0.00570175
523,7368.01,1.08846,0.88082,1.07552,0.95939,0.82128,0.91412,0.67649,1.03525,0.77245,1.04212,0.0056935,0.0056935,0.0056935
524,7380.91,1.12147,0.89736,1.0834,0.92047,0.85106,0.9132,0.67817,1.03661,0.77025,1.04371,0.00568525,0.00568525,0.00568525
525,7395.57,1.09942,0.90677,1.07445,0.92752,0.84401,0.91445,0.68338,1.02699,0.77041,1.03701,0.005677,0.005677,0.005677
526,7408.6,1.12373,0.92042,1.08781,0.9521,0.81702,0.91411,0.67784,1.03453,0.77855,1.03893,0.00566875,0.00566875,0.00566875
527,7421.85,1.09174,0.90267,1.08368,0.9444,0.82553,0.9166,0.67382,1.03974,0.7745,1.04161,0.0056605,0.0056605,0.0056605
528,7436.69,1.10297,0.89291,1.08255,0.94657,0.82932,0.91616,0.68004,1.0366,0.76421,1.03967,0.00565225,0.00565225,0.00565225
529,7449.55,1.10115,0.88154,1.07502,0.95544,0.82119,0.91777,0.68051,1.02431,0.76651,1.03696,0.005644,0.005644,0.005644
530,7463.84,1.09587,0.88889,1.08372,0.95279,0.82979,0.91654,0.68434,1.0238,0.76891,1.03914,0.00563575,0.00563575,0.00563575
531,7477.9,1.12895,0.9444,1.08967,0.95937,0.81915,0.9182,0.68544,1.02643,0.7722,1.0414,0.0056275,0.0056275,0.0056275
532,7491.18,1.10063,0.89803,1.07616,0.92565,0.8476,0.92043,0.68498,1.02321,0.77615,1.03883,0.00561925,0.00561925,0.00561925
533,7506,1.10657,0.90791,1.08668,0.9532,0.82341,0.916,0.68406,1.01722,0.77173,1.03651,0.005611,0.005611,0.005611
534,7518.5,1.11382,0.91917,1.08577,0.94058,0.82979,0.91553,0.68639,1.01572,0.76309,1.03746,0.00560275,0.00560275,0.00560275
535,7531.79,1.08611,0.88551,1.07255,0.94961,0.8383,0.91519,0.69111,1.01401,0.75706,1.03733,0.0055945,0.0055945,0.0055945
536,7547.16,1.08918,0.88907,1.07533,0.94512,0.84255,0.91387,0.68627,1.0204,0.76098,1.0408,0.00558625,0.00558625,0.00558625
537,7560.05,1.08607,0.88707,1.07165,0.93152,0.84681,0.9157,0.68688,1.02035,0.76624,1.04238,0.005578,0.005578,0.005578
538,7572.85,1.0699,0.86596,1.0603,0.93195,0.84503,0.9143,0.689,1.01415,0.76217,1.0369,0.00556975,0.00556975,0.00556975
539,7587.85,1.09542,0.89733,1.07251,0.96542,0.8234,0.91522,0.68891,1.00623,0.75812,1.03048,0.0055615,0.0055615,0.0055615
540,7600.79,1.09768,0.89691,1.06539,0.9651,0.83191,0.91738,0.69105,1.00595,0.7548,1.02736,0.00555325,0.00555325,0.00555325
541,7614.31,1.11059,0.91056,1.0821,0.94855,0.83404,0.91586,0.68924,1.00303,0.75202,1.02947,0.005545,0.005545,0.005545
542,7629.6,1.09271,0.89327,1.07298,0.94776,0.81069,0.91651,0.68423,1.0097,0.75019,1.02985,0.00553675,0.00553675,0.00553675
543,7642.58,1.06716,0.87572,1.06656,0.92485,0.85106,0.92226,0.68655,1.01293,0.74928,1.03123,0.0055285,0.0055285,0.0055285
544,7656.53,1.10582,0.89968,1.0763,0.95411,0.83191,0.9218,0.68856,1.0043,0.74659,1.02804,0.00552025,0.00552025,0.00552025
545,7670.85,1.08859,0.89503,1.07499,0.94263,0.83898,0.92085,0.68998,1.00217,0.75146,1.02893,0.005512,0.005512,0.005512
546,7683.82,1.09503,0.88105,1.06589,0.94281,0.83404,0.91606,0.68539,1.00682,0.75648,1.03489,0.00550375,0.00550375,0.00550375
547,7698.81,1.07834,0.88537,1.06032,0.94894,0.83404,0.91294,0.68587,1.00121,0.76061,1.0355,0.0054955,0.0054955,0.0054955
548,7711.7,1.07752,0.89593,1.05971,0.95604,0.81277,0.91507,0.68817,1.00254,0.75663,1.0396,0.00548725,0.00548725,0.00548725
549,7724.62,1.08809,0.87186,1.07172,0.95935,0.81915,0.9144,0.69082,1.00316,0.75834,1.03891,0.005479,0.005479,0.005479
550,7739.44,1.1167,0.89137,1.07397,0.9598,0.81915,0.91296,0.68859,1.00297,0.75348,1.03913,0.00547075,0.00547075,0.00547075
551,7752.33,1.08319,0.87622,1.06655,0.95678,0.8234,0.91498,0.69129,0.99961,0.74607,1.03713,0.0054625,0.0054625,0.0054625
552,7765.17,1.08696,0.88487,1.06801,0.95837,0.83191,0.9172,0.69035,1.00298,0.74415,1.03265,0.00545425,0.00545425,0.00545425
553,7780.23,1.0954,0.88857,1.06855,0.97225,0.82553,0.91681,0.69425,0.99632,0.74104,1.03093,0.005446,0.005446,0.005446
554,7793.5,1.08764,0.88086,1.06713,0.94704,0.83705,0.9142,0.69428,0.99634,0.74623,1.03008,0.00543775,0.00543775,0.00543775
555,7806.42,1.05724,0.86603,1.05476,0.9502,0.84255,0.91539,0.69299,0.99006,0.74728,1.02558,0.0054295,0.0054295,0.0054295
556,7821.39,1.04958,0.85418,1.06069,0.95445,0.84681,0.91367,0.69743,0.9806,0.74379,1.0215,0.00542125,0.00542125,0.00542125
557,7834.74,1.10161,0.89133,1.07214,0.95398,0.83807,0.913,0.69548,0.98118,0.73628,1.01938,0.005413,0.005413,0.005413
558,7847.49,1.07222,0.87227,1.06558,0.96245,0.81812,0.91387,0.69328,0.99375,0.74076,1.02406,0.00540475,0.00540475,0.00540475
559,7862.33,1.08488,0.87887,1.0697,0.96605,0.82128,0.91911,0.68822,1.00014,0.73832,1.02202,0.0053965,0.0053965,0.0053965
560,7875.19,1.04294,0.85108,1.0545,0.976,0.82553,0.92142,0.69162,1.00225,0.73646,1.02461,0.00538825,0.00538825,0.00538825
561,7887.98,1.07492,0.86933,1.06571,0.97503,0.83096,0.92311,0.69372,0.99672,0.7334,1.02325,0.00538,0.00538,0.00538
562,7903.1,1.06472,0.84553,1.05848,0.96557,0.83542,0.92469,0.69718,0.99016,0.73206,1.02084,0.00537175,0.00537175,0.00537175
563,7916.33,1.09124,0.88505,1.05794,0.97278,0.83636,0.92397,0.69737,0.98716,0.72349,1.01809,0.0053635,0.0053635,0.0053635
564,7931.14,1.08341,0.88361,1.05931,0.97078,0.8383,0.92431,0.69612,0.98442,0.72171,1.01464,0.00535525,0.00535525,0.00535525
565,7944.89,1.05823,0.86202,1.0489,0.96851,0.83191,0.92384,0.69679,0.99045,0.72735,1.01787,0.005347,0.005347,0.005347
566,7957.85,1.05449,0.86384,1.05486,0.97977,0.82454,0.92709,0.69596,0.9942,0.72647,1.01839,0.00533875,0.00533875,0.00533875
567,7972.93,1.074,0.85366,1.05532,0.95624,0.84255,0.9293,0.69379,0.98945,0.72442,1.01668,0.0053305,0.0053305,0.0053305
568,7985.85,1.07824,0.86534,1.0547,0.97682,0.83191,0.92634,0.69653,0.98778,0.7253,1.01671,0.00532225,0.00532225,0.00532225
569,7998.75,1.09564,0.87457,1.06682,0.96305,0.8319,0.92801,0.6938,0.98607,0.73086,1.01609,0.005314,0.005314,0.005314
570,8013.73,1.05793,0.86106,1.04859,0.97305,0.8383,0.92925,0.69757,0.98572,0.73356,1.01703,0.00530575,0.00530575,0.00530575
571,8027.21,1.04912,0.85495,1.05435,0.94958,0.84255,0.92756,0.69728,0.98024,0.72936,1.01354,0.0052975,0.0052975,0.0052975
572,8040.18,1.06007,0.85074,1.06195,0.96191,0.83404,0.92351,0.69609,0.97396,0.73086,1.01212,0.00528925,0.00528925,0.00528925
573,8055.22,1.06239,0.84866,1.05189,0.96344,0.84114,0.92412,0.69694,0.98432,0.73778,1.01632,0.005281,0.005281,0.005281
574,8067.85,1.07105,0.87648,1.06468,0.96573,0.83946,0.92766,0.70124,0.98794,0.73068,1.01682,0.00527275,0.00527275,0.00527275
575,8081.12,1.07254,0.86644,1.06721,0.97033,0.84255,0.92906,0.70398,0.99066,0.73051,1.01712,0.0052645,0.0052645,0.0052645
576,8096.58,1.05325,0.84228,1.05494,0.97064,0.84404,0.92919,0.70231,0.99088,0.72687,1.02001,0.00525625,0.00525625,0.00525625
577,8109.55,1.06461,0.87368,1.05217,0.95465,0.84255,0.92733,0.70318,0.98399,0.72538,1.02002,0.005248,0.005248,0.005248
578,8123.05,1.04977,0.83533,1.04869,0.95813,0.84255,0.9271,0.69896,0.98372,0.71972,1.01956,0.00523975,0.00523975,0.00523975
579,8137.52,1.08132,0.86892,1.06029,0.95243,0.84681,0.9302,0.69921,0.98323,0.7187,1.0192,0.0052315,0.0052315,0.0052315
580,8150.28,1.08038,0.87371,1.06518,0.95224,0.84846,0.93335,0.70163,0.97681,0.71,1.01385,0.00522325,0.00522325,0.00522325
581,8164.81,1.05649,0.85095,1.04648,0.96224,0.8383,0.93193,0.7051,0.9689,0.70513,1.00925,0.005215,0.005215,0.005215
582,8178.66,1.03114,0.84693,1.04605,0.97341,0.8383,0.93161,0.70372,0.96961,0.7064,1.00966,0.00520675,0.00520675,0.00520675
583,8191.18,1.05077,0.85433,1.05698,0.9695,0.84681,0.9313,0.70509,0.96698,0.70453,1.00815,0.0051985,0.0051985,0.0051985
584,8206.35,1.03731,0.83901,1.04795,0.96296,0.84894,0.93299,0.70992,0.96946,0.71814,1.01102,0.00519025,0.00519025,0.00519025
585,8219.74,1.06982,0.85175,1.05834,0.94896,0.86383,0.9331,0.70747,0.97168,0.72304,1.0118,0.005182,0.005182,0.005182
586,8232.5,1.06105,0.84207,1.04833,0.94875,0.86645,0.93083,0.70359,0.9697,0.71652,1.01087,0.00517375,0.00517375,0.00517375
587,8247.44,1.03402,0.83089,1.04451,0.94821,0.85701,0.93128,0.70386,0.96795,0.72268,1.01091,0.0051655,0.0051655,0.0051655
588,8260.44,1.0516,0.83123,1.05615,0.95453,0.84861,0.92888,0.70368,0.96019,0.71549,1.00475,0.00515725,0.00515725,0.00515725
589,8273.33,1.04553,0.84427,1.04341,0.94947,0.84894,0.92874,0.70355,0.95712,0.70909,1.00125,0.005149,0.005149,0.005149
590,8288.29,1.04086,0.83519,1.04779,0.97013,0.82935,0.92685,0.70474,0.95777,0.70548,0.99947,0.00514075,0.00514075,0.00514075
591,8301.19,1.04211,0.83603,1.03718,0.9559,0.84468,0.925,0.70381,0.96401,0.71701,1.00294,0.0051325,0.0051325,0.0051325
592,8314.09,1.03783,0.81797,1.03946,0.95482,0.84681,0.92846,0.70576,0.96396,0.71792,1.00461,0.00512425,0.00512425,0.00512425
593,8329,1.0231,0.81867,1.03487,0.95762,0.84681,0.927,0.70553,0.96327,0.7175,1.00369,0.005116,0.005116,0.005116
594,8342,0.9991,0.81642,1.03486,0.95224,0.85106,0.92586,0.70518,0.96407,0.71786,1.00427,0.00510775,0.00510775,0.00510775
595,8354.97,1.04208,0.83939,1.04927,0.94933,0.84681,0.9246,0.70779,0.96535,0.71298,1.00332,0.0050995,0.0050995,0.0050995
596,8369.09,1.02503,0.81403,1.04183,0.95479,0.84255,0.9224,0.70873,0.96416,0.71065,1.00387,0.00509125,0.00509125,0.00509125
597,8381.61,1.05201,0.84754,1.04672,0.9612,0.84331,0.92266,0.70577,0.96184,0.71277,1.0055,0.005083,0.005083,0.005083
598,8394.98,1.02835,0.82268,1.03864,0.96312,0.83356,0.9231,0.71032,0.95778,0.71518,1.00451,0.00507475,0.00507475,0.00507475
599,8409.5,1.03507,0.82922,1.0431,0.95172,0.83878,0.92381,0.70851,0.95217,0.71395,1.00148,0.0050665,0.0050665,0.0050665
600,8422.26,1.05775,0.84943,1.04995,0.96563,0.8234,0.92228,0.70732,0.94635,0.70824,0.99812,0.00505825,0.00505825,0.00505825
601,8436.59,1.00728,0.80667,1.03195,0.94818,0.83191,0.92298,0.7094,0.94141,0.7027,0.99551,0.00505,0.00505,0.00505
602,8450.32,1.05325,0.83257,1.04921,0.94468,0.84043,0.92408,0.71088,0.93977,0.70102,0.99453,0.00504175,0.00504175,0.00504175
603,8462.94,1.02474,0.8407,1.04253,0.96068,0.83169,0.92497,0.71144,0.94314,0.70318,0.99798,0.0050335,0.0050335,0.0050335
604,8478.31,1.0354,0.81273,1.03924,0.94687,0.83415,0.92544,0.71316,0.94354,0.70146,0.99822,0.00502525,0.00502525,0.00502525
605,8491.46,1.061,0.84214,1.04384,0.92028,0.85966,0.92823,0.71423,0.94557,0.69826,0.99947,0.005017,0.005017,0.005017
606,8504.5,1.03772,0.80604,1.0363,0.96289,0.82802,0.92663,0.71677,0.94225,0.6968,0.9982,0.00500875,0.00500875,0.00500875
607,8519.88,1.04639,0.82288,1.03944,0.97511,0.83362,0.92851,0.71334,0.94338,0.70083,0.99918,0.0050005,0.0050005,0.0050005
608,8532.69,1.00209,0.79959,1.03089,0.97749,0.83148,0.92937,0.70959,0.94303,0.70332,1.00062,0.00499225,0.00499225,0.00499225
609,8545.46,1.02039,0.83018,1.03763,0.966,0.84468,0.92961,0.70864,0.9383,0.70168,0.99991,0.004984,0.004984,0.004984
610,8560.33,1.03184,0.81588,1.03593,0.97041,0.83732,0.92889,0.70932,0.93747,0.6977,0.99834,0.00497575,0.00497575,0.00497575
611,8573.3,1.02232,0.80391,1.033,0.9633,0.83769,0.92663,0.71201,0.93778,0.69907,0.99823,0.0049675,0.0049675,0.0049675
612,8586.2,1.03178,0.82496,1.04712,0.96529,0.82847,0.92697,0.71754,0.93295,0.69339,0.99593,0.00495925,0.00495925,0.00495925
613,8601.71,1.03002,0.81232,1.03583,0.96527,0.82789,0.92797,0.71713,0.93022,0.69035,0.9944,0.004951,0.004951,0.004951
614,8614.86,1.01015,0.79613,1.02501,0.95696,0.83617,0.92907,0.7149,0.92802,0.68865,0.99218,0.00494275,0.00494275,0.00494275
615,8627.86,1.02278,0.81118,1.0381,0.95643,0.84063,0.92808,0.71553,0.92423,0.68778,0.99098,0.0049345,0.0049345,0.0049345
616,8642.85,1.02258,0.81704,1.04579,0.95259,0.8383,0.93016,0.71856,0.92287,0.68512,0.99096,0.00492625,0.00492625,0.00492625
617,8656.22,0.9988,0.80201,1.02484,0.95285,0.8383,0.93054,0.72102,0.92017,0.67874,0.98847,0.004918,0.004918,0.004918
618,8671.06,1.01503,0.81397,1.03044,0.94101,0.84859,0.9332,0.72065,0.91783,0.6779,0.98604,0.00490975,0.00490975,0.00490975
619,8685.48,1.02621,0.79855,1.04033,0.95401,0.83864,0.93213,0.72084,0.91835,0.6806,0.98428,0.0049015,0.0049015,0.0049015
620,8699.21,1.00521,0.79602,1.02949,0.95087,0.84043,0.93255,0.72225,0.9199,0.68427,0.98602,0.00489325,0.00489325,0.00489325
621,8714.79,1.00578,0.78686,1.01929,0.95427,0.83191,0.93123,0.72394,0.92501,0.68795,0.98879,0.004885,0.004885,0.004885
622,8728.3,1.0146,0.80965,1.02952,0.95344,0.83617,0.93311,0.72397,0.92328,0.68739,0.98772,0.00487675,0.00487675,0.00487675
623,8742.18,1.02065,0.80971,1.03131,0.94686,0.8383,0.93208,0.72163,0.92388,0.68532,0.98779,0.0048685,0.0048685,0.0048685
624,8756.64,1.01371,0.81967,1.03826,0.95618,0.8357,0.93166,0.71938,0.9269,0.68764,0.99292,0.00486025,0.00486025,0.00486025
625,8769.68,1.0177,0.81186,1.03699,0.96092,0.83714,0.92909,0.7196,0.92802,0.68922,0.9902,0.004852,0.004852,0.004852
626,8782.6,1.04359,0.81702,1.0346,0.96307,0.83221,0.92754,0.71854,0.92865,0.69245,0.99051,0.00484375,0.00484375,0.00484375
627,8796.57,1.02053,0.81986,1.03325,0.95922,0.83191,0.92699,0.72012,0.92993,0.69854,0.99124,0.0048355,0.0048355,0.0048355
628,8809.47,0.98673,0.77877,1.01666,0.95537,0.82766,0.92844,0.71953,0.9256,0.69493,0.98695,0.00482725,0.00482725,0.00482725
629,8822.39,0.99533,0.7965,1.03179,0.96574,0.82766,0.93082,0.72163,0.92018,0.687,0.98354,0.004819,0.004819,0.004819
630,8836.59,1.01468,0.80448,1.03083,0.96992,0.82316,0.93069,0.72089,0.91771,0.68256,0.98404,0.00481075,0.00481075,0.00481075
631,8849.45,1.00122,0.78382,1.03415,0.96761,0.82766,0.92814,0.72221,0.91408,0.67716,0.98216,0.0048025,0.0048025,0.0048025
632,8863.27,0.99603,0.78112,1.01677,0.96193,0.83191,0.93067,0.72384,0.91353,0.67476,0.98081,0.00479425,0.00479425,0.00479425
633,8876.93,0.98477,0.77353,1.01981,0.95782,0.83617,0.93004,0.72419,0.91135,0.67909,0.98085,0.004786,0.004786,0.004786
634,8889.84,1.02081,0.813,1.03895,0.96425,0.83404,0.93016,0.72222,0.90912,0.68185,0.97817,0.00477775,0.00477775,0.00477775
635,8903.96,1.00902,0.78016,1.03089,0.96112,0.82979,0.92979,0.72191,0.91016,0.68222,0.97843,0.0047695,0.0047695,0.0047695
636,8916.68,0.98203,0.7701,1.02078,0.96307,0.83224,0.93137,0.71878,0.90976,0.68,0.97876,0.00476125,0.00476125,0.00476125
637,8929.49,1.00958,0.792,1.03105,0.96306,0.83199,0.93373,0.72276,0.90839,0.67643,0.97809,0.004753,0.004753,0.004753
638,8943.56,1.00859,0.79301,1.03153,0.97514,0.82979,0.93408,0.72268,0.90536,0.67267,0.97837,0.00474475,0.00474475,0.00474475
639,8956.3,0.99091,0.79129,1.02766,0.98485,0.8234,0.93433,0.7249,0.90192,0.66717,0.97673,0.0047365,0.0047365,0.0047365
640,8969.57,0.98028,0.76609,1.00915,0.97729,0.82388,0.93628,0.72673,0.89673,0.66358,0.97523,0.00472825,0.00472825,0.00472825
641,8984.19,0.99278,0.78104,1.01966,0.9873,0.8269,0.93692,0.72718,0.89696,0.66428,0.97513,0.00472,0.00472,0.00472
642,8997.38,1.00115,0.796,1.02,0.98481,0.82759,0.93856,0.72759,0.89876,0.66473,0.97509,0.00471175,0.00471175,0.00471175
643,9012.07,0.99613,0.79863,1.02733,0.93338,0.86447,0.93737,0.72957,0.89841,0.66709,0.97645,0.0047035,0.0047035,0.0047035
644,9025.41,0.99506,0.79724,1.02896,0.9439,0.85917,0.93648,0.72705,0.89737,0.66671,0.97724,0.00469525,0.00469525,0.00469525
645,9038.17,0.98252,0.76212,1.01314,0.93965,0.86135,0.93635,0.72823,0.89868,0.66709,0.97735,0.004687,0.004687,0.004687
646,9052.49,1.00447,0.78651,1.02598,0.94176,0.86017,0.93518,0.72676,0.89752,0.67076,0.97554,0.00467875,0.00467875,0.00467875
647,9065.19,0.98857,0.78887,1.02126,0.94488,0.85745,0.93635,0.72791,0.89385,0.67149,0.9736,0.0046705,0.0046705,0.0046705
648,9077.98,1.00878,0.78946,1.0324,0.93439,0.87234,0.93643,0.72779,0.89387,0.67132,0.97468,0.00466225,0.00466225,0.00466225
649,9092.18,0.96198,0.76552,1.01222,0.93483,0.87234,0.93603,0.72917,0.89261,0.67305,0.97484,0.004654,0.004654,0.004654
650,9105.02,0.98452,0.76956,1.0202,0.9318,0.87208,0.93508,0.72857,0.89179,0.67415,0.97655,0.00464575,0.00464575,0.00464575
651,9117.9,0.97946,0.78175,1.01743,0.95693,0.85088,0.93652,0.73028,0.89429,0.67686,0.97867,0.0046375,0.0046375,0.0046375
652,9132.6,0.98523,0.79032,1.0247,0.9399,0.86508,0.93585,0.72966,0.89381,0.67329,0.97781,0.00462925,0.00462925,0.00462925
653,9145.62,0.97059,0.76357,1.02075,0.93595,0.86809,0.93777,0.72952,0.89144,0.66936,0.9763,0.004621,0.004621,0.004621
654,9159.96,1.00475,0.78756,1.02557,0.94236,0.86809,0.93827,0.72977,0.89102,0.66946,0.97537,0.00461275,0.00461275,0.00461275
655,9172.64,1.00025,0.79297,1.02884,0.94137,0.86809,0.93872,0.72992,0.8885,0.66698,0.97303,0.0046045,0.0046045,0.0046045
656,9185.45,0.97788,0.7764,1.02375,0.95084,0.86423,0.93924,0.72803,0.89006,0.66525,0.97171,0.00459625,0.00459625,0.00459625
657,9199.53,0.99405,0.78387,1.02016,0.95282,0.85938,0.93915,0.72858,0.88995,0.66227,0.97073,0.004588,0.004588,0.004588
658,9212.4,0.96899,0.75192,1.02719,0.94925,0.85532,0.93853,0.73079,0.89036,0.6615,0.9712,0.00457975,0.00457975,0.00457975
659,9225.8,0.97551,0.76424,1.0125,0.95279,0.85885,0.93894,0.73184,0.89346,0.66084,0.97168,0.0045715,0.0045715,0.0045715
660,9240.71,0.98818,0.77011,1.01799,0.95076,0.86275,0.9394,0.73098,0.89453,0.65996,0.97081,0.00456325,0.00456325,0.00456325
661,9253.59,0.97034,0.76641,1.01326,0.9575,0.8617,0.93857,0.72893,0.89486,0.65985,0.97094,0.004555,0.004555,0.004555
662,9266.53,0.97702,0.76976,1.01307,0.95351,0.85957,0.94035,0.73012,0.89407,0.6592,0.9706,0.00454675,0.00454675,0.00454675
663,9280.95,0.96958,0.76154,1.02019,0.95281,0.85928,0.94327,0.73242,0.89188,0.65813,0.96838,0.0045385,0.0045385,0.0045385
664,9294.31,0.97388,0.76047,1.00953,0.9617,0.85491,0.94167,0.73234,0.89206,0.66002,0.96697,0.00453025,0.00453025,0.00453025
665,9308.27,0.96698,0.77789,1.01539,0.96213,0.85532,0.94096,0.73184,0.89086,0.65791,0.96517,0.004522,0.004522,0.004522
666,9321.55,0.97249,0.76468,1.02145,0.95711,0.85469,0.93941,0.73009,0.89533,0.65749,0.96566,0.00451375,0.00451375,0.00451375
667,9334.38,0.95997,0.75521,1.00544,0.94826,0.85795,0.94002,0.72874,0.89528,0.65982,0.96567,0.0045055,0.0045055,0.0045055
668,9348.65,0.9965,0.78113,1.02511,0.95102,0.8617,0.94145,0.72855,0.89417,0.65818,0.9646,0.00449725,0.00449725,0.00449725
669,9361.42,0.99243,0.78595,1.02134,0.9574,0.86065,0.93936,0.73006,0.89307,0.65657,0.96432,0.004489,0.004489,0.004489
670,9374.31,0.96752,0.76645,1.01024,0.95728,0.85828,0.94101,0.73084,0.89464,0.65443,0.96434,0.00448075,0.00448075,0.00448075
671,9388.22,1.00464,0.79397,1.01894,0.95252,0.85745,0.93909,0.72921,0.89706,0.65164,0.96555,0.0044725,0.0044725,0.0044725
672,9401.19,0.98229,0.76865,1.01102,0.94598,0.85703,0.93912,0.72845,0.89844,0.65054,0.9672,0.00446425,0.00446425,0.00446425
673,9413.98,0.97204,0.7622,1.01791,0.94811,0.85529,0.93969,0.72633,0.89967,0.65196,0.96842,0.004456,0.004456,0.004456
674,9428.4,0.96806,0.7652,1.00766,0.94951,0.85532,0.94027,0.72778,0.89892,0.65263,0.97036,0.00444775,0.00444775,0.00444775
675,9441.23,0.96343,0.75257,1.0146,0.94971,0.85745,0.94414,0.72739,0.89785,0.65424,0.97151,0.0044395,0.0044395,0.0044395
676,9454.19,0.97684,0.77598,1.01269,0.95021,0.85276,0.94399,0.73027,0.8989,0.65437,0.97173,0.00443125,0.00443125,0.00443125
677,9468.61,0.98342,0.75851,1.0036,0.95264,0.85106,0.94437,0.72999,0.8985,0.65682,0.97032,0.004423,0.004423,0.004423
678,9481.49,0.96687,0.76023,1.00935,0.94675,0.85957,0.94501,0.73123,0.89879,0.65734,0.97064,0.00441475,0.00441475,0.00441475
679,9495.54,0.97701,0.75816,1.00923,0.94404,0.86143,0.9429,0.73204,0.89746,0.65547,0.9705,0.0044065,0.0044065,0.0044065
680,9508.39,0.99046,0.77608,1.02056,0.94591,0.8617,0.9439,0.73161,0.89799,0.65159,0.97159,0.00439825,0.00439825,0.00439825
681,9520.69,0.98057,0.78537,1.01776,0.94709,0.85532,0.94452,0.73272,0.8972,0.64951,0.9717,0.00439,0.00439,0.00439
682,9535.39,0.98092,0.75093,1.01618,0.95028,0.85401,0.94333,0.73408,0.89645,0.64988,0.97153,0.00438175,0.00438175,0.00438175
683,9548.58,0.98739,0.77646,1.01707,0.94814,0.85532,0.94072,0.73522,0.8951,0.64857,0.97114,0.0043735,0.0043735,0.0043735
684,9561.95,0.98562,0.76962,1.01456,0.95287,0.86029,0.9404,0.73536,0.8913,0.64693,0.97004,0.00436525,0.00436525,0.00436525
685,9576.53,0.95557,0.75176,1.00691,0.94618,0.86024,0.94004,0.73906,0.88668,0.64575,0.96874,0.004357,0.004357,0.004357
686,9589.79,0.94888,0.73685,1.0013,0.95056,0.85901,0.94173,0.73936,0.88345,0.6483,0.97012,0.00434875,0.00434875,0.00434875
687,9603.67,0.95325,0.73847,1.00231,0.94839,0.8617,0.93975,0.73669,0.87869,0.64683,0.96868,0.0043405,0.0043405,0.0043405
688,9617.51,0.96366,0.74788,1.00648,0.938,0.8617,0.93939,0.73642,0.87592,0.64497,0.96848,0.00433225,0.00433225,0.00433225
689,9630.3,0.94032,0.72124,0.99866,0.93431,0.85957,0.93932,0.73654,0.87401,0.64668,0.96835,0.004324,0.004324,0.004324
690,9644.04,0.95677,0.74326,1.00579,0.93721,0.85748,0.93887,0.73473,0.87328,0.64766,0.96821,0.00431575,0.00431575,0.00431575
691,9657.4,0.96455,0.75832,1.00331,0.94432,0.85745,0.93872,0.73501,0.8725,0.64836,0.96834,0.0043075,0.0043075,0.0043075
692,9670.24,0.97633,0.76308,1.00953,0.95852,0.85957,0.93899,0.73577,0.87113,0.64566,0.96774,0.00429925,0.00429925,0.00429925
693,9684.23,0.97158,0.76173,1.00611,0.95496,0.85957,0.9412,0.73487,0.87063,0.64411,0.96798,0.004291,0.004291,0.004291
694,9697.11,0.93667,0.74196,1.00075,0.95671,0.85532,0.94096,0.73333,0.87279,0.64451,0.96808,0.00428275,0.00428275,0.00428275
695,9709.87,0.94145,0.7405,1.00079,0.95698,0.85197,0.94176,0.73362,0.87413,0.64723,0.9681,0.0042745,0.0042745,0.0042745
696,9724.15,0.94591,0.73532,1.00209,0.98229,0.82589,0.94199,0.73466,0.87458,0.65016,0.96701,0.00426625,0.00426625,0.00426625
697,9737.05,0.9879,0.77606,1.01561,0.96145,0.8383,0.9416,0.73387,0.8723,0.65032,0.96517,0.004258,0.004258,0.004258
698,9750.2,0.94259,0.73765,1.00683,0.96572,0.83908,0.94,0.73651,0.87072,0.65096,0.96441,0.00424975,0.00424975,0.00424975
699,9764.59,0.94886,0.73873,1.00634,0.94386,0.85319,0.93913,0.73607,0.87062,0.65452,0.96417,0.0042415,0.0042415,0.0042415
700,9777.36,0.94206,0.72933,1.00132,0.95053,0.85842,0.94058,0.73663,0.86696,0.65237,0.96232,0.00423325,0.00423325,0.00423325
701,9790.16,0.95733,0.73527,1.00309,0.95739,0.84894,0.94144,0.73664,0.86617,0.65048,0.96206,0.004225,0.004225,0.004225
702,9804.79,0.93235,0.74618,1.01021,0.95216,0.84695,0.94285,0.73909,0.86629,0.64827,0.96206,0.00421675,0.00421675,0.00421675
703,9817.78,0.94137,0.73567,0.99636,0.95545,0.84894,0.94245,0.73735,0.86534,0.64587,0.96166,0.0042085,0.0042085,0.0042085
704,9832.15,0.95095,0.74665,0.99952,0.95906,0.84732,0.94178,0.73846,0.86324,0.64394,0.96053,0.00420025,0.00420025,0.00420025
705,9844.96,0.93385,0.74395,0.99388,0.95981,0.84255,0.94248,0.73802,0.86246,0.64314,0.96077,0.004192,0.004192,0.004192
706,9857.69,0.95104,0.73842,0.99429,0.95799,0.84468,0.94308,0.73745,0.86449,0.6441,0.96234,0.00418375,0.00418375,0.00418375
707,9872.03,0.93608,0.72677,0.99531,0.96379,0.84948,0.94601,0.73899,0.86412,0.64523,0.9627,0.0041755,0.0041755,0.0041755
708,9885.41,0.96687,0.76258,1.01076,0.96704,0.85106,0.94576,0.73813,0.86319,0.6443,0.96253,0.00416725,0.00416725,0.00416725
709,9898.3,0.92029,0.73097,1.00145,0.96647,0.85106,0.94597,0.73699,0.86513,0.6458,0.9628,0.004159,0.004159,0.004159
710,9912.66,0.95338,0.74182,1.00958,0.96853,0.85125,0.94753,0.73693,0.86464,0.64578,0.96161,0.00415075,0.00415075,0.00415075
711,9925.43,0.92518,0.73454,1.0011,0.97074,0.84712,0.94762,0.73714,0.86344,0.64198,0.95981,0.0041425,0.0041425,0.0041425
712,9938.6,0.94345,0.72502,0.99768,0.96381,0.85006,0.94809,0.73773,0.86334,0.64078,0.95908,0.00413425,0.00413425,0.00413425
713,9952.64,0.94593,0.74426,1.00841,0.96622,0.85191,0.94711,0.73748,0.86397,0.63907,0.95926,0.004126,0.004126,0.004126
714,9965.5,0.93122,0.72273,0.99925,0.96375,0.84849,0.94749,0.73569,0.86416,0.63924,0.95874,0.00411775,0.00411775,0.00411775
715,9979.91,0.94374,0.73462,1.00082,0.96368,0.84686,0.94742,0.73537,0.86471,0.64016,0.95847,0.0041095,0.0041095,0.0041095
716,9992.87,0.95427,0.74409,1.00285,0.96973,0.84681,0.94821,0.73928,0.86131,0.64034,0.95737,0.00410125,0.00410125,0.00410125
717,10006,0.93235,0.70993,1.00149,0.96921,0.84468,0.94728,0.74023,0.85759,0.63845,0.95663,0.004093,0.004093,0.004093
718,10021.1,0.93968,0.72832,0.99838,0.93111,0.8766,0.94697,0.74045,0.85674,0.63703,0.95611,0.00408475,0.00408475,0.00408475
719,10034.7,0.94156,0.72306,0.99715,0.96832,0.84536,0.94918,0.74187,0.85596,0.63567,0.95496,0.0040765,0.0040765,0.0040765
720,10048.2,0.95678,0.72991,1.0097,0.93298,0.87234,0.94913,0.74066,0.8564,0.63614,0.95543,0.00406825,0.00406825,0.00406825
721,10062.6,0.94381,0.74161,0.99863,0.95504,0.85875,0.94888,0.74246,0.8562,0.637,0.95527,0.00406,0.00406,0.00406
722,10076.1,0.91284,0.71315,0.98947,0.95395,0.86383,0.9506,0.74441,0.85528,0.63533,0.95516,0.00405175,0.00405175,0.00405175
723,10090.9,0.93103,0.71552,0.99332,0.95508,0.85952,0.95053,0.74357,0.85301,0.63285,0.95436,0.0040435,0.0040435,0.0040435
724,10103.5,0.92001,0.71434,0.99055,0.95458,0.8617,0.95007,0.7434,0.85158,0.63011,0.95323,0.00403525,0.00403525,0.00403525
725,10116.5,0.9387,0.73198,0.98942,0.94641,0.86383,0.94955,0.74206,0.85099,0.62773,0.95175,0.004027,0.004027,0.004027
726,10131.1,0.92481,0.72638,0.99592,0.96416,0.85862,0.94917,0.74349,0.85031,0.62722,0.95126,0.00401875,0.00401875,0.00401875
727,10143.9,0.93135,0.72606,0.99476,0.96784,0.85106,0.95,0.74386,0.84884,0.62674,0.95088,0.0040105,0.0040105,0.0040105
728,10156.9,0.93302,0.72213,0.99575,0.96858,0.85267,0.95075,0.74364,0.84947,0.62562,0.9511,0.00400225,0.00400225,0.00400225
729,10171.1,0.93352,0.72685,0.99814,0.96424,0.86052,0.95174,0.74273,0.85001,0.62442,0.95083,0.003994,0.003994,0.003994
730,10184,0.93996,0.72167,0.99567,0.96677,0.86809,0.95406,0.74296,0.84898,0.62244,0.95004,0.00398575,0.00398575,0.00398575
731,10198,0.92463,0.71887,0.99599,0.96357,0.86596,0.95361,0.74294,0.84922,0.622,0.95026,0.0039775,0.0039775,0.0039775
732,10211.6,0.9189,0.70669,0.99481,0.97575,0.85629,0.95412,0.74437,0.85041,0.6216,0.95082,0.00396925,0.00396925,0.00396925
733,10224.9,0.93848,0.71952,0.99111,0.97742,0.85319,0.95392,0.74525,0.85014,0.62145,0.95024,0.003961,0.003961,0.003961
734,10239.6,0.90558,0.69668,0.97794,0.96449,0.86383,0.95375,0.74638,0.84809,0.61939,0.95014,0.00395275,0.00395275,0.00395275
735,10252.9,0.91424,0.70534,0.98346,0.9667,0.8617,0.95372,0.74815,0.846,0.61816,0.94953,0.0039445,0.0039445,0.0039445
736,10266.3,0.90687,0.70237,0.98884,0.96663,0.86295,0.9544,0.74738,0.84547,0.61922,0.95018,0.00393625,0.00393625,0.00393625
737,10280.6,0.92009,0.69785,0.99005,0.97131,0.86448,0.95361,0.74601,0.84569,0.61684,0.95105,0.003928,0.003928,0.003928
738,10293.6,0.91282,0.69845,0.98986,0.97129,0.86379,0.95388,0.74741,0.84398,0.61482,0.95022,0.00391975,0.00391975,0.00391975
739,10306.7,0.90784,0.69012,0.98113,0.97391,0.85532,0.95303,0.74769,0.84446,0.61372,0.9505,0.0039115,0.0039115,0.0039115
740,10321.1,0.92,0.71734,0.9876,0.96669,0.86459,0.95169,0.7484,0.84463,0.61479,0.95139,0.00390325,0.00390325,0.00390325
741,10334.4,0.91416,0.70845,0.98721,0.96758,0.86596,0.95258,0.74775,0.84549,0.61565,0.95292,0.003895,0.003895,0.003895
742,10348.6,0.90439,0.68487,0.99467,0.9686,0.86596,0.95271,0.74624,0.84561,0.6169,0.95361,0.00388675,0.00388675,0.00388675
743,10361.5,0.89767,0.70477,0.9856,0.97134,0.86547,0.95251,0.74608,0.84628,0.61724,0.95392,0.0038785,0.0038785,0.0038785
744,10374.3,0.91231,0.69387,0.98649,0.97366,0.86529,0.95235,0.74806,0.84638,0.61896,0.95373,0.00387025,0.00387025,0.00387025
745,10388.7,0.91004,0.70472,0.98139,0.97013,0.86383,0.95266,0.74977,0.84578,0.61712,0.95286,0.003862,0.003862,0.003862
746,10402.2,0.93489,0.72975,0.9998,0.96911,0.86779,0.95225,0.74775,0.84476,0.61788,0.95259,0.00385375,0.00385375,0.00385375
747,10414.9,0.9013,0.70458,0.98705,0.97117,0.85992,0.95275,0.7466,0.84449,0.61693,0.95186,0.0038455,0.0038455,0.0038455
748,10428.9,0.90481,0.70126,0.98858,0.96725,0.86809,0.95498,0.74731,0.84598,0.61731,0.95176,0.00383725,0.00383725,0.00383725
749,10442,0.89356,0.68667,0.98112,0.96892,0.86219,0.95529,0.74765,0.84615,0.61709,0.9521,0.003829,0.003829,0.003829
750,10454.9,0.93103,0.72253,0.98847,0.96891,0.86199,0.95585,0.74865,0.84589,0.61714,0.95282,0.00382075,0.00382075,0.00382075
751,10468.8,0.92222,0.71775,0.9937,0.97124,0.86218,0.95669,0.751,0.84583,0.61708,0.9532,0.0038125,0.0038125,0.0038125
752,10482,0.91766,0.71357,0.98868,0.97499,0.85957,0.9571,0.75051,0.84534,0.61742,0.9535,0.00380425,0.00380425,0.00380425
753,10494.7,0.91197,0.69986,0.97967,0.97988,0.85745,0.9575,0.74934,0.84434,0.61476,0.95333,0.003796,0.003796,0.003796
754,10508.9,0.90756,0.7025,0.98435,0.98047,0.85444,0.95742,0.75098,0.84379,0.61471,0.95335,0.00378775,0.00378775,0.00378775
755,10522.3,0.89623,0.71223,0.98655,0.9802,0.85745,0.95755,0.75315,0.84498,0.61513,0.9543,0.0037795,0.0037795,0.0037795
756,10537.4,0.90185,0.69537,0.98512,0.98295,0.85887,0.95727,0.75311,0.84441,0.61518,0.95354,0.00377125,0.00377125,0.00377125
757,10550.6,0.88604,0.68624,0.97864,0.97672,0.85745,0.95724,0.75243,0.84433,0.61405,0.95282,0.003763,0.003763,0.003763
758,10563.9,0.90144,0.70143,0.97865,0.9782,0.85532,0.95763,0.7513,0.84554,0.61414,0.95308,0.00375475,0.00375475,0.00375475
759,10578.6,0.89493,0.69182,0.97978,0.97808,0.85438,0.95425,0.75146,0.84587,0.61548,0.95308,0.0037465,0.0037465,0.0037465
760,10591.4,0.90145,0.69608,0.9824,0.98048,0.85508,0.95409,0.74998,0.84438,0.61491,0.95212,0.00373825,0.00373825,0.00373825
761,10604.2,0.88572,0.6901,0.97626,0.97817,0.85791,0.95378,0.75127,0.84328,0.61449,0.9513,0.00373,0.00373,0.00373
762,10618.6,0.89453,0.6924,0.97927,0.98056,0.85872,0.95366,0.75258,0.84178,0.61499,0.95043,0.00372175,0.00372175,0.00372175
763,10631.3,0.91242,0.70759,0.98551,0.98127,0.85957,0.95399,0.7531,0.83988,0.6161,0.9501,0.0037135,0.0037135,0.0037135
764,10645.4,0.90066,0.70516,0.98976,0.98137,0.85745,0.95441,0.75436,0.8389,0.61729,0.95008,0.00370525,0.00370525,0.00370525
765,10658.8,0.88868,0.69355,0.97992,0.98057,0.85906,0.95457,0.75475,0.83695,0.61679,0.94946,0.003697,0.003697,0.003697
766,10672.2,0.88381,0.6839,0.98056,0.97351,0.86019,0.95541,0.75676,0.83421,0.61615,0.94884,0.00368875,0.00368875,0.00368875
767,10686.6,0.88813,0.68751,0.97311,0.9759,0.86139,0.95544,0.75816,0.83216,0.61566,0.94877,0.0036805,0.0036805,0.0036805
768,10700,0.89109,0.68056,0.97552,0.97301,0.86383,0.95419,0.75768,0.83281,0.61725,0.95005,0.00367225,0.00367225,0.00367225
769,10712.9,0.89209,0.69248,0.97564,0.97517,0.86383,0.95445,0.75865,0.83373,0.61906,0.95077,0.003664,0.003664,0.003664
770,10727.9,0.88705,0.68672,0.98112,0.9745,0.86383,0.95429,0.75763,0.83403,0.61954,0.95051,0.00365575,0.00365575,0.00365575
771,10740.7,0.91368,0.70399,0.97985,0.97237,0.86383,0.95396,0.75803,0.83356,0.62088,0.95045,0.0036475,0.0036475,0.0036475
772,10754,0.92211,0.71989,0.98807,0.9744,0.85319,0.9541,0.75786,0.83331,0.61896,0.94847,0.00363925,0.00363925,0.00363925
773,10767.9,0.8847,0.68413,0.9792,0.97845,0.85319,0.95523,0.75738,0.83367,0.6178,0.94714,0.003631,0.003631,0.003631
774,10780.9,0.88416,0.69182,0.97368,0.97077,0.86383,0.95601,0.75754,0.83265,0.61516,0.94604,0.00362275,0.00362275,0.00362275
775,10794.9,0.89758,0.69714,0.98277,0.98073,0.85745,0.95564,0.75551,0.83069,0.61185,0.94407,0.0036145,0.0036145,0.0036145
776,10807.8,0.90346,0.70094,0.98518,0.98534,0.85811,0.95694,0.75717,0.82967,0.61045,0.94334,0.00360625,0.00360625,0.00360625
777,10820.7,0.88176,0.68537,0.97372,0.9877,0.85427,0.9575,0.75619,0.82898,0.61046,0.943,0.003598,0.003598,0.003598
778,10836.4,0.91311,0.6985,0.97827,0.98531,0.85616,0.95772,0.75562,0.82955,0.60795,0.94323,0.00358975,0.00358975,0.00358975
779,10849.6,0.87514,0.67695,0.97015,0.98556,0.85745,0.9578,0.75491,0.8285,0.60791,0.94304,0.0035815,0.0035815,0.0035815
780,10862.5,0.86668,0.67095,0.976,0.98535,0.85865,0.95771,0.75529,0.82918,0.60799,0.94306,0.00357325,0.00357325,0.00357325
781,10877.5,0.89176,0.68384,0.9854,0.98513,0.85957,0.95656,0.75522,0.83074,0.60937,0.94392,0.003565,0.003565,0.003565
782,10890.9,0.87347,0.68012,0.97682,0.98534,0.85816,0.95646,0.75447,0.83047,0.60915,0.94319,0.00355675,0.00355675,0.00355675
783,10903.8,0.8811,0.68412,0.97485,0.98478,0.85745,0.95636,0.75599,0.82964,0.60715,0.94183,0.0035485,0.0035485,0.0035485
784,10919.1,0.88467,0.67126,0.97715,0.98289,0.85559,0.95506,0.75533,0.82952,0.60678,0.94089,0.00354025,0.00354025,0.00354025
785,10932,0.91606,0.69722,0.98095,0.98262,0.85532,0.95474,0.75547,0.82983,0.60621,0.94016,0.003532,0.003532,0.003532
786,10945,0.88563,0.67984,0.97048,0.98356,0.85532,0.95503,0.75448,0.83103,0.60631,0.93992,0.00352375,0.00352375,0.00352375
787,10960.4,0.88735,0.683,0.97406,0.98532,0.85686,0.95529,0.75532,0.83248,0.60772,0.94008,0.0035155,0.0035155,0.0035155
788,10973.4,0.87942,0.67884,0.96913,0.98855,0.85319,0.95528,0.75391,0.83299,0.60933,0.94056,0.00350725,0.00350725,0.00350725
789,10987.3,0.88734,0.68712,0.96989,0.9877,0.85428,0.95558,0.75422,0.83313,0.60966,0.94055,0.003499,0.003499,0.003499
790,11001,0.90778,0.69488,0.97946,0.98492,0.85745,0.95638,0.75349,0.83451,0.60953,0.94126,0.00349075,0.00349075,0.00349075
791,11013.7,0.87585,0.66691,0.97244,0.98462,0.85745,0.95764,0.75506,0.8356,0.61002,0.9426,0.0034825,0.0034825,0.0034825
792,11027.2,0.87819,0.67781,0.97239,0.98462,0.85745,0.9576,0.75637,0.83591,0.61045,0.94271,0.00347425,0.00347425,0.00347425
793,11041.6,0.89789,0.67518,0.97297,0.98293,0.85746,0.95761,0.75791,0.83629,0.61227,0.9429,0.003466,0.003466,0.003466
794,11054.3,0.86597,0.67587,0.97029,0.98534,0.85785,0.95728,0.75857,0.83671,0.61506,0.94337,0.00345775,0.00345775,0.00345775
795,11069.8,0.88254,0.6758,0.98139,0.98597,0.8617,0.95788,0.75865,0.83675,0.61369,0.94324,0.0034495,0.0034495,0.0034495
796,11083.5,0.86892,0.67688,0.97161,0.98777,0.85953,0.95772,0.75749,0.83663,0.61431,0.94373,0.00344125,0.00344125,0.00344125
797,11096.5,0.87901,0.6741,0.97765,0.98935,0.85957,0.95853,0.7586,0.83637,0.6145,0.94433,0.003433,0.003433,0.003433
798,11112.9,0.88069,0.67698,0.9681,0.99022,0.8615,0.95875,0.75935,0.83554,0.61417,0.94423,0.00342475,0.00342475,0.00342475
799,11126.7,0.88197,0.68023,0.9746,0.9886,0.8617,0.95905,0.76066,0.83514,0.61323,0.94362,0.0034165,0.0034165,0.0034165
800,11140.4,0.87565,0.67531,0.96645,0.98604,0.85957,0.95879,0.76055,0.83475,0.61233,0.94303,0.00340825,0.00340825,0.00340825
801,11156,0.89338,0.69038,0.98497,0.97709,0.86383,0.95944,0.76108,0.83384,0.6106,0.94234,0.0034,0.0034,0.0034
802,11169.7,0.87336,0.66767,0.96481,0.98069,0.86453,0.95974,0.76088,0.83352,0.61038,0.94251,0.00339175,0.00339175,0.00339175
803,11183.9,0.88432,0.68108,0.96943,0.97746,0.87234,0.95855,0.76014,0.83356,0.60977,0.94281,0.0033835,0.0033835,0.0033835
804,11197.8,0.89063,0.68697,0.98006,0.97882,0.87234,0.95869,0.76042,0.83374,0.61048,0.94343,0.00337525,0.00337525,0.00337525
805,11211,0.87019,0.66663,0.96702,0.98064,0.86227,0.95879,0.76125,0.8338,0.60933,0.94313,0.003367,0.003367,0.003367
806,11226.7,0.87394,0.663,0.97288,0.98298,0.8603,0.95932,0.76223,0.83405,0.60863,0.94353,0.00335875,0.00335875,0.00335875
807,11240.2,0.87087,0.67623,0.97359,0.98306,0.86443,0.95954,0.76321,0.83412,0.60752,0.94357,0.0033505,0.0033505,0.0033505
808,11253.6,0.86055,0.66651,0.96748,0.98307,0.86508,0.96011,0.76235,0.83375,0.60562,0.94305,0.00334225,0.00334225,0.00334225
809,11268.1,0.89123,0.67141,0.97938,0.98309,0.86592,0.96013,0.76281,0.83345,0.60531,0.94271,0.003334,0.003334,0.003334
810,11281,0.86936,0.6598,0.97212,0.97388,0.87273,0.96014,0.76227,0.83283,0.60492,0.94227,0.00332575,0.00332575,0.00332575
811,11294,0.87637,0.68072,0.97087,0.97615,0.87081,0.9602,0.76183,0.83242,0.60433,0.94188,0.0033175,0.0033175,0.0033175
812,11308.9,0.8675,0.67472,0.97786,0.97455,0.86809,0.96014,0.7616,0.83206,0.60375,0.94144,0.00330925,0.00330925,0.00330925
813,11321.7,0.87047,0.66796,0.96802,0.97453,0.86809,0.96048,0.76123,0.832,0.6048,0.94107,0.003301,0.003301,0.003301
814,11334.6,0.86067,0.67056,0.96694,0.97349,0.87234,0.96098,0.76109,0.83201,0.60451,0.94089,0.00329275,0.00329275,0.00329275
815,11349.6,0.86201,0.6644,0.9677,0.96941,0.87651,0.961,0.7605,0.83177,0.60351,0.94043,0.0032845,0.0032845,0.0032845
816,11362.4,0.86548,0.67904,0.9663,0.96564,0.8766,0.96093,0.7609,0.83145,0.60332,0.94038,0.00327625,0.00327625,0.00327625
817,11375.2,0.86878,0.67397,0.96365,0.96971,0.87021,0.961,0.76157,0.83155,0.60322,0.94048,0.003268,0.003268,0.003268
818,11390.1,0.87328,0.66687,0.96448,0.96846,0.87021,0.96106,0.7613,0.83043,0.60408,0.94012,0.00325975,0.00325975,0.00325975
819,11403.1,0.89245,0.67969,0.9714,0.96926,0.87225,0.96113,0.76225,0.8295,0.60418,0.93972,0.0032515,0.0032515,0.0032515
820,11416.4,0.88223,0.67182,0.97307,0.98071,0.86536,0.96128,0.76217,0.82953,0.60369,0.94005,0.00324325,0.00324325,0.00324325
821,11431.9,0.84859,0.66489,0.96269,0.98069,0.86444,0.96177,0.75969,0.82867,0.6043,0.93982,0.003235,0.003235,0.003235
822,11445.1,0.8529,0.65158,0.962,0.98536,0.8594,0.9618,0.76013,0.82809,0.6056,0.94012,0.00322675,0.00322675,0.00322675
823,11459.8,0.87369,0.66394,0.97123,0.98538,0.86033,0.96292,0.7618,0.82796,0.6064,0.94072,0.0032185,0.0032185,0.0032185
824,11473.5,0.85765,0.66102,0.9687,0.98535,0.85878,0.96278,0.76239,0.82757,0.60628,0.94073,0.00321025,0.00321025,0.00321025
825,11486.3,0.86624,0.66272,0.96686,0.98535,0.85862,0.96284,0.76159,0.82756,0.60703,0.94081,0.003202,0.003202,0.003202
826,11501.4,0.86685,0.65821,0.96289,0.97628,0.87234,0.96306,0.76086,0.82776,0.60739,0.94067,0.00319375,0.00319375,0.00319375
827,11514.3,0.85084,0.64998,0.9603,0.98454,0.87021,0.96326,0.76124,0.82768,0.60697,0.94086,0.0031855,0.0031855,0.0031855
828,11527.1,0.86575,0.6695,0.97191,0.98544,0.87021,0.96332,0.76028,0.82721,0.60714,0.94069,0.00317725,0.00317725,0.00317725
829,11542.1,0.8629,0.65535,0.96095,0.98208,0.87234,0.96333,0.75966,0.82632,0.60734,0.94033,0.003169,0.003169,0.003169
830,11554.8,0.83971,0.64353,0.95975,0.98318,0.87038,0.96347,0.75972,0.8255,0.60581,0.94007,0.00316075,0.00316075,0.00316075
831,11568.1,0.85489,0.64988,0.95691,0.97935,0.87234,0.96345,0.7611,0.82392,0.60466,0.93972,0.0031525,0.0031525,0.0031525
832,11583.5,0.8442,0.64125,0.95613,0.98023,0.87234,0.96325,0.76069,0.82315,0.6048,0.93948,0.00314425,0.00314425,0.00314425
833,11596.5,0.86227,0.65461,0.97323,0.97895,0.87234,0.96313,0.76176,0.82256,0.60439,0.939,0.003136,0.003136,0.003136
834,11609.2,0.8486,0.65093,0.95981,0.97784,0.8766,0.96351,0.76223,0.82232,0.60431,0.93873,0.00312775,0.00312775,0.00312775
835,11623.5,0.83258,0.64009,0.95892,0.9809,0.87414,0.96396,0.76173,0.82214,0.60332,0.93867,0.0031195,0.0031195,0.0031195
836,11636.3,0.82999,0.62774,0.95147,0.9809,0.87431,0.96384,0.76345,0.82176,0.60276,0.9385,0.00311125,0.00311125,0.00311125
837,11649.8,0.84075,0.64096,0.9558,0.98085,0.87193,0.96399,0.76262,0.82185,0.60219,0.93836,0.003103,0.003103,0.003103
838,11664.2,0.86492,0.6567,0.96207,0.98085,0.87189,0.96424,0.76229,0.82249,0.60233,0.93836,0.00309475,0.00309475,0.00309475
839,11677.2,0.85218,0.64299,0.9604,0.98027,0.87234,0.96367,0.76324,0.82252,0.60208,0.93853,0.0030865,0.0030865,0.0030865
840,11691.5,0.83951,0.6439,0.96237,0.97896,0.87234,0.96356,0.763,0.82228,0.60146,0.93843,0.00307825,0.00307825,0.00307825
841,11704.3,0.83912,0.64945,0.96629,0.97838,0.86671,0.9637,0.7628,0.82118,0.60058,0.93774,0.00307,0.00307,0.00307
842,11717,0.85537,0.65971,0.96752,0.97465,0.87021,0.96263,0.76369,0.82067,0.59896,0.93722,0.00306175,0.00306175,0.00306175
843,11731.8,0.85983,0.65439,0.95812,0.97147,0.86927,0.96061,0.76361,0.81969,0.59876,0.93676,0.0030535,0.0030535,0.0030535
844,11744.7,0.86268,0.66119,0.96552,0.97147,0.86928,0.96083,0.76449,0.81943,0.59844,0.93654,0.00304525,0.00304525,0.00304525
845,11758.1,0.83867,0.64607,0.953,0.97151,0.87057,0.96068,0.7629,0.81852,0.59805,0.93589,0.003037,0.003037,0.003037
846,11772.5,0.8362,0.63513,0.96013,0.97382,0.87051,0.96245,0.76532,0.81707,0.5976,0.93544,0.00302875,0.00302875,0.00302875
847,11785.8,0.8426,0.64634,0.95772,0.9738,0.86983,0.96263,0.76508,0.81588,0.59616,0.93501,0.0030205,0.0030205,0.0030205
848,11798.7,0.83301,0.63523,0.96076,0.97142,0.8679,0.96114,0.76523,0.81481,0.59578,0.93469,0.00301225,0.00301225,0.00301225
849,11813,0.84138,0.63871,0.94756,0.97147,0.86925,0.96114,0.76411,0.81381,0.59523,0.93448,0.003004,0.003004,0.003004
850,11825.7,0.84869,0.64236,0.96024,0.95602,0.87884,0.96139,0.7645,0.81319,0.59497,0.93417,0.00299575,0.00299575,0.00299575
851,11840.3,0.84227,0.63776,0.95715,0.96047,0.87881,0.9626,0.765,0.81229,0.59513,0.93407,0.0029875,0.0029875,0.0029875
852,11853.3,0.84747,0.63736,0.95123,0.95838,0.88184,0.96306,0.76619,0.81179,0.5958,0.93413,0.00297925,0.00297925,0.00297925
853,11866.7,0.8318,0.63117,0.95631,0.9605,0.87954,0.96285,0.76773,0.81123,0.59616,0.93422,0.002971,0.002971,0.002971
854,11881.2,0.8207,0.62595,0.9513,0.96053,0.88013,0.96305,0.7677,0.81151,0.59677,0.93417,0.00296275,0.00296275,0.00296275
855,11894.7,0.83069,0.63444,0.95804,0.9658,0.8766,0.96297,0.76717,0.81111,0.59577,0.93389,0.0029545,0.0029545,0.0029545
856,11907.9,0.83739,0.64228,0.95131,0.96164,0.87872,0.96298,0.76709,0.81077,0.59545,0.93382,0.00294625,0.00294625,0.00294625
857,11922.1,0.8442,0.6462,0.95174,0.96702,0.87872,0.96302,0.76741,0.81097,0.59598,0.93417,0.002938,0.002938,0.002938
858,11934.7,0.8304,0.63019,0.95695,0.96719,0.87801,0.96297,0.76729,0.81181,0.5973,0.93491,0.00292975,0.00292975,0.00292975
859,11947.7,0.81648,0.62703,0.94952,0.97844,0.86909,0.96292,0.76723,0.8121,0.59798,0.93509,0.0029215,0.0029215,0.0029215
860,11962.2,0.82923,0.63982,0.95526,0.97845,0.86952,0.96268,0.76652,0.8118,0.59792,0.93502,0.00291325,0.00291325,0.00291325
861,11975.2,0.82533,0.6246,0.9534,0.97843,0.86844,0.96281,0.7677,0.81158,0.59799,0.93505,0.002905,0.002905,0.002905
862,11987.9,0.85753,0.6456,0.95677,0.97851,0.87021,0.96297,0.76781,0.81183,0.59888,0.93538,0.00289675,0.00289675,0.00289675
863,12003,0.82825,0.62725,0.94978,0.98082,0.87062,0.96317,0.768,0.81174,0.59872,0.93495,0.0028885,0.0028885,0.0028885
864,12016.4,0.83336,0.64565,0.9558,0.98082,0.87054,0.96304,0.76806,0.81196,0.5982,0.93468,0.00288025,0.00288025,0.00288025
865,12031.4,0.84094,0.64132,0.96033,0.9799,0.87021,0.963,0.76897,0.81155,0.59792,0.93467,0.002872,0.002872,0.002872
866,12044.6,0.83469,0.63432,0.95276,0.98172,0.86809,0.96309,0.76989,0.81157,0.59794,0.93485,0.00286375,0.00286375,0.00286375
867,12058.2,0.83198,0.62914,0.95303,0.98056,0.86596,0.96174,0.77035,0.8118,0.59824,0.93496,0.0028555,0.0028555,0.0028555
868,12073.2,0.83237,0.63813,0.95122,0.98061,0.86383,0.96195,0.76959,0.81139,0.59737,0.93461,0.00284725,0.00284725,0.00284725
869,12086.2,0.81608,0.62648,0.94517,0.98301,0.8619,0.96167,0.76905,0.81106,0.59625,0.93415,0.002839,0.002839,0.002839
870,12099.2,0.84231,0.64818,0.95501,0.98295,0.85841,0.96186,0.76917,0.81052,0.59531,0.93374,0.00283075,0.00283075,0.00283075
871,12113.6,0.83534,0.62874,0.9557,0.98781,0.8621,0.96443,0.76982,0.81021,0.59505,0.93379,0.0028225,0.0028225,0.0028225
872,12126.4,0.82891,0.63617,0.95119,0.98781,0.86219,0.96448,0.76979,0.81001,0.59483,0.93393,0.00281425,0.00281425,0.00281425
873,12140.6,0.82172,0.63825,0.95763,0.98792,0.8617,0.96467,0.76941,0.81002,0.59454,0.9337,0.002806,0.002806,0.002806
874,12153.7,0.83357,0.63104,0.95457,0.95302,0.89362,0.96468,0.76937,0.8093,0.59409,0.93344,0.00279775,0.00279775,0.00279775
875,12166.7,0.8202,0.63306,0.95353,0.99023,0.86268,0.9646,0.77013,0.80868,0.5928,0.93289,0.0027895,0.0027895,0.0027895
876,12181,0.82494,0.6242,0.94993,0.99123,0.8617,0.96453,0.77097,0.80861,0.59289,0.93307,0.00278125,0.00278125,0.00278125
877,12194.4,0.84235,0.63748,0.95538,0.99113,0.8617,0.96478,0.77081,0.80889,0.59219,0.93297,0.002773,0.002773,0.002773
878,12207.2,0.83589,0.6356,0.94672,0.99114,0.8617,0.96487,0.77151,0.80872,0.59107,0.93253,0.00276475,0.00276475,0.00276475
879,12222.1,0.84621,0.64894,0.95961,0.99104,0.8617,0.96498,0.77109,0.80845,0.59039,0.93202,0.0027565,0.0027565,0.0027565
880,12234.5,0.8279,0.64605,0.95377,0.991,0.8617,0.96526,0.77065,0.80759,0.58927,0.93157,0.00274825,0.00274825,0.00274825
881,12247.4,0.83596,0.6336,0.95257,0.98887,0.85957,0.96401,0.77001,0.80739,0.58832,0.93108,0.00274,0.00274,0.00274
882,12261.9,0.82321,0.63684,0.95178,0.99122,0.8617,0.9653,0.77184,0.80775,0.58797,0.93115,0.00273175,0.00273175,0.00273175
883,12275.1,0.80105,0.62126,0.94416,0.99095,0.8617,0.9657,0.77299,0.80784,0.58695,0.93083,0.0027235,0.0027235,0.0027235
884,12289.1,0.8211,0.62417,0.94764,0.99123,0.8617,0.96582,0.77282,0.80763,0.58626,0.93064,0.00271525,0.00271525,0.00271525
885,12303,0.83862,0.64366,0.95365,0.98854,0.85957,0.96435,0.77299,0.80766,0.58599,0.93054,0.002707,0.002707,0.002707
886,12315.9,0.83245,0.63186,0.95483,0.98558,0.86383,0.96622,0.77277,0.8078,0.58572,0.9303,0.00269875,0.00269875,0.00269875
887,12330.2,0.82054,0.63404,0.94539,0.98333,0.86383,0.96629,0.77174,0.80754,0.58555,0.92981,0.0026905,0.0026905,0.0026905
888,12343.2,0.82703,0.64122,0.94701,0.95845,0.88332,0.96608,0.77197,0.80716,0.58581,0.92947,0.00268225,0.00268225,0.00268225
889,12356,0.8278,0.63324,0.9531,0.9584,0.88241,0.96564,0.77118,0.80674,0.58548,0.92907,0.002674,0.002674,0.002674
890,12370.1,0.81557,0.62112,0.94219,0.98549,0.86699,0.9655,0.77158,0.80629,0.58553,0.92889,0.00266575,0.00266575,0.00266575
891,12382.9,0.81105,0.62367,0.94842,0.9855,0.8675,0.9653,0.77123,0.8059,0.58502,0.92869,0.0026575,0.0026575,0.0026575
892,12395.8,0.80745,0.62449,0.94292,0.98546,0.86497,0.96533,0.77143,0.80536,0.58438,0.92846,0.00264925,0.00264925,0.00264925
893,12410.3,0.8206,0.61217,0.94271,0.98545,0.8647,0.9653,0.77169,0.8053,0.58388,0.92846,0.002641,0.002641,0.002641
894,12423.1,0.80227,0.6084,0.94741,0.98317,0.87005,0.96508,0.77148,0.80511,0.58379,0.92835,0.00263275,0.00263275,0.00263275
895,12435.4,0.81608,0.61778,0.94295,0.96145,0.87447,0.96427,0.77147,0.80443,0.58394,0.92831,0.0026245,0.0026245,0.0026245
896,12449.4,0.81063,0.62133,0.95003,0.96376,0.8766,0.96549,0.77254,0.80438,0.584,0.92844,0.00261625,0.00261625,0.00261625
897,12462.3,0.79586,0.61377,0.94641,0.96368,0.8766,0.96551,0.7722,0.80406,0.58382,0.92841,0.002608,0.002608,0.002608
898,12476.6,0.80446,0.61383,0.9421,0.96257,0.87551,0.96476,0.77205,0.804,0.58326,0.92838,0.00259975,0.00259975,0.00259975
899,12490,0.7916,0.60202,0.94333,0.96069,0.8766,0.96495,0.77222,0.80333,0.58337,0.92828,0.0025915,0.0025915,0.0025915
900,12502.8,0.79523,0.60209,0.9378,0.95087,0.89362,0.96511,0.77191,0.80252,0.583,0.92793,0.00258325,0.00258325,0.00258325
901,12517.1,0.8039,0.60832,0.94226,0.9626,0.8763,0.96509,0.77266,0.80124,0.58257,0.92734,0.002575,0.002575,0.002575
902,12529.9,0.81347,0.61523,0.9456,0.94958,0.89362,0.96534,0.77239,0.79976,0.58238,0.92698,0.00256675,0.00256675,0.00256675
903,12542.6,0.80775,0.6176,0.94179,0.95009,0.89362,0.96537,0.77247,0.79925,0.58203,0.92668,0.0025585,0.0025585,0.0025585
904,12556.9,0.81873,0.62269,0.94795,0.94522,0.89362,0.96458,0.7731,0.79898,0.58174,0.9266,0.00255025,0.00255025,0.00255025
905,12569.8,0.80515,0.62583,0.94762,0.94373,0.89213,0.96428,0.77331,0.79866,0.58098,0.92643,0.002542,0.002542,0.002542
906,12583.2,0.81918,0.62889,0.94573,0.96404,0.87021,0.96385,0.77294,0.79812,0.58087,0.92642,0.00253375,0.00253375,0.00253375
907,12597.1,0.80415,0.61778,0.94633,0.96519,0.87021,0.96401,0.77356,0.79748,0.58041,0.92631,0.0025255,0.0025255,0.0025255
908,12610.5,0.81299,0.62482,0.94249,0.96562,0.87021,0.96383,0.77386,0.79691,0.57965,0.92595,0.00251725,0.00251725,0.00251725
909,12625.3,0.79731,0.61667,0.94456,0.96694,0.87131,0.96437,0.77364,0.79599,0.57885,0.92526,0.002509,0.002509,0.002509
910,12638.1,0.80454,0.6158,0.94176,0.96692,0.87079,0.96552,0.77383,0.7951,0.57773,0.92459,0.00250075,0.00250075,0.00250075
911,12651.5,0.79643,0.60562,0.94565,0.96692,0.87074,0.96558,0.77327,0.79432,0.57709,0.92405,0.0024925,0.0024925,0.0024925
912,12666,0.79277,0.58845,0.93742,0.94183,0.89565,0.96589,0.77394,0.79362,0.57629,0.92375,0.00248425,0.00248425,0.00248425
913,12679.3,0.78957,0.59977,0.94187,0.94388,0.89466,0.96598,0.77303,0.79301,0.57539,0.92368,0.002476,0.002476,0.002476
914,12692.3,0.80943,0.60806,0.94458,0.94388,0.89468,0.96589,0.77259,0.79261,0.5755,0.92368,0.00246775,0.00246775,0.00246775
915,12706.7,0.80964,0.60534,0.94169,0.94365,0.89076,0.96586,0.77297,0.79251,0.57507,0.92377,0.0024595,0.0024595,0.0024595
916,12719.6,0.7876,0.60154,0.94382,0.94361,0.89015,0.96495,0.77286,0.79191,0.57508,0.92375,0.00245125,0.00245125,0.00245125
917,12732.2,0.80317,0.60589,0.9452,0.94779,0.89149,0.96572,0.77191,0.79136,0.5755,0.9236,0.002443,0.002443,0.002443
918,12746.6,0.80013,0.60553,0.94541,0.948,0.89149,0.96583,0.77381,0.79086,0.57505,0.92368,0.00243475,0.00243475,0.00243475
919,12759.6,0.80361,0.60872,0.94076,0.95215,0.88905,0.96557,0.77466,0.79047,0.5747,0.92373,0.0024265,0.0024265,0.0024265
920,12774.4,0.79672,0.60665,0.94694,0.96405,0.88085,0.96545,0.77444,0.79021,0.57478,0.92394,0.00241825,0.00241825,0.00241825
921,12787.3,0.80941,0.61124,0.93995,0.96391,0.88085,0.96545,0.77485,0.78961,0.57426,0.92396,0.00241,0.00241,0.00241
922,12800.8,0.79557,0.60741,0.94049,0.96212,0.88085,0.96466,0.77482,0.78908,0.57418,0.92398,0.00240175,0.00240175,0.00240175
923,12815.1,0.78719,0.59022,0.94177,0.96222,0.88085,0.96468,0.77453,0.7885,0.5736,0.92387,0.0023935,0.0023935,0.0023935
924,12827.9,0.81555,0.62503,0.94562,0.95991,0.88085,0.96451,0.77464,0.78825,0.57342,0.92368,0.00238525,0.00238525,0.00238525
925,12840.9,0.77883,0.5947,0.93905,0.96015,0.88085,0.96469,0.77515,0.78799,0.57271,0.92368,0.002377,0.002377,0.002377
926,12855.8,0.78903,0.59525,0.94628,0.95798,0.88085,0.96484,0.77412,0.78795,0.5728,0.9238,0.00236875,0.00236875,0.00236875
927,12868.2,0.79526,0.61314,0.93939,0.96064,0.88271,0.96508,0.77367,0.78759,0.57261,0.92367,0.0023605,0.0023605,0.0023605
928,12881.1,0.77729,0.59072,0.93508,0.96172,0.88298,0.96524,0.77403,0.78759,0.57233,0.92386,0.00235225,0.00235225,0.00235225
929,12895.4,0.80351,0.61423,0.94167,0.96224,0.88298,0.96549,0.77354,0.78762,0.57191,0.92393,0.002344,0.002344,0.002344
930,12908.2,0.79824,0.60972,0.94245,0.96351,0.88298,0.96564,0.77417,0.78728,0.5716,0.92397,0.00233575,0.00233575,0.00233575
931,12921.2,0.77861,0.60357,0.94008,0.96346,0.88298,0.96584,0.77418,0.78774,0.57158,0.92422,0.0023275,0.0023275,0.0023275
932,12935.8,0.79024,0.60226,0.93954,0.96369,0.88298,0.96554,0.77389,0.78783,0.57104,0.92438,0.00231925,0.00231925,0.00231925
933,12948.6,0.78159,0.60154,0.92952,0.96453,0.88298,0.9656,0.77315,0.78772,0.57057,0.92438,0.002311,0.002311,0.002311
934,12962.1,0.7782,0.59873,0.93629,0.9666,0.88298,0.9656,0.77341,0.78724,0.57003,0.92429,0.00230275,0.00230275,0.00230275
935,12976.4,0.78329,0.5918,0.93638,0.9672,0.88511,0.96562,0.77382,0.78642,0.56932,0.92401,0.0022945,0.0022945,0.0022945
936,12989.4,0.79345,0.60348,0.93292,0.96797,0.88723,0.96652,0.77381,0.7864,0.56895,0.92404,0.00228625,0.00228625,0.00228625
937,13003.6,0.7884,0.59984,0.94055,0.95443,0.88936,0.96663,0.77379,0.78633,0.56883,0.92416,0.002278,0.002278,0.002278
938,13016.5,0.79143,0.60482,0.93888,0.95381,0.88936,0.96672,0.77348,0.78639,0.56902,0.92446,0.00226975,0.00226975,0.00226975
939,13029.4,0.76821,0.58505,0.93228,0.95371,0.88936,0.96675,0.77393,0.78638,0.56905,0.9248,0.0022615,0.0022615,0.0022615
940,13043.6,0.7872,0.59471,0.94476,0.95349,0.88936,0.96673,0.77477,0.78637,0.56913,0.92481,0.00225325,0.00225325,0.00225325
941,13056.4,0.79753,0.6057,0.942,0.95488,0.88936,0.96679,0.7748,0.78609,0.56886,0.92479,0.002245,0.002245,0.002245
942,13069.3,0.79436,0.60517,0.94629,0.95722,0.88936,0.96677,0.77492,0.78555,0.56893,0.92441,0.00223675,0.00223675,0.00223675
943,13083.8,0.79724,0.60792,0.93805,0.95668,0.88936,0.9668,0.77491,0.78543,0.56921,0.92436,0.0022285,0.0022285,0.0022285
944,13096.8,0.78265,0.599,0.93891,0.96163,0.88936,0.96686,0.77456,0.78553,0.56977,0.92449,0.00222025,0.00222025,0.00222025
945,13109.7,0.77558,0.59518,0.94034,0.96184,0.88936,0.96636,0.7759,0.78543,0.56943,0.9242,0.002212,0.002212,0.002212
946,13124.9,0.78435,0.5902,0.94228,0.96478,0.88936,0.96666,0.77544,0.7857,0.56951,0.92424,0.00220375,0.00220375,0.00220375
947,13137.8,0.77016,0.58936,0.92743,0.96756,0.88936,0.9667,0.77547,0.78544,0.56943,0.924,0.0021955,0.0021955,0.0021955
948,13151.9,0.79859,0.59899,0.94168,0.96759,0.88924,0.96674,0.77591,0.78522,0.56967,0.92369,0.00218725,0.00218725,0.00218725
949,13166.1,0.79442,0.60134,0.9416,0.96757,0.88884,0.96676,0.77628,0.78511,0.56955,0.92346,0.002179,0.002179,0.002179
950,13179.6,0.76945,0.59383,0.93439,0.9652,0.88936,0.96681,0.77753,0.78491,0.56934,0.9232,0.00217075,0.00217075,0.00217075
951,13194.7,0.78187,0.59485,0.94085,0.96413,0.88936,0.96672,0.77718,0.78454,0.56885,0.92279,0.0021625,0.0021625,0.0021625
952,13207.7,0.78047,0.58742,0.94032,0.96117,0.88936,0.96677,0.77783,0.78454,0.56882,0.92278,0.00215425,0.00215425,0.00215425
953,13220.9,0.79417,0.6013,0.94103,0.9613,0.88936,0.9667,0.77702,0.78449,0.56884,0.92278,0.002146,0.002146,0.002146
954,13234.5,0.78044,0.58903,0.93385,0.96164,0.88936,0.96662,0.77742,0.78418,0.5687,0.92254,0.00213775,0.00213775,0.00213775
955,13247.7,0.77063,0.58674,0.93699,0.96144,0.88936,0.96638,0.77629,0.78411,0.56899,0.92264,0.0021295,0.0021295,0.0021295
956,13260.7,0.7699,0.58655,0.93237,0.96194,0.88936,0.96645,0.77553,0.78395,0.56859,0.92259,0.00212125,0.00212125,0.00212125
957,13274.7,0.78254,0.5958,0.93889,0.96316,0.89013,0.9665,0.77675,0.78396,0.56851,0.92247,0.002113,0.002113,0.002113
958,13287.7,0.77098,0.59739,0.93294,0.96315,0.88965,0.96639,0.77579,0.78352,0.56822,0.92208,0.00210475,0.00210475,0.00210475
959,13300.4,0.76595,0.57287,0.92969,0.96453,0.88936,0.9665,0.77544,0.78347,0.568,0.92199,0.0020965,0.0020965,0.0020965
960,13315.1,0.78131,0.58648,0.94125,0.96544,0.88936,0.96643,0.77589,0.78312,0.56774,0.92178,0.00208825,0.00208825,0.00208825
961,13328.1,0.77328,0.576,0.93031,0.96614,0.88936,0.96617,0.77591,0.78277,0.56773,0.92163,0.00208,0.00208,0.00208
962,13342.7,0.76574,0.57757,0.93626,0.96763,0.88936,0.96615,0.77597,0.78247,0.56702,0.92134,0.00207175,0.00207175,0.00207175
963,13355.6,0.75557,0.57601,0.92642,0.96771,0.88936,0.96612,0.7764,0.78222,0.56683,0.92119,0.0020635,0.0020635,0.0020635
964,13368.4,0.7685,0.57797,0.93661,0.9656,0.88936,0.96599,0.77597,0.78191,0.5668,0.92109,0.00205525,0.00205525,0.00205525
965,13383,0.77056,0.58861,0.93317,0.96606,0.88936,0.96595,0.77637,0.78156,0.56648,0.92083,0.002047,0.002047,0.002047
966,13396,0.7862,0.59997,0.93348,0.96414,0.88936,0.96593,0.77655,0.78135,0.56618,0.92068,0.00203875,0.00203875,0.00203875
967,13408.9,0.7623,0.57717,0.93135,0.96588,0.88936,0.966,0.77694,0.78094,0.56608,0.92053,0.0020305,0.0020305,0.0020305
968,13423,0.7646,0.58519,0.93052,0.96622,0.88936,0.96606,0.77715,0.7801,0.56643,0.92039,0.00202225,0.00202225,0.00202225
969,13435.9,0.77236,0.59104,0.93632,0.96616,0.88936,0.9661,0.77653,0.77954,0.56618,0.92023,0.002014,0.002014,0.002014
970,13449.1,0.77397,0.58767,0.93785,0.96596,0.88936,0.96616,0.77766,0.77902,0.5662,0.91995,0.00200575,0.00200575,0.00200575
971,13463,0.76028,0.58019,0.93087,0.96633,0.88936,0.96631,0.7783,0.77883,0.56575,0.91978,0.0019975,0.0019975,0.0019975
972,13476.5,0.77899,0.58464,0.93285,0.96678,0.88936,0.96641,0.77788,0.77852,0.56558,0.91988,0.00198925,0.00198925,0.00198925
973,13491.4,0.78373,0.59912,0.93939,0.96805,0.88936,0.96646,0.7785,0.77809,0.56534,0.9198,0.001981,0.001981,0.001981
974,13505.3,0.77445,0.58885,0.9397,0.96073,0.89787,0.96651,0.77947,0.77774,0.56552,0.91965,0.00197275,0.00197275,0.00197275
975,13519.1,0.76197,0.58547,0.92823,0.96086,0.89787,0.96649,0.77935,0.77756,0.56541,0.91972,0.0019645,0.0019645,0.0019645
976,13533.7,0.7688,0.58379,0.92643,0.96851,0.88936,0.96663,0.77941,0.77723,0.56563,0.91966,0.00195625,0.00195625,0.00195625
977,13546.6,0.76224,0.57501,0.92823,0.96831,0.88936,0.96766,0.77951,0.77674,0.56552,0.91952,0.001948,0.001948,0.001948
978,13560.2,0.75438,0.58283,0.92709,0.96954,0.88936,0.96765,0.77976,0.77662,0.56531,0.91957,0.00193975,0.00193975,0.00193975
979,13575.1,0.7603,0.571,0.9199,0.96866,0.88936,0.96755,0.77914,0.77671,0.56492,0.9197,0.0019315,0.0019315,0.0019315
980,13587.9,0.74641,0.5842,0.92802,0.96814,0.88936,0.96746,0.78032,0.77637,0.56479,0.9196,0.00192325,0.00192325,0.00192325
981,13602.5,0.76331,0.58039,0.93061,0.96798,0.88936,0.96746,0.7804,0.77618,0.5648,0.91958,0.001915,0.001915,0.001915
982,13616.6,0.75624,0.57392,0.92421,0.96706,0.88936,0.96744,0.78047,0.77626,0.56469,0.91963,0.00190675,0.00190675,0.00190675
983,13630,0.75776,0.57927,0.93166,0.9636,0.88936,0.96742,0.78079,0.77622,0.56495,0.91955,0.0018985,0.0018985,0.0018985
984,13644.6,0.77094,0.59046,0.93758,0.96452,0.88936,0.9674,0.7812,0.77618,0.56521,0.91952,0.00189025,0.00189025,0.00189025
985,13657.9,0.75706,0.58448,0.9329,0.96536,0.88936,0.96749,0.78032,0.77598,0.56553,0.91947,0.001882,0.001882,0.001882
986,13670.9,0.76067,0.57071,0.92686,0.96538,0.88988,0.96757,0.77996,0.77574,0.56527,0.91943,0.00187375,0.00187375,0.00187375
987,13685.4,0.76642,0.57538,0.93276,0.96537,0.88968,0.96763,0.77997,0.77537,0.56513,0.91937,0.0018655,0.0018655,0.0018655
988,13698.3,0.75293,0.56624,0.92425,0.96549,0.88936,0.96766,0.77955,0.77519,0.56464,0.9192,0.00185725,0.00185725,0.00185725
989,13711.8,0.75566,0.56741,0.92637,0.96701,0.88936,0.96772,0.78054,0.77488,0.56447,0.91914,0.001849,0.001849,0.001849
990,13725.8,0.75214,0.56693,0.9228,0.96757,0.88864,0.96756,0.78126,0.77477,0.56443,0.91901,0.00184075,0.00184075,0.00184075
991,13739.3,0.76344,0.57725,0.93149,0.96759,0.88931,0.96763,0.78094,0.77466,0.5644,0.91891,0.0018325,0.0018325,0.0018325
992,13753.4,0.75561,0.57943,0.92623,0.96705,0.88936,0.9676,0.78057,0.77439,0.56396,0.91882,0.00182425,0.00182425,0.00182425
993,13766.2,0.74865,0.56533,0.92137,0.96596,0.88936,0.96768,0.78121,0.77403,0.56372,0.9187,0.001816,0.001816,0.001816
994,13779.2,0.74322,0.56755,0.9279,0.96519,0.89149,0.96776,0.7807,0.77392,0.56339,0.91869,0.00180775,0.00180775,0.00180775
995,13793.6,0.76054,0.56957,0.93118,0.96493,0.89149,0.9677,0.77972,0.7734,0.56312,0.91843,0.0017995,0.0017995,0.0017995
996,13806.5,0.74756,0.5589,0.92367,0.96476,0.89149,0.96776,0.78033,0.77341,0.56288,0.91834,0.00179125,0.00179125,0.00179125
997,13819.3,0.74083,0.55368,0.91963,0.96451,0.89149,0.96782,0.78077,0.77318,0.56255,0.91831,0.001783,0.001783,0.001783
998,13833.3,0.72662,0.55541,0.92281,0.96445,0.89149,0.96776,0.7812,0.7733,0.56241,0.91826,0.00177475,0.00177475,0.00177475
999,13845.9,0.76535,0.57861,0.9335,0.96441,0.89149,0.96777,0.78125,0.77318,0.56215,0.91811,0.0017665,0.0017665,0.0017665
1000,13859.1,0.7562,0.58182,0.92454,0.96448,0.89149,0.96769,0.78163,0.77322,0.56185,0.91802,0.00175825,0.00175825,0.00175825
1001,13874,0.7603,0.57562,0.92365,0.96449,0.89149,0.96763,0.78207,0.77304,0.56183,0.91794,0.00175,0.00175,0.00175
1002,13887.5,0.75552,0.57821,0.9239,0.96461,0.89149,0.96767,0.7825,0.7725,0.56161,0.91769,0.00174175,0.00174175,0.00174175
1003,13902.8,0.76689,0.59086,0.93663,0.96323,0.89149,0.96756,0.78249,0.77217,0.56186,0.91736,0.0017335,0.0017335,0.0017335
1004,13915.5,0.74469,0.5615,0.92465,0.96243,0.89149,0.96747,0.78215,0.77203,0.56175,0.91711,0.00172525,0.00172525,0.00172525
1005,13928.5,0.77117,0.58442,0.93418,0.96353,0.89149,0.96734,0.7823,0.7716,0.56151,0.91693,0.001717,0.001717,0.001717
1006,13942.7,0.7572,0.57175,0.92222,0.9634,0.89149,0.96729,0.78304,0.77145,0.56141,0.91681,0.00170875,0.00170875,0.00170875
1007,13956.2,0.74318,0.56414,0.91641,0.96367,0.89149,0.96716,0.783,0.77117,0.56106,0.91666,0.0017005,0.0017005,0.0017005
1008,13968.9,0.73991,0.56817,0.92527,0.96495,0.89149,0.96774,0.7835,0.77095,0.56095,0.91655,0.00169225,0.00169225,0.00169225
1009,13983.9,0.76838,0.57945,0.93094,0.96613,0.89149,0.96774,0.78373,0.77069,0.56064,0.91641,0.001684,0.001684,0.001684
1010,13997.2,0.75124,0.56618,0.92845,0.96631,0.89149,0.96765,0.78402,0.77016,0.56061,0.91611,0.00167575,0.00167575,0.00167575
1011,14011.6,0.73993,0.56305,0.91976,0.96571,0.89149,0.96755,0.78388,0.76986,0.56029,0.91604,0.0016675,0.0016675,0.0016675
1012,14024.8,0.73828,0.55397,0.92418,0.96558,0.89149,0.9675,0.7846,0.76977,0.56014,0.91595,0.00165925,0.00165925,0.00165925
1013,14038.4,0.74651,0.56998,0.92805,0.96564,0.89149,0.96728,0.78487,0.76947,0.56003,0.91577,0.001651,0.001651,0.001651
1014,14053.5,0.73671,0.56439,0.92236,0.95771,0.89362,0.96739,0.78465,0.76942,0.55958,0.9157,0.00164275,0.00164275,0.00164275
1015,14066.4,0.74363,0.56872,0.92567,0.95904,0.89362,0.96729,0.78491,0.76928,0.55928,0.91559,0.0016345,0.0016345,0.0016345
1016,14079.8,0.7569,0.56972,0.9215,0.96102,0.89174,0.96708,0.78569,0.76913,0.55913,0.91556,0.00162625,0.00162625,0.00162625
1017,14094.6,0.74279,0.56281,0.9214,0.95882,0.89173,0.96682,0.78571,0.76912,0.55906,0.91551,0.001618,0.001618,0.001618
1018,14107.7,0.74718,0.57936,0.92695,0.96112,0.89421,0.96721,0.78511,0.76881,0.55877,0.91537,0.00160975,0.00160975,0.00160975
1019,14120.5,0.76055,0.58096,0.93143,0.96233,0.89362,0.96703,0.78528,0.76861,0.55877,0.91508,0.0016015,0.0016015,0.0016015
1020,14135,0.74639,0.56865,0.92374,0.96292,0.89362,0.96704,0.78507,0.76851,0.55839,0.91502,0.00159325,0.00159325,0.00159325
1021,14147.7,0.7124,0.54567,0.91299,0.96355,0.89362,0.96699,0.78549,0.76856,0.55839,0.91492,0.001585,0.001585,0.001585
1022,14160.3,0.75726,0.56533,0.92492,0.96368,0.89362,0.96697,0.78574,0.76839,0.55809,0.91479,0.00157675,0.00157675,0.00157675
1023,14174.9,0.73178,0.55626,0.92206,0.96423,0.89362,0.96687,0.78591,0.7687,0.55797,0.91472,0.0015685,0.0015685,0.0015685
1024,14188.1,0.73507,0.56135,0.92351,0.96683,0.89362,0.96681,0.78616,0.76846,0.55775,0.91464,0.00156025,0.00156025,0.00156025
1025,14202.1,0.73473,0.55378,0.92073,0.96688,0.89362,0.96676,0.78539,0.76852,0.55747,0.91461,0.001552,0.001552,0.001552
1026,14216.1,0.7179,0.54731,0.91602,0.96594,0.89362,0.9667,0.78546,0.76825,0.5575,0.9145,0.00154375,0.00154375,0.00154375
1027,14229,0.73766,0.55588,0.92048,0.96578,0.89362,0.96666,0.78562,0.76803,0.55756,0.91439,0.0015355,0.0015355,0.0015355
1028,14243.6,0.72377,0.55274,0.92135,0.96605,0.89362,0.96668,0.78555,0.76817,0.55753,0.91434,0.00152725,0.00152725,0.00152725
1029,14256.4,0.74043,0.55707,0.92497,0.96611,0.89362,0.96661,0.78547,0.76828,0.55729,0.91434,0.001519,0.001519,0.001519
1030,14269.1,0.72669,0.55497,0.9191,0.96621,0.89362,0.96658,0.78568,0.76835,0.55741,0.91427,0.00151075,0.00151075,0.00151075
1031,14283.7,0.73414,0.55638,0.91487,0.9665,0.89362,0.96658,0.78552,0.76836,0.55739,0.91416,0.0015025,0.0015025,0.0015025
1032,14296.6,0.73685,0.5622,0.92028,0.9664,0.89362,0.96651,0.78509,0.76816,0.55753,0.91395,0.00149425,0.00149425,0.00149425
1033,14309.4,0.73536,0.56275,0.9177,0.96628,0.89362,0.9665,0.78509,0.76791,0.55746,0.91382,0.001486,0.001486,0.001486
1034,14323.4,0.73229,0.57424,0.92663,0.96628,0.89362,0.96649,0.78462,0.76771,0.55759,0.91363,0.00147775,0.00147775,0.00147775
1035,14336.1,0.74342,0.55898,0.92371,0.96628,0.89362,0.96613,0.78459,0.76764,0.5575,0.91359,0.0014695,0.0014695,0.0014695
1036,14349.2,0.72329,0.55326,0.91986,0.96619,0.89362,0.96616,0.78441,0.76741,0.55751,0.91339,0.00146125,0.00146125,0.00146125
1037,14363.4,0.74169,0.56373,0.92713,0.96606,0.89362,0.96616,0.78401,0.76716,0.5575,0.91317,0.001453,0.001453,0.001453
1038,14376.2,0.74313,0.57032,0.92639,0.96606,0.89362,0.96618,0.78417,0.76704,0.55744,0.91319,0.00144475,0.00144475,0.00144475
1039,14390.9,0.72689,0.55828,0.9229,0.96617,0.89362,0.96622,0.78536,0.76689,0.55706,0.91299,0.0014365,0.0014365,0.0014365
1040,14403.8,0.75195,0.5604,0.92742,0.96619,0.89362,0.96625,0.78567,0.76676,0.55702,0.91279,0.00142825,0.00142825,0.00142825
1041,14416.6,0.75262,0.56929,0.91959,0.96617,0.89362,0.96622,0.78543,0.76662,0.55704,0.91276,0.00142,0.00142,0.00142
1042,14431,0.73251,0.56471,0.92146,0.96607,0.89362,0.96639,0.78571,0.76644,0.55672,0.91266,0.00141175,0.00141175,0.00141175
1043,14443.8,0.75044,0.57333,0.92261,0.96603,0.89362,0.96641,0.78579,0.76632,0.55663,0.91253,0.0014035,0.0014035,0.0014035
1044,14456.8,0.72715,0.557,0.91742,0.96652,0.89362,0.96638,0.78579,0.76612,0.55656,0.9123,0.00139525,0.00139525,0.00139525
1045,14471.1,0.70958,0.54125,0.91809,0.967,0.89362,0.9664,0.78582,0.76606,0.5561,0.91239,0.001387,0.001387,0.001387
1046,14483.9,0.72746,0.54487,0.91994,0.96749,0.89362,0.96641,0.7855,0.76601,0.55609,0.91236,0.00137875,0.00137875,0.00137875
1047,14496.7,0.72918,0.55925,0.91336,0.96761,0.89362,0.96644,0.78562,0.76609,0.55595,0.91238,0.0013705,0.0013705,0.0013705
1048,14511.1,0.7247,0.55152,0.91779,0.96754,0.89362,0.96652,0.7855,0.76593,0.55597,0.91232,0.00136225,0.00136225,0.00136225
1049,14523.9,0.72649,0.55185,0.91947,0.9679,0.89362,0.96656,0.78542,0.7658,0.55583,0.9123,0.001354,0.001354,0.001354
1050,14536.8,0.71915,0.54706,0.91576,0.96869,0.89362,0.9666,0.78524,0.76564,0.55555,0.91217,0.00134575,0.00134575,0.00134575
1051,14551.1,0.72155,0.54488,0.91874,0.9676,0.89362,0.96656,0.78503,0.7658,0.55492,0.91209,0.0013375,0.0013375,0.0013375
1052,14563.8,0.73035,0.54877,0.91881,0.96738,0.89362,0.96658,0.78519,0.76566,0.55479,0.91199,0.00132925,0.00132925,0.00132925
1053,14576.8,0.72699,0.54706,0.91235,0.96704,0.89362,0.96651,0.78505,0.76548,0.55457,0.91193,0.001321,0.001321,0.001321
1054,14591.2,0.71996,0.5529,0.91954,0.96928,0.89362,0.96675,0.78528,0.76524,0.55435,0.91176,0.00131275,0.00131275,0.00131275
1055,14604,0.74423,0.56696,0.92604,0.96926,0.89362,0.96678,0.78568,0.76512,0.55407,0.91166,0.0013045,0.0013045,0.0013045
1056,14618.4,0.72119,0.54811,0.92304,0.96926,0.89362,0.96684,0.78516,0.76488,0.55405,0.91156,0.00129625,0.00129625,0.00129625
1057,14631.4,0.70226,0.53276,0.91516,0.96935,0.89362,0.96683,0.78579,0.76457,0.55407,0.91148,0.001288,0.001288,0.001288
1058,14644.3,0.71916,0.55324,0.9211,0.96982,0.89362,0.96692,0.78585,0.76449,0.55394,0.9114,0.00127975,0.00127975,0.00127975
1059,14658.8,0.69746,0.52913,0.90377,0.97052,0.89362,0.96691,0.78534,0.76451,0.55386,0.9113,0.0012715,0.0012715,0.0012715
1060,14671.7,0.71895,0.54468,0.91249,0.97216,0.89147,0.96702,0.786,0.76462,0.55381,0.91132,0.00126325,0.00126325,0.00126325
1061,14684.4,0.71222,0.54218,0.91246,0.97218,0.8923,0.96704,0.78604,0.76444,0.5537,0.91119,0.001255,0.001255,0.001255
1062,14698.7,0.70466,0.52943,0.90888,0.97216,0.89156,0.96743,0.78716,0.76436,0.55367,0.91115,0.00124675,0.00124675,0.00124675
1063,14712,0.7192,0.54508,0.9185,0.96988,0.89059,0.96727,0.7873,0.76436,0.55368,0.9111,0.0012385,0.0012385,0.0012385
1064,14725.3,0.71717,0.54985,0.91012,0.96988,0.89062,0.96726,0.78724,0.76419,0.55382,0.91101,0.00123025,0.00123025,0.00123025
1065,14739.5,0.70898,0.54962,0.9168,0.96987,0.89035,0.9673,0.78727,0.76414,0.55367,0.9109,0.001222,0.001222,0.001222
1066,14752.7,0.72099,0.54592,0.91055,0.96989,0.89107,0.96729,0.78725,0.76381,0.55389,0.91077,0.00121375,0.00121375,0.00121375
1067,14766.6,0.69542,0.52467,0.90682,0.96942,0.89149,0.96733,0.78726,0.76364,0.55374,0.91066,0.0012055,0.0012055,0.0012055
1068,14780.1,0.72814,0.55389,0.91379,0.96942,0.89149,0.96732,0.78705,0.7631,0.55336,0.91048,0.00119725,0.00119725,0.00119725
1069,14793,0.71591,0.54276,0.91172,0.96944,0.89149,0.96735,0.78673,0.76313,0.55321,0.91038,0.001189,0.001189,0.001189
1070,14807.5,0.73282,0.55411,0.91823,0.97185,0.89362,0.9676,0.78659,0.763,0.55311,0.91032,0.00118075,0.00118075,0.00118075
1071,14820.3,0.71747,0.54407,0.91682,0.97181,0.89362,0.96764,0.78657,0.76289,0.55287,0.91016,0.0011725,0.0011725,0.0011725
1072,14833.2,0.73766,0.56698,0.92098,0.97211,0.89362,0.96768,0.78657,0.76256,0.55301,0.91013,0.00116425,0.00116425,0.00116425
1073,14847.9,0.70411,0.54388,0.91318,0.97222,0.89353,0.96772,0.78631,0.76261,0.55301,0.9101,0.001156,0.001156,0.001156
1074,14860.9,0.71176,0.53731,0.9132,0.97222,0.89344,0.96776,0.78629,0.76259,0.55288,0.91004,0.00114775,0.00114775,0.00114775
1075,14873.9,0.69941,0.54008,0.91168,0.97222,0.89361,0.96786,0.78613,0.76251,0.55271,0.91004,0.0011395,0.0011395,0.0011395
1076,14888.3,0.71308,0.54067,0.91835,0.97222,0.89338,0.96786,0.78643,0.76237,0.55252,0.90996,0.00113125,0.00113125,0.00113125
1077,14901.3,0.72117,0.54792,0.91074,0.97217,0.89362,0.96791,0.7865,0.76219,0.55246,0.90989,0.001123,0.001123,0.001123
1078,14914.8,0.71523,0.54277,0.91413,0.97219,0.89245,0.96789,0.78645,0.76214,0.55241,0.90987,0.00111475,0.00111475,0.00111475
1079,14928.6,0.70715,0.53839,0.91379,0.97204,0.89362,0.96791,0.78551,0.76195,0.55249,0.90981,0.0011065,0.0011065,0.0011065
1080,14941.4,0.71877,0.54864,0.91812,0.97219,0.89362,0.96792,0.78561,0.76186,0.55261,0.90971,0.00109825,0.00109825,0.00109825
1081,14955.7,0.71307,0.53987,0.91569,0.9722,0.89362,0.96791,0.7858,0.76177,0.55256,0.9096,0.00109,0.00109,0.00109
1082,14968.6,0.70843,0.54461,0.91782,0.97221,0.89307,0.96782,0.78583,0.76159,0.55234,0.90954,0.00108175,0.00108175,0.00108175
1083,14981.6,0.71167,0.54178,0.91131,0.9722,0.89291,0.96781,0.78539,0.7616,0.55233,0.90954,0.0010735,0.0010735,0.0010735
1084,14996.4,0.68484,0.52941,0.90585,0.97221,0.8931,0.96785,0.78558,0.76157,0.5523,0.90953,0.00106525,0.00106525,0.00106525
1085,15009.3,0.69136,0.5204,0.90637,0.97221,0.89329,0.96789,0.78542,0.76142,0.55219,0.9094,0.001057,0.001057,0.001057
1086,15022.1,0.68756,0.52617,0.91256,0.97218,0.89222,0.96782,0.78521,0.76145,0.55208,0.90929,0.00104875,0.00104875,0.00104875
1087,15036.7,0.71398,0.54368,0.91281,0.9722,0.89283,0.96784,0.78532,0.76165,0.55207,0.90929,0.0010405,0.0010405,0.0010405
1088,15049.5,0.69807,0.5288,0.91168,0.97217,0.89204,0.96784,0.78449,0.7616,0.5523,0.90913,0.00103225,0.00103225,0.00103225
1089,15062.9,0.70406,0.53373,0.91318,0.97218,0.89218,0.96778,0.78502,0.76158,0.55232,0.90904,0.001024,0.001024,0.001024
1090,15077,0.69947,0.52917,0.90515,0.97218,0.89208,0.96775,0.78476,0.76158,0.55208,0.90899,0.00101575,0.00101575,0.00101575
1091,15089.3,0.69682,0.52705,0.91817,0.97216,0.89166,0.96789,0.78521,0.7615,0.55199,0.9089,0.0010075,0.0010075,0.0010075
1092,15103.5,0.68911,0.5297,0.90467,0.97216,0.8917,0.96783,0.78512,0.76161,0.55201,0.90886,0.00099925,0.00099925,0.00099925
1093,15116.5,0.71434,0.54262,0.9138,0.97216,0.89162,0.96781,0.78455,0.76162,0.5519,0.90887,0.000991,0.000991,0.000991
1094,15129.4,0.70221,0.53421,0.91322,0.97217,0.89173,0.96777,0.78487,0.76148,0.55186,0.90877,0.00098275,0.00098275,0.00098275
1095,15143.7,0.70704,0.53014,0.90562,0.97215,0.89113,0.96778,0.78474,0.76159,0.5518,0.90877,0.0009745,0.0009745,0.0009745
1096,15156.4,0.70611,0.54336,0.91002,0.97213,0.89055,0.96781,0.78617,0.76153,0.55177,0.90873,0.00096625,0.00096625,0.00096625
1097,15169.3,0.71797,0.53738,0.91363,0.97376,0.88936,0.96779,0.78617,0.76144,0.55177,0.90873,0.000958,0.000958,0.000958
1098,15183.7,0.6923,0.52846,0.90596,0.97341,0.88936,0.96776,0.78625,0.76138,0.55155,0.90871,0.00094975,0.00094975,0.00094975
1099,15196.7,0.68507,0.52664,0.90583,0.97457,0.88936,0.96782,0.78668,0.76123,0.5517,0.9087,0.0009415,0.0009415,0.0009415
1100,15209.4,0.70299,0.52952,0.91017,0.97355,0.88936,0.96781,0.78643,0.76128,0.55126,0.90868,0.00093325,0.00093325,0.00093325
1101,15223.8,0.69017,0.51896,0.90715,0.97332,0.88936,0.96782,0.78688,0.76118,0.5511,0.90861,0.000925,0.000925,0.000925
1102,15236.7,0.69668,0.52618,0.91192,0.97354,0.88936,0.96783,0.78691,0.76105,0.55136,0.90854,0.00091675,0.00091675,0.00091675
1103,15249.7,0.69415,0.53423,0.91653,0.97438,0.88998,0.96785,0.78673,0.76121,0.55106,0.90858,0.0009085,0.0009085,0.0009085
1104,15264.2,0.6929,0.53135,0.90954,0.97438,0.89002,0.96785,0.78706,0.7609,0.55148,0.90852,0.00090025,0.00090025,0.00090025
1105,15277.2,0.69581,0.54499,0.90701,0.97438,0.89,0.96784,0.78703,0.76088,0.5511,0.90847,0.000892,0.000892,0.000892
1106,15291.1,0.6819,0.52447,0.90654,0.97438,0.89008,0.96784,0.78776,0.76079,0.55111,0.90842,0.00088375,0.00088375,0.00088375
1107,15304.4,0.71225,0.54831,0.91786,0.97438,0.88994,0.96784,0.78706,0.76076,0.5509,0.90832,0.0008755,0.0008755,0.0008755
1108,15317.3,0.68896,0.53056,0.90707,0.97438,0.88997,0.96785,0.78736,0.7607,0.55034,0.90826,0.00086725,0.00086725,0.00086725
1109,15331.9,0.69632,0.53184,0.90846,0.97438,0.89023,0.96788,0.78724,0.76066,0.55024,0.90821,0.000859,0.000859,0.000859
1110,15344.8,0.69875,0.52879,0.91219,0.97438,0.89007,0.96788,0.7874,0.76064,0.5503,0.90816,0.00085075,0.00085075,0.00085075
1111,15356.9,0.68686,0.51849,0.90229,0.97438,0.89004,0.96793,0.788,0.76048,0.55025,0.90811,0.0008425,0.0008425,0.0008425
1112,15371.2,0.70478,0.53503,0.90974,0.97356,0.88936,0.96791,0.78763,0.76043,0.55011,0.90804,0.00083425,0.00083425,0.00083425
1113,15383.8,0.68234,0.51803,0.90921,0.97108,0.88723,0.96777,0.78815,0.76031,0.55,0.90793,0.000826,0.000826,0.000826
1114,15397.2,0.68826,0.52219,0.90727,0.97348,0.88936,0.968,0.78705,0.76021,0.55017,0.90772,0.00081775,0.00081775,0.00081775
1115,15411.8,0.67834,0.51527,0.9033,0.97353,0.88936,0.96794,0.78713,0.76014,0.55026,0.90767,0.0008095,0.0008095,0.0008095
1116,15424.9,0.68447,0.52529,0.90408,0.97151,0.88723,0.96779,0.78695,0.76001,0.55011,0.90758,0.00080125,0.00080125,0.00080125
1117,15438.3,0.69553,0.53578,0.90989,0.9709,0.88723,0.96774,0.78735,0.75988,0.55018,0.90755,0.000793,0.000793,0.000793
1118,15452.5,0.68639,0.52105,0.90705,0.97088,0.88723,0.96772,0.78685,0.75975,0.55028,0.90751,0.00078475,0.00078475,0.00078475
1119,15465.3,0.68743,0.52025,0.91435,0.9709,0.88723,0.9677,0.78713,0.75954,0.5504,0.9075,0.0007765,0.0007765,0.0007765
1120,15479.2,0.69011,0.5241,0.90599,0.97057,0.88723,0.96778,0.78699,0.7595,0.5501,0.90738,0.00076825,0.00076825,0.00076825
1121,15492.6,0.68683,0.52139,0.90772,0.97059,0.88723,0.96766,0.7872,0.75939,0.55018,0.9073,0.00076,0.00076,0.00076
1122,15505.5,0.68662,0.5233,0.90476,0.97039,0.88723,0.96772,0.78729,0.75943,0.55002,0.90736,0.00075175,0.00075175,0.00075175
1123,15519.8,0.70127,0.53353,0.91517,0.97021,0.88723,0.9677,0.78751,0.75928,0.55005,0.90727,0.0007435,0.0007435,0.0007435
1124,15532.7,0.67231,0.5085,0.90636,0.97086,0.88723,0.9677,0.78745,0.75922,0.54984,0.90718,0.00073525,0.00073525,0.00073525
1125,15545.5,0.67859,0.52133,0.90441,0.97114,0.88723,0.96773,0.78735,0.75906,0.54983,0.90714,0.000727,0.000727,0.000727
1126,15559.6,0.672,0.51698,0.90155,0.97121,0.88723,0.96766,0.78802,0.75919,0.5496,0.90712,0.00071875,0.00071875,0.00071875
1127,15572.2,0.68974,0.53395,0.90777,0.97133,0.88723,0.96773,0.78774,0.75898,0.54969,0.90707,0.0007105,0.0007105,0.0007105
1128,15585.1,0.68435,0.5165,0.90907,0.9713,0.88723,0.96774,0.78813,0.75887,0.54966,0.90703,0.00070225,0.00070225,0.00070225
1129,15600,0.67615,0.51847,0.90137,0.97132,0.88723,0.96773,0.78806,0.7587,0.54973,0.90698,0.000694,0.000694,0.000694
1130,15613.1,0.68585,0.5267,0.90811,0.97152,0.88723,0.96774,0.78811,0.75866,0.54976,0.90696,0.00068575,0.00068575,0.00068575
1131,15625.9,0.6838,0.52352,0.90395,0.97146,0.88723,0.96771,0.78783,0.75851,0.54958,0.90691,0.0006775,0.0006775,0.0006775
1132,15640.4,0.68824,0.52996,0.91292,0.97149,0.88723,0.96764,0.78763,0.75837,0.54942,0.90691,0.00066925,0.00066925,0.00066925
1133,15653.2,0.70046,0.53573,0.91409,0.97138,0.88723,0.9677,0.78775,0.75826,0.5495,0.90682,0.000661,0.000661,0.000661
1134,15667.2,0.6837,0.52016,0.90761,0.97134,0.88723,0.96766,0.78765,0.7583,0.54931,0.90679,0.00065275,0.00065275,0.00065275
1135,15680.7,0.66575,0.51366,0.9058,0.97152,0.88723,0.96768,0.78815,0.75831,0.54916,0.90681,0.0006445,0.0006445,0.0006445
1136,15693.6,0.69577,0.52589,0.90669,0.97141,0.88723,0.96766,0.78799,0.75835,0.54895,0.90682,0.00063625,0.00063625,0.00063625
1137,15708,0.67975,0.51667,0.905,0.97131,0.88723,0.9677,0.7878,0.75836,0.54874,0.90677,0.000628,0.000628,0.000628
1138,15720.9,0.68775,0.53204,0.90818,0.97122,0.88723,0.96768,0.78749,0.75827,0.54871,0.90678,0.00061975,0.00061975,0.00061975
1139,15733.9,0.67835,0.52069,0.90383,0.97118,0.88723,0.96768,0.78756,0.75827,0.54862,0.90679,0.0006115,0.0006115,0.0006115
1140,15748.2,0.69086,0.52202,0.90693,0.97134,0.88723,0.96775,0.78764,0.75816,0.54843,0.90676,0.00060325,0.00060325,0.00060325
1141,15761.2,0.68417,0.51969,0.90488,0.97106,0.88723,0.96773,0.7882,0.75805,0.54826,0.9067,0.000595,0.000595,0.000595
1142,15774.7,0.67827,0.51869,0.90332,0.97102,0.88723,0.96776,0.78812,0.75811,0.54818,0.90671,0.00058675,0.00058675,0.00058675
1143,15788.8,0.66622,0.51453,0.90194,0.97202,0.88695,0.96779,0.78818,0.75799,0.54804,0.9067,0.0005785,0.0005785,0.0005785
1144,15801.7,0.67858,0.51374,0.90316,0.97202,0.88698,0.96777,0.78798,0.75786,0.54798,0.90667,0.00057025,0.00057025,0.00057025
1145,15814.6,0.66071,0.50112,0.90093,0.97203,0.88714,0.96772,0.78822,0.75788,0.54783,0.90664,0.000562,0.000562,0.000562
1146,15829.6,0.66117,0.50698,0.89917,0.97203,0.88723,0.9678,0.78835,0.7578,0.54781,0.90663,0.00055375,0.00055375,0.00055375
1147,15843.2,0.6627,0.50566,0.90707,0.97199,0.88723,0.9678,0.78873,0.7577,0.54769,0.90654,0.0005455,0.0005455,0.0005455
1148,15858.3,0.68407,0.51698,0.90361,0.97188,0.88723,0.96775,0.7891,0.75753,0.54762,0.90657,0.00053725,0.00053725,0.00053725
1149,15871.6,0.6569,0.50499,0.89437,0.97182,0.88723,0.96779,0.78876,0.75758,0.54769,0.90658,0.000529,0.000529,0.000529
1150,15884.5,0.67494,0.52129,0.90469,0.97138,0.88723,0.96775,0.78929,0.75765,0.5475,0.90658,0.00052075,0.00052075,0.00052075
1151,15899.6,0.66701,0.50983,0.90183,0.97139,0.88723,0.96774,0.78927,0.75765,0.54745,0.90652,0.0005125,0.0005125,0.0005125
1152,15912.6,0.65375,0.49435,0.89611,0.97128,0.88723,0.96773,0.78955,0.75749,0.54735,0.90648,0.00050425,0.00050425,0.00050425
1153,15926,0.66131,0.50546,0.90004,0.9704,0.88723,0.96769,0.78984,0.75739,0.5473,0.9064,0.000496,0.000496,0.000496
1154,15941.2,0.6827,0.51225,0.904,0.97009,0.88723,0.96773,0.78936,0.75744,0.54712,0.90641,0.00048775,0.00048775,0.00048775
1155,15954.1,0.66334,0.50868,0.90089,0.97006,0.88723,0.96777,0.78944,0.75729,0.54707,0.90637,0.0004795,0.0004795,0.0004795
1156,15968.4,0.67708,0.52058,0.90342,0.97009,0.88723,0.96773,0.78946,0.75715,0.54703,0.90636,0.00047125,0.00047125,0.00047125
1157,15981.4,0.68204,0.52687,0.90503,0.96983,0.88723,0.96775,0.78972,0.757,0.54705,0.90624,0.000463,0.000463,0.000463
1158,15994.3,0.67036,0.50915,0.90675,0.96961,0.88723,0.96778,0.79044,0.75712,0.54698,0.90625,0.00045475,0.00045475,0.00045475
1159,16009.4,0.66483,0.51145,0.90703,0.96959,0.88723,0.96775,0.79039,0.75704,0.54686,0.90616,0.0004465,0.0004465,0.0004465
1160,16022.3,0.66617,0.50751,0.89863,0.96949,0.88723,0.9678,0.79045,0.75707,0.54696,0.90617,0.00043825,0.00043825,0.00043825
1161,16035.7,0.67515,0.51905,0.90627,0.96973,0.88723,0.96779,0.79051,0.75688,0.54695,0.90613,0.00043,0.00043,0.00043
1162,16050.7,0.65683,0.50879,0.89979,0.96967,0.88723,0.96781,0.79053,0.75677,0.54685,0.90605,0.00042175,0.00042175,0.00042175
1163,16064.1,0.66141,0.51147,0.9029,0.96924,0.88723,0.96784,0.79096,0.75665,0.54665,0.90603,0.0004135,0.0004135,0.0004135
1164,16079,0.66187,0.50919,0.9042,0.96917,0.88723,0.96787,0.79096,0.75665,0.54662,0.90595,0.00040525,0.00040525,0.00040525
1165,16092.2,0.66542,0.51288,0.90136,0.96897,0.88723,0.9679,0.79078,0.75658,0.54661,0.90599,0.000397,0.000397,0.000397
1166,16105,0.66613,0.50447,0.8995,0.96893,0.88723,0.96791,0.79078,0.75637,0.54655,0.90593,0.00038875,0.00038875,0.00038875
1167,16119.4,0.66766,0.51317,0.90404,0.96884,0.88723,0.9679,0.79066,0.75636,0.54635,0.90594,0.0003805,0.0003805,0.0003805
1168,16132.3,0.64291,0.49495,0.89195,0.96813,0.88723,0.9679,0.79073,0.75627,0.54634,0.90583,0.00037225,0.00037225,0.00037225
1169,16145.3,0.6714,0.51764,0.90266,0.96798,0.88723,0.96793,0.79095,0.75613,0.54636,0.90575,0.000364,0.000364,0.000364
1170,16160.1,0.65423,0.50298,0.89495,0.96777,0.88723,0.96794,0.79092,0.75619,0.5462,0.90574,0.00035575,0.00035575,0.00035575
1171,16172.9,0.65826,0.50714,0.90019,0.96752,0.88736,0.968,0.79093,0.75615,0.54626,0.9057,0.0003475,0.0003475,0.0003475
1172,16186.6,0.66819,0.5054,0.90084,0.96752,0.88744,0.96796,0.79094,0.7563,0.54596,0.90569,0.00033925,0.00033925,0.00033925
1173,16200.3,0.65802,0.49581,0.90455,0.96757,0.88874,0.96801,0.79091,0.75622,0.54591,0.90568,0.000331,0.000331,0.000331
1174,16213.2,0.65934,0.50744,0.89596,0.96758,0.88905,0.96801,0.79099,0.75604,0.54585,0.90566,0.00032275,0.00032275,0.00032275
1175,16228.2,0.68233,0.52888,0.90798,0.96757,0.88884,0.96797,0.79104,0.75602,0.54564,0.90558,0.0003145,0.0003145,0.0003145
1176,16241.6,0.66924,0.51095,0.89733,0.96757,0.88884,0.96805,0.79091,0.75588,0.5455,0.90555,0.00030625,0.00030625,0.00030625
1177,16254.5,0.65183,0.49562,0.897,0.96758,0.88891,0.96807,0.79088,0.75615,0.54516,0.90555,0.000298,0.000298,0.000298
1178,16268.5,0.65478,0.50582,0.89954,0.96757,0.88885,0.96806,0.79131,0.75591,0.54535,0.90551,0.00028975,0.00028975,0.00028975
1179,16282,0.64936,0.50125,0.9004,0.96758,0.88898,0.96813,0.79171,0.75609,0.54512,0.90547,0.0002815,0.0002815,0.0002815
1180,16295.9,0.64727,0.50588,0.90191,0.96758,0.88896,0.96813,0.79192,0.75585,0.54527,0.90546,0.00027325,0.00027325,0.00027325
1181,16310.7,0.66678,0.5119,0.8987,0.96758,0.88891,0.96807,0.792,0.75599,0.54499,0.90545,0.000265,0.000265,0.000265
1182,16324,0.66479,0.50893,0.90531,0.96756,0.88856,0.96822,0.79228,0.7558,0.54495,0.90541,0.00025675,0.00025675,0.00025675
1183,16338.8,0.67533,0.51512,0.9044,0.94342,0.91064,0.96821,0.79196,0.75585,0.5448,0.90539,0.0002485,0.0002485,0.0002485
1184,16351.7,0.64708,0.49512,0.89859,0.94381,0.91064,0.9682,0.79212,0.75586,0.54482,0.90542,0.00024025,0.00024025,0.00024025
1185,16364.5,0.65397,0.50831,0.90015,0.94343,0.91064,0.96823,0.79203,0.75576,0.5446,0.90537,0.000232,0.000232,0.000232
1186,16378.8,0.65635,0.50333,0.90064,0.94348,0.91064,0.96819,0.79246,0.75565,0.54459,0.90534,0.00022375,0.00022375,0.00022375
1187,16392,0.65856,0.50734,0.9027,0.94339,0.91064,0.96824,0.79252,0.75579,0.5444,0.90538,0.0002155,0.0002155,0.0002155
1188,16405.2,0.68056,0.51197,0.9023,0.94358,0.91064,0.96822,0.79267,0.75575,0.54437,0.90531,0.00020725,0.00020725,0.00020725
1189,16420.4,0.65003,0.49796,0.89734,0.94357,0.91064,0.96829,0.79295,0.75569,0.54429,0.90529,0.000199,0.000199,0.000199
1190,16433.6,0.64282,0.4993,0.89637,0.94394,0.91064,0.96831,0.79295,0.75552,0.54417,0.90523,0.00019075,0.00019075,0.00019075
1191,16449.6,0.69876,0.48363,0.88481,0.94298,0.91064,0.96835,0.79229,0.75565,0.54405,0.90522,0.0001825,0.0001825,0.0001825
1192,16462.4,0.6589,0.45898,0.86953,0.94183,0.91489,0.96836,0.79233,0.75539,0.5439,0.90516,0.00017425,0.00017425,0.00017425
1193,16475.2,0.65488,0.44996,0.86507,0.94226,0.91489,0.96843,0.79272,0.75528,0.54366,0.90505,0.000166,0.000166,0.000166
1194,16489.4,0.65377,0.45268,0.86154,0.94302,0.91546,0.96841,0.79315,0.75535,0.54327,0.90505,0.00015775,0.00015775,0.00015775
1195,16502.6,0.63157,0.43318,0.84841,0.94306,0.91623,0.96851,0.79294,0.75525,0.5431,0.90492,0.0001495,0.0001495,0.0001495
1196,16515.3,0.62559,0.44215,0.85526,0.94257,0.91702,0.96858,0.79325,0.75514,0.54305,0.90487,0.00014125,0.00014125,0.00014125
1197,16530,0.63327,0.43382,0.85411,0.94219,0.91702,0.96859,0.79328,0.75504,0.5429,0.90479,0.000133,0.000133,0.000133
1198,16543.3,0.62543,0.44408,0.85703,0.94209,0.91702,0.96867,0.79333,0.75484,0.54261,0.90471,0.00012475,0.00012475,0.00012475
1199,16556.6,0.59971,0.42612,0.84546,0.94253,0.91702,0.96871,0.79245,0.75487,0.54243,0.90461,0.0001165,0.0001165,0.0001165
1200,16570.7,0.60152,0.4212,0.84987,0.9424,0.91702,0.9687,0.79246,0.75468,0.54254,0.90453,0.00010825,0.00010825,0.00010825
