epoch,time,train/box_loss,train/cls_loss,train/dfl_loss,metrics/precision(B),metrics/recall(B),metrics/mAP50(B),metrics/mAP50-95(B),val/box_loss,val/cls_loss,val/dfl_loss,lr/pg0,lr/pg1,lr/pg2
1,12.188,5.98942,9.39758,4.2178,1e-05,0.00213,1e-05,0,6.47617,11.5108,4.16709,0.00327778,0.00327778,0.00327778
2,23.0362,5.95049,6.87998,4.13306,1e-05,0.00213,1e-05,0,6.43637,7.04372,4.09956,0.00660566,0.00660566,0.00660566
3,33.4735,5.40757,4.95708,3.55874,1e-05,0.00213,1e-05,0,5.23121,5.22544,4.33642,0.00992804,0.00992804,0.00992804
4,43.5956,4.51566,4.45979,2.94795,1e-05,0.00213,1e-05,0,6.20552,5.39011,3.82946,0.00997525,0.00997525,0.00997525
5,53.8843,4.14032,4.37278,2.67453,1e-05,0.00213,1e-05,0,4.96264,5.00594,2.89428,0.009967,0.009967,0.009967
6,64.1869,4.01758,4.39461,2.49086,0.00071,0.00213,0.00036,0.00014,4.32621,4.99069,2.39175,0.00995875,0.00995875,0.00995875
7,74.0297,3.98698,4.47505,2.53626,0.00071,0.00213,0.00036,0.00014,4.60599,5.34157,2.72452,0.0099505,0.0099505,0.0099505
8,84.1663,3.94475,4.5333,2.46753,0.00071,0.00213,0.00036,0.00014,5.06257,8.04976,3.07287,0.00994225,0.00994225,0.00994225
9,94.5394,3.93244,4.50158,2.47465,0.00023,0.00213,0.00012,4e-05,4.24022,4.75375,2.29278,0.009934,0.009934,0.009934
10,104.676,3.901,4.51561,2.49138,0.00073,0.08723,0.00041,9e-05,4.13621,4.80538,2.19146,0.00992575,0.00992575,0.00992575
11,114.8,3.84411,4.53104,2.51619,0.00168,0.04894,0.00092,0.00016,3.99445,4.76531,2.15088,0.0099175,0.0099175,0.0099175
12,125.235,3.78287,4.49947,2.4917,0.0011,0.07021,0.00069,0.00019,3.98032,5.04376,2.36191,0.00990925,0.00990925,0.00990925
13,135.376,3.75889,4.51002,2.55893,0.0011,0.07021,0.00069,0.00019,4.22474,5.17905,2.37469,0.009901,0.009901,0.009901
14,145.838,3.67724,4.42938,2.57383,0.00128,0.10426,0.00078,0.00017,3.73235,4.71344,2.28864,0.00989275,0.00989275,0.00989275
15,156.179,3.67307,4.41346,2.52884,0.00256,0.13404,0.00205,0.00051,3.78456,4.59341,2.326,0.0098845,0.0098845,0.0098845
16,166.635,3.61212,4.36241,2.51823,0.00209,0.2,0.00197,0.00041,3.71406,4.43173,2.2297,0.00987625,0.00987625,0.00987625
17,176.763,3.62959,4.3285,2.53603,0.0018,0.15957,0.00145,0.00038,3.69562,4.41183,2.225,0.009868,0.009868,0.009868
18,186.301,3.58209,4.29481,2.53183,0.00341,0.00213,0.00173,0.00052,4.89851,5.65696,3.24978,0.00985975,0.00985975,0.00985975
19,195.988,3.57319,4.32239,2.48538,0.00153,0.22128,0.00118,0.00029,3.691,4.4546,2.13778,0.0098515,0.0098515,0.0098515
20,206.055,3.51552,4.30805,2.52151,0.00106,0.09574,0.00064,0.00015,3.66639,4.56986,2.20311,0.00984325,0.00984325,0.00984325
21,215.823,3.53159,4.33687,2.48798,0.00208,0.21064,0.00141,0.00033,3.66417,4.46326,2.26674,0.009835,0.009835,0.009835
22,225.896,3.48184,4.35484,2.46008,0.0018,0.18936,0.00118,0.00027,3.84086,4.73169,2.34999,0.00982675,0.00982675,0.00982675
23,235.992,3.46671,4.31727,2.46753,0.00174,0.25532,0.00142,0.00036,3.53315,4.47489,2.13114,0.0098185,0.0098185,0.0098185
24,245.923,3.49189,4.34783,2.47749,0.00159,0.2383,0.00151,0.00033,3.51506,4.45694,2.12437,0.00981025,0.00981025,0.00981025
25,256.124,3.45075,4.32931,2.43355,0.00183,0.27021,0.00156,0.00039,3.52352,4.37795,2.12448,0.009802,0.009802,0.009802
26,266.238,3.4782,4.29256,2.48147,0.00164,0.24681,0.0013,0.00029,3.56693,4.51112,2.19553,0.00979375,0.00979375,0.00979375
27,276.381,3.42577,4.31281,2.46092,0.00171,0.25319,0.00167,0.00037,3.60881,4.39786,2.18506,0.0097855,0.0097855,0.0097855
28,286.629,3.45276,4.33569,2.4324,0.0018,0.27447,0.00163,0.00039,3.54716,4.48186,2.16984,0.00977725,0.00977725,0.00977725
29,296.781,3.4669,4.35235,2.46314,0.00174,0.25319,0.00139,0.00035,3.53213,4.40394,2.17744,0.009769,0.009769,0.009769
30,306.975,3.41318,4.29428,2.42797,0.00158,0.24043,0.00138,0.00037,3.4712,4.43777,2.1306,0.00976075,0.00976075,0.00976075
31,317.303,3.44371,4.28903,2.43096,0.00183,0.27872,0.00151,0.00039,3.4898,4.5143,2.16708,0.0097525,0.0097525,0.0097525
32,327.923,3.3996,4.27079,2.42679,0.00166,0.24894,0.00181,0.00042,3.54804,4.42818,2.14807,0.00974425,0.00974425,0.00974425
33,338.212,3.4097,4.24656,2.40406,0.00195,0.24255,0.0018,0.00038,3.6365,4.42399,2.23147,0.009736,0.009736,0.009736
34,348.573,3.36717,4.29223,2.41211,0.00208,0.2383,0.00162,0.00038,3.62073,4.43315,2.25352,0.00972775,0.00972775,0.00972775
35,358.971,3.34905,4.25394,2.38406,0.00056,0.05319,0.0003,7e-05,4.15697,5.5909,2.67218,0.0097195,0.0097195,0.0097195
36,369.28,3.34509,4.2744,2.39774,0.00189,0.28085,0.00168,0.00043,3.43922,4.39639,2.19719,0.00971125,0.00971125,0.00971125
37,379.626,3.35424,4.26807,2.40361,0.00169,0.25745,0.00156,0.00036,3.45831,4.40554,2.26941,0.009703,0.009703,0.009703
38,389.923,3.3219,4.21511,2.39289,0.00181,0.2766,0.00161,0.0004,3.37903,4.36287,2.19434,0.00969475,0.00969475,0.00969475
39,400.168,3.3429,4.2274,2.41409,0.00194,0.29574,0.00208,0.00052,3.36579,4.35015,2.20406,0.0096865,0.0096865,0.0096865
40,410.733,3.34574,4.24004,2.40729,0.00206,0.25532,0.00141,0.00033,3.44877,4.36137,2.24119,0.00967825,0.00967825,0.00967825
41,421.102,3.33483,4.26678,2.40182,0.00193,0.29149,0.00174,0.00041,3.41371,4.31317,2.24284,0.00967,0.00967,0.00967
42,431.401,3.34023,4.25714,2.3696,0.00205,0.27234,0.00158,0.00038,3.39744,4.38992,2.22048,0.00966175,0.00966175,0.00966175
43,441.701,3.29504,4.2065,2.39679,0.0019,0.28936,0.00338,0.00061,3.38484,4.31854,2.22426,0.0096535,0.0096535,0.0096535
44,452.408,3.30683,4.2061,2.37524,0.00198,0.28936,0.00197,0.00047,3.40933,4.3553,2.23005,0.00964525,0.00964525,0.00964525
45,462.656,3.30734,4.20554,2.37474,0.00199,0.30213,0.00185,0.00046,3.35944,4.30909,2.20846,0.009637,0.009637,0.009637
46,472.902,3.28666,4.21759,2.38602,0.00197,0.29787,0.007,0.00097,3.31749,4.28407,2.20277,0.00962875,0.00962875,0.00962875
47,483.522,3.25804,4.21702,2.35349,0.00173,0.26383,0.00164,0.00036,3.34714,4.37953,2.22206,0.0096205,0.0096205,0.0096205
48,493.778,3.28549,4.21505,2.34906,0.00193,0.29149,0.0018,0.00046,3.3678,4.28692,2.20544,0.00961225,0.00961225,0.00961225
49,504.147,3.30354,4.17678,2.3802,0.00195,0.29574,0.00193,0.00047,3.37416,4.25502,2.25149,0.009604,0.009604,0.009604
50,514.493,3.28461,4.15762,2.34977,0.00203,0.3,0.00263,0.00062,3.42877,4.21023,2.26867,0.00959575,0.00959575,0.00959575
51,524.907,3.27134,4.1306,2.36281,0.00244,0.32766,0.00346,0.00084,3.35739,4.20455,2.24046,0.0095875,0.0095875,0.0095875
52,535.166,3.2812,4.15581,2.33272,0.00213,0.32553,0.00337,0.00077,3.35573,4.17049,2.24462,0.00957925,0.00957925,0.00957925
53,545.405,3.28439,4.18405,2.36849,0.00213,0.32128,0.00319,0.00062,3.34625,4.2712,2.229,0.009571,0.009571,0.009571
54,555.632,3.28873,4.15337,2.36187,0.00216,0.32979,0.00331,0.00065,3.3395,4.18812,2.21935,0.00956275,0.00956275,0.00956275
55,565.813,3.25257,4.14263,2.34364,0.00225,0.34043,0.00418,0.00083,3.3256,4.17865,2.23358,0.0095545,0.0095545,0.0095545
56,576.071,3.23952,4.08676,2.31554,0.00216,0.28723,0.00237,0.00056,3.44625,4.24414,2.30715,0.00954625,0.00954625,0.00954625
57,586.317,3.21764,4.11409,2.34916,0.0019,0.28936,0.00283,0.00051,3.31452,4.3633,2.23134,0.009538,0.009538,0.009538
58,596.644,3.24942,4.13873,2.33991,0.0021,0.31489,0.00402,0.00103,3.32195,4.13577,2.19439,0.00952975,0.00952975,0.00952975
59,606.908,3.23506,4.08248,2.33364,0.00226,0.34468,0.00454,0.00094,3.31337,4.19317,2.22143,0.0095215,0.0095215,0.0095215
60,617.146,3.23582,4.09544,2.35021,0.00247,0.37021,0.00457,0.00093,3.37013,4.08214,2.23937,0.00951325,0.00951325,0.00951325
61,627.439,3.24286,4.05226,2.35304,0.00221,0.33617,0.00456,0.00095,3.332,4.10919,2.22629,0.009505,0.009505,0.009505
62,637.769,3.22898,4.07834,2.34448,0.00226,0.34255,0.00325,0.00075,3.40389,4.12604,2.22412,0.00949675,0.00949675,0.00949675
63,648.036,3.21078,4.09449,2.34382,0.00256,0.38936,0.00544,0.00113,3.32024,4.12017,2.22721,0.0094885,0.0094885,0.0094885
64,658.413,3.17234,4.05064,2.34437,0.00249,0.3766,0.00582,0.00113,3.32466,4.05837,2.23988,0.00948025,0.00948025,0.00948025
65,668.99,3.22445,4.07298,2.34595,0.00251,0.38085,0.00442,0.00102,3.34521,4.07045,2.24899,0.009472,0.009472,0.009472
66,679.304,3.20244,4.02211,2.34236,0.00257,0.39149,0.00459,0.00096,3.30668,4.09426,2.25076,0.00946375,0.00946375,0.00946375
67,689.603,3.19636,4.04089,2.34137,0.00248,0.3766,0.00404,0.00077,3.38233,4.21553,2.30444,0.0094555,0.0094555,0.0094555
68,699.912,3.17547,4.04071,2.31194,0.00253,0.38511,0.00498,0.001,3.30303,4.26205,2.21864,0.00944725,0.00944725,0.00944725
69,710.186,3.2035,4.09186,2.33263,0.00252,0.38298,0.0051,0.00116,3.24539,4.07603,2.21134,0.009439,0.009439,0.009439
70,720.465,3.1768,4.0185,2.33011,0.00257,0.38936,0.00526,0.00114,3.26215,4.01449,2.21626,0.00943075,0.00943075,0.00943075
71,730.696,3.1614,4.02633,2.31279,0.00264,0.4,0.00601,0.00123,3.2676,4.03414,2.23079,0.0094225,0.0094225,0.0094225
72,741.285,3.13897,3.98582,2.34332,0.00282,0.42553,0.00816,0.00164,3.22602,4.03587,2.22267,0.00941425,0.00941425,0.00941425
73,751.873,3.14402,3.98522,2.33704,0.00274,0.41702,0.0102,0.00196,3.21763,4.04863,2.20233,0.009406,0.009406,0.009406
74,762.475,3.12319,3.96836,2.30422,0.00258,0.38511,0.00689,0.00146,3.20054,4.04401,2.18823,0.00939775,0.00939775,0.00939775
75,772.883,3.17457,3.98017,2.32409,0.00281,0.4234,0.00913,0.00178,3.16695,4.03485,2.1762,0.0093895,0.0093895,0.0093895
76,783.576,3.14927,3.98906,2.32287,0.02884,0.02979,0.00889,0.00181,3.20126,4.00984,2.21664,0.00938125,0.00938125,0.00938125
77,793.918,3.12969,3.97284,2.32441,0.03585,0.04468,0.00785,0.00158,3.17638,4.10026,2.20866,0.009373,0.009373,0.009373
78,804.424,3.1131,3.95676,2.31246,0.06192,0.0383,0.01218,0.00234,3.23982,3.98436,2.21712,0.00936475,0.00936475,0.00936475
79,815.228,3.12963,3.95273,2.32518,0.05518,0.02766,0.01073,0.00219,3.18977,3.9846,2.21027,0.0093565,0.0093565,0.0093565
80,825.765,3.10345,3.94555,2.33174,0.05457,0.00872,0.00856,0.00203,3.14512,4.01044,2.18762,0.00934825,0.00934825,0.00934825
81,836.147,3.13102,3.9375,2.33098,0.08351,0.00851,0.01128,0.0024,3.15328,4.05487,2.19569,0.00934,0.00934,0.00934
82,846.709,3.06821,3.9305,2.29395,0.23156,0.00638,0.01153,0.0028,3.17633,4.11351,2.20303,0.00933175,0.00933175,0.00933175
83,857.722,3.08171,3.93043,2.32295,0.20404,0.01277,0.01616,0.00435,3.17523,3.98916,2.21341,0.0093235,0.0093235,0.0093235
84,868.819,3.10105,3.92673,2.31371,0.04802,0.0383,0.01187,0.00311,3.1608,4.21829,2.21003,0.00931525,0.00931525,0.00931525
85,879.493,3.07322,3.8946,2.31063,0.07267,0.00851,0.0078,0.00167,3.15796,4.13149,2.21152,0.009307,0.009307,0.009307
86,890.073,3.06728,3.91519,2.28791,0.10474,0.01702,0.01287,0.00262,3.10224,3.99987,2.19284,0.00929875,0.00929875,0.00929875
87,900.548,3.06866,3.89385,2.30982,0.09949,0.01702,0.0117,0.00244,3.10038,3.96941,2.21827,0.0092905,0.0092905,0.0092905
88,911.094,3.07199,3.91466,2.31318,0.08529,0.01702,0.01239,0.00248,3.11597,3.96313,2.19282,0.00928225,0.00928225,0.00928225
89,921.693,3.05782,3.87407,2.28692,0.0029,0.43191,0.00821,0.00183,3.09463,3.98094,2.18901,0.009274,0.009274,0.009274
90,932.244,3.0631,3.87478,2.29549,0.05044,0.02128,0.01381,0.0035,3.10521,4.14182,2.17901,0.00926575,0.00926575,0.00926575
91,942.837,3.03489,3.89811,2.3132,0.10776,0.01915,0.01482,0.00319,3.08685,4.04098,2.22983,0.0092575,0.0092575,0.0092575
92,953.485,3.04178,3.84315,2.27641,0.07521,0.02553,0.01562,0.00365,3.03821,3.94971,2.18705,0.00924925,0.00924925,0.00924925
93,964.034,3.04645,3.84668,2.31576,0.07964,0.0234,0.01475,0.00353,3.08244,3.9747,2.1982,0.009241,0.009241,0.009241
94,974.479,3.04186,3.84929,2.30633,0.11508,0.01277,0.01473,0.00311,3.09142,3.94489,2.17656,0.00923275,0.00923275,0.00923275
95,985.092,3.03178,3.8256,2.31014,0.05276,0.03191,0.01256,0.0027,3.13979,3.97612,2.22723,0.0092245,0.0092245,0.0092245
96,995.541,3.00321,3.82566,2.28945,0.12228,0.02128,0.01809,0.00321,3.02495,3.92112,2.16579,0.00921625,0.00921625,0.00921625
97,1005.98,2.99443,3.83065,2.24299,0.08459,0.02766,0.01858,0.00404,3.10619,3.92613,2.19659,0.009208,0.009208,0.009208
98,1016.4,2.99112,3.80347,2.27896,0.06433,0.01702,0.01596,0.00397,3.04067,3.95292,2.18497,0.00919975,0.00919975,0.00919975
99,1027.05,2.97119,3.83735,2.25798,0.09032,0.01702,0.01942,0.00468,3.06291,3.94186,2.16722,0.0091915,0.0091915,0.0091915
100,1037.98,2.98524,3.82875,2.25912,0.09515,0.04255,0.02118,0.00508,3.0048,3.97049,2.13529,0.00918325,0.00918325,0.00918325
101,1048.94,2.98783,3.77839,2.26445,0.09523,0.03404,0.01692,0.00386,3.07023,3.95262,2.17648,0.009175,0.009175,0.009175
102,1059.45,2.99168,3.80895,2.27451,0.06732,0.0383,0.02136,0.00574,3.00932,3.89098,2.12514,0.00916675,0.00916675,0.00916675
103,1070.25,2.99048,3.77807,2.24437,0.0758,0.02766,0.01934,0.00469,3.01161,3.86873,2.13773,0.0091585,0.0091585,0.0091585
104,1080.74,2.9689,3.74972,2.25887,0.15656,0.02128,0.01909,0.00433,2.99063,3.91096,2.15194,0.00915025,0.00915025,0.00915025
105,1091.37,2.98042,3.82171,2.26299,0.07778,0.03617,0.02379,0.00456,2.9489,3.88624,2.12325,0.009142,0.009142,0.009142
106,1101.88,2.93942,3.78187,2.27813,0.12122,0.04043,0.02333,0.00435,2.97215,3.86565,2.13727,0.00913375,0.00913375,0.00913375
107,1112.36,2.94891,3.74062,2.24546,0.14388,0.02766,0.02507,0.00568,2.99108,3.84452,2.15595,0.0091255,0.0091255,0.0091255
108,1123.31,2.93706,3.74761,2.24885,0.10041,0.03404,0.02591,0.00558,2.96048,3.84716,2.12905,0.00911725,0.00911725,0.00911725
109,1134.26,2.91833,3.73779,2.22484,0.13907,0.03617,0.03124,0.00725,2.98088,3.83555,2.15089,0.009109,0.009109,0.009109
110,1145.09,2.94583,3.72344,2.23726,0.08203,0.07021,0.02783,0.00613,2.98208,3.88226,2.1739,0.00910075,0.00910075,0.00910075
111,1155.73,2.94397,3.74908,2.25078,0.09605,0.05745,0.02814,0.00655,2.98256,3.82093,2.1584,0.0090925,0.0090925,0.0090925
112,1166.32,2.90947,3.69375,2.21968,0.11162,0.05957,0.0266,0.00581,2.96615,3.80253,2.12718,0.00908425,0.00908425,0.00908425
113,1176.9,2.90185,3.66242,2.23142,0.12274,0.05745,0.03853,0.0082,2.95916,3.77827,2.14304,0.009076,0.009076,0.009076
114,1187.73,2.92792,3.69633,2.22406,0.13266,0.04681,0.03399,0.00706,2.92397,3.80008,2.12757,0.00906775,0.00906775,0.00906775
115,1198.2,2.89471,3.64669,2.18181,0.11763,0.05957,0.03182,0.00762,2.93079,3.79576,2.11972,0.0090595,0.0090595,0.0090595
116,1208.87,2.90649,3.68038,2.22154,0.09425,0.07234,0.03019,0.00715,2.90264,3.76794,2.14392,0.00905125,0.00905125,0.00905125
117,1219.44,2.8678,3.64783,2.2211,0.1199,0.05106,0.03518,0.00764,2.90259,3.73812,2.11319,0.009043,0.009043,0.009043
118,1229.96,2.87374,3.66101,2.2179,0.12964,0.07234,0.03344,0.00821,2.95001,3.74944,2.14652,0.00903475,0.00903475,0.00903475
119,1240.4,2.88839,3.64127,2.21429,0.13053,0.05745,0.03405,0.00796,2.91891,3.79762,2.13982,0.0090265,0.0090265,0.0090265
120,1250.87,2.89636,3.64092,2.21378,0.13404,0.06809,0.03826,0.00792,2.94185,3.70942,2.1588,0.00901825,0.00901825,0.00901825
121,1261.37,2.86893,3.62708,2.20755,0.11287,0.09787,0.03568,0.00831,2.91795,3.70539,2.12339,0.00901,0.00901,0.00901
122,1271.95,2.86171,3.61189,2.16521,0.09727,0.08085,0.03013,0.00747,2.9503,3.75874,2.16155,0.00900175,0.00900175,0.00900175
123,1282.55,2.88481,3.58176,2.20494,0.12253,0.10851,0.03814,0.00886,2.95825,3.69337,2.16014,0.0089935,0.0089935,0.0089935
124,1293.58,2.82748,3.58099,2.18857,0.11539,0.04043,0.02738,0.00589,2.92926,3.7225,2.13866,0.00898525,0.00898525,0.00898525
125,1304.07,2.8566,3.63288,2.21394,0.11293,0.1,0.03716,0.00853,2.93343,3.7561,2.12505,0.008977,0.008977,0.008977
126,1314.56,2.85408,3.60552,2.18286,0.09762,0.09149,0.03329,0.00753,2.86986,3.69692,2.1245,0.00896875,0.00896875,0.00896875
127,1325.14,2.81691,3.54078,2.17251,0.09606,0.07234,0.03106,0.00688,2.92337,3.74122,2.09926,0.0089605,0.0089605,0.0089605
128,1335.73,2.83502,3.60258,2.17825,0.13675,0.04468,0.03342,0.00764,2.91541,3.80929,2.11668,0.00895225,0.00895225,0.00895225
129,1346.35,2.83652,3.60283,2.1739,0.12766,0.09574,0.04055,0.00898,2.95761,3.74876,2.14934,0.008944,0.008944,0.008944
130,1357.14,2.82324,3.57871,2.16676,0.11676,0.09362,0.04119,0.01067,2.88433,3.72253,2.11513,0.00893575,0.00893575,0.00893575
131,1368.03,2.80345,3.5279,2.14422,0.15073,0.07021,0.03893,0.00839,2.85991,3.67358,2.0983,0.0089275,0.0089275,0.0089275
132,1378.57,2.82327,3.5063,2.17202,0.18582,0.0617,0.03788,0.00857,2.88683,3.75029,2.11032,0.00891925,0.00891925,0.00891925
133,1388.99,2.80181,3.57609,2.19241,0.112,0.11064,0.04302,0.01002,2.87167,3.72882,2.10896,0.008911,0.008911,0.008911
134,1399.58,2.79784,3.54012,2.16139,0.13649,0.07021,0.04902,0.01223,2.85268,3.64012,2.11358,0.00890275,0.00890275,0.00890275
135,1410.54,2.78124,3.49986,2.16837,0.12089,0.08511,0.03999,0.01041,2.89176,3.61726,2.10128,0.0088945,0.0088945,0.0088945
136,1421.13,2.8008,3.51782,2.14916,0.15397,0.08511,0.04691,0.01185,2.87479,3.64398,2.11861,0.00888625,0.00888625,0.00888625
137,1431.07,2.77685,3.51556,2.14332,0.1135,0.08936,0.03608,0.0091,2.86426,3.66785,2.11253,0.008878,0.008878,0.008878
138,1441.57,2.77933,3.53453,2.15243,0.12235,0.10638,0.04669,0.0111,2.85027,3.62154,2.11085,0.00886975,0.00886975,0.00886975
139,1452.25,2.7815,3.47168,2.1635,0.16397,0.08298,0.04441,0.01025,2.90654,3.68323,2.11603,0.0088615,0.0088615,0.0088615
140,1462.78,2.76981,3.49413,2.13981,0.13631,0.09574,0.04813,0.01074,2.8323,3.64344,2.09064,0.00885325,0.00885325,0.00885325
141,1473.6,2.73398,3.47148,2.11924,0.12546,0.11489,0.0382,0.00964,2.83894,3.59417,2.09615,0.008845,0.008845,0.008845
142,1484.22,2.74126,3.4525,2.13427,0.12833,0.09574,0.03849,0.01015,2.9166,3.61637,2.12895,0.00883675,0.00883675,0.00883675
143,1494.77,2.74936,3.47271,2.13333,0.13141,0.10559,0.05085,0.01222,2.86123,3.60947,2.10634,0.0088285,0.0088285,0.0088285
144,1505.37,2.72942,3.46158,2.12863,0.14011,0.08511,0.04794,0.01153,2.84037,3.60776,2.07182,0.00882025,0.00882025,0.00882025
145,1515.73,2.7468,3.45808,2.14093,0.12042,0.1,0.04804,0.01113,2.94443,3.6005,2.12634,0.008812,0.008812,0.008812
146,1526,2.78599,3.49525,2.15476,0.13569,0.11277,0.04138,0.01003,2.9053,3.56766,2.12489,0.00880375,0.00880375,0.00880375
147,1536.31,2.72752,3.4502,2.12732,0.12588,0.11915,0.04851,0.01194,2.83467,3.53953,2.1046,0.0087955,0.0087955,0.0087955
148,1546.58,2.75462,3.43741,2.14136,0.17057,0.10426,0.05008,0.01172,2.86856,3.61902,2.05297,0.00878725,0.00878725,0.00878725
149,1556.88,2.76538,3.4718,2.12545,0.16664,0.11064,0.05161,0.01229,2.79008,3.59004,2.07587,0.008779,0.008779,0.008779
150,1566.84,2.75073,3.43476,2.12171,0.14199,0.11702,0.04642,0.01137,2.8149,3.57685,2.08524,0.00877075,0.00877075,0.00877075
151,1576.62,2.71705,3.41178,2.1239,0.14364,0.10638,0.05419,0.01425,2.84726,3.54329,2.07995,0.0087625,0.0087625,0.0087625
152,1587.3,2.71091,3.47743,2.10411,0.14535,0.13191,0.05673,0.01339,2.83725,3.569,2.08569,0.00875425,0.00875425,0.00875425
153,1597.22,2.68411,3.40822,2.09736,0.15696,0.1383,0.05973,0.01472,2.79725,3.56146,2.07563,0.008746,0.008746,0.008746
154,1607.9,2.69476,3.43304,2.10562,0.17611,0.09787,0.0618,0.0136,2.83322,3.58526,2.11694,0.00873775,0.00873775,0.00873775
155,1618.17,2.71425,3.40252,2.109,0.14682,0.10426,0.05388,0.01489,2.79202,3.5421,2.07123,0.0087295,0.0087295,0.0087295
156,1628.4,2.7025,3.40759,2.10948,0.14726,0.12128,0.06172,0.01524,2.81251,3.53071,2.09045,0.00872125,0.00872125,0.00872125
157,1639,2.73017,3.41887,2.11988,0.16002,0.10426,0.05319,0.01228,2.88788,3.50757,2.1172,0.008713,0.008713,0.008713
158,1649.19,2.69299,3.41237,2.09613,0.16298,0.11064,0.06952,0.01767,2.81738,3.51437,2.08153,0.00870475,0.00870475,0.00870475
159,1659.74,2.72295,3.39296,2.10356,0.15514,0.10426,0.06152,0.01617,2.82321,3.51324,2.10364,0.0086965,0.0086965,0.0086965
160,1669.99,2.70892,3.44335,2.10617,0.14393,0.09149,0.05407,0.01397,2.84449,3.59724,2.09117,0.00868825,0.00868825,0.00868825
161,1680.24,2.68894,3.42886,2.08442,0.1334,0.11277,0.05745,0.01456,2.79426,3.52044,2.08221,0.00868,0.00868,0.00868
162,1690.5,2.68263,3.3869,2.08808,0.13046,0.12128,0.05936,0.01583,2.82158,3.5368,2.0877,0.00867175,0.00867175,0.00867175
163,1700.75,2.70012,3.40253,2.0844,0.13618,0.10667,0.05824,0.01492,2.84548,3.48771,2.07969,0.0086635,0.0086635,0.0086635
164,1710.98,2.66175,3.36938,2.0795,0.17908,0.11489,0.06233,0.01685,2.82742,3.51843,2.07777,0.00865525,0.00865525,0.00865525
165,1721.24,2.68671,3.3925,2.10998,0.17227,0.10426,0.0541,0.01414,2.80356,3.52595,2.06481,0.008647,0.008647,0.008647
166,1731.49,2.67424,3.38483,2.07828,0.13657,0.12766,0.05853,0.01598,2.77555,3.45905,2.07575,0.00863875,0.00863875,0.00863875
167,1741.71,2.69088,3.37808,2.09448,0.16052,0.11555,0.06812,0.01587,2.8177,3.45108,2.09966,0.0086305,0.0086305,0.0086305
168,1751.98,2.64953,3.36977,2.0888,0.15435,0.08085,0.05695,0.01564,2.75021,3.53157,2.06568,0.00862225,0.00862225,0.00862225
169,1762.27,2.67803,3.38693,2.08772,0.15196,0.15106,0.06558,0.01721,2.78895,3.46618,2.07634,0.008614,0.008614,0.008614
170,1772.53,2.65662,3.33658,2.06496,0.15028,0.12128,0.05894,0.01505,2.79053,3.4948,2.06924,0.00860575,0.00860575,0.00860575
171,1782.75,2.64808,3.28596,2.08817,0.17492,0.11489,0.07238,0.01793,2.79319,3.43419,2.04981,0.0085975,0.0085975,0.0085975
172,1793.35,2.6871,3.382,2.08436,0.17036,0.1234,0.06668,0.01758,2.78301,3.42591,2.05582,0.00858925,0.00858925,0.00858925
173,1803.61,2.65736,3.35159,2.0569,0.18823,0.12128,0.08417,0.02169,2.7948,3.49921,2.04089,0.008581,0.008581,0.008581
174,1814.13,2.64953,3.35669,2.06435,0.18439,0.12507,0.0743,0.02051,2.78327,3.46585,2.06688,0.00857275,0.00857275,0.00857275
175,1824.41,2.6373,3.31629,2.09059,0.16296,0.12799,0.07426,0.0199,2.83817,3.49756,2.07713,0.0085645,0.0085645,0.0085645
176,1834.74,2.64088,3.31639,2.06361,0.23631,0.10337,0.0756,0.02146,2.80601,3.43437,2.06728,0.00855625,0.00855625,0.00855625
177,1845.11,2.67153,3.34371,2.07211,0.19048,0.16596,0.07566,0.02065,2.77283,3.44906,2.06337,0.008548,0.008548,0.008548
178,1855.46,2.59824,3.3247,2.04166,0.19871,0.1383,0.08251,0.02259,2.77949,3.42829,2.05436,0.00853975,0.00853975,0.00853975
179,1866.12,2.62643,3.30098,2.04685,0.20722,0.14468,0.08568,0.02278,2.76067,3.4079,2.04887,0.0085315,0.0085315,0.0085315
180,1876.77,2.63488,3.27814,2.06464,0.20879,0.11005,0.07302,0.02091,2.76844,3.47404,2.06628,0.00852325,0.00852325,0.00852325
181,1887.08,2.61792,3.29403,2.0498,0.22031,0.12128,0.09216,0.025,2.77412,3.41841,2.06545,0.008515,0.008515,0.008515
182,1897.51,2.62948,3.28986,2.06611,0.1855,0.13191,0.08313,0.0235,2.77039,3.40855,2.05201,0.00850675,0.00850675,0.00850675
183,1907.77,2.61274,3.26982,2.04839,0.17444,0.15106,0.08579,0.02367,2.79134,3.39194,2.05986,0.0084985,0.0084985,0.0084985
184,1918.12,2.60138,3.28538,2.01692,0.21915,0.14681,0.09217,0.02545,2.75324,3.38818,2.03779,0.00849025,0.00849025,0.00849025
185,1928.79,2.61408,3.29201,2.02547,0.16971,0.12128,0.06972,0.01815,2.77349,3.4192,2.06373,0.008482,0.008482,0.008482
186,1938.88,2.64693,3.31119,2.0738,0.19522,0.11702,0.08238,0.02268,2.77559,3.40052,2.06045,0.00847375,0.00847375,0.00847375
187,1949.11,2.62396,3.28668,2.07758,0.18574,0.14043,0.08493,0.02403,2.79181,3.39176,2.06399,0.0084655,0.0084655,0.0084655
188,1959.36,2.6046,3.28488,2.03005,0.20261,0.1234,0.08649,0.02176,2.78551,3.43202,2.05669,0.00845725,0.00845725,0.00845725
189,1969.62,2.6017,3.28387,2.05715,0.19886,0.12979,0.09047,0.02306,2.79521,3.42562,2.05967,0.008449,0.008449,0.008449
190,1979.86,2.63231,3.30705,2.06749,0.19598,0.13404,0.08386,0.02305,2.78951,3.39106,2.06632,0.00844075,0.00844075,0.00844075
191,1990.1,2.59517,3.26419,2.04225,0.17801,0.1383,0.07661,0.02076,2.78385,3.36058,2.06355,0.0084325,0.0084325,0.0084325
192,2000.38,2.61912,3.27742,2.05044,0.21095,0.12766,0.08734,0.02333,2.77054,3.39263,2.04367,0.00842425,0.00842425,0.00842425
193,2010.67,2.59569,3.2954,2.04032,0.21277,0.14043,0.086,0.02392,2.76527,3.37848,2.04646,0.008416,0.008416,0.008416
194,2020.96,2.58671,3.25882,2.02956,0.18208,0.13617,0.0762,0.0215,2.73983,3.37628,2.0526,0.00840775,0.00840775,0.00840775
195,2031.28,2.64532,3.31174,2.05192,0.19641,0.14681,0.09167,0.02774,2.71732,3.3402,2.04281,0.0083995,0.0083995,0.0083995
196,2041.99,2.58856,3.2763,2.03562,0.17728,0.13404,0.09421,0.02648,2.77286,3.34591,2.0567,0.00839125,0.00839125,0.00839125
197,2052.28,2.61148,3.24778,2.05594,0.19518,0.12979,0.08103,0.02268,2.78991,3.3519,2.0604,0.008383,0.008383,0.008383
198,2062.58,2.57234,3.22945,2.02499,0.19363,0.15319,0.09419,0.02703,2.77171,3.35025,2.05127,0.00837475,0.00837475,0.00837475
199,2072.85,2.60073,3.2619,2.04191,0.19654,0.12979,0.08156,0.02472,2.71208,3.34068,2.01622,0.0083665,0.0083665,0.0083665
200,2083.18,2.59212,3.24757,2.04449,0.22163,0.1234,0.08761,0.02538,2.72526,3.32211,2.02129,0.00835825,0.00835825,0.00835825
201,2093.53,2.56984,3.23351,2.05389,0.19567,0.12979,0.0801,0.02446,2.75287,3.31678,2.04666,0.00835,0.00835,0.00835
202,2103.87,2.56036,3.21914,2.03557,0.18971,0.16596,0.09929,0.02837,2.7098,3.32592,2.03264,0.00834175,0.00834175,0.00834175
203,2114.51,2.55876,3.22126,2.01401,0.20437,0.1383,0.09922,0.02757,2.75298,3.35372,2.04425,0.0083335,0.0083335,0.0083335
204,2124.77,2.6151,3.24419,2.03137,0.19676,0.14468,0.09023,0.02642,2.71142,3.36023,2.03616,0.00832525,0.00832525,0.00832525
205,2134.93,2.56033,3.18244,2.03289,0.20814,0.1383,0.09073,0.02671,2.74093,3.32053,2.05442,0.008317,0.008317,0.008317
206,2145.12,2.55697,3.19847,2.00618,0.1977,0.13191,0.09738,0.02471,2.70247,3.32141,2.05142,0.00830875,0.00830875,0.00830875
207,2155.38,2.56435,3.21355,2.02891,0.19534,0.14681,0.09548,0.02628,2.74108,3.31165,2.04069,0.0083005,0.0083005,0.0083005
208,2165.62,2.54072,3.14628,1.99495,0.22313,0.14894,0.10041,0.02883,2.75437,3.2996,2.04058,0.00829225,0.00829225,0.00829225
209,2176.26,2.5362,3.19491,2.02287,0.19883,0.15106,0.0966,0.02643,2.74934,3.32193,2.05129,0.008284,0.008284,0.008284
210,2186.53,2.55876,3.1982,2.01023,0.21439,0.14894,0.10033,0.02873,2.75582,3.31806,2.06676,0.00827575,0.00827575,0.00827575
211,2196.86,2.54904,3.19143,2.01551,0.241,0.14255,0.1033,0.02744,2.73102,3.30984,2.01912,0.0082675,0.0082675,0.0082675
212,2207.06,2.5548,3.21104,2.0189,0.21798,0.14894,0.0952,0.02929,2.71171,3.30441,2.02785,0.00825925,0.00825925,0.00825925
213,2217.23,2.55191,3.20884,2.00332,0.21749,0.1383,0.09805,0.02661,2.72531,3.28592,2.03123,0.008251,0.008251,0.008251
214,2227.41,2.57516,3.15294,2.00073,0.25211,0.14894,0.11533,0.03257,2.73199,3.27039,2.04208,0.00824275,0.00824275,0.00824275
215,2238.06,2.53026,3.17451,1.98167,0.19183,0.15106,0.09443,0.02712,2.73103,3.26773,2.01875,0.0082345,0.0082345,0.0082345
216,2248.31,2.56434,3.19245,2.02096,0.16884,0.14468,0.0878,0.02462,2.76776,3.33759,2.04707,0.00822625,0.00822625,0.00822625
217,2258.56,2.50552,3.14425,1.99519,0.21506,0.15532,0.10057,0.02936,2.71161,3.28617,2.02905,0.008218,0.008218,0.008218
218,2268.81,2.58433,3.19322,2.01052,0.23557,0.14894,0.10515,0.03038,2.6961,3.26407,2.01614,0.00820975,0.00820975,0.00820975
219,2279.21,2.50956,3.13933,1.98283,0.23063,0.18085,0.11888,0.03225,2.71159,3.22071,2.0185,0.0082015,0.0082015,0.0082015
220,2289.79,2.54556,3.17762,1.9914,0.21726,0.15957,0.11026,0.03349,2.70953,3.25012,2.03808,0.00819325,0.00819325,0.00819325
221,2300.31,2.52631,3.13699,2.01121,0.22579,0.15957,0.1138,0.0346,2.68556,3.23649,2.00615,0.008185,0.008185,0.008185
222,2310.88,2.53446,3.14489,1.99655,0.23235,0.15713,0.1153,0.03115,2.70858,3.25223,2.02037,0.00817675,0.00817675,0.00817675
223,2321.16,2.53156,3.11292,2.00548,0.23818,0.14043,0.10417,0.02919,2.70633,3.23468,2.01323,0.0081685,0.0081685,0.0081685
224,2331.41,2.5536,3.1412,2.00693,0.25589,0.15532,0.11334,0.03061,2.70396,3.18882,2.01708,0.00816025,0.00816025,0.00816025
225,2341.62,2.51304,3.13321,2.0112,0.21588,0.15106,0.11774,0.03294,2.66995,3.20647,1.99912,0.008152,0.008152,0.008152
226,2351.71,2.51534,3.15701,1.98662,0.2212,0.15108,0.11196,0.0338,2.66466,3.18667,2.01949,0.00814375,0.00814375,0.00814375
227,2361.95,2.48586,3.09523,1.99054,0.21706,0.16596,0.11069,0.03188,2.70142,3.22097,2.04786,0.0081355,0.0081355,0.0081355
228,2372.17,2.50437,3.11145,1.96811,0.24112,0.1617,0.10798,0.03178,2.71635,3.25834,2.02607,0.00812725,0.00812725,0.00812725
229,2382.38,2.5066,3.14469,1.99241,0.2523,0.17872,0.11434,0.03393,2.69704,3.19913,2.00538,0.008119,0.008119,0.008119
230,2392.59,2.48698,3.08572,1.97963,0.22861,0.17021,0.11535,0.03411,2.7081,3.18791,2.00598,0.00811075,0.00811075,0.00811075
231,2402.89,2.51805,3.11331,1.98742,0.23368,0.18298,0.11397,0.03515,2.6819,3.13844,1.98958,0.0081025,0.0081025,0.0081025
232,2413.56,2.49224,3.07008,1.95327,0.21718,0.18298,0.12005,0.0342,2.69201,3.22475,2.01647,0.00809425,0.00809425,0.00809425
233,2423.85,2.51879,3.13725,1.98394,0.2479,0.17872,0.12265,0.03573,2.66184,3.16716,1.98631,0.008086,0.008086,0.008086
234,2434.44,2.47902,3.09098,1.98907,0.26424,0.16596,0.1285,0.03833,2.70097,3.16116,2.02074,0.00807775,0.00807775,0.00807775
235,2445.06,2.49174,3.08567,1.97264,0.22945,0.17021,0.11985,0.03649,2.71792,3.1205,2.01638,0.0080695,0.0080695,0.0080695
236,2455.42,2.48241,3.08178,1.96241,0.21015,0.16596,0.12574,0.03715,2.68676,3.19484,2.02569,0.00806125,0.00806125,0.00806125
237,2465.69,2.5094,3.11313,1.97316,0.20875,0.17021,0.11668,0.03522,2.70983,3.1585,2.02533,0.008053,0.008053,0.008053
238,2475.94,2.4988,3.07421,1.96504,0.21597,0.17234,0.11506,0.03306,2.69582,3.15012,2.007,0.00804475,0.00804475,0.00804475
239,2486.2,2.42438,3.0739,1.95617,0.2712,0.17234,0.13335,0.03798,2.69736,3.15135,2.00524,0.0080365,0.0080365,0.0080365
240,2496.81,2.46856,3.1015,1.95696,0.22404,0.16383,0.11718,0.03616,2.69804,3.21024,2.02669,0.00802825,0.00802825,0.00802825
241,2507.19,2.47701,3.10511,1.96447,0.22999,0.16383,0.12293,0.03673,2.70665,3.15962,1.99752,0.00802,0.00802,0.00802
242,2517.5,2.46697,3.05698,1.96262,0.26466,0.17021,0.13019,0.03804,2.73824,3.14498,2.04961,0.00801175,0.00801175,0.00801175
243,2527.55,2.49135,3.06046,1.99623,0.24312,0.17872,0.12408,0.03735,2.7068,3.15698,2.04052,0.0080035,0.0080035,0.0080035
244,2537.2,2.46753,3.04942,1.95472,0.26345,0.17021,0.13633,0.03913,2.70213,3.12229,2.0446,0.00799525,0.00799525,0.00799525
245,2547.21,2.47426,3.06974,1.96019,0.23661,0.16383,0.13025,0.03728,2.6693,3.12939,2.01985,0.007987,0.007987,0.007987
246,2556.85,2.46774,3.0267,1.94619,0.22205,0.17021,0.11643,0.03549,2.67137,3.11879,1.98793,0.00797875,0.00797875,0.00797875
247,2566.53,2.44708,3.02416,1.96699,0.23414,0.18149,0.12952,0.03948,2.67251,3.12584,2.00534,0.0079705,0.0079705,0.0079705
248,2576.61,2.46428,3.08328,1.95271,0.26867,0.18936,0.12915,0.03778,2.70257,3.1766,2.01074,0.00796225,0.00796225,0.00796225
249,2586.87,2.45918,3.03696,1.94366,0.25532,0.16596,0.13855,0.04116,2.69292,3.16473,2.0212,0.007954,0.007954,0.007954
250,2597.51,2.45806,3.05346,1.9468,0.23472,0.19362,0.12664,0.03965,2.64264,3.12243,1.99984,0.00794575,0.00794575,0.00794575
251,2607.82,2.4272,3.03376,1.95067,0.28546,0.18936,0.15296,0.04664,2.62393,3.0855,1.99879,0.0079375,0.0079375,0.0079375
252,2618.43,2.42165,3.03594,1.96318,0.24733,0.16809,0.13814,0.04204,2.68326,3.11817,2.00681,0.00792925,0.00792925,0.00792925
253,2628.65,2.44269,3.02643,1.93643,0.21929,0.18085,0.12722,0.03926,2.6593,3.10481,1.99236,0.007921,0.007921,0.007921
254,2638.9,2.45623,3.03457,1.94287,0.23674,0.1766,0.12907,0.03895,2.65247,3.1019,1.99049,0.00791275,0.00791275,0.00791275
255,2649.17,2.44113,2.99889,1.9401,0.26576,0.17021,0.13238,0.03936,2.64023,3.11785,1.99979,0.0079045,0.0079045,0.0079045
256,2659.4,2.40663,3.00047,1.9402,0.25131,0.17021,0.11339,0.03563,2.64976,3.11297,1.98445,0.00789625,0.00789625,0.00789625
257,2669.68,2.44226,2.99573,1.95044,0.23878,0.19362,0.14132,0.04363,2.61522,3.06889,1.98424,0.007888,0.007888,0.007888
258,2679.99,2.45562,3.0159,1.95841,0.22825,0.19362,0.12723,0.03842,2.62229,3.0589,2.00078,0.00787975,0.00787975,0.00787975
259,2690.3,2.42404,3.02673,1.94942,0.23019,0.20426,0.12675,0.03983,2.6181,3.08397,1.99583,0.0078715,0.0078715,0.0078715
260,2700.67,2.45535,2.96761,1.94874,0.25341,0.18723,0.13093,0.04206,2.61444,3.11267,1.97204,0.00786325,0.00786325,0.00786325
261,2710.85,2.36135,2.91935,1.90848,0.26313,0.2,0.1434,0.04142,2.61034,3.0816,1.99275,0.007855,0.007855,0.007855
262,2721.07,2.43015,2.98972,1.92367,0.31176,0.18023,0.14126,0.04261,2.6262,3.10381,1.98156,0.00784675,0.00784675,0.00784675
263,2731.33,2.4129,2.98457,1.91326,0.30287,0.17872,0.14401,0.0475,2.60114,3.03792,1.97718,0.0078385,0.0078385,0.0078385
264,2741.62,2.41509,2.94915,1.9104,0.25555,0.1766,0.1451,0.04575,2.61746,3.02916,1.99737,0.00783025,0.00783025,0.00783025
265,2751.86,2.43527,2.96517,1.938,0.27199,0.17872,0.14102,0.04063,2.62668,3.1,2.02045,0.007822,0.007822,0.007822
266,2761.82,2.41969,2.95446,1.9186,0.26581,0.19362,0.13954,0.0454,2.60973,3.08325,1.99221,0.00781375,0.00781375,0.00781375
267,2771.8,2.40225,2.96019,1.92433,0.24611,0.19787,0.14146,0.04581,2.61422,3.03836,2.00014,0.0078055,0.0078055,0.0078055
268,2781.6,2.39716,2.94909,1.90894,0.26322,0.1766,0.13888,0.04174,2.61085,3.04965,1.98382,0.00779725,0.00779725,0.00779725
269,2791.58,2.38214,2.93638,1.91908,0.25843,0.2,0.14806,0.04774,2.60259,3.0426,1.97495,0.007789,0.007789,0.007789
270,2802.17,2.36576,2.94866,1.90882,0.27565,0.20809,0.15115,0.04664,2.6183,3.02787,1.98525,0.00778075,0.00778075,0.00778075
271,2812.34,2.40756,2.94825,1.92446,0.27896,0.20426,0.15772,0.0491,2.59546,3.0157,1.96797,0.0077725,0.0077725,0.0077725
272,2822.88,2.37405,2.91621,1.90954,0.27841,0.21277,0.15478,0.04758,2.58102,3.03215,1.97368,0.00776425,0.00776425,0.00776425
273,2833.31,2.38205,2.94709,1.92776,0.28393,0.21064,0.15308,0.04581,2.59495,3.01057,1.95825,0.007756,0.007756,0.007756
274,2843.59,2.39084,2.90429,1.91128,0.2758,0.18723,0.14138,0.04388,2.63122,3.0694,1.98719,0.00774775,0.00774775,0.00774775
275,2853.91,2.37471,2.91889,1.89806,0.24227,0.20638,0.14775,0.04444,2.61366,2.99951,1.99032,0.0077395,0.0077395,0.0077395
276,2864.2,2.37058,2.89767,1.90127,0.26962,0.18511,0.1464,0.04627,2.58227,3.00571,1.97243,0.00773125,0.00773125,0.00773125
277,2874.42,2.37483,2.90808,1.89432,0.31531,0.20087,0.17349,0.05346,2.55791,2.96766,1.96,0.007723,0.007723,0.007723
278,2884.95,2.35736,2.91624,1.88831,0.29977,0.21702,0.16509,0.05089,2.5664,2.95392,1.949,0.00771475,0.00771475,0.00771475
279,2895.18,2.36758,2.91819,1.87835,0.31488,0.2234,0.16415,0.04939,2.55531,2.97352,1.95662,0.0077065,0.0077065,0.0077065
280,2905.44,2.35107,2.89121,1.90838,0.29582,0.20638,0.16177,0.05312,2.54676,3.0072,1.96095,0.00769825,0.00769825,0.00769825
281,2915.74,2.36195,2.87399,1.90323,0.28544,0.22553,0.16918,0.054,2.52955,2.97956,1.93816,0.00769,0.00769,0.00769
282,2926.35,2.39557,2.91228,1.93103,0.27594,0.21915,0.17106,0.05202,2.54839,2.93677,1.95073,0.00768175,0.00768175,0.00768175
283,2936.58,2.34747,2.89713,1.88987,0.25993,0.21915,0.15787,0.04677,2.57061,2.98311,1.96379,0.0076735,0.0076735,0.0076735
284,2946.81,2.34406,2.87697,1.87486,0.28113,0.21551,0.15222,0.05106,2.52572,2.99849,1.95113,0.00766525,0.00766525,0.00766525
285,2957.05,2.3729,2.86432,1.89559,0.30662,0.21702,0.17225,0.05479,2.5203,2.98275,1.96007,0.007657,0.007657,0.007657
286,2967.64,2.3428,2.86568,1.89044,0.29176,0.2165,0.17129,0.05603,2.50746,2.92715,1.95135,0.00764875,0.00764875,0.00764875
287,2978.3,2.32918,2.85141,1.87794,0.27042,0.22128,0.17203,0.0545,2.53099,2.91455,1.95388,0.0076405,0.0076405,0.0076405
288,2988.58,2.34704,2.84197,1.88465,0.26133,0.20213,0.15976,0.05164,2.55214,2.90596,1.9717,0.00763225,0.00763225,0.00763225
289,2998.88,2.33209,2.84055,1.90258,0.2596,0.22128,0.17637,0.05561,2.55011,2.94048,1.96183,0.007624,0.007624,0.007624
290,3009.5,2.31779,2.83411,1.88944,0.33306,0.20426,0.17572,0.05768,2.52234,2.89771,1.95945,0.00761575,0.00761575,0.00761575
291,3020.17,2.3643,2.88301,1.88096,0.33538,0.2234,0.17125,0.05784,2.49248,2.88976,1.92247,0.0076075,0.0076075,0.0076075
292,3030.44,2.32357,2.82465,1.86184,0.32477,0.21064,0.17504,0.05802,2.52564,2.9185,1.92649,0.00759925,0.00759925,0.00759925
293,3041.01,2.31418,2.78517,1.85196,0.27324,0.23404,0.17943,0.05937,2.52307,2.87202,1.94084,0.007591,0.007591,0.007591
294,3051.58,2.33216,2.80486,1.86985,0.29543,0.22766,0.17078,0.05339,2.51274,2.94442,1.93581,0.00758275,0.00758275,0.00758275
295,3061.79,2.29254,2.76251,1.85483,0.28418,0.24412,0.18319,0.06081,2.51696,2.90021,1.92664,0.0075745,0.0075745,0.0075745
296,3072.41,2.34093,2.79223,1.894,0.29052,0.22979,0.17949,0.05817,2.52753,2.8902,1.9394,0.00756625,0.00756625,0.00756625
297,3082.69,2.31863,2.80788,1.87627,0.27248,0.24255,0.1754,0.05655,2.50488,2.89166,1.94184,0.007558,0.007558,0.007558
298,3092.94,2.30306,2.79369,1.85349,0.3256,0.21263,0.17337,0.05465,2.51387,2.86442,1.94924,0.00754975,0.00754975,0.00754975
299,3103.35,2.30547,2.77768,1.86932,0.28084,0.22979,0.17755,0.05803,2.48046,2.86474,1.91594,0.0075415,0.0075415,0.0075415
300,3113.64,2.30544,2.78408,1.87644,0.28432,0.21915,0.17154,0.05757,2.49296,2.829,1.91986,0.00753325,0.00753325,0.00753325
301,3123.82,2.29823,2.77888,1.86645,0.29624,0.24681,0.18653,0.06188,2.51857,2.84955,1.92734,0.007525,0.007525,0.007525
302,3134.34,2.3017,2.7509,1.8407,0.3313,0.24255,0.19169,0.06611,2.48171,2.85508,1.91745,0.00751675,0.00751675,0.00751675
303,3144.94,2.26742,2.73272,1.84962,0.29059,0.24925,0.17974,0.05891,2.50809,2.84539,1.93116,0.0075085,0.0075085,0.0075085
304,3155.22,2.31385,2.76864,1.85104,0.31436,0.24681,0.18926,0.06196,2.48176,2.83007,1.92377,0.00750025,0.00750025,0.00750025
305,3165.47,2.30422,2.76199,1.85622,0.30534,0.23848,0.19223,0.06451,2.47773,2.82464,1.92409,0.007492,0.007492,0.007492
306,3175.73,2.28244,2.71744,1.82682,0.35495,0.22979,0.19779,0.06779,2.46075,2.81963,1.91842,0.00748375,0.00748375,0.00748375
307,3186.36,2.28124,2.75057,1.83798,0.32134,0.25319,0.19003,0.06305,2.4528,2.83641,1.91239,0.0074755,0.0074755,0.0074755
308,3196.66,2.26271,2.72717,1.8284,0.32466,0.24681,0.19382,0.06529,2.46187,2.81868,1.90054,0.00746725,0.00746725,0.00746725
309,3206.81,2.28438,2.75064,1.83633,0.32117,0.25745,0.20571,0.06859,2.44018,2.80552,1.8748,0.007459,0.007459,0.007459
310,3217.37,2.2912,2.73997,1.84993,0.32934,0.24894,0.20952,0.07067,2.45728,2.76884,1.89517,0.00745075,0.00745075,0.00745075
311,3228.02,2.27726,2.69906,1.82764,0.32978,0.24681,0.20151,0.06662,2.4505,2.78598,1.88058,0.0074425,0.0074425,0.0074425
312,3238.32,2.26136,2.72989,1.83804,0.41179,0.22979,0.2095,0.07008,2.44081,2.76592,1.8963,0.00743425,0.00743425,0.00743425
313,3248.52,2.24986,2.68578,1.82141,0.29978,0.25532,0.20862,0.07293,2.42968,2.74237,1.88091,0.007426,0.007426,0.007426
314,3259.11,2.24601,2.69658,1.81463,0.3301,0.25106,0.2179,0.07861,2.40261,2.75628,1.87933,0.00741775,0.00741775,0.00741775
315,3269.75,2.24836,2.67202,1.843,0.30049,0.25774,0.21137,0.07288,2.4135,2.77002,1.89091,0.0074095,0.0074095,0.0074095
316,3279.64,2.25845,2.70162,1.81726,0.35221,0.26383,0.21498,0.07331,2.44208,2.74223,1.88941,0.00740125,0.00740125,0.00740125
317,3289.84,2.26448,2.65339,1.82555,0.36254,0.24894,0.22096,0.07489,2.44262,2.7066,1.89263,0.007393,0.007393,0.007393
318,3300.06,2.2374,2.65649,1.8199,0.32682,0.27872,0.21518,0.07837,2.39007,2.70392,1.88055,0.00738475,0.00738475,0.00738475
319,3310.1,2.22808,2.72372,1.81263,0.36754,0.25319,0.23251,0.08058,2.39931,2.68648,1.86991,0.0073765,0.0073765,0.0073765
320,3320.41,2.23957,2.68203,1.81755,0.37339,0.24255,0.21664,0.07519,2.42559,2.71656,1.88031,0.00736825,0.00736825,0.00736825
321,3330.68,2.22823,2.6112,1.81146,0.305,0.2766,0.21903,0.07668,2.39846,2.68582,1.85168,0.00736,0.00736,0.00736
322,3340.94,2.23957,2.64208,1.80002,0.33212,0.24468,0.2312,0.08324,2.39022,2.67725,1.85084,0.00735175,0.00735175,0.00735175
323,3351.59,2.24959,2.59592,1.82243,0.3984,0.23404,0.23201,0.07925,2.40592,2.67281,1.86567,0.0073435,0.0073435,0.0073435
324,3361.93,2.22535,2.62935,1.81815,0.40496,0.24471,0.22725,0.08321,2.38533,2.67271,1.85221,0.00733525,0.00733525,0.00733525
325,3372.16,2.22211,2.62865,1.80566,0.35981,0.25957,0.21858,0.08037,2.3779,2.69461,1.86304,0.007327,0.007327,0.007327
326,3382.42,2.20664,2.60309,1.80094,0.34314,0.25532,0.21417,0.0795,2.39682,2.70387,1.87068,0.00731875,0.00731875,0.00731875
327,3392.68,2.22046,2.60213,1.80535,0.39054,0.25223,0.23093,0.07904,2.38159,2.66079,1.8672,0.0073105,0.0073105,0.0073105
328,3402.92,2.23439,2.60048,1.79258,0.39178,0.24681,0.23217,0.08096,2.3764,2.65265,1.84758,0.00730225,0.00730225,0.00730225
329,3413.24,2.18804,2.59479,1.76808,0.32471,0.25957,0.2214,0.07991,2.37861,2.6771,1.85134,0.007294,0.007294,0.007294
330,3423.53,2.20386,2.58524,1.7922,0.3733,0.27021,0.23182,0.08169,2.3651,2.62473,1.83076,0.00728575,0.00728575,0.00728575
331,3433.88,2.24359,2.61009,1.81301,0.37743,0.26596,0.23772,0.08373,2.35319,2.59565,1.83195,0.0072775,0.0072775,0.0072775
332,3444.43,2.18543,2.53612,1.77863,0.42012,0.25957,0.24175,0.08952,2.32351,2.59102,1.81303,0.00726925,0.00726925,0.00726925
333,3454.99,2.18297,2.55656,1.78883,0.41241,0.28298,0.24666,0.09179,2.34712,2.61506,1.80499,0.007261,0.007261,0.007261
334,3465.56,2.2151,2.56942,1.79739,0.41561,0.27021,0.25507,0.09477,2.33992,2.57943,1.80588,0.00725275,0.00725275,0.00725275
335,3476.03,2.19478,2.55749,1.77287,0.41085,0.26383,0.25174,0.09336,2.33056,2.60175,1.81217,0.0072445,0.0072445,0.0072445
336,3486.3,2.20231,2.55341,1.78231,0.39131,0.28936,0.26199,0.09508,2.32585,2.61057,1.82967,0.00723625,0.00723625,0.00723625
337,3496.89,2.19169,2.57827,1.77794,0.42967,0.28085,0.27624,0.10314,2.33271,2.58272,1.82578,0.007228,0.007228,0.007228
338,3507.5,2.17901,2.49075,1.7668,0.39614,0.28298,0.26135,0.09675,2.33731,2.55796,1.83654,0.00721975,0.00721975,0.00721975
339,3517.78,2.17028,2.51247,1.76346,0.36582,0.27872,0.25213,0.09646,2.33603,2.58665,1.8283,0.0072115,0.0072115,0.0072115
340,3528.14,2.18195,2.54866,1.77912,0.39209,0.28723,0.26994,0.10202,2.31086,2.54707,1.81516,0.00720325,0.00720325,0.00720325
341,3538.38,2.16287,2.55674,1.77144,0.45318,0.27234,0.27486,0.10201,2.30319,2.55319,1.80417,0.007195,0.007195,0.007195
342,3548.68,2.14321,2.49815,1.76354,0.39964,0.29149,0.27356,0.1016,2.32743,2.54729,1.83361,0.00718675,0.00718675,0.00718675
343,3558.93,2.1637,2.53377,1.77324,0.36589,0.3,0.271,0.10473,2.30301,2.53189,1.83105,0.0071785,0.0071785,0.0071785
344,3569.58,2.15657,2.46757,1.75197,0.35005,0.29362,0.25286,0.09583,2.30942,2.53856,1.81431,0.00717025,0.00717025,0.00717025
345,3579.85,2.17123,2.48417,1.75965,0.36193,0.30293,0.26593,0.10535,2.31563,2.5049,1.81038,0.007162,0.007162,0.007162
346,3590.46,2.16559,2.48174,1.75885,0.40568,0.31489,0.27757,0.10888,2.30775,2.4664,1.79835,0.00715375,0.00715375,0.00715375
347,3601.19,2.13797,2.47478,1.74739,0.44674,0.28936,0.28501,0.1081,2.31517,2.50795,1.80522,0.0071455,0.0071455,0.0071455
348,3611.81,2.16869,2.53429,1.76107,0.42021,0.31064,0.28457,0.1075,2.30558,2.51417,1.79716,0.00713725,0.00713725,0.00713725
349,3622.06,2.14488,2.46304,1.74851,0.44302,0.30638,0.28879,0.11036,2.29287,2.47639,1.79238,0.007129,0.007129,0.007129
350,3632.66,2.15412,2.42764,1.74495,0.42458,0.32128,0.30974,0.11894,2.26564,2.48106,1.79061,0.00712075,0.00712075,0.00712075
351,3643.41,2.15893,2.49013,1.76048,0.44056,0.28723,0.2884,0.1129,2.27005,2.504,1.78369,0.0071125,0.0071125,0.0071125
352,3653.71,2.12447,2.45503,1.73348,0.40395,0.3234,0.28928,0.11194,2.27416,2.46943,1.79232,0.00710425,0.00710425,0.00710425
353,3663.99,2.15177,2.46711,1.74941,0.44539,0.28511,0.29134,0.11233,2.26499,2.4609,1.79698,0.007096,0.007096,0.007096
354,3674.31,2.08201,2.39299,1.7269,0.35998,0.31915,0.29088,0.11257,2.27899,2.40728,1.80694,0.00708775,0.00708775,0.00708775
355,3684.67,2.10951,2.3932,1.73181,0.41491,0.28723,0.29526,0.11905,2.28172,2.41441,1.79901,0.0070795,0.0070795,0.0070795
356,3694.98,2.13694,2.413,1.73094,0.43567,0.31064,0.31372,0.12637,2.27253,2.39778,1.78856,0.00707125,0.00707125,0.00707125
357,3705.54,2.09788,2.41443,1.72256,0.43436,0.35532,0.32113,0.12905,2.23613,2.39272,1.76543,0.007063,0.007063,0.007063
358,3716.17,2.09015,2.39758,1.72506,0.45256,0.33419,0.31604,0.12795,2.22554,2.39932,1.76182,0.00705475,0.00705475,0.00705475
359,3726.41,2.10231,2.4113,1.73568,0.46073,0.36596,0.33155,0.1333,2.23054,2.40353,1.76388,0.0070465,0.0070465,0.0070465
360,3736.98,2.11798,2.3863,1.74417,0.45301,0.32775,0.32606,0.13101,2.21214,2.37712,1.74918,0.00703825,0.00703825,0.00703825
361,3747.21,2.08081,2.38641,1.74279,0.43949,0.35201,0.32034,0.12327,2.23479,2.36784,1.759,0.00703,0.00703,0.00703
362,3757.48,2.05007,2.30993,1.70296,0.41939,0.33043,0.3232,0.12583,2.25397,2.35586,1.75654,0.00702175,0.00702175,0.00702175
363,3767.72,2.04792,2.33673,1.69914,0.51684,0.32128,0.33321,0.13483,2.23039,2.36164,1.76852,0.0070135,0.0070135,0.0070135
364,3778.25,2.08305,2.36875,1.73245,0.4216,0.35204,0.32731,0.1359,2.21891,2.35241,1.75492,0.00700525,0.00700525,0.00700525
365,3788.83,2.08943,2.3356,1.70382,0.44856,0.33576,0.3341,0.13479,2.25123,2.34467,1.76946,0.006997,0.006997,0.006997
366,3799.04,2.04683,2.35084,1.70311,0.42158,0.3617,0.33546,0.13697,2.23333,2.33063,1.76429,0.00698875,0.00698875,0.00698875
367,3809.63,2.08344,2.30849,1.69118,0.47437,0.32979,0.33532,0.13357,2.23973,2.34899,1.76443,0.0069805,0.0069805,0.0069805
368,3819.81,2.06079,2.31673,1.70701,0.47649,0.33404,0.34226,0.13378,2.23051,2.32703,1.76351,0.00697225,0.00697225,0.00697225
369,3829.92,2.05367,2.29929,1.67838,0.49511,0.34844,0.35618,0.1429,2.20322,2.31833,1.73451,0.006964,0.006964,0.006964
370,3840.63,2.04539,2.30598,1.68799,0.54648,0.34043,0.35983,0.14788,2.20519,2.3186,1.73495,0.00695575,0.00695575,0.00695575
371,3851.25,2.05528,2.28977,1.70319,0.47037,0.35146,0.36146,0.14873,2.18666,2.27835,1.72293,0.0069475,0.0069475,0.0069475
372,3861.82,2.08489,2.2953,1.69723,0.48126,0.35319,0.36617,0.15022,2.19578,2.26671,1.72792,0.00693925,0.00693925,0.00693925
373,3872.4,2.04373,2.2712,1.69262,0.48057,0.38723,0.37906,0.15689,2.17541,2.23789,1.7333,0.006931,0.006931,0.006931
374,3883.04,2.03183,2.27474,1.67408,0.48436,0.38085,0.38269,0.16024,2.18135,2.22499,1.73363,0.00692275,0.00692275,0.00692275
375,3893.65,2.02492,2.2515,1.68814,0.52827,0.37447,0.38937,0.15734,2.17222,2.2114,1.72247,0.0069145,0.0069145,0.0069145
376,3903.9,2.02419,2.2578,1.69049,0.49947,0.37447,0.39139,0.1591,2.1773,2.18905,1.71887,0.00690625,0.00690625,0.00690625
377,3914.18,2.00262,2.2319,1.66917,0.52546,0.35319,0.39352,0.16342,2.16794,2.18911,1.71958,0.006898,0.006898,0.006898
378,3924.74,2.03763,2.28751,1.7024,0.51498,0.38298,0.40522,0.16637,2.15225,2.20434,1.71797,0.00688975,0.00688975,0.00688975
379,3935.35,1.98077,2.21634,1.63463,0.50572,0.38085,0.39371,0.16349,2.14607,2.20807,1.72696,0.0068815,0.0068815,0.0068815
380,3945.61,2.02657,2.25066,1.67575,0.54453,0.37447,0.40164,0.16953,2.14794,2.20114,1.73069,0.00687325,0.00687325,0.00687325
381,3956.2,2.00204,2.20808,1.66159,0.5092,0.38511,0.4037,0.17199,2.15397,2.17041,1.73844,0.006865,0.006865,0.006865
382,3966.82,2.01128,2.2422,1.65786,0.55761,0.38936,0.41468,0.17848,2.13771,2.18212,1.72406,0.00685675,0.00685675,0.00685675
383,3977.43,2.00956,2.20152,1.67487,0.53003,0.4,0.40434,0.17516,2.13038,2.16123,1.71454,0.0068485,0.0068485,0.0068485
384,3987.75,1.99655,2.21783,1.66033,0.59538,0.39362,0.41635,0.181,2.13287,2.15111,1.70646,0.00684025,0.00684025,0.00684025
385,3998.07,2.03948,2.24941,1.67135,0.57896,0.39204,0.41571,0.17666,2.13492,2.13125,1.69633,0.006832,0.006832,0.006832
386,4008.26,2.02143,2.18305,1.65058,0.58112,0.38936,0.42899,0.17799,2.15144,2.11897,1.69959,0.00682375,0.00682375,0.00682375
387,4018.67,1.98604,2.14315,1.63695,0.62479,0.37909,0.43219,0.18461,2.13048,2.11615,1.69568,0.0068155,0.0068155,0.0068155
388,4028.99,2.00667,2.14933,1.67317,0.60182,0.39554,0.42946,0.18692,2.10559,2.11941,1.70308,0.00680725,0.00680725,0.00680725
389,4039.57,2.01763,2.23387,1.67796,0.58725,0.38723,0.42274,0.18517,2.09097,2.14295,1.69639,0.006799,0.006799,0.006799
390,4049.83,2.00803,2.18124,1.66225,0.60431,0.41489,0.42727,0.18701,2.10076,2.13497,1.68751,0.00679075,0.00679075,0.00679075
391,4059.47,1.99832,2.17897,1.67169,0.62315,0.41277,0.44319,0.19581,2.0869,2.13144,1.67309,0.0067825,0.0067825,0.0067825
392,4069.45,1.97544,2.16936,1.63439,0.56178,0.40095,0.4273,0.19221,2.08264,2.11626,1.66759,0.00677425,0.00677425,0.00677425
393,4079.42,1.99089,2.15575,1.66901,0.54979,0.40426,0.43593,0.19163,2.0825,2.08554,1.67075,0.006766,0.006766,0.006766
394,4089.67,1.99194,2.16545,1.65617,0.58388,0.40901,0.44143,0.19599,2.07584,2.06983,1.66524,0.00675775,0.00675775,0.00675775
395,4100.31,1.976,2.1461,1.63405,0.65251,0.39952,0.45339,0.20177,2.07024,2.04985,1.66067,0.0067495,0.0067495,0.0067495
396,4110.9,1.95833,2.10037,1.61954,0.62068,0.4143,0.46794,0.20662,2.08331,2.0497,1.66006,0.00674125,0.00674125,0.00674125
397,4121.56,1.95573,2.11777,1.63076,0.59374,0.43845,0.46256,0.20585,2.05932,2.04662,1.64938,0.006733,0.006733,0.006733
398,4131.84,1.93835,2.09788,1.63454,0.58002,0.43195,0.46734,0.20286,2.05533,2.0583,1.66,0.00672475,0.00672475,0.00672475
399,4142.09,1.95224,2.1089,1.63459,0.56511,0.43404,0.45578,0.19956,2.05907,2.04536,1.66458,0.0067165,0.0067165,0.0067165
400,4152.33,1.95068,2.09125,1.62804,0.68291,0.40324,0.46815,0.20554,2.03609,2.01998,1.64944,0.00670825,0.00670825,0.00670825
401,4162.6,1.97765,2.18497,1.63039,0.61903,0.42523,0.47716,0.21044,2.03201,1.99468,1.63122,0.0067,0.0067,0.0067
402,4173.22,1.96193,2.1408,1.62332,0.5846,0.4383,0.47958,0.21358,2.02277,1.99864,1.63366,0.00669175,0.00669175,0.00669175
403,4183.82,1.90139,2.04455,1.61065,0.69163,0.39574,0.47527,0.21462,2.02772,2.00031,1.6452,0.0066835,0.0066835,0.0066835
404,4194.45,1.94252,2.09529,1.6335,0.61635,0.45106,0.48788,0.21751,2.02531,2.00671,1.62907,0.00667525,0.00667525,0.00667525
405,4205.01,1.92042,2.03416,1.60695,0.59646,0.43617,0.4726,0.21367,2.03355,2.01788,1.63143,0.006667,0.006667,0.006667
406,4215.27,1.92419,2.08072,1.60344,0.63293,0.41456,0.48323,0.21877,2.01737,1.99446,1.62021,0.00665875,0.00665875,0.00665875
407,4225.84,1.94409,2.0975,1.61927,0.64205,0.46809,0.49609,0.22644,1.99735,1.97678,1.62462,0.0066505,0.0066505,0.0066505
408,4236.41,1.92308,2.08287,1.60255,0.66184,0.42766,0.49709,0.22411,1.99054,1.9559,1.62261,0.00664225,0.00664225,0.00664225
409,4246.63,1.93627,2.08698,1.61175,0.63725,0.44468,0.49455,0.21881,2.01165,1.95366,1.63284,0.006634,0.006634,0.006634
410,4256.85,1.93424,2.06829,1.59677,0.63385,0.4604,0.51132,0.22741,2.01876,1.95261,1.63138,0.00662575,0.00662575,0.00662575
411,4267.37,1.88545,2.03652,1.59314,0.6803,0.45106,0.51771,0.23099,2.01542,1.93493,1.60735,0.0066175,0.0066175,0.0066175
412,4277.95,1.91886,2.02963,1.60434,0.63464,0.44043,0.50056,0.22564,2.01854,1.96097,1.60371,0.00660925,0.00660925,0.00660925
413,4288.2,1.93456,2.04593,1.61439,0.68263,0.43191,0.50381,0.22707,2.03265,1.97104,1.60363,0.006601,0.006601,0.006601
414,4298.4,1.91408,2.00501,1.58176,0.63351,0.47234,0.51809,0.23796,2.02428,1.92866,1.60993,0.00659275,0.00659275,0.00659275
415,4308.98,1.91957,2.01872,1.59306,0.66836,0.4631,0.529,0.23721,2.00992,1.92446,1.61598,0.0065845,0.0065845,0.0065845
416,4319.63,1.93778,2.04424,1.60233,0.64008,0.46809,0.53168,0.2367,2.00251,1.92354,1.61923,0.00657625,0.00657625,0.00657625
417,4329.97,1.90132,2.01334,1.58432,0.62496,0.46445,0.51547,0.23887,2.0124,1.93633,1.6019,0.006568,0.006568,0.006568
418,4340.6,1.88813,2.00061,1.5917,0.67589,0.457,0.51848,0.23827,1.99876,1.93676,1.59937,0.00655975,0.00655975,0.00655975
419,4350.81,1.89227,1.98059,1.59156,0.66856,0.45923,0.52932,0.24491,1.96995,1.90627,1.58943,0.0065515,0.0065515,0.0065515
420,4361.48,1.8814,1.99825,1.57687,0.662,0.47234,0.54155,0.25645,1.95029,1.86171,1.57864,0.00654325,0.00654325,0.00654325
421,4372.1,1.91072,2.07302,1.58913,0.62723,0.49149,0.53678,0.24962,1.95856,1.88027,1.58384,0.006535,0.006535,0.006535
422,4382.34,1.91464,2.02389,1.5832,0.65859,0.4766,0.53481,0.24527,1.97051,1.9049,1.59056,0.00652675,0.00652675,0.00652675
423,4392.55,1.86826,1.96019,1.57552,0.71767,0.47593,0.5498,0.24841,1.98293,1.87498,1.5953,0.0065185,0.0065185,0.0065185
424,4402.82,1.88629,1.99915,1.57949,0.67585,0.49787,0.55186,0.25316,1.97802,1.87693,1.59369,0.00651025,0.00651025,0.00651025
425,4413.06,1.86196,1.98801,1.57866,0.675,0.47724,0.54792,0.25538,1.95103,1.87434,1.58496,0.006502,0.006502,0.006502
426,4423.04,1.85878,1.95833,1.57167,0.65694,0.49149,0.54189,0.2526,1.93481,1.85917,1.58575,0.00649375,0.00649375,0.00649375
427,4433.32,1.86227,1.93779,1.56611,0.67563,0.48748,0.54664,0.25514,1.93568,1.85891,1.5875,0.0064855,0.0064855,0.0064855
428,4443.56,1.86265,1.92397,1.56485,0.69624,0.48511,0.54408,0.25039,1.95706,1.87233,1.60164,0.00647725,0.00647725,0.00647725
429,4453.87,1.867,1.97183,1.56068,0.7055,0.48298,0.54973,0.25087,1.96265,1.86409,1.59225,0.006469,0.006469,0.006469
430,4464.16,1.87891,1.96568,1.56965,0.68708,0.47447,0.54651,0.25507,1.96445,1.84779,1.59924,0.00646075,0.00646075,0.00646075
431,4474.42,1.86359,1.91593,1.56256,0.66761,0.48936,0.5395,0.2511,1.94923,1.8597,1.58575,0.0064525,0.0064525,0.0064525
432,4484.71,1.8624,1.94681,1.54107,0.67123,0.48653,0.54236,0.2557,1.94449,1.85052,1.58544,0.00644425,0.00644425,0.00644425
433,4494.94,1.84536,1.97322,1.56034,0.69893,0.4766,0.55094,0.25856,1.93517,1.84477,1.57332,0.006436,0.006436,0.006436
434,4505.58,1.83337,1.90524,1.55927,0.64213,0.51158,0.55569,0.25857,1.92976,1.82417,1.56668,0.00642775,0.00642775,0.00642775
435,4516.09,1.87092,1.95603,1.57064,0.71304,0.49696,0.56372,0.26483,1.9241,1.82448,1.56614,0.0064195,0.0064195,0.0064195
436,4526.69,1.82021,1.8978,1.54253,0.7183,0.5,0.56758,0.27511,1.92285,1.79202,1.55912,0.00641125,0.00641125,0.00641125
437,4537.34,1.83449,1.9553,1.53857,0.69676,0.50354,0.57567,0.2747,1.91836,1.80285,1.55212,0.006403,0.006403,0.006403
438,4547.95,1.83655,1.89774,1.54711,0.68348,0.53404,0.57719,0.2746,1.90029,1.80021,1.54206,0.00639475,0.00639475,0.00639475
439,4558.63,1.83849,1.89747,1.5312,0.66509,0.53617,0.57955,0.27862,1.89014,1.781,1.54166,0.0063865,0.0063865,0.0063865
440,4569.28,1.85181,1.95289,1.54771,0.69743,0.50213,0.5841,0.28753,1.87806,1.75813,1.54133,0.00637825,0.00637825,0.00637825
441,4579.87,1.84742,1.95293,1.55293,0.66591,0.52766,0.59128,0.29084,1.86859,1.75878,1.54064,0.00637,0.00637,0.00637
442,4590.45,1.82837,1.86857,1.53868,0.68595,0.52979,0.59064,0.28205,1.87841,1.77758,1.53933,0.00636175,0.00636175,0.00636175
443,4600.65,1.80988,1.86516,1.53522,0.71212,0.5,0.57482,0.27379,1.89092,1.77416,1.53604,0.0063535,0.0063535,0.0063535
444,4610.9,1.82096,1.87707,1.52169,0.72497,0.5,0.57011,0.26984,1.8863,1.7621,1.53085,0.00634525,0.00634525,0.00634525
445,4621.18,1.83136,1.86781,1.53089,0.7079,0.48984,0.56812,0.26751,1.87802,1.76352,1.52902,0.006337,0.006337,0.006337
446,4631.38,1.78829,1.85603,1.51874,0.71064,0.5,0.57492,0.27282,1.87851,1.76546,1.52769,0.00632875,0.00632875,0.00632875
447,4641.6,1.7866,1.82356,1.51031,0.67828,0.51064,0.57696,0.2808,1.86484,1.76828,1.52584,0.0063205,0.0063205,0.0063205
448,4651.87,1.81926,1.89997,1.54141,0.67387,0.52755,0.57688,0.28817,1.85026,1.73907,1.52107,0.00631225,0.00631225,0.00631225
449,4662.18,1.7808,1.81303,1.50134,0.66435,0.51915,0.58087,0.2877,1.84717,1.72801,1.51818,0.006304,0.006304,0.006304
450,4672.41,1.80821,1.84483,1.5277,0.67871,0.53617,0.59208,0.29582,1.84479,1.7158,1.5179,0.00629575,0.00629575,0.00629575
451,4683.08,1.80814,1.83863,1.51114,0.71516,0.51702,0.58971,0.29063,1.84143,1.72965,1.51477,0.0062875,0.0062875,0.0062875
452,4693.24,1.8107,1.84409,1.53728,0.72367,0.53493,0.59814,0.2914,1.83791,1.7171,1.50942,0.00627925,0.00627925,0.00627925
453,4703.5,1.76611,1.82882,1.51573,0.67743,0.54513,0.59456,0.28636,1.8487,1.72052,1.50787,0.006271,0.006271,0.006271
454,4713.73,1.7919,1.81564,1.51264,0.72393,0.5383,0.61094,0.29468,1.85239,1.71818,1.51237,0.00626275,0.00626275,0.00626275
455,4724.31,1.78859,1.82515,1.52027,0.72128,0.52979,0.61239,0.29347,1.85981,1.71679,1.51617,0.0062545,0.0062545,0.0062545
456,4734.53,1.77077,1.82237,1.50171,0.67462,0.56596,0.62142,0.30209,1.85948,1.67567,1.51322,0.00624625,0.00624625,0.00624625
457,4744.61,1.7673,1.82395,1.51464,0.76138,0.51595,0.61566,0.29943,1.86435,1.6704,1.51739,0.006238,0.006238,0.006238
458,4754.23,1.77139,1.80188,1.50532,0.72764,0.54,0.61861,0.3033,1.85441,1.66629,1.52319,0.00622975,0.00622975,0.00622975
459,4764.24,1.79881,1.86319,1.51739,0.71307,0.53191,0.62043,0.31245,1.83383,1.64713,1.50554,0.0062215,0.0062215,0.0062215
460,4774.49,1.79358,1.85167,1.52726,0.71548,0.57021,0.62838,0.31677,1.8215,1.65703,1.49601,0.00621325,0.00621325,0.00621325
461,4785.13,1.77765,1.79298,1.5019,0.73573,0.54681,0.62288,0.31994,1.79377,1.64922,1.47621,0.006205,0.006205,0.006205
462,4795.79,1.78513,1.80016,1.51033,0.74669,0.5331,0.62299,0.3252,1.77526,1.65315,1.47622,0.00619675,0.00619675,0.00619675
463,4806.41,1.79852,1.84964,1.50569,0.72624,0.55106,0.62856,0.324,1.76674,1.63614,1.47466,0.0061885,0.0061885,0.0061885
464,4816.69,1.75971,1.74476,1.48058,0.73034,0.56473,0.63224,0.32902,1.78404,1.63684,1.48745,0.00618025,0.00618025,0.00618025
465,4827.32,1.75542,1.77876,1.49079,0.7428,0.5617,0.63766,0.33398,1.78187,1.62744,1.48539,0.006172,0.006172,0.006172
466,4837.88,1.75029,1.76282,1.48942,0.69853,0.57234,0.63963,0.32862,1.78892,1.62432,1.4837,0.00616375,0.00616375,0.00616375
467,4848.16,1.74976,1.78139,1.48912,0.67497,0.60091,0.63535,0.32781,1.79095,1.62068,1.48553,0.0061555,0.0061555,0.0061555
468,4858.46,1.7517,1.74548,1.486,0.72356,0.56248,0.64318,0.32631,1.7878,1.62123,1.48742,0.00614725,0.00614725,0.00614725
469,4868.78,1.75192,1.78358,1.48723,0.73095,0.57803,0.64159,0.33061,1.78135,1.62355,1.48556,0.006139,0.006139,0.006139
470,4879.04,1.73473,1.75789,1.48189,0.74195,0.57447,0.64099,0.33365,1.78865,1.6083,1.48311,0.00613075,0.00613075,0.00613075
471,4889.68,1.7773,1.79101,1.49808,0.74509,0.57216,0.64709,0.33399,1.79681,1.59527,1.47572,0.0061225,0.0061225,0.0061225
472,4900.37,1.72562,1.74242,1.46055,0.75704,0.55532,0.6478,0.33522,1.80385,1.59488,1.47493,0.00611425,0.00611425,0.00611425
473,4910.96,1.72555,1.75045,1.47943,0.79264,0.55319,0.6485,0.33308,1.79815,1.60174,1.46863,0.006106,0.006106,0.006106
474,4921.2,1.71048,1.68522,1.47259,0.77006,0.57005,0.65002,0.33634,1.77901,1.57041,1.46647,0.00609775,0.00609775,0.00609775
475,4931.81,1.75973,1.75331,1.47769,0.76437,0.57234,0.65301,0.33851,1.77581,1.58043,1.47093,0.0060895,0.0060895,0.0060895
476,4942.44,1.74215,1.75367,1.47864,0.71598,0.59,0.6513,0.33263,1.78994,1.59583,1.47058,0.00608125,0.00608125,0.00608125
477,4952.77,1.70151,1.7227,1.47097,0.7564,0.59149,0.65925,0.34079,1.79255,1.58019,1.46429,0.006073,0.006073,0.006073
478,4963.36,1.71486,1.70967,1.47011,0.78405,0.58723,0.66573,0.34516,1.78471,1.57396,1.45829,0.00606475,0.00606475,0.00606475
479,4973.97,1.72189,1.71167,1.454,0.78316,0.58085,0.66321,0.34636,1.77665,1.56906,1.45318,0.0060565,0.0060565,0.0060565
480,4984.03,1.74464,1.73797,1.48537,0.78863,0.57949,0.66373,0.34904,1.76692,1.57981,1.45408,0.00604825,0.00604825,0.00604825
481,4994.64,1.73424,1.70384,1.45843,0.77669,0.57872,0.66143,0.34797,1.76936,1.57218,1.45752,0.00604,0.00604,0.00604
482,5004.91,1.74303,1.73755,1.47473,0.76629,0.57205,0.66079,0.348,1.77763,1.57394,1.46119,0.00603175,0.00603175,0.00603175
483,5015.2,1.7407,1.72505,1.48541,0.78328,0.56137,0.66213,0.35138,1.77575,1.57212,1.45801,0.0060235,0.0060235,0.0060235
484,5025.85,1.71849,1.70799,1.47081,0.80115,0.56596,0.66196,0.3501,1.76463,1.5742,1.45362,0.00601525,0.00601525,0.00601525
485,5036.09,1.72493,1.70629,1.45911,0.78297,0.56383,0.66611,0.35523,1.75881,1.58188,1.45874,0.006007,0.006007,0.006007
486,5046.71,1.68989,1.70724,1.45747,0.78035,0.58511,0.67323,0.36034,1.76147,1.56011,1.45336,0.00599875,0.00599875,0.00599875
487,5057.33,1.68986,1.68468,1.4526,0.79124,0.58936,0.67454,0.35622,1.76613,1.54642,1.45421,0.0059905,0.0059905,0.0059905
488,5067.63,1.73043,1.73819,1.48201,0.81706,0.57021,0.67274,0.35451,1.77462,1.55609,1.45231,0.00598225,0.00598225,0.00598225
489,5077.86,1.70245,1.67705,1.43742,0.79111,0.55745,0.66805,0.35859,1.77185,1.5558,1.45032,0.005974,0.005974,0.005974
490,5088.09,1.7196,1.68729,1.45974,0.80914,0.57021,0.67739,0.36414,1.75236,1.53394,1.44481,0.00596575,0.00596575,0.00596575
491,5098.72,1.69226,1.67394,1.4447,0.79179,0.57234,0.68121,0.36613,1.73651,1.51017,1.43663,0.0059575,0.0059575,0.0059575
492,5109.33,1.72452,1.7115,1.46473,0.80844,0.58085,0.67833,0.36326,1.72739,1.51224,1.42897,0.00594925,0.00594925,0.00594925
493,5119.56,1.70246,1.67324,1.46106,0.81685,0.57447,0.68298,0.36503,1.72502,1.50106,1.42182,0.005941,0.005941,0.005941
494,5129.86,1.68412,1.62914,1.45486,0.82585,0.57872,0.68278,0.36631,1.72473,1.5043,1.42055,0.00593275,0.00593275,0.00593275
495,5140.49,1.68702,1.66557,1.44433,0.82264,0.58511,0.68856,0.36894,1.71647,1.49626,1.41628,0.0059245,0.0059245,0.0059245
496,5151.06,1.70437,1.665,1.44472,0.8217,0.57872,0.68317,0.36891,1.72146,1.49334,1.41415,0.00591625,0.00591625,0.00591625
497,5161.26,1.67261,1.644,1.446,0.78948,0.5745,0.6778,0.36548,1.73565,1.50836,1.41563,0.005908,0.005908,0.005908
498,5171.44,1.68335,1.63946,1.43887,0.80083,0.57021,0.66952,0.3589,1.73172,1.50955,1.41064,0.00589975,0.00589975,0.00589975
499,5181.66,1.69677,1.66695,1.42778,0.79111,0.58085,0.68218,0.3624,1.72014,1.50972,1.40707,0.0058915,0.0058915,0.0058915
500,5191.9,1.67398,1.62568,1.44155,0.76086,0.58936,0.68318,0.36797,1.71623,1.50087,1.40823,0.00588325,0.00588325,0.00588325
501,5202.06,1.67633,1.65229,1.44783,0.75409,0.6,0.68609,0.36983,1.71327,1.50367,1.40943,0.005875,0.005875,0.005875
502,5212.42,1.67881,1.65763,1.42117,0.80002,0.58298,0.68765,0.36918,1.71545,1.49456,1.40998,0.00586675,0.00586675,0.00586675
503,5222.38,1.67894,1.614,1.43616,0.81556,0.58332,0.69257,0.37089,1.71769,1.49416,1.41298,0.0058585,0.0058585,0.0058585
504,5232.98,1.69399,1.64483,1.43933,0.79512,0.59574,0.69379,0.37332,1.71138,1.49478,1.42185,0.00585025,0.00585025,0.00585025
505,5243.53,1.65482,1.64615,1.43278,0.78991,0.59574,0.69655,0.3749,1.70987,1.49016,1.4156,0.005842,0.005842,0.005842
506,5254.13,1.66489,1.6255,1.42025,0.81231,0.57021,0.69533,0.38024,1.70526,1.47806,1.40986,0.00583375,0.00583375,0.00583375
507,5264.72,1.62739,1.59393,1.41454,0.80669,0.58085,0.69725,0.38165,1.70625,1.47091,1.40923,0.0058255,0.0058255,0.0058255
508,5275.24,1.64878,1.6097,1.41922,0.81863,0.57234,0.70027,0.38467,1.69981,1.46572,1.40067,0.00581725,0.00581725,0.00581725
509,5285.81,1.6471,1.60443,1.41143,0.76489,0.59787,0.70134,0.38684,1.69634,1.45566,1.40106,0.005809,0.005809,0.005809
510,5296.44,1.67058,1.63316,1.42569,0.82964,0.57021,0.70055,0.38744,1.70595,1.45899,1.40213,0.00580075,0.00580075,0.00580075
511,5307.01,1.6869,1.63945,1.43509,0.76708,0.60963,0.70121,0.38503,1.70854,1.45802,1.40383,0.0057925,0.0057925,0.0057925
512,5317.25,1.66644,1.58935,1.41584,0.78754,0.5915,0.70143,0.38657,1.71171,1.45035,1.40606,0.00578425,0.00578425,0.00578425
513,5327.48,1.63901,1.58173,1.41315,0.77023,0.59574,0.69908,0.38894,1.70626,1.4554,1.4041,0.005776,0.005776,0.005776
514,5338.08,1.63811,1.56671,1.41645,0.84022,0.57062,0.70268,0.39201,1.69031,1.45378,1.39224,0.00576775,0.00576775,0.00576775
515,5348.68,1.60361,1.55215,1.38555,0.79843,0.58511,0.70539,0.39417,1.66951,1.45084,1.38608,0.0057595,0.0057595,0.0057595
516,5359.27,1.65529,1.6046,1.41171,0.77049,0.6,0.70706,0.39561,1.66317,1.43367,1.38894,0.00575125,0.00575125,0.00575125
517,5369.87,1.6262,1.58858,1.39724,0.79132,0.59787,0.70191,0.39729,1.66126,1.42934,1.38999,0.005743,0.005743,0.005743
518,5380.47,1.653,1.60522,1.41753,0.70713,0.6627,0.71082,0.39282,1.65852,1.42897,1.38508,0.00573475,0.00573475,0.00573475
519,5390.61,1.64419,1.58796,1.42128,0.77577,0.61702,0.712,0.39593,1.67139,1.43404,1.38325,0.0057265,0.0057265,0.0057265
520,5400.8,1.62344,1.59463,1.41375,0.75575,0.61882,0.70724,0.392,1.6766,1.4297,1.38185,0.00571825,0.00571825,0.00571825
521,5410.97,1.61849,1.56322,1.38845,0.75289,0.62879,0.71102,0.39041,1.67071,1.42851,1.37676,0.00571,0.00571,0.00571
522,5421.26,1.63391,1.58005,1.40188,0.76327,0.61915,0.70676,0.39642,1.66608,1.42244,1.37396,0.00570175,0.00570175,0.00570175
523,5431.54,1.62117,1.54085,1.39455,0.74569,0.63191,0.70426,0.39945,1.64911,1.41173,1.37025,0.0056935,0.0056935,0.0056935
524,5442.15,1.62243,1.56059,1.40024,0.75007,0.64255,0.71367,0.40337,1.65117,1.41165,1.37062,0.00568525,0.00568525,0.00568525
525,5452.76,1.61903,1.55377,1.39149,0.77941,0.62553,0.71531,0.40139,1.6596,1.41178,1.37732,0.005677,0.005677,0.005677
526,5463.05,1.6161,1.55589,1.40088,0.78137,0.63617,0.71923,0.40121,1.6618,1.4085,1.37903,0.00566875,0.00566875,0.00566875
527,5473.41,1.59749,1.56615,1.38301,0.81133,0.61277,0.72651,0.40466,1.65526,1.40384,1.37426,0.0056605,0.0056605,0.0056605
528,5483.99,1.60929,1.5378,1.39575,0.79423,0.63233,0.72896,0.40723,1.65277,1.39993,1.3734,0.00565225,0.00565225,0.00565225
529,5494.53,1.59393,1.50916,1.38499,0.82769,0.60851,0.72222,0.40288,1.65385,1.41071,1.37563,0.005644,0.005644,0.005644
530,5504.78,1.60532,1.55445,1.40204,0.80448,0.6383,0.72746,0.40525,1.65017,1.39802,1.3729,0.00563575,0.00563575,0.00563575
531,5514.97,1.6002,1.54459,1.39519,0.78301,0.63724,0.72544,0.40365,1.64236,1.38958,1.3638,0.0056275,0.0056275,0.0056275
532,5525.26,1.56868,1.50456,1.38669,0.80221,0.6386,0.72905,0.40299,1.63567,1.38985,1.36486,0.00561925,0.00561925,0.00561925
533,5535.53,1.60004,1.53687,1.38489,0.79088,0.62766,0.72483,0.4073,1.63023,1.39021,1.36297,0.005611,0.005611,0.005611
534,5545.83,1.61449,1.56198,1.39489,0.80772,0.61702,0.71753,0.40662,1.64085,1.39145,1.36618,0.00560275,0.00560275,0.00560275
535,5556.12,1.60844,1.53092,1.39026,0.80145,0.6234,0.71761,0.40589,1.64758,1.38595,1.36342,0.0055945,0.0055945,0.0055945
536,5566.41,1.60109,1.52262,1.38203,0.76424,0.64468,0.71763,0.40526,1.6481,1.3822,1.35859,0.00558625,0.00558625,0.00558625
537,5576.6,1.59789,1.51116,1.38982,0.80775,0.62979,0.71964,0.40534,1.65139,1.38063,1.36296,0.005578,0.005578,0.005578
538,5586.81,1.55773,1.45499,1.37809,0.80134,0.63404,0.72407,0.40941,1.63662,1.36713,1.3583,0.00556975,0.00556975,0.00556975
539,5597.49,1.58344,1.53548,1.37551,0.77128,0.64468,0.72144,0.41429,1.62139,1.35693,1.35384,0.0055615,0.0055615,0.0055615
540,5608.12,1.59183,1.53324,1.37815,0.78543,0.64255,0.7303,0.41631,1.6194,1.35685,1.35127,0.00555325,0.00555325,0.00555325
541,5618.79,1.58488,1.5341,1.39214,0.78195,0.64856,0.732,0.41851,1.61428,1.36404,1.3519,0.005545,0.005545,0.005545
542,5629.27,1.58392,1.50039,1.37512,0.79384,0.63404,0.7306,0.42002,1.61087,1.35935,1.34596,0.00553675,0.00553675,0.00553675
543,5639.87,1.57161,1.49749,1.37139,0.82501,0.62194,0.73252,0.42125,1.60881,1.35908,1.34111,0.0055285,0.0055285,0.0055285
544,5650.42,1.59443,1.49012,1.36861,0.86032,0.6028,0.73303,0.42009,1.61835,1.35706,1.34672,0.00552025,0.00552025,0.00552025
545,5660.63,1.59018,1.501,1.36624,0.85927,0.61057,0.73552,0.4196,1.625,1.35301,1.34807,0.005512,0.005512,0.005512
546,5670.88,1.5712,1.47974,1.37717,0.82669,0.62925,0.73439,0.42312,1.62386,1.34423,1.34679,0.00550375,0.00550375,0.00550375
547,5681.44,1.57218,1.47123,1.36658,0.80286,0.64255,0.73455,0.42245,1.62824,1.34027,1.3495,0.0054955,0.0054955,0.0054955
548,5691.65,1.55897,1.47715,1.35976,0.82145,0.64894,0.73967,0.42583,1.61497,1.32709,1.34046,0.00548725,0.00548725,0.00548725
549,5702.23,1.56627,1.47048,1.36326,0.82209,0.64468,0.7421,0.43017,1.60491,1.31715,1.33999,0.005479,0.005479,0.005479
550,5712.88,1.58205,1.50232,1.38698,0.81586,0.6599,0.7449,0.4329,1.60333,1.32256,1.3353,0.00547075,0.00547075,0.00547075
551,5723.61,1.59396,1.50558,1.37672,0.81483,0.66596,0.74601,0.43165,1.6064,1.32677,1.33693,0.0054625,0.0054625,0.0054625
552,5733.68,1.60255,1.5218,1.39323,0.8149,0.67442,0.74254,0.42708,1.60449,1.33145,1.3373,0.00545425,0.00545425,0.00545425
553,5743.91,1.57168,1.50858,1.36105,0.83185,0.66809,0.74745,0.42849,1.6097,1.32548,1.33901,0.005446,0.005446,0.005446
554,5754.15,1.59027,1.50809,1.37428,0.83477,0.66645,0.74889,0.4278,1.61015,1.32383,1.34003,0.00543775,0.00543775,0.00543775
555,5764.41,1.54716,1.44587,1.36241,0.82963,0.65745,0.75029,0.42595,1.59897,1.31705,1.3388,0.0054295,0.0054295,0.0054295
556,5774.65,1.55236,1.4552,1.35786,0.82449,0.64894,0.74898,0.42715,1.59844,1.30495,1.33942,0.00542125,0.00542125,0.00542125
557,5784.9,1.55625,1.46399,1.35529,0.8322,0.64043,0.75099,0.4318,1.59185,1.30493,1.33559,0.005413,0.005413,0.005413
558,5795.15,1.56053,1.45582,1.36338,0.81439,0.65745,0.75444,0.43414,1.5834,1.30049,1.3314,0.00540475,0.00540475,0.00540475
559,5805.84,1.60189,1.51216,1.38187,0.81494,0.64255,0.75119,0.43464,1.58029,1.29763,1.32558,0.0053965,0.0053965,0.0053965
560,5816.4,1.54112,1.44963,1.35771,0.82554,0.65444,0.75551,0.43732,1.5755,1.2966,1.31814,0.00538825,0.00538825,0.00538825
561,5827.03,1.53455,1.4574,1.35027,0.83653,0.65957,0.75783,0.43638,1.57568,1.29561,1.32031,0.00538,0.00538,0.00538
562,5837.4,1.53545,1.41707,1.34351,0.8506,0.65957,0.75689,0.43903,1.57282,1.2884,1.31842,0.00537175,0.00537175,0.00537175
563,5848.08,1.55569,1.46716,1.35014,0.86811,0.64681,0.76007,0.43994,1.57488,1.29701,1.31897,0.0053635,0.0053635,0.0053635
564,5858.69,1.55014,1.45353,1.35151,0.88486,0.64468,0.76484,0.43974,1.57103,1.29203,1.31574,0.00535525,0.00535525,0.00535525
565,5869.28,1.5131,1.41467,1.32925,0.86061,0.6383,0.75673,0.43986,1.5691,1.28811,1.30887,0.005347,0.005347,0.005347
566,5879.55,1.52924,1.44733,1.34174,0.85347,0.63617,0.75932,0.44392,1.5635,1.2904,1.30703,0.00533875,0.00533875,0.00533875
567,5890.15,1.53615,1.43374,1.34684,0.86906,0.6383,0.75508,0.4434,1.56081,1.29239,1.30618,0.0053305,0.0053305,0.0053305
568,5900.34,1.55827,1.45826,1.3469,0.83825,0.65532,0.76524,0.44705,1.55643,1.28913,1.30374,0.00532225,0.00532225,0.00532225
569,5910.97,1.53821,1.43469,1.33628,0.85208,0.65745,0.76638,0.44679,1.55062,1.28811,1.30464,0.005314,0.005314,0.005314
570,5921.21,1.51054,1.41628,1.32845,0.87782,0.64894,0.76226,0.44583,1.54985,1.28034,1.30179,0.00530575,0.00530575,0.00530575
571,5931.48,1.53347,1.43699,1.34038,0.86831,0.65319,0.76652,0.45157,1.54598,1.27715,1.2958,0.0052975,0.0052975,0.0052975
572,5942.11,1.5228,1.40958,1.33126,0.86103,0.66809,0.77079,0.45039,1.54446,1.27766,1.29505,0.00528925,0.00528925,0.00528925
573,5952.39,1.54264,1.41776,1.34461,0.85083,0.6766,0.76893,0.45134,1.53991,1.28683,1.29277,0.005281,0.005281,0.005281
574,5963.08,1.5255,1.43538,1.33759,0.84422,0.68031,0.76929,0.45475,1.53619,1.2889,1.28967,0.00527275,0.00527275,0.00527275
575,5973.63,1.54556,1.43813,1.34216,0.84107,0.66596,0.76524,0.45194,1.52965,1.29145,1.28704,0.0052645,0.0052645,0.0052645
576,5983.83,1.51012,1.41381,1.32981,0.85727,0.6617,0.76559,0.45598,1.52544,1.28067,1.28513,0.00525625,0.00525625,0.00525625
577,5994.47,1.5463,1.43117,1.33164,0.87008,0.65957,0.76655,0.45667,1.53081,1.27632,1.28792,0.005248,0.005248,0.005248
578,6005.09,1.50887,1.39688,1.32757,0.86663,0.66364,0.77457,0.45498,1.53769,1.28593,1.29045,0.00523975,0.00523975,0.00523975
579,6015.3,1.56162,1.43251,1.34641,0.86741,0.65418,0.77307,0.45681,1.53518,1.28017,1.28814,0.0052315,0.0052315,0.0052315
580,6025.87,1.56155,1.46473,1.35245,0.87316,0.65745,0.77045,0.45756,1.53754,1.27374,1.28776,0.00522325,0.00522325,0.00522325
581,6036.44,1.52618,1.42892,1.33133,0.89268,0.65481,0.77444,0.45877,1.53337,1.27196,1.28473,0.005215,0.005215,0.005215
582,6047.03,1.50358,1.40936,1.32025,0.86859,0.66809,0.77519,0.46,1.53334,1.25899,1.28111,0.00520675,0.00520675,0.00520675
583,6057.57,1.53527,1.44353,1.33907,0.85122,0.68298,0.77583,0.4597,1.53047,1.25544,1.28299,0.0051985,0.0051985,0.0051985
584,6067.77,1.52611,1.41571,1.32988,0.86937,0.67971,0.77565,0.4597,1.5245,1.25327,1.28243,0.00519025,0.00519025,0.00519025
585,6078.07,1.50637,1.40669,1.32344,0.87883,0.67234,0.77743,0.45858,1.51744,1.25461,1.28227,0.005182,0.005182,0.005182
586,6088.38,1.51245,1.39313,1.31375,0.86226,0.66599,0.77815,0.46026,1.51795,1.25559,1.27897,0.00517375,0.00517375,0.00517375
587,6098.92,1.4866,1.39533,1.32885,0.8414,0.69362,0.77958,0.46538,1.52113,1.25754,1.28042,0.0051655,0.0051655,0.0051655
588,6109.57,1.47832,1.37579,1.31395,0.8526,0.68916,0.78005,0.46596,1.51872,1.25109,1.2777,0.00515725,0.00515725,0.00515725
589,6120.04,1.48718,1.35627,1.31444,0.86346,0.67872,0.78447,0.46629,1.51174,1.25517,1.27525,0.005149,0.005149,0.005149
590,6130.21,1.48577,1.36038,1.31195,0.85266,0.68085,0.77825,0.46266,1.51461,1.25812,1.27554,0.00514075,0.00514075,0.00514075
591,6140.46,1.50352,1.39049,1.31802,0.87089,0.6766,0.78164,0.46502,1.5106,1.25276,1.27183,0.0051325,0.0051325,0.0051325
592,6150.75,1.49344,1.35959,1.31921,0.86226,0.6793,0.78191,0.46228,1.51151,1.24222,1.27199,0.00512425,0.00512425,0.00512425
593,6161.01,1.47202,1.34824,1.3029,0.84469,0.69429,0.78198,0.46529,1.51128,1.24505,1.27506,0.005116,0.005116,0.005116
594,6171.31,1.46524,1.35838,1.32388,0.86988,0.68723,0.78352,0.46816,1.50703,1.24618,1.27355,0.00510775,0.00510775,0.00510775
595,6181.94,1.49181,1.39527,1.32231,0.84926,0.68936,0.7828,0.46933,1.50179,1.25261,1.27018,0.0050995,0.0050995,0.0050995
596,6192.58,1.48383,1.35826,1.31193,0.84397,0.68298,0.78269,0.47369,1.4964,1.2482,1.26576,0.00509125,0.00509125,0.00509125
597,6203.36,1.48343,1.36744,1.31468,0.85632,0.68085,0.78656,0.47631,1.49367,1.2429,1.2638,0.005083,0.005083,0.005083
598,6213.9,1.49855,1.35159,1.31334,0.86983,0.66596,0.78574,0.47731,1.48891,1.23952,1.26252,0.00507475,0.00507475,0.00507475
599,6224.48,1.5,1.37472,1.31224,0.8621,0.6766,0.78757,0.47873,1.48769,1.23133,1.26063,0.0050665,0.0050665,0.0050665
600,6235.02,1.51567,1.3778,1.3222,0.82505,0.70239,0.78795,0.48284,1.48231,1.23181,1.26097,0.00505825,0.00505825,0.00505825
601,6245.63,1.47633,1.35624,1.30213,0.83159,0.69574,0.78733,0.48261,1.48578,1.23214,1.25953,0.00505,0.00505,0.00505
602,6256.04,1.48823,1.36013,1.30698,0.82209,0.69802,0.78445,0.4808,1.48736,1.22831,1.25893,0.00504175,0.00504175,0.00504175
603,6266.18,1.51227,1.37876,1.3243,0.82605,0.69716,0.7835,0.48234,1.48612,1.22202,1.25863,0.0050335,0.0050335,0.0050335
604,6276.42,1.48223,1.35421,1.31149,0.84575,0.70638,0.78708,0.48126,1.49039,1.21366,1.25922,0.00502525,0.00502525,0.00502525
605,6286.66,1.50326,1.3756,1.30919,0.84282,0.69592,0.79211,0.48208,1.48792,1.21152,1.25773,0.005017,0.005017,0.005017
606,6296.88,1.47339,1.32679,1.30742,0.8557,0.68723,0.78782,0.4838,1.48156,1.21292,1.25567,0.00500875,0.00500875,0.00500875
607,6307.36,1.47649,1.3695,1.306,0.86016,0.69365,0.78996,0.48601,1.473,1.20767,1.2526,0.0050005,0.0050005,0.0050005
608,6317.97,1.47277,1.32588,1.29111,0.87955,0.68364,0.79386,0.48872,1.47236,1.20372,1.25106,0.00499225,0.00499225,0.00499225
609,6328.57,1.47647,1.35036,1.29615,0.88205,0.70213,0.8,0.4899,1.47243,1.19481,1.25099,0.004984,0.004984,0.004984
610,6339.16,1.4843,1.3521,1.30195,0.88884,0.70426,0.80045,0.48733,1.4721,1.19027,1.25318,0.00497575,0.00497575,0.00497575
611,6349.32,1.44786,1.31969,1.28178,0.85559,0.71489,0.79781,0.48891,1.46663,1.18254,1.2508,0.0049675,0.0049675,0.0049675
612,6359.52,1.46478,1.33968,1.29927,0.85938,0.71489,0.80038,0.48991,1.46538,1.18285,1.25087,0.00495925,0.00495925,0.00495925
613,6370.13,1.4774,1.3406,1.30892,0.85609,0.70851,0.79695,0.49018,1.46115,1.18029,1.2474,0.004951,0.004951,0.004951
614,6380.37,1.45324,1.3173,1.3043,0.85118,0.70426,0.79648,0.49044,1.45086,1.17772,1.2422,0.00494275,0.00494275,0.00494275
615,6390.91,1.47902,1.32468,1.29741,0.85091,0.70433,0.79524,0.49057,1.44505,1.17083,1.23919,0.0049345,0.0049345,0.0049345
616,6401.51,1.46821,1.33469,1.29806,0.84085,0.7234,0.80218,0.49121,1.44591,1.16687,1.23873,0.00492625,0.00492625,0.00492625
617,6412.12,1.43686,1.32602,1.28397,0.87249,0.70426,0.80149,0.49243,1.44663,1.16363,1.24088,0.004918,0.004918,0.004918
618,6422.73,1.4513,1.29973,1.29476,0.84894,0.73191,0.80115,0.49264,1.44667,1.16108,1.23949,0.00490975,0.00490975,0.00490975
619,6433.35,1.44518,1.28999,1.29051,0.86008,0.71931,0.80259,0.49143,1.44893,1.16225,1.23813,0.0049015,0.0049015,0.0049015
620,6443.62,1.43156,1.29065,1.28648,0.85584,0.71702,0.79853,0.49138,1.45547,1.1697,1.24204,0.00489325,0.00489325,0.00489325
621,6453.88,1.45095,1.30282,1.28712,0.84348,0.72234,0.79959,0.49331,1.45846,1.17002,1.24187,0.004885,0.004885,0.004885
622,6464.44,1.45976,1.32172,1.29791,0.86684,0.70638,0.79985,0.49329,1.45857,1.16504,1.24275,0.00487675,0.00487675,0.00487675
623,6474.98,1.42377,1.29571,1.27753,0.86858,0.71718,0.80081,0.49337,1.45745,1.16483,1.24181,0.0048685,0.0048685,0.0048685
624,6485.65,1.47096,1.34913,1.30789,0.86883,0.71915,0.80248,0.49367,1.45609,1.16269,1.23938,0.00486025,0.00486025,0.00486025
625,6496.15,1.46506,1.32464,1.28716,0.85784,0.7234,0.80015,0.49123,1.45568,1.16131,1.23843,0.004852,0.004852,0.004852
626,6506.42,1.45378,1.29566,1.28782,0.86156,0.71915,0.80235,0.4924,1.45608,1.16045,1.23666,0.00484375,0.00484375,0.00484375
627,6516.6,1.43907,1.32364,1.2804,0.85564,0.71915,0.80362,0.49562,1.45118,1.1493,1.23171,0.0048355,0.0048355,0.0048355
628,6527.24,1.42638,1.27579,1.27158,0.84711,0.7073,0.80179,0.49496,1.44583,1.14074,1.22702,0.00482725,0.00482725,0.00482725
629,6537.52,1.4326,1.31034,1.27538,0.86012,0.69574,0.80143,0.49155,1.44025,1.14027,1.22262,0.004819,0.004819,0.004819
630,6547.75,1.43039,1.27775,1.27596,0.84776,0.7,0.8016,0.4936,1.43415,1.13912,1.21819,0.00481075,0.00481075,0.00481075
631,6558.03,1.47516,1.31396,1.30214,0.84432,0.71545,0.80436,0.49535,1.43057,1.13606,1.21663,0.0048025,0.0048025,0.0048025
632,6568.33,1.41689,1.27107,1.27828,0.83188,0.71915,0.80499,0.49615,1.42704,1.13552,1.21585,0.00479425,0.00479425,0.00479425
633,6578.93,1.40707,1.2595,1.2563,0.82548,0.72979,0.80565,0.49787,1.42641,1.1355,1.21714,0.004786,0.004786,0.004786
634,6589.51,1.47493,1.33955,1.30438,0.82684,0.74043,0.80834,0.49637,1.42574,1.13651,1.21763,0.00477775,0.00477775,0.00477775
635,6599.8,1.43085,1.29084,1.27487,0.83819,0.73845,0.81203,0.49716,1.42126,1.13134,1.21728,0.0047695,0.0047695,0.0047695
636,6610.42,1.4321,1.28403,1.27335,0.83401,0.73765,0.81029,0.49952,1.41512,1.12534,1.21537,0.00476125,0.00476125,0.00476125
637,6621.08,1.41685,1.27626,1.2756,0.835,0.72138,0.81033,0.50211,1.41618,1.11933,1.21381,0.004753,0.004753,0.004753
638,6631.68,1.41309,1.29349,1.27677,0.83133,0.72358,0.81011,0.50278,1.41684,1.11818,1.21317,0.00474475,0.00474475,0.00474475
639,6642.32,1.44459,1.28858,1.28061,0.83723,0.72128,0.81232,0.50513,1.42097,1.1153,1.21458,0.0047365,0.0047365,0.0047365
640,6653.08,1.39503,1.24109,1.26677,0.85009,0.71702,0.81317,0.50378,1.42115,1.11716,1.21571,0.00472825,0.00472825,0.00472825
641,6663.34,1.43334,1.26644,1.26181,0.85824,0.70845,0.80977,0.50313,1.41909,1.11285,1.21372,0.00472,0.00472,0.00472
642,6673.63,1.40326,1.25253,1.25567,0.8701,0.69831,0.80812,0.50459,1.41918,1.1106,1.21556,0.00471175,0.00471175,0.00471175
643,6683.93,1.43099,1.27688,1.28737,0.89514,0.68298,0.80712,0.50546,1.41674,1.10974,1.21328,0.0047035,0.0047035,0.0047035
644,6694.23,1.44423,1.28619,1.27237,0.86114,0.70638,0.8097,0.50848,1.41455,1.11024,1.21111,0.00469525,0.00469525,0.00469525
645,6704.97,1.4366,1.23234,1.27204,0.86611,0.70196,0.80784,0.50818,1.4154,1.10973,1.2108,0.004687,0.004687,0.004687
646,6715.18,1.44496,1.29996,1.2851,0.87661,0.71042,0.81061,0.50886,1.41101,1.1074,1.21094,0.00467875,0.00467875,0.00467875
647,6725.77,1.43701,1.29381,1.27868,0.85677,0.72545,0.81443,0.50893,1.41094,1.10941,1.21015,0.0046705,0.0046705,0.0046705
648,6736.44,1.41606,1.28372,1.2826,0.85044,0.72589,0.81331,0.51047,1.40421,1.1081,1.21008,0.00466225,0.00466225,0.00466225
649,6747.17,1.39985,1.23099,1.26368,0.85723,0.72817,0.81494,0.51054,1.40042,1.1126,1.20817,0.004654,0.004654,0.004654
650,6757.86,1.43921,1.26878,1.256,0.84828,0.72766,0.81519,0.51231,1.39952,1.1124,1.20611,0.00464575,0.00464575,0.00464575
651,6768.53,1.39413,1.2099,1.24383,0.84065,0.73617,0.81516,0.51375,1.39789,1.10817,1.20569,0.0046375,0.0046375,0.0046375
652,6779.18,1.43251,1.25967,1.26688,0.83484,0.74208,0.81611,0.51362,1.39669,1.10597,1.20393,0.00462925,0.00462925,0.00462925
653,6789.43,1.41476,1.26631,1.2681,0.84432,0.73851,0.8156,0.51418,1.39301,1.10533,1.20191,0.004621,0.004621,0.004621
654,6800.01,1.41332,1.29412,1.26931,0.8673,0.72309,0.81798,0.51486,1.38965,1.10544,1.2006,0.00461275,0.00461275,0.00461275
655,6810.4,1.42426,1.26833,1.27373,0.84902,0.7383,0.81809,0.51675,1.39107,1.10438,1.20058,0.0046045,0.0046045,0.0046045
656,6821.01,1.42987,1.2477,1.26262,0.85562,0.73133,0.81661,0.51789,1.39318,1.10127,1.19773,0.00459625,0.00459625,0.00459625
657,6831.63,1.39474,1.24565,1.25949,0.86192,0.71716,0.81628,0.51679,1.3948,1.10303,1.19934,0.004588,0.004588,0.004588
658,6841.89,1.4073,1.23546,1.25026,0.87648,0.71489,0.81878,0.51614,1.39466,1.10037,1.20012,0.00457975,0.00457975,0.00457975
659,6852.23,1.40797,1.25803,1.25086,0.86088,0.71915,0.81846,0.51915,1.39073,1.09513,1.19882,0.0045715,0.0045715,0.0045715
660,6862.92,1.4209,1.24787,1.25566,0.88654,0.70638,0.8214,0.52083,1.39114,1.0896,1.19885,0.00456325,0.00456325,0.00456325
661,6873.59,1.39522,1.24149,1.2491,0.88681,0.70638,0.82209,0.51812,1.38901,1.08902,1.19844,0.004555,0.004555,0.004555
662,6883.81,1.38185,1.22151,1.25661,0.88607,0.70638,0.82084,0.52021,1.38653,1.08671,1.1954,0.00454675,0.00454675,0.00454675
663,6894.09,1.40072,1.24005,1.26195,0.88084,0.70774,0.82186,0.52073,1.38425,1.07999,1.19037,0.0045385,0.0045385,0.0045385
664,6904.48,1.39293,1.23973,1.25675,0.88748,0.71489,0.8245,0.52056,1.38309,1.07792,1.18976,0.00453025,0.00453025,0.00453025
665,6915.11,1.40687,1.25005,1.25405,0.88055,0.72148,0.82449,0.52391,1.38324,1.07564,1.18729,0.004522,0.004522,0.004522
666,6925.68,1.37902,1.22323,1.25002,0.89345,0.71277,0.82706,0.5231,1.384,1.07482,1.18506,0.00451375,0.00451375,0.00451375
667,6935.94,1.37972,1.20463,1.23828,0.86781,0.72636,0.82686,0.52268,1.38336,1.07221,1.18502,0.0045055,0.0045055,0.0045055
668,6946.27,1.39846,1.24214,1.26298,0.86875,0.72128,0.82767,0.52177,1.38233,1.06856,1.18512,0.00449725,0.00449725,0.00449725
669,6956.49,1.38967,1.23611,1.23716,0.87246,0.71915,0.82831,0.52412,1.3842,1.0661,1.18554,0.004489,0.004489,0.004489
670,6967.13,1.38287,1.2504,1.26096,0.88712,0.719,0.83039,0.52511,1.38373,1.06357,1.18334,0.00448075,0.00448075,0.00448075
671,6977.74,1.44772,1.2993,1.26317,0.86411,0.7234,0.82882,0.52492,1.38276,1.06204,1.18251,0.0044725,0.0044725,0.0044725
672,6988.07,1.39182,1.22639,1.25104,0.87618,0.72267,0.83071,0.52506,1.38456,1.06077,1.18202,0.00446425,0.00446425,0.00446425
673,6998.34,1.39451,1.23334,1.24617,0.86355,0.7234,0.82909,0.52664,1.38278,1.06285,1.18194,0.004456,0.004456,0.004456
674,7008.93,1.3791,1.20141,1.23609,0.87628,0.71915,0.82903,0.52914,1.37974,1.0628,1.18128,0.00444775,0.00444775,0.00444775
675,7019.66,1.36797,1.19788,1.24344,0.88197,0.71915,0.82973,0.52984,1.37699,1.06095,1.1797,0.0044395,0.0044395,0.0044395
676,7030.29,1.40851,1.22966,1.2491,0.89248,0.71064,0.83025,0.52999,1.37814,1.06218,1.17886,0.00443125,0.00443125,0.00443125
677,7040.9,1.37194,1.18994,1.23016,0.90708,0.70619,0.8315,0.53164,1.3757,1.06276,1.17714,0.004423,0.004423,0.004423
678,7051.51,1.39895,1.22024,1.23239,0.90928,0.70851,0.83236,0.53267,1.37408,1.05928,1.17489,0.00441475,0.00441475,0.00441475
679,7062.07,1.37418,1.21469,1.24545,0.91297,0.70638,0.83067,0.53187,1.37351,1.05675,1.17357,0.0044065,0.0044065,0.0044065
680,7072.32,1.36584,1.22087,1.25122,0.91192,0.70638,0.83139,0.53147,1.37362,1.05496,1.17263,0.00439825,0.00439825,0.00439825
681,7082.23,1.38747,1.22978,1.25582,0.90292,0.71237,0.83511,0.53225,1.37321,1.05276,1.1717,0.00439,0.00439,0.00439
682,7092.51,1.35867,1.19685,1.23934,0.85658,0.72766,0.83445,0.53167,1.37114,1.05135,1.16857,0.00438175,0.00438175,0.00438175
683,7102.77,1.3802,1.22788,1.25603,0.86345,0.72652,0.83136,0.53273,1.36829,1.051,1.16811,0.0043735,0.0043735,0.0043735
684,7113.04,1.39227,1.23825,1.25081,0.83173,0.75106,0.83104,0.53379,1.36836,1.05187,1.16973,0.00436525,0.00436525,0.00436525
685,7123.64,1.37716,1.19368,1.23483,0.85411,0.74681,0.83273,0.53424,1.36842,1.0516,1.17035,0.004357,0.004357,0.004357
686,7134.25,1.34865,1.17642,1.23084,0.85598,0.75874,0.83324,0.5356,1.36718,1.05253,1.17052,0.00434875,0.00434875,0.00434875
687,7144.87,1.36849,1.19786,1.22871,0.84765,0.76383,0.83402,0.53575,1.36784,1.05426,1.17108,0.0043405,0.0043405,0.0043405
688,7155.57,1.35896,1.18206,1.21649,0.86049,0.76114,0.83551,0.53268,1.36964,1.05514,1.17165,0.00433225,0.00433225,0.00433225
689,7165.55,1.33964,1.16848,1.22425,0.85393,0.75877,0.83491,0.53609,1.36767,1.05253,1.16988,0.004324,0.004324,0.004324
690,7175.88,1.36627,1.19922,1.23467,0.85379,0.75791,0.83561,0.53533,1.36698,1.05033,1.17021,0.00431575,0.00431575,0.00431575
691,7186.14,1.37657,1.21185,1.2301,0.86656,0.74611,0.83657,0.53473,1.36845,1.05072,1.17023,0.0043075,0.0043075,0.0043075
692,7196.41,1.37809,1.20184,1.23336,0.85835,0.75106,0.83701,0.53848,1.36827,1.04827,1.17118,0.00429925,0.00429925,0.00429925
693,7206.94,1.36451,1.19663,1.2264,0.86544,0.75532,0.83616,0.53878,1.36803,1.04747,1.17176,0.004291,0.004291,0.004291
694,7217.42,1.34116,1.1693,1.21782,0.86782,0.75435,0.83572,0.53768,1.36741,1.04532,1.17144,0.00428275,0.00428275,0.00428275
695,7227.63,1.35515,1.17703,1.22561,0.8604,0.75319,0.83616,0.53407,1.36486,1.04305,1.16965,0.0042745,0.0042745,0.0042745
696,7237.9,1.35488,1.18284,1.23038,0.86518,0.75094,0.83591,0.53538,1.36397,1.04049,1.16946,0.00426625,0.00426625,0.00426625
697,7248.16,1.39159,1.23368,1.24202,0.87968,0.74669,0.83916,0.53651,1.3627,1.03957,1.17041,0.004258,0.004258,0.004258
698,7258.38,1.37492,1.18605,1.2354,0.8833,0.74076,0.8384,0.53558,1.36187,1.03888,1.17088,0.00424975,0.00424975,0.00424975
699,7268.41,1.32759,1.14077,1.20864,0.89286,0.74681,0.83979,0.53591,1.35982,1.03591,1.17136,0.0042415,0.0042415,0.0042415
700,7278.6,1.35034,1.14824,1.21634,0.8917,0.74255,0.83959,0.53807,1.35859,1.0359,1.17105,0.00423325,0.00423325,0.00423325
701,7288.85,1.37607,1.18265,1.22784,0.89905,0.74043,0.84023,0.53586,1.35775,1.03622,1.17085,0.004225,0.004225,0.004225
702,7299.11,1.34853,1.19832,1.22564,0.90146,0.73965,0.84196,0.53854,1.3575,1.03205,1.17004,0.00421675,0.00421675,0.00421675
703,7309.73,1.31885,1.16423,1.21655,0.87872,0.75539,0.84249,0.53756,1.35687,1.02994,1.16981,0.0042085,0.0042085,0.0042085
704,7319.98,1.3462,1.1758,1.21456,0.87924,0.75106,0.84274,0.53837,1.35803,1.03121,1.16995,0.00420025,0.00420025,0.00420025
705,7330.24,1.32739,1.15529,1.21203,0.90414,0.74252,0.84351,0.53829,1.3566,1.03063,1.16788,0.004192,0.004192,0.004192
706,7340.54,1.34101,1.17827,1.21112,0.87418,0.75532,0.84275,0.5387,1.35472,1.03005,1.16555,0.00418375,0.00418375,0.00418375
707,7351.2,1.31923,1.1358,1.21626,0.86783,0.75437,0.84108,0.54054,1.35145,1.02825,1.16353,0.0041755,0.0041755,0.0041755
708,7361.71,1.36667,1.20338,1.23732,0.87164,0.75957,0.84226,0.54194,1.34953,1.02616,1.16338,0.00416725,0.00416725,0.00416725
709,7372.25,1.35151,1.1726,1.228,0.87176,0.75957,0.84132,0.54319,1.34605,1.02308,1.1617,0.004159,0.004159,0.004159
710,7382.9,1.36557,1.20105,1.2316,0.865,0.75957,0.83911,0.54533,1.34185,1.0183,1.15928,0.00415075,0.00415075,0.00415075
711,7393.43,1.35419,1.17126,1.21937,0.8646,0.76085,0.8396,0.54667,1.3378,1.01503,1.15835,0.0041425,0.0041425,0.0041425
712,7404.04,1.3226,1.15342,1.2215,0.85631,0.76076,0.84138,0.54654,1.33424,1.01172,1.1566,0.00413425,0.00413425,0.00413425
713,7414.71,1.36294,1.18221,1.22938,0.86114,0.75957,0.84227,0.54684,1.33285,1.00898,1.15477,0.004126,0.004126,0.004126
714,7425.35,1.34664,1.16711,1.22138,0.85848,0.76149,0.84244,0.54605,1.33384,1.00738,1.15464,0.00411775,0.00411775,0.00411775
715,7435.59,1.3451,1.16443,1.21765,0.87611,0.75234,0.84247,0.54603,1.33233,1.00458,1.15452,0.0041095,0.0041095,0.0041095
716,7445.79,1.34427,1.17185,1.21714,0.87873,0.75541,0.84251,0.54673,1.32949,1.00375,1.15288,0.00410125,0.00410125,0.00410125
717,7455.99,1.32498,1.13875,1.21723,0.88671,0.74935,0.84363,0.54948,1.32923,1.00088,1.15215,0.004093,0.004093,0.004093
718,7466.51,1.35032,1.15302,1.21885,0.88854,0.74894,0.84234,0.54752,1.3303,1.00076,1.15266,0.00408475,0.00408475,0.00408475
719,7476.77,1.30683,1.13181,1.20414,0.89147,0.75146,0.84529,0.54871,1.32952,1.00073,1.15114,0.0040765,0.0040765,0.0040765
720,7486.75,1.34446,1.15625,1.2228,0.89608,0.75106,0.84577,0.54972,1.32793,0.99987,1.14924,0.00406825,0.00406825,0.00406825
721,7496.78,1.32395,1.15473,1.21775,0.90308,0.75333,0.84716,0.55028,1.32921,0.9966,1.14848,0.00406,0.00406,0.00406
722,7507.3,1.30286,1.13266,1.18942,0.90451,0.75745,0.84741,0.54959,1.33014,0.99573,1.14722,0.00405175,0.00405175,0.00405175
723,7517.55,1.31929,1.11746,1.20293,0.90588,0.75745,0.84865,0.55063,1.32635,0.99602,1.14565,0.0040435,0.0040435,0.0040435
724,7528.18,1.29566,1.1134,1.21033,0.90827,0.75957,0.85113,0.55109,1.32397,0.99536,1.14573,0.00403525,0.00403525,0.00403525
725,7538.81,1.32974,1.16218,1.20708,0.90971,0.75745,0.85044,0.55076,1.32323,0.99251,1.14574,0.004027,0.004027,0.004027
726,7549.13,1.32224,1.14209,1.20425,0.90003,0.75745,0.85199,0.55237,1.32287,0.98764,1.14527,0.00401875,0.00401875,0.00401875
727,7559.72,1.30452,1.14784,1.205,0.90621,0.75745,0.84846,0.55228,1.32261,0.98501,1.14501,0.0040105,0.0040105,0.0040105
728,7570,1.33618,1.15471,1.20785,0.90775,0.75532,0.85012,0.5529,1.32069,0.98611,1.14515,0.00400225,0.00400225,0.00400225
729,7580.61,1.34594,1.17738,1.21541,0.90139,0.75319,0.85011,0.55509,1.32021,0.9859,1.14565,0.003994,0.003994,0.003994
730,7591.22,1.30805,1.12099,1.20415,0.90242,0.75319,0.84776,0.55664,1.31962,0.98228,1.14455,0.00398575,0.00398575,0.00398575
731,7601.85,1.31961,1.1504,1.20642,0.90427,0.75319,0.8487,0.55503,1.31801,0.9801,1.14225,0.0039775,0.0039775,0.0039775
732,7612.04,1.30239,1.10754,1.19302,0.91101,0.75319,0.85033,0.555,1.31836,0.97807,1.14195,0.00396925,0.00396925,0.00396925
733,7622.23,1.31095,1.13063,1.19194,0.90609,0.75319,0.85003,0.55653,1.31742,0.97416,1.14129,0.003961,0.003961,0.003961
734,7632.86,1.31269,1.12127,1.19376,0.90671,0.75319,0.85397,0.55776,1.31514,0.97175,1.13959,0.00395275,0.00395275,0.00395275
735,7643.48,1.29718,1.12812,1.19872,0.90868,0.75745,0.8524,0.55759,1.3116,0.97081,1.13767,0.0039445,0.0039445,0.0039445
736,7653.77,1.29567,1.09357,1.19465,0.91492,0.75532,0.85234,0.55802,1.31111,0.96761,1.13789,0.00393625,0.00393625,0.00393625
737,7664.43,1.30603,1.0874,1.20133,0.91334,0.75532,0.85132,0.55815,1.31034,0.96366,1.13678,0.003928,0.003928,0.003928
738,7675.02,1.2984,1.11031,1.19351,0.91505,0.75633,0.85413,0.55847,1.30849,0.96031,1.1352,0.00391975,0.00391975,0.00391975
739,7685.66,1.27976,1.09289,1.19295,0.91307,0.75979,0.85572,0.56066,1.306,0.95823,1.13401,0.0039115,0.0039115,0.0039115
740,7696.27,1.29403,1.1172,1.19362,0.91845,0.76682,0.85887,0.56313,1.30266,0.95445,1.13184,0.00390325,0.00390325,0.00390325
741,7706.89,1.29208,1.10686,1.20151,0.91751,0.7617,0.859,0.56384,1.30001,0.95401,1.13058,0.003895,0.003895,0.003895
742,7717.6,1.27074,1.09569,1.19477,0.91592,0.7617,0.85929,0.56333,1.30084,0.95437,1.13038,0.00388675,0.00388675,0.00388675
743,7727.84,1.30712,1.11385,1.19829,0.91333,0.76237,0.85905,0.56328,1.30201,0.9584,1.13067,0.0038785,0.0038785,0.0038785
744,7738.18,1.30765,1.11746,1.20105,0.91394,0.7617,0.85995,0.56305,1.30247,0.96191,1.13112,0.00387025,0.00387025,0.00387025
745,7748.31,1.30216,1.10992,1.19578,0.91084,0.76073,0.85987,0.56385,1.30327,0.95968,1.13171,0.003862,0.003862,0.003862
746,7759.03,1.3106,1.12964,1.20576,0.90998,0.75957,0.86064,0.56477,1.30137,0.96077,1.13157,0.00385375,0.00385375,0.00385375
747,7769.61,1.29482,1.12045,1.18454,0.90789,0.76383,0.86142,0.56328,1.30141,0.96245,1.13214,0.0038455,0.0038455,0.0038455
748,7779.81,1.28228,1.08058,1.17554,0.9061,0.76809,0.86195,0.56419,1.30096,0.9608,1.13176,0.00383725,0.00383725,0.00383725
749,7790.09,1.28069,1.08392,1.17694,0.90234,0.76668,0.86414,0.56537,1.29901,0.95937,1.13094,0.003829,0.003829,0.003829
750,7800.78,1.29752,1.13311,1.19102,0.90616,0.76809,0.86427,0.56556,1.29882,0.95964,1.13146,0.00382075,0.00382075,0.00382075
751,7811.43,1.30169,1.11604,1.19911,0.90607,0.76596,0.86356,0.56534,1.29835,0.95932,1.13205,0.0038125,0.0038125,0.0038125
752,7821.67,1.30264,1.1106,1.20507,0.89605,0.77021,0.86323,0.5652,1.29699,0.95884,1.13179,0.00380425,0.00380425,0.00380425
753,7831.91,1.27348,1.09802,1.18734,0.90091,0.77375,0.8632,0.56465,1.29732,0.96027,1.13101,0.003796,0.003796,0.003796
754,7842.13,1.27075,1.10223,1.17941,0.90141,0.77817,0.86129,0.56491,1.29589,0.96125,1.13037,0.00378775,0.00378775,0.00378775
755,7852.38,1.29482,1.09711,1.19919,0.90075,0.77242,0.86305,0.56561,1.29358,0.95841,1.12962,0.0037795,0.0037795,0.0037795
756,7862.56,1.28739,1.09938,1.18759,0.90169,0.77234,0.86424,0.56696,1.29209,0.95687,1.12898,0.00377125,0.00377125,0.00377125
757,7873.22,1.27664,1.09055,1.17956,0.90827,0.77234,0.86416,0.56696,1.29074,0.95454,1.12837,0.003763,0.003763,0.003763
758,7883.63,1.29638,1.10426,1.18847,0.90331,0.76809,0.86289,0.5676,1.28958,0.95299,1.12795,0.00375475,0.00375475,0.00375475
759,7894.02,1.30011,1.09483,1.17508,0.90547,0.77021,0.86379,0.56998,1.28864,0.95324,1.12803,0.0037465,0.0037465,0.0037465
760,7904.49,1.27895,1.08693,1.19082,0.90553,0.76809,0.8638,0.57127,1.28661,0.95399,1.12779,0.00373825,0.00373825,0.00373825
761,7915.11,1.26836,1.08735,1.18009,0.90519,0.76809,0.86441,0.57165,1.28671,0.95278,1.12793,0.00373,0.00373,0.00373
762,7925.76,1.27497,1.1062,1.18052,0.91305,0.76596,0.86448,0.56985,1.28605,0.9529,1.1276,0.00372175,0.00372175,0.00372175
763,7936.04,1.28975,1.11413,1.19705,0.91495,0.76596,0.86431,0.57209,1.28511,0.95191,1.12858,0.0037135,0.0037135,0.0037135
764,7946.57,1.26636,1.09605,1.18789,0.91329,0.76596,0.86513,0.5716,1.28228,0.95144,1.12668,0.00370525,0.00370525,0.00370525
765,7956.83,1.27493,1.08261,1.17512,0.91296,0.77234,0.86449,0.57085,1.28202,0.95027,1.12621,0.003697,0.003697,0.003697
766,7967.06,1.2568,1.06103,1.1806,0.91217,0.7734,0.8668,0.57081,1.28223,0.94857,1.12532,0.00368875,0.00368875,0.00368875
767,7977.42,1.26847,1.07235,1.17344,0.9134,0.77234,0.86697,0.57235,1.28095,0.94734,1.12389,0.0036805,0.0036805,0.0036805
768,7988.09,1.2656,1.0805,1.17511,0.91393,0.77234,0.86799,0.57325,1.27956,0.94542,1.12242,0.00367225,0.00367225,0.00367225
769,7998.79,1.25454,1.06664,1.16571,0.91008,0.77518,0.86878,0.57296,1.27954,0.945,1.12232,0.003664,0.003664,0.003664
770,8009.06,1.24834,1.0535,1.1694,0.91452,0.7739,0.86786,0.57164,1.27919,0.94413,1.12247,0.00365575,0.00365575,0.00365575
771,8019.27,1.26361,1.09227,1.17706,0.91,0.77444,0.86832,0.57323,1.27905,0.94304,1.12257,0.0036475,0.0036475,0.0036475
772,8029.9,1.29883,1.11109,1.18037,0.90362,0.77447,0.86879,0.57491,1.27879,0.94312,1.12218,0.00363925,0.00363925,0.00363925
773,8040.6,1.27451,1.0905,1.18115,0.89966,0.7766,0.86934,0.57516,1.27793,0.94156,1.12195,0.003631,0.003631,0.003631
774,8051.31,1.26421,1.06971,1.17152,0.90133,0.77447,0.86919,0.57469,1.2768,0.94187,1.12216,0.00362275,0.00362275,0.00362275
775,8061.55,1.26084,1.08042,1.17501,0.9048,0.77234,0.86823,0.57433,1.27513,0.94196,1.12077,0.0036145,0.0036145,0.0036145
776,8071.78,1.26588,1.08642,1.18237,0.91665,0.77219,0.86784,0.57548,1.27331,0.94247,1.11986,0.00360625,0.00360625,0.00360625
777,8082.43,1.25285,1.07337,1.17503,0.91119,0.77234,0.86856,0.57677,1.27315,0.9412,1.11931,0.003598,0.003598,0.003598
778,8093.09,1.29115,1.10721,1.17495,0.90731,0.76809,0.86895,0.57697,1.27143,0.94003,1.11871,0.00358975,0.00358975,0.00358975
779,8103.64,1.25069,1.05611,1.16116,0.90002,0.76809,0.8671,0.57878,1.27084,0.93844,1.11862,0.0035815,0.0035815,0.0035815
780,8114.25,1.24502,1.04593,1.15933,0.89463,0.77677,0.86771,0.5772,1.27049,0.93659,1.11932,0.00357325,0.00357325,0.00357325
781,8124.57,1.26656,1.07795,1.17051,0.89078,0.77872,0.86782,0.57721,1.27048,0.93716,1.11893,0.003565,0.003565,0.003565
782,8134.81,1.23528,1.06416,1.17123,0.88488,0.78503,0.86802,0.5796,1.2701,0.93495,1.1185,0.00355675,0.00355675,0.00355675
783,8145.44,1.24824,1.0605,1.16515,0.89237,0.77616,0.86795,0.58083,1.26964,0.93489,1.11768,0.0035485,0.0035485,0.0035485
784,8156.08,1.26754,1.07596,1.18642,0.89286,0.78014,0.86651,0.58024,1.26848,0.933,1.1158,0.00354025,0.00354025,0.00354025
785,8166.25,1.25311,1.08212,1.16527,0.89935,0.7766,0.86556,0.58011,1.26799,0.93336,1.11585,0.003532,0.003532,0.003532
786,8176.56,1.2275,1.05606,1.15946,0.90258,0.7766,0.86591,0.58085,1.266,0.9329,1.11518,0.00352375,0.00352375,0.00352375
787,8186.73,1.2701,1.07075,1.16641,0.90712,0.77872,0.86754,0.57973,1.26504,0.93005,1.11391,0.0035155,0.0035155,0.0035155
788,8197.04,1.24449,1.0588,1.15692,0.9087,0.7766,0.86865,0.57892,1.2647,0.93017,1.11403,0.00350725,0.00350725,0.00350725
789,8207.33,1.24142,1.06223,1.16048,0.90813,0.77821,0.86979,0.58041,1.26327,0.9284,1.11264,0.003499,0.003499,0.003499
790,8217.57,1.281,1.05591,1.1897,0.90628,0.78185,0.86993,0.58049,1.26125,0.92757,1.11117,0.00349075,0.00349075,0.00349075
791,8227.43,1.23309,1.02553,1.1519,0.89544,0.79362,0.87125,0.58282,1.25913,0.92633,1.1103,0.0034825,0.0034825,0.0034825
792,8238.05,1.22649,1.05514,1.15213,0.90355,0.77872,0.87055,0.58372,1.25861,0.92501,1.10959,0.00347425,0.00347425,0.00347425
793,8248.66,1.23559,1.0348,1.16045,0.9056,0.78085,0.87299,0.58141,1.25856,0.92609,1.11008,0.003466,0.003466,0.003466
794,8258.95,1.24776,1.04445,1.15819,0.9024,0.78691,0.87193,0.5833,1.2586,0.92609,1.10965,0.00345775,0.00345775,0.00345775
795,8269.15,1.28474,1.08879,1.17128,0.90403,0.78163,0.87324,0.58321,1.2586,0.92458,1.10935,0.0034495,0.0034495,0.0034495
796,8279.45,1.24484,1.04673,1.16427,0.90242,0.78709,0.87388,0.58413,1.25637,0.92224,1.1087,0.00344125,0.00344125,0.00344125
797,8290.14,1.25234,1.05293,1.15647,0.90488,0.78938,0.87427,0.58301,1.25505,0.92131,1.10805,0.003433,0.003433,0.003433
798,8300.24,1.25617,1.03859,1.1646,0.91013,0.78936,0.87507,0.58276,1.2541,0.92104,1.10784,0.00342475,0.00342475,0.00342475
799,8310.49,1.24971,1.07359,1.15988,0.90505,0.79149,0.87563,0.58437,1.25327,0.91942,1.10779,0.0034165,0.0034165,0.0034165
800,8321.17,1.25603,1.05518,1.16268,0.90465,0.78727,0.87601,0.58453,1.25243,0.91869,1.10768,0.00340825,0.00340825,0.00340825
801,8331.91,1.25395,1.06921,1.17082,0.90023,0.78936,0.87518,0.58456,1.25213,0.91808,1.10766,0.0034,0.0034,0.0034
802,8342.15,1.2262,1.02719,1.1426,0.90057,0.78936,0.87517,0.58571,1.25046,0.91742,1.10609,0.00339175,0.00339175,0.00339175
803,8352.73,1.2463,1.05293,1.15859,0.89536,0.80102,0.87628,0.5847,1.24902,0.91582,1.10543,0.0033835,0.0033835,0.0033835
804,8363.01,1.23899,1.04411,1.15463,0.89928,0.79574,0.87686,0.58521,1.24762,0.91469,1.1048,0.00337525,0.00337525,0.00337525
805,8373.3,1.2418,1.04166,1.16101,0.89549,0.80213,0.87745,0.58633,1.24615,0.91315,1.10441,0.003367,0.003367,0.003367
806,8383.92,1.24344,1.02713,1.15131,0.89366,0.8046,0.87727,0.58627,1.24459,0.91056,1.10361,0.00335875,0.00335875,0.00335875
807,8394.18,1.24801,1.05327,1.16229,0.90432,0.79787,0.87749,0.58881,1.24372,0.90981,1.10306,0.0033505,0.0033505,0.0033505
808,8404.87,1.21583,1.03005,1.15921,0.90956,0.79787,0.87787,0.58869,1.2424,0.90825,1.10251,0.00334225,0.00334225,0.00334225
809,8415.11,1.239,1.04297,1.15701,0.91218,0.79562,0.87828,0.58803,1.24204,0.90652,1.10198,0.003334,0.003334,0.003334
810,8425.34,1.22359,1.01516,1.14885,0.9113,0.79362,0.87762,0.5882,1.24125,0.9049,1.1015,0.00332575,0.00332575,0.00332575
811,8435.57,1.25765,1.06544,1.16051,0.90744,0.79149,0.8775,0.58835,1.23931,0.90308,1.10092,0.0033175,0.0033175,0.0033175
812,8445.8,1.24323,1.01975,1.15734,0.9134,0.79149,0.87785,0.58786,1.23767,0.9011,1.10046,0.00330925,0.00330925,0.00330925
813,8456.11,1.2137,1.02972,1.13875,0.91395,0.79092,0.87796,0.58866,1.23657,0.8999,1.09991,0.003301,0.003301,0.003301
814,8466.36,1.22181,1.02942,1.14641,0.90391,0.80058,0.87846,0.5891,1.23579,0.89731,1.09937,0.00329275,0.00329275,0.00329275
815,8477.04,1.21316,1.01249,1.16102,0.9189,0.78936,0.87863,0.58883,1.23562,0.89698,1.09907,0.0032845,0.0032845,0.0032845
816,8487.3,1.23033,1.03491,1.16081,0.9141,0.78936,0.87808,0.58846,1.23547,0.89726,1.09899,0.00327625,0.00327625,0.00327625
817,8497.54,1.22409,1.03646,1.14864,0.91598,0.78868,0.87794,0.58808,1.235,0.89645,1.09885,0.003268,0.003268,0.003268
818,8507.82,1.2313,1.03286,1.15225,0.91846,0.78723,0.87674,0.58855,1.23462,0.8971,1.09842,0.00325975,0.00325975,0.00325975
819,8518.05,1.24813,1.06871,1.16675,0.91417,0.79318,0.87654,0.5892,1.23407,0.89772,1.09789,0.0032515,0.0032515,0.0032515
820,8528.15,1.24299,1.04677,1.16194,0.91654,0.79448,0.87676,0.58972,1.2322,0.89706,1.09765,0.00324325,0.00324325,0.00324325
821,8538.79,1.21799,1.01689,1.14226,0.91002,0.8,0.87571,0.59037,1.23134,0.89456,1.0965,0.003235,0.003235,0.003235
822,8549.46,1.21582,1.00016,1.14108,0.90998,0.79582,0.87641,0.58963,1.23067,0.89383,1.09589,0.00322675,0.00322675,0.00322675
823,8559.76,1.23005,1.02499,1.1517,0.91236,0.79742,0.87848,0.58958,1.22962,0.89199,1.09527,0.0032185,0.0032185,0.0032185
824,8570.12,1.22506,1.03459,1.14669,0.91045,0.80035,0.8789,0.58988,1.22827,0.88947,1.09454,0.00321025,0.00321025,0.00321025
825,8580.42,1.25272,1.05603,1.16033,0.91274,0.8012,0.87893,0.591,1.22758,0.88654,1.09353,0.003202,0.003202,0.003202
826,8591.03,1.22501,1.02608,1.15319,0.91085,0.80433,0.87888,0.59229,1.22643,0.88481,1.09251,0.00319375,0.00319375,0.00319375
827,8601.67,1.2089,1.01045,1.1283,0.91097,0.80426,0.87792,0.59345,1.22557,0.88323,1.0919,0.0031855,0.0031855,0.0031855
828,8612.34,1.24429,1.04299,1.16251,0.9063,0.80638,0.87817,0.59468,1.224,0.88276,1.09113,0.00317725,0.00317725,0.00317725
829,8623.01,1.23611,1.02866,1.14693,0.90513,0.80638,0.87837,0.59598,1.22437,0.88199,1.09083,0.003169,0.003169,0.003169
830,8633.66,1.20447,1.01616,1.14353,0.9083,0.80638,0.87857,0.59732,1.22353,0.88177,1.09052,0.00316075,0.00316075,0.00316075
831,8644.3,1.22812,1.01678,1.14438,0.906,0.80638,0.87911,0.59742,1.22362,0.88127,1.09052,0.0031525,0.0031525,0.0031525
832,8654.85,1.20035,1.01451,1.13968,0.90571,0.80851,0.8789,0.59718,1.22234,0.88107,1.09014,0.00314425,0.00314425,0.00314425
833,8665.16,1.20848,1.00604,1.13945,0.90522,0.80851,0.879,0.5968,1.22153,0.88039,1.08944,0.003136,0.003136,0.003136
834,8675.38,1.20799,1.00017,1.14475,0.90637,0.80851,0.87946,0.5978,1.22169,0.88038,1.08933,0.00312775,0.00312775,0.00312775
835,8685.95,1.20161,1.00134,1.13896,0.90698,0.80911,0.87944,0.59772,1.22146,0.88148,1.08893,0.0031195,0.0031195,0.0031195
836,8696.24,1.17275,0.97692,1.13597,0.90844,0.80851,0.87959,0.59807,1.22151,0.8823,1.08865,0.00311125,0.00311125,0.00311125
837,8706.85,1.18122,0.97697,1.12873,0.90781,0.80851,0.88006,0.59913,1.22128,0.88234,1.08822,0.003103,0.003103,0.003103
838,8717.53,1.19612,0.99546,1.13336,0.90699,0.80851,0.87993,0.59917,1.22155,0.88347,1.08836,0.00309475,0.00309475,0.00309475
839,8728.33,1.17641,0.97782,1.12877,0.90477,0.80862,0.87987,0.59849,1.22148,0.88411,1.08832,0.0030865,0.0030865,0.0030865
840,8738.72,1.16266,0.98354,1.13279,0.90842,0.80851,0.87998,0.59833,1.22098,0.88333,1.08821,0.00307825,0.00307825,0.00307825
841,8748.41,1.21324,0.99475,1.1377,0.90488,0.80851,0.87972,0.59988,1.21962,0.88243,1.08774,0.00307,0.00307,0.00307
842,8759.02,1.19723,0.9985,1.13814,0.90998,0.80851,0.87971,0.6005,1.21891,0.88176,1.08729,0.00306175,0.00306175,0.00306175
843,8769.72,1.21073,1.01673,1.14066,0.91376,0.80851,0.88042,0.59952,1.21835,0.88009,1.08663,0.0030535,0.0030535,0.0030535
844,8780.03,1.20634,0.99917,1.14005,0.91282,0.80851,0.8804,0.60052,1.21709,0.87975,1.08565,0.00304525,0.00304525,0.00304525
845,8790.64,1.20073,0.98732,1.13738,0.91263,0.80851,0.88106,0.60117,1.21686,0.87896,1.08543,0.003037,0.003037,0.003037
846,8801.26,1.21437,0.9951,1.14214,0.90941,0.80851,0.88145,0.60085,1.21704,0.87899,1.0847,0.00302875,0.00302875,0.00302875
847,8811.6,1.17344,0.98811,1.13486,0.91328,0.80851,0.88143,0.60027,1.21751,0.8787,1.08426,0.0030205,0.0030205,0.0030205
848,8821.9,1.18877,0.97363,1.13206,0.91358,0.80851,0.88193,0.59924,1.21723,0.87884,1.08408,0.00301225,0.00301225,0.00301225
849,8831.86,1.20278,0.97909,1.11729,0.91839,0.80851,0.88235,0.60001,1.21671,0.87959,1.08389,0.003004,0.003004,0.003004
850,8841.5,1.17514,0.9742,1.12482,0.92155,0.80851,0.88269,0.60105,1.21571,0.87856,1.08377,0.00299575,0.00299575,0.00299575
851,8851.81,1.18619,0.97112,1.1238,0.92261,0.81173,0.88266,0.60202,1.21454,0.87827,1.08294,0.0029875,0.0029875,0.0029875
852,8862.5,1.20619,0.99577,1.14265,0.92247,0.81011,0.88129,0.60208,1.21289,0.8786,1.08204,0.00297925,0.00297925,0.00297925
853,8872.8,1.18597,0.98523,1.13243,0.92506,0.80851,0.8811,0.603,1.21208,0.87765,1.08172,0.002971,0.002971,0.002971
854,8883.51,1.17688,0.96925,1.12016,0.92918,0.80961,0.88093,0.60317,1.21115,0.87852,1.08172,0.00296275,0.00296275,0.00296275
855,8894.21,1.18712,0.97853,1.13013,0.92462,0.80907,0.88101,0.60297,1.21073,0.87908,1.08154,0.0029545,0.0029545,0.0029545
856,8904.53,1.20237,1.00463,1.13697,0.92462,0.80905,0.88109,0.60365,1.2098,0.8796,1.08121,0.00294625,0.00294625,0.00294625
857,8915.2,1.18541,0.98876,1.12789,0.92691,0.80949,0.88108,0.60446,1.20936,0.87961,1.08067,0.002938,0.002938,0.002938
858,8926.18,1.1796,0.96008,1.12503,0.93153,0.81489,0.88271,0.60394,1.20945,0.87894,1.08081,0.00292975,0.00292975,0.00292975
859,8936.62,1.16541,0.96118,1.12774,0.93196,0.81277,0.88314,0.60414,1.20952,0.87782,1.08092,0.0029215,0.0029215,0.0029215
860,8946.95,1.19715,0.97638,1.12036,0.93233,0.81277,0.88333,0.60465,1.20866,0.8773,1.08055,0.00291325,0.00291325,0.00291325
861,8957.42,1.17012,0.95685,1.12285,0.93271,0.81489,0.88367,0.60545,1.20809,0.87552,1.07977,0.002905,0.002905,0.002905
862,8967.93,1.18591,0.9983,1.14053,0.93285,0.81489,0.88418,0.60567,1.20718,0.87448,1.07912,0.00289675,0.00289675,0.00289675
863,8978.59,1.17858,0.96139,1.12571,0.93172,0.81298,0.88411,0.60622,1.20749,0.87315,1.07963,0.0028885,0.0028885,0.0028885
864,8989.24,1.18556,0.98266,1.13276,0.93194,0.81569,0.88404,0.6056,1.20752,0.87339,1.0795,0.00288025,0.00288025,0.00288025
865,8999.35,1.16458,0.96512,1.1268,0.9346,0.81489,0.88451,0.60537,1.20832,0.87453,1.08041,0.002872,0.002872,0.002872
866,9009.51,1.18645,0.97264,1.1228,0.92972,0.81628,0.88351,0.60556,1.20861,0.87457,1.08057,0.00286375,0.00286375,0.00286375
867,9019.65,1.16694,0.95283,1.12611,0.92847,0.81489,0.88365,0.60515,1.2086,0.87432,1.0806,0.0028555,0.0028555,0.0028555
868,9029.82,1.17141,0.97769,1.12162,0.92785,0.81489,0.88432,0.60549,1.20804,0.87315,1.08077,0.00284725,0.00284725,0.00284725
869,9039.95,1.17737,0.96339,1.12033,0.92856,0.81489,0.88446,0.60545,1.20724,0.87299,1.08062,0.002839,0.002839,0.002839
870,9050.1,1.15634,0.95712,1.11902,0.92785,0.81277,0.88475,0.60645,1.20614,0.87294,1.08008,0.00283075,0.00283075,0.00283075
871,9060.65,1.17587,0.97717,1.11502,0.9294,0.81223,0.88492,0.60737,1.20436,0.87173,1.07882,0.0028225,0.0028225,0.0028225
872,9071.17,1.18188,0.95886,1.12106,0.92964,0.8153,0.88548,0.60651,1.2033,0.87094,1.07822,0.00281425,0.00281425,0.00281425
873,9081.28,1.17631,0.97109,1.12904,0.9275,0.81659,0.88591,0.60606,1.20249,0.86944,1.07774,0.002806,0.002806,0.002806
874,9091.44,1.17991,0.97285,1.13292,0.92532,0.81726,0.88589,0.60584,1.2018,0.86833,1.07751,0.00279775,0.00279775,0.00279775
875,9101.62,1.16935,0.96601,1.1086,0.92305,0.81666,0.88515,0.60567,1.2012,0.86792,1.0772,0.0027895,0.0027895,0.0027895
876,9111.79,1.1813,0.97933,1.12046,0.92539,0.81915,0.88554,0.60602,1.20091,0.86824,1.07721,0.00278125,0.00278125,0.00278125
877,9121.87,1.17263,0.9703,1.11734,0.92291,0.81489,0.88504,0.60604,1.20044,0.86835,1.07686,0.002773,0.002773,0.002773
878,9132.03,1.18938,0.98181,1.12963,0.91891,0.81975,0.88505,0.60644,1.19974,0.86794,1.07644,0.00276475,0.00276475,0.00276475
879,9142.23,1.16662,0.96803,1.13124,0.92281,0.81277,0.88485,0.60582,1.20014,0.86875,1.07719,0.0027565,0.0027565,0.0027565
880,9152.36,1.16234,0.96093,1.12046,0.92504,0.81389,0.88509,0.60502,1.19949,0.86898,1.07708,0.00274825,0.00274825,0.00274825
881,9162.49,1.16318,0.98397,1.12583,0.92412,0.81277,0.88475,0.60437,1.19768,0.8682,1.07595,0.00274,0.00274,0.00274
882,9172.61,1.168,0.97973,1.11621,0.9205,0.81301,0.88485,0.60544,1.19714,0.86846,1.07555,0.00273175,0.00273175,0.00273175
883,9182.76,1.16685,0.97368,1.11628,0.92147,0.81277,0.88518,0.60589,1.19619,0.86923,1.07504,0.0027235,0.0027235,0.0027235
884,9192.9,1.17461,0.97695,1.11869,0.92682,0.81277,0.88553,0.6061,1.19562,0.869,1.07486,0.00271525,0.00271525,0.00271525
885,9203.11,1.17248,0.98775,1.12808,0.92955,0.81414,0.88562,0.60691,1.19432,0.86852,1.07431,0.002707,0.002707,0.002707
886,9213.32,1.16176,0.94786,1.12233,0.93281,0.81277,0.88645,0.60782,1.1934,0.86833,1.07357,0.00269875,0.00269875,0.00269875
887,9223.85,1.14341,0.93863,1.11386,0.93067,0.81277,0.88643,0.60681,1.19283,0.86764,1.07313,0.0026905,0.0026905,0.0026905
888,9233.94,1.16364,0.95844,1.12137,0.93413,0.81474,0.88656,0.60875,1.19184,0.86654,1.07251,0.00268225,0.00268225,0.00268225
889,9244.46,1.16883,0.95963,1.11775,0.93249,0.81489,0.88661,0.60805,1.19178,0.86559,1.07238,0.002674,0.002674,0.002674
890,9254.6,1.14501,0.94212,1.11013,0.93498,0.81489,0.88687,0.60867,1.19143,0.8647,1.07241,0.00266575,0.00266575,0.00266575
891,9264.8,1.15904,0.97473,1.11644,0.93319,0.81489,0.88686,0.60881,1.19114,0.86356,1.07208,0.0026575,0.0026575,0.0026575
892,9275.32,1.14214,0.9495,1.11392,0.93353,0.81489,0.8872,0.60846,1.1906,0.86288,1.07152,0.00264925,0.00264925,0.00264925
893,9285.51,1.15617,0.94938,1.12277,0.93411,0.81442,0.88663,0.6078,1.19112,0.86197,1.07153,0.002641,0.002641,0.002641
894,9295.72,1.16565,0.95541,1.11668,0.93395,0.81234,0.88647,0.60808,1.19138,0.86172,1.07127,0.00263275,0.00263275,0.00263275
895,9305.9,1.15566,0.95878,1.1114,0.93385,0.81099,0.88676,0.60837,1.19162,0.86153,1.07122,0.0026245,0.0026245,0.0026245
896,9315.87,1.15145,0.95664,1.11503,0.93579,0.81277,0.88685,0.60831,1.19208,0.86161,1.071,0.00261625,0.00261625,0.00261625
897,9325.97,1.15632,0.92517,1.11259,0.93179,0.81277,0.88721,0.60894,1.19237,0.86108,1.07105,0.002608,0.002608,0.002608
898,9336.34,1.16203,0.94877,1.10929,0.93275,0.81277,0.88748,0.60869,1.19327,0.86068,1.07143,0.00259975,0.00259975,0.00259975
899,9346.3,1.15131,0.9471,1.10285,0.93642,0.81477,0.88782,0.60937,1.19323,0.86026,1.07117,0.0025915,0.0025915,0.0025915
900,9356.85,1.13445,0.91457,1.10127,0.93639,0.81435,0.8882,0.61037,1.19333,0.85946,1.07105,0.00258325,0.00258325,0.00258325
901,9367.16,1.12685,0.91269,1.0925,0.93643,0.81489,0.88853,0.61115,1.19353,0.85927,1.07097,0.002575,0.002575,0.002575
902,9377.16,1.14555,0.94366,1.10774,0.93869,0.81437,0.88867,0.61137,1.19291,0.85892,1.07069,0.00256675,0.00256675,0.00256675
903,9387.72,1.14236,0.92615,1.10545,0.93637,0.81411,0.88856,0.6109,1.19257,0.8582,1.07048,0.0025585,0.0025585,0.0025585
904,9397.73,1.15633,0.95712,1.11707,0.93409,0.81419,0.88871,0.61017,1.19253,0.85782,1.07046,0.00255025,0.00255025,0.00255025
905,9407.82,1.13601,0.92868,1.10666,0.92951,0.81361,0.88876,0.6108,1.19217,0.85745,1.07033,0.002542,0.002542,0.002542
906,9418.04,1.13916,0.9378,1.10775,0.92949,0.81339,0.88872,0.61094,1.19215,0.85696,1.07048,0.00253375,0.00253375,0.00253375
907,9428.22,1.13211,0.9249,1.1145,0.92953,0.81384,0.88888,0.61027,1.19219,0.85662,1.0704,0.0025255,0.0025255,0.0025255
908,9438.35,1.1614,0.95306,1.11272,0.92494,0.8128,0.88889,0.61116,1.1917,0.85663,1.07032,0.00251725,0.00251725,0.00251725
909,9448.53,1.13973,0.93955,1.12026,0.92725,0.81354,0.88924,0.61135,1.19068,0.85618,1.07019,0.002509,0.002509,0.002509
910,9459.04,1.12975,0.91279,1.10201,0.92725,0.81352,0.88941,0.61111,1.18997,0.85645,1.06967,0.00250075,0.00250075,0.00250075
911,9469.22,1.14864,0.92845,1.10707,0.92722,0.8132,0.8895,0.61108,1.18935,0.85602,1.06936,0.0024925,0.0024925,0.0024925
912,9479.39,1.12718,0.91249,1.09332,0.92958,0.81452,0.88977,0.61072,1.1888,0.85499,1.06917,0.00248425,0.00248425,0.00248425
913,9489.52,1.13399,0.92366,1.09993,0.92513,0.81495,0.88997,0.6116,1.18882,0.854,1.06893,0.002476,0.002476,0.002476
914,9499.9,1.14316,0.92831,1.10146,0.92741,0.81489,0.88993,0.61274,1.19049,0.8548,1.07024,0.00246775,0.00246775,0.00246775
915,9510.42,1.1325,0.92308,1.09592,0.92547,0.81907,0.88998,0.61285,1.18988,0.85344,1.07012,0.0024595,0.0024595,0.0024595
916,9520.93,1.12476,0.90689,1.09178,0.92323,0.81915,0.88969,0.61326,1.18914,0.85295,1.06974,0.00245125,0.00245125,0.00245125
917,9531.4,1.15383,0.9314,1.10936,0.92331,0.81966,0.89018,0.6137,1.1881,0.8517,1.06877,0.002443,0.002443,0.002443
918,9541.98,1.15249,0.93216,1.10378,0.92561,0.82067,0.89037,0.61353,1.18727,0.85081,1.06829,0.00243475,0.00243475,0.00243475
919,9552.12,1.1528,0.92396,1.09784,0.92561,0.82065,0.89068,0.61399,1.1866,0.84958,1.06769,0.0024265,0.0024265,0.0024265
920,9562.65,1.13854,0.90556,1.09433,0.92552,0.81964,0.89101,0.61436,1.18602,0.84936,1.06763,0.00241825,0.00241825,0.00241825
921,9573.15,1.14769,0.94124,1.11014,0.92366,0.82374,0.89053,0.61425,1.18526,0.84815,1.06719,0.00241,0.00241,0.00241
922,9583.31,1.13561,0.92743,1.10651,0.91925,0.82553,0.89058,0.61479,1.18495,0.84682,1.06673,0.00240175,0.00240175,0.00240175
923,9593.84,1.1272,0.90963,1.09135,0.91699,0.82766,0.89063,0.61497,1.18482,0.84558,1.0667,0.0023935,0.0023935,0.0023935
924,9604.37,1.14115,0.96919,1.11178,0.92589,0.82399,0.89072,0.61483,1.18416,0.84433,1.06658,0.00238525,0.00238525,0.00238525
925,9614.63,1.09713,0.89582,1.09247,0.92755,0.8234,0.8909,0.61472,1.1842,0.84275,1.06651,0.002377,0.002377,0.002377
926,9624.81,1.1302,0.905,1.09596,0.92775,0.8196,0.89082,0.61565,1.18377,0.84208,1.06647,0.00236875,0.00236875,0.00236875
927,9635.3,1.11719,0.92357,1.11003,0.92768,0.81883,0.89079,0.61585,1.18385,0.84127,1.06662,0.0023605,0.0023605,0.0023605
928,9645.79,1.12275,0.90616,1.08788,0.92768,0.81876,0.88948,0.61671,1.1837,0.84125,1.06666,0.00235225,0.00235225,0.00235225
929,9656.4,1.11541,0.91187,1.09301,0.92767,0.81871,0.88947,0.61624,1.1836,0.84077,1.06663,0.002344,0.002344,0.002344
930,9666.64,1.13906,0.93047,1.10589,0.92329,0.82979,0.88963,0.61619,1.18376,0.83982,1.06669,0.00233575,0.00233575,0.00233575
931,9676.84,1.12775,0.91131,1.10289,0.92802,0.82288,0.88982,0.61691,1.18328,0.83974,1.0666,0.0023275,0.0023275,0.0023275
932,9687.47,1.13564,0.91609,1.0997,0.92531,0.81713,0.88889,0.61644,1.18289,0.8393,1.0663,0.00231925,0.00231925,0.00231925
933,9697.67,1.12523,0.91968,1.09925,0.9254,0.81814,0.88897,0.61682,1.18226,0.83841,1.06542,0.002311,0.002311,0.002311
934,9707.99,1.11312,0.89894,1.08692,0.92368,0.82397,0.88909,0.61699,1.18206,0.83798,1.06539,0.00230275,0.00230275,0.00230275
935,9718.56,1.13123,0.91332,1.09272,0.92373,0.81702,0.88914,0.6164,1.18137,0.83812,1.06524,0.0022945,0.0022945,0.0022945
936,9728.83,1.12101,0.92234,1.0961,0.9232,0.81841,0.88888,0.6164,1.18014,0.83752,1.0648,0.00228625,0.00228625,0.00228625
937,9738.92,1.10484,0.89804,1.09074,0.92314,0.81779,0.889,0.61684,1.17887,0.83685,1.06443,0.002278,0.002278,0.002278
938,9749.02,1.11468,0.91255,1.08521,0.92299,0.81605,0.8891,0.6168,1.1782,0.83626,1.06403,0.00226975,0.00226975,0.00226975
939,9759.13,1.09136,0.89215,1.0798,0.92299,0.81598,0.88911,0.61661,1.17761,0.83602,1.06364,0.0022615,0.0022615,0.0022615
940,9769.18,1.13182,0.90473,1.0907,0.92304,0.81489,0.88902,0.61672,1.1774,0.8355,1.06354,0.00225325,0.00225325,0.00225325
941,9779.26,1.13819,0.90614,1.10174,0.92095,0.81799,0.88887,0.61727,1.17591,0.83438,1.06248,0.002245,0.002245,0.002245
942,9789.99,1.11952,0.915,1.09335,0.92313,0.81761,0.88907,0.61708,1.17447,0.83353,1.06119,0.00223675,0.00223675,0.00223675
943,9800.12,1.13667,0.91476,1.09972,0.92323,0.81884,0.88943,0.61656,1.17418,0.8328,1.06096,0.0022285,0.0022285,0.0022285
944,9810.32,1.10762,0.90588,1.09599,0.92328,0.81937,0.88947,0.61674,1.17414,0.8321,1.06069,0.00222025,0.00222025,0.00222025
945,9820.42,1.10631,0.91329,1.08902,0.92265,0.81915,0.88956,0.61747,1.17341,0.83128,1.06026,0.002212,0.002212,0.002212
946,9830.88,1.10928,0.8908,1.08944,0.92212,0.81915,0.88951,0.61819,1.17312,0.83108,1.05995,0.00220375,0.00220375,0.00220375
947,9841.39,1.0946,0.88563,1.07695,0.92215,0.81915,0.88951,0.6182,1.17251,0.83096,1.05976,0.0021955,0.0021955,0.0021955
948,9851.94,1.10705,0.90562,1.09054,0.92379,0.81915,0.88984,0.61842,1.17199,0.83021,1.05964,0.00218725,0.00218725,0.00218725
949,9862.45,1.11793,0.91101,1.0955,0.92385,0.81915,0.88991,0.61829,1.1716,0.82957,1.05942,0.002179,0.002179,0.002179
950,9872.58,1.11353,0.89448,1.0859,0.92595,0.81915,0.89142,0.61851,1.17054,0.82925,1.05891,0.00217075,0.00217075,0.00217075
951,9883.25,1.10843,0.90883,1.08914,0.92573,0.82215,0.89133,0.61824,1.17006,0.82799,1.0587,0.0021625,0.0021625,0.0021625
952,9893.42,1.10581,0.88866,1.08715,0.92146,0.82979,0.89129,0.61809,1.16958,0.82723,1.0585,0.00215425,0.00215425,0.00215425
953,9903.5,1.13012,0.91097,1.09683,0.92156,0.82979,0.89131,0.61918,1.16905,0.82675,1.0581,0.002146,0.002146,0.002146
954,9914.07,1.09885,0.89226,1.07774,0.92127,0.82979,0.89142,0.61945,1.16825,0.82626,1.05775,0.00213775,0.00213775,0.00213775
955,9924.62,1.10911,0.89432,1.08686,0.92169,0.82979,0.89163,0.61996,1.1675,0.82573,1.05716,0.0021295,0.0021295,0.0021295
956,9935.15,1.09966,0.89164,1.09154,0.92567,0.82146,0.89175,0.62041,1.16647,0.82538,1.05659,0.00212125,0.00212125,0.00212125
957,9945.7,1.1043,0.89549,1.08615,0.92366,0.82128,0.89185,0.6209,1.16587,0.82501,1.05616,0.002113,0.002113,0.002113
958,9956.02,1.10807,0.91267,1.09456,0.92031,0.82979,0.89179,0.62002,1.16498,0.82428,1.05572,0.00210475,0.00210475,0.00210475
959,9966.17,1.08132,0.88243,1.08498,0.91958,0.82979,0.89177,0.61949,1.16446,0.82374,1.0555,0.0020965,0.0020965,0.0020965
960,9976.4,1.11901,0.90408,1.08813,0.9156,0.83099,0.89146,0.62078,1.16389,0.82322,1.05527,0.00208825,0.00208825,0.00208825
961,9986.38,1.10308,0.88343,1.08417,0.91757,0.83191,0.89183,0.62139,1.16318,0.82284,1.05525,0.00208,0.00208,0.00208
962,9996.94,1.10208,0.88499,1.08002,0.91745,0.83191,0.89348,0.62045,1.16283,0.82248,1.05481,0.00207175,0.00207175,0.00207175
963,10007.1,1.0793,0.87226,1.07363,0.91797,0.83333,0.89343,0.62059,1.16247,0.82149,1.05454,0.0020635,0.0020635,0.0020635
964,10017.2,1.11538,0.89549,1.07498,0.91699,0.83404,0.89356,0.62155,1.16193,0.821,1.05429,0.00205525,0.00205525,0.00205525
965,10027.8,1.11524,0.91692,1.09393,0.91708,0.83404,0.89381,0.62172,1.16122,0.82062,1.05418,0.002047,0.002047,0.002047
966,10038.3,1.10009,0.89233,1.08729,0.91684,0.83404,0.89391,0.62175,1.16076,0.82017,1.05391,0.00203875,0.00203875,0.00203875
967,10048.9,1.10916,0.89,1.08688,0.91694,0.83404,0.89394,0.62243,1.16037,0.81926,1.05389,0.0020305,0.0020305,0.0020305
968,10059.4,1.0788,0.88257,1.08159,0.91676,0.83404,0.894,0.6223,1.16039,0.81855,1.05379,0.00202225,0.00202225,0.00202225
969,10069.6,1.11921,0.90345,1.09048,0.91631,0.83404,0.89391,0.62249,1.16006,0.8184,1.05342,0.002014,0.002014,0.002014
970,10080.1,1.09028,0.89487,1.08471,0.91701,0.83404,0.89381,0.62295,1.15978,0.81829,1.05335,0.00200575,0.00200575,0.00200575
971,10090.6,1.08152,0.87945,1.0796,0.91784,0.83193,0.89358,0.62234,1.15941,0.81796,1.05287,0.0019975,0.0019975,0.0019975
972,10100.9,1.10199,0.90469,1.08654,0.91554,0.83028,0.8934,0.62267,1.15894,0.81767,1.05281,0.00198925,0.00198925,0.00198925
973,10111,1.10085,0.90068,1.09029,0.91783,0.83177,0.89359,0.62282,1.1587,0.81683,1.05242,0.001981,0.001981,0.001981
974,10121.1,1.08708,0.89427,1.0854,0.91562,0.83113,0.89353,0.62245,1.1585,0.81638,1.05253,0.00197275,0.00197275,0.00197275
975,10131.3,1.09361,0.89397,1.07723,0.9156,0.82979,0.89364,0.62361,1.15802,0.81608,1.05209,0.0019645,0.0019645,0.0019645
976,10141.8,1.08212,0.88238,1.07606,0.91597,0.82979,0.89369,0.62348,1.15753,0.81599,1.0519,0.00195625,0.00195625,0.00195625
977,10151.8,1.08036,0.86939,1.08155,0.91582,0.82979,0.89352,0.62365,1.15704,0.81556,1.05168,0.001948,0.001948,0.001948
978,10162.4,1.07839,0.87872,1.07395,0.91998,0.83169,0.89372,0.62441,1.15676,0.81538,1.05146,0.00193975,0.00193975,0.00193975
979,10172.7,1.09929,0.87714,1.06986,0.91937,0.83191,0.89409,0.62499,1.15605,0.81564,1.05144,0.0019315,0.0019315,0.0019315
980,10183.2,1.08023,0.90151,1.07774,0.91994,0.83191,0.89418,0.62513,1.15567,0.8155,1.05124,0.00192325,0.00192325,0.00192325
981,10193.7,1.06314,0.87303,1.06564,0.91814,0.83191,0.89428,0.62456,1.15574,0.81578,1.05157,0.001915,0.001915,0.001915
982,10203.8,1.07466,0.86492,1.07335,0.91821,0.83191,0.89434,0.62439,1.1545,0.81554,1.05067,0.00190675,0.00190675,0.00190675
983,10214,1.09608,0.89207,1.07998,0.91855,0.83191,0.89435,0.62431,1.15391,0.81529,1.05061,0.0018985,0.0018985,0.0018985
984,10224.1,1.10367,0.88611,1.09119,0.92013,0.83343,0.89429,0.62425,1.15308,0.81507,1.05038,0.00189025,0.00189025,0.00189025
985,10234.2,1.06829,0.86436,1.06677,0.91783,0.83404,0.89429,0.62393,1.15233,0.81477,1.05041,0.001882,0.001882,0.001882
986,10244.3,1.08843,0.87309,1.06853,0.91376,0.8341,0.89435,0.62374,1.15181,0.81484,1.0503,0.00187375,0.00187375,0.00187375
987,10254.5,1.06165,0.86784,1.0773,0.9138,0.8345,0.89424,0.62378,1.1515,0.81493,1.05013,0.0018655,0.0018655,0.0018655
988,10264.7,1.07869,0.88239,1.07184,0.91378,0.83432,0.89555,0.62453,1.15105,0.81481,1.05015,0.00185725,0.00185725,0.00185725
989,10274.9,1.08248,0.86731,1.07688,0.91673,0.83404,0.89544,0.62457,1.15072,0.81429,1.05014,0.001849,0.001849,0.001849
990,10285.1,1.07729,0.86777,1.07444,0.91391,0.83572,0.89536,0.62527,1.15026,0.8138,1.04977,0.00184075,0.00184075,0.00184075
991,10295.6,1.08096,0.87568,1.07158,0.91151,0.83617,0.89503,0.62429,1.15027,0.81398,1.05031,0.0018325,0.0018325,0.0018325
992,10305.8,1.09356,0.88805,1.07225,0.91172,0.83498,0.89507,0.62442,1.14961,0.81373,1.04998,0.00182425,0.00182425,0.00182425
993,10315.9,1.08306,0.88134,1.07907,0.91153,0.83617,0.89489,0.62436,1.14971,0.81327,1.05001,0.001816,0.001816,0.001816
994,10326.1,1.07734,0.86199,1.07436,0.90988,0.84255,0.89634,0.62489,1.14964,0.81273,1.04996,0.00180775,0.00180775,0.00180775
995,10336.2,1.08271,0.87482,1.07674,0.91211,0.84255,0.89804,0.62561,1.14936,0.81194,1.0497,0.0017995,0.0017995,0.0017995
996,10346.5,1.08966,0.88182,1.07673,0.9122,0.84255,0.89819,0.62577,1.14907,0.81137,1.04953,0.00179125,0.00179125,0.00179125
997,10357.1,1.06473,0.85718,1.06269,0.91195,0.84043,0.89825,0.62523,1.14877,0.81146,1.04934,0.001783,0.001783,0.001783
998,10367.2,1.06075,0.86294,1.06032,0.91211,0.84043,0.89836,0.62516,1.14842,0.81152,1.04939,0.00177475,0.00177475,0.00177475
999,10377.4,1.1017,0.88718,1.07606,0.91216,0.83963,0.89848,0.62469,1.14836,0.81129,1.04915,0.0017665,0.0017665,0.0017665
1000,10387.6,1.08564,0.8746,1.07685,0.91469,0.84043,0.89878,0.62414,1.14817,0.8106,1.04918,0.00175825,0.00175825,0.00175825
1001,10397.6,1.08302,0.87104,1.05848,0.91657,0.84147,0.89898,0.62463,1.14813,0.81023,1.04909,0.00175,0.00175,0.00175
1002,10407.7,1.08329,0.87684,1.06347,0.91441,0.84108,0.89867,0.62468,1.14785,0.81032,1.049,0.00174175,0.00174175,0.00174175
1003,10417.9,1.08289,0.88184,1.06814,0.91437,0.84043,0.89859,0.62456,1.14747,0.81008,1.04893,0.0017335,0.0017335,0.0017335
1004,10428.1,1.05568,0.84467,1.06334,0.91641,0.83972,0.89865,0.62478,1.14739,0.80983,1.0489,0.00172525,0.00172525,0.00172525
1005,10438.3,1.09232,0.88763,1.07619,0.91638,0.83936,0.89882,0.6248,1.14696,0.8105,1.04871,0.001717,0.001717,0.001717
1006,10448.4,1.06211,0.84778,1.05928,0.91643,0.84,0.89863,0.62497,1.14689,0.81032,1.0485,0.00170875,0.00170875,0.00170875
1007,10458.6,1.03451,0.84141,1.06207,0.91616,0.84043,0.89874,0.62521,1.14656,0.81004,1.04834,0.0017005,0.0017005,0.0017005
1008,10468.8,1.05515,0.87429,1.07253,0.91575,0.84043,0.8987,0.62513,1.14631,0.8098,1.04814,0.00169225,0.00169225,0.00169225
1009,10478.9,1.07562,0.8621,1.06935,0.91592,0.84043,0.89875,0.62596,1.14664,0.81034,1.04893,0.001684,0.001684,0.001684
1010,10489.3,1.08137,0.86481,1.06885,0.91453,0.84043,0.89997,0.6265,1.14599,0.80985,1.04807,0.00167575,0.00167575,0.00167575
1011,10499.8,1.05955,0.86422,1.06106,0.91654,0.84114,0.90013,0.62753,1.14587,0.80958,1.04789,0.0016675,0.0016675,0.0016675
1012,10510.4,1.04081,0.83991,1.05956,0.91653,0.84104,0.90002,0.62849,1.14579,0.80921,1.04793,0.00165925,0.00165925,0.00165925
1013,10520.9,1.04555,0.84919,1.06392,0.91654,0.84118,0.90008,0.62952,1.14563,0.80862,1.0478,0.001651,0.001651,0.001651
1014,10531.5,1.05683,0.85393,1.06838,0.91653,0.84109,0.9001,0.62894,1.14514,0.80841,1.0476,0.00164275,0.00164275,0.00164275
1015,10541.7,1.07139,0.86844,1.07238,0.91654,0.84121,0.90015,0.62946,1.14482,0.80871,1.04743,0.0016345,0.0016345,0.0016345
1016,10551.7,1.09806,0.88214,1.07395,0.91655,0.84124,0.90025,0.62917,1.14462,0.80827,1.04728,0.00162625,0.00162625,0.00162625
1017,10561.8,1.07111,0.86476,1.06956,0.91868,0.84125,0.90045,0.62986,1.1442,0.80847,1.04701,0.001618,0.001618,0.001618
1018,10572.3,1.07552,0.87219,1.07125,0.91562,0.84255,0.90051,0.62973,1.14399,0.80816,1.04687,0.00160975,0.00160975,0.00160975
1019,10582.5,1.09753,0.88056,1.0703,0.91511,0.84255,0.89992,0.63052,1.14372,0.80791,1.04675,0.0016015,0.0016015,0.0016015
1020,10593.1,1.06465,0.86012,1.06514,0.91674,0.84338,0.89996,0.63084,1.14352,0.80787,1.04669,0.00159325,0.00159325,0.00159325
1021,10603.6,1.03837,0.82565,1.05471,0.91888,0.84352,0.89988,0.63079,1.14342,0.80786,1.04656,0.001585,0.001585,0.001585
1022,10613.9,1.07252,0.87903,1.07519,0.91852,0.84468,0.89981,0.63077,1.14352,0.80765,1.04668,0.00157675,0.00157675,0.00157675
1023,10624.1,1.05084,0.83864,1.06232,0.91964,0.84468,0.89989,0.63134,1.14334,0.80783,1.04659,0.0015685,0.0015685,0.0015685
1024,10634.6,1.04183,0.84042,1.06626,0.92106,0.84406,0.89975,0.63102,1.1434,0.80774,1.04651,0.00156025,0.00156025,0.00156025
1025,10644.7,1.05063,0.83836,1.05633,0.91927,0.84468,0.89978,0.63179,1.14331,0.8076,1.04654,0.001552,0.001552,0.001552
1026,10655.2,1.03284,0.83083,1.05362,0.9196,0.84468,0.89979,0.63122,1.14327,0.80785,1.0464,0.00154375,0.00154375,0.00154375
1027,10665.4,1.06001,0.84971,1.06597,0.9192,0.84468,0.89974,0.63149,1.14304,0.80783,1.04623,0.0015355,0.0015355,0.0015355
1028,10675.6,1.0612,0.85093,1.06053,0.921,0.8434,0.89957,0.63137,1.14281,0.8073,1.04609,0.00152725,0.00152725,0.00152725
1029,10685.7,1.05307,0.85506,1.05535,0.92101,0.84352,0.89945,0.63162,1.14282,0.80727,1.04606,0.001519,0.001519,0.001519
1030,10695.9,1.0319,0.83682,1.05738,0.92101,0.84344,0.89942,0.63156,1.14266,0.80738,1.04602,0.00151075,0.00151075,0.00151075
1031,10706.1,1.02806,0.82588,1.05148,0.921,0.84337,0.89944,0.6312,1.14244,0.80735,1.04598,0.0015025,0.0015025,0.0015025
1032,10716.2,1.03813,0.82911,1.04692,0.92099,0.84329,0.89952,0.6313,1.14329,0.8075,1.0473,0.00149425,0.00149425,0.00149425
1033,10726.4,1.05512,0.86258,1.06927,0.92099,0.84325,0.89954,0.63136,1.14307,0.80732,1.04726,0.001486,0.001486,0.001486
1034,10736.6,1.04887,0.86542,1.06562,0.921,0.84333,0.89953,0.63151,1.14288,0.80717,1.04717,0.00147775,0.00147775,0.00147775
1035,10746.7,1.06063,0.84137,1.06377,0.92101,0.84347,0.8996,0.63129,1.14274,0.80754,1.04677,0.0014695,0.0014695,0.0014695
1036,10756.8,1.0216,0.82211,1.05989,0.92101,0.84354,0.89962,0.63142,1.14267,0.80716,1.04677,0.00146125,0.00146125,0.00146125
1037,10767,1.07509,0.86715,1.06569,0.92101,0.84346,0.89981,0.63151,1.14309,0.80746,1.04767,0.001453,0.001453,0.001453
1038,10777.1,1.06967,0.8643,1.06235,0.921,0.84334,0.89989,0.63224,1.14286,0.8072,1.04773,0.00144475,0.00144475,0.00144475
1039,10787.3,1.03567,0.83993,1.04923,0.92311,0.84292,0.90157,0.63239,1.14284,0.80687,1.04768,0.0014365,0.0014365,0.0014365
1040,10797.9,1.06381,0.86504,1.07737,0.92305,0.84225,0.90151,0.63249,1.14269,0.80677,1.04742,0.00142825,0.00142825,0.00142825
1041,10808.5,1.06323,0.85713,1.06555,0.92311,0.84293,0.90161,0.63258,1.14281,0.80629,1.04725,0.00142,0.00142,0.00142
1042,10819.1,1.04388,0.83733,1.05932,0.92314,0.84336,0.90162,0.63259,1.14249,0.80624,1.04708,0.00141175,0.00141175,0.00141175
1043,10829.6,1.05953,0.86258,1.05915,0.92316,0.84352,0.90171,0.63266,1.14236,0.80554,1.04707,0.0014035,0.0014035,0.0014035
1044,10840.1,1.02428,0.82935,1.05272,0.91423,0.84681,0.90206,0.63237,1.14167,0.80546,1.04669,0.00139525,0.00139525,0.00139525
1045,10850.2,1.01814,0.82112,1.05874,0.92223,0.84681,0.90192,0.63185,1.14121,0.80539,1.04641,0.001387,0.001387,0.001387
1046,10860.3,1.04728,0.84105,1.05017,0.91399,0.84681,0.90209,0.63162,1.1408,0.80538,1.04606,0.00137875,0.00137875,0.00137875
1047,10870.6,1.03897,0.84627,1.05623,0.91401,0.84681,0.90202,0.63254,1.14068,0.80499,1.04604,0.0013705,0.0013705,0.0013705
1048,10880.7,1.05691,0.83048,1.05075,0.91987,0.84681,0.90182,0.63177,1.14041,0.80493,1.04591,0.00136225,0.00136225,0.00136225
1049,10890.8,1.04857,0.84579,1.05875,0.91363,0.84681,0.90184,0.63231,1.13996,0.80434,1.04569,0.001354,0.001354,0.001354
1050,10901.1,1.03556,0.81988,1.05275,0.91474,0.84681,0.90196,0.63152,1.13983,0.80398,1.04547,0.00134575,0.00134575,0.00134575
1051,10911.3,1.03101,0.82503,1.05685,0.91459,0.84681,0.90206,0.63172,1.13938,0.80384,1.0452,0.0013375,0.0013375,0.0013375
1052,10921.4,1.03433,0.82514,1.05158,0.91544,0.84681,0.90201,0.63209,1.13937,0.80352,1.04515,0.00132925,0.00132925,0.00132925
1053,10931.6,1.01393,0.82735,1.04617,0.91467,0.84681,0.90201,0.63214,1.13919,0.80347,1.04498,0.001321,0.001321,0.001321
1054,10941.9,1.04823,0.84771,1.06607,0.91432,0.84681,0.90211,0.63285,1.139,0.80342,1.04483,0.00131275,0.00131275,0.00131275
1055,10952.2,1.04855,0.84291,1.05566,0.91629,0.84681,0.90245,0.63257,1.13843,0.80346,1.04449,0.0013045,0.0013045,0.0013045
1056,10961.9,1.04494,0.83907,1.05263,0.91921,0.84728,0.9028,0.63279,1.13803,0.8029,1.04446,0.00129625,0.00129625,0.00129625
1057,10972.4,1.00931,0.81629,1.0503,0.92143,0.84681,0.90278,0.63268,1.13806,0.80237,1.04433,0.001288,0.001288,0.001288
1058,10982.5,1.05919,0.84394,1.04751,0.91918,0.84681,0.90284,0.63305,1.13779,0.80239,1.04434,0.00127975,0.00127975,0.00127975
1059,10993.2,1.01871,0.79884,1.04178,0.92136,0.84681,0.90306,0.63304,1.13768,0.80182,1.04416,0.0012715,0.0012715,0.0012715
1060,11003.8,1.0239,0.82026,1.04884,0.91839,0.84894,0.90326,0.63271,1.13739,0.80153,1.04408,0.00126325,0.00126325,0.00126325
1061,11014,1.0199,0.83101,1.05022,0.91734,0.85008,0.90198,0.63275,1.13721,0.80118,1.04409,0.001255,0.001255,0.001255
1062,11024.2,1.00928,0.81052,1.04855,0.91813,0.84894,0.90224,0.63324,1.13708,0.80101,1.04386,0.00124675,0.00124675,0.00124675
1063,11034.6,1.04124,0.8362,1.05022,0.91588,0.84894,0.90213,0.63209,1.13732,0.80083,1.04372,0.0012385,0.0012385,0.0012385
1064,11044.5,1.02134,0.82957,1.04203,0.91567,0.84894,0.90213,0.63254,1.13708,0.80063,1.04381,0.00123025,0.00123025,0.00123025
1065,11054.7,1.02129,0.82921,1.05687,0.91575,0.84894,0.90176,0.63181,1.13703,0.80001,1.04378,0.001222,0.001222,0.001222
1066,11064.7,1.03329,0.80925,1.04696,0.91301,0.8486,0.90008,0.63196,1.1364,0.79976,1.04379,0.00121375,0.00121375,0.00121375
1067,11074.3,1.01999,0.79061,1.04253,0.91508,0.84828,0.90033,0.63198,1.13631,0.79951,1.04356,0.0012055,0.0012055,0.0012055
1068,11084.1,1.03808,0.83027,1.04796,0.91513,0.84889,0.90026,0.63257,1.13606,0.79903,1.04338,0.00119725,0.00119725,0.00119725
1069,11093.9,1.04266,0.84455,1.03707,0.91694,0.84681,0.90031,0.6335,1.13583,0.79853,1.04339,0.001189,0.001189,0.001189
1070,11104.3,1.06159,0.85536,1.05501,0.91617,0.84681,0.90037,0.63412,1.13562,0.79831,1.04328,0.00118075,0.00118075,0.00118075
1071,11114.3,1.02552,0.83055,1.04545,0.9163,0.84681,0.90037,0.63454,1.13565,0.79746,1.04335,0.0011725,0.0011725,0.0011725
1072,11124.9,1.06209,0.85585,1.04754,0.91439,0.84681,0.9002,0.63384,1.13546,0.79712,1.04304,0.00116425,0.00116425,0.00116425
1073,11135,1.0271,0.82899,1.05637,0.91602,0.84681,0.90172,0.63458,1.13529,0.79699,1.04278,0.001156,0.001156,0.001156
1074,11145.6,1.01169,0.82506,1.04574,0.91583,0.84681,0.90169,0.6345,1.1351,0.79667,1.0431,0.00114775,0.00114775,0.00114775
1075,11155.7,1.02179,0.81919,1.04285,0.9179,0.84681,0.90205,0.63482,1.13522,0.79631,1.04316,0.0011395,0.0011395,0.0011395
1076,11166.2,1.01999,0.81572,1.05008,0.91501,0.84681,0.90193,0.63521,1.13559,0.79598,1.04277,0.00113125,0.00113125,0.00113125
1077,11176.8,1.01236,0.81687,1.05074,0.91684,0.84681,0.90216,0.63567,1.13531,0.79567,1.04287,0.001123,0.001123,0.001123
1078,11187.3,1.02839,0.81655,1.04683,0.91756,0.84681,0.90215,0.63544,1.13471,0.79505,1.04253,0.00111475,0.00111475,0.00111475
1079,11197.5,0.99874,0.80916,1.04841,0.91785,0.84681,0.90217,0.63558,1.13488,0.79474,1.04246,0.0011065,0.0011065,0.0011065
1080,11207.5,1.03265,0.82915,1.04741,0.91765,0.84681,0.90218,0.63501,1.13464,0.79429,1.04225,0.00109825,0.00109825,0.00109825
1081,11217.5,1.02174,0.82756,1.05219,0.91962,0.84681,0.90246,0.63567,1.13473,0.79392,1.04224,0.00109,0.00109,0.00109
1082,11228.1,1.03711,0.83664,1.0483,0.92011,0.84681,0.90252,0.63548,1.13461,0.79367,1.04223,0.00108175,0.00108175,0.00108175
1083,11238.3,1.02229,0.81397,1.04488,0.92,0.84681,0.90248,0.63591,1.13444,0.79345,1.04211,0.0010735,0.0010735,0.0010735
1084,11248.9,1.0096,0.81216,1.04184,0.91995,0.84681,0.90248,0.63532,1.13442,0.79315,1.04192,0.00106525,0.00106525,0.00106525
1085,11259.1,0.99031,0.78706,1.04229,0.92047,0.84468,0.90188,0.63595,1.13433,0.79282,1.04188,0.001057,0.001057,0.001057
1086,11269.3,1.00477,0.7934,1.03354,0.92044,0.84468,0.90192,0.63654,1.13398,0.79293,1.04163,0.00104875,0.00104875,0.00104875
1087,11279.9,1.01894,0.8151,1.04266,0.92998,0.83404,0.9019,0.63683,1.13381,0.79251,1.04149,0.0010405,0.0010405,0.0010405
1088,11290.4,1.01827,0.81732,1.04097,0.92966,0.83404,0.90201,0.63707,1.13376,0.79215,1.04137,0.00103225,0.00103225,0.00103225
1089,11300.9,1.00386,0.79677,1.02947,0.92697,0.83725,0.90213,0.63695,1.1336,0.79183,1.04138,0.001024,0.001024,0.001024
1090,11311.1,1.02473,0.82386,1.04838,0.93124,0.83567,0.90208,0.63755,1.13354,0.7913,1.04121,0.00101575,0.00101575,0.00101575
1091,11321.6,1.0117,0.80602,1.04334,0.93124,0.8357,0.90218,0.63786,1.13341,0.79101,1.04115,0.0010075,0.0010075,0.0010075
1092,11332.2,1.01143,0.81496,1.03841,0.93126,0.83586,0.90216,0.63776,1.13322,0.79072,1.04115,0.00099925,0.00099925,0.00099925
1093,11342.4,1.02672,0.82654,1.03827,0.93125,0.83579,0.9025,0.63786,1.13293,0.79054,1.04103,0.000991,0.000991,0.000991
1094,11352.9,1.00292,0.78987,1.0397,0.93126,0.83592,0.90261,0.63808,1.13271,0.79034,1.041,0.00098275,0.00098275,0.00098275
1095,11363.5,1.01692,0.81572,1.04239,0.93124,0.83567,0.90263,0.6376,1.13247,0.79001,1.04094,0.0009745,0.0009745,0.0009745
1096,11373.6,1.00267,0.81716,1.03712,0.93122,0.83545,0.90272,0.63777,1.13233,0.78985,1.04073,0.00096625,0.00096625,0.00096625
1097,11383.8,1.01205,0.81882,1.0454,0.92902,0.83539,0.90261,0.63809,1.13214,0.78952,1.04068,0.000958,0.000958,0.000958
1098,11394.3,1.01726,0.80665,1.03395,0.92899,0.83506,0.90261,0.63843,1.13215,0.78938,1.04066,0.00094975,0.00094975,0.00094975
1099,11404.9,0.99587,0.80869,1.03236,0.92892,0.83417,0.90263,0.63829,1.13212,0.78928,1.04041,0.0009415,0.0009415,0.0009415
1100,11415.1,1.01764,0.81376,1.03921,0.92896,0.83465,0.90259,0.63809,1.13183,0.78935,1.04004,0.00093325,0.00093325,0.00093325
1101,11425.3,0.99476,0.81219,1.03739,0.92924,0.83404,0.90263,0.63833,1.13202,0.78897,1.04013,0.000925,0.000925,0.000925
1102,11435.5,1.01856,0.81628,1.04324,0.92932,0.83404,0.90264,0.63846,1.1318,0.78898,1.03984,0.00091675,0.00091675,0.00091675
1103,11446,0.99701,0.81508,1.04728,0.92955,0.83404,0.90267,0.63864,1.13194,0.78883,1.03997,0.0009085,0.0009085,0.0009085
1104,11456.4,0.99545,0.79374,1.03179,0.92954,0.83404,0.90274,0.63858,1.13174,0.7888,1.03984,0.00090025,0.00090025,0.00090025
1105,11466.5,1.00388,0.82004,1.04552,0.92945,0.83404,0.90271,0.63828,1.1318,0.78843,1.03983,0.000892,0.000892,0.000892
1106,11476.7,0.97598,0.78325,1.02499,0.92488,0.83821,0.90267,0.63871,1.13176,0.78839,1.03981,0.00088375,0.00088375,0.00088375
1107,11487.2,1.01724,0.81629,1.04384,0.92476,0.83617,0.90276,0.63868,1.13166,0.78822,1.03984,0.0008755,0.0008755,0.0008755
1108,11497.3,0.97871,0.78837,1.03469,0.92954,0.83404,0.90277,0.63918,1.13181,0.7881,1.0399,0.00086725,0.00086725,0.00086725
1109,11507.8,1.00856,0.81747,1.03156,0.92948,0.83404,0.90281,0.63942,1.13162,0.78787,1.03968,0.000859,0.000859,0.000859
1110,11518.4,0.9864,0.79943,1.03244,0.92827,0.83617,0.90282,0.6395,1.13158,0.78764,1.03959,0.00085075,0.00085075,0.00085075
1111,11528.8,0.99613,0.78545,1.0325,0.92696,0.8371,0.90283,0.63925,1.13145,0.78766,1.03948,0.0008425,0.0008425,0.0008425
1112,11539,1.01226,0.81085,1.03534,0.92694,0.83682,0.90285,0.63988,1.13117,0.78753,1.03928,0.00083425,0.00083425,0.00083425
1113,11549.5,0.98214,0.79957,1.03353,0.92936,0.83404,0.90286,0.63997,1.13119,0.78709,1.03921,0.000826,0.000826,0.000826
1114,11560.1,0.98473,0.78819,1.03029,0.92948,0.83404,0.90264,0.64036,1.13119,0.78713,1.03913,0.00081775,0.00081775,0.00081775
1115,11570.6,0.99487,0.78377,1.02185,0.92967,0.83404,0.90272,0.64006,1.13092,0.78718,1.03886,0.0008095,0.0008095,0.0008095
1116,11580.7,0.97854,0.78475,1.02219,0.92698,0.83738,0.90283,0.64059,1.13075,0.78725,1.03877,0.00080125,0.00080125,0.00080125
1117,11591.2,1.02517,0.82191,1.03915,0.92697,0.8372,0.90283,0.63962,1.13083,0.78681,1.03866,0.000793,0.000793,0.000793
1118,11601.4,0.98936,0.80519,1.03995,0.92703,0.838,0.90442,0.64056,1.13109,0.78658,1.03873,0.00078475,0.00078475,0.00078475
1119,11611.9,0.9779,0.78269,1.03064,0.92951,0.83404,0.90289,0.64048,1.13066,0.7865,1.03855,0.0007765,0.0007765,0.0007765
1120,11622,0.98751,0.79742,1.03326,0.92737,0.84215,0.90458,0.64122,1.13036,0.7862,1.03842,0.00076825,0.00076825,0.00076825
1121,11632.1,1.01609,0.79822,1.03669,0.92583,0.84255,0.90476,0.641,1.13017,0.78589,1.03817,0.00076,0.00076,0.00076
1122,11642.3,1.00578,0.79844,1.02783,0.92568,0.84255,0.90481,0.64093,1.13004,0.7857,1.03809,0.00075175,0.00075175,0.00075175
1123,11652.5,1.01993,0.79875,1.03842,0.92479,0.84255,0.90482,0.64098,1.12987,0.78542,1.03795,0.0007435,0.0007435,0.0007435
1124,11662.7,0.98561,0.77292,1.03695,0.91943,0.84468,0.90537,0.64151,1.12951,0.78525,1.03771,0.00073525,0.00073525,0.00073525
1125,11673.2,0.97596,0.78508,1.02867,0.92937,0.83404,0.90485,0.64135,1.12941,0.7852,1.03769,0.000727,0.000727,0.000727
1126,11683.3,0.96114,0.76868,1.02889,0.91887,0.84468,0.90539,0.64128,1.12923,0.7852,1.03765,0.00071875,0.00071875,0.00071875
1127,11693.2,0.96985,0.79774,1.03033,0.91878,0.84468,0.90539,0.64142,1.12932,0.78496,1.03758,0.0007105,0.0007105,0.0007105
1128,11702.8,0.98385,0.79624,1.03548,0.9185,0.84468,0.90551,0.64133,1.12884,0.78488,1.03727,0.00070225,0.00070225,0.00070225
1129,11712.7,0.99025,0.78734,1.03285,0.91847,0.84468,0.90553,0.64179,1.12849,0.78476,1.03707,0.000694,0.000694,0.000694
1130,11723.2,1.00705,0.80801,1.04191,0.91856,0.84468,0.90542,0.64207,1.12867,0.78431,1.03709,0.00068575,0.00068575,0.00068575
1131,11733.6,0.97885,0.7932,1.02765,0.91976,0.84468,0.90548,0.64199,1.12834,0.7844,1.03699,0.0006775,0.0006775,0.0006775
1132,11743.9,0.98437,0.80779,1.03948,0.91953,0.84468,0.90553,0.64181,1.12837,0.78374,1.03712,0.00066925,0.00066925,0.00066925
1133,11754,1.00868,0.80145,1.04121,0.91918,0.84468,0.90555,0.64154,1.12833,0.78363,1.03713,0.000661,0.000661,0.000661
1134,11764.1,0.97591,0.78548,1.03366,0.92074,0.84468,0.90563,0.64185,1.12824,0.78358,1.03696,0.00065275,0.00065275,0.00065275
1135,11774.3,0.97633,0.79658,1.03689,0.92071,0.84468,0.90567,0.64196,1.12815,0.78359,1.03689,0.0006445,0.0006445,0.0006445
1136,11784.5,0.98044,0.79077,1.038,0.92072,0.84468,0.90566,0.64173,1.12798,0.78368,1.037,0.00063625,0.00063625,0.00063625
1137,11794.7,0.97828,0.78718,1.02699,0.92072,0.84468,0.9056,0.64197,1.12782,0.7835,1.03676,0.000628,0.000628,0.000628
1138,11804.8,0.98792,0.80167,1.03134,0.9211,0.84468,0.90569,0.64196,1.1277,0.78327,1.03687,0.00061975,0.00061975,0.00061975
1139,11814.9,0.96673,0.78001,1.02758,0.92089,0.84468,0.9057,0.64221,1.12766,0.78299,1.03683,0.0006115,0.0006115,0.0006115
1140,11825.3,0.98463,0.79503,1.02946,0.92166,0.84468,0.90568,0.6422,1.12742,0.78288,1.03675,0.00060325,0.00060325,0.00060325
1141,11835.8,1.0046,0.79912,1.02969,0.91693,0.84681,0.90572,0.64265,1.12722,0.78268,1.03667,0.000595,0.000595,0.000595
1142,11846.3,0.99653,0.80096,1.03163,0.91698,0.84681,0.90583,0.64247,1.1271,0.78244,1.03661,0.00058675,0.00058675,0.00058675
1143,11856.4,0.97799,0.78393,1.02695,0.92318,0.84468,0.90594,0.64238,1.12688,0.78209,1.03646,0.0005785,0.0005785,0.0005785
1144,11866.6,0.98431,0.78839,1.03224,0.92226,0.84468,0.90585,0.64285,1.12669,0.78178,1.03629,0.00057025,0.00057025,0.00057025
1145,11877.1,0.94664,0.76137,1.02804,0.92377,0.84468,0.90592,0.64312,1.1265,0.78177,1.03617,0.000562,0.000562,0.000562
1146,11887.7,0.95409,0.76462,1.01944,0.92304,0.84468,0.90586,0.64314,1.12685,0.78133,1.0361,0.00055375,0.00055375,0.00055375
1147,11898.3,0.9736,0.78634,1.02515,0.92319,0.84468,0.90584,0.64312,1.12647,0.78175,1.03619,0.0005455,0.0005455,0.0005455
1148,11908.5,0.99322,0.79633,1.02841,0.92254,0.84468,0.90588,0.64277,1.12633,0.78169,1.03603,0.00053725,0.00053725,0.00053725
1149,11918.6,0.95812,0.75474,1.014,0.92739,0.84468,0.9064,0.64267,1.12657,0.78098,1.03594,0.000529,0.000529,0.000529
1150,11928.8,0.97398,0.78839,1.02632,0.92535,0.84468,0.90641,0.64291,1.12644,0.78088,1.0359,0.00052075,0.00052075,0.00052075
1151,11939,0.97489,0.77875,1.02928,0.92235,0.84468,0.90617,0.64243,1.12618,0.78067,1.03575,0.0005125,0.0005125,0.0005125
1152,11949.2,0.93951,0.7386,1.0008,0.92469,0.84468,0.90656,0.64298,1.12616,0.78054,1.03567,0.00050425,0.00050425,0.00050425
1153,11959.4,0.97106,0.77476,1.0188,0.92503,0.84468,0.90653,0.6431,1.12617,0.78051,1.0356,0.000496,0.000496,0.000496
1154,11970,0.98443,0.80045,1.02787,0.9247,0.84468,0.90651,0.6432,1.12614,0.78021,1.03555,0.00048775,0.00048775,0.00048775
1155,11980.6,0.97984,0.78025,1.01586,0.92456,0.84468,0.90664,0.64264,1.12619,0.77978,1.0355,0.0004795,0.0004795,0.0004795
1156,11990.7,0.98533,0.79609,1.02298,0.92477,0.84468,0.90659,0.64338,1.12595,0.77995,1.03543,0.00047125,0.00047125,0.00047125
1157,12001.2,0.99942,0.78935,1.02617,0.9246,0.84468,0.9065,0.64334,1.1259,0.7798,1.03537,0.000463,0.000463,0.000463
1158,12011.4,0.94198,0.76278,1.02411,0.92485,0.84468,0.90653,0.64332,1.12599,0.77948,1.03536,0.00045475,0.00045475,0.00045475
1159,12021.6,0.96114,0.77357,1.02815,0.92473,0.84468,0.90656,0.64346,1.12566,0.77991,1.03518,0.0004465,0.0004465,0.0004465
1160,12032,0.95792,0.77285,1.01055,0.92508,0.84468,0.90658,0.64344,1.12576,0.77948,1.03521,0.00043825,0.00043825,0.00043825
1161,12042.1,0.9719,0.78169,1.02746,0.92504,0.84468,0.90655,0.64342,1.12568,0.77926,1.03504,0.00043,0.00043,0.00043
1162,12052.3,0.9518,0.76367,1.01877,0.92493,0.84468,0.90649,0.64343,1.1256,0.77904,1.03504,0.00042175,0.00042175,0.00042175
1163,12062.4,0.98447,0.79677,1.03344,0.92497,0.84468,0.90653,0.64372,1.12546,0.77886,1.03492,0.0004135,0.0004135,0.0004135
1164,12072.4,0.97708,0.7722,1.02287,0.92513,0.84468,0.90648,0.64377,1.1254,0.77897,1.0349,0.00040525,0.00040525,0.00040525
1165,12082.7,0.96584,0.77906,1.02985,0.92499,0.84468,0.90654,0.64473,1.12525,0.77887,1.03453,0.000397,0.000397,0.000397
1166,12093.3,0.93569,0.75596,1.02259,0.92482,0.84468,0.90659,0.64426,1.12497,0.77879,1.03441,0.00038875,0.00038875,0.00038875
1167,12103.4,0.97131,0.79066,1.02215,0.92502,0.84468,0.90653,0.6444,1.12483,0.77847,1.03448,0.0003805,0.0003805,0.0003805
1168,12113.6,0.94412,0.75422,1.0063,0.92498,0.84468,0.9065,0.64441,1.12465,0.7786,1.03423,0.00037225,0.00037225,0.00037225
1169,12123.8,0.95348,0.77401,1.02345,0.92499,0.84468,0.90648,0.6446,1.12469,0.77842,1.03413,0.000364,0.000364,0.000364
1170,12134,0.93899,0.74402,1.01081,0.9239,0.84468,0.90653,0.64443,1.12471,0.77867,1.03417,0.00035575,0.00035575,0.00035575
1171,12144.1,0.9714,0.77487,1.01471,0.92417,0.84468,0.9065,0.64459,1.12454,0.77827,1.03408,0.0003475,0.0003475,0.0003475
1172,12154.2,0.96572,0.78245,1.01795,0.92424,0.84468,0.90645,0.64437,1.12441,0.77823,1.03397,0.00033925,0.00033925,0.00033925
1173,12164.4,0.97122,0.77689,1.02401,0.92411,0.84468,0.90646,0.64439,1.12435,0.77799,1.03393,0.000331,0.000331,0.000331
1174,12174.7,0.96315,0.78054,1.02411,0.92385,0.84468,0.90646,0.64461,1.12421,0.77776,1.03388,0.00032275,0.00032275,0.00032275
1175,12184.9,0.98273,0.80167,1.02578,0.92402,0.84468,0.90646,0.64469,1.12404,0.778,1.03364,0.0003145,0.0003145,0.0003145
1176,12194.8,0.97395,0.77417,1.01424,0.92406,0.84468,0.90644,0.6454,1.12389,0.77785,1.03361,0.00030625,0.00030625,0.00030625
1177,12205.3,0.93189,0.75871,1.00831,0.92434,0.84468,0.90648,0.64516,1.12381,0.7778,1.03347,0.000298,0.000298,0.000298
1178,12215.4,0.95095,0.76534,1.01945,0.92419,0.84468,0.90648,0.64488,1.12391,0.77746,1.03345,0.00028975,0.00028975,0.00028975
1179,12225.5,0.94537,0.75311,1.01387,0.92425,0.84468,0.90645,0.64521,1.12378,0.77733,1.03318,0.0002815,0.0002815,0.0002815
1180,12235.6,0.94459,0.76353,1.01864,0.92424,0.84468,0.90653,0.64532,1.12367,0.77695,1.03311,0.00027325,0.00027325,0.00027325
1181,12245.8,0.9926,0.79679,1.02542,0.92426,0.84468,0.90662,0.64543,1.12364,0.77706,1.03308,0.000265,0.000265,0.000265
1182,12256.4,0.97453,0.78637,1.02461,0.92425,0.84468,0.90661,0.6456,1.12361,0.77665,1.033,0.00025675,0.00025675,0.00025675
1183,12267,0.99584,0.79245,1.03192,0.92429,0.84468,0.90671,0.64581,1.12336,0.77661,1.03277,0.0002485,0.0002485,0.0002485
1184,12277.5,0.9419,0.75765,1.01576,0.92425,0.84468,0.90646,0.64586,1.12338,0.77648,1.03282,0.00024025,0.00024025,0.00024025
1185,12288,0.957,0.7758,1.02692,0.92485,0.84468,0.90657,0.64591,1.12255,0.77647,1.03188,0.000232,0.000232,0.000232
1186,12298.6,0.96711,0.76624,1.01862,0.92438,0.84468,0.90668,0.64576,1.12239,0.77658,1.0318,0.00022375,0.00022375,0.00022375
1187,12308.8,0.9718,0.76734,1.01758,0.92389,0.84468,0.90655,0.64537,1.12223,0.77656,1.03166,0.0002155,0.0002155,0.0002155
1188,12319,0.97087,0.77239,1.02468,0.92455,0.84468,0.90704,0.64612,1.12216,0.77655,1.03155,0.00020725,0.00020725,0.00020725
1189,12329.5,0.95821,0.76516,1.01454,0.92505,0.84468,0.90708,0.64613,1.12224,0.77636,1.03169,0.000199,0.000199,0.000199
1190,12340.1,0.95286,0.76327,1.00847,0.92539,0.84468,0.90707,0.6454,1.12227,0.77643,1.0316,0.00019075,0.00019075,0.00019075
1191,12351.8,1.06964,0.66831,0.98972,0.92512,0.84468,0.9071,0.64616,1.12196,0.77613,1.03143,0.0001825,0.0001825,0.0001825
1192,12362.3,1.0142,0.62672,0.95329,0.92519,0.84468,0.90717,0.64598,1.12196,0.77573,1.03151,0.00017425,0.00017425,0.00017425
1193,12372.5,0.98897,0.63025,0.93771,0.92511,0.84468,0.90729,0.64601,1.12173,0.77555,1.03132,0.000166,0.000166,0.000166
1194,12382.7,0.97352,0.61552,0.94306,0.92402,0.84468,0.90735,0.64653,1.12147,0.77542,1.03111,0.00015775,0.00015775,0.00015775
1195,12393.3,0.97419,0.61497,0.93296,0.92404,0.84468,0.90749,0.64601,1.12136,0.77543,1.03098,0.0001495,0.0001495,0.0001495
1196,12403.5,0.97257,0.60054,0.92058,0.92392,0.84468,0.90756,0.64675,1.12106,0.7751,1.0309,0.00014125,0.00014125,0.00014125
1197,12414.1,0.97351,0.6067,0.92256,0.9239,0.84468,0.90762,0.64661,1.12095,0.77512,1.03079,0.000133,0.000133,0.000133
1198,12424.1,0.94837,0.61465,0.92936,0.92395,0.84468,0.90753,0.6466,1.12074,0.77511,1.03065,0.00012475,0.00012475,0.00012475
1199,12434.2,0.94245,0.60583,0.92319,0.92378,0.84468,0.90758,0.64625,1.12067,0.77493,1.03068,0.0001165,0.0001165,0.0001165
1200,12444.2,0.93961,0.59349,0.92464,0.92401,0.84468,0.90759,0.64686,1.12044,0.77495,1.03036,0.00010825,0.00010825,0.00010825
