epoch,time,train/box_loss,train/cls_loss,train/dfl_loss,metrics/precision(B),metrics/recall(B),metrics/mAP50(B),metrics/mAP50-95(B),val/box_loss,val/cls_loss,val/dfl_loss,lr/pg0,lr/pg1,lr/pg2
1,22.6099,5.83513,9.81308,4.22406,1e-05,0.00213,1e-05,0,6.30251,12.3786,4.1611,0.00327778,0.00327778,0.00327778
2,43.5073,5.84827,9.56931,4.21495,1e-05,0.00213,1e-05,0,6.30097,12.4009,4.16219,0.00660566,0.00660566,0.00660566
3,64.1785,5.92194,9.3825,4.22861,1e-05,0.00213,1e-05,0,6.19695,19.3078,4.79135,0.00992804,0.00992804,0.00992804
4,84.8815,5.86555,7.48841,4.15575,2e-05,0.00213,1e-05,0,6.23036,6.88371,4.16832,0.00997525,0.00997525,0.00997525
5,105.472,5.15974,4.93307,3.48341,2e-05,0.00213,1e-05,0,4.5834,5.45093,2.66865,0.009967,0.009967,0.009967
6,126.108,4.24968,4.48022,2.73255,0.00043,0.02766,0.00022,6e-05,4.32383,5.86728,3.17941,0.00995875,0.00995875,0.00995875
7,146.873,4.0566,4.43821,2.72958,0.00036,0.04255,0.00019,4e-05,3.96011,5.07768,3.60171,0.0099505,0.0099505,0.0099505
8,167.184,3.90195,4.46891,2.69043,0.00043,0.00426,0.00023,8e-05,4.15574,4.76132,2.29383,0.00994225,0.00994225,0.00994225
9,187.533,3.80192,4.45655,2.65053,0.00043,0.00426,0.00023,8e-05,3.88398,12.7533,2.98128,0.009934,0.009934,0.009934
10,208.231,3.7526,4.49371,2.64501,0.00088,0.12553,0.00051,0.00012,3.9074,4.89915,2.46571,0.00992575,0.00992575,0.00992575
11,228.806,3.67288,4.46728,2.60475,0.00113,0.14043,0.00081,0.00017,3.78191,4.64515,2.42872,0.0099175,0.0099175,0.0099175
12,249.41,3.60057,4.46,2.5874,0.00144,0.21489,0.00104,0.00021,3.61175,4.55039,2.31595,0.00990925,0.00990925,0.00990925
13,270.15,3.59959,4.44996,2.62035,0.00132,0.19787,0.00097,0.00022,3.58092,4.61105,2.31294,0.009901,0.009901,0.009901
14,290.548,3.57464,4.43741,2.6473,0.00155,0.15957,0.00108,0.00024,3.60448,4.56652,2.40261,0.00989275,0.00989275,0.00989275
15,311.224,3.60581,4.45209,2.60819,0.00141,0.19787,0.00094,0.00022,3.537,4.6098,2.30929,0.0098845,0.0098845,0.0098845
16,331.576,3.59092,4.45036,2.60715,0.00108,0.15106,0.00075,0.00018,3.57931,4.70076,2.40211,0.00987625,0.00987625,0.00987625
17,352.036,3.58892,4.41343,2.60109,0.0012,0.17872,0.00082,0.00018,3.56971,4.49821,2.35495,0.009868,0.009868,0.009868
18,372.439,3.54391,4.38035,2.59828,0.00161,0.2383,0.00134,0.0003,3.52153,4.60543,2.34657,0.00985975,0.00985975,0.00985975
19,393.195,3.55999,4.41105,2.56423,0.00163,0.23617,0.00158,0.00035,3.4854,4.43798,2.28663,0.0098515,0.0098515,0.0098515
20,413.889,3.54682,4.37575,2.60307,0.00159,0.23191,0.00157,0.00034,3.5031,4.45117,2.3026,0.00984325,0.00984325,0.00984325
21,434.595,3.56752,4.37517,2.60419,0.00175,0.25532,0.00155,0.00038,3.5475,4.37802,2.36794,0.009835,0.009835,0.009835
22,455.358,3.5539,4.36756,2.58186,0.00192,0.26596,0.0025,0.00062,3.43268,4.31299,2.25394,0.00982675,0.00982675,0.00982675
23,476.029,3.47852,4.30618,2.55666,0.00186,0.27447,0.00214,0.00049,3.34057,4.34258,2.2015,0.0098185,0.0098185,0.0098185
24,496.428,3.48942,4.32256,2.57075,0.00188,0.26383,0.00212,0.00046,3.47797,4.35286,2.33958,0.00981025,0.00981025,0.00981025
25,516.852,3.49213,4.32279,2.54131,0.00187,0.27234,0.00167,0.00038,3.44536,4.37719,2.25883,0.009802,0.009802,0.009802
26,537.239,3.48922,4.30311,2.57376,0.00214,0.26809,0.00188,0.00045,3.43187,4.22927,2.28515,0.00979375,0.00979375,0.00979375
27,557.617,3.45409,4.33219,2.55393,0.00164,0.24894,0.00181,0.0004,3.44301,4.33492,2.32313,0.0097855,0.0097855,0.0097855
28,578.046,3.45245,4.31084,2.55617,0.0017,0.25957,0.00144,0.00036,3.35652,4.25723,2.25477,0.00977725,0.00977725,0.00977725
29,598.395,3.43554,4.31754,2.55874,0.00204,0.31064,0.0018,0.00043,3.32721,4.19702,2.25775,0.009769,0.009769,0.009769
30,618.809,3.43004,4.29437,2.52916,0.00185,0.28085,0.00255,0.00055,3.36597,4.24315,2.25303,0.00976075,0.00976075,0.00976075
31,639.122,3.42316,4.31314,2.52186,0.00203,0.30426,0.00205,0.0005,3.35566,4.34925,2.26807,0.0097525,0.0097525,0.0097525
32,659.466,3.39951,4.27286,2.53446,0.00214,0.32553,0.00361,0.00063,3.34611,4.23619,2.24176,0.00974425,0.00974425,0.00974425
33,680.22,3.4297,4.33509,2.52496,0.00203,0.29362,0.00197,0.00046,3.33041,4.30165,2.22672,0.009736,0.009736,0.009736
34,700.509,3.39207,4.32497,2.52667,0.00214,0.07021,0.00125,0.00028,3.43312,4.48407,2.2706,0.00972775,0.00972775,0.00972775
35,720.738,3.36297,4.28884,2.50635,0.00181,0.24043,0.0016,0.0004,3.34435,4.34596,2.17283,0.0097195,0.0097195,0.0097195
36,741.152,3.36152,4.30225,2.5018,0.00216,0.29149,0.00224,0.00051,3.40469,4.40372,2.27409,0.00971125,0.00971125,0.00971125
37,761.56,3.38665,4.32668,2.52047,0.00218,0.32766,0.00185,0.00043,3.3384,4.32178,2.2673,0.009703,0.009703,0.009703
38,781.914,3.36049,4.26939,2.49515,0.00223,0.33191,0.00187,0.00042,3.32591,4.28906,2.25077,0.00969475,0.00969475,0.00969475
39,802.232,3.29234,4.26169,2.45749,0.00227,0.34681,0.00224,0.00053,3.29057,4.21675,2.1866,0.0096865,0.0096865,0.0096865
40,822.566,3.30486,4.26915,2.47136,0.0021,0.31915,0.00214,0.0005,3.33046,4.24018,2.23319,0.00967825,0.00967825,0.00967825
41,842.979,3.31299,4.2806,2.4612,0.00151,0.22979,0.00104,0.00025,3.38704,4.32249,2.33264,0.00967,0.00967,0.00967
42,863.315,3.33488,4.2979,2.46312,0.00198,0.29787,0.00202,0.0005,3.26165,4.30241,2.21212,0.00966175,0.00966175,0.00966175
43,883.68,3.24582,4.26802,2.45166,0.00175,0.26383,0.00126,0.00031,3.33576,4.37235,2.27255,0.0096535,0.0096535,0.0096535
44,904.058,3.2483,4.28615,2.42998,0.00187,0.28298,0.00184,0.00042,3.26416,4.35291,2.20447,0.00964525,0.00964525,0.00964525
45,924.49,3.25169,4.26968,2.45114,0.00181,0.2766,0.00143,0.00037,3.2136,4.3454,2.18316,0.009637,0.009637,0.009637
46,944.84,3.26927,4.25788,2.46007,0.00188,0.28511,0.00142,0.00035,3.27029,4.27826,2.17235,0.00962875,0.00962875,0.00962875
47,965.258,3.25074,4.21713,2.41091,0.00207,0.31489,0.00155,0.00036,3.36041,4.33372,2.25257,0.0096205,0.0096205,0.0096205
48,985.674,3.22996,4.23455,2.39812,0.00184,0.27234,0.00185,0.00041,3.31854,4.33701,2.24463,0.00961225,0.00961225,0.00961225
49,1006.03,3.22853,4.22775,2.42524,0.00215,0.32553,0.00331,0.00054,3.30497,4.30564,2.20519,0.009604,0.009604,0.009604
50,1026.27,3.23271,4.25303,2.40348,0.00206,0.30426,0.00185,0.0004,3.40063,4.31145,2.32263,0.00959575,0.00959575,0.00959575
51,1046.61,3.22954,4.22647,2.38751,0.00196,0.29787,0.00156,0.00037,3.30876,4.46788,2.23391,0.0095875,0.0095875,0.0095875
52,1066.96,3.263,4.2416,2.39971,0.00194,0.28723,0.00219,0.00048,3.33048,4.30446,2.25869,0.00957925,0.00957925,0.00957925
53,1087.29,3.21472,4.23246,2.40381,0.00216,0.3234,0.00209,0.00043,3.33448,4.37516,2.24619,0.009571,0.009571,0.009571
54,1107.69,3.23908,4.20615,2.41103,0.00227,0.34255,0.00177,0.00038,3.30066,4.34081,2.26156,0.00956275,0.00956275,0.00956275
55,1128.09,3.21505,4.21917,2.39081,0.00204,0.30638,0.00163,0.00039,3.25545,4.30336,2.20828,0.0095545,0.0095545,0.0095545
56,1148.47,3.15635,4.16266,2.3423,0.00202,0.3,0.00187,0.00043,3.22768,4.36578,2.21055,0.00954625,0.00954625,0.00954625
57,1168.87,3.1801,4.18616,2.36655,0.00187,0.28511,0.00197,0.00046,3.25174,4.27694,2.1906,0.009538,0.009538,0.009538
58,1189.25,3.19101,4.23159,2.3612,0.00253,0.35319,0.00268,0.00057,3.27299,4.32672,2.23701,0.00952975,0.00952975,0.00952975
59,1209.65,3.18592,4.19039,2.36861,0.00215,0.31915,0.00228,0.00051,3.26474,4.28516,2.2186,0.0095215,0.0095215,0.0095215
60,1230.04,3.19557,4.1817,2.38118,0.0021,0.31489,0.00239,0.00055,3.32413,4.25009,2.26031,0.00951325,0.00951325,0.00951325
61,1250.36,3.1933,4.17194,2.37611,0.00216,0.32979,0.00269,0.00066,3.29984,4.27467,2.23808,0.009505,0.009505,0.009505
62,1270.68,3.21061,4.19403,2.38284,0.00211,0.31915,0.00169,0.00039,3.31173,4.35019,2.2289,0.00949675,0.00949675,0.00949675
63,1291.05,3.18052,4.20701,2.36914,0.00153,0.21915,0.00094,0.00023,3.32714,4.35372,2.19522,0.0094885,0.0094885,0.0094885
64,1311.45,3.10573,4.17209,2.34469,0.00224,0.32979,0.00232,0.00048,3.26719,4.31574,2.22467,0.00948025,0.00948025,0.00948025
65,1331.77,3.16664,4.18235,2.35962,0.00223,0.33617,0.00256,0.00063,3.23774,4.17454,2.18737,0.009472,0.009472,0.009472
66,1352.18,3.17133,4.18448,2.37507,0.00203,0.30851,0.00213,0.00046,3.25118,4.29085,2.23744,0.00946375,0.00946375,0.00946375
67,1372.63,3.18368,4.19355,2.36583,0.00193,0.29362,0.00334,0.00059,3.3156,4.322,2.24698,0.0094555,0.0094555,0.0094555
68,1393.02,3.17639,4.17818,2.33521,0.00241,0.35532,0.00281,0.00059,3.25768,4.25363,2.16674,0.00944725,0.00944725,0.00944725
69,1413.37,3.18767,4.17505,2.36066,0.00248,0.32979,0.00265,0.00061,3.3404,4.23347,2.25231,0.009439,0.009439,0.009439
70,1433.76,3.13994,4.15768,2.33661,0.0023,0.34894,0.00248,0.00054,3.31171,4.23469,2.29725,0.00943075,0.00943075,0.00943075
71,1454.18,3.15069,4.17883,2.35099,0.00246,0.36809,0.00299,0.00063,3.32572,4.21873,2.2715,0.0094225,0.0094225,0.0094225
72,1474.59,3.14526,4.11425,2.3578,0.00221,0.33191,0.00302,0.00063,3.35944,4.23255,2.32753,0.00941425,0.00941425,0.00941425
73,1494.96,3.11913,4.13063,2.3387,0.00239,0.3617,0.00281,0.00056,3.36051,4.28869,2.34332,0.009406,0.009406,0.009406
74,1515.31,3.13472,4.15033,2.34013,0.00226,0.3234,0.00267,0.00061,3.27294,4.26579,2.21756,0.00939775,0.00939775,0.00939775
75,1535.67,3.19332,4.12311,2.37602,0.00247,0.36596,0.00397,0.00071,3.24178,4.17527,2.22088,0.0093895,0.0093895,0.0093895
76,1556.3,3.17622,4.16084,2.34116,0.00251,0.37872,0.00343,0.0007,3.3283,4.25489,2.25515,0.00938125,0.00938125,0.00938125
77,1576.69,3.1691,4.15052,2.35103,0.00219,0.33191,0.00365,0.00071,3.29093,4.36098,2.28402,0.009373,0.009373,0.009373
78,1597.09,3.13559,4.14119,2.3507,0.00221,0.32766,0.00326,0.00065,3.3234,4.4851,2.31232,0.00936475,0.00936475,0.00936475
79,1617.07,3.16083,4.14659,2.33955,0.00261,0.39149,0.00924,0.00149,3.20281,4.2107,2.1795,0.0093565,0.0093565,0.0093565
80,1637.73,3.11581,4.12778,2.35025,0.00263,0.39362,0.00589,0.00112,3.20159,4.20366,2.17464,0.00934825,0.00934825,0.00934825
81,1658,3.15719,4.11239,2.37305,0.00247,0.34681,0.00376,0.00081,3.2633,4.23438,2.23197,0.00934,0.00934,0.00934
82,1678.42,3.11689,4.11027,2.35233,0.00257,0.3617,0.00447,0.00088,3.24935,4.15998,2.24227,0.00933175,0.00933175,0.00933175
83,1698.85,3.12069,4.09266,2.34737,0.00263,0.37872,0.0042,0.00091,3.17604,4.17666,2.18027,0.0093235,0.0093235,0.0093235
84,1719.2,3.14083,4.0759,2.33793,0.00291,0.39574,0.00444,0.00104,3.2381,4.17258,2.23692,0.00931525,0.00931525,0.00931525
85,1739.59,3.11076,4.06452,2.35772,0.00264,0.40213,0.00536,0.00107,3.23012,4.23833,2.2326,0.009307,0.009307,0.009307
86,1759.97,3.11234,4.07827,2.33408,0.00264,0.3766,0.00468,0.00112,3.22052,4.1957,2.25885,0.00929875,0.00929875,0.00929875
87,1780.39,3.10131,4.03198,2.34092,0.00226,0.3383,0.00721,0.0012,3.31248,4.35635,2.24758,0.0092905,0.0092905,0.0092905
88,1800.76,3.08051,4.03065,2.32892,0.0026,0.39149,0.00602,0.00156,3.22837,4.27779,2.20962,0.00928225,0.00928225,0.00928225
89,1821.1,3.08169,4.02769,2.34887,0.00261,0.39362,0.00435,0.00094,3.26967,4.24959,2.26157,0.009274,0.009274,0.009274
90,1841.43,3.08843,4.01221,2.3279,0.00301,0.36809,0.00531,0.00117,3.21797,4.16702,2.25148,0.00926575,0.00926575,0.00926575
91,1861.84,3.032,4.02291,2.30727,0.00295,0.44255,0.00558,0.00116,3.20329,4.18239,2.19134,0.0092575,0.0092575,0.0092575
92,1882.34,3.07538,3.96488,2.29803,0.01288,0.17021,0.00968,0.00204,3.14108,4.07914,2.19235,0.00924925,0.00924925,0.00924925
93,1903.1,3.04366,3.9504,2.31468,0.00306,0.4617,0.00941,0.00219,3.16256,4.07017,2.19376,0.009241,0.009241,0.009241
94,1923.49,3.04155,3.95464,2.30473,0.00262,0.4,0.00698,0.00155,3.15596,4.13404,2.18411,0.00923275,0.00923275,0.00923275
95,1943.83,3.03425,3.93886,2.31516,0.02852,0.07872,0.00988,0.00228,3.11369,4.09796,2.19687,0.0092245,0.0092245,0.0092245
96,1964.62,3.02133,3.90173,2.29964,0.06428,0.04255,0.01004,0.00247,3.0897,4.17372,2.17005,0.00921625,0.00921625,0.00921625
97,1985.16,3.0081,3.91592,2.2523,0.00346,0.47872,0.00534,0.00127,3.08245,4.03579,2.1512,0.009208,0.009208,0.009208
98,2005.31,3.02853,3.8758,2.30089,0.02606,0.08511,0.01162,0.00243,3.13819,3.97889,2.15371,0.00919975,0.00919975,0.00919975
99,2025.99,3.01066,3.91351,2.2827,0.00301,0.45319,0.01011,0.00219,3.10547,4.03486,2.13538,0.0091915,0.0091915,0.0091915
100,2046.41,3.02216,3.8887,2.30321,0.01796,0.18511,0.0267,0.00605,3.11042,3.98127,2.18537,0.00918325,0.00918325,0.00918325
101,2067.15,3.02305,3.85924,2.28095,0.00312,0.42979,0.01272,0.00286,3.13805,4.03208,2.1683,0.009175,0.009175,0.009175
102,2087.5,3.01301,3.85664,2.28819,0.00303,0.45532,0.01098,0.0024,3.13886,4.00091,2.13029,0.00916675,0.00916675,0.00916675
103,2107.68,3.00496,3.84548,2.27202,0.00318,0.48298,0.01991,0.00401,3.09371,3.9895,2.149,0.0091585,0.0091585,0.0091585
104,2127.99,3.00105,3.79817,2.28443,0.0038,0.38298,0.01047,0.00251,3.11962,4.05434,2.11617,0.00915025,0.00915025,0.00915025
105,2148.48,2.98626,3.82546,2.28998,0.00317,0.45319,0.01326,0.00314,3.08665,4.01161,2.16954,0.009142,0.009142,0.009142
106,2168.88,2.98695,3.82995,2.31074,0.00326,0.47447,0.01772,0.00369,3.05784,3.94141,2.15622,0.00913375,0.00913375,0.00913375
107,2189.14,2.97001,3.81337,2.27215,0.03447,0.06383,0.01293,0.00273,3.1224,4.004,2.12167,0.0091255,0.0091255,0.0091255
108,2209.34,2.95679,3.82933,2.27394,0.01245,0.2234,0.0147,0.00353,3.10596,3.98431,2.15851,0.00911725,0.00911725,0.00911725
109,2229.64,2.96631,3.79781,2.27306,0.00317,0.48085,0.01302,0.00278,3.04681,3.99606,2.09622,0.009109,0.009109,0.009109
110,2250.03,2.97055,3.76774,2.25889,0.00733,0.30851,0.01904,0.00416,3.12314,3.95354,2.16168,0.00910075,0.00910075,0.00910075
111,2270.41,2.97709,3.79187,2.27002,0.01296,0.16596,0.01018,0.00231,3.15787,4.08749,2.15126,0.0090925,0.0090925,0.0090925
112,2290.81,2.93223,3.77498,2.23964,0.00311,0.45745,0.01609,0.00331,3.06876,3.93008,2.12686,0.00908425,0.00908425,0.00908425
113,2311.14,2.94827,3.73759,2.26871,0.01354,0.21277,0.01126,0.00274,3.0947,3.9608,2.10388,0.009076,0.009076,0.009076
114,2331.44,2.95721,3.75641,2.25235,0.06004,0.0766,0.01721,0.00356,3.05154,3.92887,2.10955,0.00906775,0.00906775,0.00906775
115,2351.73,2.91329,3.74262,2.22069,0.0036,0.49149,0.01154,0.00269,3.04756,3.9241,2.13111,0.0090595,0.0090595,0.0090595
116,2372.05,2.94759,3.74703,2.24835,0.01305,0.18298,0.01488,0.00321,3.0806,3.9616,2.12075,0.00905125,0.00905125,0.00905125
117,2392.37,2.92099,3.74184,2.27224,0.02111,0.12766,0.01244,0.00272,3.0938,3.92478,2.11512,0.009043,0.009043,0.009043
118,2412.69,2.92005,3.7578,2.25972,0.0502,0.0766,0.01201,0.0027,3.0259,3.94757,2.12481,0.00903475,0.00903475,0.00903475
119,2433.06,2.94089,3.73881,2.2549,0.00344,0.49362,0.01732,0.0037,3.04622,3.88226,2.10323,0.0090265,0.0090265,0.0090265
120,2453.48,2.93131,3.75064,2.25627,0.00334,0.45532,0.01542,0.00354,3.07408,3.92772,2.14878,0.00901825,0.00901825,0.00901825
121,2473.76,2.92114,3.72753,2.24758,0.00776,0.33191,0.01637,0.00375,2.98389,3.88919,2.09206,0.00901,0.00901,0.00901
122,2494.04,2.93611,3.68959,2.23016,0.0267,0.14468,0.02361,0.00474,3.04045,3.939,2.10521,0.00900175,0.00900175,0.00900175
123,2514.43,2.94706,3.68899,2.25526,0.02125,0.15957,0.01731,0.00375,3.03457,3.96071,2.13603,0.0089935,0.0089935,0.0089935
124,2534.74,2.88691,3.70208,2.2152,0.00401,0.44894,0.01808,0.00361,3.04005,3.94801,2.11668,0.00898525,0.00898525,0.00898525
125,2554.96,2.94093,3.72904,2.25968,0.01938,0.1766,0.01675,0.00371,3.06228,3.91957,2.11649,0.008977,0.008977,0.008977
126,2575.34,2.89692,3.69336,2.2157,0.03868,0.13191,0.0174,0.00413,3.03519,3.88055,2.09998,0.00896875,0.00896875,0.00896875
127,2595.69,2.89615,3.66605,2.21297,0.00334,0.43404,0.01312,0.00317,3.08238,3.97275,2.1217,0.0089605,0.0089605,0.0089605
128,2616.05,2.87364,3.70616,2.22004,0.0041,0.47234,0.01832,0.00469,2.99529,3.90549,2.09741,0.00895225,0.00895225,0.00895225
129,2636.43,2.89045,3.69678,2.21198,0.09009,0.06596,0.02082,0.00542,3.02348,3.91802,2.07882,0.008944,0.008944,0.008944
130,2656.87,2.8904,3.69303,2.21106,0.07279,0.08936,0.0231,0.00583,2.97169,3.87324,2.06365,0.00893575,0.00893575,0.00893575
131,2677.31,2.87746,3.63965,2.20297,0.12844,0.04468,0.02226,0.00506,2.9675,3.88224,2.07148,0.0089275,0.0089275,0.0089275
132,2697.7,2.87813,3.65425,2.22581,0.03017,0.1766,0.01979,0.00452,3.04775,3.91021,2.10982,0.00891925,0.00891925,0.00891925
133,2717.96,2.87685,3.71007,2.22762,0.1025,0.04894,0.02031,0.00437,2.99477,3.82176,2.08539,0.008911,0.008911,0.008911
134,2738.19,2.87369,3.65761,2.20784,0.05056,0.11489,0.02073,0.0045,2.99734,3.84734,2.07454,0.00890275,0.00890275,0.00890275
135,2758.65,2.83673,3.62418,2.20809,0.03337,0.1,0.01379,0.00328,3.09017,4.02668,2.08879,0.0088945,0.0088945,0.0088945
136,2779.08,2.8779,3.65965,2.18713,0.10424,0.0617,0.02328,0.00525,3.03983,3.8742,2.12565,0.00888625,0.00888625,0.00888625
137,2799.49,2.85361,3.61087,2.19168,0.07828,0.0766,0.02504,0.00517,3.04794,3.90512,2.14746,0.008878,0.008878,0.008878
138,2819.63,2.86635,3.63126,2.20403,0.07892,0.07447,0.03369,0.00789,2.98676,3.84475,2.12915,0.00886975,0.00886975,0.00886975
139,2840.45,2.85288,3.61238,2.20637,0.07654,0.06809,0.0287,0.00659,2.98692,3.91236,2.11264,0.0088615,0.0088615,0.0088615
140,2860.64,2.83339,3.63319,2.19785,0.00303,0.26809,0.00677,0.00167,3.28105,4.33579,2.17997,0.00885325,0.00885325,0.00885325
141,2880.89,2.83464,3.60626,2.1992,0.09077,0.05745,0.01925,0.00434,3.00379,3.85213,2.1193,0.008845,0.008845,0.008845
142,2901.08,2.83407,3.58408,2.20422,0.05793,0.06596,0.01977,0.00448,2.9976,3.90948,2.15394,0.00883675,0.00883675,0.00883675
143,2921.31,2.83323,3.599,2.18631,0.02619,0.17872,0.02805,0.00629,2.95813,3.84837,2.08919,0.0088285,0.0088285,0.0088285
144,2941.62,2.83801,3.5756,2.20764,0.11222,0.02959,0.0246,0.00617,2.98246,3.85371,2.13142,0.00882025,0.00882025,0.00882025
145,2961.98,2.81521,3.59166,2.19992,0.14743,0.00638,0.01261,0.00213,3.1915,4.14964,2.19444,0.008812,0.008812,0.008812
146,2982.4,2.84397,3.56906,2.19483,0.12792,0.0617,0.02553,0.00583,2.9606,3.81061,2.13832,0.00880375,0.00880375,0.00880375
147,3002.77,2.80677,3.54911,2.20392,0.14903,0.0617,0.02762,0.00654,2.95624,3.819,2.12027,0.0087955,0.0087955,0.0087955
148,3023.09,2.80727,3.5272,2.20919,0.10341,0.0617,0.02679,0.00583,2.95681,3.8634,2.09281,0.00878725,0.00878725,0.00878725
149,3043.43,2.83603,3.57085,2.1807,0.12594,0.04255,0.02759,0.00627,2.99191,3.88109,2.11129,0.008779,0.008779,0.008779
150,3063.74,2.82324,3.54585,2.18398,0.11594,0.05957,0.02531,0.00606,2.99337,3.82165,2.14134,0.00877075,0.00877075,0.00877075
151,3083.52,2.80682,3.53045,2.19785,0.10251,0.05745,0.02995,0.00701,2.97654,3.78428,2.11494,0.0087625,0.0087625,0.0087625
152,3103.81,2.79829,3.5516,2.14696,0.12149,0.06596,0.03682,0.00873,2.9285,3.74534,2.11367,0.00875425,0.00875425,0.00875425
153,3124.47,2.77083,3.48648,2.16918,0.10213,0.05319,0.02559,0.00612,3.05792,3.94142,2.16942,0.008746,0.008746,0.008746
154,3144.83,2.78084,3.5305,2.17484,0.1352,0.06596,0.03252,0.00832,2.92097,3.71007,2.11953,0.00873775,0.00873775,0.00873775
155,3165.07,2.79949,3.51206,2.16137,0.12721,0.05319,0.03003,0.00651,2.92549,3.87341,2.0968,0.0087295,0.0087295,0.0087295
156,3185.32,2.79481,3.51646,2.1784,0.12139,0.0766,0.03004,0.00692,2.96754,3.78221,2.1089,0.00872125,0.00872125,0.00872125
157,3205.37,2.78955,3.5015,2.16204,0.11481,0.05745,0.02528,0.00582,2.96627,3.85082,2.12598,0.008713,0.008713,0.008713
158,3225.72,2.7954,3.53397,2.16513,0.09325,0.07234,0.03125,0.00762,2.84082,3.7538,2.06594,0.00870475,0.00870475,0.00870475
159,3246.02,2.79193,3.4951,2.15995,0.12447,0.05532,0.0315,0.00762,2.99427,3.87266,2.14955,0.0086965,0.0086965,0.0086965
160,3266.31,2.79819,3.52758,2.16686,0.15177,0.0617,0.04161,0.01189,2.88674,3.75071,2.11287,0.00868825,0.00868825,0.00868825
161,3287.01,2.78796,3.50845,2.16574,0.12572,0.07872,0.0395,0.00929,2.9004,3.7085,2.10652,0.00868,0.00868,0.00868
162,3307.27,2.77763,3.47392,2.16177,0.13094,0.08723,0.04185,0.01025,2.91502,3.66148,2.12572,0.00867175,0.00867175,0.00867175
163,3327.54,2.78526,3.48613,2.16044,0.15892,0.08511,0.03438,0.00842,2.88958,3.77888,2.07173,0.0086635,0.0086635,0.0086635
164,3347.83,2.72003,3.48221,2.14106,0.18541,0.05745,0.03861,0.00924,2.88721,3.67252,2.09007,0.00865525,0.00865525,0.00865525
165,3368.1,2.7739,3.48876,2.1944,0.15323,0.09787,0.04055,0.01095,2.86129,3.71539,2.08643,0.008647,0.008647,0.008647
166,3388.41,2.75491,3.45413,2.1462,0.15215,0.1,0.04621,0.01119,2.89596,3.63641,2.10472,0.00863875,0.00863875,0.00863875
167,3408.71,2.78037,3.47986,2.16386,0.16929,0.08298,0.04436,0.00969,2.86082,3.63451,2.08509,0.0086305,0.0086305,0.0086305
168,3429.04,2.73788,3.42347,2.15103,0.13599,0.0766,0.03352,0.00827,2.90085,3.71757,2.08656,0.00862225,0.00862225,0.00862225
169,3449.41,2.7579,3.45129,2.14311,0.15666,0.08511,0.05027,0.01182,2.84692,3.62143,2.07846,0.008614,0.008614,0.008614
170,3470.03,2.73886,3.44052,2.14519,0.1529,0.08511,0.04415,0.01036,2.90817,3.61717,2.09515,0.00860575,0.00860575,0.00860575
171,3490.32,2.71975,3.38231,2.14211,0.13241,0.07234,0.04457,0.01048,2.86149,3.61256,2.0774,0.0085975,0.0085975,0.0085975
172,3510.65,2.77716,3.43557,2.15639,0.08203,0.07872,0.03828,0.00907,2.84201,3.60562,2.03547,0.00858925,0.00858925,0.00858925
173,3530.39,2.73195,3.44702,2.11806,0.14061,0.09787,0.04174,0.00955,2.87217,3.5834,2.06717,0.008581,0.008581,0.008581
174,3550.03,2.71655,3.44362,2.13824,0.11786,0.0617,0.03794,0.01082,2.94023,3.72805,2.12085,0.00857275,0.00857275,0.00857275
175,3570.39,2.70588,3.39709,2.15452,0.14737,0.10426,0.05192,0.01192,2.85282,3.5964,2.07939,0.0085645,0.0085645,0.0085645
176,3591.08,2.72262,3.38566,2.14616,0.17934,0.08085,0.04191,0.01049,2.88682,3.70848,2.08378,0.00855625,0.00855625,0.00855625
177,3611.38,2.7319,3.39467,2.13122,0.15167,0.0766,0.04346,0.01104,2.84552,3.61598,2.05689,0.008548,0.008548,0.008548
178,3631.66,2.69767,3.37427,2.12276,0.15669,0.08539,0.05047,0.01292,2.82073,3.59478,2.05097,0.00853975,0.00853975,0.00853975
179,3652.29,2.69085,3.3564,2.11662,0.15709,0.11915,0.04775,0.01367,2.81378,3.53851,2.05111,0.0085315,0.0085315,0.0085315
180,3672.98,2.67913,3.34871,2.10707,0.18097,0.11915,0.06287,0.01672,2.78155,3.48938,2.02004,0.00852325,0.00852325,0.00852325
181,3693.66,2.68197,3.32415,2.10664,0.15752,0.11277,0.05093,0.01289,2.77121,3.54379,2.03918,0.008515,0.008515,0.008515
182,3714.01,2.68392,3.36065,2.12127,0.19852,0.05957,0.04369,0.01021,2.87932,3.72361,2.07406,0.00850675,0.00850675,0.00850675
183,3734.36,2.69412,3.32846,2.12094,0.17643,0.07234,0.04089,0.00913,2.87777,3.61173,2.08955,0.0084985,0.0084985,0.0084985
184,3754.35,2.68764,3.33771,2.10315,0.1713,0.09149,0.06805,0.01563,2.80428,3.61208,2.08464,0.00849025,0.00849025,0.00849025
185,3774.61,2.70941,3.32915,2.11669,0.1758,0.10638,0.0695,0.01519,2.79947,3.47896,2.05768,0.008482,0.008482,0.008482
186,3794.97,2.68704,3.32924,2.12794,0.11607,0.10213,0.05448,0.01386,2.81511,3.4423,2.0781,0.00847375,0.00847375,0.00847375
187,3815.33,2.68074,3.32869,2.13193,0.13551,0.08511,0.03904,0.01001,2.81476,3.53387,2.08481,0.0084655,0.0084655,0.0084655
188,3835.71,2.66321,3.30262,2.09656,0.15977,0.11064,0.05356,0.01334,2.79963,3.47015,2.06322,0.00845725,0.00845725,0.00845725
189,3856.07,2.64578,3.31423,2.11385,0.14608,0.1,0.06,0.01534,2.75347,3.50005,2.07027,0.008449,0.008449,0.008449
190,3876.49,2.66968,3.34119,2.12635,0.1789,0.11277,0.05876,0.01493,2.79152,3.52031,2.05159,0.00844075,0.00844075,0.00844075
191,3896.68,2.64082,3.27781,2.10941,0.17445,0.11915,0.06499,0.01724,2.81618,3.48281,2.08525,0.0084325,0.0084325,0.0084325
192,3917.16,2.64757,3.2813,2.09664,0.20183,0.12766,0.07473,0.01771,2.76653,3.44937,2.02202,0.00842425,0.00842425,0.00842425
193,3937.78,2.64509,3.28728,2.10609,0.17495,0.13191,0.07353,0.01894,2.7301,3.36913,2.03855,0.008416,0.008416,0.008416
194,3958.39,2.66157,3.27446,2.10294,0.15343,0.11064,0.04595,0.01232,2.8336,3.59462,2.09694,0.00840775,0.00840775,0.00840775
195,3978.64,2.69666,3.29319,2.12806,0.17023,0.1383,0.07134,0.01886,2.82495,3.41077,2.08891,0.0083995,0.0083995,0.0083995
196,3998.96,2.65724,3.26231,2.09788,0.19018,0.1234,0.07915,0.0222,2.76621,3.36694,2.0484,0.00839125,0.00839125,0.00839125
197,4019.3,2.64208,3.22971,2.09094,0.20565,0.1383,0.07417,0.02118,2.75908,3.36039,2.0539,0.008383,0.008383,0.008383
198,4039.2,2.64082,3.23433,2.09367,0.18115,0.1383,0.07278,0.02039,2.77105,3.36744,2.06064,0.00837475,0.00837475,0.00837475
199,4059.53,2.66853,3.28543,2.11264,0.15721,0.11277,0.06883,0.0174,2.79937,3.43915,2.08278,0.0083665,0.0083665,0.0083665
200,4080,2.66396,3.26715,2.11036,0.18032,0.12766,0.07367,0.01848,2.79573,3.38263,2.07309,0.00835825,0.00835825,0.00835825
201,4100.23,2.63651,3.25831,2.1064,0.21039,0.1234,0.08529,0.02079,2.78747,3.33567,2.05016,0.00835,0.00835,0.00835
202,4120.58,2.61604,3.24487,2.107,0.17831,0.13617,0.07137,0.01896,2.78735,3.39876,2.04405,0.00834175,0.00834175,0.00834175
203,4140.95,2.63342,3.23744,2.0827,0.18001,0.13617,0.07862,0.02255,2.76735,3.32712,2.04616,0.0083335,0.0083335,0.0083335
204,4161.39,2.63723,3.25643,2.08857,0.15825,0.12979,0.07025,0.01872,2.78378,3.40151,2.06214,0.00832525,0.00832525,0.00832525
205,4181.74,2.59408,3.19985,2.09033,0.16619,0.13617,0.08428,0.02279,2.78235,3.35752,2.08265,0.008317,0.008317,0.008317
206,4202.37,2.60475,3.18658,2.06407,0.17384,0.1234,0.07101,0.02067,2.79387,3.44936,2.04701,0.00830875,0.00830875,0.00830875
207,4222.7,2.60602,3.2455,2.07986,0.17843,0.11915,0.07083,0.02002,2.75489,3.38153,2.02969,0.0083005,0.0083005,0.0083005
208,4243.01,2.58032,3.17662,2.03966,0.18822,0.12553,0.07132,0.02048,2.77689,3.38192,2.03678,0.00829225,0.00829225,0.00829225
209,4263.37,2.57323,3.22109,2.07808,0.21893,0.1383,0.09054,0.02544,2.81211,3.29789,2.07983,0.008284,0.008284,0.008284
210,4284.03,2.62132,3.22193,2.07715,0.19616,0.15532,0.09036,0.02499,2.79002,3.31429,2.0633,0.00827575,0.00827575,0.00827575
211,4304.3,2.61706,3.21562,2.09406,0.20144,0.1383,0.07812,0.02048,2.75273,3.35262,2.03757,0.0082675,0.0082675,0.0082675
212,4324.66,2.58054,3.23432,2.0887,0.20824,0.13191,0.09083,0.02514,2.76543,3.40442,2.07497,0.00825925,0.00825925,0.00825925
213,4345.01,2.59661,3.20919,2.07574,0.19669,0.14468,0.08064,0.02168,2.80511,3.36346,2.09564,0.008251,0.008251,0.008251
214,4365.35,2.59479,3.21538,2.07536,0.23946,0.12553,0.08309,0.0212,2.74227,3.3461,2.06952,0.00824275,0.00824275,0.00824275
215,4385.68,2.58352,3.19272,2.08118,0.19647,0.1,0.06854,0.01681,2.84893,3.53296,2.10769,0.0082345,0.0082345,0.0082345
216,4406.08,2.59819,3.2154,2.10063,0.18462,0.14043,0.07186,0.02057,2.76302,3.41502,2.12428,0.00822625,0.00822625,0.00822625
217,4426.41,2.55014,3.18124,2.07756,0.16683,0.15957,0.07474,0.02091,2.76947,3.32599,2.12023,0.008218,0.008218,0.008218
218,4446.76,2.59638,3.21222,2.10032,0.18604,0.10851,0.06492,0.01738,2.74344,3.43451,2.11657,0.00820975,0.00820975,0.00820975
219,4467.07,2.58305,3.18522,2.0743,0.18509,0.13617,0.0935,0.02579,2.72386,3.29355,2.1086,0.0082015,0.0082015,0.0082015
220,4487.77,2.58151,3.25346,2.08644,0.17513,0.16809,0.08344,0.02469,2.72398,3.32249,2.08388,0.00819325,0.00819325,0.00819325
221,4508.13,2.56363,3.16067,2.08835,0.20407,0.13191,0.07783,0.02244,2.73811,3.34795,2.10579,0.008185,0.008185,0.008185
222,4528.48,2.55273,3.19221,2.06593,0.21056,0.12766,0.08365,0.02472,2.7018,3.35155,2.06245,0.00817675,0.00817675,0.00817675
223,4548.81,2.57144,3.16151,2.07498,0.20337,0.14681,0.08161,0.02237,2.71587,3.34216,2.07446,0.0081685,0.0081685,0.0081685
224,4569.18,2.58957,3.18206,2.09574,0.18383,0.1383,0.07529,0.02085,2.70257,3.31565,2.09014,0.00816025,0.00816025,0.00816025
225,4589.5,2.54584,3.18488,2.08599,0.15623,0.12128,0.05971,0.01721,2.75286,3.45197,2.11618,0.008152,0.008152,0.008152
226,4609.76,2.5689,3.1999,2.08206,0.18843,0.14622,0.08695,0.02656,2.65721,3.30461,2.10969,0.00814375,0.00814375,0.00814375
227,4630.37,2.53557,3.13653,2.06734,0.18876,0.16809,0.08857,0.02376,2.69469,3.30904,2.10001,0.0081355,0.0081355,0.0081355
228,4650.82,2.54295,3.13834,2.06388,0.20075,0.15957,0.09055,0.02817,2.63902,3.2778,2.08628,0.00812725,0.00812725,0.00812725
229,4671.48,2.56065,3.19042,2.07274,0.20432,0.14255,0.0844,0.02535,2.69341,3.33105,2.07059,0.008119,0.008119,0.008119
230,4691.74,2.52722,3.14453,2.07534,0.19782,0.14043,0.09723,0.02953,2.65795,3.2913,2.10448,0.00811075,0.00811075,0.00811075
231,4712.33,2.55801,3.12489,2.06996,0.2056,0.14043,0.09121,0.02962,2.68409,3.30057,2.10126,0.0081025,0.0081025,0.0081025
232,4732.67,2.51933,3.12584,2.04676,0.19289,0.15052,0.08629,0.02667,2.69324,3.27537,2.11508,0.00809425,0.00809425,0.00809425
233,4753,2.5582,3.17912,2.07699,0.20038,0.14681,0.09473,0.0266,2.70712,3.28206,2.10776,0.008086,0.008086,0.008086
234,4773.3,2.52328,3.13457,2.07939,0.19676,0.15106,0.09778,0.03143,2.6269,3.2421,2.10464,0.00807775,0.00807775,0.00807775
235,4793.78,2.5372,3.10424,2.07036,0.19081,0.14894,0.08602,0.02469,2.73078,3.30678,2.12861,0.0080695,0.0080695,0.0080695
236,4814.09,2.54283,3.1142,2.07236,0.1946,0.17872,0.09878,0.02925,2.65773,3.22201,2.11896,0.00806125,0.00806125,0.00806125
237,4834.47,2.54038,3.143,2.06433,0.20681,0.16809,0.1061,0.03078,2.64015,3.19487,2.08427,0.008053,0.008053,0.008053
238,4855.06,2.53327,3.08034,2.05047,0.21744,0.14255,0.0943,0.02928,2.61651,3.2779,2.05734,0.00804475,0.00804475,0.00804475
239,4875.39,2.50398,3.1259,2.04649,0.23873,0.15957,0.10088,0.03248,2.65311,3.24508,2.10739,0.0080365,0.0080365,0.0080365
240,4896.15,2.52149,3.15223,2.05381,0.22539,0.15745,0.09769,0.03033,2.65516,3.2258,2.08539,0.00802825,0.00802825,0.00802825
241,4916.48,2.5328,3.15053,2.06751,0.23804,0.12979,0.10169,0.03324,2.64597,3.28791,2.0845,0.00802,0.00802,0.00802
242,4937.16,2.51321,3.11403,2.0587,0.23846,0.17234,0.11337,0.03297,2.65816,3.21944,2.08573,0.00801175,0.00801175,0.00801175
243,4957.74,2.52224,3.13523,2.08553,0.20953,0.18085,0.10921,0.03233,2.68303,3.23037,2.11298,0.0080035,0.0080035,0.0080035
244,4978.16,2.49498,3.08399,2.06344,0.17879,0.14043,0.09889,0.02939,2.65146,3.21175,2.1187,0.00799525,0.00799525,0.00799525
245,4998.41,2.53208,3.09629,2.06342,0.22879,0.14894,0.09517,0.02461,2.70251,3.25254,2.12621,0.007987,0.007987,0.007987
246,5018.77,2.52927,3.08124,2.0642,0.20495,0.17021,0.10454,0.02997,2.65401,3.24311,2.09664,0.00797875,0.00797875,0.00797875
247,5039.11,2.51917,3.11802,2.05755,0.19397,0.1617,0.10147,0.02999,2.6731,3.21009,2.10702,0.0079705,0.0079705,0.0079705
248,5059.45,2.49719,3.12784,2.06491,0.18629,0.16596,0.10734,0.02981,2.63167,3.20082,2.13787,0.00796225,0.00796225,0.00796225
249,5079.7,2.49724,3.08133,2.04795,0.22545,0.16809,0.10885,0.0335,2.64364,3.2356,2.11101,0.007954,0.007954,0.007954
250,5100.37,2.51009,3.11474,2.05369,0.21158,0.17643,0.10489,0.0317,2.63507,3.1837,2.09724,0.00794575,0.00794575,0.00794575
251,5120.71,2.49611,3.08246,2.05459,0.20029,0.15745,0.10703,0.03306,2.59952,3.18033,2.08235,0.0079375,0.0079375,0.0079375
252,5141.08,2.49617,3.08084,2.0688,0.25079,0.17872,0.10662,0.02987,2.6304,3.18101,2.0968,0.00792925,0.00792925,0.00792925
253,5161.24,2.50673,3.11487,2.04781,0.2382,0.16596,0.10851,0.03439,2.59523,3.17508,2.08051,0.007921,0.007921,0.007921
254,5181.91,2.50029,3.12092,2.05457,0.22815,0.15106,0.10436,0.03263,2.63716,3.17495,2.1314,0.00791275,0.00791275,0.00791275
255,5202.18,2.51585,3.10125,2.04669,0.24113,0.15957,0.10233,0.02953,2.66781,3.2265,2.07453,0.0079045,0.0079045,0.0079045
256,5222.5,2.46447,3.07462,2.03835,0.2201,0.16383,0.10889,0.03139,2.66325,3.15829,2.06649,0.00789625,0.00789625,0.00789625
257,5242.84,2.49951,3.07745,2.04338,0.1915,0.2041,0.11449,0.03232,2.58786,3.13033,2.07552,0.007888,0.007888,0.007888
258,5263.17,2.49423,3.07556,2.06447,0.19776,0.18986,0.10624,0.03428,2.59641,3.16521,2.10943,0.00787975,0.00787975,0.00787975
259,5283.5,2.48318,3.08392,2.05366,0.20863,0.15957,0.09543,0.02815,2.64867,3.16902,2.14883,0.0078715,0.0078715,0.0078715
260,5303.74,2.50172,3.06679,2.05342,0.21128,0.16809,0.09688,0.02963,2.64168,3.21724,2.10957,0.00786325,0.00786325,0.00786325
261,5324.01,2.44533,2.99839,2.02351,0.20686,0.16204,0.10507,0.03367,2.62191,3.14835,2.08208,0.007855,0.007855,0.007855
262,5344.35,2.47983,3.05813,2.02742,0.22342,0.16383,0.11157,0.03471,2.60818,3.20551,2.08585,0.00784675,0.00784675,0.00784675
263,5365.05,2.48888,3.06254,2.04012,0.22378,0.1766,0.11789,0.03665,2.59512,3.18304,2.09801,0.0078385,0.0078385,0.0078385
264,5385.77,2.47097,3.03658,2.03576,0.22978,0.17021,0.11615,0.03553,2.56776,3.17967,2.07266,0.00783025,0.00783025,0.00783025
265,5406.11,2.49228,3.03171,2.05233,0.24203,0.17872,0.10712,0.0328,2.5911,3.2089,2.0935,0.007822,0.007822,0.007822
266,5426.46,2.46425,3.02143,2.0452,0.22658,0.1766,0.1052,0.03299,2.57052,3.16512,2.11205,0.00781375,0.00781375,0.00781375
267,5446.72,2.46997,3.02743,2.03255,0.23672,0.17021,0.11307,0.03256,2.60793,3.17558,2.08011,0.0078055,0.0078055,0.0078055
268,5466.81,2.45953,3.04019,2.02862,0.19493,0.17872,0.11652,0.03417,2.61068,3.15298,2.0945,0.00779725,0.00779725,0.00779725
269,5486.89,2.43677,3.00265,2.03755,0.25427,0.16809,0.11376,0.03387,2.61033,3.20793,2.11596,0.007789,0.007789,0.007789
270,5507.2,2.44806,3.03701,2.01744,0.25662,0.17021,0.13057,0.0417,2.60474,3.15115,2.07541,0.00778075,0.00778075,0.00778075
271,5527.86,2.44796,3.0294,2.02287,0.24904,0.17447,0.12396,0.03841,2.60661,3.18798,2.08422,0.0077725,0.0077725,0.0077725
272,5548.11,2.44001,2.97506,2.03395,0.2427,0.19149,0.12717,0.04022,2.61195,3.14447,2.12958,0.00776425,0.00776425,0.00776425
273,5568.39,2.46431,3.04336,2.05007,0.25554,0.17447,0.12893,0.03809,2.58961,3.15832,2.10828,0.007756,0.007756,0.007756
274,5588.72,2.45886,3.01006,2.02439,0.2207,0.1617,0.11949,0.03736,2.62017,3.2112,2.08452,0.00774775,0.00774775,0.00774775
275,5609.02,2.48552,3.01472,2.05284,0.20604,0.17872,0.12384,0.0408,2.57702,3.12512,2.12194,0.0077395,0.0077395,0.0077395
276,5629.33,2.43413,3.01037,2.01311,0.25049,0.18936,0.12576,0.0402,2.5642,3.11304,2.09627,0.00773125,0.00773125,0.00773125
277,5649.63,2.45364,3.02346,2.02131,0.2219,0.1766,0.1187,0.0366,2.5989,3.11876,2.12181,0.007723,0.007723,0.007723
278,5670.04,2.43907,3.04612,2.02361,0.19274,0.18723,0.11388,0.03675,2.57037,3.09665,2.10796,0.00771475,0.00771475,0.00771475
279,5690.39,2.41225,3.03398,2.01046,0.20833,0.19149,0.10999,0.03728,2.54676,3.11013,2.10548,0.0077065,0.0077065,0.0077065
280,5710.69,2.42496,2.9953,2.03375,0.24827,0.18085,0.12348,0.04236,2.54161,3.1287,2.10362,0.00769825,0.00769825,0.00769825
281,5731.09,2.42375,2.96194,2.01649,0.24101,0.16809,0.12517,0.04238,2.57565,3.13362,2.09374,0.00769,0.00769,0.00769
282,5751.71,2.4575,3.00251,2.05262,0.24402,0.16757,0.11675,0.04004,2.60678,3.14154,2.11451,0.00768175,0.00768175,0.00768175
283,5771.94,2.43579,3.00607,2.05134,0.26335,0.17872,0.13094,0.04005,2.56436,3.11143,2.13003,0.0076735,0.0076735,0.0076735
284,5792.28,2.42991,3.00006,2.00917,0.26016,0.16809,0.11955,0.03917,2.57002,3.16608,2.13511,0.00766525,0.00766525,0.00766525
285,5812.63,2.4192,2.96775,2.03794,0.24728,0.17872,0.13063,0.04364,2.53225,3.07566,2.1241,0.007657,0.007657,0.007657
286,5833.29,2.42798,2.98901,2.03648,0.25216,0.18511,0.11309,0.03769,2.56207,3.06783,2.13049,0.00764875,0.00764875,0.00764875
287,5853.63,2.42283,2.99662,2.02635,0.20144,0.17872,0.12748,0.04135,2.59514,3.13607,2.11491,0.0076405,0.0076405,0.0076405
288,5873.91,2.41879,2.96451,2.02799,0.21633,0.18723,0.11815,0.03684,2.58047,3.12129,2.13878,0.00763225,0.00763225,0.00763225
289,5894.23,2.40526,2.98415,2.02152,0.21303,0.20426,0.13112,0.03936,2.55759,3.08992,2.12574,0.007624,0.007624,0.007624
290,5914.64,2.42896,2.95058,2.02709,0.2116,0.18511,0.12638,0.04109,2.5688,3.11365,2.1331,0.00761575,0.00761575,0.00761575
291,5934.95,2.43812,3.0176,2.03162,0.1903,0.18936,0.11409,0.04008,2.51713,3.09626,2.12462,0.0076075,0.0076075,0.0076075
292,5955.19,2.41193,2.95593,2.01795,0.20816,0.19362,0.11656,0.03876,2.53651,3.10365,2.11401,0.00759925,0.00759925,0.00759925
293,5975.11,2.40606,2.94846,2.01608,0.23838,0.18511,0.12603,0.04267,2.55769,3.10356,2.12634,0.007591,0.007591,0.007591
294,5995.41,2.42533,2.97126,2.02564,0.21706,0.19149,0.12428,0.04252,2.52548,3.08471,2.11487,0.00758275,0.00758275,0.00758275
295,6015.78,2.3955,2.92839,1.99645,0.22736,0.20851,0.12856,0.04457,2.49688,3.04054,2.10693,0.0075745,0.0075745,0.0075745
296,6036.38,2.42246,2.9908,2.02395,0.24319,0.20426,0.13388,0.04425,2.52942,3.07086,2.10375,0.00756625,0.00756625,0.00756625
297,6057.05,2.40123,2.96483,2.01852,0.24155,0.19362,0.12197,0.04259,2.51206,3.06982,2.11653,0.007558,0.007558,0.007558
298,6077.36,2.37137,2.95134,2.00344,0.21793,0.2,0.11477,0.03898,2.53236,3.0533,2.10736,0.00754975,0.00754975,0.00754975
299,6097.73,2.39394,2.93852,2.00715,0.23109,0.18936,0.12847,0.04146,2.51084,3.0182,2.09655,0.0075415,0.0075415,0.0075415
300,6118.02,2.40616,2.94323,2.02273,0.22493,0.17872,0.12587,0.04295,2.51111,3.04372,2.12492,0.00753325,0.00753325,0.00753325
301,6138.35,2.39769,2.95007,2.01786,0.22675,0.2,0.12379,0.04144,2.55342,3.09302,2.12645,0.007525,0.007525,0.007525
302,6158.62,2.38792,2.9126,1.99873,0.21746,0.20638,0.14059,0.04497,2.55268,3.04667,2.11595,0.00751675,0.00751675,0.00751675
303,6179.21,2.39703,2.90901,1.99451,0.23827,0.17703,0.13728,0.04163,2.58105,3.0454,2.09823,0.0075085,0.0075085,0.0075085
304,6199.54,2.38953,2.92734,1.98414,0.23805,0.18085,0.13398,0.04028,2.53144,3.0622,2.09678,0.00750025,0.00750025,0.00750025
305,6219.8,2.39398,2.92121,2.00326,0.23237,0.16809,0.12908,0.04212,2.52505,3.04139,2.10427,0.007492,0.007492,0.007492
306,6240.16,2.37256,2.87676,1.97445,0.26101,0.16596,0.13793,0.04524,2.52706,3.03317,2.11074,0.00748375,0.00748375,0.00748375
307,6260.54,2.38035,2.91242,1.99929,0.2405,0.18936,0.1312,0.04378,2.51179,3.03303,2.12685,0.0074755,0.0074755,0.0074755
308,6280.87,2.37295,2.94021,1.98607,0.23969,0.18298,0.1363,0.04464,2.49991,3.02828,2.10523,0.00746725,0.00746725,0.00746725
309,6301.26,2.38061,2.94244,2.0021,0.2393,0.20213,0.12824,0.0444,2.52593,3.06378,2.1213,0.007459,0.007459,0.007459
310,6321.65,2.37888,2.91733,1.98226,0.23345,0.20426,0.1453,0.04878,2.51012,3.02696,2.10117,0.00745075,0.00745075,0.00745075
311,6342.38,2.38506,2.88854,1.97519,0.27543,0.19787,0.1407,0.04713,2.5231,3.0194,2.11339,0.0074425,0.0074425,0.0074425
312,6362.81,2.38763,2.947,2.00407,0.28284,0.19887,0.14096,0.0471,2.52789,3.01414,2.10642,0.00743425,0.00743425,0.00743425
313,6383.13,2.37692,2.8865,1.98819,0.25984,0.20213,0.14932,0.04897,2.50657,2.97495,2.11222,0.007426,0.007426,0.007426
314,6403.89,2.3753,2.9151,1.99234,0.25988,0.20851,0.13866,0.04906,2.50128,2.9846,2.12715,0.00741775,0.00741775,0.00741775
315,6424.34,2.36517,2.88866,1.99694,0.2788,0.20426,0.14467,0.05181,2.48886,2.9943,2.1215,0.0074095,0.0074095,0.0074095
316,6445.05,2.36959,2.92798,1.98046,0.28645,0.19787,0.14192,0.04962,2.50975,3.03287,2.11691,0.00740125,0.00740125,0.00740125
317,6465.38,2.37201,2.8567,1.98068,0.31197,0.19787,0.15244,0.05271,2.50451,2.98665,2.08946,0.007393,0.007393,0.007393
318,6486.16,2.35931,2.89677,1.98463,0.28141,0.2133,0.13703,0.04747,2.46105,2.96997,2.10387,0.00738475,0.00738475,0.00738475
319,6506.42,2.34374,2.92485,1.98761,0.25478,0.19787,0.13793,0.04859,2.50676,2.99406,2.11329,0.0073765,0.0073765,0.0073765
320,6526.74,2.3682,2.91457,2.00252,0.22466,0.18511,0.13617,0.04834,2.51712,3.03762,2.11436,0.00736825,0.00736825,0.00736825
321,6547.07,2.31822,2.85474,1.96587,0.26091,0.2,0.14532,0.04884,2.4876,2.97625,2.09608,0.00736,0.00736,0.00736
322,6567.44,2.32483,2.8674,1.96969,0.26974,0.20426,0.14385,0.04886,2.49119,2.96785,2.09244,0.00735175,0.00735175,0.00735175
323,6587.76,2.38057,2.85739,2.00504,0.28519,0.19574,0.1351,0.0486,2.50214,2.98063,2.11515,0.0073435,0.0073435,0.0073435
324,6608.1,2.33735,2.88049,1.98141,0.28221,0.18936,0.14781,0.05292,2.49999,2.96141,2.1171,0.00733525,0.00733525,0.00733525
325,6628.4,2.33272,2.89998,1.97076,0.25432,0.19149,0.13718,0.04872,2.48887,2.98871,2.10869,0.007327,0.007327,0.007327
326,6648.76,2.35551,2.8955,1.97151,0.26868,0.20167,0.14315,0.05038,2.48915,2.97148,2.09361,0.00731875,0.00731875,0.00731875
327,6669.06,2.3617,2.89565,1.98673,0.28091,0.21064,0.15089,0.05239,2.50644,2.9661,2.0961,0.0073105,0.0073105,0.0073105
328,6689.37,2.34127,2.88964,1.9579,0.27541,0.21064,0.14446,0.05029,2.47158,2.97238,2.08117,0.00730225,0.00730225,0.00730225
329,6709.64,2.33986,2.87885,1.95457,0.25677,0.19847,0.14433,0.05207,2.48206,2.99573,2.09257,0.007294,0.007294,0.007294
330,6729.98,2.32774,2.83474,1.97456,0.27636,0.20426,0.15069,0.05272,2.48969,2.95938,2.09237,0.00728575,0.00728575,0.00728575
331,6750.34,2.35576,2.90394,1.97908,0.27631,0.19574,0.14866,0.05625,2.44483,2.9527,2.08408,0.0072775,0.0072775,0.0072775
332,6771.07,2.32526,2.84392,1.95691,0.28808,0.21179,0.15695,0.05528,2.4463,2.98932,2.07539,0.00726925,0.00726925,0.00726925
333,6791.37,2.34171,2.86032,1.96788,0.25468,0.21064,0.148,0.05268,2.44759,2.95219,2.08314,0.007261,0.007261,0.007261
334,6811.76,2.31772,2.86412,1.9511,0.28279,0.21277,0.15761,0.05844,2.46158,2.94465,2.08008,0.00725275,0.00725275,0.00725275
335,6832.33,2.34866,2.84973,1.97446,0.27616,0.22553,0.15453,0.0545,2.44377,2.94734,2.06914,0.0072445,0.0072445,0.0072445
336,6852.65,2.32367,2.80289,1.95143,0.247,0.20851,0.14466,0.05397,2.44178,2.95517,2.0751,0.00723625,0.00723625,0.00723625
337,6872.95,2.32764,2.89472,1.96329,0.25645,0.23404,0.14982,0.05472,2.45162,2.93795,2.08719,0.007228,0.007228,0.007228
338,6893.29,2.30904,2.79016,1.95919,0.25205,0.20426,0.15543,0.05572,2.45701,2.93806,2.10202,0.00721975,0.00721975,0.00721975
339,6913.59,2.32069,2.83669,1.95857,0.30251,0.20213,0.16386,0.05713,2.50566,2.9702,2.09283,0.0072115,0.0072115,0.0072115
340,6933.81,2.33315,2.84469,1.97588,0.27292,0.21277,0.15605,0.05137,2.4639,2.92436,2.08976,0.00720325,0.00720325,0.00720325
341,6954.18,2.31268,2.86255,1.96097,0.27353,0.21915,0.15463,0.0554,2.44574,2.92974,2.08702,0.007195,0.007195,0.007195
342,6974.53,2.30474,2.82616,1.94262,0.25836,0.22766,0.15829,0.05569,2.44426,2.96134,2.09988,0.00718675,0.00718675,0.00718675
343,6994.86,2.33258,2.8776,1.9608,0.26514,0.20638,0.14685,0.0542,2.45837,2.96569,2.09844,0.0071785,0.0071785,0.0071785
344,7015.16,2.2967,2.80812,1.93732,0.25607,0.20851,0.15529,0.05572,2.45332,2.92677,2.09919,0.00717025,0.00717025,0.00717025
345,7035.59,2.31695,2.80959,1.96236,0.26459,0.19574,0.14811,0.05558,2.44199,2.95974,2.09464,0.007162,0.007162,0.007162
346,7055.88,2.31676,2.80221,1.96358,0.27883,0.20851,0.16374,0.05906,2.44138,2.93473,2.09972,0.00715375,0.00715375,0.00715375
347,7076.47,2.28374,2.81569,1.94738,0.24692,0.21915,0.15414,0.05686,2.46559,2.90806,2.10396,0.0071455,0.0071455,0.0071455
348,7096.79,2.31292,2.85107,1.96157,0.27134,0.21064,0.15923,0.05555,2.4628,2.90382,2.08921,0.00713725,0.00713725,0.00713725
349,7117.14,2.32953,2.83997,1.95742,0.28595,0.21489,0.16236,0.05752,2.4516,2.91927,2.09104,0.007129,0.007129,0.007129
350,7137.45,2.26239,2.76703,1.92183,0.30823,0.18936,0.17057,0.06343,2.4421,2.92698,2.10723,0.00712075,0.00712075,0.00712075
351,7158.07,2.29222,2.82847,1.95176,0.29055,0.20426,0.15273,0.05519,2.44113,2.92408,2.09234,0.0071125,0.0071125,0.0071125
352,7178.45,2.30242,2.819,1.94832,0.27595,0.21489,0.16582,0.06187,2.43349,2.90986,2.09494,0.00710425,0.00710425,0.00710425
353,7198.85,2.29564,2.81277,1.95881,0.26374,0.21915,0.16192,0.06005,2.441,2.91984,2.09653,0.007096,0.007096,0.007096
354,7219.09,2.27006,2.77425,1.927,0.25727,0.2234,0.16755,0.0631,2.43726,2.87998,2.0909,0.00708775,0.00708775,0.00708775
355,7239.61,2.29349,2.74736,1.93951,0.26084,0.23191,0.16515,0.06202,2.43828,2.87523,2.07604,0.0070795,0.0070795,0.0070795
356,7260.06,2.29146,2.80044,1.93815,0.28535,0.24043,0.18249,0.06953,2.41877,2.87263,2.05964,0.00707125,0.00707125,0.00707125
357,7280.75,2.2706,2.80032,1.92452,0.31765,0.21489,0.19001,0.06773,2.42333,2.86241,2.06627,0.007063,0.007063,0.007063
358,7301.12,2.27491,2.79989,1.94089,0.30517,0.21277,0.17821,0.06749,2.39183,2.87845,2.06811,0.00705475,0.00705475,0.00705475
359,7321.45,2.28657,2.77636,1.94728,0.26153,0.24681,0.17176,0.06491,2.41449,2.87464,2.07089,0.0070465,0.0070465,0.0070465
360,7341.81,2.30002,2.80886,1.95136,0.26994,0.22971,0.16618,0.06463,2.41669,2.88978,2.08018,0.00703825,0.00703825,0.00703825
361,7362.16,2.28789,2.77994,1.95035,0.27772,0.24215,0.16398,0.0622,2.41824,2.85809,2.07085,0.00703,0.00703,0.00703
362,7382.31,2.22914,2.70747,1.9132,0.25712,0.23617,0.16786,0.06468,2.40688,2.83872,2.05451,0.00702175,0.00702175,0.00702175
363,7402.7,2.28511,2.77236,1.92328,0.28752,0.2234,0.16499,0.06258,2.40379,2.8441,2.04625,0.0070135,0.0070135,0.0070135
364,7423.07,2.29759,2.78613,1.95524,0.28233,0.22979,0.17818,0.06942,2.40493,2.84928,2.05316,0.00700525,0.00700525,0.00700525
365,7443.44,2.25898,2.74275,1.91921,0.28213,0.2234,0.17053,0.06421,2.41246,2.87227,2.05191,0.006997,0.006997,0.006997
366,7463.79,2.25036,2.78021,1.92555,0.27782,0.23617,0.17818,0.06841,2.38626,2.84909,2.05038,0.00698875,0.00698875,0.00698875
367,7484.12,2.24325,2.74722,1.90918,0.30013,0.22537,0.18111,0.06621,2.37055,2.81726,2.06391,0.0069805,0.0069805,0.0069805
368,7504.46,2.21175,2.70013,1.91124,0.24861,0.24255,0.16888,0.06339,2.37388,2.83642,2.06427,0.00697225,0.00697225,0.00697225
369,7524.79,2.23428,2.71039,1.90981,0.3036,0.21915,0.18765,0.07128,2.38003,2.8268,2.06358,0.006964,0.006964,0.006964
370,7545.47,2.25436,2.73834,1.90419,0.26228,0.22766,0.18134,0.06859,2.38603,2.83924,2.08298,0.00695575,0.00695575,0.00695575
371,7565.71,2.24522,2.73881,1.91528,0.27269,0.22766,0.18197,0.0697,2.39736,2.83129,2.08629,0.0069475,0.0069475,0.0069475
372,7586.13,2.26574,2.72813,1.92757,0.26532,0.22979,0.17857,0.07037,2.41556,2.83025,2.09699,0.00693925,0.00693925,0.00693925
373,7606.36,2.2457,2.72146,1.92219,0.28867,0.2234,0.18396,0.07058,2.41745,2.81929,2.09265,0.006931,0.006931,0.006931
374,7626.75,2.21217,2.68995,1.90292,0.27683,0.25248,0.17847,0.06798,2.41314,2.81469,2.08549,0.00692275,0.00692275,0.00692275
375,7647.12,2.2178,2.73709,1.91664,0.28377,0.25957,0.18011,0.06938,2.40113,2.785,2.08177,0.0069145,0.0069145,0.0069145
376,7667.5,2.2138,2.68468,1.90042,0.31411,0.25319,0.18739,0.07411,2.38795,2.77758,2.07212,0.00690625,0.00690625,0.00690625
377,7688.2,2.23773,2.69234,1.91181,0.34187,0.24681,0.19527,0.07549,2.36823,2.75643,2.06433,0.006898,0.006898,0.006898
378,7708.91,2.25331,2.72073,1.93466,0.29479,0.25106,0.1884,0.07225,2.36678,2.79155,2.0661,0.00688975,0.00688975,0.00688975
379,7729.35,2.19669,2.68996,1.88623,0.31024,0.23617,0.18799,0.07389,2.3807,2.80431,2.05833,0.0068815,0.0068815,0.0068815
380,7749.66,2.21013,2.67846,1.90917,0.29462,0.24043,0.19189,0.07437,2.38738,2.7925,2.05993,0.00687325,0.00687325,0.00687325
381,7769.97,2.196,2.65926,1.90601,0.3035,0.26809,0.20122,0.07956,2.36506,2.75855,2.06054,0.006865,0.006865,0.006865
382,7790.25,2.25154,2.69037,1.90581,0.29328,0.26383,0.20051,0.07814,2.35124,2.75232,2.03321,0.00685675,0.00685675,0.00685675
383,7810.74,2.20978,2.69431,1.90879,0.30186,0.24255,0.19002,0.07978,2.33535,2.75225,2.03841,0.0068485,0.0068485,0.0068485
384,7831.08,2.19575,2.66802,1.90514,0.28347,0.25319,0.18895,0.08052,2.36705,2.76642,2.06923,0.00684025,0.00684025,0.00684025
385,7851.31,2.22772,2.70836,1.90313,0.27923,0.24468,0.18748,0.08012,2.36677,2.76816,2.06138,0.006832,0.006832,0.006832
386,7871.66,2.18932,2.64415,1.87843,0.32172,0.25532,0.19615,0.07891,2.3517,2.76374,2.06712,0.00682375,0.00682375,0.00682375
387,7891.89,2.1807,2.62579,1.89551,0.29924,0.24894,0.18867,0.07937,2.37712,2.77022,2.06741,0.0068155,0.0068155,0.0068155
388,7912.23,2.21639,2.6654,1.89271,0.30191,0.24681,0.19859,0.0785,2.38358,2.75642,2.06441,0.00680725,0.00680725,0.00680725
389,7932.52,2.22781,2.70284,1.90458,0.32381,0.25106,0.19876,0.08155,2.36166,2.74401,2.04503,0.006799,0.006799,0.006799
390,7953.25,2.23075,2.6666,1.89932,0.30279,0.24681,0.20518,0.0822,2.35753,2.74744,2.04923,0.00679075,0.00679075,0.00679075
391,7973.96,2.17332,2.64953,1.89192,0.33841,0.24596,0.20653,0.08054,2.38858,2.75981,2.06311,0.0067825,0.0067825,0.0067825
392,7994.24,2.17603,2.66558,1.86864,0.30066,0.25887,0.2054,0.08376,2.37308,2.75472,2.05764,0.00677425,0.00677425,0.00677425
393,8014.85,2.21425,2.65998,1.90191,0.32285,0.24681,0.20381,0.08248,2.34614,2.7223,2.04204,0.006766,0.006766,0.006766
394,8035.19,2.18497,2.64574,1.88618,0.31321,0.25745,0.20396,0.08691,2.33228,2.72005,2.04162,0.00675775,0.00675775,0.00675775
395,8055.82,2.19607,2.628,1.87488,0.32944,0.26809,0.21248,0.08884,2.33016,2.73503,2.04344,0.0067495,0.0067495,0.0067495
396,8076.52,2.16753,2.59896,1.85946,0.31552,0.26383,0.20277,0.08583,2.33141,2.73793,2.04566,0.00674125,0.00674125,0.00674125
397,8096.83,2.18469,2.61176,1.86905,0.32359,0.23404,0.20574,0.08653,2.34615,2.72272,2.04367,0.006733,0.006733,0.006733
398,8117.15,2.14785,2.6017,1.8691,0.31347,0.24468,0.18654,0.07783,2.31836,2.71765,2.02574,0.00672475,0.00672475,0.00672475
399,8137.44,2.15871,2.60451,1.86722,0.29436,0.25106,0.19347,0.07982,2.3367,2.73635,2.03234,0.0067165,0.0067165,0.0067165
400,8157.56,2.15292,2.58038,1.85222,0.3188,0.25957,0.20462,0.08503,2.32774,2.74833,2.01962,0.00670825,0.00670825,0.00670825
401,8177.79,2.17052,2.62691,1.86889,0.32716,0.27447,0.2196,0.09322,2.30435,2.69992,2.01302,0.0067,0.0067,0.0067
402,8198.49,2.1939,2.64162,1.86929,0.38537,0.24468,0.21429,0.09099,2.30709,2.70549,2.02287,0.00669175,0.00669175,0.00669175
403,8218.86,2.13899,2.58359,1.84404,0.30375,0.25898,0.21812,0.09216,2.30455,2.70443,2.02762,0.0066835,0.0066835,0.0066835
404,8239.21,2.16502,2.5728,1.86557,0.30301,0.27194,0.21293,0.09291,2.30431,2.71077,2.02345,0.00667525,0.00667525,0.00667525
405,8259.59,2.15673,2.58936,1.86102,0.29991,0.25957,0.20716,0.09231,2.28956,2.73326,2.00615,0.006667,0.006667,0.006667
406,8279.9,2.1509,2.59879,1.86456,0.3065,0.27021,0.21404,0.09381,2.29358,2.68768,2.0134,0.00665875,0.00665875,0.00665875
407,8300.14,2.13066,2.58693,1.8577,0.35512,0.25745,0.22741,0.09888,2.30355,2.66775,2.02442,0.0066505,0.0066505,0.0066505
408,8320.8,2.12267,2.52614,1.8516,0.43161,0.22766,0.23654,0.10139,2.30589,2.68954,2.03045,0.00664225,0.00664225,0.00664225
409,8341.49,2.15146,2.55867,1.85936,0.32517,0.25532,0.22403,0.09898,2.29111,2.71712,2.03439,0.006634,0.006634,0.006634
410,8361.73,2.14046,2.52646,1.8502,0.32602,0.25106,0.22284,0.09414,2.32266,2.73077,2.02663,0.00662575,0.00662575,0.00662575
411,8382.09,2.14414,2.54414,1.85054,0.33039,0.25091,0.21878,0.09058,2.31911,2.71467,2.02546,0.0066175,0.0066175,0.0066175
412,8401.71,2.13695,2.5231,1.85502,0.33403,0.26809,0.21972,0.09411,2.31103,2.68447,2.0349,0.00660925,0.00660925,0.00660925
413,8422.04,2.15087,2.59475,1.86085,0.31723,0.26383,0.22143,0.09865,2.30372,2.65697,2.03017,0.006601,0.006601,0.006601
414,8442.35,2.10191,2.48942,1.83017,0.35456,0.24194,0.22514,0.10084,2.28481,2.64352,2.02713,0.00659275,0.00659275,0.00659275
415,8462.67,2.17082,2.55906,1.86024,0.34614,0.25106,0.22615,0.10185,2.26771,2.65314,2.02589,0.0065845,0.0065845,0.0065845
416,8483.02,2.14773,2.55742,1.84691,0.35917,0.27234,0.22928,0.10431,2.2611,2.65971,2.02532,0.00657625,0.00657625,0.00657625
417,8503.71,2.11324,2.52569,1.83741,0.36306,0.26383,0.23033,0.10203,2.2596,2.656,2.02527,0.006568,0.006568,0.006568
418,8523.98,2.13818,2.53115,1.84231,0.35556,0.27234,0.23112,0.10023,2.25939,2.65629,2.0164,0.00655975,0.00655975,0.00655975
419,8544.23,2.13593,2.53734,1.84912,0.32927,0.2766,0.22678,0.09926,2.26762,2.63484,2.00841,0.0065515,0.0065515,0.0065515
420,8564.63,2.10144,2.49231,1.81401,0.35942,0.26596,0.2413,0.10257,2.27327,2.62518,2.00707,0.00654325,0.00654325,0.00654325
421,8584.94,2.12131,2.53973,1.82697,0.35417,0.26383,0.23256,0.09839,2.25578,2.62619,1.9976,0.006535,0.006535,0.006535
422,8605.27,2.10033,2.52544,1.81299,0.37697,0.28511,0.23191,0.1003,2.24225,2.62429,1.99487,0.00652675,0.00652675,0.00652675
423,8625.69,2.10559,2.4899,1.81405,0.3925,0.2766,0.24001,0.10407,2.24064,2.629,1.99662,0.0065185,0.0065185,0.0065185
424,8646.32,2.12517,2.49267,1.82959,0.36642,0.2584,0.22986,0.10138,2.23869,2.62662,1.99537,0.00651025,0.00651025,0.00651025
425,8666.64,2.08537,2.4624,1.81198,0.36498,0.26596,0.2344,0.10153,2.25213,2.63039,2.00177,0.006502,0.006502,0.006502
426,8686.95,2.10819,2.48371,1.81371,0.36716,0.2766,0.23478,0.10139,2.25678,2.62169,2.00187,0.00649375,0.00649375,0.00649375
427,8707.23,2.10742,2.47387,1.82394,0.35691,0.26809,0.2311,0.10074,2.25221,2.61993,2.00177,0.0064855,0.0064855,0.0064855
428,8727.56,2.13311,2.47347,1.82432,0.35196,0.28723,0.2238,0.09603,2.26247,2.63433,2.00148,0.00647725,0.00647725,0.00647725
429,8747.89,2.08577,2.47162,1.82218,0.35407,0.28298,0.227,0.09864,2.25319,2.63268,2.00067,0.006469,0.006469,0.006469
430,8768.14,2.10856,2.47087,1.81513,0.35755,0.25532,0.23054,0.09798,2.26597,2.64368,1.99875,0.00646075,0.00646075,0.00646075
431,8788.45,2.07523,2.41187,1.80276,0.3656,0.27872,0.23213,0.09838,2.25932,2.6161,1.98801,0.0064525,0.0064525,0.0064525
432,8808.83,2.06761,2.43932,1.80087,0.34094,0.28511,0.23566,0.10392,2.24504,2.5998,1.98634,0.00644425,0.00644425,0.00644425
433,8829.05,2.08317,2.45401,1.81012,0.36517,0.2864,0.24372,0.10545,2.23055,2.56556,1.98477,0.006436,0.006436,0.006436
434,8849.75,2.05417,2.42,1.78322,0.40697,0.27872,0.24961,0.10948,2.2212,2.56161,1.96718,0.00642775,0.00642775,0.00642775
435,8870.46,2.06497,2.42576,1.80185,0.37895,0.26744,0.2412,0.10683,2.2157,2.58826,1.95701,0.0064195,0.0064195,0.0064195
436,8890.76,2.04709,2.39004,1.7921,0.37678,0.28723,0.24536,0.10976,2.21784,2.56775,1.96094,0.00641125,0.00641125,0.00641125
437,8911.07,2.06372,2.44468,1.79315,0.3375,0.29787,0.24597,0.11111,2.20568,2.55785,1.96176,0.006403,0.006403,0.006403
438,8931.75,2.07231,2.42172,1.79819,0.33776,0.29787,0.24484,0.11207,2.19112,2.55372,1.96684,0.00639475,0.00639475,0.00639475
439,8952.41,2.05267,2.41107,1.78608,0.37395,0.29231,0.25057,0.11504,2.19307,2.52234,1.95188,0.0063865,0.0063865,0.0063865
440,8972.98,2.06974,2.47531,1.79837,0.36135,0.29149,0.26078,0.11959,2.19633,2.50863,1.94026,0.00637825,0.00637825,0.00637825
441,8993.62,2.08176,2.45358,1.79427,0.37377,0.28319,0.25873,0.12214,2.2006,2.51096,1.94339,0.00637,0.00637,0.00637
442,9014.28,2.04791,2.36759,1.78671,0.3297,0.3,0.26081,0.11944,2.19678,2.50438,1.95809,0.00636175,0.00636175,0.00636175
443,9034.6,2.07048,2.41149,1.79211,0.36028,0.27872,0.25953,0.11696,2.19617,2.49321,1.9577,0.0063535,0.0063535,0.0063535
444,9054.94,2.02979,2.38703,1.77019,0.39303,0.27693,0.25892,0.11604,2.19168,2.49167,1.94582,0.00634525,0.00634525,0.00634525
445,9075.23,2.02204,2.34237,1.77069,0.38821,0.27872,0.26237,0.11935,2.18728,2.50646,1.94431,0.006337,0.006337,0.006337
446,9095.53,2.00724,2.31978,1.7601,0.42367,0.28936,0.27124,0.12264,2.1892,2.49429,1.95351,0.00632875,0.00632875,0.00632875
447,9116.21,2.02382,2.32962,1.77791,0.41389,0.27447,0.27438,0.12394,2.19767,2.50391,1.95856,0.0063205,0.0063205,0.0063205
448,9136.85,2.08223,2.43665,1.8077,0.4068,0.29149,0.28475,0.13107,2.18625,2.47246,1.94829,0.00631225,0.00631225,0.00631225
449,9157.44,2.04074,2.36427,1.7663,0.3686,0.30638,0.27688,0.12776,2.17783,2.45171,1.93963,0.006304,0.006304,0.006304
450,9177.7,2.03725,2.36188,1.77888,0.40611,0.30699,0.28456,0.13051,2.18278,2.45436,1.94668,0.00629575,0.00629575,0.00629575
451,9198.09,2.03072,2.36011,1.77544,0.4392,0.28494,0.28358,0.13158,2.16879,2.43961,1.94851,0.0062875,0.0062875,0.0062875
452,9218.78,2.03555,2.35183,1.76916,0.42903,0.29362,0.28854,0.13219,2.16411,2.44607,1.94242,0.00627925,0.00627925,0.00627925
453,9239.51,2.02232,2.3344,1.76245,0.40335,0.29787,0.28354,0.13206,2.16598,2.45226,1.93457,0.006271,0.006271,0.006271
454,9259.85,1.99499,2.30265,1.74463,0.454,0.30638,0.29663,0.13786,2.15185,2.43145,1.92812,0.00626275,0.00626275,0.00626275
455,9280.59,1.99424,2.28939,1.75872,0.45075,0.30426,0.29904,0.13698,2.13909,2.41922,1.92652,0.0062545,0.0062545,0.0062545
456,9300.87,2.02695,2.35755,1.77326,0.45566,0.31489,0.29564,0.13671,2.13808,2.41633,1.93468,0.00624625,0.00624625,0.00624625
457,9321.26,2.04062,2.3329,1.78093,0.3847,0.32059,0.29201,0.13722,2.14152,2.42434,1.93316,0.006238,0.006238,0.006238
458,9341.6,2.01313,2.31695,1.76175,0.39554,0.32766,0.2954,0.14109,2.1339,2.41334,1.92809,0.00622975,0.00622975,0.00622975
459,9362.27,1.99774,2.35624,1.75034,0.40078,0.34438,0.2954,0.13804,2.12934,2.39186,1.92411,0.0062215,0.0062215,0.0062215
460,9382.62,2.01311,2.33147,1.7529,0.40826,0.32766,0.29391,0.13638,2.13085,2.40813,1.9204,0.00621325,0.00621325,0.00621325
461,9402.93,1.99101,2.27888,1.73742,0.43122,0.3234,0.30575,0.13838,2.12413,2.40278,1.92119,0.006205,0.006205,0.006205
462,9423.4,1.99113,2.27639,1.75695,0.43426,0.34043,0.30681,0.14288,2.10926,2.39164,1.91806,0.00619675,0.00619675,0.00619675
463,9444.14,1.99743,2.30312,1.74514,0.41992,0.34681,0.31988,0.14924,2.11448,2.38489,1.92059,0.0061885,0.0061885,0.0061885
464,9464.77,1.95816,2.25701,1.71987,0.4388,0.33771,0.3259,0.15169,2.11494,2.37196,1.9149,0.00618025,0.00618025,0.00618025
465,9485.51,1.99193,2.27254,1.73,0.42471,0.34894,0.33297,0.15574,2.09903,2.33557,1.90907,0.006172,0.006172,0.006172
466,9506.22,1.97569,2.24645,1.7307,0.40109,0.35957,0.33252,0.15675,2.1003,2.33317,1.90676,0.00616375,0.00616375,0.00616375
467,9526.88,1.99941,2.28476,1.74535,0.48122,0.31915,0.32598,0.15329,2.09973,2.35236,1.90913,0.0061555,0.0061555,0.0061555
468,9547.24,1.96735,2.26189,1.71515,0.41072,0.35532,0.32256,0.15173,2.09864,2.35407,1.9061,0.00614725,0.00614725,0.00614725
469,9567.61,1.96956,2.2465,1.72254,0.42245,0.33191,0.32592,0.15368,2.09255,2.33299,1.90029,0.006139,0.006139,0.006139
470,9587.92,1.95308,2.24108,1.7194,0.45683,0.34255,0.33207,0.15673,2.09619,2.31823,1.90046,0.00613075,0.00613075,0.00613075
471,9608.19,1.97813,2.23856,1.73055,0.47316,0.3383,0.33758,0.15644,2.09512,2.31014,1.89676,0.0061225,0.0061225,0.0061225
472,9628.86,1.92596,2.17451,1.69152,0.46027,0.34255,0.34537,0.15902,2.09332,2.30948,1.89744,0.00611425,0.00611425,0.00611425
473,9649.57,1.98617,2.21993,1.73893,0.45696,0.34043,0.34306,0.16136,2.08123,2.29711,1.89092,0.006106,0.006106,0.006106
474,9670.22,1.96191,2.18857,1.71741,0.47543,0.33191,0.35024,0.16531,2.06303,2.29189,1.87889,0.00609775,0.00609775,0.00609775
475,9690.81,1.95041,2.23292,1.71427,0.44598,0.3766,0.34772,0.16424,2.04861,2.27847,1.85718,0.0060895,0.0060895,0.0060895
476,9711.18,1.91665,2.1951,1.69705,0.49022,0.37021,0.35238,0.16543,2.0418,2.27156,1.85753,0.00608125,0.00608125,0.00608125
477,9731.9,1.93852,2.20187,1.70269,0.47411,0.36596,0.35803,0.16789,2.04844,2.27102,1.86774,0.006073,0.006073,0.006073
478,9752.57,1.93652,2.1654,1.69045,0.45197,0.37447,0.36061,0.17284,2.03826,2.23959,1.8631,0.00606475,0.00606475,0.00606475
479,9773.26,1.92025,2.19266,1.68978,0.51484,0.34468,0.36658,0.17601,2.02867,2.23078,1.85819,0.0060565,0.0060565,0.0060565
480,9793.98,1.96536,2.23305,1.71744,0.4605,0.37021,0.36883,0.17844,2.01868,2.22965,1.85403,0.00604825,0.00604825,0.00604825
481,9814.67,1.94081,2.1897,1.69617,0.46388,0.36596,0.37117,0.17619,2.01166,2.22681,1.84299,0.00604,0.00604,0.00604
482,9834.92,1.95025,2.19798,1.7116,0.46259,0.37179,0.36766,0.17628,2.01784,2.22825,1.83908,0.00603175,0.00603175,0.00603175
483,9855.24,1.91742,2.18921,1.70048,0.4763,0.35319,0.36286,0.17363,2.01116,2.23312,1.83814,0.0060235,0.0060235,0.0060235
484,9875.65,1.92309,2.15186,1.70244,0.49204,0.34468,0.36411,0.17678,2.01124,2.22803,1.8314,0.00601525,0.00601525,0.00601525
485,9895.87,1.90486,2.14915,1.68991,0.50216,0.38416,0.37572,0.17849,2.01397,2.21688,1.82119,0.006007,0.006007,0.006007
486,9916.54,1.90885,2.13951,1.68283,0.54585,0.36596,0.37926,0.18207,2.02281,2.20526,1.82938,0.00599875,0.00599875,0.00599875
487,9937.22,1.88877,2.12136,1.68545,0.54323,0.35957,0.37795,0.18301,2.03088,2.20066,1.83741,0.0059905,0.0059905,0.0059905
488,9957.93,1.92667,2.14116,1.69936,0.54932,0.35532,0.37789,0.18414,2.02586,2.20335,1.8301,0.00598225,0.00598225,0.00598225
489,9978.54,1.89815,2.12779,1.66448,0.54451,0.36626,0.38428,0.19127,1.99979,2.1773,1.82102,0.005974,0.005974,0.005974
490,9999.29,1.90966,2.13834,1.68357,0.53978,0.39149,0.38961,0.19399,1.98333,2.16798,1.81421,0.00596575,0.00596575,0.00596575
491,10019.9,1.86986,2.10391,1.66403,0.50915,0.39787,0.39759,0.19726,1.98542,2.17021,1.81108,0.0059575,0.0059575,0.0059575
492,10040.6,1.91895,2.16109,1.69418,0.54398,0.37872,0.40197,0.2041,1.97821,2.14986,1.8068,0.00594925,0.00594925,0.00594925
493,10061.3,1.90634,2.08339,1.66688,0.51641,0.40213,0.40964,0.20648,1.98003,2.14382,1.80725,0.005941,0.005941,0.005941
494,10082,1.87536,2.06147,1.67334,0.51481,0.40638,0.4105,0.20767,1.97541,2.13293,1.80216,0.00593275,0.00593275,0.00593275
495,10102.7,1.87594,2.07914,1.65456,0.52267,0.40426,0.41698,0.21379,1.96289,2.12831,1.79722,0.0059245,0.0059245,0.0059245
496,10123.4,1.8909,2.11593,1.68058,0.55648,0.39362,0.42255,0.21683,1.95641,2.1075,1.80085,0.00591625,0.00591625,0.00591625
497,10144,1.892,2.10541,1.67897,0.51937,0.40213,0.4196,0.21398,1.95324,2.11151,1.80296,0.005908,0.005908,0.005908
498,10164.3,1.90084,2.11313,1.66385,0.50334,0.41489,0.4179,0.21335,1.9482,2.10235,1.80138,0.00589975,0.00589975,0.00589975
499,10184.6,1.87439,2.07574,1.66829,0.51015,0.41702,0.41812,0.21665,1.94872,2.10552,1.79909,0.0058915,0.0058915,0.0058915
500,10204.8,1.89521,2.08702,1.65705,0.55185,0.40851,0.42336,0.21825,1.95396,2.09621,1.80248,0.00588325,0.00588325,0.00588325
501,10225.4,1.86346,2.08243,1.66008,0.54265,0.41915,0.42731,0.21801,1.95501,2.11387,1.80181,0.005875,0.005875,0.005875
502,10246,1.87496,2.0876,1.64174,0.54619,0.41229,0.43038,0.21861,1.94156,2.11149,1.79745,0.00586675,0.00586675,0.00586675
503,10266.7,1.88472,2.0798,1.66228,0.55554,0.41277,0.43255,0.22137,1.93756,2.10571,1.78445,0.0058585,0.0058585,0.0058585
504,10287.3,1.87688,2.10285,1.66244,0.57689,0.42128,0.43496,0.22547,1.93145,2.10555,1.77444,0.00585025,0.00585025,0.00585025
505,10307.9,1.83901,2.04661,1.64362,0.56952,0.41489,0.43614,0.22703,1.92928,2.11038,1.77262,0.005842,0.005842,0.005842
506,10328.6,1.86947,2.05594,1.6425,0.56642,0.41693,0.43562,0.22904,1.92837,2.10196,1.7669,0.00583375,0.00583375,0.00583375
507,10349.3,1.82417,2.01002,1.62327,0.55028,0.42553,0.43953,0.23177,1.92091,2.09187,1.75806,0.0058255,0.0058255,0.0058255
508,10369.9,1.85529,2.04167,1.63842,0.58299,0.40453,0.44178,0.23688,1.92201,2.08225,1.7582,0.00581725,0.00581725,0.00581725
509,10390.6,1.83903,2.0261,1.61883,0.54896,0.43191,0.44866,0.23756,1.91705,2.09166,1.7602,0.005809,0.005809,0.005809
510,10411.3,1.8727,2.05114,1.64359,0.57637,0.41064,0.45156,0.23845,1.92291,2.08733,1.76662,0.00580075,0.00580075,0.00580075
511,10431.8,1.88386,2.06623,1.65833,0.58952,0.41064,0.44904,0.23728,1.9148,2.06332,1.76766,0.0057925,0.0057925,0.0057925
512,10452.1,1.81743,1.9922,1.62169,0.60963,0.42128,0.45673,0.24379,1.90332,2.04478,1.75597,0.00578425,0.00578425,0.00578425
513,10472.7,1.82382,1.99331,1.62654,0.59214,0.41277,0.44962,0.24345,1.90195,2.02934,1.75099,0.005776,0.005776,0.005776
514,10493.1,1.82594,1.96517,1.61419,0.56651,0.42553,0.45791,0.24594,1.88915,2.01898,1.74425,0.00576775,0.00576775,0.00576775
515,10513.7,1.82649,1.98556,1.61698,0.56174,0.43191,0.46077,0.24531,1.88783,2.02251,1.7444,0.0057595,0.0057595,0.0057595
516,10534,1.83927,1.9977,1.6119,0.5884,0.41489,0.46169,0.25115,1.88217,2.00811,1.74725,0.00575125,0.00575125,0.00575125
517,10554.7,1.79594,1.99954,1.61645,0.62995,0.40566,0.4632,0.24766,1.87758,2.00337,1.74343,0.005743,0.005743,0.005743
518,10574.9,1.82625,1.99105,1.61766,0.62256,0.38936,0.46329,0.25123,1.876,1.99904,1.73767,0.00573475,0.00573475,0.00573475
519,10595.1,1.81287,1.9852,1.62548,0.61278,0.39149,0.45504,0.24663,1.87616,2.01115,1.73783,0.0057265,0.0057265,0.0057265
520,10615.2,1.82066,1.97259,1.60877,0.61248,0.4,0.45479,0.24614,1.87558,1.99995,1.73163,0.00571825,0.00571825,0.00571825
521,10635.5,1.78867,1.95207,1.5912,0.58427,0.41864,0.46044,0.24929,1.88048,1.98346,1.7307,0.00571,0.00571,0.00571
522,10655.9,1.81125,1.98518,1.61338,0.58137,0.42553,0.46665,0.25351,1.88254,1.98275,1.73573,0.00570175,0.00570175,0.00570175
523,10676.4,1.80156,1.91513,1.6037,0.60286,0.41489,0.46967,0.25543,1.88754,1.97785,1.73567,0.0056935,0.0056935,0.0056935
524,10697.1,1.8071,1.94688,1.61405,0.61527,0.41512,0.48087,0.25908,1.87304,1.94162,1.72781,0.00568525,0.00568525,0.00568525
525,10717.6,1.78925,1.95405,1.59936,0.58121,0.44043,0.48597,0.26489,1.85491,1.92725,1.72385,0.005677,0.005677,0.005677
526,10738.1,1.80779,1.96616,1.60553,0.61342,0.42203,0.48984,0.26673,1.85478,1.92294,1.71822,0.00566875,0.00566875,0.00566875
527,10758.7,1.78619,1.93675,1.59232,0.5984,0.44043,0.4911,0.26936,1.8461,1.91811,1.71296,0.0056605,0.0056605,0.0056605
528,10779.3,1.78728,1.91525,1.59575,0.6215,0.4367,0.49847,0.27278,1.84919,1.91352,1.71179,0.00565225,0.00565225,0.00565225
529,10800,1.76274,1.91917,1.58095,0.62819,0.44894,0.51006,0.28127,1.84313,1.90524,1.69993,0.005644,0.005644,0.005644
530,10820.6,1.78625,1.95572,1.60369,0.64708,0.43404,0.50923,0.28207,1.8342,1.90288,1.70013,0.00563575,0.00563575,0.00563575
531,10841.3,1.80133,1.92523,1.59574,0.67496,0.42979,0.50714,0.27792,1.83049,1.8962,1.69922,0.0056275,0.0056275,0.0056275
532,10861.7,1.75092,1.88605,1.57535,0.63717,0.44255,0.50716,0.28195,1.8205,1.88672,1.69199,0.00561925,0.00561925,0.00561925
533,10882,1.77547,1.92115,1.58445,0.60096,0.4454,0.50402,0.2805,1.82799,1.88034,1.69173,0.005611,0.005611,0.005611
534,10902.3,1.78798,1.91907,1.59953,0.59086,0.45745,0.50474,0.28299,1.82531,1.8783,1.69202,0.00560275,0.00560275,0.00560275
535,10923,1.77123,1.9061,1.57931,0.65318,0.44255,0.50812,0.29022,1.81904,1.87001,1.69274,0.0055945,0.0055945,0.0055945
536,10943.7,1.76586,1.91866,1.58599,0.64967,0.45374,0.51584,0.28814,1.81644,1.86632,1.69142,0.00558625,0.00558625,0.00558625
537,10964,1.77177,1.88145,1.5813,0.61779,0.46809,0.5201,0.29247,1.8164,1.86005,1.69064,0.005578,0.005578,0.005578
538,10984.7,1.73104,1.82241,1.56462,0.60439,0.47872,0.5221,0.2941,1.81633,1.84745,1.69099,0.00556975,0.00556975,0.00556975
539,11005.3,1.74551,1.88757,1.564,0.61839,0.46546,0.52632,0.2989,1.81239,1.84582,1.68729,0.0055615,0.0055615,0.0055615
540,11025.6,1.75912,1.89045,1.57884,0.61813,0.48723,0.53079,0.3043,1.80265,1.85025,1.67875,0.00555325,0.00555325,0.00555325
541,11046.2,1.73242,1.87215,1.56639,0.63909,0.47095,0.53125,0.30142,1.7882,1.83491,1.67032,0.005545,0.005545,0.005545
542,11066.5,1.733,1.84755,1.56162,0.58493,0.49149,0.52982,0.30205,1.78376,1.83084,1.66614,0.00553675,0.00553675,0.00553675
543,11086.9,1.72598,1.85408,1.56512,0.59518,0.49787,0.53078,0.30335,1.77229,1.83717,1.66227,0.0055285,0.0055285,0.0055285
544,11107.2,1.74106,1.86092,1.56672,0.61213,0.49149,0.53267,0.30447,1.76338,1.84079,1.66161,0.00552025,0.00552025,0.00552025
545,11127.8,1.75552,1.85749,1.57573,0.59055,0.51248,0.53169,0.31015,1.74929,1.83291,1.65602,0.005512,0.005512,0.005512
546,11148.5,1.76077,1.87185,1.5755,0.61402,0.49787,0.53896,0.31393,1.74499,1.81808,1.64992,0.00550375,0.00550375,0.00550375
547,11169.3,1.7342,1.81709,1.55248,0.59605,0.51175,0.54514,0.32075,1.74448,1.80475,1.6467,0.0054955,0.0054955,0.0054955
548,11190.1,1.71575,1.83173,1.5428,0.5834,0.52737,0.55156,0.32737,1.74565,1.78555,1.64555,0.00548725,0.00548725,0.00548725
549,11210.7,1.73265,1.84151,1.54864,0.55558,0.52979,0.55041,0.32498,1.74223,1.78324,1.64484,0.005479,0.005479,0.005479
550,11231,1.75187,1.86842,1.57118,0.59312,0.52128,0.5532,0.32751,1.74018,1.77714,1.64102,0.00547075,0.00547075,0.00547075
551,11251.9,1.72204,1.81069,1.53876,0.59794,0.50851,0.55183,0.32491,1.73767,1.77155,1.63906,0.0054625,0.0054625,0.0054625
552,11272.3,1.72778,1.822,1.54764,0.61242,0.53191,0.55615,0.32556,1.74694,1.7624,1.64113,0.00545425,0.00545425,0.00545425
553,11292.6,1.73715,1.86504,1.54411,0.65796,0.48511,0.55718,0.32591,1.74045,1.7617,1.63857,0.005446,0.005446,0.005446
554,11312.9,1.74277,1.8303,1.5606,0.66664,0.49787,0.55709,0.32495,1.73878,1.76016,1.63545,0.00543775,0.00543775,0.00543775
555,11333.1,1.70231,1.78528,1.54012,0.69619,0.47293,0.5595,0.32818,1.73371,1.76252,1.63249,0.0054295,0.0054295,0.0054295
556,11353.7,1.68328,1.77458,1.52547,0.69214,0.48723,0.56944,0.33066,1.73488,1.74903,1.63179,0.00542125,0.00542125,0.00542125
557,11374.3,1.71489,1.79627,1.53649,0.60934,0.51771,0.56598,0.33312,1.73296,1.74298,1.6339,0.005413,0.005413,0.005413
558,11395.1,1.68933,1.77316,1.52894,0.59107,0.53512,0.57127,0.33399,1.71932,1.7317,1.62741,0.00540475,0.00540475,0.00540475
559,11415.8,1.72682,1.85103,1.55428,0.58768,0.54043,0.57416,0.33662,1.71631,1.72671,1.62497,0.0053965,0.0053965,0.0053965
560,11436.5,1.67275,1.77557,1.5311,0.59322,0.53404,0.57265,0.33664,1.72544,1.72315,1.62812,0.00538825,0.00538825,0.00538825
561,11456.8,1.69558,1.78272,1.53865,0.6492,0.4922,0.57416,0.33688,1.72935,1.71669,1.62665,0.00538,0.00538,0.00538
562,11477.4,1.68178,1.74018,1.53014,0.69074,0.48085,0.57612,0.33529,1.72572,1.7141,1.62253,0.00537175,0.00537175,0.00537175
563,11497.8,1.71361,1.79588,1.52237,0.69051,0.48936,0.57828,0.3345,1.7268,1.71698,1.61837,0.0053635,0.0053635,0.0053635
564,11518.1,1.6804,1.7578,1.5231,0.72231,0.47021,0.57995,0.34257,1.71917,1.71506,1.61161,0.00535525,0.00535525,0.00535525
565,11538.4,1.6553,1.74985,1.49848,0.70544,0.49362,0.58511,0.34285,1.71744,1.71016,1.60989,0.005347,0.005347,0.005347
566,11558.9,1.67153,1.75238,1.5121,0.67889,0.5128,0.58669,0.34601,1.70255,1.70196,1.60374,0.00533875,0.00533875,0.00533875
567,11579.6,1.6766,1.7432,1.51712,0.66797,0.52221,0.58536,0.35113,1.696,1.69562,1.60687,0.0053305,0.0053305,0.0053305
568,11600.3,1.70429,1.78082,1.52086,0.67009,0.53617,0.59114,0.34856,1.6896,1.68511,1.59738,0.00532225,0.00532225,0.00532225
569,11620.6,1.69247,1.77424,1.51775,0.65805,0.5282,0.58779,0.35274,1.68626,1.68872,1.59212,0.005314,0.005314,0.005314
570,11641.3,1.65578,1.69458,1.49095,0.65816,0.52553,0.58676,0.35433,1.68092,1.68151,1.58543,0.00530575,0.00530575,0.00530575
571,11661.9,1.65635,1.74039,1.50835,0.66845,0.5234,0.59181,0.36029,1.67232,1.66695,1.58203,0.0052975,0.0052975,0.0052975
572,11682.5,1.65573,1.73356,1.50368,0.65311,0.54043,0.59536,0.35791,1.66609,1.67022,1.58136,0.00528925,0.00528925,0.00528925
573,11702.9,1.67526,1.76217,1.50458,0.67171,0.54468,0.59723,0.3634,1.66569,1.66964,1.58261,0.005281,0.005281,0.005281
574,11723.9,1.66772,1.74078,1.50945,0.68895,0.53617,0.60169,0.36774,1.66808,1.66888,1.58303,0.00527275,0.00527275,0.00527275
575,11744.7,1.67328,1.74252,1.51356,0.7467,0.53404,0.61076,0.36966,1.66405,1.66739,1.57367,0.0052645,0.0052645,0.0052645
576,11765.4,1.65613,1.73989,1.50189,0.72637,0.54043,0.61154,0.36918,1.65717,1.66192,1.56789,0.00525625,0.00525625,0.00525625
577,11785.8,1.66722,1.7533,1.51179,0.72632,0.5383,0.61239,0.37239,1.64943,1.65468,1.56478,0.005248,0.005248,0.005248
578,11806.5,1.63143,1.69491,1.48053,0.76753,0.51281,0.61146,0.37305,1.65071,1.65356,1.5638,0.00523975,0.00523975,0.00523975
579,11826.9,1.6705,1.74654,1.50676,0.76829,0.52911,0.61619,0.37908,1.64611,1.64948,1.55621,0.0052315,0.0052315,0.0052315
580,11847.6,1.68812,1.75998,1.51331,0.76706,0.52128,0.61889,0.38142,1.63853,1.64132,1.55042,0.00522325,0.00522325,0.00522325
581,11868,1.66066,1.70985,1.49337,0.74263,0.52183,0.61754,0.38327,1.63514,1.63493,1.55005,0.005215,0.005215,0.005215
582,11888.6,1.62715,1.67379,1.47512,0.73142,0.51489,0.6147,0.38592,1.64059,1.62949,1.55407,0.00520675,0.00520675,0.00520675
583,11909.2,1.6484,1.71276,1.4928,0.7511,0.51702,0.61748,0.38469,1.64495,1.62939,1.55501,0.0051985,0.0051985,0.0051985
584,11929.7,1.63142,1.69368,1.48193,0.77481,0.51246,0.62021,0.38226,1.64245,1.6228,1.55189,0.00519025,0.00519025,0.00519025
585,11949.7,1.6422,1.70039,1.49614,0.78713,0.51138,0.62113,0.38122,1.63396,1.61932,1.55004,0.005182,0.005182,0.005182
586,11969.8,1.66755,1.71024,1.49342,0.80503,0.50075,0.62347,0.3809,1.62861,1.61066,1.54447,0.00517375,0.00517375,0.00517375
587,11990.2,1.61363,1.70612,1.47997,0.80833,0.50851,0.62774,0.38371,1.62867,1.6018,1.53904,0.0051655,0.0051655,0.0051655
588,12010.7,1.61167,1.65558,1.47786,0.80836,0.50638,0.62776,0.38798,1.62063,1.59235,1.53505,0.00515725,0.00515725,0.00515725
589,12031.6,1.60958,1.65938,1.46787,0.79296,0.51339,0.62819,0.39074,1.61283,1.58846,1.5363,0.005149,0.005149,0.005149
590,12052.2,1.61679,1.66245,1.48206,0.80035,0.51702,0.63361,0.39299,1.60953,1.58286,1.53711,0.00514075,0.00514075,0.00514075
591,12072.9,1.63255,1.67099,1.45716,0.82026,0.51277,0.63552,0.393,1.60298,1.57874,1.53558,0.0051325,0.0051325,0.0051325
592,12093.6,1.6112,1.63105,1.47096,0.78288,0.52167,0.6363,0.39213,1.60425,1.57476,1.5339,0.00512425,0.00512425,0.00512425
593,12114,1.581,1.5944,1.44833,0.7796,0.52553,0.64113,0.39255,1.59661,1.57107,1.5373,0.005116,0.005116,0.005116
594,12134.6,1.58122,1.63563,1.46233,0.78988,0.51988,0.64259,0.38993,1.59644,1.5648,1.5346,0.00510775,0.00510775,0.00510775
595,12154.9,1.59106,1.6198,1.4579,0.77844,0.5234,0.64206,0.39241,1.59706,1.55574,1.53269,0.0050995,0.0050995,0.0050995
596,12175.3,1.59701,1.62112,1.45999,0.76731,0.5234,0.63986,0.39378,1.59229,1.55481,1.53133,0.00509125,0.00509125,0.00509125
597,12196.1,1.58205,1.63155,1.46905,0.77577,0.52766,0.63963,0.39302,1.58669,1.55,1.52483,0.005083,0.005083,0.005083
598,12216.5,1.59245,1.62321,1.46444,0.77241,0.52979,0.64164,0.38933,1.58381,1.54671,1.52083,0.00507475,0.00507475,0.00507475
599,12236.8,1.61851,1.65602,1.45884,0.76208,0.54255,0.64365,0.39031,1.58884,1.55409,1.5173,0.0050665,0.0050665,0.0050665
600,12257.2,1.629,1.67309,1.48358,0.76613,0.54255,0.64338,0.39224,1.58998,1.55204,1.51378,0.00505825,0.00505825,0.00505825
601,12277.4,1.56662,1.60283,1.43769,0.76266,0.52979,0.64424,0.39444,1.58965,1.55303,1.51323,0.00505,0.00505,0.00505
602,12298.1,1.62016,1.6155,1.46319,0.74347,0.52979,0.64246,0.39558,1.58934,1.54897,1.5143,0.00504175,0.00504175,0.00504175
603,12318.8,1.61072,1.65572,1.45853,0.70979,0.56383,0.6409,0.39626,1.5852,1.54809,1.51808,0.0050335,0.0050335,0.0050335
604,12339.5,1.58528,1.61716,1.45797,0.71479,0.55457,0.64411,0.40062,1.57859,1.54396,1.51596,0.00502525,0.00502525,0.00502525
605,12360.2,1.63889,1.65437,1.47203,0.74438,0.55319,0.64705,0.39956,1.57283,1.54006,1.5145,0.005017,0.005017,0.005017
606,12380.5,1.55999,1.57638,1.44168,0.74905,0.55887,0.65008,0.40303,1.56752,1.52911,1.51072,0.00500875,0.00500875,0.00500875
607,12401.2,1.58013,1.61754,1.44464,0.76229,0.55949,0.65354,0.40459,1.56241,1.52211,1.50676,0.0050005,0.0050005,0.0050005
608,12422,1.56878,1.56497,1.43908,0.75507,0.56596,0.65454,0.40762,1.55829,1.52021,1.50201,0.00499225,0.00499225,0.00499225
609,12442.7,1.55692,1.5746,1.42976,0.75348,0.57021,0.66044,0.41128,1.5572,1.51804,1.502,0.004984,0.004984,0.004984
610,12463.3,1.59167,1.62489,1.45812,0.79591,0.53404,0.66053,0.41001,1.56257,1.52065,1.50213,0.00497575,0.00497575,0.00497575
611,12483.7,1.55208,1.56385,1.42993,0.78657,0.54887,0.66542,0.41431,1.56024,1.52148,1.49844,0.0049675,0.0049675,0.0049675
612,12504.3,1.59558,1.60268,1.45369,0.76689,0.55745,0.66595,0.41651,1.55639,1.51815,1.49496,0.00495925,0.00495925,0.00495925
613,12525,1.55043,1.57595,1.43762,0.78642,0.54841,0.66837,0.42092,1.55116,1.51097,1.49122,0.004951,0.004951,0.004951
614,12545.6,1.57287,1.56554,1.44158,0.78653,0.55957,0.67095,0.42128,1.54775,1.49654,1.48898,0.00494275,0.00494275,0.00494275
615,12566.2,1.54536,1.56689,1.43207,0.81372,0.54894,0.67488,0.42437,1.54217,1.48852,1.48142,0.0049345,0.0049345,0.0049345
616,12586.9,1.53646,1.55439,1.42701,0.78299,0.55532,0.67818,0.42456,1.54146,1.49109,1.47993,0.00492625,0.00492625,0.00492625
617,12607.6,1.56346,1.5624,1.42305,0.81713,0.54468,0.67754,0.42452,1.54242,1.48832,1.47604,0.004918,0.004918,0.004918
618,12627.6,1.55346,1.57095,1.4405,0.8245,0.53978,0.67851,0.42691,1.53964,1.48595,1.46952,0.00490975,0.00490975,0.00490975
619,12648.3,1.53153,1.54836,1.43223,0.82211,0.55106,0.67863,0.42892,1.53858,1.4877,1.46611,0.0049015,0.0049015,0.0049015
620,12668.8,1.50776,1.5075,1.40424,0.82115,0.54681,0.67871,0.43017,1.53406,1.48652,1.4664,0.00489325,0.00489325,0.00489325
621,12689.6,1.53663,1.54772,1.4189,0.74035,0.58723,0.67851,0.43011,1.53078,1.48376,1.46491,0.004885,0.004885,0.004885
622,12709.9,1.54121,1.55625,1.42005,0.72044,0.60863,0.67954,0.43421,1.52478,1.46873,1.46087,0.00487675,0.00487675,0.00487675
623,12730.5,1.55966,1.56068,1.42691,0.70501,0.61915,0.68278,0.43467,1.52431,1.46467,1.46052,0.0048685,0.0048685,0.0048685
624,12751.1,1.55525,1.56605,1.42685,0.73571,0.61597,0.68644,0.43179,1.52195,1.46119,1.45571,0.00486025,0.00486025,0.00486025
625,12771.4,1.55082,1.54388,1.41815,0.72474,0.61621,0.68341,0.43257,1.51504,1.45191,1.45068,0.004852,0.004852,0.004852
626,12791.7,1.54646,1.52994,1.41423,0.72713,0.6234,0.68906,0.43579,1.51398,1.44774,1.45071,0.00484375,0.00484375,0.00484375
627,12812.3,1.54689,1.53538,1.40913,0.74072,0.61391,0.69195,0.43962,1.50856,1.44346,1.44792,0.0048355,0.0048355,0.0048355
628,12833.1,1.53556,1.51318,1.40696,0.73531,0.6147,0.69057,0.43959,1.5126,1.44208,1.44834,0.00482725,0.00482725,0.00482725
629,12853.4,1.52237,1.53645,1.41843,0.75446,0.60145,0.69264,0.44142,1.51045,1.43682,1.4468,0.004819,0.004819,0.004819
630,12873.7,1.51905,1.54413,1.40774,0.76091,0.59362,0.6935,0.44641,1.50779,1.43163,1.44587,0.00481075,0.00481075,0.00481075
631,12894.2,1.54925,1.56456,1.4238,0.79639,0.58254,0.69477,0.44204,1.50503,1.42124,1.44426,0.0048025,0.0048025,0.0048025
632,12914.5,1.49023,1.47969,1.39219,0.75768,0.60541,0.69506,0.44242,1.49945,1.41408,1.44327,0.00479425,0.00479425,0.00479425
633,12934.7,1.49196,1.46716,1.38377,0.81358,0.57234,0.69682,0.44415,1.5003,1.41121,1.44234,0.004786,0.004786,0.004786
634,12955,1.53675,1.53159,1.41312,0.82951,0.57972,0.69693,0.4426,1.49745,1.4128,1.44075,0.00477775,0.00477775,0.00477775
635,12975.3,1.52051,1.48587,1.39769,0.8133,0.5766,0.69509,0.44834,1.49319,1.41509,1.43686,0.0047695,0.0047695,0.0047695
636,12995.9,1.47994,1.49148,1.37757,0.82033,0.57315,0.6963,0.44917,1.49091,1.41164,1.43663,0.00476125,0.00476125,0.00476125
637,13016.5,1.50172,1.50592,1.39562,0.81779,0.5825,0.69787,0.44929,1.48607,1.4075,1.43728,0.004753,0.004753,0.004753
638,13037.3,1.51978,1.53023,1.40792,0.79001,0.58723,0.6994,0.45071,1.47918,1.40713,1.43453,0.00474475,0.00474475,0.00474475
639,13057.9,1.52802,1.52433,1.40737,0.74291,0.61915,0.69939,0.45142,1.47267,1.40399,1.43274,0.0047365,0.0047365,0.0047365
640,13078.6,1.48604,1.45826,1.39444,0.7571,0.62979,0.7027,0.45119,1.46842,1.39963,1.43312,0.00472825,0.00472825,0.00472825
641,13099.2,1.50796,1.48892,1.3892,0.77128,0.61705,0.70383,0.45109,1.46638,1.3949,1.43176,0.00472,0.00472,0.00472
642,13119.9,1.50506,1.47926,1.39463,0.76113,0.63191,0.706,0.45424,1.46177,1.38931,1.42589,0.00471175,0.00471175,0.00471175
643,13140.6,1.49249,1.47886,1.39934,0.77518,0.60155,0.70518,0.45393,1.45722,1.38779,1.42273,0.0047035,0.0047035,0.0047035
644,13160.9,1.50942,1.49928,1.39154,0.80293,0.59149,0.70721,0.45379,1.45731,1.38732,1.42091,0.00469525,0.00469525,0.00469525
645,13181.2,1.49285,1.45386,1.38228,0.74685,0.62771,0.70804,0.4548,1.459,1.38134,1.42085,0.004687,0.004687,0.004687
646,13201.9,1.50049,1.48934,1.3968,0.77477,0.62212,0.71061,0.45978,1.45549,1.37712,1.42047,0.00467875,0.00467875,0.00467875
647,13222.6,1.49818,1.48391,1.39824,0.78447,0.61179,0.71453,0.46004,1.44928,1.36734,1.4188,0.0046705,0.0046705,0.0046705
648,13243.2,1.49766,1.48664,1.38599,0.79663,0.61674,0.71724,0.46308,1.45083,1.35952,1.41862,0.00466225,0.00466225,0.00466225
649,13263.8,1.48311,1.44222,1.38151,0.81015,0.60213,0.71802,0.46489,1.44805,1.3528,1.41761,0.004654,0.004654,0.004654
650,13284.5,1.48591,1.463,1.37203,0.80692,0.61702,0.71882,0.46465,1.44524,1.3484,1.418,0.00464575,0.00464575,0.00464575
651,13304.8,1.46153,1.42255,1.36484,0.79473,0.62128,0.72177,0.46551,1.44044,1.34794,1.41722,0.0046375,0.0046375,0.0046375
652,13325.6,1.48147,1.45123,1.37202,0.85055,0.59362,0.72204,0.46645,1.43757,1.34275,1.41622,0.00462925,0.00462925,0.00462925
653,13346.2,1.45921,1.44479,1.3855,0.85359,0.59787,0.72208,0.4663,1.43489,1.34169,1.41735,0.004621,0.004621,0.004621
654,13366.5,1.48009,1.48063,1.38032,0.86014,0.60193,0.71922,0.46653,1.43533,1.34395,1.41792,0.00461275,0.00461275,0.00461275
655,13386.8,1.4964,1.44873,1.38707,0.84978,0.60213,0.72204,0.46703,1.43018,1.34425,1.4153,0.0046045,0.0046045,0.0046045
656,13407.5,1.46409,1.4505,1.37487,0.8396,0.59574,0.72157,0.46767,1.42829,1.33925,1.41114,0.00459625,0.00459625,0.00459625
657,13428.2,1.48422,1.44794,1.38043,0.79498,0.61915,0.72193,0.46893,1.42333,1.3379,1.4072,0.004588,0.004588,0.004588
658,13448.8,1.43916,1.39867,1.36465,0.82305,0.61359,0.7228,0.46975,1.42194,1.33919,1.40682,0.00457975,0.00457975,0.00457975
659,13469.5,1.46679,1.44603,1.36626,0.81798,0.61193,0.72279,0.47073,1.41661,1.33342,1.40325,0.0045715,0.0045715,0.0045715
660,13490.1,1.47941,1.42868,1.36224,0.82425,0.61064,0.7263,0.47178,1.4145,1.3302,1.40117,0.00456325,0.00456325,0.00456325
661,13510.7,1.43728,1.40941,1.34917,0.84807,0.60572,0.72571,0.47308,1.41215,1.32832,1.3984,0.004555,0.004555,0.004555
662,13531.3,1.45666,1.42196,1.36301,0.83654,0.62064,0.72395,0.47606,1.40895,1.32518,1.3961,0.00454675,0.00454675,0.00454675
663,13552,1.44916,1.39885,1.36118,0.81286,0.62766,0.73442,0.47975,1.40817,1.32243,1.39344,0.0045385,0.0045385,0.0045385
664,13572.7,1.44459,1.4071,1.35546,0.88428,0.60426,0.73327,0.48139,1.40492,1.31533,1.3903,0.00453025,0.00453025,0.00453025
665,13593.4,1.43922,1.41668,1.35149,0.85,0.61491,0.73607,0.48579,1.40247,1.31351,1.38963,0.004522,0.004522,0.004522
666,13614,1.42938,1.40758,1.34344,0.87283,0.60638,0.73657,0.48712,1.40357,1.31139,1.38927,0.00451375,0.00451375,0.00451375
667,13634.7,1.43496,1.39982,1.3469,0.88431,0.60177,0.73601,0.48592,1.40437,1.31239,1.38824,0.0045055,0.0045055,0.0045055
668,13655,1.47107,1.42914,1.37151,0.87824,0.61386,0.73623,0.48477,1.40424,1.31586,1.38769,0.00449725,0.00449725,0.00449725
669,13675.3,1.41739,1.38879,1.34072,0.86789,0.61503,0.73773,0.48669,1.40449,1.31721,1.38709,0.004489,0.004489,0.004489
670,13695.7,1.44684,1.44372,1.36121,0.8793,0.61702,0.73569,0.4895,1.40025,1.31282,1.38551,0.00448075,0.00448075,0.00448075
671,13716.4,1.49147,1.46871,1.36711,0.8574,0.6234,0.73579,0.48913,1.40035,1.30516,1.38721,0.0044725,0.0044725,0.0044725
672,13736.8,1.42965,1.38093,1.34236,0.83134,0.65023,0.74083,0.49038,1.40059,1.30259,1.38872,0.00446425,0.00446425,0.00446425
673,13757.5,1.43756,1.40054,1.35661,0.8326,0.64255,0.7445,0.49099,1.40126,1.30323,1.3896,0.004456,0.004456,0.004456
674,13778.2,1.43159,1.38574,1.33857,0.84491,0.64894,0.74419,0.49022,1.40222,1.30503,1.39002,0.00444775,0.00444775,0.00444775
675,13798.5,1.42879,1.38192,1.35096,0.82378,0.65745,0.74717,0.4919,1.39834,1.30001,1.38754,0.0044395,0.0044395,0.0044395
676,13819.1,1.44924,1.422,1.35309,0.82611,0.65702,0.74584,0.49651,1.39536,1.30027,1.38656,0.00443125,0.00443125,0.00443125
677,13839.7,1.41295,1.34916,1.34004,0.85107,0.63191,0.74755,0.49523,1.3888,1.29615,1.38289,0.004423,0.004423,0.004423
678,13860,1.44168,1.38471,1.34601,0.84974,0.6383,0.74795,0.49757,1.38173,1.29128,1.37858,0.00441475,0.00441475,0.00441475
679,13880.7,1.42612,1.38448,1.33924,0.81944,0.65661,0.74871,0.50017,1.37717,1.29065,1.37651,0.0044065,0.0044065,0.0044065
680,13901.3,1.41361,1.39297,1.3426,0.82295,0.64281,0.75035,0.50187,1.37355,1.29137,1.37387,0.00439825,0.00439825,0.00439825
681,13922,1.45391,1.42045,1.34862,0.83594,0.64468,0.74978,0.50031,1.37248,1.29148,1.37135,0.00439,0.00439,0.00439
682,13942.3,1.4543,1.37781,1.35384,0.83859,0.64894,0.75277,0.50184,1.37189,1.28672,1.36843,0.00438175,0.00438175,0.00438175
683,13963,1.42918,1.40707,1.3372,0.84594,0.65106,0.75363,0.50148,1.36885,1.28216,1.36485,0.0043735,0.0043735,0.0043735
684,13983.3,1.44819,1.41731,1.34833,0.84179,0.65106,0.75416,0.50283,1.36675,1.28075,1.36182,0.00436525,0.00436525,0.00436525
685,14004,1.39622,1.34293,1.3182,0.80652,0.66383,0.75103,0.50276,1.3616,1.2789,1.3577,0.004357,0.004357,0.004357
686,14024.4,1.40551,1.34405,1.32802,0.80779,0.6617,0.7533,0.50466,1.36055,1.27736,1.3563,0.00434875,0.00434875,0.00434875
687,14045.1,1.41115,1.33255,1.32373,0.81371,0.66596,0.75389,0.50595,1.35931,1.2755,1.35497,0.0043405,0.0043405,0.0043405
688,14065.7,1.42159,1.36612,1.33557,0.82368,0.66593,0.75576,0.50989,1.35827,1.27172,1.3554,0.00433225,0.00433225,0.00433225
689,14086.4,1.38476,1.31433,1.31771,0.83221,0.66485,0.7578,0.51107,1.35447,1.26895,1.35415,0.004324,0.004324,0.004324
690,14107.1,1.41973,1.35105,1.33244,0.82642,0.68884,0.7594,0.51256,1.35245,1.2658,1.35269,0.00431575,0.00431575,0.00431575
691,14127.7,1.4209,1.35855,1.32091,0.81257,0.69362,0.75873,0.51413,1.35028,1.26155,1.35165,0.0043075,0.0043075,0.0043075
692,14148.3,1.41066,1.35482,1.33048,0.81578,0.69723,0.7596,0.51788,1.34876,1.25982,1.3506,0.00429925,0.00429925,0.00429925
693,14169,1.4064,1.34216,1.32589,0.81487,0.69303,0.75744,0.5183,1.34834,1.25747,1.34938,0.004291,0.004291,0.004291
694,14189.7,1.38137,1.31872,1.3117,0.81449,0.68936,0.75881,0.51874,1.34675,1.25204,1.34887,0.00428275,0.00428275,0.00428275
695,14210.5,1.37785,1.31905,1.30969,0.8176,0.68936,0.75983,0.52058,1.34384,1.24566,1.34742,0.0042745,0.0042745,0.0042745
696,14231.2,1.41144,1.37101,1.33532,0.82656,0.68298,0.76261,0.51883,1.34346,1.24574,1.34554,0.00426625,0.00426625,0.00426625
697,14251.4,1.44201,1.41152,1.34483,0.83621,0.67872,0.76259,0.51952,1.34255,1.24414,1.34387,0.004258,0.004258,0.004258
698,14271.7,1.39909,1.33306,1.32636,0.83324,0.68041,0.76499,0.52044,1.3394,1.24166,1.34203,0.00424975,0.00424975,0.00424975
699,14292.4,1.38833,1.30766,1.31424,0.84037,0.6766,0.76519,0.52317,1.33787,1.23907,1.34052,0.0042415,0.0042415,0.0042415
700,14313.1,1.35335,1.27463,1.29897,0.84664,0.67447,0.76682,0.52257,1.33355,1.23398,1.33855,0.00423325,0.00423325,0.00423325
701,14333.5,1.3998,1.32019,1.32083,0.83779,0.68131,0.76664,0.52387,1.33304,1.23213,1.33864,0.004225,0.004225,0.004225
702,14354.2,1.35095,1.30862,1.30916,0.84453,0.67872,0.76835,0.52475,1.33239,1.2303,1.33777,0.00421675,0.00421675,0.00421675
703,14374.8,1.36823,1.29981,1.29788,0.8346,0.69149,0.76937,0.52345,1.32746,1.22524,1.33443,0.0042085,0.0042085,0.0042085
704,14395.1,1.37775,1.28525,1.30818,0.84944,0.68723,0.76751,0.52336,1.32582,1.22199,1.33263,0.00420025,0.00420025,0.00420025
705,14415.3,1.36872,1.29724,1.29925,0.85412,0.68936,0.76808,0.52138,1.32481,1.22016,1.33334,0.004192,0.004192,0.004192
706,14435.6,1.39643,1.31828,1.31227,0.84904,0.69362,0.77082,0.52247,1.32274,1.21779,1.33315,0.00418375,0.00418375,0.00418375
707,14455.9,1.35848,1.28446,1.3076,0.84876,0.69257,0.77106,0.52511,1.31985,1.21611,1.33275,0.0041755,0.0041755,0.0041755
708,14476.5,1.40013,1.33593,1.32221,0.86582,0.67271,0.77117,0.52581,1.31503,1.21357,1.33154,0.00416725,0.00416725,0.00416725
709,14497.2,1.3563,1.28907,1.30977,0.866,0.67447,0.77255,0.52618,1.31157,1.20647,1.32995,0.004159,0.004159,0.004159
710,14517.8,1.37574,1.33119,1.31536,0.86781,0.68443,0.77284,0.52481,1.3116,1.20076,1.32865,0.00415075,0.00415075,0.00415075
711,14538.1,1.36825,1.29546,1.31386,0.86263,0.68142,0.77385,0.52787,1.30913,1.19977,1.32595,0.0041425,0.0041425,0.0041425
712,14558.7,1.3728,1.2838,1.30475,0.87168,0.6766,0.77481,0.53058,1.30908,1.19802,1.32493,0.00413425,0.00413425,0.00413425
713,14579.3,1.38505,1.31112,1.32162,0.88324,0.67601,0.77591,0.53039,1.30699,1.19477,1.3236,0.004126,0.004126,0.004126
714,14599.5,1.35761,1.28763,1.29955,0.88126,0.68085,0.77675,0.53345,1.3039,1.18799,1.32275,0.00411775,0.00411775,0.00411775
715,14620.1,1.34635,1.28746,1.30091,0.86899,0.6766,0.77509,0.53278,1.30353,1.18593,1.32352,0.0041095,0.0041095,0.0041095
716,14640.3,1.37631,1.30221,1.31104,0.86228,0.68085,0.77238,0.53151,1.30404,1.1843,1.32358,0.00410125,0.00410125,0.00410125
717,14660.6,1.34951,1.31134,1.30662,0.86417,0.68511,0.77778,0.53162,1.30595,1.17929,1.32306,0.004093,0.004093,0.004093
718,14680.9,1.37066,1.29952,1.304,0.87846,0.68511,0.77834,0.53061,1.30617,1.17373,1.32169,0.00408475,0.00408475,0.00408475
719,14701.2,1.3585,1.28232,1.2988,0.87559,0.68298,0.77683,0.53261,1.30625,1.16811,1.32018,0.0040765,0.0040765,0.0040765
720,14721.4,1.37301,1.27781,1.31321,0.86503,0.68723,0.77937,0.53207,1.30191,1.16455,1.31824,0.00406825,0.00406825,0.00406825
721,14741.7,1.37256,1.28966,1.29621,0.86962,0.6954,0.78202,0.53284,1.30095,1.16355,1.31659,0.00406,0.00406,0.00406
722,14762,1.33275,1.25751,1.28018,0.86283,0.7,0.78388,0.53342,1.2998,1.16115,1.31628,0.00405175,0.00405175,0.00405175
723,14782.6,1.34709,1.24284,1.29901,0.86835,0.69787,0.78507,0.53482,1.29689,1.15658,1.3137,0.0040435,0.0040435,0.0040435
724,14803.1,1.32915,1.23789,1.2824,0.87542,0.68936,0.78539,0.53481,1.29336,1.1538,1.31249,0.00403525,0.00403525,0.00403525
725,14823.8,1.34312,1.25951,1.29148,0.87635,0.6786,0.78375,0.53481,1.29104,1.1524,1.31057,0.004027,0.004027,0.004027
726,14844,1.35519,1.25978,1.29624,0.86048,0.68298,0.78318,0.53558,1.2884,1.15324,1.30899,0.00401875,0.00401875,0.00401875
727,14864.7,1.3435,1.27532,1.29105,0.85144,0.68288,0.78208,0.533,1.2864,1.15135,1.30792,0.0040105,0.0040105,0.0040105
728,14885,1.33203,1.25701,1.28227,0.86259,0.68085,0.78241,0.53519,1.28509,1.14913,1.30649,0.00400225,0.00400225,0.00400225
729,14905.2,1.34899,1.28734,1.28997,0.86582,0.68647,0.78414,0.53673,1.28447,1.14928,1.30444,0.003994,0.003994,0.003994
730,14925.9,1.32473,1.23992,1.26881,0.86309,0.68404,0.78353,0.53833,1.28314,1.14927,1.30379,0.00398575,0.00398575,0.00398575
731,14946.5,1.34384,1.25756,1.29308,0.87501,0.68298,0.78456,0.53973,1.28263,1.14861,1.30252,0.0039775,0.0039775,0.0039775
732,14967.1,1.31265,1.22133,1.28012,0.88118,0.6766,0.78382,0.5399,1.28082,1.14612,1.30071,0.00396925,0.00396925,0.00396925
733,14987.8,1.34025,1.25235,1.28628,0.88642,0.6766,0.78434,0.53831,1.27977,1.14244,1.29869,0.003961,0.003961,0.003961
734,15008.2,1.3265,1.21788,1.27882,0.89146,0.67447,0.78539,0.53731,1.2768,1.13674,1.29609,0.00395275,0.00395275,0.00395275
735,15028.5,1.32083,1.2493,1.27777,0.88805,0.67511,0.78561,0.53945,1.27305,1.13101,1.29502,0.0039445,0.0039445,0.0039445
736,15048.7,1.30037,1.21194,1.25501,0.88586,0.67701,0.78772,0.54081,1.2727,1.13121,1.29475,0.00393625,0.00393625,0.00393625
737,15069.3,1.32982,1.21893,1.2812,0.88289,0.68976,0.78907,0.54152,1.27096,1.13309,1.29478,0.003928,0.003928,0.003928
738,15089.9,1.30575,1.21118,1.26431,0.89415,0.68511,0.79058,0.54238,1.26773,1.13103,1.29395,0.00391975,0.00391975,0.00391975
739,15110.6,1.3044,1.2027,1.27529,0.89398,0.68177,0.79194,0.54742,1.2652,1.12923,1.29276,0.0039115,0.0039115,0.0039115
740,15131.2,1.31702,1.23368,1.26428,0.88964,0.68609,0.79254,0.54946,1.26114,1.12712,1.29195,0.00390325,0.00390325,0.00390325
741,15151.9,1.30235,1.21826,1.26802,0.8781,0.69362,0.79313,0.55021,1.25774,1.12392,1.29016,0.003895,0.003895,0.003895
742,15172.6,1.28222,1.19618,1.2636,0.88516,0.69362,0.79318,0.5528,1.2555,1.12063,1.28857,0.00388675,0.00388675,0.00388675
743,15193.2,1.31819,1.23339,1.27579,0.88821,0.69574,0.79399,0.55398,1.25667,1.11549,1.28731,0.0038785,0.0038785,0.0038785
744,15213.9,1.32139,1.23502,1.27201,0.89948,0.68537,0.79542,0.55386,1.25275,1.1102,1.28508,0.00387025,0.00387025,0.00387025
745,15234.6,1.31731,1.2154,1.27276,0.90027,0.69141,0.79697,0.55538,1.25076,1.10583,1.28362,0.003862,0.003862,0.003862
746,15255.2,1.31434,1.23022,1.27441,0.88852,0.69362,0.79714,0.55634,1.24999,1.10415,1.28279,0.00385375,0.00385375,0.00385375
747,15275.8,1.29986,1.22409,1.26788,0.89408,0.69362,0.79803,0.55931,1.24898,1.10335,1.28253,0.0038455,0.0038455,0.0038455
748,15296.5,1.3039,1.21069,1.26137,0.90458,0.69574,0.80178,0.5605,1.24753,1.10264,1.28156,0.00383725,0.00383725,0.00383725
749,15317.1,1.28688,1.19304,1.2529,0.90747,0.68864,0.8018,0.55917,1.24663,1.10416,1.28044,0.003829,0.003829,0.003829
750,15337.4,1.31889,1.22528,1.26967,0.89553,0.69304,0.80138,0.55875,1.2463,1.10367,1.27951,0.00382075,0.00382075,0.00382075
751,15357.6,1.31375,1.22039,1.27936,0.90739,0.68723,0.80241,0.56017,1.24506,1.10055,1.27936,0.0038125,0.0038125,0.0038125
752,15378,1.28189,1.18713,1.2652,0.89923,0.68723,0.80147,0.56312,1.24351,1.09809,1.27887,0.00380425,0.00380425,0.00380425
753,15398.6,1.29059,1.19635,1.25663,0.90275,0.69362,0.80312,0.56145,1.24101,1.09644,1.27646,0.003796,0.003796,0.003796
754,15418.8,1.29233,1.1954,1.25566,0.90581,0.69571,0.80382,0.56255,1.2426,1.09725,1.27654,0.00378775,0.00378775,0.00378775
755,15439.1,1.2772,1.17714,1.25571,0.89824,0.69489,0.80399,0.56107,1.24135,1.0948,1.27527,0.0037795,0.0037795,0.0037795
756,15459.5,1.28116,1.18239,1.25275,0.89808,0.69366,0.80497,0.56151,1.23966,1.09277,1.27502,0.00377125,0.00377125,0.00377125
757,15479.9,1.27988,1.17742,1.25457,0.89579,0.69498,0.80552,0.56454,1.23646,1.09116,1.27347,0.003763,0.003763,0.003763
758,15500.6,1.29622,1.20233,1.25151,0.8983,0.69536,0.80628,0.56565,1.23388,1.08756,1.27157,0.00375475,0.00375475,0.00375475
759,15521.3,1.28813,1.17747,1.2515,0.90244,0.70213,0.80987,0.56388,1.23257,1.08515,1.26988,0.0037465,0.0037465,0.0037465
760,15541.6,1.28373,1.17395,1.25753,0.89956,0.69787,0.80917,0.5653,1.23121,1.08398,1.2678,0.00373825,0.00373825,0.00373825
761,15561.9,1.26876,1.16665,1.24887,0.89449,0.70638,0.80684,0.56481,1.22998,1.08506,1.26618,0.00373,0.00373,0.00373
762,15582.1,1.28045,1.17932,1.24698,0.89343,0.70638,0.80735,0.56391,1.23119,1.08626,1.26596,0.00372175,0.00372175,0.00372175
763,15602.4,1.30607,1.19982,1.26517,0.9067,0.70301,0.8071,0.56377,1.22954,1.08437,1.26408,0.0037135,0.0037135,0.0037135
764,15622.6,1.28591,1.1999,1.26071,0.91315,0.7,0.80986,0.56625,1.22673,1.08023,1.26208,0.00370525,0.00370525,0.00370525
765,15643.2,1.2845,1.18556,1.25905,0.91195,0.70518,0.81316,0.56743,1.22704,1.08005,1.26128,0.003697,0.003697,0.003697
766,15663.9,1.27914,1.1838,1.25459,0.91371,0.70638,0.81294,0.56964,1.22563,1.07699,1.25992,0.00368875,0.00368875,0.00368875
767,15684.5,1.27523,1.18754,1.23997,0.912,0.70638,0.81304,0.57053,1.22553,1.07602,1.25888,0.0036805,0.0036805,0.0036805
768,15705.3,1.28843,1.15793,1.24023,0.9153,0.7,0.81274,0.57146,1.22271,1.07474,1.25785,0.00367225,0.00367225,0.00367225
769,15725.9,1.2652,1.16415,1.23661,0.91018,0.71152,0.81287,0.57217,1.22209,1.07227,1.25779,0.003664,0.003664,0.003664
770,15746.6,1.24729,1.14813,1.23893,0.90006,0.71064,0.81166,0.57046,1.2211,1.07107,1.25875,0.00365575,0.00365575,0.00365575
771,15766.8,1.30021,1.18235,1.25438,0.91231,0.70838,0.81242,0.57068,1.21843,1.07116,1.25788,0.0036475,0.0036475,0.0036475
772,15787.1,1.28964,1.19999,1.2525,0.90749,0.70638,0.80997,0.57278,1.21689,1.06975,1.25757,0.00363925,0.00363925,0.00363925
773,15807.7,1.27899,1.18058,1.24351,0.89365,0.71277,0.81276,0.57484,1.21451,1.06757,1.25648,0.003631,0.003631,0.003631
774,15828.3,1.27243,1.15866,1.2399,0.89522,0.70638,0.81072,0.57319,1.21143,1.0673,1.25617,0.00362275,0.00362275,0.00362275
775,15848.5,1.27998,1.16275,1.23356,0.89686,0.70638,0.8116,0.57397,1.21012,1.06519,1.25517,0.0036145,0.0036145,0.0036145
776,15868.8,1.27437,1.18616,1.24154,0.89462,0.71277,0.81165,0.57375,1.2096,1.06323,1.25472,0.00360625,0.00360625,0.00360625
777,15889.1,1.26648,1.17032,1.24252,0.89096,0.71702,0.81364,0.57299,1.20936,1.06106,1.25392,0.003598,0.003598,0.003598
778,15909.3,1.28766,1.19075,1.24672,0.89514,0.71702,0.81361,0.57129,1.20867,1.05891,1.25288,0.00358975,0.00358975,0.00358975
779,15929.6,1.2486,1.14699,1.21628,0.89162,0.71489,0.81429,0.57283,1.20787,1.05678,1.25167,0.0035815,0.0035815,0.0035815
780,15949.9,1.25466,1.13745,1.23893,0.89011,0.72766,0.81427,0.57379,1.20713,1.05679,1.25094,0.00357325,0.00357325,0.00357325
781,15970.1,1.2615,1.15592,1.25065,0.89474,0.72343,0.81419,0.57511,1.20593,1.05574,1.24922,0.003565,0.003565,0.003565
782,15990.8,1.24495,1.13729,1.23421,0.89558,0.7234,0.81473,0.57572,1.20594,1.05588,1.24811,0.00355675,0.00355675,0.00355675
783,16011.5,1.2666,1.148,1.23413,0.90207,0.72553,0.81358,0.57686,1.20399,1.05407,1.24643,0.0035485,0.0035485,0.0035485
784,16032.2,1.25929,1.13926,1.24271,0.89997,0.72742,0.81439,0.57597,1.20314,1.05441,1.24597,0.00354025,0.00354025,0.00354025
785,16052.4,1.26518,1.14788,1.23028,0.9026,0.72949,0.81441,0.57746,1.20212,1.05431,1.24499,0.003532,0.003532,0.003532
786,16073.1,1.24141,1.15185,1.22768,0.90626,0.71998,0.81433,0.57694,1.20115,1.05323,1.24412,0.00352375,0.00352375,0.00352375
787,16093.4,1.25074,1.15048,1.22777,0.90458,0.72128,0.81539,0.57801,1.20024,1.05299,1.24341,0.0035155,0.0035155,0.0035155
788,16113.9,1.22897,1.11886,1.21783,0.90875,0.72042,0.81533,0.57753,1.19743,1.05207,1.24219,0.00350725,0.00350725,0.00350725
789,16134.2,1.25889,1.14646,1.22364,0.90666,0.72337,0.81513,0.5765,1.19516,1.05098,1.24195,0.003499,0.003499,0.003499
790,16154.5,1.26448,1.15773,1.23569,0.91175,0.72544,0.81834,0.57733,1.1946,1.05159,1.2423,0.00349075,0.00349075,0.00349075
791,16174.7,1.23714,1.09645,1.22673,0.89844,0.73408,0.8174,0.57723,1.19255,1.04961,1.24109,0.0034825,0.0034825,0.0034825
792,16195,1.24065,1.13417,1.22207,0.90492,0.73404,0.8181,0.57993,1.19032,1.05025,1.23973,0.00347425,0.00347425,0.00347425
793,16215.6,1.24111,1.13309,1.22627,0.90236,0.73404,0.81793,0.58217,1.18638,1.04791,1.23823,0.003466,0.003466,0.003466
794,16236.3,1.24799,1.13348,1.22222,0.91698,0.72847,0.81806,0.58403,1.18445,1.04515,1.23703,0.00345775,0.00345775,0.00345775
795,16256.9,1.24085,1.13307,1.22355,0.91653,0.72426,0.81824,0.58654,1.18181,1.04334,1.23603,0.0034495,0.0034495,0.0034495
796,16277.5,1.25219,1.15179,1.22653,0.90952,0.72717,0.81849,0.58607,1.17911,1.04205,1.23522,0.00344125,0.00344125,0.00344125
797,16297.8,1.231,1.10778,1.2227,0.90021,0.72939,0.81916,0.58707,1.17674,1.03959,1.23413,0.003433,0.003433,0.003433
798,16318.4,1.23739,1.11058,1.22009,0.90392,0.73191,0.82449,0.58891,1.17601,1.03792,1.233,0.00342475,0.00342475,0.00342475
799,16339.1,1.24632,1.13592,1.22695,0.90282,0.73135,0.82499,0.5896,1.17584,1.03626,1.23296,0.0034165,0.0034165,0.0034165
800,16359.7,1.23437,1.12628,1.21092,0.90275,0.73074,0.82439,0.59002,1.17485,1.03549,1.23237,0.00340825,0.00340825,0.00340825
801,16380.4,1.26614,1.1309,1.23627,0.89981,0.73404,0.82469,0.59035,1.17354,1.03397,1.23181,0.0034,0.0034,0.0034
802,16401,1.22065,1.09617,1.20836,0.89904,0.72979,0.82432,0.58987,1.17237,1.03079,1.23086,0.00339175,0.00339175,0.00339175
803,16421.3,1.24505,1.11704,1.21886,0.89961,0.73191,0.82437,0.59091,1.17006,1.02835,1.22975,0.0033835,0.0033835,0.0033835
804,16442.1,1.25199,1.12951,1.22148,0.9005,0.73169,0.82404,0.59082,1.16817,1.02579,1.2291,0.00337525,0.00337525,0.00337525
805,16462.4,1.23172,1.11264,1.21297,0.9003,0.73013,0.82501,0.59075,1.16658,1.02382,1.2285,0.003367,0.003367,0.003367
806,16482.7,1.23676,1.09444,1.20948,0.89819,0.72979,0.82524,0.59045,1.1653,1.02251,1.22844,0.00335875,0.00335875,0.00335875
807,16503,1.22055,1.11526,1.21853,0.89567,0.73066,0.82712,0.59185,1.1634,1.02097,1.22789,0.0033505,0.0033505,0.0033505
808,16523.7,1.21543,1.10762,1.21264,0.89347,0.73167,0.82769,0.59166,1.16244,1.01947,1.22762,0.00334225,0.00334225,0.00334225
809,16544,1.25257,1.12621,1.22795,0.89037,0.73617,0.8275,0.59125,1.16146,1.01978,1.22724,0.003334,0.003334,0.003334
810,16564.3,1.22686,1.09947,1.2138,0.88986,0.7392,0.82798,0.59278,1.15902,1.01988,1.22674,0.00332575,0.00332575,0.00332575
811,16585,1.21895,1.1197,1.21518,0.89453,0.7383,0.82939,0.59201,1.15753,1.02034,1.22661,0.0033175,0.0033175,0.0033175
812,16605.3,1.21974,1.11293,1.22417,0.89571,0.73099,0.8283,0.59358,1.15478,1.02052,1.22563,0.00330925,0.00330925,0.00330925
813,16626,1.22122,1.10198,1.2064,0.89595,0.72766,0.82956,0.59448,1.15244,1.0209,1.22473,0.003301,0.003301,0.003301
814,16646.6,1.19764,1.07503,1.19639,0.88956,0.73695,0.82928,0.59621,1.15291,1.02224,1.22481,0.00329275,0.00329275,0.00329275
815,16667.3,1.1973,1.07402,1.20733,0.89271,0.73404,0.83002,0.59844,1.15227,1.0206,1.22474,0.0032845,0.0032845,0.0032845
816,16688,1.22097,1.09777,1.20995,0.90063,0.73281,0.83142,0.60058,1.1508,1.01742,1.2243,0.00327625,0.00327625,0.00327625
817,16708.7,1.21955,1.09877,1.21166,0.90527,0.73199,0.83207,0.60041,1.14932,1.01373,1.22339,0.003268,0.003268,0.003268
818,16729,1.24283,1.11087,1.21693,0.90652,0.73404,0.83369,0.60033,1.14706,1.01046,1.22205,0.00325975,0.00325975,0.00325975
819,16749.7,1.22426,1.11926,1.21619,0.90536,0.73277,0.83418,0.60163,1.14407,1.00673,1.22079,0.0032515,0.0032515,0.0032515
820,16770.4,1.22,1.10042,1.21345,0.90766,0.72766,0.8338,0.60157,1.1423,1.00554,1.21977,0.00324325,0.00324325,0.00324325
821,16790.7,1.18346,1.07069,1.19583,0.90877,0.72979,0.83402,0.6015,1.14094,1.00423,1.21922,0.003235,0.003235,0.003235
822,16811,1.19126,1.06702,1.20235,0.91109,0.73191,0.83481,0.60105,1.14035,1.00398,1.2188,0.00322675,0.00322675,0.00322675
823,16831.3,1.20813,1.0774,1.20613,0.90808,0.72979,0.83437,0.60296,1.13942,1.00225,1.21752,0.0032185,0.0032185,0.0032185
824,16851.9,1.19759,1.08629,1.2009,0.90495,0.72923,0.83445,0.60248,1.13764,1.00081,1.21674,0.00321025,0.00321025,0.00321025
825,16872.2,1.23947,1.13882,1.22083,0.91489,0.73187,0.8368,0.60432,1.13712,0.99846,1.216,0.003202,0.003202,0.003202
826,16892.9,1.20416,1.07645,1.20793,0.91466,0.73191,0.83708,0.60361,1.13615,0.99681,1.21599,0.00319375,0.00319375,0.00319375
827,16913.2,1.18576,1.06544,1.18984,0.91883,0.73191,0.83771,0.60441,1.13465,0.99519,1.21536,0.0031855,0.0031855,0.0031855
828,16933.8,1.21888,1.09964,1.21273,0.91649,0.73191,0.83617,0.60401,1.13422,0.9938,1.21493,0.00317725,0.00317725,0.00317725
829,16954.1,1.18891,1.07252,1.19618,0.91501,0.72979,0.83662,0.60515,1.13342,0.99284,1.21432,0.003169,0.003169,0.003169
830,16974.7,1.19629,1.07395,1.19536,0.91446,0.72782,0.83685,0.60505,1.13228,0.99075,1.2134,0.00316075,0.00316075,0.00316075
831,16995,1.1904,1.08272,1.19446,0.91619,0.72553,0.83788,0.60575,1.13073,0.98863,1.21244,0.0031525,0.0031525,0.0031525
832,17015.7,1.18315,1.05674,1.18444,0.91923,0.72648,0.83788,0.60551,1.12957,0.98827,1.21198,0.00314425,0.00314425,0.00314425
833,17035.9,1.19087,1.05271,1.19747,0.9207,0.72766,0.83788,0.6063,1.12789,0.98658,1.21127,0.003136,0.003136,0.003136
834,17056.6,1.19687,1.07692,1.19727,0.91561,0.73404,0.83727,0.60733,1.12665,0.98574,1.21081,0.00312775,0.00312775,0.00312775
835,17077.3,1.17146,1.04778,1.18353,0.91525,0.73529,0.83731,0.60697,1.12626,0.98665,1.21002,0.0031195,0.0031195,0.0031195
836,17097.6,1.15607,1.01592,1.17873,0.91976,0.73167,0.83782,0.60621,1.12574,0.98682,1.2093,0.00311125,0.00311125,0.00311125
837,17118,1.17344,1.03743,1.18192,0.9197,0.73109,0.83836,0.60816,1.12626,0.98581,1.20907,0.003103,0.003103,0.003103
838,17138.6,1.17811,1.04787,1.18882,0.92002,0.73422,0.83875,0.60772,1.12526,0.9849,1.20782,0.00309475,0.00309475,0.00309475
839,17158.9,1.16049,1.04472,1.18129,0.91989,0.73296,0.83888,0.60834,1.12489,0.98317,1.2069,0.0030865,0.0030865,0.0030865
840,17179.6,1.158,1.02999,1.18692,0.91787,0.73708,0.83908,0.60852,1.12291,0.98109,1.20601,0.00307825,0.00307825,0.00307825
841,17200.2,1.18162,1.05904,1.19151,0.91575,0.74007,0.83974,0.60872,1.12081,0.97836,1.20554,0.00307,0.00307,0.00307
842,17220.8,1.18414,1.06607,1.19592,0.90908,0.74455,0.83999,0.60997,1.11975,0.97548,1.2046,0.00306175,0.00306175,0.00306175
843,17241.6,1.19156,1.06863,1.19024,0.9137,0.74342,0.84036,0.60986,1.11806,0.97366,1.20389,0.0030535,0.0030535,0.0030535
844,17261.8,1.19116,1.07625,1.20142,0.90909,0.74894,0.84047,0.60889,1.11668,0.97228,1.2036,0.00304525,0.00304525,0.00304525
845,17282.2,1.16726,1.0361,1.17762,0.91328,0.74894,0.84019,0.609,1.115,0.97104,1.20313,0.003037,0.003037,0.003037
846,17302.5,1.16067,1.03,1.18103,0.91341,0.74681,0.8406,0.60833,1.11478,0.97081,1.20301,0.00302875,0.00302875,0.00302875
847,17322.5,1.16093,1.01756,1.18177,0.91644,0.74255,0.84077,0.60857,1.1137,0.96955,1.20274,0.0030205,0.0030205,0.0030205
848,17342.1,1.15967,1.02755,1.18987,0.91831,0.74468,0.84103,0.60778,1.11214,0.96835,1.20164,0.00301225,0.00301225,0.00301225
849,17362.3,1.18401,1.05098,1.18142,0.92101,0.74422,0.84226,0.60902,1.11098,0.96747,1.20119,0.003004,0.003004,0.003004
850,17382.6,1.17161,1.03379,1.18328,0.92345,0.74439,0.84265,0.61046,1.10977,0.966,1.20083,0.00299575,0.00299575,0.00299575
851,17403.2,1.16959,1.0218,1.18225,0.92347,0.74459,0.84317,0.61158,1.10813,0.9647,1.20034,0.0029875,0.0029875,0.0029875
852,17423.9,1.17868,1.04334,1.18228,0.92031,0.74468,0.84316,0.61253,1.10626,0.96346,1.19959,0.00297925,0.00297925,0.00297925
853,17444.6,1.17698,1.04463,1.19012,0.91986,0.74681,0.84408,0.61222,1.10488,0.96181,1.19882,0.002971,0.002971,0.002971
854,17464.4,1.14218,1.0041,1.16376,0.92263,0.74468,0.84465,0.61223,1.10278,0.96041,1.19761,0.00296275,0.00296275,0.00296275
855,17484.8,1.14001,1.00196,1.17654,0.92374,0.74468,0.84485,0.61391,1.10063,0.95852,1.19682,0.0029545,0.0029545,0.0029545
856,17505.4,1.15768,1.03223,1.17548,0.92705,0.74681,0.84562,0.61521,1.09879,0.95791,1.19613,0.00294625,0.00294625,0.00294625
857,17526.1,1.1639,1.03679,1.17661,0.93227,0.74894,0.84825,0.61583,1.09667,0.95688,1.19513,0.002938,0.002938,0.002938
858,17546.8,1.15515,1.0225,1.17077,0.9206,0.74894,0.84813,0.61615,1.09513,0.95608,1.19437,0.00292975,0.00292975,0.00292975
859,17567.4,1.15784,1.00512,1.17251,0.92337,0.74894,0.84799,0.61608,1.09429,0.95577,1.19389,0.0029215,0.0029215,0.0029215
860,17587.7,1.15274,1.02898,1.17578,0.92617,0.74681,0.84859,0.61665,1.09252,0.95406,1.19298,0.00291325,0.00291325,0.00291325
861,17608.3,1.14655,1.00585,1.17227,0.92529,0.74894,0.84926,0.61715,1.09185,0.95282,1.19278,0.002905,0.002905,0.002905
862,17629,1.1645,1.03568,1.18326,0.92392,0.74929,0.84968,0.61793,1.09045,0.95018,1.19254,0.00289675,0.00289675,0.00289675
863,17649.6,1.15605,1.01118,1.17692,0.9264,0.74983,0.84979,0.61839,1.08984,0.94954,1.19214,0.0028885,0.0028885,0.0028885
864,17670.3,1.15888,1.02423,1.17555,0.92884,0.74985,0.85028,0.61892,1.09027,0.94948,1.19213,0.00288025,0.00288025,0.00288025
865,17690.9,1.15779,1.01814,1.18032,0.92868,0.74801,0.85042,0.6185,1.08889,0.94841,1.19145,0.002872,0.002872,0.002872
866,17711.2,1.14414,1.01615,1.16471,0.92779,0.74894,0.85303,0.61959,1.08775,0.9464,1.19054,0.00286375,0.00286375,0.00286375
867,17731.8,1.14109,1.00955,1.1661,0.92874,0.74868,0.85155,0.62086,1.08728,0.94505,1.19003,0.0028555,0.0028555,0.0028555
868,17752.4,1.1309,1.0049,1.1629,0.93108,0.74732,0.8532,0.62196,1.08602,0.94344,1.18911,0.00284725,0.00284725,0.00284725
869,17773.2,1.14173,0.9967,1.1635,0.93115,0.74821,0.85377,0.62241,1.08541,0.94232,1.18876,0.002839,0.002839,0.002839
870,17793.9,1.142,1.02014,1.17521,0.91786,0.76085,0.85183,0.62278,1.08425,0.94028,1.18795,0.00283075,0.00283075,0.00283075
871,17814.6,1.14306,1.00715,1.1607,0.91791,0.7617,0.85412,0.62467,1.08304,0.93846,1.18729,0.0028225,0.0028225,0.0028225
872,17835.2,1.14871,1.01701,1.17816,0.92453,0.75587,0.85474,0.62537,1.08228,0.93576,1.18669,0.00281425,0.00281425,0.00281425
873,17855.8,1.14677,1.01083,1.16978,0.92471,0.75783,0.85531,0.62537,1.08135,0.93322,1.18613,0.002806,0.002806,0.002806
874,17876.3,1.16019,1.01446,1.18196,0.91147,0.76666,0.85575,0.62433,1.07942,0.93145,1.18528,0.00279775,0.00279775,0.00279775
875,17896.6,1.12805,0.98445,1.15218,0.9114,0.766,0.85549,0.62537,1.07861,0.93042,1.18489,0.0027895,0.0027895,0.0027895
876,17917.4,1.15045,1.03404,1.16881,0.91649,0.76596,0.85535,0.62568,1.07848,0.92991,1.18456,0.00278125,0.00278125,0.00278125
877,17938.1,1.13759,1.00053,1.15878,0.92296,0.76465,0.85579,0.62608,1.07766,0.92848,1.18421,0.002773,0.002773,0.002773
878,17958.8,1.15102,1.00784,1.16868,0.91262,0.76809,0.85571,0.62715,1.07684,0.92709,1.18403,0.00276475,0.00276475,0.00276475
879,17979.6,1.15222,1.00865,1.16856,0.91179,0.76809,0.85579,0.6267,1.07541,0.92538,1.18348,0.0027565,0.0027565,0.0027565
880,17999.9,1.13075,1.0148,1.16477,0.9284,0.76809,0.85638,0.62726,1.07479,0.92279,1.18299,0.00274825,0.00274825,0.00274825
881,18020.6,1.1492,1.02404,1.17415,0.92832,0.76383,0.85666,0.62786,1.07502,0.9222,1.18269,0.00274,0.00274,0.00274
882,18041.3,1.13152,1.01006,1.15814,0.93058,0.76383,0.85695,0.62757,1.07486,0.92201,1.18245,0.00273175,0.00273175,0.00273175
883,18061.5,1.12358,0.99306,1.15993,0.93484,0.76315,0.85745,0.62969,1.07544,0.92101,1.18248,0.0027235,0.0027235,0.0027235
884,18082.2,1.14913,1.01359,1.16753,0.9334,0.76383,0.85758,0.62963,1.07512,0.91981,1.18216,0.00271525,0.00271525,0.00271525
885,18102.4,1.14814,1.01265,1.16941,0.9346,0.7617,0.85755,0.63067,1.07442,0.91919,1.18138,0.002707,0.002707,0.002707
886,18123,1.13585,0.98181,1.16185,0.93748,0.76596,0.85804,0.63121,1.07464,0.91803,1.1813,0.00269875,0.00269875,0.00269875
887,18143.7,1.13081,0.9744,1.15519,0.93985,0.76462,0.85824,0.63295,1.07411,0.91736,1.18066,0.0026905,0.0026905,0.0026905
888,18164.3,1.13006,0.99622,1.1537,0.93724,0.76263,0.85849,0.63329,1.0737,0.91759,1.18035,0.00268225,0.00268225,0.00268225
889,18184.9,1.13481,0.98754,1.15686,0.93445,0.7617,0.85706,0.63383,1.07243,0.91681,1.17976,0.002674,0.002674,0.002674
890,18205.5,1.12766,0.97639,1.15423,0.93228,0.76161,0.85714,0.63413,1.07114,0.91577,1.17983,0.00266575,0.00266575,0.00266575
891,18226.2,1.12474,0.99214,1.16147,0.93222,0.76084,0.85713,0.63428,1.07068,0.91515,1.17965,0.0026575,0.0026575,0.0026575
892,18246.9,1.115,0.98203,1.15007,0.9322,0.76058,0.85735,0.63479,1.06966,0.91461,1.17928,0.00264925,0.00264925,0.00264925
893,18267.6,1.11885,0.97422,1.15365,0.93246,0.76383,0.85737,0.63449,1.06926,0.91429,1.17908,0.002641,0.002641,0.002641
894,18287.8,1.10651,0.98269,1.15039,0.93729,0.76383,0.85885,0.63561,1.06931,0.91402,1.17886,0.00263275,0.00263275,0.00263275
895,18308.5,1.11878,0.97193,1.15124,0.93717,0.76161,0.85932,0.63684,1.06909,0.9132,1.17906,0.0026245,0.0026245,0.0026245
896,18329.1,1.11736,0.98516,1.16036,0.93708,0.76047,0.85973,0.63656,1.0687,0.91214,1.17885,0.00261625,0.00261625,0.00261625
897,18349.4,1.11909,0.97351,1.15394,0.93799,0.75957,0.85989,0.63704,1.06758,0.91128,1.17806,0.002608,0.002608,0.002608
898,18370,1.09708,0.95974,1.13813,0.93615,0.75957,0.8602,0.63849,1.06742,0.91065,1.17782,0.00259975,0.00259975,0.00259975
899,18390.7,1.10226,0.96215,1.15011,0.93909,0.75957,0.86065,0.63922,1.06721,0.90904,1.17722,0.0025915,0.0025915,0.0025915
900,18411.3,1.08713,0.95338,1.13009,0.9397,0.7617,0.86258,0.63889,1.06674,0.9076,1.17669,0.00258325,0.00258325,0.00258325
901,18431.6,1.08152,0.9259,1.13391,0.94716,0.75957,0.86387,0.63889,1.0659,0.90601,1.17595,0.002575,0.002575,0.002575
902,18452.4,1.12787,0.99478,1.14845,0.94518,0.75957,0.86264,0.63869,1.06578,0.90548,1.17547,0.00256675,0.00256675,0.00256675
903,18472.6,1.09579,0.96622,1.15196,0.93869,0.7617,0.8629,0.63887,1.06495,0.90433,1.17515,0.0025585,0.0025585,0.0025585
904,18493,1.11301,0.97067,1.15172,0.93799,0.7617,0.86329,0.63912,1.06484,0.90341,1.17476,0.00255025,0.00255025,0.00255025
905,18513.6,1.09034,0.96798,1.14694,0.93828,0.7617,0.86348,0.63986,1.06412,0.90224,1.1739,0.002542,0.002542,0.002542
906,18534.3,1.11577,0.97506,1.14964,0.93951,0.7617,0.86341,0.63914,1.06372,0.90174,1.17338,0.00253375,0.00253375,0.00253375
907,18554.7,1.11934,0.97514,1.15963,0.93701,0.7617,0.86351,0.63919,1.06361,0.90109,1.17268,0.0025255,0.0025255,0.0025255
908,18575.1,1.12,0.96388,1.15463,0.93802,0.7617,0.86374,0.63903,1.06361,0.90019,1.17232,0.00251725,0.00251725,0.00251725
909,18595.5,1.08902,0.95934,1.14947,0.93626,0.7617,0.86389,0.63935,1.06348,0.8993,1.17212,0.002509,0.002509,0.002509
910,18615.8,1.08776,0.94168,1.13843,0.93657,0.7617,0.86414,0.63933,1.06323,0.89857,1.17191,0.00250075,0.00250075,0.00250075
911,18636.1,1.12382,0.9674,1.15204,0.94648,0.7617,0.86432,0.6401,1.06302,0.89701,1.1717,0.0024925,0.0024925,0.0024925
912,18656.8,1.09269,0.94277,1.13964,0.94776,0.76383,0.86634,0.64034,1.06285,0.89579,1.17123,0.00248425,0.00248425,0.00248425
913,18677,1.09342,0.94234,1.13775,0.94954,0.76073,0.86625,0.64098,1.06305,0.89441,1.17162,0.002476,0.002476,0.002476
914,18697.1,1.08602,0.95258,1.13856,0.94946,0.76596,0.86653,0.64135,1.063,0.89309,1.17098,0.00246775,0.00246775,0.00246775
915,18717.2,1.09259,0.94284,1.13672,0.95241,0.7617,0.86684,0.64114,1.06177,0.89189,1.17027,0.0024595,0.0024595,0.0024595
916,18737.5,1.08542,0.93983,1.13706,0.96183,0.75745,0.86698,0.64172,1.06125,0.89061,1.16943,0.00245125,0.00245125,0.00245125
917,18758.2,1.0997,0.94111,1.13881,0.96215,0.75745,0.86731,0.64199,1.06027,0.88909,1.16897,0.002443,0.002443,0.002443
918,18778.8,1.085,0.93806,1.12915,0.94557,0.76383,0.86763,0.64181,1.0595,0.88801,1.16868,0.00243475,0.00243475,0.00243475
919,18799.1,1.11875,0.95496,1.13943,0.96303,0.75745,0.86786,0.64181,1.05894,0.88687,1.16795,0.0024265,0.0024265,0.0024265
920,18819.5,1.079,0.94028,1.13622,0.96193,0.75745,0.86786,0.64166,1.05901,0.88599,1.1676,0.00241825,0.00241825,0.00241825
921,18839.9,1.10683,0.96039,1.14785,0.96373,0.75745,0.86801,0.64148,1.05826,0.88486,1.16722,0.00241,0.00241,0.00241
922,18860.2,1.10234,0.96301,1.14311,0.95638,0.75957,0.86844,0.64276,1.05768,0.88371,1.16693,0.00240175,0.00240175,0.00240175
923,18880.9,1.0577,0.92484,1.11863,0.95529,0.75957,0.86875,0.64192,1.05742,0.8827,1.16666,0.0023935,0.0023935,0.0023935
924,18901.3,1.10099,0.96298,1.13732,0.95408,0.75957,0.86887,0.64197,1.05709,0.88169,1.16662,0.00238525,0.00238525,0.00238525
925,18921.6,1.08366,0.93659,1.12994,0.95692,0.75957,0.86907,0.64319,1.05646,0.88141,1.16618,0.002377,0.002377,0.002377
926,18942.2,1.08726,0.93503,1.13379,0.95977,0.76146,0.86939,0.64295,1.05563,0.88036,1.16601,0.00236875,0.00236875,0.00236875
927,18962.1,1.09802,0.95464,1.14521,0.95833,0.7617,0.86953,0.64318,1.05564,0.88003,1.166,0.0023605,0.0023605,0.0023605
928,18982.8,1.06737,0.92237,1.12947,0.95801,0.7617,0.86981,0.64288,1.055,0.8789,1.16575,0.00235225,0.00235225,0.00235225
929,19003.2,1.08704,0.95048,1.1353,0.95774,0.7617,0.87007,0.64266,1.05421,0.87783,1.16531,0.002344,0.002344,0.002344
930,19023.6,1.07895,0.93932,1.13111,0.9579,0.7617,0.87007,0.64307,1.05345,0.87735,1.16503,0.00233575,0.00233575,0.00233575
931,19043.7,1.07937,0.93776,1.13223,0.95855,0.7617,0.87003,0.64375,1.0525,0.87688,1.16467,0.0023275,0.0023275,0.0023275
932,19064.4,1.08773,0.95698,1.13205,0.95733,0.76375,0.87019,0.64395,1.05226,0.8766,1.16433,0.00231925,0.00231925,0.00231925
933,19085,1.08653,0.94174,1.12514,0.96291,0.7617,0.87024,0.64377,1.05188,0.8763,1.16439,0.002311,0.002311,0.002311
934,19105.4,1.05936,0.9184,1.12405,0.95925,0.76596,0.87051,0.64349,1.05107,0.87552,1.16408,0.00230275,0.00230275,0.00230275
935,19125.6,1.07481,0.92846,1.1275,0.95997,0.76538,0.87058,0.64377,1.05014,0.87538,1.16369,0.0022945,0.0022945,0.0022945
936,19145.9,1.07823,0.93999,1.12864,0.96155,0.76596,0.87049,0.64467,1.04941,0.87505,1.16346,0.00228625,0.00228625,0.00228625
937,19166.6,1.06631,0.92305,1.12716,0.96505,0.76379,0.87087,0.64432,1.04815,0.87459,1.1631,0.002278,0.002278,0.002278
938,19186.9,1.07145,0.9368,1.12612,0.96083,0.76383,0.87049,0.64552,1.04751,0.87455,1.16286,0.00226975,0.00226975,0.00226975
939,19207.6,1.04965,0.90849,1.11872,0.96165,0.76383,0.87061,0.64608,1.04705,0.87434,1.16253,0.0022615,0.0022615,0.0022615
940,19228.3,1.06461,0.91664,1.12589,0.96243,0.76311,0.87102,0.64665,1.04658,0.87433,1.16227,0.00225325,0.00225325,0.00225325
941,19248.9,1.08794,0.94296,1.13713,0.96237,0.7618,0.87135,0.64649,1.04652,0.8733,1.16195,0.002245,0.002245,0.002245
942,19269.2,1.07377,0.92636,1.13026,0.96439,0.7617,0.87157,0.64656,1.04636,0.87306,1.16193,0.00223675,0.00223675,0.00223675
943,19289.5,1.0765,0.93357,1.12383,0.96282,0.7617,0.87183,0.64748,1.04533,0.87293,1.16171,0.0022285,0.0022285,0.0022285
944,19310.1,1.06813,0.91832,1.1279,0.96504,0.76354,0.87202,0.64728,1.04455,0.87296,1.16117,0.00222025,0.00222025,0.00222025
945,19330.4,1.06591,0.91744,1.12123,0.96499,0.76383,0.87227,0.64729,1.04403,0.87222,1.16072,0.002212,0.002212,0.002212
946,19350.7,1.06402,0.92215,1.12192,0.96329,0.76383,0.87237,0.64689,1.04389,0.87136,1.16041,0.00220375,0.00220375,0.00220375
947,19371,1.05295,0.91377,1.11867,0.96296,0.76383,0.87281,0.64777,1.04313,0.8708,1.15994,0.0021955,0.0021955,0.0021955
948,19391.7,1.07034,0.91649,1.13203,0.96258,0.76383,0.87278,0.64753,1.04216,0.87028,1.15937,0.00218725,0.00218725,0.00218725
949,19412.1,1.0699,0.93585,1.12874,0.96288,0.76383,0.87307,0.64791,1.0418,0.86953,1.15913,0.002179,0.002179,0.002179
950,19432.7,1.05098,0.91707,1.11448,0.96251,0.76467,0.87316,0.6482,1.04156,0.8696,1.15885,0.00217075,0.00217075,0.00217075
951,19453.4,1.06467,0.92046,1.11988,0.96172,0.76596,0.87297,0.64815,1.04073,0.86908,1.15832,0.0021625,0.0021625,0.0021625
952,19473.7,1.04804,0.90672,1.12128,0.95952,0.76596,0.87323,0.6484,1.03976,0.86826,1.1577,0.00215425,0.00215425,0.00215425
953,19494.4,1.0748,0.91654,1.13528,0.95867,0.76596,0.87363,0.64814,1.0392,0.86746,1.15727,0.002146,0.002146,0.002146
954,19514.7,1.04558,0.90823,1.11139,0.96198,0.76809,0.87632,0.64873,1.03889,0.8666,1.15689,0.00213775,0.00213775,0.00213775
955,19535.3,1.05021,0.89343,1.11311,0.95757,0.76836,0.87654,0.6499,1.03822,0.86574,1.15648,0.0021295,0.0021295,0.0021295
956,19556,1.04131,0.90196,1.11226,0.96022,0.77029,0.8766,0.6504,1.03759,0.86463,1.15613,0.00212125,0.00212125,0.00212125
957,19576.6,1.04787,0.89899,1.11624,0.96022,0.77021,0.87681,0.65053,1.03781,0.86321,1.15584,0.002113,0.002113,0.002113
958,19597.3,1.05183,0.91538,1.12345,0.95972,0.77234,0.87716,0.65021,1.03669,0.86262,1.15487,0.00210475,0.00210475,0.00210475
959,19617.5,1.03706,0.87878,1.10626,0.96144,0.77021,0.87726,0.65014,1.03627,0.86218,1.15447,0.0020965,0.0020965,0.0020965
960,19637.8,1.03912,0.90189,1.11479,0.96279,0.7708,0.87743,0.65103,1.03541,0.86144,1.15388,0.00208825,0.00208825,0.00208825
961,19658.5,1.05011,0.88887,1.11075,0.96542,0.77221,0.87787,0.65147,1.03505,0.86086,1.15373,0.00208,0.00208,0.00208
962,19679.2,1.05127,0.90099,1.1101,0.96543,0.77244,0.87762,0.65156,1.03476,0.86037,1.15338,0.00207175,0.00207175,0.00207175
963,19699.9,1.03591,0.89346,1.10909,0.96799,0.77197,0.87774,0.65182,1.03401,0.85923,1.15279,0.0020635,0.0020635,0.0020635
964,19720.6,1.04591,0.89371,1.11486,0.96799,0.77202,0.87791,0.65221,1.03335,0.85809,1.15238,0.00205525,0.00205525,0.00205525
965,19741.3,1.05597,0.92541,1.12108,0.96813,0.77559,0.87824,0.65183,1.03307,0.8578,1.15214,0.002047,0.002047,0.002047
966,19761.7,1.0542,0.91134,1.11715,0.9682,0.77724,0.87847,0.65209,1.03297,0.85697,1.15238,0.00203875,0.00203875,0.00203875
967,19781.9,1.03853,0.88845,1.11383,0.96618,0.7766,0.87853,0.65279,1.03146,0.85558,1.15157,0.0020305,0.0020305,0.0020305
968,19802.6,1.04286,0.88419,1.10413,0.96624,0.77872,0.87863,0.65334,1.03124,0.85434,1.15092,0.00202225,0.00202225,0.00202225
969,19823.4,1.05648,0.91053,1.12132,0.96628,0.77872,0.87861,0.65294,1.03053,0.85378,1.15036,0.002014,0.002014,0.002014
970,19843.6,1.03123,0.89967,1.11319,0.96804,0.77872,0.87855,0.6527,1.02913,0.85384,1.14965,0.00200575,0.00200575,0.00200575
971,19863.9,1.04573,0.89923,1.10713,0.96857,0.77872,0.87883,0.65314,1.02869,0.85272,1.14913,0.0019975,0.0019975,0.0019975
972,19884.3,1.05145,0.91126,1.11882,0.97115,0.77872,0.87894,0.65315,1.02791,0.85196,1.14877,0.00198925,0.00198925,0.00198925
973,19904.6,1.05532,0.91727,1.11733,0.96833,0.78085,0.87917,0.65296,1.02697,0.8521,1.14805,0.001981,0.001981,0.001981
974,19924.9,1.03651,0.89676,1.1151,0.97036,0.78085,0.87959,0.65307,1.02598,0.8511,1.14749,0.00197275,0.00197275,0.00197275
975,19945.2,1.03721,0.90012,1.11096,0.9709,0.78085,0.87988,0.65448,1.02565,0.85061,1.14743,0.0019645,0.0019645,0.0019645
976,19965.9,1.04365,0.89284,1.1055,0.96619,0.78085,0.87978,0.65379,1.02525,0.84976,1.14726,0.00195625,0.00195625,0.00195625
977,19986.2,1.03224,0.88442,1.1065,0.96673,0.78085,0.88021,0.6537,1.02499,0.84903,1.14657,0.001948,0.001948,0.001948
978,20006.5,1.02845,0.86993,1.10094,0.96606,0.78085,0.88053,0.6551,1.02448,0.84811,1.1461,0.00193975,0.00193975,0.00193975
979,20027.1,1.02037,0.86725,1.09689,0.9647,0.78511,0.88052,0.65546,1.02383,0.84784,1.14583,0.0019315,0.0019315,0.0019315
980,20047.8,1.03268,0.89192,1.11081,0.96465,0.78511,0.88069,0.65524,1.02366,0.84696,1.14553,0.00192325,0.00192325,0.00192325
981,20068.1,1.03122,0.88071,1.10262,0.966,0.78577,0.88115,0.65584,1.0239,0.8464,1.14543,0.001915,0.001915,0.001915
982,20088.7,1.03423,0.88402,1.10929,0.96595,0.78457,0.88117,0.65638,1.02349,0.8466,1.14531,0.00190675,0.00190675,0.00190675
983,20109.5,1.02484,0.87342,1.1114,0.96594,0.78439,0.88127,0.65774,1.02347,0.84601,1.1448,0.0018985,0.0018985,0.0018985
984,20130.3,1.02305,0.88585,1.11216,0.96593,0.78427,0.88131,0.65729,1.0235,0.84543,1.14464,0.00189025,0.00189025,0.00189025
985,20150.6,1.02191,0.88457,1.10069,0.96593,0.7843,0.88146,0.65785,1.02308,0.84495,1.14439,0.001882,0.001882,0.001882
986,20171.3,1.03874,0.87664,1.11112,0.96594,0.78434,0.88138,0.65874,1.02312,0.84481,1.14443,0.00187375,0.00187375,0.00187375
987,20191.9,1.03003,0.87862,1.10513,0.96594,0.7845,0.88164,0.65857,1.02287,0.84502,1.1444,0.0018655,0.0018655,0.0018655
988,20212.2,1.02947,0.87848,1.0934,0.96597,0.78522,0.88088,0.65854,1.0227,0.84464,1.14416,0.00185725,0.00185725,0.00185725
989,20232.5,1.02287,0.86403,1.10251,0.96599,0.78566,0.88106,0.65865,1.02275,0.8441,1.14392,0.001849,0.001849,0.001849
990,20252.8,1.02477,0.87804,1.10315,0.96597,0.78513,0.88204,0.65849,1.02234,0.8442,1.1436,0.00184075,0.00184075,0.00184075
991,20273.1,1.0325,0.88598,1.1019,0.96588,0.78307,0.88193,0.65816,1.02244,0.84439,1.14357,0.0018325,0.0018325,0.0018325
992,20293.3,1.01925,0.87237,1.10036,0.96845,0.78374,0.88171,0.65866,1.02174,0.84451,1.14332,0.00182425,0.00182425,0.00182425
993,20313.7,1.01839,0.8711,1.09281,0.96846,0.78398,0.88167,0.65952,1.0217,0.84483,1.14334,0.001816,0.001816,0.001816
994,20334.4,1.01964,0.88261,1.10899,0.96909,0.78298,0.88172,0.65936,1.02158,0.84418,1.14284,0.00180775,0.00180775,0.00180775
995,20354.7,1.0382,0.8903,1.10963,0.96614,0.78298,0.88149,0.65988,1.02139,0.84359,1.14264,0.0017995,0.0017995,0.0017995
996,20375.3,1.04046,0.88699,1.1016,0.96844,0.78354,0.8819,0.66002,1.02094,0.8435,1.14235,0.00179125,0.00179125,0.00179125
997,20395.9,1.01635,0.86274,1.09373,0.96846,0.78387,0.88196,0.6606,1.02058,0.8432,1.14207,0.001783,0.001783,0.001783
998,20416.7,0.99471,0.84797,1.08655,0.96591,0.78367,0.88162,0.66052,1.02048,0.84255,1.14189,0.00177475,0.00177475,0.00177475
999,20437,1.02006,0.87152,1.10606,0.96844,0.78341,0.88176,0.66115,1.01991,0.84238,1.14144,0.0017665,0.0017665,0.0017665
1000,20457.7,1.02431,0.87254,1.09063,0.96908,0.78085,0.88189,0.66119,1.01962,0.84177,1.14108,0.00175825,0.00175825,0.00175825
1001,20478.4,1.01487,0.87108,1.09225,0.96914,0.78085,0.88198,0.66127,1.01978,0.8418,1.14099,0.00175,0.00175,0.00175
1002,20499.1,1.02502,0.86992,1.09842,0.97352,0.78233,0.88199,0.66084,1.02014,0.84172,1.14098,0.00174175,0.00174175,0.00174175
1003,20519.4,1.03365,0.89027,1.10577,0.97352,0.78227,0.88208,0.66066,1.0205,0.84163,1.14084,0.0017335,0.0017335,0.0017335
1004,20539.6,0.98344,0.84423,1.08424,0.97476,0.78298,0.88214,0.66083,1.02053,0.84182,1.14061,0.00172525,0.00172525,0.00172525
1005,20560,1.03186,0.89106,1.11446,0.97572,0.78298,0.88227,0.66155,1.02058,0.84152,1.14061,0.001717,0.001717,0.001717
1006,20580.6,1.01994,0.86499,1.08964,0.9761,0.7822,0.88239,0.66162,1.0206,0.84186,1.14067,0.00170875,0.00170875,0.00170875
1007,20601.4,1.00916,0.85576,1.08888,0.97767,0.78298,0.88254,0.66211,1.02014,0.84137,1.14034,0.0017005,0.0017005,0.0017005
1008,20622,1.01109,0.85917,1.10052,0.97795,0.78298,0.88266,0.66222,1.01992,0.841,1.14018,0.00169225,0.00169225,0.00169225
1009,20642.7,1.01232,0.86022,1.09091,0.97923,0.78298,0.88296,0.66366,1.0197,0.84041,1.13991,0.001684,0.001684,0.001684
1010,20663.5,1.00927,0.86095,1.09365,0.98118,0.78298,0.88297,0.66437,1.01922,0.83905,1.13963,0.00167575,0.00167575,0.00167575
1011,20684.1,0.99297,0.85561,1.0808,0.98093,0.78298,0.88305,0.66425,1.01909,0.83919,1.13963,0.0016675,0.0016675,0.0016675
1012,20704.6,0.99131,0.84523,1.08203,0.98278,0.78298,0.8831,0.66458,1.01856,0.83853,1.13937,0.00165925,0.00165925,0.00165925
1013,20725.2,1.00395,0.85578,1.08877,0.98342,0.78298,0.88328,0.66474,1.01801,0.83806,1.13913,0.001651,0.001651,0.001651
1014,20745.9,0.99586,0.86519,1.08605,0.98394,0.78217,0.88484,0.66549,1.0177,0.83797,1.13886,0.00164275,0.00164275,0.00164275
1015,20766.5,1.00639,0.8652,1.09039,0.98394,0.78208,0.88487,0.66581,1.01764,0.83787,1.13865,0.0016345,0.0016345,0.0016345
1016,20787.2,1.01692,0.86146,1.09607,0.98393,0.78159,0.88509,0.66534,1.01753,0.83741,1.13832,0.00162625,0.00162625,0.00162625
1017,20807.5,0.99007,0.85788,1.08387,0.9847,0.78085,0.88514,0.66462,1.01718,0.83664,1.13791,0.001618,0.001618,0.001618
1018,20827.9,1.00151,0.85229,1.09581,0.98501,0.78085,0.88477,0.66547,1.01683,0.83597,1.13757,0.00160975,0.00160975,0.00160975
1019,20848.2,1.01594,0.88239,1.10144,0.98393,0.78143,0.88479,0.66524,1.01632,0.83554,1.13728,0.0016015,0.0016015,0.0016015
1020,20868.4,1.02132,0.8703,1.09086,0.98393,0.78171,0.88492,0.66559,1.01576,0.83486,1.13704,0.00159325,0.00159325,0.00159325
1021,20888.8,0.97503,0.82678,1.07884,0.98431,0.78085,0.88497,0.66563,1.01548,0.83452,1.13684,0.001585,0.001585,0.001585
1022,20909.1,1.01595,0.87077,1.09892,0.98656,0.78085,0.88498,0.66606,1.01492,0.83404,1.13638,0.00157675,0.00157675,0.00157675
1023,20929.8,0.97825,0.83226,1.08269,0.98656,0.7812,0.88505,0.66613,1.01458,0.83372,1.13611,0.0015685,0.0015685,0.0015685
1024,20950.2,0.97589,0.83633,1.09082,0.98659,0.78286,0.88522,0.66615,1.01428,0.83333,1.13573,0.00156025,0.00156025,0.00156025
1025,20970.9,0.9893,0.84717,1.07886,0.9866,0.78338,0.88542,0.666,1.01422,0.83266,1.13555,0.001552,0.001552,0.001552
1026,20991.2,0.97545,0.82543,1.07825,0.98662,0.78424,0.88537,0.66666,1.01422,0.83245,1.13541,0.00154375,0.00154375,0.00154375
1027,21011.9,0.98692,0.85151,1.08299,0.98659,0.78256,0.88535,0.66657,1.01441,0.83169,1.13526,0.0015355,0.0015355,0.0015355
1028,21032.2,1.00244,0.84465,1.08843,0.98431,0.78511,0.88542,0.66674,1.0144,0.83122,1.13496,0.00152725,0.00152725,0.00152725
1029,21052.9,0.9915,0.84395,1.08203,0.98461,0.78511,0.88546,0.66718,1.01397,0.83086,1.13459,0.001519,0.001519,0.001519
1030,21073.5,0.97201,0.83106,1.07703,0.98541,0.78511,0.88551,0.66666,1.01359,0.83054,1.13425,0.00151075,0.00151075,0.00151075
1031,21093.8,0.97185,0.8231,1.07424,0.98418,0.78298,0.88563,0.66738,1.01361,0.83017,1.13411,0.0015025,0.0015025,0.0015025
1032,21114.6,0.99846,0.83952,1.08717,0.98184,0.78298,0.8857,0.66755,1.01322,0.83008,1.13386,0.00149425,0.00149425,0.00149425
1033,21135.3,0.99993,0.85265,1.08306,0.98148,0.78936,0.886,0.66731,1.01324,0.82967,1.13365,0.001486,0.001486,0.001486
1034,21155.6,0.99678,0.86309,1.0889,0.98117,0.78936,0.88628,0.66769,1.01289,0.82918,1.13329,0.00147775,0.00147775,0.00147775
1035,21176.3,0.98738,0.84317,1.08174,0.98087,0.78936,0.88645,0.66769,1.01244,0.82828,1.13274,0.0014695,0.0014695,0.0014695
1036,21197,0.99008,0.83812,1.08141,0.98189,0.78511,0.88665,0.66796,1.01183,0.82749,1.13224,0.00146125,0.00146125,0.00146125
1037,21217.6,0.99776,0.85263,1.09036,0.98404,0.78705,0.88681,0.66823,1.0114,0.82688,1.13195,0.001453,0.001453,0.001453
1038,21238.3,0.99615,0.84908,1.08812,0.9806,0.78936,0.88701,0.66819,1.01094,0.82641,1.13169,0.00144475,0.00144475,0.00144475
1039,21258.7,0.9719,0.828,1.07787,0.98073,0.78936,0.88703,0.6685,1.01101,0.8262,1.13149,0.0014365,0.0014365,0.0014365
1040,21279.4,1.00783,0.8526,1.08587,0.9802,0.78936,0.88722,0.66856,1.01043,0.82561,1.13109,0.00142825,0.00142825,0.00142825
1041,21300.1,0.99937,0.83879,1.07563,0.98027,0.78936,0.88743,0.6693,1.01001,0.82517,1.13072,0.00142,0.00142,0.00142
1042,21320.8,0.96722,0.82954,1.07656,0.9805,0.78936,0.88739,0.66932,1.00939,0.82471,1.13036,0.00141175,0.00141175,0.00141175
1043,21341.5,1.0067,0.87297,1.09618,0.98298,0.78936,0.88773,0.6694,1.00923,0.82465,1.13003,0.0014035,0.0014035,0.0014035
1044,21362.2,0.9632,0.81859,1.07307,0.9841,0.7901,0.88785,0.67019,1.00884,0.82454,1.12973,0.00139525,0.00139525,0.00139525
1045,21382.9,0.97406,0.8283,1.07721,0.98675,0.79231,0.88843,0.67053,1.00798,0.82411,1.12936,0.001387,0.001387,0.001387
1046,21403.7,0.96783,0.82656,1.07148,0.98675,0.79197,0.88845,0.67046,1.00738,0.8241,1.12851,0.00137875,0.00137875,0.00137875
1047,21424,0.98252,0.83666,1.08104,0.98674,0.79151,0.88842,0.67043,1.00684,0.82358,1.12797,0.0013705,0.0013705,0.0013705
1048,21444.3,0.97566,0.81803,1.07823,0.98751,0.79149,0.8885,0.67069,1.00702,0.82329,1.12781,0.00136225,0.00136225,0.00136225
1049,21464.9,0.98655,0.83208,1.07867,0.98763,0.79149,0.88856,0.6704,1.00657,0.82325,1.12753,0.001354,0.001354,0.001354
1050,21485.3,0.95734,0.81306,1.072,0.98674,0.79151,0.88847,0.67105,1.00634,0.8229,1.12735,0.00134575,0.00134575,0.00134575
1051,21506,0.96642,0.81971,1.07901,0.98674,0.79176,0.88854,0.67153,1.00638,0.82243,1.12742,0.0013375,0.0013375,0.0013375
1052,21526.6,0.98526,0.83347,1.07559,0.98675,0.79248,0.88865,0.67137,1.006,0.82234,1.12718,0.00132925,0.00132925,0.00132925
1053,21546.9,0.96817,0.82349,1.07334,0.98676,0.79315,0.88877,0.6718,1.00555,0.82221,1.12693,0.001321,0.001321,0.001321
1054,21567.5,0.98222,0.81893,1.0746,0.98677,0.79323,0.88882,0.67165,1.00523,0.82143,1.12657,0.00131275,0.00131275,0.00131275
1055,21587.8,0.99357,0.8366,1.08568,0.98676,0.79312,0.88895,0.67212,1.00508,0.82109,1.1266,0.0013045,0.0013045,0.0013045
1056,21608.5,0.98565,0.83257,1.07989,0.98593,0.79362,0.88915,0.67153,1.00521,0.82105,1.12644,0.00129625,0.00129625,0.00129625
1057,21628.5,0.93282,0.79571,1.06668,0.98677,0.79341,0.88917,0.67167,1.00521,0.82084,1.12652,0.001288,0.001288,0.001288
1058,21648.5,0.95828,0.81686,1.07039,0.98677,0.79345,0.88934,0.67197,1.00528,0.82005,1.1268,0.00127975,0.00127975,0.00127975
1059,21668.1,0.93277,0.78417,1.05735,0.98495,0.79149,0.88941,0.6718,1.00508,0.81995,1.12666,0.0012715,0.0012715,0.0012715
1060,21687.7,0.97113,0.81139,1.06272,0.98439,0.79149,0.88929,0.67214,1.00466,0.81934,1.12646,0.00126325,0.00126325,0.00126325
1061,21708.4,0.96324,0.82718,1.07194,0.98433,0.79149,0.88936,0.67206,1.00452,0.81921,1.12636,0.001255,0.001255,0.001255
1062,21728.8,0.95134,0.80374,1.06164,0.98457,0.79149,0.8894,0.67187,1.00446,0.81884,1.1263,0.00124675,0.00124675,0.00124675
1063,21749,0.96459,0.8098,1.06896,0.98455,0.79149,0.88948,0.6715,1.00437,0.81873,1.12627,0.0012385,0.0012385,0.0012385
1064,21769.4,0.95158,0.80442,1.06236,0.98448,0.79149,0.88957,0.67149,1.00385,0.8186,1.12589,0.00123025,0.00123025,0.00123025
1065,21789.7,0.9686,0.82778,1.07102,0.98436,0.79149,0.88962,0.67212,1.00382,0.81833,1.12578,0.001222,0.001222,0.001222
1066,21810.4,0.96408,0.80676,1.07076,0.98454,0.79149,0.88976,0.67187,1.00357,0.81767,1.12563,0.00121375,0.00121375,0.00121375
1067,21830.7,0.93406,0.78266,1.05563,0.98416,0.7934,0.88969,0.67219,1.00315,0.81773,1.12536,0.0012055,0.0012055,0.0012055
1068,21851.3,0.97068,0.83053,1.07635,0.9834,0.79362,0.88987,0.67178,1.00294,0.81736,1.12524,0.00119725,0.00119725,0.00119725
1069,21871.7,0.97375,0.81923,1.06695,0.98676,0.79277,0.89019,0.67223,1.00273,0.81703,1.12506,0.001189,0.001189,0.001189
1070,21892.4,0.97287,0.82626,1.07292,0.98676,0.79287,0.89028,0.67233,1.00261,0.81657,1.12484,0.00118075,0.00118075,0.00118075
1071,21912.9,0.97124,0.81664,1.07065,0.98647,0.79362,0.89028,0.67239,1.00253,0.81622,1.12464,0.0011725,0.0011725,0.0011725
1072,21933.6,0.96998,0.82957,1.07184,0.98692,0.79362,0.89034,0.67275,1.00238,0.81587,1.12437,0.00116425,0.00116425,0.00116425
1073,21954.3,0.95127,0.80617,1.06465,0.98722,0.79362,0.8904,0.67305,1.00214,0.81595,1.12421,0.001156,0.001156,0.001156
1074,21974.9,0.9462,0.7975,1.06686,0.98941,0.79534,0.89031,0.67297,1.00165,0.81562,1.12398,0.00114775,0.00114775,0.00114775
1075,21995.2,0.94689,0.80731,1.06013,0.98942,0.79564,0.89033,0.673,1.00142,0.81521,1.12376,0.0011395,0.0011395,0.0011395
1076,22015.6,0.95014,0.80439,1.06985,0.98751,0.79574,0.89037,0.67396,1.00125,0.81504,1.12349,0.00113125,0.00113125,0.00113125
1077,22036.3,0.96001,0.80345,1.06507,0.98781,0.79574,0.89039,0.67404,1.00102,0.81456,1.12315,0.001123,0.001123,0.001123
1078,22056.8,0.95727,0.7987,1.06691,0.98763,0.79574,0.89049,0.67415,1.00067,0.81416,1.12306,0.00111475,0.00111475,0.00111475
1079,22077.5,0.94398,0.80165,1.06605,0.98786,0.79574,0.89058,0.67421,1.00042,0.81392,1.12289,0.0011065,0.0011065,0.0011065
1080,22098.2,0.97469,0.82002,1.07631,0.98777,0.79574,0.89061,0.67426,1.00025,0.81328,1.12268,0.00109825,0.00109825,0.00109825
1081,22118.9,0.95155,0.80837,1.0675,0.98802,0.79574,0.89057,0.67491,1.00029,0.81329,1.12244,0.00109,0.00109,0.00109
1082,22139.5,0.95802,0.82252,1.07265,0.98807,0.79574,0.89059,0.67451,0.99993,0.81273,1.12218,0.00108175,0.00108175,0.00108175
1083,22159.9,0.95168,0.80454,1.06624,0.98815,0.79574,0.8908,0.67429,0.99934,0.81276,1.12176,0.0010735,0.0010735,0.0010735
1084,22180.2,0.92833,0.78769,1.05667,0.98944,0.79711,0.89095,0.67457,0.99931,0.81218,1.12162,0.00106525,0.00106525,0.00106525
1085,22200.3,0.92577,0.78711,1.05456,0.98944,0.7978,0.89109,0.67544,0.99885,0.8123,1.1213,0.001057,0.001057,0.001057
1086,22221,0.92485,0.78508,1.05913,0.98772,0.79787,0.89103,0.67562,0.99867,0.81182,1.1211,0.00104875,0.00104875,0.00104875
1087,22241.6,0.94367,0.80127,1.06224,0.98739,0.79787,0.89123,0.67594,0.99803,0.81152,1.12085,0.0010405,0.0010405,0.0010405
1088,22262.3,0.93417,0.78567,1.06514,0.98785,0.79787,0.89127,0.67544,0.99767,0.81155,1.12071,0.00103225,0.00103225,0.00103225
1089,22282.7,0.94005,0.7985,1.0645,0.98792,0.79787,0.89132,0.67545,0.99768,0.81111,1.1206,0.001024,0.001024,0.001024
1090,22303,0.95318,0.79848,1.06209,0.98744,0.79787,0.89141,0.67484,0.99731,0.81104,1.12035,0.00101575,0.00101575,0.00101575
1091,22323.3,0.92783,0.7807,1.06331,0.98736,0.79787,0.89145,0.67472,0.9971,0.81041,1.12023,0.0010075,0.0010075,0.0010075
1092,22343.6,0.94502,0.79367,1.05786,0.9875,0.79787,0.89149,0.67448,0.99692,0.81026,1.12004,0.00099925,0.00099925,0.00099925
1093,22363.9,0.94664,0.8005,1.06575,0.98762,0.79787,0.89155,0.67471,0.99671,0.8102,1.11985,0.000991,0.000991,0.000991
1094,22384.3,0.94218,0.7912,1.05751,0.98798,0.79787,0.89179,0.67478,0.99682,0.80954,1.11976,0.00098275,0.00098275,0.00098275
1095,22404.6,0.94875,0.79914,1.06456,0.98823,0.79787,0.89187,0.67473,0.99671,0.80952,1.11974,0.0009745,0.0009745,0.0009745
1096,22425,0.9314,0.80336,1.05889,0.98821,0.79787,0.89192,0.67498,0.99646,0.8092,1.11947,0.00096625,0.00096625,0.00096625
1097,22445.4,0.93265,0.79601,1.06083,0.98775,0.79787,0.89191,0.6745,0.99602,0.80924,1.11899,0.000958,0.000958,0.000958
1098,22465.7,0.93408,0.79832,1.05865,0.98773,0.79787,0.89194,0.67419,0.99553,0.80806,1.11864,0.00094975,0.00094975,0.00094975
1099,22485.8,0.92084,0.78564,1.04739,0.98764,0.79787,0.892,0.67503,0.99515,0.8076,1.11842,0.0009415,0.0009415,0.0009415
1100,22506.2,0.9463,0.78915,1.06232,0.98827,0.79787,0.89202,0.67537,0.99503,0.80731,1.11828,0.00093325,0.00093325,0.00093325
1101,22526.5,0.92553,0.7791,1.05555,0.98761,0.79787,0.89173,0.67514,0.99467,0.80701,1.11792,0.000925,0.000925,0.000925
1102,22546.9,0.92933,0.78349,1.05548,0.98786,0.79787,0.8918,0.67543,0.99446,0.80668,1.11779,0.00091675,0.00091675,0.00091675
1103,22567.2,0.92333,0.78899,1.0607,0.98806,0.79787,0.89185,0.6752,0.99443,0.80638,1.11759,0.0009085,0.0009085,0.0009085
1104,22587.5,0.92625,0.78317,1.05308,0.98813,0.79787,0.89195,0.6758,0.99413,0.80612,1.11741,0.00090025,0.00090025,0.00090025
1105,22607.8,0.93375,0.79835,1.05422,0.98843,0.79787,0.89201,0.67556,0.99347,0.80578,1.11709,0.000892,0.000892,0.000892
1106,22628.1,0.91885,0.77328,1.04856,0.98859,0.79787,0.89205,0.67528,0.99341,0.80543,1.11689,0.00088375,0.00088375,0.00088375
1107,22648.4,0.95059,0.80123,1.0618,0.98858,0.79787,0.89216,0.67582,0.9933,0.80509,1.11678,0.0008755,0.0008755,0.0008755
1108,22668.7,0.92105,0.78942,1.05326,0.9884,0.79787,0.89215,0.67582,0.99299,0.80484,1.11654,0.00086725,0.00086725,0.00086725
1109,22689.1,0.93379,0.78955,1.05262,0.9834,0.79787,0.89227,0.67538,0.99314,0.80472,1.11642,0.000859,0.000859,0.000859
1110,22709.4,0.92867,0.77784,1.05401,0.98467,0.79787,0.89225,0.67517,0.99277,0.80456,1.11609,0.00085075,0.00085075,0.00085075
1111,22729.7,0.92253,0.77343,1.04933,0.98506,0.79787,0.89222,0.67508,0.9926,0.80436,1.11595,0.0008425,0.0008425,0.0008425
1112,22750.1,0.94349,0.79515,1.06096,0.98572,0.79787,0.89289,0.67483,0.99211,0.80401,1.11574,0.00083425,0.00083425,0.00083425
1113,22770.5,0.92124,0.78136,1.05182,0.98569,0.79787,0.89296,0.67493,0.9918,0.80375,1.11568,0.000826,0.000826,0.000826
1114,22790.8,0.91159,0.77035,1.04735,0.98582,0.79787,0.89304,0.67537,0.99166,0.80357,1.1154,0.00081775,0.00081775,0.00081775
1115,22810.9,0.91643,0.76913,1.04052,0.98631,0.79787,0.89304,0.67538,0.99149,0.80328,1.11516,0.0008095,0.0008095,0.0008095
1116,22830.8,0.9207,0.77409,1.05027,0.98583,0.79787,0.89323,0.67553,0.99137,0.80305,1.1149,0.00080125,0.00080125,0.00080125
1117,22851.2,0.92698,0.79123,1.05841,0.98595,0.79787,0.89337,0.67513,0.99118,0.80273,1.11474,0.000793,0.000793,0.000793
1118,22871.5,0.91218,0.76575,1.05266,0.98593,0.79787,0.89351,0.67575,0.99091,0.8024,1.11447,0.00078475,0.00078475,0.00078475
1119,22892.2,0.92268,0.7788,1.05602,0.98633,0.79787,0.8936,0.67565,0.99065,0.80206,1.11432,0.0007765,0.0007765,0.0007765
1120,22912.5,0.91138,0.77056,1.04565,0.9863,0.79787,0.89392,0.67576,0.99046,0.80162,1.11417,0.00076825,0.00076825,0.00076825
1121,22933.2,0.91133,0.76729,1.04723,0.98625,0.79787,0.89357,0.67626,0.99026,0.8013,1.11393,0.00076,0.00076,0.00076
1122,22953.7,0.91698,0.7635,1.04657,0.98609,0.79787,0.89415,0.67679,0.99001,0.80084,1.11376,0.00075175,0.00075175,0.00075175
1123,22973.9,0.93893,0.79139,1.0607,0.98618,0.79787,0.89415,0.67643,0.98991,0.80059,1.11356,0.0007435,0.0007435,0.0007435
1124,22994.3,0.89944,0.75166,1.04698,0.98605,0.79787,0.89418,0.67632,0.98967,0.79983,1.11328,0.00073525,0.00073525,0.00073525
1125,23014.6,0.9047,0.76518,1.04123,0.98604,0.79787,0.89368,0.67646,0.98937,0.79945,1.11303,0.000727,0.000727,0.000727
1126,23034.9,0.91878,0.76059,1.04847,0.98652,0.79787,0.89431,0.67633,0.98933,0.79926,1.11295,0.00071875,0.00071875,0.00071875
1127,23055.1,0.91212,0.7801,1.04937,0.98602,0.79787,0.8945,0.67671,0.98912,0.79866,1.1127,0.0007105,0.0007105,0.0007105
1128,23075.4,0.90733,0.77627,1.05668,0.98598,0.79787,0.89454,0.67677,0.98883,0.79827,1.11255,0.00070225,0.00070225,0.00070225
1129,23096.1,0.91136,0.75939,1.04901,0.98599,0.79787,0.89451,0.67667,0.98852,0.79793,1.11235,0.000694,0.000694,0.000694
1130,23115.9,0.91636,0.77662,1.0543,0.98627,0.79787,0.89448,0.67658,0.98836,0.79754,1.11226,0.00068575,0.00068575,0.00068575
1131,23136.1,0.90986,0.77026,1.04406,0.98632,0.79787,0.89461,0.67681,0.98799,0.79711,1.11204,0.0006775,0.0006775,0.0006775
1132,23156.9,0.91579,0.78588,1.0487,0.98568,0.79787,0.89681,0.67785,0.98759,0.79654,1.11185,0.00066925,0.00066925,0.00066925
1133,23177.5,0.92847,0.78655,1.053,0.986,0.79787,0.89688,0.67799,0.98747,0.79668,1.11145,0.000661,0.000661,0.000661
1134,23198.2,0.92363,0.77931,1.05564,0.9858,0.79787,0.89692,0.6777,0.98738,0.79663,1.11134,0.00065275,0.00065275,0.00065275
1135,23218.5,0.90798,0.77846,1.05163,0.98587,0.79787,0.89693,0.67803,0.98709,0.7964,1.11117,0.0006445,0.0006445,0.0006445
1136,23239.2,0.91315,0.77241,1.04993,0.98592,0.79787,0.89693,0.67835,0.98688,0.79627,1.11102,0.00063625,0.00063625,0.00063625
1137,23259.9,0.89725,0.757,1.04258,0.98593,0.79787,0.89709,0.67902,0.98672,0.79592,1.1109,0.000628,0.000628,0.000628
1138,23280.5,0.91245,0.77344,1.04659,0.98623,0.79787,0.89511,0.67845,0.98633,0.79547,1.11069,0.00061975,0.00061975,0.00061975
1139,23300.8,0.90918,0.77248,1.04846,0.98639,0.79787,0.8972,0.67867,0.98597,0.7951,1.11047,0.0006115,0.0006115,0.0006115
1140,23321.1,0.9195,0.77762,1.05112,0.9868,0.79787,0.89719,0.67921,0.98567,0.79482,1.11023,0.00060325,0.00060325,0.00060325
1141,23341.8,0.92007,0.77168,1.04882,0.98668,0.79787,0.89721,0.67933,0.98538,0.79448,1.11003,0.000595,0.000595,0.000595
1142,23362.5,0.90183,0.77277,1.03884,0.98667,0.79787,0.89507,0.67923,0.98518,0.79428,1.1098,0.00058675,0.00058675,0.00058675
1143,23382.8,0.89296,0.75566,1.0443,0.98734,0.79787,0.89523,0.67927,0.9851,0.7941,1.10976,0.0005785,0.0005785,0.0005785
1144,23403.1,0.90262,0.75977,1.04453,0.98786,0.79787,0.89525,0.67943,0.98486,0.79403,1.10941,0.00057025,0.00057025,0.00057025
1145,23423.4,0.89047,0.75831,1.04026,0.98822,0.79787,0.89773,0.6796,0.98454,0.79352,1.10922,0.000562,0.000562,0.000562
1146,23444.1,0.89638,0.75625,1.03219,0.98819,0.79787,0.89778,0.67959,0.98415,0.79301,1.10898,0.00055375,0.00055375,0.00055375
1147,23464.9,0.90452,0.76228,1.04904,0.98614,0.79787,0.89526,0.67944,0.98376,0.79245,1.10875,0.0005455,0.0005455,0.0005455
1148,23485.1,0.90628,0.77232,1.04395,0.98625,0.79787,0.89775,0.68003,0.98332,0.79233,1.10851,0.00053725,0.00053725,0.00053725
1149,23505.8,0.8853,0.74282,1.03148,0.98609,0.79787,0.89523,0.67978,0.98301,0.79217,1.10835,0.000529,0.000529,0.000529
1150,23526.1,0.90719,0.7685,1.04813,0.9868,0.79787,0.89783,0.68004,0.9827,0.79192,1.10811,0.00052075,0.00052075,0.00052075
1151,23546.8,0.88364,0.74604,1.03926,0.98654,0.79787,0.89525,0.6798,0.98266,0.79176,1.10798,0.0005125,0.0005125,0.0005125
1152,23567.1,0.87126,0.7165,1.0243,0.98843,0.79787,0.89527,0.68002,0.98246,0.79146,1.10777,0.00050425,0.00050425,0.00050425
1153,23587.4,0.89276,0.75864,1.03674,0.98667,0.79787,0.89534,0.68024,0.98212,0.79122,1.10763,0.000496,0.000496,0.000496
1154,23607.7,0.90957,0.76443,1.04731,0.98672,0.79787,0.8953,0.68016,0.98207,0.79091,1.10762,0.00048775,0.00048775,0.00048775
1155,23628,0.87911,0.74158,1.03553,0.98719,0.79787,0.89536,0.68062,0.98184,0.79044,1.10726,0.0004795,0.0004795,0.0004795
1156,23648.7,0.89504,0.7597,1.03399,0.98677,0.79787,0.89538,0.68035,0.98158,0.79001,1.10704,0.00047125,0.00047125,0.00047125
1157,23669,0.89594,0.76173,1.04129,0.98693,0.79787,0.89545,0.68081,0.9814,0.78993,1.10699,0.000463,0.000463,0.000463
1158,23689.6,0.87927,0.73936,1.03884,0.9872,0.79787,0.89553,0.68045,0.98118,0.78934,1.10667,0.00045475,0.00045475,0.00045475
1159,23709.9,0.8936,0.75737,1.04696,0.98715,0.79787,0.89554,0.68085,0.98099,0.78901,1.10645,0.0004465,0.0004465,0.0004465
1160,23730.6,0.89071,0.75074,1.03067,0.98711,0.79787,0.89559,0.68053,0.98086,0.78863,1.1065,0.00043825,0.00043825,0.00043825
1161,23750.9,0.9034,0.76875,1.04654,0.98702,0.79787,0.89574,0.68062,0.98055,0.78832,1.10631,0.00043,0.00043,0.00043
1162,23771.3,0.88527,0.74033,1.03236,0.98708,0.79787,0.89571,0.68114,0.98021,0.78814,1.10614,0.00042175,0.00042175,0.00042175
1163,23792,0.88231,0.75135,1.03544,0.98671,0.79787,0.89566,0.68121,0.98018,0.78801,1.10603,0.0004135,0.0004135,0.0004135
1164,23812.6,0.88038,0.73852,1.03389,0.98656,0.79787,0.89574,0.68126,0.98004,0.78779,1.10585,0.00040525,0.00040525,0.00040525
1165,23833.3,0.89484,0.76403,1.04216,0.98657,0.79787,0.89572,0.68126,0.97994,0.78756,1.10568,0.000397,0.000397,0.000397
1166,23853.2,0.87522,0.74598,1.03599,0.98656,0.79787,0.89582,0.68127,0.97946,0.78705,1.10552,0.00038875,0.00038875,0.00038875
1167,23873.3,0.88683,0.75956,1.03741,0.98667,0.79787,0.89579,0.68139,0.97942,0.78684,1.10547,0.0003805,0.0003805,0.0003805
1168,23893.9,0.87085,0.73033,1.02645,0.98684,0.79787,0.89831,0.6818,0.97937,0.78647,1.1053,0.00037225,0.00037225,0.00037225
1169,23914.6,0.89849,0.76304,1.0418,0.98649,0.79787,0.8983,0.68178,0.97933,0.78637,1.1051,0.000364,0.000364,0.000364
1170,23934.9,0.87184,0.72782,1.02692,0.98658,0.79787,0.89842,0.68188,0.97904,0.78604,1.1049,0.00035575,0.00035575,0.00035575
1171,23955.6,0.86868,0.73215,1.03211,0.98687,0.79787,0.89845,0.68225,0.9788,0.78573,1.10481,0.0003475,0.0003475,0.0003475
1172,23976.2,0.88591,0.76163,1.03688,0.9867,0.79787,0.8985,0.68243,0.97868,0.78544,1.10464,0.00033925,0.00033925,0.00033925
1173,23996.9,0.8864,0.73878,1.04068,0.98688,0.79787,0.89859,0.68244,0.97861,0.78497,1.10438,0.000331,0.000331,0.000331
1174,24017.4,0.88123,0.74499,1.03491,0.98684,0.79787,0.89868,0.68274,0.97815,0.78493,1.10437,0.00032275,0.00032275,0.00032275
1175,24038,0.89617,0.77669,1.04213,0.98742,0.79787,0.89865,0.68269,0.97796,0.78443,1.10423,0.0003145,0.0003145,0.0003145
1176,24058.3,0.88316,0.75194,1.03438,0.98732,0.79787,0.89877,0.68241,0.97793,0.78439,1.10419,0.00030625,0.00030625,0.00030625
1177,24078.6,0.87271,0.73969,1.03119,0.98719,0.79787,0.89878,0.68324,0.97751,0.78375,1.10396,0.000298,0.000298,0.000298
1178,24099.2,0.88442,0.7587,1.03999,0.98679,0.79787,0.89869,0.68306,0.97738,0.7837,1.10371,0.00028975,0.00028975,0.00028975
1179,24119.6,0.87207,0.73666,1.02979,0.98687,0.79787,0.89881,0.68314,0.97712,0.78364,1.10361,0.0002815,0.0002815,0.0002815
1180,24139.8,0.8655,0.74319,1.03333,0.98686,0.79787,0.89884,0.6834,0.977,0.78352,1.10352,0.00027325,0.00027325,0.00027325
1181,24160.7,0.89053,0.75776,1.03418,0.98692,0.79787,0.89887,0.6837,0.97717,0.78308,1.10333,0.000265,0.000265,0.000265
1182,24181.3,0.8813,0.75627,1.03668,0.98671,0.79787,0.89884,0.68372,0.9767,0.78305,1.10314,0.00025675,0.00025675,0.00025675
1183,24202,0.88944,0.74123,1.04248,0.98717,0.79787,0.89892,0.68379,0.97671,0.78245,1.10308,0.0002485,0.0002485,0.0002485
1184,24222.7,0.87002,0.73814,1.02822,0.98652,0.79787,0.89891,0.68362,0.97655,0.78248,1.10289,0.00024025,0.00024025,0.00024025
1185,24243.1,0.87803,0.75056,1.03442,0.98656,0.79787,0.8989,0.68365,0.97653,0.7823,1.10285,0.000232,0.000232,0.000232
1186,24263.5,0.87446,0.73762,1.02952,0.98646,0.79787,0.89894,0.68374,0.97621,0.78197,1.10263,0.00022375,0.00022375,0.00022375
1187,24283.8,0.87756,0.75538,1.0359,0.98625,0.79787,0.89901,0.68386,0.97601,0.78187,1.10257,0.0002155,0.0002155,0.0002155
1188,24304.6,0.88498,0.746,1.03524,0.98629,0.79787,0.89886,0.68367,0.97565,0.78174,1.10245,0.00020725,0.00020725,0.00020725
1189,24324.8,0.87053,0.7462,1.03505,0.98623,0.79787,0.89889,0.68359,0.97538,0.78143,1.10227,0.000199,0.000199,0.000199
1190,24345.2,0.86338,0.72246,1.02463,0.98594,0.79787,0.89908,0.68405,0.97528,0.78132,1.10218,0.00019075,0.00019075,0.00019075
1191,24367.1,0.85024,0.65064,1.0327,0.98686,0.79871,0.89909,0.68388,0.97505,0.78098,1.10207,0.0001825,0.0001825,0.0001825
1192,24387.5,0.77257,0.59815,0.99698,0.98686,0.799,0.8991,0.68384,0.97489,0.78078,1.1019,0.00017425,0.00017425,0.00017425
1193,24407.9,0.77619,0.59626,0.99648,0.98686,0.7991,0.89914,0.68416,0.97481,0.78051,1.10173,0.000166,0.000166,0.000166
1194,24428.5,0.77453,0.59636,0.99144,0.98687,0.79948,0.89922,0.68378,0.97461,0.78015,1.10154,0.00015775,0.00015775,0.00015775
1195,24448.8,0.75279,0.57809,0.98458,0.98688,0.79996,0.89915,0.68381,0.97428,0.77981,1.1013,0.0001495,0.0001495,0.0001495
1196,24469.1,0.74449,0.58155,0.98535,0.98687,0.79968,0.89929,0.68405,0.97411,0.7795,1.1011,0.00014125,0.00014125,0.00014125
1197,24489.4,0.72982,0.56605,0.97652,0.98627,0.8,0.89927,0.68422,0.97383,0.77932,1.10099,0.000133,0.000133,0.000133
1198,24510.1,0.74166,0.5806,0.98142,0.98599,0.8,0.89935,0.68341,0.97389,0.77918,1.10094,0.00012475,0.00012475,0.00012475
1199,24530.4,0.71525,0.56404,0.96863,0.98588,0.8,0.89932,0.68375,0.97366,0.77926,1.10086,0.0001165,0.0001165,0.0001165
1200,24550.7,0.72769,0.56964,0.97568,0.98565,0.8,0.89945,0.68444,0.97358,0.77865,1.1005,0.00010825,0.00010825,0.00010825
