epoch,time,train/box_loss,train/cls_loss,train/dfl_loss,metrics/precision(B),metrics/recall(B),metrics/mAP50(B),metrics/mAP50-95(B),val/box_loss,val/cls_loss,val/dfl_loss,lr/pg0,lr/pg1,lr/pg2
1,10.7399,4.73555,9.44987,4.22465,1e-05,0.00213,1e-05,0,5.17469,11.6096,4.16668,0.00327778,0.00327778,0.00327778
2,20.7346,4.90759,6.80887,4.1439,1e-05,0.00213,1e-05,0,5.17425,6.75428,4.04804,0.00660566,0.00660566,0.00660566
3,30.6599,4.30641,4.8273,3.44799,0.00018,0.00426,9e-05,2e-05,3.68832,5.12787,3.183,0.00992804,0.00992804,0.00992804
4,41.9072,3.45119,4.37196,2.83544,0.00048,0.06383,0.00027,7e-05,3.62937,5.4165,4.34652,0.00997525,0.00997525,0.00997525
5,52.4885,3.32916,4.30538,2.66114,0.00079,0.09787,0.00046,0.0001,3.23682,4.55427,2.48475,0.009967,0.009967,0.009967
6,63.3659,3.29432,4.28563,2.56633,0.0003,0.03617,0.00016,4e-05,3.11212,4.83711,2.41662,0.00995875,0.00995875,0.00995875
7,73.088,3.20628,4.26789,2.55298,0.0003,0.03617,0.00016,4e-05,2.02393,9.75466,6.05633,0.0099505,0.0099505,0.0099505
8,81.9684,3.15092,4.31348,2.45721,0.0007,0.1,0.00043,9e-05,2.88327,4.48425,2.17587,0.00994225,0.00994225,0.00994225
9,90.8254,3.25142,4.3029,2.4535,0.00051,0.05106,0.00028,6e-05,2.91299,4.50086,2.13371,0.009934,0.009934,0.009934
10,99.662,3.13809,4.3604,2.43943,0.00032,0.04681,0.00018,4e-05,2.85331,4.584,2.16539,0.00992575,0.00992575,0.00992575
11,109.168,3.18164,4.29329,2.42532,0.00073,0.10851,0.00051,0.00012,2.85156,4.45393,2.17677,0.0099175,0.0099175,0.0099175
12,120.493,3.15193,4.28164,2.40915,0.00049,0.02766,0.0003,8e-05,2.78065,4.5894,2.17287,0.00990925,0.00990925,0.00990925
13,129.783,3.15453,4.28851,2.47628,0.00077,0.10851,0.00046,0.0001,2.73696,4.49519,2.23928,0.009901,0.009901,0.009901
14,138.653,3.11498,4.26303,2.49384,0.00123,0.17021,0.00088,0.00019,2.73554,4.46708,2.30237,0.00989275,0.00989275,0.00989275
15,147.813,3.12588,4.2415,2.49127,0.00171,0.25106,0.00174,0.00037,2.72626,4.32761,2.33853,0.0098845,0.0098845,0.0098845
16,157.029,3.0854,4.21654,2.45365,0.00165,0.24681,0.00242,0.00047,2.69214,4.28065,2.31084,0.00987625,0.00987625,0.00987625
17,167.521,3.02485,4.22585,2.49776,0.00108,0.1617,0.00091,0.00017,2.76437,4.36389,2.33272,0.009868,0.009868,0.009868
18,178.215,3.03796,4.17936,2.47791,0.00171,0.24468,0.00167,0.00038,2.7725,4.21224,2.41985,0.00985975,0.00985975,0.00985975
19,187.116,3.03913,4.20274,2.46639,0.0014,0.21064,0.00155,0.00034,2.74007,4.2231,2.35655,0.0098515,0.0098515,0.0098515
20,196.003,2.99552,4.1708,2.4627,0.00181,0.27447,0.00191,0.00045,2.81701,4.28711,2.35105,0.00984325,0.00984325,0.00984325
21,204.956,2.97511,4.17574,2.44598,0.00194,0.28723,0.00219,0.00055,2.78662,4.2421,2.30388,0.009835,0.009835,0.009835
22,214.573,2.98019,4.19523,2.43413,0.00201,0.30213,0.00202,0.0005,2.72168,4.22307,2.30526,0.00982675,0.00982675,0.00982675
23,224.974,2.89975,4.12041,2.38288,0.00201,0.30426,0.00239,0.00058,2.82047,4.1957,2.34826,0.0098185,0.0098185,0.0098185
24,235.752,3.00277,4.16796,2.44274,0.0023,0.34468,0.00245,0.00054,2.82165,4.19897,2.33341,0.00981025,0.00981025,0.00981025
25,246.096,2.90147,4.12635,2.3963,0.00193,0.29149,0.0025,0.00052,2.79721,4.38532,2.30734,0.009802,0.009802,0.009802
26,256.768,2.87626,4.10953,2.37484,0.00184,0.28085,0.00196,0.00048,2.88408,4.25181,2.32215,0.00979375,0.00979375,0.00979375
27,265.666,2.94377,4.09551,2.40041,0.00214,0.32553,0.00187,0.00039,2.88102,4.10943,2.31981,0.0097855,0.0097855,0.0097855
28,274.663,2.89882,4.09742,2.38274,0.00226,0.34468,0.0029,0.00065,2.74837,4.14675,2.21329,0.00977725,0.00977725,0.00977725
29,283.966,2.90204,4.0786,2.37509,0.00236,0.35319,0.00241,0.00054,2.76121,4.10201,2.23167,0.009769,0.009769,0.009769
30,293.426,2.87076,4.06573,2.35544,0.00241,0.3617,0.00506,0.00099,2.76423,4.06912,2.2565,0.00976075,0.00976075,0.00976075
31,304.139,2.87813,4.05683,2.34116,0.00266,0.36809,0.00451,0.00097,2.8385,4.04384,2.26538,0.0097525,0.0097525,0.0097525
32,314.162,2.87013,4.04031,2.36152,0.00202,0.11702,0.00426,0.00093,3.43679,4.38395,2.67686,0.00974425,0.00974425,0.00974425
33,323.051,2.84598,4.03377,2.31711,0.00209,0.28936,0.00176,0.00042,2.8258,4.26189,2.28912,0.009736,0.009736,0.009736
34,331.957,2.82133,4.05133,2.34377,0.00227,0.34468,0.00392,0.00081,2.89264,4.04992,2.25468,0.00972775,0.00972775,0.00972775
35,340.863,2.77747,4.01475,2.31937,0.00203,0.29574,0.00478,0.00115,2.82899,4.20604,2.24345,0.0097195,0.0097195,0.0097195
36,350.329,2.8035,4.00649,2.32815,0.00074,0.11277,0.00064,0.00018,3.01063,4.92738,2.36385,0.00971125,0.00971125,0.00971125
37,360.809,2.84243,4.01447,2.32151,0.00219,0.33404,0.00508,0.001,2.8335,4.32759,2.25932,0.009703,0.009703,0.009703
38,371.47,2.77293,3.96067,2.31015,0.0018,0.24894,0.00288,0.0006,2.93605,4.27146,2.27423,0.00969475,0.00969475,0.00969475
39,382.271,2.76627,3.91556,2.30403,0.00155,0.17447,0.00162,0.00041,3.05296,4.54034,2.29634,0.0096865,0.0096865,0.0096865
40,392.811,2.77712,3.94104,2.30945,0.00171,0.24894,0.00298,0.00081,3.05193,4.39071,2.3958,0.00967825,0.00967825,0.00967825
41,401.692,2.78576,3.90307,2.31273,0.02889,0.12766,0.01631,0.00342,2.88565,3.95201,2.31227,0.00967,0.00967,0.00967
42,410.795,2.78507,3.93324,2.3128,0.00073,0.10851,0.00543,0.00209,3.6454,5.3432,2.84447,0.00966175,0.00966175,0.00966175
43,419.729,2.69482,3.87791,2.27907,0.00999,0.1234,0.01286,0.00293,2.91809,4.36505,2.32627,0.0096535,0.0096535,0.0096535
44,429.523,2.77237,3.84306,2.29323,0.03609,0.13617,0.01787,0.00393,2.73654,4.01013,2.22955,0.00964525,0.00964525,0.00964525
45,442.023,2.68944,3.84688,2.27044,0.00044,0.06596,0.00034,9e-05,3.88807,5.75164,2.70575,0.009637,0.009637,0.009637
46,451.801,2.71102,3.83268,2.28984,0.00144,0.17872,0.0014,0.00035,3.29097,4.26129,2.60852,0.00962875,0.00962875,0.00962875
47,461.448,2.69146,3.81179,2.27243,0.00507,0.29787,0.01183,0.00247,2.67877,4.05606,2.23645,0.0096205,0.0096205,0.0096205
48,470.819,2.70438,3.81948,2.24694,0.02504,0.14468,0.02499,0.00528,2.72317,4.32386,2.27078,0.00961225,0.00961225,0.00961225
49,481.042,2.73064,3.78906,2.28655,0.00318,0.41915,0.01644,0.00369,2.64591,3.89218,2.20413,0.009604,0.009604,0.009604
50,492.966,2.66208,3.76769,2.24804,0.09084,0.07447,0.02101,0.00421,2.67272,3.85236,2.23081,0.00959575,0.00959575,0.00959575
51,505.079,2.66981,3.70721,2.24193,0.0011,0.16383,0.0017,0.00037,3.04751,4.63442,2.43428,0.0095875,0.0095875,0.0095875
52,514.301,2.66872,3.72964,2.22969,0.10723,0.04894,0.02669,0.00711,2.64021,3.81487,2.18431,0.00957925,0.00957925,0.00957925
53,523.649,2.63237,3.70252,2.23392,0.06794,0.11064,0.02838,0.00554,2.67676,3.73572,2.21993,0.009571,0.009571,0.009571
54,532.854,2.65462,3.71404,2.2196,0.00297,0.26596,0.00995,0.0022,2.83048,4.11772,2.28763,0.00956275,0.00956275,0.00956275
55,542.949,2.6174,3.68277,2.20192,0.09769,0.02979,0.01191,0.00273,2.86461,4.20236,2.2789,0.0095545,0.0095545,0.0095545
56,554.668,2.59786,3.62645,2.2015,0.16573,0.06679,0.03417,0.00769,2.6287,3.8172,2.24195,0.00954625,0.00954625,0.00954625
57,567.273,2.56763,3.67015,2.23157,0.14303,0.09787,0.04631,0.01286,2.55063,3.86597,2.25851,0.009538,0.009538,0.009538
58,576.715,2.5943,3.67152,2.24277,0.19422,0.04043,0.03354,0.00808,2.67139,4.00692,2.21067,0.00952975,0.00952975,0.00952975
59,585.876,2.5503,3.58418,2.22141,0.12198,0.01489,0.01315,0.00433,2.96151,4.40065,2.29793,0.0095215,0.0095215,0.0095215
60,595.093,2.56977,3.64272,2.23209,0.13285,0.08723,0.03957,0.01016,2.54339,3.73219,2.29411,0.00951325,0.00951325,0.00951325
61,605.156,2.55535,3.59416,2.23399,0.11848,0.07447,0.03519,0.00953,2.6198,4.01312,2.21407,0.009505,0.009505,0.009505
62,617.988,2.54018,3.58205,2.24986,0.14831,0.09787,0.05694,0.01606,2.46481,3.60205,2.24395,0.00949675,0.00949675,0.00949675
63,630.263,2.52288,3.60289,2.2252,0.16862,0.05957,0.02619,0.00595,2.83019,4.05247,2.26612,0.0094885,0.0094885,0.0094885
64,639.404,2.48026,3.58285,2.22994,0.18174,0.07447,0.04206,0.0095,2.49843,3.66362,2.28465,0.00948025,0.00948025,0.00948025
65,648.47,2.50835,3.5638,2.2382,0.13104,0.09574,0.04449,0.00973,2.43693,3.61042,2.24865,0.009472,0.009472,0.009472
66,657.597,2.47936,3.53849,2.22131,0.12747,0.09787,0.04785,0.01077,2.46651,3.61947,2.25779,0.00946375,0.00946375,0.00946375
67,668.126,2.4868,3.50923,2.22658,0.18076,0.10426,0.06192,0.01661,2.50595,3.55878,2.29941,0.0094555,0.0094555,0.0094555
68,681.405,2.47418,3.46084,2.23738,0.10555,0.10426,0.04111,0.01134,2.538,3.71984,2.3021,0.00944725,0.00944725,0.00944725
69,692.369,2.47413,3.51064,2.23153,0.133,0.08085,0.04968,0.01328,2.47534,3.7005,2.28677,0.009439,0.009439,0.009439
70,701.489,2.42475,3.4735,2.20962,0.17791,0.10851,0.06258,0.01658,2.45938,3.62741,2.25945,0.00943075,0.00943075,0.00943075
71,710.858,2.4547,3.50777,2.20094,0.17067,0.08936,0.04237,0.01047,2.44099,3.60882,2.23197,0.0094225,0.0094225,0.0094225
72,720.009,2.43254,3.49604,2.20788,0.15141,0.09787,0.05262,0.01306,2.57806,3.64392,2.24999,0.00941425,0.00941425,0.00941425
73,730.438,2.3961,3.44624,2.18957,0.16284,0.1,0.05495,0.01486,2.46555,3.64027,2.27659,0.009406,0.009406,0.009406
74,742.925,2.40743,3.43705,2.18769,0.12157,0.11489,0.03307,0.00829,2.50178,3.73773,2.27475,0.00939775,0.00939775,0.00939775
75,753.944,2.47075,3.45629,2.22135,0.17093,0.10638,0.05142,0.013,2.47737,3.63449,2.25886,0.0093895,0.0093895,0.0093895
76,763.022,2.4363,3.47496,2.21462,0.20979,0.00569,0.00351,0.00201,3.4597,4.47845,2.43802,0.00938125,0.00938125,0.00938125
77,772.133,2.41436,3.43007,2.2016,0.14698,0.11915,0.06484,0.01803,2.44971,3.5791,2.24018,0.009373,0.009373,0.009373
78,781.486,2.4105,3.43625,2.20227,0.11557,0.07447,0.04875,0.01529,2.41918,3.58847,2.2082,0.00936475,0.00936475,0.00936475
79,791.338,2.42181,3.45466,2.18415,0.16121,0.10213,0.06534,0.01846,2.3998,3.58157,2.22525,0.0093565,0.0093565,0.0093565
80,803.002,2.3978,3.40013,2.18932,0.17499,0.09362,0.05986,0.01761,2.51764,3.57677,2.22048,0.00934825,0.00934825,0.00934825
81,814.425,2.3857,3.39356,2.18806,0.13117,0.10426,0.0449,0.01219,2.48404,3.62631,2.21538,0.00934,0.00934,0.00934
82,826.261,2.38226,3.39786,2.16629,0.20368,0.14043,0.0801,0.02252,2.45051,3.54754,2.24368,0.00933175,0.00933175,0.00933175
83,838.941,2.41079,3.36691,2.19038,0.15567,0.12553,0.07386,0.02323,2.37228,3.46872,2.20149,0.0093235,0.0093235,0.0093235
84,848.447,2.39382,3.38988,2.17092,0.1379,0.13239,0.06836,0.01952,2.43026,3.45313,2.22237,0.00931525,0.00931525,0.00931525
85,857.586,2.3458,3.36337,2.15817,0.18405,0.10426,0.06463,0.01857,2.4726,3.55534,2.21869,0.009307,0.009307,0.009307
86,866.804,2.3582,3.37914,2.156,0.1642,0.06809,0.05186,0.0146,2.56947,3.75223,2.20029,0.00929875,0.00929875,0.00929875
87,876.681,2.36881,3.37823,2.16984,0.19134,0.11277,0.06291,0.02056,2.41601,3.56943,2.17992,0.0092905,0.0092905,0.0092905
88,888.558,2.36483,3.3858,2.16393,0.14726,0.11915,0.05809,0.01663,2.38637,3.59142,2.20661,0.00928225,0.00928225,0.00928225
89,900.636,2.36745,3.34766,2.16825,0.17689,0.10638,0.08104,0.02091,2.38256,3.47209,2.18383,0.009274,0.009274,0.009274
90,909.902,2.36695,3.36964,2.16304,0.15442,0.11064,0.07587,0.02327,2.39873,3.58342,2.19965,0.00926575,0.00926575,0.00926575
91,919.235,2.35421,3.36704,2.16514,0.22358,0.12979,0.0864,0.02332,2.44691,3.42197,2.21639,0.0092575,0.0092575,0.0092575
92,928.686,2.38415,3.34482,2.15485,0.15925,0.17021,0.08223,0.02022,2.40415,3.42943,2.20016,0.00924925,0.00924925,0.00924925
93,938.665,2.37066,3.35972,2.16504,0.19384,0.1234,0.07852,0.02263,2.45791,3.49537,2.19288,0.009241,0.009241,0.009241
94,950.276,2.31799,3.33117,2.13754,0.21604,0.13191,0.08174,0.02282,2.46011,3.42853,2.18013,0.00923275,0.00923275,0.00923275
95,963.009,2.32403,3.33816,2.14663,0.16099,0.13191,0.07304,0.02105,2.515,3.64166,2.24391,0.0092245,0.0092245,0.0092245
96,972.413,2.30623,3.31062,2.14542,0.17231,0.12979,0.08295,0.02558,2.46474,3.45091,2.21783,0.00921625,0.00921625,0.00921625
97,981.921,2.28372,3.31269,2.11549,0.19423,0.09787,0.07209,0.01863,2.40166,3.4834,2.14205,0.009208,0.009208,0.009208
98,990.962,2.31168,3.29461,2.13704,0.14274,0.06383,0.04677,0.01726,2.53534,3.85163,2.22341,0.00919975,0.00919975,0.00919975
99,1000.64,2.30728,3.34091,2.13161,0.18962,0.13617,0.08902,0.02608,2.44983,3.3542,2.16878,0.0091915,0.0091915,0.0091915
100,1012.96,2.28969,3.29378,2.13575,0.21977,0.12128,0.09054,0.02642,2.41394,3.37658,2.20725,0.00918325,0.00918325,0.00918325
101,1025.51,2.30451,3.27726,2.12644,0.16334,0.12128,0.08012,0.02717,2.42601,3.40545,2.21385,0.009175,0.009175,0.009175
102,1034.63,2.31011,3.27336,2.12972,0.22849,0.14894,0.07912,0.02345,2.4313,3.38067,2.14026,0.00916675,0.00916675,0.00916675
103,1043.75,2.27556,3.26784,2.12437,0.21213,0.12553,0.10183,0.03193,2.30321,3.29961,2.16293,0.0091585,0.0091585,0.0091585
104,1053.15,2.25884,3.26202,2.11793,0.16018,0.11702,0.08504,0.02743,2.34137,3.40129,2.15497,0.00915025,0.00915025,0.00915025
105,1062.97,2.2572,3.26612,2.13416,0.18313,0.14681,0.09012,0.03101,2.31816,3.33375,2.15131,0.009142,0.009142,0.009142
106,1074.13,2.27626,3.2833,2.14928,0.21325,0.1361,0.09296,0.02714,2.34583,3.39896,2.16344,0.00913375,0.00913375,0.00913375
107,1086.72,2.22938,3.22663,2.11975,0.26188,0.1383,0.10336,0.0336,2.34434,3.31725,2.16074,0.0091255,0.0091255,0.0091255
108,1097.68,2.27625,3.2591,2.13261,0.22693,0.14681,0.10695,0.03249,2.36383,3.29811,2.16836,0.00911725,0.00911725,0.00911725
109,1111.44,2.24665,3.24817,2.11527,0.21515,0.15106,0.09163,0.02601,2.3337,3.31667,2.14628,0.009109,0.009109,0.009109
110,1122.18,2.25205,3.25177,2.11597,0.17696,0.14255,0.07253,0.02254,2.37839,3.30161,2.19038,0.00910075,0.00910075,0.00910075
111,1131.29,2.27435,3.24238,2.10528,0.23072,0.164,0.11522,0.03629,2.30034,3.27269,2.14596,0.0090925,0.0090925,0.0090925
112,1140.56,2.20253,3.23801,2.08627,0.19591,0.14255,0.09101,0.02828,2.38735,3.44076,2.15846,0.00908425,0.00908425,0.00908425
113,1149.67,2.22467,3.20499,2.09948,0.19094,0.13404,0.09448,0.0356,2.36097,3.29008,2.1758,0.009076,0.009076,0.009076
114,1159.7,2.24345,3.2306,2.10967,0.21225,0.1383,0.10446,0.03234,2.38842,3.35717,2.1649,0.00906775,0.00906775,0.00906775
115,1171.27,2.19268,3.17863,2.07617,0.21162,0.11915,0.09772,0.03036,2.37026,3.26325,2.14198,0.0090595,0.0090595,0.0090595
116,1183.01,2.23515,3.23032,2.10247,0.22968,0.15319,0.10196,0.02971,2.32962,3.30816,2.15027,0.00905125,0.00905125,0.00905125
117,1192.31,2.19799,3.18393,2.09849,0.23845,0.14255,0.10461,0.0316,2.33859,3.25117,2.13824,0.009043,0.009043,0.009043
118,1201.6,2.2387,3.206,2.10496,0.22138,0.14255,0.10914,0.02951,2.36385,3.27173,2.1413,0.00903475,0.00903475,0.00903475
119,1210.84,2.19542,3.18834,2.07353,0.25119,0.14255,0.11232,0.03183,2.36078,3.24321,2.16808,0.0090265,0.0090265,0.0090265
120,1220.83,2.23018,3.18197,2.10277,0.22107,0.16383,0.10751,0.03641,2.34037,3.25206,2.11935,0.00901825,0.00901825,0.00901825
121,1231.84,2.2169,3.15878,2.10387,0.21591,0.16809,0.11154,0.03164,2.3346,3.20678,2.1463,0.00901,0.00901,0.00901
122,1243.39,2.18649,3.17114,2.08658,0.20286,0.15106,0.09403,0.03073,2.32226,3.31803,2.13232,0.00900175,0.00900175,0.00900175
123,1252.66,2.21688,3.14486,2.09386,0.20533,0.14468,0.10809,0.03554,2.3092,3.21606,2.1488,0.0089935,0.0089935,0.0089935
124,1261.76,2.19556,3.15957,2.08319,0.23544,0.14043,0.1,0.03017,2.33597,3.30307,2.13038,0.00898525,0.00898525,0.00898525
125,1270.75,2.21253,3.20863,2.08899,0.2491,0.13617,0.11409,0.03811,2.28766,3.20636,2.11778,0.008977,0.008977,0.008977
126,1280.36,2.22884,3.16065,2.0811,0.2174,0.17234,0.1091,0.03393,2.38286,3.24017,2.17042,0.00896875,0.00896875,0.00896875
127,1291.18,2.17721,3.14295,2.06974,0.27728,0.14043,0.1205,0.03688,2.30904,3.24326,2.11176,0.0089605,0.0089605,0.0089605
128,1301.22,2.16064,3.17447,2.08544,0.21183,0.16641,0.10162,0.03167,2.28441,3.20702,2.11724,0.00895225,0.00895225,0.00895225
129,1310.12,2.20388,3.15208,2.08365,0.25845,0.15319,0.11054,0.03223,2.33814,3.21643,2.16261,0.008944,0.008944,0.008944
130,1319.05,2.17559,3.15632,2.07117,0.24853,0.16383,0.12297,0.04233,2.30755,3.21645,2.14437,0.00893575,0.00893575,0.00893575
131,1328.2,2.15048,3.09615,2.05712,0.24398,0.14043,0.12008,0.03547,2.32381,3.23692,2.15361,0.0089275,0.0089275,0.0089275
132,1337.69,2.16505,3.11202,2.07126,0.25203,0.14468,0.11815,0.04247,2.26234,3.18104,2.14298,0.00891925,0.00891925,0.00891925
133,1347.41,2.16616,3.16032,2.07368,0.26578,0.13617,0.12257,0.03656,2.30234,3.18345,2.10552,0.008911,0.008911,0.008911
134,1356.3,2.16026,3.14692,2.05456,0.23629,0.15536,0.11061,0.03458,2.28516,3.27253,2.11813,0.00890275,0.00890275,0.00890275
135,1365.17,2.13301,3.13893,2.0515,0.26815,0.14043,0.12612,0.03965,2.32914,3.18951,2.12626,0.0088945,0.0088945,0.0088945
136,1374.07,2.15229,3.11826,2.03767,0.25404,0.17318,0.11188,0.03359,2.2619,3.24743,2.11171,0.00888625,0.00888625,0.00888625
137,1383.38,2.12436,3.11445,2.0308,0.2474,0.2,0.13533,0.0434,2.2568,3.16179,2.13197,0.008878,0.008878,0.008878
138,1394.16,2.15563,3.13677,2.06349,0.26163,0.1617,0.13189,0.04597,2.2874,3.1512,2.11609,0.00886975,0.00886975,0.00886975
139,1404.62,2.14124,3.05161,2.06774,0.23347,0.1383,0.11889,0.03652,2.29394,3.17001,2.10618,0.0088615,0.0088615,0.0088615
140,1413.99,2.13335,3.10618,2.04324,0.34486,0.13617,0.12069,0.04362,2.25548,3.1643,2.08645,0.00885325,0.00885325,0.00885325
141,1422.9,2.12055,3.0764,2.04596,0.28122,0.15957,0.13138,0.04598,2.25239,3.18232,2.12609,0.008845,0.008845,0.008845
142,1431.79,2.13076,3.06929,2.03346,0.25766,0.15957,0.12603,0.04179,2.23763,3.17361,2.09318,0.00883675,0.00883675,0.00883675
143,1440.75,2.10488,3.06053,2.02389,0.24596,0.18511,0.12282,0.04151,2.27159,3.16477,2.12801,0.0088285,0.0088285,0.0088285
144,1451.24,2.11471,3.04894,2.0291,0.25347,0.14468,0.11125,0.03742,2.3345,3.18993,2.14957,0.00882025,0.00882025,0.00882025
145,1460.28,2.12674,3.07589,2.02782,0.28024,0.16809,0.13385,0.04573,2.27434,3.14523,2.10507,0.008812,0.008812,0.008812
146,1469.25,2.16729,3.10384,2.05136,0.2516,0.18723,0.13534,0.04564,2.2549,3.14417,2.1164,0.00880375,0.00880375,0.00880375
147,1478.39,2.09463,3.0566,2.02004,0.26095,0.16383,0.13303,0.04512,2.27507,3.2148,2.11401,0.0087955,0.0087955,0.0087955
148,1487.49,2.09954,3.05848,2.02617,0.20337,0.15532,0.11566,0.04115,2.28972,3.17963,2.10281,0.00878725,0.00878725,0.00878725
149,1498.32,2.13029,3.08998,2.03389,0.30633,0.17006,0.14198,0.04845,2.23875,3.14604,2.11529,0.008779,0.008779,0.008779
150,1507.74,2.10796,3.08409,2.02001,0.2843,0.15957,0.13073,0.04286,2.28641,3.18431,2.07833,0.00877075,0.00877075,0.00877075
151,1516.62,2.12774,3.06782,2.03635,0.24787,0.17249,0.13529,0.04606,2.246,3.08517,2.10338,0.0087625,0.0087625,0.0087625
152,1525.53,2.10149,3.05892,2.00135,0.29823,0.15957,0.14217,0.04747,2.25882,3.12476,2.09643,0.00875425,0.00875425,0.00875425
153,1534.59,2.07887,3.02449,2.01461,0.26192,0.16837,0.12909,0.04463,2.2429,3.15824,2.13146,0.008746,0.008746,0.008746
154,1544.27,2.08075,3.05965,2.00512,0.22951,0.18085,0.12401,0.04405,2.26712,3.15698,2.11142,0.00873775,0.00873775,0.00873775
155,1553.24,2.08648,3.04333,2.004,0.29296,0.18085,0.1563,0.05088,2.20371,3.08445,2.08957,0.0087295,0.0087295,0.0087295
156,1562.41,2.06436,2.99831,2.00767,0.29948,0.15957,0.13875,0.0419,2.3079,3.12502,2.12266,0.00872125,0.00872125,0.00872125
157,1571.33,2.09387,3.03782,2.00491,0.2588,0.14894,0.12846,0.04377,2.2713,3.12461,2.12155,0.008713,0.008713,0.008713
158,1580.6,2.07783,3.00801,2.00248,0.30495,0.19149,0.14611,0.04762,2.26813,3.04027,2.11569,0.00870475,0.00870475,0.00870475
159,1590.5,2.10474,3.00725,2.0103,0.31209,0.19362,0.14814,0.05108,2.25641,3.06809,2.11602,0.0086965,0.0086965,0.0086965
160,1599.42,2.0993,3.04103,2.01323,0.28136,0.15957,0.13275,0.04501,2.25239,3.10969,2.09811,0.00868825,0.00868825,0.00868825
161,1608.36,2.08385,3.04746,2.0015,0.34906,0.15106,0.14841,0.04808,2.23456,3.09116,2.10617,0.00868,0.00868,0.00868
162,1617.29,2.09043,2.99095,2.00217,0.25079,0.14894,0.11452,0.03915,2.31547,3.15313,2.12512,0.00867175,0.00867175,0.00867175
163,1626.64,2.08724,3.01587,2.01223,0.28415,0.16809,0.13917,0.04661,2.23793,3.06989,2.09612,0.0086635,0.0086635,0.0086635
164,1636.18,2.04591,2.98496,1.98438,0.26849,0.18936,0.13982,0.04783,2.26453,3.04423,2.10431,0.00865525,0.00865525,0.00865525
165,1645.22,2.12227,3.00566,2.02049,0.28701,0.19574,0.15604,0.05087,2.22093,3.01444,2.0969,0.008647,0.008647,0.008647
166,1654.23,2.08007,3.00203,2.00657,0.23123,0.20851,0.1441,0.04801,2.20808,3.06601,2.09021,0.00863875,0.00863875,0.00863875
167,1663.13,2.08526,3.01481,2.00725,0.32238,0.1617,0.14616,0.05211,2.25274,3.09163,2.08783,0.0086305,0.0086305,0.0086305
168,1672.79,2.0355,2.96671,1.99741,0.27686,0.17021,0.13628,0.04652,2.25075,3.01082,2.09327,0.00862225,0.00862225,0.00862225
169,1682.54,2.08474,2.95956,1.99845,0.26681,0.19362,0.14082,0.04951,2.22191,3.04194,2.0816,0.008614,0.008614,0.008614
170,1691.56,2.06518,2.9631,1.99281,0.24246,0.18298,0.1431,0.04774,2.31124,3.01523,2.12209,0.00860575,0.00860575,0.00860575
171,1700.61,2.04603,2.91906,1.98955,0.22559,0.2,0.13978,0.04934,2.2231,3.05261,2.12076,0.0085975,0.0085975,0.0085975
172,1709.53,2.07226,2.98025,1.99562,0.29641,0.18085,0.14073,0.05003,2.24254,3.05255,2.09773,0.00858925,0.00858925,0.00858925
173,1719.29,2.05041,3.00784,1.98978,0.30344,0.17021,0.14534,0.052,2.22014,3.03064,2.06811,0.008581,0.008581,0.008581
174,1729.06,2.03272,2.96381,1.98534,0.30367,0.18936,0.14361,0.05077,2.26172,2.98681,2.09687,0.00857275,0.00857275,0.00857275
175,1737.94,2.03591,2.94167,1.98835,0.23372,0.20213,0.13698,0.04902,2.20182,3.06255,2.08422,0.0085645,0.0085645,0.0085645
176,1746.83,2.03134,2.96095,1.96585,0.27493,0.17749,0.1553,0.05241,2.21074,3.00179,2.07373,0.00855625,0.00855625,0.00855625
177,1756.03,2.03348,2.94153,1.97612,0.23906,0.17447,0.13673,0.05423,2.16651,2.9899,2.08518,0.008548,0.008548,0.008548
178,1766.58,2.03655,2.93384,1.97303,0.27715,0.21277,0.161,0.05941,2.18536,3.04402,2.07503,0.00853975,0.00853975,0.00853975
179,1775.69,2.04025,2.93822,1.96697,0.30253,0.17872,0.15053,0.05021,2.17398,3.00368,2.06513,0.0085315,0.0085315,0.0085315
180,1784.6,2.04358,2.92514,1.95261,0.34968,0.18511,0.16465,0.06032,2.20425,2.97403,2.07433,0.00852325,0.00852325,0.00852325
181,1793.7,2.01217,2.91701,1.95913,0.24834,0.17021,0.13813,0.05762,2.17651,3.08636,2.07726,0.008515,0.008515,0.008515
182,1803.17,2.04359,2.93604,1.96083,0.2535,0.19362,0.15524,0.05948,2.15444,3.01795,2.07389,0.00850675,0.00850675,0.00850675
183,1813.23,1.99167,2.86487,1.96111,0.3529,0.20074,0.17439,0.05963,2.2127,2.97017,2.09917,0.0084985,0.0084985,0.0084985
184,1822.31,2.00689,2.86487,1.94414,0.30295,0.18298,0.16137,0.05516,2.23711,2.96717,2.08885,0.00849025,0.00849025,0.00849025
185,1831.35,2.0078,2.92064,1.96668,0.30184,0.19225,0.16347,0.05868,2.2336,2.93422,2.0735,0.008482,0.008482,0.008482
186,1840.31,2.01554,2.91379,1.96414,0.29377,0.20638,0.15821,0.05896,2.18422,2.93804,2.05283,0.00847375,0.00847375,0.00847375
187,1849.68,2.03316,2.92001,1.96816,0.33207,0.17447,0.16007,0.05558,2.23672,2.94136,2.11452,0.0084655,0.0084655,0.0084655
188,1859.33,2.0104,2.88334,1.95085,0.2515,0.21064,0.14906,0.05614,2.20237,2.95019,2.06642,0.00845725,0.00845725,0.00845725
189,1868.27,2.00906,2.88371,1.96167,0.32799,0.17021,0.1638,0.06321,2.20318,2.98975,2.0654,0.008449,0.008449,0.008449
190,1877.52,2.03299,2.92291,1.95903,0.3088,0.18936,0.1577,0.05718,2.19643,2.95761,2.06413,0.00844075,0.00844075,0.00844075
191,1886.4,1.93719,2.8573,1.93979,0.26745,0.21702,0.15678,0.05512,2.1823,2.93943,2.06136,0.0084325,0.0084325,0.0084325
192,1895.72,2.02089,2.91751,1.94535,0.23566,0.1766,0.13,0.04596,2.23366,3.10024,2.08488,0.00842425,0.00842425,0.00842425
193,1904.51,2.01184,2.87865,1.95226,0.3213,0.18936,0.15969,0.06079,2.21496,2.95793,2.07875,0.008416,0.008416,0.008416
194,1913.32,2.01164,2.87719,1.93432,0.32871,0.18723,0.15476,0.05441,2.1945,2.96788,2.07239,0.00840775,0.00840775,0.00840775
195,1922.49,2.04697,2.88673,1.9714,0.28722,0.22034,0.15168,0.05736,2.19282,2.96249,2.07127,0.0083995,0.0083995,0.0083995
196,1931.57,1.97637,2.85508,1.92818,0.31599,0.21277,0.17151,0.0649,2.14496,2.9194,2.04945,0.00839125,0.00839125,0.00839125
197,1941.73,1.97185,2.81964,1.93669,0.2929,0.19149,0.15253,0.05706,2.2232,2.95129,2.06578,0.008383,0.008383,0.008383
198,1950.62,1.98603,2.83659,1.90746,0.3425,0.17447,0.16065,0.06108,2.19457,2.88202,2.05769,0.00837475,0.00837475,0.00837475
199,1959.65,1.99672,2.85383,1.93586,0.25465,0.20281,0.1491,0.05737,2.23103,2.98954,2.08446,0.0083665,0.0083665,0.0083665
200,1968.72,2.00783,2.83842,1.94168,0.30826,0.19574,0.15699,0.05657,2.18368,2.99034,2.07806,0.00835825,0.00835825,0.00835825
201,1978.29,1.96713,2.82994,1.92631,0.29003,0.20213,0.15764,0.06156,2.16119,2.91269,2.06554,0.00835,0.00835,0.00835
202,1988,1.96045,2.80658,1.92518,0.32969,0.20426,0.16517,0.06292,2.15733,2.933,2.07584,0.00834175,0.00834175,0.00834175
203,1996.92,1.99304,2.80976,1.9333,0.24845,0.21064,0.15458,0.05652,2.15746,2.91371,2.06812,0.0083335,0.0083335,0.0083335
204,2005.85,1.98308,2.81189,1.92911,0.2633,0.18936,0.17,0.06159,2.1845,2.88672,2.07551,0.00832525,0.00832525,0.00832525
205,2014.73,1.94064,2.7721,1.91598,0.26964,0.19167,0.15943,0.06301,2.15913,2.8933,2.04476,0.008317,0.008317,0.008317
206,2024.31,1.95119,2.79681,1.90987,0.30282,0.21064,0.17133,0.06742,2.13373,2.85541,2.0479,0.00830875,0.00830875,0.00830875
207,2034.38,1.95465,2.8049,1.90927,0.31012,0.22979,0.18163,0.06972,2.16452,2.8561,2.05534,0.0083005,0.0083005,0.0083005
208,2043.49,1.92177,2.74117,1.89724,0.29674,0.2,0.18319,0.06767,2.10126,2.84198,2.03734,0.00829225,0.00829225,0.00829225
209,2052.35,1.93557,2.75091,1.9183,0.28544,0.24468,0.1758,0.06681,2.14738,2.88095,2.03736,0.008284,0.008284,0.008284
210,2061.32,1.95147,2.76128,1.90945,0.31429,0.21489,0.18476,0.06575,2.12671,2.89263,2.01726,0.00827575,0.00827575,0.00827575
211,2071.49,1.91081,2.76218,1.88477,0.28385,0.25106,0.17843,0.06937,2.07991,2.80073,2.01937,0.0082675,0.0082675,0.0082675
212,2080.39,1.9134,2.78051,1.90872,0.28271,0.19574,0.16566,0.06597,2.1592,2.88698,2.0694,0.00825925,0.00825925,0.00825925
213,2089.27,1.94364,2.7669,1.90461,0.34256,0.21064,0.18524,0.07589,2.173,2.85979,2.05241,0.008251,0.008251,0.008251
214,2098.57,1.92606,2.74376,1.89154,0.31057,0.20213,0.17504,0.07067,2.12593,2.84601,2.03809,0.00824275,0.00824275,0.00824275
215,2107.61,1.91488,2.70955,1.87842,0.34564,0.23404,0.19547,0.07685,2.1208,2.8203,2.0501,0.0082345,0.0082345,0.0082345
216,2118.47,1.94982,2.75525,1.89104,0.30247,0.22979,0.19091,0.06564,2.10443,2.82695,2.03839,0.00822625,0.00822625,0.00822625
217,2127.35,1.89514,2.73773,1.90487,0.33984,0.2234,0.18648,0.07183,2.12108,2.76095,2.02858,0.008218,0.008218,0.008218
218,2136.25,1.96035,2.77945,1.89806,0.31547,0.21277,0.188,0.0736,2.10145,2.78775,2.03556,0.00820975,0.00820975,0.00820975
219,2145.1,1.90396,2.71286,1.8781,0.35486,0.21064,0.18873,0.07369,2.09532,2.80768,2.02255,0.0082015,0.0082015,0.0082015
220,2154.8,1.94455,2.80694,1.89182,0.29815,0.19787,0.18079,0.07062,2.0868,2.84048,2.00833,0.00819325,0.00819325,0.00819325
221,2164.59,1.88658,2.69634,1.88524,0.31309,0.22766,0.18778,0.07393,2.09825,2.82034,2.00305,0.008185,0.008185,0.008185
222,2173.51,1.93009,2.75951,1.8871,0.32229,0.22128,0.18878,0.07365,2.10203,2.78851,2.03771,0.00817675,0.00817675,0.00817675
223,2182.37,1.92516,2.68568,1.87446,0.31508,0.2383,0.19228,0.07463,2.15271,2.764,2.05767,0.0081685,0.0081685,0.0081685
224,2191.19,1.92615,2.71637,1.88505,0.27659,0.24681,0.17996,0.069,2.15784,2.81637,2.07164,0.00816025,0.00816025,0.00816025
225,2200.84,1.89222,2.68991,1.87263,0.30394,0.21915,0.17935,0.07364,2.14036,2.84216,2.05291,0.008152,0.008152,0.008152
226,2210.89,1.91659,2.72175,1.87202,0.32142,0.2234,0.19464,0.07667,2.11703,2.78301,2.0568,0.00814375,0.00814375,0.00814375
227,2219.74,1.86529,2.64149,1.85829,0.35071,0.20638,0.19432,0.07575,2.10656,2.78534,2.0505,0.0081355,0.0081355,0.0081355
228,2228.61,1.87253,2.64092,1.84636,0.33761,0.2234,0.199,0.07551,2.12344,2.80891,2.06713,0.00812725,0.00812725,0.00812725
229,2237.51,1.89827,2.70629,1.87076,0.3347,0.22907,0.20806,0.0849,2.08446,2.73814,2.02428,0.008119,0.008119,0.008119
230,2247.35,1.86803,2.65614,1.85195,0.39748,0.24255,0.21592,0.09013,2.10126,2.76357,2.03238,0.00811075,0.00811075,0.00811075
231,2257.47,1.90198,2.6575,1.86515,0.36185,0.22766,0.21061,0.08593,2.05364,2.73219,2.01784,0.0081025,0.0081025,0.0081025
232,2266.31,1.85835,2.62318,1.85084,0.32957,0.2383,0.20457,0.08592,2.06907,2.7406,2.02803,0.00809425,0.00809425,0.00809425
233,2275.24,1.89003,2.65344,1.86418,0.32157,0.24468,0.20314,0.08636,2.04587,2.69259,2.00508,0.008086,0.008086,0.008086
234,2284.12,1.85127,2.62208,1.86332,0.34755,0.24681,0.21933,0.08335,2.11333,2.72277,2.02681,0.00807775,0.00807775,0.00807775
235,2293.76,1.88151,2.62122,1.85401,0.33989,0.25745,0.20948,0.08352,2.0765,2.72843,2.0031,0.0080695,0.0080695,0.0080695
236,2303.44,1.82701,2.58144,1.82378,0.32356,0.25647,0.21109,0.08758,2.05497,2.74674,1.9943,0.00806125,0.00806125,0.00806125
237,2312.36,1.85048,2.63478,1.84113,0.34684,0.24744,0.21794,0.0912,2.05569,2.74117,1.99079,0.008053,0.008053,0.008053
238,2321.46,1.87576,2.58936,1.83268,0.33246,0.25106,0.20899,0.08602,2.09638,2.76203,2.04009,0.00804475,0.00804475,0.00804475
239,2330.38,1.82493,2.61549,1.83543,0.3711,0.22128,0.21184,0.09033,2.05159,2.69704,1.99842,0.0080365,0.0080365,0.0080365
240,2340.21,1.8657,2.6266,1.83829,0.35543,0.27923,0.23192,0.09393,2.05832,2.65376,2.01017,0.00802825,0.00802825,0.00802825
241,2350.02,1.84694,2.61404,1.84876,0.36173,0.2617,0.21881,0.09313,2.02783,2.67446,1.98066,0.00802,0.00802,0.00802
242,2358.89,1.84078,2.58687,1.82995,0.3472,0.23617,0.21809,0.09034,2.03029,2.68337,1.9742,0.00801175,0.00801175,0.00801175
243,2367.72,1.8576,2.57907,1.83878,0.37851,0.25319,0.22637,0.08975,2.04849,2.70564,1.99104,0.0080035,0.0080035,0.0080035
244,2376.68,1.84352,2.53819,1.81989,0.34312,0.2383,0.22086,0.08763,2.03717,2.68867,1.9957,0.00799525,0.00799525,0.00799525
245,2386.97,1.84568,2.58793,1.8279,0.33945,0.25957,0.22347,0.09219,2.00709,2.63499,1.95361,0.007987,0.007987,0.007987
246,2395.88,1.82879,2.55203,1.81826,0.41054,0.23404,0.22375,0.09561,2.04544,2.69807,1.96157,0.00797875,0.00797875,0.00797875
247,2404.96,1.80547,2.53836,1.8153,0.34743,0.2617,0.23138,0.09851,2.0037,2.64587,1.97965,0.0079705,0.0079705,0.0079705
248,2414.03,1.83648,2.59175,1.8172,0.37691,0.28298,0.23599,0.1032,2.03365,2.58982,1.97819,0.00796225,0.00796225,0.00796225
249,2423.69,1.80221,2.51735,1.79523,0.37528,0.2617,0.22868,0.09954,2.00024,2.60704,1.95835,0.007954,0.007954,0.007954
250,2433.81,1.85184,2.52545,1.81191,0.36481,0.27129,0.23357,0.10131,1.9975,2.60289,1.95755,0.00794575,0.00794575,0.00794575
251,2442.7,1.81359,2.517,1.79333,0.37038,0.25957,0.23568,0.10483,1.97415,2.61865,1.94811,0.0079375,0.0079375,0.0079375
252,2451.91,1.79267,2.52564,1.79096,0.37667,0.26383,0.23241,0.10001,1.99681,2.61485,1.95361,0.00792925,0.00792925,0.00792925
253,2460.94,1.78947,2.49758,1.80193,0.36198,0.27021,0.2398,0.10521,1.9822,2.59709,1.95694,0.007921,0.007921,0.007921
254,2470.58,1.8307,2.52053,1.81538,0.34272,0.28298,0.24493,0.10474,2.01529,2.60569,1.96789,0.00791275,0.00791275,0.00791275
255,2480.73,1.82684,2.49022,1.80281,0.42552,0.27021,0.25581,0.10349,2.01792,2.5851,1.96936,0.0079045,0.0079045,0.0079045
256,2489.57,1.7486,2.43324,1.77205,0.39706,0.2617,0.24219,0.09935,2.06786,2.60296,1.9903,0.00789625,0.00789625,0.00789625
257,2498.43,1.80871,2.49198,1.793,0.37507,0.2766,0.25353,0.1064,2.01855,2.58552,1.99054,0.007888,0.007888,0.007888
258,2507.53,1.79141,2.4617,1.78312,0.38831,0.29149,0.2396,0.10166,2.01216,2.60401,1.96201,0.00787975,0.00787975,0.00787975
259,2516.79,1.77301,2.48137,1.78564,0.34554,0.27872,0.24365,0.10835,2.01804,2.55976,1.97385,0.0078715,0.0078715,0.0078715
260,2526.6,1.80163,2.43396,1.779,0.35975,0.28723,0.24888,0.10856,1.99161,2.5394,1.95751,0.00786325,0.00786325,0.00786325
261,2535.81,1.73742,2.39332,1.74574,0.39188,0.24894,0.24912,0.1043,2.03902,2.56022,1.97146,0.007855,0.007855,0.007855
262,2544.85,1.805,2.46521,1.78527,0.33702,0.28511,0.24506,0.10754,1.98835,2.55394,1.9479,0.00784675,0.00784675,0.00784675
263,2553.78,1.77954,2.43708,1.77758,0.39439,0.30213,0.26082,0.11812,1.98762,2.5078,1.93025,0.0078385,0.0078385,0.0078385
264,2563.6,1.76065,2.40359,1.76887,0.40633,0.28106,0.27505,0.1247,1.95869,2.47006,1.94216,0.00783025,0.00783025,0.00783025
265,2573.7,1.80629,2.43512,1.78509,0.43198,0.26596,0.26118,0.11508,1.99845,2.52061,1.93451,0.007822,0.007822,0.007822
266,2582.44,1.74288,2.37916,1.75554,0.39163,0.28936,0.25816,0.11566,1.9473,2.59351,1.92159,0.00781375,0.00781375,0.00781375
267,2591.3,1.78009,2.43109,1.76784,0.39239,0.26809,0.26235,0.11545,1.95565,2.51633,1.9413,0.0078055,0.0078055,0.0078055
268,2600.05,1.73562,2.41942,1.74723,0.41422,0.28298,0.27843,0.12369,1.92576,2.48417,1.90978,0.00779725,0.00779725,0.00779725
269,2610.01,1.73916,2.38896,1.74227,0.3295,0.30213,0.26317,0.11711,1.96991,2.49346,1.93329,0.007789,0.007789,0.007789
270,2619.58,1.72469,2.39646,1.74909,0.39818,0.28085,0.27784,0.1246,1.94414,2.49425,1.89939,0.00778075,0.00778075,0.00778075
271,2628.82,1.72705,2.36292,1.74301,0.42478,0.27447,0.26588,0.12164,1.97552,2.49967,1.92764,0.0077725,0.0077725,0.0077725
272,2637.69,1.7589,2.37312,1.7537,0.39231,0.30851,0.28758,0.12942,1.96011,2.43244,1.93267,0.00776425,0.00776425,0.00776425
273,2647.17,1.76081,2.37746,1.74994,0.41089,0.3,0.29167,0.13398,1.9849,2.46091,1.91365,0.007756,0.007756,0.007756
274,2657.72,1.75766,2.33059,1.75119,0.39236,0.29574,0.27993,0.12932,1.9411,2.4749,1.9144,0.00774775,0.00774775,0.00774775
275,2666.74,1.73514,2.36347,1.74889,0.41826,0.29362,0.27657,0.12679,1.96928,2.47849,1.91343,0.0077395,0.0077395,0.0077395
276,2675.93,1.75263,2.3311,1.72681,0.42931,0.2849,0.29473,0.13239,1.9188,2.41936,1.89112,0.00773125,0.00773125,0.00773125
277,2685.06,1.71561,2.29224,1.72047,0.39722,0.30851,0.28333,0.12703,1.9235,2.40452,1.87747,0.007723,0.007723,0.007723
278,2694.41,1.72326,2.31793,1.73599,0.37456,0.3313,0.29241,0.1375,1.90898,2.41116,1.87052,0.00771475,0.00771475,0.00771475
279,2704.76,1.73164,2.33426,1.74373,0.42957,0.30638,0.28877,0.13161,1.93565,2.42878,1.89763,0.0077065,0.0077065,0.0077065
280,2714.12,1.73031,2.31496,1.72369,0.43779,0.31064,0.30535,0.13699,1.92664,2.403,1.89304,0.00769825,0.00769825,0.00769825
281,2723.19,1.70612,2.28307,1.7164,0.45715,0.31277,0.30792,0.14263,1.88459,2.40887,1.85698,0.00769,0.00769,0.00769
282,2732.25,1.73331,2.3182,1.75009,0.47776,0.30638,0.30302,0.14435,1.90705,2.37896,1.86963,0.00768175,0.00768175,0.00768175
283,2741.31,1.69967,2.28066,1.71898,0.45981,0.34468,0.32635,0.1551,1.93173,2.33969,1.89036,0.0076735,0.0076735,0.0076735
284,2750.88,1.71657,2.30274,1.71712,0.51688,0.32779,0.34107,0.15142,1.9102,2.36846,1.90034,0.00766525,0.00766525,0.00766525
285,2761.07,1.70686,2.27647,1.71506,0.47027,0.32553,0.31202,0.14079,1.92028,2.40995,1.88546,0.007657,0.007657,0.007657
286,2770.01,1.68376,2.27761,1.71477,0.48341,0.30638,0.32429,0.14784,1.90747,2.38261,1.89988,0.00764875,0.00764875,0.00764875
287,2779,1.6543,2.25302,1.70437,0.45932,0.3234,0.32641,0.15354,1.85208,2.33003,1.88719,0.0076405,0.0076405,0.0076405
288,2787.97,1.6828,2.24454,1.70353,0.48841,0.30851,0.3251,0.14397,1.90731,2.3561,1.86513,0.00763225,0.00763225,0.00763225
289,2797.28,1.68271,2.23873,1.70391,0.41783,0.31702,0.2996,0.13681,1.91106,2.45352,1.85766,0.007624,0.007624,0.007624
290,2807.71,1.70523,2.25699,1.70799,0.46248,0.32979,0.31406,0.14066,1.92803,2.39033,1.85509,0.00761575,0.00761575,0.00761575
291,2816.47,1.69458,2.27662,1.70683,0.45865,0.32087,0.3212,0.15747,1.89963,2.32226,1.84841,0.0076075,0.0076075,0.0076075
292,2825.67,1.65271,2.23569,1.68239,0.45352,0.33372,0.32474,0.15129,1.87349,2.3283,1.86328,0.00759925,0.00759925,0.00759925
293,2834.46,1.69078,2.24546,1.70428,0.44928,0.31702,0.3241,0.15411,1.86245,2.35201,1.86275,0.007591,0.007591,0.007591
294,2843.63,1.66514,2.21529,1.67175,0.46802,0.30512,0.33403,0.1594,1.8631,2.29063,1.83944,0.00758275,0.00758275,0.00758275
295,2854.71,1.65569,2.14896,1.67643,0.44044,0.34043,0.32028,0.15412,1.86518,2.31787,1.84182,0.0075745,0.0075745,0.0075745
296,2863.63,1.71182,2.23465,1.70127,0.45426,0.32979,0.31569,0.1469,1.90218,2.36363,1.88524,0.00756625,0.00756625,0.00756625
297,2872.35,1.69289,2.25061,1.69794,0.46578,0.34255,0.32754,0.15753,1.84089,2.34311,1.83687,0.007558,0.007558,0.007558
298,2881.33,1.6395,2.16327,1.66793,0.52063,0.31915,0.3303,0.15659,1.8752,2.33246,1.83244,0.00754975,0.00754975,0.00754975
299,2890.46,1.68012,2.21716,1.6827,0.47545,0.35957,0.34545,0.16326,1.84557,2.30651,1.83572,0.0075415,0.0075415,0.0075415
300,2901.1,1.64921,2.18145,1.68994,0.47349,0.36596,0.34689,0.16353,1.87373,2.31135,1.85175,0.00753325,0.00753325,0.00753325
301,2910.15,1.67614,2.20218,1.68141,0.4863,0.37262,0.35942,0.17157,1.89332,2.24757,1.83736,0.007525,0.007525,0.007525
302,2919.2,1.65557,2.1516,1.67509,0.47336,0.33468,0.3504,0.15785,1.86259,2.29608,1.84942,0.00751675,0.00751675,0.00751675
303,2928.02,1.63578,2.15484,1.66559,0.48617,0.33191,0.35206,0.15949,1.87735,2.32918,1.8617,0.0075085,0.0075085,0.0075085
304,2937.45,1.66801,2.18392,1.66436,0.51873,0.36596,0.37739,0.17726,1.84296,2.25435,1.81671,0.00750025,0.00750025,0.00750025
305,2947.65,1.65869,2.14642,1.65942,0.5277,0.34894,0.37558,0.18292,1.82301,2.24209,1.82537,0.007492,0.007492,0.007492
306,2956.73,1.61258,2.12028,1.63867,0.50489,0.3645,0.36996,0.17862,1.83317,2.17217,1.81713,0.00748375,0.00748375,0.00748375
307,2965.62,1.65478,2.13782,1.66047,0.49073,0.39574,0.38157,0.17702,1.80116,2.14858,1.79507,0.0074755,0.0074755,0.0074755
308,2974.46,1.6143,2.11834,1.63276,0.52388,0.38936,0.38521,0.18158,1.83263,2.17671,1.8167,0.00746725,0.00746725,0.00746725
309,2983.93,1.63243,2.11793,1.65319,0.52483,0.34468,0.36481,0.1687,1.84832,2.26276,1.81624,0.007459,0.007459,0.007459
310,2994,1.62752,2.11724,1.64237,0.58096,0.35106,0.3949,0.1812,1.83162,2.20127,1.80952,0.00745075,0.00745075,0.00745075
311,3003.19,1.64195,2.12432,1.64958,0.51682,0.38511,0.39534,0.18157,1.81838,2.16942,1.8033,0.0074425,0.0074425,0.0074425
312,3012.53,1.60548,2.1273,1.66183,0.484,0.37718,0.37998,0.18161,1.81138,2.17867,1.79389,0.00743425,0.00743425,0.00743425
313,3021.35,1.60681,2.08772,1.63017,0.51584,0.38085,0.40505,0.19495,1.77719,2.1277,1.78367,0.007426,0.007426,0.007426
314,3031.36,1.61581,2.10086,1.65653,0.5169,0.39574,0.40182,0.19247,1.79008,2.13173,1.78369,0.00741775,0.00741775,0.00741775
315,3041.19,1.60874,2.06754,1.63984,0.55291,0.39574,0.39916,0.19741,1.80831,2.13148,1.79315,0.0074095,0.0074095,0.0074095
316,3050.3,1.60192,2.05166,1.62398,0.55461,0.35745,0.39347,0.19385,1.82021,2.15726,1.76529,0.00740125,0.00740125,0.00740125
317,3059.2,1.61465,2.05846,1.64537,0.56548,0.39149,0.42287,0.20632,1.75906,2.11133,1.77186,0.007393,0.007393,0.007393
318,3068.43,1.608,2.06604,1.63767,0.50541,0.40213,0.41788,0.20315,1.77479,2.16633,1.76703,0.00738475,0.00738475,0.00738475
319,3078.58,1.58529,2.0769,1.61506,0.57392,0.36596,0.40195,0.20137,1.74124,2.16707,1.75913,0.0073765,0.0073765,0.0073765
320,3088.03,1.59787,2.06983,1.63376,0.53347,0.39787,0.40055,0.1997,1.75029,2.1541,1.77866,0.00736825,0.00736825,0.00736825
321,3097.03,1.54356,1.99747,1.60773,0.57161,0.4234,0.43653,0.22377,1.74484,2.07946,1.73087,0.00736,0.00736,0.00736
322,3106.34,1.60684,2.02259,1.61251,0.55805,0.37021,0.41992,0.21185,1.78928,2.12321,1.76114,0.00735175,0.00735175,0.00735175
323,3115.4,1.58989,2.012,1.62288,0.51444,0.38723,0.39639,0.19953,1.795,2.14065,1.79435,0.0073435,0.0073435,0.0073435
324,3125.6,1.57465,2.03292,1.60961,0.55492,0.39526,0.41167,0.1987,1.78676,2.12552,1.78014,0.00733525,0.00733525,0.00733525
325,3134.52,1.5523,2.03078,1.60928,0.49857,0.41489,0.41594,0.2007,1.76687,2.10837,1.75565,0.007327,0.007327,0.007327
326,3143.49,1.57005,2.02207,1.61032,0.54254,0.41702,0.42042,0.20987,1.73807,2.10988,1.7602,0.00731875,0.00731875,0.00731875
327,3152.45,1.57369,1.99596,1.59519,0.61406,0.38936,0.42157,0.20981,1.75491,2.08405,1.74662,0.0073105,0.0073105,0.0073105
328,3161.94,1.5774,2.01681,1.58929,0.62772,0.41702,0.46518,0.23322,1.72992,2.01166,1.7313,0.00730225,0.00730225,0.00730225
329,3172.22,1.5668,2.00851,1.5965,0.60517,0.42553,0.46535,0.23471,1.75221,2.008,1.73359,0.007294,0.007294,0.007294
330,3181.23,1.56945,1.96709,1.6041,0.50828,0.40907,0.43405,0.21946,1.77786,2.04796,1.74739,0.00728575,0.00728575,0.00728575
331,3190.02,1.60624,2.02466,1.62072,0.56191,0.4234,0.44453,0.22457,1.72938,2.0111,1.72872,0.0072775,0.0072775,0.0072775
332,3198.85,1.54494,1.95127,1.58296,0.58548,0.42974,0.45277,0.23368,1.74906,2.04084,1.7406,0.00726925,0.00726925,0.00726925
333,3208.23,1.56252,1.97381,1.60068,0.59594,0.39574,0.45047,0.22785,1.71846,2.08019,1.75132,0.007261,0.007261,0.007261
334,3218.15,1.56904,1.98732,1.59608,0.56482,0.41915,0.46391,0.23816,1.69999,2.01282,1.7217,0.00725275,0.00725275,0.00725275
335,3227.21,1.55832,1.9827,1.58948,0.60095,0.39787,0.45231,0.2321,1.73202,2.01715,1.73882,0.0072445,0.0072445,0.0072445
336,3236.18,1.56382,1.96604,1.58053,0.57788,0.43617,0.46176,0.24038,1.69727,2.00053,1.70904,0.00723625,0.00723625,0.00723625
337,3245.31,1.54804,2.00273,1.57993,0.54516,0.4383,0.45093,0.23072,1.71154,2.02192,1.71559,0.007228,0.007228,0.007228
338,3254.71,1.52971,1.90947,1.57489,0.58938,0.43617,0.4642,0.23873,1.71541,2.00202,1.73175,0.00721975,0.00721975,0.00721975
339,3264.71,1.54478,1.91894,1.57129,0.55566,0.4617,0.4857,0.25177,1.70187,1.94352,1.73829,0.0072115,0.0072115,0.0072115
340,3274.2,1.58389,2.00161,1.59476,0.60595,0.46383,0.49373,0.25209,1.68496,1.93355,1.71703,0.00720325,0.00720325,0.00720325
341,3283.39,1.54119,1.95751,1.57887,0.65541,0.41277,0.48631,0.25928,1.66991,1.98389,1.70696,0.007195,0.007195,0.007195
342,3292.51,1.55632,1.94165,1.56038,0.6312,0.42979,0.47974,0.25194,1.70066,1.95175,1.71709,0.00718675,0.00718675,0.00718675
343,3302.41,1.55958,1.97586,1.58365,0.59155,0.44255,0.47673,0.25178,1.70991,1.93023,1.7271,0.0071785,0.0071785,0.0071785
344,3312.15,1.50917,1.88225,1.54925,0.62161,0.45106,0.49213,0.25806,1.69188,1.92743,1.71654,0.00717025,0.00717025,0.00717025
345,3320.99,1.52753,1.88807,1.56226,0.631,0.42553,0.48253,0.25499,1.68186,1.95292,1.70347,0.007162,0.007162,0.007162
346,3329.96,1.54141,1.88769,1.5678,0.61907,0.45957,0.4916,0.25775,1.66116,1.94218,1.67398,0.00715375,0.00715375,0.00715375
347,3338.96,1.50306,1.90431,1.55239,0.57843,0.49574,0.50235,0.26517,1.67809,1.92468,1.67746,0.0071455,0.0071455,0.0071455
348,3349.41,1.51504,1.92447,1.56075,0.66025,0.43617,0.49079,0.25488,1.69387,1.95226,1.696,0.00713725,0.00713725,0.00713725
349,3358.45,1.5333,1.88776,1.556,0.62011,0.45319,0.49851,0.25689,1.67713,1.93168,1.69627,0.007129,0.007129,0.007129
350,3367.3,1.51558,1.87181,1.54836,0.64595,0.45957,0.5094,0.26922,1.6575,1.91501,1.67856,0.00712075,0.00712075,0.00712075
351,3376.35,1.55148,1.93039,1.57217,0.62013,0.47933,0.51131,0.2664,1.67166,1.91831,1.69227,0.0071125,0.0071125,0.0071125
352,3385.31,1.48538,1.86438,1.53484,0.66893,0.4383,0.51118,0.26122,1.66321,1.88967,1.68701,0.00710425,0.00710425,0.00710425
353,3395.58,1.52362,1.91646,1.56488,0.64598,0.45319,0.51074,0.26239,1.67286,1.88792,1.69863,0.007096,0.007096,0.007096
354,3404.41,1.49888,1.84283,1.55136,0.57195,0.48723,0.51037,0.26818,1.64328,1.88716,1.67482,0.00708775,0.00708775,0.00708775
355,3413.38,1.48264,1.83272,1.53091,0.63461,0.45452,0.51523,0.27608,1.64006,1.88104,1.67877,0.0070795,0.0070795,0.0070795
356,3422.73,1.51284,1.84869,1.54327,0.6257,0.46809,0.51494,0.27992,1.6284,1.87836,1.66645,0.00707125,0.00707125,0.00707125
357,3432.64,1.47298,1.84722,1.53521,0.61489,0.48511,0.52548,0.27982,1.60754,1.87388,1.64762,0.007063,0.007063,0.007063
358,3443.14,1.50697,1.81607,1.54918,0.61137,0.49537,0.52814,0.2856,1.61474,1.82638,1.65133,0.00705475,0.00705475,0.00705475
359,3452.4,1.50947,1.82725,1.54191,0.59296,0.48662,0.526,0.28569,1.60965,1.80564,1.63953,0.0070465,0.0070465,0.0070465
360,3461.32,1.49652,1.84719,1.54022,0.63716,0.48085,0.5243,0.28466,1.60345,1.81027,1.62819,0.00703825,0.00703825,0.00703825
361,3470.14,1.48115,1.84051,1.53455,0.62788,0.48823,0.53627,0.2836,1.61508,1.86837,1.64929,0.00703,0.00703,0.00703
362,3479.48,1.44134,1.78351,1.51572,0.66321,0.46925,0.54024,0.27972,1.63776,1.88121,1.65719,0.00702175,0.00702175,0.00702175
363,3489.31,1.48332,1.82103,1.51678,0.64705,0.47978,0.53644,0.28724,1.6273,1.86225,1.64028,0.0070135,0.0070135,0.0070135
364,3498.41,1.49489,1.81269,1.53764,0.63416,0.50527,0.55639,0.29981,1.61188,1.79381,1.63366,0.00700525,0.00700525,0.00700525
365,3507.54,1.4911,1.8082,1.52198,0.68425,0.46809,0.55293,0.29623,1.61593,1.78776,1.62262,0.006997,0.006997,0.006997
366,3516.47,1.46277,1.81778,1.52366,0.69822,0.48723,0.56498,0.30321,1.57904,1.77787,1.61852,0.00698875,0.00698875,0.00698875
367,3526.85,1.43796,1.79114,1.51005,0.63004,0.50365,0.55527,0.30029,1.58928,1.79513,1.62735,0.0069805,0.0069805,0.0069805
368,3536.83,1.46028,1.78936,1.51979,0.61703,0.53191,0.56328,0.30532,1.60065,1.78586,1.63974,0.00697225,0.00697225,0.00697225
369,3545.92,1.44445,1.76953,1.49876,0.65264,0.51915,0.57673,0.31335,1.57459,1.77643,1.62465,0.006964,0.006964,0.006964
370,3555.13,1.45855,1.78244,1.49318,0.68843,0.51489,0.56796,0.29955,1.57211,1.78041,1.60452,0.00695575,0.00695575,0.00695575
371,3564.5,1.46902,1.78953,1.51071,0.68921,0.49362,0.56866,0.30733,1.57114,1.76188,1.61436,0.0069475,0.0069475,0.0069475
372,3575.26,1.4685,1.76496,1.50659,0.71993,0.47582,0.56159,0.30202,1.59021,1.7916,1.63082,0.00693925,0.00693925,0.00693925
373,3584.21,1.44557,1.75329,1.51177,0.65809,0.51277,0.57149,0.31181,1.58243,1.74841,1.60585,0.006931,0.006931,0.006931
374,3593.11,1.43644,1.75648,1.49707,0.71312,0.47872,0.57261,0.31126,1.57106,1.7712,1.58666,0.00692275,0.00692275,0.00692275
375,3602.07,1.40989,1.72018,1.49853,0.68791,0.48511,0.56929,0.31293,1.57363,1.76262,1.59347,0.0069145,0.0069145,0.0069145
376,3611.89,1.45383,1.75819,1.49225,0.65312,0.52128,0.57932,0.31907,1.54529,1.69373,1.58045,0.00690625,0.00690625,0.00690625
377,3622.04,1.43229,1.72525,1.49299,0.68214,0.5234,0.58087,0.31645,1.55867,1.70948,1.58883,0.006898,0.006898,0.006898
378,3630.9,1.45333,1.76452,1.51638,0.71216,0.52642,0.59698,0.32299,1.54906,1.67657,1.58324,0.00688975,0.00688975,0.00688975
379,3639.98,1.4165,1.72623,1.48966,0.72023,0.54681,0.59972,0.32294,1.56022,1.67759,1.57265,0.0068815,0.0068815,0.0068815
380,3649.09,1.44943,1.74622,1.51058,0.72408,0.52979,0.59818,0.3281,1.54914,1.66666,1.58098,0.00687325,0.00687325,0.00687325
381,3659.38,1.42981,1.72138,1.48919,0.71499,0.51489,0.59797,0.33461,1.54876,1.67392,1.58905,0.006865,0.006865,0.006865
382,3669.88,1.42303,1.72912,1.49145,0.67817,0.53404,0.59628,0.33152,1.53894,1.69731,1.57404,0.00685675,0.00685675,0.00685675
383,3678.78,1.42253,1.72871,1.49428,0.72823,0.49574,0.58493,0.32473,1.52679,1.69252,1.58208,0.0068485,0.0068485,0.0068485
384,3687.75,1.42448,1.72948,1.4911,0.65853,0.53404,0.58348,0.31964,1.52839,1.69954,1.56594,0.00684025,0.00684025,0.00684025
385,3696.66,1.45023,1.72842,1.50548,0.65663,0.55319,0.59377,0.32103,1.54812,1.69014,1.57522,0.006832,0.006832,0.006832
386,3706.47,1.40097,1.68067,1.45897,0.71137,0.55532,0.60874,0.32479,1.55884,1.66407,1.57782,0.00682375,0.00682375,0.00682375
387,3716.4,1.36515,1.63929,1.46642,0.71362,0.52766,0.60553,0.32894,1.52565,1.67445,1.55623,0.0068155,0.0068155,0.0068155
388,3725.28,1.41882,1.67826,1.47759,0.7057,0.55745,0.62033,0.33484,1.53419,1.66094,1.55279,0.00680725,0.00680725,0.00680725
389,3734.52,1.42066,1.69093,1.47535,0.76626,0.51915,0.6251,0.33957,1.53846,1.62951,1.54995,0.006799,0.006799,0.006799
390,3743.82,1.40705,1.68768,1.47821,0.74868,0.52128,0.62004,0.34524,1.52241,1.60311,1.54096,0.00679075,0.00679075,0.00679075
391,3755.25,1.39729,1.69274,1.47176,0.72664,0.52599,0.61861,0.34636,1.49634,1.59855,1.52144,0.0067825,0.0067825,0.0067825
392,3764.37,1.41995,1.69297,1.46394,0.71682,0.56552,0.6206,0.3384,1.53371,1.63077,1.5491,0.00677425,0.00677425,0.00677425
393,3773.2,1.41762,1.66822,1.46701,0.7649,0.52766,0.62499,0.33839,1.54605,1.60744,1.54988,0.006766,0.006766,0.006766
394,3782.09,1.40883,1.6835,1.46262,0.72729,0.54255,0.6314,0.34447,1.53072,1.59615,1.5415,0.00675775,0.00675775,0.00675775
395,3791.62,1.40866,1.668,1.45884,0.78479,0.52766,0.63543,0.35058,1.51039,1.57786,1.53942,0.0067495,0.0067495,0.0067495
396,3802.62,1.38941,1.63536,1.44628,0.76408,0.54681,0.63684,0.3576,1.48358,1.5989,1.53194,0.00674125,0.00674125,0.00674125
397,3811.81,1.39411,1.63822,1.45568,0.74584,0.52766,0.61619,0.35331,1.49874,1.62464,1.5385,0.006733,0.006733,0.006733
398,3820.73,1.36686,1.6349,1.44525,0.76222,0.54468,0.6334,0.35647,1.50383,1.59795,1.53521,0.00672475,0.00672475,0.00672475
399,3829.58,1.38415,1.64779,1.44691,0.79624,0.54255,0.64253,0.36301,1.4991,1.59891,1.5173,0.0067165,0.0067165,0.0067165
400,3839.8,1.39066,1.62757,1.44438,0.74369,0.58085,0.64567,0.361,1.50012,1.591,1.51288,0.00670825,0.00670825,0.00670825
401,3849.73,1.41396,1.69516,1.47402,0.76729,0.56121,0.64326,0.36051,1.5027,1.60248,1.52778,0.0067,0.0067,0.0067
402,3858.72,1.41695,1.68336,1.46186,0.76358,0.55319,0.64683,0.36502,1.49075,1.56991,1.53054,0.00669175,0.00669175,0.00669175
403,3867.92,1.35557,1.623,1.4352,0.79404,0.55106,0.65128,0.36362,1.50841,1.57052,1.5329,0.0066835,0.0066835,0.0066835
404,3876.83,1.37668,1.62978,1.46288,0.73847,0.5766,0.65865,0.3686,1.49506,1.54148,1.51745,0.00667525,0.00667525,0.00667525
405,3887.91,1.35414,1.58576,1.44035,0.77226,0.56276,0.65354,0.36704,1.48774,1.53995,1.50841,0.006667,0.006667,0.006667
406,3897.33,1.37226,1.63147,1.44273,0.69173,0.57447,0.63511,0.35522,1.48716,1.57353,1.50265,0.00665875,0.00665875,0.00665875
407,3906.46,1.37766,1.63038,1.4467,0.79898,0.5383,0.65012,0.37008,1.48781,1.56911,1.50387,0.0066505,0.0066505,0.0066505
408,3915.72,1.36017,1.5936,1.42921,0.7827,0.55944,0.65411,0.36373,1.49482,1.57282,1.51054,0.00664225,0.00664225,0.00664225
409,3925.38,1.37894,1.6216,1.43497,0.81478,0.5522,0.65534,0.36779,1.49784,1.55323,1.51877,0.006634,0.006634,0.006634
410,3936.28,1.35903,1.59724,1.43752,0.78115,0.54043,0.65048,0.36768,1.48479,1.56005,1.52283,0.00662575,0.00662575,0.00662575
411,3945.97,1.35533,1.58452,1.41755,0.80538,0.56349,0.66379,0.37543,1.47963,1.52686,1.50767,0.0066175,0.0066175,0.0066175
412,3957.13,1.35638,1.57445,1.42307,0.78647,0.59149,0.67092,0.37919,1.47748,1.53897,1.50702,0.00660925,0.00660925,0.00660925
413,3968.26,1.37586,1.59045,1.43633,0.78805,0.58539,0.66289,0.37866,1.46157,1.51991,1.50246,0.006601,0.006601,0.006601
414,3977.24,1.32983,1.54179,1.41937,0.77366,0.56809,0.66511,0.37998,1.46734,1.51087,1.51722,0.00659275,0.00659275,0.00659275
415,3986.51,1.38177,1.5957,1.43863,0.76945,0.56809,0.66575,0.38451,1.47013,1.49819,1.51385,0.0065845,0.0065845,0.0065845
416,3995.71,1.3751,1.60569,1.43186,0.78555,0.56114,0.66166,0.38408,1.4647,1.4821,1.50844,0.00657625,0.00657625,0.00657625
417,4004.58,1.35598,1.57166,1.42483,0.80958,0.54277,0.66834,0.39049,1.45978,1.49743,1.49218,0.006568,0.006568,0.006568
418,4015.79,1.33064,1.56806,1.41005,0.84704,0.53404,0.66875,0.38458,1.45129,1.49526,1.48742,0.00655975,0.00655975,0.00655975
419,4025.87,1.35552,1.53432,1.42621,0.84984,0.55532,0.67425,0.38553,1.45288,1.49457,1.49526,0.0065515,0.0065515,0.0065515
420,4034.78,1.31803,1.53564,1.40866,0.81477,0.55532,0.67246,0.38696,1.45388,1.4859,1.50069,0.00654325,0.00654325,0.00654325
421,4043.63,1.33668,1.56602,1.412,0.74217,0.58797,0.66965,0.39137,1.44796,1.48905,1.48529,0.006535,0.006535,0.006535
422,4052.72,1.36175,1.56787,1.41368,0.76352,0.56809,0.67357,0.39307,1.42516,1.48525,1.47849,0.00652675,0.00652675,0.00652675
423,4062.87,1.32939,1.53256,1.3964,0.80863,0.55745,0.67529,0.39424,1.42671,1.47225,1.48497,0.0065185,0.0065185,0.0065185
424,4074.87,1.33434,1.54832,1.40443,0.77233,0.59186,0.67754,0.39423,1.4481,1.47428,1.49208,0.00651025,0.00651025,0.00651025
425,4083.91,1.33249,1.54237,1.40229,0.76517,0.58511,0.6758,0.39471,1.44692,1.4758,1.49435,0.006502,0.006502,0.006502
426,4092.94,1.33226,1.52341,1.40741,0.79166,0.58511,0.68178,0.39374,1.4371,1.43845,1.48395,0.00649375,0.00649375,0.00649375
427,4101.76,1.34566,1.52176,1.41002,0.76421,0.58511,0.67258,0.39222,1.4462,1.44899,1.47873,0.0064855,0.0064855,0.0064855
428,4111.52,1.31279,1.52404,1.40222,0.73841,0.6,0.67334,0.39236,1.43683,1.4588,1.46383,0.00647725,0.00647725,0.00647725
429,4122.22,1.32523,1.54159,1.40464,0.79124,0.56383,0.67277,0.39318,1.43925,1.46984,1.4736,0.006469,0.006469,0.006469
430,4132.47,1.3384,1.54239,1.40385,0.75428,0.59362,0.68232,0.40059,1.41627,1.44229,1.46422,0.00646075,0.00646075,0.00646075
431,4141.6,1.31851,1.50515,1.40388,0.74878,0.58936,0.68033,0.39856,1.409,1.43023,1.46126,0.0064525,0.0064525,0.0064525
432,4150.42,1.30377,1.49828,1.39439,0.78355,0.59574,0.67978,0.39537,1.41003,1.44123,1.45933,0.00644425,0.00644425,0.00644425
433,4159.44,1.31804,1.53785,1.40039,0.80756,0.58035,0.68479,0.40808,1.40094,1.42789,1.45757,0.006436,0.006436,0.006436
434,4170.06,1.31402,1.50857,1.38622,0.73779,0.61063,0.68082,0.40301,1.41834,1.44661,1.472,0.00642775,0.00642775,0.00642775
435,4181.16,1.30636,1.52365,1.40613,0.77889,0.60638,0.68293,0.40322,1.40771,1.44617,1.46331,0.0064195,0.0064195,0.0064195
436,4190.02,1.27793,1.47975,1.37662,0.75621,0.61489,0.69348,0.41345,1.40242,1.43313,1.45416,0.00641125,0.00641125,0.00641125
437,4199.05,1.31622,1.52723,1.39033,0.77613,0.61489,0.69918,0.417,1.38136,1.4286,1.44831,0.006403,0.006403,0.006403
438,4208.27,1.29426,1.48204,1.37783,0.75893,0.60953,0.69448,0.4142,1.39342,1.41781,1.44541,0.00639475,0.00639475,0.00639475
439,4217.92,1.28873,1.47757,1.36992,0.7559,0.6383,0.70087,0.41155,1.3971,1.4235,1.44572,0.0063865,0.0063865,0.0063865
440,4229.12,1.32514,1.49419,1.39053,0.80497,0.59149,0.70045,0.4222,1.37289,1.41107,1.43725,0.00637825,0.00637825,0.00637825
441,4239.13,1.332,1.51485,1.38266,0.78589,0.60914,0.70525,0.4259,1.36993,1.41531,1.43599,0.00637,0.00637,0.00637
442,4248.18,1.27657,1.46379,1.3728,0.83507,0.59149,0.70357,0.42424,1.35336,1.40257,1.43208,0.00636175,0.00636175,0.00636175
443,4257.05,1.30453,1.47132,1.37298,0.8473,0.60426,0.70592,0.42442,1.36762,1.41507,1.4403,0.0063535,0.0063535,0.0063535
444,4265.93,1.2833,1.47244,1.37393,0.84728,0.58511,0.70318,0.42679,1.35416,1.40609,1.43291,0.00634525,0.00634525,0.00634525
445,4276.3,1.29711,1.46183,1.37899,0.82346,0.60213,0.70538,0.4316,1.35007,1.40981,1.42726,0.006337,0.006337,0.006337
446,4287.11,1.25895,1.45213,1.36235,0.82448,0.61277,0.70668,0.43592,1.34598,1.41365,1.43251,0.00632875,0.00632875,0.00632875
447,4296.4,1.28521,1.43734,1.36464,0.85172,0.60638,0.71089,0.43029,1.34106,1.39628,1.42908,0.0063205,0.0063205,0.0063205
448,4305.55,1.33178,1.51012,1.39848,0.88237,0.58723,0.70836,0.43172,1.35954,1.39876,1.43236,0.00631225,0.00631225,0.00631225
449,4314.39,1.26045,1.44672,1.36179,0.8049,0.62324,0.71071,0.43126,1.36266,1.4096,1.43806,0.006304,0.006304,0.006304
450,4323.23,1.29984,1.48162,1.38413,0.77831,0.64255,0.71555,0.43265,1.35475,1.37491,1.43501,0.00629575,0.00629575,0.00629575
451,4332.11,1.2661,1.42139,1.37302,0.80053,0.61702,0.71281,0.42959,1.34888,1.38696,1.42891,0.0062875,0.0062875,0.0062875
452,4341.2,1.2906,1.45857,1.37915,0.80131,0.62641,0.71602,0.43056,1.34554,1.38255,1.42783,0.00627925,0.00627925,0.00627925
453,4350.34,1.27429,1.44624,1.36347,0.77107,0.62766,0.71134,0.42933,1.35123,1.39152,1.42584,0.006271,0.006271,0.006271
454,4359.29,1.26992,1.44838,1.35891,0.78615,0.62572,0.71291,0.43381,1.3589,1.40018,1.42232,0.00626275,0.00626275,0.00626275
455,4368.35,1.26954,1.45282,1.3671,0.80468,0.63111,0.71153,0.43308,1.35175,1.39866,1.41589,0.0062545,0.0062545,0.0062545
456,4377.3,1.27452,1.44262,1.37446,0.78068,0.62103,0.69659,0.42304,1.36377,1.41799,1.42466,0.00624625,0.00624625,0.00624625
457,4386.42,1.27453,1.44362,1.37272,0.79609,0.64255,0.71533,0.43621,1.34749,1.3927,1.4113,0.006238,0.006238,0.006238
458,4395.95,1.26244,1.42519,1.35682,0.81621,0.63191,0.72197,0.44576,1.33963,1.3821,1.40821,0.00622975,0.00622975,0.00622975
459,4405.06,1.30964,1.46496,1.36785,0.77976,0.66289,0.72519,0.44685,1.33853,1.36515,1.41344,0.0062215,0.0062215,0.0062215
460,4414.1,1.29276,1.4682,1.367,0.8499,0.62979,0.73095,0.44824,1.33027,1.34696,1.40603,0.00621325,0.00621325,0.00621325
461,4423.24,1.27143,1.43552,1.36306,0.84358,0.64894,0.73659,0.44567,1.33509,1.34071,1.41163,0.006205,0.006205,0.006205
462,4432.29,1.26521,1.40814,1.36503,0.86021,0.61536,0.7335,0.44438,1.33415,1.34732,1.4162,0.00619675,0.00619675,0.00619675
463,4441.19,1.28229,1.4591,1.3717,0.87083,0.61489,0.73727,0.44903,1.33212,1.34128,1.40604,0.0061885,0.0061885,0.0061885
464,4450.32,1.22657,1.38391,1.35065,0.87095,0.61748,0.73723,0.45204,1.3316,1.33869,1.4048,0.00618025,0.00618025,0.00618025
465,4459.39,1.26905,1.41675,1.35345,0.82243,0.65745,0.74477,0.45494,1.31766,1.33785,1.40337,0.006172,0.006172,0.006172
466,4468.4,1.24687,1.40526,1.34965,0.84276,0.64468,0.74489,0.45537,1.30282,1.3312,1.39658,0.00616375,0.00616375,0.00616375
467,4477.46,1.27908,1.43159,1.35696,0.8416,0.65957,0.74854,0.46422,1.31164,1.32366,1.40257,0.0061555,0.0061555,0.0061555
468,4486.56,1.23946,1.38221,1.33287,0.83397,0.64043,0.74405,0.45999,1.31368,1.32663,1.40264,0.00614725,0.00614725,0.00614725
469,4495.52,1.2556,1.40433,1.34156,0.88249,0.62979,0.74337,0.45923,1.30994,1.32267,1.39946,0.006139,0.006139,0.006139
470,4504.34,1.24119,1.38553,1.33232,0.84776,0.65167,0.74369,0.45432,1.32068,1.31474,1.39549,0.00613075,0.00613075,0.00613075
471,4513.33,1.29922,1.43665,1.36824,0.80489,0.67021,0.74495,0.45637,1.30925,1.30979,1.38331,0.0061225,0.0061225,0.0061225
472,4522.32,1.21283,1.371,1.33387,0.84393,0.66596,0.74411,0.46099,1.31267,1.31896,1.38409,0.00611425,0.00611425,0.00611425
473,4531.24,1.22519,1.36646,1.34355,0.83119,0.67872,0.75272,0.46239,1.31429,1.32683,1.38745,0.006106,0.006106,0.006106
474,4540.05,1.21076,1.34665,1.32055,0.84113,0.65335,0.74456,0.4602,1.31101,1.33042,1.3972,0.00609775,0.00609775,0.00609775
475,4548.89,1.23267,1.37944,1.33679,0.86444,0.65123,0.7496,0.46414,1.32878,1.32611,1.39513,0.0060895,0.0060895,0.0060895
476,4557.99,1.25032,1.40156,1.34156,0.85729,0.65187,0.75301,0.46099,1.34035,1.31152,1.39513,0.00608125,0.00608125,0.00608125
477,4566.87,1.22766,1.36236,1.32571,0.83521,0.64704,0.7511,0.45951,1.34666,1.29953,1.40254,0.006073,0.006073,0.006073
478,4575.74,1.22915,1.36504,1.32484,0.79891,0.66596,0.74429,0.45921,1.33853,1.31336,1.40761,0.00606475,0.00606475,0.00606475
479,4584.56,1.22988,1.3798,1.3205,0.8438,0.63617,0.74545,0.46286,1.32788,1.29869,1.40592,0.0060565,0.0060565,0.0060565
480,4593.41,1.26928,1.41182,1.3504,0.84362,0.65427,0.75166,0.46352,1.31102,1.29283,1.39509,0.00604825,0.00604825,0.00604825
481,4602.48,1.21697,1.35936,1.32624,0.8403,0.66054,0.76268,0.467,1.30839,1.28984,1.3933,0.00604,0.00604,0.00604
482,4611.48,1.23737,1.40235,1.33453,0.80681,0.68419,0.75774,0.46528,1.32144,1.29468,1.39299,0.00603175,0.00603175,0.00603175
483,4620.3,1.25311,1.38541,1.33097,0.8074,0.6617,0.75369,0.46294,1.31001,1.28948,1.37963,0.0060235,0.0060235,0.0060235
484,4629.31,1.22209,1.34198,1.31915,0.85147,0.6383,0.75469,0.46383,1.29645,1.28283,1.37063,0.00601525,0.00601525,0.00601525
485,4638.25,1.23793,1.35218,1.32991,0.83616,0.65319,0.75331,0.46588,1.30025,1.27191,1.3764,0.006007,0.006007,0.006007
486,4647.16,1.21499,1.33831,1.31885,0.80675,0.66383,0.75613,0.47209,1.29424,1.25783,1.36951,0.00599875,0.00599875,0.00599875
487,4656.38,1.22727,1.33804,1.3278,0.85159,0.64043,0.75229,0.47465,1.28391,1.26704,1.36281,0.0059905,0.0059905,0.0059905
488,4665.68,1.24391,1.36546,1.3288,0.82142,0.64894,0.74664,0.46669,1.2899,1.28506,1.36339,0.00598225,0.00598225,0.00598225
489,4674.61,1.20888,1.34684,1.32774,0.79402,0.6617,0.7493,0.46914,1.29158,1.26929,1.35988,0.005974,0.005974,0.005974
490,4683.63,1.21643,1.3492,1.31958,0.81267,0.66809,0.7518,0.46526,1.30438,1.26913,1.36107,0.00596575,0.00596575,0.00596575
491,4692.41,1.20003,1.33795,1.31625,0.84611,0.64342,0.75555,0.46523,1.30449,1.27757,1.35868,0.0059575,0.0059575,0.0059575
492,4701.42,1.23924,1.38368,1.3296,0.81656,0.66596,0.75696,0.46453,1.29286,1.26988,1.3528,0.00594925,0.00594925,0.00594925
493,4710.29,1.23235,1.33998,1.31395,0.8028,0.66697,0.75459,0.46983,1.28466,1.27966,1.35278,0.005941,0.005941,0.005941
494,4719.1,1.19668,1.32358,1.31266,0.83075,0.6617,0.75578,0.4735,1.28132,1.2679,1.34614,0.00593275,0.00593275,0.00593275
495,4727.95,1.2047,1.32503,1.31615,0.82374,0.66623,0.75306,0.47292,1.28427,1.26795,1.34377,0.0059245,0.0059245,0.0059245
496,4737.17,1.19274,1.33803,1.31502,0.83469,0.65957,0.74942,0.47534,1.28935,1.25946,1.34862,0.00591625,0.00591625,0.00591625
497,4746.21,1.19935,1.31768,1.3165,0.84743,0.64997,0.7569,0.47387,1.29535,1.27117,1.34715,0.005908,0.005908,0.005908
498,4755.02,1.23017,1.3425,1.31175,0.83211,0.66437,0.75521,0.47399,1.28778,1.27365,1.35025,0.00589975,0.00589975,0.00589975
499,4763.82,1.19902,1.31852,1.31791,0.83004,0.66503,0.75065,0.47422,1.26804,1.25989,1.34838,0.0058915,0.0058915,0.0058915
500,4772.9,1.20227,1.29515,1.31686,0.82995,0.67497,0.75584,0.47448,1.25643,1.25664,1.34775,0.00588325,0.00588325,0.00588325
501,4781.72,1.2073,1.33637,1.32012,0.83236,0.67872,0.76387,0.47805,1.25552,1.25815,1.34619,0.005875,0.005875,0.005875
502,4790.87,1.19709,1.33545,1.30026,0.82682,0.67872,0.76198,0.48171,1.254,1.26586,1.34694,0.00586675,0.00586675,0.00586675
503,4800.16,1.21976,1.33938,1.31636,0.87781,0.64894,0.76253,0.4863,1.24537,1.24808,1.34198,0.0058585,0.0058585,0.0058585
504,4809.73,1.22519,1.318,1.31405,0.86298,0.65957,0.76643,0.48737,1.23184,1.2417,1.34116,0.00585025,0.00585025,0.00585025
505,4818.77,1.18432,1.32197,1.30319,0.85495,0.67719,0.76963,0.48897,1.23777,1.24668,1.3414,0.005842,0.005842,0.005842
506,4827.84,1.18015,1.29361,1.29724,0.85109,0.69149,0.76878,0.48548,1.24986,1.25177,1.34457,0.00583375,0.00583375,0.00583375
507,4836.66,1.17959,1.29473,1.27963,0.86153,0.67515,0.77128,0.48724,1.25185,1.24145,1.34072,0.0058255,0.0058255,0.0058255
508,4845.76,1.17229,1.29043,1.29596,0.83969,0.68298,0.76847,0.48597,1.25148,1.23703,1.34069,0.00581725,0.00581725,0.00581725
509,4854.77,1.17244,1.28425,1.28195,0.84084,0.6766,0.77017,0.4895,1.24243,1.22281,1.33857,0.005809,0.005809,0.005809
510,4863.86,1.20675,1.31901,1.30049,0.85297,0.66652,0.76599,0.49177,1.23677,1.22959,1.33539,0.00580075,0.00580075,0.00580075
511,4873.34,1.19258,1.30413,1.30554,0.87524,0.65674,0.76745,0.49364,1.23431,1.22802,1.3319,0.0057925,0.0057925,0.0057925
512,4883.39,1.16206,1.25811,1.28413,0.86109,0.68085,0.77471,0.49548,1.24179,1.22999,1.33444,0.00578425,0.00578425,0.00578425
513,4892.61,1.17814,1.29174,1.29463,0.84151,0.6891,0.77422,0.495,1.24382,1.22352,1.33277,0.005776,0.005776,0.005776
514,4901.41,1.1752,1.26579,1.29169,0.89499,0.65957,0.77496,0.49746,1.22857,1.21862,1.32564,0.00576775,0.00576775,0.00576775
515,4910.55,1.15998,1.26309,1.28243,0.88013,0.66596,0.77774,0.49943,1.22041,1.21691,1.32505,0.0057595,0.0057595,0.0057595
516,4920.35,1.16549,1.27885,1.28535,0.87412,0.6766,0.77697,0.49754,1.22366,1.22105,1.32847,0.00575125,0.00575125,0.00575125
517,4929.16,1.18456,1.28949,1.29088,0.87797,0.66596,0.7766,0.49658,1.22571,1.20604,1.32377,0.005743,0.005743,0.005743
518,4937.97,1.19965,1.29983,1.30503,0.87246,0.67021,0.77821,0.49714,1.22239,1.19863,1.32028,0.00573475,0.00573475,0.00573475
519,4946.95,1.18652,1.29661,1.299,0.86557,0.68496,0.78396,0.5006,1.22065,1.21293,1.31676,0.0057265,0.0057265,0.0057265
520,4956.95,1.15736,1.26639,1.28224,0.8578,0.69149,0.77939,0.49798,1.21481,1.21375,1.31173,0.00571825,0.00571825,0.00571825
521,4965.87,1.17347,1.26452,1.27109,0.88915,0.66561,0.77446,0.49433,1.213,1.21328,1.30976,0.00571,0.00571,0.00571
522,4974.77,1.1567,1.27686,1.27994,0.89651,0.6617,0.77365,0.49337,1.20341,1.2061,1.30872,0.00570175,0.00570175,0.00570175
523,4984.07,1.15999,1.25128,1.27509,0.89015,0.67021,0.77236,0.4943,1.19662,1.20104,1.30283,0.0056935,0.0056935,0.0056935
524,4992.88,1.18635,1.28252,1.29702,0.90103,0.66596,0.77715,0.49786,1.1917,1.20072,1.30207,0.00568525,0.00568525,0.00568525
525,5001.7,1.1421,1.24,1.27685,0.85401,0.68298,0.77953,0.50006,1.20144,1.21073,1.30774,0.005677,0.005677,0.005677
526,5010.55,1.1704,1.24816,1.2858,0.88157,0.67021,0.77921,0.5037,1.20257,1.20939,1.31219,0.00566875,0.00566875,0.00566875
527,5020.03,1.13394,1.26575,1.26898,0.83218,0.70638,0.78232,0.50826,1.19599,1.1993,1.3095,0.0056605,0.0056605,0.0056605
528,5029.22,1.17805,1.24941,1.28334,0.88194,0.66754,0.7808,0.51094,1.18618,1.19748,1.30556,0.00565225,0.00565225,0.00565225
529,5038.41,1.14727,1.23884,1.27396,0.8404,0.6834,0.77805,0.50768,1.18264,1.19672,1.30653,0.005644,0.005644,0.005644
530,5047.26,1.16806,1.26093,1.29138,0.85802,0.69436,0.77798,0.50831,1.19234,1.19548,1.30817,0.00563575,0.00563575,0.00563575
531,5056.42,1.16862,1.2617,1.28122,0.87932,0.69362,0.7851,0.51387,1.19346,1.19039,1.30544,0.0056275,0.0056275,0.0056275
532,5065.53,1.1413,1.22353,1.26941,0.87637,0.68298,0.78783,0.51439,1.19081,1.17539,1.30971,0.00561925,0.00561925,0.00561925
533,5074.68,1.14713,1.24981,1.27543,0.88149,0.68052,0.78925,0.51387,1.19584,1.17459,1.31194,0.005611,0.005611,0.005611
534,5083.51,1.15703,1.25068,1.28104,0.89897,0.68723,0.79333,0.51412,1.19525,1.17392,1.30758,0.00560275,0.00560275,0.00560275
535,5093.05,1.1521,1.23695,1.26728,0.87351,0.69362,0.79161,0.51777,1.19203,1.17785,1.30713,0.0055945,0.0055945,0.0055945
536,5102.15,1.15271,1.23492,1.26689,0.85626,0.69574,0.787,0.51459,1.18425,1.17078,1.30143,0.00558625,0.00558625,0.00558625
537,5111.08,1.13871,1.2296,1.26826,0.89321,0.67447,0.78764,0.51525,1.17945,1.15944,1.29857,0.005578,0.005578,0.005578
538,5119.95,1.11159,1.20341,1.26448,0.89627,0.68018,0.79059,0.51796,1.17916,1.15492,1.29789,0.00556975,0.00556975,0.00556975
539,5129.39,1.16184,1.26251,1.2661,0.86212,0.69149,0.79306,0.51569,1.17561,1.15133,1.30003,0.0055615,0.0055615,0.0055615
540,5138.19,1.1735,1.23882,1.26767,0.86814,0.68639,0.7939,0.51588,1.17467,1.14952,1.30032,0.00555325,0.00555325,0.00555325
541,5146.99,1.13304,1.25455,1.2728,0.80116,0.72011,0.79014,0.51763,1.17166,1.1417,1.29808,0.005545,0.005545,0.005545
542,5156.17,1.15344,1.22095,1.26199,0.85599,0.68298,0.79274,0.51892,1.17356,1.15,1.29221,0.00553675,0.00553675,0.00553675
543,5165.88,1.10345,1.19837,1.25637,0.87134,0.68936,0.79272,0.51952,1.1759,1.14973,1.28874,0.0055285,0.0055285,0.0055285
544,5175.16,1.14938,1.2069,1.26439,0.87629,0.7,0.79587,0.51931,1.17762,1.1542,1.29009,0.00552025,0.00552025,0.00552025
545,5184.21,1.14422,1.21895,1.26737,0.88596,0.7,0.79778,0.52179,1.178,1.15353,1.28635,0.005512,0.005512,0.005512
546,5193.22,1.14697,1.19511,1.25246,0.85969,0.70213,0.79529,0.52338,1.17517,1.15824,1.28141,0.00550375,0.00550375,0.00550375
547,5203,1.11922,1.20092,1.24855,0.86817,0.70851,0.79433,0.52072,1.18367,1.14909,1.28158,0.0054955,0.0054955,0.0054955
548,5211.99,1.13799,1.20436,1.24749,0.87878,0.69574,0.79673,0.51989,1.18952,1.15464,1.28854,0.00548725,0.00548725,0.00548725
549,5220.82,1.11993,1.1898,1.25327,0.83446,0.70786,0.79594,0.5212,1.18657,1.15466,1.2906,0.005479,0.005479,0.005479
550,5229.64,1.15075,1.21173,1.25811,0.84076,0.71893,0.79784,0.52219,1.17677,1.15151,1.28476,0.00547075,0.00547075,0.00547075
551,5238.99,1.12018,1.19522,1.25315,0.86683,0.70426,0.8025,0.52449,1.18457,1.14347,1.28793,0.0054625,0.0054625,0.0054625
552,5248.39,1.14726,1.20921,1.26178,0.87184,0.70638,0.80344,0.52898,1.1805,1.14007,1.28225,0.00545425,0.00545425,0.00545425
553,5257.39,1.12153,1.2021,1.25073,0.84508,0.71702,0.79806,0.52398,1.18081,1.14855,1.27895,0.005446,0.005446,0.005446
554,5266.07,1.14122,1.21999,1.25942,0.84189,0.72128,0.80048,0.52748,1.17506,1.14561,1.2763,0.00543775,0.00543775,0.00543775
555,5275.17,1.10967,1.18169,1.24348,0.84137,0.71489,0.80029,0.52973,1.15627,1.13826,1.27434,0.0054295,0.0054295,0.0054295
556,5284.77,1.12592,1.21149,1.24707,0.81988,0.73607,0.80055,0.53067,1.15411,1.13657,1.27695,0.00542125,0.00542125,0.00542125
557,5293.65,1.12331,1.1897,1.24922,0.86654,0.69574,0.79659,0.5305,1.15581,1.14325,1.27539,0.005413,0.005413,0.005413
558,5302.33,1.12138,1.19029,1.26095,0.87797,0.68885,0.79086,0.52649,1.16006,1.16823,1.27537,0.00540475,0.00540475,0.00540475
559,5311.23,1.14208,1.22801,1.26552,0.89886,0.68723,0.79782,0.53377,1.15134,1.14368,1.27329,0.0053965,0.0053965,0.0053965
560,5321.26,1.1056,1.17853,1.25229,0.89552,0.67447,0.79686,0.5328,1.15253,1.12849,1.27516,0.00538825,0.00538825,0.00538825
561,5330.07,1.12981,1.18983,1.2484,0.8708,0.69787,0.80047,0.5336,1.15794,1.13009,1.27803,0.00538,0.00538,0.00538
562,5339.01,1.1337,1.19636,1.25224,0.87901,0.68936,0.79793,0.5339,1.15636,1.13047,1.27051,0.00537175,0.00537175,0.00537175
563,5348.23,1.13885,1.21853,1.2438,0.88333,0.6927,0.80043,0.53532,1.15636,1.13712,1.26479,0.0053635,0.0053635,0.0053635
564,5358.06,1.10863,1.18422,1.24222,0.88722,0.67872,0.80295,0.53588,1.14167,1.12841,1.25846,0.00535525,0.00535525,0.00535525
565,5367.15,1.09341,1.16074,1.22713,0.86011,0.70213,0.80126,0.53535,1.13228,1.12053,1.25783,0.005347,0.005347,0.005347
566,5376.05,1.10142,1.17484,1.23732,0.88613,0.70426,0.80503,0.54001,1.1321,1.11264,1.25906,0.00533875,0.00533875,0.00533875
567,5385.56,1.10849,1.15434,1.23458,0.89597,0.69633,0.80721,0.54094,1.13511,1.10281,1.25987,0.0053305,0.0053305,0.0053305
568,5395.64,1.14923,1.21083,1.2506,0.86083,0.71915,0.80768,0.53813,1.13352,1.10268,1.25734,0.00532225,0.00532225,0.00532225
569,5404.77,1.09598,1.18469,1.23293,0.87443,0.7234,0.8074,0.53583,1.13962,1.10389,1.25799,0.005314,0.005314,0.005314
570,5416.67,1.11575,1.17017,1.24076,0.87033,0.7234,0.80797,0.53367,1.14251,1.10504,1.25627,0.00530575,0.00530575,0.00530575
571,5426.58,1.10603,1.16334,1.24023,0.87459,0.72708,0.80635,0.52966,1.14638,1.10376,1.2602,0.0052975,0.0052975,0.0052975
572,5436.07,1.08728,1.1483,1.22777,0.86466,0.72979,0.80844,0.53352,1.14201,1.09492,1.25738,0.00528925,0.00528925,0.00528925
573,5444.98,1.11791,1.17805,1.23301,0.85743,0.7294,0.80758,0.53949,1.13393,1.08808,1.25453,0.005281,0.005281,0.005281
574,5453.8,1.10809,1.17565,1.2464,0.85023,0.73191,0.8061,0.53826,1.13857,1.08889,1.25648,0.00527275,0.00527275,0.00527275
575,5462.91,1.11318,1.17905,1.24745,0.87203,0.73617,0.8108,0.54032,1.13154,1.07307,1.25341,0.0052645,0.0052645,0.0052645
576,5472.56,1.08765,1.16232,1.23488,0.87013,0.72979,0.80872,0.53824,1.1299,1.07382,1.25054,0.00525625,0.00525625,0.00525625
577,5481.45,1.1273,1.18778,1.23413,0.8693,0.73586,0.81327,0.54215,1.12414,1.07029,1.24618,0.005248,0.005248,0.005248
578,5490.51,1.07481,1.15364,1.22478,0.87989,0.72553,0.81591,0.54363,1.1207,1.0679,1.24427,0.00523975,0.00523975,0.00523975
579,5499.92,1.12418,1.18723,1.2444,0.87677,0.72664,0.81442,0.54547,1.12427,1.0645,1.24704,0.0052315,0.0052315,0.0052315
580,5509.93,1.11987,1.18194,1.24716,0.87803,0.72979,0.81468,0.54724,1.12401,1.06095,1.24756,0.00522325,0.00522325,0.00522325
581,5518.96,1.09664,1.15049,1.22062,0.88095,0.7234,0.81387,0.54386,1.1252,1.06438,1.24959,0.005215,0.005215,0.005215
582,5527.8,1.07602,1.14434,1.223,0.88971,0.72128,0.81233,0.54318,1.12284,1.0702,1.24899,0.00520675,0.00520675,0.00520675
583,5536.98,1.09968,1.15676,1.23608,0.89717,0.71277,0.81096,0.54322,1.12304,1.07986,1.2509,0.0051985,0.0051985,0.0051985
584,5546.48,1.10021,1.15422,1.2348,0.8876,0.72247,0.81377,0.5484,1.11901,1.07233,1.25187,0.00519025,0.00519025,0.00519025
585,5555.73,1.09407,1.16052,1.23449,0.89223,0.7234,0.81336,0.54878,1.1211,1.06637,1.25056,0.005182,0.005182,0.005182
586,5564.78,1.11267,1.15148,1.22784,0.88556,0.72766,0.81637,0.54821,1.11739,1.05779,1.24914,0.00517375,0.00517375,0.00517375
587,5573.95,1.06585,1.128,1.22823,0.89759,0.72766,0.81722,0.54872,1.12541,1.05586,1.24704,0.0051655,0.0051655,0.0051655
588,5583.64,1.07271,1.1235,1.22456,0.8994,0.7234,0.81824,0.54619,1.12285,1.04466,1.24313,0.00515725,0.00515725,0.00515725
589,5592.48,1.07386,1.12372,1.2153,0.8975,0.72979,0.82164,0.54663,1.1233,1.04495,1.24283,0.005149,0.005149,0.005149
590,5601.38,1.08135,1.13113,1.2276,0.89154,0.73404,0.82108,0.54305,1.12672,1.04714,1.24438,0.00514075,0.00514075,0.00514075
591,5610.4,1.094,1.12986,1.21296,0.87931,0.7383,0.82048,0.54419,1.13015,1.05682,1.24516,0.0051325,0.0051325,0.0051325
592,5619.95,1.08409,1.12112,1.22212,0.88805,0.72577,0.81885,0.5456,1.12991,1.05902,1.2445,0.00512425,0.00512425,0.00512425
593,5628.74,1.0587,1.10554,1.19758,0.88476,0.73191,0.81796,0.54475,1.13307,1.05372,1.24442,0.005116,0.005116,0.005116
594,5637.52,1.04745,1.10199,1.20413,0.87804,0.73528,0.81802,0.54272,1.13591,1.05601,1.24759,0.00510775,0.00510775,0.00510775
595,5646.78,1.08754,1.14717,1.216,0.88423,0.73617,0.8197,0.54477,1.13859,1.06494,1.24499,0.0050995,0.0050995,0.0050995
596,5656.48,1.06189,1.11864,1.21373,0.86837,0.75795,0.82374,0.54729,1.13407,1.06247,1.2468,0.00509125,0.00509125,0.00509125
597,5665.4,1.07256,1.13065,1.21739,0.86202,0.75768,0.82351,0.55057,1.13306,1.05986,1.24953,0.005083,0.005083,0.005083
598,5674.47,1.07372,1.10895,1.22004,0.86479,0.75319,0.82341,0.55033,1.12567,1.05809,1.2518,0.00507475,0.00507475,0.00507475
599,5683.35,1.08414,1.10925,1.21433,0.89894,0.72979,0.82399,0.55187,1.12536,1.06497,1.25667,0.0050665,0.0050665,0.0050665
600,5693.35,1.09871,1.14754,1.22817,0.90821,0.73683,0.82196,0.5528,1.12751,1.06331,1.25615,0.00505825,0.00505825,0.00505825
601,5702.35,1.06393,1.10108,1.20565,0.89222,0.74255,0.82092,0.55187,1.12216,1.06454,1.24805,0.00505,0.00505,0.00505
602,5711.1,1.0769,1.12021,1.21818,0.89951,0.7237,0.81561,0.55442,1.11465,1.06393,1.24095,0.00504175,0.00504175,0.00504175
603,5720.25,1.06479,1.13468,1.20885,0.90479,0.72791,0.81864,0.55735,1.11482,1.06069,1.23912,0.0050335,0.0050335,0.0050335
604,5730.03,1.07036,1.0921,1.20494,0.89848,0.72766,0.82014,0.5564,1.11607,1.0635,1.23598,0.00502525,0.00502525,0.00502525
605,5739.06,1.09595,1.14138,1.22052,0.85774,0.75691,0.82028,0.55428,1.12018,1.06726,1.23731,0.005017,0.005017,0.005017
606,5747.99,1.06749,1.10123,1.19741,0.89189,0.72766,0.81986,0.55481,1.11989,1.06112,1.23751,0.00500875,0.00500875,0.00500875
607,5756.95,1.07372,1.11543,1.20788,0.89053,0.72694,0.81851,0.55726,1.11869,1.05843,1.23484,0.0050005,0.0050005,0.0050005
608,5766.41,1.0584,1.08463,1.20655,0.89175,0.7234,0.81807,0.55801,1.1136,1.0597,1.23226,0.00499225,0.00499225,0.00499225
609,5775.45,1.03275,1.07163,1.19861,0.89964,0.72478,0.81741,0.55575,1.11389,1.06813,1.23235,0.004984,0.004984,0.004984
610,5784.33,1.08287,1.11131,1.2052,0.90292,0.73191,0.81958,0.55631,1.11231,1.06145,1.22811,0.00497575,0.00497575,0.00497575
611,5793.16,1.05136,1.07958,1.20487,0.89932,0.72979,0.8235,0.55968,1.11229,1.04891,1.22758,0.0049675,0.0049675,0.0049675
612,5803.2,1.06508,1.1075,1.20211,0.89156,0.73191,0.82663,0.56155,1.10323,1.04134,1.22608,0.00495925,0.00495925,0.00495925
613,5812.25,1.06437,1.10772,1.2021,0.89994,0.72719,0.82553,0.56042,1.09983,1.04593,1.2249,0.004951,0.004951,0.004951
614,5821.12,1.06461,1.09691,1.19614,0.90423,0.72317,0.82669,0.56152,1.10311,1.04496,1.2265,0.00494275,0.00494275,0.00494275
615,5830.62,1.07688,1.0981,1.20215,0.89961,0.72454,0.82287,0.5593,1.10813,1.04945,1.22866,0.0049345,0.0049345,0.0049345
616,5840.07,1.04252,1.07651,1.20427,0.91159,0.72553,0.82185,0.56176,1.10453,1.0511,1.22529,0.00492625,0.00492625,0.00492625
617,5849.1,1.04183,1.0916,1.18962,0.90772,0.73248,0.82623,0.56498,1.09637,1.04852,1.22145,0.004918,0.004918,0.004918
618,5858.15,1.05769,1.09536,1.20268,0.91025,0.73366,0.82803,0.56807,1.08867,1.0419,1.21802,0.00490975,0.00490975,0.00490975
619,5868.13,1.05691,1.10219,1.19905,0.91072,0.72979,0.83197,0.56683,1.08734,1.03831,1.21796,0.0049015,0.0049015,0.0049015
620,5877.13,1.02466,1.06471,1.18862,0.91597,0.71899,0.82859,0.56231,1.09148,1.04105,1.2212,0.00489325,0.00489325,0.00489325
621,5885.95,1.05754,1.11211,1.19253,0.90746,0.72553,0.83421,0.5625,1.08878,1.03244,1.22053,0.004885,0.004885,0.004885
622,5894.97,1.0534,1.10063,1.19162,0.87926,0.74374,0.83169,0.5663,1.08817,1.02848,1.21802,0.00487675,0.00487675,0.00487675
623,5904.52,1.0356,1.06803,1.19142,0.89136,0.74894,0.83166,0.56587,1.09247,1.033,1.21811,0.0048685,0.0048685,0.0048685
624,5913.84,1.06997,1.1131,1.20082,0.89542,0.74689,0.83395,0.56513,1.08986,1.03268,1.2158,0.00486025,0.00486025,0.00486025
625,5922.7,1.04991,1.08557,1.19249,0.90157,0.74255,0.83614,0.56705,1.08376,1.03045,1.21352,0.004852,0.004852,0.004852
626,5931.52,1.08826,1.10033,1.20526,0.9011,0.74468,0.83737,0.56823,1.08269,1.03176,1.21197,0.00484375,0.00484375,0.00484375
627,5941.16,1.04674,1.08591,1.19716,0.91382,0.74453,0.83966,0.56949,1.0839,1.03026,1.21123,0.0048355,0.0048355,0.0048355
628,5950.71,1.02163,1.05614,1.17799,0.90914,0.7383,0.8333,0.56539,1.07904,1.02738,1.2082,0.00482725,0.00482725,0.00482725
629,5959.65,1.04372,1.08391,1.20253,0.90166,0.7383,0.83425,0.56704,1.07539,1.02736,1.20569,0.004819,0.004819,0.004819
630,5968.48,1.0433,1.0934,1.19076,0.89902,0.74468,0.83297,0.57108,1.07329,1.01791,1.20566,0.00481075,0.00481075,0.00481075
631,5978.19,1.06749,1.08015,1.20147,0.89143,0.75106,0.83874,0.57354,1.06736,1.01601,1.2052,0.0048025,0.0048025,0.0048025
632,5987.66,1.02721,1.0545,1.17812,0.89157,0.75225,0.83492,0.57295,1.06603,1.01262,1.20555,0.00479425,0.00479425,0.00479425
633,5996.45,1.00858,1.03429,1.17541,0.88402,0.76221,0.8377,0.57395,1.06815,1.00795,1.20683,0.004786,0.004786,0.004786
634,6005.43,1.03421,1.06991,1.19585,0.88083,0.77234,0.84037,0.57653,1.06399,1.00526,1.2069,0.00477775,0.00477775,0.00477775
635,6014.64,1.04165,1.04854,1.19251,0.88983,0.76809,0.84056,0.57677,1.05711,1.00109,1.20586,0.0047695,0.0047695,0.0047695
636,6024.36,1.03993,1.05747,1.17805,0.88857,0.76352,0.83961,0.57634,1.05831,1.00108,1.20774,0.00476125,0.00476125,0.00476125
637,6033.04,1.03273,1.05293,1.19082,0.88734,0.76383,0.84184,0.57647,1.05685,1.00254,1.20952,0.004753,0.004753,0.004753
638,6041.8,1.03732,1.07071,1.18734,0.89018,0.76383,0.83927,0.57474,1.05596,1.00227,1.20954,0.00474475,0.00474475,0.00474475
639,6050.68,1.04029,1.06233,1.18968,0.89817,0.7507,0.83555,0.57314,1.0637,1.00219,1.21139,0.0047365,0.0047365,0.0047365
640,6060.09,0.99903,1.03556,1.16055,0.89761,0.74612,0.83629,0.57297,1.06158,1.00155,1.21112,0.00472825,0.00472825,0.00472825
641,6068.81,1.02276,1.05347,1.1843,0.8965,0.74681,0.83887,0.57742,1.06065,1.00407,1.21138,0.00472,0.00472,0.00472
642,6077.82,1.02943,1.04157,1.18248,0.90053,0.75125,0.83883,0.57527,1.06179,0.99774,1.21099,0.00471175,0.00471175,0.00471175
643,6086.7,1.04014,1.06692,1.19552,0.90105,0.75319,0.83921,0.57523,1.06115,0.99601,1.20969,0.0047035,0.0047035,0.0047035
644,6095.98,1.03596,1.08357,1.19264,0.90351,0.75957,0.83933,0.57596,1.0619,0.99592,1.21125,0.00469525,0.00469525,0.00469525
645,6104.78,0.98991,1.01154,1.17452,0.89532,0.75532,0.83918,0.57434,1.06698,0.99919,1.20954,0.004687,0.004687,0.004687
646,6113.59,1.03517,1.07981,1.18472,0.89854,0.75369,0.84117,0.57447,1.07317,0.99777,1.21144,0.00467875,0.00467875,0.00467875
647,6122.42,1.04207,1.06091,1.18442,0.91008,0.75366,0.84075,0.57766,1.07646,0.99881,1.21118,0.0046705,0.0046705,0.0046705
648,6132.08,1.0387,1.06346,1.18855,0.91191,0.74894,0.84046,0.57805,1.07564,0.99303,1.20988,0.00466225,0.00466225,0.00466225
649,6141.16,1.00534,1.04104,1.1797,0.91268,0.75615,0.8425,0.57777,1.07267,0.98714,1.20597,0.004654,0.004654,0.004654
650,6149.98,1.03172,1.049,1.17592,0.91966,0.75505,0.84515,0.57849,1.07393,0.98781,1.20707,0.00464575,0.00464575,0.00464575
651,6159.01,0.98881,1.02485,1.17141,0.91968,0.75532,0.84515,0.57963,1.06754,0.98374,1.20464,0.0046375,0.0046375,0.0046375
652,6168.47,1.01648,1.03455,1.17952,0.92578,0.74311,0.84471,0.58031,1.06445,0.97672,1.20129,0.00462925,0.00462925,0.00462925
653,6177.4,0.99922,1.02727,1.17815,0.86813,0.78511,0.84748,0.58172,1.06408,0.97741,1.19846,0.004621,0.004621,0.004621
654,6186.35,1.0373,1.0505,1.1905,0.93247,0.74468,0.8498,0.58426,1.06191,0.9736,1.19527,0.00461275,0.00461275,0.00461275
655,6195.28,1.0427,1.06607,1.19635,0.86543,0.79366,0.85019,0.58552,1.05574,0.97331,1.19234,0.0046045,0.0046045,0.0046045
656,6204.38,1.01884,1.03532,1.17949,0.92443,0.75478,0.85046,0.58588,1.05377,0.97233,1.19055,0.00459625,0.00459625,0.00459625
657,6213.84,1.00395,1.03358,1.1678,0.91966,0.75106,0.85099,0.58669,1.05293,0.97062,1.1906,0.004588,0.004588,0.004588
658,6223.48,1.00213,1.00763,1.17513,0.93357,0.74758,0.8527,0.58858,1.04923,0.96233,1.1863,0.00457975,0.00457975,0.00457975
659,6232.76,1.01255,1.02427,1.16385,0.92933,0.74681,0.85074,0.59141,1.04643,0.96135,1.18369,0.0045715,0.0045715,0.0045715
660,6242.31,1.03092,1.02895,1.17818,0.92798,0.74894,0.85178,0.58963,1.04585,0.95976,1.18436,0.00456325,0.00456325,0.00456325
661,6251.56,1.00644,1.04043,1.16692,0.85898,0.79149,0.85301,0.5933,1.03997,0.95206,1.18219,0.004555,0.004555,0.004555
662,6260.91,1.00559,1.01662,1.16801,0.91915,0.74255,0.85133,0.59423,1.03673,0.94983,1.18039,0.00454675,0.00454675,0.00454675
663,6270.26,1.00906,1.02746,1.17745,0.92781,0.7383,0.85033,0.59216,1.03552,0.95173,1.17983,0.0045385,0.0045385,0.0045385
664,6279.25,1.01292,1.03382,1.16874,0.88924,0.77234,0.85267,0.59509,1.03295,0.95105,1.17973,0.00453025,0.00453025,0.00453025
665,6289.08,0.98486,1.02277,1.16748,0.88571,0.78298,0.85541,0.59625,1.03108,0.94772,1.18173,0.004522,0.004522,0.004522
666,6298.45,0.99166,1.0244,1.16334,0.88393,0.78298,0.85567,0.59839,1.03255,0.95076,1.18431,0.00451375,0.00451375,0.00451375
667,6307.71,0.98546,1.00376,1.15748,0.89336,0.78085,0.85587,0.59645,1.03314,0.94986,1.18456,0.0045055,0.0045055,0.0045055
668,6316.73,1.03989,1.04034,1.19115,0.90119,0.77021,0.85354,0.59528,1.0342,0.95526,1.18294,0.00449725,0.00449725,0.00449725
669,6327.01,0.99769,1.02037,1.16191,0.88844,0.77945,0.85581,0.59493,1.03423,0.95404,1.18107,0.004489,0.004489,0.004489
670,6336.3,1.0136,1.05522,1.16873,0.89552,0.78085,0.85788,0.5993,1.03085,0.95361,1.18114,0.00448075,0.00448075,0.00448075
671,6345.82,1.05028,1.0692,1.17892,0.89543,0.78339,0.8587,0.59916,1.03121,0.95302,1.18094,0.0044725,0.0044725,0.0044725
672,6354.89,1.0145,1.03721,1.16928,0.89566,0.78539,0.85874,0.59674,1.03379,0.9486,1.17821,0.00446425,0.00446425,0.00446425
673,6365.3,0.99688,1.02657,1.16451,0.90529,0.77285,0.86011,0.59827,1.03519,0.94811,1.17901,0.004456,0.004456,0.004456
674,6374.55,0.98449,0.99954,1.16197,0.91094,0.7766,0.85899,0.59835,1.03055,0.94267,1.17616,0.00444775,0.00444775,0.00444775
675,6383.53,0.98389,1.00419,1.16313,0.91962,0.779,0.85922,0.59814,1.03021,0.93876,1.17785,0.0044395,0.0044395,0.0044395
676,6392.62,1.00083,1.01844,1.16624,0.91542,0.78085,0.85822,0.59723,1.02928,0.93737,1.17814,0.00443125,0.00443125,0.00443125
677,6402.39,0.99422,0.99235,1.16301,0.91998,0.78279,0.85711,0.59968,1.02522,0.93819,1.17636,0.004423,0.004423,0.004423
678,6412.95,0.98283,1.02163,1.162,0.92265,0.78511,0.86049,0.60202,1.02134,0.9383,1.17586,0.00441475,0.00441475,0.00441475
679,6422.16,1.00626,1.00326,1.15962,0.91502,0.78085,0.85959,0.60086,1.02123,0.93664,1.17483,0.0044065,0.0044065,0.0044065
680,6431.32,1.00601,1.01869,1.16361,0.91941,0.77675,0.85859,0.60324,1.02136,0.9391,1.17699,0.00439825,0.00439825,0.00439825
681,6441.71,1.01676,1.02945,1.17955,0.91459,0.77462,0.85786,0.60309,1.01715,0.93821,1.17572,0.00439,0.00439,0.00439
682,6451.75,1.00056,1.00963,1.17165,0.91633,0.76894,0.85745,0.60301,1.01105,0.93783,1.17385,0.00438175,0.00438175,0.00438175
683,6460.73,1.02468,1.03506,1.17086,0.90996,0.77021,0.8577,0.60475,1.01032,0.93806,1.17372,0.0043735,0.0043735,0.0043735
684,6469.95,1.01281,1.02966,1.16837,0.91317,0.7766,0.85849,0.6043,1.0125,0.93622,1.17305,0.00436525,0.00436525,0.00436525
685,6479.37,0.97347,1.00234,1.15657,0.90428,0.77447,0.86038,0.60483,1.01586,0.93704,1.17524,0.004357,0.004357,0.004357
686,6490.11,0.9786,0.98517,1.15045,0.89628,0.78085,0.85911,0.60462,1.01346,0.94007,1.17342,0.00434875,0.00434875,0.00434875
687,6499.43,0.98534,1.00936,1.15658,0.88784,0.79149,0.86038,0.6028,1.00779,0.9389,1.17014,0.0043405,0.0043405,0.0043405
688,6508.54,0.9818,0.99925,1.1527,0.88852,0.78936,0.8612,0.60394,1.00675,0.93718,1.16927,0.00433225,0.00433225,0.00433225
689,6518.18,0.96727,0.96819,1.15077,0.91015,0.78936,0.86242,0.60485,1.00676,0.93599,1.16832,0.004324,0.004324,0.004324
690,6529.02,0.98694,1.00054,1.16246,0.91645,0.78511,0.86184,0.60702,1.00795,0.93731,1.16818,0.00431575,0.00431575,0.00431575
691,6538.3,0.99316,0.99619,1.14767,0.90275,0.78999,0.86167,0.60992,1.00814,0.9371,1.16856,0.0043075,0.0043075,0.0043075
692,6547.64,0.98495,1.00273,1.16218,0.89831,0.79362,0.86242,0.60763,1.00948,0.94035,1.16709,0.00429925,0.00429925,0.00429925
693,6557.47,0.97523,0.99701,1.15169,0.88916,0.80219,0.86216,0.61005,1.0122,0.94103,1.16875,0.004291,0.004291,0.004291
694,6568.19,0.95969,0.98773,1.14647,0.90993,0.77872,0.86383,0.60856,1.01643,0.9424,1.16826,0.00428275,0.00428275,0.00428275
695,6577.28,0.97778,0.97761,1.15262,0.91464,0.77509,0.86092,0.6097,1.01722,0.94249,1.16707,0.0042745,0.0042745,0.0042745
696,6586.47,0.98134,0.96989,1.14947,0.90847,0.78139,0.86217,0.61208,1.01479,0.94307,1.16525,0.00426625,0.00426625,0.00426625
697,6596.12,1.04044,1.05629,1.17196,0.90919,0.78818,0.86482,0.61298,1.01308,0.94422,1.16374,0.004258,0.004258,0.004258
698,6606.6,0.99762,0.9897,1.16406,0.90458,0.7866,0.86501,0.61068,1.01136,0.94333,1.1639,0.00424975,0.00424975,0.00424975
699,6615.62,0.9767,0.98548,1.15442,0.91255,0.79149,0.86774,0.61061,1.01355,0.94127,1.16372,0.0042415,0.0042415,0.0042415
700,6624.89,0.9563,0.95813,1.14098,0.912,0.79377,0.86718,0.61022,1.0145,0.94445,1.16226,0.00423325,0.00423325,0.00423325
701,6634.7,0.99139,0.99724,1.15353,0.91458,0.79734,0.86643,0.61049,1.01533,0.9428,1.16248,0.004225,0.004225,0.004225
702,6644.51,0.9691,0.9851,1.15101,0.91911,0.7978,0.8652,0.61016,1.01546,0.9416,1.16305,0.00421675,0.00421675,0.00421675
703,6653.71,0.9604,0.95347,1.13542,0.92357,0.79787,0.86376,0.61084,1.0154,0.93879,1.16211,0.0042085,0.0042085,0.0042085
704,6662.96,1.00038,0.99725,1.15431,0.91345,0.80213,0.86538,0.61163,1.01406,0.93824,1.16125,0.00420025,0.00420025,0.00420025
705,6672.62,0.97616,0.9826,1.14667,0.91752,0.8,0.86527,0.61155,1.01045,0.93836,1.16029,0.004192,0.004192,0.004192
706,6682.66,0.96152,0.97572,1.14003,0.91942,0.8,0.86609,0.61483,1.00613,0.93621,1.15829,0.00418375,0.00418375,0.00418375
707,6691.86,0.9455,0.94666,1.1361,0.91474,0.79895,0.86641,0.61323,1.0026,0.93677,1.15778,0.0041755,0.0041755,0.0041755
708,6700.9,0.98996,1.00738,1.15417,0.90963,0.79241,0.86675,0.6135,1.00397,0.93954,1.15776,0.00416725,0.00416725,0.00416725
709,6710.69,0.96131,0.97515,1.15591,0.91149,0.79574,0.86692,0.6145,1.00383,0.93974,1.15864,0.004159,0.004159,0.004159
710,6720.78,0.96325,0.98059,1.14901,0.9274,0.79149,0.86795,0.61734,1.00016,0.93511,1.15686,0.00415075,0.00415075,0.00415075
711,6730.02,0.98567,0.9844,1.15728,0.9327,0.78936,0.86955,0.6181,0.99643,0.93213,1.15545,0.0041425,0.0041425,0.0041425
712,6739.3,0.96143,0.95936,1.14927,0.91711,0.78936,0.86878,0.61757,0.99514,0.93011,1.15511,0.00413425,0.00413425,0.00413425
713,6748.49,0.96152,0.97895,1.14698,0.9061,0.79787,0.86794,0.61718,0.99579,0.93272,1.15595,0.004126,0.004126,0.004126
714,6758.58,0.9567,0.95946,1.1374,0.90133,0.80213,0.86819,0.61765,0.99667,0.93362,1.15454,0.00411775,0.00411775,0.00411775
715,6767.6,0.97091,0.97213,1.143,0.90878,0.80426,0.86794,0.61751,0.99697,0.93462,1.1537,0.0041095,0.0041095,0.0041095
716,6776.59,0.9637,0.97468,1.14696,0.91056,0.80144,0.86807,0.61548,0.99804,0.93676,1.15342,0.00410125,0.00410125,0.00410125
717,6785.55,0.95578,0.94281,1.14023,0.90468,0.79574,0.86942,0.61604,0.99834,0.93515,1.15293,0.004093,0.004093,0.004093
718,6795.49,0.95612,0.96779,1.13995,0.91338,0.78522,0.86585,0.61583,0.99895,0.93469,1.15216,0.00408475,0.00408475,0.00408475
719,6804.61,0.96581,0.95269,1.14017,0.91639,0.7929,0.86847,0.61701,0.99649,0.93384,1.15107,0.0040765,0.0040765,0.0040765
720,6813.61,0.99386,0.98933,1.15815,0.90414,0.80426,0.8726,0.6179,0.99449,0.92871,1.14812,0.00406825,0.00406825,0.00406825
721,6822.75,0.99235,0.97553,1.13625,0.91034,0.79929,0.87044,0.61792,0.99283,0.925,1.14488,0.00406,0.00406,0.00406
722,6832.68,0.93071,0.9499,1.13048,0.90192,0.80213,0.87109,0.6165,0.99034,0.91821,1.14154,0.00405175,0.00405175,0.00405175
723,6841.94,0.96124,0.94838,1.13412,0.90852,0.80426,0.87249,0.62054,0.98863,0.91644,1.14078,0.0040435,0.0040435,0.0040435
724,6851.39,0.94599,0.94771,1.13336,0.91199,0.79367,0.87278,0.62387,0.98635,0.91411,1.13933,0.00403525,0.00403525,0.00403525
725,6860.71,0.97268,0.98155,1.14061,0.91438,0.79531,0.87335,0.62564,0.98555,0.90952,1.13834,0.004027,0.004027,0.004027
726,6871.33,0.95316,0.95562,1.14066,0.91433,0.79362,0.872,0.62313,0.98146,0.90161,1.13466,0.00401875,0.00401875,0.00401875
727,6880.36,0.94069,0.95377,1.1284,0.91583,0.78936,0.87106,0.62291,0.97947,0.89803,1.133,0.0040105,0.0040105,0.0040105
728,6889.47,0.96381,0.95893,1.13143,0.91556,0.78511,0.87128,0.62363,0.98124,0.89679,1.13344,0.00400225,0.00400225,0.00400225
729,6898.63,0.95849,0.96502,1.14098,0.92479,0.77872,0.87357,0.62259,0.98155,0.89782,1.13377,0.003994,0.003994,0.003994
730,6908.8,0.93786,0.93213,1.11994,0.91574,0.78511,0.87376,0.62365,0.98421,0.9017,1.13373,0.00398575,0.00398575,0.00398575
731,6917.84,0.95457,0.96202,1.13668,0.91548,0.78936,0.87432,0.62326,0.98734,0.90257,1.13378,0.0039775,0.0039775,0.0039775
732,6926.82,0.93705,0.92344,1.13371,0.91599,0.78877,0.87358,0.62374,0.98776,0.8981,1.13305,0.00396925,0.00396925,0.00396925
733,6935.84,0.978,0.95762,1.14196,0.89247,0.80426,0.8735,0.62356,0.98564,0.89284,1.13146,0.003961,0.003961,0.003961
734,6945.61,0.94859,0.92854,1.11288,0.89827,0.80213,0.87205,0.62066,0.98341,0.89111,1.13086,0.00395275,0.00395275,0.00395275
735,6955.48,0.94228,0.94182,1.12264,0.89844,0.80939,0.87473,0.62151,0.98352,0.89156,1.13103,0.0039445,0.0039445,0.0039445
736,6964.49,0.94711,0.93293,1.12459,0.90453,0.80634,0.875,0.6235,0.97972,0.89105,1.12995,0.00393625,0.00393625,0.00393625
737,6973.41,0.93925,0.92653,1.12871,0.90622,0.80213,0.87581,0.62329,0.97431,0.8897,1.12904,0.003928,0.003928,0.003928
738,6983.23,0.92458,0.91989,1.1214,0.9033,0.79574,0.87631,0.6233,0.96952,0.89217,1.12841,0.00391975,0.00391975,0.00391975
739,6993.36,0.93946,0.92517,1.12,0.91604,0.78723,0.87765,0.62472,0.967,0.89127,1.12759,0.0039115,0.0039115,0.0039115
740,7002.39,0.94511,0.96392,1.12272,0.9148,0.78298,0.87548,0.62578,0.96643,0.88929,1.12753,0.00390325,0.00390325,0.00390325
741,7011.71,0.95072,0.94272,1.13079,0.92159,0.78298,0.87625,0.62696,0.96497,0.88725,1.12729,0.003895,0.003895,0.003895
742,7021.24,0.92905,0.9271,1.1336,0.92345,0.78723,0.87624,0.62578,0.96616,0.88877,1.1289,0.00388675,0.00388675,0.00388675
743,7031.57,0.93999,0.9471,1.12662,0.9201,0.78298,0.87587,0.62829,0.96624,0.88845,1.12968,0.0038785,0.0038785,0.0038785
744,7040.82,0.92828,0.93215,1.12469,0.92812,0.77872,0.8777,0.62861,0.9654,0.88734,1.12913,0.00387025,0.00387025,0.00387025
745,7050.09,0.94998,0.92864,1.12904,0.92446,0.78111,0.87747,0.62806,0.96526,0.88453,1.12778,0.003862,0.003862,0.003862
746,7059.08,0.96267,0.95113,1.13497,0.92478,0.78479,0.87829,0.62689,0.96642,0.88303,1.12748,0.00385375,0.00385375,0.00385375
747,7068.98,0.92663,0.94278,1.12079,0.94079,0.78085,0.87658,0.62821,0.96653,0.88358,1.12794,0.0038455,0.0038455,0.0038455
748,7078.13,0.926,0.91822,1.1178,0.92984,0.78085,0.87732,0.62862,0.96636,0.88217,1.12756,0.00383725,0.00383725,0.00383725
749,7087.29,0.91865,0.91812,1.12072,0.93669,0.78298,0.87757,0.62836,0.96513,0.87994,1.12774,0.003829,0.003829,0.003829
750,7096.41,0.95566,0.94884,1.12742,0.9376,0.79149,0.87956,0.63081,0.96618,0.8798,1.12865,0.00382075,0.00382075,0.00382075
751,7107.03,0.94893,0.94163,1.13694,0.93417,0.79574,0.88038,0.6319,0.96655,0.87904,1.12846,0.0038125,0.0038125,0.0038125
752,7116.26,0.93709,0.94026,1.12394,0.93565,0.79574,0.88086,0.63478,0.96773,0.87688,1.12764,0.00380425,0.00380425,0.00380425
753,7125.61,0.91819,0.91167,1.11199,0.93835,0.79149,0.88034,0.63358,0.965,0.87459,1.12765,0.003796,0.003796,0.003796
754,7134.65,0.92357,0.92556,1.12178,0.94089,0.79149,0.87991,0.63432,0.96377,0.87496,1.12685,0.00378775,0.00378775,0.00378775
755,7144.92,0.92872,0.93808,1.12505,0.9456,0.78936,0.88117,0.63453,0.96368,0.87335,1.12647,0.0037795,0.0037795,0.0037795
756,7154.12,0.93703,0.93228,1.13121,0.94639,0.78871,0.88052,0.63412,0.96358,0.87067,1.12555,0.00377125,0.00377125,0.00377125
757,7163.25,0.90901,0.91808,1.11472,0.94619,0.78561,0.88039,0.63479,0.96118,0.86953,1.12393,0.003763,0.003763,0.003763
758,7172.38,0.93862,0.92214,1.11654,0.94372,0.78489,0.88036,0.636,0.95854,0.87049,1.12187,0.00375475,0.00375475,0.00375475
759,7182.93,0.91665,0.90281,1.11372,0.92337,0.79787,0.88048,0.63496,0.95765,0.87312,1.12073,0.0037465,0.0037465,0.0037465
760,7192.22,0.92776,0.91878,1.11664,0.92805,0.79585,0.88121,0.63469,0.95721,0.8741,1.1213,0.00373825,0.00373825,0.00373825
761,7201.42,0.88828,0.90658,1.10231,0.93468,0.79151,0.88163,0.63499,0.95557,0.8738,1.12194,0.00373,0.00373,0.00373
762,7210.45,0.93443,0.92097,1.11537,0.94348,0.78132,0.87878,0.63309,0.95436,0.87448,1.12141,0.00372175,0.00372175,0.00372175
763,7219.6,0.92407,0.93634,1.11441,0.93931,0.78511,0.87855,0.63377,0.95415,0.87499,1.12089,0.0037135,0.0037135,0.0037135
764,7229.96,0.9194,0.91964,1.12002,0.9383,0.78511,0.87913,0.63459,0.95329,0.87441,1.11983,0.00370525,0.00370525,0.00370525
765,7238.97,0.91356,0.91187,1.10624,0.94589,0.78107,0.87929,0.63651,0.95254,0.87364,1.11866,0.003697,0.003697,0.003697
766,7248.26,0.92598,0.9129,1.11323,0.94575,0.77899,0.87955,0.63726,0.9515,0.87428,1.11773,0.00368875,0.00368875,0.00368875
767,7257.66,0.91041,0.91087,1.10776,0.94591,0.78142,0.87914,0.6376,0.9497,0.87378,1.11592,0.0036805,0.0036805,0.0036805
768,7268.26,0.90896,0.89336,1.10021,0.94573,0.77862,0.87924,0.6366,0.94847,0.87379,1.11498,0.00367225,0.00367225,0.00367225
769,7277.38,0.91471,0.90875,1.10303,0.94597,0.78229,0.87898,0.63605,0.9464,0.87336,1.11422,0.003664,0.003664,0.003664
770,7286.49,0.90832,0.89788,1.113,0.94661,0.78085,0.87851,0.63485,0.94502,0.87319,1.11302,0.00365575,0.00365575,0.00365575
771,7295.51,0.93031,0.91776,1.11798,0.94537,0.77327,0.87996,0.63505,0.94479,0.87303,1.11313,0.0036475,0.0036475,0.0036475
772,7305.88,0.96058,0.95335,1.13311,0.94779,0.77247,0.87952,0.63512,0.94313,0.87347,1.11142,0.00363925,0.00363925,0.00363925
773,7315.09,0.89649,0.90757,1.10767,0.95778,0.77225,0.87866,0.63759,0.94039,0.87294,1.11099,0.003631,0.003631,0.003631
774,7324.23,0.92157,0.89983,1.10949,0.95672,0.77234,0.87919,0.63716,0.93918,0.87215,1.11061,0.00362275,0.00362275,0.00362275
775,7333.29,0.90858,0.91003,1.1165,0.95189,0.77447,0.87883,0.63893,0.93863,0.87024,1.11033,0.0036145,0.0036145,0.0036145
776,7343.5,0.92204,0.9174,1.11961,0.95282,0.77343,0.87901,0.63901,0.93925,0.86906,1.11081,0.00360625,0.00360625,0.00360625
777,7352.8,0.90096,0.90965,1.1082,0.95273,0.77188,0.87956,0.63881,0.93983,0.86586,1.11053,0.003598,0.003598,0.003598
778,7361.78,0.94096,0.9278,1.11024,0.95282,0.77347,0.87997,0.63911,0.94002,0.86354,1.1102,0.00358975,0.00358975,0.00358975
779,7370.98,0.90878,0.90102,1.09663,0.95335,0.77021,0.88021,0.63744,0.94103,0.86152,1.11033,0.0035815,0.0035815,0.0035815
780,7380.87,0.90865,0.89717,1.11094,0.9434,0.77447,0.88042,0.63762,0.94264,0.86179,1.11144,0.00357325,0.00357325,0.00357325
781,7389.94,0.92132,0.9128,1.12332,0.9582,0.77021,0.88035,0.63692,0.9422,0.86092,1.11245,0.003565,0.003565,0.003565
782,7398.96,0.91987,0.90283,1.11041,0.95485,0.77234,0.88031,0.63614,0.94234,0.85944,1.11233,0.00355675,0.00355675,0.00355675
783,7408.04,0.9073,0.90739,1.10818,0.95027,0.77247,0.8799,0.63559,0.94164,0.85949,1.11176,0.0035485,0.0035485,0.0035485
784,7417.29,0.9131,0.87796,1.10826,0.95273,0.77185,0.8798,0.63752,0.93926,0.85857,1.11024,0.00354025,0.00354025,0.00354025
785,7427.44,0.92244,0.9127,1.10524,0.95038,0.77433,0.88067,0.63707,0.93847,0.85716,1.1091,0.003532,0.003532,0.003532
786,7436.3,0.8982,0.89767,1.10047,0.94982,0.7766,0.88124,0.63667,0.93778,0.85591,1.10808,0.00352375,0.00352375,0.00352375
787,7445.34,0.92437,0.8956,1.10204,0.95244,0.77872,0.8823,0.63689,0.93725,0.85597,1.10724,0.0035155,0.0035155,0.0035155
788,7454.3,0.90259,0.88502,1.09615,0.94898,0.77872,0.88197,0.6366,0.93809,0.85658,1.1072,0.00350725,0.00350725,0.00350725
789,7464.48,0.8968,0.88935,1.10061,0.94898,0.77872,0.88195,0.63807,0.93804,0.8573,1.10636,0.003499,0.003499,0.003499
790,7473.55,0.93466,0.90706,1.11599,0.93772,0.78298,0.88143,0.6389,0.93747,0.85621,1.10595,0.00349075,0.00349075,0.00349075
791,7482.54,0.88497,0.87132,1.09238,0.94758,0.78298,0.88129,0.63988,0.93703,0.85451,1.10562,0.0034825,0.0034825,0.0034825
792,7491.76,0.89931,0.88968,1.10024,0.94569,0.78085,0.88187,0.64076,0.93691,0.85458,1.10507,0.00347425,0.00347425,0.00347425
793,7502.02,0.89354,0.8779,1.09827,0.95102,0.78492,0.88167,0.64187,0.93786,0.85366,1.10504,0.003466,0.003466,0.003466
794,7511.25,0.89254,0.87993,1.09761,0.94985,0.78511,0.88141,0.64126,0.9391,0.85278,1.10464,0.00345775,0.00345775,0.00345775
795,7520.23,0.90385,0.89928,1.10416,0.94614,0.78936,0.8818,0.64037,0.9394,0.85136,1.10441,0.0034495,0.0034495,0.0034495
796,7529.24,0.90465,0.89964,1.10069,0.95297,0.78511,0.88492,0.63931,0.93967,0.85171,1.10403,0.00344125,0.00344125,0.00344125
797,7539.58,0.89847,0.89592,1.10762,0.95587,0.78511,0.88443,0.64135,0.94015,0.85185,1.10484,0.003433,0.003433,0.003433
798,7548.98,0.89662,0.88649,1.09746,0.96087,0.78378,0.88405,0.64559,0.93865,0.85134,1.10448,0.00342475,0.00342475,0.00342475
799,7558.41,0.90435,0.89214,1.10631,0.96105,0.78298,0.88469,0.64621,0.93801,0.85118,1.10382,0.0034165,0.0034165,0.0034165
800,7567.77,0.8953,0.89075,1.09737,0.96102,0.7868,0.88542,0.64719,0.93723,0.85317,1.10398,0.00340825,0.00340825,0.00340825
801,7578.12,0.91977,0.90835,1.12207,0.96664,0.78511,0.88498,0.64848,0.93578,0.85348,1.10342,0.0034,0.0034,0.0034
802,7587.86,0.89028,0.85351,1.09155,0.96509,0.78723,0.88496,0.64682,0.93517,0.85083,1.10336,0.00339175,0.00339175,0.00339175
803,7596.87,0.89641,0.87825,1.09386,0.96356,0.78511,0.88331,0.64761,0.93429,0.8487,1.10324,0.0033835,0.0033835,0.0033835
804,7605.83,0.90384,0.89641,1.1101,0.96798,0.78936,0.88605,0.64736,0.93536,0.84908,1.10403,0.00337525,0.00337525,0.00337525
805,7615.03,0.87871,0.87309,1.0949,0.96636,0.78511,0.8867,0.6489,0.93569,0.84865,1.10494,0.003367,0.003367,0.003367
806,7625.77,0.90309,0.88432,1.10158,0.96655,0.78723,0.88733,0.64871,0.9362,0.84958,1.10453,0.00335875,0.00335875,0.00335875
807,7636,0.88989,0.88612,1.09826,0.96919,0.78723,0.8871,0.64869,0.93735,0.85098,1.10463,0.0033505,0.0033505,0.0033505
808,7645.14,0.88135,0.88061,1.09473,0.9694,0.78511,0.88723,0.64996,0.93793,0.85007,1.10391,0.00334225,0.00334225,0.00334225
809,7655.12,0.91871,0.89552,1.11191,0.96453,0.78511,0.88798,0.65013,0.93861,0.84867,1.1044,0.003334,0.003334,0.003334
810,7666.08,0.88931,0.87119,1.0998,0.95846,0.78552,0.88788,0.64891,0.93918,0.84747,1.1062,0.00332575,0.00332575,0.00332575
811,7675.06,0.8947,0.88637,1.09704,0.96174,0.78511,0.88787,0.65029,0.93786,0.84583,1.10604,0.0033175,0.0033175,0.0033175
812,7684.26,0.88753,0.87943,1.1034,0.96337,0.78345,0.88809,0.65113,0.93736,0.84375,1.10644,0.00330925,0.00330925,0.00330925
813,7693.86,0.88226,0.85959,1.08509,0.96339,0.78377,0.88812,0.65211,0.9362,0.8419,1.10628,0.003301,0.003301,0.003301
814,7704.3,0.8851,0.86638,1.0915,0.96272,0.78511,0.8883,0.65177,0.93527,0.84136,1.10583,0.00329275,0.00329275,0.00329275
815,7713.47,0.86963,0.86259,1.08374,0.96347,0.78564,0.88866,0.65279,0.93648,0.84157,1.10544,0.0032845,0.0032845,0.0032845
816,7722.75,0.89901,0.88728,1.10529,0.96344,0.78495,0.88875,0.65255,0.93712,0.83929,1.10484,0.00327625,0.00327625,0.00327625
817,7732.46,0.89048,0.87595,1.09466,0.95387,0.79362,0.89167,0.65354,0.93674,0.83687,1.10372,0.003268,0.003268,0.003268
818,7742.47,0.89467,0.88997,1.10087,0.94232,0.79941,0.89124,0.65217,0.93656,0.83648,1.10264,0.00325975,0.00325975,0.00325975
819,7751.51,0.90708,0.89611,1.09991,0.93877,0.80213,0.89123,0.65194,0.93641,0.83736,1.10213,0.0032515,0.0032515,0.0032515
820,7760.62,0.89065,0.87662,1.0967,0.93788,0.80313,0.89042,0.65212,0.93643,0.83731,1.10157,0.00324325,0.00324325,0.00324325
821,7770.67,0.89523,0.8748,1.09383,0.93598,0.80213,0.8918,0.65259,0.93585,0.83794,1.10108,0.003235,0.003235,0.003235
822,7779.99,0.86288,0.85223,1.08606,0.94198,0.80213,0.89182,0.65359,0.93488,0.83734,1.10094,0.00322675,0.00322675,0.00322675
823,7789.19,0.89238,0.86615,1.08742,0.93867,0.80213,0.89226,0.65434,0.93349,0.83673,1.10049,0.0032185,0.0032185,0.0032185
824,7798.48,0.86073,0.85787,1.08475,0.93554,0.80287,0.89225,0.65447,0.93224,0.83568,1.10001,0.00321025,0.00321025,0.00321025
825,7807.94,0.90108,0.8794,1.09115,0.93781,0.80426,0.89165,0.65397,0.93165,0.83618,1.10008,0.003202,0.003202,0.003202
826,7816.94,0.8931,0.86383,1.09312,0.94237,0.80015,0.89216,0.65484,0.93143,0.83644,1.10016,0.00319375,0.00319375,0.00319375
827,7826.27,0.8691,0.85049,1.08385,0.94262,0.79787,0.89228,0.65474,0.93179,0.83543,1.09983,0.0031855,0.0031855,0.0031855
828,7835.46,0.88691,0.87949,1.09356,0.94295,0.8,0.89285,0.65511,0.93177,0.83388,1.09957,0.00317725,0.00317725,0.00317725
829,7845.12,0.89011,0.8533,1.08477,0.94473,0.80007,0.89362,0.6559,0.93147,0.83431,1.09924,0.003169,0.003169,0.003169
830,7854.34,0.86303,0.85034,1.09017,0.94245,0.80141,0.8926,0.65683,0.93141,0.83425,1.09911,0.00316075,0.00316075,0.00316075
831,7863.56,0.87761,0.86832,1.08536,0.94248,0.80187,0.89237,0.6567,0.93185,0.83463,1.09976,0.0031525,0.0031525,0.0031525
832,7872.65,0.87788,0.86161,1.08733,0.94505,0.8051,0.89424,0.65698,0.93213,0.83571,1.09991,0.00314425,0.00314425,0.00314425
833,7881.85,0.88411,0.85355,1.09679,0.94503,0.80467,0.89461,0.65688,0.9323,0.83559,1.09966,0.003136,0.003136,0.003136
834,7890.93,0.85002,0.85002,1.08087,0.94736,0.80213,0.89467,0.65742,0.93194,0.83604,1.09931,0.00312775,0.00312775,0.00312775
835,7900.37,0.85309,0.84006,1.07962,0.9518,0.79823,0.8952,0.65765,0.93219,0.83598,1.09901,0.0031195,0.0031195,0.0031195
836,7909.73,0.86291,0.83651,1.07533,0.95725,0.79149,0.8947,0.65801,0.93143,0.83484,1.09846,0.00311125,0.00311125,0.00311125
837,7918.98,0.8579,0.83258,1.07208,0.95672,0.79964,0.89735,0.65861,0.93075,0.83304,1.09784,0.003103,0.003103,0.003103
838,7928.44,0.87891,0.8448,1.08891,0.95907,0.79778,0.89669,0.65847,0.92971,0.83395,1.09783,0.00309475,0.00309475,0.00309475
839,7937.55,0.85965,0.85,1.07829,0.95911,0.79845,0.89695,0.6575,0.92877,0.83425,1.09726,0.0030865,0.0030865,0.0030865
840,7946.56,0.86528,0.83094,1.083,0.95902,0.79665,0.89801,0.65735,0.92764,0.83427,1.09656,0.00307825,0.00307825,0.00307825
841,7955.57,0.87431,0.84924,1.09368,0.93704,0.81064,0.89814,0.6583,0.92738,0.83352,1.09572,0.00307,0.00307,0.00307
842,7964.84,0.86214,0.84989,1.08805,0.93669,0.81277,0.89857,0.65895,0.92762,0.83125,1.09645,0.00306175,0.00306175,0.00306175
843,7974.5,0.87214,0.85366,1.07378,0.94126,0.81064,0.89995,0.65899,0.92679,0.82992,1.09578,0.0030535,0.0030535,0.0030535
844,7984.33,0.88331,0.86039,1.08495,0.94154,0.81064,0.90012,0.65901,0.92543,0.82793,1.09491,0.00304525,0.00304525,0.00304525
845,7993.76,0.87061,0.83312,1.07499,0.93852,0.81201,0.89893,0.66084,0.92446,0.8256,1.09402,0.003037,0.003037,0.003037
846,8003.06,0.85485,0.825,1.08215,0.94964,0.80242,0.89822,0.66205,0.9235,0.82465,1.09311,0.00302875,0.00302875,0.00302875
847,8012.69,0.86009,0.84251,1.07564,0.94286,0.80744,0.89723,0.66073,0.92295,0.82434,1.09261,0.0030205,0.0030205,0.0030205
848,8022.13,0.83875,0.82149,1.07625,0.94482,0.80851,0.89706,0.66064,0.92303,0.82441,1.09225,0.00301225,0.00301225,0.00301225
849,8031.27,0.86251,0.83487,1.07069,0.94159,0.80851,0.89734,0.66124,0.92399,0.82421,1.09182,0.003004,0.003004,0.003004
850,8040.35,0.86423,0.80782,1.07405,0.94117,0.80851,0.89682,0.66172,0.92424,0.82323,1.0913,0.00299575,0.00299575,0.00299575
851,8049.52,0.85321,0.83389,1.07727,0.94301,0.80638,0.89687,0.66251,0.92357,0.82276,1.0905,0.0029875,0.0029875,0.0029875
852,8058.8,0.88232,0.84462,1.0767,0.94456,0.80638,0.897,0.66347,0.92241,0.8222,1.08999,0.00297925,0.00297925,0.00297925
853,8068.01,0.84508,0.82185,1.07811,0.9456,0.80638,0.89724,0.66368,0.92116,0.82223,1.08914,0.002971,0.002971,0.002971
854,8077.45,0.84046,0.82127,1.06665,0.94732,0.80342,0.89687,0.66389,0.92066,0.82139,1.08811,0.00296275,0.00296275,0.00296275
855,8086.81,0.85118,0.81505,1.07717,0.94735,0.80401,0.89719,0.66367,0.91956,0.81962,1.08761,0.0029545,0.0029545,0.0029545
856,8095.97,0.8642,0.85531,1.07704,0.94667,0.80213,0.89734,0.66387,0.91907,0.81976,1.08739,0.00294625,0.00294625,0.00294625
857,8105.57,0.85842,0.83257,1.07413,0.94677,0.8,0.89777,0.66395,0.91844,0.8196,1.08727,0.002938,0.002938,0.002938
858,8115.17,0.8575,0.82676,1.07289,0.94771,0.80988,0.89934,0.66433,0.91863,0.81947,1.08671,0.00292975,0.00292975,0.00292975
859,8124.38,0.84491,0.81875,1.07365,0.94536,0.8099,0.89908,0.66504,0.91785,0.81916,1.08651,0.0029215,0.0029215,0.0029215
860,8133.53,0.85707,0.84625,1.07447,0.94501,0.81277,0.89936,0.66488,0.91744,0.82017,1.08619,0.00291325,0.00291325,0.00291325
861,8142.57,0.84074,0.80918,1.07223,0.94701,0.81489,0.90058,0.66448,0.91848,0.82142,1.08579,0.002905,0.002905,0.002905
862,8151.72,0.88541,0.83438,1.07316,0.94874,0.81489,0.90049,0.66451,0.91886,0.8218,1.08592,0.00289675,0.00289675,0.00289675
863,8160.76,0.8631,0.82067,1.07633,0.95172,0.81489,0.90128,0.665,0.91774,0.82138,1.08541,0.0028885,0.0028885,0.0028885
864,8169.94,0.86306,0.84368,1.0769,0.95247,0.81702,0.90104,0.66477,0.91648,0.8209,1.08518,0.00288025,0.00288025,0.00288025
865,8178.86,0.85889,0.83976,1.07757,0.9538,0.81702,0.90116,0.66535,0.91494,0.81922,1.08443,0.002872,0.002872,0.002872
866,8188.48,0.8554,0.83453,1.06958,0.95661,0.81702,0.90153,0.66557,0.91419,0.81781,1.08384,0.00286375,0.00286375,0.00286375
867,8197.78,0.84302,0.81777,1.06856,0.95417,0.81702,0.90137,0.66461,0.91338,0.817,1.08395,0.0028555,0.0028555,0.0028555
868,8206.78,0.83273,0.81399,1.06947,0.95471,0.81702,0.90113,0.66441,0.91259,0.81598,1.08343,0.00284725,0.00284725,0.00284725
869,8215.79,0.84775,0.81036,1.06737,0.95521,0.81668,0.90151,0.66441,0.91235,0.816,1.08306,0.002839,0.002839,0.002839
870,8225.08,0.84652,0.8177,1.07166,0.95447,0.81489,0.90166,0.66413,0.91176,0.81504,1.08261,0.00283075,0.00283075,0.00283075
871,8234.31,0.84305,0.81758,1.07011,0.95042,0.81574,0.90154,0.66463,0.91116,0.81428,1.08233,0.0028225,0.0028225,0.0028225
872,8243.54,0.8534,0.83128,1.08038,0.9551,0.81471,0.90192,0.66542,0.91055,0.81481,1.08189,0.00281425,0.00281425,0.00281425
873,8252.49,0.84809,0.83448,1.07351,0.95506,0.81383,0.90146,0.66601,0.91001,0.81596,1.08132,0.002806,0.002806,0.002806
874,8261.9,0.85891,0.83089,1.07691,0.96024,0.80851,0.90166,0.66514,0.91144,0.81596,1.08133,0.00279775,0.00279775,0.00279775
875,8271.23,0.83546,0.79874,1.06709,0.96206,0.80918,0.90188,0.66465,0.91223,0.81658,1.08114,0.0027895,0.0027895,0.0027895
876,8280.28,0.87235,0.83598,1.07502,0.95976,0.81197,0.90211,0.66575,0.91124,0.81595,1.08105,0.00278125,0.00278125,0.00278125
877,8289.24,0.86602,0.82638,1.07396,0.95984,0.81373,0.9022,0.66702,0.91067,0.81466,1.08067,0.002773,0.002773,0.002773
878,8298.41,0.86581,0.83611,1.07282,0.95988,0.81448,0.90433,0.66757,0.91027,0.81291,1.08055,0.00276475,0.00276475,0.00276475
879,8307.74,0.84767,0.81754,1.06918,0.95274,0.81493,0.90375,0.66761,0.90986,0.81292,1.07996,0.0027565,0.0027565,0.0027565
880,8316.69,0.84633,0.81836,1.06516,0.93703,0.81702,0.90372,0.66796,0.90953,0.81144,1.07992,0.00274825,0.00274825,0.00274825
881,8325.98,0.84282,0.82297,1.06608,0.94407,0.81489,0.90373,0.666,0.9105,0.8107,1.07971,0.00274,0.00274,0.00274
882,8334.98,0.84366,0.83944,1.0723,0.9513,0.81489,0.90389,0.66713,0.91042,0.81038,1.07955,0.00273175,0.00273175,0.00273175
883,8344.24,0.82384,0.80937,1.06526,0.9445,0.81702,0.9039,0.66841,0.90987,0.81045,1.07977,0.0027235,0.0027235,0.0027235
884,8353.47,0.84729,0.80322,1.06181,0.94426,0.81702,0.90341,0.66818,0.9098,0.81066,1.08,0.00271525,0.00271525,0.00271525
885,8362.55,0.85475,0.84284,1.07206,0.94558,0.81702,0.90358,0.66812,0.90958,0.80997,1.07976,0.002707,0.002707,0.002707
886,8371.56,0.84431,0.82204,1.07342,0.94994,0.81702,0.9037,0.66779,0.90933,0.81011,1.07935,0.00269875,0.00269875,0.00269875
887,8380.67,0.83391,0.82093,1.06125,0.94877,0.81702,0.90356,0.66733,0.90953,0.81076,1.07916,0.0026905,0.0026905,0.0026905
888,8389.83,0.8553,0.81857,1.06307,0.94774,0.81489,0.90377,0.66763,0.90926,0.81094,1.07888,0.00268225,0.00268225,0.00268225
889,8398.98,0.85402,0.82785,1.07145,0.9507,0.81277,0.90261,0.66816,0.90846,0.81001,1.07862,0.002674,0.002674,0.002674
890,8408.2,0.83759,0.81054,1.05468,0.94589,0.81823,0.90257,0.66886,0.90802,0.80935,1.0784,0.00266575,0.00266575,0.00266575
891,8417.56,0.8231,0.8174,1.05794,0.9472,0.81489,0.90251,0.66867,0.9086,0.80872,1.0786,0.0026575,0.0026575,0.0026575
892,8426.66,0.84171,0.81937,1.06355,0.94527,0.81702,0.90259,0.66832,0.90857,0.80764,1.07817,0.00264925,0.00264925,0.00264925
893,8435.8,0.82573,0.79372,1.06268,0.9487,0.81702,0.90286,0.66931,0.90803,0.80697,1.07795,0.002641,0.002641,0.002641
894,8445.04,0.82512,0.80928,1.05994,0.95259,0.81702,0.90309,0.66992,0.90736,0.80517,1.07744,0.00263275,0.00263275,0.00263275
895,8454.4,0.82524,0.80283,1.05393,0.95508,0.81431,0.90325,0.67055,0.90753,0.8035,1.07753,0.0026245,0.0026245,0.0026245
896,8463.63,0.82765,0.80999,1.06392,0.95214,0.81489,0.90516,0.67079,0.90689,0.80295,1.07697,0.00261625,0.00261625,0.00261625
897,8472.91,0.82389,0.79446,1.0606,0.9519,0.81489,0.90546,0.67191,0.90641,0.80172,1.07661,0.002608,0.002608,0.002608
898,8482.21,0.82813,0.80236,1.05767,0.95261,0.81256,0.903,0.67167,0.90579,0.80025,1.07634,0.00259975,0.00259975,0.00259975
899,8491.42,0.79394,0.77702,1.05161,0.95258,0.81064,0.90311,0.67165,0.90586,0.79875,1.07624,0.0025915,0.0025915,0.0025915
900,8500.49,0.82838,0.78127,1.05158,0.95245,0.80976,0.90325,0.67191,0.90515,0.79836,1.07591,0.00258325,0.00258325,0.00258325
901,8509.52,0.80699,0.77016,1.04712,0.95954,0.80742,0.90341,0.67222,0.90419,0.79716,1.07561,0.002575,0.002575,0.002575
902,8518.81,0.83887,0.8064,1.05717,0.95744,0.80851,0.90333,0.6732,0.90322,0.79664,1.07514,0.00256675,0.00256675,0.00256675
903,8528.18,0.83357,0.80539,1.05943,0.95016,0.81129,0.90265,0.6734,0.90251,0.79681,1.07461,0.0025585,0.0025585,0.0025585
904,8537.36,0.85475,0.8074,1.05893,0.9502,0.81192,0.90296,0.67334,0.90222,0.79706,1.07422,0.00255025,0.00255025,0.00255025
905,8546.31,0.81527,0.79935,1.05746,0.9505,0.81277,0.90267,0.67386,0.90246,0.79689,1.07394,0.002542,0.002542,0.002542
906,8555.42,0.82703,0.8062,1.05493,0.94353,0.81489,0.90274,0.67308,0.90233,0.79677,1.07384,0.00253375,0.00253375,0.00253375
907,8565.1,0.83914,0.80494,1.0697,0.94107,0.8154,0.90309,0.67284,0.902,0.79582,1.07347,0.0025255,0.0025255,0.0025255
908,8574.1,0.8417,0.81571,1.0636,0.94112,0.81624,0.9036,0.67347,0.90184,0.79618,1.07319,0.00251725,0.00251725,0.00251725
909,8583.06,0.83271,0.80657,1.06306,0.92106,0.83191,0.90356,0.67366,0.9018,0.79635,1.073,0.002509,0.002509,0.002509
910,8592,0.81436,0.78293,1.05363,0.92408,0.83404,0.90446,0.67389,0.90062,0.79575,1.07253,0.00250075,0.00250075,0.00250075
911,8601.17,0.81453,0.78773,1.05985,0.92516,0.83191,0.90425,0.67344,0.89994,0.79521,1.07201,0.0024925,0.0024925,0.0024925
912,8611.1,0.80572,0.77312,1.04791,0.92864,0.83071,0.90417,0.67379,0.89923,0.79464,1.07171,0.00248425,0.00248425,0.00248425
913,8620.06,0.7939,0.78455,1.04404,0.92885,0.83404,0.90419,0.67492,0.8984,0.79399,1.07132,0.002476,0.002476,0.002476
914,8629.26,0.82278,0.7941,1.04971,0.9288,0.83263,0.90406,0.67396,0.89802,0.7942,1.07091,0.00246775,0.00246775,0.00246775
915,8638.39,0.81401,0.78852,1.04848,0.92732,0.83404,0.90453,0.67424,0.89759,0.79355,1.07051,0.0024595,0.0024595,0.0024595
916,8648.51,0.7873,0.76953,1.05033,0.9373,0.8234,0.9046,0.67434,0.89716,0.7927,1.0703,0.00245125,0.00245125,0.00245125
917,8657.47,0.82369,0.78285,1.06076,0.9383,0.8234,0.90471,0.67397,0.89704,0.79205,1.06992,0.002443,0.002443,0.002443
918,8666.57,0.81721,0.79246,1.05137,0.93448,0.82766,0.90503,0.6746,0.89655,0.7918,1.06952,0.00243475,0.00243475,0.00243475
919,8675.59,0.83454,0.79323,1.05352,0.93566,0.8234,0.90492,0.67455,0.89669,0.79066,1.06951,0.0024265,0.0024265,0.0024265
920,8685.29,0.81706,0.77481,1.05079,0.93545,0.8234,0.90515,0.67438,0.89623,0.7898,1.0695,0.00241825,0.00241825,0.00241825
921,8694.38,0.81597,0.78803,1.05196,0.93273,0.826,0.90509,0.67502,0.89622,0.78865,1.06957,0.00241,0.00241,0.00241
922,8703.61,0.80501,0.78731,1.04578,0.93308,0.8234,0.9057,0.67546,0.89584,0.78794,1.06948,0.00240175,0.00240175,0.00240175
923,8712.89,0.80533,0.77408,1.04982,0.93287,0.82789,0.90555,0.67623,0.89534,0.78752,1.06933,0.0023935,0.0023935,0.0023935
924,8723.05,0.82616,0.80232,1.05394,0.93281,0.82707,0.90519,0.67634,0.89495,0.78724,1.06899,0.00238525,0.00238525,0.00238525
925,8732.36,0.81445,0.78451,1.05576,0.93517,0.82873,0.90637,0.6763,0.894,0.78708,1.06855,0.002377,0.002377,0.002377
926,8741.69,0.8073,0.7712,1.05351,0.93509,0.82751,0.90624,0.67559,0.89299,0.7864,1.06826,0.00236875,0.00236875,0.00236875
927,8750.77,0.81981,0.79852,1.05376,0.93486,0.82443,0.90635,0.67659,0.89253,0.78524,1.06807,0.0023605,0.0023605,0.0023605
928,8761.1,0.78373,0.76812,1.04892,0.93523,0.82945,0.90649,0.67599,0.8918,0.78478,1.06753,0.00235225,0.00235225,0.00235225
929,8770.2,0.8188,0.78025,1.05193,0.93318,0.832,0.90642,0.67563,0.89131,0.784,1.06723,0.002344,0.002344,0.002344
930,8779.18,0.82099,0.80138,1.05615,0.93509,0.82752,0.90638,0.67575,0.89101,0.78365,1.06699,0.00233575,0.00233575,0.00233575
931,8788.36,0.80708,0.7955,1.05146,0.93336,0.82553,0.9066,0.6748,0.89089,0.78278,1.06653,0.0023275,0.0023275,0.0023275
932,8798.42,0.81656,0.78974,1.05008,0.93327,0.82553,0.90678,0.67494,0.89064,0.78248,1.06629,0.00231925,0.00231925,0.00231925
933,8807.48,0.80309,0.77871,1.04962,0.93281,0.82705,0.90721,0.67493,0.89006,0.78161,1.06605,0.002311,0.002311,0.002311
934,8816.49,0.79644,0.7788,1.05552,0.93272,0.82588,0.9072,0.67556,0.88927,0.78096,1.06568,0.00230275,0.00230275,0.00230275
935,8825.48,0.80718,0.7785,1.04549,0.93274,0.8261,0.90716,0.67553,0.88818,0.78076,1.06522,0.0022945,0.0022945,0.0022945
936,8835.17,0.81901,0.79182,1.04802,0.93684,0.82766,0.90898,0.67647,0.88728,0.78097,1.06486,0.00228625,0.00228625,0.00228625
937,8844.5,0.80626,0.76493,1.04987,0.9374,0.82839,0.90907,0.67722,0.88671,0.78099,1.06485,0.002278,0.002278,0.002278
938,8853.77,0.8088,0.78309,1.04757,0.93738,0.82809,0.90898,0.67741,0.8865,0.78053,1.06477,0.00226975,0.00226975,0.00226975
939,8862.98,0.77199,0.75524,1.0374,0.93737,0.82788,0.90898,0.67784,0.88643,0.78003,1.06459,0.0022615,0.0022615,0.0022615
940,8872.91,0.79075,0.77152,1.04548,0.94137,0.82553,0.90949,0.67836,0.88577,0.77985,1.06421,0.00225325,0.00225325,0.00225325
941,8882.29,0.82715,0.77505,1.05341,0.93957,0.82703,0.90939,0.67808,0.88554,0.77921,1.06398,0.002245,0.002245,0.002245
942,8891.45,0.82553,0.78034,1.05363,0.93834,0.82766,0.90931,0.67803,0.8851,0.77931,1.0637,0.00223675,0.00223675,0.00223675
943,8900.48,0.80744,0.77654,1.05456,0.93985,0.82766,0.90942,0.67767,0.88482,0.77821,1.06326,0.0022285,0.0022285,0.0022285
944,8910.23,0.80504,0.76976,1.05005,0.94096,0.82766,0.90975,0.67779,0.88471,0.7779,1.06307,0.00222025,0.00222025,0.00222025
945,8919.13,0.79527,0.7789,1.04315,0.94201,0.82945,0.90994,0.67768,0.88435,0.7773,1.06303,0.002212,0.002212,0.002212
946,8928.12,0.79884,0.77349,1.04825,0.94198,0.82905,0.90995,0.6773,0.88425,0.77627,1.06306,0.00220375,0.00220375,0.00220375
947,8937.09,0.78973,0.75936,1.03391,0.942,0.82933,0.91004,0.67772,0.88478,0.77591,1.06306,0.0021955,0.0021955,0.0021955
948,8947.03,0.81852,0.77089,1.05485,0.94179,0.82625,0.90997,0.67882,0.88432,0.77517,1.06293,0.00218725,0.00218725,0.00218725
949,8956.5,0.80497,0.77031,1.04248,0.94335,0.82553,0.91011,0.67881,0.88384,0.77445,1.06244,0.002179,0.002179,0.002179
950,8965.95,0.78713,0.76395,1.03937,0.94105,0.82766,0.91011,0.67878,0.88329,0.77372,1.06215,0.00217075,0.00217075,0.00217075
951,8974.98,0.80049,0.77411,1.0483,0.9374,0.82836,0.91027,0.67879,0.88287,0.77342,1.06187,0.0021625,0.0021625,0.0021625
952,8984.53,0.79254,0.75448,1.04246,0.9374,0.82843,0.90999,0.67844,0.88226,0.77283,1.06162,0.00215425,0.00215425,0.00215425
953,8993.46,0.8028,0.76401,1.04648,0.93129,0.83634,0.91018,0.67835,0.88213,0.77248,1.06163,0.002146,0.002146,0.002146
954,9002.42,0.79769,0.76369,1.03271,0.93358,0.83738,0.91027,0.67791,0.88175,0.77235,1.06148,0.00213775,0.00213775,0.00213775
955,9011.61,0.78183,0.76205,1.03712,0.9359,0.83873,0.91037,0.67781,0.88192,0.77223,1.06154,0.0021295,0.0021295,0.0021295
956,9021.05,0.78595,0.77038,1.04001,0.93377,0.83987,0.91043,0.67774,0.88168,0.77179,1.06129,0.00212125,0.00212125,0.00212125
957,9030.09,0.79364,0.7672,1.04278,0.93377,0.83988,0.9108,0.67759,0.88077,0.77131,1.06109,0.002113,0.002113,0.002113
958,9039.18,0.79861,0.7842,1.04941,0.93377,0.83994,0.9108,0.67827,0.88013,0.77079,1.06093,0.00210475,0.00210475,0.00210475
959,9048.21,0.77846,0.74677,1.03024,0.93312,0.8383,0.91088,0.67779,0.87978,0.77068,1.06088,0.0020965,0.0020965,0.0020965
960,9057.72,0.79315,0.76605,1.05071,0.92374,0.8383,0.9109,0.67777,0.87936,0.76992,1.06085,0.00208825,0.00208825,0.00208825
961,9066.91,0.79345,0.75301,1.03688,0.93607,0.8383,0.91097,0.67807,0.87914,0.76971,1.06082,0.00208,0.00208,0.00208
962,9075.86,0.78138,0.74766,1.03873,0.93368,0.84043,0.91112,0.6793,0.87906,0.76947,1.06076,0.00207175,0.00207175,0.00207175
963,9085.17,0.77702,0.75167,1.0337,0.93992,0.83191,0.91119,0.67861,0.87873,0.76877,1.06064,0.0020635,0.0020635,0.0020635
964,9094.72,0.79536,0.75371,1.04562,0.928,0.84043,0.91176,0.67884,0.87823,0.7687,1.06053,0.00205525,0.00205525,0.00205525
965,9103.7,0.79327,0.78257,1.04418,0.92906,0.84043,0.91182,0.6788,0.87788,0.76833,1.06036,0.002047,0.002047,0.002047
966,9112.68,0.7992,0.77071,1.04515,0.93161,0.84046,0.91203,0.67874,0.87779,0.7679,1.06024,0.00203875,0.00203875,0.00203875
967,9121.68,0.77571,0.75405,1.0415,0.93172,0.8419,0.91225,0.67907,0.8775,0.76748,1.06014,0.0020305,0.0020305,0.0020305
968,9131.04,0.79069,0.76542,1.03462,0.92475,0.84255,0.91188,0.67843,0.87752,0.76746,1.06029,0.00202225,0.00202225,0.00202225
969,9140.18,0.78337,0.76381,1.04358,0.92627,0.84255,0.91175,0.67964,0.87709,0.76737,1.06017,0.002014,0.002014,0.002014
970,9149.48,0.7954,0.76215,1.04233,0.92634,0.84255,0.91174,0.67915,0.87659,0.76744,1.06002,0.00200575,0.00200575,0.00200575
971,9158.44,0.76943,0.75204,1.03119,0.92732,0.84255,0.91176,0.67893,0.87619,0.76724,1.06002,0.0019975,0.0019975,0.0019975
972,9167.6,0.7907,0.767,1.03306,0.93037,0.84043,0.91176,0.67851,0.87579,0.76697,1.05978,0.00198925,0.00198925,0.00198925
973,9176.56,0.80302,0.77631,1.0453,0.93022,0.84043,0.9119,0.67921,0.87537,0.76672,1.05958,0.001981,0.001981,0.001981
974,9185.5,0.79244,0.76078,1.04051,0.93006,0.84043,0.91163,0.67915,0.87533,0.76574,1.05977,0.00197275,0.00197275,0.00197275
975,9194.54,0.79441,0.76431,1.0375,0.93007,0.84043,0.91176,0.67994,0.87494,0.76567,1.05978,0.0019645,0.0019645,0.0019645
976,9203.89,0.78773,0.76639,1.02913,0.93247,0.84043,0.91178,0.68081,0.87448,0.7655,1.05955,0.00195625,0.00195625,0.00195625
977,9213.23,0.77648,0.73903,1.02834,0.93187,0.8383,0.91194,0.68049,0.87405,0.76547,1.05959,0.001948,0.001948,0.001948
978,9222.17,0.77891,0.73257,1.02828,0.93341,0.8383,0.91197,0.68048,0.87366,0.76542,1.05954,0.00193975,0.00193975,0.00193975
979,9231.7,0.76708,0.75239,1.02313,0.93351,0.83642,0.91202,0.68043,0.87386,0.76571,1.05954,0.0019315,0.0019315,0.0019315
980,9241.32,0.78438,0.76614,1.03399,0.93348,0.83595,0.91216,0.68084,0.87414,0.76567,1.0595,0.00192325,0.00192325,0.00192325
981,9250.66,0.76607,0.74769,1.03323,0.93352,0.83649,0.91214,0.68048,0.87459,0.76578,1.05956,0.001915,0.001915,0.001915
982,9259.59,0.77594,0.74782,1.0276,0.93344,0.83552,0.91205,0.68019,0.87467,0.7663,1.05949,0.00190675,0.00190675,0.00190675
983,9268.57,0.76514,0.73746,1.03512,0.93345,0.83566,0.91209,0.6803,0.87473,0.76645,1.05941,0.0018985,0.0018985,0.0018985
984,9278.11,0.79689,0.75718,1.04315,0.93343,0.8354,0.91214,0.6801,0.87461,0.7665,1.05925,0.00189025,0.00189025,0.00189025
985,9287.05,0.7648,0.74808,1.03182,0.93342,0.83526,0.91223,0.67981,0.87449,0.76601,1.0591,0.001882,0.001882,0.001882
986,9295.99,0.76864,0.73267,1.02827,0.93424,0.83404,0.91237,0.67917,0.87463,0.76566,1.05904,0.00187375,0.00187375,0.00187375
987,9304.91,0.78259,0.74015,1.03397,0.93666,0.83404,0.91249,0.67956,0.87495,0.765,1.05889,0.0018655,0.0018655,0.0018655
988,9314.23,0.75529,0.72789,1.01934,0.93701,0.83404,0.91234,0.68012,0.87504,0.76523,1.05877,0.00185725,0.00185725,0.00185725
989,9323.29,0.78408,0.74163,1.02876,0.93786,0.83495,0.91276,0.68003,0.87496,0.76495,1.05853,0.001849,0.001849,0.001849
990,9332.23,0.76022,0.73189,1.02486,0.93792,0.83573,0.91285,0.67955,0.87493,0.76493,1.05834,0.00184075,0.00184075,0.00184075
991,9341.51,0.78725,0.74915,1.03405,0.93789,0.83538,0.91317,0.68049,0.87471,0.76482,1.0582,0.0018325,0.0018325,0.0018325
992,9351.22,0.76524,0.72993,1.02651,0.93792,0.83581,0.91295,0.68127,0.87458,0.76484,1.05803,0.00182425,0.00182425,0.00182425
993,9360.62,0.76693,0.73584,1.02279,0.93789,0.83541,0.91307,0.68179,0.87473,0.76476,1.05801,0.001816,0.001816,0.001816
994,9369.81,0.75674,0.73914,1.03377,0.93792,0.83574,0.91326,0.68184,0.87423,0.76488,1.05804,0.00180775,0.00180775,0.00180775
995,9379.12,0.7829,0.75546,1.03743,0.92713,0.8392,0.91315,0.68155,0.87422,0.76525,1.05808,0.0017995,0.0017995,0.0017995
996,9388.18,0.7589,0.7348,1.02798,0.93786,0.83493,0.91322,0.68153,0.87417,0.7652,1.05802,0.00179125,0.00179125,0.00179125
997,9397.15,0.75716,0.7231,1.02552,0.93789,0.83535,0.91332,0.68232,0.87401,0.76522,1.05797,0.001783,0.001783,0.001783
998,9406.45,0.75324,0.72008,1.02046,0.93781,0.83425,0.91338,0.68273,0.8736,0.76525,1.05778,0.00177475,0.00177475,0.00177475
999,9416.33,0.79387,0.75381,1.03822,0.93789,0.83404,0.91333,0.68272,0.87378,0.7653,1.05779,0.0017665,0.0017665,0.0017665
1000,9425.33,0.77742,0.75074,1.02906,0.93978,0.83617,0.91324,0.6828,0.87362,0.76569,1.05783,0.00175825,0.00175825,0.00175825
1001,9434.57,0.77194,0.73828,1.02451,0.93768,0.83231,0.91142,0.68256,0.87378,0.76561,1.05786,0.00175,0.00175,0.00175
1002,9443.54,0.77195,0.75091,1.02987,0.93613,0.82979,0.91124,0.68271,0.87381,0.7663,1.05789,0.00174175,0.00174175,0.00174175
1003,9453.05,0.78194,0.7492,1.03806,0.93744,0.82898,0.91139,0.68275,0.8736,0.76597,1.0578,0.0017335,0.0017335,0.0017335
1004,9462,0.76668,0.73011,1.03186,0.93759,0.83105,0.91145,0.68276,0.87352,0.76592,1.05778,0.00172525,0.00172525,0.00172525
1005,9470.96,0.79323,0.75736,1.03645,0.93962,0.82782,0.91161,0.68327,0.87325,0.76547,1.05778,0.001717,0.001717,0.001717
1006,9480.22,0.77002,0.73145,1.01802,0.93962,0.82779,0.91175,0.68387,0.87391,0.76548,1.0581,0.00170875,0.00170875,0.00170875
1007,9489.69,0.74997,0.73441,1.01557,0.93963,0.82784,0.91176,0.68384,0.87368,0.76539,1.05808,0.0017005,0.0017005,0.0017005
1008,9498.51,0.75461,0.73505,1.02167,0.94206,0.83031,0.91392,0.68455,0.87364,0.76532,1.058,0.00169225,0.00169225,0.00169225
1009,9507.81,0.77227,0.73563,1.02615,0.94203,0.82981,0.91396,0.6847,0.87373,0.76496,1.05802,0.001684,0.001684,0.001684
1010,9517.15,0.75688,0.72538,1.01954,0.94202,0.82968,0.9124,0.68468,0.87349,0.76495,1.05799,0.00167575,0.00167575,0.00167575
1011,9527.08,0.75315,0.72817,1.01973,0.942,0.82936,0.91237,0.68497,0.87344,0.76505,1.05805,0.0016675,0.0016675,0.0016675
1012,9536.23,0.73955,0.71036,1.01371,0.94201,0.82947,0.91243,0.68511,0.87343,0.76524,1.05824,0.00165925,0.00165925,0.00165925
1013,9545.65,0.76989,0.73059,1.02696,0.94255,0.82766,0.91243,0.68542,0.8734,0.76531,1.05825,0.001651,0.001651,0.001651
1014,9554.88,0.75558,0.72849,1.02298,0.9363,0.83404,0.91274,0.68501,0.87297,0.7654,1.05829,0.00164275,0.00164275,0.00164275
1015,9563.97,0.77308,0.73563,1.02618,0.93298,0.83617,0.91275,0.68522,0.87249,0.76574,1.05818,0.0016345,0.0016345,0.0016345
1016,9573.14,0.77823,0.74796,1.02763,0.93353,0.83672,0.91273,0.6849,0.87239,0.766,1.05824,0.00162625,0.00162625,0.00162625
1017,9582.08,0.75241,0.72858,1.01588,0.93278,0.83617,0.91295,0.68492,0.8722,0.76593,1.05823,0.001618,0.001618,0.001618
1018,9591.04,0.75641,0.73559,1.02234,0.93354,0.83683,0.91299,0.68448,0.87191,0.76631,1.05815,0.00160975,0.00160975,0.00160975
1019,9600.24,0.75963,0.73946,1.02719,0.93355,0.83699,0.91314,0.68459,0.87171,0.76623,1.05812,0.0016015,0.0016015,0.0016015
1020,9609.13,0.76028,0.73412,1.02122,0.93586,0.83825,0.91364,0.68547,0.87153,0.76582,1.05794,0.00159325,0.00159325,0.00159325
1021,9618.42,0.72599,0.70799,1.00952,0.93571,0.8383,0.9139,0.68625,0.87096,0.7661,1.05722,0.001585,0.001585,0.001585
1022,9627.76,0.76374,0.73194,1.02149,0.93589,0.83867,0.91414,0.68677,0.87101,0.76588,1.05746,0.00157675,0.00157675,0.00157675
1023,9637.71,0.75098,0.71977,1.02265,0.93592,0.8391,0.91353,0.68671,0.87094,0.7656,1.05743,0.0015685,0.0015685,0.0015685
1024,9646.56,0.76435,0.73652,1.02615,0.93749,0.8383,0.91355,0.686,0.87105,0.76553,1.05737,0.00156025,0.00156025,0.00156025
1025,9655.6,0.75361,0.72135,1.01929,0.93813,0.83878,0.9137,0.686,0.87085,0.76571,1.05722,0.001552,0.001552,0.001552
1026,9664.72,0.73339,0.7016,1.01168,0.9381,0.83841,0.91389,0.68627,0.87106,0.76534,1.05721,0.00154375,0.00154375,0.00154375
1027,9674.26,0.75714,0.72032,1.01499,0.93806,0.83777,0.91399,0.6861,0.86963,0.76674,1.05523,0.0015355,0.0015355,0.0015355
1028,9683.47,0.74645,0.71576,1.02165,0.93829,0.84107,0.91428,0.68576,0.86921,0.76646,1.05517,0.00152725,0.00152725,0.00152725
1029,9692.45,0.75362,0.72177,1.02042,0.93837,0.84229,0.91434,0.6854,0.8691,0.76632,1.05507,0.001519,0.001519,0.001519
1030,9701.66,0.7482,0.72292,1.01807,0.93834,0.84186,0.9143,0.68558,0.86916,0.76623,1.05511,0.00151075,0.00151075,0.00151075
1031,9710.74,0.73735,0.71055,1.00582,0.93834,0.84179,0.91442,0.68547,0.86921,0.76627,1.05506,0.0015025,0.0015025,0.0015025
1032,9719.82,0.76386,0.72521,1.02363,0.94053,0.84123,0.91447,0.68539,0.86909,0.76598,1.05495,0.00149425,0.00149425,0.00149425
1033,9728.92,0.7487,0.73079,1.01472,0.94048,0.84056,0.91457,0.68603,0.86878,0.76601,1.0548,0.001486,0.001486,0.001486
1034,9738.13,0.75041,0.73159,1.02729,0.9404,0.83923,0.9159,0.68624,0.8686,0.76584,1.05472,0.00147775,0.00147775,0.00147775
1035,9747.16,0.74199,0.71665,1.01489,0.94041,0.83947,0.91608,0.6868,0.86792,0.76519,1.05447,0.0014695,0.0014695,0.0014695
1036,9756.45,0.75014,0.72196,1.01685,0.94045,0.84006,0.91615,0.68733,0.86787,0.76473,1.05443,0.00146125,0.00146125,0.00146125
1037,9765.59,0.76345,0.72271,1.02007,0.94045,0.83997,0.91619,0.68763,0.86748,0.76487,1.0544,0.001453,0.001453,0.001453
1038,9774.9,0.75356,0.72624,1.01929,0.94045,0.84003,0.9163,0.68734,0.86717,0.7643,1.05447,0.00144475,0.00144475,0.00144475
1039,9784,0.75334,0.72933,1.02318,0.94047,0.84041,0.91633,0.68807,0.86696,0.76372,1.05444,0.0014365,0.0014365,0.0014365
1040,9793.27,0.765,0.72379,1.0239,0.94056,0.84163,0.91666,0.68822,0.86653,0.76299,1.05421,0.00142825,0.00142825,0.00142825
1041,9802.46,0.77704,0.73831,1.02303,0.94065,0.8431,0.91675,0.68787,0.86613,0.76263,1.05398,0.00142,0.00142,0.00142
1042,9811.55,0.74492,0.72174,1.01504,0.94067,0.84334,0.91686,0.68862,0.86556,0.76256,1.0536,0.00141175,0.00141175,0.00141175
1043,9820.77,0.76033,0.74128,1.02294,0.94068,0.8435,0.9169,0.68824,0.86557,0.76216,1.05337,0.0014035,0.0014035,0.0014035
1044,9829.9,0.73533,0.71709,1.00951,0.94068,0.84355,0.91682,0.68834,0.865,0.76204,1.0533,0.00139525,0.00139525,0.00139525
1045,9839.02,0.73356,0.71876,1.01352,0.94068,0.84353,0.91683,0.68924,0.86489,0.76201,1.05309,0.001387,0.001387,0.001387
1046,9848.6,0.73604,0.70774,1.01814,0.94076,0.84473,0.91689,0.68864,0.86436,0.76178,1.05313,0.00137875,0.00137875,0.00137875
1047,9857.58,0.74671,0.71476,1.0097,0.94082,0.84562,0.91682,0.68938,0.86421,0.76191,1.05303,0.0013705,0.0013705,0.0013705
1048,9866.77,0.74533,0.70453,1.01451,0.94079,0.84517,0.91685,0.68961,0.86405,0.76122,1.05285,0.00136225,0.00136225,0.00136225
1049,9876.1,0.74306,0.70175,1.01288,0.94082,0.84558,0.91692,0.68951,0.86386,0.7611,1.0527,0.001354,0.001354,0.001354
1050,9885.07,0.73151,0.70502,1.00887,0.94075,0.84456,0.91691,0.68928,0.86377,0.76114,1.05269,0.00134575,0.00134575,0.00134575
1051,9894.01,0.73132,0.69735,1.0091,0.9409,0.8469,0.91691,0.68949,0.86359,0.76084,1.0525,0.0013375,0.0013375,0.0013375
1052,9903.12,0.74513,0.71514,1.01196,0.941,0.84842,0.91707,0.68948,0.86344,0.76052,1.05249,0.00132925,0.00132925,0.00132925
1053,9913.1,0.73986,0.70427,1.00905,0.94092,0.84708,0.91714,0.69003,0.86343,0.76033,1.05231,0.001321,0.001321,0.001321
1054,9922.43,0.73817,0.71586,1.01333,0.94088,0.8465,0.91712,0.6898,0.86349,0.7599,1.05232,0.00131275,0.00131275,0.00131275
1055,9931.57,0.75188,0.71671,1.01872,0.94309,0.84614,0.9173,0.68981,0.86288,0.75956,1.05204,0.0013045,0.0013045,0.0013045
1056,9940.57,0.74746,0.70859,1.01818,0.94321,0.84808,0.91748,0.68972,0.86245,0.7592,1.05183,0.00129625,0.00129625,0.00129625
1057,9949.63,0.70006,0.69275,1.00371,0.94286,0.85106,0.91747,0.6896,0.86268,0.75905,1.05169,0.001288,0.001288,0.001288
1058,9958.6,0.73218,0.70568,1.0183,0.94286,0.85106,0.91748,0.68903,0.86218,0.75905,1.05163,0.00127975,0.00127975,0.00127975
1059,9967.59,0.70464,0.67084,0.99728,0.9424,0.85106,0.91758,0.68881,0.86209,0.75866,1.05154,0.0012715,0.0012715,0.0012715
1060,9976.72,0.7405,0.69865,1.006,0.94212,0.85106,0.91757,0.68804,0.86206,0.75839,1.05139,0.00126325,0.00126325,0.00126325
1061,9985.92,0.73455,0.7026,1.008,0.94464,0.85106,0.91736,0.68859,0.8613,0.75794,1.05113,0.001255,0.001255,0.001255
1062,9994.88,0.71305,0.68369,1.0018,0.94488,0.85106,0.91743,0.68819,0.86115,0.75796,1.05127,0.00124675,0.00124675,0.00124675
1063,10003.8,0.74319,0.70712,1.01643,0.94485,0.85106,0.91745,0.68813,0.86096,0.75809,1.05121,0.0012385,0.0012385,0.0012385
1064,10012.8,0.74371,0.71915,1.0118,0.94497,0.85106,0.9174,0.68805,0.86083,0.75806,1.0512,0.00123025,0.00123025,0.00123025
1065,10022.6,0.74075,0.71732,1.01657,0.94555,0.85106,0.91741,0.68869,0.86069,0.75786,1.05108,0.001222,0.001222,0.001222
1066,10031.6,0.72479,0.69999,1.00638,0.94561,0.85087,0.91745,0.68904,0.86051,0.75738,1.05088,0.00121375,0.00121375,0.00121375
1067,10040.7,0.70895,0.67372,0.99605,0.94564,0.85133,0.91802,0.68875,0.8602,0.75718,1.05077,0.0012055,0.0012055,0.0012055
1068,10049.9,0.73201,0.70883,1.01193,0.94529,0.85319,0.91804,0.68899,0.86031,0.75735,1.0507,0.00119725,0.00119725,0.00119725
1069,10059,0.73004,0.70406,1.00469,0.94492,0.85319,0.91811,0.68873,0.86004,0.7569,1.05053,0.001189,0.001189,0.001189
1070,10068,0.75197,0.71927,1.01286,0.94469,0.85319,0.91816,0.68891,0.85989,0.75655,1.05019,0.00118075,0.00118075,0.00118075
1071,10077.1,0.7353,0.7058,1.01693,0.94575,0.85312,0.91803,0.68856,0.85953,0.75626,1.05006,0.0011725,0.0011725,0.0011725
1072,10086.1,0.74546,0.7236,1.01546,0.94512,0.85319,0.91806,0.68926,0.85941,0.75607,1.05003,0.00116425,0.00116425,0.00116425
1073,10095.1,0.71974,0.70557,1.01259,0.94486,0.85319,0.91807,0.68854,0.85932,0.7562,1.04992,0.001156,0.001156,0.001156
1074,10104,0.71548,0.69722,1.00327,0.94551,0.84914,0.91813,0.68867,0.85901,0.75591,1.04976,0.00114775,0.00114775,0.00114775
1075,10113.7,0.72622,0.69911,1.006,0.94548,0.8487,0.9177,0.68908,0.85885,0.75575,1.04969,0.0011395,0.0011395,0.0011395
1076,10122.8,0.71922,0.69668,1.01067,0.94545,0.84817,0.91803,0.6898,0.85863,0.75547,1.04956,0.00113125,0.00113125,0.00113125
1077,10131.8,0.74476,0.70785,1.00554,0.94538,0.84706,0.91762,0.68968,0.85807,0.75524,1.04937,0.001123,0.001123,0.001123
1078,10140.8,0.72735,0.7023,1.00517,0.94537,0.84679,0.91758,0.68929,0.85812,0.75517,1.0492,0.00111475,0.00111475,0.00111475
1079,10149.9,0.70974,0.69349,1.00405,0.94537,0.84679,0.91802,0.68933,0.85787,0.75479,1.04904,0.0011065,0.0011065,0.0011065
1080,10158.9,0.72263,0.69549,1.00979,0.94536,0.8467,0.91791,0.68992,0.85753,0.75418,1.04884,0.00109825,0.00109825,0.00109825
1081,10168,0.74121,0.70828,1.01306,0.94535,0.84653,0.91762,0.69014,0.85744,0.75395,1.04872,0.00109,0.00109,0.00109
1082,10177.3,0.72867,0.71234,1.01381,0.94535,0.84655,0.91766,0.69074,0.85736,0.75361,1.0486,0.00108175,0.00108175,0.00108175
1083,10186.6,0.72428,0.69078,0.99853,0.94536,0.84661,0.91755,0.69042,0.85696,0.75342,1.04859,0.0010735,0.0010735,0.0010735
1084,10195.6,0.71371,0.67812,1.00198,0.94535,0.84653,0.91755,0.69122,0.85679,0.75348,1.04833,0.00106525,0.00106525,0.00106525
1085,10205.1,0.70459,0.67322,0.99621,0.94536,0.84661,0.91758,0.69156,0.85661,0.75331,1.0482,0.001057,0.001057,0.001057
1086,10214.5,0.70521,0.68251,1.00211,0.94535,0.84645,0.91759,0.69139,0.85575,0.75288,1.04807,0.00104875,0.00104875,0.00104875
1087,10223.8,0.7335,0.69952,1.00722,0.94534,0.84642,0.91765,0.6914,0.85552,0.75261,1.0479,0.0010405,0.0010405,0.0010405
1088,10232.6,0.71314,0.69683,1.0054,0.94534,0.84637,0.91757,0.69182,0.85548,0.75238,1.04771,0.00103225,0.00103225,0.00103225
1089,10241.7,0.70762,0.67938,0.99764,0.94536,0.84668,0.9178,0.6913,0.85503,0.75214,1.04755,0.001024,0.001024,0.001024
1090,10250.9,0.71762,0.68683,0.9907,0.94545,0.84815,0.91788,0.69124,0.85477,0.75177,1.04736,0.00101575,0.00101575,0.00101575
1091,10260,0.70405,0.67845,1.00546,0.94551,0.84918,0.91786,0.69075,0.85458,0.75124,1.04714,0.0010075,0.0010075,0.0010075
1092,10269,0.69851,0.6896,0.99586,0.94568,0.85193,0.91788,0.69087,0.85448,0.75073,1.04698,0.00099925,0.00099925,0.00099925
1093,10278,0.73142,0.70534,1.00428,0.94559,0.85045,0.91794,0.69143,0.8544,0.75055,1.0469,0.000991,0.000991,0.000991
1094,10287.3,0.70623,0.67301,1.00268,0.94563,0.85319,0.91792,0.69126,0.85361,0.75017,1.04683,0.00098275,0.00098275,0.00098275
1095,10296.4,0.72353,0.6934,1.00027,0.94352,0.85319,0.91798,0.69148,0.85335,0.74975,1.04667,0.0009745,0.0009745,0.0009745
1096,10305.3,0.73759,0.70786,1.00822,0.94469,0.85319,0.91799,0.69194,0.85308,0.74955,1.04656,0.00096625,0.00096625,0.00096625
1097,10314.7,0.72953,0.6921,1.00099,0.94567,0.85186,0.91801,0.69137,0.85361,0.74963,1.04639,0.000958,0.000958,0.000958
1098,10323.8,0.70221,0.6789,0.9965,0.94572,0.85261,0.91814,0.69136,0.85329,0.74928,1.04622,0.00094975,0.00094975,0.00094975
1099,10332.8,0.69921,0.68143,0.99417,0.94567,0.85174,0.91815,0.69158,0.85271,0.74886,1.0462,0.0009415,0.0009415,0.0009415
1100,10341.7,0.71623,0.6754,1.00039,0.94568,0.85193,0.91823,0.69155,0.85305,0.74871,1.04601,0.00093325,0.00093325,0.00093325
1101,10350.7,0.71002,0.68693,0.99893,0.94569,0.85207,0.91838,0.69253,0.85266,0.74842,1.04588,0.000925,0.000925,0.000925
1102,10360,0.70296,0.6813,1.00008,0.94569,0.8521,0.91842,0.69186,0.85262,0.7483,1.04575,0.00091675,0.00091675,0.00091675
1103,10368.9,0.70975,0.68667,1.00532,0.94567,0.85173,0.91852,0.692,0.85241,0.74837,1.04563,0.0009085,0.0009085,0.0009085
1104,10378.1,0.71547,0.69257,1.00068,0.94556,0.84989,0.91836,0.69225,0.85269,0.74809,1.04561,0.00090025,0.00090025,0.00090025
1105,10387.3,0.70806,0.68775,0.99191,0.94549,0.8488,0.91837,0.69297,0.85251,0.74798,1.04555,0.000892,0.000892,0.000892
1106,10396.8,0.68735,0.67095,0.99249,0.94549,0.84884,0.91844,0.69268,0.85228,0.74765,1.04535,0.00088375,0.00088375,0.00088375
1107,10405.8,0.72344,0.69728,1.00605,0.94549,0.8488,0.91862,0.69279,0.85194,0.74737,1.04521,0.0008755,0.0008755,0.0008755
1108,10415.1,0.69854,0.66895,0.9983,0.94543,0.84789,0.9186,0.69298,0.85159,0.7474,1.04508,0.00086725,0.00086725,0.00086725
1109,10424.6,0.70791,0.69244,0.99295,0.94546,0.84681,0.91855,0.69338,0.85151,0.74741,1.04491,0.000859,0.000859,0.000859
1110,10433.9,0.7141,0.68312,1.00168,0.94604,0.84681,0.91855,0.69324,0.85138,0.74737,1.04481,0.00085075,0.00085075,0.00085075
1111,10443.2,0.69307,0.67193,0.98415,0.94678,0.84681,0.91853,0.69383,0.85132,0.74728,1.04473,0.0008425,0.0008425,0.0008425
1112,10452.4,0.72865,0.70307,1.00451,0.94671,0.84681,0.91852,0.69401,0.85138,0.74737,1.04475,0.00083425,0.00083425,0.00083425
1113,10461.7,0.68769,0.67973,0.99232,0.94689,0.84681,0.91843,0.69344,0.85122,0.74687,1.04482,0.000826,0.000826,0.000826
1114,10470.8,0.69864,0.66588,0.98967,0.94725,0.84681,0.91827,0.69395,0.85108,0.74665,1.04468,0.00081775,0.00081775,0.00081775
1115,10479.9,0.69331,0.6752,0.98808,0.9463,0.84681,0.91858,0.6939,0.85107,0.74661,1.04463,0.0008095,0.0008095,0.0008095
1116,10489,0.69028,0.67129,0.99687,0.94607,0.84681,0.91857,0.69396,0.85104,0.74649,1.04454,0.00080125,0.00080125,0.00080125
1117,10499.1,0.7106,0.68784,1.00405,0.94769,0.84797,0.91857,0.694,0.85097,0.74637,1.04443,0.000793,0.000793,0.000793
1118,10508.5,0.6968,0.67434,0.99948,0.94851,0.84681,0.91846,0.69451,0.85088,0.7463,1.04441,0.00078475,0.00078475,0.00078475
1119,10517.9,0.69983,0.67416,1.00324,0.94786,0.84681,0.91854,0.69452,0.85068,0.74589,1.04429,0.0007765,0.0007765,0.0007765
1120,10527.1,0.70758,0.67704,0.98984,0.9477,0.84823,0.91859,0.69492,0.8506,0.74592,1.04429,0.00076825,0.00076825,0.00076825
1121,10536.4,0.71152,0.68712,0.99912,0.94778,0.84955,0.91906,0.6948,0.85057,0.74557,1.04422,0.00076,0.00076,0.00076
1122,10545.3,0.70121,0.6759,0.98959,0.94778,0.84959,0.91899,0.69424,0.85041,0.74534,1.04415,0.00075175,0.00075175,0.00075175
1123,10554.4,0.70904,0.68295,0.99946,0.94762,0.84683,0.91896,0.69478,0.85049,0.74529,1.04408,0.0007435,0.0007435,0.0007435
1124,10563.7,0.68975,0.66465,0.99943,0.94634,0.84894,0.91909,0.69478,0.85039,0.74498,1.04406,0.00073525,0.00073525,0.00073525
1125,10573.2,0.70248,0.67168,0.99531,0.9478,0.8499,0.91917,0.69471,0.85025,0.74492,1.04393,0.000727,0.000727,0.000727
1126,10582.3,0.69071,0.66111,0.99525,0.94778,0.84963,0.91916,0.69434,0.85,0.74488,1.0439,0.00071875,0.00071875,0.00071875
1127,10591.4,0.7096,0.68597,0.99964,0.9499,0.84714,0.91905,0.69487,0.85006,0.74493,1.04388,0.0007105,0.0007105,0.0007105
1128,10600.4,0.71155,0.68616,1.00074,0.94996,0.84824,0.9191,0.6958,0.8499,0.74468,1.04377,0.00070225,0.00070225,0.00070225
1129,10609.7,0.70332,0.66437,0.98914,0.94993,0.84894,0.91908,0.69564,0.84976,0.74455,1.0437,0.000694,0.000694,0.000694
1130,10618.9,0.69884,0.68132,1.00033,0.94994,0.84795,0.91909,0.69571,0.84973,0.7444,1.04357,0.00068575,0.00068575,0.00068575
1131,10628,0.70621,0.67408,0.99378,0.94998,0.84866,0.91914,0.6958,0.84953,0.7443,1.04344,0.0006775,0.0006775,0.0006775
1132,10637.3,0.70132,0.68823,0.99937,0.94705,0.85106,0.91926,0.69545,0.84945,0.74398,1.04339,0.00066925,0.00066925,0.00066925
1133,10646.6,0.72696,0.69055,1.00827,0.94998,0.84854,0.91928,0.69582,0.8495,0.74408,1.04338,0.000661,0.000661,0.000661
1134,10656.1,0.69954,0.66894,0.99607,0.9495,0.84894,0.91916,0.69578,0.84941,0.74391,1.04326,0.00065275,0.00065275,0.00065275
1135,10665.2,0.68961,0.67603,0.99384,0.94794,0.85226,0.91938,0.69631,0.84939,0.74388,1.04324,0.0006445,0.0006445,0.0006445
1136,10674.4,0.70763,0.68254,0.99525,0.94795,0.85246,0.9194,0.69629,0.84947,0.74376,1.0433,0.00063625,0.00063625,0.00063625
1137,10683.5,0.68922,0.66498,0.98875,0.94793,0.85209,0.91933,0.69632,0.84926,0.74381,1.04317,0.000628,0.000628,0.000628
1138,10692.9,0.6998,0.68062,0.99466,0.94794,0.85229,0.91938,0.69624,0.84923,0.74384,1.0431,0.00061975,0.00061975,0.00061975
1139,10701.9,0.69089,0.66602,0.98581,0.9479,0.85171,0.91941,0.69577,0.84922,0.74371,1.04307,0.0006115,0.0006115,0.0006115
1140,10711.1,0.69254,0.67391,0.99239,0.94786,0.85101,0.91942,0.69558,0.84924,0.74362,1.04301,0.00060325,0.00060325,0.00060325
1141,10720.3,0.69439,0.67234,0.99154,0.94787,0.85119,0.91944,0.69599,0.84908,0.74363,1.04301,0.000595,0.000595,0.000595
1142,10729.1,0.70302,0.68401,0.99456,0.94792,0.852,0.91946,0.69512,0.84879,0.74339,1.04283,0.00058675,0.00058675,0.00058675
1143,10738.2,0.68415,0.66139,0.99082,0.94748,0.85319,0.91953,0.69515,0.84872,0.7434,1.04281,0.0005785,0.0005785,0.0005785
1144,10747.4,0.69821,0.67692,0.99067,0.94684,0.85319,0.91955,0.6953,0.84863,0.74344,1.04268,0.00057025,0.00057025,0.00057025
1145,10756.9,0.67523,0.6494,0.98834,0.94594,0.85319,0.91953,0.69462,0.84849,0.74315,1.04266,0.000562,0.000562,0.000562
1146,10766,0.66938,0.64984,0.97847,0.94611,0.85319,0.9195,0.69506,0.84825,0.74317,1.04258,0.00055375,0.00055375,0.00055375
1147,10775.1,0.67938,0.65883,0.99319,0.94576,0.85325,0.91959,0.69489,0.84829,0.74306,1.04245,0.0005455,0.0005455,0.0005455
1148,10784.3,0.70671,0.6762,0.99552,0.94576,0.8532,0.9196,0.69489,0.84802,0.74294,1.04244,0.00053725,0.00053725,0.00053725
1149,10794.2,0.67986,0.65321,0.98263,0.94576,0.85335,0.91958,0.69503,0.84789,0.7428,1.04235,0.000529,0.000529,0.000529
1150,10803.2,0.69196,0.66737,0.99097,0.94798,0.85295,0.91947,0.69424,0.848,0.74322,1.04229,0.00052075,0.00052075,0.00052075
1151,10812.4,0.68756,0.66388,0.98835,0.94578,0.85369,0.91962,0.69481,0.84794,0.74312,1.04223,0.0005125,0.0005125,0.0005125
1152,10821.5,0.67101,0.63865,0.97378,0.94583,0.85319,0.91955,0.6947,0.848,0.74308,1.04222,0.00050425,0.00050425,0.00050425
1153,10830.8,0.66674,0.65038,0.97581,0.94587,0.85519,0.91953,0.69478,0.84772,0.74289,1.0421,0.000496,0.000496,0.000496
1154,10839.7,0.7139,0.67729,0.99308,0.94553,0.85532,0.91958,0.69525,0.84764,0.74264,1.04202,0.00048775,0.00048775,0.00048775
1155,10848.6,0.68588,0.66422,0.99082,0.94196,0.85532,0.91967,0.69543,0.84763,0.74253,1.04197,0.0004795,0.0004795,0.0004795
1156,10858,0.69371,0.6681,0.98395,0.94167,0.85532,0.91976,0.69608,0.84783,0.74231,1.04191,0.00047125,0.00047125,0.00047125
1157,10867.1,0.67956,0.67071,0.99256,0.93995,0.85532,0.91979,0.69542,0.84771,0.74232,1.04189,0.000463,0.000463,0.000463
1158,10876.1,0.67246,0.65782,0.9877,0.94156,0.85532,0.91972,0.69598,0.84763,0.74227,1.04183,0.00045475,0.00045475,0.00045475
1159,10885,0.68681,0.66518,0.99326,0.9391,0.85532,0.91977,0.69578,0.84756,0.74228,1.04174,0.0004465,0.0004465,0.0004465
1160,10894.5,0.67649,0.65789,0.98381,0.93938,0.85532,0.91979,0.69572,0.84748,0.74216,1.04168,0.00043825,0.00043825,0.00043825
1161,10904.2,0.69225,0.67328,0.99045,0.93808,0.85532,0.91976,0.69606,0.84733,0.74213,1.0416,0.00043,0.00043,0.00043
1162,10913.3,0.6685,0.65683,0.98379,0.93921,0.85532,0.91979,0.69567,0.84719,0.7422,1.04148,0.00042175,0.00042175,0.00042175
1163,10922.4,0.68719,0.67268,0.99074,0.93736,0.85532,0.9198,0.69583,0.84723,0.74212,1.04136,0.0004135,0.0004135,0.0004135
1164,10931.6,0.6928,0.66093,0.99175,0.93811,0.85532,0.91977,0.69586,0.84723,0.74202,1.04133,0.00040525,0.00040525,0.00040525
1165,10940.6,0.67632,0.66887,0.99503,0.93796,0.85532,0.91982,0.69645,0.8471,0.74192,1.04127,0.000397,0.000397,0.000397
1166,10949.8,0.66753,0.65837,0.97857,0.93779,0.85532,0.91983,0.69535,0.8471,0.74171,1.0412,0.00038875,0.00038875,0.00038875
1167,10958.7,0.68569,0.67036,0.99151,0.93767,0.85532,0.91983,0.69551,0.84689,0.74146,1.04114,0.0003805,0.0003805,0.0003805
1168,10968,0.65544,0.64605,0.97863,0.93858,0.85532,0.91997,0.69524,0.84688,0.74146,1.04108,0.00037225,0.00037225,0.00037225
1169,10977.3,0.70456,0.67355,0.99909,0.93803,0.85532,0.91989,0.69497,0.84676,0.74141,1.04106,0.000364,0.000364,0.000364
1170,10986.5,0.65688,0.64119,0.97354,0.93719,0.85532,0.91991,0.69482,0.84659,0.74123,1.04095,0.00035575,0.00035575,0.00035575
1171,10995.6,0.67096,0.65688,0.98585,0.93766,0.85532,0.91984,0.69481,0.84662,0.7414,1.0409,0.0003475,0.0003475,0.0003475
1172,11004.8,0.67649,0.6565,0.98278,0.938,0.85532,0.91991,0.69495,0.8466,0.74136,1.0409,0.00033925,0.00033925,0.00033925
1173,11013.8,0.67096,0.65423,0.98424,0.93708,0.85554,0.91992,0.69546,0.84636,0.74124,1.04077,0.000331,0.000331,0.000331
1174,11022.8,0.68453,0.64979,0.98063,0.937,0.85439,0.91991,0.69527,0.84624,0.74107,1.04071,0.00032275,0.00032275,0.00032275
1175,11031.9,0.69509,0.68035,0.9962,0.93914,0.85362,0.91994,0.6952,0.84604,0.74097,1.04063,0.0003145,0.0003145,0.0003145
1176,11041.1,0.68546,0.65356,0.98505,0.93788,0.85319,0.91987,0.69554,0.84604,0.741,1.04061,0.00030625,0.00030625,0.00030625
1177,11050.3,0.66486,0.65028,0.98107,0.9381,0.85319,0.91987,0.6957,0.84634,0.74081,1.04064,0.000298,0.000298,0.000298
1178,11059.4,0.67928,0.65596,0.98728,0.94123,0.85188,0.91992,0.6957,0.8462,0.74066,1.04054,0.00028975,0.00028975,0.00028975
1179,11068.7,0.6557,0.64302,0.98121,0.9413,0.85289,0.9199,0.69555,0.84616,0.74051,1.04047,0.0002815,0.0002815,0.0002815
1180,11077.8,0.67568,0.65449,0.98131,0.94124,0.85203,0.9199,0.69606,0.84597,0.7405,1.04042,0.00027325,0.00027325,0.00027325
1181,11086.8,0.69383,0.66557,0.9833,0.94124,0.85208,0.91994,0.69635,0.84595,0.74039,1.04041,0.000265,0.000265,0.000265
1182,11096,0.67696,0.65724,0.99254,0.94072,0.85319,0.92004,0.69634,0.84581,0.74044,1.04026,0.00025675,0.00025675,0.00025675
1183,11105.1,0.69483,0.66649,0.98859,0.94064,0.85319,0.91997,0.69634,0.84588,0.74027,1.04022,0.0002485,0.0002485,0.0002485
1184,11114.2,0.6739,0.66221,0.98379,0.94273,0.85319,0.91999,0.69621,0.8458,0.7402,1.0402,0.00024025,0.00024025,0.00024025
1185,11123.3,0.67009,0.65675,0.98307,0.94049,0.85319,0.92003,0.69617,0.84523,0.73972,1.04017,0.000232,0.000232,0.000232
1186,11132.5,0.66855,0.64812,0.98673,0.94343,0.85319,0.91997,0.69636,0.84585,0.7399,1.04005,0.00022375,0.00022375,0.00022375
1187,11141.6,0.66987,0.65178,0.98165,0.9425,0.85319,0.92004,0.69641,0.84584,0.73979,1.04003,0.0002155,0.0002155,0.0002155
1188,11150.6,0.69106,0.65618,0.98279,0.94326,0.85319,0.92001,0.69627,0.84534,0.73941,1.04008,0.00020725,0.00020725,0.00020725
1189,11159.6,0.68072,0.66165,0.98331,0.94016,0.85319,0.91991,0.69614,0.84537,0.73936,1.04004,0.000199,0.000199,0.000199
1190,11168.6,0.65545,0.64187,0.97678,0.94137,0.85319,0.91997,0.69604,0.84526,0.73908,1.04004,0.00019075,0.00019075,0.00019075
1191,11179.3,0.71845,0.58532,0.98454,0.94117,0.85319,0.91994,0.69539,0.84507,0.73902,1.04001,0.0001825,0.0001825,0.0001825
1192,11188.5,0.67249,0.55907,0.95965,0.94103,0.85319,0.91999,0.69562,0.84516,0.73908,1.04002,0.00017425,0.00017425,0.00017425
1193,11197.6,0.64586,0.54159,0.94606,0.94044,0.85319,0.91987,0.69511,0.84505,0.73877,1.03998,0.000166,0.000166,0.000166
1194,11206.9,0.65084,0.53779,0.94445,0.939,0.85319,0.91988,0.69543,0.84459,0.73856,1.03984,0.00015775,0.00015775,0.00015775
1195,11216.1,0.63232,0.5292,0.92804,0.93972,0.85319,0.91988,0.696,0.84465,0.73846,1.03977,0.0001495,0.0001495,0.0001495
1196,11225.3,0.62198,0.5258,0.92961,0.93992,0.85319,0.91987,0.69649,0.84433,0.73814,1.03962,0.00014125,0.00014125,0.00014125
1197,11234.6,0.63432,0.52953,0.92809,0.93694,0.85349,0.91989,0.69539,0.84408,0.73776,1.03953,0.000133,0.000133,0.000133
1198,11243.6,0.61734,0.5237,0.93136,0.93695,0.85368,0.91969,0.69579,0.84364,0.73765,1.03939,0.00012475,0.00012475,0.00012475
1199,11252.7,0.59784,0.51769,0.92026,0.93695,0.85373,0.91971,0.69597,0.84343,0.73758,1.03933,0.0001165,0.0001165,0.0001165
1200,11261.8,0.59565,0.51064,0.92976,0.94161,0.85319,0.91974,0.69627,0.84333,0.73723,1.03924,0.00010825,0.00010825,0.00010825
