epoch,time,train/box_loss,train/cls_loss,train/dfl_loss,metrics/precision(B),metrics/recall(B),metrics/mAP50(B),metrics/mAP50-95(B),val/box_loss,val/cls_loss,val/dfl_loss,lr/pg0,lr/pg1,lr/pg2
1,12.4795,4.66003,9.44658,4.21787,1e-05,0.00213,1e-05,0,5.0909,11.5999,4.16618,0.00327778,0.00327778,0.00327778
2,23.9903,4.8174,6.83146,4.12529,1e-05,0.00213,1e-05,0,5.10701,6.80861,4.08716,0.00660566,0.00660566,0.00660566
3,33.1972,4.55969,4.91836,3.56998,1e-05,0.00213,1e-05,0,5.06638,15.436,7.79662,0.00992804,0.00992804,0.00992804
4,42.4011,3.6677,4.45767,2.84356,0.00048,0.06809,0.00036,9e-05,3.63353,4.82669,2.42664,0.00997525,0.00997525,0.00997525
5,51.5635,3.4739,4.35651,2.56402,0.00056,0.08085,0.00033,6e-05,3.19972,4.65088,2.24163,0.009967,0.009967,0.009967
6,60.5902,3.38466,4.36628,2.3774,0.00068,0.08298,0.00038,8e-05,3.04235,4.44265,2.21429,0.00995875,0.00995875,0.00995875
7,71.306,3.38232,4.32946,2.398,0.00076,0.10851,0.00045,0.00011,3.06904,4.44842,2.07073,0.0099505,0.0099505,0.0099505
8,81.8621,3.41402,4.33625,2.33841,0.0007,0.10426,0.00041,0.0001,3.11087,4.5186,2.0412,0.00994225,0.00994225,0.00994225
9,90.8267,3.4582,4.3115,2.34229,0.00068,0.05745,0.001,0.00014,3.55103,4.77469,2.31906,0.009934,0.009934,0.009934
10,100.032,3.37199,4.34848,2.32413,0.00047,0.01915,0.00024,6e-05,3.79981,5.0095,2.48286,0.00992575,0.00992575,0.00992575
11,109.254,3.36585,4.28981,2.34301,0.00071,0.10851,0.00044,9e-05,3.15911,4.50133,2.01614,0.0099175,0.0099175,0.0099175
12,119.052,3.38945,4.27881,2.30471,0.00071,0.10851,0.00044,9e-05,4.65066,5.70298,3.48953,0.00990925,0.00990925,0.00990925
13,129.906,3.39704,4.27727,2.29846,0.00065,0.09787,0.00043,9e-05,3.22433,4.40449,2.0177,0.009901,0.009901,0.009901
14,139.312,3.36822,4.28277,2.30172,0.00052,0.07872,0.00032,7e-05,3.23278,4.58025,2.07589,0.00989275,0.00989275,0.00989275
15,148.351,3.35407,4.29825,2.32558,0.00113,0.17234,0.00234,0.00054,3.16599,5.36768,2.41097,0.0098845,0.0098845,0.0098845
16,157.662,3.2857,4.29115,2.31473,0.00145,0.20426,0.00111,0.00029,3.08892,4.34388,2.28246,0.00987625,0.00987625,0.00987625
17,166.801,3.22736,4.25894,2.36648,0.00157,0.23191,0.00185,0.00045,3.01388,4.29716,2.27469,0.009868,0.009868,0.009868
18,177.307,3.23267,4.23935,2.32573,0.00123,0.18723,0.00181,0.00036,3.07638,4.37852,2.24107,0.00985975,0.00985975,0.00985975
19,187.505,3.26444,4.24742,2.35861,0.00174,0.26383,0.002,0.00043,3.07853,4.25292,2.30148,0.0098515,0.0098515,0.0098515
20,197.788,3.19102,4.24006,2.339,0.00235,0.25957,0.00275,0.00073,2.96826,4.26261,2.22187,0.00984325,0.00984325,0.00984325
21,208.295,3.19851,4.20275,2.35372,0.00181,0.2617,0.00201,0.00041,3.14046,4.22265,2.20014,0.009835,0.009835,0.009835
22,217.274,3.19698,4.2326,2.34191,0.0009,0.12979,0.00098,0.00019,3.26668,4.51442,2.23917,0.00982675,0.00982675,0.00982675
23,226.233,3.15837,4.19995,2.31484,0.00206,0.28085,0.0024,0.00049,3.1391,4.24292,2.23453,0.0098185,0.0098185,0.0098185
24,235.201,3.20091,4.23986,2.35783,0.00163,0.23404,0.00172,0.00039,3.29811,4.35283,2.22276,0.00981025,0.00981025,0.00981025
25,245.14,3.17633,4.21157,2.33038,0.00161,0.22766,0.00196,0.0004,3.19814,4.25225,2.26085,0.009802,0.009802,0.009802
26,255.985,3.14399,4.16747,2.32975,0.00213,0.29149,0.00362,0.00077,3.10727,4.21353,2.24995,0.00979375,0.00979375,0.00979375
27,266.374,3.166,4.19268,2.34906,0.00022,0.03191,0.00013,2e-05,3.60675,4.84776,2.36075,0.0097855,0.0097855,0.0097855
28,276.889,3.15484,4.16817,2.34431,0.00208,0.31064,0.00331,0.00073,3.13196,4.13494,2.22043,0.00977725,0.00977725,0.00977725
29,285.966,3.08858,4.18651,2.32136,0.00233,0.14681,0.00187,0.00047,3.44106,4.81864,2.38503,0.009769,0.009769,0.009769
30,294.925,3.08427,4.12802,2.31066,0.00223,0.17872,0.0022,0.00051,3.35486,4.6202,2.34428,0.00976075,0.00976075,0.00976075
31,304.001,3.13833,4.10891,2.28832,0.00218,0.33191,0.00709,0.00103,3.10522,4.26693,2.17152,0.0097525,0.0097525,0.0097525
32,313.356,3.05736,4.10755,2.29827,0.00209,0.31702,0.00389,0.00083,3.12218,4.21974,2.23824,0.00974425,0.00974425,0.00974425
33,323.824,3.09092,4.05338,2.29663,0.00246,0.37447,0.01027,0.00148,3.06452,4.31489,2.25969,0.009736,0.009736,0.009736
34,334.571,3.00186,4.02658,2.32136,0.00115,0.17447,0.00217,0.00035,3.28824,4.96159,2.26328,0.00972775,0.00972775,0.00972775
35,343.79,2.99896,3.96449,2.3265,0.00286,0.43404,0.01012,0.00236,2.96707,4.02307,2.27636,0.0097195,0.0097195,0.0097195
36,352.992,2.9962,3.91514,2.3328,0.00216,0.32979,0.00831,0.00154,3.15438,4.30423,2.29336,0.00971125,0.00971125,0.00971125
37,362.032,2.99551,3.88863,2.31913,0.00308,0.40851,0.01209,0.00248,3.0182,3.88726,2.2507,0.009703,0.009703,0.009703
38,372.039,2.95622,3.80549,2.31307,0.03376,0.11702,0.01813,0.00367,2.95734,3.92341,2.26529,0.00969475,0.00969475,0.00969475
39,383.369,2.92239,3.7669,2.31569,0.01334,0.2617,0.01659,0.00338,2.88909,4.01289,2.31733,0.0096865,0.0096865,0.0096865
40,392.931,2.94692,3.76825,2.35552,0.00326,0.49574,0.02091,0.00449,2.92583,3.82821,2.28912,0.00967825,0.00967825,0.00967825
41,402.17,2.92985,3.74396,2.31723,0.05337,0.01212,0.00704,0.00149,3.08502,4.13695,2.23767,0.00967,0.00967,0.00967
42,411.358,2.92141,3.74045,2.30923,0.03589,0.15957,0.02646,0.00657,2.93605,3.75569,2.28366,0.00966175,0.00966175,0.00966175
43,420.839,2.88735,3.67486,2.30911,0.0563,0.08936,0.02009,0.00479,2.89237,3.83325,2.22552,0.0096535,0.0096535,0.0096535
44,431.847,2.88567,3.65236,2.29346,0.04751,0.10638,0.03039,0.00894,2.98113,3.78361,2.25047,0.00964525,0.00964525,0.00964525
45,442.684,2.84486,3.66323,2.27834,0.05214,0.12128,0.0199,0.00483,2.91124,3.8938,2.2727,0.009637,0.009637,0.009637
46,451.692,2.84597,3.6461,2.29015,0.03644,0.13191,0.02614,0.00617,2.88656,3.84876,2.24193,0.00962875,0.00962875,0.00962875
47,460.79,2.83554,3.59378,2.27087,0.04164,0.04894,0.00812,0.00174,3.10439,4.1982,2.29048,0.0096205,0.0096205,0.0096205
48,469.847,2.85635,3.61349,2.27082,0.09816,0.02979,0.02675,0.00635,2.89501,3.7148,2.25473,0.00961225,0.00961225,0.00961225
49,479.771,2.83763,3.59665,2.31919,0.10078,0.08511,0.02784,0.00672,2.83807,3.68856,2.23287,0.009604,0.009604,0.009604
50,490.652,2.77038,3.57457,2.26361,0.05643,0.12128,0.03126,0.00859,2.982,3.77668,2.2529,0.00959575,0.00959575,0.00959575
51,499.718,2.79695,3.50365,2.27566,0.09667,0.13191,0.03607,0.00809,2.84705,3.87065,2.24165,0.0095875,0.0095875,0.0095875
52,508.67,2.80704,3.5693,2.27069,0.06907,0.07021,0.02352,0.00553,2.85816,3.79137,2.25475,0.00957925,0.00957925,0.00957925
53,517.648,2.82679,3.54011,2.28272,0.12067,0.09576,0.03874,0.00982,2.82935,3.67291,2.18577,0.009571,0.009571,0.009571
54,526.808,2.7995,3.5072,2.27984,0.14806,0.10851,0.04849,0.01167,2.872,3.69164,2.22993,0.00956275,0.00956275,0.00956275
55,537.483,2.75243,3.49649,2.24776,0.10512,0.10851,0.04596,0.01169,2.86917,3.63029,2.20395,0.0095545,0.0095545,0.0095545
56,547.763,2.7576,3.42091,2.21514,0.11299,0.09574,0.0452,0.01048,2.86052,3.65561,2.21334,0.00954625,0.00954625,0.00954625
57,556.909,2.7007,3.43351,2.24106,0.09137,0.15319,0.0508,0.01212,2.79339,3.49422,2.19014,0.009538,0.009538,0.009538
58,566.183,2.76217,3.47655,2.24866,0.11131,0.13404,0.03894,0.01074,2.82619,3.53995,2.21902,0.00952975,0.00952975,0.00952975
59,575.133,2.71291,3.36896,2.2366,0.18246,0.0766,0.04569,0.0117,2.93644,3.66936,2.23388,0.0095215,0.0095215,0.0095215
60,584.738,2.74943,3.4492,2.245,0.1134,0.09149,0.03569,0.00967,2.87188,3.66619,2.22269,0.00951325,0.00951325,0.00951325
61,595.678,2.7511,3.38639,2.23482,0.09345,0.15957,0.04065,0.01024,2.87814,3.54265,2.23637,0.009505,0.009505,0.009505
62,605.451,2.72556,3.40257,2.24781,0.13212,0.10426,0.06486,0.01745,2.79539,3.48865,2.19387,0.00949675,0.00949675,0.00949675
63,614.915,2.68962,3.40687,2.21733,0.12855,0.14894,0.05422,0.01559,2.79379,3.4633,2.13929,0.0094885,0.0094885,0.0094885
64,624.03,2.67258,3.37986,2.21623,0.17213,0.09787,0.0528,0.01439,2.80711,3.45617,2.16169,0.00948025,0.00948025,0.00948025
65,633.27,2.73148,3.37507,2.23717,0.14266,0.10638,0.04794,0.0125,2.83084,3.44315,2.1936,0.009472,0.009472,0.009472
66,644.209,2.67842,3.3464,2.21292,0.15698,0.10851,0.05885,0.01746,2.78326,3.44149,2.18539,0.00946375,0.00946375,0.00946375
67,654.569,2.67771,3.33279,2.23481,0.16943,0.07021,0.05264,0.01498,2.8736,3.52666,2.17544,0.0094555,0.0094555,0.0094555
68,663.511,2.6967,3.33413,2.22311,0.1385,0.11489,0.0495,0.01377,2.77721,3.50647,2.17745,0.00944725,0.00944725,0.00944725
69,672.499,2.68507,3.35954,2.20757,0.10823,0.17021,0.0566,0.0139,2.82737,3.46535,2.17857,0.009439,0.009439,0.009439
70,681.489,2.63049,3.31283,2.18854,0.2378,0.12553,0.09003,0.02277,2.83383,3.3854,2.14768,0.00943075,0.00943075,0.00943075
71,691.703,2.66657,3.32867,2.19679,0.20046,0.13617,0.06214,0.01672,2.82005,3.42779,2.19875,0.0094225,0.0094225,0.0094225
72,702.727,2.67238,3.31068,2.21767,0.18867,0.14255,0.07948,0.02192,2.78734,3.41026,2.21261,0.00941425,0.00941425,0.00941425
73,712.476,2.64461,3.25863,2.19066,0.14275,0.14468,0.0593,0.01568,2.76849,3.41395,2.17916,0.009406,0.009406,0.009406
74,722.503,2.60775,3.26419,2.15739,0.16993,0.11064,0.07022,0.01874,2.88107,3.47215,2.19128,0.00939775,0.00939775,0.00939775
75,733.667,2.68506,3.27394,2.20576,0.17474,0.1,0.06581,0.01886,2.8541,3.49808,2.18764,0.0093895,0.0093895,0.0093895
76,743.633,2.67857,3.31683,2.20101,0.16399,0.11064,0.06529,0.01792,2.74124,3.34476,2.13414,0.00938125,0.00938125,0.00938125
77,752.734,2.63928,3.2753,2.18458,0.19831,0.11064,0.07293,0.02059,2.79669,3.32325,2.14938,0.009373,0.009373,0.009373
78,761.743,2.63102,3.29052,2.18505,0.17637,0.11489,0.06906,0.02137,2.83839,3.41466,2.12704,0.00936475,0.00936475,0.00936475
79,770.743,2.63842,3.32153,2.18207,0.17486,0.1383,0.07652,0.02057,2.72012,3.44218,2.15617,0.0093565,0.0093565,0.0093565
80,781,2.61197,3.28873,2.19833,0.18905,0.14255,0.07898,0.02205,2.7795,3.39349,2.12758,0.00934825,0.00934825,0.00934825
81,791.789,2.62969,3.26415,2.20414,0.20514,0.1383,0.0756,0.01958,2.78382,3.41894,2.14118,0.00934,0.00934,0.00934
82,801.544,2.57913,3.23638,2.16906,0.19623,0.11064,0.06672,0.01926,2.82924,3.41299,2.15131,0.00933175,0.00933175,0.00933175
83,810.524,2.62787,3.24717,2.18392,0.16294,0.14043,0.07007,0.01939,2.78441,3.41955,2.17973,0.0093235,0.0093235,0.0093235
84,819.497,2.59302,3.24695,2.16781,0.17498,0.14255,0.06395,0.01968,2.78718,3.44109,2.17602,0.00931525,0.00931525,0.00931525
85,828.634,2.56897,3.22956,2.15831,0.23827,0.11064,0.08672,0.02567,2.70878,3.37814,2.13993,0.009307,0.009307,0.009307
86,838.869,2.57223,3.2497,2.1623,0.18718,0.11489,0.07585,0.02044,2.74141,3.39248,2.12908,0.00929875,0.00929875,0.00929875
87,850.04,2.59224,3.19036,2.15179,0.2055,0.13191,0.08862,0.02648,2.7395,3.30735,2.12744,0.0092905,0.0092905,0.0092905
88,860.17,2.56294,3.2189,2.15183,0.20135,0.12128,0.08084,0.02424,2.69522,3.34956,2.14152,0.00928225,0.00928225,0.00928225
89,869.189,2.58084,3.20831,2.15986,0.15776,0.15957,0.07528,0.02092,2.76493,3.38934,2.12937,0.009274,0.009274,0.009274
90,878.148,2.59196,3.21978,2.15741,0.17866,0.11277,0.06394,0.02094,2.77908,3.40548,2.17134,0.00926575,0.00926575,0.00926575
91,887.157,2.56011,3.21764,2.1529,0.16457,0.14681,0.07868,0.02018,2.77616,3.38131,2.15286,0.0092575,0.0092575,0.0092575
92,897.565,2.56695,3.20355,2.13455,0.20273,0.13191,0.0783,0.02297,2.75125,3.30865,2.1152,0.00924925,0.00924925,0.00924925
93,908.053,2.57469,3.21626,2.15315,0.20967,0.13191,0.0891,0.02726,2.70798,3.30736,2.16132,0.009241,0.009241,0.009241
94,917.205,2.55882,3.19999,2.15236,0.18296,0.09787,0.07554,0.02243,2.86344,3.40554,2.1279,0.00923275,0.00923275,0.00923275
95,926.144,2.58509,3.2314,2.16106,0.15914,0.13191,0.06732,0.01898,2.73784,3.33492,2.14046,0.0092245,0.0092245,0.0092245
96,935.119,2.54934,3.15877,2.13706,0.22347,0.13191,0.10426,0.02747,2.75014,3.27733,2.13711,0.00921625,0.00921625,0.00921625
97,944.459,2.49999,3.13352,2.1108,0.19348,0.14468,0.08414,0.02466,2.66462,3.33985,2.13248,0.009208,0.009208,0.009208
98,955.266,2.50254,3.16227,2.13563,0.19715,0.14468,0.09009,0.02557,2.65487,3.32984,2.12187,0.00919975,0.00919975,0.00919975
99,965.766,2.56751,3.18648,2.12926,0.18277,0.10754,0.07828,0.02577,2.74382,3.37997,2.08368,0.0091915,0.0091915,0.0091915
100,974.706,2.50977,3.15514,2.13436,0.23288,0.15532,0.08815,0.02776,2.71805,3.3021,2.1474,0.00918325,0.00918325,0.00918325
101,983.659,2.5331,3.15747,2.10722,0.20407,0.12979,0.08411,0.0287,2.77971,3.34082,2.12121,0.009175,0.009175,0.009175
102,992.631,2.5028,3.19778,2.12775,0.21583,0.14894,0.09024,0.02837,2.67925,3.26464,2.10975,0.00916675,0.00916675,0.00916675
103,1002.3,2.51526,3.10491,2.11291,0.22107,0.13889,0.10292,0.03957,2.5595,3.27977,2.09247,0.0091585,0.0091585,0.0091585
104,1014.89,2.49485,3.13443,2.10747,0.19109,0.14681,0.08832,0.02944,2.71211,3.33283,2.10382,0.00915025,0.00915025,0.00915025
105,1025.12,2.51787,3.16193,2.12586,0.22832,0.14468,0.10347,0.02865,2.69889,3.31206,2.14614,0.009142,0.009142,0.009142
106,1034.08,2.51751,3.16649,2.13872,0.17207,0.12979,0.07023,0.01996,2.74698,3.40979,2.13438,0.00913375,0.00913375,0.00913375
107,1043.03,2.47182,3.12424,2.10963,0.22774,0.14255,0.09448,0.03469,2.70243,3.29176,2.10991,0.0091255,0.0091255,0.0091255
108,1052.12,2.50813,3.16368,2.12944,0.2049,0.13617,0.0871,0.02893,2.59757,3.27959,2.11441,0.00911725,0.00911725,0.00911725
109,1062.42,2.49115,3.12961,2.11254,0.24642,0.14681,0.1069,0.03193,2.67042,3.20575,2.10209,0.009109,0.009109,0.009109
110,1073.56,2.47817,3.12886,2.10473,0.15681,0.17447,0.07682,0.02202,2.62731,3.24813,2.11174,0.00910075,0.00910075,0.00910075
111,1083.35,2.5008,3.13274,2.10612,0.20617,0.16383,0.10327,0.03551,2.6207,3.23484,2.09153,0.0090925,0.0090925,0.0090925
112,1092.35,2.43579,3.14936,2.09385,0.21802,0.15532,0.1161,0.04026,2.55278,3.22159,2.08793,0.00908425,0.00908425,0.00908425
113,1101.52,2.47392,3.09555,2.11103,0.2441,0.13617,0.10023,0.03289,2.69679,3.27073,2.1058,0.009076,0.009076,0.009076
114,1110.7,2.47488,3.11937,2.10693,0.24158,0.15106,0.10334,0.0339,2.64649,3.27719,2.12391,0.00906775,0.00906775,0.00906775
115,1121.7,2.45282,3.1011,2.0811,0.27954,0.13617,0.11175,0.03587,2.60297,3.26657,2.08951,0.0090595,0.0090595,0.0090595
116,1132.95,2.48723,3.12657,2.09041,0.20116,0.18085,0.1026,0.03504,2.62947,3.19943,2.09778,0.00905125,0.00905125,0.00905125
117,1142.16,2.49758,3.092,2.1155,0.25291,0.14894,0.12403,0.04123,2.68742,3.23696,2.09939,0.009043,0.009043,0.009043
118,1151.41,2.4666,3.13599,2.09045,0.20675,0.16596,0.10624,0.03785,2.59042,3.1712,2.05943,0.00903475,0.00903475,0.00903475
119,1160.38,2.46029,3.07474,2.07314,0.21073,0.1617,0.09483,0.02818,2.68887,3.29975,2.09727,0.0090265,0.0090265,0.0090265
120,1169.48,2.49101,3.08745,2.09874,0.22544,0.14057,0.09773,0.03058,2.68062,3.21293,2.09893,0.00901825,0.00901825,0.00901825
121,1180.04,2.45679,3.08625,2.08927,0.2257,0.14894,0.10749,0.03568,2.64038,3.27071,2.04171,0.00901,0.00901,0.00901
122,1191.02,2.44877,3.0518,2.07362,0.26753,0.16809,0.1261,0.03851,2.64507,3.19401,2.11986,0.00900175,0.00900175,0.00900175
123,1200.02,2.46273,3.06634,2.09337,0.24174,0.1383,0.10703,0.03824,2.65716,3.2251,2.13564,0.0089935,0.0089935,0.0089935
124,1209.1,2.45128,3.09381,2.09509,0.20143,0.16383,0.09267,0.03045,2.61691,3.30753,2.08887,0.00898525,0.00898525,0.00898525
125,1218.26,2.46573,3.10417,2.08661,0.24092,0.14519,0.11392,0.03943,2.61889,3.29338,2.10212,0.008977,0.008977,0.008977
126,1228.28,2.45171,3.03971,2.09647,0.3778,0.13404,0.14054,0.04865,2.60305,3.1718,2.08772,0.00896875,0.00896875,0.00896875
127,1240.12,2.42618,3.03438,2.073,0.26261,0.15106,0.11688,0.03967,2.70806,3.20414,2.05772,0.0089605,0.0089605,0.0089605
128,1250.25,2.42257,3.07584,2.08491,0.28837,0.14681,0.12437,0.04402,2.5274,3.15697,2.05183,0.00895225,0.00895225,0.00895225
129,1259.19,2.42625,3.04447,2.06721,0.27941,0.15319,0.12344,0.03962,2.65898,3.16088,2.10901,0.008944,0.008944,0.008944
130,1268.14,2.42641,3.04757,2.07348,0.31014,0.15974,0.13105,0.04327,2.5965,3.15407,2.08605,0.00893575,0.00893575,0.00893575
131,1277.09,2.37135,2.98154,2.05023,0.22833,0.15957,0.11494,0.0389,2.57661,3.13708,2.07761,0.0089275,0.0089275,0.0089275
132,1286.86,2.42619,2.98726,2.07189,0.23246,0.17021,0.11215,0.03963,2.59394,3.12821,2.09659,0.00891925,0.00891925,0.00891925
133,1297.98,2.41588,3.05403,2.06764,0.26227,0.15745,0.11372,0.0409,2.62508,3.10147,2.0647,0.008911,0.008911,0.008911
134,1307.72,2.37338,2.99117,2.03998,0.23579,0.15957,0.11847,0.04105,2.57115,3.09934,2.07192,0.00890275,0.00890275,0.00890275
135,1316.7,2.39028,2.99005,2.05835,0.26312,0.15957,0.11449,0.03663,2.67125,3.15062,2.0743,0.0088945,0.0088945,0.0088945
136,1325.77,2.39841,3.00267,2.03684,0.2758,0.1766,0.13113,0.04774,2.62238,3.07162,2.08208,0.00888625,0.00888625,0.00888625
137,1334.92,2.35887,2.98379,2.04449,0.2994,0.15106,0.12983,0.04605,2.63146,3.11484,2.07853,0.008878,0.008878,0.008878
138,1345.42,2.39825,3.02667,2.04715,0.22332,0.1766,0.11508,0.04042,2.57325,3.17992,2.05825,0.00886975,0.00886975,0.00886975
139,1356.75,2.4129,2.95524,2.07221,0.2196,0.18085,0.11135,0.037,2.6034,3.16501,2.09638,0.0088615,0.0088615,0.0088615
140,1365.78,2.38055,2.9967,2.03525,0.28135,0.1617,0.13924,0.04753,2.55369,3.10039,2.07903,0.00885325,0.00885325,0.00885325
141,1374.75,2.36217,2.95071,2.03581,0.24356,0.16383,0.12474,0.04592,2.55686,3.09639,2.07002,0.008845,0.008845,0.008845
142,1383.78,2.37971,2.95723,2.03789,0.25573,0.14681,0.13145,0.04748,2.54606,3.11844,2.03542,0.00883675,0.00883675,0.00883675
143,1393.09,2.36904,2.96702,2.03227,0.22797,0.15745,0.12907,0.04946,2.53145,3.05646,2.05102,0.0088285,0.0088285,0.0088285
144,1404.31,2.35987,2.94519,2.02528,0.22594,0.18085,0.14015,0.0479,2.52049,3.10372,2.06577,0.00882025,0.00882025,0.00882025
145,1415.23,2.35138,2.94097,2.0311,0.23339,0.18298,0.12504,0.04,2.54266,3.08074,2.02814,0.008812,0.008812,0.008812
146,1424.28,2.40205,2.97288,2.04806,0.27587,0.1766,0.1445,0.04817,2.51499,3.08698,2.04117,0.00880375,0.00880375,0.00880375
147,1433.25,2.33741,2.93581,2.02469,0.25849,0.16985,0.13573,0.04575,2.57658,3.07333,2.05783,0.0087955,0.0087955,0.0087955
148,1442.22,2.33821,2.93787,2.04346,0.31617,0.15957,0.14694,0.04799,2.65194,3.13517,2.13563,0.00878725,0.00878725,0.00878725
149,1452.36,2.36531,2.94608,2.02268,0.25971,0.18085,0.13514,0.04713,2.5404,3.05981,2.06098,0.008779,0.008779,0.008779
150,1463.19,2.35119,2.93807,2.03082,0.27874,0.13191,0.10697,0.04038,2.59097,3.2546,2.07766,0.00877075,0.00877075,0.00877075
151,1473.51,2.34661,2.92428,2.03541,0.26398,0.16383,0.14424,0.05261,2.51672,3.02277,2.04082,0.0087625,0.0087625,0.0087625
152,1482.77,2.34545,2.93741,1.99331,0.3644,0.1617,0.15859,0.05433,2.57182,3.05706,2.04371,0.00875425,0.00875425,0.00875425
153,1491.99,2.28889,2.88732,2.00735,0.27995,0.17872,0.14787,0.05637,2.54112,3.06658,2.06984,0.008746,0.008746,0.008746
154,1501.15,2.34886,2.93387,2.02002,0.272,0.19574,0.15127,0.05517,2.52419,3.04402,2.08199,0.00873775,0.00873775,0.00873775
155,1511.05,2.33272,2.907,2.00009,0.2967,0.18298,0.15452,0.05602,2.52523,3.03863,2.03598,0.0087295,0.0087295,0.0087295
156,1522.56,2.29217,2.85715,2.00169,0.29314,0.17234,0.14264,0.05019,2.51987,3.06672,2.05392,0.00872125,0.00872125,0.00872125
157,1532.25,2.35135,2.88334,2.00798,0.3062,0.16596,0.14558,0.05262,2.51333,3.03722,2.03897,0.008713,0.008713,0.008713
158,1541.05,2.35827,2.88059,2.02604,0.27357,0.16383,0.13659,0.04978,2.57214,3.05416,2.08997,0.00870475,0.00870475,0.00870475
159,1549.88,2.33337,2.85737,2.00903,0.26923,0.19362,0.14251,0.05039,2.53168,3.03325,2.06095,0.0086965,0.0086965,0.0086965
160,1558.88,2.33392,2.91164,2.00524,0.30514,0.18085,0.15022,0.05262,2.64809,3.07405,2.12225,0.00868825,0.00868825,0.00868825
161,1568.88,2.29985,2.90607,2.00554,0.30504,0.17872,0.16329,0.05762,2.53911,2.9752,2.06152,0.00868,0.00868,0.00868
162,1580.54,2.3082,2.86534,1.99611,0.30842,0.18298,0.15894,0.05785,2.55196,2.98453,2.0685,0.00867175,0.00867175,0.00867175
163,1589.49,2.32098,2.85404,2.00448,0.2896,0.19362,0.16549,0.05654,2.52834,2.99689,2.06394,0.0086635,0.0086635,0.0086635
164,1598.48,2.30187,2.85168,1.98232,0.27638,0.18511,0.15791,0.05584,2.52854,2.97617,2.08172,0.00865525,0.00865525,0.00865525
165,1607.5,2.33216,2.86471,2.00784,0.25269,0.17021,0.15251,0.05251,2.5287,2.98785,2.02893,0.008647,0.008647,0.008647
166,1616.56,2.3221,2.84885,2.00151,0.26167,0.18936,0.1658,0.05814,2.50614,2.98432,2.04861,0.00863875,0.00863875,0.00863875
167,1627.76,2.30971,2.85816,2.00163,0.43091,0.14894,0.15756,0.06169,2.48027,2.98586,2.01797,0.0086305,0.0086305,0.0086305
168,1638.63,2.26493,2.79678,1.9881,0.36896,0.20638,0.17257,0.06071,2.47197,2.95217,2.05257,0.00862225,0.00862225,0.00862225
169,1647.85,2.31468,2.84207,1.99742,0.29022,0.18085,0.16051,0.0624,2.47334,2.99738,2.04742,0.008614,0.008614,0.008614
170,1657.01,2.26118,2.81058,1.9798,0.27148,0.18723,0.16175,0.06089,2.45908,2.97525,2.04381,0.00860575,0.00860575,0.00860575
171,1665.96,2.29474,2.76934,1.98665,0.3419,0.18085,0.17331,0.06951,2.53162,2.94164,2.06314,0.0085975,0.0085975,0.0085975
172,1675.66,2.2903,2.83817,1.99693,0.3618,0.1617,0.16014,0.05749,2.53459,2.98635,2.05237,0.00858925,0.00858925,0.00858925
173,1686.53,2.271,2.82752,1.98402,0.24836,0.19787,0.15138,0.05926,2.43833,2.94676,2.0391,0.008581,0.008581,0.008581
174,1696.81,2.24295,2.80255,1.97635,0.29948,0.19574,0.16223,0.05866,2.45925,2.95422,2.01032,0.00857275,0.00857275,0.00857275
175,1705.95,2.26571,2.74607,1.99074,0.26306,0.20203,0.16567,0.06211,2.49726,2.94878,2.06499,0.0085645,0.0085645,0.0085645
176,1715.04,2.26941,2.77605,1.96873,0.36231,0.19149,0.18363,0.06555,2.51435,2.88524,2.0396,0.00855625,0.00855625,0.00855625
177,1724.13,2.2642,2.73368,1.96208,0.31194,0.16809,0.15404,0.06326,2.50708,3.00026,2.02967,0.008548,0.008548,0.008548
178,1733.79,2.23839,2.77444,1.95875,0.33963,0.18936,0.19151,0.07412,2.47661,2.87124,2.04943,0.00853975,0.00853975,0.00853975
179,1745.17,2.25443,2.73235,1.95046,0.36286,0.20638,0.19446,0.07148,2.47639,2.89329,2.01396,0.0085315,0.0085315,0.0085315
180,1755.18,2.24905,2.73135,1.937,0.34263,0.1974,0.18621,0.07168,2.44055,2.84612,2.00379,0.00852325,0.00852325,0.00852325
181,1764.31,2.24356,2.73573,1.9497,0.3516,0.20638,0.18932,0.07766,2.40367,2.87513,2.01074,0.008515,0.008515,0.008515
182,1773.41,2.25312,2.73568,1.94888,0.36428,0.18936,0.19095,0.07892,2.4515,2.88554,2.01858,0.00850675,0.00850675,0.00850675
183,1782.63,2.20899,2.69167,1.95282,0.263,0.2,0.1641,0.06378,2.49962,2.92348,2.03539,0.0084985,0.0084985,0.0084985
184,1793.2,2.24483,2.72773,1.93366,0.27142,0.22553,0.18023,0.0749,2.46111,2.90564,2.02592,0.00849025,0.00849025,0.00849025
185,1804.32,2.21809,2.69332,1.93194,0.36029,0.19574,0.19166,0.0703,2.48788,2.8541,2.01425,0.008482,0.008482,0.008482
186,1813.35,2.2528,2.71777,1.96175,0.3384,0.20351,0.18703,0.07291,2.45181,2.85593,1.98217,0.00847375,0.00847375,0.00847375
187,1822.29,2.24045,2.70124,1.94912,0.29965,0.21702,0.1909,0.0758,2.39811,2.84932,2.00694,0.0084655,0.0084655,0.0084655
188,1831.22,2.22388,2.66008,1.93709,0.31179,0.20426,0.18029,0.06856,2.46999,2.95333,2.06624,0.00845725,0.00845725,0.00845725
189,1840.24,2.20832,2.68044,1.94106,0.34207,0.21461,0.18423,0.07309,2.48651,2.84799,2.03137,0.008449,0.008449,0.008449
190,1850.4,2.24068,2.69673,1.94593,0.30745,0.20213,0.18514,0.07617,2.44002,2.85709,1.99652,0.00844075,0.00844075,0.00844075
191,1861.02,2.17866,2.68739,1.92612,0.28004,0.20213,0.18096,0.07684,2.40319,2.83414,1.96527,0.0084325,0.0084325,0.0084325
192,1869.97,2.20845,2.66327,1.90649,0.35572,0.18936,0.17812,0.07361,2.48087,2.91402,2.02377,0.00842425,0.00842425,0.00842425
193,1878.95,2.20942,2.66406,1.9212,0.34275,0.19787,0.18429,0.07829,2.42374,2.85565,1.99844,0.008416,0.008416,0.008416
194,1888,2.2054,2.65803,1.91205,0.35288,0.23617,0.1883,0.07195,2.41615,2.88506,2.01533,0.00840775,0.00840775,0.00840775
195,1897.04,2.2587,2.69107,1.9506,0.36387,0.21489,0.19545,0.07431,2.39196,2.81785,1.99431,0.0083995,0.0083995,0.0083995
196,1907.45,2.19179,2.65136,1.90583,0.34785,0.23605,0.20028,0.07834,2.42453,2.80209,1.98926,0.00839125,0.00839125,0.00839125
197,1918.77,2.21538,2.65378,1.92528,0.34863,0.24939,0.20487,0.08167,2.38222,2.80741,1.95449,0.008383,0.008383,0.008383
198,1927.96,2.18422,2.62482,1.8962,0.35698,0.20638,0.20084,0.07923,2.36626,2.81229,1.96865,0.00837475,0.00837475,0.00837475
199,1937.03,2.21376,2.65185,1.92037,0.39792,0.19574,0.2086,0.08457,2.39261,2.79092,1.98031,0.0083665,0.0083665,0.0083665
200,1946.19,2.19045,2.60339,1.90778,0.41118,0.19787,0.20975,0.08598,2.36159,2.79973,1.96833,0.00835825,0.00835825,0.00835825
201,1955.46,2.17732,2.59717,1.91324,0.37026,0.21915,0.20256,0.08159,2.45114,2.79593,2.00173,0.00835,0.00835,0.00835
202,1966.18,2.17472,2.58333,1.92051,0.43345,0.1986,0.2108,0.08863,2.39788,2.81307,1.988,0.00834175,0.00834175,0.00834175
203,1977.13,2.18367,2.5928,1.91143,0.3323,0.24255,0.20316,0.08573,2.4207,2.76388,2.01628,0.0083335,0.0083335,0.0083335
204,1987.33,2.17765,2.58091,1.90218,0.33849,0.25106,0.19953,0.07233,2.38265,2.78726,2.00382,0.00832525,0.00832525,0.00832525
205,1998.55,2.15422,2.54275,1.89403,0.39331,0.22979,0.22756,0.09025,2.32904,2.70722,1.97371,0.008317,0.008317,0.008317
206,2008.47,2.15846,2.54363,1.87986,0.45123,0.22128,0.22766,0.09448,2.3554,2.70261,1.97699,0.00830875,0.00830875,0.00830875
207,2017.72,2.14926,2.53777,1.88454,0.39368,0.239,0.22336,0.09623,2.38661,2.70543,1.97292,0.0083005,0.0083005,0.0083005
208,2026.92,2.14433,2.50874,1.88557,0.36419,0.2383,0.23176,0.09909,2.38458,2.72033,1.98033,0.00829225,0.00829225,0.00829225
209,2036.03,2.11475,2.48577,1.87606,0.301,0.23191,0.18563,0.0721,2.43136,2.79564,2.00318,0.008284,0.008284,0.008284
210,2046.34,2.14419,2.50317,1.87949,0.44343,0.22766,0.23897,0.10163,2.3748,2.67673,1.95754,0.00827575,0.00827575,0.00827575
211,2057.55,2.15701,2.50936,1.88384,0.34991,0.24737,0.23159,0.09769,2.36269,2.70221,1.96211,0.0082675,0.0082675,0.0082675
212,2066.76,2.11463,2.53193,1.88623,0.35265,0.23877,0.21477,0.08738,2.34979,2.71075,1.96568,0.00825925,0.00825925,0.00825925
213,2075.74,2.13838,2.50068,1.87463,0.4762,0.22825,0.24142,0.10419,2.39255,2.67709,1.95272,0.008251,0.008251,0.008251
214,2085.01,2.15609,2.49075,1.87233,0.39334,0.23617,0.21834,0.0927,2.33551,2.71968,1.95908,0.00824275,0.00824275,0.00824275
215,2094.42,2.08446,2.43494,1.8578,0.37531,0.25532,0.24485,0.10379,2.2884,2.66615,1.94568,0.0082345,0.0082345,0.0082345
216,2106.38,2.14602,2.49789,1.86483,0.38495,0.28497,0.25712,0.10669,2.34596,2.63277,1.94548,0.00822625,0.00822625,0.00822625
217,2117.3,2.08515,2.44639,1.85289,0.38115,0.23191,0.22552,0.09735,2.32452,2.70951,1.9347,0.008218,0.008218,0.008218
218,2126.37,2.1549,2.50141,1.8613,0.39905,0.2766,0.24311,0.10129,2.30727,2.63061,1.95502,0.00820975,0.00820975,0.00820975
219,2135.4,2.10188,2.45109,1.85581,0.38463,0.24681,0.24082,0.10634,2.3372,2.64438,1.95346,0.0082015,0.0082015,0.0082015
220,2144.33,2.11005,2.52338,1.84801,0.42868,0.27021,0.25857,0.10476,2.34994,2.59956,1.92471,0.00819325,0.00819325,0.00819325
221,2154.25,2.07106,2.40618,1.84888,0.38638,0.27872,0.2575,0.10484,2.35649,2.54092,1.92866,0.008185,0.008185,0.008185
222,2165.01,2.12611,2.46617,1.85671,0.32878,0.27872,0.22795,0.09716,2.33911,2.62072,1.93596,0.00817675,0.00817675,0.00817675
223,2174.92,2.11532,2.39332,1.8267,0.42126,0.26596,0.25728,0.1067,2.33817,2.63139,1.94347,0.0081685,0.0081685,0.0081685
224,2184.35,2.10958,2.44554,1.84862,0.3849,0.27872,0.25567,0.10287,2.33675,2.57603,1.93916,0.00816025,0.00816025,0.00816025
225,2193.29,2.0786,2.40245,1.83545,0.38128,0.3,0.27062,0.11929,2.28269,2.53522,1.89816,0.008152,0.008152,0.008152
226,2202.51,2.08953,2.4413,1.83481,0.41677,0.26383,0.25878,0.1082,2.36582,2.59969,1.92613,0.00814375,0.00814375,0.00814375
227,2212.97,2.05461,2.35235,1.8208,0.36977,0.28936,0.24025,0.08982,2.45098,2.67474,1.9712,0.0081355,0.0081355,0.0081355
228,2224.31,2.05639,2.36055,1.81003,0.444,0.28511,0.27553,0.11778,2.29933,2.5228,1.92659,0.00812725,0.00812725,0.00812725
229,2233.33,2.10125,2.40033,1.83367,0.45011,0.26994,0.27468,0.11484,2.29174,2.52319,1.91455,0.008119,0.008119,0.008119
230,2242.26,2.06344,2.35404,1.80733,0.43246,0.26596,0.25925,0.1102,2.36555,2.60158,1.96704,0.00811075,0.00811075,0.00811075
231,2251.34,2.06878,2.35413,1.81876,0.45234,0.28511,0.27574,0.12279,2.2827,2.59554,1.89879,0.0081025,0.0081025,0.0081025
232,2260.7,2.02913,2.29905,1.80473,0.46813,0.28511,0.29207,0.12456,2.32211,2.54612,1.91527,0.00809425,0.00809425,0.00809425
233,2271.68,2.07375,2.36773,1.82625,0.43123,0.31277,0.28198,0.12321,2.24899,2.52733,1.89619,0.008086,0.008086,0.008086
234,2282.53,2.02689,2.33742,1.81489,0.41451,0.30638,0.29788,0.1276,2.26586,2.48706,1.90295,0.00807775,0.00807775,0.00807775
235,2291.68,2.04203,2.32368,1.81521,0.37455,0.30426,0.27157,0.12655,2.24614,2.54906,1.9055,0.0080695,0.0080695,0.0080695
236,2300.76,2.02184,2.32907,1.80091,0.39378,0.28298,0.2723,0.12529,2.28417,2.55012,1.90879,0.00806125,0.00806125,0.00806125
237,2309.71,2.05169,2.34076,1.80685,0.43501,0.28511,0.28615,0.1304,2.22723,2.52513,1.8979,0.008053,0.008053,0.008053
238,2318.94,2.03372,2.30189,1.78866,0.40764,0.27872,0.26771,0.11526,2.28911,2.58409,1.91382,0.00804475,0.00804475,0.00804475
239,2329.98,2.00454,2.29622,1.79417,0.4185,0.28085,0.28064,0.12302,2.27387,2.56631,1.90889,0.0080365,0.0080365,0.0080365
240,2340.56,2.04599,2.326,1.79666,0.45154,0.31277,0.29992,0.13464,2.20388,2.48196,1.89554,0.00802825,0.00802825,0.00802825
241,2349.77,2.0422,2.33468,1.80703,0.48585,0.28723,0.30191,0.13591,2.25877,2.50194,1.90514,0.00802,0.00802,0.00802
242,2359.12,2.01565,2.2843,1.78415,0.50007,0.30426,0.31186,0.14094,2.20911,2.45356,1.83925,0.00801175,0.00801175,0.00801175
243,2368.25,2.0177,2.2798,1.79813,0.48929,0.29787,0.30807,0.14318,2.19746,2.4938,1.8382,0.0080035,0.0080035,0.0080035
244,2378.43,1.99419,2.26197,1.77152,0.47953,0.28511,0.30587,0.14227,2.22731,2.48538,1.85252,0.00799525,0.00799525,0.00799525
245,2389.28,2.03119,2.31819,1.79352,0.46907,0.31017,0.312,0.14777,2.2316,2.43154,1.84841,0.007987,0.007987,0.007987
246,2399.63,1.97532,2.23391,1.7722,0.51648,0.31915,0.32257,0.15138,2.16663,2.41057,1.82627,0.00797875,0.00797875,0.00797875
247,2408.78,1.99161,2.20915,1.76293,0.51521,0.30638,0.32589,0.15173,2.19732,2.4496,1.87192,0.0079705,0.0079705,0.0079705
248,2418,2.01302,2.27307,1.77728,0.51488,0.32979,0.33771,0.15554,2.17692,2.39089,1.82908,0.00796225,0.00796225,0.00796225
249,2427.18,1.9745,2.20806,1.75645,0.46802,0.33404,0.33108,0.15971,2.1611,2.37019,1.83666,0.007954,0.007954,0.007954
250,2437.46,1.99228,2.20472,1.75785,0.53229,0.32205,0.3221,0.15147,2.18595,2.41268,1.87553,0.00794575,0.00794575,0.00794575
251,2448.72,1.98709,2.20439,1.75379,0.51549,0.31064,0.33886,0.1643,2.17613,2.42362,1.87255,0.0079375,0.0079375,0.0079375
252,2457.98,1.98252,2.21544,1.77523,0.47995,0.34255,0.33539,0.16001,2.24309,2.37466,1.88316,0.00792925,0.00792925,0.00792925
253,2466.91,1.97807,2.20466,1.76236,0.51524,0.33696,0.34949,0.16923,2.15357,2.3665,1.83929,0.007921,0.007921,0.007921
254,2476.13,1.97985,2.22836,1.76499,0.55311,0.35745,0.35951,0.16735,2.18882,2.36067,1.84872,0.00791275,0.00791275,0.00791275
255,2485.4,1.98099,2.17362,1.75717,0.4962,0.34468,0.36114,0.16856,2.15917,2.3315,1.83755,0.0079045,0.0079045,0.0079045
256,2496.62,1.93445,2.14545,1.74517,0.50714,0.32402,0.34343,0.16739,2.14285,2.36431,1.83328,0.00789625,0.00789625,0.00789625
257,2507.74,1.99581,2.16735,1.75303,0.47197,0.33191,0.33817,0.16986,2.16254,2.36751,1.83811,0.007888,0.007888,0.007888
258,2516.93,1.95005,2.1635,1.74276,0.53853,0.33404,0.35359,0.17543,2.16161,2.33597,1.83267,0.00787975,0.00787975,0.00787975
259,2526.68,1.96568,2.16012,1.75833,0.58289,0.32979,0.35512,0.17282,2.18493,2.36946,1.82684,0.0078715,0.0078715,0.0078715
260,2535.59,1.95957,2.12691,1.74015,0.51332,0.34894,0.35239,0.16638,2.17661,2.34458,1.8394,0.00786325,0.00786325,0.00786325
261,2545.19,1.89033,2.05454,1.70899,0.51184,0.33404,0.33171,0.15961,2.18392,2.42509,1.84167,0.007855,0.007855,0.007855
262,2556.04,1.95054,2.15017,1.72421,0.57712,0.34043,0.36486,0.18361,2.1469,2.32102,1.81995,0.00784675,0.00784675,0.00784675
263,2566.58,1.94619,2.12285,1.72202,0.50409,0.35745,0.36891,0.17936,2.09431,2.28406,1.78803,0.0078385,0.0078385,0.0078385
264,2575.53,1.90353,2.07222,1.70025,0.56521,0.3234,0.36832,0.17721,2.1156,2.27817,1.79648,0.00783025,0.00783025,0.00783025
265,2584.47,1.95141,2.12311,1.72782,0.54395,0.31915,0.35185,0.17458,2.15152,2.37325,1.82589,0.007822,0.007822,0.007822
266,2593.44,1.909,2.07153,1.71322,0.53495,0.33404,0.36042,0.17908,2.10959,2.31582,1.79986,0.00781375,0.00781375,0.00781375
267,2603.28,1.91693,2.10485,1.71566,0.5404,0.33617,0.35376,0.16846,2.20668,2.40629,1.83053,0.0078055,0.0078055,0.0078055
268,2614.28,1.92356,2.12591,1.71474,0.57183,0.36372,0.38389,0.18128,2.09781,2.27621,1.79721,0.00779725,0.00779725,0.00779725
269,2623.78,1.90744,2.06479,1.71954,0.52623,0.37447,0.3861,0.18559,2.09926,2.27142,1.79238,0.007789,0.007789,0.007789
270,2632.9,1.90301,2.04481,1.70635,0.56413,0.35957,0.39269,0.19834,2.08585,2.26438,1.81272,0.00778075,0.00778075,0.00778075
271,2642.08,1.91776,2.07897,1.70587,0.50999,0.36383,0.37496,0.18394,2.11264,2.28732,1.83267,0.0077725,0.0077725,0.0077725
272,2651.31,1.91687,2.06999,1.71928,0.50174,0.31915,0.33059,0.15454,2.23918,2.44549,1.85982,0.00776425,0.00776425,0.00776425
273,2661.87,1.9288,2.06287,1.71755,0.57492,0.29362,0.34262,0.16433,2.19701,2.42027,1.82875,0.007756,0.007756,0.007756
274,2672.66,1.89801,1.99434,1.68738,0.53618,0.37234,0.40149,0.20232,2.09063,2.22412,1.77268,0.00774775,0.00774775,0.00774775
275,2681.78,1.89485,2.03184,1.68364,0.5559,0.38085,0.40804,0.2112,2.08019,2.17831,1.78588,0.0077395,0.0077395,0.0077395
276,2690.93,1.90305,2.02973,1.68951,0.60488,0.38298,0.41578,0.21167,2.03471,2.18981,1.77212,0.00773125,0.00773125,0.00773125
277,2700.11,1.92198,2.04063,1.6889,0.51066,0.38298,0.3982,0.19153,2.06453,2.21591,1.78188,0.007723,0.007723,0.007723
278,2709.1,1.8955,2.02722,1.69725,0.55286,0.40213,0.4074,0.20183,2.09924,2.16209,1.77893,0.00771475,0.00771475,0.00771475
279,2719.95,1.86271,2.03575,1.67719,0.61128,0.36804,0.40494,0.19746,2.11711,2.20656,1.79683,0.0077065,0.0077065,0.0077065
280,2730.4,1.85209,1.98065,1.66172,0.66437,0.38723,0.43989,0.23039,2.00322,2.1448,1.76564,0.00769825,0.00769825,0.00769825
281,2739.53,1.86198,1.96677,1.66562,0.60332,0.40638,0.43877,0.22229,2.0974,2.14968,1.797,0.00769,0.00769,0.00769
282,2748.47,1.89872,1.99076,1.70257,0.60982,0.38298,0.43305,0.22006,2.07293,2.16753,1.78796,0.00768175,0.00768175,0.00768175
283,2757.5,1.86665,1.98007,1.67488,0.64652,0.35106,0.41964,0.22114,2.04148,2.18206,1.77469,0.0076735,0.0076735,0.0076735
284,2767.12,1.88206,1.98411,1.66294,0.56164,0.38085,0.41934,0.21202,2.09002,2.19112,1.76658,0.00766525,0.00766525,0.00766525
285,2777.79,1.87981,1.9749,1.68089,0.60512,0.3766,0.4268,0.21979,2.05446,2.12416,1.75021,0.007657,0.007657,0.007657
286,2787.66,1.85592,1.98032,1.67824,0.65014,0.37957,0.43849,0.21015,2.13236,2.15942,1.78038,0.00764875,0.00764875,0.00764875
287,2796.62,1.83122,1.94907,1.66312,0.62405,0.40969,0.45635,0.23209,2.0678,2.07719,1.76327,0.0076405,0.0076405,0.0076405
288,2805.97,1.8655,1.95583,1.67864,0.66304,0.41064,0.4516,0.23023,2.06734,2.09089,1.75762,0.00763225,0.00763225,0.00763225
289,2815.23,1.85711,1.93356,1.6629,0.61773,0.38936,0.44571,0.23246,2.03969,2.09965,1.74865,0.007624,0.007624,0.007624
290,2825.12,1.85308,1.94516,1.65408,0.64622,0.38298,0.43995,0.2275,2.04998,2.12675,1.76771,0.00761575,0.00761575,0.00761575
291,2836.23,1.89289,1.96206,1.66131,0.66762,0.40172,0.45884,0.2385,1.98844,2.08211,1.72399,0.0076075,0.0076075,0.0076075
292,2846.23,1.79623,1.92713,1.63706,0.62133,0.41545,0.4489,0.23742,1.98687,2.05367,1.72087,0.00759925,0.00759925,0.00759925
293,2855.2,1.85618,1.92981,1.6443,0.61252,0.41489,0.44908,0.23654,2.0161,2.05165,1.71661,0.007591,0.007591,0.007591
294,2864.31,1.82223,1.89592,1.63551,0.67204,0.39676,0.45889,0.2493,1.98784,2.00485,1.71747,0.00758275,0.00758275,0.00758275
295,2873.46,1.83773,1.87496,1.64558,0.64927,0.39782,0.44547,0.22158,2.06919,2.12743,1.79038,0.0075745,0.0075745,0.0075745
296,2884.3,1.82906,1.925,1.63995,0.60804,0.41702,0.46711,0.24834,2.01139,2.01369,1.74051,0.00756625,0.00756625,0.00756625
297,2894.85,1.84862,1.94157,1.64273,0.64481,0.40171,0.44244,0.23912,1.9474,2.04409,1.69656,0.007558,0.007558,0.007558
298,2903.82,1.78124,1.86152,1.61212,0.59549,0.44043,0.46332,0.24361,1.99861,2.03435,1.71653,0.00754975,0.00754975,0.00754975
299,2912.77,1.81323,1.89642,1.62888,0.65509,0.41702,0.46174,0.24643,1.99038,2.04298,1.72022,0.0075415,0.0075415,0.0075415
300,2921.6,1.82762,1.89048,1.6437,0.70684,0.40527,0.47233,0.24971,2.0232,2.01708,1.7293,0.00753325,0.00753325,0.00753325
301,2931.03,1.84968,1.89738,1.64143,0.65616,0.41277,0.47805,0.2557,1.98152,1.96341,1.69593,0.007525,0.007525,0.007525
302,2943.05,1.77738,1.84129,1.60979,0.59179,0.44725,0.48048,0.24514,2.01737,2.0067,1.70776,0.00751675,0.00751675,0.00751675
303,2953.21,1.81893,1.86676,1.62961,0.69707,0.41702,0.4839,0.25463,2.0305,1.98172,1.71109,0.0075085,0.0075085,0.0075085
304,2962.25,1.83206,1.90441,1.61616,0.70798,0.42766,0.50596,0.28264,1.94654,1.95518,1.68183,0.00750025,0.00750025,0.00750025
305,2971.43,1.79461,1.87477,1.6092,0.62737,0.45745,0.50091,0.27184,1.97413,1.95487,1.70284,0.007492,0.007492,0.007492
306,2980.39,1.78619,1.84948,1.60345,0.70541,0.43815,0.5187,0.27643,1.9426,1.93308,1.69146,0.00748375,0.00748375,0.00748375
307,2990.11,1.78358,1.87101,1.61082,0.66735,0.4,0.47462,0.24741,2.04925,2.04317,1.71947,0.0074755,0.0074755,0.0074755
308,3001.3,1.7474,1.80273,1.58685,0.75697,0.39787,0.50051,0.27479,1.94211,1.97759,1.70256,0.00746725,0.00746725,0.00746725
309,3010.76,1.81329,1.86807,1.60908,0.63809,0.43191,0.4818,0.25755,1.94597,1.99359,1.69441,0.007459,0.007459,0.007459
310,3019.75,1.76216,1.83177,1.60955,0.74596,0.42483,0.50404,0.26929,1.94301,1.94422,1.68292,0.00745075,0.00745075,0.00745075
311,3028.69,1.80841,1.82976,1.59619,0.75711,0.41489,0.50396,0.27908,1.96445,1.95464,1.68067,0.0074425,0.0074425,0.0074425
312,3037.7,1.74582,1.82947,1.6005,0.62425,0.44539,0.50174,0.2737,1.95033,1.91023,1.69785,0.00743425,0.00743425,0.00743425
313,3048.41,1.78162,1.82603,1.60992,0.63492,0.44894,0.50918,0.28523,1.90599,1.92481,1.67015,0.007426,0.007426,0.007426
314,3059.19,1.75997,1.81413,1.59636,0.61807,0.46139,0.52052,0.28793,1.95741,1.88251,1.69106,0.00741775,0.00741775,0.00741775
315,3068.32,1.78209,1.80576,1.61234,0.64987,0.44625,0.50166,0.27589,1.96957,1.90531,1.676,0.0074095,0.0074095,0.0074095
316,3077.23,1.74879,1.80636,1.59547,0.5885,0.47872,0.50196,0.26818,1.97653,1.89291,1.6855,0.00740125,0.00740125,0.00740125
317,3086.2,1.78409,1.78413,1.60381,0.61822,0.46383,0.51756,0.2815,1.93741,1.89659,1.66616,0.007393,0.007393,0.007393
318,3095.54,1.76436,1.80912,1.59814,0.72734,0.44894,0.53644,0.2911,1.91826,1.88849,1.67103,0.00738475,0.00738475,0.00738475
319,3107.84,1.76768,1.81364,1.59369,0.70191,0.48085,0.54682,0.30113,1.88935,1.87282,1.67338,0.0073765,0.0073765,0.0073765
320,3118.01,1.75137,1.7857,1.59759,0.77412,0.45106,0.55099,0.29733,1.89912,1.81876,1.65392,0.00736825,0.00736825,0.00736825
321,3126.97,1.69137,1.7152,1.5682,0.74809,0.45493,0.54592,0.28922,1.94626,1.83608,1.64976,0.00736,0.00736,0.00736
322,3135.91,1.75818,1.7704,1.58886,0.72756,0.44894,0.52596,0.28442,1.94985,1.92751,1.64945,0.00735175,0.00735175,0.00735175
323,3144.73,1.75658,1.72833,1.5885,0.66577,0.4766,0.55131,0.30684,1.91388,1.85302,1.64985,0.0073435,0.0073435,0.0073435
324,3154.62,1.73573,1.75971,1.57576,0.69352,0.42766,0.51987,0.28289,1.95217,1.8999,1.66453,0.00733525,0.00733525,0.00733525
325,3165.55,1.72021,1.75656,1.57664,0.63426,0.47234,0.52533,0.28434,1.92177,1.88359,1.66425,0.007327,0.007327,0.007327
326,3174.99,1.70941,1.73603,1.57018,0.71872,0.45957,0.54046,0.29165,1.87996,1.85876,1.64872,0.00731875,0.00731875,0.00731875
327,3183.84,1.70228,1.72175,1.55718,0.69274,0.47021,0.53973,0.29018,1.89054,1.84564,1.66311,0.0073105,0.0073105,0.0073105
328,3192.75,1.71993,1.71118,1.55578,0.68663,0.48085,0.55936,0.31045,1.89172,1.79984,1.64701,0.00730225,0.00730225,0.00730225
329,3201.89,1.69291,1.71337,1.55154,0.69616,0.47234,0.55117,0.29761,1.88523,1.81968,1.63265,0.007294,0.007294,0.007294
330,3212.14,1.7211,1.72178,1.57577,0.72103,0.47447,0.55234,0.29961,1.85126,1.79221,1.63598,0.00728575,0.00728575,0.00728575
331,3223.33,1.75893,1.76347,1.57795,0.65604,0.49574,0.54135,0.2945,1.90933,1.82343,1.65369,0.0072775,0.0072775,0.0072775
332,3232.22,1.71429,1.69843,1.55683,0.68319,0.50851,0.57736,0.32376,1.81283,1.72749,1.60589,0.00726925,0.00726925,0.00726925
333,3241.47,1.70626,1.70425,1.56241,0.78205,0.48511,0.58011,0.32176,1.84072,1.75242,1.60684,0.007261,0.007261,0.007261
334,3250.51,1.71385,1.71491,1.55851,0.75436,0.47234,0.567,0.31989,1.85913,1.74877,1.60849,0.00725275,0.00725275,0.00725275
335,3259.54,1.7618,1.75588,1.57465,0.70699,0.48298,0.55367,0.30751,1.87139,1.79188,1.62694,0.0072445,0.0072445,0.0072445
336,3270.3,1.72642,1.73155,1.56467,0.76548,0.45834,0.56236,0.31099,1.86897,1.77669,1.62327,0.00723625,0.00723625,0.00723625
337,3280.89,1.75713,1.74067,1.56288,0.73143,0.44894,0.51986,0.27696,1.96062,1.89514,1.67873,0.007228,0.007228,0.007228
338,3290.14,1.67722,1.66966,1.5401,0.70466,0.48227,0.5649,0.31184,1.87939,1.8029,1.63136,0.00721975,0.00721975,0.00721975
339,3299.02,1.70219,1.64998,1.5348,0.68962,0.47746,0.56498,0.31574,1.85117,1.78263,1.61656,0.0072115,0.0072115,0.0072115
340,3308.05,1.68375,1.68209,1.53982,0.76047,0.49149,0.5716,0.31561,1.86466,1.77187,1.61655,0.00720325,0.00720325,0.00720325
341,3317.07,1.72349,1.70799,1.55729,0.74136,0.47447,0.57295,0.31889,1.84807,1.77194,1.61363,0.007195,0.007195,0.007195
342,3326.25,1.70697,1.70109,1.54131,0.67234,0.51954,0.56222,0.31352,1.88189,1.76565,1.62632,0.00718675,0.00718675,0.00718675
343,3336.94,1.73079,1.71587,1.55425,0.65871,0.5383,0.58873,0.32077,1.84756,1.7459,1.6048,0.0071785,0.0071785,0.0071785
344,3348.33,1.67252,1.65505,1.54149,0.75198,0.50638,0.59744,0.33441,1.83057,1.74735,1.60554,0.00717025,0.00717025,0.00717025
345,3357.79,1.6693,1.61801,1.52915,0.72347,0.52881,0.59576,0.33841,1.84422,1.70828,1.614,0.007162,0.007162,0.007162
346,3366.87,1.68918,1.66301,1.52844,0.7361,0.50213,0.59016,0.33947,1.83753,1.69383,1.5968,0.00715375,0.00715375,0.00715375
347,3376.06,1.66889,1.6689,1.52933,0.7993,0.4617,0.57835,0.32611,1.82672,1.72207,1.59412,0.0071455,0.0071455,0.0071455
348,3385.24,1.67887,1.68875,1.53816,0.68973,0.52766,0.59271,0.3392,1.81366,1.70397,1.59622,0.00713725,0.00713725,0.00713725
349,3396.97,1.6903,1.62074,1.51715,0.726,0.52429,0.60899,0.34158,1.82286,1.66852,1.60725,0.007129,0.007129,0.007129
350,3408.06,1.66967,1.62538,1.52486,0.71588,0.5234,0.60226,0.3383,1.83645,1.6595,1.59196,0.00712075,0.00712075,0.00712075
351,3416.95,1.72013,1.68863,1.55061,0.77364,0.50426,0.60519,0.33949,1.87453,1.66958,1.59301,0.0071125,0.0071125,0.0071125
352,3425.91,1.64671,1.64199,1.51476,0.70877,0.54255,0.6103,0.34598,1.8072,1.66901,1.58727,0.00710425,0.00710425,0.00710425
353,3435.24,1.64949,1.6478,1.52107,0.76781,0.49251,0.60015,0.33925,1.81105,1.68456,1.5887,0.007096,0.007096,0.007096
354,3444.26,1.62468,1.5826,1.50176,0.71302,0.52553,0.59749,0.34038,1.81088,1.68474,1.58061,0.00708775,0.00708775,0.00708775
355,3454.35,1.66089,1.59306,1.51773,0.78025,0.51702,0.61291,0.35769,1.77757,1.65538,1.55696,0.0070795,0.0070795,0.0070795
356,3465.85,1.67421,1.6108,1.51328,0.82693,0.48936,0.60724,0.35578,1.81319,1.6548,1.57286,0.00707125,0.00707125,0.00707125
357,3475.64,1.60615,1.58953,1.49124,0.75511,0.50426,0.61496,0.35508,1.77774,1.65877,1.56499,0.007063,0.007063,0.007063
358,3486.31,1.63872,1.60012,1.49591,0.7445,0.50839,0.59912,0.34854,1.8058,1.71318,1.57133,0.00705475,0.00705475,0.00705475
359,3497.07,1.65813,1.61655,1.50873,0.70147,0.54894,0.61444,0.35874,1.77892,1.66191,1.57364,0.0070465,0.0070465,0.0070465
360,3506.54,1.67052,1.60574,1.50981,0.71681,0.54395,0.61099,0.34901,1.82761,1.65718,1.57357,0.00703825,0.00703825,0.00703825
361,3515.57,1.6299,1.58018,1.50481,0.72962,0.54043,0.61119,0.34811,1.89002,1.68305,1.60576,0.00703,0.00703,0.00703
362,3524.61,1.6054,1.54387,1.49434,0.71161,0.55106,0.62419,0.35773,1.83071,1.66575,1.58485,0.00702175,0.00702175,0.00702175
363,3533.92,1.63921,1.58463,1.49404,0.66576,0.57234,0.61937,0.35592,1.7902,1.62399,1.57506,0.0070135,0.0070135,0.0070135
364,3544.39,1.62391,1.57396,1.49822,0.76612,0.53666,0.62775,0.3673,1.75332,1.59594,1.5674,0.00700525,0.00700525,0.00700525
365,3555.38,1.63231,1.58579,1.49814,0.77108,0.53034,0.63271,0.37527,1.75655,1.59519,1.54715,0.006997,0.006997,0.006997
366,3564.55,1.62281,1.55728,1.49591,0.68853,0.57021,0.62254,0.37096,1.78003,1.59833,1.56326,0.00698875,0.00698875,0.00698875
367,3573.49,1.60792,1.55599,1.4895,0.71643,0.56441,0.62321,0.36716,1.7656,1.58251,1.54017,0.0069805,0.0069805,0.0069805
368,3582.4,1.64498,1.55667,1.50769,0.75228,0.5363,0.63173,0.37285,1.75199,1.59441,1.53285,0.00697225,0.00697225,0.00697225
369,3591.27,1.61775,1.56559,1.4787,0.74119,0.54894,0.62341,0.36496,1.78018,1.61468,1.55116,0.006964,0.006964,0.006964
370,3601.6,1.59079,1.55344,1.46291,0.73555,0.54445,0.6331,0.37578,1.74199,1.59717,1.5501,0.00695575,0.00695575,0.00695575
371,3612.37,1.6335,1.54138,1.48945,0.71001,0.5617,0.62805,0.36819,1.76322,1.59587,1.54773,0.0069475,0.0069475,0.0069475
372,3622.15,1.62042,1.55526,1.47157,0.77185,0.53404,0.63845,0.37454,1.7528,1.57281,1.54037,0.00693925,0.00693925,0.00693925
373,3632.73,1.61698,1.54809,1.48824,0.77181,0.54894,0.64649,0.3777,1.76628,1.60123,1.53607,0.006931,0.006931,0.006931
374,3641.93,1.60045,1.52334,1.48094,0.77109,0.57872,0.66282,0.38695,1.73859,1.55115,1.51943,0.00692275,0.00692275,0.00692275
375,3651.39,1.58418,1.53556,1.47694,0.79373,0.58511,0.66678,0.38777,1.74601,1.52853,1.53123,0.0069145,0.0069145,0.0069145
376,3660.63,1.61302,1.53022,1.47622,0.80704,0.57021,0.65934,0.38932,1.72138,1.51262,1.50994,0.00690625,0.00690625,0.00690625
377,3669.94,1.57814,1.49699,1.45619,0.76733,0.57234,0.65704,0.38574,1.70707,1.54322,1.51276,0.006898,0.006898,0.006898
378,3680.37,1.63878,1.55362,1.49597,0.80748,0.56383,0.66417,0.38612,1.72207,1.52992,1.51274,0.00688975,0.00688975,0.00688975
379,3690.78,1.57982,1.50187,1.45843,0.81619,0.56686,0.65897,0.38243,1.73681,1.52311,1.51981,0.0068815,0.0068815,0.0068815
380,3699.97,1.62443,1.53013,1.47881,0.78916,0.58085,0.66005,0.38505,1.76166,1.52151,1.52118,0.00687325,0.00687325,0.00687325
381,3709.09,1.59894,1.49748,1.47261,0.76991,0.57872,0.65974,0.38567,1.74885,1.54641,1.52586,0.006865,0.006865,0.006865
382,3718.08,1.60017,1.5235,1.47626,0.80451,0.54288,0.64573,0.37876,1.78209,1.54915,1.52913,0.00685675,0.00685675,0.00685675
383,3728.07,1.58547,1.51685,1.46432,0.7828,0.58085,0.66629,0.3926,1.7041,1.50817,1.50685,0.0068485,0.0068485,0.0068485
384,3738.76,1.59809,1.50351,1.47866,0.82656,0.56383,0.6711,0.40308,1.71479,1.50771,1.50189,0.00684025,0.00684025,0.00684025
385,3747.86,1.6061,1.51882,1.47323,0.81355,0.58511,0.67992,0.40001,1.70918,1.50319,1.49133,0.006832,0.006832,0.006832
386,3756.81,1.56219,1.46897,1.44233,0.8223,0.58511,0.68326,0.40266,1.7052,1.48978,1.4954,0.00682375,0.00682375,0.00682375
387,3766.06,1.53503,1.44719,1.44695,0.86336,0.5617,0.68444,0.40309,1.70865,1.50525,1.48201,0.0068155,0.0068155,0.0068155
388,3775.34,1.55325,1.45072,1.44904,0.81774,0.6014,0.68252,0.40544,1.70199,1.48299,1.47577,0.00680725,0.00680725,0.00680725
389,3785.92,1.59055,1.50865,1.46461,0.82924,0.58723,0.68748,0.40154,1.70899,1.47962,1.47731,0.006799,0.006799,0.006799
390,3796.13,1.60915,1.49279,1.47258,0.85025,0.57988,0.68877,0.41124,1.68626,1.48224,1.4772,0.00679075,0.00679075,0.00679075
391,3805.3,1.55527,1.47739,1.45787,0.81854,0.57872,0.69028,0.40949,1.70038,1.48314,1.47112,0.0067825,0.0067825,0.0067825
392,3814.2,1.57352,1.48496,1.44099,0.85477,0.58085,0.69135,0.40919,1.69245,1.44918,1.47502,0.00677425,0.00677425,0.00677425
393,3823.09,1.58436,1.46778,1.45801,0.83549,0.60511,0.70033,0.41902,1.67209,1.44301,1.46478,0.006766,0.006766,0.006766
394,3833.09,1.58748,1.49775,1.46745,0.77301,0.5869,0.68398,0.41049,1.71334,1.50385,1.4716,0.00675775,0.00675775,0.00675775
395,3843.36,1.58337,1.47564,1.45749,0.85696,0.56086,0.68371,0.41316,1.69424,1.47373,1.47398,0.0067495,0.0067495,0.0067495
396,3852.52,1.54591,1.43018,1.43207,0.75694,0.6096,0.68218,0.41901,1.65289,1.45773,1.47087,0.00674125,0.00674125,0.00674125
397,3861.54,1.5678,1.45066,1.44357,0.78741,0.6,0.67825,0.41808,1.67973,1.48035,1.48068,0.006733,0.006733,0.006733
398,3870.52,1.5269,1.44216,1.43686,0.83206,0.59031,0.68397,0.42102,1.68768,1.49779,1.4828,0.00672475,0.00672475,0.00672475
399,3880.13,1.54008,1.44224,1.4439,0.8531,0.54368,0.68781,0.42426,1.66471,1.4765,1.47669,0.0067165,0.0067165,0.0067165
400,3891.55,1.56261,1.4513,1.43373,0.83675,0.56383,0.69249,0.42057,1.66328,1.45351,1.46807,0.00670825,0.00670825,0.00670825
401,3901,1.57505,1.49091,1.46009,0.82746,0.6,0.69964,0.42415,1.65737,1.42794,1.45202,0.0067,0.0067,0.0067
402,3910.14,1.62711,1.48922,1.46977,0.82506,0.60207,0.69633,0.42641,1.66799,1.43997,1.45582,0.00669175,0.00669175,0.00669175
403,3919.29,1.52185,1.45082,1.42349,0.76524,0.6,0.6908,0.42267,1.67809,1.43618,1.45972,0.0066835,0.0066835,0.0066835
404,3928.26,1.54888,1.43311,1.44764,0.82759,0.59236,0.69909,0.42044,1.68903,1.42865,1.45852,0.00667525,0.00667525,0.00667525
405,3938.8,1.52416,1.38584,1.42394,0.8197,0.60851,0.69232,0.41644,1.7169,1.46962,1.47229,0.006667,0.006667,0.006667
406,3948.62,1.54585,1.45557,1.44529,0.81829,0.61322,0.7021,0.41976,1.68125,1.45065,1.47084,0.00665875,0.00665875,0.00665875
407,3957.65,1.52605,1.42618,1.43291,0.80134,0.6234,0.71003,0.43474,1.64413,1.4238,1.45423,0.0066505,0.0066505,0.0066505
408,3966.86,1.53103,1.40908,1.4254,0.82854,0.62766,0.71327,0.43376,1.62754,1.40448,1.4458,0.00664225,0.00664225,0.00664225
409,3975.85,1.56592,1.41342,1.4248,0.87361,0.58828,0.71,0.43046,1.66063,1.40821,1.45272,0.006634,0.006634,0.006634
410,3985.78,1.50117,1.3911,1.41491,0.80856,0.62007,0.70843,0.42861,1.64246,1.39629,1.45404,0.00662575,0.00662575,0.00662575
411,3996.18,1.53463,1.40216,1.4255,0.78566,0.64255,0.70976,0.43136,1.64879,1.40735,1.44811,0.0066175,0.0066175,0.0066175
412,4005.09,1.52315,1.40195,1.41685,0.80114,0.63429,0.70672,0.43425,1.62609,1.41406,1.43864,0.00660925,0.00660925,0.00660925
413,4014.2,1.52707,1.40904,1.42135,0.76922,0.61489,0.70484,0.43558,1.60416,1.4184,1.43195,0.006601,0.006601,0.006601
414,4023.64,1.49972,1.37565,1.40086,0.7889,0.6383,0.7107,0.44043,1.59468,1.39443,1.42532,0.00659275,0.00659275,0.00659275
415,4033.22,1.53085,1.39557,1.41618,0.8203,0.62128,0.71748,0.44742,1.60924,1.39817,1.42197,0.0065845,0.0065845,0.0065845
416,4044.92,1.5488,1.41268,1.42468,0.86303,0.60326,0.71826,0.44729,1.61648,1.39414,1.41211,0.00657625,0.00657625,0.00657625
417,4054.44,1.48827,1.38374,1.41174,0.82563,0.61915,0.71236,0.43817,1.65298,1.41588,1.43296,0.006568,0.006568,0.006568
418,4063.39,1.52967,1.39058,1.41775,0.79151,0.61277,0.70786,0.43852,1.63002,1.41529,1.42047,0.00655975,0.00655975,0.00655975
419,4072.35,1.51137,1.36967,1.41187,0.8015,0.62128,0.70799,0.44362,1.59986,1.40956,1.42793,0.0065515,0.0065515,0.0065515
420,4081.36,1.49822,1.37622,1.38801,0.83896,0.63191,0.72351,0.44633,1.6042,1.38142,1.43005,0.00654325,0.00654325,0.00654325
421,4091.69,1.54105,1.42815,1.42126,0.84725,0.63617,0.72828,0.44517,1.59742,1.38824,1.42268,0.006535,0.006535,0.006535
422,4101.8,1.52528,1.40526,1.41134,0.84368,0.62012,0.73187,0.44952,1.59603,1.35518,1.42105,0.00652675,0.00652675,0.00652675
423,4110.94,1.4956,1.37314,1.39987,0.85433,0.60213,0.72207,0.44776,1.59694,1.37847,1.41246,0.0065185,0.0065185,0.0065185
424,4120.01,1.48738,1.36589,1.40374,0.83576,0.60638,0.70838,0.44636,1.58987,1.3917,1.41496,0.00651025,0.00651025,0.00651025
425,4129.03,1.49051,1.37107,1.40234,0.82001,0.62766,0.71237,0.44448,1.60053,1.38903,1.41127,0.006502,0.006502,0.006502
426,4139.28,1.48346,1.34067,1.39163,0.85014,0.61558,0.72454,0.44768,1.58421,1.3713,1.41242,0.00649375,0.00649375,0.00649375
427,4150.02,1.50206,1.34151,1.40403,0.82608,0.63668,0.72141,0.44766,1.57867,1.37679,1.42232,0.0064855,0.0064855,0.0064855
428,4159.02,1.46889,1.35795,1.3992,0.79821,0.61277,0.71286,0.43801,1.57639,1.36036,1.42228,0.00647725,0.00647725,0.00647725
429,4168.04,1.51012,1.36291,1.40423,0.84016,0.6,0.71531,0.44316,1.583,1.3512,1.42291,0.006469,0.006469,0.006469
430,4177.24,1.51708,1.36563,1.39314,0.85161,0.60638,0.71516,0.45342,1.56381,1.33363,1.41155,0.00646075,0.00646075,0.00646075
431,4187.37,1.48571,1.33461,1.39372,0.85143,0.60964,0.72174,0.45985,1.54485,1.34511,1.4071,0.0064525,0.0064525,0.0064525
432,4198.36,1.48474,1.3242,1.38716,0.84401,0.62766,0.72212,0.45818,1.55041,1.33842,1.39433,0.00644425,0.00644425,0.00644425
433,4207.36,1.49675,1.34582,1.39825,0.82815,0.62546,0.7148,0.4493,1.5665,1.366,1.40631,0.006436,0.006436,0.006436
434,4216.3,1.48659,1.32102,1.3766,0.89779,0.61675,0.71849,0.45327,1.558,1.37187,1.40361,0.00642775,0.00642775,0.00642775
435,4225.23,1.49867,1.35625,1.4062,0.89367,0.62587,0.72824,0.45642,1.54768,1.35408,1.39485,0.0064195,0.0064195,0.0064195
436,4234.62,1.4328,1.29776,1.37208,0.86489,0.60426,0.7296,0.45344,1.56283,1.35525,1.3998,0.00641125,0.00641125,0.00641125
437,4245.59,1.47499,1.34029,1.38777,0.87724,0.60816,0.72495,0.45353,1.55894,1.36168,1.39997,0.006403,0.006403,0.006403
438,4254.58,1.49487,1.33112,1.39115,0.85871,0.6383,0.72971,0.45231,1.56376,1.35574,1.40332,0.00639475,0.00639475,0.00639475
439,4263.6,1.45447,1.31087,1.36585,0.85664,0.63191,0.73484,0.46301,1.52496,1.32431,1.38867,0.0063865,0.0063865,0.0063865
440,4272.91,1.49387,1.33807,1.38883,0.86423,0.63654,0.73582,0.4597,1.53105,1.33954,1.38328,0.00637825,0.00637825,0.00637825
441,4282.27,1.51041,1.35678,1.39512,0.85048,0.62766,0.73003,0.4615,1.53539,1.36517,1.3816,0.00637,0.00637,0.00637
442,4293.08,1.45175,1.295,1.3786,0.87083,0.64894,0.74044,0.4671,1.55139,1.34902,1.38659,0.00636175,0.00636175,0.00636175
443,4302.77,1.46681,1.32199,1.37631,0.84518,0.66208,0.74101,0.46921,1.55993,1.34277,1.38587,0.0063535,0.0063535,0.0063535
444,4312.03,1.4405,1.28185,1.3702,0.85785,0.64681,0.74101,0.46731,1.55869,1.33741,1.38787,0.00634525,0.00634525,0.00634525
445,4321.03,1.46538,1.28702,1.37331,0.85285,0.64894,0.73498,0.46653,1.54536,1.3259,1.38038,0.006337,0.006337,0.006337
446,4330.08,1.45167,1.30238,1.37213,0.82944,0.66383,0.73631,0.46466,1.52416,1.31719,1.38685,0.00632875,0.00632875,0.00632875
447,4341.21,1.4488,1.2814,1.36803,0.84553,0.66809,0.74507,0.47497,1.5077,1.29494,1.38878,0.0063205,0.0063205,0.0063205
448,4351.25,1.50457,1.33418,1.4009,0.85096,0.64387,0.74318,0.47759,1.51679,1.30646,1.38224,0.00631225,0.00631225,0.00631225
449,4360.48,1.442,1.29924,1.36931,0.86744,0.62553,0.7387,0.4782,1.49809,1.3059,1.36779,0.006304,0.006304,0.006304
450,4369.71,1.48506,1.33027,1.38821,0.80682,0.66647,0.74251,0.47628,1.50957,1.31849,1.36896,0.00629575,0.00629575,0.00629575
451,4378.73,1.46701,1.31461,1.39115,0.84928,0.65532,0.7478,0.47987,1.51667,1.3159,1.37042,0.0062875,0.0062875,0.0062875
452,4389.38,1.45984,1.3128,1.38163,0.89466,0.62766,0.74518,0.48126,1.5206,1.31591,1.37062,0.00627925,0.00627925,0.00627925
453,4399.52,1.44077,1.30215,1.35944,0.83623,0.67872,0.74962,0.48472,1.50175,1.30924,1.35355,0.006271,0.006271,0.006271
454,4408.65,1.46234,1.28509,1.37187,0.87942,0.65176,0.74748,0.47753,1.53004,1.31235,1.35396,0.00626275,0.00626275,0.00626275
455,4417.73,1.43215,1.27738,1.36047,0.87604,0.64894,0.74752,0.47661,1.53425,1.31498,1.35972,0.0062545,0.0062545,0.0062545
456,4426.73,1.43698,1.2873,1.36592,0.84882,0.65957,0.74783,0.48266,1.51629,1.31031,1.35062,0.00624625,0.00624625,0.00624625
457,4436.79,1.45568,1.28774,1.37704,0.86449,0.64894,0.75105,0.49095,1.49713,1.30395,1.34825,0.006238,0.006238,0.006238
458,4447.34,1.46285,1.26001,1.37693,0.87824,0.66383,0.75214,0.49496,1.49378,1.29662,1.34471,0.00622975,0.00622975,0.00622975
459,4456.6,1.45348,1.28239,1.36454,0.89238,0.65275,0.75869,0.49997,1.47411,1.27623,1.33949,0.0062215,0.0062215,0.0062215
460,4465.75,1.47933,1.32817,1.37474,0.86124,0.65319,0.76037,0.49702,1.48824,1.26518,1.34232,0.00621325,0.00621325,0.00621325
461,4474.64,1.43371,1.27908,1.35921,0.86395,0.65745,0.75869,0.49328,1.50048,1.26589,1.3402,0.006205,0.006205,0.006205
462,4485.14,1.43163,1.26003,1.36753,0.89046,0.65957,0.7612,0.49641,1.49632,1.25694,1.33985,0.00619675,0.00619675,0.00619675
463,4495.07,1.44787,1.32269,1.36485,0.90471,0.64468,0.76334,0.49376,1.48555,1.22945,1.32702,0.0061885,0.0061885,0.0061885
464,4504.02,1.42806,1.2444,1.35487,0.89095,0.64318,0.76359,0.4963,1.49099,1.23534,1.32713,0.00618025,0.00618025,0.00618025
465,4513.14,1.44902,1.26347,1.35612,0.87198,0.65532,0.76372,0.49153,1.50162,1.2498,1.32356,0.006172,0.006172,0.006172
466,4522.1,1.43955,1.24912,1.35976,0.89827,0.67234,0.76933,0.49293,1.49511,1.23289,1.32967,0.00616375,0.00616375,0.00616375
467,4531.98,1.44343,1.2831,1.35785,0.84888,0.6617,0.76171,0.49455,1.50073,1.24047,1.33637,0.0061555,0.0061555,0.0061555
468,4542.61,1.41613,1.22456,1.33516,0.84554,0.69884,0.77305,0.4994,1.47673,1.21686,1.33598,0.00614725,0.00614725,0.00614725
469,4551.96,1.4565,1.27109,1.35902,0.85491,0.677,0.77129,0.49834,1.47786,1.22513,1.33564,0.006139,0.006139,0.006139
470,4561.04,1.4289,1.24927,1.34437,0.86884,0.69149,0.7751,0.50473,1.48389,1.23741,1.32991,0.00613075,0.00613075,0.00613075
471,4570.17,1.45702,1.29214,1.36569,0.89342,0.67777,0.77435,0.50149,1.47198,1.22766,1.32759,0.0061225,0.0061225,0.0061225
472,4579.43,1.40161,1.23503,1.34028,0.85661,0.68638,0.77458,0.50301,1.47338,1.2236,1.32857,0.00611425,0.00611425,0.00611425
473,4589.51,1.41066,1.23429,1.33871,0.86951,0.6805,0.7778,0.50766,1.4794,1.22714,1.33204,0.006106,0.006106,0.006106
474,4598.67,1.38822,1.21714,1.32897,0.87492,0.6617,0.76635,0.49848,1.50067,1.2577,1.34754,0.00609775,0.00609775,0.00609775
475,4607.64,1.40695,1.23075,1.33223,0.86595,0.68724,0.77287,0.50033,1.47809,1.23807,1.33366,0.0060895,0.0060895,0.0060895
476,4616.57,1.42446,1.25533,1.35088,0.87465,0.66808,0.77392,0.50314,1.4608,1.24421,1.32623,0.00608125,0.00608125,0.00608125
477,4626.19,1.4003,1.24851,1.33043,0.90402,0.66383,0.77736,0.51129,1.45673,1.23634,1.31391,0.006073,0.006073,0.006073
478,4636.69,1.39611,1.22839,1.31734,0.87244,0.68085,0.77664,0.50894,1.45707,1.22902,1.31624,0.00606475,0.00606475,0.00606475
479,4645.61,1.41711,1.24122,1.32683,0.86156,0.69574,0.77647,0.513,1.45942,1.22418,1.31239,0.0060565,0.0060565,0.0060565
480,4654.75,1.43648,1.25783,1.34858,0.87997,0.68298,0.77797,0.51166,1.45822,1.21545,1.30843,0.00604825,0.00604825,0.00604825
481,4663.69,1.40051,1.24246,1.34073,0.86744,0.67447,0.77726,0.50774,1.46774,1.20839,1.30267,0.00604,0.00604,0.00604
482,4673.19,1.43798,1.27072,1.34498,0.87279,0.67021,0.77836,0.50527,1.46939,1.21961,1.3078,0.00603175,0.00603175,0.00603175
483,4683.35,1.39651,1.24576,1.3371,0.90307,0.66383,0.7813,0.50973,1.46985,1.20764,1.30906,0.0060235,0.0060235,0.0060235
484,4692.27,1.41032,1.23178,1.33462,0.91025,0.66897,0.78249,0.51135,1.4661,1.19196,1.30923,0.00601525,0.00601525,0.00601525
485,4701.18,1.41691,1.20361,1.34191,0.89961,0.66733,0.7804,0.5134,1.45675,1.20067,1.30318,0.006007,0.006007,0.006007
486,4710.3,1.3757,1.21425,1.3264,0.87696,0.68085,0.77968,0.51511,1.45329,1.19682,1.30126,0.00599875,0.00599875,0.00599875
487,4719.92,1.40537,1.19386,1.33488,0.88024,0.66596,0.78175,0.51786,1.43415,1.18465,1.29235,0.0059905,0.0059905,0.0059905
488,4730.46,1.42455,1.24206,1.33962,0.90568,0.6742,0.78679,0.52,1.42444,1.17689,1.29273,0.00598225,0.00598225,0.00598225
489,4739.56,1.37458,1.19752,1.31585,0.91101,0.65341,0.7809,0.51803,1.42305,1.18173,1.29765,0.005974,0.005974,0.005974
490,4748.46,1.39039,1.2236,1.33404,0.8842,0.67872,0.78277,0.52065,1.42236,1.18676,1.29759,0.00596575,0.00596575,0.00596575
491,4757.59,1.37996,1.21919,1.3281,0.87906,0.69362,0.78726,0.52479,1.42014,1.18984,1.29642,0.0059575,0.0059575,0.0059575
492,4767.58,1.41069,1.23745,1.32986,0.87512,0.7,0.78624,0.52686,1.41131,1.18449,1.29064,0.00594925,0.00594925,0.00594925
493,4777.62,1.39675,1.18424,1.32141,0.87978,0.70067,0.7852,0.52555,1.40703,1.16521,1.28937,0.005941,0.005941,0.005941
494,4786.52,1.3697,1.19105,1.32106,0.88292,0.70213,0.78592,0.52572,1.42784,1.16351,1.30016,0.00593275,0.00593275,0.00593275
495,4795.42,1.39114,1.19659,1.32521,0.87515,0.68723,0.78526,0.52528,1.43481,1.14778,1.29823,0.0059245,0.0059245,0.0059245
496,4804.27,1.38628,1.22286,1.32867,0.89142,0.68723,0.79386,0.53016,1.41675,1.14954,1.28915,0.00591625,0.00591625,0.00591625
497,4814.26,1.37879,1.16603,1.3142,0.90924,0.7034,0.79513,0.5244,1.41568,1.15784,1.28466,0.005908,0.005908,0.005908
498,4823.87,1.41281,1.22805,1.32472,0.91221,0.7075,0.79347,0.52265,1.423,1.16085,1.28707,0.00589975,0.00589975,0.00589975
499,4832.9,1.37308,1.19947,1.32069,0.89745,0.68936,0.78772,0.52042,1.42118,1.17192,1.2879,0.0058915,0.0058915,0.0058915
500,4842.01,1.39471,1.19011,1.318,0.87687,0.70213,0.78315,0.52357,1.41671,1.16786,1.28519,0.00588325,0.00588325,0.00588325
501,4850.94,1.37277,1.19676,1.32855,0.92117,0.67447,0.78726,0.52984,1.41304,1.16258,1.28383,0.005875,0.005875,0.005875
502,4860.92,1.38511,1.20617,1.31791,0.91625,0.67504,0.79093,0.53017,1.42337,1.16211,1.27962,0.00586675,0.00586675,0.00586675
503,4870.46,1.39008,1.18951,1.31503,0.94254,0.66317,0.79078,0.52822,1.43995,1.16662,1.28358,0.0058585,0.0058585,0.0058585
504,4879.37,1.40974,1.18182,1.33068,0.93949,0.6766,0.78987,0.52578,1.42479,1.15994,1.28157,0.00585025,0.00585025,0.00585025
505,4888.26,1.36021,1.1964,1.3146,0.91403,0.68511,0.79045,0.5263,1.44241,1.16563,1.29134,0.005842,0.005842,0.005842
506,4897.17,1.37876,1.19431,1.31088,0.91695,0.69574,0.79287,0.53061,1.43861,1.16252,1.28941,0.00583375,0.00583375,0.00583375
507,4907.48,1.34298,1.15261,1.29487,0.91401,0.69787,0.79046,0.5292,1.43915,1.1671,1.2887,0.0058255,0.0058255,0.0058255
508,4916.49,1.36254,1.18203,1.30989,0.89148,0.68936,0.79012,0.53023,1.44049,1.1641,1.28778,0.00581725,0.00581725,0.00581725
509,4925.44,1.34391,1.16527,1.28651,0.90144,0.7,0.79441,0.53341,1.43074,1.15558,1.2819,0.005809,0.005809,0.005809
510,4934.57,1.35592,1.1613,1.30622,0.923,0.69362,0.79485,0.53211,1.43005,1.16346,1.27995,0.00580075,0.00580075,0.00580075
511,4943.56,1.36192,1.17879,1.31041,0.91341,0.67872,0.79183,0.53216,1.43041,1.16669,1.28032,0.0057925,0.0057925,0.0057925
512,4953.62,1.31432,1.14,1.29561,0.91884,0.68723,0.79688,0.534,1.40987,1.16401,1.27849,0.00578425,0.00578425,0.00578425
513,4962.88,1.36084,1.17766,1.30442,0.91641,0.69574,0.79668,0.53909,1.39945,1.14524,1.27387,0.005776,0.005776,0.005776
514,4972.02,1.34382,1.1605,1.30485,0.91382,0.69149,0.7974,0.53902,1.39955,1.1371,1.27339,0.00576775,0.00576775,0.00576775
515,4981.26,1.33187,1.13943,1.28852,0.88135,0.72766,0.80277,0.53922,1.40245,1.13328,1.27211,0.0057595,0.0057595,0.0057595
516,4990.5,1.37299,1.15724,1.29729,0.90181,0.71489,0.80201,0.53955,1.40493,1.11864,1.26812,0.00575125,0.00575125,0.00575125
517,5000.6,1.3578,1.14962,1.30787,0.90514,0.71055,0.80493,0.54534,1.39598,1.1091,1.26611,0.005743,0.005743,0.005743
518,5009.76,1.39659,1.18727,1.3179,0.90502,0.70956,0.80439,0.54434,1.37497,1.10453,1.26634,0.00573475,0.00573475,0.00573475
519,5018.72,1.36129,1.16409,1.31062,0.89705,0.70851,0.80358,0.54441,1.3748,1.11369,1.26696,0.0057265,0.0057265,0.0057265
520,5027.61,1.34693,1.17343,1.30315,0.92625,0.69476,0.80681,0.54651,1.36851,1.1241,1.26015,0.00571825,0.00571825,0.00571825
521,5037.33,1.36611,1.14925,1.29552,0.93513,0.67872,0.80027,0.54711,1.37489,1.12089,1.25873,0.00571,0.00571,0.00571
522,5047.48,1.34573,1.15332,1.29242,0.90573,0.69574,0.80203,0.54343,1.39058,1.11891,1.26367,0.00570175,0.00570175,0.00570175
523,5056.39,1.33517,1.13944,1.28666,0.91797,0.69362,0.80297,0.54193,1.39371,1.12016,1.26368,0.0056935,0.0056935,0.0056935
524,5065.32,1.34516,1.15294,1.29732,0.92335,0.68723,0.80202,0.54625,1.39577,1.1252,1.26498,0.00568525,0.00568525,0.00568525
525,5074.28,1.32355,1.14541,1.28369,0.9425,0.68511,0.80767,0.55016,1.37362,1.12261,1.26048,0.005677,0.005677,0.005677
526,5083.89,1.34828,1.14256,1.29216,0.90944,0.70515,0.81042,0.55241,1.38034,1.12818,1.25565,0.00566875,0.00566875,0.00566875
527,5094.43,1.33074,1.14212,1.30115,0.91115,0.71489,0.81226,0.55347,1.38895,1.13418,1.25712,0.0056605,0.0056605,0.0056605
528,5103.7,1.34927,1.1421,1.29629,0.92545,0.71702,0.80995,0.54764,1.3976,1.13671,1.25695,0.00565225,0.00565225,0.00565225
529,5112.85,1.3153,1.13836,1.29368,0.9233,0.71712,0.81057,0.5503,1.39424,1.13943,1.25143,0.005644,0.005644,0.005644
530,5121.89,1.36232,1.16745,1.30471,0.92302,0.71433,0.80966,0.54899,1.39327,1.13661,1.2507,0.00563575,0.00563575,0.00563575
531,5131.76,1.34411,1.14077,1.28913,0.9109,0.70638,0.81037,0.54598,1.40008,1.14354,1.25128,0.0056275,0.0056275,0.0056275
532,5141.58,1.31871,1.11424,1.28555,0.918,0.69073,0.80509,0.54769,1.38891,1.11895,1.25089,0.00561925,0.00561925,0.00561925
533,5151.8,1.30826,1.12678,1.28648,0.92674,0.70851,0.81171,0.55145,1.38588,1.10765,1.2495,0.005611,0.005611,0.005611
534,5160.82,1.36746,1.1647,1.30614,0.92469,0.7054,0.81175,0.54759,1.37571,1.0869,1.24926,0.00560275,0.00560275,0.00560275
535,5169.73,1.32378,1.13007,1.28974,0.93051,0.71229,0.81036,0.55594,1.35783,1.08485,1.24045,0.0055945,0.0055945,0.0055945
536,5178.95,1.33901,1.14107,1.28764,0.92159,0.70213,0.80462,0.55366,1.35569,1.08941,1.24038,0.00558625,0.00558625,0.00558625
537,5188.18,1.3126,1.11176,1.27008,0.93558,0.7,0.80659,0.55661,1.34828,1.0861,1.2388,0.005578,0.005578,0.005578
538,5198.89,1.29466,1.0907,1.27599,0.93796,0.70772,0.81183,0.55745,1.34621,1.0811,1.2396,0.00556975,0.00556975,0.00556975
539,5208.08,1.32957,1.13468,1.27014,0.92477,0.70638,0.80944,0.5563,1.34089,1.07999,1.24295,0.0055615,0.0055615,0.0055615
540,5216.99,1.33517,1.12666,1.28197,0.9319,0.70851,0.81126,0.55919,1.33451,1.07844,1.24154,0.00555325,0.00555325,0.00555325
541,5226.13,1.31649,1.14173,1.27512,0.94756,0.70426,0.81229,0.55941,1.32926,1.07991,1.23707,0.005545,0.005545,0.005545
542,5235.88,1.33373,1.13375,1.28293,0.9559,0.71489,0.81087,0.56211,1.32345,1.07339,1.22969,0.00553675,0.00553675,0.00553675
543,5246.32,1.3028,1.09479,1.27482,0.95514,0.71064,0.81576,0.56388,1.31251,1.07401,1.22149,0.0055285,0.0055285,0.0055285
544,5256.6,1.31164,1.11317,1.27673,0.93686,0.71277,0.81703,0.56235,1.32074,1.07658,1.22356,0.00552025,0.00552025,0.00552025
545,5265.51,1.32508,1.12725,1.27989,0.939,0.7205,0.81654,0.56325,1.31388,1.08737,1.22702,0.005512,0.005512,0.005512
546,5274.53,1.33267,1.10975,1.28069,0.92641,0.71489,0.81633,0.56403,1.3085,1.07674,1.22804,0.00550375,0.00550375,0.00550375
547,5283.8,1.29773,1.08987,1.26046,0.94215,0.70426,0.8159,0.56416,1.316,1.07585,1.22655,0.0054955,0.0054955,0.0054955
548,5294.26,1.32188,1.09923,1.26468,0.90798,0.72766,0.81452,0.56583,1.31332,1.08675,1.2247,0.00548725,0.00548725,0.00548725
549,5304.02,1.32198,1.1001,1.27356,0.93576,0.72766,0.81256,0.56386,1.3072,1.0842,1.22708,0.005479,0.005479,0.005479
550,5312.91,1.32127,1.12951,1.27691,0.92339,0.73191,0.81323,0.56464,1.30848,1.0794,1.23144,0.00547075,0.00547075,0.00547075
551,5321.91,1.28715,1.0936,1.26813,0.91965,0.73191,0.81959,0.56686,1.31227,1.06513,1.22968,0.0054625,0.0054625,0.0054625
552,5331.03,1.31626,1.09744,1.27963,0.91315,0.72553,0.82064,0.56493,1.33671,1.05862,1.23004,0.00545425,0.00545425,0.00545425
553,5340.95,1.31488,1.12662,1.2805,0.90523,0.73191,0.82059,0.56417,1.33906,1.05553,1.23059,0.005446,0.005446,0.005446
554,5350.52,1.33861,1.11452,1.28233,0.91108,0.74121,0.82591,0.56509,1.33659,1.05845,1.23475,0.00543775,0.00543775,0.00543775
555,5359.53,1.27304,1.08642,1.26584,0.90618,0.74043,0.82408,0.56576,1.33592,1.06375,1.23342,0.0054295,0.0054295,0.0054295
556,5368.56,1.30198,1.08901,1.26309,0.92769,0.73699,0.82391,0.56715,1.32747,1.06728,1.2303,0.00542125,0.00542125,0.00542125
557,5377.87,1.32959,1.10937,1.27495,0.91076,0.73825,0.82225,0.56578,1.32169,1.06432,1.22473,0.005413,0.005413,0.005413
558,5388.08,1.33444,1.08342,1.27841,0.90967,0.72854,0.82632,0.5672,1.33015,1.06449,1.22436,0.00540475,0.00540475,0.00540475
559,5397.52,1.31532,1.11747,1.28666,0.91907,0.72491,0.82612,0.56718,1.32889,1.06504,1.22555,0.0053965,0.0053965,0.0053965
560,5406.39,1.29191,1.06441,1.26486,0.93013,0.72766,0.8283,0.56573,1.32247,1.06513,1.22386,0.00538825,0.00538825,0.00538825
561,5415.48,1.28397,1.07839,1.25849,0.9274,0.73383,0.82887,0.5666,1.31552,1.05752,1.221,0.00538,0.00538,0.00538
562,5424.91,1.26918,1.05459,1.25219,0.92498,0.73458,0.82894,0.57075,1.32637,1.0535,1.22021,0.00537175,0.00537175,0.00537175
563,5435.75,1.32614,1.10583,1.25822,0.92287,0.73404,0.83051,0.57181,1.32822,1.04567,1.21654,0.0053635,0.0053635,0.0053635
564,5444.84,1.28969,1.09266,1.26095,0.89891,0.75745,0.83282,0.57255,1.32454,1.04464,1.21397,0.00535525,0.00535525,0.00535525
565,5453.99,1.26414,1.05738,1.25255,0.90533,0.75281,0.83154,0.57608,1.31632,1.03918,1.21233,0.005347,0.005347,0.005347
566,5463.11,1.27972,1.08464,1.25535,0.91671,0.74935,0.83171,0.57681,1.32194,1.04084,1.21508,0.00533875,0.00533875,0.00533875
567,5473.04,1.29974,1.06516,1.25695,0.91468,0.74255,0.83082,0.57559,1.33013,1.03663,1.21595,0.0053305,0.0053305,0.0053305
568,5482.61,1.33672,1.10655,1.2635,0.907,0.74894,0.83075,0.57272,1.35179,1.03748,1.22117,0.00532225,0.00532225,0.00532225
569,5491.51,1.29594,1.09487,1.25872,0.904,0.75319,0.83053,0.57479,1.34062,1.03092,1.21994,0.005314,0.005314,0.005314
570,5500.42,1.28172,1.05436,1.24937,0.89401,0.75376,0.83188,0.57331,1.33589,1.02829,1.21839,0.00530575,0.00530575,0.00530575
571,5509.41,1.27446,1.07135,1.26106,0.91911,0.74468,0.83523,0.5748,1.32082,1.01044,1.21203,0.0052975,0.0052975,0.0052975
572,5519.16,1.27769,1.07037,1.25775,0.91262,0.75557,0.8362,0.58107,1.31438,1.01169,1.21049,0.00528925,0.00528925,0.00528925
573,5528.84,1.31801,1.09007,1.26454,0.91636,0.74599,0.8341,0.57952,1.31109,1.01386,1.21356,0.005281,0.005281,0.005281
574,5537.77,1.26894,1.08937,1.26106,0.93617,0.74888,0.83416,0.58063,1.30632,1.01895,1.21671,0.00527275,0.00527275,0.00527275
575,5546.68,1.29445,1.0949,1.27512,0.92556,0.74076,0.83174,0.58036,1.30857,1.03187,1.21837,0.0052645,0.0052645,0.0052645
576,5555.56,1.29157,1.06285,1.26216,0.9191,0.74933,0.83117,0.58146,1.30053,1.03378,1.21484,0.00525625,0.00525625,0.00525625
577,5565.35,1.30534,1.08337,1.26656,0.92386,0.74468,0.83238,0.58353,1.29298,1.03389,1.21273,0.005248,0.005248,0.005248
578,5574.51,1.24388,1.04856,1.23999,0.92417,0.75319,0.8361,0.58698,1.29498,1.03257,1.21035,0.00523975,0.00523975,0.00523975
579,5583.71,1.31595,1.08447,1.26609,0.92841,0.74468,0.8385,0.58718,1.2923,1.02749,1.21013,0.0052315,0.0052315,0.0052315
580,5592.96,1.30826,1.09144,1.26635,0.9309,0.74255,0.83883,0.5877,1.29762,1.02715,1.20677,0.00522325,0.00522325,0.00522325
581,5602.29,1.27498,1.06046,1.24225,0.91299,0.75909,0.83969,0.58506,1.30574,1.02298,1.2078,0.005215,0.005215,0.005215
582,5612.52,1.24596,1.04613,1.24356,0.91755,0.75768,0.84362,0.58311,1.30505,1.01995,1.2069,0.00520675,0.00520675,0.00520675
583,5621.6,1.26909,1.07768,1.25128,0.91484,0.75428,0.84363,0.58642,1.30487,1.02287,1.20308,0.0051985,0.0051985,0.0051985
584,5630.6,1.28294,1.06332,1.25741,0.91745,0.74255,0.8404,0.58654,1.3087,1.01904,1.20405,0.00519025,0.00519025,0.00519025
585,5639.66,1.28631,1.07991,1.25422,0.9217,0.74043,0.83908,0.58651,1.30543,1.01874,1.20452,0.005182,0.005182,0.005182
586,5649.32,1.30091,1.06707,1.25291,0.9233,0.74894,0.84158,0.58651,1.29983,1.01746,1.20187,0.00517375,0.00517375,0.00517375
587,5659.6,1.25443,1.06288,1.24134,0.93034,0.74468,0.84347,0.58622,1.29458,1.01325,1.19767,0.0051655,0.0051655,0.0051655
588,5668.71,1.25019,1.03821,1.23376,0.91846,0.74295,0.8399,0.58796,1.29076,1.00625,1.19633,0.00515725,0.00515725,0.00515725
589,5677.88,1.2834,1.03668,1.24511,0.9173,0.74255,0.84242,0.58725,1.29335,1.00461,1.19965,0.005149,0.005149,0.005149
590,5686.92,1.26809,1.03647,1.24924,0.92282,0.74043,0.84272,0.58984,1.28274,0.99876,1.19984,0.00514075,0.00514075,0.00514075
591,5697.07,1.26475,1.04143,1.22371,0.93093,0.73404,0.84159,0.5911,1.28365,1.00069,1.19925,0.0051325,0.0051325,0.0051325
592,5707.58,1.25306,1.04144,1.23619,0.91589,0.74043,0.84356,0.59131,1.28644,0.99629,1.19758,0.00512425,0.00512425,0.00512425
593,5717.77,1.25252,1.02629,1.22379,0.90815,0.74894,0.84647,0.58827,1.29132,0.98917,1.19804,0.005116,0.005116,0.005116
594,5726.85,1.23439,1.01892,1.23388,0.89566,0.7671,0.84657,0.58841,1.29443,0.98281,1.19763,0.00510775,0.00510775,0.00510775
595,5735.92,1.26264,1.05647,1.24442,0.91874,0.74572,0.84957,0.58947,1.29361,0.9797,1.19452,0.0050995,0.0050995,0.0050995
596,5744.73,1.24792,1.02567,1.24068,0.91308,0.7376,0.84445,0.58642,1.29508,0.97741,1.1982,0.00509125,0.00509125,0.00509125
597,5754.49,1.26792,1.03758,1.23626,0.92298,0.7394,0.8432,0.58843,1.30101,0.978,1.20005,0.005083,0.005083,0.005083
598,5763.68,1.26192,1.01811,1.23088,0.91787,0.74681,0.8403,0.58926,1.30004,0.97475,1.19911,0.00507475,0.00507475,0.00507475
599,5772.61,1.26249,1.03289,1.23133,0.92188,0.75106,0.84361,0.58941,1.2969,0.97514,1.19911,0.0050665,0.0050665,0.0050665
600,5781.5,1.28342,1.05104,1.25338,0.92987,0.74894,0.84486,0.58879,1.29229,0.97275,1.19871,0.00505825,0.00505825,0.00505825
601,5790.6,1.2463,1.00752,1.22952,0.93115,0.74468,0.84207,0.59026,1.29718,0.97713,1.1988,0.00505,0.00505,0.00505
602,5801.28,1.27847,1.04551,1.239,0.92032,0.74468,0.84046,0.59139,1.29498,0.98243,1.19459,0.00504175,0.00504175,0.00504175
603,5810.46,1.25572,1.05607,1.23352,0.92305,0.74019,0.8406,0.59206,1.28345,0.98593,1.19169,0.0050335,0.0050335,0.0050335
604,5819.83,1.24977,1.01834,1.23783,0.92063,0.7404,0.84749,0.59144,1.27664,0.9807,1.18732,0.00502525,0.00502525,0.00502525
605,5829,1.27682,1.05019,1.23758,0.92644,0.7383,0.84236,0.5923,1.27301,0.98352,1.18611,0.005017,0.005017,0.005017
606,5838.3,1.23247,1.0046,1.22229,0.92746,0.7345,0.84372,0.59449,1.27159,0.98453,1.1868,0.00500875,0.00500875,0.00500875
607,5849.1,1.25944,1.03227,1.23267,0.9211,0.74514,0.84601,0.59593,1.26453,0.97577,1.18581,0.0050005,0.0050005,0.0050005
608,5858.25,1.23025,1.00075,1.22185,0.92361,0.74599,0.84438,0.60078,1.26105,0.97052,1.1857,0.00499225,0.00499225,0.00499225
609,5867.37,1.22513,1.01293,1.22015,0.90946,0.75745,0.8459,0.6013,1.26387,0.96704,1.18705,0.004984,0.004984,0.004984
610,5876.51,1.24489,1.01596,1.22742,0.91297,0.75885,0.84418,0.59886,1.26879,0.96035,1.18842,0.00497575,0.00497575,0.00497575
611,5885.96,1.23542,1.00243,1.21753,0.9176,0.75816,0.84739,0.59914,1.26596,0.95703,1.18953,0.0049675,0.0049675,0.0049675
612,5896.11,1.24799,1.02673,1.22749,0.90224,0.7617,0.84621,0.5992,1.26507,0.9637,1.18937,0.00495925,0.00495925,0.00495925
613,5905.07,1.24977,1.01169,1.22177,0.91462,0.75319,0.84655,0.59867,1.26025,0.96192,1.18505,0.004951,0.004951,0.004951
614,5914.05,1.23363,1.00577,1.22036,0.92097,0.75745,0.84955,0.59886,1.26071,0.96579,1.18397,0.00494275,0.00494275,0.00494275
615,5923.02,1.23668,1.0156,1.22423,0.91834,0.75532,0.84379,0.60034,1.2639,0.97561,1.18446,0.0049345,0.0049345,0.0049345
616,5932.01,1.23992,1.01082,1.23036,0.93168,0.75439,0.84867,0.59896,1.25881,0.97214,1.18098,0.00492625,0.00492625,0.00492625
617,5942.22,1.23157,1.01748,1.21482,0.92845,0.75319,0.84991,0.60093,1.25955,0.96739,1.17941,0.004918,0.004918,0.004918
618,5951.42,1.23266,1.01801,1.22036,0.9147,0.7617,0.84936,0.59998,1.2591,0.96761,1.18232,0.00490975,0.00490975,0.00490975
619,5960.4,1.20884,1.00119,1.22101,0.92925,0.75458,0.85137,0.60069,1.25395,0.96305,1.18152,0.0049015,0.0049015,0.0049015
620,5969.34,1.21332,0.9862,1.19831,0.93128,0.74972,0.84834,0.60048,1.2436,0.95937,1.18052,0.00489325,0.00489325,0.00489325
621,5979.01,1.22386,1.00014,1.20953,0.91339,0.75532,0.84678,0.59845,1.23353,0.95601,1.17717,0.004885,0.004885,0.004885
622,5988.98,1.23947,0.9945,1.21509,0.93862,0.74828,0.84649,0.60104,1.2363,0.95558,1.17455,0.00487675,0.00487675,0.00487675
623,5997.97,1.23011,0.98519,1.21444,0.89079,0.77021,0.84791,0.59991,1.24068,0.95124,1.17459,0.0048685,0.0048685,0.0048685
624,6006.93,1.24869,1.02577,1.22957,0.89816,0.76809,0.8482,0.60031,1.24476,0.95409,1.17759,0.00486025,0.00486025,0.00486025
625,6015.88,1.21503,1.00005,1.21062,0.89064,0.77974,0.8499,0.60181,1.24492,0.95936,1.17865,0.004852,0.004852,0.004852
626,6026.28,1.24332,1.00031,1.21844,0.92326,0.75957,0.84816,0.60085,1.24875,0.96527,1.1805,0.00484375,0.00484375,0.00484375
627,6035.66,1.23934,1.00759,1.22043,0.9044,0.76383,0.84785,0.60164,1.25147,0.96748,1.17983,0.0048355,0.0048355,0.0048355
628,6044.67,1.21035,0.98401,1.20862,0.91595,0.75745,0.85,0.60004,1.24649,0.96649,1.17596,0.00482725,0.00482725,0.00482725
629,6053.59,1.23021,1.01542,1.21915,0.90987,0.75532,0.84628,0.59967,1.24958,0.9665,1.17497,0.004819,0.004819,0.004819
630,6062.68,1.21515,1.01005,1.20787,0.92992,0.73406,0.84434,0.60077,1.25475,0.97114,1.17556,0.00481075,0.00481075,0.00481075
631,6073.03,1.24338,1.01207,1.22537,0.92039,0.73799,0.84353,0.60012,1.25484,0.97374,1.17532,0.0048025,0.0048025,0.0048025
632,6082.38,1.20123,0.97992,1.19522,0.9061,0.75319,0.84577,0.60101,1.25058,0.96768,1.1738,0.00479425,0.00479425,0.00479425
633,6091.45,1.19177,0.96122,1.19215,0.90517,0.76596,0.85102,0.60133,1.24722,0.96259,1.17439,0.004786,0.004786,0.004786
634,6100.48,1.24053,1.00897,1.22084,0.90538,0.77368,0.85535,0.60297,1.2454,0.9571,1.17202,0.00477775,0.00477775,0.00477775
635,6109.76,1.22076,0.96511,1.20345,0.90295,0.77203,0.84968,0.60283,1.23858,0.94906,1.16841,0.0047695,0.0047695,0.0047695
636,6120.13,1.18916,0.96825,1.19585,0.90357,0.77753,0.85319,0.6054,1.23377,0.949,1.16962,0.00476125,0.00476125,0.00476125
637,6129.59,1.20324,0.96906,1.20709,0.90466,0.76718,0.85434,0.60694,1.23253,0.95224,1.16875,0.004753,0.004753,0.004753
638,6138.76,1.23249,1.00558,1.21217,0.89839,0.77447,0.85464,0.60932,1.23024,0.94569,1.16635,0.00474475,0.00474475,0.00474475
639,6147.89,1.22551,0.99163,1.21629,0.91418,0.77234,0.85547,0.61043,1.23242,0.94377,1.16614,0.0047365,0.0047365,0.0047365
640,6157.04,1.18605,0.95097,1.18884,0.93305,0.75319,0.85867,0.61155,1.23219,0.94201,1.16555,0.00472825,0.00472825,0.00472825
641,6167.35,1.21148,0.9792,1.20676,0.93189,0.75684,0.85382,0.61257,1.22904,0.94343,1.16176,0.00472,0.00472,0.00472
642,6177.46,1.17606,0.95495,1.19942,0.95448,0.75838,0.86161,0.61491,1.22402,0.94243,1.15759,0.00471175,0.00471175,0.00471175
643,6186.6,1.22714,0.99174,1.22192,0.95439,0.7617,0.86415,0.61388,1.2172,0.94077,1.15696,0.0047035,0.0047035,0.0047035
644,6195.63,1.21587,0.99749,1.22059,0.95714,0.76027,0.86375,0.61489,1.21331,0.93891,1.15614,0.00469525,0.00469525,0.00469525
645,6205.08,1.17865,0.94543,1.20507,0.9638,0.7617,0.86619,0.61382,1.20716,0.93552,1.15579,0.004687,0.004687,0.004687
646,6215.2,1.21672,0.98018,1.20895,0.96052,0.76383,0.86568,0.61565,1.20708,0.93169,1.15466,0.00467875,0.00467875,0.00467875
647,6225.55,1.19903,0.9901,1.21784,0.9567,0.76809,0.86317,0.61514,1.20648,0.92785,1.15555,0.0046705,0.0046705,0.0046705
648,6234.63,1.21195,0.98307,1.20966,0.95793,0.76596,0.86438,0.61552,1.2069,0.92782,1.15475,0.00466225,0.00466225,0.00466225
649,6243.62,1.177,0.95631,1.19293,0.95494,0.76658,0.86913,0.61714,1.20679,0.92416,1.15262,0.004654,0.004654,0.004654
650,6252.9,1.23399,0.986,1.20173,0.93875,0.77872,0.86954,0.61781,1.20482,0.92107,1.14861,0.00464575,0.00464575,0.00464575
651,6263.13,1.16736,0.94839,1.19276,0.93838,0.77759,0.87021,0.61601,1.20724,0.9169,1.14842,0.0046375,0.0046375,0.0046375
652,6272.84,1.20074,0.96708,1.19846,0.92909,0.78052,0.86667,0.61523,1.20911,0.91468,1.14941,0.00462925,0.00462925,0.00462925
653,6281.86,1.18445,0.96497,1.20654,0.93857,0.78025,0.86664,0.6155,1.20963,0.91376,1.15123,0.004621,0.004621,0.004621
654,6290.92,1.20851,0.9878,1.21129,0.94522,0.7766,0.86764,0.61998,1.20836,0.91133,1.14934,0.00461275,0.00461275,0.00461275
655,6300.25,1.21232,0.96558,1.20551,0.94997,0.77872,0.86658,0.61641,1.2061,0.91175,1.1492,0.0046045,0.0046045,0.0046045
656,6310.2,1.21315,0.97255,1.21312,0.95506,0.77872,0.86833,0.61671,1.2029,0.90601,1.14878,0.00459625,0.00459625,0.00459625
657,6320,1.18877,0.97208,1.19913,0.94556,0.78298,0.86808,0.6156,1.19919,0.90313,1.14564,0.004588,0.004588,0.004588
658,6329.03,1.16033,0.94852,1.19474,0.93399,0.78267,0.86836,0.61774,1.19899,0.89994,1.14388,0.00457975,0.00457975,0.00457975
659,6338.16,1.21542,0.96379,1.19684,0.94083,0.77872,0.86844,0.61983,1.19174,0.8996,1.14134,0.0045715,0.0045715,0.0045715
660,6347.16,1.19738,0.95653,1.19397,0.94014,0.78085,0.86928,0.621,1.18925,0.89615,1.13869,0.00456325,0.00456325,0.00456325
661,6357.19,1.18977,0.95474,1.19662,0.93757,0.78298,0.87068,0.62094,1.18976,0.89185,1.13798,0.004555,0.004555,0.004555
662,6367.32,1.18777,0.94975,1.19274,0.93946,0.78298,0.87062,0.62469,1.18702,0.89033,1.13698,0.00454675,0.00454675,0.00454675
663,6376.53,1.17549,0.9529,1.19078,0.92719,0.78511,0.87227,0.62474,1.1851,0.88969,1.13482,0.0045385,0.0045385,0.0045385
664,6385.7,1.21216,0.94965,1.19355,0.9392,0.78511,0.8735,0.62498,1.18365,0.89122,1.13423,0.00453025,0.00453025,0.00453025
665,6394.84,1.17181,0.95027,1.1974,0.92839,0.79362,0.87337,0.62569,1.18684,0.89608,1.13584,0.004522,0.004522,0.004522
666,6404.76,1.16663,0.95255,1.1893,0.93263,0.7953,0.87339,0.62768,1.18725,0.89625,1.13775,0.00451375,0.00451375,0.00451375
667,6414.99,1.15992,0.93986,1.18419,0.93479,0.79305,0.87368,0.62772,1.18749,0.89409,1.13559,0.0045055,0.0045055,0.0045055
668,6424.09,1.19373,0.96626,1.19466,0.95126,0.78899,0.87452,0.62839,1.18776,0.89507,1.13555,0.00449725,0.00449725,0.00449725
669,6433.3,1.15957,0.93498,1.17695,0.95107,0.78573,0.87459,0.62904,1.18552,0.8925,1.13607,0.004489,0.004489,0.004489
670,6442.36,1.19321,0.97744,1.19567,0.93729,0.79149,0.87652,0.63226,1.1837,0.88936,1.13601,0.00448075,0.00448075,0.00448075
671,6452.52,1.23225,0.99417,1.20784,0.93084,0.80187,0.87698,0.63065,1.18146,0.88834,1.13623,0.0044725,0.0044725,0.0044725
672,6462.4,1.18574,0.94414,1.19165,0.92252,0.80638,0.87781,0.63247,1.18089,0.88672,1.13621,0.00446425,0.00446425,0.00446425
673,6471.62,1.17158,0.95739,1.18342,0.92623,0.81064,0.87951,0.63373,1.18114,0.88535,1.13652,0.004456,0.004456,0.004456
674,6480.7,1.1491,0.92641,1.17076,0.91772,0.81277,0.87957,0.63345,1.18212,0.88742,1.13899,0.00444775,0.00444775,0.00444775
675,6489.78,1.15333,0.93744,1.18557,0.91769,0.80655,0.88302,0.63491,1.18397,0.88737,1.14065,0.0044395,0.0044395,0.0044395
676,6499.77,1.2095,0.9611,1.19747,0.91822,0.79574,0.88196,0.63645,1.18158,0.88915,1.14159,0.00443125,0.00443125,0.00443125
677,6510.03,1.17468,0.9251,1.18695,0.94785,0.77344,0.87899,0.63501,1.1798,0.89195,1.13929,0.004423,0.004423,0.004423
678,6518.94,1.15827,0.9371,1.17904,0.93222,0.79014,0.87762,0.63356,1.17503,0.89037,1.13964,0.00441475,0.00441475,0.00441475
679,6527.93,1.1839,0.93936,1.17934,0.92569,0.79513,0.87826,0.63355,1.17216,0.89017,1.1401,0.0044065,0.0044065,0.0044065
680,6536.91,1.17644,0.95558,1.19074,0.92843,0.80213,0.87652,0.63344,1.17131,0.88995,1.13899,0.00439825,0.00439825,0.00439825
681,6546.61,1.19958,0.95857,1.21048,0.92601,0.79887,0.87728,0.63286,1.17323,0.8887,1.13717,0.00439,0.00439,0.00439
682,6557.02,1.19323,0.94739,1.19636,0.93518,0.79812,0.87876,0.63261,1.17214,0.88659,1.1348,0.00438175,0.00438175,0.00438175
683,6565.97,1.19133,0.97209,1.19539,0.92489,0.80851,0.87823,0.63208,1.17101,0.88504,1.13484,0.0043735,0.0043735,0.0043735
684,6574.88,1.19198,0.94387,1.18812,0.92885,0.80551,0.87748,0.63194,1.17234,0.88542,1.13568,0.00436525,0.00436525,0.00436525
685,6583.79,1.15887,0.92827,1.18387,0.93407,0.80638,0.87884,0.63042,1.17261,0.88184,1.1365,0.004357,0.004357,0.004357
686,6592.71,1.14687,0.92864,1.181,0.93416,0.80638,0.87788,0.63059,1.17636,0.88359,1.13836,0.00434875,0.00434875,0.00434875
687,6603.2,1.18587,0.94166,1.17655,0.93164,0.80213,0.87524,0.62932,1.18331,0.8841,1.139,0.0043405,0.0043405,0.0043405
688,6612.89,1.15434,0.92906,1.16606,0.92885,0.8,0.87961,0.6283,1.18236,0.88071,1.13646,0.00433225,0.00433225,0.00433225
689,6621.77,1.1324,0.90504,1.17097,0.92977,0.8,0.8798,0.62857,1.17972,0.87655,1.13353,0.004324,0.004324,0.004324
690,6630.69,1.157,0.91874,1.17747,0.92718,0.8,0.87934,0.62976,1.17944,0.87696,1.13394,0.00431575,0.00431575,0.00431575
691,6639.6,1.16677,0.92763,1.17721,0.92766,0.79787,0.88001,0.62886,1.1818,0.87537,1.13436,0.0043075,0.0043075,0.0043075
692,6649.68,1.16849,0.93573,1.18428,0.92336,0.79362,0.8798,0.63249,1.17834,0.87009,1.1349,0.00429925,0.00429925,0.00429925
693,6659.81,1.15231,0.93392,1.17302,0.93202,0.78758,0.87981,0.63276,1.17307,0.86852,1.13464,0.004291,0.004291,0.004291
694,6668.8,1.13011,0.90788,1.16945,0.93031,0.78936,0.88025,0.63403,1.17127,0.86803,1.13446,0.00428275,0.00428275,0.00428275
695,6677.8,1.15945,0.91263,1.16744,0.93512,0.78723,0.88119,0.63596,1.16912,0.86629,1.13546,0.0042745,0.0042745,0.0042745
696,6686.74,1.17563,0.92849,1.17742,0.93348,0.78723,0.88211,0.63501,1.16531,0.86382,1.13615,0.00426625,0.00426625,0.00426625
697,6695.98,1.19929,0.96754,1.19035,0.92613,0.79574,0.88285,0.63697,1.16267,0.86156,1.13673,0.004258,0.004258,0.004258
698,6707.84,1.15342,0.91736,1.18384,0.93033,0.79552,0.88214,0.63609,1.16366,0.86033,1.13799,0.00424975,0.00424975,0.00424975
699,6717.01,1.14571,0.91068,1.17011,0.92792,0.79428,0.88167,0.63533,1.1663,0.86022,1.13908,0.0042415,0.0042415,0.0042415
700,6725.92,1.14467,0.92102,1.16382,0.93249,0.7935,0.88151,0.63407,1.16509,0.86077,1.13915,0.00423325,0.00423325,0.00423325
701,6734.81,1.17101,0.93298,1.17301,0.94112,0.79149,0.88029,0.63502,1.16208,0.85759,1.13787,0.004225,0.004225,0.004225
702,6743.81,1.14247,0.92086,1.17704,0.9372,0.79378,0.88174,0.63433,1.16129,0.85681,1.13808,0.00421675,0.00421675,0.00421675
703,6753.87,1.15727,0.90864,1.17016,0.93942,0.79187,0.88083,0.63418,1.16386,0.85858,1.13707,0.0042085,0.0042085,0.0042085
704,6764.3,1.14787,0.91114,1.16742,0.94129,0.79149,0.88116,0.6357,1.16433,0.86216,1.13632,0.00420025,0.00420025,0.00420025
705,6773.26,1.12517,0.89349,1.1643,0.93288,0.79849,0.88323,0.63678,1.16534,0.85976,1.13718,0.004192,0.004192,0.004192
706,6782.11,1.13098,0.90881,1.16124,0.92798,0.79509,0.88085,0.63462,1.16277,0.85692,1.13346,0.00418375,0.00418375,0.00418375
707,6791.06,1.14032,0.89189,1.15984,0.93226,0.79362,0.88039,0.632,1.16012,0.85833,1.13234,0.0041755,0.0041755,0.0041755
708,6800.6,1.1771,0.94654,1.17949,0.92865,0.79362,0.87988,0.63355,1.16274,0.85699,1.13102,0.00416725,0.00416725,0.00416725
709,6811.47,1.13734,0.91706,1.18207,0.93034,0.79562,0.87849,0.63592,1.16575,0.85748,1.13015,0.004159,0.004159,0.004159
710,6821.07,1.16966,0.9278,1.18511,0.93057,0.79845,0.88022,0.63783,1.16809,0.85722,1.12893,0.00415075,0.00415075,0.00415075
711,6830.18,1.13908,0.91775,1.17129,0.93074,0.80059,0.87858,0.63838,1.1659,0.85321,1.12728,0.0041425,0.0041425,0.0041425
712,6839.35,1.1672,0.90011,1.17048,0.9268,0.8,0.87932,0.64017,1.16673,0.85177,1.1259,0.00413425,0.00413425,0.00413425
713,6848.54,1.14158,0.92476,1.17826,0.93677,0.80213,0.88035,0.64185,1.1665,0.84922,1.12573,0.004126,0.004126,0.004126
714,6859.16,1.11084,0.88565,1.16254,0.94249,0.80202,0.88061,0.64151,1.16944,0.84927,1.12581,0.00411775,0.00411775,0.00411775
715,6868.97,1.12239,0.91178,1.16536,0.93775,0.80131,0.88066,0.64032,1.17248,0.85296,1.12502,0.0041095,0.0041095,0.0041095
716,6877.88,1.1515,0.90845,1.17151,0.93203,0.80213,0.88052,0.63927,1.17023,0.85313,1.12332,0.00410125,0.00410125,0.00410125
717,6886.78,1.13472,0.9023,1.16824,0.93205,0.80426,0.88197,0.64249,1.16961,0.85049,1.12292,0.004093,0.004093,0.004093
718,6895.99,1.14684,0.90348,1.1652,0.93594,0.8,0.88114,0.64239,1.16897,0.84988,1.12233,0.00408475,0.00408475,0.00408475
719,6905.76,1.13363,0.88387,1.16471,0.93722,0.8,0.88095,0.64163,1.16769,0.84787,1.12291,0.0040765,0.0040765,0.0040765
720,6916.64,1.15527,0.90203,1.17546,0.93367,0.80213,0.88019,0.64374,1.16511,0.84732,1.12513,0.00406825,0.00406825,0.00406825
721,6925.97,1.15691,0.90327,1.16467,0.93715,0.80213,0.88375,0.64294,1.16405,0.847,1.12539,0.00406,0.00406,0.00406
722,6934.91,1.11452,0.87135,1.15285,0.94845,0.8,0.88323,0.64144,1.16146,0.84945,1.12451,0.00405175,0.00405175,0.00405175
723,6943.79,1.13537,0.8921,1.16149,0.9493,0.79678,0.88253,0.64284,1.15827,0.84805,1.12338,0.0040435,0.0040435,0.0040435
724,6952.76,1.12478,0.87263,1.15878,0.93361,0.80787,0.88284,0.64386,1.15401,0.84632,1.12346,0.00403525,0.00403525,0.00403525
725,6963.77,1.12467,0.8932,1.16025,0.93227,0.80851,0.88348,0.64259,1.14865,0.84069,1.12415,0.004027,0.004027,0.004027
726,6973.67,1.13034,0.89234,1.16459,0.93516,0.80851,0.88555,0.64405,1.14345,0.83618,1.12284,0.00401875,0.00401875,0.00401875
727,6982.8,1.12309,0.88249,1.15253,0.93598,0.80876,0.88294,0.6439,1.14195,0.8336,1.12272,0.0040105,0.0040105,0.0040105
728,6991.67,1.15529,0.89548,1.15446,0.94067,0.8096,0.88584,0.64465,1.13944,0.83258,1.12176,0.00400225,0.00400225,0.00400225
729,7000.83,1.12424,0.90445,1.15889,0.93778,0.80851,0.88631,0.64639,1.13746,0.83094,1.12007,0.003994,0.003994,0.003994
730,7010.99,1.09763,0.8653,1.14823,0.94142,0.80638,0.88776,0.64549,1.13357,0.82927,1.11872,0.00398575,0.00398575,0.00398575
731,7021.69,1.12629,0.88671,1.15593,0.93823,0.80794,0.88771,0.64609,1.13063,0.82653,1.11719,0.0039775,0.0039775,0.0039775
732,7031.02,1.10663,0.86336,1.15993,0.93607,0.80995,0.88807,0.64735,1.12974,0.8242,1.11694,0.00396925,0.00396925,0.00396925
733,7040.14,1.13824,0.87992,1.15669,0.94051,0.80426,0.88835,0.64529,1.13014,0.82379,1.11664,0.003961,0.003961,0.003961
734,7049.2,1.11639,0.88043,1.14232,0.93863,0.81355,0.88855,0.64615,1.12971,0.8232,1.11529,0.00395275,0.00395275,0.00395275
735,7058.16,1.10014,0.88184,1.15753,0.93724,0.81064,0.88922,0.64731,1.13111,0.82252,1.11515,0.0039445,0.0039445,0.0039445
736,7068.01,1.1148,0.8782,1.1449,0.93156,0.81085,0.88967,0.64667,1.13067,0.82358,1.11412,0.00393625,0.00393625,0.00393625
737,7079.1,1.11213,0.86383,1.15752,0.94147,0.80638,0.88884,0.64833,1.12973,0.82623,1.1147,0.003928,0.003928,0.003928
738,7089.73,1.11217,0.86265,1.15374,0.936,0.80902,0.88818,0.64786,1.12714,0.82551,1.11469,0.00391975,0.00391975,0.00391975
739,7098.68,1.11826,0.86337,1.15192,0.93606,0.80982,0.88807,0.6465,1.1255,0.82605,1.11406,0.0039115,0.0039115,0.0039115
740,7107.56,1.12042,0.89405,1.14598,0.93223,0.81702,0.88573,0.64645,1.12255,0.82623,1.11373,0.00390325,0.00390325,0.00390325
741,7116.53,1.11611,0.87303,1.15218,0.92947,0.81702,0.88772,0.64716,1.12024,0.82561,1.11345,0.003895,0.003895,0.003895
742,7125.81,1.09442,0.85677,1.14753,0.93322,0.81702,0.88816,0.64763,1.11717,0.82305,1.11323,0.00388675,0.00388675,0.00388675
743,7136.71,1.12019,0.87779,1.15708,0.93231,0.81489,0.88914,0.64755,1.11757,0.82095,1.11393,0.0038785,0.0038785,0.0038785
744,7146.91,1.11257,0.86871,1.15071,0.92549,0.81927,0.88868,0.64801,1.11754,0.82065,1.1145,0.00387025,0.00387025,0.00387025
745,7155.83,1.12051,0.87795,1.15099,0.92761,0.8234,0.88824,0.6468,1.11712,0.81842,1.11429,0.003862,0.003862,0.003862
746,7164.74,1.13388,0.88779,1.15716,0.92785,0.82085,0.88922,0.64933,1.11686,0.81792,1.11449,0.00385375,0.00385375,0.00385375
747,7173.85,1.11279,0.8885,1.15274,0.93041,0.82492,0.88768,0.65021,1.11397,0.81706,1.11405,0.0038455,0.0038455,0.0038455
748,7183.63,1.09928,0.85567,1.13528,0.92387,0.83191,0.8879,0.6509,1.11421,0.81773,1.11443,0.00383725,0.00383725,0.00383725
749,7194.74,1.07527,0.84879,1.13997,0.93451,0.81489,0.88803,0.65151,1.11331,0.81686,1.11357,0.003829,0.003829,0.003829
750,7203.92,1.14614,0.89878,1.15546,0.92799,0.82257,0.88755,0.65114,1.11149,0.81463,1.11313,0.00382075,0.00382075,0.00382075
751,7212.89,1.11016,0.87966,1.15914,0.92775,0.81915,0.88811,0.65397,1.10941,0.81291,1.11287,0.0038125,0.0038125,0.0038125
752,7222.03,1.1191,0.87707,1.15284,0.92502,0.81702,0.88777,0.65413,1.1088,0.81391,1.11243,0.00380425,0.00380425,0.00380425
753,7231.33,1.1039,0.85457,1.14919,0.92524,0.81628,0.88875,0.65401,1.10858,0.81337,1.11354,0.003796,0.003796,0.003796
754,7242,1.08931,0.85737,1.13765,0.92362,0.82332,0.88913,0.65561,1.10626,0.8118,1.11283,0.00378775,0.00378775,0.00378775
755,7252.2,1.0899,0.88214,1.14774,0.91915,0.82766,0.89022,0.65511,1.10466,0.81128,1.11235,0.0037795,0.0037795,0.0037795
756,7261.94,1.11535,0.87428,1.1551,0.91682,0.8234,0.88857,0.65286,1.10587,0.81223,1.11249,0.00377125,0.00377125,0.00377125
757,7270.91,1.07831,0.8564,1.139,0.91465,0.82081,0.889,0.65342,1.1071,0.81156,1.11227,0.003763,0.003763,0.003763
758,7279.9,1.10814,0.87447,1.14708,0.9181,0.81915,0.8892,0.65296,1.10611,0.81231,1.11098,0.00375475,0.00375475,0.00375475
759,7288.75,1.08751,0.84738,1.14317,0.91565,0.82128,0.88934,0.65208,1.10602,0.8143,1.10941,0.0037465,0.0037465,0.0037465
760,7298.4,1.11569,0.87169,1.14787,0.91367,0.8234,0.88916,0.65202,1.10819,0.81454,1.10899,0.00373825,0.00373825,0.00373825
761,7308.39,1.06105,0.84196,1.12161,0.92509,0.81456,0.88972,0.65114,1.10876,0.81637,1.10931,0.00373,0.00373,0.00373
762,7317.25,1.10726,0.87808,1.15188,0.92669,0.80851,0.89041,0.65266,1.10787,0.81713,1.10822,0.00372175,0.00372175,0.00372175
763,7326.12,1.11387,0.87358,1.15154,0.92921,0.80997,0.89086,0.65418,1.1108,0.81759,1.10829,0.0037135,0.0037135,0.0037135
764,7335.01,1.09379,0.86404,1.14378,0.93679,0.80638,0.89115,0.65527,1.11085,0.81869,1.10757,0.00370525,0.00370525,0.00370525
765,7344.79,1.10866,0.85324,1.14494,0.94071,0.81277,0.89131,0.65607,1.11166,0.81864,1.10755,0.003697,0.003697,0.003697
766,7354.89,1.06243,0.83689,1.13354,0.94549,0.81193,0.89275,0.65647,1.1115,0.81807,1.10674,0.00368875,0.00368875,0.00368875
767,7364.1,1.07971,0.85973,1.13176,0.94557,0.80851,0.89277,0.65734,1.11047,0.8191,1.10685,0.0036805,0.0036805,0.0036805
768,7373.24,1.08403,0.83902,1.1272,0.94774,0.81023,0.89323,0.65739,1.11079,0.82077,1.10614,0.00367225,0.00367225,0.00367225
769,7382.39,1.07502,0.84983,1.12808,0.94065,0.81064,0.89328,0.65695,1.1141,0.82129,1.10549,0.003664,0.003664,0.003664
770,7392.19,1.09645,0.84163,1.14409,0.9373,0.81064,0.894,0.65676,1.11476,0.82017,1.1048,0.00365575,0.00365575,0.00365575
771,7401.82,1.10801,0.87776,1.14372,0.94086,0.81241,0.89393,0.65779,1.11776,0.82048,1.10478,0.0036475,0.0036475,0.0036475
772,7410.93,1.12913,0.87645,1.14989,0.94087,0.81259,0.89361,0.65781,1.11857,0.81932,1.1045,0.00363925,0.00363925,0.00363925
773,7419.87,1.07579,0.85507,1.13325,0.94285,0.81277,0.89356,0.65843,1.11986,0.81912,1.10409,0.003631,0.003631,0.003631
774,7429.01,1.0816,0.84624,1.12642,0.94496,0.81064,0.89371,0.65843,1.12198,0.81772,1.10365,0.00362275,0.00362275,0.00362275
775,7439.79,1.07986,0.85142,1.13104,0.94753,0.81064,0.89389,0.65954,1.12148,0.81781,1.10375,0.0036145,0.0036145,0.0036145
776,7449.34,1.07904,0.86867,1.13284,0.94629,0.80851,0.89371,0.65867,1.1233,0.81675,1.10453,0.00360625,0.00360625,0.00360625
777,7458.25,1.07093,0.8503,1.13808,0.94686,0.80851,0.89412,0.65887,1.1231,0.81646,1.10413,0.003598,0.003598,0.003598
778,7467.2,1.10831,0.85649,1.13471,0.95599,0.8,0.89165,0.66125,1.12183,0.81712,1.10376,0.00358975,0.00358975,0.00358975
779,7476.4,1.06709,0.83184,1.12678,0.95629,0.8,0.89164,0.6608,1.12294,0.81719,1.10385,0.0035815,0.0035815,0.0035815
780,7486.67,1.08273,0.83629,1.13675,0.95672,0.79948,0.89261,0.66052,1.12237,0.81699,1.10261,0.00357325,0.00357325,0.00357325
781,7495.72,1.10248,0.84914,1.14389,0.95697,0.80438,0.89419,0.66229,1.12053,0.81767,1.10169,0.003565,0.003565,0.003565
782,7504.89,1.07726,0.8412,1.12957,0.95493,0.81136,0.8961,0.66335,1.11943,0.81655,1.10084,0.00355675,0.00355675,0.00355675
783,7513.99,1.07094,0.84587,1.13011,0.95785,0.80851,0.89575,0.6635,1.11747,0.81701,1.10077,0.0035485,0.0035485,0.0035485
784,7523.2,1.06064,0.83761,1.12591,0.96204,0.80885,0.89735,0.66376,1.11415,0.81738,1.10072,0.00354025,0.00354025,0.00354025
785,7533.6,1.09934,0.85524,1.13724,0.95925,0.81277,0.89731,0.66201,1.11638,0.81685,1.10095,0.003532,0.003532,0.003532
786,7542.54,1.06199,0.83227,1.13306,0.95743,0.81346,0.89742,0.66106,1.11872,0.8141,1.10157,0.00352375,0.00352375,0.00352375
787,7551.44,1.10094,0.8419,1.1291,0.95747,0.81426,0.89733,0.66024,1.11794,0.81284,1.10272,0.0035155,0.0035155,0.0035155
788,7560.33,1.07577,0.8293,1.12778,0.95031,0.81702,0.89754,0.66117,1.11792,0.81354,1.10356,0.00350725,0.00350725,0.00350725
789,7569.26,1.08214,0.84671,1.12877,0.94953,0.81702,0.89848,0.66134,1.11708,0.81156,1.10264,0.003499,0.003499,0.003499
790,7579.65,1.11013,0.85293,1.13604,0.94965,0.81489,0.89876,0.66217,1.11516,0.81048,1.10214,0.00349075,0.00349075,0.00349075
791,7588.56,1.05504,0.80974,1.11763,0.94799,0.81447,0.89842,0.66265,1.11381,0.80976,1.10157,0.0034825,0.0034825,0.0034825
792,7597.58,1.07483,0.84051,1.12295,0.9452,0.81489,0.89875,0.6638,1.11167,0.80869,1.10145,0.00347425,0.00347425,0.00347425
793,7606.69,1.07993,0.83608,1.12884,0.94341,0.81489,0.89893,0.66309,1.1117,0.80861,1.1017,0.003466,0.003466,0.003466
794,7615.98,1.06226,0.82605,1.11827,0.9493,0.81489,0.89909,0.66268,1.11268,0.8092,1.10188,0.00345775,0.00345775,0.00345775
795,7627.22,1.07987,0.85757,1.13406,0.9498,0.81489,0.89894,0.66248,1.11249,0.80988,1.10111,0.0034495,0.0034495,0.0034495
796,7636.41,1.08343,0.84263,1.1303,0.95241,0.81702,0.89951,0.66152,1.11174,0.8092,1.1006,0.00344125,0.00344125,0.00344125
797,7645.43,1.07403,0.83199,1.14147,0.95517,0.81702,0.89951,0.66124,1.1111,0.8093,1.10005,0.003433,0.003433,0.003433
798,7654.33,1.07573,0.82479,1.12195,0.95275,0.81509,0.89946,0.66415,1.10966,0.80727,1.09965,0.00342475,0.00342475,0.00342475
799,7663.53,1.07458,0.84054,1.13094,0.9497,0.81702,0.89884,0.66428,1.11029,0.80821,1.09902,0.0034165,0.0034165,0.0034165
800,7674.23,1.07068,0.8403,1.12149,0.95046,0.81649,0.8987,0.66336,1.11018,0.8066,1.09813,0.00340825,0.00340825,0.00340825
801,7683.48,1.06685,0.84506,1.13411,0.95288,0.81489,0.89908,0.66377,1.10824,0.80336,1.09785,0.0034,0.0034,0.0034
802,7692.35,1.06505,0.8143,1.11915,0.9552,0.81489,0.89915,0.66496,1.10621,0.80249,1.0968,0.00339175,0.00339175,0.00339175
803,7701.5,1.08047,0.84531,1.12479,0.95251,0.81489,0.89962,0.66465,1.10525,0.80426,1.09623,0.0033835,0.0033835,0.0033835
804,7710.47,1.06104,0.84396,1.1318,0.95265,0.81338,0.89988,0.66416,1.10557,0.80445,1.09577,0.00337525,0.00337525,0.00337525
805,7720.56,1.06384,0.82193,1.11353,0.95511,0.81277,0.9002,0.66545,1.10636,0.80583,1.09601,0.003367,0.003367,0.003367
806,7730.77,1.08787,0.84813,1.12895,0.95607,0.81277,0.90047,0.66552,1.10517,0.80744,1.09636,0.00335875,0.00335875,0.00335875
807,7739.92,1.06239,0.83659,1.12741,0.95531,0.81064,0.90077,0.66627,1.10544,0.80787,1.09612,0.0033505,0.0033505,0.0033505
808,7749.07,1.0547,0.82018,1.11896,0.95093,0.80851,0.89974,0.66515,1.10394,0.80763,1.09575,0.00334225,0.00334225,0.00334225
809,7758,1.08129,0.81541,1.12463,0.95282,0.80851,0.89931,0.66432,1.10287,0.80675,1.0957,0.003334,0.003334,0.003334
810,7768.84,1.05204,0.80754,1.11672,0.95125,0.80851,0.89882,0.66286,1.10132,0.80549,1.09477,0.00332575,0.00332575,0.00332575
811,7778.58,1.05684,0.82448,1.11835,0.95116,0.80851,0.89905,0.66435,1.10011,0.80289,1.0939,0.0033175,0.0033175,0.0033175
812,7787.45,1.05932,0.82869,1.13299,0.95204,0.80851,0.89837,0.66344,1.09986,0.80325,1.09392,0.00330925,0.00330925,0.00330925
813,7796.39,1.05099,0.82375,1.11716,0.95187,0.80851,0.89851,0.66478,1.09813,0.80268,1.09351,0.003301,0.003301,0.003301
814,7805.31,1.05395,0.81431,1.11402,0.95341,0.81064,0.90023,0.66494,1.09632,0.80248,1.09294,0.00329275,0.00329275,0.00329275
815,7815.44,1.05408,0.81161,1.12365,0.95492,0.81126,0.90057,0.66557,1.09508,0.79976,1.0928,0.0032845,0.0032845,0.0032845
816,7825.12,1.05864,0.81989,1.12653,0.95486,0.81013,0.90033,0.66704,1.09412,0.79789,1.09187,0.00327625,0.00327625,0.00327625
817,7834.28,1.04801,0.81142,1.11956,0.95163,0.80851,0.89933,0.66611,1.09232,0.79777,1.09184,0.003268,0.003268,0.003268
818,7843.18,1.06497,0.82487,1.12529,0.95255,0.81146,0.89959,0.66738,1.09057,0.79807,1.09172,0.00325975,0.00325975,0.00325975
819,7852.28,1.07189,0.84014,1.13384,0.95259,0.81224,0.90031,0.66848,1.08923,0.79645,1.09184,0.0032515,0.0032515,0.0032515
820,7862.35,1.07181,0.83585,1.13082,0.9488,0.81064,0.89984,0.66971,1.08744,0.79488,1.09108,0.00324325,0.00324325,0.00324325
821,7872.9,1.0438,0.81541,1.11505,0.94783,0.8118,0.9001,0.67044,1.08641,0.79344,1.09037,0.003235,0.003235,0.003235
822,7882.03,1.05154,0.80939,1.11066,0.95026,0.81293,0.90057,0.66995,1.08353,0.79053,1.0898,0.00322675,0.00322675,0.00322675
823,7890.89,1.05727,0.82074,1.1101,0.94539,0.81489,0.90044,0.67024,1.08242,0.78943,1.08929,0.0032185,0.0032185,0.0032185
824,7899.77,1.04586,0.81986,1.11815,0.95027,0.80213,0.90047,0.67076,1.08133,0.78935,1.08831,0.00321025,0.00321025,0.00321025
825,7909.83,1.063,0.83482,1.12235,0.95665,0.80213,0.90055,0.6706,1.08144,0.7889,1.08864,0.003202,0.003202,0.003202
826,7919.87,1.06163,0.82071,1.11814,0.95919,0.80012,0.90067,0.67063,1.08158,0.78751,1.08822,0.00319375,0.00319375,0.00319375
827,7928.78,1.03153,0.80221,1.10359,0.96166,0.80052,0.90005,0.67026,1.07967,0.78628,1.0874,0.0031855,0.0031855,0.0031855
828,7937.7,1.05565,0.82312,1.11682,0.96146,0.79623,0.9004,0.67102,1.07925,0.78438,1.08716,0.00317725,0.00317725,0.00317725
829,7946.87,1.04483,0.80983,1.10878,0.96359,0.79574,0.90052,0.67063,1.07796,0.78334,1.0867,0.003169,0.003169,0.003169
830,7956.54,1.03705,0.79524,1.11922,0.94311,0.81118,0.9009,0.67186,1.0777,0.78102,1.08714,0.00316075,0.00316075,0.00316075
831,7966.92,1.03947,0.8041,1.10337,0.94307,0.81277,0.90128,0.6709,1.07736,0.78035,1.08676,0.0031525,0.0031525,0.0031525
832,7975.92,1.01948,0.79658,1.10023,0.9436,0.81277,0.90029,0.67082,1.07668,0.78007,1.08668,0.00314425,0.00314425,0.00314425
833,7984.84,1.03308,0.79924,1.10848,0.93691,0.82156,0.90007,0.67099,1.07508,0.77941,1.08611,0.003136,0.003136,0.003136
834,7993.71,1.02894,0.80388,1.11017,0.93703,0.82319,0.90048,0.67173,1.07311,0.77727,1.08524,0.00312775,0.00312775,0.00312775
835,8003.35,1.03612,0.79624,1.10234,0.94095,0.8234,0.90045,0.67225,1.07229,0.77541,1.08524,0.0031195,0.0031195,0.0031195
836,8013.96,1.00695,0.77822,1.10031,0.93692,0.8234,0.90019,0.67103,1.07138,0.77503,1.0851,0.00311125,0.00311125,0.00311125
837,8022.85,1.03299,0.78621,1.09993,0.94166,0.82419,0.90157,0.67244,1.07079,0.77622,1.0846,0.003103,0.003103,0.003103
838,8032.09,1.05549,0.79478,1.11231,0.93534,0.83103,0.902,0.67312,1.07146,0.77583,1.08464,0.00309475,0.00309475,0.00309475
839,8041.34,1.0198,0.79241,1.11282,0.93396,0.83191,0.90229,0.67368,1.07114,0.77541,1.08523,0.0030865,0.0030865,0.0030865
840,8051.24,1.01807,0.78486,1.10178,0.9364,0.83191,0.90243,0.67457,1.07237,0.7749,1.08561,0.00307825,0.00307825,0.00307825
841,8061.95,1.01653,0.79828,1.11804,0.93587,0.83191,0.90233,0.67373,1.07246,0.77406,1.08483,0.00307,0.00307,0.00307
842,8070.89,1.03042,0.8018,1.11241,0.9417,0.83191,0.90232,0.67305,1.07359,0.77342,1.08532,0.00306175,0.00306175,0.00306175
843,8079.81,1.04493,0.80968,1.10708,0.93561,0.83404,0.90209,0.67359,1.0751,0.77281,1.08622,0.0030535,0.0030535,0.0030535
844,8088.71,1.04931,0.80729,1.1133,0.9388,0.83404,0.90226,0.67314,1.07583,0.77299,1.08614,0.00304525,0.00304525,0.00304525
845,8097.7,1.04985,0.80174,1.10826,0.94534,0.82979,0.90287,0.6734,1.07491,0.77383,1.08495,0.003037,0.003037,0.003037
846,8108.61,1.02691,0.79167,1.10922,0.94153,0.83191,0.90322,0.67338,1.07476,0.77296,1.08415,0.00302875,0.00302875,0.00302875
847,8117.92,1.01695,0.79834,1.10384,0.94138,0.83191,0.90325,0.67309,1.07376,0.7721,1.0841,0.0030205,0.0030205,0.0030205
848,8126.71,0.99391,0.76625,1.10165,0.9418,0.83191,0.90308,0.67341,1.0732,0.77246,1.08465,0.00301225,0.00301225,0.00301225
849,8135.54,1.04006,0.80126,1.10511,0.94083,0.82979,0.90303,0.67355,1.07306,0.77321,1.08498,0.003004,0.003004,0.003004
850,8144.52,1.01638,0.77451,1.09743,0.94884,0.8234,0.90323,0.67349,1.0721,0.77142,1.08503,0.00299575,0.00299575,0.00299575
851,8154.86,1.03171,0.78341,1.10302,0.94416,0.82746,0.90271,0.67392,1.07038,0.7707,1.08419,0.0029875,0.0029875,0.0029875
852,8164.46,1.04362,0.79193,1.09843,0.94646,0.8275,0.90067,0.67396,1.06917,0.77012,1.08314,0.00297925,0.00297925,0.00297925
853,8173.38,1.02376,0.78233,1.10772,0.95303,0.82022,0.90119,0.67506,1.06958,0.76968,1.08319,0.002971,0.002971,0.002971
854,8182.49,0.99945,0.76046,1.09475,0.95284,0.8234,0.90137,0.67412,1.06967,0.7694,1.08274,0.00296275,0.00296275,0.00296275
855,8191.42,1.03459,0.78415,1.10486,0.95313,0.82215,0.90117,0.67449,1.06938,0.76979,1.08255,0.0029545,0.0029545,0.0029545
856,8201.83,1.01159,0.79214,1.10349,0.9519,0.8234,0.90111,0.67425,1.0687,0.76986,1.08162,0.00294625,0.00294625,0.00294625
857,8211.32,1.02051,0.79184,1.09863,0.94956,0.8234,0.90141,0.67433,1.0686,0.76811,1.08188,0.002938,0.002938,0.002938
858,8220.26,1.01215,0.77324,1.09944,0.94579,0.8234,0.90121,0.67373,1.0682,0.76751,1.08131,0.00292975,0.00292975,0.00292975
859,8229.19,1.001,0.76118,1.09105,0.94955,0.8234,0.90166,0.67401,1.06758,0.76739,1.08096,0.0029215,0.0029215,0.0029215
860,8238.12,1.016,0.78812,1.1007,0.95289,0.81774,0.90361,0.67463,1.06795,0.76752,1.08109,0.00291325,0.00291325,0.00291325
861,8248.29,1.00647,0.77016,1.09596,0.95291,0.81796,0.90364,0.67549,1.06795,0.76744,1.08118,0.002905,0.002905,0.002905
862,8258.57,1.03795,0.78272,1.09407,0.95196,0.81915,0.90384,0.67597,1.0674,0.76716,1.08129,0.00289675,0.00289675,0.00289675
863,8267.67,1.02175,0.77943,1.09821,0.9552,0.81659,0.90398,0.67666,1.06686,0.76784,1.08058,0.0028885,0.0028885,0.0028885
864,8276.76,1.04031,0.79263,1.10829,0.95637,0.81702,0.90424,0.67625,1.06617,0.76802,1.08036,0.00288025,0.00288025,0.00288025
865,8285.57,1.00398,0.79033,1.09782,0.95719,0.80869,0.90322,0.67657,1.06553,0.76853,1.07932,0.002872,0.002872,0.002872
866,8295.24,1.033,0.78869,1.09819,0.95744,0.81364,0.90364,0.67671,1.06574,0.76815,1.08019,0.00286375,0.00286375,0.00286375
867,8305.82,1.00649,0.7681,1.09537,0.95744,0.81361,0.90344,0.67725,1.06444,0.76629,1.0799,0.0028555,0.0028555,0.0028555
868,8315.34,0.99987,0.77764,1.10255,0.95056,0.81818,0.90207,0.67732,1.06312,0.76511,1.07939,0.00284725,0.00284725,0.00284725
869,8324.26,0.98298,0.75649,1.09292,0.95058,0.81854,0.90348,0.67823,1.0616,0.76432,1.0792,0.002839,0.002839,0.002839
870,8333.45,1.02921,0.78874,1.10254,0.95308,0.81915,0.90305,0.67718,1.06021,0.76278,1.0788,0.00283075,0.00283075,0.00283075
871,8342.42,1.00356,0.76945,1.09062,0.95297,0.8192,0.90285,0.67875,1.05941,0.76177,1.0789,0.0028225,0.0028225,0.0028225
872,8353.15,1.02879,0.78413,1.10306,0.95246,0.81915,0.90289,0.67882,1.05895,0.76043,1.07915,0.00281425,0.00281425,0.00281425
873,8363.81,0.99512,0.78314,1.09733,0.95414,0.81702,0.90266,0.67978,1.05848,0.76047,1.07868,0.002806,0.002806,0.002806
874,8375.11,1.01725,0.7707,1.09405,0.9513,0.81702,0.90289,0.678,1.05736,0.76017,1.07832,0.00279775,0.00279775,0.00279775
875,8384.68,0.983,0.76501,1.08535,0.95085,0.8233,0.90314,0.67919,1.05607,0.75908,1.07732,0.0027895,0.0027895,0.0027895
876,8393.53,1.042,0.79624,1.10388,0.95068,0.82023,0.90303,0.67851,1.05524,0.75843,1.07736,0.00278125,0.00278125,0.00278125
877,8402.42,1.00911,0.76454,1.09323,0.95067,0.82014,0.90299,0.67797,1.05386,0.7575,1.07696,0.002773,0.002773,0.002773
878,8411.25,1.02225,0.79589,1.09765,0.95137,0.81702,0.90124,0.67819,1.05258,0.75684,1.07651,0.00276475,0.00276475,0.00276475
879,8420.81,1.0034,0.78128,1.09914,0.94584,0.81702,0.90134,0.67817,1.05194,0.75678,1.07644,0.0027565,0.0027565,0.0027565
880,8430.46,1.00075,0.78384,1.0927,0.94583,0.81723,0.90122,0.67839,1.05082,0.75747,1.07602,0.00274825,0.00274825,0.00274825
881,8439.3,0.99237,0.77134,1.08888,0.94598,0.81966,0.90126,0.67925,1.04986,0.75677,1.07517,0.00274,0.00274,0.00274
882,8448.15,0.99736,0.77742,1.09717,0.94735,0.81915,0.90125,0.67849,1.04929,0.75725,1.07503,0.00273175,0.00273175,0.00273175
883,8457.03,0.98124,0.75851,1.09291,0.94835,0.81915,0.90067,0.67931,1.04962,0.75751,1.075,0.0027235,0.0027235,0.0027235
884,8466.23,1.01177,0.77302,1.09529,0.95297,0.81915,0.90046,0.67846,1.04895,0.75679,1.07489,0.00271525,0.00271525,0.00271525
885,8476.56,1.0045,0.78844,1.09076,0.95256,0.81915,0.90021,0.67983,1.04861,0.75627,1.07506,0.002707,0.002707,0.002707
886,8485.44,0.99011,0.75773,1.08879,0.93957,0.82128,0.90064,0.6802,1.0475,0.75655,1.07495,0.00269875,0.00269875,0.00269875
887,8494.53,1.01524,0.76393,1.08524,0.95414,0.81915,0.90097,0.68091,1.04653,0.7565,1.07419,0.0026905,0.0026905,0.0026905
888,8503.62,1.01008,0.77812,1.08519,0.93949,0.82587,0.90083,0.68152,1.04557,0.7561,1.07392,0.00268225,0.00268225,0.00268225
889,8512.91,0.99726,0.76948,1.09555,0.93964,0.82804,0.90069,0.6819,1.04451,0.75561,1.07359,0.002674,0.002674,0.002674
890,8523.77,0.9789,0.74996,1.08419,0.93965,0.82823,0.90064,0.68156,1.04355,0.75523,1.07407,0.00266575,0.00266575,0.00266575
891,8532.65,1.00382,0.76663,1.08901,0.93963,0.82791,0.9008,0.68216,1.04325,0.75551,1.07404,0.0026575,0.0026575,0.0026575
892,8541.76,0.98873,0.75959,1.08002,0.93964,0.82801,0.90287,0.68153,1.04331,0.7551,1.07378,0.00264925,0.00264925,0.00264925
893,8550.67,0.98105,0.75017,1.08353,0.93985,0.83113,0.90233,0.68121,1.04301,0.75477,1.07367,0.002641,0.002641,0.002641
894,8559.63,0.9858,0.75773,1.08292,0.94213,0.83137,0.90233,0.68236,1.04307,0.7549,1.07331,0.00263275,0.00263275,0.00263275
895,8570.53,1.00806,0.76848,1.08497,0.94215,0.83168,0.90228,0.68224,1.04321,0.75513,1.07319,0.0026245,0.0026245,0.0026245
896,8579.41,0.99905,0.77507,1.09013,0.94214,0.83147,0.9025,0.68279,1.04371,0.75424,1.07335,0.00261625,0.00261625,0.00261625
897,8588.55,0.96249,0.75649,1.0838,0.94219,0.83228,0.90388,0.68267,1.0441,0.75344,1.07382,0.002608,0.002608,0.002608
898,8597.65,0.98412,0.75628,1.07862,0.94141,0.83191,0.90258,0.68179,1.04288,0.7529,1.07349,0.00259975,0.00259975,0.00259975
899,8606.61,0.95785,0.7435,1.07912,0.93908,0.83191,0.9026,0.68301,1.0425,0.75257,1.07316,0.0025915,0.0025915,0.0025915
900,8617.47,0.95759,0.73415,1.07425,0.94236,0.83489,0.90646,0.68436,1.04226,0.75215,1.07362,0.00258325,0.00258325,0.00258325
901,8626.56,0.97383,0.73749,1.07304,0.94236,0.83492,0.90669,0.68461,1.04152,0.75218,1.07274,0.002575,0.002575,0.002575
902,8635.73,0.98724,0.76012,1.08085,0.94237,0.835,0.90503,0.68435,1.04095,0.75223,1.07235,0.00256675,0.00256675,0.00256675
903,8644.73,0.97895,0.75369,1.07819,0.94233,0.83439,0.90509,0.68408,1.04038,0.75302,1.07154,0.0025585,0.0025585,0.0025585
904,8653.74,1.01628,0.76629,1.09031,0.9423,0.83392,0.90496,0.68449,1.04008,0.75295,1.07123,0.00255025,0.00255025,0.00255025
905,8663.97,0.97002,0.747,1.08438,0.94227,0.83347,0.90417,0.68473,1.03919,0.75283,1.0707,0.002542,0.002542,0.002542
906,8673.35,0.9997,0.76512,1.08306,0.94067,0.83404,0.90435,0.68495,1.03902,0.75253,1.0705,0.00253375,0.00253375,0.00253375
907,8682.48,0.98485,0.75181,1.08676,0.94045,0.83404,0.90465,0.68454,1.03879,0.75234,1.07035,0.0025255,0.0025255,0.0025255
908,8691.43,1.00202,0.7634,1.08296,0.94027,0.83404,0.90458,0.68483,1.0385,0.75249,1.07021,0.00251725,0.00251725,0.00251725
909,8700.4,0.97106,0.7491,1.08427,0.93784,0.83467,0.90453,0.68354,1.0377,0.75248,1.06998,0.002509,0.002509,0.002509
910,8710.89,0.98971,0.74484,1.07906,0.93793,0.83598,0.90474,0.68397,1.03731,0.75183,1.0696,0.00250075,0.00250075,0.00250075
911,8719.8,0.9864,0.7541,1.08307,0.93825,0.84056,0.90484,0.68356,1.03714,0.75185,1.06915,0.0024925,0.0024925,0.0024925
912,8728.7,0.96236,0.73675,1.07511,0.93827,0.84079,0.90486,0.68513,1.03676,0.75121,1.06819,0.00248425,0.00248425,0.00248425
913,8737.83,0.96852,0.74039,1.07725,0.93784,0.83469,0.90487,0.68626,1.03632,0.75056,1.06772,0.002476,0.002476,0.002476
914,8746.94,0.98482,0.75036,1.07919,0.97015,0.81277,0.90499,0.68719,1.03661,0.75068,1.06734,0.00246775,0.00246775,0.00246775
915,8757.6,0.98421,0.74181,1.0738,0.9696,0.81277,0.90525,0.68693,1.03711,0.75115,1.06693,0.0024595,0.0024595,0.0024595
916,8766.52,0.93838,0.73819,1.07172,0.97284,0.81277,0.9051,0.68705,1.03746,0.75099,1.06663,0.00245125,0.00245125,0.00245125
917,8775.42,0.97348,0.74378,1.07777,0.97345,0.81277,0.90512,0.68683,1.03741,0.751,1.06658,0.002443,0.002443,0.002443
918,8784.3,0.97319,0.74311,1.07532,0.97445,0.81145,0.90522,0.68718,1.03692,0.75051,1.06631,0.00243475,0.00243475,0.00243475
919,8793.56,0.9824,0.74002,1.07064,0.97694,0.81129,0.9055,0.6868,1.03656,0.75052,1.0663,0.0024265,0.0024265,0.0024265
920,8804.09,0.98656,0.74332,1.07394,0.97691,0.81016,0.90551,0.68749,1.03596,0.75026,1.06573,0.00241825,0.00241825,0.00241825
921,8813.23,0.97633,0.74544,1.07306,0.9752,0.81277,0.90567,0.68782,1.0353,0.74999,1.06518,0.00241,0.00241,0.00241
922,8822.37,0.9657,0.75119,1.07667,0.97438,0.81277,0.90579,0.68749,1.03543,0.74958,1.06501,0.00240175,0.00240175,0.00240175
923,8831.33,0.94792,0.72252,1.07025,0.97449,0.81275,0.90594,0.68696,1.03447,0.75031,1.06431,0.0023935,0.0023935,0.0023935
924,8840.3,0.97751,0.75184,1.07439,0.93387,0.84136,0.90612,0.68716,1.03389,0.74996,1.06413,0.00238525,0.00238525,0.00238525
925,8850.41,0.95863,0.73367,1.07197,0.93381,0.84042,0.90627,0.68788,1.03332,0.75019,1.06401,0.002377,0.002377,0.002377
926,8860.1,0.97383,0.73412,1.07815,0.93387,0.84133,0.90638,0.68752,1.0338,0.74936,1.06386,0.00236875,0.00236875,0.00236875
927,8869,0.96122,0.74575,1.08012,0.97013,0.81064,0.90647,0.68715,1.03329,0.74864,1.06363,0.0023605,0.0023605,0.0023605
928,8877.89,0.93278,0.72207,1.05977,0.93581,0.83748,0.90643,0.68706,1.0326,0.74797,1.06293,0.00235225,0.00235225,0.00235225
929,8886.84,0.97159,0.74425,1.07476,0.9343,0.8383,0.90671,0.6869,1.03257,0.74753,1.06294,0.002344,0.002344,0.002344
930,8897.3,0.95703,0.7479,1.07426,0.93559,0.8383,0.90767,0.68737,1.03313,0.74736,1.0629,0.00233575,0.00233575,0.00233575
931,8906.43,0.96814,0.74268,1.07576,0.93562,0.8383,0.90771,0.68711,1.03335,0.74685,1.06253,0.0023275,0.0023275,0.0023275
932,8915.37,0.98264,0.7472,1.07486,0.93804,0.83757,0.90777,0.6861,1.03354,0.74656,1.06232,0.00231925,0.00231925,0.00231925
933,8924.24,0.98941,0.74574,1.07313,0.938,0.83689,0.9081,0.68658,1.03357,0.74628,1.0621,0.002311,0.002311,0.002311
934,8933.18,0.93538,0.72424,1.06844,0.93798,0.83668,0.90824,0.68726,1.0336,0.74646,1.0619,0.00230275,0.00230275,0.00230275
935,8943.46,0.97114,0.73393,1.06786,0.93797,0.83648,0.90855,0.68747,1.03352,0.74603,1.06184,0.0022945,0.0022945,0.0022945
936,8952.9,0.9665,0.73494,1.07224,0.93835,0.83617,0.9086,0.68746,1.03351,0.74599,1.06194,0.00228625,0.00228625,0.00228625
937,8961.75,0.96398,0.73046,1.07263,0.95101,0.82604,0.9086,0.68814,1.03334,0.74568,1.06191,0.002278,0.002278,0.002278
938,8970.88,0.97238,0.74954,1.06871,0.94662,0.82766,0.90814,0.6881,1.03322,0.74529,1.0616,0.00226975,0.00226975,0.00226975
939,8979.88,0.91964,0.71089,1.06494,0.94867,0.82766,0.90828,0.68819,1.03371,0.74462,1.06185,0.0022615,0.0022615,0.0022615
940,8990.46,0.95957,0.72548,1.06853,0.96736,0.81977,0.9084,0.68821,1.03362,0.74509,1.06175,0.00225325,0.00225325,0.00225325
941,9000.17,0.96392,0.73422,1.06689,0.95755,0.8234,0.9085,0.68912,1.03347,0.74481,1.06168,0.002245,0.002245,0.002245
942,9009.36,0.96277,0.72611,1.07149,0.95994,0.8234,0.90873,0.68881,1.03347,0.74435,1.0611,0.00223675,0.00223675,0.00223675
943,9018.25,0.95149,0.73539,1.07267,0.93837,0.84225,0.90888,0.68949,1.03294,0.74389,1.06101,0.0022285,0.0022285,0.0022285
944,9027.45,0.96612,0.73363,1.06819,0.93838,0.8424,0.90805,0.68889,1.03265,0.74355,1.06086,0.00222025,0.00222025,0.00222025
945,9037.46,0.92658,0.71473,1.0636,0.93837,0.84234,0.90827,0.68875,1.03214,0.74325,1.06067,0.002212,0.002212,0.002212
946,9047.09,0.94365,0.71577,1.0674,0.93838,0.84242,0.9084,0.68937,1.03216,0.74299,1.06069,0.00220375,0.00220375,0.00220375
947,9056.1,0.94742,0.71994,1.06579,0.93838,0.84681,0.90866,0.69065,1.03177,0.74256,1.06076,0.0021955,0.0021955,0.0021955
948,9065.24,0.95332,0.73288,1.07288,0.9378,0.84681,0.90879,0.68974,1.03228,0.7423,1.06113,0.00218725,0.00218725,0.00218725
949,9074.19,0.95242,0.72604,1.06642,0.93406,0.84681,0.90874,0.68902,1.03189,0.74222,1.06075,0.002179,0.002179,0.002179
950,9084.32,0.94077,0.73383,1.06395,0.93638,0.84555,0.90728,0.68916,1.03255,0.74257,1.06079,0.00217075,0.00217075,0.00217075
951,9093.78,0.96992,0.73297,1.07292,0.93852,0.84451,0.90734,0.68959,1.03268,0.74274,1.06039,0.0021625,0.0021625,0.0021625
952,9102.77,0.94656,0.72272,1.06536,0.9363,0.84439,0.90722,0.68957,1.03308,0.74315,1.06024,0.00215425,0.00215425,0.00215425
953,9111.7,0.97944,0.739,1.07668,0.93437,0.84823,0.90901,0.68899,1.03358,0.74322,1.0606,0.002146,0.002146,0.002146
954,9120.74,0.93486,0.71959,1.05741,0.93438,0.84826,0.90771,0.69056,1.03362,0.74345,1.06062,0.00213775,0.00213775,0.00213775
955,9131.08,0.91758,0.71801,1.05569,0.93499,0.84681,0.90792,0.69007,1.03374,0.74364,1.06054,0.0021295,0.0021295,0.0021295
956,9140.65,0.93139,0.73025,1.06212,0.93543,0.84681,0.90817,0.69025,1.03372,0.74397,1.06042,0.00212125,0.00212125,0.00212125
957,9149.66,0.95103,0.72774,1.07051,0.9343,0.84718,0.90827,0.6918,1.0333,0.74412,1.06007,0.002113,0.002113,0.002113
958,9158.86,0.96165,0.73068,1.07077,0.93439,0.84843,0.90827,0.69189,1.03259,0.74425,1.05969,0.00210475,0.00210475,0.00210475
959,9168.17,0.93689,0.70212,1.05503,0.93449,0.84989,0.90825,0.6915,1.03283,0.74432,1.05986,0.0020965,0.0020965,0.0020965
960,9178.55,0.93314,0.70991,1.06428,0.93453,0.85041,0.90814,0.69102,1.03248,0.74406,1.05937,0.00208825,0.00208825,0.00208825
961,9188.02,0.93087,0.70571,1.0554,0.93278,0.84894,0.9079,0.69111,1.03252,0.74381,1.05945,0.00208,0.00208,0.00208
962,9196.96,0.9235,0.71011,1.05723,0.93329,0.85106,0.90795,0.69168,1.03162,0.74344,1.05886,0.00207175,0.00207175,0.00207175
963,9205.93,0.9434,0.70755,1.05587,0.96971,0.81749,0.90769,0.69076,1.03155,0.74297,1.05854,0.0020635,0.0020635,0.0020635
964,9215.06,0.93503,0.70639,1.06318,0.93414,0.84681,0.90764,0.6908,1.03111,0.74268,1.05829,0.00205525,0.00205525,0.00205525
965,9225.22,0.96588,0.738,1.06716,0.96957,0.81702,0.90768,0.69186,1.03076,0.74219,1.05815,0.002047,0.002047,0.002047
966,9235.26,0.95409,0.74223,1.07239,0.96962,0.81702,0.90758,0.69145,1.03104,0.74194,1.05845,0.00203875,0.00203875,0.00203875
967,9244.29,0.93728,0.70857,1.06236,0.93067,0.84894,0.90766,0.6919,1.03068,0.74161,1.05813,0.0020305,0.0020305,0.0020305
968,9253.33,0.94466,0.72931,1.05614,0.93226,0.84916,0.90783,0.6911,1.03048,0.74166,1.05795,0.00202225,0.00202225,0.00202225
969,9262.19,0.96338,0.7216,1.07159,0.93229,0.84953,0.90789,0.69193,1.03052,0.74112,1.0577,0.002014,0.002014,0.002014
970,9272.1,0.92065,0.71729,1.05859,0.93413,0.84482,0.90796,0.69356,1.03058,0.74082,1.05758,0.00200575,0.00200575,0.00200575
971,9282.27,0.94342,0.73284,1.06293,0.9302,0.85067,0.90799,0.69371,1.03083,0.74087,1.05756,0.0019975,0.0019975,0.0019975
972,9291.43,0.9392,0.72405,1.06073,0.9324,0.85106,0.90809,0.69496,1.03085,0.74054,1.05739,0.00198925,0.00198925,0.00198925
973,9300.54,0.94159,0.72032,1.06165,0.93237,0.85058,0.90812,0.69527,1.03091,0.74013,1.05736,0.001981,0.001981,0.001981
974,9309.88,0.94387,0.71085,1.06177,0.93019,0.85048,0.90796,0.69538,1.03082,0.73979,1.05737,0.00197275,0.00197275,0.00197275
975,9320.09,0.92669,0.71814,1.05918,0.93014,0.84992,0.90796,0.69529,1.03133,0.73961,1.05763,0.0019645,0.0019645,0.0019645
976,9329.89,0.95229,0.7117,1.05764,0.92931,0.84894,0.90813,0.69575,1.03194,0.73939,1.05756,0.00195625,0.00195625,0.00195625
977,9339,0.91104,0.70067,1.05593,0.92927,0.84894,0.90816,0.69525,1.03206,0.73922,1.05751,0.001948,0.001948,0.001948
978,9348.01,0.91671,0.70301,1.04764,0.92778,0.84735,0.90823,0.69406,1.03208,0.73961,1.05753,0.00193975,0.00193975,0.00193975
979,9356.98,0.92538,0.70217,1.04893,0.92713,0.84681,0.90804,0.69384,1.03206,0.73974,1.0573,0.0019315,0.0019315,0.0019315
980,9366.8,0.90813,0.71509,1.05286,0.93594,0.84468,0.90822,0.69443,1.0322,0.73937,1.05713,0.00192325,0.00192325,0.00192325
981,9376.58,0.92035,0.71181,1.06175,0.93482,0.84468,0.90819,0.69408,1.03245,0.73881,1.05707,0.001915,0.001915,0.001915
982,9385.5,0.91021,0.69967,1.05163,0.93453,0.84468,0.90821,0.69371,1.03242,0.73842,1.0569,0.00190675,0.00190675,0.00190675
983,9394.41,0.92945,0.71375,1.06017,0.93644,0.84643,0.90805,0.6933,1.03284,0.73851,1.05697,0.0018985,0.0018985,0.0018985
984,9403.35,0.94154,0.70903,1.05787,0.93645,0.84649,0.90797,0.69382,1.03319,0.7383,1.05735,0.00189025,0.00189025,0.00189025
985,9413,0.91289,0.70487,1.05234,0.93456,0.84468,0.90798,0.69485,1.033,0.73789,1.05718,0.001882,0.001882,0.001882
986,9423.48,0.91686,0.70061,1.05489,0.93201,0.84468,0.90811,0.69497,1.0329,0.73702,1.05764,0.00187375,0.00187375,0.00187375
987,9432.45,0.93306,0.70734,1.05602,0.93006,0.84681,0.91078,0.69556,1.03269,0.73691,1.05742,0.0018655,0.0018655,0.0018655
988,9441.69,0.91121,0.69345,1.04426,0.92826,0.84894,0.9108,0.69555,1.03265,0.73702,1.05744,0.00185725,0.00185725,0.00185725
989,9450.83,0.92371,0.68294,1.04708,0.92914,0.84894,0.91096,0.69574,1.03225,0.73684,1.0572,0.001849,0.001849,0.001849
990,9460.65,0.90668,0.69063,1.04542,0.93348,0.84681,0.91114,0.69593,1.03193,0.73668,1.05698,0.00184075,0.00184075,0.00184075
991,9471.6,0.9177,0.69418,1.04733,0.93375,0.84681,0.91122,0.69716,1.0318,0.73624,1.05672,0.0018325,0.0018325,0.0018325
992,9480.76,0.92304,0.70043,1.05379,0.93429,0.84681,0.91139,0.69715,1.03176,0.73571,1.05698,0.00182425,0.00182425,0.00182425
993,9490.04,0.92028,0.69376,1.04602,0.93586,0.84681,0.91154,0.69777,1.03165,0.73492,1.05701,0.001816,0.001816,0.001816
994,9499.29,0.92194,0.70382,1.05943,0.93581,0.84681,0.91154,0.69837,1.03154,0.73428,1.05695,0.00180775,0.00180775,0.00180775
995,9509.29,0.93914,0.71549,1.06344,0.93747,0.84681,0.91167,0.69836,1.03088,0.73425,1.05668,0.0017995,0.0017995,0.0017995
996,9519.84,0.91984,0.69782,1.04472,0.937,0.84468,0.91156,0.6981,1.03071,0.73385,1.05625,0.00179125,0.00179125,0.00179125
997,9528.76,0.91278,0.687,1.04586,0.93753,0.84468,0.91156,0.69843,1.03064,0.73388,1.05618,0.001783,0.001783,0.001783
998,9537.92,0.8908,0.68292,1.04916,0.93768,0.84468,0.9116,0.69941,1.03066,0.73391,1.05607,0.00177475,0.00177475,0.00177475
999,9547.07,0.93958,0.70688,1.05771,0.93799,0.84468,0.91146,0.69908,1.03073,0.73393,1.056,0.0017665,0.0017665,0.0017665
1000,9556.72,0.92696,0.71098,1.05361,0.93816,0.84468,0.91145,0.69924,1.03063,0.73339,1.05581,0.00175825,0.00175825,0.00175825
1001,9566.69,0.90601,0.70182,1.04629,0.93846,0.8436,0.91148,0.69939,1.03085,0.733,1.05567,0.00175,0.00175,0.00175
1002,9575.62,0.91784,0.71144,1.04853,0.93861,0.84255,0.91159,0.69917,1.03059,0.73298,1.05531,0.00174175,0.00174175,0.00174175
1003,9584.55,0.93337,0.71507,1.06094,0.93894,0.84255,0.91104,0.69853,1.0302,0.73306,1.05518,0.0017335,0.0017335,0.0017335
1004,9593.43,0.89264,0.68575,1.04171,0.93705,0.84255,0.91103,0.69903,1.03015,0.73253,1.0553,0.00172525,0.00172525,0.00172525
1005,9602.79,0.93711,0.71103,1.05731,0.97112,0.81702,0.91101,0.69914,1.03025,0.73222,1.05542,0.001717,0.001717,0.001717
1006,9613.5,0.91808,0.70187,1.04309,0.97103,0.81702,0.9109,0.69897,1.03055,0.73255,1.0554,0.00170875,0.00170875,0.00170875
1007,9623.15,0.89377,0.68454,1.03665,0.97095,0.81702,0.91102,0.69914,1.0305,0.73242,1.05538,0.0017005,0.0017005,0.0017005
1008,9632.03,0.91471,0.6931,1.04841,0.93657,0.84468,0.9115,0.69953,1.0303,0.7324,1.05507,0.00169225,0.00169225,0.00169225
1009,9641.22,0.91764,0.69828,1.04735,0.93574,0.84681,0.91155,0.69964,1.02996,0.73223,1.05498,0.001684,0.001684,0.001684
1010,9650.45,0.92137,0.68702,1.05068,0.93118,0.84681,0.9115,0.69972,1.02985,0.73202,1.05492,0.00167575,0.00167575,0.00167575
1011,9660.42,0.87774,0.68457,1.03322,0.93048,0.84681,0.91153,0.69927,1.02999,0.73194,1.05503,0.0016675,0.0016675,0.0016675
1012,9671.06,0.87376,0.66359,1.03438,0.93102,0.84681,0.91147,0.6991,1.0299,0.73174,1.05503,0.00165925,0.00165925,0.00165925
1013,9680.08,0.91815,0.68872,1.04413,0.93219,0.84827,0.9115,0.69928,1.02974,0.73158,1.05511,0.001651,0.001651,0.001651
1014,9689.13,0.91449,0.68944,1.04738,0.93084,0.84894,0.91148,0.69893,1.02937,0.73167,1.05507,0.00164275,0.00164275,0.00164275
1015,9698.14,0.90892,0.68827,1.04906,0.93209,0.84894,0.91148,0.69845,1.02918,0.73153,1.05502,0.0016345,0.0016345,0.0016345
1016,9707.16,0.91075,0.69632,1.04464,0.92349,0.85532,0.91152,0.69904,1.02923,0.73129,1.05506,0.00162625,0.00162625,0.00162625
1017,9717.3,0.91419,0.6941,1.04852,0.92355,0.85532,0.91156,0.69933,1.02918,0.73127,1.05504,0.001618,0.001618,0.001618
1018,9727.36,0.91156,0.69545,1.05063,0.92372,0.85532,0.91163,0.69888,1.02893,0.73131,1.05507,0.00160975,0.00160975,0.00160975
1019,9736.34,0.9112,0.70604,1.05603,0.92174,0.85319,0.90947,0.69871,1.02869,0.73121,1.05496,0.0016015,0.0016015,0.0016015
1020,9745.19,0.91538,0.70025,1.05075,0.91973,0.85326,0.90956,0.69959,1.02851,0.73122,1.05493,0.00159325,0.00159325,0.00159325
1021,9754.08,0.86857,0.66921,1.03506,0.91972,0.85311,0.90963,0.69976,1.02806,0.73098,1.05496,0.001585,0.001585,0.001585
1022,9763.65,0.92998,0.70917,1.05103,0.91977,0.85374,0.90975,0.69931,1.02811,0.73052,1.05489,0.00157675,0.00157675,0.00157675
1023,9774.38,0.88775,0.677,1.04382,0.91951,0.8507,0.90969,0.69928,1.02852,0.73058,1.05498,0.0015685,0.0015685,0.0015685
1024,9783.32,0.91753,0.69021,1.05092,0.91966,0.85244,0.90971,0.69942,1.02844,0.73076,1.05479,0.00156025,0.00156025,0.00156025
1025,9792.26,0.8802,0.67146,1.0353,0.91966,0.85246,0.90974,0.69977,1.02844,0.7304,1.05479,0.001552,0.001552,0.001552
1026,9801.23,0.86561,0.66459,1.03629,0.91968,0.85264,0.90986,0.6997,1.02847,0.73031,1.05467,0.00154375,0.00154375,0.00154375
1027,9810.24,0.88845,0.67981,1.0373,0.91969,0.85282,0.90986,0.70027,1.02809,0.72979,1.05451,0.0015355,0.0015355,0.0015355
1028,9821.6,0.90014,0.68112,1.04334,0.9197,0.85291,0.90983,0.69997,1.02751,0.72981,1.0542,0.00152725,0.00152725,0.00152725
1029,9831.55,0.90004,0.67848,1.03957,0.91972,0.85309,0.9098,0.69996,1.02753,0.72971,1.05427,0.001519,0.001519,0.001519
1030,9840.47,0.89519,0.67919,1.03992,0.91978,0.85379,0.90981,0.70028,1.02733,0.72988,1.05414,0.00151075,0.00151075,0.00151075
1031,9849.58,0.87866,0.67663,1.03174,0.9198,0.85409,0.91004,0.69984,1.02718,0.72954,1.05392,0.0015025,0.0015025,0.0015025
1032,9858.45,0.89315,0.67615,1.03933,0.91974,0.85342,0.91002,0.69953,1.02671,0.72927,1.05382,0.00149425,0.00149425,0.00149425
1033,9868.74,0.90969,0.69515,1.03886,0.91991,0.85534,0.91002,0.70099,1.02683,0.72938,1.05379,0.001486,0.001486,0.001486
1034,9878.92,0.89592,0.69527,1.05052,0.91996,0.85594,0.91014,0.70085,1.02642,0.72906,1.05375,0.00147775,0.00147775,0.00147775
1035,9887.87,0.88172,0.67931,1.04438,0.92001,0.85645,0.91009,0.70132,1.02641,0.72922,1.05364,0.0014695,0.0014695,0.0014695
1036,9897.12,0.88821,0.68064,1.03536,0.92006,0.8571,0.91018,0.70136,1.02596,0.72929,1.0532,0.00146125,0.00146125,0.00146125
1037,9906.25,0.89859,0.69082,1.04535,0.92006,0.85708,0.91017,0.7011,1.02569,0.72891,1.05304,0.001453,0.001453,0.001453
1038,9916.22,0.90065,0.68044,1.04379,0.92008,0.85737,0.91019,0.70162,1.02555,0.72885,1.05286,0.00144475,0.00144475,0.00144475
1039,9926.66,0.8956,0.67166,1.04317,0.92011,0.85761,0.91014,0.70164,1.02514,0.72888,1.05278,0.0014365,0.0014365,0.0014365
1040,9935.84,0.92401,0.69005,1.04914,0.92015,0.85809,0.91018,0.70181,1.02509,0.72864,1.05244,0.00142825,0.00142825,0.00142825
1041,9945.01,0.9121,0.69126,1.04272,0.92018,0.85848,0.91023,0.70203,1.02471,0.72835,1.05243,0.00142,0.00142,0.00142
1042,9954.17,0.88841,0.6878,1.04089,0.92018,0.85854,0.91026,0.70213,1.02454,0.7281,1.05214,0.00141175,0.00141175,0.00141175
1043,9964.35,0.89999,0.6972,1.0447,0.92018,0.85846,0.91028,0.70204,1.02469,0.72822,1.05212,0.0014035,0.0014035,0.0014035
1044,9974.43,0.89662,0.68284,1.04019,0.92017,0.85831,0.91027,0.7021,1.02427,0.72818,1.05198,0.00139525,0.00139525,0.00139525
1045,9983.46,0.87038,0.67874,1.03748,0.92016,0.85825,0.91035,0.70185,1.02436,0.72846,1.05195,0.001387,0.001387,0.001387
1046,9992.47,0.88143,0.66846,1.03956,0.92013,0.85786,0.91045,0.70226,1.02406,0.72845,1.05164,0.00137875,0.00137875,0.00137875
1047,10001.6,0.88445,0.67404,1.03159,0.9222,0.85754,0.91066,0.7022,1.02376,0.72819,1.05186,0.0013705,0.0013705,0.0013705
1048,10010.6,0.89554,0.67452,1.04241,0.9222,0.85747,0.91072,0.70186,1.02377,0.72823,1.052,0.00136225,0.00136225,0.00136225
1049,10021.3,0.88562,0.66986,1.03666,0.92005,0.85699,0.91065,0.70182,1.02324,0.72871,1.05166,0.001354,0.001354,0.001354
1050,10031,0.88727,0.66645,1.03217,0.92217,0.85718,0.91079,0.70183,1.02335,0.72822,1.05179,0.00134575,0.00134575,0.00134575
1051,10039.9,0.8805,0.67445,1.03652,0.92006,0.85705,0.91076,0.70211,1.02318,0.72824,1.05171,0.0013375,0.0013375,0.0013375
1052,10048.8,0.89275,0.66455,1.03564,0.92217,0.85716,0.91079,0.70224,1.02297,0.72838,1.05156,0.00132925,0.00132925,0.00132925
1053,10057.9,0.8695,0.6629,1.02722,0.92219,0.85736,0.91081,0.70229,1.02246,0.72835,1.05121,0.001321,0.001321,0.001321
1054,10068.3,0.89643,0.67931,1.03902,0.91954,0.85101,0.91069,0.70218,1.02194,0.72827,1.05068,0.00131275,0.00131275,0.00131275
1055,10078.1,0.89083,0.68337,1.04768,0.92202,0.85538,0.91075,0.70187,1.02156,0.72786,1.05048,0.0013045,0.0013045,0.0013045
1056,10087,0.88712,0.67388,1.0403,0.92212,0.85649,0.91081,0.70173,1.02139,0.72768,1.05045,0.00129625,0.00129625,0.00129625
1057,10095.9,0.84957,0.64904,1.0288,0.92046,0.86174,0.91082,0.70184,1.02133,0.7275,1.05037,0.001288,0.001288,0.001288
1058,10104.8,0.88208,0.67318,1.04268,0.9201,0.85745,0.91079,0.70147,1.02152,0.72708,1.05023,0.00127975,0.00127975,0.00127975
1059,10114.5,0.86179,0.64602,1.01799,0.9202,0.85867,0.91085,0.70134,1.02133,0.7272,1.0502,0.0012715,0.0012715,0.0012715
1060,10124.9,0.87896,0.65868,1.02345,0.92023,0.85904,0.91082,0.70164,1.02142,0.72725,1.04991,0.00126325,0.00126325,0.00126325
1061,10133.9,0.87615,0.67442,1.0287,0.92022,0.85894,0.91086,0.7016,1.02144,0.72704,1.04982,0.001255,0.001255,0.001255
1062,10142.8,0.85713,0.65632,1.02637,0.92011,0.8577,0.91091,0.70189,1.0213,0.72685,1.04962,0.00124675,0.00124675,0.00124675
1063,10151.7,0.87152,0.66575,1.03019,0.92092,0.85745,0.91093,0.70217,1.02131,0.72707,1.04948,0.0012385,0.0012385,0.0012385
1064,10160.6,0.88649,0.67468,1.03149,0.92008,0.85735,0.91104,0.70218,1.02113,0.72704,1.04932,0.00123025,0.00123025,0.00123025
1065,10170.8,0.88414,0.68054,1.04299,0.92004,0.85682,0.91109,0.70194,1.02125,0.72685,1.0493,0.001222,0.001222,0.001222
1066,10180.6,0.87345,0.663,1.02722,0.92006,0.85707,0.91112,0.70178,1.02094,0.72667,1.04908,0.00121375,0.00121375,0.00121375
1067,10189.7,0.85623,0.64628,1.02036,0.92007,0.85723,0.91117,0.70246,1.02082,0.72651,1.04896,0.0012055,0.0012055,0.0012055
1068,10199.1,0.88873,0.67511,1.03839,0.92009,0.85741,0.91128,0.70153,1.02068,0.72645,1.04884,0.00119725,0.00119725,0.00119725
1069,10208,0.86263,0.66386,1.0285,0.92005,0.857,0.91139,0.70181,1.02079,0.7265,1.04886,0.001189,0.001189,0.001189
1070,10217.9,0.89239,0.6747,1.03445,0.92,0.8564,0.91147,0.70166,1.02046,0.7261,1.0487,0.00118075,0.00118075,0.00118075
1071,10228.5,0.87376,0.66586,1.03368,0.91989,0.85515,0.91156,0.70185,1.02032,0.72613,1.04851,0.0011725,0.0011725,0.0011725
1072,10237.5,0.8854,0.67551,1.03457,0.91988,0.85497,0.91154,0.70283,1.02008,0.72558,1.04847,0.00116425,0.00116425,0.00116425
1073,10246.7,0.86325,0.66525,1.03129,0.91805,0.85319,0.91158,0.70265,1.01983,0.72569,1.04835,0.001156,0.001156,0.001156
1074,10255.7,0.85976,0.66084,1.023,0.91979,0.85397,0.91161,0.70261,1.01983,0.72606,1.0485,0.00114775,0.00114775,0.00114775
1075,10265.2,0.86298,0.65051,1.02811,0.91978,0.85382,0.91169,0.70264,1.01984,0.72596,1.04845,0.0011395,0.0011395,0.0011395
1076,10276.4,0.85784,0.66085,1.03021,0.91979,0.85399,0.91158,0.70279,1.01943,0.7258,1.0484,0.00113125,0.00113125,0.00113125
1077,10285.8,0.856,0.65896,1.02605,0.91978,0.85386,0.91165,0.70295,1.01945,0.72586,1.04825,0.001123,0.001123,0.001123
1078,10295,0.8672,0.64946,1.02453,0.91983,0.85446,0.91175,0.70342,1.01948,0.72602,1.04822,0.00111475,0.00111475,0.00111475
1079,10304.3,0.842,0.64311,1.02603,0.91989,0.85512,0.91174,0.70373,1.01877,0.72607,1.04772,0.0011065,0.0011065,0.0011065
1080,10313.6,0.88177,0.67015,1.03363,0.9198,0.85412,0.91186,0.70331,1.01915,0.72559,1.0482,0.00109825,0.00109825,0.00109825
1081,10323.9,0.86189,0.65918,1.02566,0.92022,0.85894,0.91183,0.70346,1.01839,0.72558,1.04752,0.00109,0.00109,0.00109
1082,10333.8,0.88165,0.66729,1.03946,0.92018,0.85851,0.91184,0.7034,1.01826,0.72552,1.04747,0.00108175,0.00108175,0.00108175
1083,10342.7,0.88435,0.66623,1.02967,0.9202,0.8587,0.91189,0.70349,1.01812,0.72552,1.04736,0.0010735,0.0010735,0.0010735
1084,10351.6,0.83677,0.64421,1.01999,0.91836,0.86167,0.91207,0.70368,1.01802,0.72536,1.0473,0.00106525,0.00106525,0.00106525
1085,10360.5,0.83765,0.63599,1.01689,0.91821,0.85988,0.91216,0.70376,1.01816,0.72513,1.04734,0.001057,0.001057,0.001057
1086,10370.7,0.85689,0.63898,1.025,0.91788,0.86383,0.91235,0.70413,1.01817,0.72503,1.04731,0.00104875,0.00104875,0.00104875
1087,10381.1,0.88032,0.66567,1.02628,0.91777,0.86383,0.91237,0.70352,1.01825,0.72532,1.04721,0.0010405,0.0010405,0.0010405
1088,10390,0.8419,0.65459,1.01961,0.91698,0.86383,0.91244,0.70271,1.01807,0.7255,1.04716,0.00103225,0.00103225,0.00103225
1089,10398.9,0.86162,0.65419,1.02179,0.91717,0.86383,0.91241,0.7022,1.01805,0.72562,1.047,0.001024,0.001024,0.001024
1090,10407.8,0.86134,0.65176,1.01994,0.91613,0.86383,0.91242,0.70268,1.0179,0.7255,1.04692,0.00101575,0.00101575,0.00101575
1091,10417.4,0.85217,0.64254,1.03262,0.91539,0.86383,0.91244,0.70315,1.01816,0.7252,1.04697,0.0010075,0.0010075,0.0010075
1092,10428.2,0.8326,0.64572,1.01481,0.91514,0.86383,0.91213,0.70245,1.01818,0.72504,1.04691,0.00099925,0.00099925,0.00099925
1093,10437.5,0.88235,0.6628,1.03066,0.91492,0.86383,0.91211,0.70267,1.01815,0.72503,1.04687,0.000991,0.000991,0.000991
1094,10446.4,0.84256,0.63887,1.02281,0.91538,0.86383,0.91209,0.70236,1.0184,0.72498,1.04689,0.00098275,0.00098275,0.00098275
1095,10455.3,0.85319,0.64046,1.01716,0.91452,0.86383,0.91212,0.70276,1.01805,0.72518,1.04665,0.0009745,0.0009745,0.0009745
1096,10464.3,0.86078,0.65618,1.02159,0.91489,0.86383,0.91217,0.70298,1.01814,0.72486,1.04687,0.00096625,0.00096625,0.00096625
1097,10474.8,0.88007,0.6529,1.02234,0.9153,0.86383,0.91217,0.70261,1.018,0.72495,1.04687,0.000958,0.000958,0.000958
1098,10484.3,0.86721,0.66017,1.02358,0.91496,0.86383,0.91217,0.70299,1.018,0.72482,1.04665,0.00094975,0.00094975,0.00094975
1099,10493.2,0.81715,0.64282,1.01003,0.91495,0.86383,0.91216,0.70313,1.01791,0.72467,1.04659,0.0009415,0.0009415,0.0009415
1100,10502.1,0.86372,0.65145,1.02423,0.91605,0.86383,0.91219,0.70335,1.01741,0.72454,1.04643,0.00093325,0.00093325,0.00093325
1101,10511.1,0.85979,0.64351,1.02402,0.91469,0.86383,0.91215,0.70375,1.0174,0.72444,1.04626,0.000925,0.000925,0.000925
1102,10520.9,0.83291,0.64126,1.01385,0.91464,0.86383,0.91216,0.7032,1.01729,0.72446,1.04614,0.00091675,0.00091675,0.00091675
1103,10530.7,0.83834,0.64841,1.02511,0.91725,0.86383,0.91221,0.70307,1.01726,0.72444,1.04605,0.0009085,0.0009085,0.0009085
1104,10539.7,0.85162,0.65194,1.01874,0.91759,0.86383,0.91225,0.70352,1.01713,0.72426,1.04593,0.00090025,0.00090025,0.00090025
1105,10548.6,0.85299,0.66677,1.01672,0.91682,0.8617,0.91228,0.70356,1.01699,0.72422,1.04583,0.000892,0.000892,0.000892
1106,10557.9,0.82326,0.63238,1.01751,0.92247,0.85745,0.91238,0.70338,1.01675,0.72395,1.0456,0.00088375,0.00088375,0.00088375
1107,10567.3,0.87522,0.66183,1.02966,0.91671,0.8617,0.91241,0.70353,1.01655,0.72412,1.04546,0.0008755,0.0008755,0.0008755
1108,10578.3,0.83517,0.6397,1.01845,0.92433,0.85769,0.91249,0.70337,1.01638,0.72376,1.04537,0.00086725,0.00086725,0.00086725
1109,10587.3,0.84706,0.65001,1.0164,0.92339,0.85957,0.91257,0.70377,1.01625,0.72367,1.04538,0.000859,0.000859,0.000859
1110,10596.3,0.85538,0.64834,1.02269,0.92305,0.85957,0.91257,0.70407,1.01583,0.72383,1.04512,0.00085075,0.00085075,0.00085075
1111,10605.3,0.82384,0.63195,1.00787,0.92409,0.85957,0.91254,0.70411,1.01568,0.72368,1.04507,0.0008425,0.0008425,0.0008425
1112,10614.3,0.86857,0.65896,1.01879,0.92342,0.85957,0.91258,0.70388,1.01585,0.7233,1.04504,0.00083425,0.00083425,0.00083425
1113,10625,0.83029,0.64088,1.01815,0.92028,0.85971,0.91253,0.70387,1.01582,0.72337,1.045,0.000826,0.000826,0.000826
1114,10635.1,0.84505,0.63481,1.01632,0.92391,0.85256,0.91254,0.70403,1.01568,0.72343,1.04488,0.00081775,0.00081775,0.00081775
1115,10643.7,0.83177,0.6411,1.01406,0.92388,0.85224,0.91255,0.70399,1.01561,0.72315,1.04504,0.0008095,0.0008095,0.0008095
1116,10652.8,0.85174,0.63881,1.01578,0.92128,0.85957,0.91266,0.70409,1.0152,0.7229,1.04449,0.00080125,0.00080125,0.00080125
1117,10661.8,0.84809,0.6554,1.02076,0.92386,0.85195,0.91268,0.70383,1.01511,0.72288,1.04445,0.000793,0.000793,0.000793
1118,10671.8,0.83594,0.64237,1.01499,0.9238,0.85126,0.91307,0.70421,1.01497,0.72273,1.04438,0.00078475,0.00078475,0.00078475
1119,10682.2,0.85057,0.63877,1.03206,0.92386,0.85197,0.91288,0.70447,1.01464,0.72277,1.04424,0.0007765,0.0007765,0.0007765
1120,10691.5,0.83613,0.63638,1.01375,0.92389,0.8523,0.9135,0.70472,1.01465,0.72231,1.04435,0.00076825,0.00076825,0.00076825
1121,10700.7,0.83748,0.63603,1.01246,0.92382,0.8515,0.91356,0.70475,1.01479,0.72235,1.04436,0.00076,0.00076,0.00076
1122,10710,0.82799,0.63984,1.01498,0.92385,0.85183,0.91357,0.7048,1.01497,0.72224,1.04433,0.00075175,0.00075175,0.00075175
1123,10720.2,0.84787,0.64531,1.02113,0.92377,0.85085,0.91365,0.70491,1.01487,0.72212,1.04433,0.0007435,0.0007435,0.0007435
1124,10731.2,0.80193,0.61649,1.00752,0.92383,0.85532,0.91379,0.70492,1.01442,0.72215,1.04406,0.00073525,0.00073525,0.00073525
1125,10740.7,0.85942,0.64486,1.01746,0.92393,0.8528,0.91382,0.70515,1.01442,0.72202,1.04396,0.000727,0.000727,0.000727
1126,10749.9,0.81162,0.62179,1.00763,0.92402,0.85389,0.91396,0.70492,1.01444,0.72191,1.04388,0.00071875,0.00071875,0.00071875
1127,10758.9,0.83235,0.64494,1.01742,0.92408,0.85457,0.91403,0.70503,1.01436,0.7219,1.04374,0.0007105,0.0007105,0.0007105
1128,10768.1,0.84603,0.63918,1.01804,0.93743,0.84468,0.91407,0.7052,1.01425,0.72177,1.04367,0.00070225,0.00070225,0.00070225
1129,10779.9,0.8253,0.63404,1.00663,0.93743,0.84468,0.91409,0.70536,1.01406,0.72158,1.04342,0.000694,0.000694,0.000694
1130,10789.9,0.86685,0.65527,1.02643,0.93772,0.84468,0.91414,0.70533,1.01409,0.72135,1.04332,0.00068575,0.00068575,0.00068575
1131,10798.9,0.84999,0.64971,1.01145,0.93815,0.84894,0.91426,0.70541,1.01394,0.7211,1.04324,0.0006775,0.0006775,0.0006775
1132,10808.1,0.84149,0.65383,1.02326,0.9374,0.84894,0.91424,0.70536,1.01391,0.72114,1.04311,0.00066925,0.00066925,0.00066925
1133,10817.3,0.84779,0.64555,1.02102,0.93715,0.84894,0.91442,0.70551,1.01397,0.72102,1.04312,0.000661,0.000661,0.000661
1134,10828.3,0.83264,0.63483,1.01464,0.92818,0.85243,0.91439,0.70546,1.01389,0.72101,1.04305,0.00065275,0.00065275,0.00065275
1135,10838,0.81681,0.63733,1.01455,0.93791,0.84894,0.91443,0.70559,1.0141,0.72103,1.04299,0.0006445,0.0006445,0.0006445
1136,10847.1,0.83333,0.63394,1.0078,0.93239,0.85098,0.91439,0.70553,1.01432,0.72062,1.04301,0.00063625,0.00063625,0.00063625
1137,10856.1,0.84544,0.63179,1.01344,0.94003,0.84894,0.91439,0.7057,1.01425,0.72035,1.0429,0.000628,0.000628,0.000628
1138,10865.4,0.82186,0.64183,1.01163,0.93034,0.84894,0.91433,0.70603,1.0142,0.72041,1.04286,0.00061975,0.00061975,0.00061975
1139,10876.1,0.82401,0.63252,1.01218,0.92851,0.85665,0.91442,0.70615,1.0139,0.72058,1.04261,0.0006115,0.0006115,0.0006115
1140,10888.6,0.83337,0.63827,1.02216,0.9285,0.85647,0.91437,0.70621,1.01397,0.72003,1.0426,0.00060325,0.00060325,0.00060325
1141,10898.3,0.82978,0.63961,1.01185,0.92849,0.85646,0.91457,0.70646,1.01391,0.71994,1.04294,0.000595,0.000595,0.000595
1142,10908,0.83706,0.64639,1.01711,0.92848,0.85633,0.9146,0.70618,1.01365,0.71987,1.04256,0.00058675,0.00058675,0.00058675
1143,10917.2,0.83009,0.63787,1.01494,0.92849,0.85636,0.91465,0.70649,1.0137,0.71969,1.04248,0.0005785,0.0005785,0.0005785
1144,10928.6,0.83076,0.62798,1.00899,0.92848,0.8563,0.91458,0.70624,1.01377,0.71918,1.04269,0.00057025,0.00057025,0.00057025
1145,10940.6,0.79868,0.61857,1.00696,0.92848,0.85621,0.91457,0.70666,1.01343,0.71952,1.04231,0.000562,0.000562,0.000562
1146,10951.3,0.79566,0.61934,0.99969,0.92751,0.85532,0.91458,0.70659,1.0134,0.71918,1.04258,0.00055375,0.00055375,0.00055375
1147,10960.6,0.81664,0.6332,1.01465,0.92768,0.85532,0.91458,0.70669,1.01326,0.7189,1.04239,0.0005455,0.0005455,0.0005455
1148,10970.1,0.82457,0.63184,1.00991,0.93328,0.85106,0.91459,0.70654,1.01292,0.71888,1.04195,0.00053725,0.00053725,0.00053725
1149,10979.5,0.80069,0.61121,0.99546,0.93467,0.85238,0.91452,0.70662,1.01308,0.71857,1.04222,0.000529,0.000529,0.000529
1150,10990.2,0.81712,0.62942,1.00789,0.93472,0.85304,0.91452,0.70654,1.01301,0.71854,1.0422,0.00052075,0.00052075,0.00052075
1151,11002.4,0.83739,0.62422,1.01272,0.93472,0.85305,0.9146,0.70713,1.01284,0.71847,1.04213,0.0005125,0.0005125,0.0005125
1152,11013.3,0.80077,0.60506,0.99748,0.93466,0.85218,0.91459,0.7059,1.01289,0.71822,1.04217,0.00050425,0.00050425,0.00050425
1153,11022.5,0.80467,0.61406,1.00339,0.93466,0.8522,0.91462,0.70616,1.01292,0.71822,1.04214,0.000496,0.000496,0.000496
1154,11031.7,0.83174,0.63644,1.01258,0.93468,0.85249,0.91464,0.70607,1.01275,0.71812,1.04207,0.00048775,0.00048775,0.00048775
1155,11041,0.79972,0.62917,1.00767,0.93467,0.85231,0.91455,0.70656,1.0128,0.71804,1.04209,0.0004795,0.0004795,0.0004795
1156,11052.2,0.83493,0.63777,1.01056,0.93466,0.85219,0.91459,0.70706,1.01267,0.71772,1.04209,0.00047125,0.00047125,0.00047125
1157,11064.9,0.80771,0.63555,1.00418,0.9347,0.8528,0.91462,0.70686,1.01257,0.71761,1.04206,0.000463,0.000463,0.000463
1158,11074.3,0.79975,0.62017,1.00858,0.9347,0.85279,0.91459,0.7071,1.01256,0.71798,1.04201,0.00045475,0.00045475,0.00045475
1159,11083.6,0.82493,0.63744,1.02067,0.93467,0.8524,0.91454,0.70693,1.01262,0.71765,1.04206,0.0004465,0.0004465,0.0004465
1160,11092.8,0.81142,0.62045,1.00307,0.93469,0.85266,0.91455,0.70696,1.01235,0.71757,1.04188,0.00043825,0.00043825,0.00043825
1161,11102.3,0.82042,0.63751,1.00763,0.9347,0.85271,0.91453,0.70696,1.01229,0.7175,1.04185,0.00043,0.00043,0.00043
1162,11114.7,0.80486,0.61326,1.00662,0.93473,0.8532,0.91451,0.70723,1.01221,0.71761,1.04176,0.00042175,0.00042175,0.00042175
1163,11126.7,0.82607,0.6442,1.00958,0.93471,0.85282,0.91451,0.70723,1.01223,0.71773,1.04181,0.0004135,0.0004135,0.0004135
1164,11136.3,0.8065,0.62514,1.00429,0.93468,0.85251,0.91458,0.70723,1.01208,0.7177,1.04174,0.00040525,0.00040525,0.00040525
1165,11145.7,0.79651,0.62489,1.00618,0.93474,0.8533,0.91453,0.70721,1.01171,0.71748,1.0415,0.000397,0.000397,0.000397
1166,11154.8,0.80158,0.62301,1.00239,0.93469,0.85265,0.9145,0.70704,1.01127,0.71778,1.04134,0.00038875,0.00038875,0.00038875
1167,11165.1,0.82688,0.64213,1.01218,0.93472,0.85307,0.91456,0.70715,1.0111,0.71769,1.04131,0.0003805,0.0003805,0.0003805
1168,11177.6,0.78916,0.60359,0.99775,0.93471,0.85282,0.91451,0.70722,1.01127,0.71732,1.0412,0.00037225,0.00037225,0.00037225
1169,11188.4,0.83547,0.6297,1.00827,0.93476,0.85352,0.91462,0.70703,1.0113,0.7174,1.04128,0.000364,0.000364,0.000364
1170,11197.6,0.78094,0.60251,0.99704,0.93581,0.85106,0.91462,0.70755,1.01129,0.71751,1.04118,0.00035575,0.00035575,0.00035575
1171,11207.1,0.78763,0.61275,1.00003,0.93625,0.85106,0.91458,0.70778,1.01103,0.71748,1.04109,0.0003475,0.0003475,0.0003475
1172,11216.5,0.80547,0.62241,1.00185,0.93617,0.85106,0.91457,0.70764,1.01092,0.71721,1.041,0.00033925,0.00033925,0.00033925
1173,11227.5,0.82681,0.62016,1.01121,0.93623,0.85106,0.91461,0.70775,1.01053,0.71697,1.04099,0.000331,0.000331,0.000331
1174,11240,0.82946,0.63322,1.00763,0.93615,0.85106,0.91462,0.70803,1.01067,0.71695,1.04095,0.00032275,0.00032275,0.00032275
1175,11250.6,0.84377,0.64991,1.02054,0.93624,0.85106,0.91456,0.70796,1.01056,0.71674,1.04085,0.0003145,0.0003145,0.0003145
1176,11259.9,0.80088,0.61635,1.00114,0.93632,0.85106,0.91475,0.70832,1.01038,0.71671,1.04078,0.00030625,0.00030625,0.00030625
1177,11269.3,0.79741,0.61559,1.00221,0.93659,0.85106,0.91474,0.7086,1.01035,0.71672,1.04076,0.000298,0.000298,0.000298
1178,11279,0.8086,0.63024,1.00324,0.93649,0.85106,0.91477,0.7087,1.01021,0.71647,1.0406,0.00028975,0.00028975,0.00028975
1179,11291.3,0.78477,0.60807,1.00128,0.93673,0.85106,0.91479,0.70872,1.00969,0.71635,1.0405,0.0002815,0.0002815,0.0002815
1180,11303.7,0.78202,0.60909,1.00061,0.93675,0.85106,0.91484,0.70861,1.0098,0.71626,1.04041,0.00027325,0.00027325,0.00027325
1181,11312.9,0.82254,0.6351,1.00441,0.93676,0.85106,0.91482,0.70852,1.00969,0.71623,1.04035,0.000265,0.000265,0.000265
1182,11322.1,0.8103,0.62814,1.01341,0.93677,0.8511,0.91484,0.70851,1.00959,0.71635,1.04034,0.00025675,0.00025675,0.00025675
1183,11331.3,0.84423,0.62879,1.0105,0.93691,0.85106,0.91454,0.70834,1.00949,0.71608,1.04034,0.0002485,0.0002485,0.0002485
1184,11340.8,0.77225,0.61104,0.99484,0.93677,0.85113,0.91448,0.70866,1.00949,0.7163,1.04031,0.00024025,0.00024025,0.00024025
1185,11353.4,0.7893,0.62352,1.00447,0.93723,0.85106,0.91452,0.7081,1.00941,0.71624,1.04029,0.000232,0.000232,0.000232
1186,11364.3,0.80921,0.62393,1.00778,0.93691,0.85106,0.91452,0.70827,1.00916,0.71612,1.0402,0.00022375,0.00022375,0.00022375
1187,11373.5,0.79872,0.62084,1.00405,0.9372,0.85106,0.91447,0.70793,1.00916,0.71604,1.04016,0.0002155,0.0002155,0.0002155
1188,11382.8,0.81696,0.6182,1.00487,0.93716,0.85106,0.91454,0.70813,1.00903,0.71587,1.04018,0.00020725,0.00020725,0.00020725
1189,11392.1,0.78252,0.61044,0.99921,0.93716,0.85106,0.9146,0.70767,1.00872,0.71591,1.0401,0.000199,0.000199,0.000199
1190,11402.7,0.79024,0.61796,0.99846,0.93723,0.85106,0.91462,0.7077,1.00856,0.71569,1.03995,0.00019075,0.00019075,0.00019075
1191,11416.7,0.84028,0.55566,0.98476,0.93718,0.85106,0.91462,0.70789,1.00856,0.71559,1.04003,0.0001825,0.0001825,0.0001825
1192,11426.9,0.77049,0.51523,0.9566,0.93692,0.85106,0.9145,0.70833,1.00848,0.71535,1.04,0.00017425,0.00017425,0.00017425
1193,11436.1,0.76143,0.5122,0.94865,0.93753,0.85106,0.91445,0.70867,1.00846,0.71525,1.03999,0.000166,0.000166,0.000166
1194,11445.3,0.76336,0.50391,0.9371,0.93766,0.85106,0.91446,0.70869,1.00822,0.71521,1.03995,0.00015775,0.00015775,0.00015775
1195,11454.7,0.72293,0.49045,0.92517,0.93811,0.85106,0.91456,0.70884,1.00779,0.71471,1.03975,0.0001495,0.0001495,0.0001495
1196,11465.6,0.74089,0.49672,0.92645,0.93819,0.85106,0.91458,0.70906,1.00745,0.71465,1.03973,0.00014125,0.00014125,0.00014125
1197,11477.9,0.74222,0.4962,0.9257,0.93868,0.85106,0.91467,0.70906,1.00725,0.71433,1.03964,0.000133,0.000133,0.000133
1198,11488.2,0.7472,0.5106,0.94256,0.9386,0.85106,0.91473,0.70928,1.00699,0.71435,1.0396,0.00012475,0.00012475,0.00012475
1199,11497.6,0.69841,0.48205,0.91787,0.93867,0.85106,0.91477,0.70931,1.0065,0.71382,1.03942,0.0001165,0.0001165,0.0001165
1200,11507.1,0.7125,0.4864,0.92623,0.93814,0.85106,0.91518,0.70903,1.00615,0.71367,1.03912,0.00010825,0.00010825,0.00010825
